symbol,snapshot_ts,meta_added_ts,meta_expires_ts,meta_duration_sec,meta_archive_schema_version,spot_mid,spot_spread_bps,spot_range_pct_24h,spot_ticker24_chg,derived_liq_global_pct,derived_spread_bps,score_final,sentiment_posts_total,sentiment_posts_pos,sentiment_posts_neu,sentiment_posts_neg,sentiment_mean_score,sentiment_is_silent
MINA,2026-08-01T21:50:14.491Z,2026-08-01T21:50:14.492161Z,2026-08-01T23:50:14.492161Z,7792.817359,7,0.04055,24.660912453759785,3.20197044334976,-0.733,26.08695652173913,24.660912453759785,51.57253998138928,0,0,0,0,,False
MITO,2026-08-01T21:50:22.023Z,2026-08-01T21:50:22.024197Z,2026-08-01T23:50:22.024197Z,7785.285323,7,0.021145,23.646252069047733,5.273069679849339,-2.03,24.27536231884058,23.646252069047733,54.505443836254216,0,0,0,0,,False
NOT,2026-08-01T21:50:29.053Z,2026-08-01T21:50:29.053635Z,2026-08-01T23:50:29.053635Z,7778.255885,7,0.00033350000000000003,29.985007496250976,3.6253776435045375,0.608,20.28985507246377,29.985007496250976,45.09845988393396,2,2,0,0,1.0,False
ONT,2026-08-01T21:50:36.035Z,2026-08-01T21:50:36.035836Z,2026-08-01T23:50:36.035836Z,7771.273684,7,0.037335,13.392259274138073,3.562818108759705,0.027,22.463768115942027,13.392259274138073,45.254847875164906,1,1,0,0,1.0,False
PIXEL,2026-08-01T21:50:42.726Z,2026-08-01T21:50:42.726786Z,2026-08-01T23:50:42.726786Z,7764.582734,7,0.003985,25.09410288582081,5.808080808080791,-3.415,16.666666666666668,25.09410288582081,41.89551495274875,63,23,33,7,0.2857,False
PROVE,2026-08-01T21:50:49.752Z,2026-08-01T21:50:49.752630Z,2026-08-01T23:50:49.752630Z,7757.55689,7,0.1691,11.827321111766882,4.4195639363582835,0.952,15.942028985507246,11.827321111766882,61.10479101703858,0,0,0,0,,False
REZ,2026-08-01T21:50:56.714Z,2026-08-01T21:50:56.714908Z,2026-08-01T23:50:56.714908Z,7750.594612,7,0.0025475000000000003,11.776251226692695,3.833992094861655,-2.392,27.17391304347826,11.776251226692695,52.69727372043345,51,9,38,4,-0.0784,False
SSV,2026-08-01T21:51:03.146Z,2026-08-01T21:51:03.146756Z,2026-08-01T23:51:03.146756Z,7744.162764,7,2.201,36.34711494775105,5.128205128205132,1.346,25.36231884057971,36.34711494775105,47.80426992480254,1,1,0,0,1.0,False
STO,2026-08-01T21:51:10.555Z,2026-08-01T21:51:10.556225Z,2026-08-01T23:51:10.556225Z,7736.753295,7,0.03665,27.2851296043664,6.284153005464491,-1.348,23.18840579710145,27.2851296043664,57.226127934626824,0,0,0,0,,False
SXT,2026-08-01T21:51:17.384Z,2026-08-01T21:51:17.384568Z,2026-08-01T23:51:17.384568Z,7729.924952,7,0.006750000000000001,29.6296296296297,4.71976401179941,-0.732,22.10144927536232,29.6296296296297,43.12638666003896,2,2,0,0,1.0,False
THETA,2026-08-01T21:51:25.056Z,2026-08-01T21:51:25.057067Z,2026-08-01T23:51:25.057067Z,7722.252453,7,0.125,15.999999999999348,2.8985507246376745,-0.321,21.3768115942029,15.999999999999348,63.312518139373125,0,0,0,0,,False
TREE,2026-08-01T21:51:31.643Z,2026-08-01T21:51:31.643384Z,2026-08-01T23:51:31.643384Z,7715.666136,7,0.03495,28.6123032904157,3.724928366762185,-3.056,14.855072463768115,28.6123032904157,41.63100722902894,0,0,0,0,,False
USUAL,2026-08-01T21:51:39.149Z,2026-08-01T21:51:39.149591Z,2026-08-01T23:51:39.149591Z,7708.159929,7,0.007765,12.878300064390976,5.310880829015552,0.652,23.55072463768116,12.878300064390976,58.545970080165375,0,0,0,0,,False
XVG,2026-08-01T21:51:46.449Z,2026-08-01T21:51:46.449757Z,2026-08-01T23:51:46.449757Z,7700.859763,7,0.0019215,15.612802498048215,5.0945378151260545,-0.626,15.579710144927537,15.612802498048215,58.50308700770519,61,14,19,28,-0.4426,False
YGG,2026-08-01T21:51:52.977Z,2026-08-01T21:51:52.977731Z,2026-08-01T23:51:52.977731Z,7694.331789,7,0.01793,11.154489682098523,3.3146067415730354,-1.001,19.565217391304348,11.154489682098523,57.0728496793241,0,0,0,0,,False
1INCH,2026-08-01T21:57:26.147Z,2026-08-01T21:57:26.147401Z,2026-08-01T23:57:26.147401Z,7361.162119,7,0.0807,24.78314745972638,2.493765586034915,-1.595,3.9855072463768115,24.78314745972638,40.69218086579253,0,0,0,0,,False
A,2026-08-01T21:57:32.903Z,2026-08-01T21:57:32.904116Z,2026-08-01T23:57:32.904116Z,7354.405404,7,0.06375,47.05882352941094,2.8037383177570034,0.0,0.36231884057971014,47.05882352941094,52.97665922130786,0,0,0,0,,False
ANIME,2026-08-01T21:57:40.161Z,2026-08-01T21:57:40.161381Z,2026-08-01T23:57:40.161381Z,7347.148139,7,0.0024149999999999996,41.40786749482413,4.149377593360989,-0.823,4.7101449275362315,41.40786749482413,55.8083373820639,1,0,1,0,1.0,False
API3,2026-08-01T21:57:46.988Z,2026-08-01T21:57:46.988256Z,2026-08-01T23:57:46.988256Z,7340.321264,7,0.19224999999999998,15.604681404421054,3.352540597171303,-0.831,11.956521739130435,15.604681404421054,47.76621427032572,0,0,0,0,,
AUCTION,2026-08-01T21:57:53.567Z,2026-08-01T21:57:53.567562Z,2026-08-01T23:57:53.567562Z,7333.741958,7,2.9795,23.49387481121033,2.6890756302521033,-1.327,4.3478260869565215,23.49387481121033,39.91254366197875,0,0,0,0,,False
BFUSD,2026-08-01T21:57:59.729Z,2026-08-01T21:57:59.729777Z,2026-08-01T23:57:59.729777Z,7327.579743,7,0.9984,6.009615384615835,0.07009111845399359,0.05,1.4492753623188406,6.009615384615835,55.24647942344108,0,0,0,0,,True
BTC,2026-08-01T21:58:12.322Z,2026-08-01T21:58:12.323046Z,2026-08-01T23:58:12.323046Z,7314.986474,7,62774.115000000005,0.0015930132988792064,1.3895220324935877,-0.308,100.0,0.0015930132988792064,67.59629398452182,35,9,11,15,-0.4286,False
RARE,2026-08-01T21:59:52.979Z,2026-08-01T21:59:52.979762Z,2026-08-01T23:59:52.979762Z,7214.329758,7,0.011885,8.413967185527634,2.5273799494524,-0.419,12.318840579710145,8.413967185527634,60.82667168690759,2,0,2,0,1.0,False
STEEM,2026-08-01T22:00:24.568Z,2026-08-01T22:00:24.568717Z,2026-08-02T00:00:24.568717Z,7781.925547,7,0.036754999999999996,13.603591348116293,2.5122883670125726,0.246,6.521739130434782,13.603591348116293,59.23982409432782,0,0,0,0,,
TNSR,2026-08-01T22:00:29.757Z,2026-08-01T22:00:29.757528Z,2026-08-02T00:00:29.757528Z,7776.736736,7,0.029949999999999997,33.3889816360599,5.0167224080267605,-1.967,9.057971014492754,33.3889816360599,52.588316747872184,10,2,3,5,0.4,False
UMA,2026-08-01T22:00:36.583Z,2026-08-01T22:00:36.584166Z,2026-08-02T00:00:36.584166Z,7769.910098,7,0.3375,29.629629629629655,5.044510385756664,-1.462,10.507246376811594,29.629629629629655,39.039203030493475,1,1,0,0,1.0,False
USD1,2026-08-01T22:00:39.683Z,2026-08-01T22:00:39.683377Z,2026-08-02T00:00:39.683377Z,7766.810887,7,0.99915,1.0008507231145374,0.04003202562049199,0.0,98.91304347826087,1.0008507231145374,75.81702974801136,0,0,0,0,,False
VELODROME,2026-08-01T22:00:46.586Z,2026-08-01T22:00:46.587135Z,2026-08-02T00:00:46.587135Z,7759.907129,7,0.016645,42.054671072394484,3.347280334728043,-3.239,8.333333333333334,42.054671072394484,51.22374312199752,0,0,0,0,,
WAL,2026-08-01T22:00:51.543Z,2026-08-01T22:00:51.543790Z,2026-08-02T00:00:51.543790Z,7754.950474,7,0.02545,39.292730844793475,4.3650793650793664,-2.326,3.260869565217391,39.292730844793475,61.242738866259124,0,0,0,0,,True
WCT,2026-08-01T22:00:56.574Z,2026-08-01T22:00:56.575190Z,2026-08-02T00:00:56.575190Z,7749.919074,7,0.03596,11.123470522802661,3.1815688425672004,0.247,10.144927536231885,11.123470522802661,51.83857681721273,0,0,0,0,,False
YB,2026-08-01T22:01:03.002Z,2026-08-01T22:01:03.002429Z,2026-08-02T00:01:03.002429Z,7743.491835,7,0.06534999999999999,15.302218821729591,2.7734976887519416,-1.667,6.159420289855072,15.302218821729591,38.24755892206996,0,0,0,0,,False
AAVE,2026-08-01T22:06:45.345Z,2026-08-01T22:06:45.345999Z,2026-08-02T00:06:45.345999Z,7401.148265,7,90.6,2.207505518763358,6.368003575019554,-5.3,94.92753623188406,2.207505518763358,55.26931584901642,3,3,0,0,1.0,False
ADA,2026-08-01T22:06:50.435Z,2026-08-01T22:06:50.435195Z,2026-08-02T00:06:50.435195Z,7396.059069,7,0.17404999999999998,5.7454754380934645,5.112004595060321,3.323,96.73913043478261,5.7454754380934645,61.191028569588894,35,20,11,4,0.6,False
BANK,2026-08-01T22:06:55.622Z,2026-08-01T22:06:55.622542Z,2026-08-02T00:06:55.622542Z,7390.871722,7,0.051000000000000004,39.21568627450956,29.21348314606742,-9.645,85.8695652173913,39.21568627450956,48.243671773821255,18,14,3,1,0.8889,False
BNB,2026-08-01T22:07:05.250Z,2026-08-01T22:07:05.250669Z,2026-08-02T00:07:05.250669Z,7381.243595,7,575.985,0.17361563235137903,3.3453181178677487,-1.774,98.18840579710145,0.17361563235137903,50.07347442736728,15,11,2,2,0.4,False
COTI,2026-08-01T22:07:09.835Z,2026-08-01T22:07:09.835770Z,2026-08-02T00:07:09.835770Z,7376.658494,7,0.01475,27.11864406779668,22.79163857046528,-11.357,90.21739130434783,27.11864406779668,40.182117429490546,2,2,0,0,1.0,False
DOGE,2026-08-01T22:07:15.026Z,2026-08-01T22:07:15.026738Z,2026-08-02T00:07:15.026738Z,7371.467526,7,0.069165,1.4458179715168253,3.821563498982864,-0.893,92.3913043478261,1.4458179715168253,64.92201115248912,39,21,15,3,0.6923,False
ENA,2026-08-01T22:07:21.610Z,2026-08-01T22:07:21.610589Z,2026-08-02T00:07:21.610589Z,7364.883675,7,0.07935,12.6023944549468,3.629536921151439,-0.25,90.57971014492753,12.6023944549468,66.54318578645956,25,25,0,0,1.0,False
EPIC,2026-08-01T22:07:28.384Z,2026-08-01T22:07:28.384247Z,2026-08-02T00:07:28.384247Z,7358.110017,7,0.89515,14.522705691784381,27.638825149150986,10.315,88.40579710144928,14.522705691784381,78.28173662967183,10,10,0,0,1.0,False
EUR,2026-08-01T22:07:31.733Z,2026-08-01T22:07:31.733594Z,2026-08-02T00:07:31.733594Z,7354.76067,7,1.1521499999999998,0.8679425422036107,0.14754382919632314,-0.026,96.01449275362319,0.8679425422036107,60.106659566327075,0,0,0,0,,False
FET,2026-08-01T22:07:37.515Z,2026-08-01T22:07:37.515408Z,2026-08-02T00:07:37.515408Z,7348.978856,7,0.13915,7.186489399927344,4.751619870410363,-1.559,86.23188405797102,7.186489399927344,44.23529493867169,2,1,1,0,0.5,False
GIGGLE,2026-08-01T22:07:42.349Z,2026-08-01T22:07:42.349535Z,2026-08-02T00:07:42.349535Z,7344.144729,7,42.93,13.976240391335262,46.27831715210355,-8.141,97.10144927536231,13.976240391335262,55.78055722213158,27,26,0,1,0.8519,False
INJ,2026-08-01T22:07:48.756Z,2026-08-01T22:07:48.757205Z,2026-08-02T00:07:48.757205Z,7337.737059,7,4.8614999999999995,2.056978298879634,2.949552481692424,2.034,89.85507246376811,2.056978298879634,72.00293518280482,4,3,1,0,1.0,False
KAITO,2026-08-01T22:07:56.268Z,2026-08-01T22:07:56.269202Z,2026-08-02T00:07:56.269202Z,7330.225062,7,1.2058,11.610549013102057,16.633013629480057,12.143,89.1304347826087,11.610549013102057,81.72261858023622,2,2,0,0,0.0,False
LINK,2026-08-01T22:08:02.049Z,2026-08-01T22:08:02.050119Z,2026-08-02T00:08:02.050119Z,7324.444145,7,8.061499999999999,1.2404639335104457,4.42841149396691,-1.168,92.7536231884058,1.2404639335104457,62.23023579092728,14,5,6,3,0.7143,False
LTC,2026-08-01T22:08:07.950Z,2026-08-01T22:08:07.950548Z,2026-08-02T00:08:07.950548Z,7318.543716,7,44.185,2.263211497113955,2.677558429770819,-1.144,91.30434782608695,2.263211497113955,58.3252755579235,12,6,4,2,0.6667,False
APT,2026-08-01T22:15:12.889Z,2026-08-01T22:15:12.889584Z,2026-08-02T00:15:12.889584Z,7493.471033,7,0.5545,18.03426510369704,3.0909090909090935,-1.61,78.98550724637681,18.03426510369704,50.39363643135435,6,4,2,0,0.6667,False
GALA,2026-08-01T22:16:12.303Z,2026-08-01T22:16:12.303479Z,2026-08-02T00:16:12.303479Z,7434.057138,7,0.0017595,5.683432793407973,5.313736574335778,-2.642,71.73913043478261,5.683432793407973,64.79323057392956,0,0,0,0,,False
HOME,2026-08-01T22:16:28.354Z,2026-08-01T22:16:28.355202Z,2026-08-02T00:16:28.355202Z,7418.005415,7,0.00648,30.864197530864278,30.27823240589198,11.496,82.6086956521739,30.864197530864278,61.57335563989871,4,2,1,1,1.0,False
ICP,2026-08-01T22:16:33.117Z,2026-08-01T22:16:33.118013Z,2026-08-02T00:16:33.118013Z,7413.242604,7,2.0255,4.9370525796094284,4.498269896193759,-1.796,82.2463768115942,4.9370525796094284,67.83392651231608,10,4,3,3,0.4,False
LDO,2026-08-01T22:16:45.858Z,2026-08-01T22:16:45.858777Z,2026-08-02T00:16:45.858777Z,7400.50184,7,0.3292,6.0753341433772166,8.268573204849226,-6.754,77.53623188405797,6.0753341433772166,30.53417288044142,1,0,0,1,1.0,False
MMT,2026-08-01T22:16:56.580Z,2026-08-01T22:16:56.580464Z,2026-08-02T00:16:56.580464Z,7389.780153,7,0.18355,16.344320348678547,19.715340010542956,-1.043,85.14492753623189,16.344320348678547,47.069827747928535,1,1,0,0,1.0,False
OP,2026-08-01T22:17:01.675Z,2026-08-01T22:17:01.675677Z,2026-08-02T00:17:01.675677Z,7384.68494,7,0.08315,12.02645820805807,5.307599517490954,-2.927,73.18840579710145,12.02645820805807,62.51478057933367,64,50,7,7,0.2656,False
PENDLE,2026-08-01T22:17:07.382Z,2026-08-01T22:17:07.383140Z,2026-08-02T00:17:07.383140Z,7378.977477,7,1.3904999999999998,7.1916576770953755,7.013738250180765,-4.092,81.15942028985508,7.1916576770953755,66.09347267111028,0,0,0,0,,False
TRUMP,2026-08-01T22:17:36.419Z,2026-08-01T22:17:36.419518Z,2026-08-02T00:17:36.419518Z,7349.941099,7,1.4425,6.932409012132492,3.0048916841369775,0.28,80.07246376811594,6.932409012132492,71.945304930344,39,35,4,0,0.8974,False
TST,2026-08-01T22:17:43.226Z,2026-08-01T22:17:43.226552Z,2026-08-02T00:17:43.226552Z,7343.134065,7,0.011355,8.806693086745568,20.158450704225356,-4.458,72.82608695652173,8.806693086745568,64.37837524388789,6,4,0,2,0.3333,False
0G,2026-08-01T22:23:57.239Z,2026-08-01T22:23:57.239839Z,2026-08-02T00:23:57.239839Z,7568.267134,7,0.1445,69.204152249135,6.122448979591843,3.521,62.68115942028985,69.204152249135,64.61336495625817,0,0,0,0,,False
SEI,2026-08-01T22:26:29.844Z,2026-08-01T22:26:29.844390Z,2026-08-02T00:26:29.844390Z,7415.662583,7,0.041084999999999997,2.433978337593541,3.283508943886305,-1.282,63.04347826086956,2.433978337593541,60.09750500998256,1,1,0,0,1.0,False
ZKC,2026-08-01T22:27:13.399Z,2026-08-01T22:27:13.400105Z,2026-08-02T00:27:13.400105Z,7372.106868,7,0.0378,52.910052910054425,4.021447721179628,0.0,59.05797101449275,52.910052910054425,63.49396532993683,0,0,0,0,,False
1000CHEEMS,2026-08-01T22:32:52.349Z,2026-08-01T22:32:52.349235Z,2026-08-02T00:32:52.349235Z,7633.98815,7,0.0004755,21.030494216614603,6.355932203389836,-4.839,45.65217391304348,21.030494216614603,41.22027229848401,6,4,2,0,0.8333,False
ACH,2026-08-01T22:32:57.559Z,2026-08-01T22:32:57.559526Z,2026-08-02T00:32:57.559526Z,7628.777859,7,0.004465,22.39641657334735,9.932279909706553,-6.933,50.36231884057971,22.39641657334735,50.649432740697016,0,0,0,0,,False
AR,2026-08-01T22:33:09.711Z,2026-08-01T22:33:09.711667Z,2026-08-02T00:33:09.711667Z,7616.625718,7,1.729,11.56737998843263,3.673469387755099,-0.175,52.53623188405797,11.56737998843263,63.28897361179684,0,0,0,0,,False
BARD,2026-08-01T22:33:15.261Z,2026-08-01T22:33:15.261665Z,2026-08-02T00:33:15.261665Z,7611.07572,7,0.10919999999999999,18.31501831501757,6.72727272727273,-4.679,45.289855072463766,18.31501831501757,53.6921327091064,0,0,0,0,,False
BIO,2026-08-01T22:33:22.151Z,2026-08-01T22:33:22.151603Z,2026-08-02T00:33:22.151603Z,7604.185782,7,0.0223,8.968609865470487,6.120612061206121,-2.672,43.11594202898551,8.968609865470487,65.22019921626172,0,0,0,0,,False
BOME,2026-08-01T22:33:27.867Z,2026-08-01T22:33:27.868084Z,2026-08-02T00:33:27.868084Z,7598.469301,7,0.00056305,12.43228842909282,10.104466858789626,-5.514,54.710144927536234,12.43228842909282,47.19528511180288,0,0,0,0,,False
EDEN,2026-08-01T22:33:40.648Z,2026-08-01T22:33:40.648928Z,2026-08-02T00:33:40.648928Z,7585.688457,7,0.035559999999999994,16.872890888638235,6.369958275382456,-3.877,51.44927536231884,16.872890888638235,37.87812947770161,0,0,0,0,,False
HEMI,2026-08-01T22:34:05.171Z,2026-08-01T22:34:05.172298Z,2026-08-02T00:34:05.172298Z,7561.165087,7,0.004635,21.574973031284703,5.150214592274673,0.215,55.072463768115945,21.574973031284703,56.52106019512882,0,0,0,0,,False
AVNT,2026-08-01T22:42:12.405Z,2026-08-01T22:42:12.405276Z,2026-08-02T00:42:12.405276Z,7673.598323,7,0.08185,12.217470983506765,4.278728606356972,-1.564,36.95652173913044,12.217470983506765,64.0209911836994,0,0,0,0,,False
AXS,2026-08-01T22:42:19.644Z,2026-08-01T22:42:19.644413Z,2026-08-02T00:42:19.644413Z,7666.359186,7,0.8265,12.099213551119187,3.5194174757281584,-1.905,32.971014492753625,12.099213551119187,47.532315311671866,12,9,3,0,1.0,False
BANANAS31,2026-08-01T22:42:26.852Z,2026-08-01T22:42:26.853090Z,2026-08-02T00:42:26.853090Z,7659.150509,7,0.0069845,12.885675424153952,4.674767691208006,-1.34,40.21739130434783,12.885675424153952,34.71536533178893,0,0,0,0,,True
BMT,2026-08-01T22:42:33.309Z,2026-08-01T22:42:33.309820Z,2026-08-02T00:42:33.309820Z,7652.693779,7,0.011765,8.499787505312021,7.24515585509688,2.771,40.94202898550725,8.499787505312021,69.53623559496869,0,0,0,0,,False
CGPT,2026-08-01T22:42:47.182Z,2026-08-01T22:42:47.182781Z,2026-08-02T00:42:47.182781Z,7638.820818,7,0.018439999999999998,10.845986984817058,6.178861788617879,1.541,38.405797101449274,10.845986984817058,50.3129510063228,2,1,1,0,1.0,False
CKB,2026-08-01T22:42:53.535Z,2026-08-01T22:42:53.535839Z,2026-08-02T00:42:53.535839Z,7632.46776,7,0.0008145,12.27747084100572,5.204460966542756,-1.345,36.231884057971016,12.27747084100572,46.79942625214293,11,0,8,3,-0.4545,False
COOKIE,2026-08-01T22:43:01.476Z,2026-08-01T22:43:01.477057Z,2026-08-02T00:43:01.477057Z,7624.526542,7,0.0076500000000000005,130.71895424836634,7.792207792207802,-4.938,31.159420289855074,130.71895424836634,50.34570487229325,1,1,0,0,1.0,False
CVX,2026-08-01T22:43:08.149Z,2026-08-01T22:43:08.149728Z,2026-08-02T00:43:08.149728Z,7617.853871,7,1.274,47.095761381475704,8.713029576338945,-1.028,34.05797101449275,47.095761381475704,40.766859894775365,1,0,1,0,1.0,False
ETC,2026-08-01T22:43:15.087Z,2026-08-01T22:43:15.087918Z,2026-08-02T00:43:15.087918Z,7610.915681,7,6.52,30.674846625767582,4.791344667697057,-1.97,30.07246376811594,30.674846625767582,61.83784648229075,1,1,0,0,1.0,False
FORM,2026-08-01T22:43:26.137Z,2026-08-01T22:43:26.137828Z,2026-08-02T00:43:26.137828Z,7599.865771,7,0.1996,10.020040080159216,10.547263681592051,-4.286,27.89855072463768,10.020040080159216,30.727734966263355,1,0,1,0,1.0,False
GMT,2026-08-01T22:43:33.071Z,2026-08-01T22:43:33.071555Z,2026-08-02T00:43:33.071555Z,7592.932044,7,0.006625,15.094339622640895,4.696969696969703,-0.452,32.608695652173914,15.094339622640895,61.85588402152834,0,0,0,0,,False
GRT,2026-08-01T22:43:38.613Z,2026-08-01T22:43:38.614031Z,2026-08-02T00:43:38.614031Z,7587.389568,7,0.01417,14.114326040930969,3.4042553191489326,-1.122,33.333333333333336,14.114326040930969,59.62514877865377,17,4,7,6,-0.1176,False
PARTI,2026-08-01T22:44:55.205Z,2026-08-01T22:44:55.205818Z,2026-08-02T00:44:55.205818Z,7510.797781,7,0.02435,41.067761806982695,3.7499999999999916,-2.439,36.594202898550726,41.067761806982695,53.19435195553244,0,0,0,0,,False
1000CAT,2026-08-01T22:51:22.494Z,2026-08-01T22:51:22.494592Z,2026-08-02T00:51:22.494592Z,7723.600774,7,0.00141,141.84397163120605,5.035971223021581,-2.113,14.492753623188406,141.84397163120605,60.61702004106208,66,14,40,12,-0.0303,False
ACT,2026-08-01T22:51:39.979Z,2026-08-01T22:51:39.979587Z,2026-08-02T00:51:39.979587Z,7706.115779,7,0.00896,22.3214285714296,6.185567010309285,-1.133,13.405797101449275,22.3214285714296,58.284066397570335,1,1,0,0,1.0,False
AT,2026-08-01T22:52:03.446Z,2026-08-01T22:52:03.446605Z,2026-08-02T00:52:03.446605Z,7682.648761,7,0.1429,41.9874037788656,7.3560027758501025,6.662,14.130434782608695,41.9874037788656,60.18880555452064,10,7,2,1,0.8,False
BB,2026-08-01T22:52:10.893Z,2026-08-01T22:52:10.893457Z,2026-08-02T00:52:10.893457Z,7675.201909,7,0.014685,20.429009193053304,6.0750853242320835,-2.916,23.91304347826087,20.429009193053304,44.204900769221894,5,5,0,0,1.0,False
BEAMX,2026-08-01T22:52:17.697Z,2026-08-01T22:52:17.697357Z,2026-08-02T00:52:17.697357Z,7668.398009,7,0.001437,13.917884481559142,3.064066852367687,0.07,15.217391304347826,13.917884481559142,37.60197889189319,1,0,1,0,1.0,True
BERA,2026-08-01T22:52:25.543Z,2026-08-01T22:52:25.543625Z,2026-08-02T00:52:25.543625Z,7660.551741,7,0.15355,6.512536633017843,3.8057742782152224,0.794,17.028985507246375,6.512536633017843,53.664639216383556,1,0,0,1,-1.0,False
BLUR,2026-08-01T22:52:32.157Z,2026-08-01T22:52:32.157706Z,2026-08-02T00:52:32.157706Z,7653.93766,7,0.014035,7.125044531528031,5.087209302325576,-4.245,16.304347826086957,7.125044531528031,54.41639966403964,0,0,0,0,,False
C,2026-08-01T22:52:39.843Z,2026-08-01T22:52:39.844161Z,2026-08-02T00:52:39.844161Z,7646.251205,7,0.05365,18.63932898415581,4.896421845574384,-3.102,18.47826086956522,18.63932898415581,40.91677554169087,0,0,0,0,,False
CETUS,2026-08-01T22:52:46.635Z,2026-08-01T22:52:46.635742Z,2026-08-02T00:52:46.635742Z,7639.459624,7,0.017495,5.715918833954308,3.5057471264367783,-0.287,25.72463768115942,5.715918833954308,49.44347415918817,0,0,0,0,,False
COW,2026-08-01T22:52:55.233Z,2026-08-01T22:52:55.233377Z,2026-08-02T00:52:55.233377Z,7630.861989,7,0.11324999999999999,8.83002207505544,4.618117229129659,-2.931,17.391304347826086,8.83002207505544,33.22342932297275,0,0,0,0,,False
DYM,2026-08-01T22:53:00.258Z,2026-08-01T22:53:00.258331Z,2026-08-02T00:53:00.258331Z,7625.837035,7,0.013125,7.6190476190473095,5.319969159599071,-0.841,21.73913043478261,7.6190476190473095,54.29371251406145,0,0,0,0,,False
ENS,2026-08-01T22:53:07.227Z,2026-08-01T22:53:07.227976Z,2026-08-02T00:53:07.227976Z,7618.86739,7,4.215,23.724792408065923,2.631578947368408,-0.948,21.014492753623188,23.724792408065923,55.53662648182782,0,0,0,0,,False
HAEDAL,2026-08-01T22:53:21.267Z,2026-08-01T22:53:21.267382Z,2026-08-02T00:53:21.267382Z,7604.827984,7,0.01526,26.21231979030151,2.898550724637677,1.065,18.115942028985508,26.21231979030151,49.053857295534954,0,0,0,0,,False
HOLO,2026-08-01T22:53:28.342Z,2026-08-01T22:53:28.342429Z,2026-08-02T00:53:28.342429Z,7597.752937,7,0.06484999999999999,15.420200462606457,6.481481481481496,-0.917,19.202898550724637,15.420200462606457,44.90554285428666,1,1,0,0,-1.0,False
KERNEL,2026-08-01T22:53:40.431Z,2026-08-01T22:53:40.431926Z,2026-08-02T00:53:40.431926Z,7585.66344,7,0.03275,30.53435114503904,3.4375000000000115,-0.312,27.536231884057973,30.53435114503904,56.95932074537692,0,0,0,0,,
LAYER,2026-08-01T22:53:47.328Z,2026-08-01T22:53:47.329131Z,2026-08-02T00:53:47.329131Z,7578.766235,7,0.061450000000000005,16.273393002440343,4.411764705882367,-1.608,17.753623188405797,16.273393002440343,46.46001354111353,0,0,0,0,,False
CATI,2026-08-01T23:01:43.688Z,2026-08-01T23:01:43.688517Z,2026-08-02T01:01:43.688517Z,7702.716852,7,0.037455,8.009611533841209,5.1128637476203425,-0.406,7.608695652173913,8.009611533841209,58.92800687380104,0,0,0,0,,False
COMP,2026-08-01T23:01:51.934Z,2026-08-01T23:01:51.935026Z,2026-08-02T01:01:51.935026Z,7694.470343,7,16.525,18.15431164901518,1.4589665653495563,0.0,1.8115942028985508,18.15431164901518,26.26110950678222,67,30,20,17,0.0597,False
CYBER,2026-08-01T23:01:58.901Z,2026-08-01T23:01:58.902180Z,2026-08-02T01:01:58.902180Z,7687.503189,7,0.3015,33.16749585406305,2.6755852842809387,-0.993,2.1739130434782608,33.16749585406305,37.74841784767263,1,0,0,1,-1.0,False
DOLO,2026-08-01T23:02:06.339Z,2026-08-01T23:02:06.340131Z,2026-08-02T01:02:06.340131Z,7680.065238,7,0.021335,14.061401453012536,3.754106053496005,2.059,5.434782608695652,14.061401453012536,54.701500974895836,0,0,0,0,,False
ETH,2026-08-01T23:02:11.915Z,2026-08-01T23:02:11.915385Z,2026-08-02T01:02:11.915385Z,7674.489984,7,1850.9650000000001,0.054025872990526046,2.90682190008751,-1.074,99.6376811594203,0.054025872990526046,62.19333618024336,30,16,8,6,0.2667,False
EURI,2026-08-01T23:02:17.698Z,2026-08-01T23:02:17.698372Z,2026-08-02T01:02:17.698372Z,7668.706997,7,1.15125,7.81758957654637,0.20838760093774053,-0.104,6.884057971014493,7.81758957654637,50.84523116293975,0,0,0,0,,True
F,2026-08-01T23:02:25.536Z,2026-08-01T23:02:25.536848Z,2026-08-02T01:02:25.536848Z,7660.868521,7,0.002835,35.273368606702036,2.473498233215554,-0.702,2.536231884057971,35.273368606702036,49.75846347185591,0,0,0,0,,True
FDUSD,2026-08-01T23:02:29.108Z,2026-08-01T23:02:29.108495Z,2026-08-02T01:02:29.108495Z,7657.296874,7,0.99715,1.0028581457151782,0.11030886482149918,0.02,99.27536231884058,1.0028581457151782,61.25121615031931,0,0,0,0,,False
FF,2026-08-01T23:02:35.462Z,2026-08-01T23:02:35.463322Z,2026-08-02T01:02:35.463322Z,7650.942047,7,0.06489500000000001,7.704753833116321,2.6555504091400333,0.217,9.420289855072463,7.704753833116321,70.79950351623481,2,1,0,1,0.0,False
FLUX,2026-08-01T23:02:42.413Z,2026-08-01T23:02:42.414028Z,2026-08-02T01:02:42.414028Z,7643.991341,7,0.03905,25.60819462227986,3.1088082901554395,-1.026,2.898550724637681,25.60819462227986,38.24014391699643,0,0,0,0,,False
GPS,2026-08-01T23:02:55.828Z,2026-08-01T23:02:55.829096Z,2026-08-02T01:02:55.829096Z,7630.576273,7,0.009434999999999999,10.5988341282473,4.631578947368415,3.149,8.695652173913043,10.5988341282473,70.19672310562751,0,0,0,0,,True
HIVE,2026-08-01T23:03:02.623Z,2026-08-01T23:03:02.623288Z,2026-08-02T01:03:02.623288Z,7623.782081,7,0.041999999999999996,47.619047619047336,3.125000000000006,-1.887,9.782608695652174,47.619047619047336,39.51511954418225,0,0,0,0,,False
ILV,2026-08-01T23:03:10.181Z,2026-08-01T23:03:10.181296Z,2026-08-02T01:03:10.181296Z,7616.224073,7,2.8600000000000003,69.93006993006998,5.2447552447552575,1.418,3.6231884057971016,69.93006993006998,42.51215836970914,0,0,0,0,,False
LA,2026-08-01T23:03:17.293Z,2026-08-01T23:03:17.293853Z,2026-08-02T01:03:17.293853Z,7609.111516,7,0.0504,39.68253968254081,4.305283757338553,-1.919,5.072463768115942,39.68253968254081,44.321671973738134,0,0,0,0,,False
NEWT,2026-08-01T23:03:25.294Z,2026-08-01T23:03:25.294675Z,2026-08-02T01:03:25.294675Z,7601.110694,7,0.0402,49.75124378109595,3.022670025188916,-0.998,1.0869565217391304,49.75124378109595,54.352720400941834,0,0,0,0,,True
NMR,2026-08-01T23:03:32.004Z,2026-08-01T23:03:32.005056Z,2026-08-02T01:03:32.005056Z,7594.400313,7,8.6,23.255813953487877,2.573099415204665,0.945,0.7246376811594203,23.255813953487877,44.60288388104239,0,0,0,0,,False
NXPC,2026-08-01T23:03:39.430Z,2026-08-01T23:03:39.430644Z,2026-08-02T01:03:39.430644Z,7586.974725,7,0.24655,28.39180693571309,5.9181191730847305,-1.83,10.869565217391305,28.39180693571309,56.32107176867858,0,0,0,0,,False
RPL,2026-08-01T23:03:51.090Z,2026-08-01T23:03:51.090452Z,2026-08-02T01:03:51.090452Z,7575.314917,7,1.5350000000000001,65.14657980456032,2.5806451612903247,0.0,5.797101449275362,65.14657980456032,44.166229754648505,0,0,0,0,,False
SIGN,2026-08-01T23:03:58.070Z,2026-08-01T23:03:58.071046Z,2026-08-02T01:03:58.071046Z,7568.334323,7,0.00677,29.54209748892051,4.444444444444443,-1.89,11.594202898550725,29.54209748892051,46.52379821808219,1,0,1,0,-1.0,False
SKL,2026-08-01T23:04:05.361Z,2026-08-01T23:04:05.361791Z,2026-08-02T01:04:05.361791Z,7561.043578,7,0.00373,53.61930294906064,5.135135135135137,-1.07,11.231884057971014,53.61930294906064,32.275238559585624,0,0,0,0,,False
SOPH,2026-08-01T23:04:12.117Z,2026-08-01T23:04:12.117777Z,2026-08-02T01:04:12.117777Z,7554.287592,7,0.003935,25.41296060991002,3.2994923857867993,0.0,7.971014492753623,25.41296060991002,43.18059322620465,0,0,0,0,,True
1000SATS,2026-08-01T23:10:36.461Z,2026-08-01T23:10:36.461782Z,2026-08-02T01:10:36.461782Z,7769.374073,7,1.1e-05,18.18181818181801,33.394327538883815,2.822,86.59420289855072,18.18181818181801,68.44985225807099,10,1,6,3,0.4,False
BCH,2026-08-01T23:10:55.905Z,2026-08-01T23:10:55.905823Z,2026-08-02T01:10:55.905823Z,7749.930032,7,207.45,4.820438659917778,3.1654676258992778,-0.62,87.68115942028986,4.820438659917778,63.23059382185387,9,6,0,3,0.4444,False
NEAR,2026-08-01T23:11:58.131Z,2026-08-01T23:11:58.131700Z,2026-08-02T01:11:58.131700Z,7687.704155,7,1.6975,5.891016200293902,2.5134649910233415,0.663,96.3768115942029,5.891016200293902,59.84215404695999,13,10,1,2,0.0769,False
ONDO,2026-08-01T23:12:03.736Z,2026-08-01T23:12:03.736423Z,2026-08-02T01:12:03.736423Z,7682.099432,7,0.38225,2.616088947023911,4.508519003931847,-2.255,88.04347826086956,2.616088947023911,53.202067620334475,4,1,2,1,0.0,False
ORDI,2026-08-01T23:12:10.105Z,2026-08-01T23:12:10.105969Z,2026-08-02T01:12:10.105969Z,7675.729886,7,3.6295,13.776002204161282,9.928492849284934,1.084,92.7536231884058,13.776002204161282,71.38210732624228,6,3,1,2,0.3333,False
PENGU,2026-08-01T23:12:16.585Z,2026-08-01T23:12:16.585443Z,2026-08-02T01:12:16.585443Z,7669.250412,7,0.0060385000000000005,4.968121222158479,5.34299679757289,-0.586,90.57971014492753,4.968121222158479,57.28557609371517,27,27,0,0,0.9259,False
PEPE,2026-08-01T23:12:22.868Z,2026-08-01T23:12:22.868603Z,2026-08-02T01:12:22.868603Z,7662.967252,7,2.815e-06,35.52397868561245,3.249097472924202,0.727,91.30434782608695,35.52397868561245,64.02687232029406,19,19,0,0,0.8947,False
PUMP,2026-08-01T23:12:28.859Z,2026-08-01T23:12:28.859736Z,2026-08-02T01:12:28.859736Z,7656.976119,7,0.0021735,4.600874166092168,9.713749413420935,4.461,93.1159420289855,4.600874166092168,58.4892031334709,27,27,0,0,0.7778,False
SHIB,2026-08-01T23:12:35.936Z,2026-08-01T23:12:35.936617Z,2026-08-02T01:12:35.936617Z,7649.899238,7,4.855e-06,20.59732234809455,9.730848861283638,2.766,92.02898550724638,20.59732234809455,45.733844003243284,29,13,7,9,0.2069,False
SOL,2026-08-01T23:12:41.291Z,2026-08-01T23:12:41.291843Z,2026-08-02T01:12:41.291843Z,7644.544012,7,72.42500000000001,1.3807386952026393,3.640405724607482,-1.249,98.55072463768116,1.3807386952026393,62.25123122230022,23,19,2,2,0.8261,False
SUI,2026-08-01T23:12:47.808Z,2026-08-01T23:12:47.808393Z,2026-08-02T01:12:47.808393Z,7638.027462,7,0.68255,1.4650941322978388,4.007690032534755,-0.923,94.92753623188406,1.4650941322978388,58.89740363763321,8,6,2,0,1.0,False
SYN,2026-08-01T23:12:53.349Z,2026-08-01T23:12:53.350043Z,2026-08-02T01:12:53.350043Z,7632.485812,7,0.08934500000000001,10.073311321281869,30.109939421135294,-11.144,95.28985507246377,10.073311321281869,50.94494131418556,8,5,1,2,0.5,False
TAO,2026-08-01T23:12:59.914Z,2026-08-01T23:12:59.914392Z,2026-08-02T01:12:59.914392Z,7625.921463,7,192.95,5.182689816014217,5.2576782925559575,-0.518,88.76811594202898,5.182689816014217,67.90579853095545,40,30,8,2,0.8,False
TLM,2026-08-01T23:13:06.343Z,2026-08-01T23:13:06.344088Z,2026-08-02T01:13:06.344088Z,7619.491767,7,0.00165,12.121212121211101,27.7608297742526,-8.436,87.31884057971014,12.121212121211101,47.66354396427639,1,1,0,0,1.0,False
TRX,2026-08-01T23:13:12.249Z,2026-08-01T23:13:12.249281Z,2026-08-02T01:13:12.249281Z,7613.586574,7,0.32805,3.048315805517116,1.0992366412213717,0.399,95.65217391304348,3.048315805517116,69.09609135135989,18,9,7,2,0.2778,False
UNI,2026-08-01T23:13:22.442Z,2026-08-01T23:13:22.442354Z,2026-08-02T01:13:22.442354Z,7603.393501,7,4.0985,2.4399170428213592,8.834355828220843,-6.128,94.20289855072464,2.4399170428213592,49.59067839990524,27,13,12,2,0.5556,False
XRP,2026-08-01T23:13:29.214Z,2026-08-01T23:13:29.214546Z,2026-08-02T01:13:29.214546Z,7596.621309,7,1.0667499999999999,0.9374267635339958,1.8665158371040762,-0.104,97.46376811594203,0.9374267635339958,65.23956809546775,31,15,10,6,0.1935,False
ZEC,2026-08-01T23:13:35.520Z,2026-08-01T23:13:35.520413Z,2026-08-02T01:13:35.520413Z,7590.315442,7,468.41,2.5618582011486635,3.7571190367916203,0.982,93.84057971014492,2.5618582011486635,66.39774320001045,16,9,5,2,0.125,False
ZRO,2026-08-01T23:13:40.813Z,2026-08-01T23:13:40.814013Z,2026-08-02T01:13:40.814013Z,7585.021842,7,0.721,27.73925104022194,6.62068965517242,-2.554,89.85507246376811,27.73925104022194,65.47109174595016,1,0,1,0,-1.0,False
ALGO,2026-08-01T23:19:16.026Z,2026-08-01T23:19:16.027202Z,2026-08-02T01:19:16.027202Z,7249.808653,7,0.07905000000000001,12.650221378874491,3.422053231939156,0.254,80.07246376811594,12.650221378874491,67.16253343329849,19,15,2,2,0.8421,False
ALLO,2026-08-01T23:19:22.525Z,2026-08-01T23:19:22.525571Z,2026-08-02T01:19:22.525571Z,7243.310284,7,0.27205,3.675794890644697,9.536474164133743,-2.95,79.71014492753623,3.675794890644697,45.73010045678641,63,7,49,7,-0.4444,False
DYDX,2026-08-01T23:20:10.829Z,2026-08-01T23:20:10.830028Z,2026-08-02T01:20:10.830028Z,7794.71842,7,0.11568,12.102351313969677,4.342475386779184,0.789,83.69565217391305,12.102351313969677,70.30373057267765,0,0,0,0,,False
ENSO,2026-08-01T23:20:16.717Z,2026-08-01T23:20:16.718213Z,2026-08-02T01:20:16.718213Z,7788.830235,7,0.9215,10.851871947911023,16.115261472785487,3.536,81.8840579710145,10.851871947911023,81.46844421437952,0,0,0,0,,False
ERA,2026-08-01T23:20:21.914Z,2026-08-01T23:20:21.914432Z,2026-08-02T01:20:21.914432Z,7783.634016,7,0.06814999999999999,14.673514306676873,5.029585798816568,-0.88,74.6376811594203,14.673514306676873,74.0390724815864,0,0,0,0,,False
EUL,2026-08-01T23:20:32.664Z,2026-08-01T23:20:32.664567Z,2026-08-02T01:20:32.664567Z,7772.883881,7,1.606,49.81320049813205,30.814332247557008,12.868,80.79710144927536,49.81320049813205,67.19727831430126,10,2,8,0,0.6,False
HBAR,2026-08-01T23:20:49.799Z,2026-08-01T23:20:49.800133Z,2026-08-02T01:20:49.800133Z,7755.748315,7,0.069405,1.4408183848420322,2.9088277858176528,0.846,85.5072463768116,1.4408183848420322,59.95034293061374,15,7,3,5,0.4667,False
MIRA,2026-08-01T23:21:11.552Z,2026-08-01T23:21:11.552969Z,2026-08-02T01:21:11.552969Z,7733.995479,7,0.04115,24.301336573512238,3.782505910165495,1.439,84.05797101449275,24.301336573512238,66.59425955699699,2,2,0,0,1.0,False
POL,2026-08-01T23:21:30.810Z,2026-08-01T23:21:30.810986Z,2026-08-02T01:21:30.810986Z,7714.737462,7,0.072015,6.942997986531746,2.765363128491614,0.788,72.46376811594203,6.942997986531746,55.90024167624497,7,2,4,1,0.7143,False
ROSE,2026-08-01T23:21:41.126Z,2026-08-01T23:21:41.127148Z,2026-08-02T01:21:41.127148Z,7704.4213,7,0.0055049999999999995,18.16530426884734,10.320284697508908,9.339,75.72463768115942,18.16530426884734,78.90052060196855,13,8,5,0,0.6154,False
RUNE,2026-08-01T23:21:48.112Z,2026-08-01T23:21:48.112853Z,2026-08-02T01:21:48.112853Z,7697.435595,7,0.4385,22.805017103762847,2.9816513761467918,1.16,78.26086956521739,22.805017103762847,72.25382959299817,0,0,0,0,,False
STRK,2026-08-01T23:21:53.315Z,2026-08-01T23:21:53.315727Z,2026-08-02T01:21:53.315727Z,7692.232721,7,0.024294999999999997,4.11607326610397,7.113316790736143,-4.915,73.55072463768116,4.11607326610397,54.28844663100682,1,0,1,0,0.0,False
TUT,2026-08-01T23:22:12.559Z,2026-08-01T23:22:12.559985Z,2026-08-02T01:22:12.559985Z,7672.988463,7,0.01761,22.71436683702349,15.589569160997746,9.975,75.3623188405797,22.71436683702349,61.357868810810075,0,0,0,0,,False
WIF,2026-08-01T23:22:18.706Z,2026-08-01T23:22:18.706696Z,2026-08-02T01:22:18.706696Z,7666.841752,7,0.13715,7.29128691213919,7.350800582241629,-3.849,78.6231884057971,7.29128691213919,51.79809589815446,3,2,0,1,1.0,False
WLD,2026-08-01T23:22:25.546Z,2026-08-01T23:22:25.546783Z,2026-08-02T01:22:25.546783Z,7660.001665,7,0.3073,6.508298080053155,4.850498338870433,0.635,77.53623188405797,6.508298080053155,53.55336444730678,1,0,1,0,1.0,False
WLFI,2026-08-01T23:22:32.535Z,2026-08-01T23:22:32.535808Z,2026-08-02T01:22:32.535808Z,7653.01264,7,0.05605,17.84121320249704,2.1897810218978098,0.55,75.0,17.84121320249704,75.13054655856705,0,0,0,0,,False
XLM,2026-08-01T23:22:38.944Z,2026-08-01T23:22:38.944318Z,2026-08-02T01:22:38.944318Z,7646.60413,7,0.17204999999999998,5.81226387678098,2.691632533645403,-0.755,84.42028985507247,5.81226387678098,67.06050695701008,14,13,1,0,0.9286,False
XPL,2026-08-01T23:22:45.687Z,2026-08-01T23:22:45.688095Z,2026-08-02T01:22:45.688095Z,7639.860353,7,0.07693,2.5997660210570968,7.085987261146512,2.586,76.08695652173913,2.5997660210570968,59.781970116537266,2,2,0,0,1.0,False
ZEN,2026-08-01T23:22:56.428Z,2026-08-01T23:22:56.428507Z,2026-08-02T01:22:56.428507Z,7629.119941,7,3.9764999999999997,2.5147742990063873,5.421079172970243,2.111,77.17391304347827,2.5147742990063873,67.82123096909827,0,0,0,0,,False
APE,2026-08-01T23:28:38.138Z,2026-08-01T23:28:38.138271Z,2026-08-02T01:28:38.138271Z,7287.410177,7,0.13055,7.659900421293679,5.4281345565749195,-2.534,69.56521739130434,7.659900421293679,62.52599248212451,6,3,3,0,0.6667,False
ASTER,2026-08-01T23:28:46.037Z,2026-08-01T23:28:46.037572Z,2026-08-02T01:28:46.037572Z,7279.510876,7,0.6025,16.597510373444,1.0000000000000009,0.0,59.78260869565217,16.597510373444,66.52453084748224,0,0,0,0,,False
ATOM,2026-08-01T23:28:51.728Z,2026-08-01T23:28:51.728591Z,2026-08-02T01:28:51.728591Z,7273.819857,7,1.2255,8.159934720521337,2.209492635024561,-0.245,69.20289855072464,8.159934720521337,66.74283792674977,66,15,42,9,0.2879,False
BANANA,2026-08-01T23:28:58.382Z,2026-08-01T23:28:58.382959Z,2026-08-02T01:28:58.382959Z,7267.165489,7,3.6035,13.87539891771859,7.144835225699252,1.833,59.42028985507246,13.87539891771859,68.94648514958799,0,0,0,0,,False
BONK,2026-08-01T23:29:03.623Z,2026-08-01T23:29:03.623609Z,2026-08-02T01:29:03.623609Z,7261.924839,7,2.815e-06,35.52397868561245,5.03597122302158,-1.068,65.57971014492753,35.52397868561245,64.77170784013646,4,2,2,0,1.0,False
BROCCOLI714,2026-08-01T23:29:11.559Z,2026-08-01T23:29:11.559913Z,2026-08-02T01:29:11.559913Z,7253.988535,7,0.013805000000000001,21.73125679101812,16.15384615384615,-1.92,70.28985507246377,21.73125679101812,43.43566633280522,0,0,0,0,,False
CRV,2026-08-01T23:29:19.743Z,2026-08-01T23:29:19.743902Z,2026-08-02T01:29:19.743902Z,7245.804546,7,0.20095000000000002,4.976362279174757,4.837905236907737,-3.791,68.1159420289855,4.976362279174757,62.00591427580561,2,2,0,0,-1.0,False
DASH,2026-08-01T23:29:27.053Z,2026-08-01T23:29:27.054024Z,2026-08-02T01:29:27.054024Z,7238.494424,7,31.235,9.604610212902557,5.232744783306578,1.499,62.31884057971015,9.604610212902557,68.79149539627045,0,0,0,0,,False
DOGS,2026-08-01T23:29:35.811Z,2026-08-01T23:29:35.811482Z,2026-08-02T01:29:35.811482Z,7229.736966,7,3.429e-05,5.832604257802041,6.395520188623641,-1.194,61.231884057971016,5.832604257802041,60.78759721583888,1,1,0,0,1.0,False
EIGEN,2026-08-01T23:29:42.748Z,2026-08-01T23:29:42.748216Z,2026-08-02T01:29:42.748216Z,7222.800232,7,0.18364999999999998,16.335420637081118,4.5555555555555625,1.18,65.21739130434783,16.335420637081118,67.17975094116579,1,1,0,0,1.0,False
JUP,2026-08-01T23:30:07.354Z,2026-08-01T23:30:07.354444Z,2026-08-02T01:30:07.354444Z,7798.189938,7,0.19375,5.161290322580077,3.5269709543568464,-0.155,65.94202898550725,5.161290322580077,70.78424784367128,62,25,31,6,0.1613,False
KITE,2026-08-01T23:30:13.549Z,2026-08-01T23:30:13.549294Z,2026-08-02T01:30:13.549294Z,7791.995088,7,0.09455,10.576414595452444,4.416403785488968,1.494,64.1304347826087,10.576414595452444,47.307371007786,0,0,0,0,,False
KMNO,2026-08-01T23:30:20.871Z,2026-08-01T23:30:20.871409Z,2026-08-02T01:30:20.871409Z,7784.672973,7,0.018295,5.4659743099205205,4.53304205352267,1.44,57.608695652173914,5.4659743099205205,69.7853146778107,11,9,1,1,0.7273,False
MUBARAK,2026-08-01T23:30:25.945Z,2026-08-01T23:30:25.945767Z,2026-08-02T01:30:25.945767Z,7779.598615,7,0.012240000000000001,32.679738562091586,13.61344537815126,-8.462,59.05797101449275,32.679738562091586,46.20271048832488,1,0,0,1,1.0,False
NEIRO,2026-08-01T23:30:33.017Z,2026-08-01T23:30:33.017962Z,2026-08-02T01:30:33.017962Z,7772.52642,7,6.157999999999999e-05,12.991230919129466,9.473684210526315,-3.813,67.02898550724638,12.991230919129466,63.19359144778547,31,27,3,1,0.7742,False
NIL,2026-08-01T23:30:46.468Z,2026-08-01T23:30:46.468480Z,2026-08-02T01:30:46.468480Z,7759.075902,7,0.02835,28.21869488536163,8.464285714285715,-2.235,60.869565217391305,28.21869488536163,49.6194561488166,0,0,0,0,,False
PAXG,2026-08-01T23:31:00.639Z,2026-08-01T23:31:00.639791Z,2026-08-02T01:31:00.639791Z,7744.904591,7,4049.965,0.024691571408057927,0.33019287613811926,0.009,57.971014492753625,0.024691571408057927,77.92698661344839,0,0,0,0,,False
RENDER,2026-08-01T23:31:06.104Z,2026-08-01T23:31:06.104389Z,2026-08-02T01:31:06.104389Z,7739.439993,7,1.3595000000000002,7.355645457889752,3.9940828402366892,-1.386,69.92753623188406,7.355645457889752,44.00147074273097,0,0,0,0,,False
RSR,2026-08-01T23:31:19.122Z,2026-08-01T23:31:19.123036Z,2026-08-02T01:31:19.123036Z,7726.421346,7,0.0012815,7.803355442839765,3.534136546184738,-1.347,62.68115942028985,7.803355442839765,65.2169985545844,0,0,0,0,,False
S,2026-08-01T23:31:25.536Z,2026-08-01T23:31:25.536520Z,2026-08-02T01:31:25.536520Z,7720.007862,7,0.0216,9.259259259258881,5.356311131811839,0.421,63.405797101449274,9.259259259258881,54.99258832594488,0,0,0,0,,True
SAND,2026-08-01T23:31:32.576Z,2026-08-01T23:31:32.577174Z,2026-08-02T01:31:32.577174Z,7712.967208,7,0.041665,7.200288011521,6.875607385811465,-3.085,57.2463768115942,7.200288011521,58.64500922265855,43,10,17,16,0.1628,False
SYRUP,2026-08-01T23:31:45.456Z,2026-08-01T23:31:45.456749Z,2026-08-02T01:31:45.456749Z,7700.087633,7,0.15595,6.412311638344917,4.536741214057505,-1.634,60.507246376811594,6.412311638344917,46.9811966638613,13,12,0,1,0.4615,False
THE,2026-08-01T23:31:52.627Z,2026-08-01T23:31:52.627777Z,2026-08-02T01:31:52.627777Z,7692.916605,7,0.05135,19.47419668938712,5.533596837944672,-2.879,60.14492753623188,19.47419668938712,33.37959063166543,15,7,6,2,0.6,False
TIA,2026-08-01T23:32:00.051Z,2026-08-01T23:32:00.052060Z,2026-08-02T01:32:00.052060Z,7685.492322,7,0.32605,3.0670142616159786,4.900124843945066,0.439,71.01449275362319,3.0670142616159786,59.31784123214838,53,13,35,5,0.5472,False
TWT,2026-08-01T23:32:11.821Z,2026-08-01T23:32:11.822220Z,2026-08-02T01:32:11.822220Z,7673.722162,7,0.3791,21.102611448167316,5.128893662728251,-0.826,61.594202898550726,21.102611448167316,47.51074390702705,3,2,0,1,-1.0,False
VANRY,2026-08-01T23:32:17.429Z,2026-08-01T23:32:17.430241Z,2026-08-02T01:32:17.430241Z,7668.114141,7,0.0038894999999999997,38.56536829926681,15.754475703324802,-2.809,63.04347826086956,38.56536829926681,66.56798759660688,16,6,9,1,-0.1875,False
VIRTUAL,2026-08-01T23:32:25.346Z,2026-08-01T23:32:25.346732Z,2026-08-02T01:32:25.346732Z,7660.19765,7,0.5530999999999999,7.231965286567837,2.6516527424627787,1.25,67.3913043478261,7.231965286567837,76.89043429258133,1,1,0,0,1.0,False
EGLD,2026-08-01T23:39:01.359Z,2026-08-01T23:39:01.360021Z,2026-08-02T01:39:01.360021Z,7264.184361,7,2.6950000000000003,37.105751391466534,3.745318352059929,0.755,50.0,37.105751391466534,63.43235531491475,11,9,1,1,0.7273,False
ENJ,2026-08-01T23:39:09.644Z,2026-08-01T23:39:09.644474Z,2026-08-02T01:39:09.644474Z,7255.899908,7,0.024695,4.049402713099652,3.866503866503864,-1.994,47.10144927536232,4.049402713099652,59.6436112403307,12,2,7,3,0.0833,False
FLOKI,2026-08-01T23:39:21.017Z,2026-08-01T23:39:21.018090Z,2026-08-02T01:39:21.018090Z,7244.526292,7,2.0285e-05,4.929751047572886,4.4620723847298045,-0.787,56.15942028985507,4.929751047572886,67.2391906059866,1,1,0,0,1.0,False
HUMA,2026-08-01T23:39:33.753Z,2026-08-01T23:39:33.753297Z,2026-08-02T01:39:33.753297Z,7231.791085,7,0.019365,15.49186676994694,3.421461897356147,-1.632,51.81159420289855,15.49186676994694,48.56908153549279,0,0,0,0,,False
IO,2026-08-01T23:39:47.164Z,2026-08-01T23:39:47.164621Z,2026-08-02T01:39:47.164621Z,7218.379761,7,0.13290000000000002,15.048908954101256,3.9755351681957265,-1.58,45.289855072463766,15.048908954101256,56.34437296412889,0,0,0,0,,False
KAIA,2026-08-01T23:39:55.460Z,2026-08-01T23:39:55.460793Z,2026-08-02T01:39:55.460793Z,7210.083589,7,0.026549999999999997,37.66478342749507,5.30303030303031,1.931,45.65217391304348,37.66478342749507,61.549454436261655,0,0,0,0,,False
MORPHO,2026-08-01T23:40:07.763Z,2026-08-01T23:40:07.763451Z,2026-08-02T01:40:07.763451Z,7797.436366,7,1.9500000000000002,10.256410256410264,4.376930998970132,-2.997,56.52173913043478,10.256410256410264,64.64121681492799,1,1,0,0,-1.0,False
ORCA,2026-08-01T23:40:20.073Z,2026-08-01T23:40:20.074094Z,2026-08-02T01:40:20.074094Z,7785.125723,7,1.1015000000000001,9.078529278257937,4.545454545454549,-1.345,51.08695652173913,9.078529278257937,62.279749589339325,1,1,0,0,1.0,False
PEOPLE,2026-08-01T23:40:26.839Z,2026-08-01T23:40:26.839805Z,2026-08-02T01:40:26.839805Z,7778.360012,7,0.006555,15.255530129671385,6.800618238021629,-4.148,47.46376811594203,15.255530129671385,59.87013765785925,17,14,1,2,0.5294,False
PLUME,2026-08-01T23:40:35.481Z,2026-08-01T23:40:35.481498Z,2026-08-02T01:40:35.481498Z,7769.718319,7,0.010929999999999999,18.298261665142658,4.304029304029304,-1.355,44.20289855072464,18.298261665142658,63.35099531108514,0,0,0,0,,False
PNUT,2026-08-01T23:40:42.387Z,2026-08-01T23:40:42.387504Z,2026-08-02T01:40:42.387504Z,7762.812313,7,0.03925,25.47770700637016,8.268733850129204,-2.764,50.72463768115942,25.47770700637016,56.96758087901799,0,0,0,0,,False
RESOLV,2026-08-01T23:40:49.847Z,2026-08-01T23:40:49.847326Z,2026-08-02T01:40:49.847326Z,7755.352491,7,0.015895,6.291286568102921,4.022988505747128,-0.255,46.73913043478261,6.291286568102921,52.1840751306061,0,0,0,0,,True
SAGA,2026-08-01T23:40:56.795Z,2026-08-01T23:40:56.795546Z,2026-08-02T01:40:56.795546Z,7748.404271,7,0.012315,8.120178643929835,5.791190864600331,0.327,53.6231884057971,8.120178643929835,65.73434284562472,0,0,0,0,,False
SAHARA,2026-08-01T23:41:01.722Z,2026-08-01T23:41:01.723198Z,2026-08-02T01:41:01.723198Z,7743.476619,7,0.008035,12.445550715618658,11.271297509829616,-0.131,55.79710144927536,12.445550715618658,59.43741005282456,0,0,0,0,,False
SAPIEN,2026-08-01T23:41:08.387Z,2026-08-01T23:41:08.387484Z,2026-08-02T01:41:08.387484Z,7736.812333,7,0.08074999999999999,12.383900928792926,4.182041820418204,1.245,44.927536231884055,12.383900928792926,68.2436595429018,3,3,0,0,0.3333,False
SKY,2026-08-01T23:41:21.730Z,2026-08-01T23:41:21.730604Z,2026-08-02T01:41:21.730604Z,7723.469213,7,0.05599,7.144132880871293,3.1104755094744343,-1.497,51.44927536231884,7.144132880871293,62.41660591305329,77,11,52,14,0.1039,False
SNX,2026-08-01T23:41:29.016Z,2026-08-01T23:41:29.016310Z,2026-08-02T01:41:29.016310Z,7716.183507,7,0.2125,47.058823529411804,4.694835680751178,0.0,52.53623188405797,47.058823529411804,56.24587396502378,0,0,0,0,,False
SOMI,2026-08-01T23:41:36.462Z,2026-08-01T23:41:36.463007Z,2026-08-02T01:41:36.463007Z,7708.73681,7,0.08424999999999999,11.869436201780758,4.420549581839898,-1.181,48.55072463768116,11.869436201780758,62.9110942905192,0,0,0,0,,False
STX,2026-08-01T23:41:41.289Z,2026-08-01T23:41:41.289664Z,2026-08-02T01:41:41.289664Z,7703.910153,7,0.13885,7.202016564637305,3.1746031746031855,0.289,50.36231884057971,7.202016564637305,68.8569416909594,66,21,34,11,0.2424,False
TOWNS,2026-08-01T23:41:47.879Z,2026-08-01T23:41:47.879214Z,2026-08-02T01:41:47.879214Z,7697.320603,7,0.001985,50.37783375314875,5.102040816326533,-2.0,48.18840579710145,50.37783375314875,57.4904467761316,0,0,0,0,,False
TURBO,2026-08-01T23:41:52.650Z,2026-08-01T23:41:52.650904Z,2026-08-02T01:41:52.650904Z,7692.548913,7,0.0007915,12.634238787112013,6.708860759493683,-1.863,55.43478260869565,12.634238787112013,65.8736979211688,2,1,1,0,1.0,False
USDE,2026-08-01T23:41:58.011Z,2026-08-01T23:41:58.011928Z,2026-08-02T01:41:58.011928Z,7687.187889,7,1.0000499999999999,0.999950002499765,0.0299970002999667,0.01,42.7536231884058,0.999950002499765,60.427090083381024,0,0,0,0,,False
XTZ,2026-08-01T23:42:05.285Z,2026-08-01T23:42:05.285308Z,2026-08-02T01:42:05.285308Z,7679.914509,7,0.19985,5.003752814610407,3.165829145728643,-1.339,49.63768115942029,5.003752814610407,65.04796023035058,7,3,4,0,0.7143,False
ZBT,2026-08-01T23:42:10.808Z,2026-08-01T23:42:10.808862Z,2026-08-02T01:42:10.808862Z,7674.390955,7,0.11904999999999999,8.399832003360174,5.163511187607566,-1.274,49.27536231884058,8.399832003360174,50.639453419878315,0,0,0,0,,False
ZK,2026-08-01T23:42:17.370Z,2026-08-01T23:42:17.370569Z,2026-08-02T01:42:17.370569Z,7667.829248,7,0.007905,12.650221378873615,3.6662452591656063,1.28,55.072463768115945,12.650221378873615,55.58067934800502,3,2,1,0,-0.3333,False
GUN,2026-08-01T23:49:15.314Z,2026-08-01T23:49:15.314912Z,2026-08-02T01:49:15.314912Z,7249.884905,7,0.002875,34.782608695652264,7.692307692307697,-3.704,36.95652173913044,34.782608695652264,53.46147395533441,12,11,0,1,0.75,False
HMSTR,2026-08-01T23:49:22.078Z,2026-08-01T23:49:22.078770Z,2026-08-02T01:49:22.078770Z,7243.121047,7,0.00016885,5.922416345869259,3.028503562945361,0.778,30.07246376811594,5.922416345869259,68.22429078480802,0,0,0,0,,False
IMX,2026-08-01T23:49:28.191Z,2026-08-01T23:49:28.191832Z,2026-08-02T01:49:28.191832Z,7237.007985,7,0.10865,9.20386562356216,4.399633363886341,2.634,35.507246376811594,9.20386562356216,66.0718174102834,5,2,3,0,1.0,False
IOTA,2026-08-01T23:49:35.437Z,2026-08-01T23:49:35.438124Z,2026-08-02T01:49:35.438124Z,7229.761693,7,0.032549999999999996,30.721966205835926,4.6439628482972175,1.254,37.68115942028985,30.721966205835926,64.72031946062755,0,0,0,0,,False
MET,2026-08-01T23:50:11.355Z,2026-08-01T23:50:11.356242Z,2026-08-02T01:50:11.356242Z,7794.405701,7,0.16795,17.862459065197662,7.600950118764834,-5.499,33.69565217391305,17.862459065197662,61.25729048699905,1,1,0,0,-1.0,False
NEO,2026-08-01T23:50:18.602Z,2026-08-01T23:50:18.603049Z,2026-08-02T01:50:18.603049Z,7787.158894,7,1.8225,5.486968449930808,4.340659340659339,-1.408,40.57971014492754,5.486968449930808,66.2743679165351,0,0,0,0,,False
NOM,2026-08-01T23:50:25.752Z,2026-08-01T23:50:25.752863Z,2026-08-02T01:50:25.752863Z,7780.00908,7,0.001435,69.68641114982597,3.4965034965034905,0.0,31.52173913043478,69.68641114982597,45.01562617547618,0,0,0,0,,False
OPEN,2026-08-01T23:50:32.345Z,2026-08-01T23:50:32.345254Z,2026-08-02T01:50:32.345254Z,7773.416689,7,0.18025000000000002,16.643550624132853,5.12534818941505,2.748,40.94202898550725,16.643550624132853,72.36686838281904,10,4,4,2,0.6,False
OSMO,2026-08-01T23:50:37.959Z,2026-08-01T23:50:37.960117Z,2026-08-02T01:50:37.960117Z,7767.801826,7,0.02725,36.69724770642307,5.5350553505535105,1.119,34.42028985507246,36.69724770642307,49.79680108246357,0,0,0,0,,False
PHA,2026-08-01T23:50:50.831Z,2026-08-01T23:50:50.831957Z,2026-08-02T01:50:50.831957Z,7754.929986,7,0.01975,50.63291139240651,3.5714285714285676,-0.508,29.347826086956523,50.63291139240651,56.09757068353552,0,0,0,0,,False
PYTH,2026-08-01T23:50:57.323Z,2026-08-01T23:50:57.323500Z,2026-08-02T01:50:57.323500Z,7748.438443,7,0.039264999999999994,12.733987011333614,5.17683239364427,-3.296,38.768115942028984,12.733987011333614,62.84982355557893,0,0,0,0,,False
QNT,2026-08-01T23:51:03.897Z,2026-08-01T23:51:03.898003Z,2026-08-02T01:51:03.898003Z,7741.86394,7,61.56,9.746588693957484,4.212244897959181,1.34,42.028985507246375,9.746588693957484,49.63128109288316,71,21,38,12,0.0141,False
RAY,2026-08-01T23:51:09.333Z,2026-08-01T23:51:09.333185Z,2026-08-02T01:51:09.333185Z,7736.428758,7,0.60595,11.552108259756135,3.508771929824561,0.332,31.884057971014492,11.552108259756135,55.38134043162456,11,9,1,1,0.7273,False
SHELL,2026-08-01T23:51:16.365Z,2026-08-01T23:51:16.366160Z,2026-08-02T01:51:16.366160Z,7729.395783,7,0.018250000000000002,54.79452054794487,4.371584699453563,1.667,28.26086956521739,54.79452054794487,44.79013056208608,0,0,0,0,,
SOLV,2026-08-01T23:51:21.525Z,2026-08-01T23:51:21.525291Z,2026-08-02T01:51:21.525291Z,7724.236652,7,0.0023550000000000003,42.462845010615816,5.508474576271182,0.0,29.71014492753623,42.462845010615816,39.457173040659356,0,0,0,0,,True
SPK,2026-08-01T23:51:28.265Z,2026-08-01T23:51:28.265978Z,2026-08-02T01:51:28.265978Z,7717.495965,7,0.015983999999999998,11.261261261261671,2.996537614101358,-1.525,30.797101449275363,11.261261261261671,58.79605067687507,66,25,24,17,0.0606,False
TURTLE,2026-08-01T23:51:35.362Z,2026-08-01T23:51:35.362284Z,2026-08-02T01:51:35.362284Z,7710.399659,7,0.0435,45.977011494252594,6.363636363636357,4.019,39.130434782608695,45.977011494252594,71.60836854945184,0,0,0,0,,False
VANA,2026-08-01T23:51:41.757Z,2026-08-01T23:51:41.757274Z,2026-08-02T01:51:41.757274Z,7704.004669,7,0.8855,11.293054771315651,3.14606741573034,-0.891,38.405797101449274,11.293054771315651,59.698403950408014,0,0,0,0,,False
VET,2026-08-01T23:51:48.892Z,2026-08-01T23:51:48.892993Z,2026-08-02T01:51:48.892993Z,7696.86895,7,0.0046765,6.415053993370107,4.028436018957338,-1.902,40.21739130434783,6.415053993370107,47.271112416774734,1,0,0,1,1.0,False
W,2026-08-01T23:51:56.264Z,2026-08-01T23:51:56.264472Z,2026-08-02T01:51:56.264472Z,7689.497471,7,0.008015,12.476606363068738,4.2713567839195985,-1.241,30.434782608695652,12.476606363068738,59.23993135962333,1,0,0,1,-1.0,False
1MBABYDOGE,2026-08-01T23:57:35.642Z,2026-08-01T23:57:35.642913Z,2026-08-02T01:57:35.642913Z,7350.11903,7,0.00030385000000000004,16.455487905216785,5.8920887123469035,-3.142,21.3768115942029,16.455487905216785,55.27566166845941,0,0,0,0,,True
2Z,2026-08-01T23:57:42.293Z,2026-08-01T23:57:42.293702Z,2026-08-02T01:57:42.293702Z,7343.468241,7,0.05563,10.78554736652966,3.2111756168359955,-1.36,21.73913043478261,10.78554736652966,36.95011866348672,0,0,0,0,,
AIXBT,2026-08-01T23:57:56.059Z,2026-08-01T23:57:56.059785Z,2026-08-02T01:57:56.059785Z,7329.702158,7,0.017169999999999998,23.29644729178908,4.332552693208437,-0.175,17.753623188405797,23.29644729178908,48.355234752565664,0,0,0,0,,False
ALT,2026-08-01T23:58:02.693Z,2026-08-01T23:58:02.694020Z,2026-08-02T01:58:02.694020Z,7323.067923,7,0.005795,17.25625539257911,3.8062283737024165,-0.345,20.28985507246377,17.25625539257911,47.84322362642347,0,0,0,0,,False
ARKM,2026-08-01T23:58:10.026Z,2026-08-01T23:58:10.026767Z,2026-08-02T01:58:10.026767Z,7315.735176,7,0.09355,10.689470871192183,4.4228694714131676,-3.337,20.652173913043477,10.689470871192183,56.99549120296154,25,5,16,4,0.28,False
MANTA,2026-08-01T23:59:46.087Z,2026-08-01T23:59:46.087824Z,2026-08-02T01:59:46.087824Z,7219.674119,7,0.059065,11.851350207398733,3.3950617283950666,-0.867,13.405797101449275,11.851350207398733,46.79310435129082,0,0,0,0,,False
NOT,2026-08-02T00:00:14.210Z,2026-08-02T00:00:14.211112Z,2026-08-02T02:00:14.211112Z,7791.580848,7,0.0003375,29.629629629628745,3.60360360360361,0.604,19.565217391304348,29.629629629628745,47.653863510943985,18,14,2,2,0.6111,False
ONT,2026-08-02T00:00:22.190Z,2026-08-02T00:00:22.190923Z,2026-08-02T02:00:22.190923Z,7783.601037,7,0.037695,13.26435866825693,3.5476126967191193,-0.425,23.91304347826087,13.26435866825693,59.780102307580805,0,0,0,0,,False
PIXEL,2026-08-02T00:00:29.977Z,2026-08-02T00:00:29.978248Z,2026-08-02T02:00:29.978248Z,7775.813712,7,0.004,50.00000000000013,4.738154613466315,-2.67,14.855072463768115,50.00000000000013,46.64025911520201,51,21,18,12,0.0196,False
PROVE,2026-08-02T00:00:37.193Z,2026-08-02T00:00:37.193378Z,2026-08-02T02:00:37.193378Z,7768.598582,7,0.17099999999999999,35.08771929824662,4.430005906674546,1.014,15.942028985507246,35.08771929824662,47.96599933619046,0,0,0,0,,False
RED,2026-08-02T00:00:44.299Z,2026-08-02T00:00:44.300153Z,2026-08-02T02:00:44.300153Z,7761.491807,7,0.0891,22.446689113356424,3.7585421412300812,-1.899,22.463768115942027,22.446689113356424,59.02151220908603,0,0,0,0,,False
REZ,2026-08-02T00:00:52.485Z,2026-08-02T00:00:52.485601Z,2026-08-02T02:00:52.485601Z,7753.306359,7,0.002589,15.449980687524516,3.7964774951076268,-0.39,23.18840579710145,15.449980687524516,62.38610226249179,63,8,55,0,0.1429,False
SSV,2026-08-02T00:00:59.991Z,2026-08-02T00:00:59.991330Z,2026-08-02T02:00:59.991330Z,7745.80063,7,2.231,44.82294935006828,4.824761037778783,1.244,26.81159420289855,44.82294935006828,63.818601457898474,0,0,0,0,,False
STO,2026-08-02T00:01:07.490Z,2026-08-02T00:01:07.490595Z,2026-08-02T02:01:07.490595Z,7738.301365,7,0.03725,26.84563758389339,6.301369863013709,-1.351,25.36231884057971,26.84563758389339,58.01169610959233,0,0,0,0,,False
SXT,2026-08-02T00:01:13.071Z,2026-08-02T00:01:13.071630Z,2026-08-02T02:01:13.071630Z,7732.72033,7,0.00678,29.49852507374639,4.71976401179941,-0.732,19.92753623188406,29.49852507374639,57.771106585518226,0,0,0,0,,False
THETA,2026-08-02T00:01:20.718Z,2026-08-02T00:01:20.718336Z,2026-08-02T02:01:20.718336Z,7725.073624,7,0.12695,23.631350925560827,2.8846153846153784,0.241,23.55072463768116,23.631350925560827,68.26310376018424,0,0,0,0,,False
TREE,2026-08-02T00:01:26.334Z,2026-08-02T00:01:26.334800Z,2026-08-02T02:01:26.334800Z,7719.45716,7,0.03555,28.12939521800362,3.7037037037037113,-1.955,15.217391304347826,28.12939521800362,55.39633061178984,0,0,0,0,,True
USUAL,2026-08-02T00:01:35.167Z,2026-08-02T00:01:35.168327Z,2026-08-02T02:01:35.168327Z,7710.623633,7,0.007925,12.61829652996794,5.256410256410264,2.228,25.72463768115942,12.61829652996794,52.43256445240217,12,10,0,2,0.75,False
XVG,2026-08-02T00:01:41.881Z,2026-08-02T00:01:41.881318Z,2026-08-02T02:01:41.881318Z,7703.910642,7,0.0019425,25.740025740024688,5.031120331950212,0.837,21.014492753623188,25.740025740024688,47.55583447709064,64,13,22,29,-0.5156,False
YGG,2026-08-02T00:01:49.309Z,2026-08-02T00:01:49.309677Z,2026-08-02T02:01:49.309677Z,7696.482283,7,0.01817,11.007154650524301,3.2924107142857157,-0.555,19.202898550724637,11.007154650524301,55.54451047540001,0,0,0,0,,False
1INCH,2026-08-02T00:07:25.643Z,2026-08-02T00:07:25.643258Z,2026-08-02T02:07:25.643258Z,7360.148702,7,0.0815,24.5398773006142,2.4875621890547284,-1.711,4.3478260869565215,24.5398773006142,42.2005189293006,0,0,0,0,,False
A,2026-08-02T00:07:32.555Z,2026-08-02T00:07:32.555289Z,2026-08-02T02:07:32.555289Z,7353.236671,7,0.06520000000000001,30.674846625765618,2.8037383177570034,0.0,0.7246376811594203,30.674846625765618,52.95399824264636,0,0,0,0,,False
ANIME,2026-08-02T00:07:40.223Z,2026-08-02T00:07:40.223345Z,2026-08-02T02:07:40.223345Z,7345.568615,7,0.002445,40.8997955010226,4.132231404958671,-1.224,3.9855072463768115,40.8997955010226,56.80637638940824,0,0,0,0,,False
API3,2026-08-02T00:07:45.957Z,2026-08-02T00:07:45.957517Z,2026-08-02T02:07:45.957517Z,7339.834443,7,0.19290000000000002,10.368066355624974,2.8257456828885483,0.052,11.594202898550725,10.368066355624974,38.79110342863101,0,0,0,0,,
AUCTION,2026-08-02T00:07:53.181Z,2026-08-02T00:07:53.181901Z,2026-08-02T02:07:53.181901Z,7332.610059,7,3.026,19.82815598149301,2.6890756302521033,-2.138,5.072463768115942,19.82815598149301,43.297106869161574,0,0,0,0,,False
BFUSD,2026-08-02T00:07:59.051Z,2026-08-02T00:07:59.051954Z,2026-08-02T02:07:59.051954Z,7326.740006,7,0.9984,6.009615384615835,0.07013325318104738,-0.06,1.8115942028985508,6.009615384615835,54.961832349865844,0,0,0,0,,True
BTC,2026-08-02T00:08:11.929Z,2026-08-02T00:08:11.929545Z,2026-08-02T02:08:11.929545Z,7313.862415,7,63332.975000000006,0.001578956302311279,1.3873958238772572,-0.24,100.0,0.001578956302311279,70.60719083950946,34,15,6,13,-0.2941,False
RARE,2026-08-02T00:09:56.186Z,2026-08-02T00:09:56.187083Z,2026-08-02T02:09:56.187083Z,7209.604877,7,0.012045,8.302200083021663,2.5252525252525246,-0.252,12.681159420289855,8.302200083021663,59.15358844809659,0,0,0,0,,False
STEEM,2026-08-02T00:10:26.774Z,2026-08-02T00:10:26.774451Z,2026-08-02T02:10:26.774451Z,7778.102876,7,0.03707,16.18559482061087,2.1762785636561537,-0.863,6.159420289855072,16.18559482061087,57.3621182527392,0,0,0,0,,
TNSR,2026-08-02T00:10:33.559Z,2026-08-02T00:10:33.559264Z,2026-08-02T02:10:33.559264Z,7771.318063,7,0.03025,33.05785123966922,5.000000000000004,-1.961,11.231884057971014,33.05785123966922,42.831330806473815,11,7,4,0,0.2727,False
UMA,2026-08-02T00:10:40.572Z,2026-08-02T00:10:40.572971Z,2026-08-02T02:10:40.572971Z,7764.304356,7,0.3395,29.45508100147278,5.029585798816556,-0.88,10.507246376811594,29.45508100147278,53.35232908867543,0,0,0,0,,False
USD1,2026-08-02T00:10:43.622Z,2026-08-02T00:10:43.622431Z,2026-08-02T02:10:43.622431Z,7761.254896,7,0.99905,1.0009509033580801,0.04003603242918186,-0.01,98.91304347826087,1.0009509033580801,68.98993423940719,0,0,0,0,,False
VELODROME,2026-08-02T00:10:49.319Z,2026-08-02T00:10:49.319346Z,2026-08-02T02:10:49.319346Z,7755.557981,7,0.016935,41.334514319457114,3.2777115613826098,-2.668,7.608695652173913,41.334514319457114,53.96763423640384,0,0,0,0,,
WAL,2026-08-02T00:10:55.922Z,2026-08-02T00:10:55.922848Z,2026-08-02T02:10:55.922848Z,7748.954479,7,0.02595,38.535645472061425,4.330708661417324,-1.931,2.898550724637681,38.535645472061425,62.19684335757943,0,0,0,0,,False
WCT,2026-08-02T00:11:03.245Z,2026-08-02T00:11:03.245912Z,2026-08-02T02:11:03.245912Z,7741.631415,7,0.036184999999999995,13.817880337156678,3.2053053329649113,-0.11,11.956521739130435,13.817880337156678,48.18624040991449,3,2,0,1,1.0,False
YB,2026-08-02T00:11:10.511Z,2026-08-02T00:11:10.511456Z,2026-08-02T02:11:10.511456Z,7734.365871,7,0.0664,30.120481927711708,2.2935779816513784,-1.208,5.797101449275362,30.120481927711708,61.16793204988101,0,0,0,0,,False
AAVE,2026-08-02T00:16:54.240Z,2026-08-02T00:16:54.241164Z,2026-08-02T02:16:54.241164Z,7390.636163,7,92.515,3.242717397178959,5.781112091791713,-3.451,94.56521739130434,3.242717397178959,59.57904041590967,5,4,0,1,0.6,False
ADA,2026-08-02T00:17:00.065Z,2026-08-02T00:17:00.065985Z,2026-08-02T02:17:00.065985Z,7384.811342,7,0.17835,5.606952621251288,5.112004595060321,3.631,96.73913043478261,5.606952621251288,67.36522926210255,35,16,14,5,0.3429,False
AVAX,2026-08-02T00:17:05.941Z,2026-08-02T00:17:05.941949Z,2026-08-02T02:17:05.941949Z,7378.935378,7,6.3405000000000005,4.731488052991445,6.66881963507186,-3.053,86.95652173913044,4.731488052991445,46.07556796956763,62,18,24,20,-0.129,False
BNB,2026-08-02T00:17:15.249Z,2026-08-02T00:17:15.249463Z,2026-08-02T02:17:15.249463Z,7369.627864,7,580.595,0.1722371015938977,3.3457249070631954,-1.932,98.18840579710145,0.1722371015938977,56.210481645788896,55,48,4,3,0.8182,False
COTI,2026-08-02T00:17:22.545Z,2026-08-02T00:17:22.546168Z,2026-08-02T02:17:22.546168Z,7362.331159,7,0.014565000000000002,34.3288705801577,22.884224779959382,-9.387,90.94202898550725,34.3288705801577,37.526832894718304,1,1,0,0,1.0,False
DOGE,2026-08-02T00:17:27.807Z,2026-08-02T00:17:27.807935Z,2026-08-02T02:17:27.807935Z,7357.069392,7,0.07012499999999999,1.4260249554361675,3.8005780346820917,-0.66,92.3913043478261,1.4260249554361675,59.09877028505467,39,19,13,7,0.4359,False
ENA,2026-08-02T00:17:33.072Z,2026-08-02T00:17:33.072595Z,2026-08-02T02:17:33.072595Z,7351.804732,7,0.08285000000000001,12.070006035003363,3.647798742138365,-0.873,90.21739130434783,12.070006035003363,60.75783529346592,3,1,2,0,0.3333,False
EPIC,2026-08-02T00:17:38.246Z,2026-08-02T00:17:38.246630Z,2026-08-02T02:17:38.246630Z,7346.630697,7,0.9274,12.939400474445653,27.676930147058826,10.205,88.40579710144928,12.939400474445653,73.47097858945264,1,1,0,0,1.0,False
EUR,2026-08-02T00:17:42.134Z,2026-08-02T00:17:42.134295Z,2026-08-02T02:17:42.134295Z,7342.743032,7,1.15205,0.8680178811682565,0.14754382919632314,-0.052,96.01449275362319,0.8680178811682565,64.84611252558807,0,0,0,0,,False
FET,2026-08-02T00:17:47.524Z,2026-08-02T00:17:47.525087Z,2026-08-02T02:17:47.525087Z,7337.35224,7,0.14145,7.069635913749663,4.744787922358012,-1.067,86.23188405797102,7.069635913749663,60.36485386699491,0,0,0,0,,False
GIGGLE,2026-08-02T00:17:52.369Z,2026-08-02T00:17:52.369937Z,2026-08-02T02:17:52.369937Z,7332.50739,7,43.31,13.853613484184315,44.05213270142178,-9.032,97.10144927536231,13.853613484184315,61.15262816940826,8,8,0,0,1.0,False
INJ,2026-08-02T00:17:58.731Z,2026-08-02T00:17:58.731213Z,2026-08-02T02:17:58.731213Z,7326.146114,7,4.939,4.04940271310117,2.794777641778857,1.176,89.4927536231884,4.04940271310117,60.57190357451737,7,4,0,3,0.7143,False
KAITO,2026-08-02T00:18:05.515Z,2026-08-02T00:18:05.516519Z,2026-08-02T02:18:05.516519Z,7319.360808,7,1.21445,10.704434105974546,15.891407307171852,11.191,89.1304347826087,10.704434105974546,67.34713963689487,21,18,1,2,0.7143,False
LINK,2026-08-02T00:18:10.593Z,2026-08-02T00:18:10.593307Z,2026-08-02T02:18:10.593307Z,7314.28402,7,8.2745,1.208532237598915,4.407577070694564,-1.066,93.47826086956522,1.208532237598915,60.66366411754084,37,32,5,0,0.8649,False
LTC,2026-08-02T00:18:15.542Z,2026-08-02T00:18:15.543080Z,2026-08-02T02:18:15.543080Z,7309.334247,7,44.745000000000005,2.234886579505645,2.5809372877518526,-0.338,91.66666666666667,2.234886579505645,54.93123713279835,44,32,8,4,0.7727,False
APT,2026-08-02T00:25:17.486Z,2026-08-02T00:25:17.487093Z,2026-08-02T02:25:17.487093Z,7488.316103,7,0.5625,17.77777777777582,3.085299455535393,-0.899,81.15942028985508,17.77777777777582,61.837374216734275,4,3,1,0,0.5,False
ARB,2026-08-02T00:25:22.868Z,2026-08-02T00:25:22.868793Z,2026-08-02T02:25:22.868793Z,7482.934403,7,0.08045,12.430080795525528,3.422053231939156,1.806,80.43478260869566,12.430080795525528,71.68094319569363,11,6,2,3,0.4545,False
BABY,2026-08-02T00:25:28.861Z,2026-08-02T00:25:28.861413Z,2026-08-02T02:25:28.861413Z,7476.941783,7,0.011810000000000001,16.934801016088837,15.758591785414918,3.111,82.6086956521739,16.934801016088837,55.22997100777514,18,18,0,0,0.8889,False
BANK,2026-08-02T00:25:33.666Z,2026-08-02T00:25:33.666624Z,2026-08-02T02:25:33.666624Z,7472.136572,7,0.048850000000000005,61.41248720573217,29.827915869980888,-10.903,85.14492753623189,61.41248720573217,37.139223499665675,12,5,2,5,0.5833,False
CAKE,2026-08-02T00:25:39.047Z,2026-08-02T00:25:39.047337Z,2026-08-02T02:25:39.047337Z,7466.755859,7,1.4235,7.024938531787074,4.900568181818179,-3.297,72.10144927536231,7.024938531787074,67.15358122602044,0,0,0,0,,False
CFX,2026-08-02T00:25:43.979Z,2026-08-02T00:25:43.979268Z,2026-08-02T02:25:43.979268Z,7461.823928,7,0.042645,7.034822370734038,6.3529411764705905,0.974,73.18840579710145,7.034822370734038,52.824467447418264,0,0,0,0,,False
CHZ,2026-08-02T00:25:49.531Z,2026-08-02T00:25:49.531424Z,2026-08-02T02:25:49.531424Z,7456.271772,7,0.012785,7.821666014860847,4.203013481363991,-2.248,71.3768115942029,7.821666014860847,56.25746457818028,2,2,0,0,0.0,False
DOT,2026-08-02T00:25:55.485Z,2026-08-02T00:25:55.485501Z,2026-08-02T02:25:55.485501Z,7450.317695,7,0.7935000000000001,12.602394454946449,3.4571062740076854,2.899,82.2463768115942,12.602394454946449,72.24485795858736,7,4,1,2,0.1429,False
GALA,2026-08-02T00:26:22.156Z,2026-08-02T00:26:22.157071Z,2026-08-02T02:26:22.157071Z,7423.646125,7,0.0017815,5.613247263541487,5.337876206700733,-3.082,71.73913043478261,5.613247263541487,44.49824281880365,29,27,0,2,0.7931,False
HOME,2026-08-02T00:26:36.747Z,2026-08-02T00:26:36.747709Z,2026-08-02T02:26:36.747709Z,7409.055487,7,0.006915,14.461315979753568,29.2604501607717,15.613,83.33333333333333,14.461315979753568,66.44841489852787,0,0,0,0,,False
ICP,2026-08-02T00:26:41.562Z,2026-08-02T00:26:41.562704Z,2026-08-02T02:26:41.562704Z,7404.240492,7,2.0515,4.874482086277796,4.498269896193759,-1.939,82.97101449275362,4.874482086277796,54.12349894077038,6,3,0,3,0.6667,False
LDO,2026-08-02T00:26:46.651Z,2026-08-02T00:26:46.651497Z,2026-08-02T02:26:46.651497Z,7399.151699,7,0.3316,6.031363088057237,8.187134502923962,-5.826,78.98550724637681,6.031363088057237,54.931657172375004,1,0,1,0,1.0,False
MMT,2026-08-02T00:26:56.344Z,2026-08-02T00:26:56.344967Z,2026-08-02T02:26:56.344967Z,7389.458229,7,0.17704999999999999,5.648121999436134,19.788359788359784,-9.871,84.78260869565217,5.648121999436134,42.343721336254205,1,0,0,1,0.0,False
OP,2026-08-02T00:27:01.587Z,2026-08-02T00:27:01.587449Z,2026-08-02T02:27:01.587449Z,7384.215747,7,0.08415,11.88354129530634,5.3012048192771095,-2.696,74.27536231884058,11.88354129530634,63.82185771875122,64,44,14,6,0.125,False
PENDLE,2026-08-02T00:27:07.826Z,2026-08-02T00:27:07.826993Z,2026-08-02T02:27:07.826993Z,7377.976203,7,1.4005,7.140307033203226,6.97841726618705,-3.405,81.52173913043478,7.140307033203226,66.95894525881876,0,0,0,0,,False
TRUMP,2026-08-02T00:27:39.308Z,2026-08-02T00:27:39.308344Z,2026-08-02T02:27:39.308344Z,7346.494852,7,1.4545,6.875214850464847,2.9965156794425187,1.342,76.81159420289855,6.875214850464847,66.68094190662144,37,32,1,4,0.7297,False
TST,2026-08-02T00:27:46.261Z,2026-08-02T00:27:46.262280Z,2026-08-02T02:27:46.262280Z,7339.540916,7,0.01133,17.652250661958682,20.000000000000004,-5.761,73.91304347826087,17.652250661958682,64.07530426877331,0,0,0,0,,False
0G,2026-08-02T00:33:56.547Z,2026-08-02T00:33:56.547852Z,2026-08-02T02:33:56.547852Z,7568.864768,7,0.1465,68.25938566552907,6.164383561643842,2.817,63.768115942028984,68.25938566552907,65.3022410351091,0,0,0,0,,False
FIL,2026-08-02T00:34:47.770Z,2026-08-02T00:34:47.770677Z,2026-08-02T02:34:47.770677Z,7517.641943,7,0.71045,9.85291012738453,5.149786019971457,-1.807,64.85507246376811,9.85291012738453,68.1763572177459,0,0,0,0,,False
HEI,2026-08-02T00:34:53.134Z,2026-08-02T00:34:53.134623Z,2026-08-02T02:34:53.134623Z,7512.277997,7,0.08245,12.128562765312658,23.84701912260967,9.08,68.84057971014492,12.128562765312658,69.91573849134524,2,2,0,0,1.0,False
HYPER,2026-08-02T00:35:01.411Z,2026-08-02T00:35:01.411309Z,2026-08-02T02:35:01.411309Z,7504.001311,7,0.06434999999999999,15.540015540015986,7.958477508650519,3.03,58.333333333333336,15.540015540015986,62.95536117928311,0,0,0,0,,False
JTO,2026-08-02T00:35:07.047Z,2026-08-02T00:35:07.047915Z,2026-08-02T02:35:07.047915Z,7498.364705,7,0.50225,5.973120955698695,5.51292407108239,-2.826,66.30434782608695,5.973120955698695,60.010226653859,3,2,1,0,0.3333,False
SEI,2026-08-02T00:36:18.463Z,2026-08-02T00:36:18.463828Z,2026-08-02T02:36:18.463828Z,7426.948792,7,0.041615,2.402979694820647,3.2706858677080812,-1.134,67.7536231884058,2.402979694820647,46.302130114041,0,0,0,0,,False
TRB,2026-08-02T00:36:40.863Z,2026-08-02T00:36:40.863911Z,2026-08-02T02:36:40.863911Z,7404.548709,7,13.575,7.366482504603895,2.2255192878338335,-0.296,56.88405797101449,7.366482504603895,67.6810946502088,0,0,0,0,,False
ZKC,2026-08-02T00:37:08.794Z,2026-08-02T00:37:08.794812Z,2026-08-02T02:37:08.794812Z,7376.617808,7,0.03755,26.63115845539357,4.0000000000000036,1.078,58.69565217391305,26.63115845539357,55.20956551858225,0,0,0,0,,False
ETHFI,2026-08-02T00:38:33.787Z,2026-08-02T00:38:33.787499Z,2026-08-02T02:38:33.787499Z,7291.625121,7,0.40065,7.48783227255627,7.4993666075500425,-5.143,43.47826086956522,7.48783227255627,47.00139142768642,0,0,0,0,,False
INIT,2026-08-02T00:38:51.520Z,2026-08-02T00:38:51.520310Z,2026-08-02T02:38:51.520310Z,7273.89231,7,0.05075,19.704433497536144,4.835589941972924,4.868,42.391304347826086,19.704433497536144,61.347522834173546,0,0,0,0,,False
LINEA,2026-08-02T00:48:11.588Z,2026-08-02T00:48:11.588962Z,2026-08-02T02:48:11.588962Z,7312.973633,7,0.002236,8.944543828264006,4.774897680763987,-2.267,38.04347826086956,8.944543828264006,64.99700886924379,0,0,0,0,,False
LISTA,2026-08-02T00:48:18.341Z,2026-08-02T00:48:18.341654Z,2026-08-02T02:48:18.341654Z,7306.220941,7,0.05265,18.993352326684885,9.963099630996302,7.115,36.231884057971016,18.993352326684885,56.6327365681814,3,2,1,0,1.0,False
MEME,2026-08-02T00:48:30.872Z,2026-08-02T00:48:30.872746Z,2026-08-02T02:48:30.872746Z,7293.689849,7,0.0005015,19.94017946161348,7.142857142857144,-2.515,39.85507246376812,19.94017946161348,29.990598302929296,55,31,17,7,0.8909,False
MINA,2026-08-02T00:57:52.462Z,2026-08-02T00:57:52.463130Z,2026-08-02T02:57:52.463130Z,7333.219338,7,0.04105,24.360535931789506,3.209876543209883,-0.978,26.08695652173913,24.360535931789506,47.587473912303274,1,0,0,1,-1.0,False
MITO,2026-08-02T00:58:00.313Z,2026-08-02T00:58:00.313192Z,2026-08-02T02:58:00.313192Z,7325.369276,7,0.02139,18.70032725572621,5.3352219074598635,-2.396,27.536231884057973,18.70032725572621,58.30099564663149,0,0,0,0,,False
1000SATS,2026-08-02T01:21:55.459Z,2026-08-02T01:21:55.459526Z,2026-08-02T03:21:55.459526Z,7691.082275,7,1.1410000000000001e-05,17.528483786153814,33.51698806244261,-9.776,85.5072463768116,17.528483786153814,51.382270425014255,13,5,3,5,0.6923,False
ALGO,2026-08-02T01:22:05.897Z,2026-08-02T01:22:05.897967Z,2026-08-02T03:22:05.897967Z,7680.643834,7,0.07925,12.618296529967065,3.422053231939156,-0.379,80.07246376811594,12.618296529967065,66.63745161329076,2,0,2,0,1.0,False
ALLO,2026-08-02T01:22:11.127Z,2026-08-02T01:22:11.127931Z,2026-08-02T03:22:11.127931Z,7675.41387,7,0.27005,3.7030179596366963,9.91887905604719,-1.13,79.34782608695652,3.7030179596366963,60.9978687387611,30,4,23,3,-0.5333,False
TLM,2026-08-02T01:24:16.174Z,2026-08-02T01:24:16.174854Z,2026-08-02T03:24:16.174854Z,7550.366947,7,0.0016255,18.45585973546579,27.794746487477102,-5.485,85.14492753623189,18.45585973546579,63.1263898943755,0,0,0,0,,False
1000CHEEMS,2026-08-02T01:34:20.563Z,2026-08-02T01:34:20.564046Z,2026-08-02T03:34:20.564046Z,7547.59864,7,0.0004805,20.811654526534237,6.289308176100635,-4.024,48.55072463768116,20.811654526534237,56.9149869898047,3,1,2,0,-0.3333,False
ACH,2026-08-02T01:34:25.741Z,2026-08-02T01:34:25.741393Z,2026-08-02T03:34:25.741393Z,7542.421293,7,0.004475,22.34636871508289,6.473214285714294,-3.863,47.46376811594203,22.34636871508289,64.74024429004969,0,0,0,0,,False
AR,2026-08-02T01:34:35.804Z,2026-08-02T01:34:35.804479Z,2026-08-02T03:34:35.804479Z,7532.358207,7,1.749,11.435105774728425,3.626943005181344,0.0,51.44927536231884,11.435105774728425,44.14186009119327,0,0,0,0,,False
BARD,2026-08-02T01:34:41.093Z,2026-08-02T01:34:41.093604Z,2026-08-02T03:34:41.093604Z,7527.069082,7,0.11025,9.0702947845795,5.287146763901549,-4.359,46.73913043478261,9.0702947845795,57.349907711225846,0,0,0,0,,False
BOME,2026-08-02T01:34:46.273Z,2026-08-02T01:34:46.274046Z,2026-08-02T03:34:46.274046Z,7521.88864,7,0.0005682,14.0795494544178,9.755665722379621,-6.008,54.34782608695652,14.0795494544178,55.9379128778861,0,0,0,0,,False
EDEN,2026-08-02T01:34:52.957Z,2026-08-02T01:34:52.957847Z,2026-08-02T03:34:52.957847Z,7515.204839,7,0.036325,19.2704748795597,7.074677147669833,-5.14,53.98550724637681,19.2704748795597,44.09935054577109,0,0,0,0,,False
HEMI,2026-08-02T01:35:21.324Z,2026-08-02T01:35:21.324863Z,2026-08-02T03:35:21.324863Z,7486.837823,7,0.0047150000000000004,21.2089077412523,5.0314465408804985,2.361,53.26086956521739,21.2089077412523,64.54321078840266,0,0,0,0,,False
KERNEL,2026-08-02T01:35:49.516Z,2026-08-02T01:35:49.517019Z,2026-08-02T03:35:49.517019Z,7458.645667,7,0.032350000000000004,30.911901081915275,6.172839506172846,-0.308,51.08695652173913,30.911901081915275,51.429325138763524,1,1,0,0,1.0,False
AVNT,2026-08-02T01:43:25.608Z,2026-08-02T01:43:25.608578Z,2026-08-02T03:43:25.608578Z,7600.2387,7,0.08305,12.040939193255749,4.257907542579079,-1.909,33.69565217391305,12.040939193255749,62.08704209544226,0,0,0,0,,False
AXS,2026-08-02T01:43:32.343Z,2026-08-02T01:43:32.344215Z,2026-08-02T03:43:32.344215Z,7593.503063,7,0.8325,12.012012012012022,3.256936067551269,-1.192,28.6231884057971,12.012012012012022,64.0391127987273,12,11,0,1,0.75,False
BANANAS31,2026-08-02T01:43:39.736Z,2026-08-02T01:43:39.736913Z,2026-08-02T03:43:39.736913Z,7586.110365,7,0.0070525,12.76143211627129,4.855062116235899,-1.283,33.333333333333336,12.76143211627129,62.08851763417715,0,0,0,0,,
BIO,2026-08-02T01:43:44.283Z,2026-08-02T01:43:44.283937Z,2026-08-02T03:43:44.283937Z,7581.563341,7,0.02245,8.908685968819237,6.093189964157706,-3.46,40.94202898550725,8.908685968819237,46.63611136479502,0,0,0,0,,False
BMT,2026-08-02T01:43:49.583Z,2026-08-02T01:43:49.583852Z,2026-08-02T03:43:49.583852Z,7576.263426,7,0.011785,8.485362749257185,6.503378378378377,0.509,40.21739130434783,8.485362749257185,64.63280423615439,0,0,0,0,,False
CGPT,2026-08-02T01:44:01.410Z,2026-08-02T01:44:01.411177Z,2026-08-02T03:44:01.411177Z,7564.436101,7,0.018545,5.392289026691611,5.10314875135722,0.601,39.130434782608695,5.392289026691611,47.463751789081506,3,2,0,1,-0.3333,False
CKB,2026-08-02T01:44:16.218Z,2026-08-02T01:44:16.218596Z,2026-08-02T03:44:16.218596Z,7549.628682,7,0.0008205,12.187690432663306,5.15337423312884,-3.321,34.05797101449275,12.187690432663306,61.84554372532999,0,0,0,0,,False
COOKIE,2026-08-02T01:44:23.079Z,2026-08-02T01:44:23.079958Z,2026-08-02T03:44:23.079958Z,7542.76732,7,0.00775,129.03225806451536,7.792207792207802,-4.938,32.971014492753625,129.03225806451536,37.37360340322826,0,0,0,0,,False
CVX,2026-08-02T01:44:30.018Z,2026-08-02T01:44:30.019039Z,2026-08-02T03:44:30.019039Z,7535.828239,7,1.2865,54.41119315973663,8.562450903377865,0.079,34.42028985507246,54.41119315973663,43.83906657025649,0,0,0,0,,False
ETC,2026-08-02T01:44:35.986Z,2026-08-02T01:44:35.986905Z,2026-08-02T03:44:35.986905Z,7529.860373,7,6.585,15.186028853454497,4.73282442748091,-1.504,30.07246376811594,15.186028853454497,62.23420192460159,1,0,0,1,-1.0,False
FORM,2026-08-02T01:44:43.030Z,2026-08-02T01:44:43.030273Z,2026-08-02T03:44:43.030273Z,7522.817005,7,0.20005,14.996250937265419,10.589410589410603,-5.343,28.985507246376812,14.996250937265419,59.04198661594202,0,0,0,0,,False
GMT,2026-08-02T01:44:50.494Z,2026-08-02T01:44:50.494737Z,2026-08-02T03:44:50.494737Z,7515.352541,7,0.006725,14.869888475835825,4.65465465465466,1.062,31.884057971014492,14.869888475835825,50.908315066681844,0,0,0,0,,False
GRT,2026-08-02T01:44:57.064Z,2026-08-02T01:44:57.064371Z,2026-08-02T03:44:57.064371Z,7508.782907,7,0.014335,6.975933031042618,3.3731553056921966,-1.386,35.869565217391305,6.975933031042618,63.40249304972044,1,0,0,1,-1.0,False
PARTI,2026-08-02T01:46:05.447Z,2026-08-02T01:46:05.447761Z,2026-08-02T03:46:05.447761Z,7440.399517,7,0.024149999999999998,41.40786749482377,2.857142857142854,0.823,36.231884057971016,41.40786749482377,67.3031129166983,0,0,0,0,,False
1000CAT,2026-08-02T01:52:36.669Z,2026-08-02T01:52:36.669693Z,2026-08-02T03:52:36.669693Z,7649.667635,7,0.001425,70.17543859649142,4.895104895104892,2.878,13.768115942028986,70.17543859649142,67.02384017508967,67,24,36,7,0.2836,False
AT,2026-08-02T01:53:10.613Z,2026-08-02T01:53:10.613412Z,2026-08-02T03:53:10.613412Z,7615.723916,7,0.1394,28.694404591105556,7.4125874125874125,5.38,16.666666666666668,28.694404591105556,64.23409204809491,0,0,0,0,,False
BB,2026-08-02T01:53:16.946Z,2026-08-02T01:53:16.946284Z,2026-08-02T03:53:16.946284Z,7609.391044,7,0.014755,20.33209081667266,6.070941336971352,-4.371,25.0,20.33209081667266,57.21004748217298,0,0,0,0,,False
BEAMX,2026-08-02T01:53:23.282Z,2026-08-02T01:53:23.282718Z,2026-08-02T03:53:23.282718Z,7603.05461,7,0.0014455,20.7540643375992,3.0662020905923333,-0.966,18.115942028985508,20.7540643375992,50.18256269352019,0,0,0,0,,True
BERA,2026-08-02T01:53:30.341Z,2026-08-02T01:53:30.342219Z,2026-08-02T03:53:30.342219Z,7595.995109,7,0.15375,6.50406504064969,3.7564766839378234,-0.258,15.942028985507246,6.50406504064969,58.283757176604475,0,0,0,0,,False
BLUR,2026-08-02T01:53:36.957Z,2026-08-02T01:53:36.957722Z,2026-08-02T03:53:36.957722Z,7589.379606,7,0.013955,7.165890361877171,4.6941678520625825,-2.021,14.855072463768115,7.165890361877171,61.972136383688905,0,0,0,0,,False
C,2026-08-02T01:53:43.104Z,2026-08-02T01:53:43.104859Z,2026-08-02T03:53:43.104859Z,7583.232469,7,0.05355,18.67413632119568,4.859813084112146,-1.835,17.391304347826086,18.67413632119568,55.60160778826602,0,0,0,0,,False
CETUS,2026-08-02T01:53:50.097Z,2026-08-02T01:53:50.097284Z,2026-08-02T03:53:50.097284Z,7576.240044,7,0.017735,5.638567803777611,3.4698521046643886,-1.347,26.81159420289855,5.638567803777611,66.76969798707248,0,0,0,0,,False
COW,2026-08-02T01:53:57.040Z,2026-08-02T01:53:57.040283Z,2026-08-02T03:53:57.040283Z,7569.297045,7,0.11445,8.73743993010073,4.593639575971729,-2.582,19.92753623188406,8.73743993010073,47.021537969482466,1,0,0,1,-1.0,False
DYM,2026-08-02T01:54:03.391Z,2026-08-02T01:54:03.391720Z,2026-08-02T03:54:03.391720Z,7562.945608,7,0.013125,7.6190476190473095,5.243161094224921,0.381,24.63768115942029,7.6190476190473095,47.94505744966279,1,0,0,1,-1.0,False
ENS,2026-08-02T01:54:10.508Z,2026-08-02T01:54:10.508569Z,2026-08-02T03:54:10.508569Z,7555.828759,7,4.255,23.501762632196915,2.606635071090034,-0.706,22.82608695652174,23.501762632196915,50.39709555268653,0,0,0,0,,False
HAEDAL,2026-08-02T01:54:30.739Z,2026-08-02T01:54:30.739800Z,2026-08-02T03:54:30.739800Z,7535.597528,7,0.01524,26.246719160105055,2.1724818959842027,-0.131,15.217391304347826,26.246719160105055,47.51297392200091,0,0,0,0,,False
HOLO,2026-08-02T01:54:37.611Z,2026-08-02T01:54:37.611400Z,2026-08-02T03:54:37.611400Z,7528.725928,7,0.06484999999999999,15.420200462606457,6.163328197226508,-2.844,14.492753623188406,15.420200462606457,56.39975234101914,1,0,1,0,1.0,False
LAYER,2026-08-02T01:54:51.008Z,2026-08-02T01:54:51.008427Z,2026-08-02T03:54:51.008427Z,7515.328901,7,0.061649999999999996,16.22060016220534,4.390243902439037,-1.6,17.753623188405797,16.22060016220534,48.41978317764725,0,0,0,0,,False
ACT,2026-08-02T02:02:12.018Z,2026-08-02T02:02:12.018636Z,2026-08-02T04:02:12.018636Z,7674.213872,7,0.008915,33.651149747616955,4.905239687848377,-1.752,12.681159420289855,33.651149747616955,61.884187935021544,0,0,0,0,,False
CATI,2026-08-02T02:02:51.437Z,2026-08-02T02:02:51.437966Z,2026-08-02T04:02:51.437966Z,7634.794542,7,0.037235000000000004,8.05693567879557,5.0227090569062245,-0.08,7.971014492753623,8.05693567879557,62.236366966995696,0,0,0,0,,False
COMP,2026-08-02T02:02:57.651Z,2026-08-02T02:02:57.651853Z,2026-08-02T04:02:57.651853Z,7628.580655,7,16.61,36.122817579772594,1.3325257419745753,-0.121,1.4492753623188406,36.122817579772594,42.06943948804426,67,35,18,14,0.3881,False
CYBER,2026-08-02T02:03:04.478Z,2026-08-02T02:03:04.479119Z,2026-08-02T04:03:04.479119Z,7621.753389,7,0.3035,32.94892915980234,2.6490066225165587,-1.307,1.0869565217391304,32.94892915980234,45.28499313563063,0,0,0,0,,False
DOLO,2026-08-02T02:03:11.333Z,2026-08-02T02:03:11.333383Z,2026-08-02T04:03:11.333383Z,7614.899125,7,0.02126,9.407337723423888,2.7673545966228907,1.235,6.159420289855072,9.407337723423888,50.56502727109555,0,0,0,0,,False
ETH,2026-08-02T02:03:15.845Z,2026-08-02T02:03:15.845911Z,2026-08-02T04:03:15.845911Z,7610.386597,7,1878.5149999999999,0.053233538193684406,2.8858814133695962,-0.638,99.6376811594203,0.053233538193684406,65.56767790682245,29,18,7,4,0.4828,False
EURI,2026-08-02T02:03:20.543Z,2026-08-02T02:03:20.543489Z,2026-08-02T04:03:20.543489Z,7605.689019,7,1.15115,6.080875646092369,0.15629070070331022,0.043,5.072463768115942,6.080875646092369,53.50755410915735,0,0,0,0,,
F,2026-08-02T02:03:27.595Z,2026-08-02T02:03:27.595703Z,2026-08-02T04:03:27.595703Z,7598.636805,7,0.0028450000000000003,35.14938488576459,2.4822695035461058,-1.742,2.536231884057971,35.14938488576459,33.78134620874729,0,0,0,0,,
FDUSD,2026-08-02T02:03:31.029Z,2026-08-02T02:03:31.029440Z,2026-08-02T04:03:31.029440Z,7595.203068,7,0.99715,1.0028581457151782,0.09026175910139524,-0.01,99.27536231884058,1.0028581457151782,55.85392099711464,0,0,0,0,,False
FF,2026-08-02T02:03:35.981Z,2026-08-02T02:03:35.981738Z,2026-08-02T04:03:35.981738Z,7590.25077,7,0.064765,4.632131552536439,2.6526835286859956,-0.292,10.144927536231885,4.632131552536439,71.31647966802157,0,0,0,0,,False
FLUX,2026-08-02T02:03:42.083Z,2026-08-02T02:03:42.084031Z,2026-08-02T04:03:42.084031Z,7584.148477,7,0.0392,51.020408163264996,3.0927835051546384,-0.513,3.6231884057971016,51.020408163264996,43.005259797148454,0,0,0,0,,False
GPS,2026-08-02T02:03:46.974Z,2026-08-02T02:03:46.974896Z,2026-08-02T04:03:46.974896Z,7579.257612,7,0.009365,10.678056593699512,4.670912951167723,1.399,8.695652173913043,10.678056593699512,44.5711609201247,0,0,0,0,,
HIVE,2026-08-02T02:03:53.627Z,2026-08-02T02:03:53.627687Z,2026-08-02T04:03:53.627687Z,7572.604821,7,0.042050000000000004,23.781212841853964,3.117505995203843,-1.882,9.782608695652174,23.781212841853964,40.887636210192134,0,0,0,0,,False
ILV,2026-08-02T02:04:00.228Z,2026-08-02T02:04:00.229182Z,2026-08-02T04:04:00.229182Z,7566.003326,7,2.87,69.68641114982584,4.9469964664310995,-0.702,3.260869565217391,69.68641114982584,37.56998813860177,0,0,0,0,,False
LA,2026-08-02T02:04:05.427Z,2026-08-02T02:04:05.428091Z,2026-08-02T04:04:05.428091Z,7560.804417,7,0.0499,40.080160320642435,2.352941176470588,-0.778,3.9855072463768115,40.080160320642435,58.35637986389112,0,0,0,0,,False
NEWT,2026-08-02T02:04:11.714Z,2026-08-02T02:04:11.714501Z,2026-08-02T04:04:11.714501Z,7554.518007,7,0.0401,49.87531172069796,2.985074626865671,-0.985,0.7246376811594203,49.87531172069796,51.83182981962154,0,0,0,0,,True
NMR,2026-08-02T02:04:16.682Z,2026-08-02T02:04:16.683185Z,2026-08-02T04:04:16.683185Z,7549.549323,7,8.565000000000001,11.675423234091985,1.7441860465116321,0.233,1.8115942028985508,11.675423234091985,55.524931693969556,0,0,0,0,,False
NXPC,2026-08-02T02:04:23.392Z,2026-08-02T02:04:23.392932Z,2026-08-02T04:04:23.392932Z,7542.839576,7,0.2478,24.213075060532265,5.9181191730847305,-1.399,11.231884057971014,24.213075060532265,55.58558698166436,0,0,0,0,,False
RPL,2026-08-02T02:04:33.608Z,2026-08-02T02:04:33.608859Z,2026-08-02T04:04:33.608859Z,7532.623649,7,1.5550000000000002,64.30868167202577,2.5974025974025996,-1.911,5.797101449275362,64.30868167202577,36.506792812666376,0,0,0,0,,False
SIGN,2026-08-02T02:04:38.475Z,2026-08-02T02:04:38.475666Z,2026-08-02T04:04:38.475666Z,7527.756842,7,0.006835,14.630577907826764,4.424778761061946,-2.865,9.420289855072463,14.630577907826764,61.939002387798745,0,0,0,0,,False
SKL,2026-08-02T02:04:45.534Z,2026-08-02T02:04:45.534738Z,2026-08-02T04:04:45.534738Z,7520.69777,7,0.00371,53.90835579514839,4.289544235924933,-0.798,10.869565217391305,53.90835579514839,50.47770063472407,0,0,0,0,,False
SOPH,2026-08-02T02:04:52.232Z,2026-08-02T02:04:52.232815Z,2026-08-02T04:04:52.232815Z,7513.999693,7,0.003955,25.284450063210095,3.2994923857867993,-1.99,6.521739130434782,25.284450063210095,54.237833290082975,0,0,0,0,,
BCH,2026-08-02T02:11:28.207Z,2026-08-02T02:11:28.207199Z,2026-08-02T04:11:28.207199Z,7717.305689,7,209.55,4.772130756382453,3.1776600866634546,-0.717,87.68115942028986,4.772130756382453,57.28948981602407,5,3,2,0,0.6,False
HBAR,2026-08-02T02:12:01.876Z,2026-08-02T02:12:01.877222Z,2026-08-02T04:12:01.877222Z,7683.635666,7,0.06962499999999999,1.436265709155637,2.6851450844521443,-0.972,85.8695652173913,1.436265709155637,56.1280196373239,3,2,1,0,1.0,False
NEAR,2026-08-02T02:12:27.222Z,2026-08-02T02:12:27.222227Z,2026-08-02T04:12:27.222227Z,7658.290661,7,1.7135,5.836008170410795,3.6971830985915464,2.036,96.3768115942029,5.836008170410795,65.24548810715324,1,0,1,0,1.0,False
ONDO,2026-08-02T02:12:32.468Z,2026-08-02T02:12:32.468777Z,2026-08-02T04:12:32.468777Z,7653.044111,7,0.39295,2.5448530347369633,4.50379680544645,-2.277,87.31884057971014,2.5448530347369633,63.57873676823144,7,4,2,1,0.1429,False
ORDI,2026-08-02T02:12:37.036Z,2026-08-02T02:12:37.036271Z,2026-08-02T04:12:37.036271Z,7648.476617,7,3.6405,8.24062628759817,9.848275862068972,-2.971,90.94202898550725,8.24062628759817,68.04471818028549,4,1,1,2,-0.5,False
PENGU,2026-08-02T02:12:41.939Z,2026-08-02T02:12:41.939945Z,2026-08-02T04:12:41.939945Z,7643.572943,7,0.0060955,1.6405545074237269,5.245738871421472,-0.837,90.21739130434783,1.6405545074237269,57.167892133363715,1,1,0,0,1.0,False
PEPE,2026-08-02T02:12:47.020Z,2026-08-02T02:12:47.020797Z,2026-08-02T04:12:47.020797Z,7638.492091,7,2.885e-06,34.66204506065825,3.558718861209975,1.079,92.3913043478261,34.66204506065825,65.9170798924932,38,34,2,2,0.6842,False
PUMP,2026-08-02T02:12:51.442Z,2026-08-02T02:12:51.442704Z,2026-08-02T04:12:51.442704Z,7634.070184,7,0.0022185,4.507550146495978,9.333333333333336,4.117,94.20289855072464,4.507550146495978,65.74848145527915,8,8,0,0,1.0,False
SHIB,2026-08-02T02:12:55.831Z,2026-08-02T02:12:55.831717Z,2026-08-02T04:12:55.831717Z,7629.681171,7,4.945e-06,20.222446916076652,7.64462809917355,-2.024,91.66666666666667,20.222446916076652,57.743143960403735,24,6,14,4,0.7917,False
SOL,2026-08-02T02:13:00.256Z,2026-08-02T02:13:00.257121Z,2026-08-02T04:13:00.257121Z,7625.255767,7,73.255,1.3650945327970947,3.621285418106434,-0.904,98.55072463768116,1.3650945327970947,68.84470517980725,24,13,8,3,0.6667,False
SUI,2026-08-02T02:13:05.622Z,2026-08-02T02:13:05.622550Z,2026-08-02T04:13:05.622550Z,7619.890338,7,0.69015,1.4489603709336951,3.9800264355999433,-0.526,94.92753623188406,1.4489603709336951,62.8809776304217,3,1,1,1,0.6667,False
SYN,2026-08-02T02:13:10.025Z,2026-08-02T02:13:10.025788Z,2026-08-02T04:13:10.025788Z,7615.4871,7,0.089925,21.128718376425866,30.413816305932478,-7.5,95.28985507246377,21.128718376425866,47.774594476548955,20,8,7,5,0.55,False
TAO,2026-08-02T02:13:15.001Z,2026-08-02T02:13:15.001468Z,2026-08-02T04:13:15.001468Z,7610.51142,7,193.85000000000002,5.158627805003576,5.233160621761655,-0.924,88.76811594202898,5.158627805003576,62.179426553146556,4,3,0,1,0.0,False
TRX,2026-08-02T02:13:19.875Z,2026-08-02T02:13:19.875180Z,2026-08-02T04:13:19.875180Z,7605.637708,7,0.32795,3.0492453117849974,1.0978956999085063,0.46,95.65217391304348,3.0492453117849974,58.4482091580041,28,22,5,1,0.8214,False
UNI,2026-08-02T02:13:28.530Z,2026-08-02T02:13:28.530636Z,2026-08-02T04:13:28.530636Z,7596.982252,7,4.183,4.781257470714271,8.062545809919376,-4.77,93.84057971014492,4.781257470714271,55.93835486800864,16,8,5,3,0.625,False
XRP,2026-08-02T02:13:33.203Z,2026-08-02T02:13:33.203787Z,2026-08-02T04:13:33.203787Z,7592.309101,7,1.08115,0.9249410350089162,1.858980377429353,0.132,97.46376811594203,0.9249410350089162,73.05134965966923,51,35,7,9,0.7255,False
ZEC,2026-08-02T02:13:37.910Z,2026-08-02T02:13:37.911038Z,2026-08-02T04:13:37.911038Z,7587.60185,7,472.16499999999996,1.4825325892430226,3.4095527368398533,1.874,93.47826086956522,1.4825325892430226,57.29072505054812,18,12,2,4,0.6111,False
ZRO,2026-08-02T02:13:42.764Z,2026-08-02T02:13:42.764438Z,2026-08-02T04:13:42.764438Z,7582.74845,7,0.7224999999999999,13.840830449827005,6.648199445983385,-2.564,90.57971014492753,13.840830449827005,62.18606117583205,2,2,0,0,1.0,False
DYDX,2026-08-02T02:19:53.701Z,2026-08-02T02:19:53.701840Z,2026-08-02T04:19:53.701840Z,7211.811048,7,0.11324500000000001,13.245617908075177,5.282725229119838,1.715,82.97101449275362,13.245617908075177,78.0612889169069,0,0,0,0,,False
ENSO,2026-08-02T02:20:00.805Z,2026-08-02T02:20:00.806161Z,2026-08-02T04:20:00.806161Z,7204.706727,7,0.9075,11.019283746556484,16.306695464362853,1.535,81.8840579710145,11.019283746556484,73.21427105887744,1,0,0,1,1.0,False
ERA,2026-08-02T02:20:07.529Z,2026-08-02T02:20:07.529824Z,2026-08-02T04:20:07.529824Z,7798.275934,7,0.067,29.85074626865757,4.6715328467153405,2.699,74.6376811594203,29.85074626865757,73.85887658660107,0,0,0,0,,False
EUL,2026-08-02T02:20:17.054Z,2026-08-02T02:20:17.054870Z,2026-08-02T04:20:17.054870Z,7788.750888,7,1.627,24.585125998770764,29.562500000000004,15.191,80.79710144927536,24.585125998770764,67.29735267636507,26,6,16,4,-0.1538,False
MIRA,2026-08-02T02:20:41.335Z,2026-08-02T02:20:41.335912Z,2026-08-02T04:20:41.335912Z,7764.469846,7,0.04115,24.301336573512238,3.836930455635502,-2.797,84.42028985507247,24.301336573512238,59.856154653101896,0,0,0,0,,False
ROSE,2026-08-02T02:21:03.834Z,2026-08-02T02:21:03.834184Z,2026-08-02T04:21:03.834184Z,7741.971574,7,0.005535,18.066847335139283,9.289617486338798,5.374,77.17391304347827,18.066847335139283,71.80888553541722,22,9,13,0,0.9545,False
RUNE,2026-08-02T02:21:09.891Z,2026-08-02T02:21:09.891417Z,2026-08-02T04:21:09.891417Z,7735.914341,7,0.4425,22.598870056497194,2.9680365296803677,1.86,76.44927536231884,22.598870056497194,75.54545407123473,1,0,1,0,1.0,False
STRK,2026-08-02T02:21:14.541Z,2026-08-02T02:21:14.541905Z,2026-08-02T04:21:14.541905Z,7731.263853,7,0.024415,4.095842719639399,7.714521452145215,-5.46,75.0,4.095842719639399,62.431455156666104,0,0,0,0,,False
TIA,2026-08-02T02:21:18.624Z,2026-08-02T02:21:18.624368Z,2026-08-02T04:21:18.624368Z,7727.18139,7,0.32985,3.031681067153085,4.830769230769228,0.806,71.3768115942029,3.031681067153085,64.90077706032558,25,3,15,7,0.12,False
TUT,2026-08-02T02:21:34.479Z,2026-08-02T02:21:34.479360Z,2026-08-02T04:21:34.479360Z,7711.326398,7,0.017115,29.21413964358631,15.678449258836958,9.9,76.08695652173913,29.21413964358631,59.40846928518281,0,0,0,0,,False
WIF,2026-08-02T02:21:38.668Z,2026-08-02T02:21:38.669124Z,2026-08-02T04:21:38.669124Z,7707.136634,7,0.13874999999999998,7.207207207208415,8.248175182481754,-5.971,79.71014492753623,7.207207207208415,59.13686383770281,2,1,1,0,1.0,False
WLD,2026-08-02T02:21:42.854Z,2026-08-02T02:21:42.854902Z,2026-08-02T04:21:42.854902Z,7702.950856,7,0.3166,6.317119393555843,4.79317137229153,0.861,77.53623188405797,6.317119393555843,58.84887209327019,0,0,0,0,,False
WLFI,2026-08-02T02:21:47.517Z,2026-08-02T02:21:47.517837Z,2026-08-02T04:21:47.517837Z,7698.287921,7,0.05545,18.034265103697543,4.136690647482021,1.275,81.52173913043478,18.034265103697543,72.03132200701401,1,1,0,0,1.0,False
XLM,2026-08-02T02:21:52.222Z,2026-08-02T02:21:52.222895Z,2026-08-02T04:21:52.222895Z,7693.582863,7,0.17495,5.715918833951928,2.6869158878504633,-0.754,84.78260869565217,5.715918833951928,66.42259353668695,65,27,37,1,0.5692,False
XPL,2026-08-02T02:21:57.681Z,2026-08-02T02:21:57.681544Z,2026-08-02T04:21:57.681544Z,7688.124214,7,0.076905,3.9009167154284174,7.002360346184123,1.734,75.3623188405797,3.9009167154284174,55.54411182373055,0,0,0,0,,False
ZEN,2026-08-02T02:22:07.699Z,2026-08-02T02:22:07.699997Z,2026-08-02T04:22:07.699997Z,7678.105761,7,4.0385,7.428500680946177,5.025125628140697,1.947,78.98550724637681,7.428500680946177,67.55867103498595,0,0,0,0,,False
APE,2026-08-02T02:27:45.219Z,2026-08-02T02:27:45.219981Z,2026-08-02T04:27:45.219981Z,7340.585777,7,0.13145,7.6074553062013495,4.214559386973184,-3.619,68.84057971014492,7.6074553062013495,59.07173096995099,4,2,2,0,0.5,False
ASTER,2026-08-02T02:27:49.555Z,2026-08-02T02:27:49.556051Z,2026-08-02T04:27:49.556051Z,7336.249707,7,0.6045,16.542597187758492,1.1608623548922068,0.5,59.05797101449275,16.542597187758492,78.20248557604319,2,1,0,1,0.0,False
ATOM,2026-08-02T02:27:54.969Z,2026-08-02T02:27:54.969445Z,2026-08-02T04:27:54.969445Z,7330.836313,7,1.2435,8.041817450742982,2.2058823529411873,-0.244,71.01449275362319,8.041817450742982,67.2852178501801,62,16,38,8,0.4355,False
BANANA,2026-08-02T02:27:59.436Z,2026-08-02T02:27:59.437202Z,2026-08-02T04:27:59.437202Z,7326.368556,7,3.6420000000000003,10.982976386600777,7.13890426120642,0.922,60.14492753623188,10.982976386600777,70.43878249379654,0,0,0,0,,False
BONK,2026-08-02T02:28:04.798Z,2026-08-02T02:28:04.798721Z,2026-08-02T04:28:04.798721Z,7321.007037,7,2.845e-06,35.149384885764164,4.9822064056939475,-0.355,65.21739130434783,35.149384885764164,68.37915471582006,5,4,1,0,1.0,False
BROCCOLI714,2026-08-02T02:28:10.906Z,2026-08-02T02:28:10.906775Z,2026-08-02T04:28:10.906775Z,7314.898983,7,0.013600000000000001,29.411764705882426,16.29055007052186,0.567,70.65217391304348,29.411764705882426,70.43440734760091,0,0,0,0,,False
CRV,2026-08-02T02:28:17.118Z,2026-08-02T02:28:17.118339Z,2026-08-02T04:28:17.118339Z,7308.687419,7,0.20365,4.910385465258482,4.728720756595325,-3.645,67.7536231884058,4.910385465258482,62.3623355810797,0,0,0,0,,False
DASH,2026-08-02T02:28:23.114Z,2026-08-02T02:28:23.114431Z,2026-08-02T04:28:23.114431Z,7302.691327,7,31.545,9.510223490251255,5.224358974358971,-0.447,59.78260869565217,9.510223490251255,64.4360194959834,0,0,0,0,,False
DOGS,2026-08-02T02:28:29.587Z,2026-08-02T02:28:29.587631Z,2026-08-02T04:28:29.587631Z,7296.218127,7,3.4475e-05,8.701957940536047,6.300813008130085,-1.936,60.869565217391305,8.701957940536047,63.55301551231126,0,0,0,0,,False
EIGEN,2026-08-02T02:28:35.709Z,2026-08-02T02:28:35.709196Z,2026-08-02T04:28:35.709196Z,7290.096562,7,0.1871,21.37894174238288,4.466230936819179,2.455,66.30434782608695,21.37894174238288,72.93804108718551,0,0,0,0,,False
JUP,2026-08-02T02:28:59.460Z,2026-08-02T02:28:59.460534Z,2026-08-02T04:28:59.460534Z,7266.345224,7,0.19724999999999998,5.069708491762573,3.7590113285272917,0.674,65.57971014492753,5.069708491762573,71.37168212693173,62,16,45,1,0.5161,False
KITE,2026-08-02T02:29:04.799Z,2026-08-02T02:29:04.799209Z,2026-08-02T04:29:04.799209Z,7261.006549,7,0.09465000000000001,10.565240359218475,4.421052631578957,0.317,63.04347826086956,10.565240359218475,72.74358577680327,1,1,0,0,1.0,False
MET,2026-08-02T02:29:11.240Z,2026-08-02T02:29:11.240624Z,2026-08-02T04:29:11.240624Z,7254.565134,7,0.16685,17.98022175606967,7.434052757793778,-6.345,56.88405797101449,17.98022175606967,60.9863925470957,2,1,1,0,1.0,False
MUBARAK,2026-08-02T02:29:17.591Z,2026-08-02T02:29:17.592155Z,2026-08-02T04:29:17.592155Z,7248.213603,7,0.01205,16.597510373443306,13.455149501661129,-9.677,58.69565217391305,16.597510373443306,58.572576957738825,0,0,0,0,,False
NEIRO,2026-08-02T02:29:23.740Z,2026-08-02T02:29:23.740539Z,2026-08-02T04:29:23.740539Z,7242.065219,7,6.1745e-05,4.858693011581759,9.011486814431326,-4.673,63.405797101449274,4.858693011581759,54.687200496514436,6,4,2,0,0.1667,False
NIL,2026-08-02T02:29:35.455Z,2026-08-02T02:29:35.455647Z,2026-08-02T04:29:35.455647Z,7230.350111,7,0.028475,24.582967515364572,8.275139664804472,-2.882,57.971014492753625,24.582967515364572,50.59274004224121,0,0,0,0,,False
PAXG,2026-08-02T02:29:48.406Z,2026-08-02T02:29:48.407125Z,2026-08-02T04:29:48.407125Z,7217.398633,7,4058.135,0.02464186134705605,0.36257925246432465,0.148,59.42028985507246,0.02464186134705605,78.48859516933835,0,0,0,0,,False
POL,2026-08-02T02:29:52.936Z,2026-08-02T02:29:52.937224Z,2026-08-02T04:29:52.937224Z,7212.868534,7,0.07236000000000001,2.763957987839431,2.2894408214236144,0.896,69.56521739130434,2.763957987839431,60.70891278895658,3,2,1,0,0.3333,False
RENDER,2026-08-02T02:29:57.767Z,2026-08-02T02:29:57.767392Z,2026-08-02T04:29:57.767392Z,7208.038366,7,1.3685,7.307270734379904,3.976435935198825,-1.523,70.28985507246377,7.307270734379904,65.47122231200191,0,0,0,0,,False
RSR,2026-08-02T02:30:08.259Z,2026-08-02T02:30:08.259859Z,2026-08-02T04:30:08.259859Z,7797.588631,7,0.0012955,7.719027402548304,3.5199999999999987,-1.73,61.594202898550726,7.719027402548304,56.19974397023031,0,0,0,0,,False
S,2026-08-02T02:30:12.839Z,2026-08-02T02:30:12.840057Z,2026-08-02T04:30:12.840057Z,7793.008433,7,0.02199,9.095043201454837,5.3389043639740095,-1.464,61.95652173913044,9.095043201454837,57.882958262637786,0,0,0,0,,
SAHARA,2026-08-02T02:30:17.208Z,2026-08-02T02:30:17.209125Z,2026-08-02T04:30:17.209125Z,7788.639365,7,0.008055,12.414649286157161,10.790464240903384,2.574,57.608695652173914,12.414649286157161,72.85440477774952,1,1,0,0,1.0,False
SYRUP,2026-08-02T02:30:27.442Z,2026-08-02T02:30:27.443172Z,2026-08-02T04:30:27.443172Z,7778.405318,7,0.15665,6.383657835941062,4.539641943734012,-1.511,62.31884057971015,6.383657835941062,63.75555527774177,1,0,1,0,1.0,False
THE,2026-08-02T02:30:33.329Z,2026-08-02T02:30:33.329858Z,2026-08-02T04:30:33.329858Z,7772.518632,7,0.051250000000000004,19.512195121950423,5.479452054794528,-2.667,58.333333333333336,19.512195121950423,57.54709749578073,33,9,14,10,-0.0606,False
TWT,2026-08-02T02:30:43.652Z,2026-08-02T02:30:43.652849Z,2026-08-02T04:30:43.652849Z,7762.195641,7,0.38265,18.29347968117167,5.011807924429285,1.545,62.68115942028985,18.29347968117167,77.35165793324313,0,0,0,0,,False
VANRY,2026-08-02T02:30:49.999Z,2026-08-02T02:30:49.999405Z,2026-08-02T04:30:49.999405Z,7755.849085,7,0.003833,57.39629533002953,16.447876447876443,-3.43,61.231884057971016,57.39629533002953,60.470998278288434,50,3,44,3,-0.18,False
VIRTUAL,2026-08-02T02:30:55.882Z,2026-08-02T02:30:55.883134Z,2026-08-02T04:30:55.883134Z,7749.965356,7,0.5596,10.721944245888741,2.878870179250412,1.024,65.94202898550725,10.721944245888741,65.32906260744866,1,1,0,0,1.0,False
EGLD,2026-08-02T02:37:15.064Z,2026-08-02T02:37:15.064540Z,2026-08-02T04:37:15.064540Z,7370.78395,7,2.6950000000000003,37.105751391466534,3.7313432835820928,-1.471,42.391304347826086,37.105751391466534,61.90618542639215,0,0,0,0,,False
ENJ,2026-08-02T02:37:19.769Z,2026-08-02T02:37:19.769399Z,2026-08-02T04:37:19.769399Z,7366.079091,7,0.02467,8.107012565869146,3.863359089060591,-2.691,47.82608695652174,8.107012565869146,61.634526170153585,49,13,23,13,0.5714,False
FLOKI,2026-08-02T02:37:28.176Z,2026-08-02T02:37:28.176430Z,2026-08-02T04:37:28.176430Z,7357.67206,7,2.0475e-05,4.884004884005664,4.4422507403751315,-1.841,55.43478260869565,4.884004884005664,45.4142183548684,3,3,0,0,0.6667,False
HUMA,2026-08-02T02:37:38.170Z,2026-08-02T02:37:38.171211Z,2026-08-02T04:37:38.171211Z,7347.677279,7,0.01929,10.36806635562605,3.398558187435638,-0.918,55.072463768115945,10.36806635562605,51.27561022402279,0,0,0,0,,False
IO,2026-08-02T02:37:47.594Z,2026-08-02T02:37:47.594772Z,2026-08-02T04:37:47.594772Z,7338.253718,7,0.1336,14.970059880239951,3.9364118092354357,-1.418,43.47826086956522,14.970059880239951,65.78019787643439,0,0,0,0,,False
KAIA,2026-08-02T02:37:52.033Z,2026-08-02T02:37:52.033851Z,2026-08-02T04:37:52.033851Z,7333.814639,7,0.02645,37.80718336483909,4.494382022471909,2.299,45.289855072463766,37.80718336483909,65.3065623169147,1,1,0,0,1.0,False
KMNO,2026-08-02T02:38:02.705Z,2026-08-02T02:38:02.705516Z,2026-08-02T04:38:02.705516Z,7323.142974,7,0.018285000000000003,5.4689636313916274,4.535519125683065,0.882,43.11594202898551,5.4689636313916274,51.97159785936223,0,0,0,0,,False
MORPHO,2026-08-02T02:38:13.883Z,2026-08-02T02:38:13.883757Z,2026-08-02T04:38:13.883757Z,7311.964733,7,1.9885000000000002,5.028916268544691,4.226804123711333,-2.903,54.710144927536234,5.028916268544691,62.71555066791792,0,0,0,0,,False
ORCA,2026-08-02T02:38:27.172Z,2026-08-02T02:38:27.173056Z,2026-08-02T04:38:27.173056Z,7298.675434,7,1.1105,9.004952723997206,4.545454545454549,-1.698,49.63768115942029,9.004952723997206,62.11260535730735,0,0,0,0,,False
PEOPLE,2026-08-02T02:38:31.455Z,2026-08-02T02:38:31.455498Z,2026-08-02T04:38:31.455498Z,7294.392992,7,0.006705,14.914243102161958,6.697108066971072,-2.377,46.01449275362319,14.914243102161958,39.90057073243704,1,1,0,0,1.0,False
PNUT,2026-08-02T02:38:35.949Z,2026-08-02T02:38:35.950103Z,2026-08-02T04:38:35.950103Z,7289.898387,7,0.039349999999999996,25.412960609910023,7.37913486005089,-5.072,50.36231884057971,25.412960609910023,62.64008834130205,64,18,35,11,0.125,False
PYTH,2026-08-02T02:38:40.130Z,2026-08-02T02:38:40.131010Z,2026-08-02T04:38:40.131010Z,7285.71748,7,0.039705000000000004,7.555723460520163,4.76068594829791,-2.666,44.20289855072464,7.555723460520163,52.108522827229024,0,0,0,0,,False
QNT,2026-08-02T02:38:46.160Z,2026-08-02T02:38:46.161196Z,2026-08-02T04:38:46.161196Z,7279.687294,7,61.724999999999994,11.340623734305433,4.191714053614945,2.039,42.7536231884058,11.340623734305433,51.75551219106239,51,16,33,2,0.2941,False
RESOLV,2026-08-02T02:38:50.943Z,2026-08-02T02:38:50.943692Z,2026-08-02T04:38:50.943692Z,7274.904798,7,0.01575,12.69841269841218,3.9848197343453533,0.893,47.10144927536232,12.69841269841218,68.47639835456052,0,0,0,0,,
SAGA,2026-08-02T02:38:55.194Z,2026-08-02T02:38:55.195176Z,2026-08-02T04:38:55.195176Z,7270.653314,7,0.012355,8.093889113718813,5.744336569579293,-0.081,53.6231884057971,8.093889113718813,64.22074392989663,0,0,0,0,,False
SAND,2026-08-02T02:38:59.377Z,2026-08-02T02:38:59.377434Z,2026-08-02T04:38:59.377434Z,7266.471056,7,0.042065,7.131819802686854,6.809432146294513,-2.715,56.52173913043478,7.131819802686854,55.29885210942308,30,8,15,7,0.1333,False
SAPIEN,2026-08-02T02:39:05.421Z,2026-08-02T02:39:05.421427Z,2026-08-02T04:39:05.421427Z,7260.427063,7,0.0805,24.84472049689512,4.187192118226601,-1.096,44.56521739130435,24.84472049689512,64.25162050216554,0,0,0,0,,False
SKY,2026-08-02T02:39:18.246Z,2026-08-02T02:39:18.246992Z,2026-08-02T04:39:18.246992Z,7247.601498,7,0.0566,7.067137809186992,3.1160458452722035,-1.846,50.72463768115942,7.067137809186992,54.79483802857734,67,13,46,8,0.209,False
SNX,2026-08-02T02:39:24.148Z,2026-08-02T02:39:24.148498Z,2026-08-02T04:39:24.148498Z,7241.699992,7,0.2145,46.620046620046665,4.716981132075476,-0.469,52.17391304347826,46.620046620046665,55.70406968711899,0,0,0,0,,False
SOMI,2026-08-02T02:39:28.699Z,2026-08-02T02:39:28.700128Z,2026-08-02T04:39:28.700128Z,7237.148362,7,0.08465,11.813349084465784,4.358068315665483,-0.469,48.18840579710145,11.813349084465784,67.38745377635212,0,0,0,0,,False
STX,2026-08-02T02:39:34.907Z,2026-08-02T02:39:34.908183Z,2026-08-02T04:39:34.908183Z,7230.940307,7,0.13924999999999998,7.181328545782172,3.6903039073806236,0.436,51.81159420289855,7.181328545782172,73.52521211077669,64,20,38,6,0.4844,False
TOWNS,2026-08-02T02:39:40.770Z,2026-08-02T02:39:40.770685Z,2026-08-02T04:39:40.770685Z,7225.077805,7,0.0020150000000000003,49.62779156327556,5.050505050505053,-1.98,50.0,49.62779156327556,58.947294327041305,0,0,0,0,,False
TURBO,2026-08-02T02:39:45.041Z,2026-08-02T02:39:45.041826Z,2026-08-02T04:39:45.041826Z,7220.806664,7,0.0007985,12.523481527865052,6.6919191919192045,-2.703,52.89855072463768,12.523481527865052,61.7476215387314,2,0,0,2,0.0,False
XTZ,2026-08-02T02:39:49.342Z,2026-08-02T02:39:49.342772Z,2026-08-02T04:39:49.342772Z,7216.505718,7,0.2001,9.995002498749523,3.1484257871064467,-0.497,49.27536231884058,9.995002498749523,55.96701289700713,15,5,7,3,0.0667,False
ZBT,2026-08-02T02:39:53.525Z,2026-08-02T02:39:53.525406Z,2026-08-02T04:39:53.525406Z,7212.323084,7,0.12165000000000001,8.220304151253831,5.115089514066489,0.256,52.53623188405797,8.220304151253831,51.86218223314134,0,0,0,0,,False
ZK,2026-08-02T02:39:58.075Z,2026-08-02T02:39:58.075372Z,2026-08-02T04:39:58.075372Z,7207.773118,7,0.007945,12.586532410322627,3.675538656527243,0.638,55.79710144927536,12.586532410322627,67.43129583509717,1,0,1,0,1.0,False
GUN,2026-08-02T02:46:58.713Z,2026-08-02T02:46:58.714000Z,2026-08-02T04:46:58.714000Z,7386.205434,7,0.0028850000000000004,34.66204506065866,7.612456747404848,-3.02,36.594202898550726,34.66204506065866,59.2218530154479,0,0,0,0,,False
HMSTR,2026-08-02T02:47:04.755Z,2026-08-02T02:47:04.755789Z,2026-08-02T04:47:04.755789Z,7380.163645,7,0.00016795,17.8624590651968,2.8994082840236595,-0.295,30.797101449275363,17.8624590651968,57.13150130540447,0,0,0,0,,False
IMX,2026-08-02T02:47:09.090Z,2026-08-02T02:47:09.090530Z,2026-08-02T04:47:09.090530Z,7375.828904,7,0.11030000000000001,18.13236627379799,3.489439853076215,1.491,32.608695652173914,18.13236627379799,66.09355557433061,2,1,0,1,1.0,False
IOTA,2026-08-02T02:47:16.536Z,2026-08-02T02:47:16.536868Z,2026-08-02T04:47:16.536868Z,7368.382566,7,0.03275,30.53435114503904,4.615384615384619,0.932,37.68115942028985,30.53435114503904,66.56203868048226,0,0,0,0,,False
NEO,2026-08-02T02:47:43.135Z,2026-08-02T02:47:43.135262Z,2026-08-02T04:47:43.135262Z,7341.784172,7,1.8245,5.48095368594075,4.335894621295278,-2.515,39.492753623188406,5.48095368594075,64.57641471765233,0,0,0,0,,False
NOM,2026-08-02T02:47:49.254Z,2026-08-02T02:47:49.254394Z,2026-08-02T04:47:49.254394Z,7335.66504,7,0.001435,69.68641114982597,3.4965034965034905,-0.694,32.2463768115942,69.68641114982597,55.475104046007516,1,0,1,0,1.0,False
OPEN,2026-08-02T02:47:55.457Z,2026-08-02T02:47:55.457234Z,2026-08-02T04:47:55.457234Z,7329.4622,7,0.18055,16.6158958737189,3.738839285714292,2.342,36.95652173913044,16.6158958737189,69.06049366656244,1,1,0,0,1.0,False
OSMO,2026-08-02T02:47:59.613Z,2026-08-02T02:47:59.613250Z,2026-08-02T04:47:59.613250Z,7325.306184,7,0.027450000000000002,36.42987249544605,5.5147058823529465,1.115,35.14492753623188,36.42987249544605,63.89965110589674,0,0,0,0,,False
PHA,2026-08-02T02:48:10.092Z,2026-08-02T02:48:10.092779Z,2026-08-02T04:48:10.092779Z,7314.826655,7,0.01985,50.37783375314831,3.5714285714285676,-2.488,28.26086956521739,50.37783375314831,54.71379915620098,2,0,2,0,1.0,False
PLUME,2026-08-02T02:48:14.301Z,2026-08-02T02:48:14.301790Z,2026-08-02T04:48:14.301790Z,7310.617644,7,0.011245,8.892841262783097,4.288321167883211,0.643,38.04347826086956,8.892841262783097,54.42914006817432,0,0,0,0,,False
RAY,2026-08-02T02:48:17.119Z,2026-08-02T02:48:17.119767Z,2026-08-02T04:48:17.119767Z,7307.799667,7,0.61005,8.196049504138102,3.505870679675872,0.282,31.52173913043478,8.196049504138102,64.3339682211569,1,1,0,0,1.0,False
SHELL,2026-08-02T02:48:23.409Z,2026-08-02T02:48:23.409477Z,2026-08-02T04:48:23.409477Z,7301.509957,7,0.018250000000000002,54.79452054794487,3.8461538461538414,-0.546,29.71014492753623,54.79452054794487,54.805941507003645,0,0,0,0,,
SOLV,2026-08-02T02:48:29.769Z,2026-08-02T02:48:29.769813Z,2026-08-02T04:48:29.769813Z,7295.149621,7,0.0023750000000000004,42.10526315789484,5.531914893617016,-0.844,30.434782608695652,42.10526315789484,58.80209672014602,0,0,0,0,,
SPK,2026-08-02T02:48:36.475Z,2026-08-02T02:48:36.475630Z,2026-08-02T04:48:36.475630Z,7288.443804,7,0.0160355,11.848710673194882,2.979096257353866,-1.456,29.347826086956523,11.848710673194882,48.22968223563975,63,20,32,11,0.4444,False
TURTLE,2026-08-02T02:48:42.384Z,2026-08-02T02:48:42.385244Z,2026-08-02T04:48:42.385244Z,7282.53419,7,0.0432,46.29629629629601,6.422018348623847,2.83,38.405797101449274,46.29629629629601,58.39664753310763,2,2,0,0,1.0,False
USDE,2026-08-02T02:48:46.879Z,2026-08-02T02:48:46.879695Z,2026-08-02T04:48:46.879695Z,7278.039739,7,0.99975,1.0002500625155186,0.0299970002999667,0.02,42.028985507246375,1.0002500625155186,60.96206431557065,0,0,0,0,,False
VANA,2026-08-02T02:48:52.919Z,2026-08-02T02:48:52.919793Z,2026-08-02T04:48:52.919793Z,7271.999641,7,0.875,22.857142857142875,2.8248587570621493,0.0,34.78260869565217,22.857142857142875,35.34613281054318,0,0,0,0,,False
VET,2026-08-02T02:48:59.700Z,2026-08-02T02:48:59.701016Z,2026-08-02T04:48:59.701016Z,7265.218418,7,0.004676,8.554319931564722,4.018048990116022,-1.794,41.666666666666664,8.554319931564722,48.8432724494148,0,0,0,0,,False
W,2026-08-02T02:49:06.733Z,2026-08-02T02:49:06.733984Z,2026-08-02T04:49:06.733984Z,7258.18545,7,0.008145,12.277470841006252,4.239401496259352,-1.595,27.89855072463768,12.277470841006252,64.20663412400135,0,0,0,0,,False
1MBABYDOGE,2026-08-02T02:54:42.014Z,2026-08-02T02:54:42.014285Z,2026-08-02T04:54:42.014285Z,7524.337875,7,0.000307,19.543973941368556,5.886243386243387,-3.263,26.08695652173913,19.543973941368556,44.82202048829707,0,0,0,0,,
2Z,2026-08-02T02:54:47.260Z,2026-08-02T02:54:47.260866Z,2026-08-02T04:54:47.260866Z,7519.091294,7,0.055375,5.417607223476703,3.1828807768386995,-0.696,21.3768115942029,5.417607223476703,62.90392292478737,0,0,0,0,,
AIXBT,2026-08-02T02:54:53.354Z,2026-08-02T02:54:53.355139Z,2026-08-02T04:54:53.355139Z,7512.997021,7,0.017294999999999998,28.910089621276654,4.023323615160348,-1.775,15.579710144927537,28.910089621276654,37.06308158672484,0,0,0,0,,False
ALT,2026-08-02T02:55:00.244Z,2026-08-02T02:55:00.244368Z,2026-08-02T04:55:00.244368Z,7506.107792,7,0.005804999999999999,17.226528854436626,4.280821917808223,-0.511,23.55072463768116,17.226528854436626,64.86793918791821,0,0,0,0,,False
ARKM,2026-08-02T02:55:07.226Z,2026-08-02T02:55:07.226359Z,2026-08-02T04:55:07.226359Z,7499.125801,7,0.09434999999999999,10.598834128246198,4.175588865096361,-2.81,19.202898550724637,10.598834128246198,59.80209274857471,15,4,8,3,-0.2,False
MANTA,2026-08-02T02:56:43.022Z,2026-08-02T02:56:43.023045Z,2026-08-02T04:56:43.023045Z,7403.329115,7,0.059054999999999996,8.46668360003411,3.3333333333333375,0.815,13.405797101449275,8.46668360003411,55.32278943691696,0,0,0,0,,False
NOT,2026-08-02T02:57:06.610Z,2026-08-02T02:57:06.610680Z,2026-08-02T04:57:06.610680Z,7379.74148,7,0.0003385,29.54209748892243,3.582089552238812,-0.298,20.28985507246377,29.54209748892243,63.011206148796326,1,1,0,0,1.0,False
ONT,2026-08-02T02:57:12.746Z,2026-08-02T02:57:12.746590Z,2026-08-02T04:57:12.746590Z,7373.60557,7,0.037739999999999996,10.5988341282473,3.5561497326203146,-1.058,22.10144927536232,10.5988341282473,58.226810167655,0,0,0,0,,False
PIXEL,2026-08-02T02:57:19.871Z,2026-08-02T02:57:19.872285Z,2026-08-02T04:57:19.872285Z,7366.479875,7,0.003974999999999999,25.157232704403675,5.808080808080791,-2.941,14.130434782608695,25.157232704403675,54.65466989706976,41,13,23,5,0.0976,False
PROVE,2026-08-02T02:57:26.202Z,2026-08-02T02:57:26.202479Z,2026-08-02T04:57:26.202479Z,7360.149681,7,0.1698,11.77856301531247,4.065998821449628,0.772,17.028985507246375,11.77856301531247,59.417303558407696,0,0,0,0,,False
RED,2026-08-02T02:57:32.184Z,2026-08-02T02:57:32.184630Z,2026-08-02T04:57:32.184630Z,7354.16753,7,0.08904999999999999,11.229646266142941,3.615819209039558,-1.776,18.840579710144926,11.229646266142941,63.43557720307691,0,0,0,0,,False
REZ,2026-08-02T02:57:38.873Z,2026-08-02T02:57:38.873690Z,2026-08-02T04:57:38.873690Z,7347.47847,7,0.0025859999999999998,7.733952049496643,3.749516814843443,0.505,21.73913043478261,7.733952049496643,68.29790481298325,47,4,40,3,-0.1064,False
SSV,2026-08-02T02:57:45.265Z,2026-08-02T02:57:45.265713Z,2026-08-02T04:57:45.265713Z,7341.086447,7,2.2395,13.39584728734143,4.8225659690627785,-0.045,25.36231884057971,13.39584728734143,62.3648101556659,0,0,0,0,,False
STO,2026-08-02T02:57:51.324Z,2026-08-02T02:57:51.324589Z,2026-08-02T04:57:51.324589Z,7335.027571,7,0.03715,26.91790040376741,6.233062330623315,-1.862,24.27536231884058,26.91790040376741,46.565998917435664,0,0,0,0,,False
SXT,2026-08-02T02:57:55.826Z,2026-08-02T02:57:55.827027Z,2026-08-02T04:57:55.827027Z,7330.525133,7,0.0068850000000000005,43.57298474945482,4.7267355982274735,-1.023,20.652173913043477,43.57298474945482,57.83426418283893,0,0,0,0,,False
THETA,2026-08-02T02:58:01.820Z,2026-08-02T02:58:01.820858Z,2026-08-02T04:58:01.820858Z,7324.531302,7,0.12619999999999998,15.847860538827714,2.8548770816811992,0.0,21.014492753623188,15.847860538827714,72.2492780467002,2,2,0,0,1.0,False
TREE,2026-08-02T02:58:08.045Z,2026-08-02T02:58:08.045434Z,2026-08-02T04:58:08.045434Z,7318.306726,7,0.03565,28.050490883591266,3.682719546742217,-1.944,16.304347826086957,28.050490883591266,59.83300209619955,0,0,0,0,,
USUAL,2026-08-02T02:58:14.107Z,2026-08-02T02:58:14.108035Z,2026-08-02T04:58:14.108035Z,7312.244125,7,0.007865,12.714558169103105,4.689480354879602,1.806,25.72463768115942,12.714558169103105,68.51774321377908,0,0,0,0,,False
XVG,2026-08-02T02:58:20.428Z,2026-08-02T02:58:20.428490Z,2026-08-02T04:58:20.428490Z,7305.92367,7,0.0019265,15.572281339216012,5.015511892450884,0.782,23.91304347826087,15.572281339216012,65.0769682785855,40,9,12,19,-0.55,False
YGG,2026-08-02T02:58:26.566Z,2026-08-02T02:58:26.566753Z,2026-08-02T04:58:26.566753Z,7299.785407,7,0.018115,5.520287054926632,3.27232390460344,-0.497,18.47826086956522,5.520287054926632,58.5551124427842,0,0,0,0,,False
1INCH,2026-08-02T03:03:59.662Z,2026-08-02T03:03:59.662632Z,2026-08-02T05:03:59.662632Z,7566.668513,7,0.0829,24.125452352232298,2.478314745972741,-1.103,4.3478260869565215,24.125452352232298,45.023674012205795,0,0,0,0,,False
A,2026-08-02T03:04:06.064Z,2026-08-02T03:04:06.065142Z,2026-08-02T05:04:06.065142Z,7560.266003,7,0.06405,46.83840749414438,2.8037383177570034,0.0,0.36231884057971014,46.83840749414438,51.75153263559607,0,0,0,0,,False
ANIME,2026-08-02T03:04:17.803Z,2026-08-02T03:04:17.803975Z,2026-08-02T05:04:17.803975Z,7548.52717,7,0.002445,40.8997955010226,4.1152263374485525,-1.619,4.7101449275362315,40.8997955010226,45.280678951490195,0,0,0,0,,False
API3,2026-08-02T03:04:22.227Z,2026-08-02T03:04:22.227698Z,2026-08-02T05:04:22.227698Z,7544.103447,7,0.19269999999999998,10.378827192527543,2.8242677824267863,-0.469,13.043478260869565,10.378827192527543,37.42544668963496,0,0,0,0,,
AUCTION,2026-08-02T03:04:28.563Z,2026-08-02T03:04:28.563441Z,2026-08-02T05:04:28.563441Z,7537.767704,7,2.997,20.020020020019295,2.662229617304495,-1.151,5.434782608695652,20.020020020019295,48.71644217787354,0,0,0,0,,False
BFUSD,2026-08-02T03:04:33.094Z,2026-08-02T03:04:33.094919Z,2026-08-02T05:04:33.094919Z,7533.236226,7,0.9983500000000001,7.011569088997184,0.07013325318104738,0.01,2.1739130434782608,7.011569088997184,54.54801182589482,0,0,0,0,,
BTC,2026-08-02T03:04:44.968Z,2026-08-02T03:04:44.968812Z,2026-08-02T05:04:44.968812Z,7521.362333,7,63433.795,0.001576446750826948,1.3848942479077573,-0.016,100.0,0.001576446750826948,64.01244206951614,37,19,5,13,0.1351,False
RARE,2026-08-02T03:06:20.225Z,2026-08-02T03:06:20.225905Z,2026-08-02T05:06:20.225905Z,7426.10524,7,0.011955,8.36470096194027,2.5062656641604004,-0.167,11.956521739130435,8.36470096194027,67.18259624736281,0,0,0,0,,False
STEEM,2026-08-02T03:06:49.277Z,2026-08-02T03:06:49.277694Z,2026-08-02T05:06:49.277694Z,7397.053451,7,0.036775,13.596193065941925,2.180430635050428,-1.052,6.884057971014493,13.596193065941925,43.322357494274044,0,0,0,0,,
TNSR,2026-08-02T03:06:55.692Z,2026-08-02T03:06:55.692912Z,2026-08-02T05:06:55.692912Z,7390.638233,7,0.03005,33.277870216305956,4.026845637583891,-3.871,8.333333333333334,33.277870216305956,38.62960451445868,13,3,7,3,0.4615,False
UMA,2026-08-02T03:07:02.048Z,2026-08-02T03:07:02.048857Z,2026-08-02T05:07:02.048857Z,7384.282288,7,0.3425,29.197080291970828,5.059523809523797,-1.466,10.507246376811594,29.197080291970828,51.29373480690326,0,0,0,0,,False
USD1,2026-08-02T03:07:05.854Z,2026-08-02T03:07:05.855334Z,2026-08-02T05:07:05.855334Z,7380.475811,7,0.99915,1.0008507231145374,0.04003603242918186,-0.01,98.91304347826087,1.0008507231145374,65.29789317842923,0,0,0,0,,False
VELODROME,2026-08-02T03:07:12.408Z,2026-08-02T03:07:12.408812Z,2026-08-02T05:07:12.408812Z,7373.922333,7,0.016905,41.40786749482439,3.411131059245967,-3.299,7.608695652173913,41.40786749482439,38.32270050767799,0,0,0,0,,
WAL,2026-08-02T03:07:19.050Z,2026-08-02T03:07:19.051226Z,2026-08-02T05:07:19.051226Z,7367.279919,7,0.02615,38.240917782026536,4.347826086956523,-2.692,2.898550724637681,38.240917782026536,46.77398639621901,0,0,0,0,,False
WCT,2026-08-02T03:07:23.569Z,2026-08-02T03:07:23.569213Z,2026-08-02T05:07:23.569213Z,7362.761932,7,0.036125000000000004,8.304498269894895,3.417616004445665,-1.613,11.594202898550725,8.304498269894895,51.3477552186878,0,0,0,0,,False
YB,2026-08-02T03:07:30.745Z,2026-08-02T03:07:30.746026Z,2026-08-02T05:07:30.746026Z,7355.585119,7,0.0663,30.165912518854558,2.5718608169440347,0.303,7.246376811594203,30.165912518854558,54.52099576236261,0,0,0,0,,False
AAVE,2026-08-02T03:13:16.166Z,2026-08-02T03:13:16.166307Z,2026-08-02T05:13:16.166307Z,7608.858032,7,92.21000000000001,2.168962151610023,5.025844055867158,-1.27,94.56521739130434,2.168962151610023,62.74774812354182,3,2,0,1,-0.3333,False
ADA,2026-08-02T03:13:20.727Z,2026-08-02T03:13:20.727723Z,2026-08-02T05:13:20.727723Z,7604.296616,7,0.18345,5.451076587625455,4.589787722317847,2.953,96.73913043478261,5.451076587625455,62.50916521592678,8,4,3,1,0.75,False
AVAX,2026-08-02T03:13:25.569Z,2026-08-02T03:13:25.569443Z,2026-08-02T05:13:25.569443Z,7599.454896,7,6.5335,1.5305731996624257,6.648422408242116,-2.846,88.04347826086956,1.5305731996624257,65.08662365867248,55,8,23,24,-0.4364,False
BANK,2026-08-02T03:13:30.089Z,2026-08-02T03:13:30.089815Z,2026-08-02T05:13:30.089815Z,7594.934524,7,0.04945,20.222446916077423,36.38170974155071,-12.825,86.23188405797102,20.222446916077423,56.07066564619208,9,4,3,2,-0.1111,False
BNB,2026-08-02T03:13:40.297Z,2026-08-02T03:13:40.297607Z,2026-08-02T05:13:40.297607Z,7584.726732,7,583.585,0.1713546441390869,3.347469410456061,-2.253,98.18840579710145,0.1713546441390869,56.875577215298755,5,2,2,1,0.6,False
COTI,2026-08-02T03:13:45.868Z,2026-08-02T03:13:45.868383Z,2026-08-02T05:13:45.868383Z,7579.155956,7,0.01381,28.964518464880598,22.977566281441202,-10.031,91.30434782608695,28.964518464880598,36.108131164892754,1,1,0,0,1.0,False
DOGE,2026-08-02T03:13:50.676Z,2026-08-02T03:13:50.676696Z,2026-08-02T05:13:50.676696Z,7574.347643,7,0.070215,1.4241971088812932,3.7879879014835187,-0.899,92.7536231884058,1.4241971088812932,64.74128316536125,41,22,11,8,0.3659,False
ENA,2026-08-02T03:13:55.428Z,2026-08-02T03:13:55.429003Z,2026-08-02T05:13:55.429003Z,7569.595336,7,0.08745,11.435105774727155,3.6159600997506236,-0.249,89.85507246376811,11.435105774727155,56.16095728188465,0,0,0,0,,False
EPIC,2026-08-02T03:14:00.179Z,2026-08-02T03:14:00.179311Z,2026-08-02T05:14:00.179311Z,7564.845028,7,0.8969499999999999,10.034004125090718,24.73814922794514,24.61,88.40579710144928,10.034004125090718,76.11609395102026,1,1,0,0,1.0,False
EUR,2026-08-02T03:14:03.302Z,2026-08-02T03:14:03.302470Z,2026-08-02T05:14:03.302470Z,7561.721869,7,1.15225,0.8678672163177351,0.15623643780922003,-0.061,96.01449275362319,0.8678672163177351,52.7276690980652,0,0,0,0,,False
FET,2026-08-02T03:14:08.687Z,2026-08-02T03:14:08.687910Z,2026-08-02T05:14:08.687910Z,7556.336429,7,0.14175,7.054673721341571,4.7008547008546975,-0.637,86.95652173913044,7.054673721341571,71.07530889125891,1,0,1,0,1.0,False
GIGGLE,2026-08-02T03:14:13.176Z,2026-08-02T03:14:13.176673Z,2026-08-02T05:14:13.176673Z,7551.847666,7,40.09,9.97755051134925,42.647396191787095,-4.991,97.10144927536231,9.97755051134925,53.071476407501024,7,5,1,1,1.0,False
INJ,2026-08-02T03:14:22.090Z,2026-08-02T03:14:22.090860Z,2026-08-02T05:14:22.090860Z,7542.933479,7,4.926,4.060089321964636,2.794207627982859,0.74,89.1304347826087,4.060089321964636,54.14646126366101,6,3,2,1,0.3333,False
KAITO,2026-08-02T03:14:28.957Z,2026-08-02T03:14:28.957567Z,2026-08-02T05:14:28.957567Z,7536.066772,7,1.1651,10.299545103423464,14.772727272727273,12.237,89.4927536231884,10.299545103423464,74.25669356314575,1,1,0,0,1.0,False
LINK,2026-08-02T03:14:33.623Z,2026-08-02T03:14:33.623858Z,2026-08-02T05:14:33.623858Z,7531.400481,7,8.3835,1.192819228247417,4.387478432339165,-0.843,93.1159420289855,1.192819228247417,66.07121519661179,9,4,4,1,0.5556,False
LTC,2026-08-02T03:14:38.322Z,2026-08-02T03:14:38.322938Z,2026-08-02T05:14:38.322938Z,7526.701401,7,44.605000000000004,2.2419011321596254,2.573944456988019,0.068,92.02898550724638,2.2419011321596254,57.85962180440682,6,2,3,1,0.3333,False
APT,2026-08-02T03:21:45.196Z,2026-08-02T03:21:45.197161Z,2026-08-02T05:21:45.197161Z,7699.852931,7,0.5645,17.714791851195763,3.5587188612099476,0.537,80.79710144927536,17.714791851195763,73.44696335873782,2,0,1,1,0.0,False
ARB,2026-08-02T03:21:50.031Z,2026-08-02T03:21:50.032067Z,2026-08-02T05:21:50.032067Z,7695.018025,7,0.08135,12.292562999385723,4.3640897755611014,2.689,79.71014492753623,12.292562999385723,70.56741085488756,3,2,1,0,1.0,False
BABY,2026-08-02T03:22:00.026Z,2026-08-02T03:22:00.026343Z,2026-08-02T05:22:00.026343Z,7685.023749,7,0.011435,8.745080891999411,14.24914675767918,-9.707,74.27536231884058,8.745080891999411,46.70785625954631,1,0,1,0,-1.0,False
CAKE,2026-08-02T03:22:05.580Z,2026-08-02T03:22:05.580917Z,2026-08-02T05:22:05.580917Z,7679.469175,7,1.4245,7.020007020007805,4.5710267229254535,-2.066,72.46376811594203,7.020007020007805,67.75562741687686,0,0,0,0,,False
CHZ,2026-08-02T03:22:10.308Z,2026-08-02T03:22:10.308908Z,2026-08-02T05:22:10.308908Z,7674.741184,7,0.012845,7.785130400933898,4.147104851330197,-1.313,73.18840579710145,7.785130400933898,61.518131526426316,2,0,1,1,-0.5,False
DOT,2026-08-02T03:22:15.937Z,2026-08-02T03:22:15.937538Z,2026-08-02T05:22:15.937538Z,7669.112554,7,0.7935000000000001,12.602394454946449,4.804045512010117,3.534,83.69565217391305,12.602394454946449,73.00320427352018,6,3,2,1,1.0,False
HOME,2026-08-02T03:22:50.451Z,2026-08-02T03:22:50.451485Z,2026-08-02T05:22:50.451485Z,7634.598607,7,0.007435000000000001,13.449899125757174,24.64589235127479,27.207,84.05797101449275,13.449899125757174,74.87782827107495,4,4,0,0,1.0,False
ICP,2026-08-02T03:22:55.453Z,2026-08-02T03:22:55.453448Z,2026-08-02T05:22:55.453448Z,7629.596644,7,2.0525,4.872107186357563,4.245973645680808,-1.062,83.33333333333333,4.872107186357563,58.9126453872694,6,1,4,1,0.3333,False
LDO,2026-08-02T03:23:05.170Z,2026-08-02T03:23:05.170324Z,2026-08-02T05:23:05.170324Z,7619.879768,7,0.32955,9.103322712789165,5.412760810402169,-1.636,78.26086956521739,9.103322712789165,65.66306259154074,0,0,0,0,,False
MMT,2026-08-02T03:23:09.920Z,2026-08-02T03:23:09.920696Z,2026-08-02T05:23:09.920696Z,7615.129396,7,0.18159999999999998,11.013215859031153,26.439351593068743,-5.594,84.42028985507247,11.013215859031153,51.78708297103233,2,2,0,0,1.0,False
OP,2026-08-02T03:23:15.262Z,2026-08-02T03:23:15.263013Z,2026-08-02T05:23:15.263013Z,7609.787079,7,0.08455,11.827321111766882,5.213270142180096,-1.287,74.6376811594203,11.827321111766882,63.90822135856609,50,32,11,7,0.12,False
PENDLE,2026-08-02T03:23:20.723Z,2026-08-02T03:23:20.723631Z,2026-08-02T05:23:20.723631Z,7604.326461,7,1.4055,7.114905727498328,6.933523945675481,-2.031,81.8840579710145,7.114905727498328,52.97520547824306,1,0,1,0,1.0,False
TRUMP,2026-08-02T03:23:47.539Z,2026-08-02T03:23:47.539764Z,2026-08-02T05:23:47.539764Z,7577.510328,7,1.4575,6.861063464836294,3.652653342522409,1.469,78.98550724637681,6.861063464836294,78.17024683143207,14,13,1,0,0.0,False
TST,2026-08-02T03:23:52.327Z,2026-08-02T03:23:52.327377Z,2026-08-02T05:23:52.327377Z,7572.722715,7,0.011269999999999999,17.746228926353968,20.283436669619135,-7.761,73.55072463768116,17.746228926353968,51.163214443429105,2,1,0,1,-1.0,False
0G,2026-08-02T03:30:02.341Z,2026-08-02T03:30:02.341705Z,2026-08-02T05:30:02.341705Z,7202.708387,7,0.1455,68.72852233676983,6.081081081081087,3.497,64.4927536231884,68.72852233676983,67.4971946455963,0,0,0,0,,False
CFX,2026-08-02T03:30:36.449Z,2026-08-02T03:30:36.449568Z,2026-08-02T05:30:36.449568Z,7768.765546,7,0.04271,4.682744088035398,6.296992481203012,3.452,70.65217391304348,4.682744088035398,73.8888512763778,0,0,0,0,,False
FIL,2026-08-02T03:31:06.183Z,2026-08-02T03:31:06.183564Z,2026-08-02T05:31:06.183564Z,7739.03155,7,0.71845,9.743197160554441,5.068089288221242,-0.918,64.85507246376811,9.743197160554441,51.57057673061314,26,11,14,1,0.9231,False
GALA,2026-08-02T03:31:10.960Z,2026-08-02T03:31:10.960231Z,2026-08-02T05:31:10.960231Z,7734.254883,7,0.0017815,5.613247263541487,4.662921348314605,-1.928,70.28985507246377,5.613247263541487,69.55843250238192,0,0,0,0,,False
HEI,2026-08-02T03:31:15.975Z,2026-08-02T03:31:15.976180Z,2026-08-02T05:31:15.976180Z,7729.238934,7,0.0827,24.183796856105424,25.63791008505467,-0.121,68.47826086956522,24.183796856105424,62.81892044701728,2,2,0,0,1.0,False
HYPER,2026-08-02T03:31:21.185Z,2026-08-02T03:31:21.185661Z,2026-08-02T05:31:21.185661Z,7724.029453,7,0.0685,29.197080291969613,19.461077844311383,19.713,68.1159420289855,29.197080291969613,78.72176887382781,5,5,0,0,0.6,False
JTO,2026-08-02T03:31:26.619Z,2026-08-02T03:31:26.619686Z,2026-08-02T05:31:26.619686Z,7718.595428,7,0.49905,2.0038072337438932,4.850299401197603,-2.358,63.04347826086956,2.0038072337438932,63.0468524239191,0,0,0,0,,False
SEI,2026-08-02T03:32:30.488Z,2026-08-02T03:32:30.489032Z,2026-08-02T05:32:30.489032Z,7654.726082,7,0.04172,4.7938638542680065,3.2203797164143255,-0.24,67.7536231884058,4.7938638542680065,74.45605532803212,0,0,0,0,,False
TRB,2026-08-02T03:32:49.462Z,2026-08-02T03:32:49.462758Z,2026-08-02T05:32:49.462758Z,7635.752356,7,13.545,7.382798080473654,2.2107590272660333,-0.44,58.333333333333336,7.382798080473654,67.2605141798173,0,0,0,0,,False
ZKC,2026-08-02T03:33:20.804Z,2026-08-02T03:33:20.805095Z,2026-08-02T05:33:20.805095Z,7604.410019,7,0.03735,26.773761713521516,4.800000000000009,1.078,61.95652173913044,26.773761713521516,66.28200781401488,0,0,0,0,,False
ETHFI,2026-08-02T03:39:35.717Z,2026-08-02T03:39:35.717965Z,2026-08-02T05:39:35.717965Z,7229.497149,7,0.41115,7.296607077709412,5.207041904289615,-1.273,51.08695652173913,7.296607077709412,62.66764212159598,2,1,0,1,1.0,False
INIT,2026-08-02T03:40:03.274Z,2026-08-02T03:40:03.274651Z,2026-08-02T05:40:03.274651Z,7201.940463,7,0.04995,20.020020020020592,5.138339920948614,1.403,48.18840579710145,20.020020020020592,68.25312688671649,0,0,0,0,,False
KERNEL,2026-08-02T03:40:19.879Z,2026-08-02T03:40:19.880093Z,2026-08-02T05:40:19.880093Z,7785.652645,7,0.03225,31.007751937985386,6.172839506172846,0.0,52.89855072463768,31.007751937985386,64.96582672554169,0,0,0,0,,False
LINEA,2026-08-02T03:49:53.094Z,2026-08-02T03:49:53.094647Z,2026-08-02T05:49:53.094647Z,7212.438091,7,0.0022315,4.481290611696763,4.608501118568223,-0.622,39.492753623188406,4.481290611696763,66.82174173067703,0,0,0,0,,False
LISTA,2026-08-02T03:50:00.859Z,2026-08-02T03:50:00.859473Z,2026-08-02T05:50:00.859473Z,7204.673265,7,0.051449999999999996,19.436345966957422,10.207939508506607,5.169,36.231884057971016,19.436345966957422,68.31145534773349,1,0,1,0,1.0,False
MEME,2026-08-02T03:50:16.323Z,2026-08-02T03:50:16.324008Z,2026-08-02T05:50:16.324008Z,7789.853162,7,0.0005065,19.743336623887775,5.168986083499024,-3.824,39.85507246376812,19.743336623887775,44.01132154374846,53,38,13,2,0.9623,False
PARTI,2026-08-02T03:50:46.609Z,2026-08-02T03:50:46.610033Z,2026-08-02T05:50:46.610033Z,7759.567137,7,0.02395,41.75365344467616,3.319502074688791,-0.823,38.04347826086956,41.75365344467616,44.96224791409693,0,0,0,0,,False
MINA,2026-08-02T03:59:25.506Z,2026-08-02T03:59:25.506787Z,2026-08-02T05:59:25.506787Z,7240.670383,7,0.04095,24.42002442002512,3.1784841075794685,-0.969,27.536231884057973,24.42002442002512,42.80321118403672,0,0,0,0,,False
MITO,2026-08-02T03:59:32.311Z,2026-08-02T03:59:32.312013Z,2026-08-02T05:59:32.312013Z,7233.865157,7,0.02169,18.441678192716385,5.285313376987834,-1.882,24.27536231884058,18.441678192716385,60.570152620405075,0,0,0,0,,False
HOLO,2026-08-02T04:07:59.619Z,2026-08-02T04:07:59.619678Z,2026-08-02T06:07:59.619678Z,7326.511298,7,0.06455,15.491866769946224,5.855161787365174,-4.136,11.594202898550725,15.491866769946224,57.05599963087663,0,0,0,0,,False
FDUSD,2026-08-02T04:15:53.631Z,2026-08-02T04:15:53.631439Z,2026-08-02T06:15:53.631439Z,7452.728778,7,0.99715,1.0028581457151782,0.04011231448055224,-0.03,95.28985507246377,1.0028581457151782,56.026563068454955,0,0,0,0,,False
1000SATS,2026-08-02T04:23:10.738Z,2026-08-02T04:23:10.738574Z,2026-08-02T06:23:10.738574Z,7615.185992,7,1.1415e-05,8.760402978538414,21.894548704200183,8.012,85.14492753623189,8.760402978538414,60.88233768315856,12,8,3,1,0.25,False
ALGO,2026-08-02T04:23:17.209Z,2026-08-02T04:23:17.209451Z,2026-08-02T06:23:17.209451Z,7608.715115,7,0.08005000000000001,12.492192379763006,3.4177215189873342,-0.754,80.07246376811594,12.492192379763006,62.71650356131262,6,3,1,2,0.3333,False
ALLO,2026-08-02T04:23:25.666Z,2026-08-02T04:23:25.667087Z,2026-08-02T06:23:25.667087Z,7600.257479,7,0.26465,3.778575477044738,9.970348406226828,-3.297,77.53623188405797,3.778575477044738,51.21685648138433,11,1,8,2,-0.1818,False
DYDX,2026-08-02T04:24:07.732Z,2026-08-02T04:24:07.732788Z,2026-08-02T06:24:07.732788Z,7558.191778,7,0.11343,12.342413823503591,5.354951796669592,1.117,82.2463768115942,12.342413823503591,58.388065312824835,0,0,0,0,,False
ENSO,2026-08-02T04:24:12.791Z,2026-08-02T04:24:12.792156Z,2026-08-02T06:24:12.792156Z,7553.13241,7,0.9025000000000001,11.080332409972309,16.359696641386783,-1.072,80.43478260869566,11.080332409972309,77.36434495736746,1,1,0,0,1.0,False
HBAR,2026-08-02T04:24:38.386Z,2026-08-02T04:24:38.386559Z,2026-08-02T06:24:38.386559Z,7527.538007,7,0.069885,1.4309222293762784,2.5349272648711096,-0.984,82.97101449275362,1.4309222293762784,56.39437798707709,8,5,0,3,0.5,False
TLM,2026-08-02T04:25:38.954Z,2026-08-02T04:25:38.954465Z,2026-08-02T06:25:38.954465Z,7466.970101,7,0.001592,12.562814070352063,27.931246163290368,-8.329,84.78260869565217,12.562814070352063,56.033739077946535,0,0,0,0,,False
APE,2026-08-02T04:32:05.840Z,2026-08-02T04:32:05.840808Z,2026-08-02T06:32:05.840808Z,7680.840509,7,0.1318,15.174506828526402,3.4272658035034307,-2.379,68.84057971014492,15.174506828526402,66.27573114499626,2,1,0,1,1.0,False
ASTER,2026-08-02T04:32:10.587Z,2026-08-02T04:32:10.587520Z,2026-08-02T06:32:10.587520Z,7676.093797,7,0.6045,16.542597187758492,1.4900662251655643,0.835,59.05797101449275,16.542597187758492,69.49780692811895,1,0,1,0,1.0,False
BANANA,2026-08-02T04:32:17.214Z,2026-08-02T04:32:17.214894Z,2026-08-02T06:32:17.214894Z,7669.466423,7,3.609,16.625103906900048,7.089859851607586,1.762,61.231884057971016,16.625103906900048,42.756053665239484,0,0,0,0,,False
BONK,2026-08-02T04:32:22.042Z,2026-08-02T04:32:22.042445Z,2026-08-02T06:32:22.042445Z,7664.638872,7,2.8950000000000002e-06,34.542314335061576,4.92957746478873,0.353,65.21739130434783,34.542314335061576,72.31687201511605,0,0,0,0,,False
BROCCOLI714,2026-08-02T04:32:27.385Z,2026-08-02T04:32:27.385262Z,2026-08-02T06:32:27.385262Z,7659.296055,7,0.013495,22.230455724341443,17.264081931236277,-1.866,69.56521739130434,22.230455724341443,66.66515336193709,0,0,0,0,,False
CRV,2026-08-02T04:32:37.708Z,2026-08-02T04:32:37.708481Z,2026-08-02T06:32:37.708481Z,7648.972836,7,0.20495,4.879238838740619,4.6798029556650285,-2.498,67.02898550724638,4.879238838740619,67.88926244686127,1,1,0,0,1.0,False
DASH,2026-08-02T04:32:42.552Z,2026-08-02T04:32:42.552455Z,2026-08-02T06:32:42.552455Z,7644.128862,7,31.42,6.365372374283759,5.194391332058633,0.641,59.42028985507246,6.365372374283759,67.80478101034534,0,0,0,0,,False
DOGS,2026-08-02T04:32:48.155Z,2026-08-02T04:32:48.156134Z,2026-08-02T06:32:48.156134Z,7638.525183,7,3.4445e-05,8.709536942951958,6.282570932252465,-0.89,60.869565217391305,8.709536942951958,61.25400742813572,0,0,0,0,,False
EIGEN,2026-08-02T04:32:56.206Z,2026-08-02T04:32:56.207024Z,2026-08-02T06:32:56.207024Z,7630.474293,7,0.19035000000000002,15.760441292355907,6.166219839142097,3.9,65.57971014492753,15.760441292355907,79.2485483687079,2,1,0,1,1.0,False
KITE,2026-08-02T04:33:20.580Z,2026-08-02T04:33:20.580602Z,2026-08-02T06:33:20.580602Z,7606.100715,7,0.09505,10.520778537612085,4.463336875664197,0.642,62.31884057971015,10.520778537612085,66.92741614545956,0,0,0,0,,False
NEIRO,2026-08-02T04:33:30.976Z,2026-08-02T04:33:30.976849Z,2026-08-02T06:33:30.976849Z,7595.704468,7,6.2235e-05,11.247690206476165,5.657344905175196,0.908,59.78260869565217,11.247690206476165,46.09445831209931,11,11,0,0,0.6364,False
PAXG,2026-08-02T04:33:46.171Z,2026-08-02T04:33:46.171533Z,2026-08-02T06:33:46.171533Z,7580.509784,7,4057.3050000000003,0.024646902315116886,0.5117631535462104,0.261,60.507246376811594,0.024646902315116886,66.70310122648135,1,0,0,1,1.0,False
POL,2026-08-02T04:33:52.991Z,2026-08-02T04:33:52.991914Z,2026-08-02T06:33:52.991914Z,7573.689403,7,0.07259,2.7552004408310027,2.227140683358695,0.612,69.92753623188406,2.7552004408310027,72.62595041832098,7,4,2,1,-0.1429,False
RENDER,2026-08-02T04:33:58.550Z,2026-08-02T04:33:58.550754Z,2026-08-02T06:33:58.550754Z,7568.130563,7,1.3695,7.301935012779204,3.9560439560439593,-1.373,71.01449275362319,7.301935012779204,68.10213200971623,0,0,0,0,,False
TIA,2026-08-02T04:34:38.072Z,2026-08-02T04:34:38.072637Z,2026-08-02T06:34:38.072637Z,7528.60868,7,0.33025000000000004,9.084027252082436,4.753254617014833,1.787,69.20289855072464,9.084027252082436,69.21138646328681,65,18,41,6,0.1846,False
1000CHEEMS,2026-08-02T04:40:51.497Z,2026-08-02T04:40:51.498013Z,2026-08-02T06:40:51.498013Z,7755.517323,7,0.0004875,20.5128205128199,6.263048016701466,-4.008,49.63768115942029,20.5128205128199,57.42508257030793,3,2,1,0,0.3333,False
ACH,2026-08-02T04:40:57.841Z,2026-08-02T04:40:57.841607Z,2026-08-02T06:40:57.841607Z,7749.173729,7,0.0044150000000000005,22.6500566251426,5.790645879732735,-1.751,47.82608695652174,22.6500566251426,65.05895577867233,0,0,0,0,,False
AR,2026-08-02T04:41:09.755Z,2026-08-02T04:41:09.755895Z,2026-08-02T06:41:09.755895Z,7737.259441,7,1.7545,5.699629524080307,3.8263849229011964,0.806,53.98550724637681,5.699629524080307,74.45015157190456,0,0,0,0,,False
BARD,2026-08-02T04:41:14.361Z,2026-08-02T04:41:14.362071Z,2026-08-02T06:41:14.362071Z,7732.653265,7,0.10894999999999999,9.17852225791674,4.813805631244322,-2.48,45.65217391304348,9.17852225791674,61.55313590239732,0,0,0,0,,False
BOME,2026-08-02T04:41:19.626Z,2026-08-02T04:41:19.626226Z,2026-08-02T06:41:19.626226Z,7727.38911,7,0.0005853,13.66820433965521,9.710962284102942,-5.575,52.53623188405797,13.66820433965521,47.4465082406329,1,0,1,0,1.0,False
EDEN,2026-08-02T04:41:26.007Z,2026-08-02T04:41:26.007535Z,2026-08-02T06:41:26.007535Z,7721.007801,7,0.03759,15.96169193934492,6.909788867562365,-1.512,54.34782608695652,15.96169193934492,57.48924883627312,0,0,0,0,,False
ENJ,2026-08-02T04:41:32.176Z,2026-08-02T04:41:32.176611Z,2026-08-02T06:41:32.176611Z,7714.838725,7,0.02459,8.133387555916707,3.038897893030797,-2.025,46.3768115942029,8.133387555916707,49.41462570015812,5,0,3,2,0.8,False
FLOKI,2026-08-02T04:41:42.412Z,2026-08-02T04:41:42.413222Z,2026-08-02T06:41:42.413222Z,7704.602114,7,2.0525e-05,4.872107186358878,4.3988269794721475,-0.872,55.072463768115945,4.872107186358878,67.17337571652435,1,0,1,0,1.0,False
HEMI,2026-08-02T04:41:49.125Z,2026-08-02T04:41:49.126021Z,2026-08-02T06:41:49.126021Z,7697.889315,7,0.004665,21.436227224007702,5.073995771670186,0.638,52.17391304347826,21.436227224007702,64.75814431746382,0,0,0,0,,False
HUMA,2026-08-02T04:41:55.573Z,2026-08-02T04:41:55.573327Z,2026-08-02T06:41:55.573327Z,7691.442009,7,0.01916,10.438413361168676,3.416149068322986,-1.378,54.710144927536234,10.438413361168676,50.404429560815814,0,0,0,0,,False
IO,2026-08-02T04:42:11.643Z,2026-08-02T04:42:11.643314Z,2026-08-02T06:42:11.643314Z,7675.372022,7,0.1331,15.026296018031985,3.883495145631076,0.15,42.7536231884058,15.026296018031985,57.832078085985614,0,0,0,0,,False
KAIA,2026-08-02T04:42:18.115Z,2026-08-02T04:42:18.117044Z,2026-08-02T06:42:18.117044Z,7668.898292,7,0.026250000000000002,38.09523809523786,4.511278195488721,1.527,43.47826086956522,38.09523809523786,64.6615562345745,0,0,0,0,,False
MET,2026-08-02T04:42:32.088Z,2026-08-02T04:42:32.088276Z,2026-08-02T06:42:32.088276Z,7654.92706,7,0.16235,18.478595626732044,6.86567164179105,-6.004,56.15942028985507,18.478595626732044,39.15580850016673,1,1,0,0,-1.0,False
MUBARAK,2026-08-02T04:42:39.046Z,2026-08-02T04:42:39.046385Z,2026-08-02T06:42:39.046385Z,7647.968951,7,0.012115,8.25423029302627,12.223133716160788,-2.01,55.79710144927536,8.25423029302627,66.98734188969947,0,0,0,0,,False
NIL,2026-08-02T04:42:45.452Z,2026-08-02T04:42:45.453102Z,2026-08-02T06:42:45.453102Z,7641.562234,7,0.02828,21.216407355020355,6.504922644163154,-2.436,56.52173913043478,21.216407355020355,40.3950792399408,0,0,0,0,,False
ORCA,2026-08-02T04:42:57.348Z,2026-08-02T04:42:57.348636Z,2026-08-02T06:42:57.348636Z,7629.6667,7,1.1075,9.029345372461508,4.516711833785009,-2.035,48.55072463768116,9.029345372461508,61.85377393385606,0,0,0,0,,False
PEOPLE,2026-08-02T04:43:01.980Z,2026-08-02T04:43:01.980726Z,2026-08-02T06:43:01.980726Z,7625.03461,7,0.007025,14.234875444839277,6.485671191553542,-0.897,44.927536231884055,14.234875444839277,37.14730402000453,0,0,0,0,,False
PNUT,2026-08-02T04:43:09.190Z,2026-08-02T04:43:09.190763Z,2026-08-02T06:43:09.190763Z,7617.824573,7,0.03955,25.284450063211846,4.314720812182742,-1.253,49.27536231884058,25.284450063211846,67.0506342532855,65,17,35,13,0.0154,False
PYTH,2026-08-02T04:43:15.715Z,2026-08-02T04:43:15.716246Z,2026-08-02T06:43:15.716246Z,7611.29909,7,0.039834999999999995,12.551776076315159,4.129718773752216,-0.779,46.73913043478261,12.551776076315159,49.53573058099374,0,0,0,0,,False
RESOLV,2026-08-02T04:43:22.228Z,2026-08-02T04:43:22.229114Z,2026-08-02T06:43:22.229114Z,7604.786222,7,0.015615,6.404098623118535,3.9823008849557544,1.802,43.11594202898551,6.404098623118535,69.68280688900657,0,0,0,0,,
SAGA,2026-08-02T04:43:29.262Z,2026-08-02T04:43:29.263213Z,2026-08-02T06:43:29.263213Z,7597.752123,7,0.012335,8.107012565869146,5.758313057583135,-0.323,53.26086956521739,8.107012565869146,65.36679731727232,0,0,0,0,,False
SAND,2026-08-02T04:43:36.013Z,2026-08-02T04:43:36.014128Z,2026-08-02T06:43:36.014128Z,7591.001208,7,0.041815,7.174458926223186,6.625504630729044,-3.329,50.72463768115942,7.174458926223186,64.2250992396597,38,13,14,11,0.1316,False
SAPIEN,2026-08-02T04:43:42.226Z,2026-08-02T04:43:42.226359Z,2026-08-02T06:43:42.226359Z,7584.788977,7,0.08065,12.399256044635957,4.260651629072682,-2.683,44.20289855072464,12.399256044635957,54.24187922676279,0,0,0,0,,False
SKY,2026-08-02T04:43:55.868Z,2026-08-02T04:43:55.869097Z,2026-08-02T06:43:55.869097Z,7571.146239,7,0.05648,3.54107648725198,2.8072033898305104,-0.229,48.91304347826087,3.54107648725198,55.82885787367329,66,20,40,6,0.3485,False
SNX,2026-08-02T04:44:02.781Z,2026-08-02T04:44:02.782252Z,2026-08-02T06:44:02.782252Z,7564.233084,7,0.2135,46.838407494145244,4.651162790697678,0.467,51.44927536231884,46.838407494145244,60.65610362180295,1,1,0,0,1.0,False
SOMI,2026-08-02T04:44:08.321Z,2026-08-02T04:44:08.321931Z,2026-08-02T06:44:08.321931Z,7558.693405,7,0.08415,11.88354129530634,4.368358913813453,-0.587,47.46376811594203,11.88354129530634,68.83081942645944,0,0,0,0,,False
STX,2026-08-02T04:44:14.771Z,2026-08-02T04:44:14.771311Z,2026-08-02T06:44:14.771311Z,7552.244025,7,0.1385,14.440433212996803,3.9625360230547586,0.945,53.6231884057971,14.440433212996803,75.81928136730018,33,12,16,5,0.2424,False
TOWNS,2026-08-02T04:44:21.533Z,2026-08-02T04:44:21.534178Z,2026-08-02T06:44:21.534178Z,7545.481158,7,0.002045,48.89975550122262,5.392156862745101,0.493,51.81159420289855,48.89975550122262,71.60758993777743,0,0,0,0,,False
TURBO,2026-08-02T04:44:27.841Z,2026-08-02T04:44:27.841924Z,2026-08-02T06:44:27.841924Z,7539.173412,7,0.0008005,12.492192379761597,4.7381546134663415,-0.865,50.0,12.492192379761597,70.87504024875226,0,0,0,0,,False
XTZ,2026-08-02T04:44:43.112Z,2026-08-02T04:44:43.112238Z,2026-08-02T06:44:43.112238Z,7523.903098,7,0.20135,14.899428855228331,3.1452820768846728,-0.743,50.36231884057971,14.899428855228331,67.49044488571958,3,0,2,1,-1.0,False
AVNT,2026-08-02T04:50:26.420Z,2026-08-02T04:50:26.420467Z,2026-08-02T06:50:26.420467Z,7780.366024,7,0.08305,12.040939193255749,4.216867469879522,-0.955,33.333333333333336,12.040939193255749,51.82528431323387,0,0,0,0,,False
AXS,2026-08-02T04:50:32.775Z,2026-08-02T04:50:32.775492Z,2026-08-02T06:50:32.775492Z,7774.010999,7,0.8294999999999999,12.05545509342979,3.237410071942449,-0.596,29.347826086956523,12.05545509342979,66.78258889315025,1,0,0,1,1.0,False
BANANAS31,2026-08-02T04:50:39.313Z,2026-08-02T04:50:39.313318Z,2026-08-02T06:50:39.313318Z,7767.473173,7,0.006998,17.14775650185747,4.82611781405252,-0.858,34.05797101449275,17.14775650185747,50.10496808242415,0,0,0,0,,
BIO,2026-08-02T04:50:45.631Z,2026-08-02T04:50:45.631242Z,2026-08-02T06:50:45.631242Z,7761.155249,7,0.02233,8.956560680698248,6.023029229406554,-1.997,41.666666666666664,8.956560680698248,46.67777899244372,0,0,0,0,,False
BMT,2026-08-02T04:50:51.923Z,2026-08-02T04:50:51.923913Z,2026-08-02T06:50:51.923913Z,7754.862578,7,0.011715,8.536064874092695,6.36132315521629,1.638,38.768115942028984,8.536064874092695,62.287335247887114,0,0,0,0,,False
CGPT,2026-08-02T04:51:03.545Z,2026-08-02T04:51:03.545410Z,2026-08-02T06:51:03.545410Z,7743.241081,7,0.018349999999999998,10.899182561309349,4.679935449166214,1.585,40.57971014492754,10.899182561309349,62.772689959005554,0,0,0,0,,False
CKB,2026-08-02T04:51:17.203Z,2026-08-02T04:51:17.204016Z,2026-08-02T06:51:17.204016Z,7729.582475,7,0.0008145,12.27747084100572,4.146341463414642,-1.679,35.14492753623188,12.27747084100572,66.03135762058444,1,1,0,0,1.0,False
COOKIE,2026-08-02T04:51:23.410Z,2026-08-02T04:51:23.411244Z,2026-08-02T06:51:23.411244Z,7723.375247,7,0.00775,129.03225806451536,5.12820512820513,-1.266,30.434782608695652,129.03225806451536,44.022042399000796,0,0,0,0,,False
CVX,2026-08-02T04:51:29.973Z,2026-08-02T04:51:29.973830Z,2026-08-02T06:51:29.973830Z,7716.812661,7,1.3065,53.57826253348731,8.562450903377865,0.079,33.69565217391305,53.57826253348731,29.634210709602502,3,0,2,1,1.0,False
EGLD,2026-08-02T04:51:36.783Z,2026-08-02T04:51:36.784204Z,2026-08-02T06:51:36.784204Z,7710.002287,7,2.685,37.243947858472204,3.3210332103321147,-1.095,41.30434782608695,37.243947858472204,69.65541965632063,0,0,0,0,,False
ETC,2026-08-02T04:51:42.972Z,2026-08-02T04:51:42.973159Z,2026-08-02T06:51:42.973159Z,7703.813332,7,6.645,15.048908954101844,4.689863842662626,-1.196,32.2463768115942,15.048908954101844,70.01670547533887,0,0,0,0,,False
FORM,2026-08-02T04:51:49.466Z,2026-08-02T04:51:49.466650Z,2026-08-02T06:51:49.466650Z,7697.319841,7,0.20179999999999998,9.910802775025061,10.495049504950506,-3.81,28.6231884057971,9.910802775025061,60.55846964009072,1,0,1,0,1.0,False
GMT,2026-08-02T04:51:55.844Z,2026-08-02T04:51:55.844300Z,2026-08-02T06:51:55.844300Z,7690.942191,7,0.006699999999999999,29.8507462686568,4.592592592592598,2.273,31.52173913043478,29.8507462686568,56.67098618170694,0,0,0,0,,False
GRT,2026-08-02T04:52:00.484Z,2026-08-02T04:52:00.484798Z,2026-08-02T06:52:00.484798Z,7686.301693,7,0.014454999999999999,6.918021445867401,3.351955307262567,-0.417,36.594202898550726,6.918021445867401,65.4229545068588,2,1,1,0,0.0,False
GUN,2026-08-02T04:52:07.696Z,2026-08-02T04:52:07.697112Z,2026-08-02T06:52:07.697112Z,7679.089379,7,0.0028850000000000004,34.66204506065866,7.612456747404848,-3.344,37.31884057971015,34.66204506065866,53.58580554246362,0,0,0,0,,False
HMSTR,2026-08-02T04:52:13.888Z,2026-08-02T04:52:13.888606Z,2026-08-02T06:52:13.888606Z,7672.897885,7,0.00016705,5.986231667165665,2.670623145400594,-0.531,30.797101449275363,5.986231667165665,56.4265688612354,0,0,0,0,,False
IOTA,2026-08-02T04:52:20.577Z,2026-08-02T04:52:20.578005Z,2026-08-02T06:52:20.578005Z,7666.208486,7,0.03265,30.627871362941153,4.587155963302757,2.188,36.95652173913044,30.627871362941153,56.1926745808767,0,0,0,0,,False
KMNO,2026-08-02T04:52:26.791Z,2026-08-02T04:52:26.791380Z,2026-08-02T06:52:26.791380Z,7659.995111,7,0.018205,5.492996429552098,4.537998906506292,0.0,38.405797101449274,5.492996429552098,59.009153984250496,5,0,5,0,1.0,False
NEO,2026-08-02T04:52:55.656Z,2026-08-02T04:52:55.657208Z,2026-08-02T06:52:55.657208Z,7631.129283,7,1.8275000000000001,5.4719562243508175,3.436988543371531,-1.505,37.68115942028985,5.4719562243508175,68.88226433863873,1,0,1,0,-1.0,False
NOM,2026-08-02T04:53:02.091Z,2026-08-02T04:53:02.092108Z,2026-08-02T06:53:02.092108Z,7624.694383,7,0.001435,69.68641114982597,3.472222222222216,0.0,32.971014492753625,69.68641114982597,45.757110767455586,0,0,0,0,,False
OPEN,2026-08-02T04:53:14.801Z,2026-08-02T04:53:14.802102Z,2026-08-02T06:53:14.802102Z,7611.984389,7,0.1799,11.11728738187914,3.4463590883824406,1.869,39.130434782608695,11.11728738187914,68.10289846907223,2,1,1,0,1.0,False
OSMO,2026-08-02T04:53:19.339Z,2026-08-02T04:53:19.340128Z,2026-08-02T06:53:19.340128Z,7607.446363,7,0.027549999999999998,36.29764065335731,5.494505494505499,1.866,35.507246376811594,36.29764065335731,52.573499807761124,1,1,0,0,1.0,False
PHA,2026-08-02T04:53:32.131Z,2026-08-02T04:53:32.132147Z,2026-08-02T06:53:32.132147Z,7594.654344,7,0.01975,50.63291139240651,3.535353535353531,-1.0,30.07246376811594,50.63291139240651,60.31099055560032,0,0,0,0,,False
PLUME,2026-08-02T04:53:37.126Z,2026-08-02T04:53:37.126807Z,2026-08-02T06:53:37.126807Z,7589.659684,7,0.011145,8.972633467922469,4.2418772563176885,1.372,35.869565217391305,8.972633467922469,58.47238192118346,0,0,0,0,,False
QNT,2026-08-02T04:53:43.289Z,2026-08-02T04:53:43.290165Z,2026-08-02T06:53:43.290165Z,7583.496326,7,61.125,11.451942740285181,3.555268261150607,1.726,42.028985507246375,11.451942740285181,41.85268180180804,63,22,30,11,0.3175,False
RAY,2026-08-02T04:53:48.308Z,2026-08-02T04:53:48.308820Z,2026-08-02T06:53:48.308820Z,7578.477671,7,0.6124499999999999,8.16393174953149,3.4714262321925657,0.659,34.42028985507246,8.16393174953149,59.64422218748995,3,0,2,1,1.0,False
SHELL,2026-08-02T04:53:55.063Z,2026-08-02T04:53:55.063762Z,2026-08-02T06:53:55.063762Z,7571.722729,7,0.01815,55.09641873278204,3.8251366120218537,-0.543,31.159420289855074,55.09641873278204,55.467391110008705,0,0,0,0,,
SOLV,2026-08-02T04:54:01.248Z,2026-08-02T04:54:01.249047Z,2026-08-02T06:54:01.249047Z,7565.537444,7,0.002365,42.2832980972517,5.485232067510544,-0.42,28.985507246376812,42.2832980972517,48.66318468079738,0,0,0,0,,
TURTLE,2026-08-02T04:54:05.972Z,2026-08-02T04:54:05.973002Z,2026-08-02T06:54:05.973002Z,7560.813489,7,0.043,46.511627906976464,6.451612903225799,1.402,31.884057971014492,46.511627906976464,66.50977999573976,1,1,0,0,1.0,False
VANA,2026-08-02T04:54:10.448Z,2026-08-02T04:54:10.448799Z,2026-08-02T06:54:10.448799Z,7556.337692,7,0.871,45.924225028702686,5.184331797235028,-2.581,32.608695652173914,45.924225028702686,55.431184170635795,0,0,0,0,,False
W,2026-08-02T04:54:16.946Z,2026-08-02T04:54:16.946665Z,2026-08-02T06:54:16.946665Z,7549.839826,7,0.008195000000000001,12.202562538134627,3.5935563816604748,-0.37,27.89855072463768,12.202562538134627,68.5839156258255,0,0,0,0,,False
1000CAT,2026-08-02T04:59:46.901Z,2026-08-02T04:59:46.901597Z,2026-08-02T06:59:46.901597Z,7219.884894,7,0.001395,71.68458781362027,6.849315068493139,5.036,15.579710144927537,71.68458781362027,74.14794869093171,66,20,36,10,0.3788,False
ALT,2026-08-02T05:00:08.791Z,2026-08-02T05:00:08.791739Z,2026-08-02T07:00:08.791739Z,7797.20388,7,0.005795,17.25625539257911,4.302925989672982,-0.853,23.91304347826087,17.25625539257911,60.18856545297083,0,0,0,0,,False
ARKM,2026-08-02T05:00:21.688Z,2026-08-02T05:00:21.688461Z,2026-08-02T07:00:21.688461Z,7784.307158,7,0.09445,10.587612493383045,4.029692470837764,-1.36,21.014492753623188,10.587612493383045,64.70010590780308,20,5,12,3,0.0,False
AT,2026-08-02T05:00:26.876Z,2026-08-02T05:00:26.876727Z,2026-08-02T07:00:26.876727Z,7779.118892,7,0.13915,35.93244699964071,6.580829756795431,3.097,18.115942028985508,35.93244699964071,62.549737628324344,2,0,1,1,0.0,False
BB,2026-08-02T05:00:33.273Z,2026-08-02T05:00:33.273462Z,2026-08-02T07:00:33.273462Z,7772.722157,7,0.01443,13.860013860013295,6.00539811066127,-3.766,26.81159420289855,13.860013860013295,43.892840496939826,0,0,0,0,,False
BEAMX,2026-08-02T05:00:40.122Z,2026-08-02T05:00:40.122546Z,2026-08-02T07:00:40.122546Z,7765.873073,7,0.0014525,20.65404475043005,3.0261348005502056,0.138,17.753623188405797,20.65404475043005,57.91963732654369,0,0,0,0,,True
BERA,2026-08-02T05:00:46.528Z,2026-08-02T05:00:46.528678Z,2026-08-02T07:00:46.528678Z,7759.466941,7,0.15415,6.487187804088014,3.434867141931303,-0.129,16.304347826086957,6.487187804088014,72.35421236321696,0,0,0,0,,False
BLUR,2026-08-02T05:00:51.126Z,2026-08-02T05:00:51.126318Z,2026-08-02T07:00:51.126318Z,7754.869301,7,0.01386,14.430014430015094,4.697508896797147,-1.611,14.492753623188406,14.430014430015094,61.160637053738164,1,1,0,0,1.0,False
C,2026-08-02T05:00:57.345Z,2026-08-02T05:00:57.346112Z,2026-08-02T07:00:57.346112Z,7748.649507,7,0.05335,18.744142455483196,4.841713221601487,-2.364,17.391304347826086,18.744142455483196,57.94787216905763,0,0,0,0,,False
CETUS,2026-08-02T05:01:03.577Z,2026-08-02T05:01:03.577939Z,2026-08-02T07:01:03.577939Z,7742.41768,7,0.01779,11.242270938729167,3.205849268841401,0.68,26.08695652173913,11.242270938729167,74.03466913485664,0,0,0,0,,False
COW,2026-08-02T05:01:08.622Z,2026-08-02T05:01:08.622818Z,2026-08-02T07:01:08.622818Z,7737.372801,7,0.1144,17.482517482517984,4.5414847161572025,-1.632,20.652173913043477,17.482517482517984,64.36770386668462,0,0,0,0,,False
DYM,2026-08-02T05:01:15.141Z,2026-08-02T05:01:15.141378Z,2026-08-02T07:01:15.141378Z,7730.854241,7,0.013105,7.630675314765046,5.235204855842182,-0.678,24.63768115942029,7.630675314765046,62.04319677458819,0,0,0,0,,False
ENS,2026-08-02T05:01:19.704Z,2026-08-02T05:01:19.704986Z,2026-08-02T07:01:19.704986Z,7726.290633,7,4.275,23.391812865498654,2.35294117647058,0.236,19.565217391304348,23.391812865498654,68.84368193020805,0,0,0,0,,False
HAEDAL,2026-08-02T05:01:40.824Z,2026-08-02T05:01:40.825049Z,2026-08-02T07:01:40.825049Z,7705.17057,7,0.01524,26.246719160105055,2.1724818959842027,0.0,15.217391304347826,26.246719160105055,57.90031051754931,0,0,0,0,,False
LAYER,2026-08-02T05:01:53.946Z,2026-08-02T05:01:53.946409Z,2026-08-02T07:01:53.946409Z,7692.04921,7,0.06135,16.299918500407962,4.390243902439037,-1.6,19.202898550724637,16.299918500407962,61.53865656914467,0,0,0,0,,False
MANTA,2026-08-02T05:02:00.650Z,2026-08-02T05:02:00.651102Z,2026-08-02T07:02:00.651102Z,7685.344517,7,0.05876,10.21102791014372,3.3389544688027026,-0.952,13.768115942028986,10.21102791014372,53.30213779750954,0,0,0,0,,False
NOT,2026-08-02T05:02:22.681Z,2026-08-02T05:02:22.681335Z,2026-08-02T07:02:22.681335Z,7663.314284,7,0.0003375,29.629629629628745,3.5608308605341312,0.298,18.840579710144926,29.629629629628745,63.39636506772684,0,0,0,0,,False
PIXEL,2026-08-02T05:02:29.486Z,2026-08-02T05:02:29.486799Z,2026-08-02T07:02:29.486799Z,7656.50882,7,0.003985,25.09410288582081,5.793450881612074,-2.217,13.405797101449275,25.09410288582081,58.6867852528922,31,11,17,3,0.4839,False
PROVE,2026-08-02T05:02:35.921Z,2026-08-02T05:02:35.922043Z,2026-08-02T07:02:35.922043Z,7650.073576,7,0.17004999999999998,17.641870038223743,3.6278525453481634,0.648,15.942028985507246,17.641870038223743,49.00134622193655,0,0,0,0,,False
RED,2026-08-02T05:02:42.243Z,2026-08-02T05:02:42.243518Z,2026-08-02T07:02:42.243518Z,7643.752101,7,0.08945,11.179429849078016,3.5874439461883503,-0.446,17.028985507246375,11.179429849078016,69.51247582667044,0,0,0,0,,False
REZ,2026-08-02T05:02:47.584Z,2026-08-02T05:02:47.584390Z,2026-08-02T07:02:47.584390Z,7638.411229,7,0.0027145,11.051759071652107,3.7451737451737404,0.077,20.28985507246377,11.051759071652107,69.78934027451525,42,8,32,2,-0.0714,False
SPK,2026-08-02T05:02:54.020Z,2026-08-02T05:02:54.020524Z,2026-08-02T07:02:54.020524Z,7631.975095,7,0.015876,12.597631645250178,2.9574401988195134,-0.801,26.44927536231884,12.597631645250178,50.776396418037734,67,18,40,9,0.2985,False
SSV,2026-08-02T05:03:01.026Z,2026-08-02T05:03:01.027150Z,2026-08-02T07:03:01.027150Z,7624.968469,7,2.225,8.98876404494283,4.749103942652324,2.104,23.55072463768116,8.98876404494283,71.70989885254733,0,0,0,0,,False
STO,2026-08-02T05:03:07.789Z,2026-08-02T05:03:07.789416Z,2026-08-02T07:03:07.789416Z,7618.206203,7,0.03735,26.773761713521516,6.182795698924741,-1.064,23.18840579710145,26.773761713521516,62.14606816615043,0,0,0,0,,False
SXT,2026-08-02T05:03:14.997Z,2026-08-02T05:03:14.998219Z,2026-08-02T07:03:14.998219Z,7610.9974,7,0.00689,29.027576197387592,4.678362573099415,-0.146,21.3768115942029,29.027576197387592,45.454149882085424,1,0,1,0,-1.0,False
THETA,2026-08-02T05:03:21.994Z,2026-08-02T05:03:21.994600Z,2026-08-02T07:03:21.994600Z,7604.001019,7,0.1256,15.923566878981351,3.3227848101265898,0.397,22.10144927536232,15.923566878981351,72.43636779283752,0,0,0,0,,False
TREE,2026-08-02T05:03:28.419Z,2026-08-02T05:03:28.419514Z,2026-08-02T07:03:28.419514Z,7597.576105,7,0.035250000000000004,28.368794326239975,3.661971830985923,-1.114,16.666666666666668,28.368794326239975,60.446283983552696,0,0,0,0,,False
USUAL,2026-08-02T05:03:34.586Z,2026-08-02T05:03:34.586754Z,2026-08-02T07:03:34.586754Z,7591.408865,7,0.0078049999999999994,12.812299807816094,4.695431472081226,1.026,25.72463768115942,12.812299807816094,68.29758653684702,0,0,0,0,,False
XVG,2026-08-02T05:03:41.203Z,2026-08-02T05:03:41.203978Z,2026-08-02T07:03:41.203978Z,7584.791641,7,0.0019185,15.637216575449385,5.031120331950212,0.679,25.36231884057971,15.637216575449385,51.54448274406307,66,18,26,22,-0.3333,False
YGG,2026-08-02T05:03:45.815Z,2026-08-02T05:03:45.816080Z,2026-08-02T07:03:45.816080Z,7580.179539,7,0.01805,11.080332409971847,3.5068493150685027,1.615,18.47826086956522,11.080332409971847,49.384177076113225,0,0,0,0,,False
ACT,2026-08-02T05:09:30.040Z,2026-08-02T05:09:30.041162Z,2026-08-02T07:09:30.041162Z,7235.954457,7,0.008905,33.688938798428424,3.9281705948372574,0.0,12.681159420289855,33.688938798428424,65.40580376421927,0,0,0,0,,False
CATI,2026-08-02T05:10:03.399Z,2026-08-02T05:10:03.399418Z,2026-08-02T07:10:03.399418Z,7202.596201,7,0.036835,8.14442785394387,5.037513397642014,-2.099,7.971014492753623,8.14442785394387,50.26363199343503,0,0,0,0,,False
COMP,2026-08-02T05:10:11.061Z,2026-08-02T05:10:11.062110Z,2026-08-02T07:10:11.062110Z,7794.947622,7,16.495,18.187329493786685,1.3268998793727529,-0.54,1.8115942028985508,18.187329493786685,48.38202486474652,66,34,24,8,0.3939,False
CYBER,2026-08-02T05:10:17.200Z,2026-08-02T05:10:17.200719Z,2026-08-02T07:10:17.200719Z,7788.809013,7,0.302,66.22516556291397,2.6490066225165587,-1.307,1.0869565217391304,66.22516556291397,43.22924550740963,0,0,0,0,,False
DOLO,2026-08-02T05:10:23.352Z,2026-08-02T05:10:23.352574Z,2026-08-02T07:10:23.352574Z,7782.657158,7,0.021155,14.181044670291774,2.199344875994376,0.565,6.521739130434782,14.181044670291774,62.0523985357268,0,0,0,0,,False
ETH,2026-08-02T05:10:28.408Z,2026-08-02T05:10:28.409158Z,2026-08-02T07:10:28.409158Z,7777.600574,7,1876.5549999999998,0.05328913887411191,3.340823810108415,0.394,99.6376811594203,0.05328913887411191,70.03133575347903,44,22,13,9,0.4545,False
EURI,2026-08-02T05:10:32.996Z,2026-08-02T05:10:32.996687Z,2026-08-02T07:10:32.996687Z,7773.013045,7,1.1512,8.686587908268676,0.15629070070331022,0.043,5.434782608695652,8.686587908268676,53.18377719016952,0,0,0,0,,
F,2026-08-02T05:10:39.673Z,2026-08-02T05:10:39.673857Z,2026-08-02T07:10:39.673857Z,7766.335875,7,0.002835,35.273368606702036,2.4822695035461058,-1.742,2.1739130434782608,35.273368606702036,46.56761087451345,0,0,0,0,,
FF,2026-08-02T05:10:46.186Z,2026-08-02T05:10:46.187237Z,2026-08-02T07:10:46.187237Z,7759.822495,7,0.06445000000000001,9.309542280836402,2.6408721019499453,0.478,10.507246376811594,9.309542280836402,59.312844913773645,0,0,0,0,,False
FLUX,2026-08-02T05:10:52.475Z,2026-08-02T05:10:52.475976Z,2026-08-02T07:10:52.475976Z,7753.533756,7,0.03895,25.67394094993655,3.0927835051546384,-0.767,3.9855072463768115,25.67394094993655,41.18920493967243,0,0,0,0,,False
GPS,2026-08-02T05:10:59.122Z,2026-08-02T05:10:59.122850Z,2026-08-02T07:10:59.122850Z,7746.886882,7,0.009295,10.758472296933398,3.188097768331561,0.213,9.782608695652174,10.758472296933398,63.128507260736356,0,0,0,0,,
HIVE,2026-08-02T05:11:05.492Z,2026-08-02T05:11:05.493061Z,2026-08-02T07:11:05.493061Z,7740.516671,7,0.042050000000000004,23.781212841853964,3.0805687203791527,-0.706,3.6231884057971016,23.781212841853964,42.08495277295613,0,0,0,0,,False
ILV,2026-08-02T05:11:17.074Z,2026-08-02T05:11:17.075244Z,2026-08-02T07:11:17.075244Z,7728.934488,7,2.8600000000000003,69.93006993006998,4.878048780487809,0.702,3.260869565217391,69.93006993006998,42.27690780863241,0,0,0,0,,False
LA,2026-08-02T05:11:21.749Z,2026-08-02T05:11:21.749473Z,2026-08-02T07:11:21.749473Z,7724.260259,7,0.04965,60.42296072507446,2.783300198807154,-1.949,4.7101449275362315,60.42296072507446,51.354298503723584,0,0,0,0,,False
NEWT,2026-08-02T05:11:28.082Z,2026-08-02T05:11:28.083170Z,2026-08-02T07:11:28.083170Z,7717.926562,7,0.039999999999999994,49.99999999999971,2.985074626865671,-0.495,0.7246376811594203,49.99999999999971,49.34583452797118,0,0,0,0,,False
NMR,2026-08-02T05:11:34.324Z,2026-08-02T05:11:34.324511Z,2026-08-02T07:11:34.324511Z,7711.685221,7,8.565000000000001,11.675423234091985,1.750291715285885,-0.465,1.4492753623188406,11.675423234091985,41.09737839805977,0,0,0,0,,False
NXPC,2026-08-02T05:11:40.877Z,2026-08-02T05:11:40.877487Z,2026-08-02T07:11:40.877487Z,7705.132245,7,0.2473,24.262029923169813,4.235578862444527,-3.164,9.057971014492754,24.262029923169813,55.344326941919284,0,0,0,0,,False
RARE,2026-08-02T05:11:46.082Z,2026-08-02T05:11:46.082493Z,2026-08-02T07:11:46.082493Z,7699.927239,7,0.011905,8.39983200335959,2.5854879065888197,0.503,12.318840579710145,8.39983200335959,66.26253285195078,0,0,0,0,,False
RPL,2026-08-02T05:11:53.011Z,2026-08-02T05:11:53.011929Z,2026-08-02T07:11:53.011929Z,7692.997803,7,1.5750000000000002,63.492063492063544,2.5806451612903247,-1.274,7.608695652173913,63.492063492063544,41.812355735212314,0,0,0,0,,True
SIGN,2026-08-02T05:11:59.498Z,2026-08-02T05:11:59.498828Z,2026-08-02T07:11:59.498828Z,7686.510904,7,0.006805,14.695077149155708,4.3988269794721395,-2.432,11.231884057971014,14.695077149155708,42.448996704505646,0,0,0,0,,False
SKL,2026-08-02T05:12:06.024Z,2026-08-02T05:12:06.024616Z,2026-08-02T07:12:06.024616Z,7679.985116,7,0.003715,80.75370121130456,4.289544235924933,0.0,10.869565217391305,80.75370121130456,50.39771684309066,0,0,0,0,,False
SOL,2026-08-02T05:12:10.570Z,2026-08-02T05:12:10.571202Z,2026-08-02T07:12:10.571202Z,7675.43853,7,73.38499999999999,1.3626762962465242,3.8461538461538494,0.247,98.91304347826087,1.3626762962465242,68.44584600144776,43,23,16,4,0.6744,False
SOPH,2026-08-02T05:12:16.872Z,2026-08-02T05:12:16.873013Z,2026-08-02T07:12:16.873013Z,7669.136719,7,0.003945000000000001,25.348542458809778,3.28282828282828,-1.493,7.246376811594203,25.348542458809778,57.22226112883986,0,0,0,0,,
STEEM,2026-08-02T05:12:22.907Z,2026-08-02T05:12:22.907258Z,2026-08-02T07:12:22.907258Z,7663.102474,7,0.036525,8.213552361396918,2.1633315305570635,-0.27,8.333333333333334,8.213552361396918,48.88031954635059,1,1,0,0,1.0,False
TNSR,2026-08-02T05:12:29.512Z,2026-08-02T05:12:29.512954Z,2026-08-02T07:12:29.512954Z,7656.496778,7,0.02985,33.50083752093782,3.654485049833888,-2.589,9.420289855072463,33.50083752093782,44.234576022936594,14,7,6,1,0.1429,False
UMA,2026-08-02T05:12:35.756Z,2026-08-02T05:12:35.756479Z,2026-08-02T07:12:35.756479Z,7650.253253,7,0.3385,29.542097488921737,5.014749262536861,-1.453,6.159420289855072,29.542097488921737,50.43240310307815,0,0,0,0,,False
USD1,2026-08-02T05:12:38.917Z,2026-08-02T05:12:38.917541Z,2026-08-02T07:12:38.917541Z,7647.092191,7,0.99915,1.0008507231145374,0.04003603242918186,-0.01,99.27536231884058,1.0008507231145374,69.00605531643443,0,0,0,0,,False
VELODROME,2026-08-02T05:12:45.769Z,2026-08-02T05:12:45.770379Z,2026-08-02T07:12:45.770379Z,7640.239353,7,0.0167,47.904191616766596,3.409090909090916,-3.241,8.695652173913043,47.904191616766596,38.621702896045406,0,0,0,0,,
WAL,2026-08-02T05:12:51.975Z,2026-08-02T05:12:51.975522Z,2026-08-02T07:12:51.975522Z,7634.03421,7,0.02595,38.535645472061425,4.280155642023347,-1.533,2.898550724637681,38.535645472061425,66.36405366137119,0,0,0,0,,False
WCT,2026-08-02T05:12:58.375Z,2026-08-02T05:12:58.375365Z,2026-08-02T07:12:58.375365Z,7627.634367,7,0.03597,11.120378092854704,3.420467185761944,-1.856,13.043478260869565,11.120378092854704,54.44769064214914,0,0,0,0,,False
YB,2026-08-02T05:13:04.434Z,2026-08-02T05:13:04.434674Z,2026-08-02T07:13:04.434674Z,7621.575058,7,0.0658,30.395136778116374,2.567975830815721,1.223,6.884057971014493,30.395136778116374,56.74788252058244,0,0,0,0,,False
BCH,2026-08-02T05:18:55.150Z,2026-08-02T05:18:55.150886Z,2026-08-02T07:18:55.150886Z,7270.858846,7,211.85000000000002,4.720320981826496,2.9214559386973153,-1.323,86.23188405797102,4.720320981826496,57.33136354129778,11,4,3,4,0.0909,False
MIRA,2026-08-02T05:19:49.949Z,2026-08-02T05:19:49.949849Z,2026-08-02T07:19:49.949849Z,7216.059883,7,0.04125,24.242424242424935,6.00961538461539,-2.576,87.31884057971014,24.242424242424935,59.83321182298231,0,0,0,0,,False
NEAR,2026-08-02T05:19:55.193Z,2026-08-02T05:19:55.194147Z,2026-08-02T07:19:55.194147Z,7210.815585,7,1.7215,5.808887598024339,3.8709677419354867,2.402,97.10144927536231,5.808887598024339,74.36120599200041,3,0,1,2,0.3333,False
ONDO,2026-08-02T05:19:59.837Z,2026-08-02T05:19:59.837585Z,2026-08-02T07:19:59.837585Z,7206.172147,7,0.3919,5.103342689462451,4.352278545826937,-0.357,87.68115942028986,5.103342689462451,66.21423387541884,5,2,0,3,-0.2,False
ORDI,2026-08-02T05:20:06.129Z,2026-08-02T05:20:06.129793Z,2026-08-02T07:20:06.129793Z,7799.190936,7,3.6745,8.164376105592906,9.110927608037434,3.504,88.76811594202898,8.164376105592906,60.95731481555661,7,4,2,1,0.4286,False
PENGU,2026-08-02T05:20:10.514Z,2026-08-02T05:20:10.514507Z,2026-08-02T07:20:10.514507Z,7794.806222,7,0.006108499999999999,4.9111893263491835,5.151958394279207,1.201,91.30434782608695,4.9111893263491835,70.73583629351293,0,0,0,0,,False
PEPE,2026-08-02T05:20:15.086Z,2026-08-02T05:20:15.086585Z,2026-08-02T07:20:15.086585Z,7790.234144,7,2.925e-06,34.18803418803386,5.5944055944056,3.249,93.47826086956522,34.18803418803386,75.25330827740413,31,23,5,3,0.8065,False
PUMP,2026-08-02T05:20:19.703Z,2026-08-02T05:20:19.703295Z,2026-08-02T07:20:19.703295Z,7785.617434,7,0.0021845,4.577706569007549,10.883140053523634,4.231,94.20289855072464,4.577706569007549,65.81405527359424,6,6,0,0,0.6667,False
SHIB,2026-08-02T05:20:24.167Z,2026-08-02T05:20:24.167820Z,2026-08-02T07:20:24.167820Z,7781.152909,7,4.985e-06,20.060180541624685,7.551020408163263,-0.609,89.4927536231884,20.060180541624685,64.9219021552304,15,5,9,1,0.8667,False
SUI,2026-08-02T05:20:30.188Z,2026-08-02T05:20:30.188308Z,2026-08-02T07:20:30.188308Z,7775.132421,7,0.69115,1.4468639224479345,3.9378087765184553,0.511,95.65217391304348,1.4468639224479345,69.12999127772358,2,1,0,1,0.0,False
SYN,2026-08-02T05:20:34.602Z,2026-08-02T05:20:34.602897Z,2026-08-02T07:20:34.602897Z,7770.717832,7,0.09124499999999999,9.863554167350854,29.864552362074654,-13.415,94.92753623188406,9.863554167350854,46.70058029659865,0,0,0,0,,False
TAO,2026-08-02T05:20:39.602Z,2026-08-02T05:20:39.602977Z,2026-08-02T07:20:39.602977Z,7765.717752,7,194.45,5.142710208279472,5.222337125129263,-1.427,88.40579710144928,5.142710208279472,59.52655674668427,6,2,3,1,0.3333,False
TRX,2026-08-02T05:20:44.774Z,2026-08-02T05:20:44.774820Z,2026-08-02T07:20:44.774820Z,7760.545909,7,0.32805,3.048315805517116,1.0975609756097535,0.336,96.01449275362319,3.048315805517116,76.2489426352635,19,6,11,2,0.1579,False
UNI,2026-08-02T05:20:52.634Z,2026-08-02T05:20:52.634352Z,2026-08-02T07:20:52.634352Z,7752.686377,7,4.2865,2.332905633967885,7.272287992268667,-3.923,93.84057971014492,2.332905633967885,46.81010514807232,21,12,8,1,0.7143,False
XLM,2026-08-02T05:20:57.507Z,2026-08-02T05:20:57.507630Z,2026-08-02T07:20:57.507630Z,7747.813099,7,0.17635,5.670541536716132,3.1088082901554337,0.754,85.8695652173913,5.670541536716132,69.80716599134058,11,4,6,1,0.6364,False
XRP,2026-08-02T05:21:01.998Z,2026-08-02T05:21:01.998911Z,2026-08-02T07:21:01.998911Z,7743.321818,7,1.08285,0.9234889412198272,2.661703117729173,0.977,98.18840579710145,0.9234889412198272,63.3868126572392,32,19,10,3,0.8125,False
ZEC,2026-08-02T05:21:06.751Z,2026-08-02T05:21:06.751342Z,2026-08-02T07:21:06.751342Z,7738.569387,7,474.57000000000005,1.2643024211391842,3.7852951767671428,2.78,93.1159420289855,1.2643024211391842,52.70272862841323,18,13,2,3,0.4444,False
ZRO,2026-08-02T05:21:11.331Z,2026-08-02T05:21:11.332003Z,2026-08-02T07:21:11.332003Z,7733.988726,7,0.7224999999999999,13.840830449827005,6.657420249653266,-2.83,90.57971014492753,13.840830449827005,52.78681546225219,3,3,0,0,1.0,False
ATOM,2026-08-02T05:27:05.004Z,2026-08-02T05:27:05.004609Z,2026-08-02T07:27:05.004609Z,7380.31612,7,1.2595,7.939658594681316,3.3600000000000034,1.626,75.72463768115942,7.939658594681316,78.77837760707082,64,18,34,12,0.2812,False
BANK,2026-08-02T05:27:09.537Z,2026-08-02T05:27:09.537797Z,2026-08-02T07:27:09.537797Z,7375.782932,7,0.0489,40.89979550102225,32.382892057026474,-19.376,85.14492753623189,40.89979550102225,43.39429590333629,14,5,0,9,-0.2857,False
ERA,2026-08-02T05:27:35.208Z,2026-08-02T05:27:35.208314Z,2026-08-02T07:27:35.208314Z,7350.112415,7,0.06725,14.869888475836856,4.005934718100902,1.049,74.27536231884058,14.869888475836856,50.177964631721096,0,0,0,0,,False
EUL,2026-08-02T05:27:45.115Z,2026-08-02T05:27:45.115253Z,2026-08-02T07:27:45.115253Z,7340.205476,7,1.4585,20.56907781967701,30.51612903225807,15.327,81.15942028985508,20.56907781967701,57.50984921052604,5,2,2,1,0.2,False
JUP,2026-08-02T05:28:07.690Z,2026-08-02T05:28:07.690949Z,2026-08-02T07:28:07.690949Z,7317.62978,7,0.19655,5.087763927753191,5.608893380495199,2.38,72.82608695652173,5.087763927753191,76.49139743962597,13,8,5,0,1.0,False
ROSE,2026-08-02T05:28:41.128Z,2026-08-02T05:28:41.128504Z,2026-08-02T07:28:41.128504Z,7284.192225,7,0.005585,17.905102954342812,8.18181818181818,2.996,78.26086956521739,17.905102954342812,53.08821723225884,60,25,30,5,0.2333,False
RUNE,2026-08-02T05:28:45.857Z,2026-08-02T05:28:45.857409Z,2026-08-02T07:28:45.857409Z,7279.46332,7,0.4445,22.49718785151858,3.3936651583710438,2.552,76.81159420289855,22.49718785151858,79.20680442647514,2,0,1,1,-1.0,False
STRK,2026-08-02T05:28:50.318Z,2026-08-02T05:28:50.318946Z,2026-08-02T07:28:50.318946Z,7275.001783,7,0.0246,8.130081300812677,6.791378609190733,-3.87,77.17391304347827,8.130081300812677,67.83716320046175,5,4,1,0,1.0,False
TUT,2026-08-02T05:29:08.531Z,2026-08-02T05:29:08.532224Z,2026-08-02T07:29:08.532224Z,7256.788505,7,0.017230000000000002,23.215322112595373,15.997673065735906,6.046,76.08695652173913,23.215322112595373,77.78928135994411,2,2,0,0,1.0,False
USDE,2026-08-02T05:29:13.077Z,2026-08-02T05:29:13.077589Z,2026-08-02T07:29:13.077589Z,7252.24314,7,0.99975,1.0002500625155186,0.04000800160031566,-0.02,78.98550724637681,1.0002500625155186,66.39057306881934,1,1,0,0,1.0,False
WIF,2026-08-02T05:29:18.166Z,2026-08-02T05:29:18.166705Z,2026-08-02T07:29:18.166705Z,7247.154024,7,0.14045000000000002,7.119971520115111,7.204610951008651,-4.408,77.89855072463769,7.119971520115111,64.8245440387448,3,1,1,1,1.0,False
WLD,2026-08-02T05:29:22.955Z,2026-08-02T05:29:22.955922Z,2026-08-02T07:29:22.955922Z,7242.364807,7,0.32195,3.1060723714859138,6.858407079646016,3.196,82.2463768115942,3.1060723714859138,66.96075961549752,9,7,1,1,0.4444,False
WLFI,2026-08-02T05:29:29.457Z,2026-08-02T05:29:29.457494Z,2026-08-02T07:29:29.457494Z,7235.863235,7,0.05545,18.034265103697543,4.151624548736469,1.465,82.6086956521739,18.034265103697543,44.333597801657135,2,0,2,0,-1.0,False
XPL,2026-08-02T05:29:41.050Z,2026-08-02T05:29:41.050285Z,2026-08-02T07:29:41.050285Z,7224.270444,7,0.076905,3.9009167154284174,6.93506493506495,0.601,73.91304347826087,3.9009167154284174,61.80056853462414,0,0,0,0,,False
ZEN,2026-08-02T05:29:51.427Z,2026-08-02T05:29:51.427490Z,2026-08-02T07:29:51.427490Z,7213.893239,7,4.0565,7.3955380253916285,4.917629702483397,2.91,78.6231884057971,7.3955380253916285,68.66296979203578,1,0,1,0,1.0,False
0G,2026-08-02T05:35:26.175Z,2026-08-02T05:35:26.175934Z,2026-08-02T07:35:26.175934Z,7478.741918,7,0.1445,69.204152249135,6.164383561643842,1.389,63.405797101449274,69.204152249135,57.9009131835885,59,40,9,10,0.7119,False
BABY,2026-08-02T05:35:41.745Z,2026-08-02T05:35:41.745723Z,2026-08-02T07:35:41.745723Z,7463.172129,7,0.011565,8.646779074794287,13.15331010452961,-10.452,71.01449275362319,8.646779074794287,47.40300726051476,0,0,0,0,,False
CAKE,2026-08-02T05:35:59.341Z,2026-08-02T05:35:59.342172Z,2026-08-02T07:35:59.342172Z,7445.57568,7,1.4235,7.024938531787074,4.56460674157303,-2.198,70.65217391304348,7.024938531787074,71.43961642051234,0,0,0,0,,False
MORPHO,2026-08-02T05:37:02.797Z,2026-08-02T05:37:02.797520Z,2026-08-02T07:37:02.797520Z,7382.120332,7,1.9725000000000001,5.069708491762291,3.596757852076999,-0.904,56.88405797101449,5.069708491762291,71.57194093428484,0,0,0,0,,False
RSR,2026-08-02T05:37:39.664Z,2026-08-02T05:37:39.664802Z,2026-08-02T07:37:39.664802Z,7345.25305,7,0.0013015000000000001,7.6834421820969325,5.1937984496124034,2.138,64.1304347826087,7.6834421820969325,68.24739423360748,1,1,0,0,1.0,False
S,2026-08-02T05:37:46.006Z,2026-08-02T05:37:46.007029Z,2026-08-02T07:37:46.007029Z,7338.910823,7,0.02183,9.16170407695794,5.195989061075671,0.366,60.869565217391305,9.16170407695794,56.66252523043153,0,0,0,0,,
SAHARA,2026-08-02T05:37:52.409Z,2026-08-02T05:37:52.409329Z,2026-08-02T07:37:52.409329Z,7332.508523,7,0.007984999999999999,12.52348152786641,10.877626699629179,2.665,57.971014492753625,12.52348152786641,70.8991246170445,0,0,0,0,,False
SYRUP,2026-08-02T05:38:01.521Z,2026-08-02T05:38:01.521840Z,2026-08-02T07:38:01.521840Z,7323.396012,7,0.15585,6.41642605069084,3.9515615041427554,-2.243,61.594202898550726,6.41642605069084,61.26056928337278,0,0,0,0,,False
TWT,2026-08-02T05:38:11.794Z,2026-08-02T05:38:11.794915Z,2026-08-02T07:38:11.794915Z,7313.122937,7,0.38544999999999996,12.971851083149579,6.365770936603192,2.844,64.85507246376811,12.971851083149579,59.20901359649105,5,2,1,2,-0.2,False
VANRY,2026-08-02T05:38:18.626Z,2026-08-02T05:38:18.627070Z,2026-08-02T07:38:18.627070Z,7306.290782,7,0.003778,42.35044997353085,17.693110647181623,-5.031,60.14492753623188,42.35044997353085,58.71849643801137,7,2,2,3,0.1429,False
VIRTUAL,2026-08-02T05:38:24.965Z,2026-08-02T05:38:24.965556Z,2026-08-02T07:38:24.965556Z,7299.952296,7,0.5667,7.058408328921051,4.2240916413101965,1.306,67.3913043478261,7.058408328921051,77.30368405347824,2,2,0,0,1.0,False
ZBT,2026-08-02T05:38:30.011Z,2026-08-02T05:38:30.012064Z,2026-08-02T07:38:30.012064Z,7294.905788,7,0.12245,8.16659861167847,7.489711934156376,2.359,57.608695652173914,8.16659861167847,57.31002203779825,0,0,0,0,,False
ETHFI,2026-08-02T05:44:47.208Z,2026-08-02T05:44:47.208479Z,2026-08-02T07:44:47.208479Z,7518.417558,7,0.4104,4.873294346978021,5.601558694593283,1.058,55.43478260869565,4.873294346978021,57.53334283803012,2,0,1,1,0.0,False
IMX,2026-08-02T05:45:12.846Z,2026-08-02T05:45:12.846745Z,2026-08-02T07:45:12.846745Z,7492.779292,7,0.11005000000000001,9.086778736938015,3.5390199637023474,0.639,44.927536231884055,9.086778736938015,73.76835499587202,2,0,1,1,1.0,False
INIT,2026-08-02T05:45:20.075Z,2026-08-02T05:45:20.076153Z,2026-08-02T07:45:20.076153Z,7485.549884,7,0.04985,20.060180541625453,5.179282868525893,0.601,47.10144927536232,20.060180541625453,62.19885902425781,0,0,0,0,,False
THE,2026-08-02T05:47:09.141Z,2026-08-02T05:47:09.142410Z,2026-08-02T07:47:09.142410Z,7376.483627,7,0.05105,19.588638589618583,5.088062622309208,-1.731,53.26086956521739,19.588638589618583,61.28511042590463,11,10,1,0,0.8182,False
TRB,2026-08-02T05:47:20.726Z,2026-08-02T05:47:20.726730Z,2026-08-02T07:47:20.726730Z,7364.899307,7,13.545,7.382798080473654,2.066420664206637,-0.074,56.15942028985507,7.382798080473654,69.20737331448055,0,0,0,0,,False
VET,2026-08-02T05:47:31.316Z,2026-08-02T05:47:31.316394Z,2026-08-02T07:47:31.316394Z,7354.309643,7,0.004677499999999999,6.413682522715977,3.998289501817397,-1.558,48.55072463768116,6.413682522715977,67.07897062124829,0,0,0,0,,False
ZK,2026-08-02T05:47:41.499Z,2026-08-02T05:47:41.499666Z,2026-08-02T07:47:41.499666Z,7344.126371,7,0.007885,12.68230818008826,3.652392947103268,1.018,56.52173913043478,12.68230818008826,69.93647945704939,3,2,0,1,1.0,False
LINEA,2026-08-02T05:55:17.579Z,2026-08-02T05:55:17.579747Z,2026-08-02T07:55:17.579747Z,7487.503367,7,0.0022315,4.481290611696763,4.573991031390119,-1.545,40.21739130434783,4.481290611696763,64.93215656553,0,0,0,0,,False
LISTA,2026-08-02T05:55:24.959Z,2026-08-02T05:55:24.959579Z,2026-08-02T07:55:24.959579Z,7480.123535,7,0.050949999999999995,19.627085377820595,9.961685823754781,2.353,40.57971014492754,19.627085377820595,65.09529846933765,1,1,0,0,1.0,False
ONT,2026-08-02T05:55:56.686Z,2026-08-02T05:55:56.687210Z,2026-08-02T07:55:56.687210Z,7448.395904,7,0.037614999999999996,13.292569453675778,3.5241123476417537,-1.178,28.985507246376812,13.292569453675778,50.51290904423113,20,7,9,4,0.05,False
1MBABYDOGE,2026-08-02T06:02:27.037Z,2026-08-02T06:02:27.037803Z,2026-08-02T08:02:27.037803Z,7658.796298,7,0.0003081,19.474196689387036,4.880445463478558,-3.172,19.565217391304348,19.474196689387036,34.32226977589433,0,0,0,0,,
2Z,2026-08-02T06:02:32.557Z,2026-08-02T06:02:32.557612Z,2026-08-02T08:02:32.557612Z,7653.276489,7,0.05545,3.606853020739258,3.2001446393057327,-1.706,25.36231884057971,3.606853020739258,59.26075330516902,0,0,0,0,,
AIXBT,2026-08-02T06:02:39.944Z,2026-08-02T06:02:39.944313Z,2026-08-02T08:02:39.944313Z,7645.889788,7,0.017575,28.449502133713473,3.6479444122756144,0.232,15.217391304347826,28.449502133713473,68.40277980723594,0,0,0,0,,False
API3,2026-08-02T06:02:48.946Z,2026-08-02T06:02:48.946320Z,2026-08-02T08:02:48.946320Z,7636.887781,7,0.19115,5.231493591421227,2.8037383177570177,0.417,14.130434782608695,5.231493591421227,43.95657553847724,0,0,0,0,,
BFUSD,2026-08-02T06:03:21.851Z,2026-08-02T06:03:21.851981Z,2026-08-02T08:03:21.851981Z,7603.98212,7,0.9984,6.009615384615835,0.07013325318104738,-0.06,16.304347826086957,6.009615384615835,39.82084857033725,0,0,0,0,,
MINA,2026-08-02T06:04:38.213Z,2026-08-02T06:04:38.214075Z,2026-08-02T08:04:38.214075Z,7527.620026,7,0.040999999999999995,48.780487804877765,3.1784841075794685,-0.244,27.536231884057973,48.780487804877765,57.759750033483314,0,0,0,0,,False
MITO,2026-08-02T06:04:45.333Z,2026-08-02T06:04:45.333443Z,2026-08-02T08:04:45.333443Z,7520.500658,7,0.021804999999999998,22.930520522814938,5.2411873840445224,-2.089,27.17391304347826,22.930520522814938,64.74079213187929,0,0,0,0,,False
1INCH,2026-08-02T06:11:32.876Z,2026-08-02T06:11:32.877237Z,2026-08-02T08:11:32.877237Z,7714.192847,7,0.0824,24.27184466019487,3.4021871202916123,0.611,3.9855072463768115,24.27184466019487,65.2000980247918,0,0,0,0,,False
A,2026-08-02T06:11:40.406Z,2026-08-02T06:11:40.407079Z,2026-08-02T08:11:40.407079Z,7706.663005,7,0.0637,31.39717425431583,3.1007751937984525,1.097,0.7246376811594203,31.39717425431583,53.09902342379475,2,2,0,0,1.0,False
ANIME,2026-08-02T06:11:51.319Z,2026-08-02T06:11:51.320040Z,2026-08-02T08:11:51.320040Z,7695.750044,7,0.0024349999999999997,41.067761806981636,4.098360655737698,-2.008,5.072463768115942,41.067761806981636,59.686990586096634,0,0,0,0,,False
AUCTION,2026-08-02T06:11:58.099Z,2026-08-02T06:11:58.099303Z,2026-08-02T08:11:58.099303Z,7688.970781,7,2.9825,16.764459346185728,2.6684456304202824,-1.608,4.7101449275362315,16.764459346185728,61.37015069659347,0,0,0,0,,False
BTC,2026-08-02T06:12:16.248Z,2026-08-02T06:12:16.248326Z,2026-08-02T08:12:16.248326Z,7670.821758,7,63441.805,0.0015762477115462447,2.1324688663580766,0.62,100.0,0.0015762477115462447,70.43872163792732,33,14,4,15,0.1515,False
HOLO,2026-08-02T06:13:18.346Z,2026-08-02T06:13:18.346353Z,2026-08-02T08:13:18.346353Z,7608.723731,7,0.06375,15.686274509802193,5.546995377503861,-4.418,10.144927536231885,15.686274509802193,51.47474123556944,3,1,2,0,0.3333,False
AAVE,2026-08-02T06:20:39.854Z,2026-08-02T06:20:39.854821Z,2026-08-02T08:20:39.854821Z,7766.393508,7,91.91,2.1760417800017433,4.088937093275499,0.512,94.20289855072464,2.1760417800017433,71.56035152215507,6,4,1,1,1.0,False
ADA,2026-08-02T06:20:44.893Z,2026-08-02T06:20:44.894059Z,2026-08-02T08:20:44.894059Z,7761.35427,7,0.18564999999999998,5.386479935363143,8.260869565217387,8.235,97.46376811594203,5.386479935363143,65.38928012101825,24,14,8,2,0.875,False
AVAX,2026-08-02T06:20:50.884Z,2026-08-02T06:20:50.884376Z,2026-08-02T08:20:50.884376Z,7755.363953,7,6.5809999999999995,3.0390518158331257,9.733313243935513,3.123,92.02898550724638,3.0390518158331257,67.1343673193334,62,19,23,20,-0.1774,False
BNB,2026-08-02T06:21:00.217Z,2026-08-02T06:21:00.217651Z,2026-08-02T08:21:00.217651Z,7746.030678,7,583.895,0.17126366898142484,3.2409549762626986,-1.254,98.55072463768116,0.17126366898142484,53.34176680896478,15,7,0,8,-0.0667,False
COTI,2026-08-02T06:21:05.853Z,2026-08-02T06:21:05.854197Z,2026-08-02T08:21:05.854197Z,7740.394132,7,0.01369,29.21840759678605,20.233747260774283,-15.389,90.57971014492753,29.21840759678605,53.279253516872984,0,0,0,0,,False
DOGE,2026-08-02T06:21:10.927Z,2026-08-02T06:21:10.927355Z,2026-08-02T08:21:10.927355Z,7735.320974,7,0.07008500000000001,1.426838838552632,4.116978989210676,0.571,92.3913043478261,1.426838838552632,64.62754401842204,27,10,11,6,0.5926,False
ENA,2026-08-02T06:21:16.538Z,2026-08-02T06:21:16.538255Z,2026-08-02T08:21:16.538255Z,7729.710074,7,0.08795,11.370096645820238,10.435779816513758,8.055,93.84057971014492,11.370096645820238,71.64096812286711,54,48,3,3,0.6481,False
EPIC,2026-08-02T06:21:23.582Z,2026-08-02T06:21:23.582924Z,2026-08-02T08:21:23.582924Z,7722.665405,7,0.87165,14.914243102162196,21.315293334812015,14.662,88.76811594202898,14.914243102162196,72.77272590130994,1,0,1,0,1.0,False
EUR,2026-08-02T06:21:27.815Z,2026-08-02T06:21:27.815736Z,2026-08-02T08:21:27.815736Z,7718.432593,7,1.1527500000000002,0.8674907829103359,0.14753102490671133,-0.043,96.3768115942029,0.8674907829103359,68.8658766448008,1,0,1,0,1.0,False
FDUSD,2026-08-02T06:21:31.326Z,2026-08-02T06:21:31.327101Z,2026-08-02T08:21:31.327101Z,7714.921228,7,0.9972,2.005615724027056,0.020058168689196465,-0.02,91.66666666666667,2.005615724027056,55.56268946061248,0,0,0,0,,False
FET,2026-08-02T06:21:37.458Z,2026-08-02T06:21:37.458938Z,2026-08-02T08:21:37.458938Z,7708.789391,7,0.14165,7.059654076949452,4.298801973220574,-0.351,86.59420289855072,7.059654076949452,72.74847466528223,3,1,1,1,0.3333,False
GIGGLE,2026-08-02T06:21:42.803Z,2026-08-02T06:21:42.803760Z,2026-08-02T08:21:42.803760Z,7703.444569,7,41.385,12.081672103418427,46.4633841539615,-23.761,96.73913043478261,12.081672103418427,58.485510371006605,6,3,1,2,-0.1667,False
INJ,2026-08-02T06:21:49.132Z,2026-08-02T06:21:49.132670Z,2026-08-02T08:21:49.132670Z,7697.115659,7,4.9165,2.033967253126097,2.7586206896551753,1.649,87.31884057971014,2.033967253126097,65.74586365191821,27,16,10,1,0.7407,False
KAITO,2026-08-02T06:21:55.931Z,2026-08-02T06:21:55.932145Z,2026-08-02T08:21:55.932145Z,7690.316184,7,1.1625,10.322580645162063,15.103898334191992,6.414,89.85507246376811,10.322580645162063,65.11316738209726,1,0,0,1,-1.0,False
LINK,2026-08-02T06:22:00.972Z,2026-08-02T06:22:00.972718Z,2026-08-02T08:22:00.972718Z,7685.275611,7,8.342500000000001,1.1986814504038905,6.28660212740528,1.776,94.92753623188406,1.1986814504038905,66.4242072915442,8,6,2,0,1.0,False
LTC,2026-08-02T06:22:06.825Z,2026-08-02T06:22:06.825366Z,2026-08-02T08:22:06.825366Z,7679.422963,7,44.724999999999994,2.235885969815095,2.6445540116539665,0.18,90.94202898550725,2.235885969815095,72.09916817382049,11,6,4,1,0.4545,False
APT,2026-08-02T06:29:10.981Z,2026-08-02T06:29:10.982120Z,2026-08-02T08:29:10.982120Z,7255.266209,7,0.5634999999999999,17.74622892635317,4.070796460176976,1.254,81.8840579710145,17.74622892635317,70.0194475627632,2,0,2,0,1.0,False
ARB,2026-08-02T06:29:18.194Z,2026-08-02T06:29:18.194466Z,2026-08-02T08:29:18.194466Z,7248.053863,7,0.08165,12.247397428045192,5.405405405405407,4.092,79.71014492753623,12.247397428045192,77.9101110906788,9,3,3,3,0.3333,False
CHZ,2026-08-02T06:29:32.744Z,2026-08-02T06:29:32.745063Z,2026-08-02T08:29:32.745063Z,7233.503266,7,0.012825,7.7972709551653745,4.127725856697813,-1.534,72.10144927536231,7.7972709551653745,71.60027957264077,0,0,0,0,,False
DOT,2026-08-02T06:29:39.421Z,2026-08-02T06:29:39.421624Z,2026-08-02T08:29:39.421624Z,7226.826705,7,0.7925,12.618296529968466,4.79192938209332,3.525,83.69565217391305,12.618296529968466,74.61173288844785,26,8,16,2,0.2692,False
HBAR,2026-08-02T06:30:16.584Z,2026-08-02T06:30:16.584786Z,2026-08-02T08:30:16.584786Z,7789.327526,7,0.07000500000000001,1.4284693950426572,2.51356755212798,0.546,82.97101449275362,1.4284693950426572,69.7739219808414,7,2,2,3,-0.1429,False
HOME,2026-08-02T06:30:21.774Z,2026-08-02T06:30:21.774930Z,2026-08-02T08:30:21.774930Z,7784.137382,7,0.00826,24.2130750605317,25.906040268456383,33.036,85.5072463768116,24.2130750605317,78.63118194154544,2,1,0,1,0.0,False
ICP,2026-08-02T06:30:29.476Z,2026-08-02T06:30:29.476588Z,2026-08-02T08:30:29.476588Z,7776.435724,7,2.0534999999999997,4.8697345994637935,4.091573307355094,-1.156,83.33333333333333,4.8697345994637935,71.39913976272557,2,0,2,0,0.5,False
LDO,2026-08-02T06:30:41.379Z,2026-08-02T06:30:41.379742Z,2026-08-02T08:30:41.379742Z,7764.53257,7,0.32489999999999997,6.1557402277634194,5.301423810966361,-1.61,77.53623188405797,6.1557402277634194,68.24074132060588,1,1,0,0,1.0,False
MMT,2026-08-02T06:30:48.629Z,2026-08-02T06:30:48.629343Z,2026-08-02T08:30:48.629343Z,7757.282969,7,0.17635,5.670541536716132,27.81456953642384,-9.851,84.42028985507247,5.670541536716132,38.609444201684674,0,0,0,0,,False
OP,2026-08-02T06:30:59.512Z,2026-08-02T06:30:59.512694Z,2026-08-02T08:30:59.512694Z,7746.399618,7,0.08495,11.771630370806694,4.846335697399535,-1.284,75.0,11.771630370806694,69.93218351892784,47,35,8,4,0.383,False
PENDLE,2026-08-02T06:31:06.431Z,2026-08-02T06:31:06.431544Z,2026-08-02T08:31:06.431544Z,7739.480768,7,1.3885,7.202016564638905,6.899004267425318,-1.747,80.79710144927536,7.202016564638905,58.744373909222325,1,1,0,0,1.0,False
TLM,2026-08-02T06:31:33.323Z,2026-08-02T06:31:33.323838Z,2026-08-02T08:31:33.323838Z,7712.588474,7,0.0016085000000000001,18.65091700342046,28.526645768025084,-9.013,84.05797101449275,18.65091700342046,60.17865501876787,1,0,0,1,-1.0,False
TRUMP,2026-08-02T06:31:39.437Z,2026-08-02T06:31:39.437507Z,2026-08-02T08:31:39.437507Z,7706.474805,7,1.4435,6.927606511949358,3.637611530542221,2.102,79.34782608695652,6.927606511949358,64.46650177420659,6,4,0,2,0.6667,False
TST,2026-08-02T06:31:46.078Z,2026-08-02T06:31:46.078393Z,2026-08-02T08:31:46.078393Z,7699.833919,7,0.011065,9.037505648440662,20.247568523430594,-9.52,71.3768115942029,9.037505648440662,56.31224155821701,2,1,1,0,-0.5,False
CFX,2026-08-02T06:38:40.170Z,2026-08-02T06:38:40.170909Z,2026-08-02T08:38:40.170909Z,7285.741403,7,0.042305,7.0913603592961225,5.558150397010744,1.301,66.66666666666667,7.0913603592961225,48.67310164907812,0,0,0,0,,False
FIL,2026-08-02T06:39:12.934Z,2026-08-02T06:39:12.934829Z,2026-08-02T08:39:12.934829Z,7252.977483,7,0.7135499999999999,9.810104407540242,5.036272321428559,-0.596,62.68115942028985,9.810104407540242,71.81243269574617,9,6,3,0,1.0,False
GALA,2026-08-02T06:39:19.519Z,2026-08-02T06:39:19.519472Z,2026-08-02T08:39:19.519472Z,7246.39284,7,0.0017690000000000002,11.305822498587046,4.660303200449183,-2.25,68.84057971014492,11.305822498587046,64.82187744899932,0,0,0,0,,False
HEI,2026-08-02T06:39:26.841Z,2026-08-02T06:39:26.841393Z,2026-08-02T08:39:26.841393Z,7239.070919,7,0.0852,23.47417840375654,25.575757575757567,-0.722,67.7536231884058,23.47417840375654,66.25493679705,0,0,0,0,,False
HYPER,2026-08-02T06:39:32.785Z,2026-08-02T06:39:32.785711Z,2026-08-02T08:39:32.785711Z,7233.126601,7,0.06865,43.69992716678728,20.203488372093027,22.202,70.28985507246377,43.69992716678728,75.85322476783372,0,0,0,0,,False
JTO,2026-08-02T06:39:38.821Z,2026-08-02T06:39:38.821725Z,2026-08-02T08:39:38.821725Z,7227.090587,7,0.49005,6.121824303642944,3.9536741214057582,-1.553,61.95652173913044,6.121824303642944,63.88668334295745,3,2,1,0,0.3333,False
PAXG,2026-08-02T06:40:16.062Z,2026-08-02T06:40:16.062415Z,2026-08-02T08:40:16.062415Z,7793.448638,7,4055.755,0.024656321696498625,0.5933043131029719,0.337,59.78260869565217,0.024656321696498625,56.82432510818189,0,0,0,0,,False
POL,2026-08-02T06:40:21.763Z,2026-08-02T06:40:21.763999Z,2026-08-02T08:40:21.763999Z,7787.747054,7,0.072505,4.137645679608613,2.223449799751416,0.962,68.1159420289855,4.137645679608613,71.99193026847573,9,4,2,3,-0.1111,False
RENDER,2026-08-02T06:40:28.158Z,2026-08-02T06:40:28.158696Z,2026-08-02T08:40:28.158696Z,7781.352357,7,1.3695,7.301935012779204,3.7199124726476978,-1.154,69.56521739130434,7.301935012779204,65.15996476163659,1,0,1,0,0.0,False
SEI,2026-08-02T06:40:53.279Z,2026-08-02T06:40:53.279811Z,2026-08-02T08:40:53.279811Z,7756.231242,7,0.041605,2.4035572647525685,3.119001919385786,0.144,66.30434782608695,2.4035572647525685,78.19401861567647,0,0,0,0,,False
TIA,2026-08-02T06:41:03.614Z,2026-08-02T06:41:03.615133Z,2026-08-02T08:41:03.615133Z,7745.89592,7,0.33075,3.0234315948598334,4.761904761904759,1.728,68.47826086956522,3.0234315948598334,72.19308814539309,35,4,21,10,-0.0571,False
ZKC,2026-08-02T06:41:35.906Z,2026-08-02T06:41:35.906657Z,2026-08-02T08:41:35.906657Z,7713.604396,7,0.03725,26.84563758389339,4.825737265415557,-0.267,61.231884057971016,26.84563758389339,61.18631006644779,0,0,0,0,,False
KERNEL,2026-08-02T06:48:31.324Z,2026-08-02T06:48:31.324422Z,2026-08-02T08:48:31.324422Z,7298.186631,7,0.03185,31.39717425431583,6.211180124223608,-1.227,53.6231884057971,31.39717425431583,61.10179795858546,0,0,0,0,,False
SOMI,2026-08-02T06:50:13.458Z,2026-08-02T06:50:13.458645Z,2026-08-02T08:50:13.458645Z,7792.126897,7,0.08374999999999999,11.94029850746303,4.378698224852065,-1.972,48.18840579710145,11.94029850746303,65.7739188714516,0,0,0,0,,False
STX,2026-08-02T06:50:19.742Z,2026-08-02T06:50:19.743117Z,2026-08-02T08:50:19.743117Z,7785.842425,7,0.13824999999999998,7.233273056059078,4.0201005025125784,1.753,54.34782608695652,7.233273056059078,76.72157469914559,36,10,22,4,0.2778,False
TOWNS,2026-08-02T06:50:32.321Z,2026-08-02T06:50:32.321288Z,2026-08-02T08:50:32.321288Z,7773.264254,7,0.0020350000000000004,49.14004914004926,5.418719211822663,0.495,49.27536231884058,49.14004914004926,69.93352663234712,1,1,0,0,1.0,False
TURBO,2026-08-02T06:50:46.348Z,2026-08-02T06:50:46.348904Z,2026-08-02T08:50:46.348904Z,7759.236638,7,0.0008045000000000001,12.430080795525472,4.6365914786967455,-1.603,50.36231884057971,12.430080795525472,64.58608805112586,0,0,0,0,,False
XTZ,2026-08-02T06:50:56.981Z,2026-08-02T06:50:56.981648Z,2026-08-02T08:50:56.981648Z,7748.603894,7,0.2001,9.995002498749523,3.1312127236580523,-0.445,51.44927536231884,9.995002498749523,52.70657150289852,3,2,1,0,1.0,False
IO,2026-08-02T06:58:11.858Z,2026-08-02T06:58:11.858525Z,2026-08-02T08:58:11.858525Z,7313.727017,7,0.13285000000000002,22.581859239743668,3.898050974512751,0.075,38.768115942028984,22.581859239743668,68.44704675042725,0,0,0,0,,False
KAIA,2026-08-02T06:58:26.678Z,2026-08-02T06:58:26.678923Z,2026-08-02T08:58:26.678923Z,7298.906619,7,0.02645,37.80718336483909,4.150943396226416,0.76,41.30434782608695,37.80718336483909,61.2839182279275,1,1,0,0,1.0,False
MEME,2026-08-02T06:58:57.474Z,2026-08-02T06:58:57.475122Z,2026-08-02T08:58:57.475122Z,7268.11042,7,0.0005055000000000001,19.7823936696345,5.128205128205146,-2.874,40.94202898550725,19.7823936696345,39.05385660927073,54,34,16,4,0.8889,False
PARTI,2026-08-02T06:59:29.275Z,2026-08-02T06:59:29.275461Z,2026-08-02T08:59:29.275461Z,7236.310081,7,0.02395,41.75365344467616,3.319502074688791,-0.413,38.405797101449274,41.75365344467616,62.42728547019187,0,0,0,0,,False
VANA,2026-08-02T07:00:10.241Z,2026-08-02T07:00:10.241853Z,2026-08-02T09:00:10.241853Z,7795.145594,7,0.8705,11.487650775416435,5.142857142857148,-2.235,34.42028985507246,11.487650775416435,45.53370770208173,0,0,0,0,,False
W,2026-08-02T07:00:17.243Z,2026-08-02T07:00:17.243382Z,2026-08-02T09:00:17.243382Z,7788.144065,7,0.008225,12.158054711245704,3.5582822085889614,0.617,28.26086956521739,12.158054711245704,73.40116547031438,0,0,0,0,,False
1000CAT,2026-08-02T07:05:49.632Z,2026-08-02T07:05:49.633206Z,2026-08-02T09:05:49.633206Z,7455.754241,7,0.001395,71.68458781362027,7.092198581560272,-0.704,15.942028985507246,71.68458781362027,63.27035975133523,2,2,0,0,-1.0,False
ACT,2026-08-02T07:15:13.928Z,2026-08-02T07:15:13.928320Z,2026-08-02T09:15:13.928320Z,7491.454725,7,0.008935,33.57582540570652,3.9414414414414365,-1.661,11.956521739130435,33.57582540570652,64.52970603064257,0,0,0,0,,False
BLUR,2026-08-02T07:15:30.475Z,2026-08-02T07:15:30.475623Z,2026-08-02T09:15:30.475623Z,7474.907422,7,0.013885,7.202016564637805,4.529115744069018,-2.795,13.043478260869565,7.202016564637805,57.6470165508163,0,0,0,0,,False
CATI,2026-08-02T07:15:47.673Z,2026-08-02T07:15:47.673820Z,2026-08-02T09:15:47.673820Z,7457.709225,7,0.036695,8.175500749421515,5.057842345977939,-2.03,5.797101449275362,8.175500749421515,44.47453131884623,0,0,0,0,,False
PIXEL,2026-08-02T07:17:20.001Z,2026-08-02T07:17:20.001970Z,2026-08-02T09:17:20.001970Z,7365.381075,7,0.00401,49.87531172069839,5.778894472361792,-2.927,12.318840579710145,49.87531172069839,45.777403193988626,25,11,9,5,0.04,False
BCH,2026-08-02T07:24:17.683Z,2026-08-02T07:24:17.683603Z,2026-08-02T09:24:17.683603Z,7548.70217,7,212.25,4.711425206125924,2.666666666666664,-0.662,85.8695652173913,4.711425206125924,65.87829090063148,4,2,0,2,0.5,False
MIRA,2026-08-02T07:25:19.449Z,2026-08-02T07:25:19.450159Z,2026-08-02T09:25:19.450159Z,7486.935614,7,0.04125,24.242424242424935,6.067961165048549,-4.186,86.23188405797102,24.242424242424935,60.31169158810839,0,0,0,0,,False
NEAR,2026-08-02T07:25:25.108Z,2026-08-02T07:25:25.109104Z,2026-08-02T09:25:25.109104Z,7481.276669,7,1.7185000000000001,5.819028222287529,4.53752181500873,2.627,97.10144927536231,5.819028222287529,72.24783804415578,5,4,1,0,1.0,False
ONDO,2026-08-02T07:25:30.043Z,2026-08-02T07:25:30.043716Z,2026-08-02T09:25:30.043716Z,7476.342057,7,0.38925,7.70712909441291,5.147808358817532,0.564,87.68115942028986,7.70712909441291,62.79706471113315,3,2,1,0,0.3333,False
1000SATS,2026-08-02T07:31:43.030Z,2026-08-02T07:31:43.031197Z,2026-08-02T09:31:43.031197Z,7703.436635,7,1.0905000000000001e-05,27.51031636863797,20.23608768971333,16.503,85.8695652173913,27.51031636863797,72.45199489214603,6,2,4,0,0.3333,False
ALGO,2026-08-02T07:32:10.524Z,2026-08-02T07:32:10.524231Z,2026-08-02T09:32:10.524231Z,7675.943601,7,0.08045,12.430080795525528,3.3749999999999925,0.756,80.43478260869566,12.430080795525528,75.33744094681009,15,14,0,1,0.8667,False
ALLO,2026-08-02T07:32:15.629Z,2026-08-02T07:32:15.629901Z,2026-08-02T09:32:15.629901Z,7670.837931,7,0.26345,3.7957866767883464,10.124200225818585,-5.88,76.08695652173913,3.7957866767883464,53.54363210611478,44,3,37,4,-0.5455,False
ATOM,2026-08-02T07:32:30.916Z,2026-08-02T07:32:30.916740Z,2026-08-02T09:32:30.916740Z,7655.551092,7,1.2555,7.9649542015142325,4.047619047619042,2.439,76.81159420289855,7.9649542015142325,73.41142235095867,65,25,29,11,0.5385,False
BANK,2026-08-02T07:32:35.321Z,2026-08-02T07:32:35.321288Z,2026-08-02T09:32:35.321288Z,7651.146544,7,0.04755,21.03049421661469,20.97759674134419,-14.311,83.69565217391305,21.03049421661469,57.37570717341303,11,7,0,4,-0.0909,False
DYDX,2026-08-02T07:32:50.914Z,2026-08-02T07:32:50.914587Z,2026-08-02T09:32:50.914587Z,7635.553245,7,0.11288,12.402551381998693,5.40564451915421,1.091,74.27536231884058,12.402551381998693,71.62672852592179,0,0,0,0,,False
ENSO,2026-08-02T07:32:56.965Z,2026-08-02T07:32:56.965723Z,2026-08-02T09:32:56.965723Z,7629.502109,7,0.9005000000000001,11.10494169905609,16.377440347071584,-3.958,80.79710144927536,11.10494169905609,59.78099505280216,1,0,0,1,1.0,False
ERA,2026-08-02T07:33:01.232Z,2026-08-02T07:33:01.232679Z,2026-08-02T09:33:01.232679Z,7625.235153,7,0.06645000000000001,15.048908954101256,4.457652303120361,0.0,74.6376811594203,15.048908954101256,69.88651608694357,0,0,0,0,,False
EUL,2026-08-02T07:33:10.645Z,2026-08-02T07:33:10.645267Z,2026-08-02T09:33:10.645267Z,7615.822565,7,1.542,25.94033722438394,32.46396705559369,8.488,81.8840579710145,25.94033722438394,66.86112087191519,14,3,7,4,0.2857,False
JUP,2026-08-02T07:33:33.309Z,2026-08-02T07:33:33.309210Z,2026-08-02T09:33:33.309210Z,7593.158622,7,0.19555,5.113781641523343,5.65173116089613,2.026,73.18840579710145,5.113781641523343,64.74194685721493,64,19,38,7,0.25,False
ROSE,2026-08-02T07:34:10.561Z,2026-08-02T07:34:10.561329Z,2026-08-02T09:34:10.561329Z,7555.906503,7,0.005625,17.777777777777054,8.05008944543828,5.671,78.6231884057971,17.777777777777054,77.07207387741771,61,43,16,2,0.7869,False
RUNE,2026-08-02T07:34:15.065Z,2026-08-02T07:34:15.065437Z,2026-08-02T09:34:15.065437Z,7551.402395,7,0.4425,22.598870056497194,3.603603603603607,3.256,76.44927536231884,22.598870056497194,76.86933306142443,2,1,0,1,0.0,False
STRK,2026-08-02T07:34:21.260Z,2026-08-02T07:34:21.260724Z,2026-08-02T09:34:21.260724Z,7545.207108,7,0.024565,4.070832485244479,6.257618854124339,-3.339,77.53623188405797,4.070832485244479,70.21340807943619,0,0,0,0,,False
TUT,2026-08-02T07:34:34.853Z,2026-08-02T07:34:34.853523Z,2026-08-02T09:34:34.853523Z,7531.614309,7,0.01743,22.948938611590272,16.016307513104262,8.055,75.3623188405797,22.948938611590272,75.82373159391224,0,0,0,0,,False
USDE,2026-08-02T07:34:39.358Z,2026-08-02T07:34:39.359152Z,2026-08-02T09:34:39.359152Z,7527.10868,7,0.99975,1.0002500625155186,0.05001000200039457,-0.02,78.26086956521739,1.0002500625155186,55.46333755493381,0,0,0,0,,False
WIF,2026-08-02T07:34:43.675Z,2026-08-02T07:34:43.676035Z,2026-08-02T09:34:43.676035Z,7522.791797,7,0.14085,7.099751508696414,6.125356125356123,-2.296,77.17391304347827,7.099751508696414,70.05319069830924,1,1,0,0,1.0,False
WLD,2026-08-02T07:34:48.485Z,2026-08-02T07:34:48.485387Z,2026-08-02T09:34:48.485387Z,7517.982445,7,0.31930000000000003,6.263701847793094,8.740279937791605,4.553,85.14492753623189,6.263701847793094,65.91610366946972,2,2,0,0,1.0,False
WLFI,2026-08-02T07:34:54.771Z,2026-08-02T07:34:54.772250Z,2026-08-02T09:34:54.772250Z,7511.695582,7,0.05575,17.937219730942218,4.151624548736469,1.651,82.6086956521739,17.937219730942218,69.18121936066346,3,1,2,0,1.0,False
XPL,2026-08-02T07:35:06.062Z,2026-08-02T07:35:06.063177Z,2026-08-02T09:35:06.063177Z,7500.404655,7,0.07652,2.6136957658136595,6.37854725331945,0.576,72.82608695652173,2.6136957658136595,65.02314476061336,13,2,11,0,0.5385,False
ZEN,2026-08-02T07:35:10.324Z,2026-08-02T07:35:10.324567Z,2026-08-02T09:35:10.324567Z,7496.143265,7,4.0725,2.4554941682021707,5.004930966469424,2.295,77.89855072463769,2.4554941682021707,59.39188880473086,0,0,0,0,,False
0G,2026-08-02T07:40:41.993Z,2026-08-02T07:40:41.993635Z,2026-08-02T09:40:41.993635Z,7763.982386,7,0.1435,69.68641114982586,6.206896551724144,0.0,63.405797101449274,69.68641114982586,60.35436826563845,0,0,0,0,,False
APE,2026-08-02T07:40:48.229Z,2026-08-02T07:40:48.229417Z,2026-08-02T09:40:48.229417Z,7757.746604,7,0.13155,7.601672367920106,3.218390804597708,-2.174,69.92753623188406,7.601672367920106,62.271060483526696,5,4,0,1,0.2,False
ASTER,2026-08-02T07:40:52.604Z,2026-08-02T07:40:52.604836Z,2026-08-02T09:40:52.604836Z,7753.371185,7,0.6014999999999999,16.625103906899437,1.4900662251655643,0.667,57.971014492753625,16.625103906899437,74.87590128908406,2,1,1,0,1.0,False
BABY,2026-08-02T07:40:59.080Z,2026-08-02T07:40:59.080320Z,2026-08-02T09:40:59.080320Z,7746.895701,7,0.01145,17.46724890829623,13.581314878892734,-9.546,69.56521739130434,17.46724890829623,63.17567101990348,0,0,0,0,,False
BANANA,2026-08-02T07:41:05.624Z,2026-08-02T07:41:05.624640Z,2026-08-02T09:41:05.624640Z,7740.351381,7,3.6100000000000003,11.080332409972309,7.156726768377254,0.028,61.231884057971016,11.080332409972309,66.38329864043133,0,0,0,0,,False
BONK,2026-08-02T07:41:10.378Z,2026-08-02T07:41:10.378365Z,2026-08-02T09:41:10.378365Z,7735.597656,7,2.915e-06,34.30531732418492,7.560137457044673,3.929,66.30434782608695,34.30531732418492,50.05360055778337,1,1,0,0,-1.0,False
BROCCOLI714,2026-08-02T07:41:16.554Z,2026-08-02T07:41:16.554830Z,2026-08-02T09:41:16.554830Z,7729.421191,7,0.013315,22.530980097634632,18.94892672094743,-3.362,68.1159420289855,22.530980097634632,65.15207512680318,0,0,0,0,,False
CAKE,2026-08-02T07:41:20.725Z,2026-08-02T07:41:20.725756Z,2026-08-02T09:41:20.725756Z,7725.250265,7,1.4264999999999999,7.010164738872149,4.2807017543859605,-1.994,71.01449275362319,7.010164738872149,59.607537614922926,5,5,0,0,1.0,False
CRV,2026-08-02T07:41:29.088Z,2026-08-02T07:41:29.088907Z,2026-08-02T09:41:29.088907Z,7716.887114,7,0.20605,4.853190973065602,3.8684719535783394,-0.145,67.3913043478261,4.853190973065602,77.34196180077973,0,0,0,0,,False
DOGS,2026-08-02T07:41:35.363Z,2026-08-02T07:41:35.363543Z,2026-08-02T09:41:35.363543Z,7710.612478,7,3.4595e-05,8.671773377657116,6.278935185185189,-0.604,60.507246376811594,8.671773377657116,67.84844428485657,0,0,0,0,,False
EDEN,2026-08-02T07:41:39.770Z,2026-08-02T07:41:39.770201Z,2026-08-02T09:41:39.770201Z,7706.20582,7,0.037815,18.511172815020657,6.98666666666666,0.969,59.78260869565217,18.511172815020657,75.12066274629125,1,0,0,1,1.0,False
EIGEN,2026-08-02T07:41:43.913Z,2026-08-02T07:41:43.914123Z,2026-08-02T09:41:43.914123Z,7702.061898,7,0.19105,15.70269562941756,9.442724458204339,7.846,65.21739130434783,15.70269562941756,85.1787439253416,1,1,0,0,1.0,False
KITE,2026-08-02T07:42:13.245Z,2026-08-02T07:42:13.245851Z,2026-08-02T09:42:13.245851Z,7672.73017,7,0.09455,10.576414595452444,4.430379746835452,0.637,63.768115942028984,10.576414595452444,64.0666740154722,0,0,0,0,,False
NEIRO,2026-08-02T07:42:17.985Z,2026-08-02T07:42:17.985863Z,2026-08-02T09:42:17.985863Z,7667.990158,7,6.2645e-05,7.981482959534077,5.95911949685535,3.752,57.608695652173914,7.981482959534077,80.7368037794267,54,30,24,0,0.8333,False
RSR,2026-08-02T07:42:43.670Z,2026-08-02T07:42:43.671088Z,2026-08-02T09:42:43.671088Z,7642.304933,7,0.0013045,7.665772326561256,5.453149001536106,2.762,64.1304347826087,7.665772326561256,73.33136531120094,0,0,0,0,,False
S,2026-08-02T07:42:50.271Z,2026-08-02T07:42:50.272082Z,2026-08-02T09:42:50.272082Z,7635.703939,7,0.02172,9.20810313075469,5.212620027434852,-0.091,60.869565217391305,9.20810313075469,46.73390714516849,0,0,0,0,,
SAHARA,2026-08-02T07:42:56.578Z,2026-08-02T07:42:56.578614Z,2026-08-02T09:42:56.578614Z,7629.397407,7,0.00797,25.09410288582081,11.041405269761613,1.271,58.69565217391305,25.09410288582081,52.97739057746853,0,0,0,0,,False
SYRUP,2026-08-02T07:43:06.480Z,2026-08-02T07:43:06.480711Z,2026-08-02T09:43:06.480711Z,7619.49531,7,0.15485,6.45786244753095,3.457106274007675,-2.314,61.95652173913044,6.45786244753095,60.126459545430066,0,0,0,0,,False
TWT,2026-08-02T07:43:19.910Z,2026-08-02T07:43:19.910551Z,2026-08-02T09:43:19.910551Z,7606.06547,7,0.3815,26.212319790301464,6.326160228156608,3.488,64.4927536231884,26.212319790301464,66.15181487303529,2,2,0,0,-1.0,False
VANRY,2026-08-02T07:43:26.374Z,2026-08-02T07:43:26.374269Z,2026-08-02T09:43:26.374269Z,7599.601752,7,0.0038374999999999998,59.93485342019549,19.6042216358839,-10.782,59.42028985507246,59.93485342019549,58.117470754507686,22,3,17,2,-0.2273,False
VIRTUAL,2026-08-02T07:43:37.774Z,2026-08-02T07:43:37.774341Z,2026-08-02T09:43:37.774341Z,7588.20168,7,0.56655,8.825346394845026,5.796592306341126,4.001,70.65217391304348,8.825346394845026,76.95727000691527,3,3,0,0,1.0,False
ZBT,2026-08-02T07:43:49.409Z,2026-08-02T07:43:49.409933Z,2026-08-02T09:43:49.409933Z,7576.566088,7,0.12415000000000001,8.054772452678442,8.773354995938254,3.97,59.05797101449275,8.054772452678442,73.15834772559698,0,0,0,0,,False
1000CHEEMS,2026-08-02T07:49:35.783Z,2026-08-02T07:49:35.783541Z,2026-08-02T09:49:35.783541Z,7230.19248,7,0.0004815,20.76843198338576,4.517453798767955,-1.217,48.91304347826087,20.76843198338576,55.99609736487269,9,6,3,0,0.5556,False
ACH,2026-08-02T07:49:41.848Z,2026-08-02T07:49:41.848634Z,2026-08-02T09:49:41.848634Z,7224.127387,7,0.004425,22.598870056496253,6.164383561643822,-4.158,42.7536231884058,22.598870056496253,57.431460141303205,0,0,0,0,,False
AR,2026-08-02T07:49:55.230Z,2026-08-02T07:49:55.230192Z,2026-08-02T09:49:55.230192Z,7210.745829,7,1.754,11.402508551881423,3.872437357630983,0.573,52.17391304347826,11.402508551881423,73.08780162323701,1,1,0,0,1.0,False
BARD,2026-08-02T07:49:59.607Z,2026-08-02T07:49:59.607322Z,2026-08-02T09:49:59.607322Z,7206.368699,7,0.10865,9.20386562356216,5.027422303473484,-3.866,47.82608695652174,9.20386562356216,50.8937685294271,0,0,0,0,,False
BIO,2026-08-02T07:50:06.532Z,2026-08-02T07:50:06.532399Z,2026-08-02T09:50:06.532399Z,7800.244468,7,0.02232,8.960573476702143,4.736371760500456,-2.526,42.391304347826086,8.960573476702143,65.98877097614516,0,0,0,0,,False
BOME,2026-08-02T07:50:10.810Z,2026-08-02T07:50:10.811138Z,2026-08-02T09:50:10.811138Z,7795.965729,7,0.00061585,17.861492246488147,8.315208298477508,0.538,50.72463768115942,17.861492246488147,73.48305283503815,1,1,0,0,1.0,False
DASH,2026-08-02T07:50:16.925Z,2026-08-02T07:50:16.926170Z,2026-08-02T09:50:16.926170Z,7789.850697,7,31.485,3.176115610607594,4.277566539923959,-0.379,56.52173913043478,3.176115610607594,71.8914868533184,1,0,0,1,-1.0,False
ENJ,2026-08-02T07:50:21.353Z,2026-08-02T07:50:21.354247Z,2026-08-02T09:50:21.354247Z,7785.42262,7,0.02475,8.080808080807751,2.760860738936257,-1.873,48.18840579710145,8.080808080807751,62.20156947021988,3,0,3,0,0.3333,False
FLOKI,2026-08-02T07:50:25.705Z,2026-08-02T07:50:25.705521Z,2026-08-02T09:50:25.705521Z,7781.071346,7,2.0450000000000002e-05,9.779951100244405,4.0915733073551,-0.146,52.53623188405797,9.779951100244405,51.31710754587979,2,2,0,0,1.0,False
GRT,2026-08-02T07:50:30.329Z,2026-08-02T07:50:30.329368Z,2026-08-02T09:50:30.329368Z,7776.447499,7,0.01434,13.947001394699571,3.386316516931588,1.687,44.20289855072464,13.947001394699571,67.40288262534281,10,0,8,2,-0.1,False
HEMI,2026-08-02T07:50:36.602Z,2026-08-02T07:50:36.602657Z,2026-08-02T09:50:36.602657Z,7770.17421,7,0.004735,21.119324181627164,5.150214592274673,-3.52,50.36231884057971,21.119324181627164,60.58375257181844,0,0,0,0,,False
HUMA,2026-08-02T07:50:42.626Z,2026-08-02T07:50:42.626769Z,2026-08-02T09:50:42.626769Z,7764.150098,7,0.019145000000000002,15.669887699137515,3.442879499217532,-1.642,53.98550724637681,15.669887699137515,46.89034518289054,1,0,0,1,-1.0,False
IMX,2026-08-02T07:50:48.915Z,2026-08-02T07:50:48.915767Z,2026-08-02T09:50:48.915767Z,7757.8611,7,0.10925,9.153318077802195,3.542234332425056,0.273,45.65217391304348,9.153318077802195,68.76139148585227,4,2,2,0,0.5,False
INIT,2026-08-02T07:50:55.545Z,2026-08-02T07:50:55.545692Z,2026-08-02T09:50:55.545692Z,7751.231175,7,0.04985,20.060180541625453,5.220883534136543,0.201,44.927536231884055,20.060180541625453,59.17877630469941,0,0,0,0,,False
MET,2026-08-02T07:51:16.528Z,2026-08-02T07:51:16.529135Z,2026-08-02T09:51:16.529135Z,7730.247732,7,0.16335,18.36547291092713,6.760048721071862,-4.59,56.15942028985507,18.36547291092713,62.753520400645456,0,0,0,0,,False
MORPHO,2026-08-02T07:51:20.762Z,2026-08-02T07:51:20.762412Z,2026-08-02T09:51:20.762412Z,7726.014455,7,1.9565000000000001,5.111167901866147,3.346855983772822,-0.755,55.79710144927536,5.111167901866147,69.31542654505024,0,0,0,0,,False
MUBARAK,2026-08-02T07:51:26.741Z,2026-08-02T07:51:26.742047Z,2026-08-02T09:51:26.742047Z,7720.03482,7,0.012365000000000001,24.26202992317065,11.18421052631579,-3.339,50.0,24.26202992317065,61.35529073584106,0,0,0,0,,False
NIL,2026-08-02T07:51:32.671Z,2026-08-02T07:51:32.671831Z,2026-08-02T09:51:32.671831Z,7714.105036,7,0.029145,30.88008234688619,6.574271499644638,-3.133,54.34782608695652,30.88008234688619,36.399546537574416,1,0,0,1,-1.0,False
ORCA,2026-08-02T07:51:37.837Z,2026-08-02T07:51:37.837934Z,2026-08-02T09:51:37.837934Z,7708.938933,7,1.1005,9.086778736936754,3.8773669972948537,-1.684,48.55072463768116,9.086778736936754,65.613164938815,0,0,0,0,,False
PEOPLE,2026-08-02T07:51:45.221Z,2026-08-02T07:51:45.221842Z,2026-08-02T09:51:45.221842Z,7701.555025,7,0.007039999999999999,28.409090909090988,10.533707865168537,6.907,54.710144927536234,28.409090909090988,77.66660061937418,4,4,0,0,1.0,False
PNUT,2026-08-02T07:51:49.640Z,2026-08-02T07:51:49.640976Z,2026-08-02T09:51:49.640976Z,7697.135891,7,0.039650000000000005,25.220680958384843,4.030226700251882,0.253,49.63768115942029,25.220680958384843,73.18075134360659,64,13,39,12,0.0625,False
PYTH,2026-08-02T07:51:56.093Z,2026-08-02T07:51:56.094038Z,2026-08-02T09:51:56.094038Z,7690.682829,7,0.039565,7.5824592442803755,5.289672544080599,1.198,46.73913043478261,7.5824592442803755,61.008797572770796,1,0,1,0,1.0,False
QNT,2026-08-02T07:52:02.402Z,2026-08-02T07:52:02.403009Z,2026-08-02T09:52:02.403009Z,7684.373858,7,61.025000000000006,11.470708725932042,3.594771241830058,-0.569,43.84057971014493,11.470708725932042,63.46918413142906,63,21,31,11,0.0794,False
REZ,2026-08-02T07:52:08.447Z,2026-08-02T07:52:08.447238Z,2026-08-02T09:52:08.447238Z,7678.329629,7,0.0027075,11.080332409972169,8.686131386861312,6.449,52.89855072463768,11.080332409972169,79.83122521334664,52,14,36,2,0.3654,False
SAGA,2026-08-02T07:52:13.019Z,2026-08-02T07:52:13.019429Z,2026-08-02T09:52:13.019429Z,7673.757438,7,0.012754999999999999,7.840062720502805,4.552845528455297,-1.125,51.08695652173913,7.840062720502805,53.74947657601286,0,0,0,0,,False
SAND,2026-08-02T07:52:19.396Z,2026-08-02T07:52:19.396942Z,2026-08-02T09:52:19.396942Z,7667.379925,7,0.042205,7.1081625399839465,4.6594982078853056,-2.014,45.289855072463766,7.1081625399839465,67.9371213109422,24,3,17,4,0.125,False
SKY,2026-08-02T07:52:31.140Z,2026-08-02T07:52:31.141089Z,2026-08-02T09:52:31.141089Z,7655.635778,7,0.056065000000000004,5.350931953981148,2.5790496378731724,0.106,46.3768115942029,5.350931953981148,71.12273549790281,68,11,48,9,0.1324,False
SNX,2026-08-02T07:52:37.078Z,2026-08-02T07:52:37.079032Z,2026-08-02T09:52:37.079032Z,7649.697835,7,0.2125,47.058823529411804,4.672897196261686,-0.465,47.46376811594203,47.058823529411804,57.24611453445713,0,0,0,0,,False
THE,2026-08-02T07:52:53.228Z,2026-08-02T07:52:53.228667Z,2026-08-02T09:52:53.228667Z,7633.5482,7,0.051949999999999996,19.249278152068513,4.101562500000009,-1.349,51.81159420289855,19.249278152068513,64.81900881282009,18,8,4,6,0.2778,False
TRB,2026-08-02T07:53:05.423Z,2026-08-02T07:53:05.423501Z,2026-08-02T09:53:05.423501Z,7621.353366,7,13.495000000000001,7.410151908113958,2.071005917159759,-0.148,55.43478260869565,7.410151908113958,71.26193755413323,0,0,0,0,,False
AVNT,2026-08-02T07:58:58.390Z,2026-08-02T07:58:58.390669Z,2026-08-02T09:58:58.390669Z,7268.386198,7,0.08305,12.040939193255749,3.8507821901323647,-0.717,34.78260869565217,12.040939193255749,57.80156604655536,0,0,0,0,,False
BANANAS31,2026-08-02T07:59:04.758Z,2026-08-02T07:59:04.758678Z,2026-08-02T09:59:04.758678Z,7262.018189,7,0.0071825,18.099547511312206,4.8509059780282495,-2.747,31.52173913043478,18.099547511312206,60.28583314658173,0,0,0,0,,
BMT,2026-08-02T07:59:10.978Z,2026-08-02T07:59:10.978825Z,2026-08-02T09:59:10.978825Z,7255.798042,7,0.011765,8.499787505312021,6.063193851409057,-0.679,36.231884057971016,8.499787505312021,60.58381523349286,0,0,0,0,,False
CGPT,2026-08-02T07:59:22.282Z,2026-08-02T07:59:22.282312Z,2026-08-02T09:59:22.282312Z,7244.494555,7,0.01842,10.857763300759602,4.684095860566447,-0.971,37.68115942028985,10.857763300759602,53.658479503118926,1,0,1,0,1.0,False
CKB,2026-08-02T07:59:35.818Z,2026-08-02T07:59:35.819235Z,2026-08-02T09:59:35.819235Z,7230.957632,7,0.0008145,12.27747084100572,2.699386503067484,-0.972,35.14492753623188,12.27747084100572,67.43968690173452,0,0,0,0,,False
COOKIE,2026-08-02T07:59:42.019Z,2026-08-02T07:59:42.019788Z,2026-08-02T09:59:42.019788Z,7224.757079,7,0.00785,127.38853503184858,3.846153846153856,0.0,30.797101449275363,127.38853503184858,46.402021826834535,0,0,0,0,,False
CVX,2026-08-02T07:59:48.427Z,2026-08-02T07:59:48.428372Z,2026-08-02T09:59:48.428372Z,7218.348495,7,1.3010000000000002,46.11837048424293,8.365310821181904,3.495,35.507246376811594,46.11837048424293,49.10772596363247,0,0,0,0,,False
EGLD,2026-08-02T07:59:54.815Z,2026-08-02T07:59:54.815751Z,2026-08-02T09:59:54.815751Z,7211.961116,7,2.675,37.383177570094325,3.358208955223892,-1.107,40.94202898550725,37.383177570094325,58.96639552444341,4,1,3,0,1.0,False
ETC,2026-08-02T07:59:59.452Z,2026-08-02T07:59:59.452508Z,2026-08-02T09:59:59.452508Z,7207.324359,7,6.635,15.071590052750244,3.9097744360902222,-0.3,32.2463768115942,15.071590052750244,75.67537486663073,0,0,0,0,,False
GMT,2026-08-02T08:00:13.099Z,2026-08-02T08:00:13.099469Z,2026-08-02T10:00:13.099469Z,7792.19718,7,0.0066949999999999996,14.936519790889411,4.626865671641797,1.515,31.884057971014492,14.936519790889411,67.72801324815305,0,0,0,0,,False
GUN,2026-08-02T08:00:19.657Z,2026-08-02T08:00:19.657644Z,2026-08-02T10:00:19.657644Z,7785.639005,7,0.0029049999999999996,34.42340791738392,7.612456747404848,-3.987,33.69565217391305,34.42340791738392,54.80719044977396,1,1,0,0,-1.0,False
HMSTR,2026-08-02T08:00:24.789Z,2026-08-02T08:00:24.789422Z,2026-08-02T10:00:24.789422Z,7780.507227,7,0.0001678,11.918951132299032,2.4999999999999964,-0.297,28.985507246376812,11.918951132299032,69.59014743759778,0,0,0,0,,False
IOTA,2026-08-02T08:00:35.059Z,2026-08-02T08:00:35.060056Z,2026-08-02T10:00:35.060056Z,7770.236593,7,0.03275,30.53435114503904,4.587155963302757,1.869,34.05797101449275,30.53435114503904,63.05431644436371,0,0,0,0,,False
KMNO,2026-08-02T08:00:45.327Z,2026-08-02T08:00:45.327389Z,2026-08-02T10:00:45.327389Z,7759.96926,7,0.018154999999999998,5.508124483613106,4.552934722984097,-0.6,32.608695652173914,5.508124483613106,62.411034170811675,5,0,5,0,1.0,False
LINEA,2026-08-02T08:00:52.016Z,2026-08-02T08:00:52.016453Z,2026-08-02T10:00:52.016453Z,7753.280196,7,0.0022275,4.489337822671752,3.901345291479813,-0.889,40.57971014492754,4.489337822671752,71.33724147233981,0,0,0,0,,False
NEO,2026-08-02T08:01:17.404Z,2026-08-02T08:01:17.404784Z,2026-08-02T10:01:17.404784Z,7727.891865,7,1.8245,5.48095368594075,2.954048140043766,-0.814,34.42028985507246,5.48095368594075,69.21260272701828,0,0,0,0,,False
NOM,2026-08-02T08:01:21.962Z,2026-08-02T08:01:21.963091Z,2026-08-02T10:01:21.963091Z,7723.333558,7,0.001455,68.72852233676994,3.472222222222216,0.0,38.405797101449274,68.72852233676994,61.555859973686,0,0,0,0,,False
OPEN,2026-08-02T08:01:26.925Z,2026-08-02T08:01:26.925763Z,2026-08-02T10:01:26.925763Z,7718.370886,7,0.17709999999999998,11.293054771315965,3.1808035714285774,1.876,36.594202898550726,11.293054771315965,52.91186642447795,0,0,0,0,,False
OSMO,2026-08-02T08:01:38.685Z,2026-08-02T08:01:38.685721Z,2026-08-02T10:01:38.685721Z,7706.610928,7,0.02735,36.56307129798881,4.014598540145986,0.366,30.434782608695652,36.56307129798881,62.56420093500931,2,1,0,1,0.0,False
PHA,2026-08-02T08:01:51.175Z,2026-08-02T08:01:51.175347Z,2026-08-02T10:01:51.175347Z,7694.121302,7,0.01985,50.37783375314831,3.553299492385783,-1.99,31.159420289855074,50.37783375314831,57.504278078937965,0,0,0,0,,False
PLUME,2026-08-02T08:01:55.877Z,2026-08-02T08:01:55.877293Z,2026-08-02T10:01:55.877293Z,7689.419356,7,0.011035,27.186225645673325,5.550581915846007,0.812,39.492753623188406,27.186225645673325,65.83928588748097,0,0,0,0,,False
RAY,2026-08-02T08:02:00.542Z,2026-08-02T08:02:00.542932Z,2026-08-02T10:02:00.542932Z,7684.753717,7,0.61015,8.194706219782939,3.5696900859970646,1.432,33.333333333333336,8.194706219782939,71.25028164177293,2,1,0,1,1.0,False
RESOLV,2026-08-02T08:02:06.548Z,2026-08-02T08:02:06.549216Z,2026-08-02T10:02:06.549216Z,7678.747433,7,0.015645,6.391818472355125,3.580562659846545,-1.759,36.95652173913044,6.391818472355125,59.709753928171764,0,0,0,0,,
SAPIEN,2026-08-02T08:02:12.769Z,2026-08-02T08:02:12.769727Z,2026-08-02T10:02:12.769727Z,7672.526922,7,0.08245,12.128562765312658,4.0942928039702196,-1.467,42.028985507246375,12.128562765312658,55.51262129133212,0,0,0,0,,False
SHELL,2026-08-02T08:02:19.690Z,2026-08-02T08:02:19.690221Z,2026-08-02T10:02:19.690221Z,7665.606428,7,0.018349999999999998,54.49591280653919,3.8461538461538414,-0.546,29.71014492753623,54.49591280653919,42.03985461146841,0,0,0,0,,
SPK,2026-08-02T08:02:25.880Z,2026-08-02T08:02:25.880777Z,2026-08-02T10:02:25.880777Z,7659.415872,7,0.0159395,4.391605759277306,2.981522079549018,-1.023,28.6231884057971,4.391605759277306,49.84456592576149,62,28,27,7,0.5968,False
TURTLE,2026-08-02T08:02:30.390Z,2026-08-02T08:02:30.391247Z,2026-08-02T10:02:30.391247Z,7654.905402,7,0.042749999999999996,23.391812865496128,6.52680652680652,1.179,30.07246376811594,23.391812865496128,63.0231075769895,0,0,0,0,,False
ALT,2026-08-02T08:08:32.004Z,2026-08-02T08:08:32.004334Z,2026-08-02T10:08:32.004334Z,7293.292315,7,0.005765,17.346053772765988,4.31778929188256,-0.856,19.565217391304348,17.346053772765988,61.32241705391041,0,0,0,0,,False
ARKM,2026-08-02T08:08:44.117Z,2026-08-02T08:08:44.117793Z,2026-08-02T10:08:44.117793Z,7281.178856,7,0.09425,10.61007957559565,3.9153439153439247,-0.735,21.3768115942029,10.61007957559565,66.3605121050982,10,1,7,2,-0.5,False
AT,2026-08-02T08:08:51.179Z,2026-08-02T08:08:51.179798Z,2026-08-02T10:08:51.179798Z,7274.116851,7,0.13785,21.762785636563112,5.391804457225023,-0.572,18.115942028985508,21.762785636563112,57.79940430919157,0,0,0,0,,False
AXS,2026-08-02T08:08:55.667Z,2026-08-02T08:08:55.668072Z,2026-08-02T10:08:55.668072Z,7269.628577,7,0.8294999999999999,12.05545509342979,3.2530120481927742,-0.955,25.72463768115942,12.05545509342979,56.40740133106017,2,2,0,0,1.0,False
BB,2026-08-02T08:09:01.960Z,2026-08-02T08:09:01.960767Z,2026-08-02T10:09:01.960767Z,7263.335882,7,0.014375,6.956521739130151,5.547850208044385,-4.44,23.55072463768116,6.956521739130151,55.545823727848976,0,0,0,0,,False
BEAMX,2026-08-02T08:09:08.888Z,2026-08-02T08:09:08.888660Z,2026-08-02T10:09:08.888660Z,7256.407989,7,0.001458,27.434842249656242,3.047091412742381,-0.345,18.840579710144926,27.434842249656242,53.96512171331121,0,0,0,0,,True
BERA,2026-08-02T08:09:15.443Z,2026-08-02T08:09:15.443179Z,2026-08-02T10:09:15.443179Z,7249.85347,7,0.15525,6.441223832527472,3.423772609819121,0.519,19.92753623188406,6.441223832527472,60.20909756800843,1,1,0,0,1.0,False
C,2026-08-02T08:09:31.198Z,2026-08-02T08:09:31.198321Z,2026-08-02T10:09:31.198321Z,7234.098328,7,0.05325,18.779342723005232,4.494382022471909,-2.555,19.202898550724637,18.779342723005232,28.66520276040803,0,0,0,0,,False
CETUS,2026-08-02T08:09:37.814Z,2026-08-02T08:09:37.815055Z,2026-08-02T10:09:37.815055Z,7227.481594,7,0.017675000000000003,5.657708628005427,3.653738055087135,0.965,24.27536231884058,5.657708628005427,72.57889908783376,0,0,0,0,,False
COW,2026-08-02T08:09:44.106Z,2026-08-02T08:09:44.107226Z,2026-08-02T10:09:44.107226Z,7221.189423,7,0.11395,8.775778850373221,4.553415061295969,-1.552,22.10144927536232,8.775778850373221,64.12609907239694,0,0,0,0,,False
DYM,2026-08-02T08:09:51.427Z,2026-08-02T08:09:51.427988Z,2026-08-02T10:09:51.427988Z,7213.868661,7,0.01316,15.197568389057134,5.263157894736839,-1.354,23.18840579710145,15.197568389057134,58.82873036356867,0,0,0,0,,False
ENS,2026-08-02T08:09:56.415Z,2026-08-02T08:09:56.415745Z,2026-08-02T10:09:56.415745Z,7208.880904,7,4.245,23.55712603062376,2.576112412177973,0.946,25.36231884057971,23.55712603062376,71.18462295437617,2,0,2,0,1.0,False
EURI,2026-08-02T08:10:01.036Z,2026-08-02T08:10:01.036402Z,2026-08-02T10:10:01.036402Z,7204.260247,7,1.1513,6.948666724571458,0.19102196752628306,0.07,18.47826086956522,6.948666724571458,56.38644464992244,0,0,0,0,,
FORM,2026-08-02T08:10:08.027Z,2026-08-02T08:10:08.027992Z,2026-08-02T10:10:08.027992Z,7797.598809,7,0.20255,14.811157738829657,8.308605341246283,-5.558,26.81159420289855,14.811157738829657,51.08052470119719,0,0,0,0,,False
LAYER,2026-08-02T08:10:28.599Z,2026-08-02T08:10:28.599380Z,2026-08-02T10:10:28.599380Z,7777.027421,7,0.061149999999999996,16.353229762877504,2.912621359223306,-0.323,16.304347826086957,16.353229762877504,67.17506670031723,0,0,0,0,,False
MANTA,2026-08-02T08:10:34.977Z,2026-08-02T08:10:34.977943Z,2026-08-02T10:10:34.977943Z,7770.648858,7,0.058785,11.907799608743831,3.0282408982647224,-0.843,14.492753623188406,11.907799608743831,63.685840949246064,0,0,0,0,,False
MINA,2026-08-02T08:10:47.538Z,2026-08-02T08:10:47.538751Z,2026-08-02T10:10:47.538751Z,7758.08805,7,0.04105,24.360535931789506,3.1784841075794685,-0.487,26.44927536231884,24.360535931789506,53.89293339915585,1,0,1,0,1.0,False
NOT,2026-08-02T08:10:54.888Z,2026-08-02T08:10:54.889080Z,2026-08-02T10:10:54.889080Z,7750.737721,7,0.0003375,29.629629629628745,3.2544378698225005,0.595,16.666666666666668,29.629629629628745,68.03565405939092,2,2,0,0,0.0,False
ONT,2026-08-02T08:10:59.433Z,2026-08-02T08:10:59.433933Z,2026-08-02T10:10:59.433933Z,7746.192868,7,0.037665000000000004,7.964954201512095,3.373173970783533,-1.414,24.63768115942029,7.964954201512095,63.979340227237174,0,0,0,0,,False
SOLV,2026-08-02T08:11:05.983Z,2026-08-02T08:11:05.983803Z,2026-08-02T10:11:05.983803Z,7739.642998,7,0.002365,42.2832980972517,5.508474576271182,-2.075,27.17391304347826,42.2832980972517,59.08082749897729,0,0,0,0,,
SSV,2026-08-02T08:11:12.515Z,2026-08-02T08:11:12.516165Z,2026-08-02T10:11:12.516165Z,7733.110636,7,2.2125,13.55932203389882,4.770477047704764,1.508,25.0,13.55932203389882,56.86752957711155,0,0,0,0,,False
STO,2026-08-02T08:11:18.296Z,2026-08-02T08:11:18.296761Z,2026-08-02T10:11:18.296761Z,7727.33004,7,0.03725,26.84563758389339,5.630026809651487,-1.583,23.91304347826087,26.84563758389339,59.93288741502475,0,0,0,0,,False
SXT,2026-08-02T08:11:24.948Z,2026-08-02T08:11:24.948806Z,2026-08-02T10:11:24.948806Z,7720.677995,7,0.006880000000000001,29.069767441860538,4.637681159420289,-2.128,17.753623188405797,29.069767441860538,47.51237431995075,0,0,0,0,,False
THETA,2026-08-02T08:11:31.158Z,2026-08-02T08:11:31.158575Z,2026-08-02T10:11:31.158575Z,7714.468226,7,0.12535000000000002,7.977662544875686,3.338632750397464,0.0,21.014492753623188,7.977662544875686,69.7084481197139,0,0,0,0,,False
TNSR,2026-08-02T08:11:37.539Z,2026-08-02T08:11:37.539845Z,2026-08-02T10:11:37.539845Z,7708.086956,7,0.02985,33.50083752093782,4.026845637583891,-2.614,14.855072463768115,33.50083752093782,53.320341753345446,12,3,7,2,-0.6667,False
TREE,2026-08-02T08:11:43.879Z,2026-08-02T08:11:43.880180Z,2026-08-02T10:11:43.880180Z,7701.746621,7,0.03485,28.694404591105556,3.12500000000001,-1.676,15.942028985507246,28.694404591105556,46.0124609963688,0,0,0,0,,False
USUAL,2026-08-02T08:11:50.677Z,2026-08-02T08:11:50.677731Z,2026-08-02T10:11:50.677731Z,7694.94907,7,0.007764999999999999,38.63490019317405,4.737516005121646,0.257,17.391304347826086,38.63490019317405,63.55585286914934,0,0,0,0,,False
WCT,2026-08-02T08:11:56.933Z,2026-08-02T08:11:56.934029Z,2026-08-02T10:11:56.934029Z,7688.692772,7,0.03594,11.129660545352914,3.418565869927724,-1.56,13.405797101449275,11.129660545352914,58.01582869229011,0,0,0,0,,False
XVG,2026-08-02T08:12:03.130Z,2026-08-02T08:12:03.131125Z,2026-08-02T10:12:03.131125Z,7682.495676,7,0.001923,10.40041601663979,5.057351407716375,-1.134,22.463768115942027,10.40041601663979,56.37238736274028,52,9,23,20,-0.1731,False
YGG,2026-08-02T08:12:08.346Z,2026-08-02T08:12:08.346914Z,2026-08-02T10:12:08.346914Z,7677.279887,7,0.01815,11.019283746556026,3.5417819590481554,0.166,20.652173913043477,11.019283746556026,52.45031283436517,1,0,1,0,1.0,False
COMP,2026-08-02T08:18:30.541Z,2026-08-02T08:18:30.542314Z,2026-08-02T10:18:30.542314Z,7295.084487,7,16.55,24.169184290029694,1.2665862484921644,0.607,2.1739130434782608,24.169184290029694,50.14150287438317,66,31,23,12,0.2727,False
CYBER,2026-08-02T08:18:37.210Z,2026-08-02T08:18:37.210509Z,2026-08-02T10:18:37.210509Z,7288.416292,7,0.302,66.22516556291397,2.317880794701989,-0.984,0.36231884057971014,66.22516556291397,43.173060409359884,0,0,0,0,,False
DOLO,2026-08-02T08:18:45.107Z,2026-08-02T08:18:45.108186Z,2026-08-02T10:18:45.108186Z,7280.518615,7,0.021625,13.872832369941632,2.20968500235072,0.425,6.159420289855072,13.872832369941632,42.76008660953124,0,0,0,0,,False
ETH,2026-08-02T08:18:49.839Z,2026-08-02T08:18:49.840228Z,2026-08-02T10:18:49.840228Z,7275.786573,7,1869.1950000000002,0.05349896613243083,3.336389513747489,0.436,99.6376811594203,0.05349896613243083,74.44619520929794,43,31,9,3,0.7209,False
F,2026-08-02T08:18:56.436Z,2026-08-02T08:18:56.436606Z,2026-08-02T10:18:56.436606Z,7269.190195,7,0.0028250000000000003,35.398230088495666,2.473498233215554,-1.049,1.8115942028985508,35.398230088495666,41.551546877648356,0,0,0,0,,
FF,2026-08-02T08:19:01.026Z,2026-08-02T08:19:01.026492Z,2026-08-02T10:19:01.026492Z,7264.600309,7,0.06467,9.277872274623569,2.2808378588052745,-0.555,10.869565217391305,9.277872274623569,54.85240262882193,0,0,0,0,,False
FLUX,2026-08-02T08:19:07.737Z,2026-08-02T08:19:07.737948Z,2026-08-02T10:19:07.737948Z,7257.888853,7,0.039349999999999996,25.412960609910023,3.076923076923076,-0.51,3.6231884057971016,25.412960609910023,56.71489699168744,0,0,0,0,,False
GPS,2026-08-02T08:19:15.876Z,2026-08-02T08:19:15.876459Z,2026-08-02T10:19:15.876459Z,7249.750342,7,0.009335,10.712372790572676,2.9978586723768816,0.107,11.956521739130435,10.712372790572676,56.63297093860286,0,0,0,0,,
HAEDAL,2026-08-02T08:19:22.786Z,2026-08-02T08:19:22.787005Z,2026-08-02T10:19:22.787005Z,7242.839796,7,0.015175000000000001,19.769357495881717,2.166776099803023,0.0,9.782608695652174,19.769357495881717,47.84436774990129,0,0,0,0,,False
HIVE,2026-08-02T08:19:30.144Z,2026-08-02T08:19:30.144705Z,2026-08-02T10:19:30.144705Z,7235.482096,7,0.042249999999999996,23.668639053253475,3.095238095238101,-1.408,3.260869565217391,23.668639053253475,39.028171809366235,0,0,0,0,,False
ILV,2026-08-02T08:19:42.257Z,2026-08-02T08:19:42.257387Z,2026-08-02T10:19:42.257387Z,7223.369414,7,2.865,34.90401396160639,4.895104895104899,0.351,2.536231884057971,34.90401396160639,52.25134474962928,1,1,0,0,1.0,False
LA,2026-08-02T08:19:49.289Z,2026-08-02T08:19:49.289655Z,2026-08-02T10:19:49.289655Z,7216.337146,7,0.0484,41.322314049586524,3.1999999999999944,-1.961,5.434782608695652,41.322314049586524,52.1147897408317,0,0,0,0,,False
NEWT,2026-08-02T08:19:55.812Z,2026-08-02T08:19:55.813131Z,2026-08-02T10:19:55.813131Z,7209.81367,7,0.0402,49.75124378109595,3.0075187969924806,-0.993,1.0869565217391304,49.75124378109595,45.66382871330721,0,0,0,0,,False
NMR,2026-08-02T08:20:02.864Z,2026-08-02T08:20:02.865023Z,2026-08-02T10:20:02.865023Z,7202.761778,7,8.504999999999999,11.757789535567063,1.2835472578763267,-0.233,1.4492753623188406,11.757789535567063,40.966523611764046,0,0,0,0,,False
NXPC,2026-08-02T08:20:10.407Z,2026-08-02T08:20:10.407232Z,2026-08-02T10:20:10.407232Z,7794.809082,7,0.24435,28.64743196234934,3.2793522267206576,-2.718,9.420289855072463,28.64743196234934,54.66111644193127,0,0,0,0,,False
PROVE,2026-08-02T08:20:21.398Z,2026-08-02T08:20:21.398906Z,2026-08-02T10:20:21.398906Z,7783.817408,7,0.1689,11.841326228537936,3.6513545347467673,-1.049,13.043478260869565,11.841326228537936,55.08846823407239,0,0,0,0,,False
RARE,2026-08-02T08:20:28.491Z,2026-08-02T08:20:28.491818Z,2026-08-02T10:20:28.491818Z,7776.724496,7,0.011885,8.413967185527634,2.602854743912674,-0.335,12.318840579710145,8.413967185527634,64.39092517715173,0,0,0,0,,False
RED,2026-08-02T08:20:35.443Z,2026-08-02T08:20:35.443369Z,2026-08-02T10:20:35.443369Z,7769.772945,7,0.08885000000000001,11.254924029263124,3.3519553072625734,-0.223,9.057971014492754,11.254924029263124,53.55852880141663,0,0,0,0,,False
RPL,2026-08-02T08:20:42.074Z,2026-08-02T08:20:42.075158Z,2026-08-02T10:20:42.075158Z,7763.141156,7,1.585,63.09148264984233,2.5806451612903247,-0.641,8.333333333333334,63.09148264984233,44.021210475814485,0,0,0,0,,True
SIGN,2026-08-02T08:20:49.610Z,2026-08-02T08:20:49.611016Z,2026-08-02T10:20:49.611016Z,7755.605298,7,0.00689,29.027576197387592,3.649635036496341,-1.58,10.144927536231885,29.027576197387592,66.12887500118185,0,0,0,0,,False
SKL,2026-08-02T08:20:56.235Z,2026-08-02T08:20:56.235606Z,2026-08-02T10:20:56.235606Z,7748.980708,7,0.0038450000000000003,26.007802340702277,4.27807486631016,0.268,11.594202898550725,26.007802340702277,50.20958234402597,1,0,1,0,1.0,False
SOL,2026-08-02T08:21:01.450Z,2026-08-02T08:21:01.450405Z,2026-08-02T10:21:01.450405Z,7743.765909,7,73.14500000000001,1.3671474468528422,4.194470924690179,0.713,98.91304347826087,1.3671474468528422,65.68786546683775,30,18,10,2,0.8,False
SOPH,2026-08-02T08:21:08.756Z,2026-08-02T08:21:08.757098Z,2026-08-02T10:21:08.757098Z,7736.459216,7,0.003925,25.4777070063706,3.0456852791878255,-1.253,7.971014492753623,25.4777070063706,41.64804388878697,0,0,0,0,,
STEEM,2026-08-02T08:21:15.742Z,2026-08-02T08:21:15.742470Z,2026-08-02T10:21:15.742470Z,7729.473844,7,0.036294999999999994,13.77600220416075,1.6634851377147517,-1.451,6.884057971014493,13.77600220416075,29.49068887676318,0,0,0,0,,False
UMA,2026-08-02T08:21:22.599Z,2026-08-02T08:21:22.599981Z,2026-08-02T10:21:22.599981Z,7722.616333,7,0.3395,29.45508100147278,3.834808259587007,-2.305,2.898550724637681,29.45508100147278,40.52410308890279,0,0,0,0,,False
USD1,2026-08-02T08:21:26.225Z,2026-08-02T08:21:26.226071Z,2026-08-02T10:21:26.226071Z,7718.990243,7,0.99915,1.0008507231145374,0.04003202562049199,0.01,99.27536231884058,1.0008507231145374,74.15547170231024,0,0,0,0,,False
VELODROME,2026-08-02T08:21:33.239Z,2026-08-02T08:21:33.240004Z,2026-08-02T10:21:33.240004Z,7711.97631,7,0.01657,36.21001810500967,3.093396787626411,-1.868,7.608695652173913,36.21001810500967,42.15370985956546,0,0,0,0,,
WAL,2026-08-02T08:21:38.517Z,2026-08-02T08:21:38.518194Z,2026-08-02T10:21:38.518194Z,7706.69812,7,0.025349999999999998,39.44773175542383,3.8610038610038644,0.0,3.9855072463768115,39.44773175542383,68.56082831434507,0,0,0,0,,False
YB,2026-08-02T08:21:45.592Z,2026-08-02T08:21:45.592793Z,2026-08-02T10:21:45.592793Z,7699.623521,7,0.06570000000000001,30.441400304412756,2.579666160849783,0.765,6.521739130434782,30.441400304412756,65.33541453211548,0,0,0,0,,False
ORDI,2026-08-02T08:28:46.319Z,2026-08-02T08:28:46.320191Z,2026-08-02T10:28:46.320191Z,7278.896123,7,3.6025,8.327550312283453,7.287997832565692,4.118,86.59420289855072,8.327550312283453,55.66502892173831,1,1,0,0,1.0,False
PENGU,2026-08-02T08:28:51.362Z,2026-08-02T08:28:51.363164Z,2026-08-02T10:28:51.363164Z,7273.85315,7,0.006055,6.606110652352872,5.286415711947619,2.259,90.21739130434783,6.606110652352872,59.079642332759995,18,17,1,0,0.6667,False
PEPE,2026-08-02T08:28:57.064Z,2026-08-02T08:28:57.064753Z,2026-08-02T10:28:57.064753Z,7268.151561,7,2.8950000000000002e-06,34.542314335061576,8.219178082191789,5.036,92.7536231884058,34.542314335061576,70.00977521020526,45,44,1,0,0.9778,False
PUMP,2026-08-02T08:29:01.688Z,2026-08-02T08:29:01.688297Z,2026-08-02T10:29:01.688297Z,7263.528017,7,0.0021545,4.6414481318157295,11.13646736649931,-0.815,93.1159420289855,4.6414481318157295,61.48621011831568,4,4,0,0,0.25,False
SHIB,2026-08-02T08:29:06.961Z,2026-08-02T08:29:06.961418Z,2026-08-02T10:29:06.961418Z,7258.254896,7,4.975e-06,20.10050251256262,7.414829659318635,2.887,87.68115942028986,20.10050251256262,61.262551761856265,20,9,9,2,0.6,False
SUI,2026-08-02T08:29:12.117Z,2026-08-02T08:29:12.117933Z,2026-08-02T10:29:12.117933Z,7253.098381,7,0.68695,1.455710022564961,4.470486111111117,1.112,96.73913043478261,1.455710022564961,62.91805022576614,5,5,0,0,1.0,False
SYN,2026-08-02T08:29:17.527Z,2026-08-02T08:29:17.527237Z,2026-08-02T10:29:17.527237Z,7247.689077,7,0.091725,14.17279912782679,29.740103081478225,-13.972,95.65217391304348,14.17279912782679,42.87464303183988,3,3,0,0,1.0,False
TAO,2026-08-02T08:29:22.524Z,2026-08-02T08:29:22.524425Z,2026-08-02T10:29:22.524425Z,7242.691889,7,192.35000000000002,5.198856251624346,3.549382716049385,-0.968,89.1304347826087,5.198856251624346,56.64639834360583,22,18,2,2,0.7727,False
TRX,2026-08-02T08:29:27.773Z,2026-08-02T08:29:27.773832Z,2026-08-02T10:29:27.773832Z,7237.442482,7,0.32625,3.065134099616521,0.6705272782688143,0.214,95.28985507246377,3.065134099616521,52.52098005990829,18,13,5,0,0.5556,False
UNI,2026-08-02T08:29:36.196Z,2026-08-02T08:29:36.196853Z,2026-08-02T10:29:36.196853Z,7229.019461,7,4.1995000000000005,2.381235861412868,6.498363721365115,4.316,91.66666666666667,2.381235861412868,66.18201311558384,17,11,5,1,0.8824,False
XLM,2026-08-02T08:29:41.348Z,2026-08-02T08:29:41.348768Z,2026-08-02T10:29:41.348768Z,7223.867546,7,0.17485,5.719187875321074,5.0453514739228975,3.098,88.76811594202898,5.719187875321074,64.47395060320113,13,5,4,4,-0.1538,False
XRP,2026-08-02T08:29:47.163Z,2026-08-02T08:29:47.163393Z,2026-08-02T10:29:47.163393Z,7218.052921,7,1.07905,0.9267411148694591,3.5430891308359462,2.139,98.18840579710145,0.9267411148694591,61.99068551595203,43,36,4,3,0.7674,False
ZEC,2026-08-02T08:29:52.001Z,2026-08-02T08:29:52.002102Z,2026-08-02T10:29:52.002102Z,7213.214212,7,473.735,3.5885041215028637,4.0707964601769895,2.069,93.84057971014492,3.5885041215028637,72.75229595932032,8,2,4,2,0.5,False
ZRO,2026-08-02T08:29:57.715Z,2026-08-02T08:29:57.715473Z,2026-08-02T10:29:57.715473Z,7207.500841,7,0.7224999999999999,13.840830449827005,6.224066390041499,-4.617,89.4927536231884,13.840830449827005,50.79714184332519,1,1,0,0,1.0,False
APT,2026-08-02T08:35:43.623Z,2026-08-02T08:35:43.623341Z,2026-08-02T10:35:43.623341Z,7461.553691,7,0.5645,17.714791851195763,4.2328042328042175,1.978,82.2463768115942,17.714791851195763,72.35726183673317,8,3,2,3,0.75,False
ARB,2026-08-02T08:35:50.835Z,2026-08-02T08:35:50.835490Z,2026-08-02T10:35:50.835490Z,7454.341542,7,0.08185,12.217470983506765,6.36474908200734,4.878,81.15942028985508,12.217470983506765,80.63210288364797,7,3,4,0,1.0,False
CHZ,2026-08-02T08:36:06.731Z,2026-08-02T08:36:06.731974Z,2026-08-02T10:36:06.731974Z,7438.445058,7,0.012885,7.7609623593322405,3.96887159533074,-1.457,72.46376811594203,7.7609623593322405,70.97975582328637,0,0,0,0,,False
DOT,2026-08-02T08:36:11.542Z,2026-08-02T08:36:11.542471Z,2026-08-02T10:36:11.542471Z,7433.634561,7,0.7945,12.586532410320968,4.797979797979802,3.937,84.05797101449275,12.586532410320968,74.95795711960824,13,4,7,2,0.2308,False
CFX,2026-08-02T08:44:51.817Z,2026-08-02T08:44:51.817375Z,2026-08-02T10:44:51.817375Z,7513.789764,7,0.041975,2.382370458607043,5.536171202605257,3.069,65.57971014492753,2.382370458607043,62.41388236780904,0,0,0,0,,False
ETHFI,2026-08-02T08:45:17.788Z,2026-08-02T08:45:17.789139Z,2026-08-02T10:45:17.789139Z,7487.818,7,0.4047,9.883864591054014,6.114494518879419,1.458,56.88405797101449,9.883864591054014,69.74553503173492,0,0,0,0,,False
FIL,2026-08-02T08:45:25.146Z,2026-08-02T08:45:25.146481Z,2026-08-02T10:45:25.146481Z,7480.460658,7,0.7139500000000001,15.407241403459482,5.027855153203331,-0.54,62.68115942028985,15.407241403459482,52.84356037806247,2,1,0,1,1.0,False
GALA,2026-08-02T08:45:31.983Z,2026-08-02T08:45:31.983698Z,2026-08-02T10:45:31.983698Z,7473.623441,7,0.0017625,5.67375886524898,3.543307086614168,-1.55,69.20289855072464,5.67375886524898,66.53173486994001,0,0,0,0,,False
HEI,2026-08-02T08:45:37.712Z,2026-08-02T08:45:37.713036Z,2026-08-02T10:45:37.713036Z,7467.894103,7,0.08374999999999999,11.94029850746303,25.029655990510076,3.436,67.7536231884058,11.94029850746303,65.14986436526769,2,2,0,0,1.0,False
JTO,2026-08-02T08:45:46.237Z,2026-08-02T08:45:46.238008Z,2026-08-02T10:45:46.238008Z,7459.369131,7,0.4853,4.121162167730846,4.013784715183466,-2.683,62.31884057971015,4.121162167730846,58.005846333307765,0,0,0,0,,False
TST,2026-08-02T08:46:56.451Z,2026-08-02T08:46:56.452163Z,2026-08-02T10:46:56.452163Z,7389.154976,7,0.011275,8.869179600886556,12.353471596032476,-8.043,67.02898550724638,8.869179600886556,55.35993500081921,0,0,0,0,,False
VET,2026-08-02T08:47:11.496Z,2026-08-02T08:47:11.496407Z,2026-08-02T10:47:11.496407Z,7374.110732,7,0.004677,4.276245456489771,3.9846580012784925,-0.698,58.333333333333336,4.276245456489771,45.237842629794635,1,1,0,0,1.0,False
ZK,2026-08-02T08:47:31.379Z,2026-08-02T08:47:31.379747Z,2026-08-02T10:47:31.379747Z,7354.227392,7,0.007885,12.68230818008826,3.675538656527243,0.638,57.2463768115942,12.68230818008826,64.9374308350948,2,0,2,0,-1.0,False
LISTA,2026-08-02T08:49:23.350Z,2026-08-02T08:49:23.350345Z,2026-08-02T10:49:23.350345Z,7242.256794,7,0.05055,19.782393669633223,10.09708737864077,0.98,43.11594202898551,19.782393669633223,63.4680950324778,0,0,0,0,,False
MITO,2026-08-02T08:59:11.146Z,2026-08-02T08:59:11.147137Z,2026-08-02T10:59:11.147137Z,7254.600455,7,0.021804999999999998,13.758312313688961,5.197792088316463,-0.458,27.89855072463768,13.758312313688961,67.60998284245859,0,0,0,0,,False
1MBABYDOGE,2026-08-02T09:06:16.018Z,2026-08-02T09:06:16.019150Z,2026-08-02T11:06:16.019150Z,7429.743064,7,0.0003062,19.595035924233002,4.072398190045261,-1.15,21.73913043478261,19.595035924233002,66.61617595685037,0,0,0,0,,
2Z,2026-08-02T09:06:21.445Z,2026-08-02T09:06:21.446057Z,2026-08-02T11:06:21.446057Z,7424.316157,7,0.055295,16.276336015914605,3.1909140075716618,-1.369,27.536231884057973,16.276336015914605,45.09005901944082,0,0,0,0,,
AIXBT,2026-08-02T09:06:28.431Z,2026-08-02T09:06:28.432124Z,2026-08-02T11:06:28.432124Z,7417.33009,7,0.01783,33.651149747616955,4.878048780487803,3.402,17.028985507246375,33.651149747616955,73.35895531886818,1,0,1,0,1.0,False
API3,2026-08-02T09:06:40.912Z,2026-08-02T09:06:40.912916Z,2026-08-02T11:06:40.912916Z,7404.849298,7,0.18980000000000002,10.537407797682071,2.8272251308900604,-0.157,15.217391304347826,10.537407797682071,53.225711574613754,0,0,0,0,,
BFUSD,2026-08-02T09:07:19.868Z,2026-08-02T09:07:19.868322Z,2026-08-02T11:07:19.868322Z,7365.893892,7,0.9984,6.009615384615835,0.07014028056112565,0.0,15.579710144927537,6.009615384615835,41.33571947718384,0,0,0,0,,
1INCH,2026-08-02T09:15:22.888Z,2026-08-02T09:15:22.889179Z,2026-08-02T11:15:22.889179Z,7482.826001,7,0.0818,24.44987775061195,3.9615846338535383,2.334,4.7101449275362315,24.44987775061195,58.64726604418549,0,0,0,0,,False
A,2026-08-02T09:15:30.266Z,2026-08-02T09:15:30.267963Z,2026-08-02T11:15:30.267963Z,7475.447217,7,0.06325,47.43083003952486,3.1007751937984525,3.035,0.7246376811594203,47.43083003952486,54.4768814045253,0,0,0,0,,False
ANIME,2026-08-02T09:15:42.975Z,2026-08-02T09:15:42.975343Z,2026-08-02T11:15:42.975343Z,7462.739837,7,0.002425,41.23711340206196,3.6885245901639268,-0.813,5.072463768115942,41.23711340206196,61.21340821600154,0,0,0,0,,False
AUCTION,2026-08-02T09:15:50.904Z,2026-08-02T09:15:50.904928Z,2026-08-02T11:15:50.904928Z,7454.810252,7,2.9885,23.423121967542635,2.152707702657236,-1.654,7.246376811594203,23.423121967542635,43.857384484682576,0,0,0,0,,False
BTC,2026-08-02T09:16:03.069Z,2026-08-02T09:16:03.069830Z,2026-08-02T11:16:03.069830Z,7442.64535,7,63116.455,0.0015843728869178834,2.1324641604913914,0.679,100.0,0.0015843728869178834,72.04048558698192,35,16,2,17,0.0286,False
HOLO,2026-08-02T09:17:07.883Z,2026-08-02T09:17:07.883673Z,2026-08-02T11:17:07.883673Z,7377.831507,7,0.0643,31.104199066874923,6.103286384976527,-5.613,12.681159420289855,31.104199066874923,39.39982958640562,1,1,0,0,-1.0,False
AAVE,2026-08-02T09:24:35.680Z,2026-08-02T09:24:35.680490Z,2026-08-02T11:24:35.680490Z,7530.474675,7,92.18,4.339336081580196,4.145525207816046,1.926,92.3913043478261,4.339336081580196,73.04841557913282,28,28,0,0,0.9286,False
ADA,2026-08-02T09:24:40.805Z,2026-08-02T09:24:40.805720Z,2026-08-02T11:24:40.805720Z,7525.349445,7,0.18764999999999998,5.329070077272409,9.641135511515794,9.117,97.82608695652173,5.329070077272409,69.17505574029762,46,27,12,7,0.6957,False
AVAX,2026-08-02T09:24:46.079Z,2026-08-02T09:24:46.080110Z,2026-08-02T11:24:46.080110Z,7520.075055,7,6.6025,1.514577811434223,9.777508702890872,3.331,93.47826086956522,1.514577811434223,64.61485404049733,15,9,5,1,0.8667,False
BNB,2026-08-02T09:24:55.968Z,2026-08-02T09:24:55.968842Z,2026-08-02T11:24:55.968842Z,7510.186323,7,582.855,0.17156925822015603,2.973698152547293,-0.914,98.55072463768116,0.17156925822015603,46.86443837512326,19,11,3,5,0.2632,False
COTI,2026-08-02T09:25:01.147Z,2026-08-02T09:25:01.148176Z,2026-08-02T11:25:01.148176Z,7505.006989,7,0.013399999999999999,29.8507462686568,20.387652548456572,-6.069,90.57971014492753,29.8507462686568,51.1868846015779,1,0,0,1,1.0,False
DOGE,2026-08-02T09:25:08.076Z,2026-08-02T09:25:08.076594Z,2026-08-02T11:25:08.076594Z,7498.078571,7,0.069995,1.4286734766783342,4.12224591329069,0.687,92.02898550724638,1.4286734766783342,72.25575556948431,23,10,5,8,0.1304,False
ENA,2026-08-02T09:25:13.365Z,2026-08-02T09:25:13.365978Z,2026-08-02T11:25:13.365978Z,7492.789187,7,0.08825,11.331444759207123,11.738148984198652,9.518,94.92753623188406,11.331444759207123,77.65463042635601,7,4,2,1,0.8571,False
EPIC,2026-08-02T09:25:21.111Z,2026-08-02T09:25:21.111985Z,2026-08-02T11:25:21.111985Z,7485.04318,7,0.90715,14.33059582208101,21.955146635997693,10.525,88.40579710144928,14.33059582208101,57.278630631764656,3,3,0,0,-0.3333,False
EUR,2026-08-02T09:25:24.554Z,2026-08-02T09:25:24.555052Z,2026-08-02T11:25:24.555052Z,7481.600113,7,1.1534499999999999,7.802678919761593,0.1474670367800169,0.0,96.01449275362319,7.802678919761593,70.49684473603529,0,0,0,0,,False
FDUSD,2026-08-02T09:25:28.688Z,2026-08-02T09:25:28.688513Z,2026-08-02T11:25:28.688513Z,7477.466652,7,0.99735,1.002657041158961,0.06015640665731351,0.02,96.3768115942029,1.002657041158961,68.8506162084854,1,1,0,0,1.0,False
FET,2026-08-02T09:25:33.850Z,2026-08-02T09:25:33.850603Z,2026-08-02T11:25:33.850603Z,7472.304562,7,0.14165,7.059654076949452,4.439746300211417,0.212,86.23188405797102,7.059654076949452,68.64738753284647,2,0,1,1,1.0,False
GIGGLE,2026-08-02T09:25:39.682Z,2026-08-02T09:25:39.682646Z,2026-08-02T11:25:39.682646Z,7466.472519,7,43.965,11.372682815877235,31.103928393833908,-16.952,94.56521739130434,11.372682815877235,64.02322083645902,6,6,0,0,1.0,False
HOME,2026-08-02T09:25:45.864Z,2026-08-02T09:25:45.864305Z,2026-08-02T11:25:45.864305Z,7460.29086,7,0.007975,12.539184952977546,30.08962868117796,39.216,86.95652173913044,12.539184952977546,75.21139286580325,12,8,2,2,0.6667,False
INJ,2026-08-02T09:25:51.200Z,2026-08-02T09:25:51.200604Z,2026-08-02T11:25:51.200604Z,7454.954561,7,4.9295,2.0286033066222653,2.7427874847623057,1.485,87.31884057971014,2.0286033066222653,74.4898428632194,37,16,20,1,0.7027,False
KAITO,2026-08-02T09:25:57.021Z,2026-08-02T09:25:57.022167Z,2026-08-02T11:25:57.022167Z,7449.132998,7,1.20995,12.397206496136672,15.085763293310459,5.798,89.85507246376811,12.397206496136672,56.92920358888083,3,3,0,0,1.0,False
LINK,2026-08-02T09:26:02.290Z,2026-08-02T09:26:02.290925Z,2026-08-02T11:26:02.290925Z,7443.86424,7,8.2925,1.205908953873314,6.273854961832058,2.884,94.20289855072464,1.205908953873314,73.70935862222241,34,23,7,4,0.7941,False
LTC,2026-08-02T09:26:08.013Z,2026-08-02T09:26:08.013824Z,2026-08-02T11:26:08.013824Z,7438.141341,7,44.535,2.245424946670711,2.809991079393394,0.741,90.94202898550725,2.245424946670711,61.500212889541785,14,6,6,2,0.4286,False
HBAR,2026-08-02T09:34:04.057Z,2026-08-02T09:34:04.057968Z,2026-08-02T11:34:04.057968Z,7562.490136,7,0.06994500000000001,1.4296947601681496,2.841233580810973,-0.029,83.33333333333333,1.4296947601681496,58.159973870002275,6,2,2,2,0.3333,False
HYPER,2026-08-02T09:34:10.453Z,2026-08-02T09:34:10.453265Z,2026-08-02T11:34:10.453265Z,7556.094839,7,0.06895,43.50978970268234,37.13136729222519,34.657,77.17391304347827,43.50978970268234,66.40084902122882,3,3,0,0,1.0,False
ICP,2026-08-02T09:34:16.090Z,2026-08-02T09:34:16.091060Z,2026-08-02T11:34:16.091060Z,7550.457044,7,2.0595,4.855547462975916,3.842412451361855,-0.628,84.42028985507247,4.855547462975916,72.11862509065429,7,4,1,2,0.7143,False
LDO,2026-08-02T09:34:27.168Z,2026-08-02T09:34:27.169012Z,2026-08-02T11:34:27.169012Z,7539.379092,7,0.32375,9.26640926640996,5.374692874692863,-1.453,82.6086956521739,9.26640926640996,53.16057257254079,1,1,0,0,1.0,False
MIRA,2026-08-02T09:34:42.086Z,2026-08-02T09:34:42.086396Z,2026-08-02T11:34:42.086396Z,7524.461708,7,0.041749999999999995,23.95209580838226,5.569007263922509,-3.052,81.52173913043478,23.95209580838226,56.85064753374328,0,0,0,0,,False
MMT,2026-08-02T09:34:48.478Z,2026-08-02T09:34:48.479040Z,2026-08-02T11:34:48.479040Z,7518.069064,7,0.17265,17.37619461338097,15.59633027522936,-11.875,80.79710144927536,17.37619461338097,41.7321099574711,8,5,1,2,0.25,False
OP,2026-08-02T09:34:59.675Z,2026-08-02T09:34:59.675737Z,2026-08-02T11:34:59.675737Z,7506.872367,7,0.08565,11.67542323409257,4.593639575971732,0.0,78.26086956521739,11.67542323409257,70.14041704124145,8,6,1,1,0.75,False
PENDLE,2026-08-02T09:35:05.734Z,2026-08-02T09:35:05.734700Z,2026-08-02T11:35:05.734700Z,7500.813404,7,1.3795,7.24900326205067,4.181687094448438,-2.255,74.27536231884058,7.24900326205067,60.79628294892445,0,0,0,0,,False
RENDER,2026-08-02T09:35:10.989Z,2026-08-02T09:35:10.989373Z,2026-08-02T11:35:10.989373Z,7495.558731,7,1.3675000000000002,7.312614259598624,2.848794740686627,-0.581,72.10144927536231,7.312614259598624,72.43785858240342,0,0,0,0,,False
TLM,2026-08-02T09:35:30.244Z,2026-08-02T09:35:30.244691Z,2026-08-02T11:35:30.244691Z,7476.303413,7,0.0016285,18.421860607921182,10.249999999999991,-7.139,73.18840579710145,18.421860607921182,58.12234223591575,4,1,2,1,1.0,False
TRUMP,2026-08-02T09:35:36.702Z,2026-08-02T09:35:36.703018Z,2026-08-02T11:35:36.703018Z,7469.845086,7,1.4435,6.927606511949358,3.9175257731958872,1.962,78.98550724637681,6.927606511949358,80.31260642272738,16,14,2,0,0.1875,False
PAXG,2026-08-02T09:43:33.577Z,2026-08-02T09:43:33.577627Z,2026-08-02T11:43:33.577627Z,7593.145779,7,4057.005,0.024648724860379216,0.5934286468002364,0.289,58.69565217391305,0.024648724860379216,73.76149057822461,0,0,0,0,,False
POL,2026-08-02T09:43:41.637Z,2026-08-02T09:43:41.637547Z,2026-08-02T11:43:41.637547Z,7585.085859,7,0.07250000000000001,5.51724137931012,2.118877270225646,0.707,66.66666666666667,5.51724137931012,73.16655822663645,0,0,0,0,,False
SEI,2026-08-02T09:44:22.216Z,2026-08-02T09:44:22.217193Z,2026-08-02T11:44:22.217193Z,7544.506213,7,0.041440000000000005,4.826254826254629,3.126503126503116,0.217,67.3913043478261,4.826254826254629,74.3246380463917,1,0,0,1,1.0,False
TIA,2026-08-02T09:44:35.667Z,2026-08-02T09:44:35.668437Z,2026-08-02T11:44:35.668437Z,7531.054969,7,0.32665,9.184142048062666,4.770586447888178,-0.694,65.57971014492753,9.184142048062666,68.63970259439003,10,3,4,3,0.0,False
ZKC,2026-08-02T09:45:16.066Z,2026-08-02T09:45:16.066269Z,2026-08-02T11:45:16.066269Z,7490.657137,7,0.03755,26.63115845539357,4.825737265415557,0.0,59.05797101449275,26.63115845539357,45.90345937360427,0,0,0,0,,False
1000CHEEMS,2026-08-02T09:50:52.401Z,2026-08-02T09:50:52.401749Z,2026-08-02T11:50:52.401749Z,7754.522442,7,0.0004865,20.55498458376206,4.365904365904371,-2.236,47.82608695652174,20.55498458376206,54.10486105056203,7,6,0,1,0.5714,False
AR,2026-08-02T09:51:10.341Z,2026-08-02T09:51:10.342078Z,2026-08-02T11:51:10.342078Z,7736.582113,7,1.746,11.454753722794969,3.8834951456310716,0.459,50.72463768115942,11.454753722794969,68.97176132555461,2,1,1,0,0.0,False
BARD,2026-08-02T09:51:15.837Z,2026-08-02T09:51:15.838011Z,2026-08-02T11:51:15.838011Z,7731.08618,7,0.1077,18.570102135562276,5.44280442804427,-4.493,48.18840579710145,18.570102135562276,48.26249678109259,0,0,0,0,,False
KERNEL,2026-08-02T09:52:13.423Z,2026-08-02T09:52:13.424218Z,2026-08-02T11:52:13.424218Z,7673.499973,7,0.03185,31.39717425431583,6.289308176100635,-2.154,53.26086956521739,31.39717425431583,57.777835719092664,0,0,0,0,,False
MEME,2026-08-02T09:52:20.570Z,2026-08-02T09:52:20.570719Z,2026-08-02T11:52:20.570719Z,7666.353472,7,0.0005045,19.82160555005004,3.3596837944664206,-1.556,42.7536231884058,19.82160555005004,62.39938953920987,49,30,15,4,0.8571,False
SOMI,2026-08-02T09:53:50.184Z,2026-08-02T09:53:50.185193Z,2026-08-02T11:53:50.185193Z,7576.738998,7,0.0842,23.752969121140826,4.415274463007154,-2.217,46.01449275362319,23.752969121140826,58.71517226057732,1,0,1,0,1.0,False
STX,2026-08-02T09:53:57.415Z,2026-08-02T09:53:57.415419Z,2026-08-02T11:53:57.415419Z,7569.508772,7,0.13915,7.186489399927344,4.052098408104213,0.436,52.89855072463768,7.186489399927344,70.06190255743932,46,22,17,7,0.5,False
TOWNS,2026-08-02T09:54:11.090Z,2026-08-02T09:54:11.091098Z,2026-08-02T11:54:11.091098Z,7555.833093,7,0.0020150000000000003,49.62779156327556,6.403940886699491,0.995,49.27536231884058,49.62779156327556,67.71537021547508,0,0,0,0,,False
TURBO,2026-08-02T09:54:20.178Z,2026-08-02T09:54:20.179175Z,2026-08-02T11:54:20.179175Z,7546.745016,7,0.0007975,12.539184952978362,4.000000000000002,0.756,45.65217391304348,12.539184952978362,65.28926785035726,1,0,1,0,1.0,False
VANRY,2026-08-02T09:54:27.387Z,2026-08-02T09:54:27.387742Z,2026-08-02T11:54:27.387742Z,7539.536449,7,0.003804,52.57623554153536,8.59374999999999,-5.255,47.10144927536232,52.57623554153536,59.55336023548001,33,6,24,3,-0.3636,False
XTZ,2026-08-02T09:54:32.791Z,2026-08-02T09:54:32.791643Z,2026-08-02T11:54:32.791643Z,7534.132548,7,0.1996,10.020040080159216,3.1484257871064467,-0.744,51.81159420289855,10.020040080159216,64.233298130553,23,14,9,0,1.0,False
ACH,2026-08-02T10:00:18.446Z,2026-08-02T10:00:18.446513Z,2026-08-02T12:00:18.446513Z,7787.397689,7,0.004365,22.90950744558899,5.215419501133791,-3.077,38.405797101449274,22.90950744558899,46.0635340236149,0,0,0,0,,False
AVNT,2026-08-02T10:00:25.844Z,2026-08-02T10:00:25.844305Z,2026-08-02T12:00:25.844305Z,7779.999897,7,0.08255000000000001,12.113870381587262,3.4855769230769234,-0.834,34.42028985507246,12.113870381587262,59.10467617708528,0,0,0,0,,False
BANANAS31,2026-08-02T10:00:38.692Z,2026-08-02T10:00:38.692442Z,2026-08-02T12:00:38.692442Z,7767.15176,7,0.0071555,18.167842918035063,4.41400304414004,0.25,32.971014492753625,18.167842918035063,42.60718131469948,0,0,0,0,,
BIO,2026-08-02T10:00:45.419Z,2026-08-02T10:00:45.419297Z,2026-08-02T12:00:45.419297Z,7760.424905,7,0.022324999999999998,4.479283314669471,4.446420631391733,-1.79,39.85507246376812,4.479283314669471,70.11186698775585,0,0,0,0,,False
BMT,2026-08-02T10:00:52.260Z,2026-08-02T10:00:52.260981Z,2026-08-02T12:00:52.260981Z,7753.583221,7,0.011745,8.51426138782426,5.555555555555552,-0.085,35.869565217391305,8.51426138782426,56.91609584875361,0,0,0,0,,False
CGPT,2026-08-02T10:01:05.203Z,2026-08-02T10:01:05.203681Z,2026-08-02T12:01:05.203681Z,7740.640521,7,0.01836,10.893246187363388,4.940282301845826,-2.021,32.608695652173914,10.893246187363388,57.9483815370429,0,0,0,0,,False
CKB,2026-08-02T10:01:20.244Z,2026-08-02T10:01:20.245015Z,2026-08-02T12:01:20.245015Z,7725.599187,7,0.0008125000000000001,12.307692307692605,2.7027027027027013,-0.489,35.507246376811594,12.307692307692605,64.18110029298838,1,0,0,1,-1.0,False
COOKIE,2026-08-02T10:01:27.075Z,2026-08-02T10:01:27.075708Z,2026-08-02T12:01:27.075708Z,7718.768494,7,0.00775,129.03225806451536,3.846153846153856,-1.266,28.985507246376812,129.03225806451536,59.53446385583609,0,0,0,0,,False
CVX,2026-08-02T10:01:33.550Z,2026-08-02T10:01:33.550373Z,2026-08-02T12:01:33.550373Z,7712.293829,7,1.2925,23.2108317214709,8.416988416988433,2.778,35.14492753623188,23.2108317214709,48.088019182945395,0,0,0,0,,False
EGLD,2026-08-02T10:01:38.857Z,2026-08-02T10:01:38.857209Z,2026-08-02T12:01:38.857209Z,7706.986993,7,2.6950000000000003,37.105751391466534,3.358208955223892,-0.372,40.21739130434783,37.105751391466534,65.88832974839498,0,0,0,0,,False
ETC,2026-08-02T10:01:49.087Z,2026-08-02T10:01:49.088100Z,2026-08-02T12:01:49.088100Z,7696.756102,7,6.635,15.071590052750244,3.7764350453172204,-0.301,31.884057971014492,15.071590052750244,70.57146643282884,0,0,0,0,,False
GRT,2026-08-02T10:02:01.847Z,2026-08-02T10:02:01.847302Z,2026-08-02T12:02:01.847302Z,7683.9969,7,0.014360000000000001,13.92757660167195,3.414634146341469,0.631,40.57971014492754,13.92757660167195,66.52399514333429,15,5,6,4,-0.0667,False
IO,2026-08-02T10:02:17.852Z,2026-08-02T10:02:17.853003Z,2026-08-02T12:02:17.853003Z,7667.991199,7,0.1325,30.18867924528388,3.9127163280662227,0.0,37.31884057971015,30.18867924528388,68.99491930560272,1,0,1,0,1.0,False
KAIA,2026-08-02T10:02:29.362Z,2026-08-02T10:02:29.362303Z,2026-08-02T12:02:29.362303Z,7656.481899,7,0.026549999999999997,37.66478342749507,4.135338345864663,1.527,38.04347826086956,37.66478342749507,60.13498185534761,0,0,0,0,,False
PARTI,2026-08-02T10:03:21.323Z,2026-08-02T10:03:21.323536Z,2026-08-02T12:03:21.323536Z,7604.520666,7,0.02355,42.46284501061545,3.3613445378151203,-1.653,36.95652173913044,42.46284501061545,41.22706763273514,0,0,0,0,,False
VANA,2026-08-02T10:04:03.420Z,2026-08-02T10:04:03.420822Z,2026-08-02T12:04:03.420822Z,7562.42338,7,0.87,22.988505747126457,5.1605504587156,-1.802,32.2463768115942,22.988505747126457,45.81589234918888,0,0,0,0,,False
1000CAT,2026-08-02T10:09:36.196Z,2026-08-02T10:09:36.197180Z,2026-08-02T12:09:36.197180Z,7229.647022,7,0.001375,72.72727272727292,7.142857142857132,0.719,13.768115942028986,72.72727272727292,61.97050955396015,0,0,0,0,,False
ARKM,2026-08-02T10:10:07.119Z,2026-08-02T10:10:07.120101Z,2026-08-02T12:10:07.120101Z,7798.940276,7,0.09375,10.666666666665492,3.9445628997867903,-0.95,20.28985507246377,10.666666666665492,61.011771582703844,10,2,8,0,-0.1,False
AT,2026-08-02T10:10:13.476Z,2026-08-02T10:10:13.476470Z,2026-08-02T12:10:13.476470Z,7792.583907,7,0.1362,29.36857562408104,5.387931034482764,-0.784,16.304347826086957,29.36857562408104,57.54237471517488,2,1,1,0,1.0,False
BB,2026-08-02T10:10:20.349Z,2026-08-02T10:10:20.349959Z,2026-08-02T12:10:20.349959Z,7785.710418,7,0.01426,14.025245441794661,5.303558967201664,-4.973,25.0,14.025245441794661,55.055204682179934,0,0,0,0,,False
BEAMX,2026-08-02T10:10:27.272Z,2026-08-02T10:10:27.272970Z,2026-08-02T12:10:27.272970Z,7778.787407,7,0.0014550000000000001,27.491408934707078,2.8275862068965534,-0.275,18.840579710144926,27.491408934707078,54.90493421048106,0,0,0,0,,True
BERA,2026-08-02T10:10:33.681Z,2026-08-02T10:10:33.681928Z,2026-08-02T12:10:33.681928Z,7772.378449,7,0.15460000000000002,12.936610608021068,3.434867141931303,-0.323,21.73913043478261,12.936610608021068,58.9834161561554,2,1,1,0,1.0,False
BLUR,2026-08-02T10:10:45.007Z,2026-08-02T10:10:45.007305Z,2026-08-02T12:10:45.007305Z,7761.053072,7,0.013965,7.160759040457997,3.962536023054756,-2.596,13.405797101449275,7.160759040457997,58.75248532455663,0,0,0,0,,False
C,2026-08-02T10:10:51.460Z,2026-08-02T10:10:51.461020Z,2026-08-02T12:10:51.461020Z,7754.599357,7,0.05305,18.85014137606086,4.511278195488721,-3.448,18.47826086956522,18.85014137606086,54.22213141459007,0,0,0,0,,False
CETUS,2026-08-02T10:10:57.884Z,2026-08-02T10:10:57.885006Z,2026-08-02T12:10:57.885006Z,7748.175371,7,0.01764,11.337868480725161,3.661971830985923,0.681,23.91304347826087,11.337868480725161,58.31209374096471,0,0,0,0,,False
COW,2026-08-02T10:11:05.205Z,2026-08-02T10:11:05.205688Z,2026-08-02T12:11:05.205688Z,7740.854689,7,0.11410000000000001,17.52848378615178,4.206836108676599,-1.723,23.18840579710145,17.52848378615178,64.39695912189846,0,0,0,0,,False
DYM,2026-08-02T10:11:10.317Z,2026-08-02T10:11:10.317573Z,2026-08-02T12:11:10.317573Z,7735.742804,7,0.01321,15.140045420136957,5.251141552511412,-1.129,24.27536231884058,15.140045420136957,62.782665384300884,0,0,0,0,,False
EURI,2026-08-02T10:11:15.622Z,2026-08-02T10:11:15.622744Z,2026-08-02T12:11:15.622744Z,7730.437633,7,1.1531500000000001,25.1485062654479,0.19102196752628306,0.07,18.115942028985508,25.1485062654479,56.412150004259026,0,0,0,0,,
GMT,2026-08-02T10:11:29.168Z,2026-08-02T10:11:29.168902Z,2026-08-02T12:11:29.168902Z,7716.891475,7,0.006705,14.914243102161958,4.65465465465466,-1.77,22.10144927536232,14.914243102161958,62.761056302803524,0,0,0,0,,False
KMNO,2026-08-02T10:11:36.321Z,2026-08-02T10:11:36.321764Z,2026-08-02T12:11:36.321764Z,7709.738613,7,0.018025,5.547850208044157,2.9104887424492185,-1.301,27.536231884057973,5.547850208044157,45.6510220936082,2,0,2,0,1.0,False
OSMO,2026-08-02T10:12:19.226Z,2026-08-02T10:12:19.227079Z,2026-08-02T12:12:19.227079Z,7666.833298,7,0.02735,36.56307129798881,4.014598540145986,0.366,16.666666666666668,36.56307129798881,63.76161298634374,0,0,0,0,,False
SPK,2026-08-02T10:12:37.361Z,2026-08-02T10:12:37.361202Z,2026-08-02T12:12:37.361202Z,7648.699175,7,0.015906999999999998,10.058464826804965,2.981522079549018,-1.778,25.36231884057971,10.058464826804965,61.892809488089625,63,19,32,12,0.254,False
W,2026-08-02T10:13:18.471Z,2026-08-02T10:13:18.472093Z,2026-08-02T12:13:18.472093Z,7607.588284,7,0.008135,12.292562999384872,4.374240583232068,1.983,27.17391304347826,12.292562999384872,57.41052237696998,9,0,3,6,0.4444,False
ACT,2026-08-02T10:19:13.003Z,2026-08-02T10:19:13.003869Z,2026-08-02T12:19:13.003869Z,7253.056508,7,0.008745,34.305317324185836,3.9281705948372574,0.225,3.6231884057971016,34.305317324185836,64.78043597465962,0,0,0,0,,False
CATI,2026-08-02T10:19:42.005Z,2026-08-02T10:19:42.005536Z,2026-08-02T12:19:42.005536Z,7224.054841,7,0.036435,8.23384108686764,4.930536638518113,-4.126,5.434782608695652,8.23384108686764,52.75756551785049,0,0,0,0,,False
F,2026-08-02T10:20:08.653Z,2026-08-02T10:20:08.653886Z,2026-08-02T12:20:08.653886Z,7796.959635,7,0.002815,35.52397868561289,2.120141342756189,-1.049,1.8115942028985508,35.52397868561289,39.72642213588001,0,0,0,0,,
FF,2026-08-02T10:20:15.673Z,2026-08-02T10:20:15.673529Z,2026-08-02T12:20:15.673529Z,7789.939992,7,0.06437499999999999,10.873786407767088,2.262162999690119,-1.736,10.507246376811594,10.873786407767088,61.53936466648745,0,0,0,0,,False
FLUX,2026-08-02T10:20:21.979Z,2026-08-02T10:20:21.979410Z,2026-08-02T12:20:21.979410Z,7783.634111,7,0.039150000000000004,25.542784163472774,3.053435114503816,0.255,3.9855072463768115,25.542784163472774,61.209635699582144,0,0,0,0,,False
GPS,2026-08-02T10:20:28.737Z,2026-08-02T10:20:28.737346Z,2026-08-02T12:20:28.737346Z,7776.876175,7,0.009375,10.666666666666233,3.76749192680301,-0.322,11.231884057971014,10.666666666666233,46.41924045004015,0,0,0,0,,
HAEDAL,2026-08-02T10:20:35.037Z,2026-08-02T10:20:35.038090Z,2026-08-02T12:20:35.038090Z,7770.575431,7,0.015265,19.652800524075012,2.1796565389696196,-0.981,7.971014492753623,19.652800524075012,57.1280304542353,0,0,0,0,,False
HIVE,2026-08-02T10:20:41.153Z,2026-08-02T10:20:41.153777Z,2026-08-02T12:20:41.153777Z,7764.459744,7,0.042249999999999996,71.00591715976371,3.095238095238101,-1.176,2.536231884057971,71.00591715976371,41.49824479707668,0,0,0,0,,False
ILV,2026-08-02T10:20:51.213Z,2026-08-02T10:20:51.213735Z,2026-08-02T12:20:51.213735Z,7754.399786,7,2.8499999999999996,70.1754385964913,4.878048780487809,0.702,3.260869565217391,70.1754385964913,44.11237010249811,0,0,0,0,,False
LA,2026-08-02T10:20:57.604Z,2026-08-02T10:20:57.604316Z,2026-08-02T12:20:57.604316Z,7748.009205,7,0.047850000000000004,20.89864158829591,5.979381443298968,-4.339,9.420289855072463,20.89864158829591,51.309413280130606,0,0,0,0,,False
NEWT,2026-08-02T10:21:03.958Z,2026-08-02T10:21:03.959159Z,2026-08-02T12:21:03.959159Z,7741.654362,7,0.0401,49.87531172069796,3.0150753768844214,-1.485,1.0869565217391304,49.87531172069796,56.73183022955516,0,0,0,0,,False
NMR,2026-08-02T10:21:10.488Z,2026-08-02T10:21:10.489297Z,2026-08-02T12:21:10.489297Z,7735.124224,7,8.535,11.716461628587917,1.2835472578763267,-0.695,1.4492753623188406,11.716461628587917,41.88726720543152,0,0,0,0,,False
PIXEL,2026-08-02T10:21:22.306Z,2026-08-02T10:21:22.306336Z,2026-08-02T12:21:22.306336Z,7723.307185,7,0.00405,49.38271604938284,3.980099502487551,-0.741,10.144927536231885,49.38271604938284,63.822885122490085,24,11,10,3,0.2917,False
WCT,2026-08-02T10:22:27.570Z,2026-08-02T10:22:27.570841Z,2026-08-02T12:22:27.570841Z,7658.04268,7,0.0358,11.173184357541444,3.482864307606579,-2.047,11.956521739130435,11.173184357541444,53.202766430526275,0,0,0,0,,False
1000SATS,2026-08-02T10:28:12.401Z,2026-08-02T10:28:12.402099Z,2026-08-02T12:28:12.402099Z,7313.211422,7,1.041e-05,19.212295869356204,20.501342882721577,6.788,85.8695652173913,19.212295869356204,67.46065550459767,13,6,4,3,0.2308,False
BCH,2026-08-02T10:28:28.659Z,2026-08-02T10:28:28.659430Z,2026-08-02T12:28:28.659430Z,7296.954091,7,212.14999999999998,4.713646005184743,3.345900094250705,1.434,90.57971014492753,4.713646005184743,76.19113698022446,1,1,0,0,1.0,False
NEAR,2026-08-02T10:29:30.280Z,2026-08-02T10:29:30.280222Z,2026-08-02T12:29:30.280222Z,7235.333299,7,1.6995,5.8840835539858185,5.113306217315518,4.366,97.10144927536231,5.8840835539858185,64.82015980377346,2,2,0,0,1.0,False
ONDO,2026-08-02T10:29:36.826Z,2026-08-02T10:29:36.827220Z,2026-08-02T12:29:36.827220Z,7228.786301,7,0.3852,5.192107995845742,5.1808155937419835,1.325,87.68115942028986,5.192107995845742,49.24742520799277,3,1,2,0,1.0,False
SYN,2026-08-02T10:30:09.809Z,2026-08-02T10:30:09.809806Z,2026-08-02T12:30:09.809806Z,7796.105806,7,0.091795,14.161991393865813,29.255663430420704,3.773,93.47826086956522,14.161991393865813,52.178366203381565,2,1,0,1,-1.0,False
TAO,2026-08-02T10:30:16.176Z,2026-08-02T10:30:16.176909Z,2026-08-02T12:30:16.176909Z,7789.738703,7,192.55,5.193456245130839,3.1589849818746734,-1.025,89.1304347826087,5.193456245130839,70.68849149756296,12,8,4,0,0.5833,False
TRX,2026-08-02T10:30:20.371Z,2026-08-02T10:30:20.371485Z,2026-08-02T12:30:20.371485Z,7785.544127,7,0.32645,3.0632562413842543,0.7341694707861771,-0.153,96.01449275362319,3.0632562413842543,53.82443045021404,33,25,8,0,0.8485,False
UNI,2026-08-02T10:30:28.967Z,2026-08-02T10:30:28.967734Z,2026-08-02T12:30:28.967734Z,7776.947878,7,4.1925,2.3852116875359473,6.617472030468926,2.538,92.3913043478261,2.3852116875359473,61.66721890885141,24,12,6,6,0.8333,False
XLM,2026-08-02T10:30:33.227Z,2026-08-02T10:30:33.227698Z,2026-08-02T12:30:33.227698Z,7772.687914,7,0.17404999999999998,5.7454754380934645,5.071225071225067,2.572,91.30434782608695,5.7454754380934645,67.57741133116,64,43,16,5,0.4844,False
XRP,2026-08-02T10:30:37.649Z,2026-08-02T10:30:37.649250Z,2026-08-02T12:30:37.649250Z,7768.266362,7,1.0770499999999998,0.9284620026924377,3.55193784108778,1.914,98.18840579710145,0.9284620026924377,62.85306275374986,34,16,11,7,0.5882,False
ZEC,2026-08-02T10:30:41.864Z,2026-08-02T10:30:41.864575Z,2026-08-02T12:30:41.864575Z,7764.051037,7,472.77,1.269116060663796,4.069853173516461,1.832,94.92753623188406,1.269116060663796,56.927908223013105,13,6,4,3,0.7692,False
ZRO,2026-08-02T10:30:47.916Z,2026-08-02T10:30:47.917020Z,2026-08-02T12:30:47.917020Z,7757.998592,7,0.7155,13.976240391334743,5.571030640668529,-4.775,88.76811594202898,13.976240391334743,60.558696510297644,0,0,0,0,,False
ALGO,2026-08-02T10:36:19.313Z,2026-08-02T10:36:19.313383Z,2026-08-02T12:36:19.313383Z,7426.602229,7,0.08185,12.217470983506765,3.362391033623903,0.627,80.07246376811594,12.217470983506765,68.65112023991519,4,2,1,1,1.0,False
ALLO,2026-08-02T10:36:25.538Z,2026-08-02T10:36:25.539003Z,2026-08-02T12:36:25.539003Z,7420.376609,7,0.25745,3.8842493688090496,8.492003046458487,-7.143,75.0,3.8842493688090496,61.10194444739304,64,6,53,5,-0.5312,False
ATOM,2026-08-02T10:36:37.465Z,2026-08-02T10:36:37.465679Z,2026-08-02T12:36:37.465679Z,7408.449933,7,1.2555,7.9649542015142325,4.057279236276845,1.946,76.81159420289855,7.9649542015142325,62.21749154122111,64,12,45,7,0.6875,False
BANK,2026-08-02T10:36:41.837Z,2026-08-02T10:36:41.837515Z,2026-08-02T12:36:41.837515Z,7404.078097,7,0.0476,42.01680672268882,23.255813953488364,-17.018,82.2463768115942,42.01680672268882,58.596835175613144,8,3,3,2,-0.75,False
CAKE,2026-08-02T10:36:47.416Z,2026-08-02T10:36:47.416195Z,2026-08-02T12:36:47.416195Z,7398.499417,7,1.4264999999999999,7.010164738872149,3.021784961349257,-0.905,71.3768115942029,7.010164738872149,51.5904151668361,6,5,0,1,0.5,False
DYDX,2026-08-02T10:37:00.896Z,2026-08-02T10:37:00.896978Z,2026-08-02T12:37:00.896978Z,7385.018634,7,0.112315,8.013177224770223,5.418107652744529,0.392,74.6376811594203,8.013177224770223,67.36858163229113,0,0,0,0,,False
ENSO,2026-08-02T10:37:07.634Z,2026-08-02T10:37:07.634667Z,2026-08-02T12:37:07.634667Z,7378.280945,7,0.911,21.95389681668498,16.722037652270213,-6.231,81.15942028985508,21.95389681668498,64.53284511903553,0,0,0,0,,False
ERA,2026-08-02T10:37:12.008Z,2026-08-02T10:37:12.008697Z,2026-08-02T12:37:12.008697Z,7373.906915,7,0.06575,15.209125475285607,4.524886877828059,-1.632,76.08695652173913,15.209125475285607,64.39786737027568,0,0,0,0,,False
EUL,2026-08-02T10:37:21.553Z,2026-08-02T10:37:21.553520Z,2026-08-02T12:37:21.553520Z,7364.362092,7,1.468,40.87193460490467,31.05712409717663,14.425,85.5072463768116,40.87193460490467,67.59102551061608,4,2,1,1,1.0,False
JUP,2026-08-02T10:37:42.507Z,2026-08-02T10:37:42.508142Z,2026-08-02T12:37:42.508142Z,7343.40747,7,0.19455,5.140066820868105,5.6546102903718785,1.868,85.14492753623189,5.140066820868105,64.69118864853642,12,6,6,0,1.0,False
ROSE,2026-08-02T10:38:29.565Z,2026-08-02T10:38:29.565649Z,2026-08-02T12:38:29.565649Z,7296.349963,7,0.005665,17.652250661958682,6.737588652482272,3.867,79.34782608695652,17.652250661958682,68.0268788501678,62,35,22,5,0.2419,False
RUNE,2026-08-02T10:38:35.891Z,2026-08-02T10:38:35.891530Z,2026-08-02T12:38:35.891530Z,7290.024082,7,0.4425,22.598870056497194,3.8374717832957144,2.784,78.6231884057971,22.598870056497194,76.93377250666643,27,6,11,10,-0.5926,False
STRK,2026-08-02T10:38:40.328Z,2026-08-02T10:38:40.328406Z,2026-08-02T12:38:40.328406Z,7285.587206,7,0.024515000000000002,4.079135223332487,5.980471928397066,-3.076,73.55072463768116,4.079135223332487,62.98161441208571,12,1,10,1,-0.0833,False
TUT,2026-08-02T10:38:52.352Z,2026-08-02T10:38:52.352955Z,2026-08-02T12:38:52.352955Z,7273.562657,7,0.01773,22.560631697686617,10.103329506314587,1.338,73.91304347826087,22.560631697686617,53.55922504768466,0,0,0,0,,False
USDE,2026-08-02T10:38:57.042Z,2026-08-02T10:38:57.043207Z,2026-08-02T12:38:57.043207Z,7268.872405,7,0.99975,1.0002500625155186,0.05001500450134489,-0.05,77.89855072463769,1.0002500625155186,65.69920035379462,0,0,0,0,,False
WIF,2026-08-02T10:39:01.651Z,2026-08-02T10:39:01.651467Z,2026-08-02T12:39:01.651467Z,7264.264145,7,0.14015,7.135212272564322,5.698005698005703,-1.818,77.53623188405797,7.135212272564322,74.75675992807945,3,1,1,1,0.3333,False
WLD,2026-08-02T10:39:06.704Z,2026-08-02T10:39:06.704628Z,2026-08-02T12:39:06.704628Z,7259.210984,7,0.31420000000000003,6.365372374284961,8.814303638644924,3.439,84.78260869565217,6.365372374284961,73.86834821779583,5,2,2,1,0.4,False
WLFI,2026-08-02T10:39:12.721Z,2026-08-02T10:39:12.721508Z,2026-08-02T12:39:12.721508Z,7253.194104,7,0.05595,17.873100983021065,4.129263913824063,2.578,82.97101449275362,17.873100983021065,77.62422048967352,1,0,1,0,1.0,False
XPL,2026-08-02T10:39:24.621Z,2026-08-02T10:39:24.621923Z,2026-08-02T12:39:24.621923Z,7241.293689,7,0.075895,3.9528295671654585,6.395197076481339,0.354,72.46376811594203,3.9528295671654585,55.64072465610685,2,0,2,0,1.0,False
ZEN,2026-08-02T10:39:28.990Z,2026-08-02T10:39:28.990896Z,2026-08-02T12:39:28.990896Z,7236.924716,7,4.109,9.734728644437965,4.974271012006857,1.215,76.44927536231884,9.734728644437965,70.63353397008278,0,0,0,0,,False
0G,2026-08-02T10:45:02.204Z,2026-08-02T10:45:02.204891Z,2026-08-02T12:45:02.204891Z,7503.487255,7,0.1425,70.1754385964913,6.250000000000005,0.699,63.04347826086956,70.1754385964913,57.74045765433258,0,0,0,0,,False
APE,2026-08-02T10:45:09.132Z,2026-08-02T10:45:09.132821Z,2026-08-02T12:45:09.132821Z,7496.559325,7,0.13265,7.5386355069745,2.5934401220442305,-1.724,64.4927536231884,7.5386355069745,65.47507671344951,5,4,1,0,1.0,False
ASTER,2026-08-02T10:45:16.165Z,2026-08-02T10:45:16.165607Z,2026-08-02T12:45:16.165607Z,7489.526539,7,0.6025,16.597510373444,1.4950166112956824,0.501,57.971014492753625,16.597510373444,66.8717920568023,6,4,2,0,0.6667,False
BABY,2026-08-02T10:45:20.859Z,2026-08-02T10:45:20.860034Z,2026-08-02T12:45:20.860034Z,7484.832112,7,0.011435,8.745080891999411,10.13986013986015,-6.46,67.02898550724638,8.745080891999411,63.44857097020049,0,0,0,0,,False
BANANA,2026-08-02T10:45:25.442Z,2026-08-02T10:45:25.442451Z,2026-08-02T12:45:25.442451Z,7480.249695,7,3.572,16.797312430011836,7.158712541620421,0.868,61.95652173913044,16.797312430011836,63.393389294783816,1,0,1,0,-1.0,False
BONK,2026-08-02T10:45:29.868Z,2026-08-02T10:45:29.868793Z,2026-08-02T12:45:29.868793Z,7475.823353,7,2.915e-06,34.30531732418492,7.87671232876712,4.286,69.92753623188406,34.30531732418492,73.80880700076553,1,1,0,0,1.0,False
BROCCOLI714,2026-08-02T10:45:36.406Z,2026-08-02T10:45:36.406480Z,2026-08-02T12:45:36.406480Z,7469.285666,7,0.01333,15.003750937733823,22.350230414746537,-9.078,69.56521739130434,15.003750937733823,36.766105337946804,0,0,0,0,,True
CRV,2026-08-02T10:45:48.827Z,2026-08-02T10:45:48.828302Z,2026-08-02T12:45:48.828302Z,7456.863844,7,0.20485,4.881620698071222,3.881610868510435,0.0,68.84057971014492,4.881620698071222,66.32010270527917,0,0,0,0,,False
DOGS,2026-08-02T10:45:55.665Z,2026-08-02T10:45:55.666096Z,2026-08-02T12:45:55.666096Z,7450.02605,7,3.4424999999999997e-05,8.714596949892462,6.264434180138571,-0.517,59.42028985507246,8.714596949892462,51.72485838750524,1,1,0,0,1.0,False
EDEN,2026-08-02T10:46:02.296Z,2026-08-02T10:46:02.297247Z,2026-08-02T12:46:02.297247Z,7443.394899,7,0.03911,20.455126566094798,6.947759215062311,2.167,60.507246376811594,20.455126566094798,55.03731105279975,0,0,0,0,,False
EIGEN,2026-08-02T10:46:10.104Z,2026-08-02T10:46:10.104665Z,2026-08-02T12:46:10.104665Z,7435.587481,7,0.18905,15.868817773075628,9.60125918153201,6.184,66.30434782608695,15.868817773075628,80.41644746450031,0,0,0,0,,False
KITE,2026-08-02T10:46:40.335Z,2026-08-02T10:46:40.335464Z,2026-08-02T12:46:40.335464Z,7405.356682,7,0.09355,10.689470871192183,3.9194915254237386,-1.564,63.405797101449274,10.689470871192183,67.25551390751453,0,0,0,0,,False
NEIRO,2026-08-02T10:46:46.680Z,2026-08-02T10:46:46.680575Z,2026-08-02T12:46:46.680575Z,7399.011571,7,6.212000000000001e-05,6.439150032194596,7.626846499678881,2.485,60.14492753623188,6.439150032194596,60.983131501722546,0,0,0,0,,False
REZ,2026-08-02T10:47:15.729Z,2026-08-02T10:47:15.729438Z,2026-08-02T12:47:15.729438Z,7369.962708,7,0.0026945,11.133791055854386,11.197053406998158,5.233,57.2463768115942,11.133791055854386,70.93475298092004,42,14,24,4,0.6667,False
RSR,2026-08-02T10:47:27.573Z,2026-08-02T10:47:27.573777Z,2026-08-02T12:47:27.573777Z,7358.118369,7,0.0012994999999999999,7.695267410541869,7.186081694402422,4.754,67.7536231884058,7.695267410541869,72.81238642113748,2,0,1,1,1.0,False
S,2026-08-02T10:47:32.422Z,2026-08-02T10:47:32.423187Z,2026-08-02T12:47:32.423187Z,7353.268959,7,0.021615000000000002,4.626416840157109,5.229357798165148,-1.447,58.333333333333336,4.626416840157109,57.74132624949516,0,0,0,0,,
SAGA,2026-08-02T10:47:37.608Z,2026-08-02T10:47:37.608233Z,2026-08-02T12:47:37.608233Z,7348.083913,7,0.01324,15.105740181268267,7.878315132605309,2.972,61.594202898550726,15.105740181268267,68.60422495060014,6,4,2,0,0.6667,False
SAHARA,2026-08-02T10:47:44.120Z,2026-08-02T10:47:44.120938Z,2026-08-02T12:47:44.120938Z,7341.571208,7,0.007845,12.746972594008405,11.041405269761613,1.271,57.608695652173914,12.746972594008405,72.24387949435302,0,0,0,0,,False
SYRUP,2026-08-02T10:47:55.052Z,2026-08-02T10:47:55.052658Z,2026-08-02T12:47:55.052658Z,7330.639488,7,0.15365,6.508298080053155,3.294573643410849,-3.129,60.869565217391305,6.508298080053155,52.95621867901019,0,0,0,0,,False
TWT,2026-08-02T10:48:11.419Z,2026-08-02T10:48:11.420030Z,2026-08-02T12:48:11.420030Z,7314.272116,7,0.38315,18.26960720344601,6.385762889296004,2.22,68.1159420289855,18.26960720344601,60.54306901555665,9,5,0,4,0.1111,False
VIRTUAL,2026-08-02T10:48:23.615Z,2026-08-02T10:48:23.615269Z,2026-08-02T12:48:23.615269Z,7302.076877,7,0.5631999999999999,7.102272727273917,5.82730001765849,3.87,70.65217391304348,7.102272727273917,62.810065285723915,0,0,0,0,,False
ZBT,2026-08-02T10:48:33.673Z,2026-08-02T10:48:33.673824Z,2026-08-02T12:48:33.673824Z,7292.018322,7,0.122,16.39344262295129,9.347300564061241,6.432,59.78260869565217,16.39344262295129,62.56320217185857,1,1,0,0,1.0,False
BOME,2026-08-02T10:54:44.683Z,2026-08-02T10:54:44.683706Z,2026-08-02T12:54:44.683706Z,7521.40607,7,0.0006172,12.961762799741079,13.679012345679014,1.759,55.072463768115945,12.961762799741079,67.60032526698596,1,0,0,1,1.0,False
DASH,2026-08-02T10:54:50.814Z,2026-08-02T10:54:50.814924Z,2026-08-02T12:54:50.814924Z,7515.274852,7,31.185000000000002,3.206669873337041,3.8936372269705615,-0.347,54.710144927536234,3.206669873337041,73.87249574279046,0,0,0,0,,False
ENJ,2026-08-02T10:54:57.045Z,2026-08-02T10:54:57.045246Z,2026-08-02T12:54:57.045246Z,7509.04453,7,0.02466,8.110300081104077,2.5111381125961887,-1.279,49.63768115942029,8.110300081104077,64.38945008768201,3,3,0,0,1.0,False
FLOKI,2026-08-02T10:55:03.142Z,2026-08-02T10:55:03.143231Z,2026-08-02T12:55:03.143231Z,7502.946545,7,2.0475e-05,4.884004884005664,4.101562500000011,-0.049,51.44927536231884,4.884004884005664,58.52287610783657,2,0,1,1,1.0,False
HEMI,2026-08-02T10:55:14.910Z,2026-08-02T10:55:14.910926Z,2026-08-02T12:55:14.910926Z,7491.17885,7,0.004775,20.942408376964316,4.4491525423728655,-2.075,48.91304347826087,20.942408376964316,53.065298477844976,0,0,0,0,,False
HUMA,2026-08-02T10:55:21.244Z,2026-08-02T10:55:21.244272Z,2026-08-02T12:55:21.244272Z,7484.845504,7,0.019035,15.760441292357367,3.4464751958224586,-0.623,52.17391304347826,15.760441292357367,45.91130059354064,0,0,0,0,,False
IMX,2026-08-02T10:55:26.023Z,2026-08-02T10:55:26.023336Z,2026-08-02T12:55:26.023336Z,7480.06644,7,0.1114,17.95332136445294,3.5616438356164264,0.0,44.56521739130435,17.95332136445294,71.90432975097016,3,3,0,0,1.0,False
INIT,2026-08-02T10:55:32.158Z,2026-08-02T10:55:32.158949Z,2026-08-02T12:55:32.158949Z,7473.930827,7,0.04995,20.020020020020592,5.040322580645152,-0.998,43.84057971014493,20.020020020020592,56.97790570342504,0,0,0,0,,False
MET,2026-08-02T10:55:47.750Z,2026-08-02T10:55:47.750909Z,2026-08-02T12:55:47.750909Z,7458.338867,7,0.16185,18.53568118628327,6.82237246465888,-4.687,55.43478260869565,18.53568118628327,46.69331272527102,0,0,0,0,,False
MORPHO,2026-08-02T10:55:52.368Z,2026-08-02T10:55:52.369029Z,2026-08-02T12:55:52.369029Z,7453.720747,7,1.9335,5.171967933798241,3.377686796315254,-0.812,54.34782608695652,5.171967933798241,68.17204354420257,0,0,0,0,,False
MUBARAK,2026-08-02T10:55:58.624Z,2026-08-02T10:55:58.625226Z,2026-08-02T12:55:58.625226Z,7447.46455,7,0.012459999999999999,16.051364365971846,11.03000811030008,-5.081,48.55072463768116,16.051364365971846,56.66041492883257,0,0,0,0,,False
NIL,2026-08-02T10:56:03.131Z,2026-08-02T10:56:03.131597Z,2026-08-02T12:56:03.131597Z,7442.958179,7,0.030055,36.59956745965812,6.537102473498237,-0.667,53.6231884057971,36.59956745965812,61.154202836048654,0,0,0,0,,False
ORCA,2026-08-02T10:56:16.755Z,2026-08-02T10:56:16.755291Z,2026-08-02T12:56:16.755291Z,7429.334485,7,1.0965,9.11992704058267,3.4420289855072492,-1.604,47.46376811594203,9.11992704058267,64.57678112244146,0,0,0,0,,False
PEOPLE,2026-08-02T10:56:21.173Z,2026-08-02T10:56:21.173301Z,2026-08-02T12:56:21.173301Z,7424.916475,7,0.007085,14.114326040930969,11.39240506329114,6.597,56.15942028985507,14.114326040930969,76.83097594820447,3,3,0,0,0.6667,False
PNUT,2026-08-02T10:56:27.449Z,2026-08-02T10:56:27.449441Z,2026-08-02T12:56:27.449441Z,7418.640335,7,0.03945,25.348542458809344,4.761904761904759,0.758,50.36231884057971,25.348542458809344,58.071628336452925,66,18,42,6,0.0152,False
PYTH,2026-08-02T10:56:33.537Z,2026-08-02T10:56:33.537505Z,2026-08-02T12:56:33.537505Z,7412.552271,7,0.04017,9.957679860592076,5.3043697903510925,0.841,46.73913043478261,9.957679860592076,69.92721582855646,2,1,1,0,1.0,False
QNT,2026-08-02T10:56:40.044Z,2026-08-02T10:56:40.044245Z,2026-08-02T12:56:40.044245Z,7406.045531,7,60.845,11.50464294518864,4.044722130878002,-2.03,46.3768115942029,11.50464294518864,61.08975353518773,62,15,38,9,0.0645,False
SAND,2026-08-02T10:56:44.862Z,2026-08-02T10:56:44.862434Z,2026-08-02T12:56:44.862434Z,7401.227342,7,0.04309,9.282896263635484,3.5442435775451906,-0.237,42.391304347826086,9.282896263635484,70.63190896680393,24,4,14,6,0.2917,False
SAPIEN,2026-08-02T10:56:51.610Z,2026-08-02T10:56:51.610757Z,2026-08-02T12:56:51.610757Z,7394.479019,7,0.08174999999999999,12.232415902141025,4.47400241837968,0.242,45.289855072463766,12.232415902141025,45.2319401560283,0,0,0,0,,False
SKY,2026-08-02T10:57:03.224Z,2026-08-02T10:57:03.224589Z,2026-08-02T12:57:03.224589Z,7382.865187,7,0.055955,5.36145116611603,2.6038879971464293,0.863,44.20289855072464,5.36145116611603,65.72977888722987,67,17,42,8,0.3731,False
SNX,2026-08-02T10:57:09.789Z,2026-08-02T10:57:09.789978Z,2026-08-02T12:57:09.789978Z,7376.299798,7,0.2115,47.2813238770686,4.694835680751178,-1.389,44.927536231884055,47.2813238770686,56.01444803010711,0,0,0,0,,False
THE,2026-08-02T10:57:27.019Z,2026-08-02T10:57:27.019203Z,2026-08-02T12:57:27.019203Z,7359.070573,7,0.05105,19.588638589618583,4.054054054054063,0.975,50.0,19.588638589618583,59.313568115074276,22,11,6,5,0.8636,False
TRB,2026-08-02T10:57:37.178Z,2026-08-02T10:57:37.179131Z,2026-08-02T12:57:37.179131Z,7348.910645,7,13.495000000000001,7.410151908113958,2.071005917159759,-0.295,55.79710144927536,7.410151908113958,69.8379442774928,0,0,0,0,,False
ZK,2026-08-02T10:57:58.915Z,2026-08-02T10:57:58.915569Z,2026-08-02T12:57:58.915569Z,7327.174207,7,0.007825,12.77955271565443,3.680203045685272,0.254,56.52173913043478,12.77955271565443,67.76312550758603,2,1,1,0,1.0,False
AXS,2026-08-02T11:03:46.898Z,2026-08-02T11:03:46.898572Z,2026-08-02T13:03:46.898572Z,7579.703582,7,0.8274999999999999,12.084592145015119,2.7878787878787907,-1.786,27.89855072463768,12.084592145015119,61.53734166797711,0,0,0,0,,False
ENS,2026-08-02T11:04:45.061Z,2026-08-02T11:04:45.061286Z,2026-08-02T13:04:45.061286Z,7521.540868,7,4.235,23.612750885477652,2.8235294117647083,0.473,29.347826086956523,23.612750885477652,67.89034772287424,0,0,0,0,,False
FORM,2026-08-02T11:04:55.485Z,2026-08-02T11:04:55.486100Z,2026-08-02T13:04:55.486100Z,7511.116054,7,0.2025,9.876543209876825,8.329201784828944,-5.967,30.434782608695652,9.876543209876825,59.330556012565985,0,0,0,0,,False
GUN,2026-08-02T11:05:06.152Z,2026-08-02T11:05:06.152824Z,2026-08-02T13:05:06.152824Z,7500.44933,7,0.002895,34.54231433505904,7.638888888888894,-4.636,33.333333333333336,34.54231433505904,51.83327868121934,0,0,0,0,,False
HMSTR,2026-08-02T11:05:12.906Z,2026-08-02T11:05:12.906450Z,2026-08-02T13:05:12.906450Z,7493.695704,7,0.0001669,11.983223487118325,3.017751479289934,1.319,30.07246376811594,11.983223487118325,69.60662858359615,0,0,0,0,,False
IOTA,2026-08-02T11:05:24.985Z,2026-08-02T11:05:24.985627Z,2026-08-02T13:05:24.985627Z,7481.616527,7,0.03295,30.349013657057014,4.615384615384619,-0.307,34.05797101449275,30.349013657057014,65.43559539300142,0,0,0,0,,False
LINEA,2026-08-02T11:05:43.589Z,2026-08-02T11:05:43.589341Z,2026-08-02T13:05:43.589341Z,7463.012813,7,0.002223,8.996851102113503,3.9083557951482404,-1.023,38.768115942028984,8.996851102113503,72.56812382298669,0,0,0,0,,False
LISTA,2026-08-02T11:05:50.340Z,2026-08-02T11:05:50.340463Z,2026-08-02T13:05:50.340463Z,7456.261691,7,0.05045,19.821605550050123,10.216110019646358,1.193,42.028985507246375,19.821605550050123,59.86902970116099,0,0,0,0,,False
MITO,2026-08-02T11:06:01.903Z,2026-08-02T11:06:01.903589Z,2026-08-02T13:06:01.903589Z,7444.698565,7,0.02171,18.424689083370968,5.185865075722805,-0.229,28.26086956521739,18.424689083370968,68.42773997936854,0,0,0,0,,False
NEO,2026-08-02T11:06:07.182Z,2026-08-02T11:06:07.182603Z,2026-08-02T13:06:07.182603Z,7439.419551,7,1.818,11.001100110011011,2.8021978021978105,-1.408,34.78260869565217,11.001100110011011,64.21679312770365,0,0,0,0,,False
NOM,2026-08-02T11:06:13.433Z,2026-08-02T11:06:13.433698Z,2026-08-02T13:06:13.433698Z,7433.168456,7,0.001445,69.20415224913363,3.472222222222216,-0.69,41.30434782608695,69.20415224913363,59.99548760285149,0,0,0,0,,False
OPEN,2026-08-02T11:06:18.808Z,2026-08-02T11:06:18.809169Z,2026-08-02T13:06:18.809169Z,7427.792985,7,0.17565,5.693139766580642,2.9825548677546423,0.452,36.231884057971016,5.693139766580642,42.89589200501664,0,0,0,0,,False
PHA,2026-08-02T11:06:29.346Z,2026-08-02T11:06:29.347062Z,2026-08-02T13:06:29.347062Z,7417.255092,7,0.01985,50.37783375314831,3.553299492385783,-1.5,33.69565217391305,50.37783375314831,45.034526970643626,0,0,0,0,,False
PLUME,2026-08-02T11:06:33.820Z,2026-08-02T11:06:33.820781Z,2026-08-02T13:06:33.820781Z,7412.781373,7,0.01103,18.13236627379799,5.610859728506778,0.091,40.94202898550725,18.13236627379799,67.96324489622113,0,0,0,0,,False
RAY,2026-08-02T11:06:39.624Z,2026-08-02T11:06:39.624818Z,2026-08-02T13:06:39.624818Z,7406.977336,7,0.6076,6.583278472678669,3.603013429413676,0.51,36.594202898550726,6.583278472678669,71.68273267972332,5,4,1,0,1.0,False
RESOLV,2026-08-02T11:06:45.910Z,2026-08-02T11:06:45.911077Z,2026-08-02T13:06:45.911077Z,7400.691077,7,0.015519999999999999,12.886597938144924,3.589743589743588,-2.072,37.68115942028985,12.886597938144924,64.14947976238716,0,0,0,0,,
SHELL,2026-08-02T11:06:52.327Z,2026-08-02T11:06:52.327573Z,2026-08-02T13:06:52.327573Z,7394.274581,7,0.01815,55.09641873278204,3.867403314917123,-1.093,28.6231884057971,55.09641873278204,50.400138980329785,0,0,0,0,,
SSV,2026-08-02T11:06:56.908Z,2026-08-02T11:06:56.908994Z,2026-08-02T13:06:56.908994Z,7389.69316,7,2.2670000000000003,17.64446404940451,4.774774774774769,1.648,31.159420289855074,17.64446404940451,45.77706558797352,0,0,0,0,,False
TURTLE,2026-08-02T11:07:03.644Z,2026-08-02T11:07:03.644776Z,2026-08-02T13:07:03.644776Z,7382.957378,7,0.042800000000000005,46.728971962616534,6.55737704918032,1.667,29.71014492753623,46.728971962616534,64.35246146182632,0,0,0,0,,False
1MBABYDOGE,2026-08-02T11:12:46.304Z,2026-08-02T11:12:46.305038Z,2026-08-02T13:12:46.305038Z,7639.887088,7,0.00030694999999999995,9.773578758755738,3.2647730982696785,-1.162,23.55072463768116,9.773578758755738,63.77738908605573,0,0,0,0,,
AIXBT,2026-08-02T11:12:52.772Z,2026-08-02T11:12:52.772614Z,2026-08-02T13:12:52.772614Z,7633.419512,7,0.0179,22.34636871508289,4.897494305239179,2.152,17.753623188405797,22.34636871508289,64.00431898321278,0,0,0,0,,False
ALT,2026-08-02T11:12:59.591Z,2026-08-02T11:12:59.592257Z,2026-08-02T13:12:59.592257Z,7626.599869,7,0.005745,17.40644038294098,4.340277777777781,-1.538,19.202898550724637,17.40644038294098,59.47209612694882,0,0,0,0,,False
API3,2026-08-02T11:13:06.624Z,2026-08-02T11:13:06.624247Z,2026-08-02T13:13:06.624247Z,7619.567879,7,0.18980000000000002,10.537407797682071,2.84061020515519,0.053,15.942028985507246,10.537407797682071,58.520535048944595,0,0,0,0,,
BFUSD,2026-08-02T11:13:39.346Z,2026-08-02T11:13:39.346721Z,2026-08-02T13:13:39.346721Z,7586.845405,7,0.99885,9.010361916203752,0.07014028056112565,-0.07,15.579710144927537,9.010361916203752,39.348168931619064,0,0,0,0,,
LAYER,2026-08-02T11:14:32.139Z,2026-08-02T11:14:32.139476Z,2026-08-02T13:14:32.139476Z,7534.05265,7,0.061,32.78688524590144,2.622950819672138,-1.771,19.565217391304348,32.78688524590144,36.512059118092345,1,0,1,0,1.0,False
MANTA,2026-08-02T11:14:46.817Z,2026-08-02T11:14:46.817507Z,2026-08-02T13:14:46.817507Z,7519.374619,7,0.0579,17.27115716753072,3.0313351498637666,-0.911,14.492753623188406,17.27115716753072,62.418494246288155,1,0,1,0,1.0,False
MINA,2026-08-02T11:14:56.679Z,2026-08-02T11:14:56.680210Z,2026-08-02T13:14:56.680210Z,7509.511916,7,0.04085,24.479804161565713,3.1630170316301767,0.244,26.08695652173913,24.479804161565713,56.43290760547102,0,0,0,0,,False
NOT,2026-08-02T11:15:01.766Z,2026-08-02T11:15:01.766672Z,2026-08-02T13:15:01.766672Z,7504.425454,7,0.0003375,29.629629629628745,3.2448377581121095,0.593,17.391304347826086,29.629629629628745,50.45651243270192,2,2,0,0,0.5,False
ONT,2026-08-02T11:15:08.401Z,2026-08-02T11:15:08.401251Z,2026-08-02T13:15:08.401251Z,7497.790875,7,0.03743,10.686615014693661,3.1914893617021267,-1.674,24.63768115942029,10.686615014693661,62.07691061500398,0,0,0,0,,False
SKL,2026-08-02T11:15:18.968Z,2026-08-02T11:15:18.968779Z,2026-08-02T13:15:18.968779Z,7487.223347,7,0.003735,80.3212851405613,4.5092838196286475,1.617,14.130434782608695,80.3212851405613,66.1107814493427,0,0,0,0,,False
SOLV,2026-08-02T11:15:26.263Z,2026-08-02T11:15:26.263300Z,2026-08-02T13:15:26.263300Z,7479.928826,7,0.0023550000000000003,42.462845010615816,5.508474576271182,-3.279,26.44927536231884,42.462845010615816,45.5821323998315,0,0,0,0,,
STO,2026-08-02T11:15:38.311Z,2026-08-02T11:15:38.311502Z,2026-08-02T13:15:38.311502Z,7467.880624,7,0.03705,26.990553306343553,5.107526881720446,-1.847,20.652173913043477,26.990553306343553,61.85359095065651,0,0,0,0,,False
SXT,2026-08-02T11:15:45.044Z,2026-08-02T11:15:45.044387Z,2026-08-02T13:15:45.044387Z,7461.147739,7,0.006965,43.07250538406391,4.657933042212518,-1.151,17.028985507246375,43.07250538406391,58.04398122763742,0,0,0,0,,False
THETA,2026-08-02T11:15:49.778Z,2026-08-02T11:15:49.778970Z,2026-08-02T13:15:49.778970Z,7456.413156,7,0.12465000000000001,8.022462896109335,3.349282296650725,-0.397,19.92753623188406,8.022462896109335,65.9413568555309,0,0,0,0,,False
TNSR,2026-08-02T11:15:56.812Z,2026-08-02T11:15:56.812744Z,2026-08-02T13:15:56.812744Z,7449.379382,7,0.029650000000000003,33.72681281618866,3.344481605351162,-1.967,26.81159420289855,33.72681281618866,56.55499867350414,20,7,8,5,0.15,False
TREE,2026-08-02T11:16:03.395Z,2026-08-02T11:16:03.395576Z,2026-08-02T13:16:03.395576Z,7442.79655,7,0.03455,28.943560057885943,3.1609195402298957,-2.521,14.855072463768115,28.943560057885943,53.347925778596576,0,0,0,0,,False
USUAL,2026-08-02T11:16:08.884Z,2026-08-02T11:16:08.884977Z,2026-08-02T13:16:08.884977Z,7437.307149,7,0.007890000000000001,25.348542458809778,4.749679075738133,0.516,15.217391304347826,25.348542458809778,60.891458019736355,0,0,0,0,,False
XVG,2026-08-02T11:16:21.047Z,2026-08-02T11:16:21.047511Z,2026-08-02T13:16:21.047511Z,7425.144615,7,0.0019185,15.637216575449385,3.6344755970924183,-1.433,22.463768115942027,15.637216575449385,53.07155183324614,57,11,31,15,-0.0175,False
YGG,2026-08-02T11:16:27.494Z,2026-08-02T11:16:27.494716Z,2026-08-02T13:16:27.494716Z,7418.69741,7,0.01812,11.037527593818533,3.5535813436979544,-0.166,22.82608695652174,11.037527593818533,51.47724979867252,0,0,0,0,,False
1INCH,2026-08-02T11:22:02.960Z,2026-08-02T11:22:02.961243Z,2026-08-02T13:22:02.961243Z,7683.525936,7,0.0813,24.600246002460732,3.9711191335740046,1.963,5.797101449275362,24.600246002460732,69.35225035154482,0,0,0,0,,False
A,2026-08-02T11:22:10.523Z,2026-08-02T11:22:10.523700Z,2026-08-02T13:22:10.523700Z,7675.963479,7,0.06420000000000001,62.30529595015538,3.129890453834119,2.077,0.7246376811594203,62.30529595015538,50.85348737484072,0,0,0,0,,False
ANIME,2026-08-02T11:22:22.986Z,2026-08-02T11:22:22.987327Z,2026-08-02T13:22:22.987327Z,7663.499852,7,0.002425,41.23711340206196,3.278688524590155,-0.813,4.3478260869565215,41.23711340206196,62.007840607034105,0,0,0,0,,False
AUCTION,2026-08-02T11:22:30.082Z,2026-08-02T11:22:30.082794Z,2026-08-02T13:22:30.082794Z,7656.404385,7,2.982,20.120724346075733,2.0181634712411576,-1.751,6.159420289855072,20.120724346075733,43.12139223293806,0,0,0,0,,False
BTC,2026-08-02T11:22:42.167Z,2026-08-02T11:22:42.168106Z,2026-08-02T13:22:42.168106Z,7644.319073,7,63035.965,0.001586395956980633,2.1388793325879427,0.288,100.0,0.001586395956980633,68.79221053439113,41,22,12,7,-0.0244,False
COMP,2026-08-02T11:22:55.037Z,2026-08-02T11:22:55.037816Z,2026-08-02T13:22:55.037816Z,7631.449363,7,16.48,24.271844660193658,1.2665862484921644,0.546,2.898550724637681,24.271844660193658,47.88032701777353,63,28,20,15,0.0635,False
CYBER,2026-08-02T11:23:01.558Z,2026-08-02T11:23:01.558505Z,2026-08-02T13:23:01.558505Z,7624.928674,7,0.3025,33.05785123966945,2.317880794701989,-0.984,0.36231884057971014,33.05785123966945,42.90097500072027,0,0,0,0,,False
DOLO,2026-08-02T11:23:08.386Z,2026-08-02T11:23:08.386686Z,2026-08-02T13:23:08.386686Z,7618.100493,7,0.021894999999999998,13.701758392326457,2.193187120858601,1.228,4.7101449275362315,13.701758392326457,45.18307789011544,0,0,0,0,,False
ETH,2026-08-02T11:23:12.998Z,2026-08-02T11:23:12.999029Z,2026-08-02T13:23:12.999029Z,7613.48815,7,1854.455,0.053924198753762725,3.3460746839165028,0.102,99.6376811594203,0.053924198753762725,63.42993760070654,38,21,13,4,0.6053,False
HOLO,2026-08-02T11:23:55.723Z,2026-08-02T11:23:55.723510Z,2026-08-02T13:23:55.723510Z,7570.763669,7,0.06509999999999999,30.721966205835926,5.799373040752344,-5.341,10.869565217391305,30.721966205835926,52.765185143104226,3,1,0,2,-1.0,False
NXPC,2026-08-02T11:24:22.493Z,2026-08-02T11:24:22.493649Z,2026-08-02T13:24:22.493649Z,7543.99353,7,0.2435,24.64065708418848,3.1390134529148033,-2.581,9.782608695652174,24.64065708418848,52.949696882031226,0,0,0,0,,False
PROVE,2026-08-02T11:24:35.707Z,2026-08-02T11:24:35.708150Z,2026-08-02T13:24:35.708150Z,7530.779029,7,0.16745,5.971931919977112,3.6686390532544437,-1.63,11.594202898550725,5.971931919977112,58.80907276318271,0,0,0,0,,False
RARE,2026-08-02T11:24:40.398Z,2026-08-02T11:24:40.398797Z,2026-08-02T13:24:40.398797Z,7526.088382,7,0.011855000000000001,8.435259384227184,2.609427609427605,-0.669,12.681159420289855,8.435259384227184,62.04877646651326,0,0,0,0,,False
RED,2026-08-02T11:24:45.568Z,2026-08-02T11:24:45.569137Z,2026-08-02T13:24:45.569137Z,7520.918042,7,0.0881,22.701475595914385,3.36700336700337,-0.669,9.057971014492754,22.701475595914385,64.11443041228266,0,0,0,0,,False
RPL,2026-08-02T11:24:52.105Z,2026-08-02T11:24:52.105317Z,2026-08-02T13:24:52.105317Z,7514.381862,7,1.5550000000000002,64.30868167202577,3.1645569620253196,1.282,6.521739130434782,64.30868167202577,66.58685447207701,0,0,0,0,,True
SIGN,2026-08-02T11:24:59.483Z,2026-08-02T11:24:59.484020Z,2026-08-02T13:24:59.484020Z,7507.003159,7,0.0069700000000000005,28.69440459110481,3.5139092240117096,-1.727,8.333333333333334,28.69440459110481,46.107366084989515,0,0,0,0,,False
SOL,2026-08-02T11:25:05.289Z,2026-08-02T11:25:05.290208Z,2026-08-02T13:25:05.290208Z,7501.196971,7,72.85499999999999,1.3725893898847186,4.201336788978309,0.562,98.91304347826087,1.3725893898847186,64.92641238130764,29,27,1,1,0.5172,False
SOPH,2026-08-02T11:25:11.947Z,2026-08-02T11:25:11.947515Z,2026-08-02T13:25:11.947515Z,7494.539664,7,0.003905,25.60819462228031,3.0534351145038245,-2.239,6.884057971014493,25.60819462228031,52.25472078430292,0,0,0,0,,
STEEM,2026-08-02T11:25:17.323Z,2026-08-02T11:25:17.323349Z,2026-08-02T13:25:17.323349Z,7489.16383,7,0.035864999999999994,13.94116826990142,2.4463991203958266,-1.729,7.608695652173913,13.94116826990142,53.801316911076974,0,0,0,0,,False
UMA,2026-08-02T11:25:23.815Z,2026-08-02T11:25:23.815586Z,2026-08-02T13:25:23.815586Z,7482.671593,7,0.337,59.347181008902126,3.2448377581120806,-2.023,2.1739130434782608,59.347181008902126,38.23368499900604,1,0,0,1,1.0,False
USD1,2026-08-02T11:25:27.738Z,2026-08-02T11:25:27.738408Z,2026-08-02T13:25:27.738408Z,7478.748771,7,0.99925,1.0007505629220814,0.04003202562049199,0.01,99.27536231884058,1.0007505629220814,72.30441806068364,0,0,0,0,,False
VELODROME,2026-08-02T11:25:35.378Z,2026-08-02T11:25:35.378955Z,2026-08-02T13:25:35.378955Z,7471.108224,7,0.01622,49.32182490752171,3.1363088057901063,-3.041,7.246376811594203,49.32182490752171,38.24241585307675,0,0,0,0,,
WAL,2026-08-02T11:25:42.273Z,2026-08-02T11:25:42.273509Z,2026-08-02T13:25:42.273509Z,7464.21367,7,0.025349999999999998,39.44773175542383,3.9370078740157513,-1.55,12.318840579710145,39.44773175542383,65.19368182582903,0,0,0,0,,False
YB,2026-08-02T11:25:56.363Z,2026-08-02T11:25:56.363510Z,2026-08-02T13:25:56.363510Z,7450.123669,7,0.06525,15.32567049808473,2.607361963190195,-0.458,5.072463768115942,15.32567049808473,59.42203602856494,0,0,0,0,,True
AAVE,2026-08-02T11:31:38.183Z,2026-08-02T11:31:38.183393Z,2026-08-02T13:31:38.183393Z,7707.847987,7,90.945,3.2986970146777645,4.177091265093009,1.066,92.02898550724638,3.2986970146777645,60.633075840347956,28,27,1,0,0.7143,False
ADA,2026-08-02T11:31:42.998Z,2026-08-02T11:31:42.998858Z,2026-08-02T13:31:42.998858Z,7703.032522,7,0.18955,5.275652862041097,9.941520467836256,9.107,97.82608695652173,5.275652862041097,76.17347063681608,30,18,11,1,0.7667,False
AVAX,2026-08-02T11:31:48.684Z,2026-08-02T11:31:48.684770Z,2026-08-02T13:31:48.684770Z,7697.34661,7,6.5625,1.5238095238086793,9.749471777844851,4.15,94.20289855072464,1.5238095238086793,70.87369338089661,11,2,4,5,0.2727,False
BNB,2026-08-02T11:31:57.970Z,2026-08-02T11:31:57.970257Z,2026-08-02T13:31:57.970257Z,7688.061123,7,581.675,0.1719173077748039,2.1533028167806854,-0.285,98.55072463768116,0.1719173077748039,59.363248164610724,6,3,3,0,0.6667,False
COTI,2026-08-02T11:32:02.972Z,2026-08-02T11:32:02.973203Z,2026-08-02T13:32:02.973203Z,7683.058177,7,0.013489999999999999,29.651593773165388,22.92284866468842,-7.734,88.04347826086956,29.651593773165388,52.58107001509399,3,3,0,0,1.0,False
DOGE,2026-08-02T11:32:08.682Z,2026-08-02T11:32:08.682864Z,2026-08-02T13:32:08.682864Z,7677.348516,7,0.069995,1.4286734766783342,4.135767256132344,0.473,91.66666666666667,1.4286734766783342,65.23225912920996,30,10,10,10,0.3,False
ENA,2026-08-02T11:32:14.185Z,2026-08-02T11:32:14.185870Z,2026-08-02T13:32:14.185870Z,7671.84551,7,0.08815,11.344299489506847,11.738148984198652,9.113,95.28985507246377,11.344299489506847,61.25726100188579,3,1,2,0,0.6667,False
EPIC,2026-08-02T11:32:21.360Z,2026-08-02T11:32:21.360600Z,2026-08-02T13:32:21.360600Z,7664.67078,7,0.89545,21.218381819197194,21.250430984944256,10.307,88.40579710144928,21.218381819197194,57.02821376604055,0,0,0,0,,False
EUR,2026-08-02T11:32:25.721Z,2026-08-02T11:32:25.722261Z,2026-08-02T13:32:25.722261Z,7660.309119,7,1.1527500000000002,0.8674907829103359,0.14745424581490457,0.017,95.65217391304348,0.8674907829103359,67.13300997510862,0,0,0,0,,False
FDUSD,2026-08-02T11:32:28.837Z,2026-08-02T11:32:28.838111Z,2026-08-02T13:32:28.838111Z,7657.193269,7,0.99735,1.002657041158961,0.06015640665731351,0.02,96.3768115942029,1.002657041158961,63.08512220625299,0,0,0,0,,False
FET,2026-08-02T11:32:33.864Z,2026-08-02T11:32:33.864910Z,2026-08-02T13:32:33.864910Z,7652.16647,7,0.14105,7.089684509040534,4.421052631578948,1.136,86.59420289855072,7.089684509040534,66.92040665634552,3,2,1,0,0.3333,False
GIGGLE,2026-08-02T11:32:39.320Z,2026-08-02T11:32:39.320650Z,2026-08-02T13:32:39.320650Z,7646.71073,7,44.475,11.242270938728984,26.679697043733192,-14.676,93.1159420289855,11.242270938728984,48.92237097147919,1,0,0,1,1.0,False
HOME,2026-08-02T11:32:44.131Z,2026-08-02T11:32:44.131953Z,2026-08-02T13:32:44.131953Z,7641.899427,7,0.00775,25.806451612903295,36.39705882352941,36.227,89.4927536231884,25.806451612903295,77.28868521498515,6,5,1,0,1.0,False
INJ,2026-08-02T11:32:49.801Z,2026-08-02T11:32:49.801425Z,2026-08-02T13:32:49.801425Z,7636.229955,7,4.9215,2.031900843237724,2.7322404371584836,0.693,86.95652173913044,2.031900843237724,64.0543654776034,18,15,2,1,0.6111,False
KAITO,2026-08-02T11:32:55.291Z,2026-08-02T11:32:55.292318Z,2026-08-02T13:32:55.292318Z,7630.739062,7,1.1317,12.370769638597402,15.286347440688273,4.571,89.85507246376811,12.370769638597402,60.699638280419606,1,1,0,0,1.0,False
LINK,2026-08-02T11:33:00.067Z,2026-08-02T11:33:00.067354Z,2026-08-02T13:33:00.067354Z,7625.964026,7,8.281500000000001,1.2075107166569408,6.27684964200477,3.418,94.56521739130434,1.2075107166569408,66.9952501575669,34,31,2,1,0.7059,False
LTC,2026-08-02T11:33:05.924Z,2026-08-02T11:33:05.924927Z,2026-08-02T13:33:05.924927Z,7620.106453,7,44.595,2.242403856934188,2.8379888268156335,0.743,90.94202898550725,2.242403856934188,58.54969078375457,8,2,4,2,0.125,False
ORDI,2026-08-02T11:33:18.601Z,2026-08-02T11:33:18.601464Z,2026-08-02T13:33:18.601464Z,7607.429916,7,3.5675,2.8030833917305955,6.753031973539131,2.255,86.23188405797102,2.8030833917305955,50.558370633434315,6,1,1,4,-0.5,False
PENGU,2026-08-02T11:33:23.360Z,2026-08-02T11:33:23.360572Z,2026-08-02T13:33:23.360572Z,7602.670808,7,0.006198,6.453694740238244,5.307262569832394,1.909,90.21739130434783,6.453694740238244,59.31937758915604,36,34,1,1,0.7778,False
PEPE,2026-08-02T11:33:28.922Z,2026-08-02T11:33:28.923110Z,2026-08-02T13:33:28.923110Z,7597.10827,7,2.885e-06,34.66204506065825,8.24742268041238,5.435,93.84057971014492,34.66204506065825,73.1035541972863,9,8,0,1,1.0,False
PUMP,2026-08-02T11:33:33.800Z,2026-08-02T11:33:33.800260Z,2026-08-02T13:33:33.800260Z,7592.23112,7,0.0021384999999999998,4.67617488893944,11.106053709603998,0.641,92.7536231884058,4.67617488893944,63.52579766630746,32,32,0,0,0.75,False
SHIB,2026-08-02T11:33:39.409Z,2026-08-02T11:33:39.410255Z,2026-08-02T13:33:39.410255Z,7586.621125,7,4.985e-06,20.060180541624685,7.4297188755020045,2.049,87.31884057971014,20.060180541624685,66.8288884128911,24,3,19,2,0.875,False
SUI,2026-08-02T11:33:44.493Z,2026-08-02T11:33:44.493561Z,2026-08-02T13:33:44.493561Z,7581.537819,7,0.68615,1.457407272462129,4.478260869565223,0.833,96.73913043478261,1.457407272462129,58.210413503090685,10,7,3,0,0.8,False
APT,2026-08-02T11:40:09.823Z,2026-08-02T11:40:09.823268Z,2026-08-02T13:40:09.823268Z,7795.441583,7,0.5615000000000001,17.80943900267143,4.262877442273519,1.077,81.8840579710145,17.80943900267143,69.96741458065888,3,0,2,1,0.3333,False
ARB,2026-08-02T11:40:15.827Z,2026-08-02T11:40:15.828424Z,2026-08-02T13:40:15.828424Z,7789.436427,7,0.08115,12.322858903264201,6.372549019607838,4.615,81.15942028985508,12.322858903264201,76.69352554918792,9,8,1,0,0.5556,False
CHZ,2026-08-02T11:40:29.186Z,2026-08-02T11:40:29.186345Z,2026-08-02T13:40:29.186345Z,7776.078506,7,0.012865,7.773027594247643,3.5019455252918212,-1.002,74.6376811594203,7.773027594247643,73.99735678588681,3,2,1,0,1.0,False
DOT,2026-08-02T11:40:34.139Z,2026-08-02T11:40:34.139701Z,2026-08-02T13:40:34.139701Z,7771.12515,7,0.7995000000000001,12.507817385866176,4.671717171717176,3.665,85.14492753623189,12.507817385866176,64.39325580322827,11,7,4,0,0.8182,False
HBAR,2026-08-02T11:41:05.555Z,2026-08-02T11:41:05.556430Z,2026-08-02T13:41:05.556430Z,7739.708421,7,0.070295,1.4225762856527666,2.845295967972556,0.129,83.69565217391305,1.4225762856527666,69.08070156711496,3,2,1,0,0.6667,False
HYPER,2026-08-02T11:41:12.135Z,2026-08-02T11:41:12.135806Z,2026-08-02T13:41:12.135806Z,7733.129045,7,0.0689,29.027576197388345,38.14285714285713,23.023,80.79710144927536,29.027576197388345,67.51813253552808,5,4,0,1,0.2,False
ICP,2026-08-02T11:41:17.620Z,2026-08-02T11:41:17.620195Z,2026-08-02T13:41:17.620195Z,7727.644656,7,2.0694999999999997,4.832085044696255,3.8386783284742343,-0.387,82.97101449275362,4.832085044696255,57.89510574161265,8,5,3,0,0.5,False
LDO,2026-08-02T11:41:28.708Z,2026-08-02T11:41:28.709009Z,2026-08-02T13:41:28.709009Z,7716.555842,7,0.323,6.191950464395603,5.404570722668302,-2.879,84.05797101449275,6.191950464395603,59.542458967144825,1,0,1,0,1.0,False
MIRA,2026-08-02T11:41:40.845Z,2026-08-02T11:41:40.845747Z,2026-08-02T13:41:40.845747Z,7704.419104,7,0.0417,47.961630695443354,5.515587529976011,-2.57,81.52173913043478,47.961630695443354,54.092657037235455,0,0,0,0,,False
MMT,2026-08-02T11:41:46.675Z,2026-08-02T11:41:46.675434Z,2026-08-02T13:41:46.675434Z,7698.589417,7,0.17025,17.62114537444903,15.162037037037038,-10.0,80.43478260869566,17.62114537444903,44.6491045898899,0,0,0,0,,False
OP,2026-08-02T11:41:57.509Z,2026-08-02T11:41:57.509522Z,2026-08-02T13:41:57.509522Z,7687.755329,7,0.08555,11.689070718876563,4.784130688448082,0.587,79.34782608695652,11.689070718876563,70.97906652334787,62,56,5,1,0.8387,False
PENDLE,2026-08-02T11:42:05.160Z,2026-08-02T11:42:05.161236Z,2026-08-02T13:42:05.161236Z,7680.103615,7,1.3765,7.264802034145382,3.7735849056603645,-2.546,74.27536231884058,7.264802034145382,65.42325976203392,0,0,0,0,,False
RENDER,2026-08-02T11:42:17.096Z,2026-08-02T11:42:17.096629Z,2026-08-02T13:42:17.096629Z,7668.168222,7,1.3695,7.301935012779204,2.8508771929824506,-0.509,73.18840579710145,7.301935012779204,72.34084117013379,1,1,0,0,1.0,False
TRUMP,2026-08-02T11:42:35.188Z,2026-08-02T11:42:35.188991Z,2026-08-02T13:42:35.188991Z,7650.07586,7,1.4485000000000001,6.903693476010437,3.944636678200703,1.689,78.6231884057971,6.903693476010437,70.13358564494449,5,2,2,1,0.6,False
CFX,2026-08-02T11:49:35.593Z,2026-08-02T11:49:35.593409Z,2026-08-02T13:49:35.593409Z,7229.671442,7,0.041870000000000004,4.776689754000283,4.939155332856126,-0.499,67.3913043478261,4.776689754000283,51.02705540957232,0,0,0,0,,False
GALA,2026-08-02T11:50:02.219Z,2026-08-02T11:50:02.219945Z,2026-08-02T13:50:02.219945Z,7203.044906,7,0.0017755000000000002,5.6322162771045665,3.5673839184597904,-1.451,69.56521739130434,5.6322162771045665,66.54186747956602,0,0,0,0,,False
HEI,2026-08-02T11:50:08.367Z,2026-08-02T11:50:08.367376Z,2026-08-02T13:50:08.367376Z,7798.09082,7,0.08255000000000001,12.113870381587262,25.029940119760465,2.58,70.65217391304348,12.113870381587262,64.4717503215839,1,0,0,1,1.0,False
JTO,2026-08-02T11:50:13.770Z,2026-08-02T11:50:13.770498Z,2026-08-02T13:50:13.770498Z,7792.687698,7,0.48505,6.184929388723275,4.973284011508426,-3.624,65.57971014492753,6.184929388723275,51.56940717407188,0,0,0,0,,False
PAXG,2026-08-02T11:50:49.751Z,2026-08-02T11:50:49.751591Z,2026-08-02T13:50:49.751591Z,7756.706605,7,4056.915,0.024649271676183204,0.5933072380032071,0.332,60.507246376811594,0.024649271676183204,71.86919376766788,2,2,0,0,1.0,False
POL,2026-08-02T11:50:55.622Z,2026-08-02T11:50:55.622572Z,2026-08-02T13:50:55.622572Z,7750.835624,7,0.07289000000000001,2.743860611881756,2.223142778238056,0.055,66.66666666666667,2.743860611881756,44.09468846634594,60,53,5,2,0.9667,False
SEI,2026-08-02T11:51:27.253Z,2026-08-02T11:51:27.253660Z,2026-08-02T13:51:27.253660Z,7719.204536,7,0.041249999999999995,4.848484848484651,3.1370656370656267,0.048,67.02898550724638,4.848484848484651,74.36059980621859,0,0,0,0,,False
TIA,2026-08-02T11:51:38.963Z,2026-08-02T11:51:38.963656Z,2026-08-02T13:51:38.963656Z,7707.49454,7,0.32705,9.172909341078334,4.776484996938135,-0.669,64.1304347826087,9.172909341078334,63.81034433641487,28,6,20,2,0.1071,False
TLM,2026-08-02T11:51:44.229Z,2026-08-02T11:51:44.229451Z,2026-08-02T13:51:44.229451Z,7702.228745,7,0.001641,12.187690432663306,5.405405405405403,-0.55,70.28985507246377,12.187690432663306,63.28580211610019,0,0,0,0,,False
TST,2026-08-02T11:51:52.415Z,2026-08-02T11:51:52.416126Z,2026-08-02T13:51:52.416126Z,7694.04207,7,0.011130000000000001,17.969451931716907,10.991957104557642,-4.685,64.4927536231884,17.969451931716907,64.42699238191082,1,1,0,0,1.0,False
VET,2026-08-02T11:52:06.239Z,2026-08-02T11:52:06.239308Z,2026-08-02T13:52:06.239308Z,7680.218888,7,0.004701,8.508827908954824,2.9161345253299267,-0.656,61.594202898550726,8.508827908954824,69.48103414155848,4,3,1,0,1.0,False
ZKC,2026-08-02T11:52:22.778Z,2026-08-02T11:52:22.779021Z,2026-08-02T13:52:22.779021Z,7663.679175,7,0.03775,26.490066225166323,4.774535809018576,0.266,58.333333333333336,26.490066225166323,64.6444715852315,0,0,0,0,,False
ETHFI,2026-08-02T11:58:50.887Z,2026-08-02T11:58:50.887859Z,2026-08-02T13:58:50.887859Z,7275.570337,7,0.40280000000000005,9.930486593843382,6.240676280457486,0.0,56.52173913043478,9.930486593843382,61.93476922007631,0,0,0,0,,False
FIL,2026-08-02T11:58:56.930Z,2026-08-02T11:58:56.930475Z,2026-08-02T13:58:56.930475Z,7269.527721,7,0.7193,16.682886139301804,3.8886557560497885,0.633,55.072463768115945,16.682886139301804,73.4902838205926,2,1,1,0,0.0,False
STX,2026-08-02T12:00:58.326Z,2026-08-02T12:00:58.326477Z,2026-08-02T14:00:58.326477Z,7747.881991,7,0.14005,7.1403070332016405,4.157706093189963,2.649,53.26086956521739,7.1403070332016405,74.30596484146703,64,28,27,9,0.4219,False
TOWNS,2026-08-02T12:01:11.618Z,2026-08-02T12:01:11.619248Z,2026-08-02T14:01:11.619248Z,7734.58922,7,0.002005,49.87531172069839,6.435643564356421,2.02,46.3768115942029,49.87531172069839,67.22131667447586,0,0,0,0,,False
TURBO,2026-08-02T12:01:22.861Z,2026-08-02T12:01:22.861811Z,2026-08-02T14:01:22.861811Z,7723.346657,7,0.0008025,12.461059190031454,4.00500625782228,-0.374,44.20289855072464,12.461059190031454,54.855032017447456,0,0,0,0,,False
VANRY,2026-08-02T12:01:30.593Z,2026-08-02T12:01:30.593278Z,2026-08-02T14:01:30.593278Z,7715.61519,7,0.003764,42.507970244421855,7.202944269190324,-2.537,42.7536231884058,42.507970244421855,59.114442839379684,62,8,48,6,-0.3226,False
XTZ,2026-08-02T12:01:37.761Z,2026-08-02T12:01:37.761662Z,2026-08-02T14:01:37.761662Z,7708.446806,7,0.20045000000000002,4.988775255675567,3.153153153153153,-0.794,51.08695652173913,4.988775255675567,51.19494034146853,43,25,14,4,0.5581,False
2Z,2026-08-02T12:07:17.708Z,2026-08-02T12:07:17.709010Z,2026-08-02T14:07:17.709010Z,7368.499458,7,0.055150000000000005,10.879419764278794,3.2065217391304364,-1.376,32.608695652173914,10.879419764278794,51.09948104364024,0,0,0,0,,
MEME,2026-08-02T12:09:17.398Z,2026-08-02T12:09:17.398601Z,2026-08-02T14:09:17.398601Z,7248.809867,7,0.0005035,19.860973187686678,3.366336633663384,-1.174,40.21739130434783,19.860973187686678,60.61088360504821,47,34,11,2,0.9149,False
SOMI,2026-08-02T12:10:28.267Z,2026-08-02T12:10:28.268046Z,2026-08-02T14:10:28.268046Z,7777.319112,7,0.0838,23.866348448688033,4.270462633451948,-1.404,41.30434782608695,23.866348448688033,37.41489949421115,0,0,0,0,,False
1000CAT,2026-08-02T12:16:16.586Z,2026-08-02T12:16:16.586936Z,2026-08-02T14:16:16.586936Z,7429.000222,7,0.001375,72.72727272727292,7.194244604316534,0.725,16.304347826086957,72.72727272727292,60.73897890286005,6,4,1,1,0.5,False
COOKIE,2026-08-02T12:17:22.414Z,2026-08-02T12:17:22.414275Z,2026-08-02T14:17:22.414275Z,7363.172883,7,0.00775,129.03225806451536,3.846153846153856,0.0,26.81159420289855,129.03225806451536,59.09331540266364,0,0,0,0,,False
VANA,2026-08-02T12:19:42.766Z,2026-08-02T12:19:42.766435Z,2026-08-02T14:19:42.766435Z,7222.820723,7,0.864,23.14814814814817,4.701834862385326,-2.352,21.73913043478261,23.14814814814817,56.975956305434764,0,0,0,0,,False
ACT,2026-08-02T12:25:42.558Z,2026-08-02T12:25:42.558443Z,2026-08-02T14:25:42.558443Z,7463.719143,7,0.008799999999999999,45.45454545454558,3.9458850056369745,1.371,3.6231884057971016,45.45454545454558,37.42332640994782,1,0,1,0,1.0,False
BLUR,2026-08-02T12:26:00.162Z,2026-08-02T12:26:00.162718Z,2026-08-02T14:26:00.162718Z,7446.114868,7,0.013865,7.212405337179655,3.1700288184438,-1.49,12.681159420289855,7.212405337179655,58.360003534748714,0,0,0,0,,False
CATI,2026-08-02T12:26:20.450Z,2026-08-02T12:26:20.451094Z,2026-08-02T14:26:20.451094Z,7425.826492,7,0.036185,8.290728202294389,3.4653465346534573,-1.41,4.3478260869565215,8.290728202294389,49.44606187458123,0,0,0,0,,False
OSMO,2026-08-02T12:27:53.418Z,2026-08-02T12:27:53.419055Z,2026-08-02T14:27:53.419055Z,7332.858531,7,0.02715,36.83241252302003,4.02930402930403,0.0,13.043478260869565,36.83241252302003,61.00937134776125,11,6,2,3,-0.4545,False
BCH,2026-08-02T12:34:55.538Z,2026-08-02T12:34:55.538522Z,2026-08-02T14:34:55.538522Z,7511.723481,7,212.25,4.711425206125924,3.353802550779402,1.73,88.76811594202898,4.711425206125924,69.11718958243965,2,0,1,1,-1.0,False
NEAR,2026-08-02T12:36:00.813Z,2026-08-02T12:36:00.813644Z,2026-08-02T14:36:00.813644Z,7446.448359,7,1.6995,5.8840835539858185,4.98533724340177,2.835,96.01449275362319,5.8840835539858185,68.98951579233987,4,2,1,1,0.5,False
ONDO,2026-08-02T12:36:08.335Z,2026-08-02T12:36:08.335706Z,2026-08-02T14:36:08.335706Z,7438.926297,7,0.386,5.181347150258497,5.252210088403535,-0.44,89.1304347826087,5.181347150258497,64.6606251708748,2,1,1,0,1.0,False
1000SATS,2026-08-02T12:42:40.471Z,2026-08-02T12:42:40.471849Z,2026-08-02T14:42:40.471849Z,7646.045577,7,1.0475e-05,28.63961813842455,17.011278195488718,-8.512,82.2463768115942,28.63961813842455,60.56890643601463,14,6,6,2,0.1429,False
ALGO,2026-08-02T12:42:46.262Z,2026-08-02T12:42:46.262661Z,2026-08-02T14:42:46.262661Z,7640.254765,7,0.08385000000000001,11.926058437686684,4.176904176904177,2.005,80.07246376811594,11.926058437686684,72.21868945947736,5,3,2,0,0.6,False
ALLO,2026-08-02T12:42:52.290Z,2026-08-02T12:42:52.290554Z,2026-08-02T14:42:52.290554Z,7634.226872,7,0.25780000000000003,7.7579519006995135,9.60123886953155,-7.12,75.3623188405797,7.7579519006995135,45.80546109863894,64,7,53,4,-0.4219,False
ATOM,2026-08-02T12:43:06.102Z,2026-08-02T12:43:06.103020Z,2026-08-02T14:43:06.103020Z,7620.414406,7,1.2505,7.996801279487324,4.086538461538456,1.629,77.53623188405797,7.996801279487324,71.03976302093045,62,18,40,4,0.4194,False
BANK,2026-08-02T12:43:11.510Z,2026-08-02T12:43:11.510420Z,2026-08-02T14:43:11.510420Z,7615.007006,7,0.0464,43.10344827586181,22.29299363057324,-15.288,83.33333333333333,43.10344827586181,35.72614277522726,15,10,2,3,0.4667,False
DYDX,2026-08-02T12:43:25.494Z,2026-08-02T12:43:25.494771Z,2026-08-02T14:43:25.494771Z,7601.022655,7,0.11243,10.673307835987636,5.418107652744529,0.732,73.91304347826087,10.673307835987636,67.57021284244483,0,0,0,0,,False
ENSO,2026-08-02T12:43:30.738Z,2026-08-02T12:43:30.738613Z,2026-08-02T14:43:30.738613Z,7595.778813,7,0.9245000000000001,10.816657652785299,9.354120267260575,1.584,75.0,10.816657652785299,68.73186061776752,0,0,0,0,,False
ERA,2026-08-02T12:43:37.131Z,2026-08-02T12:43:37.131369Z,2026-08-02T14:43:37.131369Z,7589.386057,7,0.06515,15.349194167304526,6.838905775075994,-2.083,77.89855072463769,15.349194167304526,65.3629275558699,0,0,0,0,,False
JUP,2026-08-02T12:44:10.279Z,2026-08-02T12:44:10.279911Z,2026-08-02T14:44:10.279911Z,7556.237515,7,0.19655,5.087763927753191,5.715756951596291,1.146,85.5072463768116,5.087763927753191,75.75870463734097,64,17,44,3,0.6562,False
ROSE,2026-08-02T12:44:59.356Z,2026-08-02T12:44:59.356726Z,2026-08-02T14:44:59.356726Z,7507.1607,7,0.005690000000000001,35.14938488576459,6.822262118491923,3.34,78.98550724637681,35.14938488576459,59.62955509786765,64,25,33,6,0.6719,False
RUNE,2026-08-02T12:45:06.785Z,2026-08-02T12:45:06.785967Z,2026-08-02T14:45:06.785967Z,7499.731459,7,0.4435,22.547914317925613,3.6117381489842018,3.023,78.26086956521739,22.547914317925613,73.7515210191509,4,3,0,1,0.5,False
STRK,2026-08-02T12:45:12.278Z,2026-08-02T12:45:12.278445Z,2026-08-02T14:45:12.278445Z,7494.238981,7,0.024675000000000002,4.052684903748568,5.896805896805898,-3.44,73.55072463768116,4.052684903748568,59.602002896423116,7,6,0,1,0.1429,False
TUT,2026-08-02T12:45:24.205Z,2026-08-02T12:45:24.205763Z,2026-08-02T14:45:24.205763Z,7482.311663,7,0.01739,23.001725129383768,10.080183276059572,0.115,71.73913043478261,23.001725129383768,58.223051958195,0,0,0,0,,False
USDE,2026-08-02T12:45:30.362Z,2026-08-02T12:45:30.363083Z,2026-08-02T14:45:30.363083Z,7476.154343,7,0.99975,1.0002500625155186,0.04000800160031566,-0.03,76.81159420289855,1.0002500625155186,56.51404446786256,0,0,0,0,,False
WIF,2026-08-02T12:45:41.853Z,2026-08-02T12:45:41.854133Z,2026-08-02T14:45:41.854133Z,7464.663293,7,0.14015,7.135212272564322,4.935622317596558,-1.201,77.17391304347827,7.135212272564322,64.34835067731036,6,2,2,2,0.3333,False
WLD,2026-08-02T12:45:47.703Z,2026-08-02T12:45:47.703688Z,2026-08-02T14:45:47.703688Z,7458.813738,7,0.3147,6.355258976804369,8.920634920634924,1.81,84.78260869565217,6.355258976804369,63.855391022196265,4,2,1,1,0.5,False
WLFI,2026-08-02T12:45:53.063Z,2026-08-02T12:45:53.063984Z,2026-08-02T14:45:53.063984Z,7453.453442,7,0.05605,17.84121320249704,3.9355992844364946,3.711,82.6086956521739,17.84121320249704,73.27211573687607,0,0,0,0,,False
XPL,2026-08-02T12:46:05.429Z,2026-08-02T12:46:05.429687Z,2026-08-02T14:46:05.429687Z,7441.087739,7,0.07688,5.2029136316335025,6.462674756001058,0.584,72.82608695652173,5.2029136316335025,55.60658456872629,0,0,0,0,,False
ZEN,2026-08-02T12:46:10.658Z,2026-08-02T12:46:10.658375Z,2026-08-02T14:46:10.658375Z,7435.859051,7,4.112,4.8638132295736085,4.997538158542586,1.423,75.72463768115942,4.8638132295736085,69.55408999595036,1,1,0,0,1.0,False
0G,2026-08-02T12:51:45.419Z,2026-08-02T12:51:45.419915Z,2026-08-02T14:51:45.419915Z,7701.724851,7,0.1415,70.67137809187285,5.5944055944056,-0.694,62.68115942028985,70.67137809187285,49.657569229746606,0,0,0,0,,False
APE,2026-08-02T12:51:51.150Z,2026-08-02T12:51:51.151098Z,2026-08-02T14:51:51.151098Z,7695.993668,7,0.13105,7.630675314764516,2.5075987841945273,-1.053,68.84057971014492,7.630675314764516,65.20432300213396,20,15,4,1,0.9,False
ASTER,2026-08-02T12:51:58.380Z,2026-08-02T12:51:58.380761Z,2026-08-02T14:51:58.380761Z,7688.764005,7,0.6034999999999999,16.57000828500416,1.4975041597337784,0.334,60.14492753623188,16.57000828500416,69.87804649150506,2,1,1,0,1.0,False
BABY,2026-08-02T12:52:03.774Z,2026-08-02T12:52:03.774540Z,2026-08-02T14:52:03.774540Z,7683.370226,7,0.011210000000000001,17.841213202498587,9.51965065502184,-7.362,63.768115942028984,17.841213202498587,63.10430039943981,3,1,1,1,0.3333,False
BANANA,2026-08-02T12:52:11.363Z,2026-08-02T12:52:11.363587Z,2026-08-02T14:52:11.363587Z,7675.781179,7,3.577,22.36511042773276,6.580427446569178,-0.809,61.231884057971016,22.36511042773276,55.70662152325033,0,0,0,0,,False
BONK,2026-08-02T12:52:22.485Z,2026-08-02T12:52:22.485313Z,2026-08-02T14:52:22.485313Z,7664.659453,7,2.915e-06,34.30531732418492,7.903780068728519,4.676,71.01449275362319,34.30531732418492,75.93055761791686,4,2,1,1,0.0,False
BROCCOLI714,2026-08-02T12:52:29.518Z,2026-08-02T12:52:29.518959Z,2026-08-02T14:52:29.518959Z,7657.625807,7,0.01318,15.17450682852877,21.929163526752067,-6.417,69.92753623188406,15.17450682852877,38.39104411448894,0,0,0,0,,True
CAKE,2026-08-02T12:52:35.467Z,2026-08-02T12:52:35.468139Z,2026-08-02T14:52:35.468139Z,7651.676627,7,1.4245,7.020007020007805,2.5263157894736863,0.992,65.94202898550725,7.020007020007805,73.49246743764199,14,3,8,3,0.4286,False
CRV,2026-08-02T12:52:47.179Z,2026-08-02T12:52:47.180070Z,2026-08-02T14:52:47.180070Z,7639.964696,7,0.20375,4.907975460123522,3.910068426197462,-0.535,69.20289855072464,4.907975460123522,51.023779160845706,0,0,0,0,,False
DOGS,2026-08-02T12:52:55.329Z,2026-08-02T12:52:55.329927Z,2026-08-02T14:52:55.329927Z,7631.814839,7,3.4529999999999996e-05,5.792064871125521,6.309973829601632,-1.15,57.971014492753625,5.792064871125521,39.08752300116984,2,0,0,2,-1.0,False
EDEN,2026-08-02T12:53:00.820Z,2026-08-02T12:53:00.820588Z,2026-08-02T14:53:00.820588Z,7626.324178,7,0.039905,17.541661445934245,8.904465212876417,5.188,62.31884057971015,17.541661445934245,76.85641252273359,1,1,0,0,1.0,False
EIGEN,2026-08-02T12:53:08.143Z,2026-08-02T12:53:08.143738Z,2026-08-02T14:53:08.143738Z,7619.001028,7,0.18705,16.038492381715837,9.718534253850244,3.976,66.30434782608695,16.038492381715837,77.09476534857117,2,1,0,1,0.5,False
KITE,2026-08-02T12:53:27.596Z,2026-08-02T12:53:27.596407Z,2026-08-02T14:53:27.596407Z,7599.548359,7,0.09315000000000001,10.73537305421394,3.850267379679151,-0.953,63.04347826086956,10.73537305421394,62.50440742464058,0,0,0,0,,False
NEIRO,2026-08-02T12:53:41.803Z,2026-08-02T12:53:41.803570Z,2026-08-02T14:53:41.803570Z,7585.341196,7,6.3335e-05,11.052340727876278,7.621951219512206,1.054,59.42028985507246,11.052340727876278,53.180309112784805,43,30,13,0,0.907,False
REZ,2026-08-02T12:54:10.125Z,2026-08-02T12:54:10.125838Z,2026-08-02T14:54:10.125838Z,7557.018928,7,0.002735,14.625228519194382,11.313732787495349,5.58,56.88405797101449,14.625228519194382,73.37381395035224,61,15,42,4,0.1803,False
RSR,2026-08-02T12:54:24.040Z,2026-08-02T12:54:24.041173Z,2026-08-02T14:54:24.041173Z,7543.103593,7,0.0012989999999999998,15.396458814473048,7.392996108949419,1.501,68.47826086956522,15.396458814473048,62.46899329595065,0,0,0,0,,False
S,2026-08-02T12:54:31.547Z,2026-08-02T12:54:31.547494Z,2026-08-02T14:54:31.547494Z,7535.597272,7,0.021580000000000002,9.267840593143028,4.909680407596118,-3.4,57.608695652173914,9.267840593143028,58.43615217803274,0,0,0,0,,
SAGA,2026-08-02T12:54:37.488Z,2026-08-02T12:54:37.488437Z,2026-08-02T14:54:37.488437Z,7529.656329,7,0.013345,7.493443237168473,8.964451313755806,4.608,65.21739130434783,7.493443237168473,67.05921967483626,3,2,1,0,1.0,False
SYRUP,2026-08-02T12:54:49.530Z,2026-08-02T12:54:49.530965Z,2026-08-02T14:54:49.530965Z,7517.613801,7,0.15305000000000002,6.533812479582929,3.104786545924967,-2.645,60.869565217391305,6.533812479582929,52.22661880930968,0,0,0,0,,False
TWT,2026-08-02T12:55:10.949Z,2026-08-02T12:55:10.949716Z,2026-08-02T14:55:10.949716Z,7496.19505,7,0.38175,23.57563850687654,6.392454807440407,2.58,67.7536231884058,23.57563850687654,68.7145473440658,3,2,0,1,-1.0,False
ZBT,2026-08-02T12:55:27.839Z,2026-08-02T12:55:27.839561Z,2026-08-02T14:55:27.839561Z,7479.305205,7,0.12125,8.247422680412608,10.891089108910883,4.393,61.95652173913044,8.247422680412608,66.91723783932933,1,1,0,0,1.0,False
1000CHEEMS,2026-08-02T13:01:11.427Z,2026-08-02T13:01:11.427493Z,2026-08-02T15:01:11.427493Z,7735.472317,7,0.0004835,20.68252326783918,3.7113402061855565,0.622,49.27536231884058,20.68252326783918,64.98162735612696,9,6,2,1,0.5556,False
AR,2026-08-02T13:01:30.936Z,2026-08-02T13:01:30.936389Z,2026-08-02T15:01:30.936389Z,7715.963421,7,1.746,11.454753722794969,3.887935963407665,0.517,49.63768115942029,11.454753722794969,72.7969802105419,0,0,0,0,,False
BARD,2026-08-02T13:01:36.696Z,2026-08-02T13:01:36.696326Z,2026-08-02T15:01:36.696326Z,7710.203484,7,0.1075,18.60465116279123,5.1948051948051885,-4.007,47.10144927536232,18.60465116279123,52.813800577160976,0,0,0,0,,False
DASH,2026-08-02T13:01:56.165Z,2026-08-02T13:01:56.165254Z,2026-08-02T15:01:56.165254Z,7690.734556,7,31.25,12.799999999999727,3.5554131966688005,-0.16,51.81159420289855,12.799999999999727,52.68884625129601,1,0,1,0,1.0,False
ENJ,2026-08-02T13:02:01.504Z,2026-08-02T13:02:01.504593Z,2026-08-02T15:02:01.504593Z,7685.395217,7,0.02476,8.077544426494017,2.505050505050501,-1.04,48.91304347826087,8.077544426494017,51.829303558121076,3,1,1,1,1.0,False
FLOKI,2026-08-02T13:02:17.070Z,2026-08-02T13:02:17.070489Z,2026-08-02T15:02:17.070489Z,7669.829321,7,2.0475e-05,4.884004884005664,4.113614103819795,-0.293,50.36231884057971,4.884004884005664,70.239168768487,7,6,1,0,1.0,False
HEMI,2026-08-02T13:02:31.351Z,2026-08-02T13:02:31.351679Z,2026-08-02T15:02:31.351679Z,7655.548131,7,0.004765,20.986358866735767,3.36842105263157,0.849,48.55072463768116,20.986358866735767,71.35485783509881,0,0,0,0,,False
HUMA,2026-08-02T13:02:38.635Z,2026-08-02T13:02:38.635932Z,2026-08-02T15:02:38.635932Z,7648.263878,7,0.018415,16.291067064892086,3.4464751958224586,-0.674,50.72463768115942,16.291067064892086,45.68063025377848,0,0,0,0,,False
IMX,2026-08-02T13:02:45.541Z,2026-08-02T13:02:45.541445Z,2026-08-02T15:02:45.541445Z,7641.358365,7,0.11124999999999999,8.988764044944078,3.5779816513761347,-0.274,44.927536231884055,8.988764044944078,64.01052573333698,30,12,11,7,0.2667,False
INIT,2026-08-02T13:02:52.374Z,2026-08-02T13:02:52.374393Z,2026-08-02T15:02:52.374393Z,7634.525417,7,0.04995,20.020020020020592,4.990019960079831,0.401,46.01449275362319,20.020020020020592,64.56340267072622,0,0,0,0,,False
KERNEL,2026-08-02T13:02:59.195Z,2026-08-02T13:02:59.195626Z,2026-08-02T15:02:59.195626Z,7627.704184,7,0.03195,31.298904538342057,6.269592476489034,-1.238,52.17391304347826,31.298904538342057,46.23954454716512,0,0,0,0,,False
MET,2026-08-02T13:03:11.894Z,2026-08-02T13:03:11.894451Z,2026-08-02T15:03:11.894451Z,7615.005359,7,0.1612,24.813895781636706,6.793145654834761,-4.22,54.710144927536234,24.813895781636706,46.26204102199458,18,7,10,1,-0.2222,False
MORPHO,2026-08-02T13:03:17.288Z,2026-08-02T13:03:17.289157Z,2026-08-02T15:03:17.289157Z,7609.610653,7,1.9264999999999999,5.19076044640598,3.391572456320661,-1.218,52.89855072463768,5.19076044640598,63.16844615534205,0,0,0,0,,False
MUBARAK,2026-08-02T13:03:22.254Z,2026-08-02T13:03:22.254806Z,2026-08-02T15:03:22.254806Z,7604.645004,7,0.01243,16.09010458567915,10.810810810810812,-1.565,47.46376811594203,16.09010458567915,54.11734378975762,0,0,0,0,,False
ORCA,2026-08-02T13:03:35.939Z,2026-08-02T13:03:35.940035Z,2026-08-02T15:03:35.940035Z,7590.959775,7,1.0950000000000002,18.264840182648413,3.096539162112935,-1.436,46.73913043478261,18.264840182648413,60.4121347118919,1,1,0,0,1.0,False
PEOPLE,2026-08-02T13:03:40.778Z,2026-08-02T13:03:40.778831Z,2026-08-02T15:03:40.778831Z,7586.120979,7,0.00715,27.972027972028044,11.440677966101694,6.306,56.15942028985507,27.972027972028044,76.80479120039503,0,0,0,0,,False
PNUT,2026-08-02T13:03:46.171Z,2026-08-02T13:03:46.171403Z,2026-08-02T15:03:46.171403Z,7580.728407,7,0.0395,50.63291139240651,4.797979797979795,-0.503,48.18840579710145,50.63291139240651,65.44543467908687,65,12,48,5,0.2769,False
PYTH,2026-08-02T13:03:53.340Z,2026-08-02T13:03:53.340828Z,2026-08-02T15:03:53.340828Z,7573.558982,7,0.039925,17.5328741390108,5.287009063444103,1.172,47.82608695652174,17.5328741390108,66.96462465610506,6,5,0,1,1.0,False
SAHARA,2026-08-02T13:04:00.713Z,2026-08-02T13:04:00.713606Z,2026-08-02T15:04:00.713606Z,7566.186204,7,0.007835,12.763241863432793,11.18170266836087,0.127,53.6231884057971,12.763241863432793,69.64509229899362,0,0,0,0,,False
SAPIEN,2026-08-02T13:04:05.820Z,2026-08-02T13:04:05.820247Z,2026-08-02T15:04:05.820247Z,7561.079563,7,0.08155000000000001,12.26241569589244,4.512195121951213,0.985,45.289855072463766,12.26241569589244,58.33718618503795,0,0,0,0,,False
SNX,2026-08-02T13:04:17.433Z,2026-08-02T13:04:17.433984Z,2026-08-02T15:04:17.433984Z,7549.465826,7,0.2115,47.2813238770686,4.694835680751178,-2.294,43.84057971014493,47.2813238770686,53.31434218903728,1,1,0,0,1.0,False
THE,2026-08-02T13:04:33.704Z,2026-08-02T13:04:33.705024Z,2026-08-02T15:04:33.705024Z,7533.194786,7,0.05115,19.55034213098785,4.101562500000009,0.589,50.0,19.55034213098785,62.09611029294547,25,15,4,6,0.52,False
TRB,2026-08-02T13:04:48.743Z,2026-08-02T13:04:48.743992Z,2026-08-02T15:04:48.743992Z,7518.155818,7,13.504999999999999,7.404664938911357,2.0740740740740695,-0.735,54.34782608695652,7.404664938911357,68.25921809073226,0,0,0,0,,False
ZK,2026-08-02T13:05:10.028Z,2026-08-02T13:05:10.028425Z,2026-08-02T15:05:10.028425Z,7496.871385,7,0.007775,12.86173633440462,3.6848792884370956,0.768,55.79710144927536,12.86173633440462,46.559586994292026,1,0,1,0,1.0,False
ACH,2026-08-02T13:10:50.891Z,2026-08-02T13:10:50.891578Z,2026-08-02T15:10:50.891578Z,7754.925626,7,0.004365,22.90950744558899,5.275229357798169,-4.803,39.85507246376812,22.90950744558899,28.756352714824843,2,1,0,1,0.0,False
AVNT,2026-08-02T13:11:02.997Z,2026-08-02T13:11:02.998144Z,2026-08-02T15:11:02.998144Z,7742.81906,7,0.08224999999999999,12.158054711246551,3.2608695652173845,-0.957,35.14492753623188,12.158054711246551,57.806103124776406,0,0,0,0,,False
AXS,2026-08-02T13:11:10.474Z,2026-08-02T13:11:10.474949Z,2026-08-02T15:11:10.474949Z,7735.342255,7,0.828,24.1545893719807,2.5362318840579734,-1.075,28.985507246376812,24.1545893719807,65.36230545657448,0,0,0,0,,False
BANANAS31,2026-08-02T13:11:16.951Z,2026-08-02T13:11:16.951930Z,2026-08-02T15:11:16.951930Z,7728.865274,7,0.00721,16.643550624132953,4.323570432357048,-1.24,39.492753623188406,16.643550624132953,56.266763634716234,0,0,0,0,,
BIO,2026-08-02T13:11:23.777Z,2026-08-02T13:11:23.777330Z,2026-08-02T15:11:23.777330Z,7722.039874,7,0.02232,8.960573476702143,4.4762757385855005,-2.06,38.405797101449274,8.960573476702143,67.14924064323735,1,1,0,0,1.0,False
BMT,2026-08-02T13:11:31.351Z,2026-08-02T13:11:31.351649Z,2026-08-02T15:11:31.351649Z,7714.465555,7,0.011685000000000001,8.557980316646407,5.531914893617017,-1.094,34.78260869565217,8.557980316646407,57.3873655743045,0,0,0,0,,False
CGPT,2026-08-02T13:11:38.352Z,2026-08-02T13:11:38.352270Z,2026-08-02T15:11:38.352270Z,7707.464934,7,0.01832,10.917030567685144,4.942965779467687,-2.952,31.159420289855074,10.917030567685144,56.26920921046351,0,0,0,0,,False
CKB,2026-08-02T13:11:45.297Z,2026-08-02T13:11:45.298053Z,2026-08-02T15:11:45.298053Z,7700.519151,7,0.0008165,12.24739742804684,2.7060270602706016,-0.611,34.05797101449275,12.24739742804684,65.94937511032107,0,0,0,0,,False
CVX,2026-08-02T13:11:52.071Z,2026-08-02T13:11:52.072173Z,2026-08-02T15:11:52.072173Z,7693.745031,7,1.29,15.503875968992261,8.371735791090645,3.58,33.333333333333336,15.503875968992261,51.440640840333785,3,2,1,0,1.0,False
EGLD,2026-08-02T13:11:59.271Z,2026-08-02T13:11:59.272201Z,2026-08-02T15:11:59.272201Z,7686.545003,7,2.685,37.243947858472204,3.358208955223892,-1.107,40.94202898550725,37.243947858472204,64.21627628895281,3,3,0,0,1.0,False
ENS,2026-08-02T13:12:06.055Z,2026-08-02T13:12:06.055604Z,2026-08-02T15:12:06.055604Z,7679.7616,7,4.245,23.55712603062376,2.836879432624116,0.0,30.434782608695652,23.55712603062376,50.586354139359706,4,0,2,2,1.0,False
ETC,2026-08-02T13:12:12.578Z,2026-08-02T13:12:12.578466Z,2026-08-02T15:12:12.578466Z,7673.238738,7,6.625,15.094339622641188,3.7593984962406015,0.605,32.2463768115942,15.094339622641188,75.27073090729675,0,0,0,0,,False
GRT,2026-08-02T13:12:20.233Z,2026-08-02T13:12:20.233781Z,2026-08-02T15:12:20.233781Z,7665.583423,7,0.014375,6.956521739130151,3.4217877094972127,-0.417,39.130434782608695,6.956521739130151,66.25362005296286,19,4,10,5,-0.0526,False
GUN,2026-08-02T13:12:25.786Z,2026-08-02T13:12:25.786453Z,2026-08-02T15:12:25.786453Z,7660.030751,7,0.002895,34.54231433505904,7.612456747404848,-5.246,30.797101449275363,34.54231433505904,52.867301986369085,0,0,0,0,,False
IO,2026-08-02T13:12:32.162Z,2026-08-02T13:12:32.163249Z,2026-08-02T15:12:32.163249Z,7653.653955,7,0.13224999999999998,22.684310018903194,3.9097744360902333,0.075,37.68115942028985,22.684310018903194,67.89128252898865,0,0,0,0,,False
IOTA,2026-08-02T13:12:39.098Z,2026-08-02T13:12:39.098476Z,2026-08-02T15:12:39.098476Z,7646.718728,7,0.03315,30.165912518854558,4.545454545454549,0.61,31.52173913043478,30.165912518854558,71.17289377828325,0,0,0,0,,False
KAIA,2026-08-02T13:12:45.776Z,2026-08-02T13:12:45.777080Z,2026-08-02T15:12:45.777080Z,7640.040124,7,0.02635,37.95066413662216,4.166666666666668,-0.752,36.95652173913044,37.95066413662216,58.66323851128612,0,0,0,0,,False
LINEA,2026-08-02T13:13:00.009Z,2026-08-02T13:13:00.009310Z,2026-08-02T15:13:00.009310Z,7625.807894,7,0.0022215,4.501462975467624,3.7353735373537233,-0.269,36.594202898550726,4.501462975467624,74.03549022119564,0,0,0,0,,False
NEO,2026-08-02T13:13:22.043Z,2026-08-02T13:13:22.043401Z,2026-08-02T15:13:22.043401Z,7603.773803,7,1.8205,5.492996429551716,2.308960967564598,-1.034,33.69565217391305,5.492996429551716,54.44329669681218,0,0,0,0,,False
NOM,2026-08-02T13:13:29.738Z,2026-08-02T13:13:29.738958Z,2026-08-02T15:13:29.738958Z,7596.078246,7,0.001435,69.68641114982597,3.44827586206896,0.0,40.57971014492754,69.68641114982597,50.12994328067906,0,0,0,0,,False
OPEN,2026-08-02T13:13:36.789Z,2026-08-02T13:13:36.790247Z,2026-08-02T15:13:36.790247Z,7589.026957,7,0.17515,5.709391949756722,3.947368421052641,-3.319,32.971014492753625,5.709391949756722,55.46685703128918,2,1,1,0,0.5,False
PARTI,2026-08-02T13:13:43.311Z,2026-08-02T13:13:43.311314Z,2026-08-02T15:13:43.311314Z,7582.50589,7,0.02355,42.46284501061545,4.237288135593224,-1.255,35.869565217391305,42.46284501061545,54.52254112823504,0,0,0,0,,False
PHA,2026-08-02T13:13:49.269Z,2026-08-02T13:13:49.270039Z,2026-08-02T15:13:49.270039Z,7576.547165,7,0.01985,50.37783375314831,3.553299492385783,-2.475,34.42028985507246,50.37783375314831,59.17512059829536,0,0,0,0,,False
PLUME,2026-08-02T13:13:56.460Z,2026-08-02T13:13:56.460545Z,2026-08-02T15:13:56.460545Z,7569.356659,7,0.011040000000000001,36.23188405797111,5.6880733944954045,-0.092,38.04347826086956,36.23188405797111,59.15787077677195,0,0,0,0,,False
QNT,2026-08-02T13:14:02.968Z,2026-08-02T13:14:02.968852Z,2026-08-02T15:14:02.968852Z,7562.848352,7,60.135,18.292175937473925,4.059405940594061,-3.503,38.768115942028984,18.292175937473925,57.45793832074859,67,13,43,11,0.0299,False
RAY,2026-08-02T13:14:08.717Z,2026-08-02T13:14:08.717691Z,2026-08-02T15:14:08.717691Z,7557.099513,7,0.60795,8.224360555965868,3.6142598981435694,0.845,37.31884057971015,8.224360555965868,72.92175497437285,6,5,1,0,1.0,False
RESOLV,2026-08-02T13:14:15.383Z,2026-08-02T13:14:15.383280Z,2026-08-02T15:14:15.383280Z,7550.433924,7,0.015465,6.466214031684186,3.6036036036036023,-1.019,36.231884057971016,6.466214031684186,58.19701390047038,0,0,0,0,,
SAND,2026-08-02T13:14:20.186Z,2026-08-02T13:14:20.187092Z,2026-08-02T15:14:20.187092Z,7545.630112,7,0.04356,4.591368227731677,3.85069690526813,0.546,41.666666666666664,4.591368227731677,68.81831811098213,61,20,25,16,0.3279,False
SHELL,2026-08-02T13:14:27.219Z,2026-08-02T13:14:27.220176Z,2026-08-02T15:14:27.220176Z,7538.597028,7,0.01815,55.09641873278204,3.8461538461538414,-2.151,30.07246376811594,55.09641873278204,51.93093950316612,0,0,0,0,,
SKY,2026-08-02T13:14:33.696Z,2026-08-02T13:14:33.696476Z,2026-08-02T15:14:33.696476Z,7532.120728,7,0.05585,7.162041181737746,2.51605995717345,0.665,35.507246376811594,7.162041181737746,64.79105231228142,14,1,12,1,0.7857,False
TURTLE,2026-08-02T13:14:52.419Z,2026-08-02T13:14:52.419396Z,2026-08-02T15:14:52.419396Z,7513.397808,7,0.042499999999999996,47.058823529411484,5.854800936768139,0.708,29.347826086956523,47.058823529411484,65.31001856717681,3,3,0,0,1.0,False
W,2026-08-02T13:15:00.017Z,2026-08-02T13:15:00.018106Z,2026-08-02T15:15:00.018106Z,7505.799098,7,0.008165,12.24739742804604,4.428044280442794,0.743,27.89855072463768,12.24739742804604,52.92494876027481,1,1,0,0,1.0,False
1MBABYDOGE,2026-08-02T13:20:39.810Z,2026-08-02T13:20:39.810363Z,2026-08-02T15:20:39.810363Z,7766.805154,7,0.00030835,16.215339711367346,2.9354207436399222,-0.26,25.0,16.215339711367346,67.02869223930479,0,0,0,0,,
ALT,2026-08-02T13:20:46.603Z,2026-08-02T13:20:46.603578Z,2026-08-02T15:20:46.603578Z,7760.011939,7,0.0057350000000000005,17.436791630340817,4.355400696864115,-1.375,19.92753623188406,17.436791630340817,58.43722843072116,1,1,0,0,1.0,False
API3,2026-08-02T13:20:53.201Z,2026-08-02T13:20:53.201202Z,2026-08-02T15:20:53.201202Z,7753.414315,7,0.1895,10.55408970976137,2.8465998945703825,-0.577,25.36231884057971,10.55408970976137,47.098230386561944,0,0,0,0,,
ARKM,2026-08-02T13:21:00.122Z,2026-08-02T13:21:00.122383Z,2026-08-02T15:21:00.122383Z,7746.493134,7,0.09415000000000001,10.621348911312039,3.9529914529914625,-1.887,20.28985507246377,10.621348911312039,51.95634291239373,4,2,0,2,-0.5,False
AT,2026-08-02T13:21:06.949Z,2026-08-02T13:21:06.949661Z,2026-08-02T15:21:06.949661Z,7739.665856,7,0.1354,29.54209748892256,5.8479532163742745,-2.979,13.768115942028986,29.54209748892256,38.62404560533992,0,0,0,0,,False
BB,2026-08-02T13:21:11.849Z,2026-08-02T13:21:11.849611Z,2026-08-02T15:21:11.849611Z,7734.765906,7,0.0142,14.084507042254168,6.830985915492947,-5.27,24.27536231884058,14.084507042254168,54.32619011674323,0,0,0,0,,False
BEAMX,2026-08-02T13:21:18.925Z,2026-08-02T13:21:18.925237Z,2026-08-02T15:21:18.925237Z,7727.69028,7,0.001443,27.72002772002839,3.29444063143446,1.11,18.47826086956522,27.72002772002839,66.76869912721044,0,0,0,0,,True
BERA,2026-08-02T13:21:25.806Z,2026-08-02T13:21:25.806640Z,2026-08-02T15:21:25.806640Z,7720.808877,7,0.15410000000000001,12.978585334198943,3.419354838709677,0.584,20.652173913043477,12.978585334198943,75.55165789184666,0,0,0,0,,False
BFUSD,2026-08-02T13:21:30.493Z,2026-08-02T13:21:30.493278Z,2026-08-02T15:21:30.493278Z,7716.122239,7,0.99885,9.010361916203752,0.07014028056112565,-0.07,14.855072463768115,9.010361916203752,51.20210804588822,0,0,0,0,,
C,2026-08-02T13:21:37.248Z,2026-08-02T13:21:37.248536Z,2026-08-02T15:21:37.248536Z,7709.366981,7,0.05265,18.993352326684885,4.56273764258555,-3.839,15.579710144927537,18.993352326684885,52.424915275485816,0,0,0,0,,False
CETUS,2026-08-02T13:21:44.177Z,2026-08-02T13:21:44.178038Z,2026-08-02T15:21:44.178038Z,7702.437479,7,0.01778,11.248593925758822,3.691084611016475,-0.34,22.463768115942027,11.248593925758822,67.01750529890035,0,0,0,0,,False
COW,2026-08-02T13:21:56.929Z,2026-08-02T13:21:56.930022Z,2026-08-02T15:21:56.930022Z,7689.685495,7,0.11410000000000001,17.52848378615178,4.115586690017509,-1.211,22.10144927536232,17.52848378615178,63.8001760885422,1,1,0,0,1.0,False
DYM,2026-08-02T13:22:03.901Z,2026-08-02T13:22:03.901717Z,2026-08-02T15:22:03.901717Z,7682.7138,7,0.01319,15.163002274449722,5.259146341463412,-0.981,26.08695652173913,15.163002274449722,57.834164638747964,0,0,0,0,,False
EURI,2026-08-02T13:22:09.466Z,2026-08-02T13:22:09.466502Z,2026-08-02T15:22:09.466502Z,7677.149015,7,1.15245,13.015749056358686,0.19102196752628306,-0.026,15.217391304347826,13.015749056358686,53.52322767244463,0,0,0,0,,
FORM,2026-08-02T13:22:16.205Z,2026-08-02T13:22:16.205688Z,2026-08-02T15:22:16.205688Z,7670.409829,7,0.2014,19.860973187686763,4.31333663857213,-1.273,21.3768115942029,19.860973187686763,60.19022289071575,0,0,0,0,,False
GMT,2026-08-02T13:22:30.674Z,2026-08-02T13:22:30.674712Z,2026-08-02T15:22:30.674712Z,7655.940805,7,0.006725,14.869888475835825,3.7537537537537573,0.452,14.130434782608695,14.869888475835825,65.14085463813839,0,0,0,0,,False
HMSTR,2026-08-02T13:22:37.271Z,2026-08-02T13:22:37.271243Z,2026-08-02T15:22:37.271243Z,7649.344274,7,0.00016735,5.975500448162679,3.0429594272076304,0.239,27.17391304347826,5.975500448162679,64.51068080715675,0,0,0,0,,False
KMNO,2026-08-02T13:22:45.154Z,2026-08-02T13:22:45.154776Z,2026-08-02T15:22:45.154776Z,7641.460741,7,0.017974999999999998,5.5632823365783555,2.773155851358849,-1.368,27.536231884057973,5.5632823365783555,35.14829302453841,1,1,0,0,1.0,False
LAYER,2026-08-02T13:22:51.800Z,2026-08-02T13:22:51.801065Z,2026-08-02T15:22:51.801065Z,7634.814452,7,0.060950000000000004,16.406890894174886,2.622950819672138,-1.294,17.028985507246375,16.406890894174886,44.00396052023864,0,0,0,0,,False
MANTA,2026-08-02T13:23:05.546Z,2026-08-02T13:23:05.546266Z,2026-08-02T15:23:05.546266Z,7621.069251,7,0.05781,10.378827192528023,2.9809358752166366,-2.895,18.115942028985508,10.378827192528023,54.44989910121886,0,0,0,0,,False
MITO,2026-08-02T13:23:12.028Z,2026-08-02T13:23:12.028968Z,2026-08-02T15:23:12.028968Z,7614.586549,7,0.021825,22.909507445590577,5.183486238532105,-1.846,26.44927536231884,22.909507445590577,54.32471027924846,0,0,0,0,,False
NOT,2026-08-02T13:23:19.375Z,2026-08-02T13:23:19.375564Z,2026-08-02T15:23:19.375564Z,7607.239953,7,0.0003395,29.45508100147347,3.2738095238095393,0.299,15.942028985507246,29.45508100147347,64.71238724940257,0,0,0,0,,False
ONT,2026-08-02T13:23:25.029Z,2026-08-02T13:23:25.029773Z,2026-08-02T15:23:25.029773Z,7601.585744,7,0.037455,8.009611533841209,3.198294243070362,-2.368,23.55072463768116,8.009611533841209,48.34736402853209,16,4,10,2,0.625,False
PIXEL,2026-08-02T13:23:31.643Z,2026-08-02T13:23:31.643617Z,2026-08-02T15:23:31.643617Z,7594.9719,7,0.004025,24.844720496893395,6.12745098039214,0.99,14.492753623188406,24.844720496893395,66.77393714717333,67,21,32,14,0.0299,False
SKL,2026-08-02T13:23:42.366Z,2026-08-02T13:23:42.367141Z,2026-08-02T15:23:42.367141Z,7584.248376,7,0.0037150000000000004,26.917900403768577,8.136482939632556,3.252,16.666666666666668,26.917900403768577,52.096257306249235,17,1,13,3,-0.2941,False
SOLV,2026-08-02T13:23:48.206Z,2026-08-02T13:23:48.206548Z,2026-08-02T15:23:48.206548Z,7578.408969,7,0.0023750000000000004,42.10526315789484,5.508474576271182,-1.667,24.63768115942029,42.10526315789484,57.823849508516794,0,0,0,0,,
SPK,2026-08-02T13:23:54.739Z,2026-08-02T13:23:54.739947Z,2026-08-02T15:23:54.739947Z,7571.87557,7,0.0158595,9.458053532581516,1.9361327633894851,-1.242,18.840579710144926,9.458053532581516,33.332673187862866,65,16,38,11,0.5077,False
STO,2026-08-02T13:23:59.955Z,2026-08-02T13:23:59.955856Z,2026-08-02T15:23:59.955856Z,7566.659661,7,0.03685,27.137042062415976,4.5822102425876015,-1.592,25.72463768115942,27.137042062415976,38.055072031216966,0,0,0,0,,False
SXT,2026-08-02T13:24:07.016Z,2026-08-02T13:24:07.017016Z,2026-08-02T15:24:07.017016Z,7559.598501,7,0.00694,28.81844380403341,4.651162790697675,0.438,13.405797101449275,28.81844380403341,59.45184799764726,2,0,2,0,0.0,False
THETA,2026-08-02T13:24:12.397Z,2026-08-02T13:24:12.397484Z,2026-08-02T15:24:12.397484Z,7554.218033,7,0.12484999999999999,8.009611533840838,3.365384615384623,-0.319,19.565217391304348,8.009611533840838,62.17164317812065,0,0,0,0,,False
TREE,2026-08-02T13:24:19.725Z,2026-08-02T13:24:19.725892Z,2026-08-02T15:24:19.725892Z,7546.889625,7,0.03425,29.197080291969613,3.746397694524503,-3.343,17.753623188405797,29.197080291969613,54.3281023052563,0,0,0,0,,False
USUAL,2026-08-02T13:24:25.075Z,2026-08-02T13:24:25.075864Z,2026-08-02T15:24:25.075864Z,7541.539653,7,0.007835,12.763241863432793,4.707379134860058,1.028,21.014492753623188,12.763241863432793,61.01079094203506,0,0,0,0,,False
XVG,2026-08-02T13:24:37.079Z,2026-08-02T13:24:37.079700Z,2026-08-02T15:24:37.079700Z,7529.535817,7,0.001918,20.855057351408224,3.072916666666668,-1.184,19.202898550724637,20.855057351408224,52.69685228758968,64,14,26,24,0.25,False
YGG,2026-08-02T13:24:43.599Z,2026-08-02T13:24:43.599517Z,2026-08-02T15:24:43.599517Z,7523.016,7,0.018084999999999997,5.529444290848545,3.5378662244333983,0.055,23.91304347826087,5.529444290848545,39.856098944906556,0,0,0,0,,False
1INCH,2026-08-02T13:30:19.154Z,2026-08-02T13:30:19.155083Z,2026-08-02T15:30:19.155083Z,7787.103825,7,0.0811,24.660912453759785,4.009720534629402,1.731,3.9855072463768115,24.660912453759785,52.029713852389754,0,0,0,0,,False
A,2026-08-02T13:30:26.195Z,2026-08-02T13:30:26.195977Z,2026-08-02T15:30:26.195977Z,7780.062931,7,0.0638,31.347962382443864,3.129890453834119,2.077,0.7246376811594203,31.347962382443864,48.68257161468984,1,0,1,0,1.0,False
ANIME,2026-08-02T13:30:40.609Z,2026-08-02T13:30:40.610024Z,2026-08-02T15:30:40.610024Z,7765.648884,7,0.002425,41.23711340206196,3.3057851239669334,-1.626,5.072463768115942,41.23711340206196,44.46111889195382,2,1,1,0,-0.5,False
AUCTION,2026-08-02T13:30:47.300Z,2026-08-02T13:30:47.301069Z,2026-08-02T15:30:47.301069Z,7758.957839,7,2.989,20.07360321177579,2.008032128514043,-0.928,5.797101449275362,20.07360321177579,60.18141409280211,0,0,0,0,,False
BTC,2026-08-02T13:31:03.045Z,2026-08-02T13:31:03.045595Z,2026-08-02T15:31:03.045595Z,7743.213313,7,63089.104999999996,0.001585059734487796,2.143233169719969,0.147,100.0,0.001585059734487796,65.76652378458468,31,14,10,7,0.3226,False
COMP,2026-08-02T13:31:15.276Z,2026-08-02T13:31:15.276356Z,2026-08-02T15:31:15.276356Z,7730.982552,7,16.435000000000002,30.422878004259633,1.2704174228675187,-0.06,2.536231884057971,30.422878004259633,45.57252955562587,64,32,23,9,0.4531,False
CYBER,2026-08-02T13:31:22.150Z,2026-08-02T13:31:22.150769Z,2026-08-02T15:31:22.150769Z,7724.108139,7,0.3025,33.05785123966945,2.3333333333333357,-1.639,0.36231884057971014,33.05785123966945,42.62447756354662,0,0,0,0,,False
DOLO,2026-08-02T13:31:27.907Z,2026-08-02T13:31:27.908026Z,2026-08-02T15:31:27.908026Z,7718.350882,7,0.021589999999999998,9.263547938861814,2.8978840846366083,2.306,8.333333333333334,9.263547938861814,54.968020243654756,1,0,0,1,1.0,False
ETH,2026-08-02T13:31:32.794Z,2026-08-02T13:31:32.794852Z,2026-08-02T15:31:32.794852Z,7713.464056,7,1858.725,0.05380032011185573,3.36068126416169,-0.176,99.6376811594203,0.05380032011185573,62.15901920062344,36,16,14,6,0.3611,False
F,2026-08-02T13:31:39.737Z,2026-08-02T13:31:39.738048Z,2026-08-02T15:31:39.738048Z,7706.52086,7,0.002805,35.650623885918094,2.1276595744680904,-1.742,1.8115942028985508,35.650623885918094,37.685069406323926,0,0,0,0,,
FF,2026-08-02T13:31:46.585Z,2026-08-02T13:31:46.585379Z,2026-08-02T15:31:46.585379Z,7699.673529,7,0.06448999999999999,9.303768026049097,2.228067460931451,-1.268,10.869565217391305,9.303768026049097,49.18286869346913,0,0,0,0,,False
FLUX,2026-08-02T13:31:51.425Z,2026-08-02T13:31:51.425454Z,2026-08-02T15:31:51.425454Z,7694.833454,7,0.03905,25.60819462227986,3.0612244897959178,-0.759,4.7101449275362315,25.60819462227986,58.24671937207481,0,0,0,0,,False
GPS,2026-08-02T13:31:57.937Z,2026-08-02T13:31:57.937775Z,2026-08-02T15:31:57.937775Z,7688.321133,7,0.009365,10.678056593699512,3.739316239316235,-0.107,12.318840579710145,10.678056593699512,50.26401765661301,0,0,0,0,,
HAEDAL,2026-08-02T13:32:04.979Z,2026-08-02T13:32:04.979931Z,2026-08-02T15:32:04.979931Z,7681.278977,7,0.015155,19.795447047178342,2.1739130434782634,-1.172,6.521739130434782,19.795447047178342,44.983924243746564,0,0,0,0,,False
HIVE,2026-08-02T13:32:11.550Z,2026-08-02T13:32:11.550749Z,2026-08-02T15:32:11.550749Z,7674.708159,7,0.04215,23.724792408067106,3.087885985748225,-1.174,2.898550724637681,23.724792408067106,52.337259486430696,0,0,0,0,,False
HOLO,2026-08-02T13:32:16.860Z,2026-08-02T13:32:16.861249Z,2026-08-02T15:32:16.861249Z,7669.397659,7,0.06684999999999999,14.958863126402825,5.919003115264795,-3.167,10.144927536231885,14.958863126402825,44.30866405643947,1,0,0,1,-1.0,False
ILV,2026-08-02T13:32:23.270Z,2026-08-02T13:32:23.270599Z,2026-08-02T15:32:23.270599Z,7662.988309,7,2.84,70.42253521126767,4.895104895104899,0.351,3.260869565217391,70.42253521126767,39.4221145101828,0,0,0,0,,False
LA,2026-08-02T13:32:28.845Z,2026-08-02T13:32:28.846034Z,2026-08-02T15:32:28.846034Z,7657.412874,7,0.0479,41.75365344467616,7.306889352818365,-5.149,9.420289855072463,41.75365344467616,52.921851268119774,1,0,0,1,0.0,False
NEWT,2026-08-02T13:32:35.725Z,2026-08-02T13:32:35.726146Z,2026-08-02T15:32:35.726146Z,7650.532762,7,0.03995,25.031289111389952,2.999999999999999,-0.249,1.0869565217391304,25.031289111389952,47.40262665178587,0,0,0,0,,False
NMR,2026-08-02T13:32:42.530Z,2026-08-02T13:32:42.530526Z,2026-08-02T15:32:42.530526Z,7643.728382,7,8.515,11.743981209629812,1.2880562060890073,-1.043,1.4492753623188406,11.743981209629812,50.518327339364795,0,0,0,0,,False
NXPC,2026-08-02T13:32:50.154Z,2026-08-02T13:32:50.155136Z,2026-08-02T15:32:50.155136Z,7636.103772,7,0.2422,24.772914946324917,2.999178307313054,-2.796,9.782608695652174,24.772914946324917,52.67185964833778,0,0,0,0,,False
PROVE,2026-08-02T13:32:59.162Z,2026-08-02T13:32:59.162351Z,2026-08-02T15:32:59.162351Z,7627.096557,7,0.16765,5.964807634953116,3.662138216184295,-2.252,8.695652173913043,5.964807634953116,53.39112412548932,0,0,0,0,,False
RARE,2026-08-02T13:33:04.356Z,2026-08-02T13:33:04.356635Z,2026-08-02T15:33:04.356635Z,7621.902273,7,0.011915,8.392782207301378,2.6050420168067183,-0.168,11.594202898550725,8.392782207301378,65.63576308079516,0,0,0,0,,False
RED,2026-08-02T13:33:11.361Z,2026-08-02T13:33:11.361456Z,2026-08-02T15:33:11.361456Z,7614.897452,7,0.08835000000000001,11.31861912846665,3.382187147688841,-0.113,9.057971014492754,11.31861912846665,49.75103662182133,0,0,0,0,,False
RPL,2026-08-02T13:33:18.147Z,2026-08-02T13:33:18.147531Z,2026-08-02T15:33:18.147531Z,7608.111377,7,1.5550000000000002,64.30868167202577,4.430379746835446,1.935,6.884057971014493,64.30868167202577,49.29291998552537,1,1,0,0,1.0,False
SOL,2026-08-02T13:33:23.022Z,2026-08-02T13:33:23.022594Z,2026-08-02T15:33:23.022594Z,7603.236314,7,73.025,1.369394043136613,4.211101996171723,0.439,98.91304347826087,1.369394043136613,64.77568753632677,24,12,11,1,0.7083,False
SOPH,2026-08-02T13:33:28.287Z,2026-08-02T13:33:28.287565Z,2026-08-02T15:33:28.287565Z,7597.971343,7,0.003915,25.542784163472778,3.0612244897959267,-2.73,6.159420289855072,25.542784163472778,53.18972855612504,0,0,0,0,,
STEEM,2026-08-02T13:33:33.042Z,2026-08-02T13:33:33.042634Z,2026-08-02T15:33:33.042634Z,7593.216274,7,0.03604,16.648168701442163,2.5096525096525126,-2.026,7.971014492753623,16.648168701442163,56.52503052282292,0,0,0,0,,False
UMA,2026-08-02T13:33:40.661Z,2026-08-02T13:33:40.661918Z,2026-08-02T15:33:40.661918Z,7585.59699,7,0.338,59.171597633136145,2.6470588235293975,-0.585,2.1739130434782608,59.171597633136145,41.828353695008886,0,0,0,0,,False
USD1,2026-08-02T13:33:44.190Z,2026-08-02T13:33:44.190401Z,2026-08-02T15:33:44.190401Z,7582.068507,7,0.99925,1.0007505629220814,0.04003202562049199,0.02,99.27536231884058,1.0007505629220814,66.43076802914736,0,0,0,0,,False
VELODROME,2026-08-02T13:33:51.945Z,2026-08-02T13:33:51.945675Z,2026-08-02T15:33:51.945675Z,7574.313233,7,0.016399999999999998,48.78048780487818,3.1363088057901063,-3.041,7.246376811594203,48.78048780487818,38.74607677416496,0,0,0,0,,
WAL,2026-08-02T13:33:58.544Z,2026-08-02T13:33:58.544909Z,2026-08-02T15:33:58.544909Z,7567.713999,7,0.02525,39.60396039603936,3.9525691699604777,-1.938,11.956521739130435,39.60396039603936,50.029718897644,0,0,0,0,,False
WCT,2026-08-02T13:34:05.535Z,2026-08-02T13:34:05.535905Z,2026-08-02T15:34:05.535905Z,7560.723003,7,0.035665,14.019346698444252,3.6013400335008363,-2.238,10.507246376811594,14.019346698444252,39.904606787662715,0,0,0,0,,False
YB,2026-08-02T13:34:12.350Z,2026-08-02T13:34:12.350346Z,2026-08-02T15:34:12.350346Z,7553.908562,7,0.06584999999999999,45.55808656036577,2.595419847328255,-0.456,5.434782608695652,45.55808656036577,50.804411051572906,0,0,0,0,,True
BNB,2026-08-02T13:40:07.825Z,2026-08-02T13:40:07.825356Z,2026-08-02T15:40:07.825356Z,7797.555368,7,586.265,0.1705713286652095,2.155150225638748,0.403,98.55072463768116,0.1705713286652095,70.75449164190391,14,9,4,1,0.6429,False
COTI,2026-08-02T13:40:12.912Z,2026-08-02T13:40:12.912823Z,2026-08-02T15:40:12.912823Z,7792.467901,7,0.013000000000000001,30.769230769230848,24.571854058078923,-6.411,87.68115942028986,30.769230769230848,62.79575438814493,3,1,1,1,0.6667,False
DOGE,2026-08-02T13:40:18.594Z,2026-08-02T13:40:18.596162Z,2026-08-02T15:40:18.596162Z,7786.784562,7,0.07033500000000001,1.421767256699527,4.141082393260032,0.315,92.3913043478261,1.421767256699527,65.27683205804932,31,19,8,4,0.4516,False
ENA,2026-08-02T13:40:24.016Z,2026-08-02T13:40:24.017077Z,2026-08-02T15:40:24.017077Z,7781.363647,7,0.08825,11.331444759207123,12.159090909090912,8.508,96.3768115942029,11.331444759207123,65.7220542113291,9,7,1,1,0.1111,False
EPIC,2026-08-02T13:40:29.398Z,2026-08-02T13:40:29.398993Z,2026-08-02T15:40:29.398993Z,7775.981731,7,0.89615,10.042961557773822,17.982842058952922,5.721,88.04347826086956,10.042961557773822,60.256308612623954,13,11,0,2,0.0769,False
EUL,2026-08-02T13:40:36.097Z,2026-08-02T13:40:36.097722Z,2026-08-02T15:40:36.097722Z,7769.283002,7,1.443,27.72002772002774,29.571719918422843,8.721,87.31884057971014,27.72002772002774,69.560161543633,3,1,2,0,0.3333,False
EUR,2026-08-02T13:40:39.128Z,2026-08-02T13:40:39.128340Z,2026-08-02T15:40:39.128340Z,7766.252384,7,1.1525500000000002,0.8676413170794236,0.6937218175511626,0.061,95.65217391304348,0.8676413170794236,62.348531777971154,0,0,0,0,,False
FDUSD,2026-08-02T13:40:42.095Z,2026-08-02T13:40:42.095464Z,2026-08-02T15:40:42.095464Z,7763.28526,7,0.9973,2.005414619472355,0.060162438584181785,0.02,96.73913043478261,2.005414619472355,68.6003131971653,0,0,0,0,,False
FET,2026-08-02T13:40:47.346Z,2026-08-02T13:40:47.346842Z,2026-08-02T15:40:47.346842Z,7758.033882,7,0.14165,7.059654076949452,4.452296819787986,0.283,86.95652173913044,7.059654076949452,64.77718849499641,4,1,2,1,0.0,False
GIGGLE,2026-08-02T13:40:52.076Z,2026-08-02T13:40:52.076827Z,2026-08-02T15:40:52.076827Z,7753.303897,7,41.8,14.354066985644778,21.234905445431764,4.227,92.02898550724638,14.354066985644778,68.39060723917994,3,3,0,0,1.0,False
HOME,2026-08-02T13:40:56.825Z,2026-08-02T13:40:56.825948Z,2026-08-02T15:40:56.825948Z,7748.554776,7,0.00853,23.446658851114794,38.67187500000001,26.733,91.66666666666667,23.446658851114794,74.8789010529765,16,14,0,2,1.0,False
INJ,2026-08-02T13:41:01.543Z,2026-08-02T13:41:01.543835Z,2026-08-02T15:41:01.543835Z,7743.836889,7,4.9805,2.007830539101387,2.7394480519480657,0.387,86.23188405797102,2.007830539101387,54.801369126965696,19,8,10,1,1.0,False
KAITO,2026-08-02T13:41:06.527Z,2026-08-02T13:41:06.528028Z,2026-08-02T15:41:06.528028Z,7738.852696,7,1.06425,17.852948085506345,13.514182058047485,10.445,90.21739130434783,17.852948085506345,70.18991135147094,11,11,0,0,1.0,False
LINK,2026-08-02T13:41:11.441Z,2026-08-02T13:41:11.441181Z,2026-08-02T15:41:11.441181Z,7733.939543,7,8.2705,1.209116740222746,6.348823174411584,2.334,94.92753623188406,1.209116740222746,68.85051397906429,18,14,4,0,0.7778,False
LTC,2026-08-02T13:41:16.396Z,2026-08-02T13:41:16.397062Z,2026-08-02T15:41:16.397062Z,7728.983662,7,44.735,2.235386162960795,2.8494503028943146,0.473,90.57971014492753,2.235386162960795,63.83496646126429,14,5,6,3,0.4286,False
ORDI,2026-08-02T13:41:30.846Z,2026-08-02T13:41:30.846669Z,2026-08-02T15:41:30.846669Z,7714.534055,7,3.5549999999999997,5.625879043601192,6.880089862398194,-3.861,85.8695652173913,5.625879043601192,59.70558750461839,9,4,3,2,1.0,False
PENGU,2026-08-02T13:41:36.663Z,2026-08-02T13:41:36.664120Z,2026-08-02T15:41:36.664120Z,7708.716604,7,0.0061814999999999995,1.6177303243551449,5.2743305029392475,3.132,90.94202898550725,1.6177303243551449,61.12268844238293,11,8,1,2,0.8182,False
PEPE,2026-08-02T13:41:41.284Z,2026-08-02T13:41:41.284546Z,2026-08-02T15:41:41.284546Z,7704.096178,7,2.905e-06,34.423407917383486,8.304498269896204,5.091,93.84057971014492,34.423407917383486,70.12418428165509,44,40,2,2,0.6818,False
PUMP,2026-08-02T13:41:46.087Z,2026-08-02T13:41:46.088108Z,2026-08-02T15:41:46.088108Z,7699.292616,7,0.0021445,4.663091629751143,11.380597014925366,-0.325,93.47826086956522,4.663091629751143,65.82165356047918,17,15,0,2,0.6471,False
SHIB,2026-08-02T13:41:51.304Z,2026-08-02T13:41:51.304983Z,2026-08-02T15:41:51.304983Z,7694.075741,7,4.985e-06,20.060180541624685,7.414829659318635,1.217,86.59420289855072,20.060180541624685,63.246170619745065,16,6,10,0,0.5625,False
SUI,2026-08-02T13:41:56.228Z,2026-08-02T13:41:56.228710Z,2026-08-02T15:41:56.228710Z,7689.152014,7,0.6893,2.901494269548498,4.501748251748258,0.322,97.10144927536231,2.901494269548498,62.997266648296176,15,7,6,2,0.2667,False
SYN,2026-08-02T13:42:01.061Z,2026-08-02T13:42:01.061347Z,2026-08-02T15:42:01.061347Z,7684.319377,7,0.08856,15.808491418247655,23.71020856201975,-15.648,89.85507246376811,15.808491418247655,54.70419784600131,6,4,2,0,0.5,False
TAO,2026-08-02T13:42:06.257Z,2026-08-02T13:42:06.257830Z,2026-08-02T15:42:06.257830Z,7679.122894,7,192.64999999999998,5.190760446405104,3.1704781704781673,-1.131,89.4927536231884,5.190760446405104,61.35946912151768,21,10,6,5,0.619,False
TRX,2026-08-02T13:42:11.110Z,2026-08-02T13:42:11.110273Z,2026-08-02T15:42:11.110273Z,7674.270451,7,0.32725,3.0557677616497783,0.9193993257738287,-0.336,95.28985507246377,3.0557677616497783,57.69020509846064,27,18,8,1,0.6296,False
UNI,2026-08-02T13:42:19.868Z,2026-08-02T13:42:19.869163Z,2026-08-02T15:42:19.869163Z,7665.511561,7,4.201499999999999,2.3801023444016045,6.650717703349272,2.778,93.1159420289855,2.3801023444016045,71.09292411551432,27,16,7,4,0.6296,False
XLM,2026-08-02T13:42:25.551Z,2026-08-02T13:42:25.552246Z,2026-08-02T15:42:25.552246Z,7659.828478,7,0.17435,5.735589331803211,5.097365406643752,2.165,91.30434782608695,5.735589331803211,60.62223479134268,63,30,28,5,0.4762,False
XRP,2026-08-02T13:42:30.297Z,2026-08-02T13:42:30.298179Z,2026-08-02T15:42:30.298179Z,7655.082545,7,1.07965,0.9262260917909604,3.5535813436979447,1.684,98.18840579710145,0.9262260917909604,60.52525342438123,31,12,10,9,0.5484,False
ZEC,2026-08-02T13:42:35.233Z,2026-08-02T13:42:35.234087Z,2026-08-02T15:42:35.234087Z,7650.146637,7,471.005,0.21231197121030362,4.090360553003196,2.037,94.20289855072464,0.21231197121030362,57.005686729573505,14,7,6,1,0.4286,False
ZRO,2026-08-02T13:42:41.642Z,2026-08-02T13:42:41.643184Z,2026-08-02T15:42:41.643184Z,7643.73754,7,0.7395,13.52265043948615,3.6111111111111143,-2.307,88.40579710144928,13.52265043948615,66.93654478464379,2,2,0,0,1.0,False
PENDLE,2026-08-02T13:50:09.500Z,2026-08-02T13:50:09.501068Z,2026-08-02T15:50:09.501068Z,7795.570611,7,1.3665,7.317965605560848,3.633720930232546,-2.203,74.6376811594203,7.317965605560848,60.29034649510556,1,1,0,0,1.0,False
RENDER,2026-08-02T13:50:20.736Z,2026-08-02T13:50:20.736649Z,2026-08-02T15:50:20.736649Z,7784.33503,7,1.3665,7.317965605560848,2.633504023408927,-0.292,73.18840579710145,7.317965605560848,65.23874009679325,2,2,0,0,1.0,False
TRUMP,2026-08-02T13:50:39.515Z,2026-08-02T13:50:39.516097Z,2026-08-02T15:50:39.516097Z,7765.555582,7,1.4445000000000001,6.922810661129192,3.9337474120082927,1.899,78.6231884057971,6.922810661129192,73.83468782546527,38,27,11,0,0.8947,False
VIRTUAL,2026-08-02T13:50:49.102Z,2026-08-02T13:50:49.102550Z,2026-08-02T15:50:49.102550Z,7755.969129,7,0.5577,7.172314864621768,5.900232433398896,2.436,72.82608695652173,7.172314864621768,53.51079599914753,4,3,1,0,0.25,False
BOME,2026-08-02T13:57:25.273Z,2026-08-02T13:57:25.273322Z,2026-08-02T15:57:25.273322Z,7359.798357,7,0.0006221,9.644751647643565,13.405387965800935,6.604,59.05797101449275,9.644751647643565,74.97001289184878,4,2,2,0,0.5,False
CFX,2026-08-02T13:57:39.452Z,2026-08-02T13:57:39.452460Z,2026-08-02T15:57:39.452460Z,7345.619219,7,0.042069999999999996,4.753981459472115,4.701670644391407,-1.712,67.7536231884058,4.753981459472115,47.966500378501244,0,0,0,0,,False
GALA,2026-08-02T13:58:17.042Z,2026-08-02T13:58:17.043111Z,2026-08-02T15:58:17.043111Z,7308.028568,7,0.0017805,5.616399887672748,2.818489289740694,-1.28,68.1159420289855,5.616399887672748,69.65148483999977,0,0,0,0,,False
NIL,2026-08-02T13:58:47.698Z,2026-08-02T13:58:47.698826Z,2026-08-02T15:58:47.698826Z,7277.372853,7,0.03034,32.95978905734983,21.606566989152746,20.106,61.95652173913044,32.95978905734983,73.64217029378501,22,21,0,1,0.9091,False
SSV,2026-08-02T13:59:33.056Z,2026-08-02T13:59:33.056642Z,2026-08-02T15:59:33.056642Z,7232.015037,7,2.2195,13.516557783285036,4.827280779450841,1.712,56.88405797101449,13.516557783285036,65.72025048526538,1,0,1,0,1.0,False
VET,2026-08-02T14:00:16.738Z,2026-08-02T14:00:16.739099Z,2026-08-02T16:00:16.739099Z,7789.23196,7,0.0046755,6.416426050688763,3.9487726787620123,-0.573,65.21739130434783,6.416426050688763,56.42300897529732,3,2,1,0,0.3333,False
LISTA,2026-08-02T14:07:35.145Z,2026-08-02T14:07:35.145659Z,2026-08-02T16:07:35.145659Z,7350.8254,7,0.04985,20.060180541625453,11.399999999999993,-1.381,43.84057971014493,20.060180541625453,59.72019638613149,0,0,0,0,,False
ZKC,2026-08-02T14:09:31.279Z,2026-08-02T14:09:31.279981Z,2026-08-02T16:09:31.279981Z,7234.691078,7,0.03775,26.490066225166323,4.774535809018576,-0.265,56.15942028985507,26.490066225166323,67.25572660037281,0,0,0,0,,False
2Z,2026-08-02T14:15:08.377Z,2026-08-02T14:15:08.377648Z,2026-08-02T16:15:08.377648Z,7496.989414,7,0.055125,12.698412698412811,3.2111756168359955,-1.431,31.884057971014492,12.698412698412811,39.432374508311995,0,0,0,0,,
AIXBT,2026-08-02T14:15:21.677Z,2026-08-02T14:15:21.678143Z,2026-08-02T16:15:21.678143Z,7483.688919,7,0.01788,22.371364653242935,6.9390039171796385,4.381,32.2463768115942,22.371364653242935,61.03163625254618,1,1,0,0,1.0,False
MEME,2026-08-02T14:17:06.738Z,2026-08-02T14:17:06.738717Z,2026-08-02T16:17:06.738717Z,7378.628345,7,0.0005055000000000001,19.7823936696345,2.3904382470119674,-0.986,36.95652173913044,19.7823936696345,58.833095829695885,62,42,17,3,0.9355,False
MINA,2026-08-02T14:17:12.129Z,2026-08-02T14:17:12.129622Z,2026-08-02T16:17:12.129622Z,7373.23744,7,0.04095,24.42002442002512,3.1862745098039276,-1.449,28.6231884057971,24.42002442002512,49.344720267404995,0,0,0,0,,False
SIGN,2026-08-02T14:18:16.917Z,2026-08-02T14:18:16.917944Z,2026-08-02T16:18:16.917944Z,7308.449118,7,0.006954999999999999,14.378145219267376,4.285714285714285,1.744,27.89855072463768,14.378145219267376,76.53999070090825,1,1,0,0,0.0,False
TNSR,2026-08-02T14:18:47.521Z,2026-08-02T14:18:47.522170Z,2026-08-02T16:18:47.522170Z,7277.844892,7,0.029650000000000003,33.72681281618866,2.702702702702698,-2.632,30.434782608695652,33.72681281618866,37.159386277544264,14,5,7,2,0.7143,False
VANRY,2026-08-02T14:18:55.375Z,2026-08-02T14:18:55.375427Z,2026-08-02T16:18:55.375427Z,7269.991635,7,0.0037784999999999997,55.57761016276234,7.244843997884715,-3.52,40.57971014492754,55.57761016276234,40.50733019052913,56,10,38,8,0.25,False
1000CAT,2026-08-02T14:24:32.743Z,2026-08-02T14:24:32.743249Z,2026-08-02T16:24:32.743249Z,7533.653944,7,0.001385,72.20216606498214,7.246376811594191,0.0,15.942028985507246,72.20216606498214,53.613124285515305,5,5,0,0,1.0,False
VANA,2026-08-02T14:28:00.814Z,2026-08-02T14:28:00.814721Z,2026-08-02T16:28:00.814721Z,7325.582472,7,0.8685,34.542314335060475,4.718066743383203,-2.688,21.014492753623188,34.542314335060475,53.51145299896,0,0,0,0,,False
ACT,2026-08-02T14:33:59.108Z,2026-08-02T14:33:59.108527Z,2026-08-02T16:33:59.108527Z,7567.155698,7,0.00887,45.095828635851305,4.789053591790196,-0.792,3.9855072463768115,45.095828635851305,60.87544971372437,0,0,0,0,,False
CATI,2026-08-02T14:34:36.018Z,2026-08-02T14:34:36.018519Z,2026-08-02T16:34:36.018519Z,7530.245706,7,0.036165,8.295313148070042,3.901494189263978,-2.403,4.3478260869565215,8.295313148070042,51.56938544210952,0,0,0,0,,False
OSMO,2026-08-02T14:36:06.797Z,2026-08-02T14:36:06.797699Z,2026-08-02T16:36:06.797699Z,7439.466526,7,0.02715,36.83241252302003,4.044117647058825,-1.449,10.869565217391305,36.83241252302003,60.19290289788216,0,0,0,0,,False
AAVE,2026-08-02T14:43:07.838Z,2026-08-02T14:43:07.838598Z,2026-08-02T16:43:07.838598Z,7618.509254,7,92.13,2.1708455443390884,4.216073781291176,-0.448,92.7536231884058,2.1708455443390884,75.72206283366268,13,7,6,0,1.0,False
ADA,2026-08-02T14:43:13.863Z,2026-08-02T14:43:13.866133Z,2026-08-02T16:43:13.866133Z,7612.481719,7,0.18964999999999999,5.272871078303019,11.980830670926514,6.765,97.82608695652173,5.272871078303019,66.75503542580164,28,15,9,4,0.7143,False
AVAX,2026-08-02T14:43:20.441Z,2026-08-02T14:43:20.442022Z,2026-08-02T16:43:20.442022Z,7605.90583,7,6.5845,1.5187182018381562,9.808685089583964,3.815,95.28985507246377,1.5187182018381562,74.99851656239183,9,7,2,0,1.0,False
BCH,2026-08-02T14:43:26.700Z,2026-08-02T14:43:26.701064Z,2026-08-02T16:43:26.701064Z,7599.646788,7,213.75,4.678362573100479,3.3490566037735823,1.923,89.1304347826087,4.678362573100479,73.78664217206487,5,3,1,1,0.2,False
NEAR,2026-08-02T14:44:43.505Z,2026-08-02T14:44:43.505246Z,2026-08-02T16:44:43.505246Z,7522.842606,7,1.6985000000000001,5.887547836326829,4.994124559341961,2.222,96.01449275362319,5.887547836326829,70.14884959973959,8,8,0,0,0.625,False
ONDO,2026-08-02T14:44:50.220Z,2026-08-02T14:44:50.220742Z,2026-08-02T16:44:50.220742Z,7516.12711,7,0.3855,5.188067444876212,5.253576072821845,-0.979,88.76811594202898,5.188067444876212,70.5683858713564,12,10,1,1,0.8333,False
1000SATS,2026-08-02T14:51:25.994Z,2026-08-02T14:51:25.995231Z,2026-08-02T16:51:25.995231Z,7720.305291,7,1.059e-05,18.885741265344482,16.555661274976217,-3.401,80.07246376811594,18.885741265344482,50.74023825425402,14,5,4,5,0.3571,False
ALGO,2026-08-02T14:51:31.995Z,2026-08-02T14:51:31.995273Z,2026-08-02T16:51:31.995273Z,7714.305249,7,0.08524999999999999,11.730205278592711,6.144578313253004,3.491,80.79710144927536,11.730205278592711,76.57356416219318,21,14,4,3,0.9048,False
ALLO,2026-08-02T14:51:38.620Z,2026-08-02T14:51:38.620725Z,2026-08-02T16:51:38.620725Z,7707.679797,7,0.25135,3.978516013526516,10.562837316885112,-7.025,75.0,3.978516013526516,58.599326061562714,63,7,51,5,-0.5079,False
APT,2026-08-02T14:51:45.780Z,2026-08-02T14:51:45.780776Z,2026-08-02T16:51:45.780776Z,7700.519746,7,0.5665,17.652250661959414,4.270462633451941,0.717,81.8840579710145,17.652250661959414,72.32844350287802,11,2,4,5,0.6364,False
ARB,2026-08-02T14:51:51.241Z,2026-08-02T14:51:51.241560Z,2026-08-02T16:51:51.241560Z,7695.058962,7,0.08055000000000001,12.414649286158019,6.4118372379778,3.444,81.52173913043478,12.414649286158019,49.213663547537415,17,11,4,2,0.4118,False
ATOM,2026-08-02T14:51:57.240Z,2026-08-02T14:51:57.240550Z,2026-08-02T16:51:57.240550Z,7689.059972,7,1.2534999999999998,7.977662544875246,4.079999999999995,1.626,77.89855072463769,7.977662544875246,69.25269627503475,65,14,38,13,0.3538,False
BANK,2026-08-02T14:52:02.921Z,2026-08-02T14:52:02.921499Z,2026-08-02T16:52:02.921499Z,7683.379023,7,0.0485,41.2371134020616,21.231422505307844,-14.051,82.6086956521739,41.2371134020616,35.29966881085962,7,2,1,4,-0.1429,False
CHZ,2026-08-02T14:52:17.459Z,2026-08-02T14:52:17.460177Z,2026-08-02T16:52:17.460177Z,7668.840345,7,0.012845,7.785130400933898,3.4992223950233208,-0.464,74.27536231884058,7.785130400933898,68.42955978061141,2,1,1,0,-1.0,False
DOT,2026-08-02T14:52:23.650Z,2026-08-02T14:52:23.651138Z,2026-08-02T16:52:23.651138Z,7662.649384,7,0.7935000000000001,12.602394454946449,4.630788485607012,3.766,84.42028985507247,12.602394454946449,76.34395137063633,10,6,4,0,0.4,False
DYDX,2026-08-02T14:52:30.284Z,2026-08-02T14:52:30.285097Z,2026-08-02T16:52:30.285097Z,7656.015425,7,0.11196500000000001,13.3970437190191,5.433042859683447,0.33,75.3623188405797,13.3970437190191,56.82381648581144,1,1,0,0,-1.0,False
ENSO,2026-08-02T14:52:35.862Z,2026-08-02T14:52:35.862434Z,2026-08-02T16:52:35.862434Z,7650.438088,7,0.927,21.57497303128373,6.9593147751605935,1.302,73.91304347826087,21.57497303128373,71.32812482339578,0,0,0,0,,False
ERA,2026-08-02T14:52:41.339Z,2026-08-02T14:52:41.339799Z,2026-08-02T16:52:41.339799Z,7644.960723,7,0.06495000000000001,15.39645881447311,8.461538461538469,-3.988,75.72463768115942,15.39645881447311,62.51907127610597,0,0,0,0,,False
HBAR,2026-08-02T14:52:59.007Z,2026-08-02T14:52:59.007265Z,2026-08-02T16:52:59.007265Z,7627.293257,7,0.06997500000000001,1.4290818149333508,2.8331435079726734,0.286,85.14492753623189,1.4290818149333508,56.39786715272803,2,1,1,0,1.0,False
HYPER,2026-08-02T14:53:06.073Z,2026-08-02T14:53:06.074234Z,2026-08-02T16:53:06.074234Z,7620.226288,7,0.06655,15.026296018031985,38.46153846153845,21.731,82.2463768115942,15.026296018031985,67.95591125168221,6,6,0,0,0.0,False
ICP,2026-08-02T14:53:11.720Z,2026-08-02T14:53:11.720518Z,2026-08-02T16:53:11.720518Z,7614.580004,7,2.0735,4.822763443452567,4.303675048355897,0.048,85.5072463768116,4.822763443452567,76.78588843113691,18,9,3,6,0.7778,False
LDO,2026-08-02T14:53:20.100Z,2026-08-02T14:53:20.100776Z,2026-08-02T16:53:20.100776Z,7606.199746,7,0.3218,6.215040397763627,5.41627978953883,-3.982,84.05797101449275,6.215040397763627,57.00444212177084,0,0,0,0,,False
MIRA,2026-08-02T14:53:32.853Z,2026-08-02T14:53:32.853610Z,2026-08-02T16:53:32.853610Z,7593.446912,7,0.041749999999999995,23.95209580838226,5.528846153846146,-2.576,81.15942028985508,23.95209580838226,63.93502385965224,0,0,0,0,,False
MMT,2026-08-02T14:53:39.187Z,2026-08-02T14:53:39.187913Z,2026-08-02T16:53:39.187913Z,7587.112609,7,0.16899999999999998,11.83431952662756,15.724381625441698,-12.564,80.43478260869566,11.83431952662756,53.474221001167656,5,0,1,4,0.6,False
OP,2026-08-02T14:53:50.231Z,2026-08-02T14:53:50.231576Z,2026-08-02T16:53:50.231576Z,7576.068946,7,0.08585000000000001,11.648223645894333,4.912280701754397,0.234,79.34782608695652,11.648223645894333,77.24635347275684,61,41,8,12,0.2131,False
ROSE,2026-08-02T14:54:18.012Z,2026-08-02T14:54:18.013192Z,2026-08-02T16:54:18.013192Z,7548.28733,7,0.005595,17.873100983019825,7.347670250896068,2.952,78.98550724637681,17.873100983019825,72.01931569558126,10,2,4,4,0.9,False
RUNE,2026-08-02T14:54:25.881Z,2026-08-02T14:54:25.881527Z,2026-08-02T16:54:25.881527Z,7540.418995,7,0.4435,22.547914317925613,3.1674208144796405,2.552,78.26086956521739,22.547914317925613,74.04267769587229,3,0,3,0,-0.3333,False
STRK,2026-08-02T14:54:31.594Z,2026-08-02T14:54:31.594718Z,2026-08-02T16:54:31.594718Z,7534.705804,7,0.024524999999999998,4.077471967380059,5.8847568451164705,-2.897,73.55072463768116,4.077471967380059,61.6227583726736,5,4,1,0,0.6,False
USDE,2026-08-02T14:54:43.098Z,2026-08-02T14:54:43.098961Z,2026-08-02T16:54:43.098961Z,7523.201561,7,0.99975,1.0002500625155186,0.04000800160031566,-0.03,77.17391304347827,1.0002500625155186,55.04608769757885,0,0,0,0,,False
WIF,2026-08-02T14:54:55.708Z,2026-08-02T14:54:55.708513Z,2026-08-02T16:54:55.708513Z,7510.592009,7,0.13879999999999998,14.409221902017707,4.652827487473162,-1.342,77.53623188405797,14.409221902017707,76.72799256620905,8,6,1,1,0.75,False
WLD,2026-08-02T14:55:03.469Z,2026-08-02T14:55:03.469901Z,2026-08-02T16:55:03.469901Z,7502.830621,7,0.31579999999999997,6.333122229260085,8.923467767545256,2.707,84.78260869565217,6.333122229260085,65.34932839383767,7,6,0,1,0.7143,False
WLFI,2026-08-02T14:55:10.030Z,2026-08-02T14:55:10.030787Z,2026-08-02T16:55:10.030787Z,7496.269735,7,0.05525,18.099547511312736,4.1144901610017826,3.711,83.33333333333333,18.099547511312736,75.93765560854293,3,1,2,0,1.0,False
XPL,2026-08-02T14:55:25.819Z,2026-08-02T14:55:25.820145Z,2026-08-02T16:55:25.820145Z,7480.480377,7,0.07652,2.6136957658136595,6.438896189224706,1.521,72.46376811594203,2.6136957658136595,67.26657291622618,17,4,12,1,0.3529,False
ZEN,2026-08-02T14:55:33.269Z,2026-08-02T14:55:33.270191Z,2026-08-02T16:55:33.270191Z,7473.030331,7,4.0765,7.359254262235039,5.794984173362551,0.563,76.44927536231884,7.359254262235039,61.49574998276428,0,0,0,0,,False
0G,2026-08-02T15:01:07.505Z,2026-08-02T15:01:07.505365Z,2026-08-02T17:01:07.505365Z,7739.27695,7,0.1415,70.67137809187285,6.338028169014091,-3.401,61.594202898550726,70.67137809187285,45.859667682893445,0,0,0,0,,False
APE,2026-08-02T15:01:13.417Z,2026-08-02T15:01:13.418079Z,2026-08-02T17:01:13.418079Z,7733.364236,7,0.13105,7.630675314764516,2.053231939163504,-0.605,68.47826086956522,7.630675314764516,69.51693914487986,24,19,4,1,1.0,False
ASTER,2026-08-02T15:01:20.150Z,2026-08-02T15:01:20.150328Z,2026-08-02T17:01:20.150328Z,7726.631987,7,0.6025,16.597510373444,1.4950166112956824,0.501,59.42028985507246,16.597510373444,69.23979799870655,2,1,1,0,0.5,False
BABY,2026-08-02T15:01:27.278Z,2026-08-02T15:01:27.279051Z,2026-08-02T17:01:27.279051Z,7719.503264,7,0.011485,8.707009142359244,8.591674047829942,-6.385,64.1304347826087,8.707009142359244,49.65195956830285,2,1,0,1,1.0,False
BANANA,2026-08-02T15:01:35.746Z,2026-08-02T15:01:35.746925Z,2026-08-02T17:01:35.746925Z,7711.03539,7,3.583,11.163829193413351,6.92264573991031,-3.411,60.869565217391305,11.163829193413351,58.12909862247865,2,1,1,0,1.0,False
BROCCOLI714,2026-08-02T15:01:51.458Z,2026-08-02T15:01:51.458643Z,2026-08-02T17:01:51.458643Z,7695.323672,7,0.013415,22.363026462913737,21.929163526752067,-6.812,70.28985507246377,22.363026462913737,63.51628362015095,0,0,0,0,,True
CAKE,2026-08-02T15:01:58.351Z,2026-08-02T15:01:58.351852Z,2026-08-02T17:01:58.351852Z,7688.430463,7,1.4375,6.956521739129669,2.5964912280701697,0.849,66.66666666666667,6.956521739129669,79.00992623179397,7,5,1,1,0.4286,False
CRV,2026-08-02T15:02:10.210Z,2026-08-02T15:02:10.211073Z,2026-08-02T17:02:10.211073Z,7676.571242,7,0.20335,4.917629702482861,3.917727717923608,-0.536,69.56521739130434,4.917629702482861,68.64653404686378,3,2,1,0,1.0,False
EDEN,2026-08-02T15:02:17.422Z,2026-08-02T15:02:17.422629Z,2026-08-02T17:02:17.422629Z,7669.359686,7,0.041425000000000003,16.8980084490027,9.622256253190391,5.097,65.57971014492753,16.8980084490027,69.10694448299779,1,1,0,0,1.0,False
EIGEN,2026-08-02T15:02:26.156Z,2026-08-02T15:02:26.156342Z,2026-08-02T17:02:26.156342Z,7660.625973,7,0.18625,16.107382550336776,9.770421783235458,2.518,61.231884057971016,16.107382550336776,76.40883521862597,3,1,2,0,0.3333,False
ETHFI,2026-08-02T15:02:31.825Z,2026-08-02T15:02:31.825434Z,2026-08-02T17:02:31.825434Z,7654.956881,7,0.39990000000000003,5.001250312578981,6.2174882338370105,0.623,58.69565217391305,5.001250312578981,62.02667470037798,0,0,0,0,,False
FIL,2026-08-02T15:02:38.302Z,2026-08-02T15:02:38.302981Z,2026-08-02T17:02:38.302981Z,7648.479334,7,0.7178,16.717748676512816,4.572619874913124,1.053,57.608695652173914,16.717748676512816,64.28775664114058,3,0,3,0,1.0,False
HEI,2026-08-02T15:02:49.482Z,2026-08-02T15:02:49.482212Z,2026-08-02T17:02:49.482212Z,7637.300103,7,0.08255000000000001,12.113870381587262,25.180722891566248,1.84,71.01449275362319,12.113870381587262,68.83014677604693,0,0,0,0,,False
JTO,2026-08-02T15:02:56.396Z,2026-08-02T15:02:56.396853Z,2026-08-02T17:02:56.396853Z,7630.385462,7,0.48505,6.184929388723275,4.8314144736842035,-3.569,66.30434782608695,6.184929388723275,43.07997243175159,1,1,0,0,1.0,False
KITE,2026-08-02T15:03:02.014Z,2026-08-02T15:03:02.015057Z,2026-08-02T17:03:02.015057Z,7624.767258,7,0.09345,10.700909577314377,3.8461538461538525,-1.577,60.507246376811594,10.700909577314377,56.42532364652349,1,0,0,1,1.0,False
NEIRO,2026-08-02T15:03:16.375Z,2026-08-02T15:03:16.375930Z,2026-08-02T17:03:16.375930Z,7610.406385,7,6.276e-05,6.37348629700548,7.669949943484592,0.814,57.971014492753625,6.37348629700548,64.24570624966879,3,2,1,0,1.0,False
PAXG,2026-08-02T15:03:27.030Z,2026-08-02T15:03:27.030954Z,2026-08-02T17:03:27.030954Z,7599.751361,7,4058.565,0.02463925057309241,0.5933423390555753,0.321,59.78260869565217,0.02463925057309241,74.51869217843434,0,0,0,0,,False
POL,2026-08-02T15:03:32.429Z,2026-08-02T15:03:32.430274Z,2026-08-02T17:03:32.430274Z,7594.352041,7,0.07283999999999999,5.491488193300161,2.21093106289481,0.082,63.04347826086956,5.491488193300161,62.083842901603695,9,4,4,1,0.5556,False
REZ,2026-08-02T15:03:38.592Z,2026-08-02T15:03:38.592520Z,2026-08-02T17:03:38.592520Z,7588.189795,7,0.0026725000000000004,11.22544434050501,11.394302848575713,4.792,57.2463768115942,11.22544434050501,48.21031421053759,35,10,22,3,0.1429,False
RSR,2026-08-02T15:03:52.030Z,2026-08-02T15:03:52.030758Z,2026-08-02T17:03:52.030758Z,7574.751557,7,0.0012925,7.736943907157699,7.3245952197378585,3.018,69.20289855072464,7.736943907157699,61.90631885085361,0,0,0,0,,False
SAGA,2026-08-02T15:03:58.091Z,2026-08-02T15:03:58.091553Z,2026-08-02T17:03:58.091553Z,7568.690762,7,0.01316,15.197568389057134,10.829493087557616,5.34,69.92753623188406,15.197568389057134,62.11924446465066,4,4,0,0,0.5,False
SEI,2026-08-02T15:04:03.844Z,2026-08-02T15:04:03.844381Z,2026-08-02T17:04:03.844381Z,7562.937934,7,0.04121,4.853190973064593,3.1522793404461584,-0.338,68.84057971014492,4.853190973064593,71.27444086214645,3,3,0,0,1.0,False
SYRUP,2026-08-02T15:04:16.323Z,2026-08-02T15:04:16.323515Z,2026-08-02T17:04:16.323515Z,7550.4588,7,0.15505,6.449532408899644,3.313840155945433,-2.41,60.14492753623188,6.449532408899644,46.99904130249902,0,0,0,0,,False
TIA,2026-08-02T15:04:23.025Z,2026-08-02T15:04:23.026223Z,2026-08-02T17:04:23.026223Z,7543.756092,7,0.32675,3.0604437643454934,4.767726161369177,-0.668,63.405797101449274,3.0604437643454934,57.044230700351314,23,5,15,3,-0.1304,False
TLM,2026-08-02T15:04:29.921Z,2026-08-02T15:04:29.922116Z,2026-08-02T17:04:29.922116Z,7536.860199,7,0.0016495,18.187329493785782,5.491153142159854,0.986,70.65217391304348,18.187329493785782,59.89353930014752,0,0,0,0,,False
TST,2026-08-02T15:04:36.044Z,2026-08-02T15:04:36.044418Z,2026-08-02T17:04:36.044418Z,7530.737897,7,0.01111,18.00180018001727,11.021505376344088,-5.584,63.768115942028984,18.00180018001727,42.287577359746045,0,0,0,0,,False
TUT,2026-08-02T15:04:43.923Z,2026-08-02T15:04:43.923734Z,2026-08-02T17:04:43.923734Z,7522.858581,7,0.01745,22.92263610315093,7.01654306902454,-1.072,67.3913043478261,22.92263610315093,71.79828051432425,2,2,0,0,1.0,False
TWT,2026-08-02T15:04:52.144Z,2026-08-02T15:04:52.145080Z,2026-08-02T17:04:52.145080Z,7514.637235,7,0.3785,21.136063408190832,4.318418314255984,2.452,62.68115942028985,21.136063408190832,63.35384957213522,10,5,2,3,0.4,False
ZBT,2026-08-02T15:05:09.011Z,2026-08-02T15:05:09.012034Z,2026-08-02T17:05:09.012034Z,7497.770281,7,0.12204999999999999,8.193363375665946,10.945273631840788,5.236,62.31884057971015,8.193363375665946,62.34220611696581,0,0,0,0,,False
1000CHEEMS,2026-08-02T15:10:47.981Z,2026-08-02T15:10:47.981587Z,2026-08-02T17:10:47.981587Z,7758.204765,7,0.0004935,20.26342451874416,3.7344398340248857,-0.207,50.0,20.26342451874416,59.74077029619236,4,2,2,0,1.0,False
AR,2026-08-02T15:11:08.415Z,2026-08-02T15:11:08.415306Z,2026-08-02T17:11:08.415306Z,7737.771046,7,1.7425000000000002,5.7388809182215885,3.9013195639701697,0.057,47.10144927536232,5.7388809182215885,73.3480463135194,0,0,0,0,,False
BARD,2026-08-02T15:11:15.933Z,2026-08-02T15:11:15.933292Z,2026-08-02T17:11:15.933292Z,7730.25306,7,0.10675000000000001,9.367681498829308,6.6666666666666625,-5.836,46.73913043478261,9.367681498829308,47.87356007149243,0,0,0,0,,False
DASH,2026-08-02T15:11:31.299Z,2026-08-02T15:11:31.299750Z,2026-08-02T17:11:31.299750Z,7714.886602,7,31.265,9.59539421077919,3.5656922582717616,-1.237,52.89855072463768,9.59539421077919,65.2165813527938,0,0,0,0,,False
DOGS,2026-08-02T15:11:38.003Z,2026-08-02T15:11:38.003621Z,2026-08-02T17:11:38.003621Z,7708.182731,7,3.445e-05,11.611030478954898,5.473071324599715,-2.966,50.36231884057971,11.611030478954898,56.49766820212994,1,1,0,0,1.0,False
ENJ,2026-08-02T15:11:46.190Z,2026-08-02T15:11:46.190386Z,2026-08-02T17:11:46.190386Z,7699.995966,7,0.024825,4.0281973816729355,2.506063055780109,-1.198,49.63768115942029,4.0281973816729355,67.53659989593555,39,10,23,6,0.1795,False
FLOKI,2026-08-02T15:11:53.703Z,2026-08-02T15:11:53.703621Z,2026-08-02T17:11:53.703621Z,7692.482731,7,2.0450000000000002e-05,9.779951100244405,4.1075794621026995,-0.146,50.72463768115942,9.779951100244405,55.40293319245321,5,4,0,1,0.6,False
HEMI,2026-08-02T15:12:09.418Z,2026-08-02T15:12:09.418446Z,2026-08-02T17:12:09.418446Z,7676.767906,7,0.004745,21.07481559536268,4.175365344467634,1.268,46.3768115942029,21.07481559536268,73.92623426842479,1,0,1,0,1.0,False
HUMA,2026-08-02T15:12:17.258Z,2026-08-02T15:12:17.258497Z,2026-08-02T17:12:17.258497Z,7668.927855,7,0.018505,16.211834639286018,8.791208791208796,-5.895,51.81159420289855,16.211834639286018,30.941618258283146,2,1,0,1,1.0,False
IMX,2026-08-02T15:12:25.823Z,2026-08-02T15:12:25.823340Z,2026-08-02T17:12:25.823340Z,7660.363012,7,0.11205000000000001,8.924587237840504,4.140414041404134,1.461,47.82608695652174,8.924587237840504,69.56750378738022,11,7,3,1,0.8182,False
INIT,2026-08-02T15:12:31.650Z,2026-08-02T15:12:31.650584Z,2026-08-02T17:12:31.650584Z,7654.535768,7,0.05015,19.940179461615724,4.99999999999999,0.2,46.01449275362319,19.940179461615724,64.82818030145586,0,0,0,0,,False
KERNEL,2026-08-02T15:12:39.798Z,2026-08-02T15:12:39.799145Z,2026-08-02T17:12:39.799145Z,7646.387207,7,0.032049999999999995,31.201248049920732,6.289308176100635,-1.852,51.44927536231884,31.201248049920732,57.82027727503141,0,0,0,0,,False
MET,2026-08-02T15:12:59.691Z,2026-08-02T15:12:59.691422Z,2026-08-02T17:12:59.691422Z,7626.49493,7,0.16094999999999998,18.639328984156244,8.027380211574359,-6.787,53.98550724637681,18.639328984156244,44.78999868473009,1,1,0,0,1.0,False
MORPHO,2026-08-02T15:13:05.741Z,2026-08-02T15:13:05.742178Z,2026-08-02T17:13:05.742178Z,7620.444174,7,1.9340000000000002,10.341261633919345,3.4429599177800703,-1.268,53.26086956521739,10.341261633919345,41.43092303628204,3,2,1,0,0.6667,False
MUBARAK,2026-08-02T15:13:13.641Z,2026-08-02T15:13:13.641419Z,2026-08-02T17:13:13.641419Z,7612.544933,7,0.012705000000000001,7.870916961827096,11.021069692058347,-3.819,44.56521739130435,7.870916961827096,65.03921002345461,0,0,0,0,,False
ORCA,2026-08-02T15:13:33.514Z,2026-08-02T15:13:33.514564Z,2026-08-02T17:13:33.514564Z,7592.671788,7,1.0955,9.12825193975456,3.0219780219780343,-1.887,45.289855072463766,9.12825193975456,60.52317557192971,0,0,0,0,,False
PEOPLE,2026-08-02T15:13:40.410Z,2026-08-02T15:13:40.410645Z,2026-08-02T17:13:40.410645Z,7585.775707,7,0.007025,14.234875444839277,11.440677966101694,6.949,55.79710144927536,14.234875444839277,72.40804145261914,2,2,0,0,1.0,False
PNUT,2026-08-02T15:13:48.017Z,2026-08-02T15:13:48.017819Z,2026-08-02T17:13:48.017819Z,7578.168533,7,0.03945,25.348542458809344,4.859335038363168,-1.759,47.46376811594203,25.348542458809344,61.886504591733626,64,22,29,13,0.3125,False
PYTH,2026-08-02T15:13:56.098Z,2026-08-02T15:13:56.098830Z,2026-08-02T17:13:56.098830Z,7570.087522,7,0.039955000000000004,12.514078338130753,5.285678328718847,0.838,49.27536231884058,12.514078338130753,46.47213643342224,4,3,1,0,1.0,False
S,2026-08-02T15:14:01.579Z,2026-08-02T15:14:01.579669Z,2026-08-02T17:14:01.579669Z,7564.606683,7,0.021670000000000002,9.229349330873397,3.3953488372093097,-1.826,55.43478260869565,9.229349330873397,57.02948595614253,0,0,0,0,,
SAHARA,2026-08-02T15:14:09.861Z,2026-08-02T15:14:09.861624Z,2026-08-02T17:14:09.861624Z,7556.324728,7,0.007845,12.746972594008405,11.210191082802556,-0.254,52.53623188405797,12.746972594008405,53.45592981988994,1,1,0,0,1.0,False
SAPIEN,2026-08-02T15:14:21.736Z,2026-08-02T15:14:21.736784Z,2026-08-02T17:14:21.736784Z,7544.449568,7,0.08145,12.277470841007105,4.53431372549019,0.617,44.20289855072464,12.277470841007105,66.67639347051951,0,0,0,0,,False
STX,2026-08-02T15:14:33.755Z,2026-08-02T15:14:33.755474Z,2026-08-02T17:14:33.755474Z,7532.430878,7,0.13935,7.176175098671617,4.145818441744103,2.566,53.6231884057971,7.176175098671617,72.46008546633692,63,35,22,6,0.5397,False
THE,2026-08-02T15:14:41.979Z,2026-08-02T15:14:41.979987Z,2026-08-02T17:14:41.979987Z,7524.206365,7,0.05115,19.55034213098785,4.109589041095899,-1.351,48.55072463768116,19.55034213098785,58.34128197525789,14,9,3,2,0.5714,False
TOWNS,2026-08-02T15:14:49.666Z,2026-08-02T15:14:49.667151Z,2026-08-02T17:14:49.667151Z,7516.519201,7,0.002025,49.38271604938284,6.499999999999985,0.503,45.65217391304348,49.38271604938284,64.01059627468359,0,0,0,0,,False
TRB,2026-08-02T15:14:57.175Z,2026-08-02T15:14:57.175497Z,2026-08-02T17:14:57.175497Z,7509.010855,7,13.495000000000001,7.410151908113958,2.0771513353115676,-0.443,55.072463768115945,7.410151908113958,67.99103877024007,1,0,1,0,1.0,False
TURBO,2026-08-02T15:15:05.993Z,2026-08-02T15:15:05.994257Z,2026-08-02T17:15:05.994257Z,7500.192095,7,0.0008014999999999999,12.476606363069552,4.020100502512565,0.505,43.47826086956522,12.476606363069552,68.13588786348481,0,0,0,0,,False
XTZ,2026-08-02T15:15:15.890Z,2026-08-02T15:15:15.890821Z,2026-08-02T17:15:15.890821Z,7490.295531,7,0.2001,9.995002498749523,3.1452820768846728,-0.497,51.08695652173913,9.995002498749523,66.0520364664173,15,8,4,3,,False
ZK,2026-08-02T15:15:21.929Z,2026-08-02T15:15:21.930079Z,2026-08-02T17:15:21.930079Z,7484.256273,7,0.007755,12.894906511928383,3.7275064267352116,-1.269,56.52173913043478,12.894906511928383,61.1223733630813,4,4,0,0,,False
ACH,2026-08-02T15:21:08.327Z,2026-08-02T15:21:08.327333Z,2026-08-02T17:21:08.327333Z,7738.51062,7,0.004405,22.70147559591281,3.67816091954022,-2.902,41.30434782608695,22.70147559591281,58.864729620071664,3,2,0,1,,False
AVNT,2026-08-02T15:21:20.055Z,2026-08-02T15:21:20.055599Z,2026-08-02T17:21:20.055599Z,7726.782354,7,0.08235,12.14329083181577,3.15917375455649,-1.319,34.42028985507246,12.14329083181577,54.98812266699116,0,0,0,0,,False
AXS,2026-08-02T15:21:25.459Z,2026-08-02T15:21:25.459531Z,2026-08-02T17:21:25.459531Z,7721.378422,7,0.8285,12.07000603500303,2.4242424242424265,-1.198,30.07246376811594,12.07000603500303,63.61739963028548,0,0,0,0,,False
BANANAS31,2026-08-02T15:21:32.341Z,2026-08-02T15:21:32.341688Z,2026-08-02T17:21:32.341688Z,7714.496265,7,0.00716,13.966480446928017,4.010657691768345,-0.363,39.130434782608695,13.966480446928017,54.82975002913397,0,0,0,0,,
BIO,2026-08-02T15:21:39.822Z,2026-08-02T15:21:39.822426Z,2026-08-02T17:21:39.822426Z,7707.015527,7,0.02246,8.904719501335345,4.032258064516136,-2.062,38.04347826086956,8.904719501335345,67.115455419967,2,1,0,1,,False
BMT,2026-08-02T15:21:45.788Z,2026-08-02T15:21:45.788825Z,2026-08-02T17:21:45.788825Z,7701.049128,7,0.011655,8.58000858000823,5.736301369863018,-0.426,33.333333333333336,8.58000858000823,58.38414519354474,0,0,0,0,,False
CKB,2026-08-02T15:22:00.210Z,2026-08-02T15:22:00.211193Z,2026-08-02T17:22:00.211193Z,7686.62676,7,0.0008185,12.217470983505386,2.712700369913686,-0.613,34.05797101449275,12.217470983505386,61.54389982924319,11,2,7,2,,False
COOKIE,2026-08-02T15:22:07.549Z,2026-08-02T15:22:07.549717Z,2026-08-02T17:22:07.549717Z,7679.288236,7,0.00785,127.38853503184858,3.8961038961039063,-1.282,29.347826086956523,127.38853503184858,41.01316041577625,0,0,0,0,,False
EGLD,2026-08-02T15:22:19.306Z,2026-08-02T15:22:19.306754Z,2026-08-02T17:22:19.306754Z,7667.531199,7,2.6950000000000003,37.105751391466534,3.358208955223892,-1.832,41.666666666666664,37.105751391466534,65.22511891113783,19,13,4,2,,False
ENS,2026-08-02T15:22:25.852Z,2026-08-02T15:22:25.852672Z,2026-08-02T17:22:25.852672Z,7660.985281,7,4.245,23.55712603062376,2.836879432624116,-0.236,30.797101449275363,23.55712603062376,64.87832526831788,0,0,0,0,,False
ETC,2026-08-02T15:22:32.894Z,2026-08-02T15:22:32.894456Z,2026-08-02T17:22:32.894456Z,7653.943497,7,6.615,15.11715797430051,3.927492447129906,0.151,35.14492753623188,15.11715797430051,73.68250600237651,1,1,0,0,,False
GRT,2026-08-02T15:22:40.568Z,2026-08-02T15:22:40.568738Z,2026-08-02T17:22:40.568738Z,7646.269215,7,0.014435,6.92760651194984,3.4265734265734324,-0.625,38.768115942028984,6.92760651194984,66.83357269023801,29,5,12,12,,False
IO,2026-08-02T15:22:47.433Z,2026-08-02T15:22:47.433425Z,2026-08-02T17:22:47.433425Z,7639.404528,7,0.13215,22.701475595913333,3.9423805913570966,-2.079,39.492753623188406,22.701475595913333,60.20836649670978,1,1,0,0,,False
KAIA,2026-08-02T15:22:55.660Z,2026-08-02T15:22:55.661270Z,2026-08-02T17:22:55.661270Z,7631.176683,7,0.02635,37.95066413662216,4.166666666666668,-0.377,38.405797101449274,37.95066413662216,45.790077638962316,1,0,0,1,,False
LINEA,2026-08-02T15:23:10.031Z,2026-08-02T15:23:10.031970Z,2026-08-02T17:23:10.031970Z,7616.805983,7,0.0022225,4.499437570304309,3.7488708220415425,-0.673,37.31884057971015,4.499437570304309,68.994427415193,1,0,1,0,,False
NEO,2026-08-02T15:23:25.857Z,2026-08-02T15:23:25.857857Z,2026-08-02T17:23:25.857857Z,7600.980096,7,1.8265,5.4749520941685725,2.3076923076923097,-1.033,32.971014492753625,5.4749520941685725,67.45195924877899,0,0,0,0,,False
OPEN,2026-08-02T15:23:32.767Z,2026-08-02T15:23:32.767647Z,2026-08-02T17:23:32.767647Z,7594.070306,7,0.1755,11.396011396011723,3.972758229284907,-2.49,32.608695652173914,11.396011396011723,60.63216109608308,23,11,11,1,,False
PARTI,2026-08-02T15:23:47.490Z,2026-08-02T15:23:47.491059Z,2026-08-02T17:23:47.491059Z,7579.346894,7,0.02375,42.10526315789594,5.106382978723403,-3.292,35.869565217391305,42.10526315789594,54.41595804285694,9,9,0,0,,False
PHA,2026-08-02T15:23:55.755Z,2026-08-02T15:23:55.755705Z,2026-08-02T17:23:55.755705Z,7571.082248,7,0.01985,50.37783375314831,3.535353535353531,-1.0,34.78260869565217,50.37783375314831,60.49837175783571,0,0,0,0,,False
PLUME,2026-08-02T15:24:02.410Z,2026-08-02T15:24:02.411033Z,2026-08-02T17:24:02.411033Z,7564.42692,7,0.010905,27.51031636863712,5.636363636363628,-1.434,39.85507246376812,27.51031636863712,62.55955418568774,0,0,0,0,,False
QNT,2026-08-02T15:24:10.121Z,2026-08-02T15:24:10.121886Z,2026-08-02T17:24:10.121886Z,7556.716067,7,60.30500000000001,11.607661056297202,2.7040395713108003,-2.177,36.231884057971016,11.607661056297202,32.86770778438861,66,21,36,9,,False
RAY,2026-08-02T15:24:15.684Z,2026-08-02T15:24:15.685257Z,2026-08-02T17:24:15.685257Z,7551.152696,7,0.6086,9.858692080184767,3.624979403526101,-0.508,35.507246376811594,9.858692080184767,54.18741571839973,18,9,9,0,,False
RESOLV,2026-08-02T15:24:22.862Z,2026-08-02T15:24:22.863026Z,2026-08-02T17:24:22.863026Z,7543.974927,7,0.015355,6.512536633018295,3.624595469255662,-2.153,36.594202898550726,6.512536633018295,53.514207002037395,0,0,0,0,,
SHELL,2026-08-02T15:24:30.736Z,2026-08-02T15:24:30.737005Z,2026-08-02T17:24:30.737005Z,7536.100948,7,0.01815,55.09641873278204,3.3333333333333326,-2.703,28.26086956521739,55.09641873278204,35.85666852158559,0,0,0,0,,
SKY,2026-08-02T15:24:43.968Z,2026-08-02T15:24:43.968844Z,2026-08-02T17:24:43.968844Z,7522.869109,7,0.055760000000000004,7.173601147777135,2.5277877375403395,-0.482,33.69565217391305,7.173601147777135,61.40078486760986,15,1,13,1,,False
SNX,2026-08-02T15:24:51.746Z,2026-08-02T15:24:51.746286Z,2026-08-02T17:24:51.746286Z,7515.091667,7,0.2105,47.50593824228033,4.761904761904766,-4.11,37.68115942028985,47.50593824228033,49.57549689610293,3,3,0,0,,False
SOMI,2026-08-02T15:24:58.826Z,2026-08-02T15:24:58.826534Z,2026-08-02T17:24:58.826534Z,7508.011419,7,0.08355,11.968880909633631,3.4730538922155683,-2.225,40.94202898550725,11.968880909633631,61.17846581676477,0,0,0,0,,False
W,2026-08-02T15:25:23.306Z,2026-08-02T15:25:23.306425Z,2026-08-02T17:25:23.306425Z,7483.531528,7,0.008135,12.292562999384872,4.444444444444435,0.496,28.985507246376812,12.292562999384872,66.15366146851736,1,0,0,1,,False
1MBABYDOGE,2026-08-02T15:31:02.264Z,2026-08-02T15:31:02.264941Z,2026-08-02T17:31:02.264941Z,7745.037182,7,0.0003074,19.518542615485185,2.9268292682926833,0.261,26.08695652173913,19.518542615485185,69.35229341397589,0,0,0,0,,
ALT,2026-08-02T15:31:10.383Z,2026-08-02T15:31:10.383955Z,2026-08-02T17:31:10.383955Z,7736.918168,7,0.005745,17.40644038294098,4.347826086956526,-1.033,19.565217391304348,17.40644038294098,46.09145576661853,0,0,0,0,,False
API3,2026-08-02T15:31:17.660Z,2026-08-02T15:31:17.661171Z,2026-08-02T17:31:17.661171Z,7729.640952,7,0.19140000000000001,10.449320794148678,2.849604221635892,-0.42,24.27536231884058,10.449320794148678,40.865394199381804,0,0,0,0,,
ARKM,2026-08-02T15:31:25.224Z,2026-08-02T15:31:25.224359Z,2026-08-02T17:31:25.224359Z,7722.077764,7,0.09445,10.587612493383045,3.4261241970021503,-1.788,17.028985507246375,10.587612493383045,61.34489834180453,3,2,1,0,,False
BB,2026-08-02T15:31:30.409Z,2026-08-02T15:31:30.409862Z,2026-08-02T17:31:30.409862Z,7716.892261,7,0.014280000000000001,28.011204481792788,6.005586592178769,-3.634,20.652173913043477,28.011204481792788,55.84820487216877,1,1,0,0,,False
BEAMX,2026-08-02T15:31:37.240Z,2026-08-02T15:31:37.240602Z,2026-08-02T17:31:37.240602Z,7710.061521,7,0.0014395,20.84056964223664,3.321799307958483,0.417,17.391304347826086,20.84056964223664,53.20223549074854,0,0,0,0,,True
BERA,2026-08-02T15:31:43.746Z,2026-08-02T15:31:43.746499Z,2026-08-02T17:31:43.746499Z,7703.555624,7,0.15455,6.470397929471951,3.4663178548070626,-0.52,25.36231884057971,6.470397929471951,68.28049616411249,0,0,0,0,,False
BLUR,2026-08-02T15:31:51.053Z,2026-08-02T15:31:51.053619Z,2026-08-02T17:31:51.053619Z,7696.248504,7,0.013925,7.181328545780677,3.188405797101445,-1.849,13.768115942028986,7.181328545780677,56.51608038480794,0,0,0,0,,False
C,2026-08-02T15:31:58.011Z,2026-08-02T15:31:58.011896Z,2026-08-02T17:31:58.011896Z,7689.290227,7,0.05205,19.21229586935694,4.536862003780717,-3.467,19.202898550724637,19.21229586935694,55.14019543578138,0,0,0,0,,False
CETUS,2026-08-02T15:32:05.393Z,2026-08-02T15:32:05.393539Z,2026-08-02T17:32:05.393539Z,7681.908584,7,0.0178,11.235955056179316,3.664036076662916,0.624,20.28985507246377,11.235955056179316,71.96458928682237,0,0,0,0,,False
CGPT,2026-08-02T15:32:12.144Z,2026-08-02T15:32:12.144809Z,2026-08-02T17:32:12.144809Z,7675.157314,7,0.01841,10.863661053774681,4.000000000000008,-2.197,27.17391304347826,10.863661053774681,40.89382952136389,0,0,0,0,,False
COW,2026-08-02T15:32:19.430Z,2026-08-02T15:32:19.430489Z,2026-08-02T17:32:19.430489Z,7667.871634,7,0.11405,8.7680841736071,3.8800705467372145,-1.988,18.47826086956522,8.7680841736071,59.515109530789324,1,1,0,0,,False
CVX,2026-08-02T15:32:26.425Z,2026-08-02T15:32:26.425736Z,2026-08-02T17:32:26.425736Z,7660.876387,7,1.2955,23.157082207640997,8.371735791090645,2.925,26.81159420289855,23.157082207640997,50.580854012910315,0,0,0,0,,False
EURI,2026-08-02T15:32:37.633Z,2026-08-02T15:32:37.633420Z,2026-08-02T17:32:37.633420Z,7649.668703,7,1.15195,21.702330830330716,0.39072675175828525,-0.052,15.579710144927537,21.702330830330716,62.94364306452894,0,0,0,0,,
FORM,2026-08-02T15:32:44.173Z,2026-08-02T15:32:44.174072Z,2026-08-02T17:32:44.174072Z,7643.128051,7,0.201,9.950248756219189,4.019607843137248,-0.244,22.82608695652174,9.950248756219189,71.95124127368733,8,8,0,0,,False
GMT,2026-08-02T15:32:58.222Z,2026-08-02T15:32:58.222769Z,2026-08-02T17:32:58.222769Z,7629.079354,7,0.006725,14.869888475835825,3.748125937031488,0.452,14.855072463768115,14.869888475835825,65.99068826673515,0,0,0,0,,False
GUN,2026-08-02T15:33:05.511Z,2026-08-02T15:33:05.511710Z,2026-08-02T17:33:05.511710Z,7621.790413,7,0.002935,34.071550255536714,5.5555555555555545,-3.679,25.72463768115942,34.071550255536714,45.32272103105107,13,13,0,0,,False
HMSTR,2026-08-02T15:33:12.167Z,2026-08-02T15:33:12.168102Z,2026-08-02T17:33:12.168102Z,7615.134021,7,0.00016755,5.9683676514474735,3.055721989215092,-0.832,21.73913043478261,5.9683676514474735,38.48699632110316,0,0,0,0,,False
IOTA,2026-08-02T15:33:20.034Z,2026-08-02T15:33:20.034915Z,2026-08-02T17:33:20.034915Z,7607.267208,7,0.033350000000000005,29.98500749625065,3.951367781155023,0.92,21.3768115942029,29.98500749625065,71.21235952499042,0,0,0,0,,False
KMNO,2026-08-02T15:33:27.580Z,2026-08-02T15:33:27.580600Z,2026-08-02T17:33:27.580600Z,7599.721523,7,0.018095,5.5263885051136015,2.780867630700781,-1.963,27.536231884057973,5.5263885051136015,41.678978531579716,11,11,0,0,,False
LAYER,2026-08-02T15:33:32.682Z,2026-08-02T15:33:32.683142Z,2026-08-02T17:33:32.683142Z,7594.618981,7,0.061149999999999996,16.353229762877504,2.467105263157897,-1.459,16.304347826086957,16.353229762877504,53.49877023096647,0,0,0,0,,False
MANTA,2026-08-02T15:33:46.994Z,2026-08-02T15:33:46.994326Z,2026-08-02T17:33:46.994326Z,7580.307797,7,0.05792,13.812154696132035,3.3616357650320645,-2.73,25.0,13.812154696132035,41.36910810356957,2,0,1,1,,False
MITO,2026-08-02T15:33:53.808Z,2026-08-02T15:33:53.808607Z,2026-08-02T17:33:53.808607Z,7573.493516,7,0.021835,13.739409205405195,4.059040590405898,0.697,17.753623188405797,13.739409205405195,68.98521409730492,0,0,0,0,,True
NOT,2026-08-02T15:34:01.290Z,2026-08-02T15:34:01.290918Z,2026-08-02T17:34:01.290918Z,7566.011205,7,0.0003485,28.69440459110543,3.2640949554896292,0.298,14.130434782608695,28.69440459110543,66.42445820687449,16,16,0,0,,False
ONT,2026-08-02T15:34:08.600Z,2026-08-02T15:34:08.600921Z,2026-08-02T17:34:08.600921Z,7558.701202,7,0.0377,26.525198938990965,2.675943270002678,-2.173,23.18840579710145,26.525198938990965,45.11208327573176,13,8,4,1,,False
SKL,2026-08-02T15:34:15.651Z,2026-08-02T15:34:15.651330Z,2026-08-02T17:34:15.651330Z,7551.650793,7,0.003735,80.3212851405613,8.266666666666678,2.74,18.115942028985508,80.3212851405613,53.71901823933551,0,0,0,0,,False
SOLV,2026-08-02T15:34:20.765Z,2026-08-02T15:34:20.766137Z,2026-08-02T17:34:20.766137Z,7546.535986,7,0.002385,41.9287211740043,5.531914893617016,-2.083,23.55072463768116,41.9287211740043,54.853494942072906,1,0,0,1,,False
SPK,2026-08-02T15:34:27.675Z,2026-08-02T15:34:27.675671Z,2026-08-02T17:34:27.675671Z,7539.626452,7,0.0158605,4.4134800290029075,1.9440762481853138,-1.394,22.463768115942027,4.4134800290029075,31.951508608481756,64,15,34,15,,False
SXT,2026-08-02T15:34:35.088Z,2026-08-02T15:34:35.088443Z,2026-08-02T17:34:35.088443Z,7532.21368,7,0.00695,28.776978417266267,4.617604617604617,1.168,13.405797101449275,28.776978417266267,48.86712698566349,0,0,0,0,,False
THETA,2026-08-02T15:34:41.824Z,2026-08-02T15:34:41.824715Z,2026-08-02T17:34:41.824715Z,7525.477408,7,0.12535000000000002,7.977662544875686,3.373493975903622,-0.955,18.840579710144926,7.977662544875686,64.22136840024636,2,1,0,1,,False
TREE,2026-08-02T15:34:49.003Z,2026-08-02T15:34:49.004133Z,2026-08-02T17:34:49.004133Z,7518.29799,7,0.03425,29.197080291969613,4.6647230320699835,-3.38,22.10144927536232,29.197080291969613,50.98940435444243,0,0,0,0,,False
TURTLE,2026-08-02T15:34:56.214Z,2026-08-02T15:34:56.214586Z,2026-08-02T17:34:56.214586Z,7511.087537,7,0.042550000000000004,23.501762632196456,5.8411214953270925,2.885,26.44927536231884,23.501762632196456,66.8926519340016,2,2,0,0,,False
USUAL,2026-08-02T15:35:03.124Z,2026-08-02T15:35:03.125015Z,2026-08-02T17:35:03.125015Z,7504.177108,7,0.007825,12.77955271565443,4.7314578005115155,1.558,23.91304347826087,12.77955271565443,65.82728106927775,13,13,0,0,,False
XVG,2026-08-02T15:35:16.235Z,2026-08-02T15:35:16.235937Z,2026-08-02T17:35:16.235937Z,7491.066186,7,0.0019215,5.204267499350157,2.8750653423941412,-0.416,16.666666666666668,5.204267499350157,51.625778007157365,68,12,21,35,,False
YGG,2026-08-02T15:35:23.125Z,2026-08-02T15:35:23.126157Z,2026-08-02T17:35:23.126157Z,7484.175966,7,0.01819,10.995052226497627,3.539823008849567,0.166,24.63768115942029,10.995052226497627,66.04417495852972,0,0,0,0,,False
1INCH,2026-08-02T15:41:00.049Z,2026-08-02T15:41:00.049744Z,2026-08-02T17:41:00.049744Z,7745.78766,7,0.08145,12.277470841007105,4.054054054054051,0.494,3.260869565217391,12.277470841007105,45.11966814110043,0,0,0,0,,False
A,2026-08-02T15:41:07.813Z,2026-08-02T15:41:07.813668Z,2026-08-02T17:41:07.813668Z,7738.023736,7,0.06415,46.76539360872872,3.1446540880503173,1.597,2.536231884057971,46.76539360872872,48.66336577496762,0,0,0,0,,False
ANIME,2026-08-02T15:41:17.354Z,2026-08-02T15:41:17.354407Z,2026-08-02T17:41:17.354407Z,7728.482997,7,0.002425,41.23711340206196,2.8925619834710643,-1.224,5.434782608695652,41.23711340206196,56.45053762538316,0,0,0,0,,False
AT,2026-08-02T15:41:23.710Z,2026-08-02T15:41:23.710915Z,2026-08-02T17:41:23.710915Z,7722.126489,7,0.1369,29.21840759678681,6.705969049373637,-3.691,13.043478260869565,29.21840759678681,39.568609431086585,1,1,0,0,,False
AUCTION,2026-08-02T15:41:30.746Z,2026-08-02T15:41:30.746540Z,2026-08-02T17:41:30.746540Z,7715.090864,7,2.9939999999999998,20.04008016031992,2.0073603211776385,-0.961,4.7101449275362315,20.04008016031992,47.969737921199425,0,0,0,0,,False
BTC,2026-08-02T15:41:42.224Z,2026-08-02T15:41:42.224724Z,2026-08-02T17:41:42.224724Z,7703.61268,7,63278.295,0.0015803207090262575,2.145311446460616,0.069,100.0,0.0015803207090262575,67.78511063684641,31,10,13,8,,False
COMP,2026-08-02T15:41:54.980Z,2026-08-02T15:41:54.980697Z,2026-08-02T17:41:54.980697Z,7690.856707,7,16.42,24.360535931792143,1.2704174228675187,-0.302,1.8115942028985508,24.360535931792143,41.74103419460651,22,12,8,2,,False
CYBER,2026-08-02T15:42:01.577Z,2026-08-02T15:42:01.577949Z,2026-08-02T17:42:01.577949Z,7684.259455,7,0.302,66.22516556291397,2.317880794701989,-0.984,0.36231884057971014,66.22516556291397,60.67585073461217,0,0,0,0,,False
ETH,2026-08-02T15:42:06.791Z,2026-08-02T15:42:06.791543Z,2026-08-02T17:42:06.791543Z,7679.045861,7,1868.0149999999999,0.05353276071118757,3.3749791052180416,-0.666,99.6376811594203,0.05353276071118757,65.71329030803086,42,20,16,6,,False
F,2026-08-02T15:42:13.688Z,2026-08-02T15:42:13.689027Z,2026-08-02T17:42:13.689027Z,7672.148377,7,0.002835,35.273368606702036,3.597122302158283,-2.797,7.246376811594203,35.273368606702036,36.710659360747506,0,0,0,0,,
FF,2026-08-02T15:42:19.389Z,2026-08-02T15:42:19.389783Z,2026-08-02T17:42:19.389783Z,7666.447621,7,0.06489500000000001,10.78665536636114,1.5624999999999953,-0.691,11.956521739130435,10.78665536636114,66.54426656422366,0,0,0,0,,False
FLUX,2026-08-02T15:42:26.420Z,2026-08-02T15:42:26.420708Z,2026-08-02T17:42:26.420708Z,7659.416696,7,0.039349999999999996,25.412960609910023,3.084832904884318,-1.269,3.6231884057971016,25.412960609910023,45.429524034823366,1,1,0,0,,False
GPS,2026-08-02T15:42:32.928Z,2026-08-02T15:42:32.928557Z,2026-08-02T17:42:32.928557Z,7652.908847,7,0.0094,21.276595744679984,3.743315508021386,-1.371,9.057971014492754,21.276595744679984,47.074395589265556,0,0,0,0,,
HAEDAL,2026-08-02T15:42:40.005Z,2026-08-02T15:42:40.005354Z,2026-08-02T17:42:40.005354Z,7645.83205,7,0.01516,26.3852242744064,2.1739130434782634,-0.914,6.521739130434782,26.3852242744064,43.73885348200657,0,0,0,0,,False
HIVE,2026-08-02T15:42:47.279Z,2026-08-02T15:42:47.279348Z,2026-08-02T17:42:47.279348Z,7638.558056,7,0.042300000000000004,47.28132387706827,3.0805687203791527,-0.706,2.1739130434782608,47.28132387706827,47.017685717052544,1,1,0,0,,False
HOLO,2026-08-02T15:42:51.982Z,2026-08-02T15:42:51.983084Z,2026-08-02T17:42:51.983084Z,7633.85432,7,0.0663,30.165912518854558,4.006163328197234,-1.815,12.681159420289855,30.165912518854558,56.333622228151,1,1,0,0,,False
ILV,2026-08-02T15:42:58.361Z,2026-08-02T15:42:58.362159Z,2026-08-02T17:42:58.362159Z,7627.475245,7,2.8499999999999996,70.1754385964913,4.912280701754391,0.0,2.898550724637681,70.1754385964913,52.711804932967866,0,0,0,0,,False
LA,2026-08-02T15:43:05.800Z,2026-08-02T15:43:05.800670Z,2026-08-02T17:43:05.800670Z,7620.036734,7,0.047799999999999995,41.84100418410017,7.515657620041752,-5.149,9.420289855072463,41.84100418410017,51.3247318358202,0,0,0,0,,False
NEWT,2026-08-02T15:43:12.418Z,2026-08-02T15:43:12.418994Z,2026-08-02T17:43:12.418994Z,7613.41841,7,0.039900000000000005,50.12531328320772,3.0075187969924806,-1.724,0.7246376811594203,50.12531328320772,60.55366721772982,1,1,0,0,,False
NMR,2026-08-02T15:43:17.693Z,2026-08-02T15:43:17.693356Z,2026-08-02T17:43:17.693356Z,7608.144048,7,8.535,11.716461628587917,1.1682242990654372,-0.696,1.0869565217391304,11.716461628587917,50.46731332083162,0,0,0,0,,False
NXPC,2026-08-02T15:43:25.343Z,2026-08-02T15:43:25.343397Z,2026-08-02T17:43:25.343397Z,7600.494007,7,0.2405,24.94802494802451,3.374485596707813,-2.839,11.594202898550725,24.94802494802451,53.4239551964578,0,0,0,0,,False
PIXEL,2026-08-02T15:43:35.718Z,2026-08-02T15:43:35.719287Z,2026-08-02T17:43:35.719287Z,7590.118117,7,0.004035,24.78314745972852,6.188118811881172,0.748,9.782608695652174,24.78314745972852,62.528049849635394,63,20,31,12,,False
PROVE,2026-08-02T15:43:42.256Z,2026-08-02T15:43:42.257140Z,2026-08-02T17:43:42.257140Z,7583.580264,7,0.16795,5.9541530217336565,2.688172043010755,-2.448,5.072463768115942,5.9541530217336565,54.68388807373407,0,0,0,0,,False
RARE,2026-08-02T15:43:49.015Z,2026-08-02T15:43:49.015225Z,2026-08-02T17:43:49.015225Z,7576.822179,7,0.011935,8.37871805613707,2.618243243243239,-0.921,10.144927536231885,8.37871805613707,35.96655557807856,0,0,0,0,,False
RED,2026-08-02T15:43:55.971Z,2026-08-02T15:43:55.972121Z,2026-08-02T17:43:55.972121Z,7569.865283,7,0.0881,22.701475595914385,3.3975084937712374,-0.675,8.695652173913043,22.701475595914385,60.014816342504766,1,1,0,0,,False
RPL,2026-08-02T15:44:02.785Z,2026-08-02T15:44:02.785902Z,2026-08-02T17:44:02.785902Z,7563.051502,7,1.5550000000000002,64.30868167202577,4.5161290322580685,0.649,7.608695652173913,64.30868167202577,41.85031923803233,2,2,0,0,,False
SOL,2026-08-02T15:44:08.273Z,2026-08-02T15:44:08.273302Z,2026-08-02T17:44:08.273302Z,7557.564102,7,73.305,1.364163426779226,4.225545342296609,0.014,98.91304347826087,1.364163426779226,64.03689511578634,35,18,12,5,,False
SOPH,2026-08-02T15:44:15.207Z,2026-08-02T15:44:15.208128Z,2026-08-02T17:44:15.208128Z,7550.629276,7,0.003915,25.542784163472778,3.32480818414322,-2.736,6.884057971014493,25.542784163472778,24.79279331280279,0,0,0,0,,
STEEM,2026-08-02T15:44:21.628Z,2026-08-02T15:44:21.629290Z,2026-08-02T17:44:21.629290Z,7544.208114,7,0.036059999999999995,16.638935108152403,3.484806244772794,-3.367,8.333333333333334,16.638935108152403,39.847323522764896,0,0,0,0,,False
UMA,2026-08-02T15:44:28.415Z,2026-08-02T15:44:28.415600Z,2026-08-02T17:44:28.415600Z,7537.421804,7,0.3375,29.629629629629655,2.6470588235293975,-0.293,1.4492753623188406,29.629629629629655,55.445225306938234,0,0,0,0,,False
USD1,2026-08-02T15:44:31.375Z,2026-08-02T15:44:31.375929Z,2026-08-02T17:44:31.375929Z,7534.461475,7,0.99925,1.0007505629220814,0.0400280196137252,0.02,99.27536231884058,1.0007505629220814,82.0177546091384,1,0,0,1,,False
VELODROME,2026-08-02T15:44:38.850Z,2026-08-02T15:44:38.850972Z,2026-08-02T17:44:38.850972Z,7526.986432,7,0.016419999999999997,48.72107186358114,3.07599517490953,-2.871,6.159420289855072,48.72107186358114,37.22241779192836,0,0,0,0,,
WAL,2026-08-02T15:44:45.934Z,2026-08-02T15:44:45.934360Z,2026-08-02T17:44:45.934360Z,7519.903044,7,0.02525,39.60396039603936,3.9525691699604777,-2.317,12.318840579710145,39.60396039603936,49.77656516548661,0,0,0,0,,False
WCT,2026-08-02T15:44:52.507Z,2026-08-02T15:44:52.507609Z,2026-08-02T17:44:52.507609Z,7513.329795,7,0.03559,11.239112110144792,3.5383319292333537,-3.102,10.507246376811594,11.239112110144792,54.19082886082459,2,2,0,0,,False
YB,2026-08-02T15:44:59.249Z,2026-08-02T15:44:59.249256Z,2026-08-02T17:44:59.249256Z,7506.588148,7,0.06570000000000001,30.441400304412756,2.607361963190195,-0.153,5.797101449275362,30.441400304412756,56.86663601283367,0,0,0,0,,True
BNB,2026-08-02T15:50:56.908Z,2026-08-02T15:50:56.909171Z,2026-08-02T17:50:56.909171Z,7748.419259,7,587.245,0.1702866776216214,2.3743731450209733,1.608,98.55072463768116,0.1702866776216214,65.44244821953134,16,9,5,2,,False
COTI,2026-08-02T15:51:03.289Z,2026-08-02T15:51:03.289207Z,2026-08-02T17:51:03.289207Z,7742.039223,7,0.013340000000000001,29.985007496251953,18.7308868501529,-11.8,88.04347826086956,29.985007496251953,53.51470807564283,2,2,0,0,,False
DOGE,2026-08-02T15:51:08.619Z,2026-08-02T15:51:08.620186Z,2026-08-02T17:51:08.620186Z,7736.708244,7,0.070525,1.4179369018073198,4.122831959056014,0.314,91.66666666666667,1.4179369018073198,69.82350393389726,37,22,11,4,,False
ENA,2026-08-02T15:51:13.150Z,2026-08-02T15:51:13.151215Z,2026-08-02T17:51:13.151215Z,7732.177215,7,0.08935,11.191941801901397,12.13151927437642,9.023,96.73913043478261,11.191941801901397,75.36201149121125,23,11,1,11,,False
EUL,2026-08-02T15:51:18.191Z,2026-08-02T15:51:18.191545Z,2026-08-02T17:51:18.191545Z,7727.136885,7,1.4224999999999999,21.089630931457936,16.319444444444436,-8.571,87.68115942028986,21.089630931457936,40.95656080236456,17,2,15,0,,False
EUR,2026-08-02T15:51:21.027Z,2026-08-02T15:51:21.027913Z,2026-08-02T17:51:21.027913Z,7724.300517,7,1.1526,1.7352073572790037,0.6940829429116785,0.009,94.56521739130434,1.7352073572790037,64.01397939192026,0,0,0,0,,False
FDUSD,2026-08-02T15:51:25.045Z,2026-08-02T15:51:25.045690Z,2026-08-02T17:51:25.045690Z,7720.28274,7,0.99725,1.0027575833541138,0.060162438584181785,0.01,96.3768115942029,1.0027575833541138,62.94732205081521,0,0,0,0,,False
FET,2026-08-02T15:51:29.525Z,2026-08-02T15:51:29.525330Z,2026-08-02T17:51:29.525330Z,7715.8031,7,0.14195,7.044734061288411,4.446012702893437,0.283,88.76811594202898,7.044734061288411,72.99190346674702,7,3,4,0,,False
GIGGLE,2026-08-02T15:51:34.039Z,2026-08-02T15:51:34.040133Z,2026-08-02T17:51:34.040133Z,7711.288297,7,42.295,11.821728336682149,20.719424460431654,5.757,90.21739130434783,11.821728336682149,72.36396123678152,1,1,0,0,,False
HOME,2026-08-02T15:51:39.369Z,2026-08-02T15:51:39.370189Z,2026-08-02T17:51:39.370189Z,7705.958241,7,0.008969999999999999,22.2965440356755,37.92697290930507,43.655,93.1159420289855,22.2965440356755,81.93486569476048,9,6,1,2,,False
INJ,2026-08-02T15:51:49.187Z,2026-08-02T15:51:49.187704Z,2026-08-02T17:51:49.187704Z,7696.140726,7,4.98,4.0160642570276694,3.4136546184738936,1.508,86.59420289855072,4.0160642570276694,65.6355916272009,28,15,12,1,,False
JUP,2026-08-02T15:51:54.895Z,2026-08-02T15:51:54.895461Z,2026-08-02T17:51:54.895461Z,7690.432969,7,0.19645,5.090353779588534,5.64885496183206,2.933,88.40579710144928,5.090353779588534,77.56569920012427,14,3,7,4,,False
KAITO,2026-08-02T15:51:59.473Z,2026-08-02T15:51:59.473525Z,2026-08-02T17:51:59.473525Z,7685.854905,7,1.05975,23.590469450341562,18.549524974132257,-5.477,90.57971014492753,23.590469450341562,56.756591587905014,18,14,0,4,,False
LINK,2026-08-02T15:52:05.439Z,2026-08-02T15:52:05.439843Z,2026-08-02T17:52:05.439843Z,7679.888587,7,8.3255,1.2011290613191066,6.357263717669808,2.098,96.01449275362319,1.2011290613191066,72.60651807640524,29,20,7,2,,False
LTC,2026-08-02T15:52:09.978Z,2026-08-02T15:52:09.978339Z,2026-08-02T17:52:09.978339Z,7675.350091,7,44.945,2.224941595284262,2.8392577688352247,1.406,90.94202898550725,2.224941595284262,59.52883922700165,35,20,13,2,,False
PENGU,2026-08-02T15:52:22.488Z,2026-08-02T15:52:22.488445Z,2026-08-02T17:52:22.488445Z,7662.839985,7,0.0061945,1.6143352974414926,6.324813976059525,3.655,92.02898550724638,1.6143352974414926,59.47035926850621,12,4,6,2,,False
PEPE,2026-08-02T15:52:27.449Z,2026-08-02T15:52:27.449862Z,2026-08-02T17:52:27.449862Z,7657.878568,7,2.905e-06,34.423407917383486,8.275862068965525,4.317,95.65217391304348,34.423407917383486,68.61927919282031,17,16,1,0,,False
PUMP,2026-08-02T15:52:32.057Z,2026-08-02T15:52:32.057956Z,2026-08-02T17:52:32.057956Z,7653.270474,7,0.0021495,4.652244708072263,11.375291375291367,1.275,92.7536231884058,4.652244708072263,62.44970685467419,10,6,1,3,,False
SHIB,2026-08-02T15:52:37.381Z,2026-08-02T15:52:37.381965Z,2026-08-02T17:52:37.381965Z,7647.946465,7,4.965e-06,20.140986908358318,7.414829659318635,-2.539,86.95652173913044,20.140986908358318,64.38969953661652,17,6,8,3,,False
SUI,2026-08-02T15:52:42.182Z,2026-08-02T15:52:42.182504Z,2026-08-02T17:52:42.182504Z,7643.145926,7,0.69045,1.448330798754276,4.48215839860749,0.952,97.10144927536231,1.448330798754276,73.03497567359908,24,11,12,1,,False
SYN,2026-08-02T15:52:47.451Z,2026-08-02T15:52:47.451859Z,2026-08-02T17:52:47.451859Z,7637.876571,7,0.091175,14.258294488621344,10.955500338829909,-0.918,85.8695652173913,14.258294488621344,55.753320996305014,60,19,12,29,,False
TAO,2026-08-02T15:52:52.173Z,2026-08-02T15:52:52.173694Z,2026-08-02T17:52:52.173694Z,7633.154736,7,192.64999999999998,5.190760446405104,3.165542293720807,0.052,87.31884057971014,5.190760446405104,67.88543437671082,20,15,2,3,,False
TRX,2026-08-02T15:52:57.120Z,2026-08-02T15:52:57.120233Z,2026-08-02T17:52:57.120233Z,7628.208197,7,0.32715,3.0567018187372454,0.9168704156479225,-0.305,94.20289855072464,3.0567018187372454,55.323275655355154,17,11,3,3,,False
UNI,2026-08-02T15:53:05.497Z,2026-08-02T15:53:05.498029Z,2026-08-02T17:53:05.498029Z,7619.830401,7,4.1625,2.402402402403205,6.619047619047609,2.289,93.47826086956522,2.402402402403205,70.91097142283591,24,10,5,9,,False
XLM,2026-08-02T15:53:10.713Z,2026-08-02T15:53:10.714038Z,2026-08-02T17:53:10.714038Z,7614.614392,7,0.17404999999999998,5.7454754380934645,5.103211009174307,1.929,91.30434782608695,5.7454754380934645,63.27610235839038,69,39,23,7,,False
XRP,2026-08-02T15:53:15.875Z,2026-08-02T15:53:15.875281Z,2026-08-02T17:53:15.875281Z,7609.453149,7,1.08115,0.9249410350089162,3.5562141137247627,1.561,98.18840579710145,0.9249410350089162,61.49072200642596,48,23,17,8,,False
ZEC,2026-08-02T15:53:20.562Z,2026-08-02T15:53:20.562669Z,2026-08-02T17:53:20.562669Z,7604.765761,7,470.87,2.548474101132044,4.099821746880569,0.089,93.84057971014492,2.548474101132044,62.6558916851312,21,15,4,2,,False
ZRO,2026-08-02T15:53:25.363Z,2026-08-02T15:53:25.364112Z,2026-08-02T17:53:25.364112Z,7599.964318,7,0.7264999999999999,13.764624913971108,3.9189189189189224,0.68,89.85507246376811,13.764624913971108,72.92788758931019,5,4,1,0,,False
BONK,2026-08-02T15:59:24.108Z,2026-08-02T15:59:24.108541Z,2026-08-02T17:59:24.108541Z,7241.219889,7,2.8950000000000002e-06,34.542314335061576,7.931034482758617,3.943,72.10144927536231,34.542314335061576,73.28181298205473,4,4,0,0,,False
EPIC,2026-08-02T15:59:50.206Z,2026-08-02T15:59:50.206753Z,2026-08-02T17:59:50.206753Z,7215.121677,7,0.90005,9.999444475307058,11.227561601070354,-2.596,80.43478260869566,9.999444475307058,46.33098100347884,2,2,0,0,,False
ORDI,2026-08-02T16:00:55.305Z,2026-08-02T16:00:55.305352Z,2026-08-02T18:00:55.305352Z,7752.396959,7,3.5324999999999998,8.492569002122208,6.265805001404885,-3.077,81.8840579710145,8.492569002122208,45.434545102870196,15,11,3,1,,False
PENDLE,2026-08-02T16:01:00.311Z,2026-08-02T16:01:00.312084Z,2026-08-02T18:01:00.312084Z,7747.390227,7,1.3745,7.27537286285842,3.657644476956827,-2.427,75.72463768115942,7.27537286285842,60.064926620135964,3,2,1,0,,False
RENDER,2026-08-02T16:01:10.922Z,2026-08-02T16:01:10.922202Z,2026-08-02T18:01:10.922202Z,7736.780109,7,1.3695,7.301935012779204,2.6315789473684235,0.146,73.91304347826087,7.301935012779204,61.39112694087374,1,0,0,1,,False
TRUMP,2026-08-02T16:01:35.589Z,2026-08-02T16:01:35.589244Z,2026-08-02T18:01:35.589244Z,7712.113067,7,1.4435,6.927606511949358,3.9337474120082927,0.835,78.26086956521739,6.927606511949358,73.57252065406618,42,28,12,2,,False
VIRTUAL,2026-08-02T16:01:43.921Z,2026-08-02T16:01:43.921922Z,2026-08-02T18:01:43.921922Z,7703.780389,7,0.56105,8.9118616879076,5.907626208378094,2.195,72.82608695652173,8.9118616879076,78.63720113472098,7,0,7,0,,False
BFUSD,2026-08-02T16:08:00.634Z,2026-08-02T16:08:00.634903Z,2026-08-02T18:08:00.634903Z,7327.067408,7,0.99865,3.0040554748907717,0.12019230769230557,0.03,57.608695652173914,3.0040554748907717,63.82124568010724,0,0,0,0,,
BOME,2026-08-02T16:08:07.781Z,2026-08-02T16:08:07.781506Z,2026-08-02T18:08:07.781506Z,7319.920805,7,0.00061445,8.137358613395172,13.296000000000003,8.696,59.05797101449275,8.137358613395172,61.73119966800241,15,14,1,0,,False
CFX,2026-08-02T16:08:21.034Z,2026-08-02T16:08:21.034779Z,2026-08-02T18:08:21.034779Z,7306.667532,7,0.04228,4.730368968779373,5.084745762711865,-3.167,65.94202898550725,4.730368968779373,60.65541539998822,0,0,0,0,,False
GALA,2026-08-02T16:08:45.106Z,2026-08-02T16:08:45.106481Z,2026-08-02T18:08:45.106481Z,7282.59583,7,0.0017775,5.6258790436013095,2.4103139013452832,-0.056,65.57971014492753,5.6258790436013095,74.33940984847179,7,7,0,0,,False
NIL,2026-08-02T16:09:16.991Z,2026-08-02T16:09:16.992069Z,2026-08-02T18:09:16.992069Z,7250.710242,7,0.029885,30.11544252969711,24.283360790774307,7.739,67.3913043478261,30.11544252969711,52.30089164042562,9,9,0,0,,False
SSV,2026-08-02T16:09:57.957Z,2026-08-02T16:09:57.958186Z,2026-08-02T18:09:57.958186Z,7209.744125,7,2.221,9.004952723997206,4.903283850652271,-1.068,56.88405797101449,9.004952723997206,68.72280787035842,0,0,0,0,,False
VET,2026-08-02T16:10:28.234Z,2026-08-02T16:10:28.234544Z,2026-08-02T18:10:28.234544Z,7777.707405,7,0.0046875,6.399999999998999,3.9529914529914585,0.128,64.85507246376811,6.399999999998999,69.29629497729987,5,4,0,1,,False
LISTA,2026-08-02T16:17:59.733Z,2026-08-02T16:17:59.733750Z,2026-08-02T18:17:59.733750Z,7326.208199,7,0.04985,20.060180541625453,11.42284569138276,-1.383,43.84057971014493,20.060180541625453,60.457207618357685,0,0,0,0,,False
NOM,2026-08-02T16:18:22.038Z,2026-08-02T16:18:22.038491Z,2026-08-02T18:18:22.038491Z,7303.903458,7,0.001435,69.68641114982597,2.797202797202789,0.0,46.3768115942029,69.68641114982597,60.12042416930349,0,0,0,0,,False
SAND,2026-08-02T16:18:59.987Z,2026-08-02T16:18:59.987889Z,2026-08-02T18:18:59.987889Z,7265.95406,7,0.043195,6.945248292625375,6.889448386358432,4.073,52.89855072463768,6.945248292625375,63.08526383251242,15,5,8,2,,False
ZKC,2026-08-02T16:19:53.676Z,2026-08-02T16:19:53.676714Z,2026-08-02T18:19:53.676714Z,7212.265235,7,0.03785,26.420079260238534,4.749340369393147,0.798,56.52173913043478,26.420079260238534,69.52037568477068,0,0,0,0,,False
2Z,2026-08-02T16:25:27.832Z,2026-08-02T16:25:27.833184Z,2026-08-02T18:25:27.833184Z,7477.885349,7,0.05531,10.847947929849495,3.2047800108636624,-1.216,31.884057971014492,10.847947929849495,56.172738702279915,0,0,0,0,,
AIXBT,2026-08-02T16:25:39.532Z,2026-08-02T16:25:39.532508Z,2026-08-02T18:25:39.532508Z,7466.186025,7,0.0179,11.173184357541444,6.988352745424296,4.582,33.333333333333336,11.173184357541444,63.98073660529786,2,1,1,0,,False
MEME,2026-08-02T16:27:22.036Z,2026-08-02T16:27:22.036701Z,2026-08-02T18:27:22.036701Z,7363.681832,7,0.0005045,19.82160555005004,2.371541501976299,-0.197,37.31884057971015,19.82160555005004,66.11047954829675,50,39,9,2,,False
MINA,2026-08-02T16:27:28.064Z,2026-08-02T16:27:28.064650Z,2026-08-02T18:27:28.064650Z,7357.653883,7,0.04125,24.242424242424935,2.6894865525672462,-0.728,30.434782608695652,24.242424242424935,60.06536223480729,0,0,0,0,,False
SIGN,2026-08-02T16:28:28.532Z,2026-08-02T16:28:28.532475Z,2026-08-02T18:28:28.532475Z,7297.186058,7,0.006965,14.35750179468714,4.304160688665709,1.752,29.347826086956523,14.35750179468714,71.96953377102936,0,0,0,0,,False
STO,2026-08-02T16:28:55.779Z,2026-08-02T16:28:55.779727Z,2026-08-02T18:28:55.779727Z,7269.938806,7,0.03715,26.91790040376741,3.7837837837837984,-0.538,31.159420289855074,26.91790040376741,64.14299257877049,0,0,0,0,,True
TNSR,2026-08-02T16:29:03.037Z,2026-08-02T16:29:03.037767Z,2026-08-02T18:29:03.037767Z,7262.680766,7,0.029650000000000003,33.72681281618866,2.7027027027027097,-2.31,34.78260869565217,33.72681281618866,42.03313601473738,10,4,4,2,,False
VANRY,2026-08-02T16:29:17.599Z,2026-08-02T16:29:17.599476Z,2026-08-02T18:29:17.599476Z,7248.119057,7,0.0037565,50.57899640622899,6.306068601583103,-4.123,40.94202898550725,50.57899640622899,58.33086069837577,65,17,45,3,,False
1000CAT,2026-08-02T16:34:52.421Z,2026-08-02T16:34:52.422036Z,2026-08-02T18:34:52.422036Z,7513.489987,7,0.001385,72.20216606498214,6.474820143884894,1.46,15.217391304347826,72.20216606498214,59.65258782796438,5,3,2,0,0.2,False
DOLO,2026-08-02T16:36:17.416Z,2026-08-02T16:36:17.416925Z,2026-08-02T18:36:17.416925Z,7428.495098,7,0.02153,9.28936367858764,4.583333333333323,0.887,17.391304347826086,9.28936367858764,63.10723544354273,0,0,0,0,,False
DYM,2026-08-02T16:36:25.878Z,2026-08-02T16:36:25.879350Z,2026-08-02T18:36:25.879350Z,7420.032673,7,0.013225,7.561436672967555,5.215419501133784,-0.377,25.72463768115942,7.561436672967555,64.64595784320144,0,0,0,0,,False
VANA,2026-08-02T16:38:29.508Z,2026-08-02T16:38:29.508725Z,2026-08-02T18:38:29.508725Z,7296.403298,7,0.8694999999999999,11.500862564692364,4.855491329479773,-3.782,21.014492753623188,11.500862564692364,55.198571012279146,0,0,0,0,,False
ACT,2026-08-02T16:44:31.524Z,2026-08-02T16:44:31.524470Z,2026-08-02T18:44:31.524470Z,7534.975357,7,0.00884,22.62443438914131,4.7297297297297325,0.0,4.3478260869565215,22.62443438914131,50.1806783872731,0,0,0,0,,False
CATI,2026-08-02T16:45:11.444Z,2026-08-02T16:45:11.445078Z,2026-08-02T18:45:11.445078Z,7495.054749,7,0.036574999999999996,8.202323991796394,3.893951946975978,-1.093,3.6231884057971016,8.202323991796394,44.15502359609782,0,0,0,0,,False
OSMO,2026-08-02T16:46:38.675Z,2026-08-02T16:46:38.675165Z,2026-08-02T18:46:38.675165Z,7407.824662,7,0.02725,36.69724770642307,1.838235294117649,-0.73,9.782608695652174,36.69724770642307,61.59487050818768,0,0,0,0,,False
AAVE,2026-08-02T16:53:43.257Z,2026-08-02T16:53:43.257229Z,2026-08-02T18:53:43.257229Z,7583.758198,7,92.57,2.160527168628716,4.173005868289506,-0.022,92.3913043478261,2.160527168628716,71.65667346301042,11,3,3,5,0.4545,False
ADA,2026-08-02T16:53:49.605Z,2026-08-02T16:53:49.605437Z,2026-08-02T18:53:49.605437Z,7577.40999,7,0.18885000000000002,5.295207836908484,11.854583772391988,10.093,97.82608695652173,5.295207836908484,74.47866148109998,34,18,10,6,0.4706,False
AVAX,2026-08-02T16:53:56.454Z,2026-08-02T16:53:56.454364Z,2026-08-02T18:53:56.454364Z,7570.561063,7,6.6185,1.5109163707780402,9.810174639331812,3.375,95.28985507246377,1.5109163707780402,66.8613285144854,14,6,3,5,0.5714,False
BCH,2026-08-02T16:54:02.431Z,2026-08-02T16:54:02.431969Z,2026-08-02T18:54:02.431969Z,7564.583458,7,213.45,4.684937924572234,3.338034790785141,2.407,89.1304347826087,4.684937924572234,72.77592964741089,11,5,4,2,0.6364,False
NEAR,2026-08-02T16:55:16.529Z,2026-08-02T16:55:16.529537Z,2026-08-02T18:55:16.529537Z,7490.48589,7,1.7085,5.853087503658834,5.008839127872728,2.167,94.92753623188406,5.853087503658834,72.84223839100585,9,3,4,2,0.7778,False
ONDO,2026-08-02T16:55:22.476Z,2026-08-02T16:55:22.476477Z,2026-08-02T18:55:22.476477Z,7484.53895,7,0.38625,2.5889967637537605,5.244029075804776,-0.747,89.4927536231884,2.5889967637537605,61.05438040449775,27,9,9,9,0.8519,False
1000SATS,2026-08-02T17:01:52.361Z,2026-08-02T17:01:52.362047Z,2026-08-02T19:01:52.362047Z,7693.57759,7,1.076e-05,18.58736059479536,16.763005780346823,-2.809,79.34782608695652,18.58736059479536,47.19207161439761,17,8,7,2,0.4118,False
ALGO,2026-08-02T17:01:59.041Z,2026-08-02T17:01:59.041419Z,2026-08-02T19:01:59.041419Z,7686.898218,7,0.08565,11.67542323409257,7.5,6.329,82.97101449275362,11.67542323409257,69.96731011082814,11,8,3,0,0.6364,False
ALLO,2026-08-02T17:02:06.443Z,2026-08-02T17:02:06.444168Z,2026-08-02T19:02:06.444168Z,7679.495469,7,0.24995,4.000800160031566,11.734492295535363,-9.993,76.44927536231884,4.000800160031566,55.334523322987735,63,7,51,5,-0.4444,False
APT,2026-08-02T17:02:12.211Z,2026-08-02T17:02:12.211510Z,2026-08-02T19:02:12.211510Z,7673.728127,7,0.5645,17.714791851195763,4.240282685512351,1.434,82.6086956521739,17.714791851195763,75.05068054293915,14,8,1,5,0.9286,False
ARB,2026-08-02T17:02:20.353Z,2026-08-02T17:02:20.353800Z,2026-08-02T19:02:20.353800Z,7665.585837,7,0.08124999999999999,12.307692307692662,6.459627329192543,2.941,83.33333333333333,12.307692307692662,75.44217158468018,38,13,15,10,0.5263,False
ATOM,2026-08-02T17:02:27.841Z,2026-08-02T17:02:27.841336Z,2026-08-02T19:02:27.841336Z,7658.098301,7,1.2645,7.908264136021272,4.066985645933009,1.456,78.6231884057971,7.908264136021272,76.82554172784546,62,15,40,7,0.5,False
BANK,2026-08-02T17:02:33.567Z,2026-08-02T17:02:33.567546Z,2026-08-02T19:02:33.567546Z,7652.372091,7,0.048850000000000005,20.470829068576442,22.312373225152125,-10.688,84.42028985507247,20.470829068576442,44.26176574816895,15,8,5,2,0.4667,False
CHZ,2026-08-02T17:02:46.119Z,2026-08-02T17:02:46.119334Z,2026-08-02T19:02:46.119334Z,7639.820303,7,0.01289,15.515903801395798,3.4992223950233208,-0.772,75.0,15.515903801395798,73.30043438998433,1,1,0,0,1.0,False
DOT,2026-08-02T17:02:51.847Z,2026-08-02T17:02:51.848103Z,2026-08-02T19:02:51.848103Z,7634.091534,7,0.7965,12.55492780916511,4.665825977301391,1.667,83.69565217391305,12.55492780916511,68.26155967307791,11,6,5,0,0.9091,False
DYDX,2026-08-02T17:02:57.996Z,2026-08-02T17:02:57.996268Z,2026-08-02T19:02:57.996268Z,7627.943369,7,0.112175,11.589034989971482,5.427733854490543,0.214,77.53623188405797,11.589034989971482,43.260522913082966,0,0,0,0,,False
ENSO,2026-08-02T17:03:06.213Z,2026-08-02T17:03:06.213376Z,2026-08-02T19:03:06.213376Z,7619.726261,7,0.92,21.739130434782627,6.996770721205592,1.309,73.18840579710145,21.739130434782627,76.63079609467218,0,0,0,0,,False
ERA,2026-08-02T17:03:17.881Z,2026-08-02T17:03:17.881799Z,2026-08-02T19:03:17.881799Z,7608.057838,7,0.06465,15.467904098992882,7.645259938837927,-3.254,78.98550724637681,15.467904098992882,59.386406649990306,1,0,1,0,1.0,False
HBAR,2026-08-02T17:03:36.769Z,2026-08-02T17:03:36.770122Z,2026-08-02T19:03:36.770122Z,7589.169515,7,0.069785,1.4329727018714624,2.8457028457028537,0.143,85.14492753623189,1.4329727018714624,71.1303577054518,15,11,2,2,0.4667,False
HYPER,2026-08-02T17:03:45.871Z,2026-08-02T17:03:45.871987Z,2026-08-02T19:03:45.871987Z,7580.06765,7,0.06684999999999999,14.958863126402825,39.36651583710406,15.104,84.05797101449275,14.958863126402825,74.98881329229806,5,4,0,1,-0.2,False
LDO,2026-08-02T17:03:53.226Z,2026-08-02T17:03:53.226920Z,2026-08-02T19:03:53.226920Z,7572.712717,7,0.32625000000000004,9.195402298851263,4.316770186335394,-2.483,84.78260869565217,9.195402298851263,63.703924192879704,0,0,0,0,,False
MIRA,2026-08-02T17:04:06.985Z,2026-08-02T17:04:06.985692Z,2026-08-02T19:04:06.985692Z,7558.953945,7,0.041499999999999995,48.19277108433707,5.035971223021577,-2.113,81.15942028985508,48.19277108433707,65.57681634940637,0,0,0,0,,False
MMT,2026-08-02T17:04:12.276Z,2026-08-02T17:04:12.276788Z,2026-08-02T19:04:12.276788Z,7553.662849,7,0.16685,5.993407252022115,14.504716981132065,-10.971,80.07246376811594,5.993407252022115,35.05436331549374,1,0,0,1,1.0,False
OP,2026-08-02T17:04:25.925Z,2026-08-02T17:04:25.926079Z,2026-08-02T19:04:25.926079Z,7540.013558,7,0.08595,11.634671320533913,5.041031652989448,0.471,80.79710144927536,11.634671320533913,73.87298946366442,26,16,6,4,0.8077,False
ROSE,2026-08-02T17:04:53.642Z,2026-08-02T17:04:53.643160Z,2026-08-02T19:04:53.643160Z,7512.296477,7,0.005525,18.099547511313048,7.308377896613201,1.447,74.27536231884058,18.099547511313048,68.57838165870183,64,24,33,7,0.4531,False
RUNE,2026-08-02T17:05:02.352Z,2026-08-02T17:05:02.352659Z,2026-08-02T19:05:02.352659Z,7503.586978,7,0.4445,22.49718785151858,3.1602708803611765,0.911,72.46376811594203,22.49718785151858,75.57337150509166,10,1,7,2,1.0,False
STRK,2026-08-02T17:05:09.117Z,2026-08-02T17:05:09.118008Z,2026-08-02T19:05:09.118008Z,7496.821629,7,0.024565,4.070832485244479,5.75040783034257,-2.814,74.6376811594203,4.070832485244479,69.76030838786869,12,1,9,2,0.0,False
USDE,2026-08-02T17:05:22.939Z,2026-08-02T17:05:22.939992Z,2026-08-02T19:05:22.939992Z,7482.999645,7,0.99975,1.0002500625155186,0.04000800160031566,-0.03,77.17391304347827,1.0002500625155186,55.252448095836634,0,0,0,0,,False
WIF,2026-08-02T17:05:36.789Z,2026-08-02T17:05:36.789578Z,2026-08-02T19:05:36.789578Z,7469.150059,7,0.14105,7.089684509040534,4.444444444444432,-1.274,77.89855072463769,7.089684509040534,49.67789395224341,11,1,2,8,0.8182,False
WLD,2026-08-02T17:05:42.384Z,2026-08-02T17:05:42.384526Z,2026-08-02T19:05:42.384526Z,7463.555111,7,0.3133,6.383657835941062,8.949044585987266,2.883,85.5072463768116,6.383657835941062,64.85102569600336,6,5,1,0,0.6667,False
WLFI,2026-08-02T17:05:50.907Z,2026-08-02T17:05:50.907472Z,2026-08-02T19:05:50.907472Z,7455.032165,7,0.05545,18.034265103697543,3.4111310592459585,2.578,82.2463768115942,18.034265103697543,74.78520561043055,5,3,2,0,0.6,False
ZEN,2026-08-02T17:06:02.894Z,2026-08-02T17:06:02.894734Z,2026-08-02T19:06:02.894734Z,7443.044903,7,4.0945,2.442300647208318,5.811965811965812,1.638,75.3623188405797,2.442300647208318,64.6470497267364,9,4,3,2,1.0,False
0G,2026-08-02T17:11:38.682Z,2026-08-02T17:11:38.682734Z,2026-08-02T19:11:38.682734Z,7707.10928,7,0.1425,70.1754385964913,7.042253521126768,-2.74,60.869565217391305,70.1754385964913,55.840577408274,0,0,0,0,,False
APE,2026-08-02T17:11:44.232Z,2026-08-02T17:11:44.232738Z,2026-08-02T19:11:44.232738Z,7701.559276,7,0.13155,7.601672367920106,2.0657995409334413,-0.835,69.20289855072464,7.601672367920106,66.62750667137954,16,13,3,0,1.0,False
ASTER,2026-08-02T17:11:50.741Z,2026-08-02T17:11:50.741828Z,2026-08-02T19:11:50.741828Z,7695.050186,7,0.6025,16.597510373444,1.4950166112956824,0.333,58.333333333333336,16.597510373444,68.27342958528425,4,2,1,1,1.0,False
BABY,2026-08-02T17:11:57.990Z,2026-08-02T17:11:57.991016Z,2026-08-02T19:11:57.991016Z,7687.800998,7,0.011470000000000001,17.436791630340817,8.45070422535212,-5.412,64.1304347826087,17.436791630340817,60.83952936588021,4,4,0,0,1.0,False
BANANA,2026-08-02T17:12:05.648Z,2026-08-02T17:12:05.648369Z,2026-08-02T19:12:05.648369Z,7680.143645,7,3.569,22.415242364808087,5.936454849498317,-4.473,58.69565217391305,22.415242364808087,61.06775612060312,0,0,0,0,,False
BROCCOLI714,2026-08-02T17:12:19.266Z,2026-08-02T17:12:19.266258Z,2026-08-02T19:12:19.266258Z,7666.525756,7,0.013260000000000001,15.08295625942754,21.748878923766814,-7.469,68.1159420289855,15.08295625942754,61.782986081131966,0,0,0,0,,True
CAKE,2026-08-02T17:12:26.789Z,2026-08-02T17:12:26.789303Z,2026-08-02T19:12:26.789303Z,7659.002711,7,1.4405000000000001,6.9420340159674545,2.998605299860525,1.558,65.21739130434783,6.9420340159674545,75.50051379310405,7,3,4,0,0.7143,False
CRV,2026-08-02T17:12:36.354Z,2026-08-02T17:12:36.355023Z,2026-08-02T19:12:36.355023Z,7649.436991,7,0.20475,4.8840048840057015,3.925417075564282,-0.488,68.84057971014492,4.8840048840057015,70.86830210929836,11,6,2,3,0.6364,False
EDEN,2026-08-02T17:12:42.141Z,2026-08-02T17:12:42.141672Z,2026-08-02T19:12:42.141672Z,7643.650342,7,0.041555,16.845144988569515,13.520848754009373,9.718,67.7536231884058,16.845144988569515,66.2255540069843,4,2,1,1,1.0,False
EIGEN,2026-08-02T17:12:50.308Z,2026-08-02T17:12:50.309082Z,2026-08-02T19:12:50.309082Z,7635.482932,7,0.18635000000000002,16.0987389321167,9.744408945686907,3.929,60.507246376811594,16.0987389321167,76.99150067933321,0,0,0,0,,False
ETHFI,2026-08-02T17:12:57.546Z,2026-08-02T17:12:57.546673Z,2026-08-02T19:12:57.546673Z,7628.245341,7,0.40154999999999996,7.471049682480948,6.245334660363278,0.576,59.78260869565217,7.471049682480948,45.03306345810857,0,0,0,0,,False
HEI,2026-08-02T17:13:07.342Z,2026-08-02T17:13:07.342911Z,2026-08-02T19:13:07.342911Z,7618.449103,7,0.0826,24.2130750605317,25.18159806295399,1.724,70.65217391304348,24.2130750605317,68.36697779683723,1,1,0,0,1.0,False
JTO,2026-08-02T17:13:13.110Z,2026-08-02T17:13:13.110513Z,2026-08-02T19:13:13.110513Z,7612.681501,7,0.49205,6.096941367747638,4.855371900826451,-4.272,67.02898550724638,6.096941367747638,58.87030503308285,5,3,1,1,0.4,False
KITE,2026-08-02T17:13:20.682Z,2026-08-02T17:13:20.682667Z,2026-08-02T19:13:20.682667Z,7605.109347,7,0.09375,10.666666666665492,3.850267379679151,-1.579,61.95652173913044,10.666666666665492,62.17598446433917,0,0,0,0,,False
NEIRO,2026-08-02T17:13:32.895Z,2026-08-02T17:13:32.895247Z,2026-08-02T19:13:32.895247Z,7592.896767,7,6.2715e-05,7.972574344255954,7.509881422924912,2.479,57.2463768115942,7.972574344255954,67.40439399324936,11,10,0,1,0.8182,False
PAXG,2026-08-02T17:13:43.170Z,2026-08-02T17:13:43.171160Z,2026-08-02T19:13:43.171160Z,7582.620854,7,4060.9449999999997,0.02462481023447383,0.6434276698550416,0.357,66.66666666666667,0.02462481023447383,70.83905963940775,0,0,0,0,,False
POL,2026-08-02T17:13:53.369Z,2026-08-02T17:13:53.369755Z,2026-08-02T19:13:53.369755Z,7572.422259,7,0.072895,6.8591810137861975,2.422997946611901,0.206,63.405797101449274,6.8591810137861975,74.60497987702377,18,7,5,6,0.4444,False
REZ,2026-08-02T17:14:00.023Z,2026-08-02T17:14:00.023639Z,2026-08-02T19:14:00.023639Z,7565.768375,7,0.0026230000000000003,15.249714067861596,11.21771217712177,5.777,57.971014492753625,15.249714067861596,55.84362761001001,63,11,50,2,0.1746,False
RSR,2026-08-02T17:14:13.173Z,2026-08-02T17:14:13.174179Z,2026-08-02T19:14:13.174179Z,7552.617835,7,0.0012835,7.791195948577452,7.313317936874521,2.85,69.56521739130434,7.791195948577452,70.06833529375528,0,0,0,0,,False
SAGA,2026-08-02T17:14:19.712Z,2026-08-02T17:14:19.712246Z,2026-08-02T19:14:19.712246Z,7546.079768,7,0.012805,7.809449433814597,10.649546827794573,7.818,71.01449275362319,7.809449433814597,63.429506772340176,0,0,0,0,,False
SEI,2026-08-02T17:14:27.113Z,2026-08-02T17:14:27.113852Z,2026-08-02T19:14:27.113852Z,7538.678162,7,0.041319999999999996,4.840271055178893,3.1530439000727517,-0.242,68.47826086956522,4.840271055178893,46.56517682875033,9,9,0,0,1.0,False
SYRUP,2026-08-02T17:14:39.412Z,2026-08-02T17:14:39.412999Z,2026-08-02T19:14:39.412999Z,7526.379015,7,0.15545,6.43293663557343,3.3898305084745823,-2.603,62.31884057971015,6.43293663557343,45.64665952500138,14,13,1,0,0.8571,False
TIA,2026-08-02T17:14:47.125Z,2026-08-02T17:14:47.125699Z,2026-08-02T19:14:47.125699Z,7518.666315,7,0.33055,3.0252609287547716,4.766269477543522,-0.183,63.768115942028984,3.0252609287547716,64.27687713043801,7,5,1,1,0.5714,False
TST,2026-08-02T17:14:52.724Z,2026-08-02T17:14:52.724245Z,2026-08-02T19:14:52.724245Z,7513.067769,7,0.011045,9.053870529652627,5.485611510791378,-3.806,61.231884057971016,9.053870529652627,55.989385475214696,4,3,1,0,1.0,False
TUT,2026-08-02T17:14:59.433Z,2026-08-02T17:14:59.433962Z,2026-08-02T19:14:59.433962Z,7506.358052,7,0.01745,22.92263610315093,6.499429874572418,1.917,63.04347826086956,22.92263610315093,70.32079537378782,0,0,0,0,,False
TWT,2026-08-02T17:15:07.584Z,2026-08-02T17:15:07.584688Z,2026-08-02T19:15:07.584688Z,7498.207326,7,0.37829999999999997,15.860428231561974,4.344412457471867,2.798,61.594202898550726,15.860428231561974,71.73147786905645,13,7,3,3,0.2308,False
XPL,2026-08-02T17:15:19.615Z,2026-08-02T17:15:19.616166Z,2026-08-02T19:15:19.616166Z,7486.175848,7,0.076665,6.521880910453857,6.37854725331945,2.55,70.28985507246377,6.521880910453857,51.32083196594211,0,0,0,0,,False
ZBT,2026-08-02T17:15:35.708Z,2026-08-02T17:15:35.709448Z,2026-08-02T19:15:35.709448Z,7470.082566,7,0.12285,8.140008140007243,10.766721044045669,7.074,62.68115942028985,8.140008140007243,63.84137491582059,0,0,0,0,,False
1000CHEEMS,2026-08-02T17:21:12.481Z,2026-08-02T17:21:12.482331Z,2026-08-02T19:21:12.482331Z,7733.709422,7,0.0004955000000000001,20.18163471241219,3.6960985626283263,1.037,49.27536231884058,20.18163471241219,66.17558543649372,14,7,6,1,0.7143,False
AR,2026-08-02T17:21:30.818Z,2026-08-02T17:21:30.818786Z,2026-08-02T19:21:30.818786Z,7715.372967,7,1.7415,5.742176284811311,3.9035591274397277,0.288,48.18840579710145,5.742176284811311,70.78724881268293,2,2,0,0,1.0,False
BARD,2026-08-02T17:21:37.825Z,2026-08-02T17:21:37.826021Z,2026-08-02T19:21:37.826021Z,7708.365732,7,0.1071,18.67413632119568,6.478873239436609,-5.249,47.46376811594203,18.67413632119568,60.113106954081275,0,0,0,0,,False
DASH,2026-08-02T17:21:59.675Z,2026-08-02T17:21:59.675352Z,2026-08-02T19:21:59.675352Z,7686.516401,7,31.43,6.363347120585292,3.5519999999999983,-0.888,52.17391304347826,6.363347120585292,51.50555464788628,2,1,0,1,0.0,False
DOGS,2026-08-02T17:22:06.466Z,2026-08-02T17:22:06.466752Z,2026-08-02T19:22:06.466752Z,7679.725001,7,3.476e-05,11.50747986191013,5.0552004648460205,-1.853,50.0,11.50747986191013,66.15929909213135,2,0,0,2,0.0,False
FIL,2026-08-02T17:22:13.401Z,2026-08-02T17:22:13.401449Z,2026-08-02T19:22:13.401449Z,7672.790304,7,0.7184999999999999,11.134307585247361,4.559312638580922,1.548,55.79710144927536,11.134307585247361,71.02174024676826,40,20,19,1,0.95,False
FLOKI,2026-08-02T17:22:19.727Z,2026-08-02T17:22:19.728139Z,2026-08-02T19:22:19.728139Z,7666.463614,7,2.0484999999999998e-05,4.881620698070886,4.099560761347009,-0.63,50.36231884057971,4.881620698070886,55.104149318238896,13,12,0,1,0.8462,False
HEMI,2026-08-02T17:22:32.178Z,2026-08-02T17:22:32.178755Z,2026-08-02T19:22:32.178755Z,7654.012998,7,0.004705,21.25398512220955,6.391752577319577,3.412,47.82608695652174,21.25398512220955,70.9033283656761,0,0,0,0,,False
HUMA,2026-08-02T17:22:40.631Z,2026-08-02T17:22:40.632086Z,2026-08-02T19:22:40.632086Z,7645.559667,7,0.018625000000000003,16.10738255033491,8.658008658008661,-4.987,51.08695652173913,16.10738255033491,46.99500697004541,0,0,0,0,,False
IMX,2026-08-02T17:22:46.611Z,2026-08-02T17:22:46.612118Z,2026-08-02T19:22:46.612118Z,7639.579635,7,0.11205000000000001,8.924587237840504,4.203935599284433,2.1,48.55072463768116,8.924587237840504,76.26444377039984,16,6,5,5,0.875,False
INIT,2026-08-02T17:22:53.600Z,2026-08-02T17:22:53.601159Z,2026-08-02T19:22:53.601159Z,7632.590594,7,0.04995,20.020020020020592,4.970178926441342,0.399,46.73913043478261,20.020020020020592,48.08584676016034,0,0,0,0,,False
KERNEL,2026-08-02T17:23:07.337Z,2026-08-02T17:23:07.338062Z,2026-08-02T19:23:07.338062Z,7618.853691,7,0.032049999999999995,31.201248049920732,6.269592476489034,-0.623,53.26086956521739,31.201248049920732,58.91888803017601,0,0,0,0,,False
MET,2026-08-02T17:23:21.441Z,2026-08-02T17:23:21.441705Z,2026-08-02T19:23:21.441705Z,7604.750048,7,0.16155,18.570102135563136,7.98267326732673,-6.156,54.34782608695652,18.570102135563136,47.808297282153994,10,4,6,0,0.2,False
MORPHO,2026-08-02T17:23:27.851Z,2026-08-02T17:23:27.852243Z,2026-08-02T19:23:27.852243Z,7598.33951,7,1.9335,5.171967933798241,3.5677352637021804,-1.377,56.15942028985507,5.171967933798241,46.04241544907785,2,1,1,0,0.0,False
MUBARAK,2026-08-02T17:23:35.193Z,2026-08-02T17:23:35.193266Z,2026-08-02T19:23:35.193266Z,7590.998487,7,0.0127,15.748031496063716,10.447761194029848,-0.391,44.56521739130435,15.748031496063716,72.34819315809976,0,0,0,0,,False
ORCA,2026-08-02T17:23:53.578Z,2026-08-02T17:23:53.578546Z,2026-08-02T19:23:53.578546Z,7572.613207,7,1.0955,9.12825193975456,3.0136986301369992,-1.173,44.927536231884055,9.12825193975456,63.33021125430557,0,0,0,0,,False
PNUT,2026-08-02T17:24:01.549Z,2026-08-02T17:24:01.549768Z,2026-08-02T19:24:01.549768Z,7564.641985,7,0.03945,25.348542458809344,4.810126582278478,-0.504,49.63768115942029,25.348542458809344,64.20927759189112,64,25,34,5,0.2344,False
PYTH,2026-08-02T17:24:09.548Z,2026-08-02T17:24:09.548334Z,2026-08-02T19:24:09.548334Z,7556.643419,7,0.039665000000000006,12.60557166267526,5.256570713391734,1.551,48.91304347826087,12.60557166267526,69.3839102368102,3,1,1,1,0.3333,False
S,2026-08-02T17:24:16.832Z,2026-08-02T17:24:16.832507Z,2026-08-02T19:24:16.832507Z,7549.359246,7,0.021664999999999997,4.615739672282296,3.3890436397400254,-0.737,55.43478260869565,4.615739672282296,64.62420757250504,1,1,0,0,1.0,False
SAHARA,2026-08-02T17:24:25.740Z,2026-08-02T17:24:25.741058Z,2026-08-02T19:24:25.741058Z,7540.450695,7,0.007815,12.795905310301292,11.224489795918375,0.771,51.81159420289855,12.795905310301292,66.930416994919,0,0,0,0,,False
SAPIEN,2026-08-02T17:24:37.335Z,2026-08-02T17:24:37.335836Z,2026-08-02T19:24:37.335836Z,7528.855917,7,0.0814,24.57002457002527,4.528763769889835,0.989,43.47826086956522,24.57002457002527,56.48492381055982,0,0,0,0,,False
STX,2026-08-02T17:24:51.102Z,2026-08-02T17:24:51.103127Z,2026-08-02T19:24:51.103127Z,7515.088626,7,0.13924999999999998,7.181328545782172,4.350927246790316,2.711,53.6231884057971,7.181328545782172,67.31763636219327,10,7,2,1,0.7,False
THE,2026-08-02T17:24:59.034Z,2026-08-02T17:24:59.035036Z,2026-08-02T19:24:59.035036Z,7507.156717,7,0.05105,19.588638589618583,3.5087719298245674,-0.195,45.65217391304348,19.588638589618583,61.30219624313421,24,14,4,6,0.75,False
TOWNS,2026-08-02T17:25:07.341Z,2026-08-02T17:25:07.341257Z,2026-08-02T19:25:07.341257Z,7498.850496,7,0.002045,48.89975550122262,6.3414634146341315,3.535,47.10144927536232,48.89975550122262,71.87567324060781,0,0,0,0,,False
TRB,2026-08-02T17:25:13.619Z,2026-08-02T17:25:13.620244Z,2026-08-02T19:25:13.620244Z,7492.571509,7,13.485,7.415647015201919,2.0756115641215667,-0.369,53.98550724637681,7.415647015201919,66.44381990331263,0,0,0,0,,False
TURBO,2026-08-02T17:25:21.950Z,2026-08-02T17:25:21.950789Z,2026-08-02T19:25:21.950789Z,7484.240964,7,0.0007965,12.554927809164042,4.109589041095896,1.646,44.20289855072464,12.554927809164042,73.92135673177509,1,1,0,0,-1.0,False
XTZ,2026-08-02T17:25:28.212Z,2026-08-02T17:25:28.212505Z,2026-08-02T19:25:28.212505Z,7477.979248,7,0.20079999999999998,9.960159362550087,3.1358885017421603,-0.888,50.72463768115942,9.960159362550087,68.25432370068125,43,23,18,2,0.7442,False
ZK,2026-08-02T17:25:35.748Z,2026-08-02T17:25:35.748465Z,2026-08-02T19:25:35.748465Z,7470.443288,7,0.0078049999999999994,12.812299807816094,4.241645244215933,-2.384,55.072463768115945,12.812299807816094,59.581360994438754,0,0,0,0,,False
ACH,2026-08-02T17:31:22.549Z,2026-08-02T17:31:22.549745Z,2026-08-02T19:31:22.549745Z,7723.447632,7,0.004395,22.753128555177383,3.65296803652967,-2.013,41.30434782608695,22.753128555177383,61.08010671548981,1,1,0,0,1.0,False
AVNT,2026-08-02T17:31:36.392Z,2026-08-02T17:31:36.392917Z,2026-08-02T19:31:36.392917Z,7709.60446,7,0.08185,12.217470983506765,3.1630170316301593,-1.083,35.869565217391305,12.217470983506765,54.53975599153118,1,0,1,0,1.0,False
AXS,2026-08-02T17:31:43.675Z,2026-08-02T17:31:43.675615Z,2026-08-02T19:31:43.675615Z,7702.321762,7,0.8314999999999999,12.026458208057738,2.41545893719807,-0.6,29.71014492753623,12.026458208057738,65.78988841412686,1,0,0,1,1.0,False
BANANAS31,2026-08-02T17:31:49.904Z,2026-08-02T17:31:49.904628Z,2026-08-02T19:31:49.904628Z,7696.092749,7,0.0072464999999999995,15.179741944386567,4.1932796445431855,1.265,37.68115942028985,15.179741944386567,70.0865657321598,0,0,0,0,,
BIO,2026-08-02T17:31:57.267Z,2026-08-02T17:31:57.267746Z,2026-08-02T19:31:57.267746Z,7688.729631,7,0.022515,4.441483455473947,3.9013452914798323,-1.978,38.04347826086956,4.441483455473947,59.55938472130246,1,1,0,0,1.0,False
BMT,2026-08-02T17:32:03.115Z,2026-08-02T17:32:03.115934Z,2026-08-02T19:32:03.115934Z,7682.881443,7,0.011685000000000001,8.557980316646407,5.897435897435894,-2.092,32.608695652173914,8.557980316646407,35.361641886841646,0,0,0,0,,False
CKB,2026-08-02T17:32:11.500Z,2026-08-02T17:32:11.501211Z,2026-08-02T19:32:11.501211Z,7674.496166,7,0.0008265,12.09921355111947,2.6960784313725483,-0.366,36.231884057971016,12.09921355111947,66.77498070139067,14,4,8,2,-0.5714,False
COOKIE,2026-08-02T17:32:18.865Z,2026-08-02T17:32:18.866047Z,2026-08-02T19:32:18.866047Z,7667.13133,7,0.00775,129.03225806451536,3.8961038961039063,-1.282,28.985507246376812,129.03225806451536,53.84443531897345,0,0,0,0,,False
EGLD,2026-08-02T17:32:26.400Z,2026-08-02T17:32:26.400584Z,2026-08-02T19:32:26.400584Z,7659.596793,7,2.685,37.243947858472204,2.9629629629629655,-0.369,38.405797101449274,37.243947858472204,69.23741542750386,5,3,2,0,1.0,False
ENJ,2026-08-02T17:32:35.477Z,2026-08-02T17:32:35.477681Z,2026-08-02T19:32:35.477681Z,7650.519696,7,0.02485,8.048289738430256,2.5744167337087758,-0.121,32.2463768115942,8.048289738430256,67.88909226588488,56,13,37,6,0.4643,False
ENS,2026-08-02T17:32:42.656Z,2026-08-02T17:32:42.657152Z,2026-08-02T19:32:42.657152Z,7643.340225,7,4.265,23.44665885111322,2.8301886792452855,0.0,30.797101449275363,23.44665885111322,61.382767052055165,0,0,0,0,,False
ETC,2026-08-02T17:32:50.743Z,2026-08-02T17:32:50.743496Z,2026-08-02T19:32:50.743496Z,7635.253881,7,6.615,15.11715797430051,3.927492447129906,0.608,35.14492753623188,15.11715797430051,73.73621611055532,0,0,0,0,,False
GRT,2026-08-02T17:32:58.758Z,2026-08-02T17:32:58.758458Z,2026-08-02T19:32:58.758458Z,7627.238919,7,0.014545,6.875214850463797,3.4098816979819127,0.0,40.57971014492754,6.875214850463797,62.116021777286754,30,9,10,11,0.0333,False
KAIA,2026-08-02T17:33:06.799Z,2026-08-02T17:33:06.799975Z,2026-08-02T19:33:06.799975Z,7619.197402,7,0.026250000000000002,38.09523809523786,4.182509505703423,-2.593,34.42028985507246,38.09523809523786,53.28299082289974,0,0,0,0,,False
LINEA,2026-08-02T17:33:20.507Z,2026-08-02T17:33:20.508079Z,2026-08-02T19:33:20.508079Z,7605.489298,7,0.002229,8.972633467924025,3.7370553804592412,-0.045,38.768115942028984,8.972633467924025,73.86001238363082,0,0,0,0,,False
NEO,2026-08-02T17:33:42.966Z,2026-08-02T17:33:42.966483Z,2026-08-02T19:33:42.966483Z,7583.030894,7,1.8315000000000001,5.46000546000607,2.308960967564598,-0.438,33.69565217391305,5.46000546000607,68.19228799065462,1,1,0,0,1.0,False
OPEN,2026-08-02T17:33:49.249Z,2026-08-02T17:33:49.249607Z,2026-08-02T19:33:49.249607Z,7576.74777,7,0.17864999999999998,16.792611251049244,4.0000000000000036,-2.125,31.52173913043478,16.792611251049244,29.298667198365173,35,12,20,3,0.8,False
PARTI,2026-08-02T17:34:01.752Z,2026-08-02T17:34:01.752747Z,2026-08-02T19:34:01.752747Z,7564.24463,7,0.024050000000000002,41.580041580041325,5.084745762711863,-2.479,35.507246376811594,41.580041580041325,52.31114211992501,4,4,0,0,1.0,False
PHA,2026-08-02T17:34:09.645Z,2026-08-02T17:34:09.645357Z,2026-08-02T19:34:09.645357Z,7556.35202,7,0.02015,49.62779156327513,3.535353535353531,-0.503,36.95652173913044,49.62779156327513,60.914305337623894,0,0,0,0,,False
PLUME,2026-08-02T17:34:17.057Z,2026-08-02T17:34:17.057332Z,2026-08-02T19:34:17.057332Z,7548.940045,7,0.010974999999999999,27.33485193621915,5.605786618444837,-0.271,40.21739130434783,27.33485193621915,52.56844469560906,0,0,0,0,,False
QNT,2026-08-02T17:34:25.604Z,2026-08-02T17:34:25.604248Z,2026-08-02T19:34:25.604248Z,7540.393129,7,60.47,13.229700678021878,3.5116779857545097,-2.361,41.666666666666664,13.229700678021878,34.81297474320914,67,21,37,9,0.4478,False
RAY,2026-08-02T17:34:31.139Z,2026-08-02T17:34:31.140162Z,2026-08-02T19:34:31.140162Z,7534.857215,7,0.61065,8.187996397280683,3.61723117395592,0.496,36.594202898550726,8.187996397280683,71.56466400639538,17,9,8,0,0.9412,False
RESOLV,2026-08-02T17:34:38.767Z,2026-08-02T17:34:38.768164Z,2026-08-02T19:34:38.768164Z,7527.229213,7,0.015255,6.555227794165581,3.9765319426336343,-2.355,39.130434782608695,6.555227794165581,37.17439927933533,0,0,0,0,,
SHELL,2026-08-02T17:34:45.682Z,2026-08-02T17:34:45.682398Z,2026-08-02T19:34:45.682398Z,7520.314979,7,0.01805,55.401662049863084,3.3149171270718223,-1.63,28.26086956521739,55.401662049863084,50.61631830294547,0,0,0,0,,
SKY,2026-08-02T17:34:59.513Z,2026-08-02T17:34:59.513547Z,2026-08-02T19:34:59.513547Z,7506.48383,7,0.055995,8.929368693633617,2.5296017222820266,-0.429,34.05797101449275,8.929368693633617,62.797601538163136,67,16,38,13,0.0448,False
SNX,2026-08-02T17:35:07.707Z,2026-08-02T17:35:07.707579Z,2026-08-02T19:35:07.707579Z,7498.289798,7,0.2105,47.50593824228033,3.8095238095238133,-3.67,39.85507246376812,47.50593824228033,53.36171689303238,2,2,0,0,0.0,False
SOMI,2026-08-02T17:35:16.285Z,2026-08-02T17:35:16.285608Z,2026-08-02T19:35:16.285608Z,7489.711769,7,0.08355,11.968880909633631,3.33333333333333,-1.639,42.028985507246375,11.968880909633631,64.6423922219176,0,0,0,0,,False
W,2026-08-02T17:35:45.729Z,2026-08-02T17:35:45.730010Z,2026-08-02T19:35:45.730010Z,7460.267367,7,0.008185,12.217470983505917,4.422604422604413,1.244,30.07246376811594,12.217470983505917,72.06427962863923,1,0,0,1,1.0,False
1MBABYDOGE,2026-08-02T17:41:23.427Z,2026-08-02T17:41:23.427471Z,2026-08-02T19:41:23.427471Z,7722.309735,7,0.00030725,16.273393002441402,3.0794165316045423,0.883,25.0,16.273393002441402,56.800014614685175,0,0,0,0,,
ALT,2026-08-02T17:41:30.961Z,2026-08-02T17:41:30.961591Z,2026-08-02T19:41:30.961591Z,7714.775615,7,0.005725,17.46724890829623,4.355400696864115,-1.034,20.652173913043477,17.46724890829623,45.41845899358281,0,0,0,0,,False
API3,2026-08-02T17:41:37.692Z,2026-08-02T17:41:37.693160Z,2026-08-02T19:41:37.693160Z,7708.044046,7,0.1916,10.438413361169403,2.852614896988915,-0.525,27.17391304347826,10.438413361169403,59.53418465314054,0,0,0,0,,
ARKM,2026-08-02T17:41:45.249Z,2026-08-02T17:41:45.250294Z,2026-08-02T19:41:45.250294Z,7700.486912,7,0.09515000000000001,10.50972149238075,3.400637619553675,-1.052,19.202898550724637,10.50972149238075,65.42190394812944,30,10,14,6,-0.0333,False
BB,2026-08-02T17:41:59.026Z,2026-08-02T17:41:59.026918Z,2026-08-02T19:41:59.026918Z,7686.710288,7,0.014159999999999999,14.124293785311385,5.716302046577275,-4.707,22.82608695652174,14.124293785311385,53.19322460873977,0,0,0,0,,False
BEAMX,2026-08-02T17:42:06.347Z,2026-08-02T17:42:06.348208Z,2026-08-02T19:42:06.348208Z,7679.388998,7,0.001445,13.840830449827326,3.321799307958483,-0.345,17.028985507246375,13.840830449827326,53.44771956011582,0,0,0,0,,True
BERA,2026-08-02T17:42:13.940Z,2026-08-02T17:42:13.940372Z,2026-08-02T19:42:13.940372Z,7671.796834,7,0.15439999999999998,12.953367875648041,3.4437946718648464,0.457,26.44927536231884,12.953367875648041,72.6956490565063,1,0,1,0,1.0,False
BLUR,2026-08-02T17:42:21.208Z,2026-08-02T17:42:21.208941Z,2026-08-02T19:42:21.208941Z,7664.528265,7,0.013935,7.176175098672116,3.151862464183377,-0.286,14.855072463768115,7.176175098672116,64.79556622555451,0,0,0,0,,False
CETUS,2026-08-02T17:42:27.945Z,2026-08-02T17:42:27.945567Z,2026-08-02T19:42:27.945567Z,7657.791639,7,0.017785000000000002,5.62271577171751,3.6557930258717732,1.311,16.666666666666668,5.62271577171751,59.0179255385212,0,0,0,0,,False
CGPT,2026-08-02T17:42:33.198Z,2026-08-02T17:42:33.198474Z,2026-08-02T19:42:33.198474Z,7652.538732,7,0.01833,10.911074740861531,3.875545851528397,-3.017,22.463768115942027,10.911074740861531,55.30891226078982,2,1,1,0,0.0,False
COW,2026-08-02T17:42:38.391Z,2026-08-02T17:42:38.391732Z,2026-08-02T19:42:38.391732Z,7647.345474,7,0.11449999999999999,17.46724890829623,3.5180299032541806,-0.958,18.840579710144926,17.46724890829623,64.85145058093225,0,0,0,0,,False
CVX,2026-08-02T17:42:45.360Z,2026-08-02T17:42:45.360688Z,2026-08-02T19:42:45.360688Z,7640.376518,7,1.305,30.65134099616861,8.371735791090645,2.925,27.536231884057973,30.65134099616861,50.824180449849734,0,0,0,0,,False
EURI,2026-08-02T17:43:00.453Z,2026-08-02T17:43:00.453228Z,2026-08-02T19:43:00.453228Z,7625.283978,7,1.15275,9.542398612015623,0.40780911062908004,0.156,15.942028985507246,9.542398612015623,50.43067762822083,0,0,0,0,,
FORM,2026-08-02T17:43:13.078Z,2026-08-02T17:43:13.079116Z,2026-08-02T19:43:13.079116Z,7612.65809,7,0.20165,14.87726258368434,3.2544378698224823,-0.442,23.55072463768116,14.87726258368434,56.6864001721072,0,0,0,0,,False
GMT,2026-08-02T17:43:20.609Z,2026-08-02T17:43:20.609382Z,2026-08-02T19:43:20.609382Z,7605.127824,7,0.006775,14.760147601475413,3.7202380952380985,1.511,14.492753623188406,14.760147601475413,71.38948297326435,0,0,0,0,,False
GUN,2026-08-02T17:43:27.566Z,2026-08-02T17:43:27.566867Z,2026-08-02T19:43:27.566867Z,7598.170339,7,0.0029,68.965517241378,5.208333333333331,-3.03,23.18840579710145,68.965517241378,58.272798844970836,0,0,0,0,,False
HMSTR,2026-08-02T17:43:34.169Z,2026-08-02T17:43:34.169917Z,2026-08-02T19:43:34.169917Z,7591.567289,7,0.0001678,11.918951132299032,3.0538922155688555,-0.417,21.73913043478261,11.918951132299032,62.70332301027185,0,0,0,0,,False
IOTA,2026-08-02T17:43:45.968Z,2026-08-02T17:43:45.968515Z,2026-08-02T19:43:45.968515Z,7579.768691,7,0.033549999999999996,29.806259314454827,4.531722054380669,2.16,15.579710144927537,29.806259314454827,72.06225827724298,0,0,0,0,,False
KMNO,2026-08-02T17:43:51.050Z,2026-08-02T17:43:51.050768Z,2026-08-02T19:43:51.050768Z,7574.686438,7,0.017974999999999998,5.5632823365783555,2.5041736227045215,-1.857,25.36231884057971,5.5632823365783555,56.737191781035946,5,3,2,0,1.0,False
LAYER,2026-08-02T17:43:58.338Z,2026-08-02T17:43:58.338365Z,2026-08-02T19:43:58.338365Z,7567.398841,7,0.061149999999999996,16.353229762877504,2.4590163934426252,-1.135,18.115942028985508,16.353229762877504,61.806346963737624,0,0,0,0,,False
MANTA,2026-08-02T17:44:12.246Z,2026-08-02T17:44:12.246833Z,2026-08-02T19:44:12.246833Z,7553.490373,7,0.058045,8.614006374363768,3.3874870376771575,-1.649,23.91304347826087,8.614006374363768,46.992887343504094,0,0,0,0,,False
MITO,2026-08-02T17:44:19.753Z,2026-08-02T17:44:19.753912Z,2026-08-02T19:44:19.753912Z,7545.983294,7,0.021825,22.909507445590577,4.0072859744990845,2.045,20.28985507246377,22.909507445590577,75.17102741381238,1,1,0,0,1.0,False
NOT,2026-08-02T17:44:25.620Z,2026-08-02T17:44:25.621015Z,2026-08-02T19:44:25.621015Z,7540.116191,7,0.0003455,28.943560057887826,3.5190615835777184,1.187,14.130434782608695,28.943560057887826,68.92060810161013,2,0,2,0,0.0,False
ONT,2026-08-02T17:44:32.449Z,2026-08-02T17:44:32.450095Z,2026-08-02T19:44:32.450095Z,7533.287111,7,0.0375,10.666666666666233,2.2447888829502953,-1.707,21.3768115942029,10.666666666666233,61.09517199122894,13,7,4,2,0.2308,False
SKL,2026-08-02T17:44:40.056Z,2026-08-02T17:44:40.056352Z,2026-08-02T19:44:40.056352Z,7525.680854,7,0.00372,53.763440860214025,8.333333333333343,2.198,18.47826086956522,53.763440860214025,42.8599311800055,0,0,0,0,,False
SOLV,2026-08-02T17:44:47.020Z,2026-08-02T17:44:47.020514Z,2026-08-02T19:44:47.020514Z,7518.716692,7,0.002365,42.2832980972517,3.3613445378151163,-0.418,13.405797101449275,42.2832980972517,62.99783379355676,0,0,0,0,,False
SPK,2026-08-02T17:44:53.804Z,2026-08-02T17:44:53.804477Z,2026-08-02T19:44:53.804477Z,7511.932729,7,0.0158665,9.453880818074342,1.9415027735753863,-0.732,22.10144927536232,9.453880818074342,59.50671257718944,62,21,38,3,0.4677,False
THETA,2026-08-02T17:44:59.617Z,2026-08-02T17:44:59.617817Z,2026-08-02T19:44:59.617817Z,7506.119389,7,0.12535000000000002,7.977662544875686,3.3626901521217047,-0.319,19.565217391304348,7.977662544875686,60.55265784210819,0,0,0,0,,False
TURTLE,2026-08-02T17:45:07.233Z,2026-08-02T17:45:07.234065Z,2026-08-02T19:45:07.234065Z,7498.503141,7,0.042749999999999996,23.391812865496128,4.95283018867924,1.193,26.08695652173913,23.391812865496128,54.070300837868835,3,3,0,0,1.0,False
USUAL,2026-08-02T17:45:14.271Z,2026-08-02T17:45:14.271533Z,2026-08-02T19:45:14.271533Z,7491.465673,7,0.007845,12.746972594008405,4.719387755102048,0.513,26.81159420289855,12.746972594008405,52.83040647169186,2,2,0,0,1.0,False
XVG,2026-08-02T17:45:27.461Z,2026-08-02T17:45:27.461456Z,2026-08-02T19:45:27.461456Z,7478.27575,7,0.001916,20.876826722338713,2.8750653423941412,0.0,19.92753623188406,20.876826722338713,53.46956229873606,2,2,0,0,1.0,False
YGG,2026-08-02T17:45:32.738Z,2026-08-02T17:45:32.738764Z,2026-08-02T19:45:32.738764Z,7472.998442,7,0.01817,11.007154650524301,3.535911602209954,0.892,24.27536231884058,11.007154650524301,66.43931123473119,0,0,0,0,,False
NXPC,2026-08-02T17:50:57.727Z,2026-08-02T17:50:57.727387Z,2026-08-02T19:50:57.727387Z,7751.151928,7,0.24015,20.820320632937765,4.06301824212271,-2.82,14.130434782608695,20.820320632937765,53.374234890829754,0,0,0,0,,False
WCT,2026-08-02T17:51:03.231Z,2026-08-02T17:51:03.231791Z,2026-08-02T19:51:03.231791Z,7745.647524,7,0.035605,8.425782895661353,3.5112359550561827,-2.009,13.405797101449275,8.425782895661353,56.61895646850907,1,0,1,0,1.0,False
1INCH,2026-08-02T17:51:29.862Z,2026-08-02T17:51:29.863109Z,2026-08-02T19:51:29.863109Z,7719.016206,7,0.0815,24.5398773006142,4.039167686658504,1.743,3.260869565217391,24.5398773006142,48.144979880675734,1,1,0,0,1.0,False
A,2026-08-02T17:51:36.608Z,2026-08-02T17:51:36.608748Z,2026-08-02T19:51:36.608748Z,7712.270567,7,0.0637,31.39717425431583,1.8927444794952786,-1.4,2.536231884057971,31.39717425431583,39.77924002027827,0,0,0,0,,False
ANIME,2026-08-02T17:51:49.886Z,2026-08-02T17:51:49.886369Z,2026-08-02T19:51:49.886369Z,7698.992946,7,0.0024349999999999997,41.067761806981636,2.4793388429751952,0.0,5.797101449275362,41.067761806981636,47.45181910533093,0,0,0,0,,False
AUCTION,2026-08-02T17:51:56.656Z,2026-08-02T17:51:56.656431Z,2026-08-02T19:51:56.656431Z,7692.222884,7,2.9829999999999997,13.409319477036554,1.6064257028112316,0.572,5.072463768115942,13.409319477036554,49.744225938440536,0,0,0,0,,False
BTC,2026-08-02T17:52:09.177Z,2026-08-02T17:52:09.177270Z,2026-08-02T19:52:09.177270Z,7679.702045,7,63401.395000000004,0.0015772523620398678,2.138005213290066,0.838,100.0,0.0015772523620398678,70.70426654384211,35,14,11,10,-0.0286,False
C,2026-08-02T17:52:16.373Z,2026-08-02T17:52:16.373621Z,2026-08-02T19:52:16.373621Z,7672.505694,7,0.05205,19.21229586935694,3.4548944337811958,-2.98,12.681159420289855,19.21229586935694,37.834001348500365,0,0,0,0,,True
COMP,2026-08-02T17:52:26.833Z,2026-08-02T17:52:26.833478Z,2026-08-02T19:52:26.833478Z,7662.045837,7,16.43,24.34570906877611,1.5834348355663916,-0.182,2.898550724637681,24.34570906877611,42.434197338350515,63,35,13,15,0.3175,False
CYBER,2026-08-02T17:52:33.314Z,2026-08-02T17:52:33.314379Z,2026-08-02T19:52:33.314379Z,7655.564936,7,0.303,66.00660066006607,1.6611295681063138,0.0,0.36231884057971014,66.00660066006607,44.925301031800544,0,0,0,0,,False
ETH,2026-08-02T17:52:38.605Z,2026-08-02T17:52:38.606139Z,2026-08-02T19:52:38.606139Z,7650.273176,7,1881.1550000000002,0.05315883061199584,3.3513062009070396,0.374,99.6376811594203,0.05315883061199584,65.41483648864262,31,15,10,6,0.5484,False
F,2026-08-02T17:52:45.190Z,2026-08-02T17:52:45.190616Z,2026-08-02T19:52:45.190616Z,7643.688699,7,0.0028250000000000003,35.398230088495666,2.473498233215554,0.0,7.246376811594203,35.398230088495666,63.322743687130775,0,0,0,0,,
FLUX,2026-08-02T17:52:51.945Z,2026-08-02T17:52:51.945415Z,2026-08-02T19:52:51.945415Z,7636.9339,7,0.03955,25.284450063211846,2.806122448979584,0.256,3.6231884057971016,25.284450063211846,50.607740865908006,1,1,0,0,1.0,False
GPS,2026-08-02T17:52:59.293Z,2026-08-02T17:52:59.293626Z,2026-08-02T19:52:59.293626Z,7629.585689,7,0.00941,21.25398512220955,3.5106382978723447,-1.571,9.420289855072463,21.25398512220955,63.24568514863444,0,0,0,0,,
HAEDAL,2026-08-02T17:53:05.973Z,2026-08-02T17:53:05.974130Z,2026-08-02T19:53:05.974130Z,7622.905185,7,0.015095,19.874130506790667,1.3888888888888897,-0.917,4.7101449275362315,19.874130506790667,42.01255219692127,0,0,0,0,,False
HIVE,2026-08-02T17:53:12.620Z,2026-08-02T17:53:12.620935Z,2026-08-02T19:53:12.620935Z,7616.25838,7,0.042249999999999996,71.00591715976371,1.6548463356973977,0.237,1.8115942028985508,71.00591715976371,66.3745825932564,0,0,0,0,,False
ILV,2026-08-02T17:53:20.266Z,2026-08-02T17:53:20.267038Z,2026-08-02T19:53:20.267038Z,7608.612277,7,2.84,70.42253521126767,2.7972027972028,-1.718,1.4492753623188406,70.42253521126767,54.47820514176538,0,0,0,0,,False
LA,2026-08-02T17:53:27.939Z,2026-08-02T17:53:27.939919Z,2026-08-02T19:53:27.939919Z,7600.939396,7,0.05165,135.52758954501437,7.499999999999998,-5.325,10.507246376811594,135.52758954501437,52.68208159861708,1,0,1,0,1.0,False
NEWT,2026-08-02T17:53:35.455Z,2026-08-02T17:53:35.455448Z,2026-08-02T19:53:35.455448Z,7593.423867,7,0.039999999999999994,49.99999999999971,2.005012531328326,-0.25,0.7246376811594203,49.99999999999971,47.91296026788919,0,0,0,0,,False
NMR,2026-08-02T17:53:41.999Z,2026-08-02T17:53:41.999445Z,2026-08-02T19:53:41.999445Z,7586.87987,7,8.545,11.702750146286208,1.170960187353626,0.0,1.0869565217391304,11.702750146286208,55.95030230579446,0,0,0,0,,False
PIXEL,2026-08-02T17:53:52.832Z,2026-08-02T17:53:52.832238Z,2026-08-02T19:53:52.832238Z,7576.047077,7,0.004019999999999999,49.751243781094665,6.203473945409414,0.499,11.956521739130435,49.751243781094665,51.210530077596815,62,23,26,13,0.2258,False
PROVE,2026-08-02T17:54:00.274Z,2026-08-02T17:54:00.274450Z,2026-08-02T19:54:00.274450Z,7568.604865,7,0.16770000000000002,11.926058437686684,2.2632519356759966,-1.755,6.884057971014493,11.926058437686684,58.59021667253203,0,0,0,0,,False
RARE,2026-08-02T17:54:07.314Z,2026-08-02T17:54:07.315118Z,2026-08-02T19:54:07.315118Z,7561.564197,7,0.011895,8.406893652796409,2.5984911986588393,-0.167,10.144927536231885,8.406893652796409,62.20134870420323,1,0,1,0,1.0,False
RED,2026-08-02T17:54:12.337Z,2026-08-02T17:54:12.337552Z,2026-08-02T19:54:12.337552Z,7556.541763,7,0.08815,11.344299489506847,3.178206583427935,-0.227,9.057971014492754,11.344299489506847,59.64575515167218,0,0,0,0,,False
RPL,2026-08-02T17:54:20.344Z,2026-08-02T17:54:20.344716Z,2026-08-02T19:54:20.344716Z,7548.534599,7,1.5550000000000002,64.30868167202577,4.5161290322580685,0.649,5.434782608695652,64.30868167202577,41.677276359569646,0,0,0,0,,False
SOL,2026-08-02T17:54:25.620Z,2026-08-02T17:54:25.621016Z,2026-08-02T19:54:25.621016Z,7543.258299,7,73.67500000000001,1.3573125212087023,4.201336788978309,2.089,99.27536231884058,1.3573125212087023,72.93161380126264,33,21,7,5,0.8485,False
SOPH,2026-08-02T17:54:32.229Z,2026-08-02T17:54:32.229416Z,2026-08-02T19:54:32.229416Z,7536.649899,7,0.003935,25.41296060991002,1.2787723785166163,-1.263,6.521739130434782,25.41296060991002,37.210899712524636,0,0,0,0,,
STEEM,2026-08-02T17:54:39.599Z,2026-08-02T17:54:39.599802Z,2026-08-02T19:54:39.599802Z,7529.279513,7,0.0361,16.620498614959693,3.079056865464632,-1.931,8.695652173913043,16.620498614959693,43.5335827393987,0,0,0,0,,False
SXT,2026-08-02T17:54:46.604Z,2026-08-02T17:54:46.604907Z,2026-08-02T19:54:46.604907Z,7522.274408,7,0.006875,43.636363636364386,3.0259365994236327,2.209,7.971014492753623,43.636363636364386,68.20052638940767,13,3,6,4,0.0,False
UMA,2026-08-02T17:54:53.140Z,2026-08-02T17:54:53.140610Z,2026-08-02T19:54:53.140610Z,7515.738705,7,0.3375,29.629629629629655,2.654867256637154,0.296,2.1739130434782608,29.629629629629655,44.4001433508438,0,0,0,0,,False
USD1,2026-08-02T17:54:56.890Z,2026-08-02T17:54:56.890519Z,2026-08-02T19:54:56.890519Z,7511.988796,7,0.99915,1.0008507231145374,0.04003202562049199,0.01,98.91304347826087,1.0008507231145374,67.41600635594669,0,0,0,0,,False
VELODROME,2026-08-02T17:55:03.489Z,2026-08-02T17:55:03.490081Z,2026-08-02T19:55:03.490081Z,7505.389234,7,0.016489999999999998,48.514251061249375,3.253529772866806,-3.151,6.159420289855072,48.514251061249375,37.207332481717124,0,0,0,0,,
WAL,2026-08-02T17:55:11.107Z,2026-08-02T17:55:11.108232Z,2026-08-02T19:55:11.108232Z,7497.771083,7,0.02515,39.76143141153058,3.9525691699604777,0.397,13.043478260869565,39.76143141153058,51.48355169595906,0,0,0,0,,False
YB,2026-08-02T17:55:17.944Z,2026-08-02T17:55:17.945209Z,2026-08-02T19:55:17.945209Z,7490.934106,7,0.06520000000000001,30.674846625765618,2.5835866261398284,1.543,7.608695652173913,30.674846625765618,66.76082325078774,0,0,0,0,,True
BNB,2026-08-02T18:01:26.854Z,2026-08-02T18:01:26.854930Z,2026-08-02T20:01:26.854930Z,7718.473404,7,588.365,0.16996252326346578,2.5860161051431003,1.864,98.55072463768116,0.16996252326346578,67.30535125752107,45,23,7,15,0.5111,False
DOGE,2026-08-02T18:01:31.595Z,2026-08-02T18:01:31.595970Z,2026-08-02T20:01:31.595970Z,7713.732364,7,0.070625,1.415929203539274,4.2227575456993005,1.569,91.66666666666667,1.415929203539274,72.6467599377813,38,12,11,15,0.1842,False
ENA,2026-08-02T18:01:36.689Z,2026-08-02T18:01:36.689313Z,2026-08-02T20:01:36.689313Z,7708.639021,7,0.08854999999999999,11.293054771315965,12.51396648044693,11.318,96.73913043478261,11.293054771315965,76.1951601017043,20,18,0,2,0.8,False
EUL,2026-08-02T18:01:41.303Z,2026-08-02T18:01:41.303521Z,2026-08-02T20:01:41.303521Z,7704.024813,7,1.43,27.972027972028,17.887323943661972,-5.396,88.04347826086956,27.972027972028,46.03203262449467,5,3,0,2,1.0,False
EUR,2026-08-02T18:01:45.234Z,2026-08-02T18:01:45.234761Z,2026-08-02T20:01:45.234761Z,7700.093573,7,1.15375,0.8667388949078135,0.6940829429116785,0.017,94.56521739130434,0.8667388949078135,64.27385683893935,0,0,0,0,,False
FDUSD,2026-08-02T18:01:48.327Z,2026-08-02T18:01:48.327583Z,2026-08-02T20:01:48.327583Z,7697.000751,7,0.99725,1.0027575833541138,0.060168471720822805,0.0,96.3768115942029,1.0027575833541138,61.22664638026186,0,0,0,0,,False
FET,2026-08-02T18:01:53.129Z,2026-08-02T18:01:53.129795Z,2026-08-02T20:01:53.129795Z,7692.198539,7,0.14215,7.034822370734365,4.43661971830986,2.527,86.95652173913044,7.034822370734365,74.50357988947394,9,1,7,1,0.7778,False
GIGGLE,2026-08-02T18:01:58.264Z,2026-08-02T18:01:58.264983Z,2026-08-02T20:01:58.264983Z,7687.063351,7,41.870000000000005,9.55337950800075,16.564561734213008,8.265,89.1304347826087,9.55337950800075,54.11966205754549,8,8,0,0,0.75,False
HOME,2026-08-02T18:02:03.068Z,2026-08-02T18:02:03.068504Z,2026-08-02T20:02:03.068504Z,7682.25983,7,0.00777,25.740025740024688,37.18244803695151,53.004,93.47826086956522,25.740025740024688,83.40126936330189,8,7,1,0,1.0,False
ICP,2026-08-02T18:02:07.994Z,2026-08-02T18:02:07.994693Z,2026-08-02T20:02:07.994693Z,7677.333641,7,2.0815,4.804227720393417,4.41035474592522,1.607,87.68115942028986,4.804227720393417,74.04787536588663,30,8,11,11,0.0667,False
INJ,2026-08-02T18:02:12.595Z,2026-08-02T18:02:12.596115Z,2026-08-02T20:02:12.596115Z,7672.732219,7,5.132,3.8971161340603664,3.505608974358971,1.794,86.59420289855072,3.8971161340603664,62.99497649902377,61,31,25,5,0.6885,False
JUP,2026-08-02T18:02:19.698Z,2026-08-02T18:02:19.698237Z,2026-08-02T20:02:19.698237Z,7665.630097,7,0.19615,5.098139179200445,5.6546102903718785,3.534,89.4927536231884,5.098139179200445,80.54644634398846,61,15,37,9,0.2131,False
KAITO,2026-08-02T18:02:25.229Z,2026-08-02T18:02:25.229780Z,2026-08-02T20:02:25.229780Z,7660.098554,7,1.0493000000000001,19.060325931573445,18.54080481383979,-13.019,90.57971014492753,19.060325931573445,56.470976467803396,6,5,0,1,0.8333,False
LINK,2026-08-02T18:02:30.717Z,2026-08-02T18:02:30.717782Z,2026-08-02T20:02:30.717782Z,7654.610552,7,8.319500000000001,1.201995312217616,6.313010081613054,3.658,95.65217391304348,1.201995312217616,73.32775665974457,28,17,4,7,0.7143,False
LTC,2026-08-02T18:02:36.687Z,2026-08-02T18:02:36.688306Z,2026-08-02T20:02:36.688306Z,7648.640028,7,44.974999999999994,2.223457476375322,3.0909495219034766,2.367,88.76811594202898,2.223457476375322,57.51451368548423,33,15,13,5,0.5152,False
PENGU,2026-08-02T18:02:48.880Z,2026-08-02T18:02:48.880988Z,2026-08-02T20:02:48.880988Z,7636.447346,7,0.006207,3.222168519413993,6.309504598999513,4.892,92.3913043478261,3.222168519413993,71.95994719907628,11,7,2,2,0.2727,False
PEPE,2026-08-02T18:02:53.748Z,2026-08-02T18:02:53.748786Z,2026-08-02T20:02:53.748786Z,7631.579548,7,2.915e-06,34.30531732418492,8.24742268041238,5.818,95.28985507246377,34.30531732418492,70.36732536410531,31,26,0,5,0.7742,False
PUMP,2026-08-02T18:02:59.350Z,2026-08-02T18:02:59.350531Z,2026-08-02T20:02:59.350531Z,7625.977803,7,0.0021415,4.669624095258926,11.327762302692658,2.964,92.02898550724638,4.669624095258926,64.2808027576442,11,10,0,1,0.6364,False
SUI,2026-08-02T18:03:04.264Z,2026-08-02T18:03:04.265144Z,2026-08-02T20:03:04.265144Z,7621.06319,7,0.69195,1.4451911265263242,4.4730746960046375,1.663,97.10144927536231,1.4451911265263242,69.2830312443934,12,7,3,2,0.5,False
SYN,2026-08-02T18:03:09.599Z,2026-08-02T18:03:09.599686Z,2026-08-02T20:03:09.599686Z,7615.728648,7,0.093875,7.456724367508574,10.682819383259911,2.587,87.31884057971014,7.456724367508574,60.27975318332448,1,1,0,0,1.0,False
TAO,2026-08-02T18:03:15.167Z,2026-08-02T18:03:15.168209Z,2026-08-02T20:03:15.168209Z,7610.160125,7,192.85000000000002,5.185377236193638,3.1704781704781673,0.313,88.40579710144928,5.185377236193638,67.35190772390997,25,13,6,6,0.6,False
TRX,2026-08-02T18:03:19.972Z,2026-08-02T18:03:19.973013Z,2026-08-02T20:03:19.973013Z,7605.355321,7,0.32705,3.057636447026112,0.7642922653622752,-0.396,94.20289855072464,3.057636447026112,56.75859085030997,14,12,2,0,1.0,False
UNI,2026-08-02T18:03:29.368Z,2026-08-02T18:03:29.368577Z,2026-08-02T20:03:29.368577Z,7595.959757,7,4.2305,2.3637867864305537,6.650717703349272,2.93,93.1159420289855,2.3637867864305537,52.80388216036614,25,15,6,4,0.52,False
XLM,2026-08-02T18:03:39.227Z,2026-08-02T18:03:39.228171Z,2026-08-02T20:03:39.228171Z,7586.100163,7,0.17425000000000002,5.738880918221907,5.106138841078595,2.409,91.30434782608695,5.738880918221907,67.27794601693347,62,40,19,3,0.2903,False
XRP,2026-08-02T18:03:45.103Z,2026-08-02T18:03:45.103930Z,2026-08-02T20:03:45.103930Z,7580.224404,7,1.0808499999999999,0.9251977610213166,3.550295857988165,2.25,98.18840579710145,0.9251977610213166,75.70595327926337,16,7,4,5,0.375,False
ZEC,2026-08-02T18:03:49.864Z,2026-08-02T18:03:49.864995Z,2026-08-02T20:03:49.864995Z,7575.463339,7,486.70000000000005,1.643723032668668,4.100866021395822,0.91,93.84057971014492,1.643723032668668,62.57714644378587,40,20,13,7,0.3,False
ZRO,2026-08-02T18:03:54.999Z,2026-08-02T18:03:55.000010Z,2026-08-02T20:03:55.000010Z,7570.328324,7,0.7324999999999999,13.651877133105815,4.115226337448563,0.275,90.94202898550725,13.651877133105815,70.20316837821744,2,2,0,0,1.0,False
BONK,2026-08-02T18:09:52.896Z,2026-08-02T18:09:52.896354Z,2026-08-02T20:09:52.896354Z,7212.43198,7,2.885e-06,34.66204506065825,7.958477508650516,5.091,72.46376811594203,34.66204506065825,72.08546838728101,7,4,2,1,0.2857,False
COTI,2026-08-02T18:10:04.458Z,2026-08-02T18:10:04.458661Z,2026-08-02T20:10:04.458661Z,7200.869673,7,0.013680000000000001,29.239766081871416,18.147304479878514,-10.469,85.5072463768116,29.239766081871416,58.438797759856605,7,4,2,1,0.5714,False
EPIC,2026-08-02T18:10:23.556Z,2026-08-02T18:10:23.556412Z,2026-08-02T20:10:23.556412Z,7782.486278,7,0.93615,11.750253698659295,11.228813559322035,-0.045,78.26086956521739,11.750253698659295,61.84063673415059,3,3,0,0,0.3333,False
ORDI,2026-08-02T18:11:21.114Z,2026-08-02T18:11:21.114971Z,2026-08-02T20:11:21.114971Z,7724.927719,7,3.4905,8.594757198109479,6.2746201463140086,-1.524,81.15942028985508,8.594757198109479,64.3126774558674,10,4,3,3,0.2,False
PENDLE,2026-08-02T18:11:31.625Z,2026-08-02T18:11:31.626011Z,2026-08-02T20:11:31.626011Z,7714.416679,7,1.3845,7.222824124233383,3.8039502560351006,-1.866,74.6376811594203,7.222824124233383,55.23389481056862,0,0,0,0,,False
RENDER,2026-08-02T18:11:38.414Z,2026-08-02T18:11:38.414219Z,2026-08-02T20:11:38.414219Z,7707.628471,7,1.3765,7.264802034145382,2.6277372262773744,0.587,75.3623188405797,7.264802034145382,75.87254069239407,0,0,0,0,,False
SHIB,2026-08-02T18:11:55.225Z,2026-08-02T18:11:55.225917Z,2026-08-02T20:11:55.225917Z,7690.816773,7,4.935e-06,20.263424518743474,5.633802816901405,1.222,82.97101449275362,20.263424518743474,72.50378997588919,10,6,2,2,-0.2,False
TLM,2026-08-02T18:12:03.626Z,2026-08-02T18:12:03.626524Z,2026-08-02T20:12:03.626524Z,7682.416166,7,0.0016315,18.38798651547634,10.182926829268297,3.535,75.0,18.38798651547634,53.765610781060936,1,1,0,0,1.0,False
TRUMP,2026-08-02T18:12:09.191Z,2026-08-02T18:12:09.192058Z,2026-08-02T20:12:09.192058Z,7676.850632,7,1.4405000000000001,6.9420340159674545,3.947368421052643,1.333,76.81159420289855,6.9420340159674545,72.62168873440308,16,9,1,6,0.0625,False
VIRTUAL,2026-08-02T18:12:20.115Z,2026-08-02T18:12:20.115495Z,2026-08-02T20:12:20.115495Z,7665.927195,7,0.5641499999999999,8.86289107506968,5.885500267522745,2.636,73.18840579710145,8.86289107506968,66.14197513048624,2,0,2,0,1.0,False
BFUSD,2026-08-02T18:18:43.698Z,2026-08-02T18:18:43.699040Z,2026-08-02T20:18:43.699040Z,7282.34365,7,0.9984999999999999,2.0030045067610316,0.12018027040560629,0.04,58.69565217391305,2.0030045067610316,64.68959632455928,0,0,0,0,,
BOME,2026-08-02T18:18:49.267Z,2026-08-02T18:18:49.267812Z,2026-08-02T20:18:49.267812Z,7276.774878,7,0.000611,13.093289689034687,13.45748987854251,6.76,60.14492753623188,13.093289689034687,76.87573944210688,0,0,0,0,,False
CFX,2026-08-02T18:19:06.008Z,2026-08-02T18:19:06.008607Z,2026-08-02T20:19:06.008607Z,7260.034083,7,0.042355000000000004,2.360996340456395,3.8361354487331365,-1.332,64.85507246376811,2.360996340456395,51.5510867577295,0,0,0,0,,False
GALA,2026-08-02T18:19:31.492Z,2026-08-02T18:19:31.492828Z,2026-08-02T20:19:31.492828Z,7234.549862,7,0.0017764999999999999,5.629045876723422,2.3098591549295784,0.0,66.66666666666667,5.629045876723422,70.2327189901591,3,1,0,2,-1.0,False
NIL,2026-08-02T18:20:12.134Z,2026-08-02T18:20:12.134360Z,2026-08-02T20:20:12.134360Z,7794.136689,7,0.030525,36.0360360360357,24.607679465776297,6.698,67.02898550724638,36.0360360360357,65.60584691476775,2,0,1,1,-1.0,False
PEOPLE,2026-08-02T18:20:19.111Z,2026-08-02T18:20:19.112021Z,2026-08-02T20:20:19.112021Z,7787.159028,7,0.007035,14.214641080313376,14.772727272727273,8.141,61.231884057971016,14.214641080313376,79.80696816292536,4,1,1,2,1.0,False
VET,2026-08-02T18:21:31.941Z,2026-08-02T18:21:31.941620Z,2026-08-02T20:21:31.941620Z,7714.329429,7,0.0046715,6.421920154126935,3.940362087326949,1.055,65.94202898550725,6.421920154126935,70.3079388544569,2,2,0,0,1.0,False
LISTA,2026-08-02T18:28:58.492Z,2026-08-02T18:28:58.492501Z,2026-08-02T20:28:58.492501Z,7267.778548,7,0.05055,19.782393669633223,11.82364729458917,-4.406,42.7536231884058,19.782393669633223,57.89250966199654,0,0,0,0,,False
NOM,2026-08-02T18:29:17.932Z,2026-08-02T18:29:17.932383Z,2026-08-02T20:29:17.932383Z,7248.338666,7,0.001435,69.68641114982597,2.77777777777777,0.699,47.82608695652174,69.68641114982597,64.2880613636815,0,0,0,0,,False
SAND,2026-08-02T18:30:10.173Z,2026-08-02T18:30:10.173597Z,2026-08-02T20:30:10.173597Z,7797.163577,7,0.043039999999999995,4.646840148698696,6.987000928505103,3.334,53.6231884057971,4.646840148698696,71.84752204493908,61,13,29,19,0.082,False
SSV,2026-08-02T18:30:21.127Z,2026-08-02T18:30:21.127485Z,2026-08-02T20:30:21.127485Z,7786.209689,7,2.2225,13.498312710911646,4.887892376681614,2.2,56.52173913043478,13.498312710911646,70.09203123854732,0,0,0,0,,False
ZKC,2026-08-02T18:31:07.042Z,2026-08-02T18:31:07.042297Z,2026-08-02T20:31:07.042297Z,7740.294877,7,0.03785,26.420079260238534,4.76190476190477,1.34,55.79710144927536,26.420079260238534,55.91194485661192,0,0,0,0,,False
AIXBT,2026-08-02T18:36:52.079Z,2026-08-02T18:36:52.079996Z,2026-08-02T20:36:52.079996Z,7395.257178,7,0.0178,22.471910112358632,7.031250000000004,5.536,34.42028985507246,22.471910112358632,62.23061703115336,0,0,0,0,,False
FF,2026-08-02T18:38:03.138Z,2026-08-02T18:38:03.139205Z,2026-08-02T20:38:03.139205Z,7324.197969,7,0.06481999999999999,6.17093489663659,4.451632778804688,0.511,32.971014492753625,6.17093489663659,60.94946017588069,3,1,2,0,0.3333,False
IO,2026-08-02T18:38:16.577Z,2026-08-02T18:38:16.577528Z,2026-08-02T20:38:16.577528Z,7310.759646,7,0.13205,22.71866717152764,3.9423805913570966,0.228,29.71014492753623,22.71866717152764,60.91087271228538,0,0,0,0,,False
MEME,2026-08-02T18:38:50.825Z,2026-08-02T18:38:50.825978Z,2026-08-02T20:38:50.825978Z,7276.511196,7,0.0005024999999999999,19.9004975124383,2.3809523809523956,-0.395,40.21739130434783,19.9004975124383,65.89087628480573,51,39,11,1,0.8235,False
MINA,2026-08-02T18:38:56.355Z,2026-08-02T18:38:56.355473Z,2026-08-02T20:38:56.355473Z,7270.981701,7,0.0411,48.661800486617715,2.6699029126213683,1.728,31.884057971014492,48.661800486617715,51.28414580030497,0,0,0,0,,False
SIGN,2026-08-02T18:39:51.549Z,2026-08-02T18:39:51.549943Z,2026-08-02T20:39:51.549943Z,7215.787231,7,0.0069099999999999995,28.9435600578872,4.316546762589927,1.608,30.797101449275363,28.9435600578872,66.37815438557153,0,0,0,0,,False
STO,2026-08-02T18:40:07.897Z,2026-08-02T18:40:07.897910Z,2026-08-02T20:40:07.897910Z,7798.305621,7,0.03705,26.990553306343553,3.7837837837837984,0.271,29.347826086956523,26.990553306343553,64.64011797116154,0,0,0,0,,True
TNSR,2026-08-02T18:40:21.663Z,2026-08-02T18:40:21.664085Z,2026-08-02T20:40:21.664085Z,7784.539446,7,0.029650000000000003,33.72681281618866,2.3728813559322126,-1.667,35.507246376811594,33.72681281618866,52.240637576419196,38,12,20,6,0.3684,False
TREE,2026-08-02T18:40:28.168Z,2026-08-02T18:40:28.168977Z,2026-08-02T20:40:28.168977Z,7778.034554,7,0.03425,29.197080291969613,5.2631578947368505,-3.116,30.434782608695652,29.197080291969613,53.78399545073451,0,0,0,0,,False
VANRY,2026-08-02T18:40:33.673Z,2026-08-02T18:40:33.673936Z,2026-08-02T20:40:33.673936Z,7772.529595,7,0.003767,47.783382001592216,6.030818278427199,-3.115,38.768115942028984,47.783382001592216,42.84590326316473,53,17,33,3,0.0,False
1000CAT,2026-08-02T18:46:07.912Z,2026-08-02T18:46:07.912791Z,2026-08-02T20:46:07.912791Z,7438.29074,7,0.001375,72.72727272727292,6.474820143884894,0.0,20.28985507246377,72.72727272727292,44.32421092760722,5,3,2,0,0.6,False
2Z,2026-08-02T18:46:21.264Z,2026-08-02T18:46:21.264906Z,2026-08-02T20:46:21.264906Z,7424.938625,7,0.055355,16.258693884924543,2.279305354558618,-0.861,27.536231884057973,16.258693884924543,65.82685783592368,0,0,0,0,,
AT,2026-08-02T18:46:41.099Z,2026-08-02T18:46:41.099946Z,2026-08-02T20:46:41.099946Z,7405.103585,7,0.1352,29.585798816566847,6.886446886446901,-4.878,13.768115942028986,29.585798816566847,39.46387772417758,0,0,0,0,,False
DOLO,2026-08-02T18:47:26.884Z,2026-08-02T18:47:26.884993Z,2026-08-02T20:47:26.884993Z,7359.318538,7,0.021464999999999998,13.976240391334162,4.602510460251036,0.702,19.202898550724637,13.976240391334162,47.4676709409782,0,0,0,0,,False
DYM,2026-08-02T18:47:33.848Z,2026-08-02T18:47:33.849081Z,2026-08-02T20:47:33.849081Z,7352.35445,7,0.013264999999999999,7.538635506974239,2.9567854435178145,-0.528,17.391304347826086,7.538635506974239,66.41716478372341,0,0,0,0,,False
HOLO,2026-08-02T18:48:12.831Z,2026-08-02T18:48:12.831673Z,2026-08-02T20:48:12.831673Z,7313.371858,7,0.06665,15.003750937732782,6.334841628959269,2.0,17.753623188405797,15.003750937732782,67.53170443959056,0,0,0,0,,False
VANA,2026-08-02T18:49:35.420Z,2026-08-02T18:49:35.420737Z,2026-08-02T20:49:35.420737Z,7230.782794,7,0.865,23.121387283237013,3.3218785796105412,-2.13,23.91304347826087,23.121387283237013,59.81433153570318,0,0,0,0,,False
ACT,2026-08-02T18:55:42.626Z,2026-08-02T18:55:42.627139Z,2026-08-02T20:55:42.627139Z,7463.532313,7,0.008740000000000001,22.88329519450906,4.740406320541764,0.34,3.9855072463768115,22.88329519450906,63.99012698376049,0,0,0,0,,False
CATI,2026-08-02T18:56:15.860Z,2026-08-02T18:56:15.861103Z,2026-08-02T20:56:15.861103Z,7430.298349,7,0.036460000000000006,5.485463521667357,4.124278251306025,-1.676,4.3478260869565215,5.485463521667357,49.496517450081285,0,0,0,0,,False
OSMO,2026-08-02T18:57:39.629Z,2026-08-02T18:57:39.629506Z,2026-08-02T20:57:39.629506Z,7346.529946,7,0.02725,36.69724770642307,1.838235294117649,0.0,11.594202898550725,36.69724770642307,60.50070027423329,16,4,10,2,-0.125,False
AAVE,2026-08-02T19:04:39.877Z,2026-08-02T19:04:39.877442Z,2026-08-02T21:04:39.877442Z,7525.864646,7,92.415,3.246226261970582,4.156743883957571,1.205,92.7536231884058,3.246226261970582,65.28390579757385,3,2,1,0,1.0,False
ADA,2026-08-02T19:04:46.138Z,2026-08-02T19:04:46.138949Z,2026-08-02T21:04:46.138949Z,7519.603139,7,0.18775,5.326231691077975,11.9047619047619,9.249,97.82608695652173,5.326231691077975,75.19830618418447,41,23,13,5,0.3171,False
AVAX,2026-08-02T19:04:56.535Z,2026-08-02T19:04:56.535243Z,2026-08-02T21:04:56.535243Z,7509.206845,7,6.5895,1.5175658244167929,9.745059586664654,5.222,96.01449275362319,1.5175658244167929,69.13373560002742,65,20,26,19,0.0923,False
BCH,2026-08-02T19:05:02.217Z,2026-08-02T19:05:02.217211Z,2026-08-02T21:05:02.217211Z,7503.524877,7,213.55,4.682744088035323,3.8046031000469673,2.553,89.85507246376811,4.682744088035323,64.49748599822708,7,1,3,3,-0.1429,False
NEAR,2026-08-02T19:06:16.085Z,2026-08-02T19:06:16.085532Z,2026-08-02T21:06:16.085532Z,7429.656556,7,1.7075,5.8565153733522095,5.0117924528302,2.23,94.92753623188406,5.8565153733522095,61.00479203243573,4,4,0,0,1.0,False
ONDO,2026-08-02T19:06:23.558Z,2026-08-02T19:06:23.558552Z,2026-08-02T21:06:23.558552Z,7422.183536,7,0.3895,5.1347881899865975,5.226390685640361,0.155,90.21739130434783,5.1347881899865975,64.59102839739501,9,3,3,3,0.7778,False
1000SATS,2026-08-02T19:12:56.777Z,2026-08-02T19:12:56.777815Z,2026-08-02T21:12:56.777815Z,7629.820457,7,1.0725e-05,27.972027972027703,16.276894293732465,1.519,78.6231884057971,27.972027972027703,64.56154820352145,18,7,4,7,-0.0556,False
ALLO,2026-08-02T19:13:02.268Z,2026-08-02T19:13:02.268404Z,2026-08-02T21:13:02.268404Z,7624.329868,7,0.25634999999999997,11.702750146285256,11.399999999999999,-9.942,79.34782608695652,11.702750146285256,51.79562756830125,64,2,56,6,-0.4062,False
APT,2026-08-02T19:13:08.677Z,2026-08-02T19:13:08.678161Z,2026-08-02T21:13:08.678161Z,7617.920111,7,0.5625,17.77777777777582,4.585537918871237,2.717,82.2463768115942,17.77777777777582,71.45048955298054,2,1,1,0,1.0,False
ARB,2026-08-02T19:13:16.874Z,2026-08-02T19:13:16.874786Z,2026-08-02T21:13:16.874786Z,7609.723486,7,0.08124999999999999,12.307692307692662,6.435643564356432,3.59,85.14492753623189,12.307692307692662,69.23000410802415,13,10,2,1,0.6154,False
ATOM,2026-08-02T19:13:25.921Z,2026-08-02T19:13:25.921799Z,2026-08-02T21:13:25.921799Z,7600.676473,7,1.263,15.835312747426777,4.047619047619042,2.773,80.07246376811594,15.835312747426777,79.35394912139992,65,18,44,3,0.5692,False
BANK,2026-08-02T19:13:31.221Z,2026-08-02T19:13:31.221672Z,2026-08-02T21:13:31.221672Z,7595.3766,7,0.04645,21.52852529601784,18.633540372670808,-8.0,82.6086956521739,21.52852529601784,45.16699970005994,14,11,1,2,1.0,False
CHZ,2026-08-02T19:13:43.006Z,2026-08-02T19:13:43.007098Z,2026-08-02T21:13:43.007098Z,7583.591174,7,0.012835,7.7911959485791416,3.4937888198757685,0.0,76.08695652173913,7.7911959485791416,54.7836962703631,0,0,0,0,,False
DOT,2026-08-02T19:13:53.217Z,2026-08-02T19:13:53.217894Z,2026-08-02T21:13:53.217894Z,7573.380378,7,0.7965,12.55492780916511,4.630788485607012,3.364,83.33333333333333,12.55492780916511,69.2166465863603,5,1,0,4,-0.2,False
DYDX,2026-08-02T19:14:00.415Z,2026-08-02T19:14:00.415989Z,2026-08-02T21:14:00.415989Z,7566.182283,7,0.11205,12.49442213297646,5.450004459905454,0.701,73.91304347826087,12.49442213297646,69.17779220164579,0,0,0,0,,False
ENSO,2026-08-02T19:14:08.102Z,2026-08-02T19:14:08.102632Z,2026-08-02T21:14:08.102632Z,7558.49564,7,0.918,21.78649237472769,7.034632034632028,-1.493,72.82608695652173,21.78649237472769,68.01368044521872,0,0,0,0,,False
ERA,2026-08-02T19:14:19.278Z,2026-08-02T19:14:19.279197Z,2026-08-02T21:14:19.279197Z,7547.319075,7,0.0643,31.104199066874923,7.716049382716057,-3.715,78.98550724637681,31.104199066874923,66.49737946384008,0,0,0,0,,False
HBAR,2026-08-02T19:14:30.532Z,2026-08-02T19:14:30.532854Z,2026-08-02T21:14:30.532854Z,7536.065418,7,0.06970499999999999,1.434617315830446,2.8420451299628757,0.864,83.69565217391305,1.434617315830446,65.42888426711815,22,12,7,3,0.3182,False
HYPER,2026-08-02T19:14:36.788Z,2026-08-02T19:14:36.788912Z,2026-08-02T21:14:36.788912Z,7529.80936,7,0.06675,14.981273408240128,39.248120300751864,14.458,84.78260869565217,14.981273408240128,74.96466236570123,2,2,0,0,1.0,False
LDO,2026-08-02T19:14:42.580Z,2026-08-02T19:14:42.581225Z,2026-08-02T21:14:42.581225Z,7524.017047,7,0.32825000000000004,15.232292460015243,4.319453076444987,-1.046,84.42028985507247,15.232292460015243,41.43391827037226,1,1,0,0,1.0,False
MIRA,2026-08-02T19:14:57.892Z,2026-08-02T19:14:57.892732Z,2026-08-02T21:14:57.892732Z,7508.70554,7,0.041550000000000004,24.067388688326332,4.56730769230769,-2.347,79.71014492753623,24.067388688326332,49.947527130018194,0,0,0,0,,False
MMT,2026-08-02T19:15:06.781Z,2026-08-02T19:15:06.784041Z,2026-08-02T21:15:06.784041Z,7499.814231,7,0.1679,11.911852293031908,17.44324970131422,-11.429,80.79710144927536,11.911852293031908,47.706243459026574,1,0,1,0,1.0,False
OP,2026-08-02T19:15:19.232Z,2026-08-02T19:15:19.233225Z,2026-08-02T21:15:19.233225Z,7487.365047,7,0.08574999999999999,11.661807580175264,5.807200929152154,2.867,81.52173913043478,11.661807580175264,76.12125783861272,2,1,0,1,1.0,False
ROSE,2026-08-02T19:15:45.891Z,2026-08-02T19:15:45.891621Z,2026-08-02T21:15:45.891621Z,7460.706651,7,0.00553,36.166365280289426,7.387387387387398,3.738,73.55072463768116,36.166365280289426,72.62430662221394,62,24,33,5,0.3387,False
RUNE,2026-08-02T19:15:53.558Z,2026-08-02T19:15:53.558391Z,2026-08-02T21:15:53.558391Z,7453.039881,7,0.4455,22.4466891133558,3.1531531531531556,1.602,71.3768115942029,22.4466891133558,76.91121203003998,6,2,3,1,0.3333,False
STRK,2026-08-02T19:16:06.267Z,2026-08-02T19:16:06.267687Z,2026-08-02T21:16:06.267687Z,7440.330585,7,0.024495000000000003,4.08246580934868,4.874086108854589,-1.559,76.44927536231884,4.08246580934868,66.322436749521,1,1,0,0,1.0,False
USDE,2026-08-02T19:16:20.718Z,2026-08-02T19:16:20.719038Z,2026-08-02T21:16:20.719038Z,7425.879234,7,0.99975,1.0002500625155186,0.04000800160031566,-0.03,77.53623188405797,1.0002500625155186,63.515969075377065,0,0,0,0,,False
WIF,2026-08-02T19:16:32.752Z,2026-08-02T19:16:32.752275Z,2026-08-02T21:16:32.752275Z,7413.845997,7,0.14105,7.089684509040534,4.2172980700500275,1.011,74.27536231884058,7.089684509040534,60.64494864868297,7,7,0,0,1.0,False
WLFI,2026-08-02T19:16:40.950Z,2026-08-02T19:16:40.951013Z,2026-08-02T21:16:40.951013Z,7405.647259,7,0.055499999999999994,36.036036036035824,2.8933092224231416,1.468,84.05797101449275,36.036036036035824,66.25971291213312,1,0,0,1,-1.0,False
ZEN,2026-08-02T19:16:59.682Z,2026-08-02T19:16:59.682941Z,2026-08-02T21:16:59.682941Z,7386.915331,7,4.1594999999999995,12.020675561966328,5.8204940083149905,3.023,75.72463768115942,12.020675561966328,73.68909079695347,0,0,0,0,,False
0G,2026-08-02T19:22:35.030Z,2026-08-02T19:22:35.031138Z,2026-08-02T21:22:35.031138Z,7650.82586,7,0.1425,70.1754385964913,7.092198581560291,-4.73,61.95652173913044,70.1754385964913,39.60042042474262,0,0,0,0,,False
APE,2026-08-02T19:22:42.889Z,2026-08-02T19:22:42.889472Z,2026-08-02T21:22:42.889472Z,7642.967526,7,0.13135000000000002,22.839741149599895,2.059496567505727,-0.152,68.47826086956522,22.839741149599895,67.77987739594673,13,13,0,0,0.9231,False
ASTER,2026-08-02T19:22:50.965Z,2026-08-02T19:22:50.965618Z,2026-08-02T21:22:50.965618Z,7634.89138,7,0.6054999999999999,16.515276630883584,1.4925373134328372,0.668,59.78260869565217,16.515276630883584,73.81563239347474,4,3,0,1,0.25,False
BABY,2026-08-02T19:22:56.272Z,2026-08-02T19:22:56.273044Z,2026-08-02T21:22:56.273044Z,7629.583954,7,0.01145,17.46724890829623,7.484769364664922,-3.849,67.3913043478261,17.46724890829623,65.81483514277552,0,0,0,0,,False
BROCCOLI714,2026-08-02T19:23:13.290Z,2026-08-02T19:23:13.290207Z,2026-08-02T21:23:13.290207Z,7612.566791,7,0.013145,53.252187143400995,13.744427934621106,-6.851,63.768115942028984,53.252187143400995,62.02417344822236,0,0,0,0,,True
CAKE,2026-08-02T19:23:19.312Z,2026-08-02T19:23:19.312724Z,2026-08-02T21:23:19.312724Z,7606.544274,7,1.447,13.821700069108513,3.54906054279749,2.278,65.21739130434783,13.821700069108513,73.89602451646435,5,4,0,1,0.2,False
CRV,2026-08-02T19:23:30.556Z,2026-08-02T19:23:30.557179Z,2026-08-02T21:23:30.557179Z,7595.299819,7,0.2047,9.770395701026171,3.925417075564282,0.642,65.57971014492753,9.770395701026171,71.0606255161884,3,2,0,1,1.0,False
EDEN,2026-08-02T19:23:37.801Z,2026-08-02T19:23:37.801704Z,2026-08-02T21:23:37.801704Z,7588.055294,7,0.044175,15.846066779852997,16.670618923405254,15.915,70.28985507246377,15.846066779852997,81.84055243751666,0,0,0,0,,False
EIGEN,2026-08-02T19:23:46.319Z,2026-08-02T19:23:46.320190Z,2026-08-02T21:23:46.320190Z,7579.536808,7,0.18755,15.995734470807504,9.796573875803004,4.591,59.05797101449275,15.995734470807504,76.499539674387,5,0,0,5,0.6,False
ETHFI,2026-08-02T19:23:53.745Z,2026-08-02T19:23:53.745648Z,2026-08-02T21:23:53.745648Z,7572.11135,7,0.4013,14.951407924245936,6.262475049900202,0.957,60.507246376811594,14.951407924245936,40.213243143663824,2,0,0,2,1.0,False
HEI,2026-08-02T19:24:12.811Z,2026-08-02T19:24:12.811186Z,2026-08-02T21:24:12.811186Z,7553.045812,7,0.08215,36.518563603164296,25.18159806295399,1.225,69.20289855072464,36.518563603164296,60.38772129694558,0,0,0,0,,False
JTO,2026-08-02T19:24:20.660Z,2026-08-02T19:24:20.661168Z,2026-08-02T21:24:20.661168Z,7545.19583,7,0.49655,6.041687644748102,5.024610336341256,-2.849,67.7536231884058,6.041687644748102,58.42331905706855,21,5,16,0,0.8095,False
KITE,2026-08-02T19:24:28.329Z,2026-08-02T19:24:28.330038Z,2026-08-02T21:24:28.330038Z,7537.52696,7,0.0937,21.34471718249646,3.8461538461538525,0.0,61.594202898550726,21.34471718249646,64.09826021212754,0,0,0,0,,False
NEIRO,2026-08-02T19:24:45.873Z,2026-08-02T19:24:45.873923Z,2026-08-02T21:24:45.873923Z,7519.983075,7,6.216e-05,9.652509652509016,7.5528700906344515,3.54,57.2463768115942,9.652509652509016,63.23552332064786,8,8,0,0,1.0,False
POL,2026-08-02T19:25:01.016Z,2026-08-02T19:25:01.016457Z,2026-08-02T21:25:01.016457Z,7504.840541,7,0.07300499999999999,9.588384357235892,2.4243254348719265,0.801,63.04347826086956,9.588384357235892,72.79963971707514,4,4,0,0,0.5,False
REZ,2026-08-02T19:25:13.397Z,2026-08-02T19:25:13.397477Z,2026-08-02T21:25:13.397477Z,7492.459521,7,0.0026045,26.87655980034579,11.351755041075432,4.855,59.42028985507246,26.87655980034579,48.274202741113605,58,16,39,3,-0.1552,False
RSR,2026-08-02T19:25:26.636Z,2026-08-02T19:25:26.636999Z,2026-08-02T21:25:26.636999Z,7479.219999,7,0.001281,15.612802498047085,7.387247278382585,2.798,68.84057971014492,15.612802498047085,64.89719117013135,0,0,0,0,,False
SAGA,2026-08-02T19:25:37.888Z,2026-08-02T19:25:37.889206Z,2026-08-02T21:25:37.889206Z,7467.967792,7,0.01291,15.491866769945148,10.837817063797091,6.031,71.01449275362319,15.491866769945148,75.46368808889923,0,0,0,0,,False
SEI,2026-08-02T19:25:45.970Z,2026-08-02T19:25:45.970895Z,2026-08-02T21:25:45.970895Z,7459.886103,7,0.041375,7.250755287009607,3.1522793404461584,0.341,68.1159420289855,7.250755287009607,52.07919877099135,3,2,1,0,1.0,False
SYRUP,2026-08-02T19:25:51.314Z,2026-08-02T19:25:51.314932Z,2026-08-02T21:25:51.314932Z,7454.542066,7,0.15489999999999998,12.911555842479391,2.9734970911441634,-1.087,64.4927536231884,12.911555842479391,52.756990402081215,0,0,0,0,,False
TIA,2026-08-02T19:25:57.546Z,2026-08-02T19:25:57.546979Z,2026-08-02T21:25:57.546979Z,7448.310019,7,0.3318,6.027727546714225,4.7430830039525524,0.828,62.68115942028985,6.027727546714225,58.458238003568134,53,12,31,10,0.0566,False
TST,2026-08-02T19:26:02.870Z,2026-08-02T19:26:02.870838Z,2026-08-02T21:26:02.870838Z,7442.98616,7,0.011035,9.062075215223917,5.220522052205227,-2.287,58.333333333333336,9.062075215223917,52.23004611951372,3,1,2,0,0.3333,False
TUT,2026-08-02T19:26:11.935Z,2026-08-02T19:26:11.935898Z,2026-08-02T21:26:11.935898Z,7433.9211,7,0.01749,22.870211549457885,6.52920962199314,0.057,60.869565217391305,22.870211549457885,55.16149654304698,1,0,0,1,1.0,False
TWT,2026-08-02T19:26:19.809Z,2026-08-02T19:26:19.809936Z,2026-08-02T21:26:19.809936Z,7426.047062,7,0.3794,21.08592514496634,4.303062302006346,1.91,62.31884057971015,21.08592514496634,68.19949385379276,4,1,2,1,-0.5,False
ZBT,2026-08-02T19:26:36.923Z,2026-08-02T19:26:36.923784Z,2026-08-02T21:26:36.923784Z,7408.933214,7,0.12075,24.844720496893974,10.828547990155856,6.743,63.405797101449274,24.844720496893974,74.84670700260244,0,0,0,0,,False
1000CHEEMS,2026-08-02T19:32:16.179Z,2026-08-02T19:32:16.180039Z,2026-08-02T21:32:16.180039Z,7670.049565,7,0.0004975,20.100502512561125,4.897959183673467,2.296,51.44927536231884,20.100502512561125,66.23319461713649,57,21,31,5,0.0877,False
AR,2026-08-02T19:32:38.194Z,2026-08-02T19:32:38.195265Z,2026-08-02T21:32:38.195265Z,7648.034339,7,1.7445,17.19690455717909,3.9013195639701697,1.102,49.63768115942029,17.19690455717909,66.13897113148295,1,1,0,0,1.0,False
BANANA,2026-08-02T19:32:43.634Z,2026-08-02T19:32:43.635039Z,2026-08-02T21:32:43.635039Z,7642.594565,7,3.5385,25.434506146673282,4.157366071428572,-2.688,56.15942028985507,25.434506146673282,34.207376837194204,0,0,0,0,,False
BARD,2026-08-02T19:32:49.960Z,2026-08-02T19:32:49.960200Z,2026-08-02T21:32:49.960200Z,7636.269404,7,0.10669999999999999,37.4882849109651,5.258215962441309,-4.054,46.73913043478261,37.4882849109651,62.63854604941214,0,0,0,0,,False
DASH,2026-08-02T19:33:10.708Z,2026-08-02T19:33:10.708714Z,2026-08-02T21:33:10.708714Z,7615.52089,7,31.525,15.860428231562478,3.542930098946695,1.359,50.0,15.860428231562478,58.6890800127976,1,1,0,0,1.0,False
DOGS,2026-08-02T19:33:18.203Z,2026-08-02T19:33:18.203670Z,2026-08-02T21:33:18.203670Z,7608.025934,7,3.4595e-05,14.45295562942461,3.419298753984349,0.642,52.17391304347826,14.45295562942461,70.57489433124593,14,8,2,4,0.0,False
FIL,2026-08-02T19:33:24.008Z,2026-08-02T19:33:24.008760Z,2026-08-02T21:33:24.008760Z,7602.220844,7,0.7212000000000001,19.412090959511325,4.571349173266629,2.216,55.072463768115945,19.412090959511325,76.38605943389598,15,5,9,1,1.0,False
FLOKI,2026-08-02T19:33:32.066Z,2026-08-02T19:33:32.066278Z,2026-08-02T21:33:32.066278Z,7594.163326,7,2.0580000000000003e-05,9.718172983479011,3.8067349926793526,0.986,48.18840579710145,9.718172983479011,73.02555356900872,9,7,2,0,1.0,False
HEMI,2026-08-02T19:33:46.308Z,2026-08-02T19:33:46.308463Z,2026-08-02T21:33:46.308463Z,7579.921141,7,0.004675,21.390374331551783,6.540084388185644,1.717,47.10144927536232,21.390374331551783,66.24481958480764,0,0,0,0,,False
HUMA,2026-08-02T19:33:53.746Z,2026-08-02T19:33:53.746504Z,2026-08-02T21:33:53.746504Z,7572.4831,7,0.018695,16.047071409468977,8.634646519158125,-4.73,52.53623188405797,16.047071409468977,60.03670816760891,0,0,0,0,,False
IMX,2026-08-02T19:34:02.143Z,2026-08-02T19:34:02.144237Z,2026-08-02T21:34:02.144237Z,7564.085367,7,0.11155,26.893769610039868,4.549509366636925,3.7,50.72463768115942,26.893769610039868,77.32470541463455,9,4,1,4,0.3333,False
INIT,2026-08-02T19:34:10.072Z,2026-08-02T19:34:10.072450Z,2026-08-02T21:34:10.072450Z,7556.157154,7,0.05015,19.940179461615724,4.970178926441342,0.0,44.56521739130435,19.940179461615724,61.741930074065024,0,0,0,0,,False
KERNEL,2026-08-02T19:34:17.743Z,2026-08-02T19:34:17.743312Z,2026-08-02T21:34:17.743312Z,7548.486292,7,0.032,62.49999999999962,6.250000000000005,-0.312,52.89855072463768,62.49999999999962,46.43163711664718,0,0,0,0,,False
MET,2026-08-02T19:34:32.310Z,2026-08-02T19:34:32.310742Z,2026-08-02T21:34:32.310742Z,7533.918862,7,0.16175,18.547140649149597,6.720597386434352,-5.582,54.34782608695652,18.547140649149597,60.0192434389355,0,0,0,0,,False
MUBARAK,2026-08-02T19:34:40.910Z,2026-08-02T19:34:40.910584Z,2026-08-02T21:34:40.910584Z,7525.31902,7,0.01262,15.847860538827987,8.320126782884302,0.238,45.65217391304348,15.847860538827987,72.83138174514215,0,0,0,0,,False
ORCA,2026-08-02T19:35:09.021Z,2026-08-02T19:35:09.021639Z,2026-08-02T21:35:09.021639Z,7497.207965,7,1.0975000000000001,27.33485193621769,3.008204193254343,0.0,46.01449275362319,27.33485193621769,63.146172479076796,0,0,0,0,,False
PNUT,2026-08-02T19:35:16.784Z,2026-08-02T19:35:16.784804Z,2026-08-02T21:35:16.784804Z,7489.4448,7,0.03955,25.284450063211846,4.834605597964373,0.769,49.27536231884058,25.284450063211846,60.39175279665642,64,14,36,14,0.0312,False
PYTH,2026-08-02T19:35:24.051Z,2026-08-02T19:35:24.051936Z,2026-08-02T21:35:24.051936Z,7482.177668,7,0.039720000000000005,30.211480362538275,5.261839138060631,2.386,50.36231884057971,30.211480362538275,70.28813396297004,4,2,1,1,0.25,False
SAHARA,2026-08-02T19:35:38.782Z,2026-08-02T19:35:38.782844Z,2026-08-02T21:35:38.782844Z,7467.44676,7,0.007890000000000001,25.348542458809778,11.296534017971766,1.83,51.08695652173913,25.348542458809778,69.94167092587695,0,0,0,0,,False
STX,2026-08-02T19:36:02.202Z,2026-08-02T19:36:02.202618Z,2026-08-02T21:36:02.202618Z,7444.026986,7,0.13965,21.482277121374487,5.0969131371141385,2.502,54.710144927536234,21.482277121374487,75.20002028352998,71,22,38,11,0.1549,False
THE,2026-08-02T19:36:10.767Z,2026-08-02T19:36:10.768047Z,2026-08-02T21:36:10.768047Z,7435.461557,7,0.0514,38.91050583657564,3.522504892367912,-0.195,45.289855072463766,38.91050583657564,53.53975767268727,32,18,8,6,0.5625,False
TOWNS,2026-08-02T19:36:18.537Z,2026-08-02T19:36:18.537451Z,2026-08-02T21:36:18.537451Z,7427.692153,7,0.002005,49.87531172069839,6.403940886699491,2.525,47.46376811594203,49.87531172069839,68.93863498233259,0,0,0,0,,False
TRB,2026-08-02T19:36:26.450Z,2026-08-02T19:36:26.450459Z,2026-08-02T21:36:26.450459Z,7419.779145,7,13.485,22.246941045605755,2.0756115641215667,-0.074,53.26086956521739,22.246941045605755,68.04959940318462,1,1,0,0,1.0,False
TURBO,2026-08-02T19:36:36.961Z,2026-08-02T19:36:36.962014Z,2026-08-02T21:36:36.962014Z,7409.26759,7,0.000796,25.125628140702762,4.125000000000005,1.781,43.84057971014493,25.125628140702762,72.94314712100702,2,1,0,1,0.0,False
XTZ,2026-08-02T19:36:46.201Z,2026-08-02T19:36:46.201490Z,2026-08-02T21:36:46.201490Z,7400.028114,7,0.2012,19.880715705764597,1.8924302788844747,0.35,48.91304347826087,19.880715705764597,74.72073086045755,7,2,3,2,-0.1429,False
ZK,2026-08-02T19:36:53.153Z,2026-08-02T19:36:53.153813Z,2026-08-02T21:36:53.153813Z,7393.075791,7,0.007925,37.85488958990382,4.113110539845758,-2.506,48.55072463768116,37.85488958990382,63.130358942714764,1,1,0,0,1.0,False
ACH,2026-08-02T19:42:36.092Z,2026-08-02T19:42:36.092390Z,2026-08-02T21:42:36.092390Z,7650.126489,7,0.004345,23.014959723819548,3.6363636363636256,-0.452,39.85507246376812,23.014959723819548,64.1862491142524,0,0,0,0,,False
AVNT,2026-08-02T19:42:53.639Z,2026-08-02T19:42:53.639341Z,2026-08-02T21:42:53.639341Z,7632.579538,7,0.082,24.39024390243972,2.91970802919708,0.122,35.869565217391305,24.39024390243972,59.63738239939311,1,0,1,0,1.0,False
AXS,2026-08-02T19:43:01.767Z,2026-08-02T19:43:01.768175Z,2026-08-02T21:43:01.768175Z,7624.450704,7,0.834,23.980815347721848,2.168674698795183,0.121,30.07246376811594,23.980815347721848,68.8521924585882,16,8,2,6,0.125,False
BANANAS31,2026-08-02T19:43:09.608Z,2026-08-02T19:43:09.609186Z,2026-08-02T21:43:09.609186Z,7616.609693,7,0.007204,2.7762354247631844,4.203201113430761,2.307,39.492753623188406,2.7762354247631844,59.5983813533917,0,0,0,0,,
BIO,2026-08-02T19:43:21.320Z,2026-08-02T19:43:21.320515Z,2026-08-02T21:43:21.320515Z,7604.898364,7,0.02244,17.82531194295982,2.9817534490431705,1.034,36.95652173913044,17.82531194295982,68.55910107182494,1,1,0,0,1.0,False
CKB,2026-08-02T19:43:26.847Z,2026-08-02T19:43:26.848173Z,2026-08-02T21:43:26.848173Z,7599.370706,7,0.0008265,36.29764065335711,2.692778457772337,0.369,36.231884057971016,36.29764065335711,69.24334585779593,1,1,0,0,1.0,False
EGLD,2026-08-02T19:43:32.355Z,2026-08-02T19:43:32.355584Z,2026-08-02T21:43:32.355584Z,7593.863295,7,2.6950000000000003,37.105751391466534,2.2304832713754665,-0.37,36.594202898550726,37.105751391466534,66.81020370054888,20,8,9,3,0.8,False
ENJ,2026-08-02T19:43:40.433Z,2026-08-02T19:43:40.433859Z,2026-08-02T21:43:40.433859Z,7585.78502,7,0.02487,16.08363490148708,2.5754527162977934,0.485,32.608695652173914,16.08363490148708,54.71280117101756,37,11,16,10,0.027,False
ENS,2026-08-02T19:43:48.384Z,2026-08-02T19:43:48.384383Z,2026-08-02T21:43:48.384383Z,7577.834496,7,4.295,23.282887077997177,2.8235294117647083,1.19,31.52173913043478,23.282887077997177,52.70937085177343,0,0,0,0,,False
ETC,2026-08-02T19:43:55.619Z,2026-08-02T19:43:55.620115Z,2026-08-02T21:43:55.620115Z,7570.598764,7,6.65,30.075187969925505,3.927492447129906,0.915,35.14492753623188,30.075187969925505,75.6064430914753,0,0,0,0,,False
GRT,2026-08-02T19:44:08.012Z,2026-08-02T19:44:08.012474Z,2026-08-02T21:44:08.012474Z,7558.206405,7,0.01464,13.661202185791792,3.3910034602076187,0.627,40.94202898550725,13.661202185791792,68.0908129743786,31,7,20,4,-0.1613,False
KAIA,2026-08-02T19:44:22.139Z,2026-08-02T19:44:22.139758Z,2026-08-02T21:44:22.139758Z,7544.079121,7,0.02635,37.95066413662216,1.901140684410648,-1.128,27.89855072463768,37.95066413662216,57.276674965730976,0,0,0,0,,False
LINEA,2026-08-02T19:44:41.487Z,2026-08-02T19:44:41.487334Z,2026-08-02T21:44:41.487334Z,7524.731545,7,0.002255,8.869179600888096,3.732014388489197,1.321,38.405797101449274,8.869179600888096,70.89324770939983,0,0,0,0,,False
NEO,2026-08-02T19:45:05.737Z,2026-08-02T19:45:05.738403Z,2026-08-02T21:45:05.738403Z,7500.480476,7,1.8355000000000001,16.34432034867824,2.3013698630137007,0.551,33.333333333333336,16.34432034867824,44.3296118468402,0,0,0,0,,False
OPEN,2026-08-02T19:45:12.960Z,2026-08-02T19:45:12.960781Z,2026-08-02T21:45:12.960781Z,7493.258098,7,0.17885,16.773832820799257,4.052511415525112,-2.558,32.2463768115942,16.773832820799257,52.43629360001826,17,9,6,2,0.7647,False
PARTI,2026-08-02T19:45:21.260Z,2026-08-02T19:45:21.261083Z,2026-08-02T21:45:21.261083Z,7484.957796,7,0.024550000000000002,40.7331975560079,5.020920502092049,-0.417,37.31884057971015,40.7331975560079,59.77916431536879,0,0,0,0,,False
PHA,2026-08-02T19:45:28.919Z,2026-08-02T19:45:28.919974Z,2026-08-02T21:45:28.919974Z,7477.298905,7,0.0201,99.50248756218845,2.5252525252525273,0.0,37.68115942028985,99.50248756218845,39.84333827186283,0,0,0,0,,False
PLUME,2026-08-02T19:45:36.432Z,2026-08-02T19:45:36.432926Z,2026-08-02T21:45:36.432926Z,7469.785953,7,0.01102,18.148820326678027,5.6880733944954045,-0.183,42.028985507246375,18.148820326678027,62.378443053569995,1,0,1,0,0.0,False
RAY,2026-08-02T19:45:42.199Z,2026-08-02T19:45:42.199788Z,2026-08-02T21:45:42.199788Z,7464.019091,7,0.61495,11.383039271484234,3.619611714379715,1.081,38.04347826086956,11.383039271484234,57.616039293608125,2,2,0,0,1.0,False
RESOLV,2026-08-02T19:45:50.470Z,2026-08-02T19:45:50.470959Z,2026-08-02T21:45:50.470959Z,7455.74792,7,0.015545,19.298809906721633,4.296874999999995,-1.79,39.130434782608695,19.298809906721633,57.80424263597286,0,0,0,0,,
SAPIEN,2026-08-02T19:45:57.548Z,2026-08-02T19:45:57.549031Z,2026-08-02T21:45:57.549031Z,7448.669848,7,0.0814,24.57002457002527,4.182041820418204,1.625,40.57971014492754,24.57002457002527,51.62885042546941,0,0,0,0,,False
SKY,2026-08-02T19:46:16.947Z,2026-08-02T19:46:16.947362Z,2026-08-02T21:46:16.947362Z,7429.271517,7,0.05656,10.608203677511403,2.525523911875339,-0.107,34.78260869565217,10.608203677511403,63.851312520998725,68,19,36,13,0.0,False
SOMI,2026-08-02T19:46:22.828Z,2026-08-02T19:46:22.828899Z,2026-08-02T21:46:22.828899Z,7423.38998,7,0.08385000000000001,35.77817531306005,2.511961722488044,-0.476,41.30434782608695,35.77817531306005,40.118098809576935,0,0,0,0,,False
1MBABYDOGE,2026-08-02T19:52:43.836Z,2026-08-02T19:52:43.836828Z,2026-08-02T21:52:43.836828Z,7642.953026,7,0.0003093,19.39864209505382,2.699186991869914,1.889,25.36231884057971,19.39864209505382,70.90234063732348,0,0,0,0,,
ALT,2026-08-02T19:52:57.033Z,2026-08-02T19:52:57.033691Z,2026-08-02T21:52:57.033691Z,7629.756163,7,0.005755,17.37619461338047,4.181184668989558,-0.52,18.115942028985508,17.37619461338047,44.73188904572371,0,0,0,0,,False
ARKM,2026-08-02T19:53:03.712Z,2026-08-02T19:53:03.712572Z,2026-08-02T21:53:03.712572Z,7623.077282,7,0.09535,31.463030938646536,3.3648790746582633,2.478,17.391304347826086,31.463030938646536,72.51980800422159,41,14,20,7,0.0488,False
BB,2026-08-02T19:53:11.344Z,2026-08-02T19:53:11.345035Z,2026-08-02T21:53:11.345035Z,7615.444819,7,0.01422,28.12939521800167,5.637773079633548,-3.074,24.27536231884058,28.12939521800167,57.91511626274194,0,0,0,0,,False
BEAMX,2026-08-02T19:53:18.174Z,2026-08-02T19:53:18.174980Z,2026-08-02T21:53:18.174980Z,7608.614874,7,0.001449,27.605244996550017,2.56766134628731,1.194,14.130434782608695,27.605244996550017,61.948217202360844,0,0,0,0,,True
BLUR,2026-08-02T19:53:25.382Z,2026-08-02T19:53:25.382636Z,2026-08-02T21:53:25.382636Z,7601.407218,7,0.01395,14.336917562724674,2.5862068965517184,0.578,16.304347826086957,14.336917562724674,66.72630640984245,0,0,0,0,,False
BMT,2026-08-02T19:53:30.428Z,2026-08-02T19:53:30.429070Z,2026-08-02T21:53:30.429070Z,7596.360784,7,0.011685000000000001,8.557980316646407,2.397260273972609,-1.518,15.217391304347826,8.557980316646407,47.84682731905531,0,0,0,0,,False
CGPT,2026-08-02T19:53:42.826Z,2026-08-02T19:53:42.827155Z,2026-08-02T21:53:42.827155Z,7583.962699,7,0.018435,27.12232167073579,2.891434806328438,-2.188,20.28985507246377,27.12232167073579,45.13277321079832,1,1,0,0,-1.0,False
COOKIE,2026-08-02T19:53:49.839Z,2026-08-02T19:53:49.839705Z,2026-08-02T21:53:49.839705Z,7576.950149,7,0.00785,127.38853503184858,3.846153846153856,1.299,26.81159420289855,127.38853503184858,47.07181274443653,0,0,0,0,,False
COW,2026-08-02T19:53:56.872Z,2026-08-02T19:53:56.873063Z,2026-08-02T21:53:56.873063Z,7569.916791,7,0.1148,17.421602787456944,2.1815008726003513,1.776,23.18840579710145,17.421602787456944,71.32237290170083,1,1,0,0,1.0,False
EURI,2026-08-02T19:54:07.829Z,2026-08-02T19:54:07.829651Z,2026-08-02T21:54:07.829651Z,7558.960203,7,1.1538,15.600624024961204,0.40780911062908004,0.069,18.47826086956522,15.600624024961204,66.17330958072158,0,0,0,0,,
FORM,2026-08-02T19:54:15.578Z,2026-08-02T19:54:15.579169Z,2026-08-02T21:54:15.579169Z,7551.210685,7,0.2025,49.38271604938276,3.268945022288259,0.298,27.17391304347826,49.38271604938276,69.61800593834755,1,0,1,0,1.0,False
GMT,2026-08-02T19:54:22.602Z,2026-08-02T19:54:22.602342Z,2026-08-02T21:54:22.602342Z,7544.187512,7,0.006775,14.760147601475413,2.9498525073746262,2.883,16.666666666666668,14.760147601475413,59.31144652481798,0,0,0,0,,False
GUN,2026-08-02T19:54:30.034Z,2026-08-02T19:54:30.034217Z,2026-08-02T21:54:30.034217Z,7536.755637,7,0.0028850000000000004,34.66204506065866,3.44827586206896,1.399,22.10144927536232,34.66204506065866,60.95137406855278,0,0,0,0,,False
HMSTR,2026-08-02T19:54:36.964Z,2026-08-02T19:54:36.964713Z,2026-08-02T21:54:36.964713Z,7529.825141,7,0.00016785,65.53470360440868,3.0303030303030236,1.264,21.3768115942029,65.53470360440868,68.12003985392587,0,0,0,0,,False
IOTA,2026-08-02T19:54:51.332Z,2026-08-02T19:54:51.332775Z,2026-08-02T21:54:51.332775Z,7515.457079,7,0.0335,59.70149253731307,4.464285714285719,4.348,13.768115942028986,59.70149253731307,73.9693781935554,0,0,0,0,,False
LAYER,2026-08-02T19:55:05.274Z,2026-08-02T19:55:05.275200Z,2026-08-02T21:55:05.275200Z,7501.514654,7,0.06125,16.326530612245367,1.9639934533551549,-0.326,15.579710144927537,16.326530612245367,59.34412004692821,0,0,0,0,,False
MANTA,2026-08-02T19:55:13.541Z,2026-08-02T19:55:13.542391Z,2026-08-02T21:55:13.542391Z,7493.247463,7,0.058185,22.342528142993057,3.379310344827592,-0.804,17.753623188405797,22.342528142993057,60.36254826012754,0,0,0,0,,False
MITO,2026-08-02T19:55:21.120Z,2026-08-02T19:55:21.121025Z,2026-08-02T21:55:21.121025Z,7485.668829,7,0.022065,31.724450487197196,4.359798072510324,2.977,17.028985507246375,31.724450487197196,72.16159610611072,0,0,0,0,,False
NOT,2026-08-02T19:55:29.229Z,2026-08-02T19:55:29.231204Z,2026-08-02T21:55:29.231204Z,7477.55865,7,0.00034500000000000004,57.97101449275345,6.666666666666657,3.916,23.91304347826087,57.97101449275345,67.95945186294061,1,1,0,0,1.0,False
ONT,2026-08-02T19:55:36.436Z,2026-08-02T19:55:36.436635Z,2026-08-02T21:55:36.436635Z,7470.353219,7,0.037725,18.555334658714543,1.1460554371002127,0.133,21.73913043478261,18.555334658714543,64.2125861284067,20,8,8,4,0.0,False
SHELL,2026-08-02T19:55:50.948Z,2026-08-02T19:55:50.949196Z,2026-08-02T21:55:50.949196Z,7455.840658,7,0.018250000000000002,54.79452054794487,2.1978021978022033,0.0,22.463768115942027,54.79452054794487,55.67356263160841,0,0,0,0,,
SKL,2026-08-02T19:55:59.133Z,2026-08-02T19:55:59.133473Z,2026-08-02T21:55:59.133473Z,7447.656381,7,0.00377,53.050397877984224,6.166219839142096,0.539,23.55072463768116,53.050397877984224,60.523489438678226,10,2,8,0,-0.6,False
SPK,2026-08-02T19:56:06.463Z,2026-08-02T19:56:06.463419Z,2026-08-02T21:56:06.463419Z,7440.326435,7,0.0158755,11.968126988125215,1.8019714949457057,0.734,25.0,11.968126988125215,51.65607379582045,66,22,28,16,0.303,False
TURTLE,2026-08-02T19:56:13.533Z,2026-08-02T19:56:13.533623Z,2026-08-02T21:56:13.533623Z,7433.256231,7,0.04335,23.06805074971231,3.738317757009339,-1.609,15.942028985507246,23.06805074971231,53.50601785599168,1,1,0,0,1.0,False
USUAL,2026-08-02T19:56:21.587Z,2026-08-02T19:56:21.587819Z,2026-08-02T21:56:21.587819Z,7425.202035,7,0.007885,38.04692454026698,3.8265306122448863,1.292,19.565217391304348,38.04692454026698,52.18450283291875,1,1,0,0,1.0,False
W,2026-08-02T19:56:36.169Z,2026-08-02T19:56:36.169750Z,2026-08-02T21:56:36.169750Z,7410.620104,7,0.008195000000000001,36.607687614399644,3.789731051344737,2.893,21.014492753623188,36.607687614399644,59.256056445574366,0,0,0,0,,False
XVG,2026-08-02T19:56:49.326Z,2026-08-02T19:56:49.326213Z,2026-08-02T21:56:49.326213Z,7397.463641,7,0.0019195000000000002,26.04845011721809,1.93110647181628,0.472,19.202898550724637,26.04845011721809,47.909613792720826,1,0,0,1,-1.0,False
YGG,2026-08-02T19:56:56.694Z,2026-08-02T19:56:56.694392Z,2026-08-02T21:56:56.694392Z,7390.095462,7,0.018314999999999998,16.380016380015714,2.643171806167408,1.566,22.82608695652174,16.380016380015714,70.09517815632056,0,0,0,0,,False
1INCH,2026-08-02T20:02:31.735Z,2026-08-02T20:02:31.735537Z,2026-08-02T22:02:31.735537Z,7653.579126,7,0.08185,12.217470983506765,3.8036809815950985,1.621,3.6231884057971016,12.217470983506765,63.72193478665093,0,0,0,0,,False
A,2026-08-02T20:02:38.460Z,2026-08-02T20:02:38.460630Z,2026-08-02T22:02:38.460630Z,7646.854033,7,0.06355,47.2069236821414,1.8927444794952786,-1.246,2.536231884057971,47.2069236821414,40.930771366443416,0,0,0,0,,False
ANIME,2026-08-02T20:02:50.968Z,2026-08-02T20:02:50.968530Z,2026-08-02T22:02:50.968530Z,7634.346133,7,0.0024349999999999997,41.067761806981636,1.6460905349794281,0.413,6.159420289855072,41.067761806981636,47.402788580298726,0,0,0,0,,False
AUCTION,2026-08-02T20:03:02.964Z,2026-08-02T20:03:02.964612Z,2026-08-02T22:03:02.964612Z,7622.350051,7,3.0045,49.92511233150316,1.6080402010050117,0.336,4.3478260869565215,49.92511233150316,49.241024656160974,0,0,0,0,,False
BTC,2026-08-02T20:03:16.232Z,2026-08-02T20:03:16.233017Z,2026-08-02T22:03:16.233017Z,7609.081646,7,63691.215,0.0015700752453909489,1.805796086521751,1.479,100.0,0.0015700752453909489,73.76636674257142,50,18,17,15,0.12,False
CETUS,2026-08-02T20:03:26.809Z,2026-08-02T20:03:26.810012Z,2026-08-02T22:03:26.810012Z,7598.504651,7,0.01786,22.39641657334735,2.5828186412128136,2.239,7.246376811594203,22.39641657334735,55.035172971177545,0,0,0,0,,False
COMP,2026-08-02T20:03:33.573Z,2026-08-02T20:03:33.573789Z,2026-08-02T22:03:33.573789Z,7591.740874,7,16.52,24.213075060532173,1.5834348355663916,-0.545,3.260869565217391,24.213075060532173,38.832574580124096,66,30,25,11,0.2727,False
CVX,2026-08-02T20:03:40.826Z,2026-08-02T20:03:40.827011Z,2026-08-02T22:03:40.827011Z,7584.487652,7,1.3195000000000001,37.89314134141808,6.96784073506891,3.16,10.507246376811594,37.89314134141808,48.13770416307641,1,0,1,0,1.0,False
CYBER,2026-08-02T20:03:47.844Z,2026-08-02T20:03:47.844480Z,2026-08-02T22:03:47.844480Z,7577.470183,7,0.305,65.57377049180334,0.9933774834437095,0.0,0.36231884057971014,65.57377049180334,44.744744677234465,0,0,0,0,,False
ETH,2026-08-02T20:03:59.168Z,2026-08-02T20:03:59.169124Z,2026-08-02T22:03:59.169124Z,7566.145539,7,1894.685,0.05277922187588388,2.8669700384885313,2.417,99.6376811594203,0.05277922187588388,75.86717161477333,40,15,16,9,0.375,False
F,2026-08-02T20:04:05.916Z,2026-08-02T20:04:05.916993Z,2026-08-02T22:04:05.916993Z,7559.39767,7,0.0028450000000000003,35.14938488576459,2.473498233215554,0.0,8.333333333333334,35.14938488576459,50.13208433422899,0,0,0,0,,
FLUX,2026-08-02T20:04:12.902Z,2026-08-02T20:04:12.903035Z,2026-08-02T22:04:12.903035Z,7552.411628,7,0.0398,50.25125628140673,2.2727272727272676,2.062,3.9855072463768115,50.25125628140673,55.93538103586309,0,0,0,0,,False
GPS,2026-08-02T20:04:27.503Z,2026-08-02T20:04:27.503473Z,2026-08-02T22:04:27.503473Z,7537.81119,7,0.009365,32.034169781098534,2.866242038216554,-0.212,8.695652173913043,32.034169781098534,66.30888442230129,0,0,0,0,,
HAEDAL,2026-08-02T20:04:34.367Z,2026-08-02T20:04:34.368113Z,2026-08-02T22:04:34.368113Z,7530.94655,7,0.01525,13.114754098360123,1.1243386243386244,-0.852,5.434782608695652,13.114754098360123,53.200115366378846,0,0,0,0,,False
HIVE,2026-08-02T20:04:41.384Z,2026-08-02T20:04:41.385169Z,2026-08-02T22:04:41.385169Z,7523.929494,7,0.0424,47.16981132075607,1.6548463356973977,1.683,0.7246376811594203,47.16981132075607,50.1359188278862,1,0,0,1,1.0,False
ILV,2026-08-02T20:04:48.595Z,2026-08-02T20:04:48.595411Z,2026-08-02T22:04:48.595411Z,7516.719252,7,2.87,69.68641114982584,1.3986013986014,0.0,1.8115942028985508,69.68641114982584,46.958587351070754,0,0,0,0,,False
NEWT,2026-08-02T20:04:55.730Z,2026-08-02T20:04:55.731196Z,2026-08-02T22:04:55.731196Z,7509.583467,7,0.0401,49.87531172069796,1.0025062656641544,0.0,1.0869565217391304,49.87531172069796,53.29012980917265,0,0,0,0,,False
NMR,2026-08-02T20:05:02.967Z,2026-08-02T20:05:02.967953Z,2026-08-02T22:05:02.967953Z,7502.34671,7,8.575,34.98542274052404,1.170960187353626,0.0,1.4492753623188406,34.98542274052404,42.855946895426555,1,1,0,0,1.0,False
NXPC,2026-08-02T20:05:08.725Z,2026-08-02T20:05:08.725377Z,2026-08-02T22:05:08.725377Z,7496.589286,7,0.24275000000000002,28.8362512873329,4.501875781575647,-2.44,11.594202898550725,28.8362512873329,54.886152191411526,0,0,0,0,,False
PROVE,2026-08-02T20:05:15.708Z,2026-08-02T20:05:15.708501Z,2026-08-02T22:05:15.708501Z,7489.606162,7,0.16685,17.98022175606967,2.268656716417909,-1.296,6.521739130434782,17.98022175606967,58.86411206491778,0,0,0,0,,False
RARE,2026-08-02T20:05:22.410Z,2026-08-02T20:05:22.410688Z,2026-08-02T22:05:22.410688Z,7482.903975,7,0.011945,25.11511092507368,1.7661900756938613,0.253,9.782608695652174,25.11511092507368,50.95957652741765,0,0,0,0,,False
RED,2026-08-02T20:05:27.975Z,2026-08-02T20:05:27.976104Z,2026-08-02T22:05:27.976104Z,7477.338559,7,0.08855,33.879164313946326,2.380952380952386,0.57,11.231884057971014,33.879164313946326,59.56676278615453,0,0,0,0,,False
RPL,2026-08-02T20:05:35.941Z,2026-08-02T20:05:35.941683Z,2026-08-02T22:05:35.941683Z,7469.37298,7,1.5550000000000002,64.30868167202577,4.5161290322580685,1.307,2.898550724637681,64.30868167202577,41.87357436506065,0,0,0,0,,False
SOL,2026-08-02T20:05:41.310Z,2026-08-02T20:05:41.310411Z,2026-08-02T22:05:41.310411Z,7464.004252,7,74.08500000000001,1.3498009043672963,3.582575654769983,3.41,98.91304347826087,1.3498009043672963,64.77986016303355,31,18,10,3,0.6774,False
SOLV,2026-08-02T20:05:49.203Z,2026-08-02T20:05:49.203634Z,2026-08-02T22:05:49.203634Z,7456.111029,7,0.0023750000000000004,42.10526315789484,2.5316455696202596,0.424,12.318840579710145,42.10526315789484,61.959180350634526,0,0,0,0,,False
SOPH,2026-08-02T20:05:56.069Z,2026-08-02T20:05:56.069608Z,2026-08-02T22:05:56.069608Z,7449.245055,7,0.00395,50.63291139240519,1.2690355329949161,-0.253,6.884057971014493,50.63291139240519,50.15891351615821,0,0,0,0,,False
STEEM,2026-08-02T20:06:02.884Z,2026-08-02T20:06:02.884399Z,2026-08-02T22:06:02.884399Z,7442.430264,7,0.036435,19.212295869356556,3.079056865464632,-1.664,9.057971014492754,19.212295869356556,43.6787725729214,0,0,0,0,,False
SXT,2026-08-02T20:06:10.914Z,2026-08-02T20:06:10.914744Z,2026-08-02T22:06:10.914744Z,7434.399919,7,0.0068850000000000005,43.57298474945482,3.0390738060781493,1.767,7.971014492753623,43.57298474945482,51.727631889449675,0,0,0,0,,False
UMA,2026-08-02T20:06:17.723Z,2026-08-02T20:06:17.723807Z,2026-08-02T22:06:17.723807Z,7427.590856,7,0.3375,29.629629629629655,2.3598820058996903,0.593,2.1739130434782608,29.629629629629655,43.103061365058544,0,0,0,0,,False
USD1,2026-08-02T20:06:21.023Z,2026-08-02T20:06:21.023415Z,2026-08-02T22:06:21.023415Z,7424.291248,7,0.99915,1.0008507231145374,0.04003202562049199,0.0,99.27536231884058,1.0008507231145374,77.07715296261561,0,0,0,0,,False
VELODROME,2026-08-02T20:06:26.320Z,2026-08-02T20:06:26.320492Z,2026-08-02T22:06:26.320492Z,7418.994171,7,0.016685,53.94066526820486,3.22188449848026,-2.083,5.797101449275362,53.94066526820486,55.30694342960564,0,0,0,0,,
WCT,2026-08-02T20:06:33.404Z,2026-08-02T20:06:33.405106Z,2026-08-02T22:06:33.405106Z,7411.909557,7,0.03598,11.11728738187837,3.2040472175379286,-2.707,12.681159420289855,11.11728738187837,53.544733995308235,1,1,0,0,1.0,False
YB,2026-08-02T20:06:41.025Z,2026-08-02T20:06:41.025556Z,2026-08-02T22:06:41.025556Z,7404.289107,7,0.06545000000000001,45.83651642475302,1.99386503067484,-0.306,9.420289855072463,45.83651642475302,36.261191966639466,0,0,0,0,,True
ALGO,2026-08-02T20:12:29.057Z,2026-08-02T20:12:29.058251Z,2026-08-02T22:12:29.058251Z,7656.393514,7,0.08505,11.757789535566019,8.695652173913048,7.858,86.23188405797102,11.757789535566019,57.935003375589815,33,28,3,2,0.8788,False
BNB,2026-08-02T20:12:42.643Z,2026-08-02T20:12:42.643359Z,2026-08-02T22:12:42.643359Z,7642.808406,7,589.355,0.16967701979267005,2.8716416897201267,2.368,98.55072463768116,0.16967701979267005,57.57847302155431,19,6,4,9,0.3684,False
DOGE,2026-08-02T20:12:47.795Z,2026-08-02T20:12:47.795373Z,2026-08-02T22:12:47.795373Z,7637.656392,7,0.071125,1.405975395430035,4.027699265121544,3.179,91.66666666666667,1.405975395430035,60.582884444645074,36,21,5,10,0.1389,False
ENA,2026-08-02T20:12:52.627Z,2026-08-02T20:12:52.627809Z,2026-08-02T22:12:52.627809Z,7632.823956,7,0.08954999999999999,11.166945840312996,12.387387387387381,10.861,96.01449275362319,11.166945840312996,68.65044536282727,5,3,0,2,-0.6,False
EUL,2026-08-02T20:12:57.808Z,2026-08-02T20:12:57.808403Z,2026-08-02T22:12:57.808403Z,7627.643362,7,1.4125,21.238938053096575,18.156228008444756,-7.003,88.76811594202898,21.238938053096575,63.52253175970755,19,1,14,4,-0.3158,False
EUR,2026-08-02T20:13:00.760Z,2026-08-02T20:13:00.761020Z,2026-08-02T22:13:00.761020Z,7624.690745,7,1.1548500000000002,0.8659133220763646,0.6935413957520595,0.104,95.65217391304348,0.8659133220763646,67.5601746560339,0,0,0,0,,False
FDUSD,2026-08-02T20:13:05.781Z,2026-08-02T20:13:05.781726Z,2026-08-02T22:13:05.781726Z,7619.670039,7,0.99725,1.0027575833541138,0.060162438584181785,0.02,96.3768115942029,1.0027575833541138,66.36653355336092,0,0,0,0,,False
GIGGLE,2026-08-02T20:13:11.074Z,2026-08-02T20:13:11.074496Z,2026-08-02T22:13:11.074496Z,7614.377269,7,41.97,9.530617107457505,16.13825983313469,6.418,90.21739130434783,9.530617107457505,73.67219861196311,3,3,0,0,1.0,False
HOME,2026-08-02T20:13:16.299Z,2026-08-02T20:13:16.299431Z,2026-08-02T22:13:16.299431Z,7609.152334,7,0.00762,26.246719160105055,38.86138613861386,33.114,94.92753623188406,26.246719160105055,72.95267584182129,6,4,1,1,0.6667,False
ICP,2026-08-02T20:13:21.190Z,2026-08-02T20:13:21.191053Z,2026-08-02T22:13:21.191053Z,7604.260712,7,2.0865,4.7927150730905055,4.656745079212672,2.611,87.31884057971014,4.7927150730905055,61.36761924454321,21,8,7,6,-0.2857,False
INJ,2026-08-02T20:13:26.635Z,2026-08-02T20:13:26.635471Z,2026-08-02T22:13:26.635471Z,7598.816294,7,5.0865,1.9659884006673465,5.5002925687536575,4.954,88.04347826086956,1.9659884006673465,69.68081794847514,18,13,4,1,0.5556,False
JUP,2026-08-02T20:13:31.364Z,2026-08-02T20:13:31.364676Z,2026-08-02T22:13:31.364676Z,7594.087089,7,0.19615,5.098139179200445,4.134762633996935,2.727,90.57971014492753,5.098139179200445,77.56472393051878,71,25,37,9,0.0986,False
KAITO,2026-08-02T20:13:37.224Z,2026-08-02T20:13:37.225064Z,2026-08-02T22:13:37.225064Z,7588.226701,7,1.01515,16.746293651184896,16.550870848006085,-13.558,89.85507246376811,16.746293651184896,40.43395889453366,2,1,0,1,0.0,False
LINK,2026-08-02T20:13:46.545Z,2026-08-02T20:13:46.545501Z,2026-08-02T22:13:46.545501Z,7578.906264,7,8.3965,1.190972428987609,5.02699460107979,4.109,94.20289855072464,1.190972428987609,65.84427999380452,37,31,3,3,0.7568,False
LTC,2026-08-02T20:13:51.301Z,2026-08-02T20:13:51.301487Z,2026-08-02T22:13:51.301487Z,7574.150278,7,44.945,2.224941595284262,2.4249165739710863,2.206,89.4927536231884,2.224941595284262,64.04027575489141,28,12,9,7,0.4286,False
PENGU,2026-08-02T20:14:03.826Z,2026-08-02T20:14:03.826498Z,2026-08-02T22:14:03.826498Z,7561.625267,7,0.0062074999999999995,1.6109544905358564,6.265138059098989,4.788,92.3913043478261,1.6109544905358564,72.69920814610043,28,28,0,0,1.0,False
PEPE,2026-08-02T20:14:09.693Z,2026-08-02T20:14:09.694161Z,2026-08-02T22:14:09.694161Z,7555.757604,7,2.925e-06,34.18803418803386,7.216494845360828,5.435,94.56521739130434,34.18803418803386,70.50723617228797,49,38,2,9,0.4898,False
PUMP,2026-08-02T20:14:15.135Z,2026-08-02T20:14:15.135553Z,2026-08-02T22:14:15.135553Z,7550.316212,7,0.0021195,4.718093890069039,9.344490934449084,1.606,92.7536231884058,4.718093890069039,57.51944524110531,31,31,0,0,0.9355,False
SUI,2026-08-02T20:14:19.840Z,2026-08-02T20:14:19.840641Z,2026-08-02T22:14:19.840641Z,7545.611124,7,0.69365,1.4416492467381097,3.480647024841134,3.128,96.73913043478261,1.4416492467381097,65.00725543444237,9,5,2,2,0.7778,False
SYN,2026-08-02T20:14:25.825Z,2026-08-02T20:14:25.825783Z,2026-08-02T22:14:25.825783Z,7539.625982,7,0.09073500000000001,14.327437041935866,10.469508904479223,3.914,88.40579710144928,14.327437041935866,61.96971874151503,16,6,9,1,0.0,False
TAO,2026-08-02T20:14:30.743Z,2026-08-02T20:14:30.743429Z,2026-08-02T22:14:30.743429Z,7534.708336,7,193.45,5.169294391315292,2.74753758424053,1.154,85.8695652173913,5.169294391315292,68.7134405153731,38,32,4,2,0.9474,False
TRX,2026-08-02T20:14:35.717Z,2026-08-02T20:14:35.717352Z,2026-08-02T22:14:35.717352Z,7529.734413,7,0.32685,3.059507419306853,0.7334963325183415,-0.031,93.1159420289855,3.059507419306853,48.620079467500524,33,25,6,2,0.7273,False
UNI,2026-08-02T20:14:43.864Z,2026-08-02T20:14:43.864435Z,2026-08-02T22:14:43.864435Z,7521.58733,7,4.221500000000001,2.368826246595603,5.9297912713472485,3.817,93.47826086956522,2.368826246595603,71.89117389978249,38,26,10,2,0.8421,False
WLD,2026-08-02T20:14:51.214Z,2026-08-02T20:14:51.215204Z,2026-08-02T22:14:51.215204Z,7514.236561,7,0.3176,6.297229219142884,7.746031746031756,4.651,86.59420289855072,6.297229219142884,65.40049048456068,2,0,1,1,0.0,False
XLM,2026-08-02T20:14:55.985Z,2026-08-02T20:14:55.986056Z,2026-08-02T22:14:55.986056Z,7509.465709,7,0.17515,5.709391949756722,4.537622056289483,2.593,92.02898550724638,5.709391949756722,75.0713711536992,64,45,13,6,0.4219,False
XRP,2026-08-02T20:15:00.996Z,2026-08-02T20:15:00.997208Z,2026-08-02T22:15:00.997208Z,7504.454557,7,1.0890499999999999,0.9182314861575593,3.2454923717059763,2.785,97.82608695652173,0.9182314861575593,60.59623198692045,38,20,11,7,0.4474,False
ZEC,2026-08-02T20:15:06.371Z,2026-08-02T20:15:06.371534Z,2026-08-02T22:15:06.371534Z,7499.080231,7,492.05,2.4387765470989646,5.554869515106601,4.946,93.84057971014492,2.4387765470989646,80.02890766660084,30,19,6,5,0.6333,False
ZRO,2026-08-02T20:15:11.450Z,2026-08-02T20:15:11.450319Z,2026-08-02T22:15:11.450319Z,7494.001446,7,0.7275,13.745704467353963,4.109589041095894,0.968,90.94202898550725,13.745704467353963,71.59886043409426,2,2,0,0,0.0,False
COTI,2026-08-02T20:21:19.997Z,2026-08-02T20:21:19.997901Z,2026-08-02T22:21:19.997901Z,7725.322833,7,0.013489999999999999,29.651593773165388,17.703703703703702,-8.226,84.05797101449275,29.651593773165388,57.22731579377138,0,0,0,0,,False
EPIC,2026-08-02T20:21:46.220Z,2026-08-02T20:21:46.220288Z,2026-08-02T22:21:46.220288Z,7699.100446,7,0.9301999999999999,12.900451515802827,10.872381774994603,2.365,77.17391304347827,12.900451515802827,61.63178522342146,2,2,0,0,0.0,False
FET,2026-08-02T20:22:00.663Z,2026-08-02T20:22:00.663519Z,2026-08-02T22:22:00.663519Z,7684.657215,7,0.14245,7.020007020006248,3.5864978902953544,2.969,84.42028985507247,7.020007020006248,67.52412689402648,15,8,3,4,0.2,False
ORDI,2026-08-02T20:22:45.758Z,2026-08-02T20:22:45.758338Z,2026-08-02T22:22:45.758338Z,7639.562396,7,3.519,11.366865586814445,7.206176722905341,-1.187,80.79710144927536,11.366865586814445,51.01229727888534,8,4,1,3,0.5,False
PAXG,2026-08-02T20:22:52.390Z,2026-08-02T20:22:52.390400Z,2026-08-02T22:22:52.390400Z,7632.930334,7,4062.115,0.024617717616964394,0.5381174750326816,0.412,76.81159420289855,0.024617717616964394,57.59163246223659,2,0,1,1,0.5,False
RENDER,2026-08-02T20:23:05.266Z,2026-08-02T20:23:05.266491Z,2026-08-02T22:23:05.266491Z,7620.054243,7,1.3864999999999998,7.2124053371807575,2.1090909090909027,1.701,73.18840579710145,7.2124053371807575,76.09575824440032,0,0,0,0,,False
SHIB,2026-08-02T20:23:19.830Z,2026-08-02T20:23:19.830762Z,2026-08-02T22:23:19.830762Z,7605.489972,7,4.925e-06,20.304568527918587,5.668016194331981,2.066,82.97101449275362,20.304568527918587,68.27352728464139,18,9,5,4,0.7222,False
TLM,2026-08-02T20:23:28.733Z,2026-08-02T20:23:28.733833Z,2026-08-02T22:23:28.733833Z,7596.586901,7,0.001619,12.353304508955105,9.988038277511963,4.5,76.08695652173913,12.353304508955105,57.964141280105295,0,0,0,0,,False
TRUMP,2026-08-02T20:23:35.680Z,2026-08-02T20:23:35.681025Z,2026-08-02T22:23:35.681025Z,7589.639709,7,1.4465,6.913238852403125,2.839335180055412,1.333,77.53623188405797,6.913238852403125,70.45106464972842,10,7,2,1,0.5,False
VIRTUAL,2026-08-02T20:23:45.373Z,2026-08-02T20:23:45.374254Z,2026-08-02T22:23:45.374254Z,7579.94648,7,0.5682499999999999,8.79894412670578,5.296836118023472,3.629,74.6376811594203,8.79894412670578,78.78608126266644,1,1,0,0,1.0,False
BFUSD,2026-08-02T20:29:59.214Z,2026-08-02T20:29:59.214377Z,2026-08-02T22:29:59.214377Z,7206.106357,7,0.99855,1.0014521055529415,0.12018027040560629,0.04,60.869565217391305,1.0014521055529415,68.05530427506974,0,0,0,0,,
BOME,2026-08-02T20:30:07.705Z,2026-08-02T20:30:07.705683Z,2026-08-02T22:30:07.705683Z,7797.282448,7,0.00059855,11.694929412746852,13.529794855096064,9.757,61.231884057971016,11.694929412746852,70.83277435714307,3,1,2,0,1.0,False
BONK,2026-08-02T20:30:14.728Z,2026-08-02T20:30:14.728696Z,2026-08-02T22:30:14.728696Z,7790.259435,7,2.885e-06,34.66204506065825,6.920415224913487,5.091,69.56521739130434,34.66204506065825,75.55969403680356,5,5,0,0,0.6,False
CFX,2026-08-02T20:30:28.952Z,2026-08-02T20:30:28.952718Z,2026-08-02T22:30:28.952718Z,7776.035413,7,0.042025,2.3795359904809334,3.8252656434474694,-0.564,65.57971014492753,2.3795359904809334,52.72522418167257,0,0,0,0,,False
GALA,2026-08-02T20:30:52.335Z,2026-08-02T20:30:52.335376Z,2026-08-02T22:30:52.335376Z,7752.652755,7,0.0017905,5.585032113935396,2.252252252252258,0.68,64.85507246376811,5.585032113935396,60.16082163997177,0,0,0,0,,False
MORPHO,2026-08-02T20:31:19.108Z,2026-08-02T20:31:19.108469Z,2026-08-02T22:31:19.108469Z,7725.879662,7,1.9455,5.140066820868105,3.6175710594315276,-0.206,59.78260869565217,5.140066820868105,66.22114604449287,2,1,0,1,1.0,False
NIL,2026-08-02T20:31:30.334Z,2026-08-02T20:31:30.334423Z,2026-08-02T22:31:30.334423Z,7714.653708,7,0.03059,39.22850604772756,23.778501628664497,10.273,70.28985507246377,39.22850604772756,66.04054149413662,1,1,0,0,1.0,False
PENDLE,2026-08-02T20:31:35.542Z,2026-08-02T20:31:35.543253Z,2026-08-02T22:31:35.543253Z,7709.444878,7,1.3805,7.243752263673392,3.7599421547360685,0.582,70.65217391304348,7.243752263673392,66.78117934967788,1,0,1,0,1.0,False
PEOPLE,2026-08-02T20:31:43.205Z,2026-08-02T20:31:43.205414Z,2026-08-02T22:31:43.205414Z,7701.782717,7,0.0069949999999999995,14.295925661187221,14.772727272727273,9.147,63.768115942028984,14.295925661187221,76.0957330306663,1,1,0,0,1.0,False
S,2026-08-02T20:32:12.730Z,2026-08-02T20:32:12.730990Z,2026-08-02T22:32:12.730990Z,7672.257141,7,0.021675,4.613610149943742,2.93712712253328,1.349,60.507246376811594,4.613610149943742,70.07618028121895,0,0,0,0,,False
VET,2026-08-02T20:32:56.810Z,2026-08-02T20:32:56.810702Z,2026-08-02T22:32:56.810702Z,7628.177429,7,0.0046890000000000005,8.53060354019975,3.7155669442665076,1.408,66.30434782608695,8.53060354019975,47.64050918295221,8,6,2,0,1.0,False
XPL,2026-08-02T20:33:01.745Z,2026-08-02T20:33:01.745210Z,2026-08-02T22:33:01.745210Z,7623.242921,7,0.07601,5.262465465070171,4.404482668751621,3.284,67.7536231884058,5.262465465070171,71.49383922835887,0,0,0,0,,False
NOM,2026-08-02T20:40:47.829Z,2026-08-02T20:40:47.829384Z,2026-08-02T22:40:47.829384Z,7758.265222,7,0.001435,69.68641114982597,2.0833333333333237,1.408,47.46376811594203,69.68641114982597,49.768035260919014,0,0,0,0,,False
QNT,2026-08-02T20:41:23.281Z,2026-08-02T20:41:23.281754Z,2026-08-02T22:41:23.281754Z,7722.812852,7,60.435,11.58269214858944,3.5058706796758683,-0.461,42.7536231884058,11.58269214858944,63.061380325796584,71,17,38,16,0.0423,False
SAND,2026-08-02T20:41:36.838Z,2026-08-02T20:41:36.838925Z,2026-08-02T22:41:36.838925Z,7709.255681,7,0.04292,4.659832246040569,6.922723091076355,5.997,53.98550724637681,4.659832246040569,78.716117464941,50,17,22,11,-0.02,False
SNX,2026-08-02T20:41:51.418Z,2026-08-02T20:41:51.418909Z,2026-08-02T22:41:51.418909Z,7694.675697,7,0.2105,47.50593824228033,2.8436018957346,-0.472,45.289855072463766,47.50593824228033,55.349289737139166,0,0,0,0,,False
ZKC,2026-08-02T20:42:37.216Z,2026-08-02T20:42:37.216284Z,2026-08-02T22:42:37.216284Z,7648.878322,7,0.03755,26.63115845539357,4.76190476190477,2.439,55.072463768115945,26.63115845539357,56.50732371833735,0,0,0,0,,False
AIXBT,2026-08-02T20:48:18.712Z,2026-08-02T20:48:18.712336Z,2026-08-02T22:48:18.712336Z,7307.38227,7,0.017660000000000002,22.6500566251426,6.229143492769741,5.64,36.231884057971016,22.6500566251426,61.58111368551307,0,0,0,0,,False
API3,2026-08-02T20:48:25.746Z,2026-08-02T20:48:25.746689Z,2026-08-02T22:48:25.746689Z,7300.347917,7,0.1891,10.576414595452444,1.87597707139136,0.947,29.347826086956523,10.576414595452444,66.57987086628745,0,0,0,0,,
BERA,2026-08-02T20:48:37.693Z,2026-08-02T20:48:37.693318Z,2026-08-02T22:48:37.693318Z,7288.401288,7,0.15435,6.478781988987156,2.393272962483817,1.244,35.14492753623188,6.478781988987156,70.71275336680726,1,0,0,1,1.0,False
FF,2026-08-02T20:49:28.161Z,2026-08-02T20:49:28.161938Z,2026-08-02T22:49:28.161938Z,7237.932668,7,0.06470000000000001,6.182380216383056,4.454377311960549,0.387,35.869565217391305,6.182380216383056,66.24022471208973,0,0,0,0,,False
IO,2026-08-02T20:49:40.259Z,2026-08-02T20:49:40.259540Z,2026-08-02T22:49:40.259540Z,7225.835066,7,0.13190000000000002,15.163002274450772,3.167420814479645,1.221,30.07246376811594,15.163002274450772,49.82020523057192,1,0,1,0,1.0,False
KMNO,2026-08-02T20:50:01.064Z,2026-08-02T20:50:01.064643Z,2026-08-02T22:50:01.064643Z,7205.029963,7,0.018064999999999998,5.535566011624464,2.6154702281580504,-0.992,27.89855072463768,5.535566011624464,60.23097202884515,3,2,1,0,0.6667,False
LISTA,2026-08-02T20:50:13.164Z,2026-08-02T20:50:13.164507Z,2026-08-02T22:50:13.164507Z,7792.964191,7,0.05075,19.704433497536144,11.729622266401583,-6.679,40.21739130434783,19.704433497536144,56.05121494049271,0,0,0,0,,False
MEME,2026-08-02T20:50:32.208Z,2026-08-02T20:50:32.208416Z,2026-08-02T22:50:32.208416Z,7773.920282,7,0.0005005000000000001,19.98001998002046,2.385685884691864,-0.198,39.85507246376812,19.98001998002046,61.679445377376375,53,37,12,4,0.8302,False
MINA,2026-08-02T20:50:38.074Z,2026-08-02T20:50:38.074615Z,2026-08-02T22:50:38.074615Z,7768.054083,7,0.04105,24.360535931789506,2.676399026763983,1.481,34.05797101449275,24.360535931789506,66.31729451238319,0,0,0,0,,False
SIGN,2026-08-02T20:51:31.002Z,2026-08-02T20:51:31.002415Z,2026-08-02T22:51:31.002415Z,7715.126283,7,0.006795,14.716703458424714,4.034582132564839,2.511,29.71014492753623,14.716703458424714,71.41505212753869,0,0,0,0,,False
STO,2026-08-02T20:51:49.961Z,2026-08-02T20:51:49.962115Z,2026-08-02T22:51:49.962115Z,7696.166583,7,0.03705,26.990553306343553,2.6954177897574145,1.644,36.594202898550726,26.990553306343553,70.12940974491383,0,0,0,0,,True
THETA,2026-08-02T20:51:57.696Z,2026-08-02T20:51:57.696646Z,2026-08-02T22:51:57.696646Z,7688.432052,7,0.12564999999999998,23.875845602864686,2.472089314194582,0.642,30.797101449275363,23.875845602864686,66.8491646431421,0,0,0,0,,False
TNSR,2026-08-02T20:52:05.862Z,2026-08-02T20:52:05.862426Z,2026-08-02T22:52:05.862426Z,7680.266272,7,0.0297,67.34006734006692,2.356902356902366,-0.669,37.31884057971015,67.34006734006692,58.507712869848895,20,8,8,4,0.3,False
TREE,2026-08-02T20:52:12.611Z,2026-08-02T20:52:12.611767Z,2026-08-02T22:52:12.611767Z,7673.516931,7,0.03385,29.54209748892256,5.571847507331375,-2.571,32.608695652173914,29.54209748892256,56.29283875275023,0,0,0,0,,False
VANRY,2026-08-02T20:52:20.326Z,2026-08-02T20:52:20.327169Z,2026-08-02T22:52:20.327169Z,7665.801529,7,0.003728,53.64806866952804,6.055776892430276,-3.188,41.30434782608695,53.64806866952804,44.45172399979598,42,8,28,6,0.0952,False
1000CAT,2026-08-02T20:57:56.306Z,2026-08-02T20:57:56.306930Z,2026-08-02T22:57:56.306930Z,7329.821768,7,0.001365,73.26007326007188,6.521739130434784,-0.719,18.840579710144926,73.26007326007188,41.84426586843949,9,6,2,1,0.5556,False
2Z,2026-08-02T20:58:09.801Z,2026-08-02T20:58:09.801379Z,2026-08-02T22:58:09.801379Z,7316.327319,7,0.055334999999999995,16.264570344266705,2.2731372902760314,0.562,27.536231884057973,16.264570344266705,53.816234019292715,0,0,0,0,,
C,2026-08-02T20:58:55.614Z,2026-08-02T20:58:55.614695Z,2026-08-02T22:58:55.614695Z,7270.514003,7,0.05185,19.286403085825047,3.6468330134357116,-1.883,13.405797101449275,19.286403085825047,51.79422394120033,0,0,0,0,,True
DOLO,2026-08-02T20:59:20.001Z,2026-08-02T20:59:20.002124Z,2026-08-02T22:59:20.002124Z,7246.126574,7,0.02157,9.27213722763059,4.591836734693867,0.936,20.652173913043477,9.27213722763059,60.72688868445051,0,0,0,0,,False
HOLO,2026-08-02T20:59:51.556Z,2026-08-02T20:59:51.556425Z,2026-08-02T22:59:51.556425Z,7214.572273,7,0.0664,30.120481927711708,6.231454005934712,4.012,19.92753623188406,30.120481927711708,68.08680681092933,1,1,0,0,1.0,False
LA,2026-08-02T21:00:08.052Z,2026-08-02T21:00:08.052838Z,2026-08-02T23:00:08.052838Z,7798.741469,7,0.0479,41.75365344467616,7.172131147540975,-4.314,24.63768115942029,41.75365344467616,43.872204236788704,3,1,2,0,-0.3333,False
OSMO,2026-08-02T21:00:45.796Z,2026-08-02T21:00:45.796846Z,2026-08-02T23:00:45.796846Z,7760.997461,7,0.02735,36.56307129798881,1.831501831501833,0.368,14.855072463768115,36.56307129798881,63.91270857361007,12,3,7,2,-0.3333,False
PIXEL,2026-08-02T21:00:53.439Z,2026-08-02T21:00:53.440027Z,2026-08-02T23:00:53.440027Z,7753.35428,7,0.004045,24.721878862792565,6.203473945409414,0.75,14.492753623188406,24.721878862792565,51.56066424560798,62,26,27,9,0.1774,False
VANA,2026-08-02T21:01:30.364Z,2026-08-02T21:01:30.364365Z,2026-08-02T23:01:30.364365Z,7716.429942,7,0.8665,34.62204270051936,3.333333333333336,-2.576,26.44927536231884,34.62204270051936,42.343678233594794,0,0,0,0,,False
WAL,2026-08-02T21:01:41.398Z,2026-08-02T21:01:41.398488Z,2026-08-02T23:01:41.398488Z,7705.395819,7,0.02515,39.76143141153058,3.9682539682539715,0.398,25.72463768115942,39.76143141153058,63.54938843459397,0,0,0,0,,False
ACT,2026-08-02T21:07:37.638Z,2026-08-02T21:07:37.638675Z,2026-08-02T23:07:37.638675Z,7349.155632,7,0.008715,34.42340791738441,4.778156996587033,1.034,4.7101449275362315,34.42340791738441,36.23275454820875,0,0,0,0,,False
AT,2026-08-02T21:07:51.594Z,2026-08-02T21:07:51.594618Z,2026-08-02T23:07:51.594618Z,7335.199689,7,0.1347,29.695619896064123,6.583760058522318,-5.135,10.869565217391305,29.695619896064123,53.409689964638936,0,0,0,0,,False
CATI,2026-08-02T21:08:16.372Z,2026-08-02T21:08:16.373884Z,2026-08-02T23:08:16.373884Z,7310.420423,7,0.036305000000000004,8.26332461093384,4.108463434675435,-1.484,5.072463768115942,8.26332461093384,48.4992071179745,0,0,0,0,,False
DYM,2026-08-02T21:08:47.413Z,2026-08-02T21:08:47.413914Z,2026-08-02T23:08:47.413914Z,7279.380393,7,0.01318,15.17450682852877,2.4943310657596403,1.769,13.043478260869565,15.17450682852877,70.4071384816464,0,0,0,0,,False
AAVE,2026-08-02T21:16:56.219Z,2026-08-02T21:16:56.219815Z,2026-08-02T23:16:56.219815Z,7388.992091,7,92.18,2.1696680407893276,4.667457152096581,2.941,91.30434782608695,2.1696680407893276,60.75680942305754,5,2,0,3,-0.2,False
ADA,2026-08-02T21:17:01.871Z,2026-08-02T21:17:01.871563Z,2026-08-02T23:17:01.871563Z,7383.340343,7,0.18925,5.2840158520469735,10.610079575596812,9.275,98.18840579710145,5.2840158520469735,72.74401378860455,29,16,7,6,0.3793,False
AVAX,2026-08-02T21:17:13.020Z,2026-08-02T21:17:13.021254Z,2026-08-02T23:17:13.021254Z,7372.190652,7,6.577500000000001,1.5203344735846962,8.741842464713912,7.383,95.28985507246377,1.5203344735846962,74.75808679975184,63,21,27,15,-0.0635,False
BCH,2026-08-02T21:17:19.961Z,2026-08-02T21:17:19.961549Z,2026-08-02T23:17:19.961549Z,7365.250357,7,212.25,4.711425206125924,3.6465638148667523,3.483,89.1304347826087,4.711425206125924,66.10345143929538,9,4,3,2,0.1111,False
NEAR,2026-08-02T21:18:28.511Z,2026-08-02T21:18:28.511714Z,2026-08-02T23:18:28.511714Z,7296.700192,7,1.7205,5.812263876780657,4.569420035149388,3.142,97.10144927536231,5.812263876780657,59.58359439070485,3,2,0,1,-0.3333,False
ONDO,2026-08-02T21:18:35.934Z,2026-08-02T21:18:35.934819Z,2026-08-02T23:18:35.934819Z,7289.277087,7,0.3795,5.270092226613385,5.190133607399793,2.637,87.68115942028986,5.270092226613385,65.46356068239142,5,3,0,2,1.0,False
1000SATS,2026-08-02T21:25:10.429Z,2026-08-02T21:25:10.429756Z,2026-08-02T23:25:10.429756Z,7496.746894,7,1.0565000000000001e-05,28.395646000946247,15.399061032863862,1.719,78.98550724637681,28.395646000946247,51.7163218529038,19,11,5,3,0.0526,False
ALLO,2026-08-02T21:25:17.198Z,2026-08-02T21:25:17.198426Z,2026-08-02T23:25:17.198426Z,7489.978224,7,0.25035,3.9944078290389045,10.206513105639385,-7.596,80.07246376811594,3.9944078290389045,55.74131129095365,66,7,50,9,-0.5152,False
APT,2026-08-02T21:25:23.208Z,2026-08-02T21:25:23.208908Z,2026-08-02T23:25:23.208908Z,7483.967742,7,0.5615000000000001,17.80943900267143,4.448398576512439,1.996,82.2463768115942,17.80943900267143,70.33724712525495,14,4,10,0,0.8571,False
ARB,2026-08-02T21:25:29.448Z,2026-08-02T21:25:29.448893Z,2026-08-02T23:25:29.448893Z,7477.727757,7,0.08124999999999999,12.307692307692662,4.791154791154792,3.562,85.14492753623189,12.307692307692662,69.97215558300411,16,12,3,1,0.75,False
ATOM,2026-08-02T21:25:35.934Z,2026-08-02T21:25:35.935156Z,2026-08-02T23:25:35.935156Z,7471.241494,7,1.2645,7.908264136021272,4.1009463722397514,3.679,79.34782608695652,7.908264136021272,76.90772246763402,70,17,48,5,0.3857,False
BANK,2026-08-02T21:25:41.400Z,2026-08-02T21:25:41.401007Z,2026-08-02T23:25:41.401007Z,7465.775643,7,0.045399999999999996,44.05286343612308,18.404907975460123,-6.857,82.6086956521739,44.05286343612308,63.63350120393726,5,0,3,2,0.2,False
CHZ,2026-08-02T21:25:47.825Z,2026-08-02T21:25:47.825928Z,2026-08-02T23:25:47.825928Z,7459.350722,7,0.012855,7.779074290159154,3.5074045206547084,1.906,75.3623188405797,7.779074290159154,70.88652252510792,0,0,0,0,,False
DOT,2026-08-02T21:26:01.821Z,2026-08-02T21:26:01.821364Z,2026-08-02T23:26:01.821364Z,7445.355286,7,0.7965,12.55492780916511,4.015056461731496,3.372,83.69565217391305,12.55492780916511,78.08866461290684,5,2,2,1,0.2,False
DYDX,2026-08-02T21:26:10.426Z,2026-08-02T21:26:10.427173Z,2026-08-02T23:26:10.427173Z,7436.749477,7,0.11205999999999999,14.278065322149507,4.36217662801071,0.61,74.27536231884058,14.278065322149507,53.533359249162416,0,0,0,0,,False
ENSO,2026-08-02T21:26:20.527Z,2026-08-02T21:26:20.527722Z,2026-08-02T23:26:20.527722Z,7426.648928,7,0.9105000000000001,10.982976386600777,7.049891540130146,0.765,73.91304347826087,10.982976386600777,69.86942796338336,0,0,0,0,,False
ERA,2026-08-02T21:26:31.449Z,2026-08-02T21:26:31.449399Z,2026-08-02T23:26:31.449399Z,7415.727251,7,0.06425,15.564202334630796,7.751937984496131,-4.586,79.71014492753623,15.564202334630796,63.931506479342104,0,0,0,0,,False
HBAR,2026-08-02T21:26:47.591Z,2026-08-02T21:26:47.591427Z,2026-08-02T23:26:47.591427Z,7399.585223,7,0.069925,1.4301036825184126,2.491408934707912,0.823,83.33333333333333,1.4301036825184126,54.709905754839355,8,2,5,1,0.5,False
HYPER,2026-08-02T21:26:53.096Z,2026-08-02T21:26:53.096798Z,2026-08-02T23:26:53.096798Z,7394.079852,7,0.0658,30.395136778116374,39.42598187311177,13.356,85.5072463768116,30.395136778116374,71.71841699954197,1,1,0,0,1.0,False
MIRA,2026-08-02T21:27:12.327Z,2026-08-02T21:27:12.327976Z,2026-08-02T23:27:12.327976Z,7374.848674,7,0.0416,48.07692307692278,4.096385542168675,-1.19,76.44927536231884,48.07692307692278,67.94142450128179,0,0,0,0,,False
MMT,2026-08-02T21:27:20.478Z,2026-08-02T21:27:20.478903Z,2026-08-02T23:27:20.478903Z,7366.697747,7,0.1645,24.316109422493096,17.176470588235297,-10.053,81.15942028985508,24.316109422493096,51.569171200766434,2,0,0,2,0.5,False
OP,2026-08-02T21:27:33.886Z,2026-08-02T21:27:33.886318Z,2026-08-02T23:27:33.886318Z,7353.290332,7,0.08654999999999999,11.55401502021986,5.005820721769497,3.619,80.43478260869566,11.55401502021986,80.47754795546511,3,3,0,0,0.3333,False
ROSE,2026-08-02T21:27:59.896Z,2026-08-02T21:27:59.896938Z,2026-08-02T23:27:59.896938Z,7327.279712,7,0.005525,18.099547511313048,6.000000000000008,0.182,71.3768115942029,18.099547511313048,64.13813888686163,61,12,39,10,0.4262,False
STRK,2026-08-02T21:28:16.057Z,2026-08-02T21:28:16.057447Z,2026-08-02T23:28:16.057447Z,7311.119203,7,0.02583,7.742934572202549,3.3891384238464717,0.699,73.55072463768116,7.742934572202549,76.50788153352043,2,1,1,0,0.0,False
USDE,2026-08-02T21:28:33.212Z,2026-08-02T21:28:33.212959Z,2026-08-02T23:28:33.212959Z,7293.963691,7,0.99975,1.0002500625155186,0.04000800160031566,-0.03,78.6231884057971,1.0002500625155186,69.59012575127633,0,0,0,0,,False
WIF,2026-08-02T21:28:43.814Z,2026-08-02T21:28:43.814568Z,2026-08-02T23:28:43.814568Z,7283.362082,7,0.13955,7.165890361876674,4.403409090909078,2.029,72.10144927536231,7.165890361876674,70.74500128749166,8,7,1,0,0.5,False
WLFI,2026-08-02T21:28:50.598Z,2026-08-02T21:28:50.599111Z,2026-08-02T23:28:50.599111Z,7276.577539,7,0.05555,18.00180018001727,2.882882882882878,1.648,84.78260869565217,18.00180018001727,72.03164955958728,1,0,1,0,1.0,False
ZEN,2026-08-02T21:29:01.482Z,2026-08-02T21:29:01.482827Z,2026-08-02T23:29:01.482827Z,7265.693823,7,4.1530000000000005,9.631591620516366,5.123846527440512,4.385,75.72463768115942,9.631591620516366,71.8333495161072,0,0,0,0,,False
APE,2026-08-02T21:34:36.071Z,2026-08-02T21:34:36.071720Z,2026-08-02T23:34:36.071720Z,7530.475574,7,0.13065,7.654037504785055,2.0579268292682986,0.306,67.3913043478261,7.654037504785055,67.53438666019456,9,5,3,1,1.0,False
ASTER,2026-08-02T21:34:43.127Z,2026-08-02T21:34:43.127305Z,2026-08-02T23:34:43.127305Z,7523.419989,7,0.6034999999999999,16.57000828500416,0.9966777408637884,0.501,58.69565217391305,16.57000828500416,70.62959765815032,2,1,1,0,1.0,False
BABY,2026-08-02T21:34:51.226Z,2026-08-02T21:34:51.226365Z,2026-08-02T23:34:51.226365Z,7515.320929,7,0.011355,8.806693086745568,7.43006993006993,-4.348,67.02898550724638,8.806693086745568,47.62936773916027,1,0,1,0,1.0,False
BROCCOLI714,2026-08-02T21:35:11.636Z,2026-08-02T21:35:11.636440Z,2026-08-02T23:35:11.636440Z,7494.910854,7,0.01324,15.105740181268267,14.015151515151523,-8.587,56.88405797101449,15.105740181268267,53.276750999155716,0,0,0,0,,True
CAKE,2026-08-02T21:35:19.465Z,2026-08-02T21:35:19.465433Z,2026-08-02T23:35:19.465433Z,7487.081861,7,1.4435,6.927606511949358,3.124999999999995,2.857,64.4927536231884,6.927606511949358,71.92232283788103,5,5,0,0,1.0,False
CRV,2026-08-02T21:35:32.527Z,2026-08-02T21:35:32.527281Z,2026-08-02T23:35:32.527281Z,7474.020013,7,0.20335,4.917629702482861,3.7579306979014215,2.399,62.31884057971015,4.917629702482861,72.41867640282342,3,2,0,1,1.0,False
EIGEN,2026-08-02T21:35:38.578Z,2026-08-02T21:35:38.579146Z,2026-08-02T23:35:38.579146Z,7467.968148,7,0.18714999999999998,16.029922522040863,8.847184986595167,4.716,57.2463768115942,16.029922522040863,72.29655596226404,1,0,0,1,1.0,False
ETHFI,2026-08-02T21:35:46.731Z,2026-08-02T21:35:46.731490Z,2026-08-02T23:35:46.731490Z,7459.815804,7,0.3997,10.007505629220814,4.962593516209483,1.828,62.68115942028985,10.007505629220814,52.59402597994711,0,0,0,0,,False
HEI,2026-08-02T21:36:03.006Z,2026-08-02T21:36:03.006791Z,2026-08-02T23:36:03.006791Z,7443.540503,7,0.08105000000000001,12.338062924121264,25.24271844660194,-13.717,66.66666666666667,12.338062924121264,58.82209784542814,0,0,0,0,,False
JTO,2026-08-02T21:36:12.055Z,2026-08-02T21:36:12.056141Z,2026-08-02T23:36:12.056141Z,7434.491153,7,0.49629999999999996,4.029820672980727,4.966551794040131,-0.504,69.20289855072464,4.029820672980727,68.39367653643343,3,2,1,0,0.3333,False
KITE,2026-08-02T21:36:20.021Z,2026-08-02T21:36:20.021387Z,2026-08-02T23:36:20.021387Z,7426.525907,7,0.09305,10.74691026329961,3.1948881789137404,0.213,63.405797101449274,10.74691026329961,65.35504922853976,0,0,0,0,,False
NEIRO,2026-08-02T21:36:32.982Z,2026-08-02T21:36:32.982727Z,2026-08-02T23:36:32.982727Z,7413.564567,7,6.1725e-05,14.580801944105964,6.529374201788,2.37,57.608695652173914,14.580801944105964,69.11280412007123,2,2,0,0,1.0,False
POL,2026-08-02T21:36:52.811Z,2026-08-02T21:36:52.811284Z,2026-08-02T23:36:52.811284Z,7393.73601,7,0.072845,9.60944471137355,2.4269847799259483,1.701,60.14492753623188,9.60944471137355,67.50596966942665,3,2,1,0,0.0,False
REZ,2026-08-02T21:37:00.648Z,2026-08-02T21:37:00.648412Z,2026-08-02T23:37:00.648412Z,7385.898882,7,0.0025895,11.585248117397045,10.612400152149114,3.341,64.1304347826087,11.585248117397045,64.88503523647846,62,20,38,4,0.0484,False
RSR,2026-08-02T21:37:16.119Z,2026-08-02T21:37:16.119814Z,2026-08-02T23:37:16.119814Z,7370.42748,7,0.0012795,7.815552950372275,7.193119624706807,3.228,68.47826086956522,7.815552950372275,68.05501115223079,0,0,0,0,,False
RUNE,2026-08-02T21:37:21.705Z,2026-08-02T21:37:21.705598Z,2026-08-02T23:37:21.705598Z,7364.841696,7,0.4445,22.49718785151858,2.6966292134831487,2.535,71.01449275362319,22.49718785151858,78.69696963774994,0,0,0,0,,False
SEI,2026-08-02T21:37:33.636Z,2026-08-02T21:37:33.637041Z,2026-08-02T23:37:33.637041Z,7352.910253,7,0.04129,4.843787842094,2.6150121065375243,1.077,63.04347826086956,4.843787842094,58.03419872883697,1,1,0,0,1.0,False
SSV,2026-08-02T21:37:41.834Z,2026-08-02T21:37:41.834537Z,2026-08-02T23:37:41.834537Z,7344.712757,7,2.2685,13.224597751818884,4.181654676258991,1.692,59.05797101449275,13.224597751818884,49.33217736474288,0,0,0,0,,False
SYRUP,2026-08-02T21:37:47.535Z,2026-08-02T21:37:47.535468Z,2026-08-02T23:37:47.535468Z,7339.011826,7,0.15455,6.470397929471951,2.9620090148100586,-0.385,69.92753623188406,6.470397929471951,69.0109129436115,0,0,0,0,,False
TIA,2026-08-02T21:37:53.269Z,2026-08-02T21:37:53.269259Z,2026-08-02T23:37:53.269259Z,7333.278035,7,0.329,6.079027355622431,4.2308854638863576,3.633,61.95652173913044,6.079027355622431,74.01042170254034,47,17,23,7,0.1702,False
TST,2026-08-02T21:37:59.846Z,2026-08-02T21:37:59.847144Z,2026-08-02T23:37:59.847144Z,7326.70015,7,0.011015,9.078529278256552,5.2299368800721435,-2.291,59.42028985507246,9.078529278256552,56.07557805207316,0,0,0,0,,False
TUT,2026-08-02T21:38:08.104Z,2026-08-02T21:38:08.104183Z,2026-08-02T23:38:08.104183Z,7318.443111,7,0.017425000000000003,5.738880918220713,6.51801029159521,0.517,61.594202898550726,5.738880918220713,54.723251151127386,0,0,0,0,,False
TWT,2026-08-02T21:38:16.199Z,2026-08-02T21:38:16.200313Z,2026-08-02T23:38:16.200313Z,7310.346981,7,0.37645,18.59476690131582,3.9831179108414676,0.878,58.333333333333336,18.59476690131582,68.81337574776201,4,4,0,0,0.0,False
ZBT,2026-08-02T21:38:39.606Z,2026-08-02T21:38:39.606652Z,2026-08-02T23:38:39.606652Z,7286.940642,7,0.12225,8.179959100204734,9.844134536505331,4.815,65.21739130434783,8.179959100204734,75.08894956580099,0,0,0,0,,False
0G,2026-08-02T21:39:09.662Z,2026-08-02T21:39:09.662223Z,2026-08-02T23:39:09.662223Z,7256.885071,7,0.1415,70.67137809187285,5.633802816901414,-4.698,56.15942028985507,70.67137809187285,50.350500174517414,0,0,0,0,,False
DOGS,2026-08-02T21:40:11.012Z,2026-08-02T21:40:11.012992Z,2026-08-02T23:40:11.012992Z,7795.273141,7,3.439e-05,11.63128816516418,3.7420840529648753,2.387,44.927536231884055,11.63128816516418,69.26301246475026,0,0,0,0,,False
FIL,2026-08-02T21:40:19.125Z,2026-08-02T21:40:19.125509Z,2026-08-02T23:40:19.125509Z,7787.160624,7,0.7174499999999999,9.756777475782759,3.685674547983306,3.053,52.89855072463768,9.756777475782759,74.41867044669493,32,20,10,2,0.9375,False
FLOKI,2026-08-02T21:40:25.964Z,2026-08-02T21:40:25.964415Z,2026-08-02T23:40:25.964415Z,7780.321718,7,2.051e-05,9.751340809361194,3.7900874635568482,2.134,47.10144927536232,9.751340809361194,76.2342795626344,2,2,0,0,1.0,False
HEMI,2026-08-02T21:40:40.651Z,2026-08-02T21:40:40.652059Z,2026-08-02T23:40:40.652059Z,7765.634074,7,0.004675,21.390374331551783,6.131078224101487,1.068,48.55072463768116,21.390374331551783,64.28093837110492,0,0,0,0,,False
HUMA,2026-08-02T21:40:48.200Z,2026-08-02T21:40:48.200366Z,2026-08-02T23:40:48.200366Z,7758.085767,7,0.018595,16.133369185266066,8.533333333333337,-2.9,52.53623188405797,16.133369185266066,64.00700460681934,0,0,0,0,,False
IMX,2026-08-02T21:40:56.151Z,2026-08-02T21:40:56.151743Z,2026-08-02T23:40:56.151743Z,7750.13439,7,0.11155000000000001,8.964589870013704,4.017857142857147,3.226,50.72463768115942,8.964589870013704,72.93065230955206,7,5,0,2,0.1429,False
INIT,2026-08-02T21:41:01.488Z,2026-08-02T21:41:01.488918Z,2026-08-02T23:41:01.488918Z,7744.797215,7,0.05005,19.98001998001917,4.99999999999999,-0.794,46.01449275362319,19.98001998001917,62.25983624539074,0,0,0,0,,False
KERNEL,2026-08-02T21:41:07.744Z,2026-08-02T21:41:07.744753Z,2026-08-02T23:41:07.744753Z,7738.54138,7,0.03185,31.39717425431583,5.919003115264795,0.627,52.17391304347826,31.39717425431583,60.19717198453145,0,0,0,0,,False
MET,2026-08-02T21:41:13.217Z,2026-08-02T21:41:13.218031Z,2026-08-02T23:41:13.218031Z,7733.068102,7,0.16305,30.66544004906473,5.2012383900928905,-4.04,53.6231884057971,30.66544004906473,59.05306447020289,1,1,0,0,1.0,False
MUBARAK,2026-08-02T21:41:19.236Z,2026-08-02T21:41:19.236347Z,2026-08-02T23:41:19.236347Z,7727.049786,7,0.012885,38.80481179666255,8.287292817679548,3.26,46.73913043478261,38.80481179666255,56.545931953239425,1,1,0,0,1.0,False
ORCA,2026-08-02T21:41:37.958Z,2026-08-02T21:41:37.958705Z,2026-08-02T23:41:37.958705Z,7708.327428,7,1.089,18.365472910927473,2.734731084776666,0.735,44.56521739130435,18.365472910927473,44.69674483510419,0,0,0,0,,False
PNUT,2026-08-02T21:41:49.549Z,2026-08-02T21:41:49.549924Z,2026-08-02T23:41:49.549924Z,7696.736209,7,0.03945,25.348542458809344,4.810126582278478,1.804,50.36231884057971,25.348542458809344,65.86333904803881,64,18,36,10,0.0156,False
PYTH,2026-08-02T21:41:58.024Z,2026-08-02T21:41:58.024984Z,2026-08-02T23:41:58.024984Z,7688.261149,7,0.039265,7.640392206800521,4.155124653739609,2.319,49.63768115942029,7.640392206800521,69.44302755254655,1,1,0,0,1.0,False
SAHARA,2026-08-02T21:42:11.320Z,2026-08-02T21:42:11.320646Z,2026-08-02T23:42:11.320646Z,7674.965487,7,0.00781,25.60819462228031,11.267605633802823,2.493,51.08695652173913,25.60819462228031,56.37798793550256,0,0,0,0,,False
STX,2026-08-02T21:42:33.726Z,2026-08-02T21:42:33.726960Z,2026-08-02T23:42:33.726960Z,7652.559173,7,0.13885,7.202016564637305,4.591104734576749,3.107,54.710144927536234,7.202016564637305,73.87122916095362,62,32,24,6,0.4677,False
THE,2026-08-02T21:42:41.804Z,2026-08-02T21:42:41.804709Z,2026-08-02T23:42:41.804709Z,7644.481424,7,0.051449999999999996,19.436345966957422,3.522504892367912,1.188,43.47826086956522,19.436345966957422,64.39258129703293,26,18,7,1,0.5,False
TOWNS,2026-08-02T21:42:48.267Z,2026-08-02T21:42:48.268099Z,2026-08-02T23:42:48.268099Z,7638.018034,7,0.0019950000000000002,50.12531328320815,6.372549019607828,4.082,48.91304347826087,50.12531328320815,72.61222656021712,0,0,0,0,,False
TRB,2026-08-02T21:42:55.807Z,2026-08-02T21:42:55.807278Z,2026-08-02T23:42:55.807278Z,7630.478855,7,13.434999999999999,7.443245254930992,1.7062314540059247,0.223,51.81159420289855,7.443245254930992,51.80459569421193,0,0,0,0,,False
TURBO,2026-08-02T21:43:02.875Z,2026-08-02T21:43:02.875261Z,2026-08-02T23:43:02.875261Z,7623.410872,7,0.0007945000000000001,12.586532410321261,3.1407035175879336,1.66,43.11594202898551,12.586532410321261,68.1639343629953,2,2,0,0,1.0,False
XTZ,2026-08-02T21:43:10.668Z,2026-08-02T21:43:10.668744Z,2026-08-02T23:43:10.668744Z,7615.617389,7,0.20024999999999998,4.993757802747403,1.7412935323383099,1.362,48.18840579710145,4.993757802747403,60.305821930594675,30,21,6,3,0.6667,False
ZK,2026-08-02T21:43:17.841Z,2026-08-02T21:43:17.841522Z,2026-08-02T23:43:17.841522Z,7608.444611,7,0.008125,12.307692307691806,4.04551201011378,1.022,50.0,12.307692307691806,69.72108289361502,0,0,0,0,,False
