symbol,snapshot_ts,meta_added_ts,meta_expires_ts,meta_duration_sec,meta_archive_schema_version,spot_mid,spot_spread_bps,spot_range_pct_24h,spot_ticker24_chg,derived_liq_global_pct,derived_spread_bps,score_final,sentiment_posts_total,sentiment_posts_pos,sentiment_posts_neu,sentiment_posts_neg,sentiment_mean_score,sentiment_is_silent
ENSO,2026-09-19T21:50:09.645Z,2026-09-19T21:50:09.646156Z,2026-09-19T23:50:09.646156Z,7797.681081,7,0.9584999999999999,10.432968179447062,3.4773445732349875,-1.043,36.74242424242424,10.432968179447062,44.805365143094924,0,0,0,0,,False
ETC,2026-09-19T21:50:16.471Z,2026-09-19T21:50:16.471453Z,2026-09-19T23:50:16.471453Z,7790.855784,7,8.575,34.98542274052404,5.607476635514024,3.758,34.09090909090909,34.98542274052404,76.05415971097857,0,0,0,0,,False
FORM,2026-09-19T21:50:30.453Z,2026-09-19T21:50:30.453446Z,2026-09-19T23:50:30.453446Z,7776.873791,7,0.26335,64.55287640022705,6.202723146747362,-0.937,28.40909090909091,64.55287640022705,64.19177891554806,0,0,0,0,,False
INIT,2026-09-19T21:50:40.881Z,2026-09-19T21:50:40.882069Z,2026-09-19T23:50:40.882069Z,7766.445168,7,0.07575499999999999,27.72094251204566,3.981017664118124,0.304,24.62121212121212,27.72094251204566,65.94691966621575,0,0,0,0,,False
KERNEL,2026-09-19T21:50:53.208Z,2026-09-19T21:50:53.209247Z,2026-09-19T23:50:53.209247Z,7754.11799,7,0.043399999999999994,46.08294930875549,4.418604651162789,2.381,26.136363636363637,46.08294930875549,63.74994341874379,0,0,0,0,,False
KMNO,2026-09-19T21:51:00.105Z,2026-09-19T21:51:00.105814Z,2026-09-19T23:51:00.105814Z,7747.221423,7,0.027715,18.040772145048326,4.252252252252254,-1.386,31.060606060606062,18.040772145048326,50.32154304282003,4,4,0,0,0.5,False
LINEA,2026-09-19T21:51:06.695Z,2026-09-19T21:51:06.695928Z,2026-09-19T23:51:06.695928Z,7740.631309,7,0.0028145,24.871202700302224,5.537692032868873,2.452,39.39393939393939,24.871202700302224,70.57564459870652,0,0,0,0,,False
PNUT,2026-09-19T21:51:35.445Z,2026-09-19T21:51:35.445689Z,2026-09-19T23:51:35.445689Z,7711.881548,7,0.0532,37.593984962405784,7.434944237918209,4.062,34.46969696969697,37.593984962405784,67.64257436063069,2,0,1,1,0.0,False
RESOLV,2026-09-19T21:51:47.364Z,2026-09-19T21:51:47.364682Z,2026-09-19T23:51:47.364682Z,7699.962555,7,0.01759,11.370096645822999,4.20454545454546,2.207,25.37878787878788,11.370096645822999,47.55432825263176,0,0,0,0,,False
REZ,2026-09-19T21:51:53.641Z,2026-09-19T21:51:53.641846Z,2026-09-19T23:51:53.641846Z,7693.685391,7,0.0037165,13.453518094982456,7.7027762656505,-5.553,37.878787878787875,13.453518094982456,54.26637623179346,0,0,0,0,,False
TNSR,2026-09-19T21:52:10.119Z,2026-09-19T21:52:10.119276Z,2026-09-19T23:52:10.119276Z,7677.207961,7,0.03615,27.662517289074096,5.509641873278242,1.681,28.03030303030303,27.662517289074096,63.97937824534835,0,0,0,0,,False
COMP,2026-09-19T21:58:01.567Z,2026-09-19T21:58:01.567848Z,2026-09-19T23:58:01.567848Z,7325.759389,7,21.285,23.490721165138435,5.151228733459357,1.002,27.651515151515152,23.490721165138435,58.62302648727916,7,3,3,1,0.7143,False
HYPER,2026-09-19T21:58:09.584Z,2026-09-19T21:58:09.584635Z,2026-09-19T23:58:09.584635Z,7317.742602,7,0.07289999999999999,27.434842249655947,4.027777777777778,0.699,29.545454545454547,27.434842249655947,62.82516089288364,0,0,0,0,,False
SHELL,2026-09-19T21:58:16.587Z,2026-09-19T21:58:16.588091Z,2026-09-19T23:58:16.588091Z,7310.739146,7,0.023,86.95652173912991,12.71929824561405,3.636,34.09090909090909,86.95652173912991,65.45596565544481,1,1,0,0,1.0,False
1INCH,2026-09-19T21:58:43.115Z,2026-09-19T21:58:43.115690Z,2026-09-19T23:58:43.115690Z,7284.211547,7,0.09855,30.441400304413467,4.196519959058349,0.514,18.181818181818183,30.441400304413467,57.94524933249497,0,0,0,0,,False
2Z,2026-09-19T21:58:48.759Z,2026-09-19T21:58:48.759339Z,2026-09-19T23:58:48.759339Z,7278.567898,7,0.05085,7.866273352998696,4.083250743310207,2.353,20.075757575757574,7.866273352998696,71.07530148909603,0,0,0,0,,False
API3,2026-09-19T21:59:02.158Z,2026-09-19T21:59:02.158937Z,2026-09-19T23:59:02.158937Z,7265.1683,7,0.25555,50.870671101544424,5.104867431737236,2.975,14.015151515151516,50.870671101544424,52.37412974710646,0,0,0,0,,False
ARKM,2026-09-19T21:59:09.694Z,2026-09-19T21:59:09.694806Z,2026-09-19T23:59:09.694806Z,7257.632431,7,0.11265,8.877052818463293,5.201793721973093,1.734,18.560606060606062,8.877052818463293,65.12697175656801,2,2,0,0,1.0,False
BANANA,2026-09-19T21:59:16.924Z,2026-09-19T21:59:16.924463Z,2026-09-19T23:59:16.924463Z,7250.402774,7,4.036,109.01883052527155,2.045397854826636,-1.547,13.636363636363637,109.01883052527155,40.84740229351997,0,0,0,0,,False
BLUR,2026-09-19T21:59:35.513Z,2026-09-19T21:59:35.513535Z,2026-09-19T23:59:35.513535Z,7231.813702,7,0.019035,15.760441292357367,6.497622820919167,3.612,14.393939393939394,15.760441292357367,70.22709520548885,0,0,0,0,,False
BMT,2026-09-19T21:59:41.518Z,2026-09-19T21:59:41.518801Z,2026-09-19T23:59:41.518801Z,7225.808436,7,0.01983,10.085728693897723,5.756495160468665,1.395,17.803030303030305,10.085728693897723,60.03653458758461,0,0,0,0,,False
CGPT,2026-09-19T21:59:48.632Z,2026-09-19T21:59:48.632946Z,2026-09-19T23:59:48.632946Z,7218.694291,7,0.02067,29.02757619738801,3.7616023448949676,1.186,9.469696969696969,29.02757619738801,56.45772179318531,0,0,0,0,,False
CKB,2026-09-19T21:59:55.117Z,2026-09-19T21:59:55.117788Z,2026-09-19T23:59:55.117788Z,7212.209449,7,0.00124,16.12903225806316,6.85483870967742,3.161,16.28787878787879,16.12903225806316,48.92447578211062,0,0,0,0,,False
ENJ,2026-09-19T22:00:11.743Z,2026-09-19T22:00:11.743576Z,2026-09-20T00:00:11.743576Z,7794.080631,7,0.027585,47.127061808954736,4.234167893961715,-0.731,19.318181818181817,47.127061808954736,37.75351331967064,2,1,1,0,1.0,False
FLUX,2026-09-19T22:00:17.341Z,2026-09-19T22:00:17.341216Z,2026-09-20T00:00:17.341216Z,7788.482991,7,0.0595,33.613445378151056,7.993197278911558,4.255,17.045454545454547,33.613445378151056,65.12833352540082,0,0,0,0,,False
GUN,2026-09-19T22:00:30.340Z,2026-09-19T22:00:30.340709Z,2026-09-20T00:00:30.340709Z,7775.483498,7,0.0028,71.42857142857162,3.2846715328467084,-0.725,23.484848484848484,71.42857142857162,62.00289525705694,1,1,0,0,-1.0,False
IO,2026-09-19T22:00:36.874Z,2026-09-19T22:00:36.874272Z,2026-09-20T00:00:36.874272Z,7768.949935,7,0.14325,20.942408376962984,3.516174402250355,0.994,21.21212121212121,20.942408376962984,63.770583241604314,0,0,0,0,,False
KAIA,2026-09-19T22:00:43.364Z,2026-09-19T22:00:43.365157Z,2026-09-20T00:00:43.365157Z,7762.45905,7,0.03025,33.05785123966922,3.3333333333333366,0.0,15.909090909090908,33.05785123966922,59.700084349270895,0,0,0,0,,False
LAYER,2026-09-19T22:00:50.374Z,2026-09-19T22:00:50.374995Z,2026-09-20T00:00:50.374995Z,7755.449212,7,0.07325000000000001,40.95563139931858,2.9005524861878516,-0.822,20.454545454545453,40.95563139931858,61.43486098923626,0,0,0,0,,False
MANTA,2026-09-19T22:00:57.303Z,2026-09-19T22:00:57.303612Z,2026-09-20T00:00:57.303612Z,7748.520595,7,0.06653,12.024650533595462,5.968273912360606,1.954,16.666666666666668,12.024650533595462,50.490791982981655,0,0,0,0,,False
MEME,2026-09-19T22:01:02.089Z,2026-09-19T22:01:02.090026Z,2026-09-20T00:01:02.090026Z,7743.734181,7,0.000575,34.78260869565302,5.47703180212014,-0.352,18.939393939393938,34.78260869565302,59.47556548038544,52,36,13,3,0.9615,False
NOM,2026-09-19T22:01:14.751Z,2026-09-19T22:01:14.751296Z,2026-09-20T00:01:14.751296Z,7731.072911,7,0.001715,58.30903790087479,5.952380952380955,1.818,10.227272727272727,58.30903790087479,60.03979465603803,0,0,0,0,,False
OPEN,2026-09-19T22:01:21.577Z,2026-09-19T22:01:21.577912Z,2026-09-20T00:01:21.577912Z,7724.246295,7,0.14800000000000002,13.513513513513898,6.087551299589598,1.317,11.742424242424242,13.513513513513898,59.17409501617916,1,0,1,0,-1.0,False
OSMO,2026-09-19T22:01:39.475Z,2026-09-19T22:01:39.476073Z,2026-09-20T00:01:39.476073Z,7706.348134,7,0.03535,28.288543140029102,6.26780626780625,-3.306,14.772727272727273,28.288543140029102,38.5055704641806,1,1,0,0,1.0,False
SXT,2026-09-19T22:02:03.151Z,2026-09-19T22:02:03.151207Z,2026-09-20T00:02:03.151207Z,7682.673,7,0.008705000000000001,34.46295232624987,3.5252643948296107,-1.959,9.848484848484848,34.46295232624987,58.56801176046811,1,1,0,0,1.0,False
AIXBT,2026-09-19T22:08:12.329Z,2026-09-19T22:08:12.329344Z,2026-09-20T00:08:12.329344Z,7313.494863,7,0.021205,33.01108229191094,3.666666666666666,0.334,4.166666666666667,33.01108229191094,57.29127323795062,1,0,1,0,1.0,False
AT,2026-09-19T22:08:19.668Z,2026-09-19T22:08:19.668674Z,2026-09-20T00:08:19.668674Z,7306.155533,7,0.1471,27.192386131881964,5.089408528198067,-2.482,3.409090909090909,27.192386131881964,29.626633356091556,0,0,0,0,,False
AUCTION,2026-09-19T22:08:26.591Z,2026-09-19T22:08:26.591400Z,2026-09-20T00:08:26.591400Z,7299.232807,7,3.5685000000000002,25.220680958385586,5.416903006239373,0.714,9.090909090909092,25.220680958385586,46.83623999915306,0,0,0,0,,False
BNB,2026-09-19T22:08:39.357Z,2026-09-19T22:08:39.357690Z,2026-09-20T00:08:39.357690Z,7286.466517,7,761.405,0.3940084449139777,2.224474484356281,-0.548,95.83333333333333,0.3940084449139777,42.74654108414966,5,2,3,0,1.0,False
BTC,2026-09-19T22:08:45.199Z,2026-09-19T22:08:45.199711Z,2026-09-20T00:08:45.199711Z,7280.624496,7,81246.185,0.0012308270239781997,1.3643666638306584,-0.162,100.0,0.0012308270239781997,52.4627019276328,26,8,13,5,0.4615,False
ETH,2026-09-19T22:08:59.764Z,2026-09-19T22:08:59.764694Z,2026-09-20T00:08:59.764694Z,7266.059513,7,2627.965,0.03805225716386455,2.4970033676439773,0.049,99.62121212121212,0.03805225716386455,59.21462622068016,38,19,15,4,0.4211,False
EUR,2026-09-19T22:09:03.168Z,2026-09-19T22:09:03.168796Z,2026-09-20T00:09:03.168796Z,7262.655411,7,1.15015,0.8694518106332999,0.18257694314032263,0.026,97.72727272727273,0.8694518106332999,69.24338840540106,0,0,0,0,,False
GMT,2026-09-19T22:09:15.582Z,2026-09-19T22:09:15.583042Z,2026-09-20T00:09:15.583042Z,7250.241165,7,0.007835,12.763241863432793,3.6175710594315116,0.65,7.954545454545454,12.763241863432793,66.1647120902442,0,0,0,0,,False
HAEDAL,2026-09-19T22:09:22.025Z,2026-09-19T22:09:22.026138Z,2026-09-20T00:09:22.026138Z,7243.798069,7,0.020045,54.87652781242154,2.5176233635448164,0.303,3.787878787878788,54.87652781242154,50.3269131897862,3,1,1,1,1.0,False
HUMA,2026-09-19T22:09:35.210Z,2026-09-19T22:09:35.210396Z,2026-09-20T00:09:35.210396Z,7230.613811,7,0.024460000000000003,49.05968928863392,6.8780889621087375,-5.008,3.0303030303030303,49.05968928863392,39.551331756112646,0,0,0,0,,False
INJ,2026-09-19T22:09:40.193Z,2026-09-19T22:09:40.193472Z,2026-09-20T00:09:40.193472Z,7225.630735,7,8.016,7.485029940120044,18.785723358313223,18.498,94.6969696969697,7.485029940120044,77.10575450544464,21,13,6,2,0.8095,False
LISTA,2026-09-19T22:09:51.445Z,2026-09-19T22:09:51.445846Z,2026-09-20T00:09:51.445846Z,7214.378361,7,0.08130000000000001,49.200492004919745,4.079110012360936,0.372,1.5151515151515151,49.200492004919745,40.65617597886853,0,0,0,0,,False
NEAR,2026-09-19T22:09:57.130Z,2026-09-19T22:09:57.131211Z,2026-09-20T00:09:57.131211Z,7208.692996,7,3.5945,8.346084295451702,14.245495495495502,-5.707,97.34848484848484,8.346084295451702,60.582407417708396,19,10,4,5,0.5789,False
NEWT,2026-09-19T22:10:02.310Z,2026-09-19T22:10:02.310909Z,2026-09-20T00:10:02.310909Z,7203.513298,7,0.045380000000000004,61.7011899515195,2.761692650334071,1.081,7.196969696969697,61.7011899515195,60.92695700324215,0,0,0,0,,False
NXPC,2026-09-19T22:10:09.845Z,2026-09-19T22:10:09.845221Z,2026-09-20T00:10:09.845221Z,7794.724167,7,0.22865,21.867483052700653,3.3792796798577127,0.223,5.681818181818182,21.867483052700653,50.34005824991783,0,0,0,0,,False
SAPIEN,2026-09-19T22:10:16.725Z,2026-09-19T22:10:16.725257Z,2026-09-20T00:10:16.725257Z,7787.844131,7,0.07685,13.012361743656845,3.166226912928777,1.473,6.4393939393939394,13.012361743656845,68.67181379429792,0,0,0,0,,False
SOL,2026-09-19T22:10:22.091Z,2026-09-19T22:10:22.091702Z,2026-09-20T00:10:22.091702Z,7782.477686,7,110.765,0.9028122601896723,3.587241348152163,-2.226,98.86363636363636,0.9028122601896723,53.29175332914285,43,22,17,4,0.9535,False
SUI,2026-09-19T22:10:27.772Z,2026-09-19T22:10:27.772366Z,2026-09-20T00:10:27.772366Z,7776.797022,7,0.86655,1.1540015002018231,9.365135040336718,4.356,96.96969696969697,1.1540015002018231,56.978085659899925,18,10,5,3,0.5556,False
TLM,2026-09-19T22:10:35.049Z,2026-09-19T22:10:35.050052Z,2026-09-20T00:10:35.050052Z,7769.519336,7,0.00148,54.0540540540539,3.8280725319006024,3.403,4.924242424242424,54.0540540540539,65.63557636328024,0,0,0,0,,False
TURTLE,2026-09-19T22:10:41.725Z,2026-09-19T22:10:41.726111Z,2026-09-20T00:10:41.726111Z,7762.843277,7,0.042249999999999996,23.668639053253475,2.870813397129186,-0.713,2.6515151515151514,23.668639053253475,65.59427865842358,0,0,0,0,,False
UMA,2026-09-19T22:10:50.348Z,2026-09-19T22:10:50.348999Z,2026-09-20T00:10:50.348999Z,7754.220389,7,0.39,51.28205128205133,3.6082474226804155,0.0,4.545454545454546,51.28205128205133,59.29514276815527,0,0,0,0,,False
UNI,2026-09-19T22:10:55.911Z,2026-09-19T22:10:55.912047Z,2026-09-20T00:10:55.912047Z,7748.657341,7,8.6265,3.477656059815816,12.301540632717858,-5.522,98.48484848484848,3.477656059815816,50.4015421287424,37,25,9,3,0.4324,False
USD1,2026-09-19T22:10:58.930Z,2026-09-19T22:10:58.931058Z,2026-09-20T00:10:58.931058Z,7745.63833,7,0.99965,1.0003501225427798,0.050020008003195775,-0.02,98.10606060606061,1.0003501225427798,53.086696183958125,0,0,0,0,,False
VANA,2026-09-19T22:11:05.945Z,2026-09-19T22:11:05.946110Z,2026-09-20T00:11:05.946110Z,7738.623278,7,1.1035,27.186225645671882,10.462962962962962,4.651,8.333333333333334,27.186225645671882,51.35331905001912,0,0,0,0,,False
WCT,2026-09-19T22:11:12.752Z,2026-09-19T22:11:12.753129Z,2026-09-20T00:11:12.753129Z,7731.816259,7,0.040485,17.290354452266424,9.341347357876293,3.232,6.0606060606060606,17.290354452266424,62.86726375921901,1,1,0,0,1.0,False
XRP,2026-09-19T22:11:18.500Z,2026-09-19T22:11:18.500501Z,2026-09-20T00:11:18.500501Z,7726.068887,7,1.4071500000000001,0.7106562910847385,4.312668463611857,0.607,99.24242424242425,0.7106562910847385,58.08701514974034,48,5,40,3,0.8333,False
YB,2026-09-19T22:11:25.214Z,2026-09-19T22:11:25.215087Z,2026-09-20T00:11:25.215087Z,7719.354301,7,0.0879,45.506257110352394,2.5433526011560783,0.465,2.272727272727273,45.506257110352394,37.11941003231281,0,0,0,0,,False
ZBT,2026-09-19T22:11:32.957Z,2026-09-19T22:11:32.958061Z,2026-09-20T00:11:32.958061Z,7711.611327,7,0.08255000000000001,12.113870381587262,2.798053527980531,-0.243,1.1363636363636365,12.113870381587262,51.60844764447214,0,0,0,0,,False
ZEC,2026-09-19T22:11:38.522Z,2026-09-19T22:11:38.522848Z,2026-09-20T00:11:38.522848Z,7706.04654,7,1470.865,1.8356545298173648,9.107287325533175,-1.656,96.5909090909091,1.8356545298173648,52.83978586554062,19,10,8,1,0.3684,False
FDUSD,2026-09-19T22:17:49.990Z,2026-09-19T22:17:49.991216Z,2026-09-20T00:17:49.991216Z,7334.578172,7,0.99905,1.0009509033580801,0.11013215859030737,-0.09,93.93939393939394,1.0009509033580801,50.582015862148026,0,0,0,0,,False
LTC,2026-09-19T22:18:05.016Z,2026-09-19T22:18:05.016372Z,2026-09-20T00:18:05.016372Z,7319.553016,7,58.105000000000004,1.7210222872382774,4.30295609585447,-0.07,91.28787878787878,1.7210222872382774,49.85311439439788,20,7,9,4,0.65,False
ONDO,2026-09-19T22:18:10.395Z,2026-09-19T22:18:10.395381Z,2026-09-20T00:18:10.395381Z,7314.174007,7,0.42010000000000003,4.760771244942477,12.02898550724638,3.5,89.39393939393939,4.760771244942477,60.29235406922826,3,3,0,0,0.3333,False
OP,2026-09-19T22:18:15.993Z,2026-09-19T22:18:15.994102Z,2026-09-20T00:18:15.994102Z,7308.575286,7,0.12115000000000001,8.254230293025412,12.258606213266177,1.708,85.98484848484848,8.254230293025412,67.80819698360878,1,1,0,0,1.0,False
PENGU,2026-09-19T22:18:21.109Z,2026-09-19T22:18:21.109340Z,2026-09-20T00:18:21.109340Z,7303.460048,7,0.007939499999999999,1.2595251590141263,8.02437785678009,-0.329,90.15151515151516,1.2595251590141263,53.95352598333093,3,2,1,0,1.0,False
PEPE,2026-09-19T22:18:27.176Z,2026-09-19T22:18:27.177090Z,2026-09-20T00:18:27.177090Z,7297.392298,7,4.125e-06,24.242424242424008,14.98771498771499,5.44,91.66666666666667,24.242424242424008,64.56381236262551,32,31,0,1,0.7188,False
PUMP,2026-09-19T22:18:32.576Z,2026-09-19T22:18:32.576826Z,2026-09-20T00:18:32.576826Z,7291.992562,7,0.004235,9.445100354192517,8.88995675156174,-5.215,87.87878787878788,9.445100354192517,50.35468137443159,16,13,1,2,0.5,False
STRK,2026-09-19T22:18:38.870Z,2026-09-19T22:18:38.870323Z,2026-09-20T00:18:38.870323Z,7285.699065,7,0.04532,13.239187996470541,24.039362699156523,-3.766,90.53030303030303,13.239187996470541,66.33213793684692,8,6,2,0,1.0,False
SYN,2026-09-19T22:18:45.002Z,2026-09-19T22:18:45.002394Z,2026-09-20T00:18:45.002394Z,7279.566994,7,0.22124,17.175917555595348,32.77310924369749,11.361,88.63636363636364,17.175917555595348,54.90968207652381,0,0,0,0,,False
TAO,2026-09-19T22:18:50.606Z,2026-09-19T22:18:50.607187Z,2026-09-20T00:18:50.607187Z,7273.962201,7,264.35,3.7828636277649283,10.08371385083715,5.204,93.18181818181819,3.7828636277649283,71.86085052761528,21,12,9,0,0.4762,False
TRUMP,2026-09-19T22:18:55.828Z,2026-09-19T22:18:55.828318Z,2026-09-20T00:18:55.828318Z,7268.74107,7,2.1005000000000003,4.7607712449411554,8.630665380906475,-1.426,86.74242424242425,4.7607712449411554,52.223806410711774,5,3,0,2,0.6,False
WLD,2026-09-19T22:19:01.147Z,2026-09-19T22:19:01.147459Z,2026-09-20T00:19:01.147459Z,7263.421929,7,0.43279999999999996,4.6210720887253585,6.252916472235183,0.563,87.5,4.6210720887253585,56.57178170970183,3,3,0,0,1.0,False
XLM,2026-09-19T22:19:06.469Z,2026-09-19T22:19:06.469509Z,2026-09-20T00:19:06.469509Z,7258.099879,7,0.19565,5.111167901866433,6.799591002044993,0.773,89.77272727272727,5.111167901866433,55.642075721364556,6,3,1,2,0.8333,False
BANK,2026-09-19T22:24:48.986Z,2026-09-19T22:24:48.986948Z,2026-09-20T00:24:48.986948Z,7516.381318,7,0.03845,78.02340702210707,32.36842105263158,27.517,73.10606060606061,78.02340702210707,74.2385418622823,15,7,6,2,0.7333,False
DOT,2026-09-19T22:25:23.386Z,2026-09-19T22:25:23.386720Z,2026-09-20T00:25:23.386720Z,7481.981546,7,1.1195,8.932559178205556,5.485611510791362,-2.627,83.33333333333333,8.932559178205556,50.82190920522382,3,0,3,0,1.0,False
BOME,2026-09-19T22:33:25.217Z,2026-09-19T22:33:25.218117Z,2026-09-20T00:33:25.218117Z,7599.793898,7,0.00094495,15.873855759563812,15.134790914880067,-5.011,59.09090909090909,15.873855759563812,60.15544020945412,1,1,0,0,1.0,False
CHZ,2026-09-19T22:33:42.120Z,2026-09-19T22:33:42.120524Z,2026-09-20T00:33:42.120524Z,7582.891491,7,0.015385,6.499837504062135,4.290429042904288,0.866,56.81818181818182,6.499837504062135,59.386581398389765,1,1,0,0,1.0,False
DYDX,2026-09-19T22:33:47.497Z,2026-09-19T22:33:47.497376Z,2026-09-20T00:33:47.497376Z,7577.514639,7,0.13365,16.46090534979409,9.937238493723845,3.905,65.15151515151516,16.46090534979409,53.50575054376969,2,0,2,0,1.0,False
FLOKI,2026-09-19T22:34:00.045Z,2026-09-19T22:34:00.045649Z,2026-09-20T00:34:00.045649Z,7564.966366,7,2.6430000000000003e-05,7.567158531971171,6.513409961685826,0.462,61.36363636363637,7.567158531971171,54.051823192693185,0,0,0,0,,False
HEI,2026-09-19T22:34:17.226Z,2026-09-19T22:34:17.227127Z,2026-09-20T00:34:17.227127Z,7547.784888,7,0.16044999999999998,43.6272982237461,31.735015772870668,13.539,68.18181818181819,43.6272982237461,48.0974059715656,0,0,0,0,,False
WIF,2026-09-19T22:36:30.441Z,2026-09-19T22:36:30.441394Z,2026-09-20T00:36:30.441394Z,7414.570621,7,0.2112,9.469696969695926,7.296137339055798,-1.734,68.56060606060606,9.469696969695926,56.8087537944296,7,7,0,0,0.8571,False
ZK,2026-09-19T22:36:37.358Z,2026-09-19T22:36:37.358790Z,2026-09-20T00:36:37.358790Z,7407.653225,7,0.011325,8.830022075054828,6.921675774134793,-0.363,55.68181818181818,8.830022075054828,66.0227709705169,1,0,0,1,-1.0,False
1000CHEEMS,2026-09-19T22:42:08.197Z,2026-09-19T22:42:08.197339Z,2026-09-20T00:42:08.197339Z,7676.330437,7,0.0005225,19.13875598086171,3.262955854126676,0.774,42.04545454545455,19.13875598086171,50.021695476397646,0,0,0,0,,False
BIO,2026-09-19T22:42:30.895Z,2026-09-19T22:42:30.895494Z,2026-09-20T00:42:30.895494Z,7653.632282,7,0.028145,10.6590868715588,7.022572554639914,2.197,41.666666666666664,10.6590868715588,48.81736181066624,1,0,0,1,1.0,False
KITE,2026-09-19T22:43:22.756Z,2026-09-19T22:43:22.756345Z,2026-09-20T00:43:22.756345Z,7601.771431,7,0.11460000000000001,17.45200698080208,6.084656084656088,1.887,50.75757575757576,17.45200698080208,58.27931362050257,0,0,0,0,,False
MMT,2026-09-19T22:43:39.351Z,2026-09-19T22:43:39.351607Z,2026-09-20T00:43:39.351607Z,7585.176169,7,0.16065000000000002,6.22471210706609,6.796727501573319,2.055,53.78787878787879,6.22471210706609,52.24001218234368,12,9,2,1,0.5,False
NIL,2026-09-19T22:43:52.305Z,2026-09-19T22:43:52.306197Z,2026-09-20T00:43:52.306197Z,7572.221579,7,0.05083,43.28152665748534,13.14741035856574,10.548,50.378787878787875,43.28152665748534,72.27431730256141,2,2,0,0,1.0,False
TUT,2026-09-19T22:45:11.363Z,2026-09-19T22:45:11.364122Z,2026-09-20T00:45:11.364122Z,7493.163654,7,0.021655,13.853613484183228,9.42951438000942,-4.888,52.65151515151515,13.853613484183228,54.13935047741691,4,2,1,1,0.0,False
ALT,2026-09-19T22:51:08.117Z,2026-09-19T22:51:08.118146Z,2026-09-20T00:51:08.118146Z,7737.943812,7,0.0072250000000000005,13.840830449827624,5.485232067510556,0.282,31.439393939393938,13.840830449827624,62.25864763941058,0,0,0,0,,False
ANIME,2026-09-19T22:51:14.852Z,2026-09-19T22:51:14.852379Z,2026-09-20T00:51:14.852379Z,7731.209579,7,0.0032199999999999998,62.11180124223484,5.329153605015674,0.949,28.40909090909091,62.11180124223484,63.81249341767419,0,0,0,0,,False
AVNT,2026-09-19T22:51:19.687Z,2026-09-19T22:51:19.687622Z,2026-09-20T00:51:19.687622Z,7726.374336,7,0.11085,9.021199819576262,6.363636363636356,4.463,36.36363636363637,9.021199819576262,75.7624170330022,1,1,0,0,1.0,False
AXS,2026-09-19T22:51:25.474Z,2026-09-19T22:51:25.474943Z,2026-09-20T00:51:25.474943Z,7720.587015,7,1.0245,9.760858955587018,6.213017751479284,-0.588,34.84848484848485,9.760858955587018,60.68480325861705,0,0,0,0,,False
BEAMX,2026-09-19T22:51:38.216Z,2026-09-19T22:51:38.216293Z,2026-09-20T00:51:38.216293Z,7707.845665,7,0.001818,33.003300330032616,13.891951488423388,1.511,35.60606060606061,33.003300330032616,47.97033379137255,0,0,0,0,,False
BROCCOLI714,2026-09-19T22:51:44.903Z,2026-09-19T22:51:44.903410Z,2026-09-20T00:51:44.903410Z,7701.158548,7,0.01858,75.34983853606094,5.361050328227561,-3.789,33.71212121212121,75.34983853606094,55.545561377101755,0,0,0,0,,False
CATI,2026-09-19T22:51:51.337Z,2026-09-19T22:51:51.338085Z,2026-09-20T00:51:51.338085Z,7694.723873,7,0.069165,18.795633629726755,19.14800814190172,4.165,39.015151515151516,18.795633629726755,67.1095427558576,0,0,0,0,,False
HOLO,2026-09-19T22:52:46.263Z,2026-09-19T22:52:46.263842Z,2026-09-20T00:52:46.263842Z,7639.798116,7,0.06185,16.168148746967812,4.590163934426225,1.498,37.121212121212125,16.168148746967812,69.61883016704732,0,0,0,0,,False
NOT,2026-09-19T22:53:24.620Z,2026-09-19T22:53:24.620930Z,2026-09-20T00:53:24.620930Z,7601.441028,7,0.0004775,20.94240837696386,5.496828752642713,-0.839,27.272727272727273,20.94240837696386,59.118682207232354,1,1,0,0,1.0,False
1000SATS,2026-09-19T23:00:08.670Z,2026-09-19T23:00:08.670892Z,2026-09-20T01:00:08.670892Z,7797.27323,7,1.1345e-05,26.44336712207996,6.366047745358089,1.435,12.5,26.44336712207996,67.30146677268158,1,1,0,0,-1.0,False
BANANAS31,2026-09-19T23:00:46.789Z,2026-09-19T23:00:46.789728Z,2026-09-20T01:00:46.789728Z,7759.154394,7,0.00784,17.857142857143014,4.533434076312819,2.836,24.242424242424242,17.857142857143014,74.5003105776307,1,0,1,0,1.0,False
BARD,2026-09-19T23:00:52.116Z,2026-09-19T23:00:52.117122Z,2026-09-20T01:00:52.117122Z,7753.827,7,0.1333,30.00750187546973,5.733944954128424,1.869,11.363636363636363,30.00750187546973,63.53917410578552,1,1,0,0,1.0,False
CVX,2026-09-19T23:01:21.627Z,2026-09-19T23:01:21.628286Z,2026-09-20T01:01:21.628286Z,7724.315836,7,1.9889999999999999,70.3871292106587,5.146316851664978,-1.881,10.984848484848484,70.3871292106587,60.400338040888336,1,1,0,0,1.0,False
GPS,2026-09-19T23:01:41.496Z,2026-09-19T23:01:41.496564Z,2026-09-20T01:01:41.496564Z,7704.447558,7,0.01083,36.934441366574426,5.3703703703703605,-3.139,19.696969696969695,36.934441366574426,60.357198429605965,2,0,2,0,1.0,False
MANTRA,2026-09-19T23:02:22.955Z,2026-09-19T23:02:22.956041Z,2026-09-20T01:02:22.956041Z,7662.988081,7,0.004370000000000001,45.76659038901613,7.441860465116279,1.655,23.863636363636363,45.76659038901613,48.36138857482402,2,2,0,0,1.0,False
MITO,2026-09-19T23:02:35.001Z,2026-09-19T23:02:35.001654Z,2026-09-20T01:02:35.001654Z,7650.942468,7,0.01558,64.18485237484026,11.561071195297195,2.067,17.424242424242426,64.18485237484026,50.43792416868715,2,0,2,0,0.0,False
1000CAT,2026-09-19T23:09:21.349Z,2026-09-19T23:09:21.349549Z,2026-09-20T01:09:21.349549Z,7244.594573,7,0.0021355000000000002,23.413720440179016,2.4574669187145544,-0.236,8.712121212121213,23.413720440179016,61.2958165131161,0,0,0,0,,False
ACT,2026-09-19T23:09:34.812Z,2026-09-19T23:09:34.812673Z,2026-09-20T01:09:34.812673Z,7231.131449,7,0.010585,47.236655644780065,5.2531041069723035,1.257,1.893939393939394,47.236655644780065,61.97060454939878,0,0,0,0,,False
AVAX,2026-09-19T23:09:57.600Z,2026-09-19T23:09:57.601156Z,2026-09-20T01:09:57.601156Z,7208.342966,7,10.0015,2.99955006748999,17.192331478045773,17.458,95.07575757575758,2.99955006748999,73.06377950315333,15,5,8,2,0.8667,False
BFUSD,2026-09-19T23:10:02.728Z,2026-09-19T23:10:02.729078Z,2026-09-20T01:10:02.729078Z,7203.215044,7,0.9997499999999999,9.00225056264078,0.10007004903432412,-0.01,0.7575757575757576,9.00225056264078,38.99149833220383,0,0,0,0,,
DOLO,2026-09-19T23:10:18.964Z,2026-09-19T23:10:18.964460Z,2026-09-20T01:10:18.964460Z,7786.282052,7,0.026095,11.496455259629142,3.3358895705521445,1.558,0.3787878787878788,11.496455259629142,53.8914519211741,0,0,0,0,,False
ENA,2026-09-19T23:10:25.047Z,2026-09-19T23:10:25.047989Z,2026-09-20T01:10:25.047989Z,7780.198523,7,0.21000000000000002,9.523809523809796,21.875,18.658,96.21212121212122,9.523809523809796,75.36559633365312,20,14,3,3,0.7,False
EURI,2026-09-19T23:10:36.864Z,2026-09-19T23:10:36.864804Z,2026-09-20T01:10:36.864804Z,7768.381708,7,1.15105,52.99509143825198,1.0461162932612684,-0.217,7.575757575757576,52.99509143825198,57.026191313717575,0,0,0,0,,True
HMSTR,2026-09-19T23:10:52.871Z,2026-09-19T23:10:52.871535Z,2026-09-20T01:10:52.871535Z,7752.374977,7,0.0001699,11.771630370806642,3.9668442865600944,1.625,6.818181818181818,11.771630370806642,54.99198909998524,0,0,0,0,,False
LINK,2026-09-19T23:11:08.465Z,2026-09-19T23:11:08.466156Z,2026-09-20T01:11:08.466156Z,7736.780356,7,12.344000000000001,1.6202203499681367,3.886324993927606,-0.234,94.31818181818181,1.6202203499681367,51.16025040241791,20,6,11,3,0.65,False
AAVE,2026-09-19T23:18:10.678Z,2026-09-19T23:18:10.678506Z,2026-09-20T01:18:10.678506Z,7314.568006,7,141.085,4.961548002976445,6.59035973268874,1.494,86.36363636363636,4.961548002976445,59.404926730029096,1,1,0,0,-1.0,False
APT,2026-09-19T23:18:28.626Z,2026-09-19T23:18:28.626864Z,2026-09-20T01:18:28.626864Z,7296.619648,7,0.731,27.359781121751052,12.083333333333345,-1.37,92.42424242424242,27.359781121751052,54.105023128437644,0,0,0,0,,False
AR,2026-09-19T23:18:33.945Z,2026-09-19T23:18:33.946001Z,2026-09-20T01:18:33.946001Z,7291.300511,7,4.4285,15.806706559784491,33.44300822561692,15.688,90.9090909090909,15.806706559784491,59.189188373318565,6,4,2,0,0.6667,False
ARB,2026-09-19T23:18:40.023Z,2026-09-19T23:18:40.023597Z,2026-09-20T01:18:40.023597Z,7285.222915,7,0.20385,4.905567819474564,13.372376769155675,-7.786,92.04545454545455,4.905567819474564,52.34568593351874,14,7,5,2,0.7143,False
BCH,2026-09-19T23:18:49.549Z,2026-09-19T23:18:49.550115Z,2026-09-20T01:18:49.550115Z,7275.696397,7,252.9,7.908264136021693,8.76984126984128,-2.552,88.25757575757575,7.908264136021693,56.242700214359566,2,1,1,0,1.0,False
DOGE,2026-09-19T23:18:55.210Z,2026-09-19T23:18:55.211155Z,2026-09-20T01:18:55.211155Z,7270.035357,7,0.08732000000000001,2.2904260192402797,5.538391120265473,-0.997,92.8030303030303,2.2904260192402797,45.57856805968159,37,18,17,2,0.8108,False
FET,2026-09-19T23:19:02.410Z,2026-09-19T23:19:02.410546Z,2026-09-20T01:19:02.410546Z,7262.835966,7,0.17475000000000002,5.722460658083933,6.916099773242623,-4.026,85.60606060606061,5.722460658083933,50.416439754417,4,0,1,3,-0.5,False
CRV,2026-09-19T23:26:08.649Z,2026-09-19T23:26:08.649433Z,2026-09-20T01:26:08.649433Z,7436.895243,7,0.33830000000000005,11.823825007390228,4.642962092271536,0.118,81.43939393939394,11.823825007390228,56.128123420421915,2,1,0,1,0.0,False
ETHFI,2026-09-19T23:26:31.930Z,2026-09-19T23:26:31.930458Z,2026-09-20T01:26:31.930458Z,7413.614218,7,0.74655,17.41343513495369,5.208891269416182,2.625,83.71212121212122,17.41343513495369,77.7882696024669,3,3,0,0,1.0,False
FIL,2026-09-19T23:26:37.974Z,2026-09-19T23:26:37.974857Z,2026-09-20T01:26:37.974857Z,7407.569819,7,0.9588000000000001,8.343763037129984,21.241379310344822,9.813,84.84848484848484,8.343763037129984,71.4662058656179,5,3,1,1,0.2,False
GRAM,2026-09-19T23:26:43.346Z,2026-09-19T23:26:43.346704Z,2026-09-20T01:26:43.346704Z,7402.197972,7,1.3860000000000001,14.430014430014442,3.6310820624546145,-0.217,79.92424242424242,14.430014430014442,70.36689726620055,0,0,0,0,,False
POL,2026-09-19T23:27:22.950Z,2026-09-19T23:27:22.950578Z,2026-09-20T01:27:22.950578Z,7362.594098,7,0.10469,17.19361925685353,6.368082861801086,-1.753,76.89393939393939,17.19361925685353,62.208136672919515,6,2,4,0,1.0,False
RENDER,2026-09-19T23:27:31.144Z,2026-09-19T23:27:31.145050Z,2026-09-20T01:27:31.145050Z,7354.399626,7,1.5775000000000001,6.339144215531612,6.474358974358972,0.58,75.75757575757575,6.339144215531612,66.59385631109203,0,0,0,0,,False
SHIB,2026-09-19T23:27:48.128Z,2026-09-19T23:27:48.128575Z,2026-09-20T01:27:48.128575Z,7337.416101,7,5.465e-06,18.298261665141638,6.021897810218967,-0.725,82.1969696969697,18.298261665141638,60.46081458810758,20,10,8,2,0.9,False
STX,2026-09-19T23:27:53.609Z,2026-09-19T23:27:53.610061Z,2026-09-20T01:27:53.610061Z,7331.934615,7,0.31865,15.6911972383493,15.934065934065936,6.8,75.0,15.6911972383493,63.143161749785165,6,2,1,3,0.3333,False
SYRUP,2026-09-19T23:27:59.702Z,2026-09-19T23:27:59.702326Z,2026-09-20T01:27:59.702326Z,7325.84235,7,0.22444999999999998,4.455335263979361,3.8949275362318825,0.455,76.51515151515152,4.455335263979361,68.6316374018539,0,0,0,0,,False
TIA,2026-09-19T23:28:05.634Z,2026-09-19T23:28:05.634289Z,2026-09-20T01:28:05.634289Z,7319.910387,7,0.41900000000000004,9.546539379475213,4.937679769894537,3.012,71.5909090909091,9.546539379475213,65.53077089913216,2,2,0,0,1.0,False
TRX,2026-09-19T23:28:10.667Z,2026-09-19T23:28:10.667257Z,2026-09-20T01:28:10.667257Z,7314.877419,7,0.33975,2.9433406916847384,0.8240141259564359,0.354,81.81818181818181,2.9433406916847384,71.81639313226302,36,11,23,2,0.9444,False
VIRTUAL,2026-09-19T23:28:16.939Z,2026-09-19T23:28:16.939825Z,2026-09-20T01:28:16.939825Z,7308.604851,7,0.6691499999999999,19.42763207053677,4.0017918470957055,1.148,70.07575757575758,19.42763207053677,62.76430533727833,3,3,0,0,1.0,False
WLFI,2026-09-19T23:28:25.207Z,2026-09-19T23:28:25.207646Z,2026-09-20T01:28:25.207646Z,7300.33703,7,0.05815,17.1969045571802,2.9159519725557463,-1.186,70.83333333333333,17.1969045571802,63.829067309629785,2,2,0,0,1.0,False
XPL,2026-09-19T23:28:30.628Z,2026-09-19T23:28:30.628579Z,2026-09-20T01:28:30.628579Z,7294.916097,7,0.09222,10.843634786380706,7.528873392896056,-2.216,82.95454545454545,10.843634786380706,68.09613976552608,0,0,0,0,,False
ZEN,2026-09-19T23:28:45.498Z,2026-09-19T23:28:45.498560Z,2026-09-20T01:28:45.498560Z,7280.046116,7,7.737,18.094868812200264,13.13514929282347,-7.296,78.4090909090909,18.094868812200264,43.361169562804754,0,0,0,0,,False
ZRO,2026-09-19T23:28:51.326Z,2026-09-19T23:28:51.326447Z,2026-09-20T01:28:51.326447Z,7274.218229,7,1.1095000000000002,9.013068949978475,5.600722673893411,-1.337,76.13636363636364,9.013068949978475,54.23152766851717,0,0,0,0,,False
IOTA,2026-09-19T23:35:59.933Z,2026-09-19T23:35:59.933270Z,2026-09-20T01:35:59.933270Z,7445.448338,7,0.048600000000000004,41.15226337448534,8.15450643776825,4.719,59.84848484848485,41.15226337448534,68.35874968214635,1,0,1,0,1.0,False
LDO,2026-09-19T23:36:05.817Z,2026-09-19T23:36:05.817762Z,2026-09-20T01:36:05.817762Z,7439.563846,7,0.4173,9.585430146176755,7.733857107782968,2.828,64.01515151515152,9.585430146176755,59.109592598432265,0,0,0,0,,False
ORCA,2026-09-19T23:36:28.593Z,2026-09-19T23:36:28.593322Z,2026-09-20T01:36:28.593322Z,7416.788286,7,1.4435,20.78281953585115,3.7062937062937173,-2.456,58.71212121212121,20.78281953585115,57.71925546313658,1,1,0,0,1.0,False
ORDI,2026-09-19T23:36:35.729Z,2026-09-19T23:36:35.729595Z,2026-09-20T01:36:35.729595Z,7409.652013,7,4.5845,19.6313665612397,8.304272013949438,2.001,66.28787878787878,19.6313665612397,45.496694619237076,2,2,0,0,1.0,False
PAXG,2026-09-19T23:36:42.535Z,2026-09-19T23:36:42.535962Z,2026-09-20T01:36:42.535962Z,7402.845646,7,4365.175,0.022908589003231897,0.27539625442763693,-0.204,63.63636363636363,0.022908589003231897,51.2874828670116,0,0,0,0,,False
PYTH,2026-09-19T23:36:48.310Z,2026-09-19T23:36:48.311243Z,2026-09-20T01:36:48.311243Z,7397.070365,7,0.06151,6.503007641033713,4.7619047619047645,-0.793,55.303030303030305,6.503007641033713,49.08398470082253,1,1,0,0,1.0,False
RED,2026-09-19T23:37:00.847Z,2026-09-19T23:37:00.847909Z,2026-09-20T01:37:00.847909Z,7384.533699,7,0.14735,33.932813030200236,24.070317782285322,1.51,60.22727272727273,33.932813030200236,47.94124939104465,0,0,0,0,,False
RSR,2026-09-19T23:37:11.772Z,2026-09-19T23:37:11.772408Z,2026-09-20T01:37:11.772408Z,7373.6092,7,0.0016015,18.732438339056912,11.10433190970103,7.829,54.92424242424242,18.732438339056912,65.22033206229821,5,4,1,0,1.0,False
RUNE,2026-09-19T23:37:19.594Z,2026-09-19T23:37:19.595023Z,2026-09-20T01:37:19.595023Z,7365.786585,7,0.5515000000000001,18.132366273798745,2.930402930402933,0.924,61.74242424242424,18.132366273798745,71.74152396174885,0,0,0,0,,False
SKY,2026-09-19T23:37:30.567Z,2026-09-19T23:37:30.567922Z,2026-09-20T01:37:30.567922Z,7354.813686,7,0.06950500000000001,10.071217897993037,7.230836110708605,-1.414,57.95454545454545,10.071217897993037,62.39852098755161,0,0,0,0,,False
TRB,2026-09-19T23:37:51.438Z,2026-09-19T23:37:51.439142Z,2026-09-20T01:37:51.439142Z,7333.942466,7,18.375,16.326530612245516,7.621621621621623,-0.216,56.06060606060606,16.326530612245516,67.06896611947928,1,0,0,1,-1.0,False
TWT,2026-09-19T23:37:56.920Z,2026-09-19T23:37:56.920681Z,2026-09-20T01:37:56.920681Z,7328.460927,7,0.5688500000000001,12.305528698251452,7.528755663994426,5.015,69.31818181818181,12.305528698251452,77.4713319442804,15,14,1,0,1.0,False
ACH,2026-09-19T23:43:47.413Z,2026-09-19T23:43:47.413555Z,2026-09-20T01:43:47.413555Z,7578.03588,7,0.005965,16.764459346185404,8.31918505942275,0.341,51.13636363636363,16.764459346185404,67.37366902566527,0,0,0,0,,False
BB,2026-09-19T23:43:55.292Z,2026-09-19T23:43:55.292773Z,2026-09-20T01:43:55.292773Z,7570.156662,7,0.008674999999999999,34.5821325648421,6.736353077816501,-3.258,43.93939393939394,34.5821325648421,59.863994672654414,3,3,0,0,1.0,False
BERA,2026-09-19T23:44:02.636Z,2026-09-19T23:44:02.636315Z,2026-09-20T01:44:02.636315Z,7562.81312,7,0.2165,36.95150115473547,15.977705527171382,9.679,46.96969696969697,36.95150115473547,67.4482667585777,2,2,0,0,1.0,False
PEOPLE,2026-09-19T23:45:50.980Z,2026-09-19T23:45:50.980632Z,2026-09-20T01:45:50.980632Z,7454.468803,7,0.00893,22.39641657334735,7.74410774410776,-0.669,45.45454545454545,22.39641657334735,66.35708029114637,0,0,0,0,,False
PHA,2026-09-19T23:45:57.281Z,2026-09-19T23:45:57.281968Z,2026-09-20T01:45:57.281968Z,7448.167467,7,0.03555,28.12939521800362,14.730878186968829,6.647,47.34848484848485,28.12939521800362,58.16561420140612,0,0,0,0,,False
PLUME,2026-09-19T23:46:02.708Z,2026-09-19T23:46:02.709035Z,2026-09-20T01:46:02.709035Z,7442.7404,7,0.014225,21.089630931457844,5.752840909090909,-1.054,51.515151515151516,21.089630931457844,50.199404611623095,1,0,1,0,1.0,False
ROSE,2026-09-19T23:46:09.216Z,2026-09-19T23:46:09.216593Z,2026-09-20T01:46:09.216593Z,7436.232842,7,0.007634999999999999,13.097576948265175,10.714285714285714,0.532,48.10606060606061,13.097576948265175,59.78394356719215,2,0,2,0,1.0,False
SAHARA,2026-09-19T23:46:16.841Z,2026-09-19T23:46:16.841503Z,2026-09-20T01:46:16.841503Z,7428.607932,7,0.008945,11.179429849077241,9.866962305986698,-0.551,44.31818181818182,11.179429849077241,57.92152062026247,0,0,0,0,,False
SAND,2026-09-19T23:46:22.604Z,2026-09-19T23:46:22.604394Z,2026-09-20T01:46:22.604394Z,7422.845041,7,0.04041,14.84780994803206,7.6555023923445,2.477,46.21212121212121,14.84780994803206,71.3793957891955,2,0,2,0,0.0,False
SPK,2026-09-19T23:46:36.386Z,2026-09-19T23:46:36.387001Z,2026-09-20T01:46:36.387001Z,7409.062434,7,0.0209085,24.391993686779266,6.142144045638228,1.31,52.27272727272727,24.391993686779266,58.64086028682293,7,3,4,0,1.0,False
SSV,2026-09-19T23:46:44.934Z,2026-09-19T23:46:44.934474Z,2026-09-20T01:46:44.934474Z,7400.514961,7,3.138,31.86743148502163,13.655128612257863,2.808,41.28787878787879,31.86743148502163,63.17808464268657,0,0,0,0,,False
THE,2026-09-19T23:46:52.158Z,2026-09-19T23:46:52.158541Z,2026-09-20T01:46:52.158541Z,7393.290894,7,0.07785,12.845215157354254,11.096605744125336,6.389,51.89393939393939,12.845215157354254,68.11710784915707,0,0,0,0,,False
THETA,2026-09-19T23:47:00.014Z,2026-09-19T23:47:00.014616Z,2026-09-20T01:47:00.014616Z,7385.434819,7,0.21855000000000002,13.726835964309982,8.477666362807646,4.426,54.166666666666664,13.726835964309982,60.31697898211701,0,0,0,0,,False
TREE,2026-09-19T23:47:07.239Z,2026-09-19T23:47:07.239992Z,2026-09-20T01:47:07.239992Z,7378.209443,7,0.04405,22.701475595914385,11.856823266219237,4.439,53.03030303030303,22.701475595914385,67.70803941103964,1,1,0,0,1.0,False
ZKC,2026-09-19T23:47:35.329Z,2026-09-19T23:47:35.330090Z,2026-09-20T01:47:35.330090Z,7350.119345,7,0.04025,24.84472049689512,4.738154613466332,0.25,45.07575757575758,24.84472049689512,58.097599578022624,0,0,0,0,,False
BABY,2026-09-19T23:53:39.126Z,2026-09-19T23:53:39.126380Z,2026-09-20T01:53:39.126380Z,7586.922786,7,0.011665,25.717959708528742,4.28816466552316,-0.171,32.57575757575758,25.717959708528742,64.27887073707363,1,1,0,0,1.0,False
CETUS,2026-09-19T23:54:00.611Z,2026-09-19T23:54:00.611685Z,2026-09-20T01:54:00.611685Z,7565.437481,7,0.02419,24.803637866886135,11.637572734829593,9.314,31.818181818181817,24.803637866886135,69.1774810223586,1,0,0,1,1.0,False
COW,2026-09-19T23:54:15.090Z,2026-09-19T23:54:15.091060Z,2026-09-20T01:54:15.091060Z,7550.958106,7,0.15885,31.476235442241137,8.75079264426126,8.162,26.136363636363637,31.476235442241137,76.2610292364982,0,0,0,0,,False
DYM,2026-09-19T23:54:22.328Z,2026-09-19T23:54:22.329154Z,2026-09-20T01:54:22.329154Z,7543.720012,7,0.017515,74.22209534684453,7.491082045184308,3.317,28.78787878787879,74.22209534684453,38.109414332461505,2,0,1,1,0.0,False
EDEN,2026-09-19T23:54:29.561Z,2026-09-19T23:54:29.561816Z,2026-09-20T01:54:29.561816Z,7536.48735,7,0.052555000000000004,9.513842641042988,5.872193436960277,-2.049,32.196969696969695,9.513842641042988,62.77648655084859,0,0,0,0,,False
MIRA,2026-09-19T23:55:35.885Z,2026-09-19T23:55:35.885200Z,2026-09-20T01:55:35.885200Z,7470.163966,7,0.049335000000000004,18.24262693827907,5.0658561296859075,2.237,38.25757575757576,18.24262693827907,65.02045537109551,1,1,0,0,1.0,False
PARTI,2026-09-19T23:55:47.589Z,2026-09-19T23:55:47.589450Z,2026-09-20T01:55:47.589450Z,7458.459716,7,0.024849999999999997,40.24144869215268,6.530612244897947,1.66,39.39393939393939,40.24144869215268,57.838860800118866,0,0,0,0,,False
PROVE,2026-09-19T23:56:01.237Z,2026-09-19T23:56:01.237307Z,2026-09-20T01:56:01.237307Z,7444.811859,7,0.22344999999999998,13.425822331617576,6.706204379562039,3.494,25.757575757575758,13.425822331617576,64.75702978802279,0,0,0,0,,False
SIGN,2026-09-19T23:56:16.076Z,2026-09-19T23:56:16.076677Z,2026-09-20T01:56:16.076677Z,7429.972489,7,0.011705,25.63007261853804,5.84642233856894,-2.385,25.37878787878788,25.63007261853804,34.36486955374697,0,0,0,0,,False
SNX,2026-09-19T23:56:21.287Z,2026-09-19T23:56:21.288161Z,2026-09-20T01:56:21.288161Z,7424.761005,7,0.2309,8.661758336942647,4.072598494909245,0.0,31.060606060606062,8.661758336942647,54.01788405719615,0,0,0,0,,False
TURBO,2026-09-19T23:56:35.513Z,2026-09-19T23:56:35.513702Z,2026-09-20T01:56:35.513702Z,7410.535464,7,0.000978,40.89979550102239,10.920121334681488,-1.396,29.924242424242426,40.89979550102239,57.73902641947544,1,1,0,0,1.0,False
USDE,2026-09-19T23:56:40.931Z,2026-09-19T23:56:40.931434Z,2026-09-20T01:56:40.931434Z,7405.117732,7,0.99995,1.000050002500015,0.0300030003000267,-0.01,37.5,1.000050002500015,43.518831285666955,3,1,1,1,0.3333,False
USUAL,2026-09-19T23:56:48.984Z,2026-09-19T23:56:48.984851Z,2026-09-20T01:56:48.984851Z,7397.064315,7,0.013085,7.642338555597702,11.094108645753634,7.927,37.878787878787875,7.642338555597702,72.83723115379021,0,0,0,0,,False
WAL,2026-09-19T23:56:55.382Z,2026-09-19T23:56:55.382600Z,2026-09-20T01:56:55.382600Z,7390.666566,7,0.03265,30.627871362941153,8.20668693009119,7.516,30.303030303030305,30.627871362941153,76.86146814948432,0,0,0,0,,False
XVG,2026-09-19T23:57:02.622Z,2026-09-19T23:57:02.622559Z,2026-09-20T01:57:02.622559Z,7383.426607,7,0.0031305,28.74940105414575,4.826254826254825,-3.178,30.681818181818183,28.74940105414575,41.72717179309361,2,1,1,0,1.0,False
CKB,2026-09-20T00:02:30.249Z,2026-09-20T00:02:30.249845Z,2026-09-20T02:02:30.249845Z,7656.450957,7,0.0012515,7.990411506193629,6.849315068493151,1.638,29.924242424242426,7.990411506193629,63.351923109006414,0,0,0,0,,False
1INCH,2026-09-20T00:03:11.099Z,2026-09-20T00:03:11.099418Z,2026-09-20T02:03:11.099418Z,7615.601384,7,0.09784999999999999,30.659172202351417,3.861788617886191,1.443,16.666666666666668,30.659172202351417,59.79359557609426,0,0,0,0,,False
2Z,2026-09-20T00:03:16.953Z,2026-09-20T00:03:16.953424Z,2026-09-20T02:03:16.953424Z,7609.747378,7,0.05067,19.735543714229895,4.04794655138534,2.912,18.560606060606062,19.735543714229895,64.54230221766798,0,0,0,0,,False
API3,2026-09-20T00:03:31.599Z,2026-09-20T00:03:31.600158Z,2026-09-20T02:03:31.600158Z,7595.100644,7,0.2534,47.35595895816807,5.056840454723636,3.531,14.393939393939394,47.35595895816807,63.365269771529995,0,0,0,0,,False
ARKM,2026-09-20T00:03:38.814Z,2026-09-20T00:03:38.814439Z,2026-09-20T02:03:38.814439Z,7587.886363,7,0.11424999999999999,26.258205689278654,5.146406388642413,2.269,15.909090909090908,26.258205689278654,62.621557887984885,0,0,0,0,,False
BANANA,2026-09-20T00:03:51.774Z,2026-09-20T00:03:51.775030Z,2026-09-20T02:03:51.775030Z,7574.925772,7,4.0794999999999995,36.769211913223884,2.045397854826636,-1.547,13.257575757575758,36.769211913223884,39.63040300339178,1,0,1,0,-1.0,False
BLUR,2026-09-20T00:04:04.851Z,2026-09-20T00:04:04.851178Z,2026-09-20T02:04:04.851178Z,7561.849624,7,0.019145000000000002,26.116479498562526,6.443163960188572,3.75,13.636363636363637,26.116479498562526,70.99166281358889,0,0,0,0,,False
BMT,2026-09-20T00:04:09.980Z,2026-09-20T00:04:09.980661Z,2026-09-20T02:04:09.980661Z,7556.720141,7,0.019975,15.018773466834666,5.334675390035239,3.544,17.045454545454547,15.018773466834666,68.02532996995056,1,1,0,0,1.0,False
DOGS,2026-09-20T00:04:15.123Z,2026-09-20T00:04:15.123474Z,2026-09-20T02:04:15.123474Z,7551.577328,7,4.7985e-05,6.251953735541943,4.251308900523559,-1.241,22.348484848484848,6.251953735541943,53.14306758010922,0,0,0,0,,False
KERNEL,2026-09-20T00:04:53.264Z,2026-09-20T00:04:53.264535Z,2026-09-20T02:04:53.264535Z,7513.436267,7,0.043,46.511627906976464,3.703703703703713,2.128,23.863636363636363,46.511627906976464,65.0828130825712,0,0,0,0,,False
PIXEL,2026-09-20T00:05:46.246Z,2026-09-20T00:05:46.246445Z,2026-09-20T02:05:46.246445Z,7460.454357,7,0.0052899999999999996,37.80718336483942,3.036053130929799,0.958,10.227272727272727,37.80718336483942,66.83240360537467,3,1,2,0,0.3333,False
RARE,2026-09-20T00:05:51.283Z,2026-09-20T00:05:51.283383Z,2026-09-20T02:05:51.283383Z,7455.417419,7,0.01277,15.661707126076104,3.0516431924882608,0.789,14.772727272727273,15.661707126076104,68.47367035146935,1,0,1,0,1.0,False
RESOLV,2026-09-20T00:05:57.429Z,2026-09-20T00:05:57.429488Z,2026-09-20T02:05:57.429488Z,7449.271314,7,0.01762,11.350737797956405,4.206935758953957,-0.114,20.075757575757574,11.350737797956405,62.94717138781063,0,0,0,0,,False
STO,2026-09-20T00:06:04.771Z,2026-09-20T00:06:04.771814Z,2026-09-20T02:06:04.771814Z,7441.928988,7,0.04075,24.5398773006142,3.422982885085571,0.491,21.21212121212121,24.5398773006142,65.06234896932718,0,0,0,0,,False
TOWNS,2026-09-20T00:06:17.096Z,2026-09-20T00:06:17.096161Z,2026-09-20T02:06:17.096161Z,7429.604641,7,0.0020749999999999996,48.19277108433749,2.9268292682926904,0.985,12.5,48.19277108433749,68.28863489687639,0,0,0,0,,False
YGG,2026-09-20T00:06:24.698Z,2026-09-20T00:06:24.699106Z,2026-09-20T02:06:24.699106Z,7422.001696,7,0.025765,58.218513487287936,7.692307692307685,6.079,11.742424242424242,58.218513487287936,66.16831384469289,0,0,0,0,,False
1MBABYDOGE,2026-09-20T00:12:09.895Z,2026-09-20T00:12:09.895318Z,2026-09-20T02:12:09.895318Z,7675.723722,7,0.0003948,15.19756838905812,2.85137522079233,0.942,5.303030303030303,15.19756838905812,65.56452053478161,1,1,0,0,1.0,False
AIXBT,2026-09-20T00:12:22.194Z,2026-09-20T00:12:22.194459Z,2026-09-20T02:12:22.194459Z,7663.424581,7,0.021255,23.523876734886585,3.682448589191773,0.192,3.787878787878788,23.523876734886585,42.44820253848984,3,2,1,0,0.3333,False
AT,2026-09-20T00:12:28.903Z,2026-09-20T00:12:28.903944Z,2026-09-20T02:12:28.903944Z,7656.715096,7,0.14529999999999998,27.52924982794107,5.037440435670517,-2.262,3.409090909090909,27.52924982794107,41.30379225054653,0,0,0,0,,False
BNB,2026-09-20T00:12:41.958Z,2026-09-20T00:12:41.959166Z,2026-09-20T02:12:41.959166Z,7643.659874,7,762.255,0.13118969373754066,2.218575648178533,0.137,95.83333333333333,0.13118969373754066,53.96294789224364,2,2,0,0,1.0,False
BTC,2026-09-20T00:12:47.210Z,2026-09-20T00:12:47.210443Z,2026-09-20T02:12:47.210443Z,7638.408597,7,81061.735,0.001233627680102483,1.3619180631198864,0.46,100.0,0.001233627680102483,55.546392320880564,47,18,19,10,0.4468,False
CGPT,2026-09-20T00:12:54.619Z,2026-09-20T00:12:54.619603Z,2026-09-20T02:12:54.619603Z,7630.999437,7,0.020720000000000002,38.61003861003871,4.122211445198837,2.485,6.0606060606060606,38.61003861003871,62.2462593106096,0,0,0,0,,False
ETH,2026-09-20T00:13:07.593Z,2026-09-20T00:13:07.593941Z,2026-09-20T02:13:07.593941Z,7618.025099,7,2619.585,0.038173985574884106,2.496044063051545,0.736,99.62121212121212,0.038173985574884106,49.288890563235775,43,19,16,8,0.5349,False
EUR,2026-09-20T00:13:10.744Z,2026-09-20T00:13:10.745089Z,2026-09-20T02:13:10.745089Z,7614.873951,7,1.14995,0.8696030262184354,0.18257694314032263,0.0,97.72727272727273,0.8696030262184354,61.79373978925032,0,0,0,0,,False
GMT,2026-09-20T00:13:21.130Z,2026-09-20T00:13:21.130409Z,2026-09-20T02:13:21.130409Z,7604.488631,7,0.007905,12.650221378873615,3.566878980891707,2.48,6.4393939393939394,12.650221378873615,73.18163912042704,1,0,1,0,1.0,False
HAEDAL,2026-09-20T00:13:28.101Z,2026-09-20T00:13:28.101894Z,2026-09-20T02:13:28.101894Z,7597.517146,7,0.020115,64.6283867760386,2.897102897102883,0.958,4.166666666666667,64.6283867760386,51.33610072756909,0,0,0,0,,False
HUMA,2026-09-20T00:13:40.331Z,2026-09-20T00:13:40.332034Z,2026-09-20T02:13:40.332034Z,7585.287006,7,0.024385,45.1096985851954,6.796906796906802,-3.571,2.6515151515151514,45.1096985851954,54.59195530451243,2,2,0,0,1.0,False
INJ,2026-09-20T00:13:45.404Z,2026-09-20T00:13:45.404534Z,2026-09-20T02:13:45.404534Z,7580.214506,7,8.065000000000001,9.919404835710965,21.335689938139137,18.56,94.6969696969697,9.919404835710965,75.80234656348098,21,14,5,2,0.8095,False
LISTA,2026-09-20T00:13:56.111Z,2026-09-20T00:13:56.111501Z,2026-09-20T02:13:56.111501Z,7569.507539,7,0.0812,24.63054187192018,4.064039408866992,0.495,1.1363636363636365,24.63054187192018,53.82324808261542,0,0,0,0,,False
NEAR,2026-09-20T00:14:00.775Z,2026-09-20T00:14:00.775412Z,2026-09-20T02:14:00.775412Z,7564.843628,7,3.576,5.592841163310346,14.079020589872016,-4.313,97.34848484848484,5.592841163310346,65.22564500623227,27,15,10,2,0.6296,False
NEWT,2026-09-20T00:14:06.076Z,2026-09-20T00:14:06.076681Z,2026-09-20T02:14:06.076681Z,7559.542359,7,0.04569,21.886627270738206,2.727672679278482,1.883,7.954545454545454,21.886627270738206,68.55898164014035,0,0,0,0,,False
ADA,2026-09-20T00:21:01.854Z,2026-09-20T00:21:01.854960Z,2026-09-20T02:21:01.854960Z,7743.640871,7,0.22644999999999998,4.41598586884596,6.318560772268538,1.154,93.56060606060606,4.41598586884596,55.166375508064675,29,9,18,2,0.4483,False
FDUSD,2026-09-20T00:21:33.286Z,2026-09-20T00:21:33.286500Z,2026-09-20T02:21:33.286500Z,7712.209331,7,0.99895,1.0010511036587315,0.12012012012011801,-0.07,93.93939393939394,1.0010511036587315,61.58237963916388,0,0,0,0,,False
JUP,2026-09-20T00:21:46.487Z,2026-09-20T00:21:46.487626Z,2026-09-20T02:21:46.487626Z,7699.008205,7,0.27990000000000004,7.14540907467072,8.164714235001783,6.022,87.12121212121212,7.14540907467072,64.17562994834587,4,2,1,1,1.0,False
LTC,2026-09-20T00:21:51.079Z,2026-09-20T00:21:51.079695Z,2026-09-20T02:21:51.079695Z,7694.416136,7,57.845,1.7287578874575176,4.225352112676058,-0.017,91.28787878787878,1.7287578874575176,61.68168642957831,11,6,4,1,0.4545,False
ONDO,2026-09-20T00:21:55.663Z,2026-09-20T00:21:55.663663Z,2026-09-20T02:21:55.663663Z,7689.832168,7,0.41265,2.4233612019868893,11.826169555924961,5.196,89.77272727272727,2.4233612019868893,53.10824303295882,1,0,1,0,-1.0,False
OP,2026-09-20T00:22:00.730Z,2026-09-20T00:22:00.731193Z,2026-09-20T02:22:00.731193Z,7684.764638,7,0.12275,8.146639511201863,10.982658959537577,-0.329,85.22727272727273,8.146639511201863,51.02048960879816,2,2,0,0,1.0,False
PENGU,2026-09-20T00:22:05.367Z,2026-09-20T00:22:05.368014Z,2026-09-20T02:22:05.368014Z,7680.127817,7,0.007918499999999998,6.314327208435685,7.959697732997478,-0.013,90.53030303030303,6.314327208435685,51.43972304475199,10,9,1,0,0.8,False
PEPE,2026-09-20T00:22:10.387Z,2026-09-20T00:22:10.387533Z,2026-09-20T02:22:10.387533Z,7675.108298,7,4.015e-06,24.906600249065768,14.841849148418495,7.592,92.42424242424242,24.906600249065768,67.90627088071429,20,19,1,0,0.7,False
PUMP,2026-09-20T00:22:14.976Z,2026-09-20T00:22:14.976168Z,2026-09-20T02:22:14.976168Z,7670.519663,7,0.0041075,2.4345709068758743,6.478873239436604,0.59,88.25757575757575,2.4345709068758743,61.88842199880582,22,20,1,1,0.7273,False
STRK,2026-09-20T00:22:19.479Z,2026-09-20T00:22:19.479590Z,2026-09-20T02:22:19.479590Z,7666.016241,7,0.04431,4.5136538027531445,22.999327505043727,0.112,89.39393939393939,4.5136538027531445,68.93952965884479,7,4,1,2,0.7143,False
SYN,2026-09-20T00:22:24.388Z,2026-09-20T00:22:24.389077Z,2026-09-20T02:22:24.389077Z,7661.106754,7,0.24979,20.817486688818313,34.27661510464059,-0.408,88.63636363636364,20.817486688818313,58.96423429987305,2,1,0,1,1.0,False
TAO,2026-09-20T00:22:29.078Z,2026-09-20T00:22:29.079147Z,2026-09-20T02:22:29.079147Z,7656.416684,7,261.75,11.461318051574194,9.304084720121038,5.213,93.18181818181819,11.461318051574194,64.92920874195006,26,16,10,0,0.6154,False
TRUMP,2026-09-20T00:22:34.230Z,2026-09-20T00:22:34.230479Z,2026-09-20T02:22:34.230479Z,7651.265352,7,2.0865,4.7927150730905055,8.527870414483099,0.817,86.36363636363636,4.7927150730905055,55.64282919205088,2,1,1,0,1.0,False
WLD,2026-09-20T00:22:38.708Z,2026-09-20T00:22:38.708475Z,2026-09-20T02:22:38.708475Z,7646.787356,7,0.4329,4.620004620004111,6.215213358070498,1.459,87.87878787878788,4.620004620004111,58.19603420618121,2,1,1,0,1.0,False
XLM,2026-09-20T00:22:43.372Z,2026-09-20T00:22:43.372349Z,2026-09-20T02:22:43.372349Z,7642.123482,7,0.19369999999999998,10.32524522457438,6.789178152118431,1.345,90.15151515151516,10.32524522457438,54.83450805403994,4,3,1,0,1.0,False
0G,2026-09-20T00:28:15.479Z,2026-09-20T00:28:15.479697Z,2026-09-20T02:28:15.479697Z,7310.016134,7,0.2252,17.76198934280567,12.439347154830173,4.518,70.07575757575758,17.76198934280567,57.48833379909457,0,0,0,0,,False
ALGO,2026-09-20T00:28:20.000Z,2026-09-20T00:28:20.000209Z,2026-09-20T02:28:20.000209Z,7305.495622,7,0.1069,18.709073900841148,9.837631327602663,6.619,79.54545454545455,18.709073900841148,68.10240415801914,9,4,5,0,0.3333,False
ALLO,2026-09-20T00:28:24.991Z,2026-09-20T00:28:24.991807Z,2026-09-20T02:28:24.991807Z,7300.504024,7,0.248,8.06451612903137,14.335060449050077,3.117,71.5909090909091,8.06451612903137,65.7668990242383,0,0,0,0,,False
ASTER,2026-09-20T00:28:29.674Z,2026-09-20T00:28:29.674162Z,2026-09-20T02:28:29.674162Z,7295.821669,7,0.7565,13.218770654329159,5.104712041884821,-0.65,84.0909090909091,13.218770654329159,55.29911557888929,0,0,0,0,,False
BONK,2026-09-20T00:28:38.569Z,2026-09-20T00:28:38.570055Z,2026-09-20T02:28:38.570055Z,7286.925776,7,3.025e-06,33.057851239669105,5.921052631578946,-0.654,73.48484848484848,33.057851239669105,66.28702472224066,6,5,1,0,1.0,False
CAKE,2026-09-20T00:28:43.421Z,2026-09-20T00:28:43.421736Z,2026-09-20T02:28:43.421736Z,7282.074095,7,2.396,8.347245409014105,7.047539616346957,-0.663,70.45454545454545,8.347245409014105,44.99147370300717,1,0,0,1,-1.0,False
COTI,2026-09-20T00:28:50.584Z,2026-09-20T00:28:50.584298Z,2026-09-20T02:28:50.584298Z,7274.911533,7,0.018834999999999998,26.54632333421713,15.31298499741335,-9.249,75.0,26.54632333421713,40.804481185756806,0,0,0,0,,False
DASH,2026-09-20T00:29:01.988Z,2026-09-20T00:29:01.988578Z,2026-09-20T02:29:01.988578Z,7263.507253,7,57.995000000000005,12.070006035003065,11.281526925698712,-8.341,78.4090909090909,12.070006035003065,62.66891574327557,7,1,6,0,1.0,False
EPIC,2026-09-20T00:29:12.732Z,2026-09-20T00:29:12.733128Z,2026-09-20T02:29:12.733128Z,7252.762703,7,0.46215,28.129395218002117,29.321851453175462,9.243,73.10606060606061,28.129395218002117,75.33769886636759,3,3,0,0,1.0,False
HBAR,2026-09-20T00:29:32.155Z,2026-09-20T00:29:32.156167Z,2026-09-20T02:29:32.156167Z,7233.339664,7,0.08129,2.460327223519774,5.252178181371955,2.71,84.84848484848484,2.460327223519774,61.98287020028517,7,6,1,0,0.7143,False
ICP,2026-09-20T00:29:37.414Z,2026-09-20T00:29:37.414533Z,2026-09-20T02:29:37.414533Z,7228.081298,7,2.8315,3.5316969803986926,5.520614954577232,-0.279,81.06060606060606,3.5316969803986926,53.0166661513646,2,0,1,1,0.0,False
JTO,2026-09-20T00:29:42.485Z,2026-09-20T00:29:42.486132Z,2026-09-20T02:29:42.486132Z,7223.009699,7,0.4941,8.095527221210514,11.958549222797922,4.891,84.46969696969697,8.095527221210514,71.99369042618957,7,4,1,2,0.7143,False
MET,2026-09-20T00:29:53.466Z,2026-09-20T00:29:53.466599Z,2026-09-20T02:29:53.466599Z,7212.029232,7,0.25425,11.799410029499409,10.585498255137646,-0.998,76.89393939393939,11.799410029499409,55.01805885553125,20,14,0,6,0.45,False
MORPHO,2026-09-20T00:29:59.554Z,2026-09-20T00:29:59.554678Z,2026-09-20T02:29:59.554678Z,7205.941153,7,2.6384999999999996,3.790032215273413,12.456613960663322,3.803,76.13636363636364,3.790032215273413,67.28861280365865,1,0,1,0,1.0,False
RAY,2026-09-20T00:30:12.806Z,2026-09-20T00:30:12.806491Z,2026-09-20T02:30:12.806491Z,7792.058456,7,1.6803,10.712372790573255,14.740290126345343,-2.074,78.78787878787878,10.712372790573255,60.54976104217292,17,10,6,1,0.7059,False
SAGA,2026-09-20T00:30:22.027Z,2026-09-20T00:30:22.027713Z,2026-09-20T02:30:22.027713Z,7782.837234,7,0.026165,11.465698452130242,18.163672654690615,-0.239,74.24242424242425,11.465698452130242,59.51375338502688,3,1,2,0,0.6667,False
SEI,2026-09-20T00:30:26.987Z,2026-09-20T00:30:26.988291Z,2026-09-20T02:30:26.988291Z,7777.876656,7,0.048945,6.129328838491227,6.5831987075928895,2.739,72.34848484848484,6.129328838491227,56.32364317160031,1,1,0,0,1.0,False
XTZ,2026-09-20T00:31:05.357Z,2026-09-20T00:31:05.358222Z,2026-09-20T02:31:05.358222Z,7739.506725,7,0.3494,22.896393817974328,29.771615008156616,24.383,80.68181818181819,22.896393817974328,72.0066060068839,6,4,2,0,0.6667,False
APE,2026-09-20T00:36:55.395Z,2026-09-20T00:36:55.395318Z,2026-09-20T02:36:55.395318Z,7389.469629,7,0.1392,14.367816091954435,4.674220963172801,1.802,63.25757575757576,14.367816091954435,72.47855617157462,3,2,0,1,0.3333,False
ATOM,2026-09-20T00:37:00.221Z,2026-09-20T00:37:00.221610Z,2026-09-20T02:37:00.221610Z,7384.643337,7,1.7155,17.48761294083424,6.185567010309284,1.335,67.04545454545455,17.48761294083424,70.2673982133477,3,3,0,0,1.0,False
C,2026-09-20T00:37:08.901Z,2026-09-20T00:37:08.901497Z,2026-09-20T02:37:08.901497Z,7375.96345,7,0.07465,13.39584728734131,17.75956284153005,4.125,68.18181818181819,13.39584728734131,76.3266226978808,0,0,0,0,,False
CFX,2026-09-20T00:37:19.659Z,2026-09-20T00:37:19.660125Z,2026-09-20T02:37:19.660125Z,7365.204822,7,0.05075,3.9408866995072285,6.820421841119649,2.34,56.81818181818182,3.9408866995072285,68.29840822680929,0,0,0,0,,False
EGLD,2026-09-20T00:37:40.027Z,2026-09-20T00:37:40.027230Z,2026-09-20T02:37:40.027230Z,7344.837717,7,3.7640000000000002,53.13496280552608,9.117032392894457,-7.222,67.42424242424242,53.13496280552608,52.27551395244299,7,2,3,2,0.1429,False
EIGEN,2026-09-20T00:37:44.912Z,2026-09-20T00:37:44.912234Z,2026-09-20T02:37:44.912234Z,7339.952713,7,0.23320000000000002,8.576329331046557,7.447266465777017,0.129,68.93939393939394,8.576329331046557,57.07924308009132,0,0,0,0,,False
GALA,2026-09-20T00:37:53.166Z,2026-09-20T00:37:53.167535Z,2026-09-20T02:37:53.167535Z,7331.697412,7,0.0019015,5.259006047857653,5.328504914640445,-0.309,64.77272727272727,5.259006047857653,55.26873818438263,0,0,0,0,,False
HEMI,2026-09-20T00:38:11.154Z,2026-09-20T00:38:11.155119Z,2026-09-20T02:38:11.155119Z,7313.709828,7,0.0066099999999999996,30.257186081694485,7.044410413476268,-4.392,61.36363636363637,30.257186081694485,57.89406773107766,1,0,1,0,1.0,False
HOME,2026-09-20T00:38:16.146Z,2026-09-20T00:38:16.146261Z,2026-09-20T02:38:16.146261Z,7308.718686,7,0.00664,30.120481927710923,13.513513513513509,10.265,60.984848484848484,30.120481927710923,62.518302357155065,2,1,1,0,1.0,False
NEO,2026-09-20T00:38:36.038Z,2026-09-20T00:38:36.038512Z,2026-09-20T02:38:36.038512Z,7288.826435,7,2.392,8.361204013377005,6.402313093762918,3.639,56.06060606060606,8.361204013377005,65.00413574512218,2,1,1,0,1.0,False
SOLV,2026-09-20T00:39:46.127Z,2026-09-20T00:39:46.127741Z,2026-09-20T02:39:46.127741Z,7218.737206,7,0.00464,43.10344827586218,17.857142857142847,13.995,58.71212121212121,43.10344827586218,68.28513571632809,1,1,0,0,-1.0,False
SOMI,2026-09-20T00:39:52.929Z,2026-09-20T00:39:52.929488Z,2026-09-20T02:39:52.929488Z,7211.935459,7,0.2002,19.98001998001917,8.02955665024631,3.36,57.196969696969695,19.98001998001917,63.31336690606011,1,0,0,1,-1.0,False
SOPH,2026-09-20T00:39:58.421Z,2026-09-20T00:39:58.421778Z,2026-09-20T02:39:58.421778Z,7206.443169,7,0.004399999999999999,45.45454545454558,4.895104895104898,3.874,61.74242424242424,45.45454545454558,69.00777976517287,0,0,0,0,,False
VET,2026-09-20T00:40:15.391Z,2026-09-20T00:40:15.391987Z,2026-09-20T02:40:15.391987Z,7789.817659,7,0.0085045,27.04450584984269,12.579473206176209,12.004,69.31818181818181,27.04450584984269,77.26014758094028,2,2,0,0,1.0,False
WIF,2026-09-20T00:40:20.209Z,2026-09-20T00:40:20.209227Z,2026-09-20T02:40:20.209227Z,7785.000419,7,0.20395000000000002,14.709487619514327,7.240889730241368,-1.584,67.8030303030303,14.709487619514327,60.27694685115301,7,4,2,1,0.7143,False
ENS,2026-09-20T00:46:15.726Z,2026-09-20T00:46:15.727015Z,2026-09-20T02:46:15.727015Z,7429.482631,7,6.324999999999999,47.43083003952609,5.172413793103449,2.08,49.24242424242424,47.43083003952609,58.4151883853167,0,0,0,0,,False
ERA,2026-09-20T00:46:21.211Z,2026-09-20T00:46:21.211600Z,2026-09-20T02:46:21.211600Z,7423.998046,7,0.06235,16.038492381715464,4.724409448818902,3.084,43.56060606060606,16.038492381715464,71.48889475201395,0,0,0,0,,False
EUL,2026-09-20T00:46:26.963Z,2026-09-20T00:46:26.963679Z,2026-09-20T02:46:26.963679Z,7418.245967,7,1.4,28.571428571428598,8.88272033310202,5.182,44.696969696969695,28.571428571428598,74.5993792749228,0,0,0,0,,False
GRT,2026-09-20T00:46:33.463Z,2026-09-20T00:46:33.463481Z,2026-09-20T02:46:33.463481Z,7411.746165,7,0.020405,34.30531732418555,4.609412906356136,-0.242,41.28787878787879,34.30531732418555,66.81614451512293,0,0,0,0,,False
IMX,2026-09-20T00:46:39.154Z,2026-09-20T00:46:39.154440Z,2026-09-20T02:46:39.154440Z,7406.055206,7,0.13735,21.842009464872405,10.301331464611065,8.682,50.0,21.842009464872405,62.54432742578845,4,1,1,2,1.0,False
KAITO,2026-09-20T00:46:45.077Z,2026-09-20T00:46:45.077489Z,2026-09-20T02:46:45.077489Z,7400.132157,7,0.34404999999999997,20.345879959307617,5.9212417361310745,4.068,40.53030303030303,20.345879959307617,62.14920009512907,1,1,0,0,1.0,False
MINA,2026-09-20T00:47:04.888Z,2026-09-20T00:47:04.888846Z,2026-09-20T02:47:04.888846Z,7380.3208,7,0.10414999999999999,28.804608737398812,15.304182509505706,-1.957,44.31818181818182,28.804608737398812,56.28790244650801,2,2,0,0,1.0,False
MUBARAK,2026-09-20T00:47:17.276Z,2026-09-20T00:47:17.276677Z,2026-09-20T02:47:17.276677Z,7367.932969,7,0.032285,21.681895617159864,4.532753803166727,-0.953,46.96969696969697,21.681895617159864,52.054851451258756,0,0,0,0,,False
NEIRO,2026-09-20T00:47:24.971Z,2026-09-20T00:47:24.972130Z,2026-09-20T02:47:24.972130Z,7360.237516,7,9.0805e-05,16.518914156709833,8.396377197655832,1.624,41.666666666666664,16.518914156709833,68.80694350274766,1,1,0,0,1.0,False
ONT,2026-09-20T00:47:35.847Z,2026-09-20T00:47:35.847634Z,2026-09-20T02:47:35.847634Z,7349.362012,7,0.05469,14.627902724447553,3.6859565057132357,1.706,46.59090909090909,14.627902724447553,73.78915821743406,0,0,0,0,,False
TST,2026-09-20T00:48:44.668Z,2026-09-20T00:48:44.669571Z,2026-09-20T02:48:44.669571Z,7280.540075,7,0.015295,32.69042170643982,7.1382636655948435,-4.484,42.803030303030305,32.69042170643982,60.22376299621583,1,1,0,0,1.0,False
W,2026-09-20T00:49:00.418Z,2026-09-20T00:49:00.418867Z,2026-09-20T02:49:00.418867Z,7264.790779,7,0.01098,18.21493624772239,6.69683257918553,0.0,53.40909090909091,18.21493624772239,66.37812189571302,0,0,0,0,,False
ZK,2026-09-20T00:49:12.273Z,2026-09-20T00:49:12.273859Z,2026-09-20T02:49:12.273859Z,7252.935787,7,0.01159,17.25625539257911,6.713780918727917,0.533,52.65151515151515,17.25625539257911,61.52564930741157,2,1,0,1,1.0,False
COMP,2026-09-20T00:56:05.107Z,2026-09-20T00:56:05.108046Z,2026-09-20T02:56:05.108046Z,7442.6106,7,21.08,18.97533206831248,5.122180451127819,0.377,26.893939393939394,18.97533206831248,59.905767670910684,3,2,1,0,0.6667,False
ENSO,2026-09-20T00:56:35.991Z,2026-09-20T00:56:35.992204Z,2026-09-20T02:56:35.992204Z,7411.726442,7,0.935,21.39037433155082,3.444676409185807,-1.237,35.22727272727273,21.39037433155082,64.95013310477702,0,0,0,0,,False
ETC,2026-09-20T00:56:41.286Z,2026-09-20T00:56:41.287036Z,2026-09-20T02:56:41.287036Z,7406.43161,7,8.26,24.213075060532173,5.3488372093023155,5.392,32.95454545454545,24.213075060532173,62.10549181465535,2,1,1,0,1.0,False
FF,2026-09-20T00:56:47.260Z,2026-09-20T00:56:47.260335Z,2026-09-20T02:56:47.260335Z,7400.458311,7,0.126705,43.40791602541515,2.7086788280818044,-0.118,36.74242424242424,43.40791602541515,53.87727732119813,1,0,0,1,-1.0,False
FORM,2026-09-20T00:56:54.118Z,2026-09-20T00:56:54.118720Z,2026-09-20T02:56:54.118720Z,7393.599926,7,0.25405,35.42609722495619,6.22154779969652,-1.458,25.757575757575758,35.42609722495619,34.57048678044487,0,0,0,0,,False
GIGGLE,2026-09-20T00:57:01.312Z,2026-09-20T00:57:01.312940Z,2026-09-20T02:57:01.312940Z,7386.405706,7,35.495000000000005,14.08649105507938,3.7637362637362566,-1.754,38.25757575757576,14.08649105507938,63.62952566944254,0,0,0,0,,False
HYPER,2026-09-20T00:57:12.680Z,2026-09-20T00:57:12.680496Z,2026-09-20T02:57:12.680496Z,7375.03815,7,0.07100000000000001,28.16901408450589,3.9780521262002737,1.532,30.681818181818183,28.16901408450589,69.82938088666658,0,0,0,0,,False
KMNO,2026-09-20T00:57:18.388Z,2026-09-20T00:57:18.388241Z,2026-09-20T02:57:18.388241Z,7369.330405,7,0.02787,21.52852529601759,5.2650558961413605,-1.141,34.46969696969697,21.52852529601759,49.72584300418407,4,4,0,0,1.0,False
LINEA,2026-09-20T00:57:25.617Z,2026-09-20T00:57:25.617762Z,2026-09-20T02:57:25.617762Z,7362.100884,7,0.0027305000000000003,18.311664530306647,5.496453900709211,2.137,39.015151515151516,18.311664530306647,75.92314122194588,0,0,0,0,,False
PNUT,2026-09-20T00:58:00.350Z,2026-09-20T00:58:00.350345Z,2026-09-20T02:58:00.350345Z,7327.368301,7,0.05165,19.361084220716915,7.490636704119844,1.908,33.333333333333336,19.361084220716915,67.04081484034823,0,0,0,0,,False
REZ,2026-09-20T00:58:05.875Z,2026-09-20T00:58:05.875341Z,2026-09-20T02:58:05.875341Z,7321.843305,7,0.0036544999999999998,24.6271719797507,7.6342055570542176,-3.464,38.63636363636363,24.6271719797507,42.57790621559002,0,0,0,0,,False
SHELL,2026-09-20T00:58:12.552Z,2026-09-20T00:58:12.552311Z,2026-09-20T02:58:12.552311Z,7315.166335,7,0.0228,87.71929824561352,12.608695652173926,4.545,34.84848484848485,87.71929824561352,62.120849392373536,0,0,0,0,,False
TNSR,2026-09-20T00:58:27.056Z,2026-09-20T00:58:27.056689Z,2026-09-20T02:58:27.056689Z,7300.661957,7,0.035449999999999995,28.20874471085922,5.540166204986154,0.0,26.136363636363637,28.20874471085922,59.800164914785945,3,0,0,3,1.0,False
AUCTION,2026-09-20T01:04:50.851Z,2026-09-20T01:04:50.851562Z,2026-09-20T03:04:50.851562Z,7515.116574,7,3.5095,48.43994871064227,5.335195530726264,2.14,10.984848484848484,48.43994871064227,53.14767209788641,0,0,0,0,,False
ENJ,2026-09-20T01:05:25.986Z,2026-09-20T01:05:25.987108Z,2026-09-20T03:05:25.987108Z,7479.981028,7,0.02709,59.06238464378015,4.276911924610368,0.109,24.242424242424242,59.06238464378015,63.98591296232119,0,0,0,0,,False
FLUX,2026-09-20T01:05:33.247Z,2026-09-20T01:05:33.247729Z,2026-09-20T03:05:33.247729Z,7472.720407,7,0.05835,17.13796058269115,7.885906040268449,5.487,15.151515151515152,17.13796058269115,69.70123384084751,0,0,0,0,,False
GUN,2026-09-20T01:05:53.133Z,2026-09-20T01:05:53.134024Z,2026-09-20T03:05:53.134024Z,7452.834112,7,0.0029649999999999998,33.72681281618896,3.914590747330956,2.182,20.454545454545453,33.72681281618896,72.06959968259443,0,0,0,0,,False
INIT,2026-09-20T01:06:00.832Z,2026-09-20T01:06:00.832450Z,2026-09-20T03:06:00.832450Z,7445.135686,7,0.07466,21.430484864721052,3.988905032360334,-0.329,18.939393939393938,21.430484864721052,57.998700558533145,0,0,0,0,,False
IO,2026-09-20T01:06:08.362Z,2026-09-20T01:06:08.363034Z,2026-09-20T03:06:08.363034Z,7437.605102,7,0.1429,27.991602519245028,3.4891835310537362,0.35,23.106060606060606,27.991602519245028,68.09093059720733,3,3,0,0,1.0,False
KAIA,2026-09-20T01:06:15.561Z,2026-09-20T01:06:15.561730Z,2026-09-20T03:06:15.561730Z,7430.406406,7,0.029650000000000003,33.72681281618866,3.3112582781456985,0.332,17.424242424242426,33.72681281618866,62.89909868737511,0,0,0,0,,False
LAYER,2026-09-20T01:06:26.587Z,2026-09-20T01:06:26.588074Z,2026-09-20T03:06:26.588074Z,7419.380062,7,0.07189999999999999,55.632823365785484,2.8649386084583965,0.274,19.318181818181817,55.632823365785484,68.15171898989526,0,0,0,0,,False
MANTA,2026-09-20T01:06:33.574Z,2026-09-20T01:06:33.574717Z,2026-09-20T03:06:33.574717Z,7412.393419,7,0.0659,18.20940819423505,8.130081300813014,8.257,18.181818181818183,18.20940819423505,75.83353028312787,1,1,0,0,1.0,False
MEME,2026-09-20T01:06:39.357Z,2026-09-20T01:06:39.358241Z,2026-09-20T03:06:39.358241Z,7406.609895,7,0.0005645,17.714791851194256,5.381944444444444,1.408,23.484848484848484,17.714791851194256,67.30241968382077,53,49,2,2,0.9245,False
NOM,2026-09-20T01:06:52.402Z,2026-09-20T01:06:52.402954Z,2026-09-20T03:06:52.402954Z,7393.565182,7,0.001685,59.347181008902226,5.780346820809251,4.848,9.848484848484848,59.347181008902226,69.17930078713485,1,1,0,0,1.0,False
OPEN,2026-09-20T01:06:59.138Z,2026-09-20T01:06:59.138291Z,2026-09-20T03:06:59.138291Z,7386.829845,7,0.1452,27.548209366391976,4.7106325706594925,-0.268,9.469696969696969,27.548209366391976,66.20038788786324,5,2,2,1,0.6,False
OSMO,2026-09-20T01:07:16.363Z,2026-09-20T01:07:16.363615Z,2026-09-20T03:07:16.363615Z,7369.604521,7,0.03475,28.776978417265013,6.197183098591532,-3.005,17.803030303030305,28.776978417265013,55.028429569698424,2,0,1,1,0.0,False
SXT,2026-09-20T01:07:57.632Z,2026-09-20T01:07:57.632837Z,2026-09-20T03:07:57.632837Z,7328.335299,7,0.00847,23.612750885477194,7.297605473204103,0.805,11.363636363636363,23.612750885477194,64.33380189914654,0,0,0,0,,False
1000CAT,2026-09-20T01:13:48.570Z,2026-09-20T01:13:48.571120Z,2026-09-20T03:13:48.571120Z,7576.932865,7,0.0020755,24.09058058299107,2.435597189695548,-0.373,8.712121212121213,24.09058058299107,64.38905427558446,0,0,0,0,,False
ACT,2026-09-20T01:14:01.161Z,2026-09-20T01:14:01.161388Z,2026-09-20T03:14:01.161388Z,7564.342597,7,0.01039,19.249278152068513,5.193578847969784,1.729,4.545454545454546,19.249278152068513,66.9849722154909,0,0,0,0,,False
AVAX,2026-09-20T01:14:18.769Z,2026-09-20T01:14:18.769519Z,2026-09-20T03:14:18.769519Z,7546.734466,7,9.5835,3.1303803412115756,19.543621520605882,23.867,95.07575757575758,3.1303803412115756,67.7078001342113,39,14,20,5,0.5385,False
BFUSD,2026-09-20T01:14:25.170Z,2026-09-20T01:14:25.170498Z,2026-09-20T03:14:25.170498Z,7540.333487,7,0.9997,10.00300090027009,0.09998000399920025,0.09,0.3787878787878788,10.00300090027009,67.05836107802548,0,0,0,0,,
NXPC,2026-09-20T01:15:50.467Z,2026-09-20T01:15:50.467399Z,2026-09-20T03:15:50.467399Z,7455.036586,7,0.2242,17.84121320249704,3.33772507685551,0.353,6.818181818181818,17.84121320249704,54.08263279853558,0,0,0,0,,False
SAPIEN,2026-09-20T01:15:57.581Z,2026-09-20T01:15:57.581442Z,2026-09-20T03:15:57.581442Z,7447.922543,7,0.07585,13.183915622938562,3.78096479791395,2.677,5.681818181818182,13.183915622938562,64.33688011267475,1,1,0,0,1.0,False
SOL,2026-09-20T01:16:02.396Z,2026-09-20T01:16:02.396771Z,2026-09-20T03:16:02.396771Z,7443.107214,7,108.535,0.9213617727005221,3.683025664115254,-1.447,98.86363636363636,0.9213617727005221,60.84924262338542,30,15,9,6,0.9333,False
SUI,2026-09-20T01:16:08.250Z,2026-09-20T01:16:08.250938Z,2026-09-20T03:16:08.250938Z,7437.253047,7,0.8271999999999999,2.4177949709875364,9.329140461215927,5.208,96.96969696969697,2.4177949709875364,65.89632332506616,9,4,3,2,0.5556,False
TLM,2026-09-20T01:16:15.289Z,2026-09-20T01:16:15.290161Z,2026-09-20T03:16:15.290161Z,7430.213824,7,0.0014810000000000001,40.51316677920422,3.861788617886177,2.786,1.893939393939394,40.51316677920422,49.604155712640704,0,0,0,0,,False
TURTLE,2026-09-20T01:16:22.287Z,2026-09-20T01:16:22.287855Z,2026-09-20T03:16:22.287855Z,7423.21613,7,0.0419,47.732696897376066,2.8571428571428563,-0.238,3.0303030303030303,47.732696897376066,55.200969721674674,0,0,0,0,,False
UMA,2026-09-20T01:16:32.974Z,2026-09-20T01:16:32.974933Z,2026-09-20T03:16:32.974933Z,7412.529052,7,0.383,52.21932114882511,3.5989717223650417,0.517,4.924242424242424,52.21932114882511,36.5774100501527,0,0,0,0,,False
UNI,2026-09-20T01:16:38.848Z,2026-09-20T01:16:38.848648Z,2026-09-20T03:16:38.848648Z,7406.655337,7,8.720500000000001,8.0270626684246,12.08270763543952,-2.379,98.48484848484848,8.0270626684246,54.40714574307859,37,25,10,2,0.5946,False
USD1,2026-09-20T01:16:42.058Z,2026-09-20T01:16:42.058949Z,2026-09-20T03:16:42.058949Z,7403.445036,7,0.99965,1.0003501225427798,0.05001500450134489,-0.01,98.10606060606061,1.0003501225427798,63.47501131201685,1,0,1,0,1.0,False
VANA,2026-09-20T01:16:49.363Z,2026-09-20T01:16:49.363500Z,2026-09-20T03:16:49.363500Z,7396.140485,7,1.1005,27.260336210814298,10.23550724637681,5.444,9.090909090909092,27.260336210814298,57.314590263610256,0,0,0,0,,False
WCT,2026-09-20T01:16:56.651Z,2026-09-20T01:16:56.651459Z,2026-09-20T03:16:56.651459Z,7388.852526,7,0.039834999999999995,12.551776076315159,9.308709757923642,2.875,7.196969696969697,12.551776076315159,61.96957393669198,1,0,0,1,1.0,False
XRP,2026-09-20T01:17:01.554Z,2026-09-20T01:17:01.554817Z,2026-09-20T03:17:01.554817Z,7383.949168,7,1.3815499999999998,0.7238246896600847,4.300007095721279,0.895,99.24242424242425,0.7238246896600847,51.88096833684649,32,6,21,5,0.5625,False
YB,2026-09-20T01:17:09.064Z,2026-09-20T01:17:09.064732Z,2026-09-20T03:17:09.064732Z,7376.439253,7,0.08710000000000001,45.92422502870235,2.285714285714288,0.229,2.272727272727273,45.92422502870235,58.788632527566804,0,0,0,0,,False
ZBT,2026-09-20T01:17:16.533Z,2026-09-20T01:17:16.533396Z,2026-09-20T03:17:16.533396Z,7368.970589,7,0.08145,12.277470841007105,2.895054282267792,0.485,1.5151515151515151,12.277470841007105,70.98103531848966,0,0,0,0,,False
ZEC,2026-09-20T01:17:21.529Z,2026-09-20T01:17:21.529263Z,2026-09-20T03:17:21.529263Z,7363.974722,7,1465.7649999999999,2.2513840895379182,9.103697612623941,-6.021,96.5909090909091,2.2513840895379182,51.640748091936395,27,15,10,2,0.5556,False
AAVE,2026-09-20T01:22:55.119Z,2026-09-20T01:22:55.119700Z,2026-09-20T03:22:55.119700Z,7629.77472,7,137.435,9.459016989849417,5.474193089719884,0.803,86.74242424242425,9.459016989849417,51.008225531502184,0,0,0,0,,False
APT,2026-09-20T01:23:09.473Z,2026-09-20T01:23:09.473839Z,2026-09-20T03:23:09.473839Z,7615.420581,7,0.7184999999999999,13.917884481558817,12.01657458563537,-1.764,92.04545454545455,13.917884481558817,51.494354619696416,4,0,2,2,0.0,False
AR,2026-09-20T01:23:15.002Z,2026-09-20T01:23:15.003137Z,2026-09-20T03:23:15.003137Z,7609.891283,7,4.3075,20.893789901335673,31.111111111111118,21.087,90.9090909090909,20.893789901335673,72.24487410122615,6,5,0,1,1.0,False
ARB,2026-09-20T01:23:20.138Z,2026-09-20T01:23:20.138819Z,2026-09-20T03:23:20.138819Z,7604.755601,7,0.21389999999999998,9.350163627863756,13.320369470102081,-7.467,91.66666666666667,9.350163627863756,47.88518093405431,13,7,4,2,0.6923,False
BCH,2026-09-20T01:23:25.827Z,2026-09-20T01:23:25.827654Z,2026-09-20T03:23:25.827654Z,7599.066766,7,245.6,8.14332247556957,5.259026687598129,-0.313,87.5,8.14332247556957,65.0001241172678,2,1,1,0,0.5,False
DOGE,2026-09-20T01:23:30.856Z,2026-09-20T01:23:30.857051Z,2026-09-20T03:23:30.857051Z,7594.037369,7,0.085605,1.168156065651539,5.5213324207164005,0.229,92.8030303030303,1.168156065651539,46.482029952439824,16,7,6,3,0.4375,False
FET,2026-09-20T01:23:39.922Z,2026-09-20T01:23:39.922354Z,2026-09-20T03:23:39.922354Z,7584.972066,7,0.17225000000000001,5.805515239478475,6.900452488687776,-4.69,85.98484848484848,5.805515239478475,45.03211327507183,4,0,1,3,-0.5,False
BANK,2026-09-20T01:30:31.095Z,2026-09-20T01:30:31.095338Z,2026-09-20T03:30:31.095338Z,7774.472133,7,0.035199999999999995,56.81818181818148,30.370370370370374,35.906,73.86363636363636,56.81818181818148,68.16531993847393,7,5,1,1,0.7143,False
CRV,2026-09-20T01:30:48.327Z,2026-09-20T01:30:48.327387Z,2026-09-20T03:30:48.327387Z,7757.240084,7,0.32835000000000003,9.136592051165598,4.589021202439744,0.145,82.57575757575758,9.136592051165598,51.01004472545525,1,1,0,0,1.0,False
DOT,2026-09-20T01:30:57.393Z,2026-09-20T01:30:57.393698Z,2026-09-20T03:30:57.393698Z,7748.173773,7,1.0825,9.237875288682586,5.43672014260249,-1.058,83.71212121212122,9.237875288682586,58.48129944161154,2,1,1,0,1.0,False
ETHFI,2026-09-20T01:31:16.583Z,2026-09-20T01:31:16.583353Z,2026-09-20T03:31:16.583353Z,7728.984118,7,0.714,8.403361344538444,5.594125500667563,3.382,81.81818181818181,8.403361344538444,77.34239741550425,3,1,1,1,1.0,False
GRAM,2026-09-20T01:31:21.530Z,2026-09-20T01:31:21.530395Z,2026-09-20T03:31:21.530395Z,7724.037076,7,1.3735,7.280669821624405,3.620564808110068,0.436,79.92424242424242,7.280669821624405,69.65528729886215,0,0,0,0,,False
PENDLE,2026-09-20T01:31:53.255Z,2026-09-20T01:31:53.255268Z,2026-09-20T03:31:53.255268Z,7692.312203,7,2.553,15.66784175479829,8.103975535168185,1.199,83.33333333333333,15.66784175479829,62.410887606911835,2,1,1,0,1.0,False
POL,2026-09-20T01:31:58.802Z,2026-09-20T01:31:58.802348Z,2026-09-20T03:31:58.802348Z,7686.765123,7,0.103295,22.26632460428946,6.344959388437641,-2.187,75.37878787878788,22.26632460428946,58.10666361734854,9,6,2,1,0.1111,False
RENDER,2026-09-20T01:32:08.960Z,2026-09-20T01:32:08.960830Z,2026-09-20T03:32:08.960830Z,7676.606641,7,1.5285,6.54236179260641,6.345177664974624,1.612,77.27272727272727,6.54236179260641,51.07765704911351,3,2,0,1,0.3333,False
SHIB,2026-09-20T01:32:23.400Z,2026-09-20T01:32:23.401245Z,2026-09-20T03:32:23.401245Z,7662.166226,7,5.365e-06,18.63932898415639,6.010928961748623,0.549,81.43939393939394,18.63932898415639,64.55704651695604,2,0,2,0,0.0,False
STX,2026-09-20T01:32:29.170Z,2026-09-20T01:32:29.171212Z,2026-09-20T03:32:29.171212Z,7656.396259,7,0.3157,12.670256572695962,15.606204495093387,11.037,76.51515151515152,12.670256572695962,75.65806612732938,1,1,0,0,1.0,False
SYRUP,2026-09-20T01:32:34.984Z,2026-09-20T01:32:34.984972Z,2026-09-20T03:32:34.984972Z,7650.582499,7,0.21785,4.590314436539672,3.853046594982077,1.639,75.75757575757575,4.590314436539672,54.20784269635723,0,0,0,0,,False
TIA,2026-09-20T01:32:40.114Z,2026-09-20T01:32:40.114377Z,2026-09-20T03:32:40.114377Z,7645.453094,7,0.41979999999999995,14.292520247736768,6.855510592716019,3.143,72.72727272727273,14.292520247736768,56.527003734964765,2,1,1,0,0.0,False
TRX,2026-09-20T01:32:45.706Z,2026-09-20T01:32:45.706650Z,2026-09-20T03:32:45.706650Z,7639.860821,7,0.33965,2.9442072721916377,1.0882352941176414,0.503,82.1969696969697,2.9442072721916377,68.21561167481273,29,9,18,2,0.8621,False
VIRTUAL,2026-09-20T01:32:51.545Z,2026-09-20T01:32:51.545623Z,2026-09-20T03:32:51.545623Z,7634.021848,7,0.6507499999999999,7.68344218209844,3.6614289949599677,1.796,71.21212121212122,7.68344218209844,62.84381192818854,1,1,0,0,1.0,False
WLFI,2026-09-20T01:32:57.480Z,2026-09-20T01:32:57.481043Z,2026-09-20T03:32:57.481043Z,7628.086428,7,0.05765,17.346053772767192,2.9209621993127146,-1.356,70.83333333333333,17.346053772767192,52.297918697329,0,0,0,0,,False
XPL,2026-09-20T01:33:03.211Z,2026-09-20T01:33:03.211242Z,2026-09-20T03:33:03.211242Z,7622.356229,7,0.09013499999999999,9.985022466299759,7.250000000000011,-2.117,82.95454545454545,9.985022466299759,61.33538906889649,1,0,1,0,1.0,False
ZEN,2026-09-20T01:33:18.777Z,2026-09-20T01:33:18.777809Z,2026-09-20T03:33:18.777809Z,7606.789662,7,7.5745000000000005,17.16284903294051,10.608605763018474,-7.572,74.62121212121212,17.16284903294051,44.916567549795936,0,0,0,0,,False
ZRO,2026-09-20T01:33:25.076Z,2026-09-20T01:33:25.076613Z,2026-09-20T03:33:25.076613Z,7600.490858,7,1.0739999999999998,18.621973929236518,5.55555555555556,-0.357,77.65151515151516,18.621973929236518,45.855884119104076,3,0,2,1,-0.3333,False
BOME,2026-09-20T01:39:18.356Z,2026-09-20T01:39:18.356508Z,2026-09-20T03:39:18.356508Z,7247.210963,7,0.0009127499999999999,14.242673240207916,15.166985747713252,-4.848,58.333333333333336,14.242673240207916,46.36603229102462,1,1,0,0,1.0,False
CHZ,2026-09-20T01:39:46.352Z,2026-09-20T01:39:46.352473Z,2026-09-20T03:39:46.352473Z,7219.214998,7,0.01497,13.360053440214376,4.240052185257662,1.928,54.92424242424242,13.360053440214376,72.69650352593543,5,2,2,1,1.0,False
DYDX,2026-09-20T01:39:53.223Z,2026-09-20T01:39:53.224029Z,2026-09-20T03:39:53.224029Z,7212.343442,7,0.12902,12.401178111920126,9.658962583753656,4.714,65.15151515151516,12.401178111920126,57.48744343971864,1,0,1,0,0.0,False
FLOKI,2026-09-20T01:40:11.664Z,2026-09-20T01:40:11.664896Z,2026-09-20T03:40:11.664896Z,7793.289826,7,2.532e-05,7.898894154818249,6.491027109583812,1.63,62.878787878787875,7.898894154818249,52.36956616876442,0,0,0,0,,False
HEI,2026-09-20T01:40:28.919Z,2026-09-20T01:40:28.919415Z,2026-09-20T03:40:28.919415Z,7776.035307,7,0.16049999999999998,112.14953271028014,30.375847196549604,13.338,68.56060606060606,112.14953271028014,68.43183780829044,1,0,1,0,1.0,False
IOTA,2026-09-20T01:40:45.039Z,2026-09-20T01:40:45.039968Z,2026-09-20T03:40:45.039968Z,7759.914754,7,0.048,41.666666666666416,7.756813417190781,6.711,60.60606060606061,41.666666666666416,69.91879194163914,2,1,1,0,0.0,False
LDO,2026-09-20T01:40:50.046Z,2026-09-20T01:40:50.046737Z,2026-09-20T03:40:50.046737Z,7754.907985,7,0.4143,9.654839488292444,7.632662951296348,5.415,64.39393939393939,9.654839488292444,59.035325241422164,3,0,3,0,-0.3333,False
ORCA,2026-09-20T01:41:11.267Z,2026-09-20T01:41:11.267435Z,2026-09-20T03:41:11.267435Z,7733.687287,7,1.4215,21.104467112206216,3.886190145732134,-1.839,59.46969696969697,21.104467112206216,61.745369790356534,0,0,0,0,,False
ORDI,2026-09-20T01:41:18.688Z,2026-09-20T01:41:18.688841Z,2026-09-20T03:41:18.688841Z,7726.265881,7,4.504,22.20248667850949,8.111038820212528,0.743,65.9090909090909,22.20248667850949,46.64069726634623,5,0,5,0,0.6,False
PAXG,2026-09-20T01:41:25.587Z,2026-09-20T01:41:25.587379Z,2026-09-20T03:41:25.587379Z,7719.367343,7,4360.025,0.022935648303183547,0.2714602499725187,-0.099,66.66666666666667,0.022935648303183547,71.92073384257861,1,1,0,0,-1.0,False
PYTH,2026-09-20T01:41:30.567Z,2026-09-20T01:41:30.568070Z,2026-09-20T03:41:30.568070Z,7714.386652,7,0.058914999999999995,15.276245438343343,4.666340349159735,2.406,55.68181818181818,15.276245438343343,51.3464585978243,1,1,0,0,1.0,False
RED,2026-09-20T01:41:45.733Z,2026-09-20T01:41:45.734105Z,2026-09-20T03:41:45.734105Z,7699.220617,7,0.15065,46.4653169598411,14.658634538152612,-8.005,59.09090909090909,46.4653169598411,58.57193056546024,2,0,2,0,0.0,False
RSR,2026-09-20T01:41:56.610Z,2026-09-20T01:41:56.610218Z,2026-09-20T03:41:56.610218Z,7688.344504,7,0.0015630000000000002,12.795905310301013,11.193111931119303,6.553,57.95454545454545,12.795905310301013,61.3941542774967,1,0,1,0,1.0,False
RUNE,2026-09-20T01:42:01.618Z,2026-09-20T01:42:01.618788Z,2026-09-20T03:42:01.618788Z,7683.335934,7,0.5385,18.57010213556176,3.597122302158276,2.963,63.63636363636363,18.57010213556176,73.96609557366455,3,2,1,0,0.3333,False
SKY,2026-09-20T01:42:13.037Z,2026-09-20T01:42:13.037797Z,2026-09-20T03:42:13.037797Z,7671.916925,7,0.067905,7.363228039173607,7.439919412865172,-0.558,56.43939393939394,7.363228039173607,44.33411925779665,0,0,0,0,,False
TRB,2026-09-20T01:42:33.115Z,2026-09-20T01:42:33.116068Z,2026-09-20T03:42:33.116068Z,7651.838654,7,18.015,16.652789342215453,7.560321715817696,0.756,55.303030303030305,16.652789342215453,49.68863724381704,0,0,0,0,,False
TWT,2026-09-20T01:42:40.520Z,2026-09-20T01:42:40.521008Z,2026-09-20T03:42:40.521008Z,7644.433714,7,0.5691999999999999,17.56851721714689,7.5313807531380785,4.863,69.6969696969697,17.56851721714689,75.94438141850657,2,1,0,1,0.0,False
1000CHEEMS,2026-09-20T01:48:20.901Z,2026-09-20T01:48:20.902097Z,2026-09-20T03:48:20.902097Z,7304.052625,7,0.0005165,19.36108422071683,2.873563218390812,0.967,42.42424242424242,19.36108422071683,52.97412728682314,0,0,0,0,,False
BIO,2026-09-20T01:48:45.431Z,2026-09-20T01:48:45.431502Z,2026-09-20T03:48:45.431502Z,7279.52322,7,0.027235000000000002,11.015237745547559,7.0025008931761334,2.116,43.18181818181818,11.015237745547559,74.73022829362827,1,1,0,0,1.0,False
KITE,2026-09-20T01:49:28.137Z,2026-09-20T01:49:28.137781Z,2026-09-20T03:49:28.137781Z,7236.816941,7,0.1137,17.59014951627017,5.492589363557106,2.778,51.515151515151516,17.59014951627017,52.96457228698528,0,0,0,0,,False
MMT,2026-09-20T01:49:40.581Z,2026-09-20T01:49:40.582134Z,2026-09-20T03:49:40.582134Z,7224.372588,7,0.16155,6.190034045186566,6.779661016949155,-0.188,51.13636363636363,6.190034045186566,66.33914724406054,13,6,7,0,0.8462,False
NIL,2026-09-20T01:49:55.942Z,2026-09-20T01:49:55.943131Z,2026-09-20T03:49:55.943131Z,7209.011591,7,0.05066,47.37465455980994,12.744516893894495,9.167,50.75757575757576,47.37465455980994,76.71579342018046,0,0,0,0,,False
PEOPLE,2026-09-20T01:50:10.556Z,2026-09-20T01:50:10.556290Z,2026-09-20T03:50:10.556290Z,7794.562282,7,0.008715,11.47446930579414,7.6751946607341655,0.0,45.45454545454545,11.47446930579414,66.66645066563406,0,0,0,0,,False
PHA,2026-09-20T01:50:16.366Z,2026-09-20T01:50:16.367066Z,2026-09-20T03:50:16.367066Z,7788.751506,7,0.035250000000000004,28.368794326239975,14.48467966573815,8.459,48.484848484848484,28.368794326239975,75.06507171799839,0,0,0,0,,False
PLUME,2026-09-20T01:50:21.987Z,2026-09-20T01:50:21.988036Z,2026-09-20T03:50:21.988036Z,7783.130536,7,0.013885,7.202016564637805,5.720338983050847,-0.771,53.03030303030303,7.202016564637805,48.14050063716761,4,2,2,0,1.0,False
ROSE,2026-09-20T01:50:28.275Z,2026-09-20T01:50:28.275800Z,2026-09-20T03:50:28.275800Z,7776.842772,7,0.00744,26.881720430107595,10.546874999999998,2.537,48.10606060606061,26.881720430107595,54.636216847058925,4,0,4,0,0.75,False
SAHARA,2026-09-20T01:50:35.493Z,2026-09-20T01:50:35.493387Z,2026-09-20T03:50:35.493387Z,7769.625185,7,0.008845,11.305822498586311,9.845132743362834,-0.441,43.93939393939394,11.305822498586311,74.78251426096763,0,0,0,0,,False
SAND,2026-09-20T01:50:42.266Z,2026-09-20T01:50:42.266189Z,2026-09-20T03:50:42.266189Z,7762.852383,7,0.040685,17.205358240137794,7.144629124286779,3.2,45.833333333333336,17.205358240137794,49.61074855675312,2,1,0,1,0.0,False
SPK,2026-09-20T01:50:53.422Z,2026-09-20T01:50:53.422809Z,2026-09-20T03:50:53.422809Z,7751.695763,7,0.020578,21.38205850908684,6.106725906319429,2.594,54.54545454545455,21.38205850908684,45.28435197801159,10,2,8,0,1.0,False
SSV,2026-09-20T01:51:01.119Z,2026-09-20T01:51:01.119459Z,2026-09-20T03:51:01.119459Z,7743.999113,7,3.0795000000000003,22.730962818639767,13.007614213197973,0.671,42.04545454545455,22.730962818639767,49.85500887656723,0,0,0,0,,False
THE,2026-09-20T01:51:08.791Z,2026-09-20T01:51:08.791650Z,2026-09-20T03:51:08.791650Z,7736.326922,7,0.07675,13.029315960910617,10.93951093951095,7.172,52.27272727272727,13.029315960910617,71.28346006910769,0,0,0,0,,False
THETA,2026-09-20T01:51:15.683Z,2026-09-20T01:51:15.683401Z,2026-09-20T03:51:15.683401Z,7729.435171,7,0.21760000000000002,18.38235294117572,8.443032228778929,5.055,53.78787878787879,18.38235294117572,56.5946812110263,1,1,0,0,-1.0,False
TREE,2026-09-20T01:51:22.739Z,2026-09-20T01:51:22.739671Z,2026-09-20T03:51:22.739671Z,7722.378901,7,0.0437,45.76659038901574,11.83035714285714,3.704,54.166666666666664,45.76659038901574,64.36975306256247,1,1,0,0,1.0,False
TUT,2026-09-20T01:51:36.436Z,2026-09-20T01:51:36.436936Z,2026-09-20T03:51:36.436936Z,7708.681636,7,0.021235,32.96444549093507,8.2983682983683,-5.88,47.72727272727273,32.96444549093507,51.89968218730914,1,1,0,0,1.0,False
ZKC,2026-09-20T01:52:04.918Z,2026-09-20T01:52:04.919094Z,2026-09-20T03:52:04.919094Z,7680.199478,7,0.04015,24.906600249066717,4.645476772616135,1.489,46.21212121212121,24.906600249066717,73.024821365781,0,0,0,0,,False
ALT,2026-09-20T01:57:50.631Z,2026-09-20T01:57:50.631727Z,2026-09-20T03:57:50.631727Z,7334.486845,7,0.007105,14.074595355382957,5.4091539528432815,0.839,28.40909090909091,14.074595355382957,67.71267022096517,1,1,0,0,1.0,False
ANIME,2026-09-20T01:57:57.722Z,2026-09-20T01:57:57.722838Z,2026-09-20T03:57:57.722838Z,7327.395734,7,0.003175,31.496062992126067,5.2631578947368425,1.254,27.651515151515152,31.496062992126067,54.834054028629616,0,0,0,0,,False
AVNT,2026-09-20T01:58:03.127Z,2026-09-20T01:58:03.128107Z,2026-09-20T03:58:03.128107Z,7321.990465,7,0.10735,9.315323707497809,5.871725383920498,4.237,36.36363636363637,9.315323707497809,71.0348107824258,1,1,0,0,1.0,False
AXS,2026-09-20T01:58:11.344Z,2026-09-20T01:58:11.345138Z,2026-09-20T03:58:11.345138Z,7313.773434,7,1.0085,9.915716410509567,6.104651162790692,0.585,33.71212121212121,9.915716410509567,66.60667413258197,0,0,0,0,,False
BANANAS31,2026-09-20T01:58:22.564Z,2026-09-20T01:58:22.564949Z,2026-09-20T03:58:22.564949Z,7302.553623,7,0.007726,18.12063163344567,4.674796747967483,1.995,25.37878787878788,18.12063163344567,49.51831731816228,0,0,0,0,,False
BEAMX,2026-09-20T01:58:30.347Z,2026-09-20T01:58:30.347412Z,2026-09-20T03:58:30.347412Z,7294.77116,7,0.0017905,39.09522479754293,13.576881134133048,1.663,35.60606060606061,39.09522479754293,61.04856575537566,0,0,0,0,,False
BROCCOLI714,2026-09-20T01:58:37.910Z,2026-09-20T01:58:37.910832Z,2026-09-20T03:58:37.910832Z,7287.20774,7,0.018575,80.75370121130595,5.2972972972972885,-2.426,32.57575757575758,80.75370121130595,55.698525071366916,0,0,0,0,,False
CATI,2026-09-20T01:58:42.912Z,2026-09-20T01:58:42.912665Z,2026-09-20T03:58:42.912665Z,7282.205907,7,0.06901,20.286914939863966,19.184268026219957,4.031,37.5,20.286914939863966,64.7571810209924,0,0,0,0,,False
CVX,2026-09-20T01:59:11.370Z,2026-09-20T01:59:11.370481Z,2026-09-20T03:59:11.370481Z,7253.748091,7,1.9089999999999998,52.383446830801525,5.110220440881757,-0.845,27.272727272727273,52.383446830801525,50.102434272912625,1,1,0,0,1.0,False
HOLO,2026-09-20T01:59:55.899Z,2026-09-20T01:59:55.900000Z,2026-09-20T03:59:55.900000Z,7209.218572,7,0.06005,16.6527893422153,4.523424878836829,2.995,37.121212121212125,16.6527893422153,72.71908301472146,0,0,0,0,,False
MANTRA,2026-09-20T02:00:34.348Z,2026-09-20T02:00:34.348552Z,2026-09-20T04:00:34.348552Z,7771.314751,7,0.004450000000000001,44.94382022471921,7.35632183908046,1.636,24.62121212121212,44.94382022471921,55.52828016157532,0,0,0,0,,False
MIRA,2026-09-20T02:00:41.534Z,2026-09-20T02:00:41.535021Z,2026-09-20T04:00:41.535021Z,7764.128282,7,0.049015,22.44210955829969,5.592039800995025,3.672,34.09090909090909,22.44210955829969,75.14237953105645,1,1,0,0,1.0,False
NOT,2026-09-20T02:00:48.589Z,2026-09-20T02:00:48.589592Z,2026-09-20T04:00:48.589592Z,7757.073711,7,0.00046750000000000003,21.39037433155016,5.450733752620553,-0.209,28.78787878787879,21.39037433155016,61.23347709785343,0,0,0,0,,False
SNX,2026-09-20T02:01:09.596Z,2026-09-20T02:01:09.597242Z,2026-09-20T04:01:09.597242Z,7736.066061,7,0.2247,8.900756564308221,4.541522491349474,2.71,31.439393939393938,8.900756564308221,72.0057861514582,0,0,0,0,,False
TURBO,2026-09-20T02:01:22.862Z,2026-09-20T02:01:22.863072Z,2026-09-20T04:01:22.863072Z,7722.800231,7,0.000951,42.06098843322806,10.931174089068818,-1.002,29.166666666666668,42.06098843322806,61.02048572236835,0,0,0,0,,False
USUAL,2026-09-20T02:01:29.377Z,2026-09-20T02:01:29.377688Z,2026-09-20T04:01:29.377688Z,7716.285615,7,0.01289,15.515903801395798,11.136712749615976,7.781,37.878787878787875,15.515903801395798,62.10888245217858,0,0,0,0,,False
WAL,2026-09-20T02:01:35.245Z,2026-09-20T02:01:35.245586Z,2026-09-20T04:01:35.245586Z,7710.417717,7,0.03195,31.298904538342057,9.638554216867474,6.07,39.39393939393939,31.298904538342057,75.5599694799575,1,1,0,0,1.0,False
XVG,2026-09-20T02:01:42.445Z,2026-09-20T02:01:42.445546Z,2026-09-20T04:01:42.445546Z,7703.217757,7,0.0030470000000000002,26.255333114538104,5.049536593160759,-2.31,31.060606060606062,26.255333114538104,42.77120713554363,4,4,0,0,1.0,False
PROVE,2026-09-20T02:07:14.985Z,2026-09-20T02:07:14.985537Z,2026-09-20T04:07:14.985537Z,7370.677766,7,0.21985,13.645667500568331,5.916370106761568,3.451,25.37878787878788,13.645667500568331,57.1302414587422,0,0,0,0,,False
1000SATS,2026-09-20T02:07:39.845Z,2026-09-20T02:07:39.846031Z,2026-09-20T04:07:39.846031Z,7345.817272,7,1.116e-05,17.921146953404847,6.299212598425195,1.6,11.742424242424242,17.921146953404847,71.0060246058183,25,11,2,12,1.0,False
BARD,2026-09-20T02:08:28.688Z,2026-09-20T02:08:28.689091Z,2026-09-20T04:08:28.689091Z,7296.974212,7,0.12969999999999998,15.420200462606457,5.605381165919267,4.125,10.606060606060606,15.420200462606457,72.93762986332567,0,0,0,0,,False
GPS,2026-09-20T02:09:03.817Z,2026-09-20T02:09:03.817736Z,2026-09-20T04:09:03.817736Z,7261.845567,7,0.01075,37.2093023255815,2.9629629629629544,-1.729,14.393939393939394,37.2093023255815,39.698529496582275,0,0,0,0,,False
MITO,2026-09-20T02:09:51.716Z,2026-09-20T02:09:51.716327Z,2026-09-20T04:09:51.716327Z,7213.946976,7,0.01529,52.321778940484116,11.295469049138486,5.238,15.909090909090908,52.321778940484116,66.74051185366469,2,0,2,0,0.5,False
PIXEL,2026-09-20T02:10:15.055Z,2026-09-20T02:10:15.055827Z,2026-09-20T04:10:15.055827Z,7790.380801,7,0.005180000000000001,38.61003861003871,3.024574669187153,1.341,9.469696969696969,38.61003861003871,68.8707327150611,1,0,1,0,1.0,False
RARE,2026-09-20T02:10:21.871Z,2026-09-20T02:10:21.871910Z,2026-09-20T04:10:21.871910Z,7783.564718,7,0.012565,7.95861520095471,3.0660377358490543,0.553,16.666666666666668,7.95861520095471,39.954386589082475,0,0,0,0,,False
RESOLV,2026-09-20T02:10:27.929Z,2026-09-20T02:10:27.929665Z,2026-09-20T04:10:27.929665Z,7777.506963,7,0.017474999999999997,17.16738197424823,4.206935758953957,0.4,21.59090909090909,17.16738197424823,65.11291061537297,0,0,0,0,,False
SIGN,2026-09-20T02:10:35.399Z,2026-09-20T02:10:35.399500Z,2026-09-20T04:10:35.399500Z,7770.037128,7,0.011635,25.7842715943279,5.716723549488059,0.687,18.939393939393938,25.7842715943279,67.73680453776946,0,0,0,0,,False
STO,2026-09-20T02:10:40.525Z,2026-09-20T02:10:40.525326Z,2026-09-20T04:10:40.525326Z,7764.911302,7,0.04005,24.968789013731815,3.448275862068962,0.0,21.21212121212121,24.968789013731815,62.78401032075793,0,0,0,0,,False
TOWNS,2026-09-20T02:10:53.182Z,2026-09-20T02:10:53.182625Z,2026-09-20T04:10:53.182625Z,7752.254003,7,0.0020350000000000004,49.14004914004926,3.398058252427193,0.488,12.878787878787879,49.14004914004926,68.32213346863004,0,0,0,0,,False
YGG,2026-09-20T02:11:01.457Z,2026-09-20T02:11:01.457418Z,2026-09-20T04:11:01.457418Z,7743.97921,7,0.024915,44.15011037527553,7.078957604045113,5.239,12.121212121212121,44.15011037527553,64.75575255784888,0,0,0,0,,False
DOLO,2026-09-20T02:17:29.308Z,2026-09-20T02:17:29.309004Z,2026-09-20T04:17:29.309004Z,7356.127624,7,0.025730000000000003,23.319082782744275,3.75191424196019,1.872,1.1363636363636365,23.319082782744275,39.350648218567684,0,0,0,0,,False
ENA,2026-09-20T02:17:35.268Z,2026-09-20T02:17:35.268462Z,2026-09-20T04:17:35.268462Z,7350.168166,7,0.19755,15.186028853454554,21.731207289293845,27.468,96.5909090909091,15.186028853454554,78.53249740729929,12,6,6,0,0.75,False
EURI,2026-09-20T02:17:48.481Z,2026-09-20T02:17:48.481561Z,2026-09-20T04:17:48.481561Z,7336.955067,7,1.14795,25.26242432161595,1.045751633986929,-0.209,8.712121212121213,25.26242432161595,47.713176659692905,0,0,0,0,,
HMSTR,2026-09-20T02:18:05.625Z,2026-09-20T02:18:05.625322Z,2026-09-20T04:18:05.625322Z,7319.811306,7,0.0001669,11.983223487118325,3.948143783146729,1.495,8.333333333333334,11.983223487118325,47.88164694141825,0,0,0,0,,False
LINK,2026-09-20T02:18:21.409Z,2026-09-20T02:18:21.409498Z,2026-09-20T04:18:21.409498Z,7304.02713,7,12.0355,2.4926259814715745,3.549432739059958,-0.138,94.31818181818181,2.4926259814715745,43.24769542680106,24,12,8,4,0.4583,False
ALGO,2026-09-20T02:32:38.977Z,2026-09-20T02:32:38.977728Z,2026-09-20T04:32:38.977728Z,7645.889994,7,0.10275000000000001,9.732360097323879,13.76744186046511,8.367,84.0909090909091,9.732360097323879,65.20487982598986,12,7,3,2,1.0,False
ALLO,2026-09-20T02:32:45.635Z,2026-09-20T02:32:45.635313Z,2026-09-20T04:32:45.635313Z,7639.232409,7,0.2442,8.190008190007289,11.428571428571422,9.616,72.34848484848484,8.190008190007289,69.83147362631715,0,0,0,0,,False
ASTER,2026-09-20T02:32:51.257Z,2026-09-20T02:32:51.257633Z,2026-09-20T04:32:51.257633Z,7633.610089,7,0.7424999999999999,13.468013468013481,4.593175853018376,-2.308,82.95454545454545,13.468013468013481,50.35994778950671,0,0,0,0,,False
BONK,2026-09-20T02:33:00.949Z,2026-09-20T02:33:00.950102Z,2026-09-20T04:33:00.950102Z,7623.91762,7,3.005e-06,33.277870216305836,5.8631921824104225,1.656,73.48484848484848,33.277870216305836,60.566076945262495,6,3,2,1,0.6667,False
CAKE,2026-09-20T02:33:06.279Z,2026-09-20T02:33:06.279354Z,2026-09-20T04:33:06.279354Z,7618.588368,7,2.3285,4.2946102641199655,7.041666666666668,-1.84,71.5909090909091,4.2946102641199655,48.907832244573974,2,1,1,0,0.0,False
COTI,2026-09-20T02:33:13.453Z,2026-09-20T02:33:13.454014Z,2026-09-20T04:33:13.454014Z,7611.413708,7,0.01895,21.108179419526035,15.578947368421057,-6.68,76.51515151515152,21.108179419526035,33.933215478050585,1,1,0,0,-1.0,False
DASH,2026-09-20T02:33:25.509Z,2026-09-20T02:33:25.510211Z,2026-09-20T04:33:25.510211Z,7599.357511,7,57.155,15.746653836060435,9.537671232876713,-6.2,78.03030303030303,15.746653836060435,58.24022826476519,8,3,5,0,0.75,False
EPIC,2026-09-20T02:33:34.985Z,2026-09-20T02:33:34.985820Z,2026-09-20T04:33:34.985820Z,7589.881902,7,0.4868,28.759244042728273,28.77337973031754,11.819,73.10606060606061,28.759244042728273,67.52465518671855,0,0,0,0,,False
FIL,2026-09-20T02:33:49.831Z,2026-09-20T02:33:49.831624Z,2026-09-20T04:33:49.831624Z,7575.036098,7,0.9584,2.0868113522535263,20.03903040262941,1.069,84.84848484848484,2.0868113522535263,58.17763390357331,2,1,1,0,1.0,False
ICP,2026-09-20T02:33:58.579Z,2026-09-20T02:33:58.580200Z,2026-09-20T04:33:58.580200Z,7566.287522,7,2.7874999999999996,3.587443946187946,5.54385964912282,-1.179,80.3030303030303,3.587443946187946,45.9046242595744,2,1,0,1,0.0,False
MET,2026-09-20T02:34:09.331Z,2026-09-20T02:34:09.332122Z,2026-09-20T04:34:09.332122Z,7555.5356,7,0.25285,11.864741941863652,10.62256809338521,-1.983,76.89393939393939,11.864741941863652,50.60132510739077,9,9,0,0,-0.2222,False
MORPHO,2026-09-20T02:34:14.827Z,2026-09-20T02:34:14.827996Z,2026-09-20T04:34:14.827996Z,7550.039726,7,2.5685000000000002,3.893322951138368,9.539969834087485,-0.226,76.13636363636364,3.893322951138368,58.74594668467487,3,3,0,0,1.0,False
OP,2026-09-20T02:34:20.345Z,2026-09-20T02:34:20.345714Z,2026-09-20T04:34:20.345714Z,7544.522008,7,0.12345,8.10044552450408,9.918699186991883,1.906,84.46969696969697,8.10044552450408,63.6317041529739,1,0,0,1,-1.0,False
0G,2026-09-20T02:41:17.452Z,2026-09-20T02:41:17.452992Z,2026-09-20T04:41:17.452992Z,7728.611244,7,0.22375,22.34636871508382,12.483399734395752,4.39,68.56060606060606,22.34636871508382,52.98777637240336,0,0,0,0,,False
APE,2026-09-20T02:41:22.221Z,2026-09-20T02:41:22.221478Z,2026-09-20T04:41:22.221478Z,7723.842758,7,0.13755,21.81025081788402,4.252303330970927,1.584,62.5,21.81025081788402,68.0775051042209,2,2,0,0,1.0,False
ATOM,2026-09-20T02:41:27.939Z,2026-09-20T02:41:27.939272Z,2026-09-20T04:41:27.939272Z,7718.124964,7,1.7025000000000001,17.6211453744487,6.214039125431537,0.812,67.42424242424242,17.6211453744487,51.56932463854321,2,1,1,0,1.0,False
C,2026-09-20T02:41:37.115Z,2026-09-20T02:41:37.115611Z,2026-09-20T04:41:37.115611Z,7708.948625,7,0.0797,25.09410288582081,17.414965986394566,12.385,66.66666666666667,25.09410288582081,61.93004721120579,0,0,0,0,,False
CFX,2026-09-20T02:41:47.455Z,2026-09-20T02:41:47.455481Z,2026-09-20T04:41:47.455481Z,7698.608755,7,0.050155,5.981457481806848,6.6666666666666625,4.7,57.196969696969695,5.981457481806848,65.8275476175082,0,0,0,0,,False
EGLD,2026-09-20T02:42:05.431Z,2026-09-20T02:42:05.431374Z,2026-09-20T04:42:05.431374Z,7680.632862,7,3.761,42.54187716032974,9.050829875518666,-5.351,67.8030303030303,42.54187716032974,39.101297351230905,3,0,3,0,0.3333,False
EIGEN,2026-09-20T02:42:10.605Z,2026-09-20T02:42:10.605360Z,2026-09-20T04:42:10.605360Z,7675.458876,7,0.2301,8.691873098651802,7.241523650062792,3.107,69.6969696969697,8.691873098651802,65.05373219400683,0,0,0,0,,False
GALA,2026-09-20T02:42:24.726Z,2026-09-20T02:42:24.727287Z,2026-09-20T04:42:24.727287Z,7661.336949,7,0.001882,10.626992561104313,4.845360824742262,0.414,64.01515151515152,10.626992561104313,60.232427764266,0,0,0,0,,False
HEMI,2026-09-20T02:42:42.713Z,2026-09-20T02:42:42.713567Z,2026-09-20T04:42:42.713567Z,7643.350669,7,0.0066549999999999995,15.026296018032248,6.99088145896657,-0.904,61.36363636363637,15.026296018032248,63.56038097155022,3,3,0,0,-0.3333,False
HOME,2026-09-20T02:42:48.288Z,2026-09-20T02:42:48.288539Z,2026-09-20T04:42:48.288539Z,7637.775697,7,0.006670000000000001,29.985007496251953,12.631578947368416,10.833,62.121212121212125,29.985007496251953,51.09376512962851,1,1,0,0,1.0,False
NEO,2026-09-20T02:43:06.953Z,2026-09-20T02:43:06.954151Z,2026-09-20T04:43:06.954151Z,7619.110085,7,2.386,8.382229673093981,7.6320132013201345,3.545,59.84848484848485,8.382229673093981,56.956290252279,3,2,1,0,1.0,False
SOLV,2026-09-20T02:44:05.609Z,2026-09-20T02:44:05.609701Z,2026-09-20T04:44:05.609701Z,7560.454535,7,0.00455,43.95604395604407,16.45299145299145,18.182,59.09090909090909,43.95604395604407,78.90456857078085,1,1,0,0,1.0,False
SOMI,2026-09-20T02:44:10.575Z,2026-09-20T02:44:10.575278Z,2026-09-20T04:44:10.575278Z,7555.488958,7,0.19619999999999999,10.193679918450854,8.117529880478092,1.363,58.71212121212121,10.193679918450854,72.83308232990629,1,1,0,0,1.0,False
SOPH,2026-09-20T02:44:17.503Z,2026-09-20T02:44:17.503939Z,2026-09-20T04:44:17.503939Z,7548.560297,7,0.00434,46.08294930875588,9.54545454545453,4.762,62.878787878787875,46.08294930875588,71.35544060916229,0,0,0,0,,False
BB,2026-09-20T02:50:11.018Z,2026-09-20T02:50:11.018207Z,2026-09-20T04:50:11.018207Z,7795.096729,7,0.008584999999999999,34.9446709376826,5.281285878300808,1.752,45.45454545454545,34.9446709376826,61.24867441917739,2,2,0,0,1.0,False
BERA,2026-09-20T02:50:16.482Z,2026-09-20T02:50:16.483112Z,2026-09-20T04:50:16.483112Z,7789.631824,7,0.21134999999999998,4.731488052993459,15.700593336376079,9.386,50.75757575757576,4.731488052993459,71.83117514277548,1,0,0,1,-1.0,False
ERA,2026-09-20T02:50:28.479Z,2026-09-20T02:50:28.479779Z,2026-09-20T04:50:28.479779Z,7777.635157,7,0.06245,16.012810248199017,4.746835443037979,2.764,43.93939393939394,16.012810248199017,68.27719369655782,0,0,0,0,,False
EUL,2026-09-20T02:50:35.281Z,2026-09-20T02:50:35.282000Z,2026-09-20T04:50:35.282000Z,7770.832936,7,1.4135,21.223912274496737,8.192090395480234,3.207,44.696969696969695,21.223912274496737,49.07153710511364,0,0,0,0,,False
IMX,2026-09-20T02:50:44.868Z,2026-09-20T02:50:44.868313Z,2026-09-20T04:50:44.868313Z,7761.246623,7,0.13755,7.270083605960668,10.403397027600843,5.448,51.13636363636363,7.270083605960668,56.65870363090105,4,2,2,0,1.0,False
KAITO,2026-09-20T02:50:49.669Z,2026-09-20T02:50:49.669525Z,2026-09-20T04:50:49.669525Z,7756.445411,7,0.34504999999999997,14.49065352847415,5.882352941176473,3.212,42.04545454545455,14.49065352847415,56.57635938378819,0,0,0,0,,False
MINA,2026-09-20T02:51:09.966Z,2026-09-20T02:51:09.966948Z,2026-09-20T04:51:09.966948Z,7736.147988,7,0.10495,28.58504049547353,15.004659832246043,1.226,43.56060606060606,28.58504049547353,64.72392914462442,0,0,0,0,,False
MUBARAK,2026-09-20T02:51:25.224Z,2026-09-20T02:51:25.224507Z,2026-09-20T04:51:25.224507Z,7720.890429,7,0.032600000000000004,18.40490797545937,4.7149460708782645,0.216,47.34848484848485,18.40490797545937,59.81834183111421,1,0,0,1,-1.0,False
NEIRO,2026-09-20T02:51:31.695Z,2026-09-20T02:51:31.696182Z,2026-09-20T04:51:31.696182Z,7714.418754,7,9.0775e-05,12.117873863949024,8.453121647715081,0.518,40.53030303030303,12.117873863949024,41.96187480354177,0,0,0,0,,False
ONT,2026-09-20T02:51:44.684Z,2026-09-20T02:51:44.685296Z,2026-09-20T04:51:44.685296Z,7701.42964,7,0.054544999999999996,16.500137501145808,6.07714701601165,2.537,48.484848484848484,16.500137501145808,63.75823974460482,1,0,1,0,1.0,False
PARTI,2026-09-20T02:51:49.474Z,2026-09-20T02:51:49.474370Z,2026-09-20T04:51:49.474370Z,7696.640566,7,0.02445,40.89979550102225,6.425702811244969,2.469,40.90909090909091,40.89979550102225,63.96193111723654,0,0,0,0,,False
USDE,2026-09-20T02:53:04.757Z,2026-09-20T02:53:04.757656Z,2026-09-20T04:53:04.757656Z,7621.35728,7,0.99995,1.000050002500015,0.0300030003000267,-0.01,42.42424242424242,1.000050002500015,43.93532887404264,0,0,0,0,,False
W,2026-09-20T02:53:09.687Z,2026-09-20T02:53:09.687364Z,2026-09-20T04:53:09.687364Z,7616.427572,7,0.010985,27.309968138369392,6.583629893238443,1.353,53.78787878787879,27.309968138369392,59.86408517955862,2,0,2,0,1.0,False
ZK,2026-09-20T02:53:26.170Z,2026-09-20T02:53:26.170964Z,2026-09-20T04:53:26.170964Z,7599.943972,7,0.011845000000000001,42.21190375685918,8.71021775544388,8.25,53.40909090909091,42.21190375685918,68.053684181583,1,1,0,0,1.0,False
BABY,2026-09-20T02:59:21.626Z,2026-09-20T02:59:21.626964Z,2026-09-20T04:59:21.626964Z,7244.487972,7,0.011779999999999999,33.95585738539907,5.531914893617032,3.433,32.196969696969695,33.95585738539907,51.01036499816526,2,1,1,0,1.0,False
CETUS,2026-09-20T02:59:42.873Z,2026-09-20T02:59:42.873924Z,2026-09-20T04:59:42.873924Z,7223.241012,7,0.023545,21.235931195583536,12.469033856317102,7.644,32.57575757575758,21.235931195583536,55.96905769374552,1,0,1,0,-1.0,False
CKB,2026-09-20T02:59:48.492Z,2026-09-20T02:59:48.492768Z,2026-09-20T04:59:48.492768Z,7217.622168,7,0.001216,16.447368421053028,6.009615384615383,3.397,32.95454545454545,16.447368421053028,53.371620149888834,0,0,0,0,,False
DYM,2026-09-20T03:00:02.879Z,2026-09-20T03:00:02.880126Z,2026-09-20T05:00:02.880126Z,7203.23481,7,0.017035,64.57293806868356,9.111747851002871,5.12,28.03030303030303,64.57293806868356,41.04598687234377,0,0,0,0,,False
EDEN,2026-09-20T03:00:10.889Z,2026-09-20T03:00:10.889959Z,2026-09-20T05:00:10.889959Z,7794.791002,7,0.05216,11.50306748466211,5.803148113028636,-1.494,31.060606060606062,11.50306748466211,40.26403619835981,1,0,1,0,1.0,False
ENSO,2026-09-20T03:00:21.493Z,2026-09-20T03:00:21.493373Z,2026-09-20T05:00:21.493373Z,7784.187588,7,0.9444999999999999,10.587612493382753,3.448275862068969,0.314,31.818181818181817,10.587612493382753,42.69330680976583,0,0,0,0,,False
ETC,2026-09-20T03:00:26.795Z,2026-09-20T03:00:26.795467Z,2026-09-20T05:00:26.795467Z,7778.885494,7,8.285,36.21001810501043,7.485380116959049,2.888,34.46969696969697,36.21001810501043,51.99191974801888,2,1,1,0,1.0,False
FF,2026-09-20T03:00:32.270Z,2026-09-20T03:00:32.270294Z,2026-09-20T05:00:32.270294Z,7773.410667,7,0.12854,31.11871790882089,3.603885929175801,1.941,37.5,31.11871790882089,43.76809967668828,0,0,0,0,,False
GRT,2026-09-20T03:00:40.488Z,2026-09-20T03:00:40.488597Z,2026-09-20T05:00:40.488597Z,7765.192364,7,0.020765,43.34216229231871,4.777830864787391,3.002,39.015151515151516,43.34216229231871,47.71951424007822,0,0,0,0,,False
HYPER,2026-09-20T03:00:49.723Z,2026-09-20T03:00:49.723358Z,2026-09-20T05:00:49.723358Z,7755.957603,7,0.07125000000000001,14.035087719298646,4.0,1.826,28.78787878787879,14.035087719298646,61.115296027192265,0,0,0,0,,False
KMNO,2026-09-20T03:00:56.511Z,2026-09-20T03:00:56.511958Z,2026-09-20T05:00:56.511958Z,7749.169003,7,0.02746,14.566642388930022,5.2480230050323495,-1.382,37.121212121212125,14.566642388930022,55.04563581056898,2,2,0,0,1.0,False
LINEA,2026-09-20T03:01:01.621Z,2026-09-20T03:01:01.621812Z,2026-09-20T05:01:01.621812Z,7744.059149,7,0.0027540000000000004,14.524328249818797,5.516014234875436,2.48,38.25757575757576,14.524328249818797,64.71881618251896,0,0,0,0,,False
PNUT,2026-09-20T03:01:35.710Z,2026-09-20T03:01:35.710343Z,2026-09-20T05:01:35.710343Z,7709.970618,7,0.0519,38.535645472061425,7.532956685499053,1.336,33.333333333333336,38.535645472061425,67.25065972875949,0,0,0,0,,False
SHELL,2026-09-20T03:01:46.850Z,2026-09-20T03:01:46.850987Z,2026-09-20T05:01:46.850987Z,7698.829974,7,0.0234,85.47008547008495,12.554112554112567,5.0,35.60606060606061,85.47008547008495,63.88957365397145,1,1,0,0,1.0,False
TNSR,2026-09-20T03:02:01.341Z,2026-09-20T03:02:01.341446Z,2026-09-20T05:02:01.341446Z,7684.339515,7,0.035750000000000004,27.972027972026826,5.524861878453043,0.556,26.893939393939394,27.972027972026826,62.499750101319805,2,0,0,2,-1.0,False
TST,2026-09-20T03:02:08.349Z,2026-09-20T03:02:08.350119Z,2026-09-20T05:02:08.350119Z,7677.330842,7,0.015385,19.49951251218753,5.612903225806458,-4.084,37.878787878787875,19.49951251218753,32.96330728450776,1,1,0,0,-1.0,False
1INCH,2026-09-20T03:08:07.125Z,2026-09-20T03:08:07.125523Z,2026-09-20T05:08:07.125523Z,7318.555438,7,0.09659999999999999,20.703933747411167,3.2786885245901725,-0.408,15.530303030303031,20.703933747411167,29.628916502631533,0,0,0,0,,False
2Z,2026-09-20T03:08:11.950Z,2026-09-20T03:08:11.950339Z,2026-09-20T05:08:11.950339Z,7313.730622,7,0.04962,16.122531237405013,4.060713581707075,1.99,17.045454545454547,16.122531237405013,50.12164823291753,0,0,0,0,,False
API3,2026-09-20T03:08:28.297Z,2026-09-20T03:08:28.297425Z,2026-09-20T05:08:28.297425Z,7297.383536,7,0.24864999999999998,28.152020912930073,5.080740448995665,2.752,14.015151515151516,28.152020912930073,68.41952559226196,0,0,0,0,,False
ARKM,2026-09-20T03:08:34.939Z,2026-09-20T03:08:34.939716Z,2026-09-20T05:08:34.939716Z,7290.741245,7,0.11085,9.021199819576262,5.938864628820961,3.808,16.28787878787879,9.021199819576262,49.94606035299617,0,0,0,0,,False
BANANA,2026-09-20T03:08:47.349Z,2026-09-20T03:08:47.350141Z,2026-09-20T05:08:47.350141Z,7278.33082,7,4.006,39.940089865202225,1.8463810930576114,-0.074,13.257575757575758,39.940089865202225,42.919021143033774,1,1,0,0,1.0,False
BLUR,2026-09-20T03:09:02.292Z,2026-09-20T03:09:02.292451Z,2026-09-20T05:09:02.292451Z,7263.38851,7,0.01883,21.24269782262261,6.43305439330543,3.519,13.636363636363637,21.24269782262261,57.33002259308456,0,0,0,0,,False
BMT,2026-09-20T03:09:08.437Z,2026-09-20T03:09:08.437347Z,2026-09-20T05:09:08.437347Z,7257.243614,7,0.020130000000000002,19.870839542971602,5.15773660490736,2.938,17.424242424242426,19.870839542971602,57.9741294144442,0,0,0,0,,False
COW,2026-09-20T03:09:15.276Z,2026-09-20T03:09:15.276975Z,2026-09-20T05:09:15.276975Z,7250.403986,7,0.15860000000000002,25.220680958384843,8.057464084946906,8.69,24.242424242424242,25.220680958384843,75.46257455002609,0,0,0,0,,False
DOGS,2026-09-20T03:09:21.151Z,2026-09-20T03:09:21.151752Z,2026-09-20T05:09:21.151752Z,7244.529209,7,4.669e-05,4.283572499463787,4.228285773797124,0.042,23.106060606060606,4.283572499463787,43.39265340657596,0,0,0,0,,False
FORM,2026-09-20T03:09:40.341Z,2026-09-20T03:09:40.342078Z,2026-09-20T05:09:40.342078Z,7225.338883,7,0.25585,27.35978112175018,4.830734119437044,-2.377,23.863636363636363,27.35978112175018,39.29467034342151,0,0,0,0,,False
KAIA,2026-09-20T03:10:07.484Z,2026-09-20T03:10:07.484832Z,2026-09-20T05:10:07.484832Z,7798.48465,7,0.029650000000000003,33.72681281618866,2.970297029702975,0.664,19.696969696969695,33.72681281618866,60.92562735794184,1,0,1,0,1.0,False
KERNEL,2026-09-20T03:10:12.504Z,2026-09-20T03:10:12.504942Z,2026-09-20T05:10:12.504942Z,7793.46454,7,0.0421,47.50593824228,3.27868852459016,0.235,23.484848484848484,47.50593824228,54.66740861625453,0,0,0,0,,False
LAYER,2026-09-20T03:10:20.378Z,2026-09-20T03:10:20.378570Z,2026-09-20T05:10:20.378570Z,7785.590912,7,0.07189999999999999,27.81641168289178,2.8649386084583965,0.964,18.560606060606062,27.81641168289178,67.61525043214667,0,0,0,0,,False
MANTA,2026-09-20T03:10:25.343Z,2026-09-20T03:10:25.343836Z,2026-09-20T05:10:25.343836Z,7780.625646,7,0.06515499999999999,13.813214642006429,7.035100821508598,6.337,18.181818181818183,13.813214642006429,62.19473374033526,1,1,0,0,1.0,False
OPEN,2026-09-20T03:10:37.333Z,2026-09-20T03:10:37.333385Z,2026-09-20T05:10:37.333385Z,7768.636097,7,0.14734999999999998,20.359687818119767,4.752206381534289,1.516,9.848484848484848,20.359687818119767,50.7518844637092,5,4,1,0,1.0,False
OSMO,2026-09-20T03:10:47.763Z,2026-09-20T03:10:47.763435Z,2026-09-20T05:10:47.763435Z,7758.206047,7,0.03495,28.6123032904157,7.102272727272714,-3.297,22.727272727272727,28.6123032904157,45.952574058051965,0,0,0,0,,False
SXT,2026-09-20T03:11:19.121Z,2026-09-20T03:11:19.121929Z,2026-09-20T05:11:19.121929Z,7726.847553,7,0.008515,11.743981209629585,7.381776239907727,0.814,10.227272727272727,11.743981209629585,41.01891828050323,0,0,0,0,,False
1MBABYDOGE,2026-09-20T03:17:13.060Z,2026-09-20T03:17:13.061090Z,2026-09-20T05:17:13.061090Z,7372.908392,7,0.00038555,23.34327583971007,2.8885480572597144,-0.433,6.0606060606060606,23.34327583971007,57.729224249674026,3,3,0,0,1.0,False
AIXBT,2026-09-20T03:17:24.817Z,2026-09-20T03:17:24.817534Z,2026-09-20T05:17:24.817534Z,7361.151948,7,0.0207,28.985507246375633,3.2520325203252036,-0.476,4.545454545454546,28.985507246375633,27.805209706735774,3,2,0,1,0.3333,False
AT,2026-09-20T03:17:31.975Z,2026-09-20T03:17:31.975410Z,2026-09-20T05:17:31.975410Z,7353.994072,7,0.14225,21.089630931458327,5.0477489768076325,-2.267,4.166666666666667,21.089630931458327,43.17415182340938,0,0,0,0,,False
BNB,2026-09-20T03:17:46.156Z,2026-09-20T03:17:46.156216Z,2026-09-20T05:17:46.156216Z,7339.813266,7,748.755,0.1335550346907988,2.2187504102718925,-0.118,95.83333333333333,0.1335550346907988,52.84400496551274,9,3,5,1,0.5556,False
BTC,2026-09-20T03:17:51.110Z,2026-09-20T03:17:51.111164Z,2026-09-20T05:17:51.111164Z,7334.858318,7,80495.82500000001,0.0012423004540622212,1.3069764235403731,-0.225,100.0,0.0012423004540622212,55.657813805370104,32,10,16,6,0.5,False
CGPT,2026-09-20T03:17:58.469Z,2026-09-20T03:17:58.469592Z,2026-09-20T05:17:58.469592Z,7327.49989,7,0.020275,54.25400739827495,4.727095516569194,1.988,6.4393939393939394,54.25400739827495,38.33865382381925,1,1,0,0,1.0,False
ETH,2026-09-20T03:18:13.677Z,2026-09-20T03:18:13.677865Z,2026-09-20T05:18:13.677865Z,7312.291617,7,2577.885,0.03879148992202341,2.158602920125973,0.259,99.62121212121212,0.03879148992202341,59.00536367432383,46,19,21,6,0.3043,False
EUR,2026-09-20T03:18:17.586Z,2026-09-20T03:18:17.586560Z,2026-09-20T05:18:17.586560Z,7308.382922,7,1.1496499999999998,0.8698299482450224,0.18262457605009053,-0.052,97.34848484848484,0.8698299482450224,67.40557776415075,0,0,0,0,,False
GMT,2026-09-20T03:18:26.836Z,2026-09-20T03:18:26.836911Z,2026-09-20T05:18:26.836911Z,7299.132571,7,0.00771,25.940337224383985,3.9692701664532586,1.035,1.893939393939394,25.940337224383985,54.69800381477693,8,1,7,0,0.875,False
HAEDAL,2026-09-20T03:18:31.691Z,2026-09-20T03:18:31.692142Z,2026-09-20T05:18:31.692142Z,7294.27734,7,0.019725,55.76679340937845,3.2630522088353304,0.252,4.924242424242424,55.76679340937845,59.656114373510206,2,1,1,0,1.0,False
HUMA,2026-09-20T03:18:42.678Z,2026-09-20T03:18:42.678752Z,2026-09-20T05:18:42.678752Z,7283.29073,7,0.024245,53.61930294906091,6.863953966296759,-4.626,3.409090909090909,53.61930294906091,36.04054410477613,1,1,0,0,1.0,False
INJ,2026-09-20T03:18:48.317Z,2026-09-20T03:18:48.317621Z,2026-09-20T05:18:48.317621Z,7277.651861,7,7.539999999999999,10.610079575596826,19.960129578868692,18.904,94.6969696969697,10.610079575596826,69.02634775913013,14,8,5,1,0.7143,False
LISTA,2026-09-20T03:18:58.249Z,2026-09-20T03:18:58.249695Z,2026-09-20T05:18:58.249695Z,7267.719787,7,0.0795,25.157232704403235,4.074074074074071,0.998,1.5151515151515151,25.157232704403235,49.525291292954755,0,0,0,0,,False
NEAR,2026-09-20T03:19:03.851Z,2026-09-20T03:19:03.851584Z,2026-09-20T05:19:03.851584Z,7262.117898,7,3.4645,2.8864193967380283,14.098634717191425,-6.512,96.96969696969697,2.8864193967380283,58.89675409052013,15,7,8,0,0.8,False
NEWT,2026-09-20T03:19:11.842Z,2026-09-20T03:19:11.842602Z,2026-09-20T05:19:11.842602Z,7254.12688,7,0.04509,22.17786648924437,3.2527472527472576,1.291,7.575757575757576,22.17786648924437,67.8484786933797,0,0,0,0,,False
NOM,2026-09-20T03:19:19.266Z,2026-09-20T03:19:19.266673Z,2026-09-20T05:19:19.266673Z,7246.702809,7,0.001685,59.347181008902226,4.705882352941177,2.41,7.954545454545454,59.347181008902226,61.99420459423867,0,0,0,0,,False
VANA,2026-09-20T03:20:09.196Z,2026-09-20T03:20:09.196532Z,2026-09-20T05:20:09.196532Z,7796.429835,7,1.09,36.69724770642205,10.319634703196346,4.585,9.090909090909092,36.69724770642205,45.32070478043007,0,0,0,0,,False
WCT,2026-09-20T03:20:16.310Z,2026-09-20T03:20:16.311169Z,2026-09-20T05:20:16.311169Z,7789.315198,7,0.039959999999999996,15.015015015014406,9.191720059142446,4.48,7.196969696969697,15.015015015014406,41.43448541996261,0,0,0,0,,False
XRP,2026-09-20T03:20:21.139Z,2026-09-20T03:20:21.139860Z,2026-09-20T05:20:21.139860Z,7784.486507,7,1.3811499999999999,0.7240343192266517,4.1259887408252025,-0.862,99.24242424242425,0.7240343192266517,53.155552393775345,30,10,14,6,0.2333,False
YB,2026-09-20T03:20:27.928Z,2026-09-20T03:20:27.928605Z,2026-09-20T05:20:27.928605Z,7777.697762,7,0.08675,57.63688760806922,2.7303754266211593,-0.227,2.6515151515151514,57.63688760806922,59.66278837194153,0,0,0,0,,False
ZBT,2026-09-20T03:20:32.989Z,2026-09-20T03:20:32.990015Z,2026-09-20T05:20:32.990015Z,7772.636352,7,0.08124999999999999,12.307692307692662,2.926829268292682,-0.606,0.7575757575757576,12.307692307692662,41.14340113803445,0,0,0,0,,False
ZEC,2026-09-20T03:20:38.356Z,2026-09-20T03:20:38.356958Z,2026-09-20T05:20:38.356958Z,7767.269409,7,1447.92,2.2100668545219095,9.842615999347625,-5.301,96.21212121212122,2.2100668545219095,61.7329844024415,28,16,9,3,0.6429,False
ADA,2026-09-20T03:26:15.162Z,2026-09-20T03:26:15.162777Z,2026-09-20T05:26:15.162777Z,7430.46359,7,0.22010000000000002,9.086778736938015,6.29645824223874,-0.218,93.93939393939394,9.086778736938015,64.61328351835972,19,9,6,4,0.2105,False
FDUSD,2026-09-20T03:26:43.042Z,2026-09-20T03:26:43.042525Z,2026-09-20T05:26:43.042525Z,7402.583842,7,0.99905,1.0009509033580801,0.1101211332465702,-0.06,93.56060606060606,1.0009509033580801,61.46164704324366,0,0,0,0,,False
HBAR,2026-09-20T03:26:52.419Z,2026-09-20T03:26:52.419351Z,2026-09-20T05:26:52.419351Z,7393.207016,7,0.08084,2.474022761010159,6.950371905865152,3.274,85.98484848484848,2.474022761010159,65.43260201928132,11,8,2,1,0.2727,False
JTO,2026-09-20T03:26:58.260Z,2026-09-20T03:26:58.260966Z,2026-09-20T05:26:58.260966Z,7387.365401,7,0.4875,16.41025641025688,11.579369857515546,10.219,85.60606060606061,16.41025641025688,73.79812842232998,2,2,0,0,1.0,False
JUP,2026-09-20T03:27:03.438Z,2026-09-20T03:27:03.439206Z,2026-09-20T05:27:03.439206Z,7382.187161,7,0.2712,14.749262536871532,7.824561403508767,5.088,87.5,14.749262536871532,74.64086429912625,8,2,6,0,1.0,False
LTC,2026-09-20T03:27:08.907Z,2026-09-20T03:27:08.907930Z,2026-09-20T05:27:08.907930Z,7376.718437,7,56.974999999999994,1.755155770074245,4.242110708742889,-1.578,91.66666666666667,1.755155770074245,56.07445872828266,10,6,2,2,0.6,False
ONDO,2026-09-20T03:27:15.302Z,2026-09-20T03:27:15.303033Z,2026-09-20T05:27:15.303033Z,7370.323334,7,0.40585,2.4639645189106565,11.991331567541538,2.341,90.15151515151516,2.4639645189106565,54.9365137487314,10,9,1,0,1.0,False
PENGU,2026-09-20T03:27:20.201Z,2026-09-20T03:27:20.201682Z,2026-09-20T05:27:20.201682Z,7365.424685,7,0.007686500000000001,1.300982241592575,7.887183327093471,1.136,89.77272727272727,1.300982241592575,53.246451399737,18,18,0,0,1.0,False
PEPE,2026-09-20T03:27:25.266Z,2026-09-20T03:27:25.266705Z,2026-09-20T05:27:25.266705Z,7360.359662,7,4.005e-06,24.968789013732597,14.285714285714285,8.267,92.42424242424242,24.968789013732597,66.24984615778855,16,15,0,1,0.75,False
PUMP,2026-09-20T03:27:30.234Z,2026-09-20T03:27:30.234804Z,2026-09-20T05:27:30.234804Z,7355.391563,7,0.003995500000000001,2.502815667626411,6.663447609850298,-2.196,88.25757575757575,2.502815667626411,49.92051402552778,21,20,1,0,0.8095,False
STRK,2026-09-20T03:27:35.592Z,2026-09-20T03:27:35.592470Z,2026-09-20T05:27:35.592470Z,7350.033897,7,0.045524999999999996,2.1965952773208266,22.86096256684493,3.673,89.01515151515152,2.1965952773208266,66.53805555797176,22,10,12,0,1.0,False
SYN,2026-09-20T03:27:40.495Z,2026-09-20T03:27:40.495863Z,2026-09-20T05:27:40.495863Z,7345.130504,7,0.23399999999999999,6.837606837607745,30.715916503587742,8.56,88.63636363636364,6.837606837607745,69.51761128236188,2,2,0,0,1.0,False
TAO,2026-09-20T03:27:45.702Z,2026-09-20T03:27:45.702948Z,2026-09-20T05:27:45.702948Z,7339.923419,7,252.8,7.911392405063966,8.396369137670204,4.671,93.18181818181819,7.911392405063966,58.55404872883198,25,12,10,3,0.52,False
TRUMP,2026-09-20T03:27:50.676Z,2026-09-20T03:27:50.676462Z,2026-09-20T05:27:50.676462Z,7334.949905,7,2.0255,4.9370525796094284,8.467360454115434,2.522,86.36363636363636,4.9370525796094284,64.77931700508893,4,2,1,1,1.0,False
WLD,2026-09-20T03:27:55.939Z,2026-09-20T03:27:55.939359Z,2026-09-20T05:27:55.939359Z,7329.687008,7,0.42385,7.07797569894932,6.152433425160695,1.373,87.87878787878788,7.07797569894932,59.565313331707465,0,0,0,0,,False
XLM,2026-09-20T03:28:00.981Z,2026-09-20T03:28:00.982046Z,2026-09-20T05:28:00.982046Z,7324.644321,7,0.19069999999999998,10.487676979549331,6.799591002044993,0.877,90.53030303030303,10.487676979549331,59.97094637322495,5,4,0,1,1.0,False
RAY,2026-09-20T03:35:06.325Z,2026-09-20T03:35:06.326691Z,2026-09-20T05:35:06.326691Z,7498.435064,7,1.6393,10.98029646800478,14.73684210526316,-1.724,78.78787878787878,10.98029646800478,52.66200298473848,20,13,6,1,0.8,False
SAGA,2026-09-20T03:35:16.028Z,2026-09-20T03:35:16.028641Z,2026-09-20T05:35:16.028641Z,7488.733114,7,0.02753,14.529604068289808,17.22832260507383,6.235,75.37878787878788,14.529604068289808,63.27963464047269,0,0,0,0,,False
SEI,2026-09-20T03:35:21.359Z,2026-09-20T03:35:21.359343Z,2026-09-20T05:35:21.359343Z,7483.402412,7,0.04789,4.176237210273373,6.595185110256926,2.446,71.96969696969697,4.176237210273373,61.6617675057528,1,1,0,0,1.0,False
XTZ,2026-09-20T03:36:09.492Z,2026-09-20T03:36:09.493167Z,2026-09-20T05:36:09.493167Z,7435.268588,7,0.3458,11.567379988431346,27.113283496262238,12.812,81.43939393939394,11.567379988431346,70.45035471559432,7,3,3,1,0.4286,False
BOME,2026-09-20T03:42:14.909Z,2026-09-20T03:42:14.910167Z,2026-09-20T05:42:14.910167Z,7670.171192,7,0.0009182999999999999,15.245562452357989,15.262763566306326,-5.569,57.95454545454545,15.245562452357989,49.658428395427634,3,2,0,1,0.3333,False
CHZ,2026-09-20T03:42:39.524Z,2026-09-20T03:42:39.524798Z,2026-09-20T05:42:39.524798Z,7645.556561,7,0.015085,6.629101756711695,4.248366013071893,1.526,54.92424242424242,6.629101756711695,63.532185727884496,9,4,2,3,0.1111,False
DYDX,2026-09-20T03:42:44.827Z,2026-09-20T03:42:44.828211Z,2026-09-20T05:42:44.828211Z,7640.253148,7,0.1285,18.677042801557818,8.45842089462624,4.436,65.15151515151516,18.677042801557818,71.74275413736642,1,1,0,0,1.0,False
ENS,2026-09-20T03:43:00.948Z,2026-09-20T03:43:00.949184Z,2026-09-20T05:43:00.949184Z,7624.132175,7,6.3,31.74603174603107,12.34567901234569,2.37,55.303030303030305,31.74603174603107,46.43962260099174,0,0,0,0,,False
VET,2026-09-20T03:45:05.666Z,2026-09-20T03:45:05.666480Z,2026-09-20T05:45:05.666480Z,7499.414879,7,0.008393000000000001,23.829381627547857,12.570093457943921,7.741,68.93939393939394,23.829381627547857,69.75744622834237,3,2,1,0,-0.3333,False
WIF,2026-09-20T03:45:10.613Z,2026-09-20T03:45:10.614001Z,2026-09-20T05:45:10.614001Z,7494.467358,7,0.20065,14.951407924245936,7.2822465492622594,-1.96,67.04545454545455,14.951407924245936,63.33276753458549,5,4,1,0,1.0,False
1000CHEEMS,2026-09-20T03:50:40.831Z,2026-09-20T03:50:40.831183Z,2026-09-20T05:50:40.831183Z,7764.06812,7,0.0005165,19.36108422071683,2.6819923371647536,0.578,41.28787878787879,19.36108422071683,60.63862831842341,1,1,0,0,1.0,False
ACH,2026-09-20T03:50:47.723Z,2026-09-20T03:50:47.724012Z,2026-09-20T05:50:47.724012Z,7757.175291,7,0.005835,17.137960582689963,8.112582781456954,2.721,51.89393939393939,17.137960582689963,73.6530569374371,0,0,0,0,,False
BIO,2026-09-20T03:51:02.318Z,2026-09-20T03:51:02.319027Z,2026-09-20T05:51:02.319027Z,7742.580276,7,0.02719,7.355645457888631,6.997500892538379,2.978,44.31818181818182,7.355645457888631,66.00403687380225,1,0,1,0,-1.0,False
GIGGLE,2026-09-20T03:51:17.894Z,2026-09-20T03:51:17.895048Z,2026-09-20T05:51:17.895048Z,7727.004255,7,36.115,8.306797729475601,3.4492198193265753,-1.695,40.15151515151515,8.306797729475601,68.24452900468162,1,0,0,1,-1.0,False
KITE,2026-09-20T03:51:38.189Z,2026-09-20T03:51:38.189382Z,2026-09-20T05:51:38.189382Z,7706.709921,7,0.11315,26.51347768448915,4.720279720279722,1.149,49.621212121212125,26.51347768448915,63.41571815253445,0,0,0,0,,False
MMT,2026-09-20T03:51:54.990Z,2026-09-20T03:51:54.990531Z,2026-09-20T05:51:54.990531Z,7689.908772,7,0.16205,18.512804689911906,6.679035250463825,1.316,47.72727272727273,18.512804689911906,71.25909987063561,6,6,0,0,0.6667,False
NIL,2026-09-20T03:52:11.652Z,2026-09-20T03:52:11.652933Z,2026-09-20T05:52:11.652933Z,7673.24637,7,0.049964999999999996,46.03222255578927,12.741999209798507,7.656,50.378787878787875,46.03222255578927,70.23010161687769,0,0,0,0,,False
REZ,2026-09-20T03:52:38.459Z,2026-09-20T03:52:38.459538Z,2026-09-20T05:52:38.459538Z,7646.439765,7,0.0036825,13.577732518668828,7.544654758731001,-2.748,41.666666666666664,13.577732518668828,37.646843076626816,0,0,0,0,,False
SKY,2026-09-20T03:53:02.214Z,2026-09-20T03:53:02.215077Z,2026-09-20T05:53:02.215077Z,7622.684226,7,0.06783,5.8970956803771735,6.585014409221908,-2.869,50.0,5.8970956803771735,50.95657431542605,0,0,0,0,,False
TRB,2026-09-20T03:53:20.409Z,2026-09-20T03:53:20.409385Z,2026-09-20T05:53:20.409385Z,7604.489918,7,17.91,22.333891680624873,7.6672104404567705,-0.595,54.166666666666664,22.333891680624873,61.69417728228551,0,0,0,0,,False
BROCCOLI714,2026-09-20T04:00:06.549Z,2026-09-20T04:00:06.549718Z,2026-09-20T06:00:06.549718Z,7798.152117,7,0.018675,69.61178045515297,5.240641711229936,-1.837,33.71212121212121,69.61178045515297,47.71261325906238,0,0,0,0,,False
CATI,2026-09-20T04:00:13.395Z,2026-09-20T04:00:13.395594Z,2026-09-20T06:00:13.395594Z,7791.306241,7,0.07034,17.059994313336507,19.106339764978962,2.743,36.36363636363637,17.059994313336507,50.23324096404157,0,0,0,0,,False
COMP,2026-09-20T04:00:32.761Z,2026-09-20T04:00:32.761397Z,2026-09-20T06:00:32.761397Z,7771.940438,7,21.259999999999998,18.81467544684981,5.284738041002279,2.57,27.272727272727273,18.81467544684981,75.13100603995868,6,3,3,0,0.6667,False
CVX,2026-09-20T04:00:39.468Z,2026-09-20T04:00:39.468827Z,2026-09-20T06:00:39.468827Z,7765.233008,7,1.907,41.95070791819615,4.509018036072137,-0.598,26.515151515151516,41.95070791819615,51.05573085581025,0,0,0,0,,False
ENJ,2026-09-20T04:00:57.907Z,2026-09-20T04:00:57.907493Z,2026-09-20T06:00:57.907493Z,7746.794342,7,0.027115,62.695924764890286,4.292469989086943,0.512,24.62121212121212,62.695924764890286,63.72545906343192,0,0,0,0,,False
HOLO,2026-09-20T04:01:24.830Z,2026-09-20T04:01:24.831220Z,2026-09-20T06:01:24.831220Z,7719.870615,7,0.0601,33.277870216305956,4.590163934426225,1.161,35.22727272727273,33.277870216305956,70.84131492276377,0,0,0,0,,False
MEME,2026-09-20T04:02:05.018Z,2026-09-20T04:02:05.018784Z,2026-09-20T06:02:05.018784Z,7679.683051,7,0.0005645,17.714791851194256,5.3633217993079585,1.582,26.136363636363637,17.714791851194256,70.14369909607558,52,42,9,1,0.8077,False
SSV,2026-09-20T04:02:43.155Z,2026-09-20T04:02:43.155315Z,2026-09-20T06:02:43.155315Z,7641.54652,7,3.0700000000000003,32.57328990228088,13.128402177393536,-2.498,35.984848484848484,32.57328990228088,52.92435315587059,0,0,0,0,,False
GUN,2026-09-20T04:08:39.037Z,2026-09-20T04:08:39.037544Z,2026-09-20T06:08:39.037544Z,7285.664291,7,0.0028850000000000004,34.66204506065866,9.152542372881351,7.273,28.40909090909091,34.66204506065866,72.18106172890417,2,1,0,1,1.0,False
IO,2026-09-20T04:08:44.647Z,2026-09-20T04:08:44.648150Z,2026-09-20T06:08:44.648150Z,7280.053685,7,0.14115,21.253985122212004,4.338698390482863,-0.902,25.0,21.253985122212004,65.11243398197384,2,0,1,1,1.0,False
1000CAT,2026-09-20T04:09:09.196Z,2026-09-20T04:09:09.196815Z,2026-09-20T06:09:09.196815Z,7255.50502,7,0.0020715,24.137098720732787,4.925156929019781,-3.134,11.742424242424242,24.137098720732787,35.525668476983505,0,0,0,0,,False
ANIME,2026-09-20T04:09:38.668Z,2026-09-20T04:09:38.668938Z,2026-09-20T06:09:38.668938Z,7226.032897,7,0.00315,63.49206349206366,5.642633228840126,1.917,16.28787878787879,63.49206349206366,43.302628645019965,0,0,0,0,,False
AUCTION,2026-09-20T04:09:54.672Z,2026-09-20T04:09:54.672243Z,2026-09-20T06:09:54.672243Z,7210.029592,7,3.5075000000000003,25.659301496792292,5.433854907539126,-0.142,10.227272727272727,25.659301496792292,59.94279944463391,0,0,0,0,,False
BANANAS31,2026-09-20T04:10:06.841Z,2026-09-20T04:10:06.841575Z,2026-09-20T06:10:06.841575Z,7798.003897,7,0.0076705,11.733263802881593,4.770547057298422,-0.233,20.833333333333332,11.733263802881593,63.748748640904616,0,0,0,0,,False
BARD,2026-09-20T04:10:14.644Z,2026-09-20T04:10:14.644945Z,2026-09-20T06:10:14.644945Z,7790.200527,7,0.12969999999999998,15.420200462606457,5.945945945945934,1.093,12.121212121212121,15.420200462606457,62.37412632938407,0,0,0,0,,False
FLUX,2026-09-20T04:10:28.735Z,2026-09-20T04:10:28.735459Z,2026-09-20T06:10:28.735459Z,7776.110013,7,0.058550000000000005,17.079419299743112,7.216494845360817,2.285,13.636363636363637,17.079419299743112,63.549965779271076,0,0,0,0,,False
GPS,2026-09-20T04:10:46.285Z,2026-09-20T04:10:46.285695Z,2026-09-20T06:10:46.285695Z,7758.559777,7,0.010714999999999999,27.998133457769963,4.267161410018557,-2.0,14.015151515151516,27.998133457769963,60.78976453011357,0,0,0,0,,False
INIT,2026-09-20T04:10:50.784Z,2026-09-20T04:10:50.784274Z,2026-09-20T06:10:50.784274Z,7754.061198,7,0.07416500000000001,20.225173599406368,4.854760623991377,-2.415,19.696969696969695,20.225173599406368,54.01326913595739,0,0,0,0,,False
MITO,2026-09-20T04:11:16.151Z,2026-09-20T04:11:16.151415Z,2026-09-20T06:11:16.151415Z,7728.694057,7,0.01528,52.35602094240851,11.478599221789889,4.119,14.393939393939394,52.35602094240851,52.19182575535754,1,0,1,0,1.0,False
RED,2026-09-20T04:11:44.900Z,2026-09-20T04:11:44.901198Z,2026-09-20T06:11:44.901198Z,7699.944274,7,0.15335,84.77339419628274,5.6704469646431,2.601,16.666666666666668,84.77339419628274,51.013080005824115,0,0,0,0,,False
ACT,2026-09-20T04:18:10.347Z,2026-09-20T04:18:10.347534Z,2026-09-20T06:18:10.347534Z,7314.497938,7,0.010565000000000001,28.395646000947004,5.283381364073008,0.872,5.681818181818182,28.395646000947004,63.81684720967666,0,0,0,0,,False
AVAX,2026-09-20T04:18:26.634Z,2026-09-20T04:18:26.634760Z,2026-09-20T06:18:26.634760Z,7298.210712,7,9.7095,3.089757454039975,25.78108618158943,11.595,95.45454545454545,3.089757454039975,69.19138790801163,25,13,8,4,0.44,False
BFUSD,2026-09-20T04:18:31.553Z,2026-09-20T04:18:31.553732Z,2026-09-20T06:18:31.553732Z,7293.29174,7,0.9997,10.00300090027009,0.09998000399920025,0.0,0.3787878787878788,10.00300090027009,51.71264937367707,0,0,0,0,,
NXPC,2026-09-20T04:20:00.556Z,2026-09-20T04:20:00.557206Z,2026-09-20T06:20:00.557206Z,7204.288266,7,0.22465,22.256843979523723,4.587973273942095,-0.178,2.6515151515151514,22.256843979523723,61.18770516209309,0,0,0,0,,True
SAPIEN,2026-09-20T04:20:07.631Z,2026-09-20T04:20:07.632018Z,2026-09-20T06:20:07.632018Z,7797.731631,7,0.07555,13.236267372601304,4.095112285336863,0.531,6.818181818181818,13.236267372601304,50.653252103756884,0,0,0,0,,False
SOL,2026-09-20T04:20:12.398Z,2026-09-20T04:20:12.398751Z,2026-09-20T06:20:12.398751Z,7792.964898,7,108.475,0.9218713989403194,5.560150721441041,-3.997,98.86363636363636,0.9218713989403194,53.81068426045302,41,20,13,8,0.6585,False
SUI,2026-09-20T04:20:17.816Z,2026-09-20T04:20:17.816749Z,2026-09-20T06:20:17.816749Z,7787.5469,7,0.82405,1.2135185971737155,9.731502855060132,-1.224,98.10606060606061,1.2135185971737155,59.88462306626129,4,2,1,1,0.5,False
TLM,2026-09-20T04:20:24.567Z,2026-09-20T04:20:24.567312Z,2026-09-20T06:20:24.567312Z,7780.796337,7,0.0014685000000000002,34.048348655090315,3.840970350404311,3.199,4.545454545454546,34.048348655090315,67.83869566179843,1,0,1,0,1.0,False
TURTLE,2026-09-20T04:20:31.821Z,2026-09-20T04:20:31.821510Z,2026-09-20T06:20:31.821510Z,7773.542139,7,0.04185,23.89486260454071,3.1100478468899584,0.24,3.409090909090909,23.89486260454071,63.12350999364915,1,1,0,0,1.0,False
UMA,2026-09-20T04:20:42.678Z,2026-09-20T04:20:42.678728Z,2026-09-20T06:20:42.678728Z,7762.684921,7,0.3815,26.212319790301464,4.145077720207258,0.783,6.0606060606060606,26.212319790301464,47.05489042095523,0,0,0,0,,False
UNI,2026-09-20T04:20:47.982Z,2026-09-20T04:20:47.982687Z,2026-09-20T06:20:47.982687Z,7757.380962,7,8.818999999999999,4.535661639641184,11.973443223443216,-1.433,96.5909090909091,4.535661639641184,56.97202017709644,48,31,15,2,0.6042,False
USD1,2026-09-20T04:20:51.118Z,2026-09-20T04:20:51.118350Z,2026-09-20T06:20:51.118350Z,7754.245299,7,0.99975,1.0002500625155186,0.05001500450134489,-0.02,98.48484848484848,1.0002500625155186,59.21948748679426,0,0,0,0,,False
APT,2026-09-20T04:27:14.990Z,2026-09-20T04:27:14.990321Z,2026-09-20T06:27:14.990321Z,7370.373328,7,0.7215,13.86001386001387,12.066574202496543,-6.485,90.9090909090909,13.86001386001387,52.656547794915795,3,2,1,0,0.3333,False
AR,2026-09-20T04:27:19.880Z,2026-09-20T04:27:19.880782Z,2026-09-20T06:27:19.880782Z,7365.482867,7,4.273999999999999,18.717828731867122,31.673021925643475,10.712,91.28787878787878,18.717828731867122,60.22973476579685,0,0,0,0,,False
ARB,2026-09-20T04:27:25.052Z,2026-09-20T04:27:25.052932Z,2026-09-20T06:27:25.052932Z,7360.310717,7,0.2108,9.48766603415587,9.003215434083604,0.787,92.04545454545455,9.48766603415587,69.73881597538629,12,7,4,1,0.6667,False
BCH,2026-09-20T04:27:29.833Z,2026-09-20T04:27:29.833388Z,2026-09-20T06:27:29.833388Z,7355.530261,7,247.1,8.093889113718683,6.188925081433232,-1.286,85.60606060606061,8.093889113718683,54.67738076845009,7,4,3,0,0.1429,False
DOGE,2026-09-20T04:27:34.970Z,2026-09-20T04:27:34.971001Z,2026-09-20T06:27:34.971001Z,7350.392648,7,0.08529500000000001,1.1724016648099094,7.413893753648564,-2.836,92.8030303030303,1.1724016648099094,49.1435149643372,14,9,4,1,0.7857,False
FET,2026-09-20T04:27:41.848Z,2026-09-20T04:27:41.848888Z,2026-09-20T06:27:41.848888Z,7343.514761,7,0.17015,5.877167205406347,8.134805345729234,-5.283,85.98484848484848,5.877167205406347,42.9329902282994,5,0,3,2,0.2,False
GRAM,2026-09-20T04:27:48.870Z,2026-09-20T04:27:48.870856Z,2026-09-20T06:27:48.870856Z,7336.492793,7,1.3835,7.228044813877051,3.6416605972323413,-0.435,87.12121212121212,7.228044813877051,71.95372115419951,6,1,5,0,-0.3333,False
AAVE,2026-09-20T04:34:23.798Z,2026-09-20T04:34:23.798274Z,2026-09-20T06:34:23.798274Z,7542.410709,7,136.92000000000002,7.303534910896459,8.158950054684649,-4.658,84.84848484848484,7.303534910896459,46.67196645069217,2,1,1,0,1.0,False
BANK,2026-09-20T04:34:41.844Z,2026-09-20T04:34:41.844355Z,2026-09-20T06:34:41.844355Z,7524.364628,7,0.034699999999999995,57.636887608068825,34.74576271186441,20.0,76.13636363636364,57.636887608068825,59.90979104078561,4,3,0,1,-0.5,False
CRV,2026-09-20T04:35:02.687Z,2026-09-20T04:35:02.687789Z,2026-09-20T06:35:02.687789Z,7503.521194,7,0.3318,12.055455093430124,7.023917650620648,-3.393,82.95454545454545,12.055455093430124,48.16234191745259,3,2,1,0,0.3333,False
DOT,2026-09-20T04:35:15.305Z,2026-09-20T04:35:15.305379Z,2026-09-20T06:35:15.305379Z,7490.903604,7,1.0815000000000001,9.246417013408339,6.623735050597983,-4.899,82.1969696969697,9.246417013408339,61.647352163407206,6,3,2,1,0.3333,False
ETHFI,2026-09-20T04:35:23.956Z,2026-09-20T04:35:23.956378Z,2026-09-20T06:35:23.956378Z,7482.252605,7,0.7019,14.24704373842429,6.69829751604801,-2.371,83.33333333333333,14.24704373842429,53.3317737679248,1,1,0,0,1.0,False
PAXG,2026-09-20T04:35:57.206Z,2026-09-20T04:35:57.207106Z,2026-09-20T06:35:57.207106Z,7449.001877,7,4362.535,0.022922452198591597,0.2716824364756108,-0.176,70.07575757575758,0.022922452198591597,51.968046010672154,2,0,1,1,0.0,False
PENDLE,2026-09-20T04:36:02.648Z,2026-09-20T04:36:02.648968Z,2026-09-20T06:36:02.648968Z,7443.560015,7,2.5835,11.612154054577566,9.722764545099558,-4.689,80.3030303030303,11.612154054577566,55.542730398026414,1,0,0,1,-1.0,False
POL,2026-09-20T04:36:10.186Z,2026-09-20T04:36:10.186700Z,2026-09-20T06:36:10.186700Z,7436.022283,7,0.10361999999999999,11.580775911985631,4.46523290577683,-3.084,71.5909090909091,11.580775911985631,50.07111499442483,8,6,2,0,0.5,False
RENDER,2026-09-20T04:36:18.857Z,2026-09-20T04:36:18.857832Z,2026-09-20T06:36:18.857832Z,7427.351151,7,1.5215,6.5724613867900885,7.561929595827907,-2.85,77.27272727272727,6.5724613867900885,57.722112418540334,2,0,2,0,0.0,False
SHIB,2026-09-20T04:36:32.480Z,2026-09-20T04:36:32.480568Z,2026-09-20T06:36:32.480568Z,7413.728415,7,5.365e-06,18.63932898415639,6.851851851851849,-1.639,81.43939393939394,18.63932898415639,57.7394646939194,3,2,1,0,1.0,False
STX,2026-09-20T04:36:38.240Z,2026-09-20T04:36:38.240976Z,2026-09-20T06:36:38.240976Z,7407.968007,7,0.32075,15.588464536243196,17.27781230577998,12.715,78.03030303030303,15.588464536243196,71.22527899924735,6,4,1,1,0.3333,False
SYRUP,2026-09-20T04:36:44.769Z,2026-09-20T04:36:44.769712Z,2026-09-20T06:36:44.769712Z,7401.439271,7,0.21550000000000002,9.280742459397016,4.553817847286117,-1.807,72.72727272727273,9.280742459397016,47.34952717783437,4,0,2,2,1.0,False
TIA,2026-09-20T04:36:49.964Z,2026-09-20T04:36:49.964752Z,2026-09-20T06:36:49.964752Z,7396.244231,7,0.41795000000000004,11.963153487259252,6.766917293233081,3.704,75.0,11.963153487259252,60.73394221764141,2,1,1,0,0.0,False
TRX,2026-09-20T04:36:55.254Z,2026-09-20T04:36:55.254789Z,2026-09-20T06:36:55.254789Z,7390.954194,7,0.34005,2.940744008233759,1.1176470588235206,0.384,81.81818181818181,2.940744008233759,68.26145728214449,43,9,34,0,0.7674,False
TWT,2026-09-20T04:37:02.230Z,2026-09-20T04:37:02.230661Z,2026-09-20T06:37:02.230661Z,7383.978322,7,0.5647500000000001,15.93625498007989,7.586933614330878,3.152,70.45454545454545,15.93625498007989,71.81855918052054,1,0,0,1,0.0,False
WLFI,2026-09-20T04:37:08.188Z,2026-09-20T04:37:08.189112Z,2026-09-20T06:37:08.189112Z,7378.019871,7,0.05835,17.13796058269115,3.9723661485319575,-1.195,71.21212121212122,17.13796058269115,64.55392867582441,2,1,1,0,0.0,False
XPL,2026-09-20T04:37:13.376Z,2026-09-20T04:37:13.376566Z,2026-09-20T06:37:13.376566Z,7372.832417,7,0.08995,4.446914952751348,8.718061190920057,0.718,79.16666666666667,4.446914952751348,53.21860509995313,2,1,1,0,1.0,False
ZEN,2026-09-20T04:37:29.841Z,2026-09-20T04:37:29.841713Z,2026-09-20T06:37:29.841713Z,7356.36727,7,7.648999999999999,10.458883514184873,10.934030045721748,-7.28,75.75757575757575,10.458883514184873,41.80646239704164,2,1,0,1,0.0,False
ZRO,2026-09-20T04:37:34.856Z,2026-09-20T04:37:34.856162Z,2026-09-20T06:37:34.856162Z,7351.352821,7,1.072,18.656716417910463,8.471454880294667,-5.318,78.4090909090909,18.656716417910463,64.86052092653506,2,2,0,0,1.0,False
FLOKI,2026-09-20T04:44:12.601Z,2026-09-20T04:44:12.601664Z,2026-09-20T06:44:12.601664Z,7554.509369,7,2.5335e-05,3.947108742846496,7.266982622432856,-2.164,62.878787878787875,3.947108742846496,61.29184512774912,0,0,0,0,,False
HEI,2026-09-20T04:44:29.366Z,2026-09-20T04:44:29.366916Z,2026-09-20T06:44:29.366916Z,7537.744117,7,0.1567,51.05296745373294,30.507425742574267,13.404,69.6969696969697,51.05296745373294,75.72403373834644,1,1,0,0,1.0,False
IOTA,2026-09-20T04:44:42.997Z,2026-09-20T04:44:42.997959Z,2026-09-20T06:44:42.997959Z,7524.113074,7,0.047,42.553191489362916,8.977035490605424,3.011,63.63636363636363,42.553191489362916,72.57307302146585,1,1,0,0,1.0,False
LDO,2026-09-20T04:44:50.703Z,2026-09-20T04:44:50.703911Z,2026-09-20T06:44:50.703911Z,7516.407122,7,0.4111,9.729992702505752,8.25090470446321,3.135,64.39393939393939,9.729992702505752,54.924907195235235,3,2,0,1,0.3333,False
ORCA,2026-09-20T04:45:11.006Z,2026-09-20T04:45:11.006334Z,2026-09-20T06:45:11.006334Z,7496.104699,7,1.4155,21.19392440833708,5.492957746478878,-2.873,60.22727272727273,21.19392440833708,63.926380657328465,1,1,0,0,1.0,False
ORDI,2026-09-20T04:45:17.189Z,2026-09-20T04:45:17.190146Z,2026-09-20T06:45:17.190146Z,7489.920887,7,4.48,13.392857142855666,9.092925260589933,-3.074,65.15151515151516,13.392857142855666,51.54368152813005,6,6,0,0,0.6667,False
PYTH,2026-09-20T04:45:25.036Z,2026-09-20T04:45:25.036696Z,2026-09-20T06:45:25.036696Z,7482.074337,7,0.058484999999999995,8.549200649739495,6.489325652321247,-4.266,56.81818181818182,8.549200649739495,51.398169527409976,3,1,2,0,1.0,False
RSR,2026-09-20T04:45:46.702Z,2026-09-20T04:45:46.703069Z,2026-09-20T06:45:46.703069Z,7460.407964,7,0.0015890000000000001,12.586532410321261,11.538461538461526,2.902,58.71212121212121,12.586532410321261,69.84382065417383,0,0,0,0,,False
RUNE,2026-09-20T04:45:51.786Z,2026-09-20T04:45:51.786281Z,2026-09-20T06:45:51.786281Z,7455.324752,7,0.5375000000000001,18.604651162790713,4.2830540037243985,-0.739,67.04545454545455,18.604651162790713,63.38454430750985,2,1,0,1,1.0,False
SPK,2026-09-20T04:46:13.903Z,2026-09-20T04:46:13.904208Z,2026-09-20T06:46:13.904208Z,7433.206825,7,0.0203715,19.14439290184858,5.895228367138485,-2.011,55.68181818181818,19.14439290184858,50.038580525740024,14,5,9,0,0.8571,False
VIRTUAL,2026-09-20T04:46:32.093Z,2026-09-20T04:46:32.093982Z,2026-09-20T06:46:32.093982Z,7415.017051,7,0.6468,12.36858379715558,6.1580882352941195,-3.375,68.56060606060606,12.36858379715558,59.04869098686209,3,1,2,0,1.0,False
MIRA,2026-09-20T04:53:26.054Z,2026-09-20T04:53:26.054407Z,2026-09-20T06:53:26.054407Z,7599.873898,7,0.04858,20.58460271716815,9.005513579742708,0.844,45.833333333333336,20.58460271716815,64.1470318526704,0,0,0,0,,False
PEOPLE,2026-09-20T04:54:00.865Z,2026-09-20T04:54:00.865525Z,2026-09-20T06:54:00.865525Z,7565.06278,7,0.00867,23.068050749712707,9.299655568312284,-2.025,44.31818181818182,23.068050749712707,52.349633033889546,0,0,0,0,,False
PHA,2026-09-20T04:54:07.054Z,2026-09-20T04:54:07.054268Z,2026-09-20T06:54:07.054268Z,7558.874037,7,0.03555,28.12939521800362,14.772727272727263,8.978,48.484848484848484,28.12939521800362,73.48104266954893,0,0,0,0,,False
PLUME,2026-09-20T04:54:12.034Z,2026-09-20T04:54:12.034252Z,2026-09-20T06:54:12.034252Z,7553.894053,7,0.013805000000000001,21.73125679101812,7.6313894888408935,-4.008,54.166666666666664,21.73125679101812,55.51751420048191,0,0,0,0,,False
ROSE,2026-09-20T04:54:21.764Z,2026-09-20T04:54:21.765124Z,2026-09-20T06:54:21.765124Z,7544.163181,7,0.007405,13.50438892640053,10.887096774193546,0.677,49.24242424242424,13.50438892640053,62.42147764729542,14,2,10,2,0.8571,False
SAHARA,2026-09-20T04:54:30.025Z,2026-09-20T04:54:30.025853Z,2026-09-20T06:54:30.025853Z,7535.902452,7,0.008855,11.29305477131518,10.067873303167422,-2.104,41.666666666666664,11.29305477131518,68.62162901662478,0,0,0,0,,False
THE,2026-09-20T04:54:45.677Z,2026-09-20T04:54:45.678122Z,2026-09-20T06:54:45.678122Z,7520.250183,7,0.07615,13.131976362442924,11.082138200782278,6.086,53.78787878787879,13.131976362442924,48.89331760146212,1,1,0,0,1.0,False
THETA,2026-09-20T04:54:52.832Z,2026-09-20T04:54:52.832646Z,2026-09-20T06:54:52.832646Z,7513.095659,7,0.21289999999999998,9.394081728511308,6.2471290767110705,-2.639,50.75757575757576,9.394081728511308,37.011968001408384,3,2,1,0,1.0,False
TREE,2026-09-20T04:55:00.401Z,2026-09-20T04:55:00.401609Z,2026-09-20T06:55:00.401609Z,7505.526696,7,0.043899999999999995,45.558086560364195,10.983981693363841,-2.889,51.515151515151516,45.558086560364195,44.86383561636959,1,1,0,0,1.0,False
TUT,2026-09-20T04:55:07.508Z,2026-09-20T04:55:07.508713Z,2026-09-20T06:55:07.508713Z,7498.419592,7,0.0208,19.230769230770118,5.854355069014748,-4.975,47.34848484848485,19.230769230770118,49.090120631453,2,2,0,0,1.0,False
USUAL,2026-09-20T04:55:18.708Z,2026-09-20T04:55:18.708581Z,2026-09-20T06:55:18.708581Z,7487.219724,7,0.012935,7.7309625048315365,11.240310077519378,5.824,40.90909090909091,7.7309625048315365,64.18804392721427,0,0,0,0,,False
WAL,2026-09-20T04:55:28.723Z,2026-09-20T04:55:28.723376Z,2026-09-20T06:55:28.723376Z,7477.204929,7,0.03195,31.298904538342057,9.404388714733551,0.314,43.56060606060606,31.298904538342057,52.079219965106965,0,0,0,0,,False
ZKC,2026-09-20T04:55:46.940Z,2026-09-20T04:55:46.940304Z,2026-09-20T06:55:46.940304Z,7458.988001,7,0.040400000000000005,49.5049504950492,3.980099502487555,-0.248,46.21212121212121,49.5049504950492,64.05981957097896,0,0,0,0,,False
ALT,2026-09-20T05:01:26.757Z,2026-09-20T05:01:26.758012Z,2026-09-20T07:01:26.758012Z,7718.297851,7,0.007095000000000001,14.094432699084509,5.492957746478881,0.709,29.166666666666668,14.094432699084509,54.69974150464354,1,1,0,0,1.0,False
AVNT,2026-09-20T05:01:34.870Z,2026-09-20T05:01:34.870616Z,2026-09-20T07:01:34.870616Z,7710.185247,7,0.10725000000000001,9.32400932400959,5.964585274930105,-0.371,39.39393939393939,9.32400932400959,57.838499328748135,1,1,0,0,1.0,False
AXS,2026-09-20T05:01:41.789Z,2026-09-20T05:01:41.789540Z,2026-09-20T07:01:41.789540Z,7703.266323,7,1.0025,9.975062344138554,4.183266932270921,-1.665,29.924242424242426,9.975062344138554,59.820883695808284,0,0,0,0,,False
BABY,2026-09-20T05:01:49.084Z,2026-09-20T05:01:49.084778Z,2026-09-20T07:01:49.084778Z,7695.971085,7,0.011665,25.717959708528742,5.527210884353752,2.261,32.196969696969695,25.717959708528742,69.8901952730245,0,0,0,0,,False
BEAMX,2026-09-20T05:01:55.802Z,2026-09-20T05:01:55.803241Z,2026-09-20T07:01:55.803241Z,7689.252622,7,0.0017905,16.755096341803768,15.02242152466369,-2.139,34.84848484848485,16.755096341803768,45.38096207268644,0,0,0,0,,False
CETUS,2026-09-20T05:02:14.857Z,2026-09-20T05:02:14.857383Z,2026-09-20T07:02:14.857383Z,7670.19848,7,0.02357,25.456088247773025,12.75876637093368,4.503,34.46969696969697,25.456088247773025,68.58965751578752,0,0,0,0,,False
CKB,2026-09-20T05:02:20.147Z,2026-09-20T05:02:20.147741Z,2026-09-20T07:02:20.147741Z,7664.908122,7,0.001229,16.273393002441402,6.301145662847793,-0.57,31.818181818181817,16.273393002441402,61.98501081048085,0,0,0,0,,False
DYM,2026-09-20T05:02:47.309Z,2026-09-20T05:02:47.309294Z,2026-09-20T07:02:47.309294Z,7637.746569,7,0.016735,53.77950403346268,9.413854351687396,2.55,26.515151515151516,53.77950403346268,46.708279134469464,1,1,0,0,1.0,False
MANTRA,2026-09-20T05:03:55.087Z,2026-09-20T05:03:55.087790Z,2026-09-20T07:03:55.087790Z,7569.968073,7,0.0043300000000000005,46.189376443418126,9.255079006772004,3.023,27.651515151515152,46.189376443418126,63.093585375915325,0,0,0,0,,False
NOT,2026-09-20T05:04:06.419Z,2026-09-20T05:04:06.419370Z,2026-09-20T07:04:06.419370Z,7558.636493,7,0.0004655,21.482277121374224,7.280513918629565,-2.708,31.060606060606062,21.482277121374224,56.06294020345866,0,0,0,0,,False
SAND,2026-09-20T05:04:21.009Z,2026-09-20T05:04:21.009739Z,2026-09-20T07:04:21.009739Z,7544.046124,7,0.039585,27.78830365037236,6.2469377756002045,2.229,37.878787878787875,27.78830365037236,76.48703392196056,8,4,2,2,-0.125,False
SNX,2026-09-20T05:04:33.087Z,2026-09-20T05:04:33.087631Z,2026-09-20T07:04:33.087631Z,7531.968232,7,0.22555,13.300820217247725,5.117935024477072,-0.795,34.09090909090909,13.300820217247725,61.663117974853236,1,0,1,0,1.0,False
TURBO,2026-09-20T05:04:58.219Z,2026-09-20T05:04:58.220198Z,2026-09-20T07:04:58.220198Z,7506.835665,7,0.000949,63.22444678609102,14.211076280041793,-3.819,30.681818181818183,63.22444678609102,57.493025901102264,0,0,0,0,,False
XVG,2026-09-20T05:05:05.828Z,2026-09-20T05:05:05.828301Z,2026-09-20T07:05:05.828301Z,7499.227562,7,0.0030264999999999997,29.737320337022616,6.4845292955892075,-3.617,31.439393939393938,29.737320337022616,54.90735425577016,0,0,0,0,,False
1000SATS,2026-09-20T05:10:49.169Z,2026-09-20T05:10:49.170164Z,2026-09-20T07:10:49.170164Z,7756.150773,7,1.109e-05,18.03426510369685,6.445837063563115,-0.179,10.984848484848484,18.03426510369685,62.73326701603609,9,2,5,2,0.1111,False
1INCH,2026-09-20T05:10:56.312Z,2026-09-20T05:10:56.312998Z,2026-09-20T07:10:56.312998Z,7749.007939,7,0.09595000000000001,10.422094841063352,5.366357069143457,-0.513,15.530303030303031,10.422094841063352,56.72952605372903,0,0,0,0,,False
2Z,2026-09-20T05:11:01.137Z,2026-09-20T05:11:01.137495Z,2026-09-20T07:11:01.137495Z,7744.183442,7,0.049215,6.0957025297170055,4.149879129734084,-0.621,15.909090909090908,6.0957025297170055,59.367309456500024,0,0,0,0,,False
API3,2026-09-20T05:11:17.432Z,2026-09-20T05:11:17.432713Z,2026-09-20T07:11:17.432713Z,7727.888224,7,0.24530000000000002,24.459845087648475,5.184887459807072,1.221,14.772727272727273,24.459845087648475,47.05471771699868,0,0,0,0,,False
ARKM,2026-09-20T05:11:22.341Z,2026-09-20T05:11:22.341694Z,2026-09-20T07:11:22.341694Z,7722.979243,7,0.1096,18.248175182482274,6.1041292639138245,0.542,17.424242424242426,18.248175182482274,58.97057411950682,0,0,0,0,,False
BANANA,2026-09-20T05:11:35.711Z,2026-09-20T05:11:35.711231Z,2026-09-20T07:11:35.711231Z,7709.609706,7,3.981,45.21477015825229,3.412797992471772,-1.847,15.151515151515152,45.21477015825229,56.90815920907544,0,0,0,0,,False
BLUR,2026-09-20T05:11:53.200Z,2026-09-20T05:11:53.200755Z,2026-09-20T07:11:53.200755Z,7692.120182,7,0.01861,21.49382052659959,6.5670048051254595,2.182,12.878787878787879,21.49382052659959,67.2005891533287,0,0,0,0,,False
BMT,2026-09-20T05:12:00.233Z,2026-09-20T05:12:00.233849Z,2026-09-20T07:12:00.233849Z,7685.087088,7,0.020110000000000003,29.835902536052224,5.462822458270112,2.435,22.727272727272727,29.835902536052224,62.92900612833287,0,0,0,0,,False
FORM,2026-09-20T05:12:24.705Z,2026-09-20T05:12:24.705989Z,2026-09-20T07:12:24.705989Z,7660.614948,7,0.25645,50.69214271787747,5.483744614179401,-4.023,22.348484848484848,50.69214271787747,63.288561328537796,0,0,0,0,,False
PIXEL,2026-09-20T05:13:27.063Z,2026-09-20T05:13:27.063825Z,2026-09-20T07:13:27.063825Z,7598.257112,7,0.005135,19.47419668938577,4.038461538461524,0.0,10.606060606060606,19.47419668938577,60.42968730167759,5,3,1,1,0.4,False
PROVE,2026-09-20T05:13:34.784Z,2026-09-20T05:13:34.784960Z,2026-09-20T07:13:34.784960Z,7590.535977,7,0.22244999999999998,13.486176668914126,6.070287539936105,0.046,23.863636363636363,13.486176668914126,54.909362390589436,0,0,0,0,,False
RARE,2026-09-20T05:13:41.554Z,2026-09-20T05:13:41.554192Z,2026-09-20T07:13:41.554192Z,7583.766745,7,0.01248,16.025641025640372,3.0903328050713132,-0.473,18.181818181818183,16.025641025640372,64.1956649989181,1,0,1,0,1.0,False
RESOLV,2026-09-20T05:13:51.993Z,2026-09-20T05:13:51.994161Z,2026-09-20T07:13:51.994161Z,7573.326776,7,0.017395,5.74877838459304,4.2117245304496365,0.4,21.59090909090909,5.74877838459304,67.32000788224633,0,0,0,0,,False
SIGN,2026-09-20T05:13:59.453Z,2026-09-20T05:13:59.453834Z,2026-09-20T07:13:59.453834Z,7565.867103,7,0.011949999999999999,16.736401673640938,5.746140651801033,0.778,17.803030303030305,16.736401673640938,66.14904462826573,0,0,0,0,,False
STO,2026-09-20T05:14:05.058Z,2026-09-20T05:14:05.059149Z,2026-09-20T07:14:05.059149Z,7560.261788,7,0.04015,24.906600249066717,4.488778054862833,-0.988,21.21212121212121,24.906600249066717,60.72694426149995,0,0,0,0,,False
TOWNS,2026-09-20T05:14:17.846Z,2026-09-20T05:14:17.846653Z,2026-09-20T07:14:17.846653Z,7547.474284,7,0.002045,48.89975550122262,3.9024390243902327,0.0,11.363636363636363,48.89975550122262,64.18756347580351,0,0,0,0,,False
YGG,2026-09-20T05:14:24.805Z,2026-09-20T05:14:24.805606Z,2026-09-20T07:14:24.805606Z,7540.515331,7,0.02477,48.44570044408641,6.728073688426102,-0.518,12.5,48.44570044408641,56.67052541041323,0,0,0,0,,False
1MBABYDOGE,2026-09-20T05:20:11.531Z,2026-09-20T05:20:11.531608Z,2026-09-20T07:20:11.531608Z,7794.307583,7,0.00038435,18.212566671003437,3.583397782933749,-1.172,4.924242424242424,18.212566671003437,55.955238012977404,2,2,0,0,1.0,False
AIXBT,2026-09-20T05:20:25.243Z,2026-09-20T05:20:25.243307Z,2026-09-20T07:20:25.243307Z,7780.595884,7,0.020540000000000003,29.211295034080337,4.05471421592575,-3.078,1.893939393939394,29.211295034080337,50.32187624391484,0,0,0,0,,False
AT,2026-09-20T05:20:32.028Z,2026-09-20T05:20:32.029266Z,2026-09-20T07:20:32.029266Z,7773.809925,7,0.1482,13.495276653169904,6.020761245674731,-3.987,5.303030303030303,13.495276653169904,44.21972542784428,0,0,0,0,,False
BNB,2026-09-20T05:20:45.428Z,2026-09-20T05:20:45.428208Z,2026-09-20T07:20:45.428208Z,7760.410983,7,750.275,0.13328446236367872,3.7464130797464046,-1.481,96.21212121212122,0.13328446236367872,46.27175856301339,3,2,0,1,0.3333,False
BTC,2026-09-20T05:20:50.254Z,2026-09-20T05:20:50.254707Z,2026-09-20T07:20:50.254707Z,7755.584484,7,80373.515,0.001244190951374122,2.28101303814341,-0.916,100.0,0.001244190951374122,59.56151450771911,40,19,8,13,0.525,False
CGPT,2026-09-20T05:20:56.793Z,2026-09-20T05:20:56.793819Z,2026-09-20T07:20:56.793819Z,7749.045372,7,0.020095000000000002,34.834535954216044,4.809122459097663,0.149,6.4393939393939394,34.834535954216044,44.583929932014556,0,0,0,0,,False
DOLO,2026-09-20T05:21:03.127Z,2026-09-20T05:21:03.127597Z,2026-09-20T07:21:03.127597Z,7742.711594,7,0.02571,15.558148580318308,3.8028715560729593,0.507,0.7575757575757576,15.558148580318308,58.88301056296586,0,0,0,0,,False
ENA,2026-09-20T05:21:08.135Z,2026-09-20T05:21:08.135624Z,2026-09-20T07:21:08.135624Z,7737.703567,7,0.19590000000000002,10.209290454313717,24.377856780091413,7.537,96.96969696969697,10.209290454313717,63.66558207711649,17,12,5,0,0.5882,False
ETH,2026-09-20T05:21:12.683Z,2026-09-20T05:21:12.684529Z,2026-09-20T07:21:12.684529Z,7733.154662,7,2576.5150000000003,0.0388121163655695,4.041901105960122,-1.505,99.62121212121212,0.0388121163655695,56.749135892598105,46,25,18,3,0.4783,False
EUR,2026-09-20T05:21:15.910Z,2026-09-20T05:21:15.910200Z,2026-09-20T07:21:15.910200Z,7729.928991,7,1.1498499999999998,0.8696786537373484,0.1826722338204585,-0.07,97.72727272727273,0.8696786537373484,59.14062484407961,0,0,0,0,,False
EURI,2026-09-20T05:21:20.454Z,2026-09-20T05:21:20.454456Z,2026-09-20T07:21:20.454456Z,7725.384735,7,1.14835,21.77036617755864,1.045751633986929,0.394,7.575757575757576,21.77036617755864,46.71591606861759,0,0,0,0,,
GMT,2026-09-20T05:21:27.133Z,2026-09-20T05:21:27.133546Z,2026-09-20T07:21:27.133546Z,7718.705645,7,0.007705,12.978585334198042,3.999999999999994,0.911,3.787878787878788,12.978585334198042,61.03860014289996,5,1,4,0,0.8,False
HAEDAL,2026-09-20T05:21:33.351Z,2026-09-20T05:21:33.351856Z,2026-09-20T07:21:33.351856Z,7712.487335,7,0.019680000000000003,40.65040650406514,3.2994923857867913,0.408,4.166666666666667,40.65040650406514,41.34563529390994,0,0,0,0,,False
HMSTR,2026-09-20T05:21:40.651Z,2026-09-20T05:21:40.652122Z,2026-09-20T07:21:40.652122Z,7705.187069,7,0.0001672,11.961722488038568,4.009575104727708,0.12,7.954545454545454,11.961722488038568,58.90165383085054,0,0,0,0,,False
HUMA,2026-09-20T05:21:47.130Z,2026-09-20T05:21:47.130318Z,2026-09-20T07:21:47.130318Z,7698.708873,7,0.02419,49.60727573377514,7.727272727272728,-4.31,3.0303030303030303,49.60727573377514,49.649583208962255,1,1,0,0,1.0,False
INJ,2026-09-20T05:21:51.814Z,2026-09-20T05:21:51.815122Z,2026-09-20T07:21:51.815122Z,7694.024069,7,7.6875,14.308943089429896,21.077654516640266,9.994,94.6969696969697,14.308943089429896,70.6653780100936,25,17,8,0,0.92,False
LINK,2026-09-20T05:21:57.155Z,2026-09-20T05:21:57.155203Z,2026-09-20T07:21:57.155203Z,7688.683988,7,12.003499999999999,0.8330903486478493,6.295620437956208,-2.892,94.31818181818181,0.8330903486478493,52.203708807987795,18,14,2,2,0.5556,False
LISTA,2026-09-20T05:22:03.514Z,2026-09-20T05:22:03.514639Z,2026-09-20T07:22:03.514639Z,7682.324552,7,0.07915,12.634238787113437,5.513784461152884,-0.499,1.5151515151515151,12.634238787113437,42.024605405488636,0,0,0,0,,False
NEAR,2026-09-20T05:22:08.852Z,2026-09-20T05:22:08.853053Z,2026-09-20T07:22:08.853053Z,7676.986138,7,3.455,5.788712011576786,11.11747851002865,-7.476,97.34848484848484,5.788712011576786,57.093880936111965,9,7,1,1,0.5556,False
NEWT,2026-09-20T05:22:16.127Z,2026-09-20T05:22:16.128040Z,2026-09-20T07:22:16.128040Z,7669.711151,7,0.04516,22.14348981399532,3.276510958600846,1.006,8.333333333333334,22.14348981399532,51.374738016055154,0,0,0,0,,False
NOM,2026-09-20T05:22:22.481Z,2026-09-20T05:22:22.482098Z,2026-09-20T07:22:22.482098Z,7663.357093,7,0.001685,59.347181008902226,4.733727810650887,1.807,7.196969696969697,59.347181008902226,59.873492728512225,0,0,0,0,,False
ONDO,2026-09-20T05:30:07.075Z,2026-09-20T05:30:07.075563Z,2026-09-20T07:30:07.075563Z,7798.351897,7,0.40915,2.4440914090184283,12.256952990401185,-0.781,90.15151515151516,2.4440914090184283,57.22516259874801,1,0,1,0,1.0,False
PENGU,2026-09-20T05:30:11.644Z,2026-09-20T05:30:11.644585Z,2026-09-20T07:30:11.644585Z,7793.782875,7,0.007671,5.214444009908136,9.604666234607901,-2.883,89.77272727272727,5.214444009908136,54.77045778739545,4,2,0,2,0.5,False
PEPE,2026-09-20T05:30:17.195Z,2026-09-20T05:30:17.195744Z,2026-09-20T07:30:17.195744Z,7788.231716,7,3.995e-06,25.031289111389,14.463840399002494,5.526,92.42424242424242,25.031289111389,74.36239129230137,9,9,0,0,0.4444,False
PUMP,2026-09-20T05:30:22.173Z,2026-09-20T05:30:22.173227Z,2026-09-20T07:30:22.173227Z,7783.254233,7,0.0039795,2.512878502324746,9.251323418200155,-7.313,89.39393939393939,2.512878502324746,52.27818525806549,21,18,3,0,0.6667,False
STRK,2026-09-20T05:30:27.907Z,2026-09-20T05:30:27.907639Z,2026-09-20T07:30:27.907639Z,7777.519821,7,0.044285,6.774302811336175,22.89667484936399,3.083,87.87878787878788,6.774302811336175,66.43284505332981,24,7,13,4,0.8333,False
SYN,2026-09-20T05:30:32.789Z,2026-09-20T05:30:32.789260Z,2026-09-20T07:30:32.789260Z,7772.6382,7,0.23749,14.316392269148468,29.66021221254284,14.272,88.63636363636364,14.316392269148468,63.748040578797024,1,0,1,0,1.0,False
TAO,2026-09-20T05:30:37.772Z,2026-09-20T05:30:37.772343Z,2026-09-20T07:30:37.772343Z,7767.655117,7,252.75,3.956478733927705,8.968787040695386,-1.975,93.56060606060606,3.956478733927705,53.073390657240346,11,8,3,0,0.2727,False
TRUMP,2026-09-20T05:30:42.255Z,2026-09-20T05:30:42.256081Z,2026-09-20T07:30:42.256081Z,7763.171379,7,2.0145,4.964010920825684,9.950738916256157,-1.313,87.5,4.964010920825684,57.73664483934965,4,3,0,1,0.0,False
WLD,2026-09-20T05:30:48.206Z,2026-09-20T05:30:48.206527Z,2026-09-20T07:30:48.206527Z,7757.220933,7,0.42595,2.3476933912428453,6.335697399527184,-1.765,88.25757575757575,2.3476933912428453,55.33005391145144,1,0,1,0,1.0,False
XLM,2026-09-20T05:30:52.787Z,2026-09-20T05:30:52.787226Z,2026-09-20T07:30:52.787226Z,7752.640234,7,0.19014999999999999,5.259006047857835,7.909900471451023,-2.602,90.53030303030303,5.259006047857835,53.33245834946462,6,4,2,0,0.6667,False
0G,2026-09-20T05:36:25.391Z,2026-09-20T05:36:25.391846Z,2026-09-20T07:36:25.391846Z,7420.035614,7,0.21655000000000002,13.853613484183546,12.66846361185984,3.439,70.83333333333333,13.853613484183546,58.229295953654336,0,0,0,0,,False
ALGO,2026-09-20T05:36:34.084Z,2026-09-20T05:36:34.085125Z,2026-09-20T07:36:34.085125Z,7411.342335,7,0.10155,9.847365829639486,14.38289601554907,5.107,84.0909090909091,9.847365829639486,69.41587609489069,7,4,2,1,0.7143,False
ALLO,2026-09-20T05:36:39.196Z,2026-09-20T05:36:39.196677Z,2026-09-20T07:36:39.196677Z,7406.230783,7,0.23885,4.186728072011261,11.629811629811622,6.266,71.96969696969697,4.186728072011261,58.87411160274762,0,0,0,0,,False
ASTER,2026-09-20T05:36:44.784Z,2026-09-20T05:36:44.784744Z,2026-09-20T07:36:44.784744Z,7400.642716,7,0.7355,13.596193065941549,6.756756756756762,-4.639,80.68181818181819,13.596193065941549,64.50273278947466,2,1,0,1,1.0,False
BONK,2026-09-20T05:36:53.409Z,2026-09-20T05:36:53.409415Z,2026-09-20T07:36:53.409415Z,7392.018045,7,2.9850000000000002e-06,33.50083752093912,6.7114093959731616,-2.295,72.34848484848484,33.50083752093912,54.63145368095,5,2,2,1,0.6,False
CAKE,2026-09-20T05:36:58.481Z,2026-09-20T05:36:58.481376Z,2026-09-20T07:36:58.481376Z,7386.946084,7,2.3715,4.216740459624245,10.340370529943998,-3.813,73.48484848484848,4.216740459624245,61.577047122845315,5,0,2,3,1.0,False
COTI,2026-09-20T05:37:04.978Z,2026-09-20T05:37:04.978561Z,2026-09-20T07:37:04.978561Z,7380.448899,7,0.01842,21.715526601521084,15.825809877854487,-10.076,73.86363636363636,21.715526601521084,30.81378396282204,1,0,1,0,1.0,False
DASH,2026-09-20T05:37:14.811Z,2026-09-20T05:37:14.811232Z,2026-09-20T07:37:14.811232Z,7370.616228,7,56.695,8.819119851838284,9.929824561403516,-7.707,77.65151515151516,8.819119851838284,52.213979649879676,9,2,6,1,0.5556,False
EPIC,2026-09-20T05:37:23.523Z,2026-09-20T05:37:23.523411Z,2026-09-20T07:37:23.523411Z,7361.904049,7,0.476,29.411764705882614,27.35732009925559,16.699,74.24242424242425,29.411764705882614,72.93498373819196,1,1,0,0,1.0,False
FIL,2026-09-20T05:37:32.491Z,2026-09-20T05:37:32.491981Z,2026-09-20T07:37:32.491981Z,7352.935479,7,0.9556,8.371703641690162,20.646922915353905,-3.604,84.46969696969697,8.371703641690162,46.66462588626248,2,2,0,0,1.0,False
ICP,2026-09-20T05:37:37.483Z,2026-09-20T05:37:37.483808Z,2026-09-20T07:37:37.483808Z,7347.943652,7,2.7935,3.5797386790760335,8.510638297872347,-3.11,81.06060606060606,3.5797386790760335,44.65789957325193,1,0,0,1,-1.0,False
MET,2026-09-20T05:37:47.671Z,2026-09-20T05:37:47.671831Z,2026-09-20T07:37:47.671831Z,7337.755629,7,0.25025,11.988011988012888,13.576816196903524,-6.842,76.89393939393939,11.988011988012888,64.26267296864951,13,6,3,4,0.5385,False
MORPHO,2026-09-20T05:37:52.757Z,2026-09-20T05:37:52.757211Z,2026-09-20T07:37:52.757211Z,7332.670249,7,2.544,7.861635220124921,11.180609851446444,-6.574,74.62121212121212,7.861635220124921,53.221838732858124,0,0,0,0,,False
OP,2026-09-20T05:37:57.912Z,2026-09-20T05:37:57.912667Z,2026-09-20T07:37:57.912667Z,7327.514793,7,0.12075,8.281573498965042,9.910641754671012,-3.299,82.57575757575758,8.281573498965042,55.74487872443859,0,0,0,0,,False
APE,2026-09-20T05:44:57.945Z,2026-09-20T05:44:57.945507Z,2026-09-20T07:44:57.945507Z,7507.497259,7,0.13655,7.323324789453605,4.545454545454546,-0.929,60.984848484848484,7.323324789453605,61.05311446441142,0,0,0,0,,False
ATOM,2026-09-20T05:45:04.547Z,2026-09-20T05:45:04.547799Z,2026-09-20T07:45:04.547799Z,7500.894967,7,1.6885,17.767249037606703,5.7276446522501505,-1.836,65.9090909090909,17.767249037606703,63.678625565634704,5,2,3,0,1.0,False
C,2026-09-20T05:45:14.828Z,2026-09-20T05:45:14.828832Z,2026-09-20T07:45:14.828832Z,7490.613934,7,0.0764,26.178010471203123,23.65456821026283,18.546,68.93939393939394,26.178010471203123,64.14268692959405,0,0,0,0,,False
CFX,2026-09-20T05:45:26.638Z,2026-09-20T05:45:26.638822Z,2026-09-20T07:45:26.638822Z,7478.803944,7,0.049629999999999994,4.029820672979889,6.870532168387604,1.553,57.95454545454545,4.029820672979889,67.55029105640082,0,0,0,0,,False
EGLD,2026-09-20T05:45:50.484Z,2026-09-20T05:45:50.485099Z,2026-09-20T07:45:50.485099Z,7454.957667,7,3.707,43.16158618829246,12.758620689655157,-8.004,67.8030303030303,43.16158618829246,42.63854333587523,7,3,2,2,0.7143,False
EIGEN,2026-09-20T05:45:55.850Z,2026-09-20T05:45:55.850638Z,2026-09-20T07:45:55.850638Z,7449.592128,7,0.22849999999999998,8.752735229759551,7.511940946591407,-4.042,67.42424242424242,8.752735229759551,56.715236633142325,0,0,0,0,,False
GALA,2026-09-20T05:46:13.081Z,2026-09-20T05:46:13.081224Z,2026-09-20T07:46:13.081224Z,7432.361542,7,0.0018635000000000001,5.36624631070521,5.760000000000002,-2.395,63.25757575757576,5.36624631070521,58.049374411477196,0,0,0,0,,False
HEMI,2026-09-20T05:46:30.478Z,2026-09-20T05:46:30.478599Z,2026-09-20T07:46:30.478599Z,7414.964167,7,0.00638,31.34796238244522,6.980273141122918,-2.946,64.01515151515152,31.34796238244522,49.44591397898249,1,0,1,0,1.0,False
HOME,2026-09-20T05:46:37.225Z,2026-09-20T05:46:37.225969Z,2026-09-20T07:46:37.225969Z,7408.216797,7,0.0065249999999999996,15.325670498084996,12.462006079027349,8.76,61.36363636363637,15.325670498084996,77.07412581979038,1,1,0,0,1.0,False
NEO,2026-09-20T05:47:00.362Z,2026-09-20T05:47:00.362894Z,2026-09-20T07:47:00.362894Z,7385.079872,7,2.3675,12.671594508976193,7.753562447611066,0.973,57.57575757575758,12.671594508976193,51.73383466037482,4,1,3,0,1.0,False
SOLV,2026-09-20T05:47:51.686Z,2026-09-20T05:47:51.686717Z,2026-09-20T07:47:51.686717Z,7333.756049,7,0.00447,44.74272930648587,17.30337078651685,10.422,59.09090909090909,44.74272930648587,71.04769123218865,1,1,0,0,1.0,False
SOMI,2026-09-20T05:47:57.350Z,2026-09-20T05:47:57.350722Z,2026-09-20T07:47:57.350722Z,7328.092044,7,0.19875,25.157232704402535,8.3290751149719,-1.311,58.333333333333336,25.157232704402535,58.283329942028,1,1,0,0,1.0,False
SOPH,2026-09-20T05:48:03.724Z,2026-09-20T05:48:03.724896Z,2026-09-20T07:48:03.724896Z,7321.71787,7,0.004410000000000001,45.351473922902606,9.633027522935764,3.81,62.5,45.351473922902606,71.09829883949132,0,0,0,0,,False
BB,2026-09-20T05:54:10.537Z,2026-09-20T05:54:10.538011Z,2026-09-20T07:54:10.538011Z,7561.871377,7,0.008275,12.084592145014614,5.834305717619609,-0.925,45.45454545454545,12.084592145014614,63.210286357806645,0,0,0,0,,False
BERA,2026-09-20T05:54:17.312Z,2026-09-20T05:54:17.312984Z,2026-09-20T07:54:17.312984Z,7555.096404,7,0.20784999999999998,14.433485686793109,16.373155640171337,5.684,52.27272727272727,14.433485686793109,71.50547388861179,0,0,0,0,,False
ERA,2026-09-20T05:54:28.792Z,2026-09-20T05:54:28.792488Z,2026-09-20T07:54:28.792488Z,7543.6169,7,0.061450000000000005,16.273393002440343,4.807692307692312,1.135,42.803030303030305,16.273393002440343,66.45918149600274,0,0,0,0,,False
EUL,2026-09-20T05:54:36.730Z,2026-09-20T05:54:36.730701Z,2026-09-20T07:54:36.730701Z,7535.678687,7,1.3820000000000001,14.471780028943572,8.267997148966508,0.573,42.42424242424242,14.471780028943572,65.66350310177327,0,0,0,0,,False
IMX,2026-09-20T05:54:48.161Z,2026-09-20T05:54:48.161982Z,2026-09-20T07:54:48.161982Z,7524.247406,7,0.13629999999999998,14.673514306676873,10.777126099706738,1.715,53.03030303030303,14.673514306676873,46.85605247206314,6,1,4,1,1.0,False
KAITO,2026-09-20T05:54:55.040Z,2026-09-20T05:54:55.040787Z,2026-09-20T07:54:55.040787Z,7517.368601,7,0.33685,8.906041264658526,5.933179723502306,3.549,43.18181818181818,8.906041264658526,74.294552060656,0,0,0,0,,False
KMNO,2026-09-20T05:55:16.109Z,2026-09-20T05:55:16.109828Z,2026-09-20T07:55:16.109828Z,7496.29956,7,0.026945,18.556318426424728,5.175469691598722,0.606,48.10606060606061,18.556318426424728,52.56495861075089,2,0,2,0,1.0,False
MINA,2026-09-20T05:55:21.157Z,2026-09-20T05:55:21.157339Z,2026-09-20T07:55:21.157339Z,7491.252049,7,0.10500000000000001,38.09523809523786,15.188679245283021,0.474,42.04545454545455,38.09523809523786,64.58589015696191,2,0,2,0,1.0,False
MUBARAK,2026-09-20T05:55:38.702Z,2026-09-20T05:55:38.702482Z,2026-09-20T07:55:38.702482Z,7473.706906,7,0.03228,18.58736059479478,4.723680148193877,1.061,47.72727272727273,18.58736059479478,60.948472195756764,0,0,0,0,,False
NEIRO,2026-09-20T05:55:45.531Z,2026-09-20T05:55:45.531944Z,2026-09-20T07:55:45.531944Z,7466.877444,7,8.91e-05,11.223344556678164,10.398059322968349,-1.808,44.696969696969695,11.223344556678164,52.13393873172983,2,0,2,0,1.0,False
ONT,2026-09-20T05:55:56.410Z,2026-09-20T05:55:56.410286Z,2026-09-20T07:55:56.410286Z,7455.999102,7,0.054150000000000004,22.160664819944977,6.088224571636899,2.58,50.0,22.160664819944977,65.81681345264104,1,1,0,0,1.0,False
PARTI,2026-09-20T05:56:01.515Z,2026-09-20T05:56:01.516054Z,2026-09-20T07:56:01.516054Z,7450.893334,7,0.024149999999999998,41.40786749482377,6.504065040650395,1.235,39.77272727272727,41.40786749482377,64.52034863541202,0,0,0,0,,False
USDE,2026-09-20T05:57:08.926Z,2026-09-20T05:57:08.926621Z,2026-09-20T07:57:08.926621Z,7383.482767,7,0.99995,1.000050002500015,0.029999999999996696,-0.01,41.28787878787879,1.000050002500015,63.599647865001266,0,0,0,0,,False
W,2026-09-20T05:57:20.196Z,2026-09-20T05:57:20.196806Z,2026-09-20T07:57:20.196806Z,7372.212582,7,0.01102,18.148820326678027,6.708975521305541,0.823,52.65151515151515,18.148820326678027,57.653819283657555,0,0,0,0,,False
ZK,2026-09-20T05:57:37.430Z,2026-09-20T05:57:37.430488Z,2026-09-20T07:57:37.430488Z,7354.9789,7,0.012150000000000001,49.382716049382125,10.570469798657724,6.429,54.54545454545455,49.382716049382125,56.719869748733565,0,0,0,0,,False
COW,2026-09-20T06:04:12.959Z,2026-09-20T06:04:12.959974Z,2026-09-20T08:04:12.959974Z,7551.616163,7,0.156,51.28205128205275,8.230719377835378,4.186,25.37878787878788,51.28205128205275,65.65444498522778,2,1,1,0,1.0,False
DOGS,2026-09-20T06:04:25.977Z,2026-09-20T06:04:25.977291Z,2026-09-20T08:04:25.977291Z,7538.598846,7,4.6320000000000004e-05,4.317789291881783,5.6801195814648695,-2.64,26.136363636363637,4.317789291881783,50.50910650452335,2,0,0,2,-1.0,False
EDEN,2026-09-20T06:04:36.812Z,2026-09-20T06:04:36.812474Z,2026-09-20T08:04:36.812474Z,7527.763663,7,0.051495,13.593552772113917,3.5341830822711437,-2.099,32.57575757575758,13.593552772113917,56.160340972855195,1,0,0,1,-1.0,False
ENSO,2026-09-20T06:04:44.573Z,2026-09-20T06:04:44.573808Z,2026-09-20T08:04:44.573808Z,7520.002329,7,0.934,21.413276231263403,4.122621564482022,-1.867,24.62121212121212,21.413276231263403,59.01705194563217,0,0,0,0,,False
ETC,2026-09-20T06:04:51.234Z,2026-09-20T06:04:51.234381Z,2026-09-20T08:04:51.234381Z,7513.341756,7,8.35,23.952095808382726,7.683073229291702,0.12,35.22727272727273,23.952095808382726,64.30629325571621,1,0,1,0,1.0,False
FF,2026-09-20T06:04:58.118Z,2026-09-20T06:04:58.118497Z,2026-09-20T08:04:58.118497Z,7506.45764,7,0.12958999999999998,23.14993440851877,4.165056796229044,2.927,37.5,23.14993440851877,60.14228956250122,2,2,0,0,1.0,False
GRT,2026-09-20T06:05:03.036Z,2026-09-20T06:05:03.036411Z,2026-09-20T08:05:03.036411Z,7501.539726,7,0.020585,24.289531212048303,4.995150339476235,0.487,33.333333333333336,24.289531212048303,67.20009137714719,3,2,1,0,0.6667,False
HYPER,2026-09-20T06:05:20.367Z,2026-09-20T06:05:20.367954Z,2026-09-20T08:05:20.367954Z,7484.208183,7,0.07105,14.074595355383936,4.04463040446304,0.0,29.545454545454547,14.074595355383936,63.90686469508984,0,0,0,0,,False
LINEA,2026-09-20T06:05:32.317Z,2026-09-20T06:05:32.317996Z,2026-09-20T08:05:32.317996Z,7472.258141,7,0.002731,14.646649578909182,5.642519111758274,-0.254,38.25757575757576,14.646649578909182,50.127137524375414,0,0,0,0,,False
OSMO,2026-09-20T06:06:00.183Z,2026-09-20T06:06:00.183764Z,2026-09-20T08:06:00.183764Z,7444.392373,7,0.03515,28.449502133713473,6.818181818181817,-3.03,26.893939393939394,28.449502133713473,59.160426459289276,1,0,1,0,1.0,False
PNUT,2026-09-20T06:06:05.614Z,2026-09-20T06:06:05.614471Z,2026-09-20T08:06:05.614471Z,7438.961666,7,0.052000000000000005,38.461538461538225,7.677543186180416,-0.382,37.121212121212125,38.461538461538225,57.18074707302976,1,1,0,0,-1.0,False
SHELL,2026-09-20T06:06:18.367Z,2026-09-20T06:06:18.367727Z,2026-09-20T08:06:18.367727Z,7426.20841,7,0.0235,85.10638297872289,12.608695652173926,5.023,35.60606060606061,85.10638297872289,63.31106703658564,0,0,0,0,,False
TNSR,2026-09-20T06:06:35.153Z,2026-09-20T06:06:35.154135Z,2026-09-20T08:06:35.154135Z,7409.422002,7,0.03535,28.288543140029102,5.586592178770955,0.28,28.78787878787879,28.288543140029102,59.7230219640917,0,0,0,0,,False
TST,2026-09-20T06:06:41.806Z,2026-09-20T06:06:41.806404Z,2026-09-20T08:06:41.806404Z,7402.769733,7,0.015175000000000001,19.769357495881717,6.914546640574039,-5.253,39.015151515151516,19.769357495881717,56.55110798528339,1,0,0,1,1.0,False
1000CAT,2026-09-20T06:12:50.090Z,2026-09-20T06:12:50.090611Z,2026-09-20T08:12:50.090611Z,7634.550537,7,0.0020555,24.32498175626269,4.9275362318840426,-1.429,11.742424242424242,24.32498175626269,41.28959775565694,0,0,0,0,,False
ANIME,2026-09-20T06:13:14.930Z,2026-09-20T06:13:14.931129Z,2026-09-20T08:13:14.931129Z,7609.710019,7,0.00312,64.10256410256427,5.732484076433122,1.618,17.424242424242426,64.10256410256427,57.72352421646823,0,0,0,0,,False
AUCTION,2026-09-20T06:13:30.942Z,2026-09-20T06:13:30.942784Z,2026-09-20T08:13:30.942784Z,7593.698364,7,3.497,22.876751501286837,5.4478037649743385,1.417,10.227272727272727,22.876751501286837,55.005149223157424,1,1,0,0,1.0,False
ENJ,2026-09-20T06:13:55.579Z,2026-09-20T06:13:55.579761Z,2026-09-20T08:13:55.579761Z,7569.061387,7,0.026905,55.7517190113365,4.373610081541885,0.111,22.348484848484848,55.7517190113365,44.03513306010122,0,0,0,0,,False
KAIA,2026-09-20T06:14:30.287Z,2026-09-20T06:14:30.287767Z,2026-09-20T08:14:30.287767Z,7534.353381,7,0.02975,33.613445378151056,4.040404040404051,-0.669,21.96969696969697,33.613445378151056,57.80720791521849,0,0,0,0,,False
KERNEL,2026-09-20T06:14:35.366Z,2026-09-20T06:14:35.366319Z,2026-09-20T08:14:35.366319Z,7529.274829,7,0.041749999999999995,23.95209580838226,5.250596658711219,-2.331,20.454545454545453,23.95209580838226,55.00171271586622,1,0,1,0,1.0,False
LAYER,2026-09-20T06:14:42.154Z,2026-09-20T06:14:42.155148Z,2026-09-20T08:14:42.155148Z,7522.486,7,0.07145,41.9874037788656,3.064066852367679,0.279,17.803030303030305,41.9874037788656,44.95542398899824,0,0,0,0,,False
MANTA,2026-09-20T06:14:52.830Z,2026-09-20T06:14:52.830246Z,2026-09-20T08:14:52.830246Z,7511.810902,7,0.064725,13.904982618770623,7.252848783492463,3.178,19.318181818181817,13.904982618770623,65.64468050179475,0,0,0,0,,False
OPEN,2026-09-20T06:15:06.441Z,2026-09-20T06:15:06.441836Z,2026-09-20T08:15:06.441836Z,7498.199312,7,0.14400000000000002,13.888888888889284,4.901293396868607,1.802,9.848484848484848,13.888888888889284,63.288648410100784,1,1,0,0,1.0,False
SXT,2026-09-20T06:15:50.062Z,2026-09-20T06:15:50.062440Z,2026-09-20T08:15:50.062440Z,7454.578708,7,0.00852,23.474178403754912,7.962529274004685,1.065,9.469696969696969,23.474178403754912,47.746512230900635,0,0,0,0,,False
ACT,2026-09-20T06:21:47.422Z,2026-09-20T06:21:47.422245Z,2026-09-20T08:21:47.422245Z,7697.217566,7,0.010329999999999999,19.361084220717252,5.193578847969784,3.519,6.4393939393939394,19.361084220717252,67.74090825022657,4,1,3,0,1.0,False
AVAX,2026-09-20T06:22:03.441Z,2026-09-20T06:22:03.441372Z,2026-09-20T08:22:03.441372Z,7681.198439,7,9.644,2.0738282870166858,24.963700477079446,13.743,95.83333333333333,2.0738282870166858,64.60101342578206,24,19,3,2,0.4583,False
BFUSD,2026-09-20T06:22:09.799Z,2026-09-20T06:22:09.799463Z,2026-09-20T08:22:09.799463Z,7674.840348,7,0.9997,10.00300090027009,0.10008006405124109,-0.1,0.3787878787878788,10.00300090027009,51.409544193579855,0,0,0,0,,
NXPC,2026-09-20T06:23:40.098Z,2026-09-20T06:23:40.098540Z,2026-09-20T08:23:40.098540Z,7584.541271,7,0.22305,13.449899125757565,4.592064199732502,1.493,3.787878787878788,13.449899125757565,60.510751481851216,0,0,0,0,,True
VANA,2026-09-20T06:24:27.712Z,2026-09-20T06:24:27.712263Z,2026-09-20T08:24:27.712263Z,7536.927548,7,1.0819999999999999,18.484288354898357,10.300820419325433,7.655,8.333333333333334,18.484288354898357,53.864995537940146,0,0,0,0,,False
WCT,2026-09-20T06:24:35.345Z,2026-09-20T06:24:35.346085Z,2026-09-20T08:24:35.346085Z,7529.293726,7,0.039615,12.621481761959217,9.068198850861856,4.381,9.090909090909092,12.621481761959217,62.86535798305871,0,0,0,0,,False
XRP,2026-09-20T06:24:40.712Z,2026-09-20T06:24:40.712464Z,2026-09-20T08:24:40.712464Z,7523.927347,7,1.3806500000000002,0.7242965269980732,6.214689265536729,-2.884,99.24242424242425,0.7242965269980732,51.121931736100336,35,19,13,3,0.2571,False
YB,2026-09-20T06:24:47.659Z,2026-09-20T06:24:47.660149Z,2026-09-20T08:24:47.660149Z,7516.979662,7,0.08515,35.23194362888957,2.988505747126443,0.346,1.893939393939394,35.23194362888957,42.92282227961501,0,0,0,0,,False
ZBT,2026-09-20T06:24:54.344Z,2026-09-20T06:24:54.344624Z,2026-09-20T08:24:54.344624Z,7510.295187,7,0.07995,12.507817385866526,4.901960784313729,0.493,2.272727272727273,12.507817385866526,64.28318984786762,0,0,0,0,,False
ZEC,2026-09-20T06:25:00.293Z,2026-09-20T06:25:00.293925Z,2026-09-20T08:25:00.293925Z,7504.345886,7,1442.21,2.0801408948762976,10.820015719151169,-6.397,95.45454545454545,2.0801408948762976,41.67800912694462,26,16,9,1,0.6154,False
ADA,2026-09-20T06:30:44.972Z,2026-09-20T06:30:44.972922Z,2026-09-20T08:30:44.972922Z,7760.879466,7,0.21955,4.55477112275058,5.658669081032146,-0.808,92.8030303030303,4.55477112275058,54.164859253236294,24,9,13,2,0.5417,False
APT,2026-09-20T06:30:56.258Z,2026-09-20T06:30:56.258961Z,2026-09-20T08:30:56.258961Z,7749.593427,7,0.7324999999999999,13.651877133105815,7.4688796680498,2.119,89.77272727272727,13.651877133105815,63.0701087173015,2,1,1,0,0.0,False
AR,2026-09-20T06:31:01.634Z,2026-09-20T06:31:01.634487Z,2026-09-20T08:31:01.634487Z,7744.217901,7,4.344,13.812154696133119,25.80346820809249,4.722,91.28787878787878,13.812154696133119,52.839358996520374,1,1,0,0,-1.0,False
ARB,2026-09-20T06:31:07.406Z,2026-09-20T06:31:07.407066Z,2026-09-20T08:31:07.407066Z,7738.445322,7,0.21475,4.656577415599021,9.320019020446985,-0.048,92.04545454545455,4.656577415599021,55.181841032148824,15,9,3,3,0.3333,False
BCH,2026-09-20T06:31:12.855Z,2026-09-20T06:31:12.855457Z,2026-09-20T08:31:12.855457Z,7732.996931,7,246.05,4.064214590530149,6.141414141414148,0.446,85.22727272727273,4.064214590530149,55.11678020355116,0,0,0,0,,False
DOGE,2026-09-20T06:31:18.910Z,2026-09-20T06:31:18.910325Z,2026-09-20T08:31:18.910325Z,7726.942063,7,0.084925,1.1775095672664115,7.448680351906152,-2.247,93.18181818181819,1.1775095672664115,49.43550037978082,0,0,0,0,,False
FDUSD,2026-09-20T06:31:22.548Z,2026-09-20T06:31:22.548308Z,2026-09-20T08:31:22.548308Z,7723.30408,7,0.9988,2.0024028834599314,0.1101101101101091,-0.07,93.56060606060606,2.0024028834599314,39.0637932916531,0,0,0,0,,False
FET,2026-09-20T06:31:27.964Z,2026-09-20T06:31:27.964774Z,2026-09-20T08:31:27.964774Z,7717.887614,7,0.16755,5.9683676514466715,9.165687426556994,-4.059,85.98484848484848,5.9683676514466715,56.22716441433717,2,0,0,2,0.0,False
GRAM,2026-09-20T06:31:32.923Z,2026-09-20T06:31:32.924114Z,2026-09-20T08:31:32.924114Z,7712.928274,7,1.375,14.545454545452944,3.623188405797105,1.247,87.5,14.545454545452944,64.86321938162233,0,0,0,0,,False
HBAR,2026-09-20T06:31:38.512Z,2026-09-20T06:31:38.512628Z,2026-09-20T08:31:38.512628Z,7707.33976,7,0.08132,2.4594195769805856,7.067575945443287,2.218,85.60606060606061,2.4594195769805856,63.38664871214112,4,2,2,0,1.0,False
JTO,2026-09-20T06:31:44.887Z,2026-09-20T06:31:44.887730Z,2026-09-20T08:31:44.887730Z,7700.964658,7,0.49675,10.065425264217422,12.837973162427406,11.054,87.12121212121212,10.065425264217422,66.1159119199147,0,0,0,0,,False
JUP,2026-09-20T06:31:49.888Z,2026-09-20T06:31:49.888337Z,2026-09-20T08:31:49.888337Z,7695.964051,7,0.27165,11.043622308115847,8.080059303187543,1.238,86.36363636363636,11.043622308115847,55.47140712580172,12,8,3,1,0.8333,False
LTC,2026-09-20T06:31:55.044Z,2026-09-20T06:31:55.044637Z,2026-09-20T08:31:55.044637Z,7690.807751,7,56.885000000000005,1.757932671178344,3.5395128789206294,-0.61,91.66666666666667,1.757932671178344,56.41958279598487,10,6,3,1,0.7,False
RAY,2026-09-20T06:39:57.887Z,2026-09-20T06:39:57.887429Z,2026-09-20T08:39:57.887429Z,7207.964959,7,1.6547,18.13017465401518,19.52972709551657,-6.886,78.78787878787878,18.13017465401518,50.96620681612368,19,14,4,1,0.7368,False
SAGA,2026-09-20T06:40:07.808Z,2026-09-20T06:40:07.808927Z,2026-09-20T08:40:07.808927Z,7797.944874,7,0.028130000000000002,14.219694276573707,16.319942611190815,9.807,75.37878787878788,14.219694276573707,66.46491835517085,0,0,0,0,,False
SEI,2026-09-20T06:40:12.890Z,2026-09-20T06:40:12.891073Z,2026-09-20T08:40:12.891073Z,7792.862728,7,0.047715,2.095777009325395,6.8143812709030085,0.209,73.10606060606061,2.095777009325395,57.90229547451993,0,0,0,0,,False
SHIB,2026-09-20T06:40:18.582Z,2026-09-20T06:40:18.583180Z,2026-09-20T08:40:18.583180Z,7787.170621,7,5.355e-06,18.674136321196546,6.864564007421148,-0.185,81.81818181818181,18.674136321196546,58.77252286556973,2,1,1,0,1.0,False
STX,2026-09-20T06:40:23.906Z,2026-09-20T06:40:23.906664Z,2026-09-20T08:40:23.906664Z,7781.847137,7,0.32194999999999996,9.318217114459467,17.07616707616707,16.661,78.03030303030303,9.318217114459467,66.59067676942148,10,5,3,2,0.4,False
SYRUP,2026-09-20T06:40:30.026Z,2026-09-20T06:40:30.026548Z,2026-09-20T08:40:30.026548Z,7775.727253,7,0.21525,4.645760743321207,5.122288878634068,-1.41,73.48484848484848,4.645760743321207,50.480567733597844,0,0,0,0,,False
TIA,2026-09-20T06:40:34.945Z,2026-09-20T06:40:34.945221Z,2026-09-20T08:40:34.945221Z,7770.80858,7,0.41745,7.186489399928674,6.805293005671076,4.623,74.62121212121212,7.186489399928674,63.94444152342852,0,0,0,0,,False
TRX,2026-09-20T06:40:40.176Z,2026-09-20T06:40:40.176370Z,2026-09-20T08:40:40.176370Z,7765.577431,7,0.34135,2.929544455836795,1.11666176902732,0.83,81.43939393939394,2.929544455836795,70.73827574668329,49,6,43,0,0.9388,False
WLFI,2026-09-20T06:40:45.626Z,2026-09-20T06:40:45.626427Z,2026-09-20T08:40:45.626427Z,7760.127374,7,0.05765,17.346053772767192,3.938356164383568,-0.511,71.21212121212122,17.346053772767192,47.3911675147689,0,0,0,0,,False
XPL,2026-09-20T06:40:50.946Z,2026-09-20T06:40:50.946618Z,2026-09-20T08:40:50.946618Z,7754.807183,7,0.089665,14.498410751129773,8.763227513227513,2.254,80.3030303030303,14.498410751129773,45.73736643595308,3,0,2,1,0.3333,False
XTZ,2026-09-20T06:40:56.754Z,2026-09-20T06:40:56.755193Z,2026-09-20T08:40:56.755193Z,7748.998608,7,0.3492,22.909507445590577,26.04992657856094,4.737,79.92424242424242,22.909507445590577,47.36656208933732,0,0,0,0,,False
ZEN,2026-09-20T06:41:07.319Z,2026-09-20T06:41:07.319387Z,2026-09-20T08:41:07.319387Z,7738.434414,7,7.6195,11.811798674452985,8.560311284046694,-1.608,75.0,11.811798674452985,48.036650687989784,0,0,0,0,,False
ZRO,2026-09-20T06:41:12.139Z,2026-09-20T06:41:12.139976Z,2026-09-20T08:41:12.139976Z,7733.613825,7,1.065,18.77934272300471,8.534322820037113,-3.232,78.4090909090909,18.77934272300471,52.81338340622078,0,0,0,0,,False
BOME,2026-09-20T06:47:00.299Z,2026-09-20T06:47:00.300168Z,2026-09-20T08:47:00.300168Z,7385.453633,7,0.0009084,17.61338617349109,18.270693026287198,-3.673,56.81818181818182,17.61338617349109,54.457128265474545,0,0,0,0,,False
CHZ,2026-09-20T06:47:20.691Z,2026-09-20T06:47:20.691444Z,2026-09-20T08:47:20.691444Z,7365.062357,7,0.0148,13.513513513514134,4.460719041278287,0.535,57.95454545454545,13.513513513514134,57.96707886436564,2,2,0,0,1.0,False
DYDX,2026-09-20T06:47:26.975Z,2026-09-20T06:47:26.975713Z,2026-09-20T08:47:26.975713Z,7358.778088,7,0.12745499999999998,22.753128555175138,8.792323295365895,0.195,64.39393939393939,22.753128555175138,63.81592479284956,0,0,0,0,,False
ENS,2026-09-20T06:47:41.509Z,2026-09-20T06:47:41.509668Z,2026-09-20T08:47:41.509668Z,7344.244133,7,6.135,48.8997555012229,12.779552715654962,1.623,55.68181818181818,48.8997555012229,59.595877264653694,0,0,0,0,,False
PAXG,2026-09-20T06:48:50.248Z,2026-09-20T06:48:50.248173Z,2026-09-20T08:48:50.248173Z,7275.505628,7,4361.355,0.02292865405202921,0.23039625863986385,-0.04,68.93939393939394,0.02292865405202921,70.80855216524078,0,0,0,0,,False
TRB,2026-09-20T06:49:55.621Z,2026-09-20T06:49:55.622140Z,2026-09-20T08:49:55.622140Z,7210.131661,7,17.505,17.13796058269131,9.101060859854824,-1.377,55.303030303030305,17.13796058269131,37.67445090906632,0,0,0,0,,False
TWT,2026-09-20T06:50:03.855Z,2026-09-20T06:50:03.855708Z,2026-09-20T08:50:03.855708Z,7201.898093,7,0.5589999999999999,10.733452593918516,6.976744186046526,3.823,69.6969696969697,10.733452593918516,64.39392101099993,6,3,3,0,-0.3333,False
VET,2026-09-20T06:50:10.404Z,2026-09-20T06:50:10.404259Z,2026-09-20T08:50:10.404259Z,7794.639639,7,0.0082605,27.84335088675074,8.983111749910176,2.029,66.28787878787878,27.84335088675074,69.3169136613689,0,0,0,0,,False
VIRTUAL,2026-09-20T06:50:17.906Z,2026-09-20T06:50:17.906489Z,2026-09-20T08:50:17.906489Z,7787.137409,7,0.6393500000000001,14.076796746696047,6.189376443418016,-2.301,68.56060606060606,14.076796746696047,40.55277131451095,2,2,0,0,1.0,False
WIF,2026-09-20T06:50:22.839Z,2026-09-20T06:50:22.840055Z,2026-09-20T08:50:22.840055Z,7782.203843,7,0.19724999999999998,15.209125475284905,10.23976023976025,-2.389,65.53030303030303,15.209125475284905,54.7879396145613,0,0,0,0,,False
1000CHEEMS,2026-09-20T06:56:03.702Z,2026-09-20T06:56:03.702388Z,2026-09-20T08:56:03.702388Z,7441.34151,7,0.0005155,19.398642095051713,3.4816247582205038,-0.768,39.77272727272727,19.398642095051713,48.71599698159229,1,0,0,1,-1.0,False
ACH,2026-09-20T06:56:11.379Z,2026-09-20T06:56:11.379681Z,2026-09-20T08:56:11.379681Z,7433.664217,7,0.005775000000000001,17.316017316018108,8.419243986254296,1.042,52.65151515151515,17.316017316018108,65.15081314829547,0,0,0,0,,False
BIO,2026-09-20T06:56:28.830Z,2026-09-20T06:56:28.830864Z,2026-09-20T08:56:28.830864Z,7416.213034,7,0.026945,11.133791055855351,7.103422892896581,1.192,46.96969696969697,11.133791055855351,50.50811466354458,0,0,0,0,,False
GIGGLE,2026-09-20T06:56:41.729Z,2026-09-20T06:56:41.729481Z,2026-09-20T08:56:41.729481Z,7403.314417,7,35.400000000000006,11.299435028248345,5.232558139534885,-0.987,43.56060606060606,11.299435028248345,60.45243857056445,0,0,0,0,,False
KITE,2026-09-20T06:57:04.763Z,2026-09-20T06:57:04.763837Z,2026-09-20T08:57:04.763837Z,7380.280061,7,0.1134,17.636684303351473,5.110132158590308,0.621,48.86363636363637,17.636684303351473,61.07227178691571,0,0,0,0,,False
MMT,2026-09-20T06:57:27.858Z,2026-09-20T06:57:27.858493Z,2026-09-20T08:57:27.858493Z,7357.185405,7,0.1538,13.003901170351478,6.674907292954267,3.652,47.72727272727273,13.003901170351478,70.51699521749693,18,12,4,2,0.6111,False
NIL,2026-09-20T06:57:42.927Z,2026-09-20T06:57:42.927959Z,2026-09-20T08:57:42.927959Z,7342.115939,7,0.049305,42.59202920596326,12.535042050460557,8.968,48.484848484848484,42.59202920596326,75.95914809357662,0,0,0,0,,False
REZ,2026-09-20T06:58:14.754Z,2026-09-20T06:58:14.754600Z,2026-09-20T08:58:14.754600Z,7310.289298,7,0.00354,16.94915254237268,5.581523233434151,-3.885,40.53030303030303,16.94915254237268,53.37352204721697,0,0,0,0,,False
SKY,2026-09-20T06:58:35.805Z,2026-09-20T06:58:35.806147Z,2026-09-20T08:58:35.806147Z,7289.237751,7,0.06753,8.88494002665343,8.09573053626828,-5.302,50.378787878787875,8.88494002665343,47.662297755370425,0,0,0,0,,False
BANANAS31,2026-09-20T07:05:27.262Z,2026-09-20T07:05:27.262664Z,2026-09-20T09:05:27.262664Z,7477.56782,7,0.0075320000000000005,15.932023366968567,5.155043830956434,0.249,27.651515151515152,15.932023366968567,38.04599623888408,0,0,0,0,,False
BROCCOLI714,2026-09-20T07:05:38.105Z,2026-09-20T07:05:38.105545Z,2026-09-20T09:05:38.105545Z,7466.724939,7,0.018205,104.36693216149366,5.265986029016648,1.251,33.71212121212121,104.36693216149366,48.27486526425269,0,0,0,0,,False
CATI,2026-09-20T07:05:45.257Z,2026-09-20T07:05:45.257905Z,2026-09-20T09:05:45.257905Z,7459.572579,7,0.07230500000000001,17.97939284973447,18.747330960854093,7.977,37.5,17.97939284973447,71.60392617590445,0,0,0,0,,False
COMP,2026-09-20T07:05:59.659Z,2026-09-20T07:05:59.659596Z,2026-09-20T09:05:59.659596Z,7445.170888,7,20.865000000000002,14.378145219265555,5.785512699905928,1.577,28.40909090909091,14.378145219265555,64.53961797851436,3,0,2,1,1.0,False
CVX,2026-09-20T07:06:12.209Z,2026-09-20T07:06:12.209709Z,2026-09-20T09:06:12.209709Z,7432.620775,7,1.894,42.238648363252416,7.393812270582066,-4.602,26.515151515151516,42.238648363252416,57.54742131138897,0,0,0,0,,False
GUN,2026-09-20T07:06:46.864Z,2026-09-20T07:06:46.864703Z,2026-09-20T09:06:46.864703Z,7397.965781,7,0.003555,84.38818565400744,10.452961672473863,5.128,30.303030303030305,84.38818565400744,59.52171297930492,0,0,0,0,,False
HOLO,2026-09-20T07:06:54.867Z,2026-09-20T07:06:54.867402Z,2026-09-20T09:06:54.867402Z,7389.963082,7,0.05955,16.79261125105002,4.666666666666662,0.334,35.60606060606061,16.79261125105002,63.3636992070436,0,0,0,0,,False
MEME,2026-09-20T07:07:21.064Z,2026-09-20T07:07:21.064641Z,2026-09-20T09:07:21.064641Z,7363.765843,7,0.000558,35.84229390681091,5.5062166962699814,1.993,31.818181818181817,35.84229390681091,66.65503458021749,0,0,0,0,,False
SSV,2026-09-20T07:08:05.183Z,2026-09-20T07:08:05.183630Z,2026-09-20T09:08:05.183630Z,7319.646854,7,3.0460000000000003,19.697964543663108,6.994144437215365,-0.679,33.333333333333336,19.697964543663108,58.99692430276868,0,0,0,0,,False
BARD,2026-09-20T07:15:08.369Z,2026-09-20T07:15:08.369481Z,2026-09-20T09:15:08.369481Z,7496.528461,7,0.128,15.624999999998279,5.936777178103303,2.611,13.636363636363637,15.624999999998279,64.1103138251035,0,0,0,0,,False
BEAMX,2026-09-20T07:15:15.211Z,2026-09-20T07:15:15.211768Z,2026-09-20T09:15:15.211768Z,7489.686174,7,0.0017805,16.84919966301581,4.62653288740245,-1.374,16.666666666666668,16.84919966301581,46.46908159746768,0,0,0,0,,False
FLUX,2026-09-20T07:15:37.625Z,2026-09-20T07:15:37.626032Z,2026-09-20T09:15:37.626032Z,7467.27191,7,0.057499999999999996,34.782608695651966,7.020547945205478,3.546,12.878787878787879,34.782608695651966,64.7725467513235,0,0,0,0,,False
GPS,2026-09-20T07:15:56.967Z,2026-09-20T07:15:56.968035Z,2026-09-20T09:15:56.968035Z,7447.929907,7,0.01046,38.24091778202687,3.9142590866728817,-1.92,12.5,38.24091778202687,51.81402401303189,0,0,0,0,,False
INIT,2026-09-20T07:16:04.764Z,2026-09-20T07:16:04.764378Z,2026-09-20T09:16:04.764378Z,7440.133564,7,0.072375,15.19861830742646,4.871137498313302,-1.068,18.181818181818183,15.19861830742646,55.01398994462383,0,0,0,0,,False
IO,2026-09-20T07:16:10.349Z,2026-09-20T07:16:10.349438Z,2026-09-20T09:16:10.349438Z,7434.548504,7,0.13829999999999998,14.461315979754573,4.403409090909099,0.571,22.727272727272727,14.461315979754573,62.06987379163835,1,1,0,0,-1.0,False
MITO,2026-09-20T07:16:39.659Z,2026-09-20T07:16:39.659643Z,2026-09-20T09:16:39.659643Z,7405.238299,7,0.01554,64.35006435006396,11.389961389961394,7.32,15.151515151515152,64.35006435006396,47.33297773833296,1,0,1,0,-1.0,False
NOT,2026-09-20T07:16:46.777Z,2026-09-20T07:16:46.777772Z,2026-09-20T09:16:46.777772Z,7398.12017,7,0.0004635,21.574973031284234,4.914529914529918,-1.681,18.939393939393938,21.574973031284234,43.06341701389904,1,1,0,0,-1.0,False
RED,2026-09-20T07:17:14.931Z,2026-09-20T07:17:14.932147Z,2026-09-20T09:17:14.932147Z,7369.965795,7,0.15245,59.03574942604211,4.847277556440903,0.668,14.015151515151516,59.03574942604211,62.04691815234271,1,0,0,1,-1.0,False
SAPIEN,2026-09-20T07:25:30.559Z,2026-09-20T07:25:30.560140Z,2026-09-20T09:25:30.560140Z,7475.029029,7,0.07544999999999999,13.253810470510654,3.708609271523175,1.615,7.575757575757576,13.253810470510654,63.87759452230161,1,0,1,0,1.0,False
SOL,2026-09-20T07:25:36.171Z,2026-09-20T07:25:36.171798Z,2026-09-20T09:25:36.171798Z,7469.417371,7,108.32499999999999,0.9231479344569691,4.707074428887251,-2.802,98.86363636363636,0.9231479344569691,55.87256432962366,0,0,0,0,,False
SUI,2026-09-20T07:25:41.731Z,2026-09-20T07:25:41.731707Z,2026-09-20T09:25:41.731707Z,7463.857462,7,0.82285,1.215288327155484,9.752830877876532,0.798,98.10606060606061,1.215288327155484,60.996971710465466,8,4,4,0,1.0,False
TLM,2026-09-20T07:25:49.403Z,2026-09-20T07:25:49.403553Z,2026-09-20T09:25:49.403553Z,7456.185616,7,0.0014390000000000002,13.898540653231747,4.013605442176873,2.225,6.0606060606060606,13.898540653231747,48.4337773181887,0,0,0,0,,False
TURTLE,2026-09-20T07:25:56.301Z,2026-09-20T07:25:56.301682Z,2026-09-20T09:25:56.301682Z,7449.287487,7,0.041499999999999995,48.19277108433707,3.102625298329362,1.208,4.545454545454546,48.19277108433707,51.84134552977001,0,0,0,0,,False
UMA,2026-09-20T07:26:06.595Z,2026-09-20T07:26:06.595783Z,2026-09-20T09:26:06.595783Z,7438.993386,7,0.38,52.63157894736846,4.188481675392674,0.0,6.818181818181818,52.63157894736846,55.52341375229004,0,0,0,0,,False
UNI,2026-09-20T07:26:12.355Z,2026-09-20T07:26:12.355839Z,2026-09-20T09:26:12.355839Z,7433.23333,7,8.7895,5.6886057227362254,11.844638206318644,-2.388,96.96969696969697,5.6886057227362254,65.00054914418233,38,20,11,7,0.3158,False
USD1,2026-09-20T07:26:16.402Z,2026-09-20T07:26:16.403140Z,2026-09-20T09:26:16.403140Z,7429.186029,7,0.99975,1.0002500625155186,0.05001000200039457,-0.01,98.48484848484848,1.0002500625155186,67.69864193731388,0,0,0,0,,False
AAVE,2026-09-20T07:39:33.447Z,2026-09-20T07:39:33.447689Z,2026-09-20T09:39:33.447689Z,7232.293621,7,136.88,4.38340151957936,8.165499124343256,-3.771,83.71212121212122,4.38340151957936,54.753087763275154,0,0,0,0,,False
BANK,2026-09-20T07:39:51.466Z,2026-09-20T07:39:51.466980Z,2026-09-20T09:39:51.466980Z,7214.27433,7,0.03385,29.54209748892256,35.243553008595995,18.305,76.89393939393939,29.54209748892256,55.53055446066184,3,2,1,0,1.0,False
CAKE,2026-09-20T07:40:06.801Z,2026-09-20T07:40:06.801684Z,2026-09-20T09:40:06.801684Z,7799.428625,7,2.4465000000000003,4.087471898630246,9.913258983890964,1.17,76.51515151515152,4.087471898630246,51.93034384054693,20,8,9,3,0.65,False
COTI,2026-09-20T07:40:11.450Z,2026-09-20T07:40:11.450253Z,2026-09-20T09:40:11.450253Z,7794.780056,7,0.018275,27.359781121751812,15.80063626723224,-6.309,72.72727272727273,27.359781121751812,45.07301387520328,5,2,3,0,1.0,False
CRV,2026-09-20T07:40:16.976Z,2026-09-20T07:40:16.976625Z,2026-09-20T09:40:16.976625Z,7789.253684,7,0.3335,5.997001499251378,7.0324340709305835,-2.049,83.33333333333333,5.997001499251378,47.81600548715642,1,1,0,0,1.0,False
DASH,2026-09-20T07:40:21.649Z,2026-09-20T07:40:21.649999Z,2026-09-20T09:40:21.649999Z,7784.58031,7,56.4,10.638297872340829,9.068627450980392,-4.609,77.65151515151516,10.638297872340829,41.71461222388388,6,2,4,0,1.0,False
DOT,2026-09-20T07:40:27.120Z,2026-09-20T07:40:27.121002Z,2026-09-20T09:40:27.121002Z,7779.109307,7,1.1035,9.0620752152253,6.537753222836091,-3.467,82.57575757575758,9.0620752152253,63.90906515358549,11,3,6,2,1.0,False
EPIC,2026-09-20T07:40:34.466Z,2026-09-20T07:40:34.467062Z,2026-09-20T09:40:34.467062Z,7771.763247,7,0.48265,22.7908422252159,26.04166666666668,9.066,74.24242424242425,22.7908422252159,73.91853252108533,0,0,0,0,,False
ETHFI,2026-09-20T07:40:39.127Z,2026-09-20T07:40:39.128023Z,2026-09-20T09:40:39.128023Z,7767.102286,7,0.7063999999999999,11.325028312571108,7.863585118376561,-3.874,82.95454545454545,11.325028312571108,41.246088995245955,1,1,0,0,1.0,False
FIL,2026-09-20T07:40:44.360Z,2026-09-20T07:40:44.360923Z,2026-09-20T09:40:44.360923Z,7761.869386,7,0.95755,13.576314552765693,20.69473684210525,-3.749,84.0909090909091,13.576314552765693,56.08146635372589,1,0,1,0,1.0,False
HEI,2026-09-20T07:40:48.860Z,2026-09-20T07:40:48.860940Z,2026-09-20T09:40:48.860940Z,7757.369369,7,0.15235,32.81916639317364,29.753632343651297,11.244,70.45454545454545,32.81916639317364,55.81041109463879,0,0,0,0,,False
ICP,2026-09-20T07:40:53.288Z,2026-09-20T07:40:53.288285Z,2026-09-20T09:40:53.288285Z,7752.942024,7,2.7935,3.5797386790760335,8.458781362007176,-2.448,82.1969696969697,3.5797386790760335,58.638966077696665,0,0,0,0,,False
MET,2026-09-20T07:41:05.680Z,2026-09-20T07:41:05.680666Z,2026-09-20T09:41:05.680666Z,7740.549643,7,0.25005,11.997600479902697,13.417026284817569,-2.225,75.75757575757575,11.997600479902697,48.44010302735145,14,9,2,3,0.7857,False
MORPHO,2026-09-20T07:41:10.383Z,2026-09-20T07:41:10.383767Z,2026-09-20T09:41:10.383767Z,7735.846542,7,2.519,7.939658594681316,11.233307148468187,-6.808,72.34848484848484,7.939658594681316,60.82282132676829,0,0,0,0,,False
OP,2026-09-20T07:41:15.456Z,2026-09-20T07:41:15.457094Z,2026-09-20T09:41:15.457094Z,7730.773215,7,0.12475,8.016032064127375,6.737880032867719,0.082,79.16666666666667,8.016032064127375,57.753927482848916,1,0,1,0,-1.0,False
PENDLE,2026-09-20T07:41:20.348Z,2026-09-20T07:41:20.348910Z,2026-09-20T09:41:20.348910Z,7725.881399,7,2.5795000000000003,3.876720294630315,9.666149068322968,-4.804,79.54545454545455,3.876720294630315,56.403688326486396,2,0,2,0,1.0,False
POL,2026-09-20T07:41:25.533Z,2026-09-20T07:41:25.533783Z,2026-09-20T09:41:25.533783Z,7720.696526,7,0.10535,17.08590412909346,4.401969302056178,-0.068,70.07575757575758,17.08590412909346,59.8745437361629,11,4,4,3,0.4545,False
RENDER,2026-09-20T07:41:34.574Z,2026-09-20T07:41:34.574450Z,2026-09-20T09:41:34.574450Z,7711.655859,7,1.5225,6.568144499178259,7.606557377049188,-1.294,77.27272727272727,6.568144499178259,52.94301734725211,3,1,2,0,0.3333,False
FLOKI,2026-09-20T07:49:15.770Z,2026-09-20T07:49:15.771180Z,2026-09-20T09:49:15.771180Z,7250.459129,7,2.5385000000000002e-05,3.93933425251062,7.255520504731858,-0.314,63.63636363636363,3.93933425251062,56.785976580568125,2,1,0,1,0.0,False
IOTA,2026-09-20T07:49:38.820Z,2026-09-20T07:49:38.821063Z,2026-09-20T09:49:38.821063Z,7227.409246,7,0.04685,21.34471718249646,9.052631578947365,5.556,61.36363636363637,21.34471718249646,72.78159701255188,4,0,4,0,0.5,False
LDO,2026-09-20T07:49:45.592Z,2026-09-20T07:49:45.592471Z,2026-09-20T09:49:45.592471Z,7220.637838,7,0.4071,9.825595676738184,8.238978559383282,5.142,63.25757575757576,9.825595676738184,70.94630346927367,0,0,0,0,,False
ORCA,2026-09-20T07:50:09.485Z,2026-09-20T07:50:09.485729Z,2026-09-20T09:50:09.485729Z,7798.638017,7,1.4,14.285714285714299,5.512367491166083,-2.008,60.60606060606061,14.285714285714299,59.28971032185522,0,0,0,0,,False
ORDI,2026-09-20T07:50:16.735Z,2026-09-20T07:50:16.735649Z,2026-09-20T09:50:16.735649Z,7791.388097,7,4.4535,15.71797462669737,9.103019538188281,-0.64,64.77272727272727,15.71797462669737,37.48315389557088,0,0,0,0,,False
PYTH,2026-09-20T07:50:25.286Z,2026-09-20T07:50:25.287031Z,2026-09-20T09:50:25.287031Z,7782.836715,7,0.058185,15.467904098994552,6.519148936170213,-1.509,56.43939393939394,15.467904098994552,48.26145777556441,2,1,0,1,0.0,False
RSR,2026-09-20T07:50:42.694Z,2026-09-20T07:50:42.694931Z,2026-09-20T09:50:42.694931Z,7765.428815,7,0.0016034999999999999,18.70907390084304,11.349306431273634,6.3,59.84848484848485,18.70907390084304,70.5543213166621,0,0,0,0,,False
RUNE,2026-09-20T07:50:47.675Z,2026-09-20T07:50:47.675598Z,2026-09-20T09:50:47.675598Z,7760.448148,7,0.5385,18.57010213556176,4.2830540037243985,-0.186,68.18181818181819,18.57010213556176,46.358241193310555,0,0,0,0,,False
SOLV,2026-09-20T07:50:58.301Z,2026-09-20T07:50:58.302172Z,2026-09-20T09:50:58.302172Z,7749.821574,7,0.004484999999999999,22.2965440356755,16.263736263736266,14.322,59.46969696969697,22.2965440356755,67.27499703477172,0,0,0,0,,False
SOMI,2026-09-20T07:51:03.250Z,2026-09-20T07:51:03.251158Z,2026-09-20T09:51:03.251158Z,7744.872588,7,0.20015,24.981264051961052,8.380462724935738,-1.469,58.71212121212121,24.981264051961052,62.652223014521965,0,0,0,0,,False
SOPH,2026-09-20T07:51:08.570Z,2026-09-20T07:51:08.570349Z,2026-09-20T09:51:08.570349Z,7739.553397,7,0.004255,23.501762632196456,9.52380952380951,5.0,62.878787878787875,23.501762632196456,62.323209952776,0,0,0,0,,False
SPK,2026-09-20T07:51:15.146Z,2026-09-20T07:51:15.146269Z,2026-09-20T09:51:15.146269Z,7732.977477,7,0.020304,24.625689519307247,5.920859794821697,-2.193,56.06060606060606,24.625689519307247,57.72803068861876,18,6,11,1,0.9444,False
AVNT,2026-09-20T07:57:24.730Z,2026-09-20T07:57:24.730758Z,2026-09-20T09:57:24.730758Z,7363.392988,7,0.10555,9.47418285172931,5.571030640668515,1.222,41.28787878787879,9.47418285172931,50.57663765487984,0,0,0,0,,False
MIRA,2026-09-20T07:58:30.692Z,2026-09-20T07:58:30.692292Z,2026-09-20T09:58:30.692292Z,7297.431454,7,0.048125,18.70129870129866,7.979487179487174,0.164,46.21212121212121,18.70129870129866,60.24227868712611,0,0,0,0,,False
PEOPLE,2026-09-20T07:59:03.524Z,2026-09-20T07:59:03.524355Z,2026-09-20T09:59:03.524355Z,7264.599391,7,0.00858,23.31002331002438,9.267734553775744,0.115,44.696969696969695,23.31002331002438,59.05828171928009,0,0,0,0,,False
PHA,2026-09-20T07:59:08.857Z,2026-09-20T07:59:08.858032Z,2026-09-20T09:59:08.858032Z,7259.265714,7,0.035949999999999996,27.81641168289178,14.647887323943653,11.635,51.13636363636363,27.81641168289178,75.05019727969734,2,1,1,0,1.0,False
PLUME,2026-09-20T07:59:14.602Z,2026-09-20T07:59:14.602777Z,2026-09-20T09:59:14.602777Z,7253.520969,7,0.01367,14.630577907826764,7.67559739319334,-2.195,53.78787878787879,14.630577907826764,54.02227164084268,1,0,0,1,1.0,False
ROSE,2026-09-20T07:59:23.061Z,2026-09-20T07:59:23.061462Z,2026-09-20T09:59:23.061462Z,7245.062284,7,0.007315,13.670539986330088,10.661268556005409,1.646,50.75757575757576,13.670539986330088,57.52620748098182,12,4,6,2,0.6667,False
SAHARA,2026-09-20T07:59:30.052Z,2026-09-20T07:59:30.053007Z,2026-09-20T09:59:30.053007Z,7238.070739,7,0.008785,11.383039271485023,10.022522522522523,0.0,40.90909090909091,11.383039271485023,71.93196673458922,1,1,0,0,1.0,False
THE,2026-09-20T07:59:47.349Z,2026-09-20T07:59:47.350174Z,2026-09-20T09:59:47.350174Z,7220.773572,7,0.07535,13.27140013271254,10.821382007822686,6.974,54.166666666666664,13.27140013271254,66.2584422032971,0,0,0,0,,False
THETA,2026-09-20T07:59:54.842Z,2026-09-20T07:59:54.843038Z,2026-09-20T09:59:54.843038Z,7213.280708,7,0.21095,14.221379473810025,6.33147113594041,-0.739,50.0,14.221379473810025,61.89074228102245,1,1,0,0,1.0,False
TREE,2026-09-20T07:59:59.772Z,2026-09-20T07:59:59.772567Z,2026-09-20T09:59:59.772567Z,7208.351179,7,0.043,46.511627906976464,10.958904109589039,-4.783,49.24242424242424,46.511627906976464,53.64444039636634,0,0,0,0,,False
TUT,2026-09-20T08:00:08.000Z,2026-09-20T08:00:08.001034Z,2026-09-20T10:00:08.001034Z,7200.122712,7,0.02061,58.22416302765747,4.259346900141985,-2.266,43.93939393939394,58.22416302765747,44.79033109508879,0,0,0,0,,False
USUAL,2026-09-20T08:00:13.986Z,2026-09-20T08:00:13.986583Z,2026-09-20T10:00:13.986583Z,7790.970899,7,0.01273,15.710919088766053,11.34585289514867,6.767,42.42424242424242,15.710919088766053,65.81329182410435,0,0,0,0,,False
W,2026-09-20T08:00:19.961Z,2026-09-20T08:00:19.961409Z,2026-09-20T10:00:19.961409Z,7784.996073,7,0.0108,18.518518518519368,6.566104702750675,5.131,53.40909090909091,18.518518518519368,56.75974974694214,0,0,0,0,,False
WAL,2026-09-20T08:00:26.491Z,2026-09-20T08:00:26.491428Z,2026-09-20T10:00:26.491428Z,7778.466054,7,0.03145,31.79650238473859,9.375000000000009,3.226,44.31818181818182,31.79650238473859,65.22083168866125,2,2,0,0,1.0,False
ZK,2026-09-20T08:00:40.073Z,2026-09-20T08:00:40.074013Z,2026-09-20T10:00:40.074013Z,7764.883469,7,0.011949999999999999,50.20920502091991,10.961214165261389,8.015,54.54545454545455,50.20920502091991,57.94339461797645,1,1,0,0,1.0,False
ZKC,2026-09-20T08:00:46.523Z,2026-09-20T08:00:46.523277Z,2026-09-20T10:00:46.523277Z,7758.434205,7,0.03975,25.157232704403235,3.9603960396039537,1.763,46.59090909090909,25.157232704403235,66.95290131994149,0,0,0,0,,False
ALT,2026-09-20T08:06:25.192Z,2026-09-20T08:06:25.192577Z,2026-09-20T10:06:25.192577Z,7419.764905,7,0.006965,14.35750179468714,5.50070521861778,2.014,29.166666666666668,14.35750179468714,38.86532761108741,1,1,0,0,1.0,False
AXS,2026-09-20T08:06:30.306Z,2026-09-20T08:06:30.306337Z,2026-09-20T10:06:30.306337Z,7414.651145,7,0.9895,10.10611419909046,4.179104477611944,0.5,28.78787878787879,10.10611419909046,60.08936084725443,2,2,0,0,0.0,False
BABY,2026-09-20T08:06:36.881Z,2026-09-20T08:06:36.881816Z,2026-09-20T10:06:36.881816Z,7408.075666,7,0.011449999999999998,34.93449781659398,5.522514868309273,4.159,32.57575757575758,34.93449781659398,40.197785680190414,0,0,0,0,,False
BMT,2026-09-20T08:06:46.811Z,2026-09-20T08:06:46.811528Z,2026-09-20T10:06:46.811528Z,7398.145954,7,0.019955,55.124029065396634,6.4833005893909705,4.84,25.757575757575758,55.124029065396634,56.59820522251522,3,1,2,0,0.6667,False
CETUS,2026-09-20T08:07:03.573Z,2026-09-20T08:07:03.573955Z,2026-09-20T10:07:03.573955Z,7381.383527,7,0.02361,25.41296060991149,12.780363944138815,6.826,34.84848484848485,25.41296060991149,65.73480286407167,0,0,0,0,,False
CKB,2026-09-20T08:07:09.246Z,2026-09-20T08:07:09.246734Z,2026-09-20T10:07:09.246734Z,7375.710748,7,0.0011935000000000001,25.13615416841375,6.280587275693314,-0.163,34.46969696969697,25.13615416841375,45.23246112720357,0,0,0,0,,False
DYM,2026-09-20T08:07:37.727Z,2026-09-20T08:07:37.727722Z,2026-09-20T10:07:37.727722Z,7347.22976,7,0.016265,43.03719643405911,8.871915393654529,3.465,25.0,43.03719643405911,62.47883142850161,0,0,0,0,,False
MANTRA,2026-09-20T08:08:28.820Z,2026-09-20T08:08:28.820471Z,2026-09-20T10:08:28.820471Z,7296.137011,7,0.004235,70.83825265643569,8.94495412844036,2.588,29.924242424242426,70.83825265643569,63.06805507167755,0,0,0,0,,False
PROVE,2026-09-20T08:08:56.100Z,2026-09-20T08:08:56.100787Z,2026-09-20T10:08:56.100787Z,7268.856695,7,0.21465,23.293733985557903,5.948121645796068,4.535,25.37878787878788,23.293733985557903,47.825356276985794,0,0,0,0,,False
SAND,2026-09-20T08:09:00.893Z,2026-09-20T08:09:00.893292Z,2026-09-20T10:09:00.893292Z,7264.06419,7,0.039279999999999995,25.458248472504057,6.390977443609032,3.234,36.36363636363637,25.458248472504057,46.37426873434485,4,2,1,1,1.0,False
SNX,2026-09-20T08:09:10.793Z,2026-09-20T08:09:10.793736Z,2026-09-20T10:09:10.793736Z,7254.163746,7,0.22025,13.62088535754926,5.07502206531332,1.569,35.22727272727273,13.62088535754926,63.97579422496006,1,1,0,0,1.0,False
TURBO,2026-09-20T08:09:32.027Z,2026-09-20T08:09:32.027903Z,2026-09-20T10:09:32.027903Z,7232.929579,7,0.0009355,53.447354355959526,14.300736067297576,-2.16,29.545454545454547,53.447354355959526,56.83266975818871,0,0,0,0,,False
USDE,2026-09-20T08:09:37.843Z,2026-09-20T08:09:37.843301Z,2026-09-20T10:09:37.843301Z,7227.114181,7,0.99995,1.000050002500015,0.029999999999996696,-0.01,38.63636363636363,1.000050002500015,48.47473082389483,0,0,0,0,,False
XVG,2026-09-20T08:09:44.960Z,2026-09-20T08:09:44.960473Z,2026-09-20T10:09:44.960473Z,7219.997009,7,0.0029985,23.345005836251666,6.467498358502959,-2.058,31.060606060606062,23.345005836251666,54.94872477916396,0,0,0,0,,False
ENSO,2026-09-20T08:15:07.576Z,2026-09-20T08:15:07.577074Z,2026-09-20T10:15:07.577074Z,7497.958037,7,0.9205000000000001,10.86366105377513,4.491978609625661,-1.163,25.0,10.86366105377513,58.296816661211786,1,1,0,0,1.0,False
1000SATS,2026-09-20T08:15:39.729Z,2026-09-20T08:15:39.730146Z,2026-09-20T10:15:39.730146Z,7465.804965,7,1.093e-05,18.298261665141638,5.855855855855861,0.181,10.227272727272727,18.298261665141638,40.63368371180798,16,5,8,3,0.75,False
2Z,2026-09-20T08:15:44.693Z,2026-09-20T08:15:44.693666Z,2026-09-20T10:15:44.693666Z,7460.841445,7,0.048385,22.734318487134235,4.655911782724111,-2.177,17.045454545454547,22.734318487134235,56.46492497086928,0,0,0,0,,False
API3,2026-09-20T08:16:01.683Z,2026-09-20T08:16:01.683342Z,2026-09-20T10:16:01.683342Z,7443.851769,7,0.24135,20.716801325875302,4.699632202697173,-1.291,13.257575757575758,20.716801325875302,51.79812139424077,0,0,0,0,,False
ARKM,2026-09-20T08:16:08.854Z,2026-09-20T08:16:08.854644Z,2026-09-20T10:16:08.854644Z,7436.680467,7,0.108,18.51851851851905,5.464480874316932,-0.453,22.348484848484848,18.51851851851905,48.264686872901336,3,1,2,0,0.3333,False
AT,2026-09-20T08:16:15.500Z,2026-09-20T08:16:15.500996Z,2026-09-20T10:16:15.500996Z,7430.034115,7,0.14405,34.71017007983342,6.9434989788972,-2.392,10.606060606060606,34.71017007983342,41.09119362659414,0,0,0,0,,False
BANANA,2026-09-20T08:16:21.924Z,2026-09-20T08:16:21.925016Z,2026-09-20T10:16:21.925016Z,7423.610095,7,3.9379999999999997,50.787201625190505,3.423105965265546,-0.6,16.28787878787879,50.787201625190505,55.14493378404,1,1,0,0,1.0,False
BLUR,2026-09-20T08:16:38.493Z,2026-09-20T08:16:38.493943Z,2026-09-20T10:16:38.493943Z,7407.041168,7,0.018395,16.308779559662288,5.582393988191085,1.803,14.772727272727273,16.308779559662288,63.11544299175752,3,0,3,0,1.0,False
FORM,2026-09-20T08:17:02.317Z,2026-09-20T08:17:02.317575Z,2026-09-20T10:17:02.317575Z,7383.217536,7,0.2521,39.66679888932967,5.019607843137268,-1.734,11.742424242424242,39.66679888932967,42.55511839867776,1,1,0,0,1.0,False
PIXEL,2026-09-20T08:18:07.719Z,2026-09-20T08:18:07.720068Z,2026-09-20T10:18:07.720068Z,7317.815043,7,0.00502,39.84063745019931,5.128205128205124,-2.5,10.984848484848484,39.84063745019931,49.75234901153713,2,0,1,1,0.0,False
RARE,2026-09-20T08:18:12.270Z,2026-09-20T08:18:12.270326Z,2026-09-20T10:18:12.270326Z,7313.264785,7,0.012305,8.126777732628682,3.0473135525260635,-0.558,17.803030303030305,8.126777732628682,54.94440498180491,0,0,0,0,,False
RESOLV,2026-09-20T08:18:24.831Z,2026-09-20T08:18:24.831648Z,2026-09-20T10:18:24.831648Z,7300.703463,7,0.017070000000000002,11.716461628589721,3.4104046242774584,0.116,18.560606060606062,11.716461628589721,46.72828959154787,0,0,0,0,,False
SIGN,2026-09-20T08:18:29.689Z,2026-09-20T08:18:29.689587Z,2026-09-20T10:18:29.689587Z,7295.845524,7,0.011755,25.52105487026693,5.050505050505049,3.846,20.833333333333332,25.52105487026693,62.16336791524819,1,0,1,0,1.0,False
STO,2026-09-20T08:18:36.385Z,2026-09-20T08:18:36.385832Z,2026-09-20T10:18:36.385832Z,7289.149279,7,0.039650000000000005,25.220680958384843,4.488778054862833,-0.988,24.242424242424242,25.220680958384843,54.35865282775972,0,0,0,0,,False
TOWNS,2026-09-20T08:18:50.468Z,2026-09-20T08:18:50.468520Z,2026-09-20T10:18:50.468520Z,7275.066591,7,0.0020350000000000004,49.14004914004926,3.4146341463414513,1.485,12.121212121212121,49.14004914004926,64.57347800667704,0,0,0,0,,False
YGG,2026-09-20T08:18:57.228Z,2026-09-20T08:18:57.228982Z,2026-09-20T10:18:57.228982Z,7268.306129,7,0.02447,32.69309358398047,6.255044390637608,-2.287,14.015151515151516,32.69309358398047,28.981481630401078,0,0,0,0,,False
1INCH,2026-09-20T08:24:43.507Z,2026-09-20T08:24:43.507556Z,2026-09-20T10:24:43.507556Z,7521.594989,7,0.09570000000000001,20.89864158829591,5.405405405405416,-2.926,6.818181818181818,20.89864158829591,52.776928143965876,0,0,0,0,,True
1MBABYDOGE,2026-09-20T08:24:51.201Z,2026-09-20T08:24:51.201602Z,2026-09-20T10:24:51.201602Z,7513.900943,7,0.00038365000000000003,13.032712107389862,4.465917994254384,-2.346,2.6515151515151514,13.032712107389862,53.842950283926974,0,0,0,0,,False
AIXBT,2026-09-20T08:25:00.600Z,2026-09-20T08:25:00.600253Z,2026-09-20T10:25:00.600253Z,7504.502292,7,0.020319999999999998,29.527559055118616,4.152418172936004,-2.384,0.7575757575757576,29.527559055118616,49.912671606156685,0,0,0,0,,False
AUCTION,2026-09-20T08:25:07.665Z,2026-09-20T08:25:07.665833Z,2026-09-20T10:25:07.665833Z,7497.436712,7,3.4444999999999997,43.54768471476303,4.5977011494252915,-0.713,9.090909090909092,43.54768471476303,29.248695549039866,0,0,0,0,,False
BNB,2026-09-20T08:25:17.402Z,2026-09-20T08:25:17.402642Z,2026-09-20T10:25:17.402642Z,7487.699903,7,750.685,0.13321166667916093,3.7475634829510476,-1.74,97.34848484848484,0.13321166667916093,52.28980805956416,1,0,1,0,1.0,False
BTC,2026-09-20T08:25:22.426Z,2026-09-20T08:25:22.427175Z,2026-09-20T10:25:22.427175Z,7482.67537,7,80368.17499999999,0.001244273618849913,2.2818394613055917,-1.007,100.0,0.001244273618849913,54.16968759875586,38,20,12,6,0.1842,False
CGPT,2026-09-20T08:25:29.326Z,2026-09-20T08:25:29.327021Z,2026-09-20T10:25:29.327021Z,7475.775524,7,0.019680000000000003,50.81300813008099,4.160401002506271,-0.25,5.303030303030303,50.81300813008099,35.0433517886371,1,1,0,0,1.0,False
DOLO,2026-09-20T08:25:36.305Z,2026-09-20T08:25:36.305259Z,2026-09-20T10:25:36.305259Z,7468.797286,7,0.025455,19.642506383813775,3.667577058134998,-2.213,0.3787878787878788,19.642506383813775,44.56468943120044,0,0,0,0,,False
ENA,2026-09-20T08:25:40.948Z,2026-09-20T08:25:40.948953Z,2026-09-20T10:25:40.948953Z,7464.153592,7,0.20305,4.924895345973355,18.844221105527627,7.918,97.72727272727273,4.924895345973355,69.0460839468363,15,6,5,4,0.2,False
ETH,2026-09-20T08:25:46.092Z,2026-09-20T08:25:46.093194Z,2026-09-20T10:25:46.093194Z,7459.009351,7,2575.3050000000003,0.0388303521321301,4.049359933628501,-2.084,99.62121212121212,0.0388303521321301,59.611976778522504,35,18,13,4,0.5429,False
EUR,2026-09-20T08:25:49.138Z,2026-09-20T08:25:49.139075Z,2026-09-20T10:25:49.139075Z,7455.96347,7,1.14975,0.8697542944117328,0.1304688179525143,-0.07,96.5909090909091,0.8697542944117328,64.01713103505294,2,0,2,0,1.0,False
EURI,2026-09-20T08:25:54.750Z,2026-09-20T08:25:54.751051Z,2026-09-20T10:25:54.751051Z,7450.351494,7,1.1496,24.356297842727155,1.0461162932612684,-0.087,7.575757575757576,24.356297842727155,48.50178335670924,0,0,0,0,,
GMT,2026-09-20T08:26:01.345Z,2026-09-20T08:26:01.345569Z,2026-09-20T10:26:01.345569Z,7443.756976,7,0.007545,13.253810470510881,3.7711313394018133,0.0,4.166666666666667,13.253810470510881,57.94320463554046,5,2,2,1,1.0,False
HAEDAL,2026-09-20T08:26:06.615Z,2026-09-20T08:26:06.616054Z,2026-09-20T10:26:06.616054Z,7438.486491,7,0.019455,46.260601387817935,3.391572456320644,-0.613,2.272727272727273,46.260601387817935,44.87155254736263,0,0,0,0,,False
HMSTR,2026-09-20T08:26:13.249Z,2026-09-20T08:26:13.249820Z,2026-09-20T10:26:13.249820Z,7431.852725,7,0.00016525,18.15431164901708,3.594967046135401,0.542,4.924242424242424,18.15431164901708,40.691869699783226,4,4,0,0,0.5,False
HUMA,2026-09-20T08:26:20.327Z,2026-09-20T08:26:20.327612Z,2026-09-20T10:26:20.327612Z,7424.774933,7,0.023665,54.93344601732586,6.993865030674845,-4.641,1.5151515151515151,54.93344601732586,38.03695439672757,1,0,0,1,-1.0,False
INJ,2026-09-20T08:26:25.566Z,2026-09-20T08:26:25.566899Z,2026-09-20T10:26:25.566899Z,7419.535646,7,7.85,12.738853503185574,12.981770833333345,-0.698,94.6969696969697,12.738853503185574,52.18546585064518,3,2,1,0,1.0,False
LINK,2026-09-20T08:26:30.415Z,2026-09-20T08:26:30.416148Z,2026-09-20T10:26:30.416148Z,7414.686397,7,11.984,1.6688918558068189,6.319207393222882,-3.051,94.31818181818181,1.6688918558068189,48.226899882052024,9,5,2,2,0.5556,False
LISTA,2026-09-20T08:26:37.121Z,2026-09-20T08:26:37.121745Z,2026-09-20T10:26:37.121745Z,7407.9808,7,0.07925,12.618296529967065,5.569620253164558,-2.469,3.409090909090909,12.618296529967065,55.26475121001333,1,0,0,1,1.0,False
NEAR,2026-09-20T08:26:41.905Z,2026-09-20T08:26:41.905607Z,2026-09-20T10:26:41.905607Z,7403.196938,7,3.5294999999999996,2.833262501770477,9.653605905735386,-4.397,96.96969696969697,2.833262501770477,63.61942930537639,18,7,1,10,0.3889,False
NEWT,2026-09-20T08:26:48.627Z,2026-09-20T08:26:48.627370Z,2026-09-20T10:26:48.627370Z,7396.475175,7,0.04401,22.722108611679815,3.0600848782667036,-0.445,7.196969696969697,22.722108611679815,47.674469687892646,0,0,0,0,,False
NOM,2026-09-20T08:26:55.158Z,2026-09-20T08:26:55.158563Z,2026-09-20T10:26:55.158563Z,7389.943982,7,0.001645,60.79027355623117,4.216867469879515,-1.19,7.954545454545454,60.79027355623117,50.12245189365632,0,0,0,0,,False
ALGO,2026-09-20T08:33:47.341Z,2026-09-20T08:33:47.342539Z,2026-09-20T10:33:47.342539Z,7577.670868,7,0.10105,9.896091044036515,13.294232649071361,5.682,85.60606060606061,9.896091044036515,61.224278452458634,1,1,0,0,1.0,False
ONDO,2026-09-20T08:34:35.443Z,2026-09-20T08:34:35.443276Z,2026-09-20T10:34:35.443276Z,7529.570131,7,0.40895,2.445286709866463,10.999999999999995,3.015,90.53030303030303,2.445286709866463,67.33796130420649,0,0,0,0,,False
PENGU,2026-09-20T08:34:40.107Z,2026-09-20T08:34:40.108018Z,2026-09-20T10:34:40.108018Z,7524.905389,7,0.0076124999999999995,3.9408866995079124,9.618380062305288,-0.939,91.28787878787878,3.9408866995079124,45.497402127498574,4,2,2,0,1.0,False
PEPE,2026-09-20T08:34:44.877Z,2026-09-20T08:34:44.877262Z,2026-09-20T10:34:44.877262Z,7520.136145,7,3.925e-06,25.477707006369187,13.965087281795515,6.366,92.42424242424242,25.477707006369187,47.05229719872047,15,13,0,2,0.7333,False
PUMP,2026-09-20T08:34:49.589Z,2026-09-20T08:34:49.589362Z,2026-09-20T10:34:49.589362Z,7515.424045,7,0.0040195000000000005,7.463614877473312,9.088632949424149,-3.573,89.77272727272727,7.463614877473312,57.41138950537726,21,19,1,1,0.619,False
STRK,2026-09-20T08:34:54.602Z,2026-09-20T08:34:54.603192Z,2026-09-20T10:34:54.603192Z,7510.410215,7,0.045575000000000004,6.582556226000067,14.594594594594607,10.514,88.25757575757575,6.582556226000067,61.606030053651665,13,10,3,0,0.6923,False
SYN,2026-09-20T08:34:59.300Z,2026-09-20T08:34:59.301152Z,2026-09-20T10:34:59.301152Z,7505.712255,7,0.212805,15.50715443716064,31.481156879929895,-6.456,87.12121212121212,15.50715443716064,54.18407552674766,0,0,0,0,,False
TAO,2026-09-20T08:35:04.634Z,2026-09-20T08:35:04.634943Z,2026-09-20T10:35:04.634943Z,7500.378464,7,250.0,7.999999999999545,8.968787040695386,-0.745,93.93939393939394,7.999999999999545,51.659492520993794,19,7,6,6,0.4737,False
TRUMP,2026-09-20T08:35:09.616Z,2026-09-20T08:35:09.616576Z,2026-09-20T10:35:09.616576Z,7495.396831,7,2.0134999999999996,4.966476285075193,9.990108803165182,-1.558,86.36363636363636,4.966476285075193,53.87811184434552,2,0,0,2,-1.0,False
WLD,2026-09-20T08:35:14.784Z,2026-09-20T08:35:14.784719Z,2026-09-20T10:35:14.784719Z,7490.228688,7,0.4187,4.7766897539999515,5.727699530516427,1.598,89.39393939393939,4.7766897539999515,62.945242869434075,1,0,1,0,1.0,False
XLM,2026-09-20T08:35:19.649Z,2026-09-20T08:35:19.650141Z,2026-09-20T10:35:19.650141Z,7485.363266,7,0.18945,5.278437582475005,7.922350472193076,-1.192,90.9090909090909,5.278437582475005,58.205599127919946,3,3,0,0,1.0,False
0G,2026-09-20T08:40:52.173Z,2026-09-20T08:40:52.173843Z,2026-09-20T10:40:52.173843Z,7752.738705,7,0.21150000000000002,9.456264775413981,11.121365943700974,1.214,71.21212121212122,9.456264775413981,50.03179954945191,0,0,0,0,,False
ALLO,2026-09-20T08:41:01.921Z,2026-09-20T08:41:01.921759Z,2026-09-20T10:41:01.921759Z,7742.990789,7,0.26815,11.187768040274733,10.877782444351105,2.94,71.96969696969697,11.187768040274733,51.17178045977318,1,1,0,0,1.0,False
ASTER,2026-09-20T08:41:07.295Z,2026-09-20T08:41:07.295566Z,2026-09-20T10:41:07.295566Z,7737.616982,7,0.7315,13.670539986329471,5.241935483870972,-1.717,80.68181818181819,13.670539986329471,45.38516224058996,1,1,0,0,-1.0,False
BCH,2026-09-20T08:41:17.002Z,2026-09-20T08:41:17.003004Z,2026-09-20T10:41:17.003004Z,7727.909544,7,245.25,4.077471967381151,6.143896523848026,0.0,84.46969696969697,4.077471967381151,51.1380367060627,0,0,0,0,,False
BONK,2026-09-20T08:41:22.932Z,2026-09-20T08:41:22.932915Z,2026-09-20T10:41:22.932915Z,7721.979633,7,2.9449999999999998e-06,33.955857385400094,6.7114093959731616,-0.334,73.86363636363636,33.955857385400094,59.50811068740921,0,0,0,0,,False
C,2026-09-20T08:41:28.101Z,2026-09-20T08:41:28.101654Z,2026-09-20T10:41:28.101654Z,7716.810894,7,0.07435,40.34969737726896,36.9987063389392,15.719,77.65151515151516,40.34969737726896,57.32295998681442,2,0,1,1,0.0,False
FET,2026-09-20T08:42:03.303Z,2026-09-20T08:42:03.303961Z,2026-09-20T10:42:03.303961Z,7681.608587,7,0.16965,5.894488653108694,9.934949733885281,-5.0,84.84848484848484,5.894488653108694,38.49564333718652,7,0,4,3,-0.5714,False
RAY,2026-09-20T08:42:40.805Z,2026-09-20T08:42:40.806203Z,2026-09-20T10:42:40.806203Z,7644.106345,7,1.63905,12.812299807815448,19.34821967410984,-7.088,77.27272727272727,12.812299807815448,52.68955221013854,12,10,2,0,0.6667,False
APE,2026-09-20T08:49:24.566Z,2026-09-20T08:49:24.567114Z,2026-09-20T10:49:24.567114Z,7240.345434,7,0.1348,29.67359050445189,5.16739446870451,-1.293,61.36363636363637,29.67359050445189,45.35173376813022,4,3,1,0,0.5,False
ATOM,2026-09-20T08:49:31.457Z,2026-09-20T08:49:31.458070Z,2026-09-20T10:49:31.458070Z,7233.454478,7,1.6885,17.767249037606703,5.182567726737343,-0.118,65.53030303030303,17.767249037606703,49.51682697115426,2,1,1,0,1.0,False
CFX,2026-09-20T08:49:48.551Z,2026-09-20T08:49:48.551949Z,2026-09-20T10:49:48.551949Z,7216.360599,7,0.048865,2.0464545175475544,5.602409638554219,1.178,59.46969696969697,2.0464545175475544,45.68131122042603,1,0,1,0,1.0,False
EGLD,2026-09-20T08:50:10.144Z,2026-09-20T08:50:10.144498Z,2026-09-20T10:50:10.144498Z,7795.66206,7,3.6155,47.019775964596604,13.105875981586774,-8.995,69.31818181818181,47.019775964596604,46.21702984077119,4,0,4,0,0.75,False
EIGEN,2026-09-20T08:50:15.023Z,2026-09-20T08:50:15.023756Z,2026-09-20T10:50:15.023756Z,7790.782802,7,0.22399999999999998,8.928571428571685,6.750871080139367,-0.261,67.04545454545455,8.928571428571685,63.71852956718584,2,2,0,0,0.0,False
ENS,2026-09-20T08:50:21.445Z,2026-09-20T08:50:21.445321Z,2026-09-20T10:50:21.445321Z,7784.361237,7,6.115,49.05968928863491,12.379421221864959,0.323,56.06060606060606,49.05968928863491,45.60278319869418,1,1,0,0,1.0,False
GALA,2026-09-20T08:50:37.752Z,2026-09-20T08:50:37.752716Z,2026-09-20T10:50:37.752716Z,7768.053842,7,0.0018495,5.406866720736052,5.763073639274281,-0.584,63.25757575757576,5.406866720736052,39.37924848078749,1,1,0,0,1.0,False
HEMI,2026-09-20T08:50:46.501Z,2026-09-20T08:50:46.501894Z,2026-09-20T10:50:46.501894Z,7759.304664,7,0.006215,48.27031375704024,5.287713841368586,-2.723,64.39393939393939,48.27031375704024,50.358838698834695,2,0,1,1,0.0,False
HOME,2026-09-20T08:50:50.985Z,2026-09-20T08:50:50.985944Z,2026-09-20T10:50:50.985944Z,7754.820614,7,0.006065,16.488046166528594,10.954616588419407,3.398,61.74242424242424,16.488046166528594,64.69238219948204,2,2,0,0,1.0,False
NEO,2026-09-20T08:51:12.340Z,2026-09-20T08:51:12.341118Z,2026-09-20T10:51:12.341118Z,7733.46544,7,2.338,8.554319931564498,6.912442396313366,2.402,57.57575757575758,8.554319931564498,53.40204625548872,0,0,0,0,,False
PAXG,2026-09-20T08:51:32.850Z,2026-09-20T08:51:32.850866Z,2026-09-20T10:51:32.850866Z,7712.955692,7,4361.055,0.022930231332139308,0.23045014595176327,-0.068,69.6969696969697,0.022930231332139308,52.41487985362943,0,0,0,0,,False
TRB,2026-09-20T08:52:24.556Z,2026-09-20T08:52:24.556813Z,2026-09-20T10:52:24.556813Z,7661.249745,7,17.42,22.96211251435287,10.356536502546678,-3.125,55.303030303030305,22.96211251435287,52.636101401674985,0,0,0,0,,False
TWT,2026-09-20T08:52:29.286Z,2026-09-20T08:52:29.287084Z,2026-09-20T10:52:29.287084Z,7656.519474,7,0.5629,28.424231657486853,4.630122405534861,0.302,68.18181818181819,28.424231657486853,45.8478813199621,0,0,0,0,,False
BB,2026-09-20T08:58:39.270Z,2026-09-20T08:58:39.270581Z,2026-09-20T10:58:39.270581Z,7286.535977,7,0.008065,37.197768133912604,8.082026537997592,-2.356,44.31818181818182,37.197768133912604,55.5307553112523,3,0,0,3,-1.0,False
BERA,2026-09-20T08:58:44.678Z,2026-09-20T08:58:44.678542Z,2026-09-20T10:58:44.678542Z,7281.128016,7,0.2044,9.784735812131995,14.93815413891531,5.894,53.78787878787879,9.784735812131995,73.60533668262975,0,0,0,0,,False
ERA,2026-09-20T08:59:00.432Z,2026-09-20T08:59:00.432664Z,2026-09-20T10:59:00.432664Z,7265.373894,7,0.06085,16.433853738702194,4.220779220779217,-1.597,39.77272727272727,16.433853738702194,59.34749805979924,0,0,0,0,,False
EUL,2026-09-20T08:59:07.410Z,2026-09-20T08:59:07.410497Z,2026-09-20T10:59:07.410497Z,7258.396061,7,1.3599999999999999,14.705882352941192,6.911447084233267,-0.573,43.18181818181818,14.705882352941192,51.41431839973356,1,0,1,0,1.0,False
FF,2026-09-20T08:59:12.572Z,2026-09-20T08:59:12.573032Z,2026-09-20T10:59:12.573032Z,7253.233526,7,0.12915,13.937282229964053,4.476227290297645,2.342,40.53030303030303,13.937282229964053,55.042067520333546,0,0,0,0,,False
IMX,2026-09-20T08:59:24.670Z,2026-09-20T08:59:24.670772Z,2026-09-20T10:59:24.670772Z,7241.135786,7,0.13440000000000002,14.880952380952806,9.402332361516033,3.861,52.65151515151515,14.880952380952806,69.20885094573384,0,0,0,0,,False
KAITO,2026-09-20T08:59:31.461Z,2026-09-20T08:59:31.461623Z,2026-09-20T10:59:31.461623Z,7234.344935,7,0.32689999999999997,12.236157846436571,5.498078628436301,1.318,43.56060606060606,12.236157846436571,58.023389670919634,0,0,0,0,,False
KMNO,2026-09-20T08:59:51.484Z,2026-09-20T08:59:51.485044Z,2026-09-20T10:59:51.485044Z,7214.321514,7,0.026924999999999998,11.142061281336595,7.4019245003700895,-3.05,53.03030303030303,11.142061281336595,33.58118193474954,1,1,0,0,1.0,False
MUBARAK,2026-09-20T09:00:11.572Z,2026-09-20T09:00:11.572373Z,2026-09-20T11:00:11.572373Z,7793.273464,7,0.032619999999999996,24.524831391785312,4.7693266832917605,0.219,49.621212121212125,24.524831391785312,63.613983792795594,1,1,0,0,1.0,False
NEIRO,2026-09-20T09:00:16.820Z,2026-09-20T09:00:16.820320Z,2026-09-20T11:00:16.820320Z,7788.025517,7,8.7565e-05,14.846114315080277,10.54691868918465,-1.887,46.59090909090909,14.846114315080277,45.7654828481751,1,1,0,0,1.0,False
NIL,2026-09-20T09:00:26.503Z,2026-09-20T09:00:26.504060Z,2026-09-20T11:00:26.504060Z,7778.341777,7,0.049464999999999995,38.410997675124364,9.94934143870315,4.246,48.86363636363637,38.410997675124364,55.897193950265866,0,0,0,0,,False
ONT,2026-09-20T09:00:32.939Z,2026-09-20T09:00:32.940040Z,2026-09-20T11:00:32.940040Z,7771.905797,7,0.053055000000000005,16.963528413910055,4.8802946593001835,2.337,42.803030303030305,16.963528413910055,54.687019091159776,1,0,1,0,1.0,False
PARTI,2026-09-20T09:00:38.795Z,2026-09-20T09:00:38.795455Z,2026-09-20T11:00:38.795455Z,7766.050382,7,0.023850000000000003,41.92872117400393,6.639004149377582,0.0,40.90909090909091,41.92872117400393,52.706004326309824,0,0,0,0,,False
REZ,2026-09-20T09:01:02.062Z,2026-09-20T09:01:02.062538Z,2026-09-20T11:01:02.062538Z,7742.783299,7,0.0034825,20.100502512562993,8.139208532135838,-6.898,42.04545454545455,20.100502512562993,36.83769008665515,0,0,0,0,,False
SKY,2026-09-20T09:01:25.293Z,2026-09-20T09:01:25.293920Z,2026-09-20T11:01:25.293920Z,7719.551917,7,0.069345,15.862715408464775,8.2828879373985,-4.659,50.0,15.862715408464775,45.168967256119856,1,1,0,0,1.0,False
DOGS,2026-09-20T09:03:33.332Z,2026-09-20T09:03:33.332470Z,2026-09-20T11:03:33.332470Z,7591.513367,7,4.5645e-05,2.1908204622634675,6.245947698292633,-4.044,24.62121212121212,2.1908204622634675,33.90961630632308,0,0,0,0,,False
EDEN,2026-09-20T09:03:40.631Z,2026-09-20T09:03:40.631974Z,2026-09-20T11:03:40.631974Z,7584.213863,7,0.050525,17.812963879267652,3.562390500291996,-2.022,30.303030303030305,17.812963879267652,57.44021090562335,0,0,0,0,,False
ETC,2026-09-20T09:03:50.862Z,2026-09-20T09:03:50.863139Z,2026-09-20T11:03:50.863139Z,7573.982698,7,8.29,24.125452352233232,6.834532374100702,0.24,33.333333333333336,24.125452352233232,63.39079833705387,2,1,1,0,0.5,False
GRT,2026-09-20T09:03:56.086Z,2026-09-20T09:03:56.086439Z,2026-09-20T11:03:56.086439Z,7568.759398,7,0.02028,29.585798816568555,4.717898832684835,2.035,32.95454545454545,29.585798816568555,63.82375893437766,0,0,0,0,,False
HYPER,2026-09-20T09:04:11.901Z,2026-09-20T09:04:11.901291Z,2026-09-20T11:04:11.901291Z,7552.944546,7,0.0697,28.694404591105556,4.2253521126760605,-0.976,28.03030303030303,28.694404591105556,43.99812380247807,0,0,0,0,,False
LINEA,2026-09-20T09:04:19.718Z,2026-09-20T09:04:19.719228Z,2026-09-20T11:04:19.719228Z,7545.126609,7,0.002698,14.825796886583015,4.988994864269986,-0.801,38.25757575757576,14.825796886583015,56.575105082787,1,0,0,1,-1.0,False
MINA,2026-09-20T09:04:41.416Z,2026-09-20T09:04:41.416486Z,2026-09-20T11:04:41.416486Z,7523.429351,7,0.1048,38.16793893129748,14.083175803402643,-5.62,39.015151515151516,38.16793893129748,40.43847186998176,0,0,0,0,,False
OSMO,2026-09-20T09:04:59.181Z,2026-09-20T09:04:59.181585Z,2026-09-20T11:04:59.181585Z,7505.664252,7,0.03485,28.694404591105556,5.714285714285698,-3.581,35.22727272727273,28.694404591105556,56.45038544238734,0,0,0,0,,False
PNUT,2026-09-20T09:05:06.583Z,2026-09-20T09:05:06.583677Z,2026-09-20T11:05:06.583677Z,7498.26216,7,0.0518,38.61003861003838,7.32177263969171,-0.192,34.46969696969697,38.61003861003838,57.767788905401744,1,0,1,0,1.0,False
SHELL,2026-09-20T09:05:28.286Z,2026-09-20T09:05:28.286593Z,2026-09-20T11:05:28.286593Z,7476.559244,7,0.0236,84.7457627118639,12.288135593220353,4.889,36.36363636363637,84.7457627118639,66.778282113017,4,2,1,1,0.0,False
TNSR,2026-09-20T09:05:43.359Z,2026-09-20T09:05:43.359794Z,2026-09-20T11:05:43.359794Z,7461.486043,7,0.03505,28.530670470754902,5.665722379603405,-1.12,26.893939393939394,28.530670470754902,53.683669446033065,0,0,0,0,,False
TST,2026-09-20T09:05:56.332Z,2026-09-20T09:05:56.332341Z,2026-09-20T11:05:56.332341Z,7448.513496,7,0.01506,26.560424966799538,5.482166446499345,-4.78,37.121212121212125,26.560424966799538,54.847947628033445,0,0,0,0,,False
1000CAT,2026-09-20T09:11:44.911Z,2026-09-20T09:11:44.911362Z,2026-09-20T11:11:44.911362Z,7699.644715,7,0.0020345,34.40648808060979,4.965920155793557,-3.113,12.5,34.40648808060979,27.993688137197854,0,0,0,0,,False
ANIME,2026-09-20T09:12:04.831Z,2026-09-20T09:12:04.832270Z,2026-09-20T11:12:04.832270Z,7679.723807,7,0.00309,64.72491909385131,4.823151125401928,-0.955,16.666666666666668,64.72491909385131,50.30997156989683,0,0,0,0,,False
BFUSD,2026-09-20T09:12:41.783Z,2026-09-20T09:12:41.783738Z,2026-09-20T11:12:41.783738Z,7642.772339,7,0.9997,10.00300090027009,0.10008006405124109,-0.01,11.363636363636363,10.00300090027009,40.61725729437547,0,0,0,0,,
COW,2026-09-20T09:12:50.804Z,2026-09-20T09:12:50.804801Z,2026-09-20T11:12:50.804801Z,7633.751276,7,0.1518,26.35046113306876,5.580791693705384,1.649,21.59090909090909,26.35046113306876,39.184576211577266,0,0,0,0,,False
ENJ,2026-09-20T09:13:01.475Z,2026-09-20T09:13:01.475986Z,2026-09-20T11:13:01.475986Z,7623.080091,7,0.02636,60.69802731411245,4.427083333333334,-1.394,23.106060606060606,60.69802731411245,40.04470192721844,0,0,0,0,,False
KAIA,2026-09-20T09:13:39.034Z,2026-09-20T09:13:39.035079Z,2026-09-20T11:13:39.035079Z,7585.520998,7,0.02935,34.07155025553642,4.040404040404051,-1.0,21.96969696969697,34.07155025553642,55.06692415486676,3,0,2,1,0.3333,False
KERNEL,2026-09-20T09:13:43.820Z,2026-09-20T09:13:43.820741Z,2026-09-20T11:13:43.820741Z,7580.735336,7,0.0412,48.54368932038974,6.038647342995175,-4.828,19.318181818181817,48.54368932038974,51.024164327424515,0,0,0,0,,False
LAYER,2026-09-20T09:13:50.179Z,2026-09-20T09:13:50.179265Z,2026-09-20T11:13:50.179265Z,7574.376812,7,0.07064999999999999,42.46284501061693,3.0812324929971897,-1.517,22.727272727272727,42.46284501061693,33.442869979570744,0,0,0,0,,False
MANTA,2026-09-20T09:14:00.897Z,2026-09-20T09:14:00.898194Z,2026-09-20T11:14:00.898194Z,7563.657883,7,0.06498000000000001,15.38935056940641,6.257706535141813,2.013,21.21212121212121,15.38935056940641,55.36729633322743,0,0,0,0,,False
OPEN,2026-09-20T09:14:15.418Z,2026-09-20T09:14:15.419021Z,2026-09-20T11:14:15.419021Z,7549.137056,7,0.1382,14.471780028943975,4.989604989604978,-1.703,9.469696969696969,14.471780028943975,58.891758476999826,0,0,0,0,,False
SXT,2026-09-20T09:14:50.226Z,2026-09-20T09:14:50.226327Z,2026-09-20T11:14:50.226327Z,7514.32975,7,0.008375,11.940298507462199,7.981220657276997,0.59,9.848484848484848,11.940298507462199,59.43650682363752,0,0,0,0,,False
ACT,2026-09-20T09:20:56.235Z,2026-09-20T09:20:56.236065Z,2026-09-20T11:20:56.236065Z,7748.699966,7,0.0102,39.215686274509906,4.343629343629351,0.388,4.545454545454546,39.215686274509906,57.764964859181646,0,0,0,0,,False
AVAX,2026-09-20T09:21:10.774Z,2026-09-20T09:21:10.774441Z,2026-09-20T11:21:10.774441Z,7734.16159,7,9.9495,1.0050756319407466,22.66900971676659,11.89,96.21212121212122,1.0050756319407466,69.63038863351379,29,17,12,0,0.6552,False
NXPC,2026-09-20T09:22:40.104Z,2026-09-20T09:22:40.105223Z,2026-09-20T11:22:40.105223Z,7644.830808,7,0.22015,22.71178741766979,4.468275245755143,0.134,1.893939393939394,22.71178741766979,58.956377979102065,0,0,0,0,,True
VANA,2026-09-20T09:23:26.591Z,2026-09-20T09:23:26.591688Z,2026-09-20T11:23:26.591688Z,7598.344343,7,1.049,38.131553860819864,9.383624655013788,5.534,8.712121212121213,38.131553860819864,65.20933356723773,0,0,0,0,,False
WCT,2026-09-20T09:23:33.021Z,2026-09-20T09:23:33.022260Z,2026-09-20T11:23:33.022260Z,7591.913771,7,0.038855,18.015699395187394,7.166288165531169,0.814,8.333333333333334,18.015699395187394,56.776894912303945,0,0,0,0,,False
XRP,2026-09-20T09:23:38.422Z,2026-09-20T09:23:38.422331Z,2026-09-20T11:23:38.422331Z,7586.5137,7,1.37675,0.726348284002099,6.2083936324167945,-2.429,99.24242424242425,0.726348284002099,57.74628684169943,27,7,11,9,0.2963,False
YB,2026-09-20T09:23:45.227Z,2026-09-20T09:23:45.227402Z,2026-09-20T11:23:45.227402Z,7579.708629,7,0.08424999999999999,35.608308605342266,3.2596041909196702,-1.716,1.1363636363636365,35.608308605342266,36.80210385017206,0,0,0,0,,False
ZBT,2026-09-20T09:23:50.094Z,2026-09-20T09:23:50.095288Z,2026-09-20T11:23:50.095288Z,7574.840743,7,0.07894999999999999,12.666244458518413,4.981320049813205,-1.351,3.0303030303030303,12.666244458518413,57.15973798855969,1,1,0,0,1.0,False
ZEC,2026-09-20T09:23:55.548Z,2026-09-20T09:23:55.548928Z,2026-09-20T11:23:55.548928Z,7569.387103,7,1435.605,1.0448556531921451,11.289742134621514,-7.617,95.83333333333333,1.0448556531921451,59.75422156640791,0,0,0,0,,False
ADA,2026-09-20T09:29:30.656Z,2026-09-20T09:29:30.656608Z,2026-09-20T11:29:30.656608Z,7234.279423,7,0.22005,4.544421722335333,5.671506352087119,-1.299,92.8030303030303,4.544421722335333,56.70411670345568,32,15,13,4,0.5625,False
APT,2026-09-20T09:29:44.935Z,2026-09-20T09:29:44.935822Z,2026-09-20T11:29:44.935822Z,7220.000209,7,0.7264999999999999,13.764624913971108,5.802968960863703,3.782,89.01515151515152,13.764624913971108,71.1404408120162,2,0,1,1,0.0,False
AR,2026-09-20T09:29:49.824Z,2026-09-20T09:29:49.824219Z,2026-09-20T11:29:49.824219Z,7215.111812,7,4.2815,7.006890108607062,21.173469387755105,-1.553,90.15151515151516,7.006890108607062,56.47293356516467,6,2,4,0,1.0,False
ARB,2026-09-20T09:29:55.223Z,2026-09-20T09:29:55.223452Z,2026-09-20T11:29:55.223452Z,7209.712579,7,0.21255000000000002,4.704775346977969,9.22352941176471,0.141,92.04545454545455,4.704775346977969,71.86809419315344,0,0,0,0,,False
DOGE,2026-09-20T09:30:00.097Z,2026-09-20T09:30:00.097396Z,2026-09-20T11:30:00.097396Z,7204.838635,7,0.084855,1.1784809380720054,7.708578143360749,-2.33,93.18181818181819,1.1784809380720054,52.73297635550186,32,20,11,1,0.6562,False
GRAM,2026-09-20T09:30:11.825Z,2026-09-20T09:30:11.825406Z,2026-09-20T11:30:11.825406Z,7792.680653,7,1.375,14.545454545452944,2.8943560057887145,1.543,87.87878787878788,14.545454545452944,72.2478344396654,0,0,0,0,,False
HBAR,2026-09-20T09:30:17.351Z,2026-09-20T09:30:17.352072Z,2026-09-20T11:30:17.352072Z,7787.153987,7,0.080775,1.2380068090386878,6.169979270820643,4.113,85.98484848484848,1.2380068090386878,74.63920485499709,12,4,1,7,-0.1667,False
JTO,2026-09-20T09:30:22.515Z,2026-09-20T09:30:22.516072Z,2026-09-20T11:30:22.516072Z,7781.989987,7,0.50035,29.97901468971723,12.334801762114536,11.225,88.63636363636364,29.97901468971723,70.8584607907556,0,0,0,0,,False
JUP,2026-09-20T09:30:27.908Z,2026-09-20T09:30:27.908676Z,2026-09-20T11:30:27.908676Z,7776.597383,7,0.27015,11.104941699054859,8.01765354909893,-0.512,86.74242424242425,11.104941699054859,58.78337213775868,6,2,3,1,0.3333,False
LTC,2026-09-20T09:30:32.766Z,2026-09-20T09:30:32.766272Z,2026-09-20T11:30:32.766272Z,7771.739787,7,57.025000000000006,1.7536168347212644,3.5438596491228123,-0.245,91.66666666666667,1.7536168347212644,55.155581987195546,11,6,5,0,0.4545,False
SAGA,2026-09-20T09:38:45.736Z,2026-09-20T09:38:45.736219Z,2026-09-20T11:38:45.736219Z,7278.76984,7,0.028775000000000002,10.425716768027376,16.12903225806451,11.634,75.37878787878788,10.425716768027376,77.72181333625308,1,1,0,0,1.0,False
SEI,2026-09-20T09:38:50.748Z,2026-09-20T09:38:50.748808Z,2026-09-20T11:38:50.748808Z,7273.757251,7,0.04734,4.2247570764693965,6.2774639045825396,0.336,72.72727272727273,4.2247570764693965,63.400798565558105,0,0,0,0,,False
SHIB,2026-09-20T09:38:56.521Z,2026-09-20T09:38:56.521890Z,2026-09-20T11:38:56.521890Z,7267.984169,7,5.335e-06,18.744142455482482,6.864564007421148,-0.554,81.81818181818181,18.744142455482482,59.83902664484124,6,4,0,2,0.0,False
STX,2026-09-20T09:39:01.927Z,2026-09-20T09:39:01.927766Z,2026-09-20T11:39:01.927766Z,7262.578293,7,0.31495,9.525321479598889,14.428794992175265,10.861,79.16666666666667,9.525321479598889,72.8171944875989,16,4,11,1,0.875,False
SYRUP,2026-09-20T09:39:08.175Z,2026-09-20T09:39:08.175306Z,2026-09-20T11:39:08.175306Z,7256.330753,7,0.2151,9.298000929800358,5.488929889298904,-0.914,72.34848484848484,9.298000929800358,44.91340028941433,0,0,0,0,,False
TIA,2026-09-20T09:39:13.527Z,2026-09-20T09:39:13.527290Z,2026-09-20T11:39:13.527290Z,7250.978769,7,0.41154999999999997,17.008868910216947,5.550307038261696,3.978,75.0,17.008868910216947,62.34981965251619,2,0,0,2,-1.0,False
TRX,2026-09-20T09:39:19.577Z,2026-09-20T09:39:19.577444Z,2026-09-20T11:39:19.577444Z,7244.928615,7,0.34225,2.921840759678276,1.6934306569342983,1.361,83.33333333333333,2.921840759678276,60.41146144741986,71,20,49,2,1.0,False
VIRTUAL,2026-09-20T09:39:26.939Z,2026-09-20T09:39:26.940046Z,2026-09-20T11:39:26.940046Z,7237.566013,7,0.6430499999999999,13.9958012596223,6.969885128841965,-3.793,70.45454545454545,13.9958012596223,40.985694404476895,2,2,0,0,1.0,False
WLFI,2026-09-20T09:39:31.908Z,2026-09-20T09:39:31.908436Z,2026-09-20T11:39:31.908436Z,7232.597623,7,0.058050000000000004,17.226528854435127,3.9655172413793163,-1.193,70.83333333333333,17.226528854435127,60.44107062270355,2,1,1,0,1.0,False
XPL,2026-09-20T09:39:39.704Z,2026-09-20T09:39:39.704735Z,2026-09-20T11:39:39.704735Z,7224.801324,7,0.09059,4.415498399381651,7.807807807807805,-1.154,79.92424242424242,4.415498399381651,61.80142193474165,0,0,0,0,,False
XTZ,2026-09-20T09:39:45.031Z,2026-09-20T09:39:45.031743Z,2026-09-20T11:39:45.031743Z,7219.474316,7,0.3396,11.77856301531247,20.64662507090188,0.456,78.4090909090909,11.77856301531247,48.51883114648442,6,5,1,0,1.0,False
ZEN,2026-09-20T09:39:56.256Z,2026-09-20T09:39:56.257110Z,2026-09-20T11:39:56.257110Z,7208.248949,7,7.5280000000000005,18.597236981934422,8.59598853868195,-4.538,74.24242424242425,18.597236981934422,68.01213549183619,2,1,1,0,1.0,False
ZRO,2026-09-20T09:40:10.395Z,2026-09-20T09:40:10.395192Z,2026-09-20T11:40:10.395192Z,7795.179879,7,1.0699999999999998,18.69158878504675,8.534322820037113,-4.263,78.78787878787878,18.69158878504675,52.19577394225634,5,2,3,0,0.2,False
BOME,2026-09-20T09:40:50.964Z,2026-09-20T09:40:50.965108Z,2026-09-20T11:40:50.965108Z,7754.609963,7,0.0009058499999999999,14.351161892145251,18.276648918830812,-4.513,57.95454545454545,14.351161892145251,37.01605830643712,3,2,1,0,1.0,False
CHZ,2026-09-20T09:41:11.821Z,2026-09-20T09:41:11.821257Z,2026-09-20T11:41:11.821257Z,7733.753814,7,0.014745,6.781959986435804,4.612299465240639,-1.058,59.09090909090909,6.781959986435804,64.96948430720647,1,0,1,0,1.0,False
DYDX,2026-09-20T09:41:19.733Z,2026-09-20T09:41:19.733657Z,2026-09-20T11:41:19.733657Z,7725.841414,7,0.12687500000000002,16.551724137932272,9.148685759121227,-1.999,64.77272727272727,16.551724137932272,53.860020983108065,0,0,0,0,,False
VET,2026-09-20T09:43:53.067Z,2026-09-20T09:43:53.068182Z,2026-09-20T11:43:53.068182Z,7572.506889,7,0.00826,12.10653753026585,7.9378463020958785,-3.555,62.878787878787875,12.10653753026585,34.80131536427235,7,3,2,2,0.7143,False
WIF,2026-09-20T09:43:58.935Z,2026-09-20T09:43:58.935348Z,2026-09-20T11:43:58.935348Z,7566.639723,7,0.19735,15.201418799089053,10.576441102756895,-3.014,65.9090909090909,15.201418799089053,56.24948633563852,2,1,1,0,1.0,False
1000CHEEMS,2026-09-20T09:49:35.995Z,2026-09-20T09:49:35.995706Z,2026-09-20T11:49:35.995706Z,7229.579365,7,0.0005135000000000001,19.474196689387036,3.4816247582205038,-1.147,41.28787878787879,19.474196689387036,51.620844600370745,1,1,0,0,1.0,False
ACH,2026-09-20T09:49:41.350Z,2026-09-20T09:49:41.350775Z,2026-09-20T11:49:41.350775Z,7224.224296,7,0.005755,17.37619461338047,7.253886010362698,-3.661,47.72727272727273,17.37619461338047,60.36107403345753,0,0,0,0,,False
BIO,2026-09-20T09:50:01.149Z,2026-09-20T09:50:01.149917Z,2026-09-20T11:50:01.149917Z,7204.425154,7,0.02685,29.79515828677848,7.0822574695684315,0.0,48.484848484848484,29.79515828677848,61.682996077163686,0,0,0,0,,False
BROCCOLI714,2026-09-20T09:50:09.484Z,2026-09-20T09:50:09.484943Z,2026-09-20T11:50:09.484943Z,7795.502358,7,0.018175,82.53094910591327,5.369863013698621,-2.77,40.15151515151515,82.53094910591327,35.77954634487113,0,0,0,0,,False
GIGGLE,2026-09-20T09:50:30.572Z,2026-09-20T09:50:30.572950Z,2026-09-20T11:50:30.572950Z,7774.414351,7,35.879999999999995,16.722408026754508,5.2926351162139476,-2.909,45.07575757575758,16.722408026754508,42.54306692805959,0,0,0,0,,False
KITE,2026-09-20T09:50:54.787Z,2026-09-20T09:50:54.787969Z,2026-09-20T11:50:54.787969Z,7750.199332,7,0.11265,26.631158455392338,5.074365704286963,-1.55,48.10606060606061,26.631158455392338,64.39991309554043,0,0,0,0,,False
MMT,2026-09-20T09:51:11.523Z,2026-09-20T09:51:11.523952Z,2026-09-20T11:51:11.523952Z,7733.463349,7,0.15660000000000002,12.771392081737275,6.006389776357822,-0.887,43.93939393939394,12.771392081737275,59.15883867442116,20,13,5,2,0.5,False
BANANAS31,2026-09-20T09:58:59.006Z,2026-09-20T09:58:59.007132Z,2026-09-20T11:58:59.007132Z,7265.980169,7,0.00746,10.723860589812594,5.9756742464304615,-1.034,27.272727272727273,10.723860589812594,53.94959708332919,0,0,0,0,,False
CATI,2026-09-20T09:59:08.834Z,2026-09-20T09:59:08.835189Z,2026-09-20T11:59:08.835189Z,7256.152112,7,0.06944,25.92165898617506,16.27745343341673,10.168,39.39393939393939,25.92165898617506,53.662178137016056,1,1,0,0,1.0,False
COMP,2026-09-20T09:59:27.622Z,2026-09-20T09:59:27.622858Z,2026-09-20T11:59:27.622858Z,7237.364443,7,20.825000000000003,24.00960384153695,5.43115769414007,0.239,28.40909090909091,24.00960384153695,59.09849176510341,5,3,1,1,0.6,False
CVX,2026-09-20T09:59:33.270Z,2026-09-20T09:59:33.270774Z,2026-09-20T11:59:33.270774Z,7231.716527,7,1.8975,47.43083003952515,7.417148869016307,-5.329,25.757575757575758,47.43083003952515,52.9008966965395,0,0,0,0,,False
GUN,2026-09-20T10:00:03.042Z,2026-09-20T10:00:03.042690Z,2026-09-20T12:00:03.042690Z,7201.944611,7,0.00291,68.72852233676994,14.478114478114486,7.609,33.71212121212121,68.72852233676994,51.01539967136185,8,5,2,1,0.75,False
HOLO,2026-09-20T10:00:09.830Z,2026-09-20T10:00:09.830334Z,2026-09-20T12:00:09.830334Z,7795.332967,7,0.05945,16.820857863750366,4.682274247491634,-0.993,36.74242424242424,16.820857863750366,56.99475045027974,1,0,1,0,1.0,False
MEME,2026-09-20T10:00:37.824Z,2026-09-20T10:00:37.824426Z,2026-09-20T12:00:37.824426Z,7767.338875,7,0.0005555,18.001800180016488,5.0089445438282505,0.54,34.84848484848485,18.001800180016488,52.87092337804282,53,45,4,4,0.8302,False
SAHARA,2026-09-20T10:01:16.089Z,2026-09-20T10:01:16.089760Z,2026-09-20T12:01:16.089760Z,7729.073541,7,0.008745,11.435105774729934,4.988662131519268,-1.782,32.57575757575758,11.435105774729934,62.15252101092132,0,0,0,0,,False
SSV,2026-09-20T10:01:39.592Z,2026-09-20T10:01:39.592159Z,2026-09-20T12:01:39.592159Z,7705.571142,7,3.0305,29.69806962547547,7.112422156669947,-2.524,32.196969696969695,29.69806962547547,42.4467114596241,0,0,0,0,,False
TREE,2026-09-20T10:01:50.832Z,2026-09-20T10:01:50.832815Z,2026-09-20T12:01:50.832815Z,7694.330486,7,0.042899999999999994,46.620046620046345,6.451612903225799,-4.825,35.984848484848484,46.620046620046345,58.16820236155463,0,0,0,0,,False
BARD,2026-09-20T10:08:30.823Z,2026-09-20T10:08:30.823528Z,2026-09-20T12:08:30.823528Z,7294.339773,7,0.128,31.250000000000895,4.739704739704735,-0.541,15.151515151515152,31.250000000000895,57.3651491896379,0,0,0,0,,False
BEAMX,2026-09-20T10:08:37.667Z,2026-09-20T10:08:37.667812Z,2026-09-20T12:08:37.667812Z,7287.495489,7,0.001786,22.396416573348805,4.631696428571426,-2.503,15.530303030303031,22.396416573348805,37.64983882094658,0,0,0,0,,False
FLUX,2026-09-20T10:09:09.687Z,2026-09-20T10:09:09.687807Z,2026-09-20T12:09:09.687807Z,7255.475494,7,0.057300000000000004,34.90401396160537,5.913043478260869,0.174,13.636363636363637,34.90401396160537,54.87147946921446,0,0,0,0,,False
GPS,2026-09-20T10:09:25.084Z,2026-09-20T10:09:25.085038Z,2026-09-20T12:09:25.085038Z,7240.078263,7,0.01039,19.249278152068513,3.9215686274509824,-1.923,17.424242424242426,19.249278152068513,31.55430964128257,0,0,0,0,,False
INIT,2026-09-20T10:09:30.205Z,2026-09-20T10:09:30.206104Z,2026-09-20T12:09:30.206104Z,7234.957197,7,0.07200000000000001,16.666666666665986,6.096725578846411,-3.171,20.454545454545453,16.666666666665986,35.413456522428305,1,0,1,0,1.0,False
IO,2026-09-20T10:09:35.342Z,2026-09-20T10:09:35.342646Z,2026-09-20T12:09:35.342646Z,7229.820655,7,0.13729999999999998,14.566642388929772,5.31227566403447,-1.206,23.484848484848484,14.566642388929772,53.885371448202726,1,1,0,0,1.0,False
MITO,2026-09-20T10:10:06.528Z,2026-09-20T10:10:06.528784Z,2026-09-20T12:10:06.528784Z,7799.558294,7,0.015285,58.88125613346405,10.812625923438562,1.361,15.909090909090908,58.88125613346405,53.20284903060086,0,0,0,0,,False
NOT,2026-09-20T10:10:13.114Z,2026-09-20T10:10:13.114438Z,2026-09-20T12:10:13.114438Z,7792.97264,7,0.00046199999999999995,43.29004329004318,4.925053533190582,-2.301,18.939393939393938,43.29004329004318,56.80601018964587,1,0,1,0,1.0,False
RED,2026-09-20T10:10:34.890Z,2026-09-20T10:10:34.891055Z,2026-09-20T12:10:34.891055Z,7771.196023,7,0.1506,66.40106241699873,4.5992115637319175,3.467,14.393939393939394,66.40106241699873,44.35518153661527,2,1,1,0,1.0,False
SAPIEN,2026-09-20T10:18:50.123Z,2026-09-20T10:18:50.123230Z,2026-09-20T12:18:50.123230Z,7275.963848,7,0.07515,13.306719893546623,3.0625832223701686,-0.398,6.4393939393939394,13.306719893546623,59.67398527895172,0,0,0,0,,False
SOL,2026-09-20T10:18:55.166Z,2026-09-20T10:18:55.166739Z,2026-09-20T12:18:55.166739Z,7270.920339,7,108.33500000000001,0.9230627221124397,4.712622435778964,-3.237,98.86363636363636,0.9230627221124397,52.48235143638959,38,25,10,3,0.8421,False
SUI,2026-09-20T10:19:00.147Z,2026-09-20T10:19:00.147645Z,2026-09-20T12:19:00.147645Z,7265.939433,7,0.82565,1.2111669593652152,9.388004895960831,-2.354,98.10606060606061,1.2111669593652152,48.3661339111545,0,0,0,0,,False
TLM,2026-09-20T10:19:10.762Z,2026-09-20T10:19:10.762458Z,2026-09-20T12:19:10.762458Z,7255.32462,7,0.0014315,6.985679357316911,4.335664335664335,-1.311,7.196969696969697,6.985679357316911,51.14597019285695,0,0,0,0,,False
TURTLE,2026-09-20T10:19:17.550Z,2026-09-20T10:19:17.550893Z,2026-09-20T12:19:17.550893Z,7248.536185,7,0.04115,24.301336573512238,3.1325301204819334,-1.659,4.166666666666667,24.301336573512238,58.380682079889475,0,0,0,0,,False
UMA,2026-09-20T10:19:27.006Z,2026-09-20T10:19:27.006727Z,2026-09-20T12:19:27.006727Z,7239.080351,7,0.376,53.19148936170218,4.221635883905018,-2.32,4.924242424242424,53.19148936170218,49.18739399533716,0,0,0,0,,False
USD1,2026-09-20T10:19:30.448Z,2026-09-20T10:19:30.448835Z,2026-09-20T12:19:30.448835Z,7235.638243,7,0.99965,1.0003501225427798,0.040012003601075916,-0.02,98.48484848484848,1.0003501225427798,75.06512040275082,2,1,1,0,1.0,False
FDUSD,2026-09-20T10:25:57.649Z,2026-09-20T10:25:57.650036Z,2026-09-20T12:25:57.650036Z,7447.422462,7,0.99875,1.0012515644554592,0.11013215859030737,-0.06,92.04545454545455,1.0012515644554592,58.517802447209654,0,0,0,0,,True
UNI,2026-09-20T10:26:55.023Z,2026-09-20T10:26:55.024337Z,2026-09-20T12:26:55.024337Z,7390.048161,7,8.622,6.958942240779665,9.3200136224316,-4.312,93.56060606060606,6.958942240779665,54.459645013414416,0,0,0,0,,False
AAVE,2026-09-20T10:32:46.056Z,2026-09-20T10:32:46.057138Z,2026-09-20T12:32:46.057138Z,7639.182254,7,134.335,3.7220381881126565,7.315278186635266,-5.881,82.57575757575758,3.7220381881126565,49.1302076263633,2,1,0,1,1.0,False
BANK,2026-09-20T10:32:59.325Z,2026-09-20T10:32:59.325532Z,2026-09-20T12:32:59.325532Z,7625.91386,7,0.033299999999999996,60.060060060059705,35.86005830903791,17.466,76.89393939393939,60.060060060059705,65.10947393742997,6,4,2,0,0.6667,False
CAKE,2026-09-20T10:33:16.831Z,2026-09-20T10:33:16.831696Z,2026-09-20T12:33:16.831696Z,7608.407696,7,2.4865000000000004,4.021717273275246,9.779951100244507,0.863,79.54545454545455,4.021717273275246,59.75156082044562,24,12,8,4,0.5,False
CRV,2026-09-20T10:33:21.688Z,2026-09-20T10:33:21.688402Z,2026-09-20T12:33:21.688402Z,7603.55099,7,0.33115,27.178016004832006,5.762914302776944,-2.219,82.1969696969697,27.178016004832006,57.3615656150522,3,2,1,0,1.0,False
DASH,2026-09-20T10:33:27.158Z,2026-09-20T10:33:27.158364Z,2026-09-20T12:33:27.158364Z,7598.081028,7,55.715,8.974243919950508,10.415175375805298,-8.318,76.51515151515152,8.974243919950508,54.57767492186802,0,0,0,0,,False
DOT,2026-09-20T10:33:32.019Z,2026-09-20T10:33:32.019695Z,2026-09-20T12:33:32.019695Z,7593.219697,7,1.0955,9.12825193975456,6.466302367941708,-2.139,81.43939393939394,9.12825193975456,61.84520951968889,7,4,2,1,0.5714,False
EPIC,2026-09-20T10:33:39.883Z,2026-09-20T10:33:39.883774Z,2026-09-20T12:33:39.883774Z,7585.355618,7,0.48460000000000003,33.0169211721005,22.52839713925116,8.713,72.72727272727273,33.0169211721005,61.100139105129415,0,0,0,0,,False
ETHFI,2026-09-20T10:33:46.826Z,2026-09-20T10:33:46.826967Z,2026-09-20T12:33:46.826967Z,7578.412425,7,0.69275,15.87874413569094,9.136331192005718,-4.94,83.33333333333333,15.87874413569094,43.669784427106265,0,0,0,0,,False
FIL,2026-09-20T10:33:51.698Z,2026-09-20T10:33:51.698269Z,2026-09-20T12:33:51.698269Z,7573.541123,7,0.9476500000000001,9.497177227879616,20.57130898817619,-1.677,84.0909090909091,9.497177227879616,57.36395250229587,0,0,0,0,,False
ICP,2026-09-20T10:34:02.239Z,2026-09-20T10:34:02.240046Z,2026-09-20T12:34:02.240046Z,7562.999346,7,2.7765,3.6016567621117734,8.489208633093533,-2.865,82.95454545454545,3.6016567621117734,40.75874302873338,11,5,4,2,0.8182,False
MET,2026-09-20T10:34:15.041Z,2026-09-20T10:34:15.042128Z,2026-09-20T12:34:15.042128Z,7550.197264,7,0.2487,40.20908725371938,13.773660894079734,-7.178,73.10606060606061,40.20908725371938,52.680224845495154,8,4,2,2,0.375,False
MORPHO,2026-09-20T10:34:20.796Z,2026-09-20T10:34:20.796985Z,2026-09-20T12:34:20.796985Z,7544.442407,7,2.4865,20.108586366378013,12.500000000000005,-10.315,70.83333333333333,20.108586366378013,46.39673936567671,5,1,0,4,-0.6,False
OP,2026-09-20T10:34:25.772Z,2026-09-20T10:34:25.772767Z,2026-09-20T12:34:25.772767Z,7539.466625,7,0.12365000000000001,8.087343307723645,6.677524429967437,-0.244,79.92424242424242,8.087343307723645,57.56126478144533,0,0,0,0,,False
PENDLE,2026-09-20T10:34:35.843Z,2026-09-20T10:34:35.843913Z,2026-09-20T12:34:35.843913Z,7529.395479,7,2.5665,11.689070718878293,9.599074787972231,-4.457,79.16666666666667,11.689070718878293,59.785200644862925,1,1,0,0,1.0,False
RENDER,2026-09-20T10:34:43.136Z,2026-09-20T10:34:43.136497Z,2026-09-20T12:34:43.136497Z,7522.102895,7,1.5255,6.55522779416658,8.23994726433751,-3.191,78.03030303030303,6.55522779416658,56.49095451930726,1,1,0,0,1.0,False
COTI,2026-09-20T10:42:00.561Z,2026-09-20T10:42:00.561898Z,2026-09-20T12:42:00.561898Z,7688.607811,7,0.01779,22.484541877458334,19.269102990033225,-11.166,66.66666666666667,22.484541877458334,42.933860663895665,8,1,3,4,0.125,False
FLOKI,2026-09-20T10:42:27.681Z,2026-09-20T10:42:27.682025Z,2026-09-20T12:42:27.682025Z,7661.487684,7,2.526e-05,15.835312747426611,7.278481012658225,-2.582,64.39393939393939,15.835312747426611,55.62912773521314,2,1,0,1,1.0,False
HEI,2026-09-20T10:42:40.670Z,2026-09-20T10:42:40.670490Z,2026-09-20T12:42:40.670490Z,7648.499219,7,0.14450000000000002,41.52249134948215,17.004578155657306,-10.48,62.5,41.52249134948215,55.78315372505197,0,0,0,0,,False
IOTA,2026-09-20T10:42:53.729Z,2026-09-20T10:42:53.729648Z,2026-09-20T12:42:53.729648Z,7635.440061,7,0.045950000000000005,21.76278563656059,6.451612903225798,-0.641,60.984848484848484,21.76278563656059,46.222806993737926,3,1,1,1,0.0,False
LDO,2026-09-20T10:43:03.135Z,2026-09-20T10:43:03.135815Z,2026-09-20T12:43:03.135815Z,7626.033894,7,0.40035,7.49344323716804,6.377678126557054,-0.05,67.04545454545455,7.49344323716804,50.99556505493894,1,0,0,1,1.0,False
ORCA,2026-09-20T10:43:24.786Z,2026-09-20T10:43:24.786375Z,2026-09-20T12:43:24.786375Z,7604.383334,7,1.403,14.255167498218116,6.384505021520817,-4.651,62.121212121212125,14.255167498218116,58.212244391504086,0,0,0,0,,False
ORDI,2026-09-20T10:43:31.429Z,2026-09-20T10:43:31.429659Z,2026-09-20T12:43:31.429659Z,7597.74005,7,4.421,13.571590137978347,9.505531722736514,-3.759,65.15151515151516,13.571590137978347,53.6154202457823,0,0,0,0,,False
POL,2026-09-20T10:43:38.543Z,2026-09-20T10:43:38.543865Z,2026-09-20T12:43:38.543865Z,7590.625844,7,0.103685,12.53797559916972,3.9824276573393247,0.393,69.31818181818181,12.53797559916972,68.52992816338173,26,18,6,2,0.8077,False
PYTH,2026-09-20T10:43:43.487Z,2026-09-20T10:43:43.487416Z,2026-09-20T12:43:43.487416Z,7585.682293,7,0.05846,17.105713308245445,7.740044819858646,-3.494,58.71212121212121,17.105713308245445,38.06007625955723,2,1,1,0,1.0,False
RSR,2026-09-20T10:43:56.359Z,2026-09-20T10:43:56.359715Z,2026-09-20T12:43:56.359715Z,7572.809994,7,0.0015635,31.979533098815452,8.682073703935043,4.641,60.60606060606061,31.979533098815452,53.181621297477726,1,1,0,0,1.0,False
RUNE,2026-09-20T10:44:01.096Z,2026-09-20T10:44:01.096654Z,2026-09-20T12:44:01.096654Z,7568.073055,7,0.5405,18.50138760407032,4.275092936802977,-0.186,69.6969696969697,18.50138760407032,60.95958191632605,2,2,0,0,1.0,False
SOLV,2026-09-20T10:44:12.524Z,2026-09-20T10:44:12.525023Z,2026-09-20T12:44:12.525023Z,7556.644686,7,0.004229999999999999,47.28132387706869,14.634146341463413,11.358,60.22727272727273,47.28132387706869,63.783006052443476,1,1,0,0,1.0,False
SOMI,2026-09-20T10:44:19.643Z,2026-09-20T10:44:19.644189Z,2026-09-20T12:44:19.644189Z,7549.52552,7,0.2001,29.985007496251345,6.802383316782532,2.182,57.57575757575758,29.985007496251345,68.47610966845438,13,9,1,3,0.5385,False
SOPH,2026-09-20T10:44:26.597Z,2026-09-20T10:44:26.597558Z,2026-09-20T12:44:26.597558Z,7542.572151,7,0.004175,23.952095808382257,9.92907801418438,0.714,64.77272727272727,23.952095808382257,59.62188696183082,0,0,0,0,,False
AVNT,2026-09-20T10:50:28.448Z,2026-09-20T10:50:28.448892Z,2026-09-20T12:50:28.448892Z,7776.830109,7,0.10605,9.4295143800097,6.925996204933588,-4.615,40.90909090909091,9.4295143800097,46.009494570953215,0,0,0,0,,False
MIRA,2026-09-20T10:51:27.137Z,2026-09-20T10:51:27.138000Z,2026-09-20T12:51:27.138000Z,7718.141001,7,0.049775,22.099447513811953,8.91480941470527,-1.579,45.833333333333336,22.099447513811953,55.388096145011964,0,0,0,0,,False
PEOPLE,2026-09-20T10:52:05.883Z,2026-09-20T10:52:05.884193Z,2026-09-20T12:52:05.884193Z,7679.394808,7,0.00865,23.121387283236054,10.211267605633815,-5.333,44.31818181818182,23.121387283236054,56.92666340487485,0,0,0,0,,False
PHA,2026-09-20T10:52:12.617Z,2026-09-20T10:52:12.617608Z,2026-09-20T12:52:12.617608Z,7672.661393,7,0.03585,27.894002789401075,10.833333333333336,8.761,51.89393939393939,27.894002789401075,58.401566088189256,0,0,0,0,,False
PLUME,2026-09-20T10:52:17.936Z,2026-09-20T10:52:17.936391Z,2026-09-20T12:52:17.936391Z,7667.34261,7,0.013345,7.493443237168473,8.43108504398827,-5.671,52.65151515151515,7.493443237168473,35.09969073511157,0,0,0,0,,False
ROSE,2026-09-20T10:52:34.564Z,2026-09-20T10:52:34.565161Z,2026-09-20T12:52:34.565161Z,7650.71384,7,0.007294999999999999,13.7080191912275,11.080711354309166,-1.879,51.515151515151516,13.7080191912275,46.795478005222975,7,2,4,1,1.0,False
SPK,2026-09-20T10:52:48.458Z,2026-09-20T10:52:48.458521Z,2026-09-20T12:52:48.458521Z,7636.82048,7,0.0200735,27.399307544772704,7.699563145353457,-6.255,54.54545454545455,27.399307544772704,44.58117602088895,35,6,26,3,0.8857,False
THE,2026-09-20T10:52:55.096Z,2026-09-20T10:52:55.096701Z,2026-09-20T12:52:55.096701Z,7630.1823,7,0.0756,26.455026455027213,8.885941644562331,2.585,54.166666666666664,26.455026455027213,50.08655528047345,0,0,0,0,,False
THETA,2026-09-20T10:53:01.999Z,2026-09-20T10:53:01.999438Z,2026-09-20T12:53:01.999438Z,7623.279563,7,0.21215,23.568230025925075,8.146736541210101,-3.716,46.21212121212121,23.568230025925075,58.22141789608881,2,0,2,0,1.0,False
TUT,2026-09-20T10:53:07.627Z,2026-09-20T10:53:07.627767Z,2026-09-20T12:53:07.627767Z,7617.651234,7,0.02102,19.02949571836269,7.042932947419215,-4.382,51.13636363636363,19.02949571836269,51.97664533776382,5,3,1,1,0.6,False
USDE,2026-09-20T10:53:12.808Z,2026-09-20T10:53:12.808850Z,2026-09-20T12:53:12.808850Z,7612.470151,7,0.99995,1.000050002500015,0.0300030003000267,-0.01,41.666666666666664,1.000050002500015,57.81651913714362,0,0,0,0,,False
USUAL,2026-09-20T10:53:18.257Z,2026-09-20T10:53:18.257334Z,2026-09-20T12:53:18.257334Z,7607.021667,7,0.012765,7.833920877398819,7.8906250000000036,0.629,46.59090909090909,7.833920877398819,57.07929490936645,8,7,1,0,0.75,False
W,2026-09-20T10:53:23.346Z,2026-09-20T10:53:23.346282Z,2026-09-20T12:53:23.346282Z,7601.932719,7,0.010845,27.662517289073776,6.111111111111119,-1.818,52.27272727272727,27.662517289073776,49.109813800940074,3,1,1,1,1.0,False
WAL,2026-09-20T10:53:28.975Z,2026-09-20T10:53:28.975925Z,2026-09-20T12:53:28.975925Z,7596.303076,7,0.03135,31.89792663476744,6.666666666666682,0.318,45.45454545454545,31.89792663476744,57.58398414569737,1,0,1,0,-1.0,False
ZK,2026-09-20T10:53:39.398Z,2026-09-20T10:53:39.398677Z,2026-09-20T12:53:39.398677Z,7585.880324,7,0.011304999999999999,44.22821760283034,11.656952539550376,7.232,53.40909090909091,44.22821760283034,60.465217937461524,2,1,1,0,1.0,False
ZKC,2026-09-20T10:53:46.223Z,2026-09-20T10:53:46.223390Z,2026-09-20T12:53:46.223390Z,7579.055611,7,0.03925,25.47770700637016,4.020100502512556,-1.485,43.93939393939394,25.47770700637016,48.11533929937701,0,0,0,0,,False
ALT,2026-09-20T10:59:32.402Z,2026-09-20T10:59:32.402233Z,2026-09-20T12:59:32.402233Z,7232.876768,7,0.006965,14.35750179468714,5.763688760806919,-3.745,26.515151515151516,14.35750179468714,55.064250005087146,0,0,0,0,,False
AXS,2026-09-20T10:59:39.717Z,2026-09-20T10:59:39.717298Z,2026-09-20T12:59:39.717298Z,7225.561703,7,0.9895,10.10611419909046,4.747474747474752,-1.59,27.651515151515152,10.10611419909046,49.25513358213768,2,2,0,0,1.0,False
BABY,2026-09-20T10:59:46.694Z,2026-09-20T10:59:46.694848Z,2026-09-20T12:59:46.694848Z,7218.584153,7,0.011365,26.39683238011331,4.382120946538128,-1.212,31.060606060606062,26.39683238011331,35.77422439381443,2,1,1,0,0.0,False
BMT,2026-09-20T10:59:59.301Z,2026-09-20T10:59:59.301539Z,2026-09-20T12:59:59.301539Z,7205.977462,7,0.019334999999999998,15.5159038013958,8.052340211373934,-0.401,34.46969696969697,15.5159038013958,53.419705008100536,4,1,2,1,-0.5,False
CETUS,2026-09-20T11:00:15.335Z,2026-09-20T11:00:15.335687Z,2026-09-20T13:00:15.335687Z,7789.818162,7,0.0235,34.042553191487976,10.41049513330512,4.327,32.57575757575758,34.042553191487976,66.37544807345591,0,0,0,0,,False
CKB,2026-09-20T11:00:22.649Z,2026-09-20T11:00:22.649924Z,2026-09-20T13:00:22.649924Z,7782.503925,7,0.0011795,25.434506146672017,8.087615838247679,-3.964,35.22727272727273,25.434506146672017,54.8396756747224,0,0,0,0,,False
ENSO,2026-09-20T11:00:57.578Z,2026-09-20T11:00:57.578825Z,2026-09-20T13:00:57.578825Z,7747.575024,7,0.9764999999999999,10.240655401945736,5.54951033732317,-3.059,25.757575757575758,10.240655401945736,50.67872969952309,2,1,1,0,1.0,False
ERA,2026-09-20T11:01:02.395Z,2026-09-20T11:01:02.396009Z,2026-09-20T13:01:02.396009Z,7742.75784,7,0.06125,16.326530612245367,5.427631578947375,-2.72,39.015151515151516,16.326530612245367,38.31237265779323,0,0,0,0,,False
FF,2026-09-20T11:01:13.183Z,2026-09-20T11:01:13.183432Z,2026-09-20T13:01:13.183432Z,7731.970417,7,0.13675500000000002,37.29296917845656,4.56121002048212,0.586,39.39393939393939,37.29296917845656,44.27781971782603,0,0,0,0,,False
MANTRA,2026-09-20T11:01:49.979Z,2026-09-20T11:01:49.980010Z,2026-09-20T13:01:49.980010Z,7695.173839,7,0.004240000000000001,47.16981132075484,9.715639810426534,-5.804,26.136363636363637,47.16981132075484,54.560248239447205,3,2,1,0,0.3333,False
SAND,2026-09-20T11:02:29.351Z,2026-09-20T11:02:29.351948Z,2026-09-20T13:02:29.351948Z,7655.801901,7,0.03905,10.243277848911234,4.93920972644377,0.689,36.74242424242424,10.243277848911234,63.77630375807972,4,3,0,1,0.5,False
SNX,2026-09-20T11:02:39.948Z,2026-09-20T11:02:39.948545Z,2026-09-20T13:02:39.948545Z,7645.205304,7,0.2203,9.078529278257182,6.074342701722573,-2.691,34.84848484848485,9.078529278257182,52.501971694901115,2,2,0,0,1.0,False
TURBO,2026-09-20T11:03:06.209Z,2026-09-20T11:03:06.209652Z,2026-09-20T13:03:06.209652Z,7618.944197,7,0.000949,42.149631190726964,15.294117647058824,-5.746,27.272727272727273,42.149631190726964,20.522017039983837,3,3,0,0,0.3333,False
XVG,2026-09-20T11:03:12.671Z,2026-09-20T11:03:12.672089Z,2026-09-20T13:03:12.672089Z,7612.48176,7,0.0029665,16.854879487610976,7.236842105263162,-3.858,31.818181818181817,16.854879487610976,52.485707643543456,0,0,0,0,,False
1000SATS,2026-09-20T11:08:47.392Z,2026-09-20T11:08:47.393041Z,2026-09-20T13:08:47.393041Z,7277.760808,7,1.094e-05,18.28153564899434,6.478102189781023,-2.143,11.363636363636363,18.28153564899434,57.223262362774044,10,2,8,0,0.8,False
2Z,2026-09-20T11:08:52.314Z,2026-09-20T11:08:52.314808Z,2026-09-20T13:08:52.314808Z,7272.839041,7,0.048775,14.351614556637749,6.05436573311367,-3.286,16.28787878787879,14.351614556637749,44.85408991390417,0,0,0,0,,False
API3,2026-09-20T11:09:11.800Z,2026-09-20T11:09:11.800344Z,2026-09-20T13:09:11.800344Z,7253.353505,7,0.24145,20.708221163802047,5.364455364455353,-3.745,12.5,20.708221163802047,52.542948538630576,0,0,0,0,,False
ARKM,2026-09-20T11:09:19.486Z,2026-09-20T11:09:19.486334Z,2026-09-20T13:09:19.486334Z,7245.667515,7,0.10835,9.229349330872438,6.864564007421141,-3.145,22.727272727272727,9.229349330872438,55.67293942673633,0,0,0,0,,False
AT,2026-09-20T11:09:25.777Z,2026-09-20T11:09:25.778191Z,2026-09-20T13:09:25.778191Z,7239.375658,7,0.1429,27.991602519245028,7.07350901525658,-3.545,9.848484848484848,27.991602519245028,53.56613684086409,1,1,0,0,1.0,False
BANANA,2026-09-20T11:09:32.699Z,2026-09-20T11:09:32.700073Z,2026-09-20T13:09:32.700073Z,7232.453776,7,3.9349999999999996,50.82592121982216,3.55329949238579,-2.932,12.878787878787879,50.82592121982216,37.191786029365346,0,0,0,0,,False
BLUR,2026-09-20T11:09:53.118Z,2026-09-20T11:09:53.118640Z,2026-09-20T13:09:53.118640Z,7212.035209,7,0.01833,21.822149481724953,5.2746057640021675,0.109,15.151515151515152,21.822149481724953,40.82717608867372,0,0,0,0,,False
DYM,2026-09-20T11:10:08.204Z,2026-09-20T11:10:08.204628Z,2026-09-20T13:10:08.204628Z,7797.228635,7,0.016255,55.36757920639791,9.306569343065695,-3.237,18.939393939393938,55.36757920639791,53.621912272171514,0,0,0,0,,False
FORM,2026-09-20T11:10:25.311Z,2026-09-20T11:10:25.311510Z,2026-09-20T13:10:25.311510Z,7780.121753,7,0.2499,56.022408963584816,5.661881977671447,-3.353,9.469696969696969,56.022408963584816,55.08362061097853,0,0,0,0,,False
PIXEL,2026-09-20T11:11:18.934Z,2026-09-20T11:11:18.935047Z,2026-09-20T13:11:18.935047Z,7726.498216,7,0.0050100000000000006,39.920159680638825,5.511811023622045,-2.682,10.606060606060606,39.920159680638825,53.388002481007874,9,7,2,0,0.7778,False
PROVE,2026-09-20T11:11:24.390Z,2026-09-20T11:11:24.390769Z,2026-09-20T13:11:24.390769Z,7721.042494,7,0.22325,13.437849944008722,5.964585274930105,-0.093,24.242424242424242,13.437849944008722,41.78391516950743,0,0,0,0,,False
RARE,2026-09-20T11:11:31.132Z,2026-09-20T11:11:31.132472Z,2026-09-20T13:11:31.132472Z,7714.300791,7,0.012395,8.067769261798784,4.13961038961039,-2.686,20.833333333333332,8.067769261798784,48.51475405925973,0,0,0,0,,False
RESOLV,2026-09-20T11:11:44.581Z,2026-09-20T11:11:44.582148Z,2026-09-20T13:11:44.582148Z,7700.851115,7,0.017145,17.497812773404636,4.508196721311474,-1.329,18.181818181818183,17.497812773404636,54.87715642973618,0,0,0,0,,False
SIGN,2026-09-20T11:11:50.923Z,2026-09-20T11:11:50.924165Z,2026-09-20T13:11:50.924165Z,7694.509098,7,0.011685000000000001,25.673940949936252,5.110732538330493,1.91,20.075757575757574,25.673940949936252,65.41647685241128,0,0,0,0,,False
STO,2026-09-20T11:11:57.436Z,2026-09-20T11:11:57.436396Z,2026-09-20T13:11:57.436396Z,7687.996867,7,0.03945,25.348542458809344,4.7858942065491155,-2.457,23.863636363636363,25.348542458809344,55.28854900200308,0,0,0,0,,False
TOWNS,2026-09-20T11:12:08.425Z,2026-09-20T11:12:08.425677Z,2026-09-20T13:12:08.425677Z,7677.007586,7,0.0019649999999999997,50.89058524173042,4.4334975369458025,0.0,16.666666666666668,50.89058524173042,42.751463031710614,0,0,0,0,,False
YGG,2026-09-20T11:12:19.310Z,2026-09-20T11:12:19.310812Z,2026-09-20T13:12:19.310812Z,7666.122451,7,0.02453,40.76640847941414,7.645134914145545,-3.89,12.121212121212121,40.76640847941414,49.74384472067111,0,0,0,0,,False
1INCH,2026-09-20T11:18:05.753Z,2026-09-20T11:18:05.753612Z,2026-09-20T13:18:05.753612Z,7319.679651,7,0.0959,20.855057351408316,5.445026178010482,-3.924,5.303030303030303,20.855057351408316,49.03343335389275,0,0,0,0,,True
1MBABYDOGE,2026-09-20T11:18:12.446Z,2026-09-20T11:18:12.446771Z,2026-09-20T13:18:12.446771Z,7312.986492,7,0.00038395,18.2315405651782,4.44040508958713,-2.556,1.5151515151515151,18.2315405651782,42.405068338032194,4,3,1,0,1.0,False
AIXBT,2026-09-20T11:18:25.191Z,2026-09-20T11:18:25.191627Z,2026-09-20T13:18:25.191627Z,7300.241636,7,0.02036,29.469548133594085,4.449877750611252,-3.081,1.1363636363636365,29.469548133594085,34.85304337691646,3,2,1,0,1.0,False
AUCTION,2026-09-20T11:18:31.680Z,2026-09-20T11:18:31.681094Z,2026-09-20T13:18:31.681094Z,7293.752169,7,3.4425,66.81190994916523,5.650536076499574,-3.496,9.090909090909092,66.81190994916523,40.92709148671879,0,0,0,0,,False
BNB,2026-09-20T11:18:41.406Z,2026-09-20T11:18:41.407044Z,2026-09-20T13:18:41.407044Z,7284.026219,7,751.705,0.13303090973175521,3.7381310676379247,-2.075,97.72727272727273,0.13303090973175521,51.50319438175485,19,5,10,4,0.5789,False
BTC,2026-09-20T11:18:46.702Z,2026-09-20T11:18:46.703151Z,2026-09-20T13:18:46.703151Z,7278.730112,7,80502.465,0.001242197986702806,2.28120902188177,-1.033,100.0,0.001242197986702806,55.733075283763576,40,20,6,14,0.0,False
CGPT,2026-09-20T11:18:53.206Z,2026-09-20T11:18:53.206598Z,2026-09-20T13:18:53.206598Z,7272.226665,7,0.019569999999999997,51.09862033725059,5.696846388606304,-2.14,6.0606060606060606,51.09862033725059,34.68413952399996,3,2,0,1,1.0,False
DOLO,2026-09-20T11:19:00.287Z,2026-09-20T11:19:00.287311Z,2026-09-20T13:19:00.287311Z,7265.145952,7,0.025474999999999998,11.776251226692358,3.677621283255086,-2.48,0.3787878787878788,11.776251226692358,39.90180649768581,1,0,1,0,1.0,False
ENA,2026-09-20T11:19:05.807Z,2026-09-20T11:19:05.808088Z,2026-09-20T13:19:05.808088Z,7259.625175,7,0.2039,9.808729769493771,16.03354711396152,4.485,96.96969696969697,9.808729769493771,57.245343595274534,29,19,10,0,0.7586,False
ETH,2026-09-20T11:19:11.374Z,2026-09-20T11:19:11.374693Z,2026-09-20T13:19:11.374693Z,7254.05857,7,2579.535,0.03876667693891935,4.051370367784537,-2.372,99.62121212121212,0.03876667693891935,42.8625490768713,43,20,12,11,0.2558,False
EUR,2026-09-20T11:19:15.502Z,2026-09-20T11:19:15.502384Z,2026-09-20T13:19:15.502384Z,7249.930879,7,1.1496499999999998,0.8698299482450224,0.12176030614020421,-0.009,96.5909090909091,0.8698299482450224,57.08124653255578,0,0,0,0,,False
EURI,2026-09-20T11:19:20.478Z,2026-09-20T11:19:20.478379Z,2026-09-20T13:19:20.478379Z,7244.954884,7,1.15035,18.255313600208552,0.6096498867792975,-0.157,4.545454545454546,18.255313600208552,65.73123623478766,0,0,0,0,,
GMT,2026-09-20T11:19:27.161Z,2026-09-20T11:19:27.161573Z,2026-09-20T13:19:27.161573Z,7238.27169,7,0.007515,13.306719893545699,5.033112582781447,-2.581,3.409090909090909,13.306719893545699,52.910060161756256,2,0,2,0,1.0,False
HAEDAL,2026-09-20T11:19:34.702Z,2026-09-20T11:19:34.702691Z,2026-09-20T13:19:34.702691Z,7230.730572,7,0.019465,56.51168764448959,3.372508942258546,-1.658,2.272727272727273,56.51168764448959,35.581278349506,0,0,0,0,,False
HMSTR,2026-09-20T11:19:39.472Z,2026-09-20T11:19:39.472770Z,2026-09-20T13:19:39.472770Z,7225.960493,7,0.0001648,12.135922330097383,3.6275695284159513,-1.371,7.575757575757576,12.135922330097383,34.84583059446579,0,0,0,0,,False
HUMA,2026-09-20T11:19:44.707Z,2026-09-20T11:19:44.707936Z,2026-09-20T13:19:44.707936Z,7220.725327,7,0.02256,44.32624113475304,5.129274395329435,-4.233,1.893939393939394,44.32624113475304,46.439769160890776,0,0,0,0,,False
INJ,2026-09-20T11:19:50.086Z,2026-09-20T11:19:50.086836Z,2026-09-20T13:19:50.086836Z,7215.346427,7,7.8645,13.9869031724841,12.70063694267517,3.644,94.6969696969697,13.9869031724841,67.45104145966398,9,8,0,1,1.0,False
LINK,2026-09-20T11:19:55.832Z,2026-09-20T11:19:55.832737Z,2026-09-20T13:19:55.832737Z,7209.600526,7,12.0855,0.8274378387319067,6.448925179136802,-4.145,95.07575757575758,0.8274378387319067,47.65883331413105,30,15,12,3,0.4667,False
LISTA,2026-09-20T11:20:05.918Z,2026-09-20T11:20:05.918795Z,2026-09-20T13:20:05.918795Z,7799.410536,7,0.07944999999999999,12.586532410321317,5.583756345177666,-2.956,3.787878787878788,12.586532410321317,37.720170982599356,0,0,0,0,,False
NEAR,2026-09-20T11:20:10.638Z,2026-09-20T11:20:10.638316Z,2026-09-20T13:20:10.638316Z,7794.691015,7,3.6879999999999997,5.422993492408416,9.555930297920188,-3.838,97.34848484848484,5.422993492408416,62.74175273662327,23,15,7,1,0.8261,False
NEWT,2026-09-20T11:20:17.204Z,2026-09-20T11:20:17.204620Z,2026-09-20T13:20:17.204620Z,7788.124711,7,0.043590000000000004,32.11745813259791,4.325062599590271,-2.917,6.818181818181818,32.11745813259791,25.44306906532188,0,0,0,0,,False
NOM,2026-09-20T11:20:23.489Z,2026-09-20T11:20:23.490212Z,2026-09-20T13:20:23.490212Z,7781.839119,7,0.001655,60.42296072507568,5.487804878048782,-2.381,8.333333333333334,60.42296072507568,50.02577189347121,0,0,0,0,,False
OPEN,2026-09-20T11:20:34.565Z,2026-09-20T11:20:34.565555Z,2026-09-20T13:20:34.565555Z,7770.763776,7,0.1365,14.65201465201507,5.052631578947377,-3.781,8.712121212121213,14.65201465201507,45.13334515581188,1,0,1,0,1.0,False
TAO,2026-09-20T11:20:54.445Z,2026-09-20T11:20:54.445915Z,2026-09-20T13:20:54.445915Z,7750.883416,7,251.8,7.942811755362075,9.293089753772849,-4.945,94.31818181818181,7.942811755362075,51.12703337935599,39,19,15,5,0.5641,False
ALGO,2026-09-20T11:27:26.285Z,2026-09-20T11:27:26.285725Z,2026-09-20T13:27:26.285725Z,7359.043606,7,0.10555,9.47418285172931,12.51221896383186,4.816,85.60606060606061,9.47418285172931,67.08998376392236,6,1,5,0,0.6667,False
FET,2026-09-20T11:27:50.587Z,2026-09-20T11:27:50.587286Z,2026-09-20T13:27:50.587286Z,7334.742045,7,0.17175,5.822416302766622,10.385756676557872,-7.367,86.36363636363636,5.822416302766622,62.49723980420134,15,2,3,10,-0.2,False
ONDO,2026-09-20T11:28:18.604Z,2026-09-20T11:28:18.604484Z,2026-09-20T13:28:18.604484Z,7306.724847,7,0.40895,2.445286709866463,10.282902829028293,0.148,90.53030303030303,2.445286709866463,50.33977028941807,7,3,3,1,1.0,False
PENGU,2026-09-20T11:28:25.049Z,2026-09-20T11:28:25.049557Z,2026-09-20T13:28:25.049557Z,7300.279774,7,0.0076445,9.15691019687365,9.68500849562148,-2.807,91.28787878787878,9.15691019687365,51.578650320315276,3,0,2,1,0.3333,False
PEPE,2026-09-20T11:28:30.971Z,2026-09-20T11:28:30.971415Z,2026-09-20T13:28:30.971415Z,7294.357916,7,3.965e-06,25.220680958385632,13.959390862944169,4.509,92.8030303030303,25.220680958385632,60.85156041283992,15,15,0,0,0.7333,False
PUMP,2026-09-20T11:28:36.077Z,2026-09-20T11:28:36.079360Z,2026-09-20T13:28:36.079360Z,7289.249971,7,0.0040505,2.4688310085177942,9.215536938309228,-5.811,89.01515151515152,2.4688310085177942,51.531078915147184,25,19,3,3,0.76,False
STRK,2026-09-20T11:28:41.549Z,2026-09-20T11:28:41.549651Z,2026-09-20T13:28:41.549651Z,7283.77968,7,0.04778,8.371703641692195,14.828646748681912,5.054,87.87878787878788,8.371703641692195,59.0030765610596,14,6,4,4,0.7143,False
SYN,2026-09-20T11:28:46.808Z,2026-09-20T11:28:46.808521Z,2026-09-20T13:28:46.808521Z,7278.52081,7,0.195975,15.818344176553373,22.821864594894564,-11.807,85.22727272727273,15.818344176553373,37.058105922679594,2,0,2,0,1.0,False
TRUMP,2026-09-20T11:28:51.746Z,2026-09-20T11:28:51.746285Z,2026-09-20T13:28:51.746285Z,7273.583046,7,2.0115,4.971414367386975,10.024813895781636,-1.08,87.12121212121212,4.971414367386975,53.10053123208523,5,4,0,1,0.2,False
WLD,2026-09-20T11:29:01.586Z,2026-09-20T11:29:01.587155Z,2026-09-20T13:29:01.587155Z,7263.742176,7,0.41825,2.3909145248054746,5.801236329053728,-0.942,89.77272727272727,2.3909145248054746,51.11895472286524,1,1,0,0,1.0,False
XLM,2026-09-20T11:29:07.311Z,2026-09-20T11:29:07.311743Z,2026-09-20T13:29:07.311743Z,7258.017588,7,0.19019999999999998,10.51524710830735,8.11380400421496,-1.403,90.9090909090909,10.51524710830735,65.90120888783306,13,8,3,2,0.3846,False
0G,2026-09-20T11:34:42.197Z,2026-09-20T11:34:42.197589Z,2026-09-20T13:34:42.197589Z,7523.565804,7,0.2123,9.420631182289483,11.764705882352938,-1.301,72.34848484848484,9.420631182289483,54.35268812688417,0,0,0,0,,False
ALLO,2026-09-20T11:34:51.339Z,2026-09-20T11:34:51.339615Z,2026-09-20T13:34:51.339615Z,7514.423778,7,0.24515,4.079135223332204,10.635593220338976,3.691,71.96969696969697,4.079135223332204,49.024612188533915,4,1,1,2,0.0,False
ASTER,2026-09-20T11:34:56.830Z,2026-09-20T11:34:56.830550Z,2026-09-20T13:34:56.830550Z,7508.932843,7,0.7275,13.745704467353963,5.71428571428572,-3.417,81.06060606060606,13.745704467353963,62.47840574832866,2,2,0,0,0.0,False
BCH,2026-09-20T11:35:07.428Z,2026-09-20T11:35:07.428187Z,2026-09-20T13:35:07.428187Z,7498.335206,7,245.7,8.140008140008835,6.178861788617893,-1.284,84.46969696969697,8.140008140008835,54.4811754681186,0,0,0,0,,False
BONK,2026-09-20T11:35:12.202Z,2026-09-20T11:35:12.202244Z,2026-09-20T13:35:12.202244Z,7493.561149,7,2.925e-06,34.18803418803386,6.688963210702347,0.0,74.62121212121212,34.18803418803386,67.77652434846898,5,2,2,1,1.0,False
C,2026-09-20T11:35:18.349Z,2026-09-20T11:35:18.350103Z,2026-09-20T13:35:18.350103Z,7487.41329,7,0.07669999999999999,26.07561929595722,38.184245660881174,11.458,77.65151515151516,26.07561929595722,74.48710424021,2,2,0,0,1.0,False
PAXG,2026-09-20T11:36:21.147Z,2026-09-20T11:36:21.148034Z,2026-09-20T13:36:21.148034Z,7424.615359,7,4360.235,0.02293454366615166,0.23039520227782184,-0.086,70.45454545454545,0.02293454366615166,65.30732215743603,1,0,1,0,-1.0,False
RAY,2026-09-20T11:36:28.104Z,2026-09-20T11:36:28.104371Z,2026-09-20T13:36:28.104371Z,7417.659022,7,1.6280999999999999,22.111663902707612,19.54758856167307,-13.524,76.13636363636364,22.111663902707612,49.412433342967624,14,9,5,0,0.7143,False
APE,2026-09-20T11:43:10.554Z,2026-09-20T11:43:10.554686Z,2026-09-20T13:43:10.554686Z,7615.939731,7,0.1341,14.914243102162994,6.337509211495945,-2.724,59.84848484848485,14.914243102162994,34.875002867415155,1,1,0,0,1.0,False
ATOM,2026-09-20T11:43:17.184Z,2026-09-20T11:43:17.184711Z,2026-09-20T13:43:17.184711Z,7609.309706,7,1.6795,17.862459065198653,5.266272189349111,-1.63,65.53030303030303,17.862459065198653,61.705038149494996,4,3,1,0,1.0,False
CFX,2026-09-20T11:43:31.045Z,2026-09-20T11:43:31.046223Z,2026-09-20T13:43:31.046223Z,7595.448194,7,0.04908,4.074979625101708,5.899047232921135,-0.844,61.36363636363637,4.074979625101708,57.643025505120505,1,0,1,0,1.0,False
EGLD,2026-09-20T11:43:58.721Z,2026-09-20T11:43:58.721500Z,2026-09-20T13:43:58.721500Z,7567.772917,7,3.5795000000000003,47.49266657354352,16.027777777777764,-12.088,67.8030303030303,47.49266657354352,42.29947428271025,5,1,0,4,-0.6,False
EIGEN,2026-09-20T11:44:04.682Z,2026-09-20T11:44:04.682966Z,2026-09-20T13:44:04.682966Z,7561.811451,7,0.22460000000000002,8.904719501335963,9.164420485175203,-4.093,68.18181818181819,8.904719501335963,51.75677352321972,1,0,1,0,1.0,False
ENS,2026-09-20T11:44:11.135Z,2026-09-20T11:44:11.136101Z,2026-09-20T13:44:11.136101Z,7555.358316,7,6.18,32.36245954692632,13.38709677419355,-1.431,56.43939393939394,32.36245954692632,32.676610964570614,0,0,0,0,,False
GALA,2026-09-20T11:44:27.367Z,2026-09-20T11:44:27.367854Z,2026-09-20T13:44:27.367854Z,7539.126563,7,0.0018470000000000001,10.828370330265559,6.6053059014618265,-1.964,64.01515151515152,10.828370330265559,52.11848107528399,1,0,1,0,1.0,False
HEMI,2026-09-20T11:44:41.975Z,2026-09-20T11:44:41.976013Z,2026-09-20T13:44:41.976013Z,7524.518404,7,0.006229999999999999,32.1027287319423,7.484076433121017,-3.976,65.9090909090909,32.1027287319423,37.71149490178644,1,0,1,0,-1.0,False
HOME,2026-09-20T11:44:48.891Z,2026-09-20T11:44:48.891757Z,2026-09-20T13:44:48.891757Z,7517.60266,7,0.006285,15.910898965790919,11.290322580645164,-1.431,61.74242424242424,15.910898965790919,57.13026243115882,0,0,0,0,,False
KMNO,2026-09-20T11:45:01.726Z,2026-09-20T11:45:01.726675Z,2026-09-20T13:45:01.726675Z,7504.767742,7,0.02765,7.2332730560575715,10.11022424933485,-6.702,54.92424242424242,7.2332730560575715,50.5794245124871,4,3,0,1,1.0,False
NEO,2026-09-20T11:45:18.291Z,2026-09-20T11:45:18.292143Z,2026-09-20T13:45:18.292143Z,7488.202274,7,2.3440000000000003,8.53242320819208,6.223539373412373,0.255,57.196969696969695,8.53242320819208,49.870446955735844,2,1,1,0,1.0,False
TRB,2026-09-20T11:46:27.062Z,2026-09-20T11:46:27.062451Z,2026-09-20T13:46:27.062451Z,7419.431966,7,17.335,17.30602826651349,11.346704871060174,-5.369,55.303030303030305,17.30602826651349,60.106626188747654,0,0,0,0,,False
TWT,2026-09-20T11:46:32.038Z,2026-09-20T11:46:32.038710Z,2026-09-20T13:46:32.038710Z,7414.455707,7,0.56045,12.489963422248602,4.8719772403983095,-0.372,67.42424242424242,12.489963422248602,51.16466205508282,7,6,0,1,-0.1429,False
1000CHEEMS,2026-09-20T11:52:15.602Z,2026-09-20T11:52:15.602841Z,2026-09-20T13:52:15.602841Z,7670.544271,7,0.000515,38.83495145630952,3.5019455252918297,-2.652,40.53030303030303,38.83495145630952,54.775918411334374,0,0,0,0,,False
ACH,2026-09-20T11:52:20.765Z,2026-09-20T11:52:20.765444Z,2026-09-20T13:52:20.765444Z,7665.381668,7,0.005745,17.40644038294098,7.986111111111101,-3.356,42.42424242424242,17.40644038294098,58.93815863934785,0,0,0,0,,False
BB,2026-09-20T11:52:29.894Z,2026-09-20T11:52:29.894601Z,2026-09-20T13:52:29.894601Z,7656.252511,7,0.007994999999999999,37.523452157599145,9.801488833746909,-5.51,43.56060606060606,37.523452157599145,49.85892369455491,0,0,0,0,,False
BERA,2026-09-20T11:52:36.760Z,2026-09-20T11:52:36.760675Z,2026-09-20T13:52:36.760675Z,7649.386437,7,0.20495,4.879238838740619,14.571150097465878,2.6,53.78787878787879,4.879238838740619,56.21399340373402,1,0,1,0,1.0,False
BIO,2026-09-20T11:52:41.655Z,2026-09-20T11:52:41.656046Z,2026-09-20T13:52:41.656046Z,7644.491066,7,0.02665,7.504690431519394,8.249346771183278,-2.369,50.378787878787875,7.504690431519394,55.62632817851524,0,0,0,0,,False
EUL,2026-09-20T11:52:54.859Z,2026-09-20T11:52:54.859775Z,2026-09-20T13:52:54.859775Z,7631.287337,7,1.351,14.803849000740204,7.474600870827285,-1.991,40.15151515151515,14.803849000740204,58.378671851866606,0,0,0,0,,False
IMX,2026-09-20T11:53:06.756Z,2026-09-20T11:53:06.757037Z,2026-09-20T13:53:06.757037Z,7619.390075,7,0.13405,7.459903021259902,7.715133531157265,-1.39,50.75757575757576,7.459903021259902,33.72532289772866,7,2,3,2,1.0,False
KAITO,2026-09-20T11:53:13.668Z,2026-09-20T11:53:13.668464Z,2026-09-20T13:53:13.668464Z,7612.478648,7,0.32275,9.295120061968163,7.0842201276983845,-2.142,50.0,9.295120061968163,39.124579773566055,0,0,0,0,,False
MUBARAK,2026-09-20T11:53:38.951Z,2026-09-20T11:53:38.951523Z,2026-09-20T13:53:38.951523Z,7587.195589,7,0.031775,15.735641227380468,4.753028890959914,1.578,47.34848484848485,15.735641227380468,52.677032637495444,1,1,0,0,1.0,False
NEIRO,2026-09-20T11:53:44.619Z,2026-09-20T11:53:44.619700Z,2026-09-20T13:53:44.619700Z,7581.527412,7,8.6795e-05,14.977821303070506,11.842852276598153,-4.063,48.10606060606061,14.977821303070506,51.315730966270195,0,0,0,0,,False
NIL,2026-09-20T11:53:51.222Z,2026-09-20T11:53:51.222688Z,2026-09-20T13:53:51.222688Z,7574.924424,7,0.049909999999999996,56.10098176718003,9.240990537547823,0.751,45.07575757575758,56.10098176718003,66.62938886125438,0,0,0,0,,False
ONT,2026-09-20T11:53:57.861Z,2026-09-20T11:53:57.862144Z,2026-09-20T13:53:57.862144Z,7568.284968,7,0.052989999999999995,22.645782223061342,4.833552755313152,-0.598,43.18181818181818,22.645782223061342,44.633296911945074,0,0,0,0,,False
PARTI,2026-09-20T11:54:03.277Z,2026-09-20T11:54:03.277629Z,2026-09-20T13:54:03.277629Z,7562.869483,7,0.023649999999999997,42.28329809725133,7.531380753138073,-0.83,41.28787878787879,42.28329809725133,43.51620287264414,0,0,0,0,,False
REZ,2026-09-20T11:54:25.758Z,2026-09-20T11:54:25.758277Z,2026-09-20T13:54:25.758277Z,7540.388835,7,0.0035465,14.098406880023205,9.512959270863005,-6.473,42.04545454545455,14.098406880023205,57.20105623570113,0,0,0,0,,False
SKY,2026-09-20T11:54:47.059Z,2026-09-20T11:54:47.059728Z,2026-09-20T13:54:47.059728Z,7519.087384,7,0.06837499999999999,10.23765996343702,6.497506600176009,-4.843,44.696969696969695,10.23765996343702,37.88486269332856,0,0,0,0,,False
BANANAS31,2026-09-20T12:01:48.844Z,2026-09-20T12:01:48.845121Z,2026-09-20T14:01:48.845121Z,7696.260714,7,0.007439,18.819733835193066,7.308880827623273,-2.909,28.03030303030303,18.819733835193066,52.229408619212265,0,0,0,0,,False
CATI,2026-09-20T12:01:59.193Z,2026-09-20T12:01:59.193740Z,2026-09-20T14:01:59.193740Z,7685.912095,7,0.06872,20.37252619324814,12.041654444118523,-2.947,33.333333333333336,20.37252619324814,38.21021506966526,1,0,0,1,-1.0,False
COMP,2026-09-20T12:02:13.724Z,2026-09-20T12:02:13.724777Z,2026-09-20T14:02:13.724777Z,7671.381058,7,20.7,19.32367149758413,5.837320574162675,-2.336,29.166666666666668,19.32367149758413,53.854946359103586,2,1,1,0,1.0,False
CVX,2026-09-20T12:02:22.142Z,2026-09-20T12:02:22.143010Z,2026-09-20T14:02:22.143010Z,7662.962825,7,1.9049999999999998,52.493438320210025,6.71247357293869,-5.871,25.0,52.493438320210025,41.73579715784841,1,0,1,0,1.0,False
DOGS,2026-09-20T12:02:27.394Z,2026-09-20T12:02:27.394781Z,2026-09-20T14:02:27.394781Z,7657.711054,7,4.57e-05,4.376367614880349,7.457105147382313,-5.977,25.37878787878788,4.376367614880349,42.05523367406844,1,0,0,1,-1.0,False
EDEN,2026-09-20T12:02:34.690Z,2026-09-20T12:02:34.691216Z,2026-09-20T14:02:34.691216Z,7650.414619,7,0.050355,13.901300764571666,5.199444334193301,-2.684,28.78787878787879,13.901300764571666,54.198366545608756,0,0,0,0,,False
ENJ,2026-09-20T12:02:39.543Z,2026-09-20T12:02:39.543599Z,2026-09-20T14:02:39.543599Z,7645.562236,7,0.026245,19.05124785673516,4.490566037735849,-2.788,24.62121212121212,19.05124785673516,46.18901493201524,1,0,1,0,1.0,False
ETC,2026-09-20T12:02:52.485Z,2026-09-20T12:02:52.486151Z,2026-09-20T14:02:52.486151Z,7632.619684,7,8.295,36.1663652802907,6.892382103990309,-0.839,31.439393939393938,36.1663652802907,56.68976373923264,0,0,0,0,,False
GRT,2026-09-20T12:03:01.698Z,2026-09-20T12:03:01.698545Z,2026-09-20T14:03:01.698545Z,7623.40729,7,0.020675,33.85731559854927,4.529788281634666,0.0,29.545454545454547,33.85731559854927,48.230406350844596,0,0,0,0,,False
HYPER,2026-09-20T12:03:15.150Z,2026-09-20T12:03:15.150952Z,2026-09-20T14:03:15.150952Z,7609.954883,7,0.06914999999999999,14.461315979754573,5.300859598853861,-3.591,28.40909090909091,14.461315979754573,54.52352892942683,2,2,0,0,1.0,False
LINEA,2026-09-20T12:03:21.723Z,2026-09-20T12:03:21.723384Z,2026-09-20T14:03:21.723384Z,7603.382451,7,0.0026825,18.63932898415581,5.8234421364985165,-2.495,36.36363636363637,18.63932898415581,57.18687178450816,0,0,0,0,,False
MINA,2026-09-20T12:03:45.343Z,2026-09-20T12:03:45.344129Z,2026-09-20T14:03:45.344129Z,7579.761706,7,0.1043,38.35091083413208,14.01693320790216,-7.485,37.878787878787875,38.35091083413208,57.521540310723225,0,0,0,0,,False
OSMO,2026-09-20T12:04:05.249Z,2026-09-20T12:04:05.249954Z,2026-09-20T14:04:05.249954Z,7559.855881,7,0.03475,28.776978417265013,5.730659025787951,-3.591,35.60606060606061,28.776978417265013,57.87245154086017,1,1,0,0,-1.0,False
PNUT,2026-09-20T12:04:10.526Z,2026-09-20T12:04:10.526568Z,2026-09-20T14:04:10.526568Z,7554.579267,7,0.0519,38.535645472061425,7.364341085271314,-2.273,34.09090909090909,38.535645472061425,58.93376729294336,1,0,1,0,-1.0,False
SHELL,2026-09-20T12:04:26.477Z,2026-09-20T12:04:26.477865Z,2026-09-20T14:04:26.477865Z,7538.62797,7,0.0242,82.64462809917305,12.393162393162408,3.54,38.25757575757576,82.64462809917305,65.04354088908205,1,1,0,0,1.0,False
TNSR,2026-09-20T12:04:40.744Z,2026-09-20T12:04:40.744634Z,2026-09-20T14:04:40.744634Z,7524.361201,7,0.03495,28.6123032904157,4.584527220630365,-3.857,26.893939393939394,28.6123032904157,53.090609229391326,3,2,0,1,1.0,False
TST,2026-09-20T12:04:51.043Z,2026-09-20T12:04:51.043780Z,2026-09-20T14:04:51.043780Z,7514.062055,7,0.015144999999999999,19.808517662595253,5.992010652463392,-5.296,38.63636363636363,19.808517662595253,53.78472578687226,0,0,0,0,,False
1000CAT,2026-09-20T12:10:34.890Z,2026-09-20T12:10:34.890294Z,2026-09-20T14:10:34.890294Z,7770.152969,7,0.0020275,34.52527743526327,5.381604696673183,-4.307,14.015151515151516,34.52527743526327,39.53791928178119,0,0,0,0,,False
ANIME,2026-09-20T12:10:52.958Z,2026-09-20T12:10:52.958399Z,2026-09-20T14:10:52.958399Z,7752.084864,7,0.00307,65.14657980456043,5.161290322580645,-2.516,15.530303030303031,65.14657980456043,36.41708059351179,0,0,0,0,,False
BARD,2026-09-20T12:11:21.781Z,2026-09-20T12:11:21.782125Z,2026-09-20T14:11:21.782125Z,7723.261138,7,0.127,15.748031496061257,5.84056827150749,-2.986,14.772727272727273,15.748031496061257,53.4691117620756,0,0,0,0,,False
BEAMX,2026-09-20T12:11:29.195Z,2026-09-20T12:11:29.195588Z,2026-09-20T14:11:29.195588Z,7715.847675,7,0.0017745,16.9061707523244,4.631696428571426,-1.916,15.909090909090908,16.9061707523244,58.28860971005984,0,0,0,0,,False
BFUSD,2026-09-20T12:11:34.926Z,2026-09-20T12:11:34.927248Z,2026-09-20T14:11:34.927248Z,7710.116015,7,0.9997,10.00300090027009,0.10008006405124109,-0.01,11.742424242424242,10.00300090027009,40.64769863471818,0,0,0,0,,
COW,2026-09-20T12:11:47.548Z,2026-09-20T12:11:47.548670Z,2026-09-20T14:11:47.548670Z,7697.494593,7,0.15065,33.18951211417195,5.497382198952874,0.659,19.696969696969695,33.18951211417195,58.39850910916194,0,0,0,0,,False
FLUX,2026-09-20T12:12:00.273Z,2026-09-20T12:12:00.273931Z,2026-09-20T14:12:00.273931Z,7684.769332,7,0.0571,35.026269702276494,6.326889279437609,-1.727,13.257575757575758,35.026269702276494,53.641594078473716,0,0,0,0,,False
GPS,2026-09-20T12:12:18.827Z,2026-09-20T12:12:18.827289Z,2026-09-20T14:12:18.827289Z,7666.215974,7,0.01038,38.53564547206176,6.38915779283639,-4.705,19.318181818181817,38.53564547206176,54.011194372791536,0,0,0,0,,False
INIT,2026-09-20T12:12:23.472Z,2026-09-20T12:12:23.472264Z,2026-09-20T14:12:23.472264Z,7661.570999,7,0.071625,20.942408376962984,8.232005590496145,-5.131,21.96969696969697,20.942408376962984,39.814605680933354,0,0,0,0,,True
IO,2026-09-20T12:12:30.495Z,2026-09-20T12:12:30.496216Z,2026-09-20T14:12:30.496216Z,7654.547047,7,0.1367,14.63057790782778,6.423357664233579,-3.385,23.484848484848484,14.63057790782778,54.97048541668265,0,0,0,0,,False
KAIA,2026-09-20T12:12:35.299Z,2026-09-20T12:12:35.299975Z,2026-09-20T14:12:35.299975Z,7649.743288,7,0.029249999999999998,34.18803418803398,4.421768707483002,-2.326,22.348484848484848,34.18803418803398,51.87663809498382,1,0,1,0,1.0,False
KERNEL,2026-09-20T12:12:41.943Z,2026-09-20T12:12:41.943702Z,2026-09-20T14:12:41.943702Z,7643.099561,7,0.04065,24.600246002460732,6.55339805825243,-4.408,21.59090909090909,24.600246002460732,54.11008555887951,0,0,0,0,,False
LAYER,2026-09-20T12:12:49.238Z,2026-09-20T12:12:49.238466Z,2026-09-20T14:12:49.238466Z,7635.804797,7,0.07055,42.52303330970868,4.943502824858761,-2.747,23.106060606060606,42.52303330970868,44.76182858692638,0,0,0,0,,False
MANTA,2026-09-20T12:12:59.424Z,2026-09-20T12:12:59.424963Z,2026-09-20T14:12:59.424963Z,7625.6183,7,0.065745,10.647197505513821,6.094013167968147,0.353,18.560606060606062,10.647197505513821,61.11047853746989,0,0,0,0,,False
SXT,2026-09-20T12:13:56.868Z,2026-09-20T12:13:56.868829Z,2026-09-20T14:13:56.868829Z,7568.174434,7,0.0083,72.28915662650726,8.862275449101789,-2.11,10.984848484848484,72.28915662650726,56.8883745549409,0,0,0,0,,False
VANA,2026-09-20T12:14:08.829Z,2026-09-20T12:14:08.830095Z,2026-09-20T14:14:08.830095Z,7556.213168,7,1.0499999999999998,57.1428571428572,8.666666666666663,0.478,10.227272727272727,57.1428571428572,57.30251383709712,0,0,0,0,,False
ACT,2026-09-20T12:20:19.987Z,2026-09-20T12:20:19.988190Z,2026-09-20T14:20:19.988190Z,7786.338337,7,0.010180000000000002,39.292730844793816,5.784313725490198,-3.134,3.409090909090909,39.292730844793816,52.93550229209936,1,0,1,0,1.0,False
AVAX,2026-09-20T12:20:37.375Z,2026-09-20T12:20:37.375833Z,2026-09-20T14:20:37.375833Z,7768.950694,7,10.618500000000001,6.592268211140625,16.761525327262376,15.138,97.34848484848484,6.592268211140625,76.16248445992531,19,16,3,0,0.9474,False
NXPC,2026-09-20T12:22:04.834Z,2026-09-20T12:22:04.835097Z,2026-09-20T14:22:04.835097Z,7681.49143,7,0.21705000000000002,13.821700069108255,5.363636363636366,-2.309,1.5151515151515151,13.821700069108255,52.46493749158121,1,1,0,0,1.0,False
SAPIEN,2026-09-20T12:22:11.503Z,2026-09-20T12:22:11.503319Z,2026-09-20T14:22:11.503319Z,7674.823208,7,0.0748,26.737967914437412,3.0585106382978675,-0.529,5.303030303030303,26.737967914437412,58.094815771709264,0,0,0,0,,False
SOL,2026-09-20T12:22:18.319Z,2026-09-20T12:22:18.320164Z,2026-09-20T14:22:18.320164Z,7668.006363,7,108.155,0.9245989552023397,4.70523110988098,-2.998,98.86363636363636,0.9245989552023397,49.09586698653212,30,16,13,1,0.8667,False
SUI,2026-09-20T12:22:23.277Z,2026-09-20T12:22:23.277839Z,2026-09-20T14:22:23.277839Z,7663.048688,7,0.81985,1.219735317435982,9.528998668119627,-3.629,98.10606060606061,1.219735317435982,58.385888955206354,5,3,1,1,0.6,False
TLM,2026-09-20T12:22:30.595Z,2026-09-20T12:22:30.595405Z,2026-09-20T14:22:30.595405Z,7655.731122,7,0.0014275,21.015761821365775,4.4817927170868375,-1.449,7.196969696969697,21.015761821365775,39.06804159312249,0,0,0,0,,False
TURTLE,2026-09-20T12:22:37.266Z,2026-09-20T12:22:37.267049Z,2026-09-20T14:22:37.267049Z,7649.059478,7,0.040900000000000006,48.89975550122219,3.4146341463414593,-2.381,5.681818181818182,48.89975550122219,53.44461497260635,0,0,0,0,,False
UMA,2026-09-20T12:22:47.353Z,2026-09-20T12:22:47.353187Z,2026-09-20T14:22:47.353187Z,7638.97334,7,0.384,52.083333333333385,5.585106382978728,-3.093,2.6515151515151514,52.083333333333385,49.71940537272284,0,0,0,0,,False
USD1,2026-09-20T12:22:55.331Z,2026-09-20T12:22:55.332152Z,2026-09-20T14:22:55.332152Z,7630.994375,7,0.99965,1.0003501225427798,0.04001600640255661,-0.03,98.48484848484848,1.0003501225427798,64.55605902731284,0,0,0,0,,False
WCT,2026-09-20T12:23:02.058Z,2026-09-20T12:23:02.058622Z,2026-09-20T14:23:02.058622Z,7624.267905,7,0.038425,13.012361743656845,6.759187869442304,-5.328,4.166666666666667,13.012361743656845,51.98710440944132,1,1,0,0,1.0,False
XRP,2026-09-20T12:23:07.833Z,2026-09-20T12:23:07.833364Z,2026-09-20T14:23:07.833364Z,7618.493163,7,1.3775499999999998,0.7259264636491525,6.223253789801994,-3.648,99.24242424242425,0.7259264636491525,47.98364881192972,35,16,15,4,0.4857,False
YB,2026-09-20T12:23:14.799Z,2026-09-20T12:23:14.799580Z,2026-09-20T14:23:14.799580Z,7611.526947,7,0.08415,35.65062388591737,5.219454329774615,-2.317,0.3787878787878788,35.65062388591737,38.27729369385366,0,0,0,0,,False
ZBT,2026-09-20T12:23:21.658Z,2026-09-20T12:23:21.658272Z,2026-09-20T14:23:21.658272Z,7604.668255,7,0.07875,12.6984126984113,5.934343434343429,-3.65,6.0606060606060606,12.6984126984113,55.99266505633363,0,0,0,0,,False
ZEC,2026-09-20T12:23:27.279Z,2026-09-20T12:23:27.279927Z,2026-09-20T14:23:27.279927Z,7599.0466,7,1438.455,2.294128074913204,8.434242319641012,-6.443,95.45454545454545,2.294128074913204,50.00589019783169,17,8,7,2,0.8235,False
ADA,2026-09-20T12:29:01.209Z,2026-09-20T12:29:01.209802Z,2026-09-20T14:29:01.209802Z,7265.116725,7,0.22065,4.532064355314604,5.916892502258356,-2.122,93.18181818181819,4.532064355314604,50.056248164888565,28,16,4,8,0.1429,False
APT,2026-09-20T12:29:18.766Z,2026-09-20T12:29:18.766686Z,2026-09-20T14:29:18.766686Z,7247.559841,7,0.7155,13.976240391334743,5.874316939890716,-1.613,88.63636363636364,13.976240391334743,53.62084121404149,0,0,0,0,,False
AR,2026-09-20T12:29:25.158Z,2026-09-20T12:29:25.158401Z,2026-09-20T14:29:25.158401Z,7241.168126,7,4.3085,16.246953696183265,21.168560166937176,-7.664,86.74242424242425,16.246953696183265,43.2974436317994,3,3,0,0,1.0,False
ARB,2026-09-20T12:29:31.160Z,2026-09-20T12:29:31.160984Z,2026-09-20T14:29:31.160984Z,7235.165543,7,0.20435,4.893564962074333,9.219190968955788,1.094,92.8030303030303,4.893564962074333,60.85991638826736,19,15,4,0,0.8947,False
DOGE,2026-09-20T12:29:37.070Z,2026-09-20T12:29:37.070264Z,2026-09-20T14:29:37.070264Z,7229.256263,7,0.08494499999999999,1.1772323267992375,8.163984494302829,-3.59,93.93939393939394,1.1772323267992375,36.627123735151635,32,20,9,3,0.5938,False
GRAM,2026-09-20T12:29:48.753Z,2026-09-20T12:29:48.753755Z,2026-09-20T14:29:48.753755Z,7217.572772,7,1.371,14.587892049598846,2.11216314639475,-0.795,90.15151515151516,14.587892049598846,63.72047796829689,3,1,1,1,0.3333,False
HBAR,2026-09-20T12:29:54.789Z,2026-09-20T12:29:54.789976Z,2026-09-20T14:29:54.789976Z,7211.536551,7,0.086235,8.117353742679958,5.290102389078511,1.61,85.22727272727273,8.117353742679958,56.327943331025125,6,2,3,1,0.6667,False
JTO,2026-09-20T12:29:59.750Z,2026-09-20T12:29:59.750952Z,2026-09-20T14:29:59.750952Z,7206.575575,7,0.49060000000000004,12.229922543823672,11.090798293723335,7.795,89.77272727272727,12.229922543823672,59.220531233746634,3,2,1,0,0.3333,False
LTC,2026-09-20T12:30:06.634Z,2026-09-20T12:30:06.634406Z,2026-09-20T14:30:06.634406Z,7798.565219,7,57.035,1.7533093714382417,3.3589923023093107,-1.465,91.66666666666667,1.7533093714382417,55.79586800014621,6,3,2,1,0.6667,False
JUP,2026-09-20T12:37:48.807Z,2026-09-20T12:37:48.807604Z,2026-09-20T14:37:48.807604Z,7336.392021,7,0.26780000000000004,14.936519790889148,8.077065579844382,-2.633,84.84848484848484,14.936519790889148,44.87656621259114,9,0,8,1,0.7778,False
SAGA,2026-09-20T12:38:38.396Z,2026-09-20T12:38:38.396952Z,2026-09-20T14:38:38.396952Z,7286.802673,7,0.02793,14.321518080915993,19.19860627177701,6.731,74.24242424242425,14.321518080915993,66.71236232218106,8,7,1,0,1.0,False
SEI,2026-09-20T12:38:43.576Z,2026-09-20T12:38:43.577135Z,2026-09-20T14:38:43.577135Z,7281.62249,7,0.04747,4.213187276174255,7.06030678714016,-3.331,72.34848484848484,4.213187276174255,53.44107129741089,1,1,0,0,1.0,False
SHIB,2026-09-20T12:38:49.662Z,2026-09-20T12:38:49.662451Z,2026-09-20T14:38:49.662451Z,7275.537174,7,5.355e-06,18.674136321196546,7.0895522388059655,-2.011,81.81818181818181,18.674136321196546,43.60539805168571,7,6,1,0,0.7143,False
STX,2026-09-20T12:38:55.830Z,2026-09-20T12:38:55.830636Z,2026-09-20T14:38:55.830636Z,7269.368989,7,0.30979999999999996,6.455777921240591,10.038240917782018,-2.365,77.65151515151516,6.455777921240591,57.71106890818538,7,4,1,2,0.4286,False
TIA,2026-09-20T12:39:01.231Z,2026-09-20T12:39:01.232071Z,2026-09-20T14:39:01.232071Z,7263.967554,7,0.40759999999999996,9.813542688910978,5.469129800680608,-0.508,75.0,9.813542688910978,51.02898440282493,0,0,0,0,,False
TRX,2026-09-20T12:39:07.603Z,2026-09-20T12:39:07.603658Z,2026-09-20T14:39:07.603658Z,7257.595967,7,0.34545,2.8947749312487767,1.5761821366024564,1.361,84.0909090909091,2.8947749312487767,70.43713977306709,57,17,40,0,0.9825,False
WLFI,2026-09-20T12:39:14.995Z,2026-09-20T12:39:14.996302Z,2026-09-20T14:39:14.996302Z,7250.203323,7,0.05845,17.10863986313137,3.938356164383568,-1.017,72.72727272727273,17.10863986313137,62.608163472256216,0,0,0,0,,False
XPL,2026-09-20T12:39:20.050Z,2026-09-20T12:39:20.050536Z,2026-09-20T14:39:20.050536Z,7245.149089,7,0.08688,11.510128913442562,7.841823056300266,-1.885,80.3030303030303,11.510128913442562,39.81775893796465,2,0,2,0,1.0,False
XTZ,2026-09-20T12:39:25.462Z,2026-09-20T12:39:25.462890Z,2026-09-20T14:39:25.462890Z,7239.736735,7,0.33575,14.892032762472091,20.344928383513604,2.918,76.51515151515152,14.892032762472091,57.11969442321186,3,1,2,0,1.0,False
ZEN,2026-09-20T12:39:36.588Z,2026-09-20T12:39:36.589230Z,2026-09-20T14:39:36.589230Z,7228.610395,7,7.452500000000001,14.760147601476175,8.17701453104359,-5.646,73.48484848484848,14.760147601476175,42.624930065955404,1,1,0,0,1.0,False
ZRO,2026-09-20T12:39:43.429Z,2026-09-20T12:39:43.429820Z,2026-09-20T14:39:43.429820Z,7221.769805,7,1.0750000000000002,18.604651162790713,8.980355472404124,-6.556,78.03030303030303,18.604651162790713,50.18767540028307,3,1,2,0,0.6667,False
BOME,2026-09-20T12:45:34.886Z,2026-09-20T12:45:34.887359Z,2026-09-20T14:45:34.887359Z,7471.735181,7,0.0008924,15.6880322725227,18.589743589743588,-6.481,57.95454545454545,15.6880322725227,39.34234056918521,1,1,0,0,1.0,False
CHZ,2026-09-20T12:45:55.302Z,2026-09-20T12:45:55.303032Z,2026-09-20T14:45:55.303032Z,7451.319508,7,0.014695,6.805035726437287,6.130790190735693,-3.166,58.71212121212121,6.805035726437287,59.849638426116634,2,2,0,0,1.0,False
DYDX,2026-09-20T12:46:07.759Z,2026-09-20T12:46:07.759821Z,2026-09-20T14:46:07.759821Z,7438.862719,7,0.126165,15.059644116832995,9.797404241848689,-4.878,63.25757575757576,15.059644116832995,58.3127296209798,1,1,0,0,1.0,False
GUN,2026-09-20T12:46:45.374Z,2026-09-20T12:46:45.374821Z,2026-09-20T14:46:45.374821Z,7401.247719,7,0.00283,70.67137809187297,40.625,3.971,64.01515151515152,70.67137809187297,60.031230470454304,5,2,2,1,0.2,False
SYRUP,2026-09-20T12:48:25.187Z,2026-09-20T12:48:25.188041Z,2026-09-20T14:48:25.188041Z,7301.434499,7,0.21505000000000002,4.650081376424866,6.5954482117975,-3.279,68.18181818181819,4.650081376424866,60.57382917641592,0,0,0,0,,False
VET,2026-09-20T12:48:43.077Z,2026-09-20T12:48:43.077253Z,2026-09-20T14:48:43.077253Z,7283.545287,7,0.008138,17.203244040304895,8.949416342412457,-4.227,61.74242424242424,17.203244040304895,58.789385041061465,4,2,2,0,1.0,False
VIRTUAL,2026-09-20T12:48:49.850Z,2026-09-20T12:48:49.850694Z,2026-09-20T14:48:49.850694Z,7276.771846,7,0.6445000000000001,12.4127230411175,7.084300077339531,-5.233,69.6969696969697,12.4127230411175,49.38318662674812,1,1,0,0,1.0,False
WIF,2026-09-20T12:48:57.170Z,2026-09-20T12:48:57.170449Z,2026-09-20T14:48:57.170449Z,7269.452091,7,0.19690000000000002,10.15744032503838,11.54430379746836,-6.971,64.39393939393939,10.15744032503838,59.905880198382405,5,4,0,1,0.6,False
GIGGLE,2026-09-20T12:55:10.032Z,2026-09-20T12:55:10.032972Z,2026-09-20T14:55:10.032972Z,7496.44489,7,35.925,13.91788448155999,5.273437500000002,-3.448,50.378787878787875,13.91788448155999,57.599048521930484,0,0,0,0,,False
KITE,2026-09-20T12:55:35.367Z,2026-09-20T12:55:35.367374Z,2026-09-20T14:55:35.367374Z,7471.110488,7,0.1125,17.777777777778287,4.929577464788727,-2.405,47.34848484848485,17.777777777778287,63.150385069912566,0,0,0,0,,False
MMT,2026-09-20T12:55:50.665Z,2026-09-20T12:55:50.665331Z,2026-09-20T14:55:50.665331Z,7455.812531,7,0.1607,12.445550715619522,7.952410770194107,-0.498,49.24242424242424,12.445550715619522,67.77344299695972,22,22,0,0,0.9091,False
ALT,2026-09-20T13:03:32.632Z,2026-09-20T13:03:32.632663Z,2026-09-20T15:03:32.632663Z,7593.116891,7,0.0069949999999999995,14.295925661187221,5.730659025787956,-4.252,28.03030303030303,14.295925661187221,53.913200980827355,0,0,0,0,,False
AXS,2026-09-20T13:03:46.045Z,2026-09-20T13:03:46.045787Z,2026-09-20T15:03:46.045787Z,7579.703767,7,0.9904999999999999,10.095911155981836,5.151515151515156,-2.655,26.515151515151516,10.095911155981836,59.63069941143869,2,2,0,0,1.0,False
BABY,2026-09-20T13:03:54.923Z,2026-09-20T13:03:54.923405Z,2026-09-20T15:03:54.923405Z,7570.826149,7,0.011349999999999999,35.242290748898775,5.198237885462556,-1.732,27.651515151515152,35.242290748898775,28.536941963587356,1,0,1,0,-1.0,False
BMT,2026-09-20T13:04:07.310Z,2026-09-20T13:04:07.310406Z,2026-09-20T15:04:07.310406Z,7558.439148,7,0.01906,10.493179433367883,8.311688311688316,-4.229,34.46969696969697,10.493179433367883,44.989878385125884,1,0,0,1,-1.0,False
BROCCOLI714,2026-09-20T13:04:15.222Z,2026-09-20T13:04:15.223015Z,2026-09-20T15:04:15.223015Z,7550.526539,7,0.01822,98.79253567508212,5.399449035812663,-1.892,39.39393939393939,98.79253567508212,53.61485603594327,0,0,0,0,,False
HOLO,2026-09-20T13:05:20.229Z,2026-09-20T13:05:20.229403Z,2026-09-20T15:05:20.229403Z,7485.520151,7,0.05965,16.764459346186566,5.555555555555551,-3.571,38.63636363636363,16.764459346186566,60.66743625419467,0,0,0,0,,False
MEME,2026-09-20T13:05:43.163Z,2026-09-20T13:05:43.163444Z,2026-09-20T15:05:43.163444Z,7462.58611,7,0.0005555,18.001800180016488,5.967450271247728,-1.776,37.878787878787875,18.001800180016488,56.09316787020598,47,42,3,2,0.9574,False
SSV,2026-09-20T13:06:45.439Z,2026-09-20T13:06:45.439778Z,2026-09-20T15:06:45.439778Z,7400.309776,7,3.047,26.25533311453891,7.355864811133215,-5.805,31.439393939393938,26.25533311453891,52.747220061782954,1,1,0,0,1.0,False
TREE,2026-09-20T13:07:02.615Z,2026-09-20T13:07:02.615733Z,2026-09-20T15:07:02.615733Z,7383.133821,7,0.04235,23.612750885478835,6.775700934579438,-4.677,32.95454545454545,23.612750885478835,40.96398469693961,0,0,0,0,,False
1000SATS,2026-09-20T13:12:59.391Z,2026-09-20T13:12:59.391217Z,2026-09-20T15:12:59.391217Z,7625.662929,7,1.093e-05,18.298261665141638,7.221206581352842,-2.496,11.742424242424242,18.298261665141638,55.919857634755,6,2,4,0,0.6667,False
2Z,2026-09-20T13:13:05.917Z,2026-09-20T13:13:05.917952Z,2026-09-20T15:13:05.917952Z,7619.136194,7,0.048935,22.478798406048636,6.067415730337065,-2.723,16.28787878787879,22.478798406048636,62.85011704113281,1,0,1,0,1.0,False
API3,2026-09-20T13:13:25.113Z,2026-09-20T13:13:25.114208Z,2026-09-20T15:13:25.114208Z,7599.939938,7,0.2434,24.650780608052152,6.799336650082906,-5.486,12.121212121212121,24.650780608052152,35.315871784354414,0,0,0,0,,False
BANANA,2026-09-20T13:13:31.959Z,2026-09-20T13:13:31.959488Z,2026-09-20T15:13:31.959488Z,7593.094658,7,3.9269999999999996,50.92946269416863,3.55329949238579,-2.524,12.5,50.92946269416863,37.4291569504384,0,0,0,0,,False
BLUR,2026-09-20T13:13:51.756Z,2026-09-20T13:13:51.756693Z,2026-09-20T15:13:51.756693Z,7573.297453,7,0.018314999999999998,60.0600600600614,5.540467137425313,-1.181,15.151515151515152,60.0600600600614,56.48656866926821,1,1,0,0,1.0,False
MANTRA,2026-09-20T13:15:17.217Z,2026-09-20T13:15:17.217865Z,2026-09-20T15:15:17.217865Z,7487.836281,7,0.00422,47.393364928910074,9.6244131455399,-2.517,23.863636363636363,47.393364928910074,55.7911830498925,1,0,1,0,1.0,False
MITO,2026-09-20T13:15:25.174Z,2026-09-20T13:15:25.174828Z,2026-09-20T15:15:25.174828Z,7479.879318,7,0.01542,77.82101167315196,13.704918032786894,2.694,19.318181818181817,77.82101167315196,63.83088852745649,2,1,1,0,1.0,False
NOT,2026-09-20T13:15:31.968Z,2026-09-20T13:15:31.968693Z,2026-09-20T15:15:31.968693Z,7473.085453,7,0.000484,41.32231404958778,6.277056277056277,-3.549,18.181818181818183,41.32231404958778,57.069804540056566,0,0,0,0,,False
RED,2026-09-20T13:15:54.848Z,2026-09-20T13:15:54.848451Z,2026-09-20T15:15:54.848451Z,7450.205695,7,0.14895,60.42296072507633,4.980079681274886,0.601,12.878787878787879,60.42296072507633,45.120414705078794,2,1,1,0,1.0,False
SAHARA,2026-09-20T13:16:09.417Z,2026-09-20T13:16:09.418201Z,2026-09-20T15:16:09.418201Z,7435.635945,7,0.008795,11.370096645822999,5.251141552511419,-3.63,24.242424242424242,11.370096645822999,55.735453184764296,0,0,0,0,,False
1INCH,2026-09-20T13:22:21.662Z,2026-09-20T13:22:21.662723Z,2026-09-20T15:22:21.662723Z,7667.325585,7,0.0964,20.746887966805573,5.427974947807944,-3.912,3.0303030303030303,20.746887966805573,21.90283205083427,0,0,0,0,,False
1MBABYDOGE,2026-09-20T13:22:29.138Z,2026-09-20T13:22:29.138969Z,2026-09-20T15:22:29.138969Z,7659.849339,7,0.0003865,15.523932729625216,4.438100181676625,-2.898,1.893939393939394,15.523932729625216,43.290403824800684,4,2,2,0,1.0,False
AIXBT,2026-09-20T13:22:41.607Z,2026-09-20T13:22:41.607499Z,2026-09-20T15:22:41.607499Z,7647.380809,7,0.02046,29.32551319648144,5.333333333333338,-4.255,0.7575757575757576,29.32551319648144,38.074480226060054,2,1,1,0,1.0,False
AT,2026-09-20T13:22:49.171Z,2026-09-20T13:22:49.171982Z,2026-09-20T15:22:49.171982Z,7639.816326,7,0.1444,27.700831024931542,7.132867132867124,-4.794,9.090909090909092,27.700831024931542,42.75709818112528,0,0,0,0,,False
AUCTION,2026-09-20T13:22:56.278Z,2026-09-20T13:22:56.278472Z,2026-09-20T15:22:56.278472Z,7632.709836,7,3.4565,49.182699262259234,6.173913043478263,-4.007,8.333333333333334,49.182699262259234,52.813068604386444,0,0,0,0,,False
BNB,2026-09-20T13:23:05.172Z,2026-09-20T13:23:05.172326Z,2026-09-20T15:23:05.172326Z,7623.815982,7,754.775,0.13248981484536326,3.728944152186611,-1.926,97.72727272727273,0.13248981484536326,50.391856975786496,13,6,6,1,0.6154,False
BTC,2026-09-20T13:23:09.934Z,2026-09-20T13:23:09.934831Z,2026-09-20T15:23:09.934831Z,7619.053477,7,80648.13500000001,0.0012399542772763821,2.28159144311181,-1.107,100.0,0.0012399542772763821,62.167811626758265,38,15,15,8,0.3421,False
CGPT,2026-09-20T13:23:17.060Z,2026-09-20T13:23:17.061168Z,2026-09-20T15:23:17.061168Z,7611.92714,7,0.019605,45.90665646518735,6.265919510952616,-3.205,4.924242424242424,45.90665646518735,37.84131245524699,3,2,0,1,1.0,False
DOLO,2026-09-20T13:23:25.070Z,2026-09-20T13:23:25.070596Z,2026-09-20T15:23:25.070596Z,7603.917712,7,0.02552,31.34796238244522,3.9921722113502938,-2.518,1.1363636363636365,31.34796238244522,42.37468945111089,0,0,0,0,,False
ENA,2026-09-20T13:23:30.221Z,2026-09-20T13:23:30.221718Z,2026-09-20T15:23:30.221718Z,7598.76659,7,0.2006,9.97008973080648,14.857694163048718,5.819,96.96969696969697,9.97008973080648,57.67651831685,26,19,3,4,0.8462,False
ETH,2026-09-20T13:23:35.744Z,2026-09-20T13:23:35.745034Z,2026-09-20T15:23:35.745034Z,7593.243274,7,2592.9449999999997,0.03856618632390403,4.0544212405869215,-2.464,99.62121212121212,0.03856618632390403,58.592981663241005,50,29,18,3,0.68,False
EUR,2026-09-20T13:23:38.757Z,2026-09-20T13:23:38.757694Z,2026-09-20T15:23:38.757694Z,7590.230614,7,1.1497,1.7395842393666,0.15653535090008036,0.026,96.21212121212122,1.7395842393666,53.652648026031144,1,0,0,1,-1.0,False
FORM,2026-09-20T13:23:45.787Z,2026-09-20T13:23:45.787229Z,2026-09-20T15:23:45.787229Z,7583.201079,7,0.25185,59.55926146515789,5.977830562153604,-3.735,7.575757575757576,59.55926146515789,42.27695546675646,1,1,0,0,1.0,False
GMT,2026-09-20T13:23:52.391Z,2026-09-20T13:23:52.392198Z,2026-09-20T15:23:52.392198Z,7576.59611,7,0.007549999999999999,26.49006622516563,5.437665782493366,-3.457,6.818181818181818,26.49006622516563,41.42804511996977,5,1,3,1,0.6,False
HAEDAL,2026-09-20T13:23:59.029Z,2026-09-20T13:23:59.029851Z,2026-09-20T15:23:59.029851Z,7569.958457,7,0.019549999999999998,51.15089514066465,4.458268532918608,-3.211,2.272727272727273,51.15089514066465,37.26911910236788,0,0,0,0,,False
HMSTR,2026-09-20T13:24:04.705Z,2026-09-20T13:24:04.705394Z,2026-09-20T15:24:04.705394Z,7564.282914,7,0.00016525,6.0514372163390275,4.490291262135917,-3.4,6.4393939393939394,6.0514372163390275,56.4033483195039,1,0,1,0,1.0,False
HUMA,2026-09-20T13:24:11.421Z,2026-09-20T13:24:11.421770Z,2026-09-20T15:24:11.421770Z,7557.566538,7,0.02221,63.03466906798795,11.625874125874121,-7.779,7.954545454545454,63.03466906798795,37.18433409066072,0,0,0,0,,False
INJ,2026-09-20T13:24:16.848Z,2026-09-20T13:24:16.848601Z,2026-09-20T15:24:16.848601Z,7552.139707,7,7.821,7.671653241273786,12.921202695697263,0.469,94.6969696969697,7.671653241273786,59.216549272181474,22,12,10,0,0.8636,False
LINK,2026-09-20T13:24:21.930Z,2026-09-20T13:24:21.930645Z,2026-09-20T15:24:21.930645Z,7547.057663,7,12.2275,0.8178286648942513,6.409407088439874,-3.523,95.07575757575758,0.8178286648942513,47.35053831950931,21,9,11,1,0.5238,False
UNI,2026-09-20T13:25:29.600Z,2026-09-20T13:25:29.601124Z,2026-09-20T15:25:29.601124Z,7479.387184,7,8.599499999999999,1.1628583057148043,8.355545254374784,-4.946,94.31818181818181,1.1628583057148043,55.278388682665636,34,21,10,3,0.5588,False
ALGO,2026-09-20T13:31:46.758Z,2026-09-20T13:31:46.758511Z,2026-09-20T15:31:46.758511Z,7700.417617,7,0.1124,17.79359430605033,11.271676300578036,5.061,86.36363636363636,17.79359430605033,65.12471725444499,3,2,0,1,0.3333,False
FDUSD,2026-09-20T13:32:05.744Z,2026-09-20T13:32:05.744250Z,2026-09-20T15:32:05.744250Z,7681.431878,7,0.99865,1.0013518249635907,0.11013215859030737,-0.04,92.42424242424242,1.0013518249635907,56.79204310696821,0,0,0,0,,True
FET,2026-09-20T13:32:10.637Z,2026-09-20T13:32:10.637788Z,2026-09-20T15:32:10.637788Z,7676.53834,7,0.17085,5.853087503657535,9.741784037558688,-7.088,87.87878787878788,5.853087503657535,54.12681587199358,6,0,4,2,-0.1667,False
ONDO,2026-09-20T13:32:38.983Z,2026-09-20T13:32:38.983495Z,2026-09-20T15:32:38.983495Z,7648.192633,7,0.4145,4.825090470447129,10.130877363063501,-0.77,90.53030303030303,4.825090470447129,55.361877226445245,4,1,3,0,1.0,False
PENGU,2026-09-20T13:32:44.766Z,2026-09-20T13:32:44.766408Z,2026-09-20T15:32:44.766408Z,7642.40972,7,0.007653,5.226708480335203,9.659757528353532,-3.582,91.28787878787878,5.226708480335203,39.61338001680688,1,0,0,1,-1.0,False
PEPE,2026-09-20T13:32:49.652Z,2026-09-20T13:32:49.653061Z,2026-09-20T15:32:49.653061Z,7637.523067,7,3.955e-06,25.28445006321088,13.131313131313133,3.937,93.56060606060606,25.28445006321088,61.3882857877715,26,25,0,1,0.8846,False
PUMP,2026-09-20T13:32:54.907Z,2026-09-20T13:32:54.908094Z,2026-09-20T15:32:54.908094Z,7632.268034,7,0.004064,4.921259842520339,8.989598811292732,-3.189,89.01515151515152,4.921259842520339,58.4098676330107,19,16,1,2,0.5263,False
STRK,2026-09-20T13:32:59.984Z,2026-09-20T13:32:59.984851Z,2026-09-20T15:32:59.984851Z,7627.191277,7,0.046165,2.1661431820649977,14.90724381625443,-1.329,88.25757575757575,2.1661431820649977,65.0249291029809,20,8,12,0,0.9,False
SYN,2026-09-20T13:33:04.917Z,2026-09-20T13:33:04.917481Z,2026-09-20T15:33:04.917481Z,7622.258647,7,0.21392,24.308152580404847,22.74159918537555,-15.986,85.60606060606061,24.308152580404847,45.360328088520696,0,0,0,0,,False
TAO,2026-09-20T13:33:09.813Z,2026-09-20T13:33:09.813748Z,2026-09-20T15:33:09.813748Z,7617.36238,7,253.3,7.89577575996909,10.02785515320335,-6.406,92.04545454545455,7.89577575996909,54.93293220312881,17,7,9,1,0.5294,False
TRUMP,2026-09-20T13:33:14.785Z,2026-09-20T13:33:14.785725Z,2026-09-20T15:33:14.785725Z,7612.390403,7,2.0225,4.944375772560366,9.990108803165182,-1.892,87.12121212121212,4.944375772560366,53.92173311655955,4,2,0,2,0.5,False
WLD,2026-09-20T13:33:19.931Z,2026-09-20T13:33:19.932007Z,2026-09-20T15:33:19.932007Z,7607.244121,7,0.4282,4.67071461933754,5.781990521327009,-2.179,89.39393939393939,4.67071461933754,48.33008456758475,2,1,1,0,1.0,False
XLM,2026-09-20T13:33:24.834Z,2026-09-20T13:33:24.834311Z,2026-09-20T15:33:24.834311Z,7602.341817,7,0.19355,5.166623611469335,8.132214060860434,-2.206,90.9090909090909,5.166623611469335,53.284984802064685,6,5,0,1,0.0,False
AAVE,2026-09-20T13:39:02.422Z,2026-09-20T13:39:02.423244Z,2026-09-20T15:39:02.423244Z,7264.752884,7,135.64,4.423473901502054,6.829629629629628,-5.608,83.33333333333333,4.423473901502054,42.50477304124858,2,0,1,1,0.0,False
BANK,2026-09-20T13:39:18.869Z,2026-09-20T13:39:18.869424Z,2026-09-20T15:39:18.869424Z,7248.306704,7,0.032549999999999996,30.721966205835926,36.44578313253013,12.925,76.89393939393939,30.721966205835926,74.464429837337,2,2,0,0,1.0,False
CAKE,2026-09-20T13:39:36.998Z,2026-09-20T13:39:36.999235Z,2026-09-20T15:39:36.999235Z,7230.176893,7,2.4665,4.05432799513436,8.316511909568025,1.725,79.54545454545455,4.05432799513436,56.731077983178395,21,15,4,2,0.6667,False
CRV,2026-09-20T13:39:42.441Z,2026-09-20T13:39:42.441978Z,2026-09-20T15:39:42.441978Z,7224.73415,7,0.34085,14.669209329617146,5.806257521058961,-2.75,82.95454545454545,14.669209329617146,46.72174220011958,1,1,0,0,1.0,False
DASH,2026-09-20T13:39:47.990Z,2026-09-20T13:39:47.990281Z,2026-09-20T15:39:47.990281Z,7219.185847,7,54.735,9.134922809901738,9.684361549497845,-7.422,76.13636363636364,9.134922809901738,39.27720171247832,10,2,8,0,1.0,False
DOT,2026-09-20T13:39:53.388Z,2026-09-20T13:39:53.388710Z,2026-09-20T15:39:53.388710Z,7213.787418,7,1.1075,9.029345372461508,6.419529837251352,-2.297,81.06060606060606,9.029345372461508,64.03792416562176,3,1,2,0,0.0,False
EPIC,2026-09-20T13:39:59.205Z,2026-09-20T13:39:59.205654Z,2026-09-20T15:39:59.205654Z,7207.970474,7,0.55335,27.10761724044559,21.87053297937513,9.04,71.5909090909091,27.10761724044559,64.9371929093735,2,2,0,0,1.0,False
ETHFI,2026-09-20T13:40:09.617Z,2026-09-20T13:40:09.617831Z,2026-09-20T15:40:09.617831Z,7795.522226,7,0.70215,9.969379762159566,9.854118993135021,-6.236,82.1969696969697,9.969379762159566,52.684799703317516,1,1,0,0,1.0,False
FIL,2026-09-20T13:40:14.871Z,2026-09-20T13:40:14.871721Z,2026-09-20T15:40:14.871721Z,7790.268336,7,0.9257,10.802635843145737,20.66862910008409,-3.919,83.71212121212122,10.802635843145737,41.12921299312209,3,2,0,1,0.3333,False
ICP,2026-09-20T13:40:25.671Z,2026-09-20T13:40:25.671271Z,2026-09-20T15:40:25.671271Z,7779.468786,7,2.798,7.147962830592494,8.495320374370058,-3.542,81.43939393939394,7.147962830592494,40.73192439993366,4,2,2,0,1.0,False
MET,2026-09-20T13:40:36.083Z,2026-09-20T13:40:36.083934Z,2026-09-20T15:40:36.083934Z,7769.056123,7,0.24795,12.099213551118963,13.72942593336009,-4.339,71.96969696969697,12.099213551118963,56.39854607455536,7,6,1,0,0.4286,False
MORPHO,2026-09-20T13:40:41.039Z,2026-09-20T13:40:41.039734Z,2026-09-20T15:40:41.039734Z,7764.100323,7,2.521,7.933359777865053,10.933758978451701,-7.834,70.07575757575758,7.933359777865053,45.76198159537804,0,0,0,0,,False
OP,2026-09-20T13:40:46.881Z,2026-09-20T13:40:46.882001Z,2026-09-20T15:40:46.882001Z,7758.258056,7,0.12340000000000001,16.207455429496907,6.612903225806462,-0.482,79.92424242424242,16.207455429496907,52.03366807943464,3,2,0,1,1.0,False
PAXG,2026-09-20T13:40:51.801Z,2026-09-20T13:40:51.801915Z,2026-09-20T15:40:51.801915Z,7753.338142,7,4360.545,0.022932913202864044,0.23042161423524518,-0.117,70.83333333333333,0.022932913202864044,68.28853045510296,1,1,0,0,1.0,False
PENDLE,2026-09-20T13:40:57.581Z,2026-09-20T13:40:57.582007Z,2026-09-20T15:40:57.582007Z,7747.55805,7,2.5599999999999996,15.625000000000016,9.625048318515642,-6.098,79.16666666666667,15.625000000000016,45.00593382606307,0,0,0,0,,False
RAY,2026-09-20T13:41:01.008Z,2026-09-20T13:41:01.009237Z,2026-09-20T15:41:01.009237Z,7744.13082,7,1.59185,14.44859754373822,16.155118544385225,-9.362,75.37878787878788,14.44859754373822,50.14526909175503,13,7,5,1,0.3846,False
RENDER,2026-09-20T13:41:06.529Z,2026-09-20T13:41:06.529343Z,2026-09-20T15:41:06.529343Z,7738.610714,7,1.5625,6.399999999999295,8.453473132372215,-5.335,77.27272727272727,6.399999999999295,41.13666987212977,0,0,0,0,,False
RUNE,2026-09-20T13:41:11.351Z,2026-09-20T13:41:11.351804Z,2026-09-20T15:41:11.351804Z,7733.788253,7,0.5535000000000001,18.06684733514003,4.251386321626621,-0.185,71.21212121212122,18.06684733514003,59.74248222126089,2,1,1,0,0.5,False
COTI,2026-09-20T13:43:10.818Z,2026-09-20T13:43:10.818605Z,2026-09-20T15:43:10.818605Z,7614.321452,7,0.017259999999999998,23.17497103128728,21.923297080709787,-14.572,67.04545454545455,23.17497103128728,46.20473279139146,2,1,0,1,0.0,False
ENSO,2026-09-20T13:43:37.658Z,2026-09-20T13:43:37.659092Z,2026-09-20T15:43:37.659092Z,7587.480965,7,0.9604999999999999,10.41124414367518,21.36006974716652,20.483,64.77272727272727,10.41124414367518,74.1775688704975,17,16,1,0,1.0,False
FLOKI,2026-09-20T13:43:42.945Z,2026-09-20T13:43:42.946035Z,2026-09-20T15:43:42.946035Z,7582.194022,7,2.5614999999999998e-05,11.711887565879918,7.466243050039724,-3.562,63.63636363636363,11.711887565879918,62.20940933482376,1,1,0,0,1.0,False
HEI,2026-09-20T13:43:56.806Z,2026-09-20T13:43:56.806904Z,2026-09-20T15:43:56.806904Z,7568.333153,7,0.14705000000000001,47.6028561713707,19.861591695501733,-13.68,62.121212121212125,47.6028561713707,55.84653563137936,0,0,0,0,,False
IOTA,2026-09-20T13:44:14.289Z,2026-09-20T13:44:14.289691Z,2026-09-20T15:44:14.289691Z,7550.850366,7,0.04845,20.63983488132154,7.575757575757567,-1.702,59.46969696969697,20.63983488132154,57.7787997388586,3,2,0,1,0.0,False
LDO,2026-09-20T13:44:25.642Z,2026-09-20T13:44:25.642953Z,2026-09-20T15:44:25.642953Z,7539.497104,7,0.40345,7.435865658694324,6.563513850761166,-1.086,67.42424242424242,7.435865658694324,63.536567012785135,0,0,0,0,,False
ORCA,2026-09-20T13:44:50.230Z,2026-09-20T13:44:50.230904Z,2026-09-20T15:44:50.230904Z,7514.909153,7,1.4064999999999999,21.32954141485881,6.321022727272742,-2.963,61.36363636363637,21.32954141485881,57.66285108079278,1,1,0,0,1.0,False
ORDI,2026-09-20T13:44:56.963Z,2026-09-20T13:44:56.963376Z,2026-09-20T15:44:56.963376Z,7508.176681,7,4.4875,20.055710306407445,9.460674157303377,-3.324,65.9090909090909,20.055710306407445,46.171696400386246,1,1,0,0,1.0,False
PLUME,2026-09-20T13:45:02.359Z,2026-09-20T13:45:02.360200Z,2026-09-20T15:45:02.360200Z,7502.779857,7,0.013325,7.504690431519394,20.07518796992482,-9.029,57.57575757575758,7.504690431519394,48.35427727364118,1,0,1,0,1.0,False
POL,2026-09-20T13:45:08.610Z,2026-09-20T13:45:08.610841Z,2026-09-20T15:45:08.610841Z,7496.529216,7,0.103985,14.425157474635512,3.990430622009576,-0.267,68.93939393939394,14.425157474635512,57.11143907942116,11,6,3,2,0.4545,False
PYTH,2026-09-20T13:45:14.981Z,2026-09-20T13:45:14.982183Z,2026-09-20T15:45:14.982183Z,7490.157874,7,0.060285,18.24666169030422,7.893379191745492,-4.625,58.333333333333336,18.24666169030422,45.5392610182775,0,0,0,0,,False
RSR,2026-09-20T13:45:20.321Z,2026-09-20T13:45:20.322211Z,2026-09-20T15:45:20.322211Z,7484.817846,7,0.0015630000000000002,12.795905310301013,7.555555555555553,-0.568,59.84848484848485,12.795905310301013,58.542079320974345,0,0,0,0,,False
SOLV,2026-09-20T13:45:28.333Z,2026-09-20T13:45:28.334425Z,2026-09-20T15:45:28.334425Z,7476.805632,7,0.004189999999999999,47.73269689737484,14.117647058823524,3.155,60.22727272727273,47.73269689737484,63.98548910059923,0,0,0,0,,False
SOMI,2026-09-20T13:45:33.221Z,2026-09-20T13:45:33.221748Z,2026-09-20T15:45:33.221748Z,7471.918309,7,0.19985,15.011258443833999,6.689453125000008,2.4,57.196969696969695,15.011258443833999,49.4657559060286,12,7,2,3,0.6667,False
SOPH,2026-09-20T13:45:40.600Z,2026-09-20T13:45:40.600348Z,2026-09-20T15:45:40.600348Z,7464.539709,7,0.004280000000000001,46.72897196261694,8.591885441527449,-0.946,65.15151515151516,46.72897196261694,58.208904874914566,0,0,0,0,,False
THE,2026-09-20T13:45:51.691Z,2026-09-20T13:45:51.691454Z,2026-09-20T15:45:51.691454Z,7453.448603,7,0.07555,13.236267372601304,7.978723404255327,1.211,54.92424242424242,13.236267372601304,62.40264083735087,1,0,1,0,1.0,False
AVNT,2026-09-20T13:46:44.299Z,2026-09-20T13:46:44.299421Z,2026-09-20T15:46:44.299421Z,7400.840636,7,0.10694999999999999,9.350163627863756,7.048872180451121,-3.71,45.833333333333336,9.350163627863756,64.5396776968068,1,0,1,0,1.0,False
ERA,2026-09-20T13:47:05.403Z,2026-09-20T13:47:05.403556Z,2026-09-20T15:47:05.403556Z,7379.736501,7,0.061450000000000005,16.273393002440343,5.383360522022845,-1.92,42.04545454545455,16.273393002440343,58.63613520737899,0,0,0,0,,False
FF,2026-09-20T13:47:17.807Z,2026-09-20T13:47:17.807902Z,2026-09-20T15:47:17.807902Z,7367.332155,7,0.13338,8.996851102114933,6.27633955448525,5.452,42.42424242424242,8.996851102114933,60.46457463177703,1,1,0,0,1.0,False
MIRA,2026-09-20T13:47:51.648Z,2026-09-20T13:47:51.648417Z,2026-09-20T15:47:51.648417Z,7333.49164,7,0.05108,27.40798747063454,12.17948717948717,1.898,51.515151515151516,27.40798747063454,65.96699695184084,0,0,0,0,,False
PEOPLE,2026-09-20T13:48:23.208Z,2026-09-20T13:48:23.208706Z,2026-09-20T15:48:23.208706Z,7301.931351,7,0.00875,22.857142857143906,10.312862108922365,-5.683,40.15151515151515,22.857142857143906,59.20515956257918,0,0,0,0,,False
PHA,2026-09-20T13:48:28.911Z,2026-09-20T13:48:28.912151Z,2026-09-20T15:48:28.912151Z,7296.227906,7,0.03695,27.063599458726912,7.692307692307683,4.899,50.75757575757576,27.063599458726912,72.73220923539591,0,0,0,0,,False
ROSE,2026-09-20T13:48:52.429Z,2026-09-20T13:48:52.430120Z,2026-09-20T15:48:52.430120Z,7272.709937,7,0.007305,13.689253935659949,12.054794520547953,-2.406,52.65151515151515,13.689253935659949,41.14127820191321,8,0,7,1,1.0,False
SPK,2026-09-20T13:49:11.751Z,2026-09-20T13:49:11.751656Z,2026-09-20T15:49:11.751656Z,7253.388401,7,0.0202035,25.24315093919319,6.8191992041780685,-5.884,54.54545454545455,25.24315093919319,38.30886478941339,25,7,16,2,1.0,False
THETA,2026-09-20T13:49:18.902Z,2026-09-20T13:49:18.902392Z,2026-09-20T15:49:18.902392Z,7246.237665,7,0.2111,9.47418285172931,8.356940509915011,-3.288,43.93939393939394,9.47418285172931,56.19212404157902,0,0,0,0,,False
TUT,2026-09-20T13:49:30.502Z,2026-09-20T13:49:30.503221Z,2026-09-20T15:49:30.503221Z,7234.636836,7,0.022065,4.53206435531366,8.389585342333664,-3.759,51.13636363636363,4.53206435531366,54.48501531484701,0,0,0,0,,False
USDE,2026-09-20T13:49:35.826Z,2026-09-20T13:49:35.826700Z,2026-09-20T15:49:35.826700Z,7229.313357,7,0.99995,1.000050002500015,0.0300030003000267,-0.01,41.28787878787879,1.000050002500015,58.485404993730384,5,4,1,0,1.0,False
USUAL,2026-09-20T13:49:40.726Z,2026-09-20T13:49:40.726983Z,2026-09-20T15:49:40.726983Z,7224.413074,7,0.012765,7.833920877398819,9.155485398579318,-3.356,46.21212121212121,7.833920877398819,52.721084323316205,18,12,4,2,0.7778,False
W,2026-09-20T13:49:47.959Z,2026-09-20T13:49:47.959722Z,2026-09-20T15:49:47.959722Z,7217.180335,7,0.01095,18.264840182647657,6.918819188191888,-1.185,51.89393939393939,18.264840182647657,63.4898597209639,0,0,0,0,,False
WAL,2026-09-20T13:49:55.441Z,2026-09-20T13:49:55.441865Z,2026-09-20T15:49:55.441865Z,7209.698192,7,0.03145,31.79650238473859,6.6455696202531795,-2.167,41.666666666666664,31.79650238473859,48.70035630600792,0,0,0,0,,False
ZK,2026-09-20T13:50:08.246Z,2026-09-20T13:50:08.246346Z,2026-09-20T15:50:08.246346Z,7796.309547,7,0.01125,35.55555555555565,12.227074235807862,2.507,54.166666666666664,35.55555555555565,65.55687872027217,0,0,0,0,,False
ZKC,2026-09-20T13:50:15.224Z,2026-09-20T13:50:15.224956Z,2026-09-20T15:50:15.224956Z,7789.330937,7,0.03945,25.348542458809344,5.329949238578692,-3.431,45.07575757575758,25.348542458809344,55.190719080518114,2,0,2,0,1.0,False
ARKM,2026-09-20T13:56:11.543Z,2026-09-20T13:56:11.543251Z,2026-09-20T15:56:11.543251Z,7433.012642,7,0.10980000000000001,18.214936247722388,6.97247706422018,-3.54,25.0,18.214936247722388,48.34564054528729,2,0,2,0,0.0,False
CETUS,2026-09-20T13:56:52.030Z,2026-09-20T13:56:52.031067Z,2026-09-20T15:56:52.031067Z,7392.524826,7,0.023969999999999998,33.375052148519075,7.9578947368421025,0.296,28.40909090909091,33.375052148519075,41.58432119090419,1,0,0,1,-1.0,False
CKB,2026-09-20T13:57:00.217Z,2026-09-20T13:57:00.217889Z,2026-09-20T15:57:00.217889Z,7384.338004,7,0.0011884999999999999,25.241901556585457,8.080808080808076,-5.639,37.5,25.241901556585457,54.43305177838408,0,0,0,0,,False
PROVE,2026-09-20T13:58:45.130Z,2026-09-20T13:58:45.130238Z,2026-09-20T15:58:45.130238Z,7279.425655,7,0.2246,17.809439002671926,6.019766397124886,2.486,32.196969696969695,17.809439002671926,55.272421124410755,2,0,2,0,1.0,False
SAND,2026-09-20T13:58:52.049Z,2026-09-20T13:58:52.049383Z,2026-09-20T15:58:52.049383Z,7272.50651,7,0.040215,17.40644038294184,5.100739607243055,-0.709,36.36363636363637,17.40644038294184,52.029218030840255,4,1,2,1,0.5,False
SNX,2026-09-20T13:59:02.045Z,2026-09-20T13:59:02.045455Z,2026-09-20T15:59:02.045455Z,7262.510438,7,0.22499999999999998,8.888888888889143,6.527651858567542,-3.288,35.984848484848484,8.888888888889143,61.12123973665637,0,0,0,0,,False
STO,2026-09-20T13:59:15.852Z,2026-09-20T13:59:15.852463Z,2026-09-20T15:59:15.852463Z,7248.70343,7,0.039650000000000005,25.220680958384843,5.050505050505055,-2.941,26.893939393939394,25.220680958384843,55.2535078745429,0,0,0,0,,False
TURBO,2026-09-20T13:59:41.249Z,2026-09-20T13:59:41.249591Z,2026-09-20T15:59:41.249591Z,7223.306302,7,0.0009545,73.33682556312156,15.05263157894737,-4.523,30.303030303030305,73.33682556312156,55.493176638334866,0,0,0,0,,False
XVG,2026-09-20T13:59:49.119Z,2026-09-20T13:59:49.119983Z,2026-09-20T15:59:49.119983Z,7215.43591,7,0.0029944999999999998,16.697278343630757,9.042016806722692,-6.211,33.71212121212121,16.697278343630757,53.41649095316292,0,0,0,0,,False
DYM,2026-09-20T14:06:22.957Z,2026-09-20T14:06:22.957263Z,2026-09-20T16:06:22.957263Z,7422.501777,7,0.01694,59.031877213697086,10.164333536214249,-3.353,20.454545454545453,59.031877213697086,55.944497366820436,1,1,0,0,1.0,False
EURI,2026-09-20T14:06:35.453Z,2026-09-20T14:06:35.453960Z,2026-09-20T16:06:35.453960Z,7410.00508,7,1.1487,6.964394532949524,0.5665475464133138,-0.191,13.636363636363637,6.964394532949524,50.537755668153174,0,0,0,0,,
OPEN,2026-09-20T14:07:55.968Z,2026-09-20T14:07:55.969210Z,2026-09-20T16:07:55.969210Z,7329.48983,7,0.13805,7.243752263671785,14.484272128749096,-8.255,18.560606060606062,7.243752263671785,58.5281880625884,2,1,1,0,1.0,False
PIXEL,2026-09-20T14:08:01.225Z,2026-09-20T14:08:01.225905Z,2026-09-20T16:08:01.225905Z,7324.233135,7,0.005050000000000001,39.6039603960397,6.746031746031746,-3.817,10.984848484848484,39.6039603960397,55.48770708756634,2,2,0,0,1.0,False
RARE,2026-09-20T14:08:07.541Z,2026-09-20T14:08:07.541973Z,2026-09-20T16:08:07.541973Z,7317.917067,7,0.012495,8.003201280513268,4.684975767366726,-2.443,21.96969696969697,8.003201280513268,60.73090153268238,4,2,0,2,1.0,False
RESOLV,2026-09-20T14:08:17.264Z,2026-09-20T14:08:17.264245Z,2026-09-20T16:08:17.264245Z,7308.194795,7,0.017255,17.386264850769198,4.947613504074505,-1.151,17.045454545454547,17.386264850769198,57.14364693702318,0,0,0,0,,False
SIGN,2026-09-20T14:08:28.619Z,2026-09-20T14:08:28.620019Z,2026-09-20T16:08:28.620019Z,7296.839021,7,0.011685000000000001,25.673940949936252,5.089058524173026,0.942,20.075757575757574,25.673940949936252,66.35481219734675,0,0,0,0,,False
TOWNS,2026-09-20T14:08:39.929Z,2026-09-20T14:08:39.930265Z,2026-09-20T16:08:39.930265Z,7285.528775,7,0.0019649999999999997,50.89058524173042,6.060606060606054,-1.98,16.666666666666668,50.89058524173042,50.51218421732951,0,0,0,0,,False
YGG,2026-09-20T14:08:52.560Z,2026-09-20T14:08:52.560533Z,2026-09-20T16:08:52.560533Z,7272.898507,7,0.02479,40.33884630899532,7.614006514657981,-3.648,11.363636363636363,40.33884630899532,27.87602297088889,0,0,0,0,,False
LISTA,2026-09-20T14:16:17.454Z,2026-09-20T14:16:17.454411Z,2026-09-20T16:16:17.454411Z,7427.15055,7,0.0804,24.875621890547976,5.548549810844895,-3.41,3.787878787878788,24.875621890547976,54.34126990101218,2,1,0,1,1.0,False
NEAR,2026-09-20T14:16:22.444Z,2026-09-20T14:16:22.444853Z,2026-09-20T16:16:22.444853Z,7422.160108,7,4.0475,7.411982705373967,7.5812274368231085,-1.288,96.5909090909091,7.411982705373967,65.2335769065429,25,14,10,1,0.64,False
NEWT,2026-09-20T14:16:30.087Z,2026-09-20T14:16:30.088229Z,2026-09-20T16:16:30.088229Z,7414.516732,7,0.044145000000000004,33.978933061502836,4.802195289275108,-3.932,4.545454545454546,33.978933061502836,34.91333564809933,0,0,0,0,,False
NOM,2026-09-20T14:16:35.875Z,2026-09-20T14:16:35.875507Z,2026-09-20T16:16:35.875507Z,7408.729454,7,0.001685,59.347181008902226,5.421686746987953,-1.19,8.712121212121213,59.347181008902226,55.88798457782292,0,0,0,0,,False
0G,2026-09-20T14:30:30.324Z,2026-09-20T14:30:30.324373Z,2026-09-20T16:30:30.324373Z,7774.722767,7,0.2239,17.865118356408384,12.792877225866912,-5.45,72.72727272727273,17.865118356408384,55.20670956470124,0,0,0,0,,False
ALLO,2026-09-20T14:30:39.603Z,2026-09-20T14:30:39.603702Z,2026-09-20T16:30:39.603702Z,7765.443438,7,0.25115,11.94505275731724,18.462154585502592,4.215,78.78787878787878,11.94505275731724,68.98385587603467,0,0,0,0,,False
AR,2026-09-20T14:30:45.013Z,2026-09-20T14:30:45.013694Z,2026-09-20T16:30:45.013694Z,7760.033446,7,4.6525,15.04567436861832,20.645161290322577,-9.959,84.46969696969697,15.04567436861832,47.35573358151975,4,2,1,1,0.25,False
ASTER,2026-09-20T14:30:49.866Z,2026-09-20T14:30:49.866892Z,2026-09-20T16:30:49.866892Z,7755.180248,7,0.7384999999999999,13.54096140826,6.043956043956049,-5.332,79.92424242424242,13.54096140826,55.64596498976702,1,1,0,0,1.0,False
BCH,2026-09-20T14:31:00.813Z,2026-09-20T14:31:00.813734Z,2026-09-20T16:31:00.813734Z,7744.233406,7,251.7,7.94596742153425,6.1939690301548564,-3.5,83.71212121212122,7.94596742153425,53.94465413225474,0,0,0,0,,False
BONK,2026-09-20T14:31:08.577Z,2026-09-20T14:31:08.578129Z,2026-09-20T16:31:08.578129Z,7736.469011,7,3.025e-06,33.057851239669105,7.16723549488055,-2.658,74.62121212121212,33.057851239669105,58.12874294152143,12,3,8,1,0.6667,False
C,2026-09-20T14:31:14.639Z,2026-09-20T14:31:14.639760Z,2026-09-20T16:31:14.639760Z,7730.40738,7,0.0765,26.14379084967395,35.0920245398773,17.098,79.16666666666667,26.14379084967395,72.03825874264314,3,2,1,0,1.0,False
APE,2026-09-20T14:39:05.102Z,2026-09-20T14:39:05.102611Z,2026-09-20T16:39:05.102611Z,7259.944529,7,0.13805,21.731256791017362,7.025411061285515,-5.642,56.81818181818182,21.731256791017362,47.59960458459641,3,2,0,1,1.0,False
ATOM,2026-09-20T14:39:12.290Z,2026-09-20T14:39:12.290406Z,2026-09-20T16:39:12.290406Z,7252.756734,7,1.7654999999999998,16.992353440950957,5.334914048607,-3.102,60.60606060606061,16.992353440950957,50.35704369066154,2,0,1,1,1.0,False
CFX,2026-09-20T14:39:27.337Z,2026-09-20T14:39:27.337330Z,2026-09-20T16:39:27.337330Z,7237.70981,7,0.051765,5.795421616923065,6.715063520871142,-3.182,62.878787878787875,5.795421616923065,57.25393062997033,3,0,1,2,1.0,False
EGLD,2026-09-20T14:39:54.853Z,2026-09-20T14:39:54.853294Z,2026-09-20T16:39:54.853294Z,7210.193846,7,3.6775,51.665533650576975,16.304040689460287,-14.018,67.8030303030303,51.665533650576975,42.26511400412276,16,2,5,9,-0.5625,False
EIGEN,2026-09-20T14:39:59.704Z,2026-09-20T14:39:59.704648Z,2026-09-20T16:39:59.704648Z,7205.342492,7,0.23504999999999998,12.763241863433088,9.609339919173777,-7.555,68.56060606060606,12.763241863433088,54.07401517784652,1,0,1,0,1.0,False
ENS,2026-09-20T14:40:07.800Z,2026-09-20T14:40:07.801197Z,2026-09-20T16:40:07.801197Z,7797.483801,7,6.470000000000001,30.91190108191725,13.760000000000005,-1.73,55.303030303030305,30.91190108191725,46.58691525870744,1,0,1,0,1.0,False
GALA,2026-09-20T14:40:18.435Z,2026-09-20T14:40:18.435579Z,2026-09-20T16:40:18.435579Z,7786.849419,7,0.001937,10.325245224574337,6.857451403887686,-3.742,65.15151515151516,10.325245224574337,62.30132694975599,0,0,0,0,,False
HEMI,2026-09-20T14:40:33.146Z,2026-09-20T14:40:33.146937Z,2026-09-20T16:40:33.146937Z,7772.138061,7,0.006370000000000001,31.397174254317193,8.814102564102566,-4.294,63.25757575757576,31.397174254317193,43.724521227490705,1,0,0,1,-1.0,False
HOME,2026-09-20T14:40:40.347Z,2026-09-20T14:40:40.348150Z,2026-09-20T16:40:40.348150Z,7764.936848,7,0.006495,15.396458814472044,13.311688311688306,-1.597,60.984848484848484,15.396458814472044,57.05964059730949,1,0,1,0,1.0,False
KMNO,2026-09-20T14:40:49.760Z,2026-09-20T14:40:49.761146Z,2026-09-20T16:40:49.761146Z,7755.523852,7,0.031075,28.962188254223587,8.384754990925588,-3.231,62.5,28.962188254223587,51.03724300613877,2,1,1,0,1.0,False
NEO,2026-09-20T14:41:14.900Z,2026-09-20T14:41:14.900292Z,2026-09-20T16:41:14.900292Z,7730.384706,7,2.41,8.29875518672292,6.831767719897528,-2.538,56.43939393939394,8.29875518672292,56.2821839453116,2,1,1,0,1.0,False
TWT,2026-09-20T14:42:18.673Z,2026-09-20T14:42:18.673361Z,2026-09-20T16:42:18.673361Z,7666.611637,7,0.5707500000000001,15.768725361366828,4.898105112620681,-3.05,65.9090909090909,15.768725361366828,53.453325016386906,3,2,1,0,0.0,False
1000CHEEMS,2026-09-20T14:48:15.230Z,2026-09-20T14:48:15.230228Z,2026-09-20T16:48:15.230228Z,7310.05477,7,0.0005215,19.17545541706662,3.68932038834952,-2.277,41.28787878787879,19.17545541706662,54.46804384618018,0,0,0,0,,False
BB,2026-09-20T14:48:25.675Z,2026-09-20T14:48:25.675579Z,2026-09-20T16:48:25.675579Z,7299.609419,7,0.00821,24.360535931789506,11.152882205513787,-7.425,43.56060606060606,24.360535931789506,58.1752787930254,1,0,0,1,1.0,False
BERA,2026-09-20T14:48:32.769Z,2026-09-20T14:48:32.769432Z,2026-09-20T16:48:32.769432Z,7292.515566,7,0.21489999999999998,9.30665425779459,12.634146341463417,-1.961,53.40909090909091,9.30665425779459,48.7544902151252,1,0,0,1,-1.0,False
BIO,2026-09-20T14:48:39.268Z,2026-09-20T14:48:39.268441Z,2026-09-20T16:48:39.268441Z,7286.016557,7,0.027535,10.895224260033501,7.770270270270266,-6.592,40.53030303030303,10.895224260033501,55.15091196358302,0,0,0,0,,False
IMX,2026-09-20T14:49:00.173Z,2026-09-20T14:49:00.174161Z,2026-09-20T16:49:00.174161Z,7265.110837,7,0.14095000000000002,21.284143313231265,8.308605341246283,-4.668,45.833333333333336,21.284143313231265,58.599061737172,5,2,1,2,1.0,False
IO,2026-09-20T14:49:07.410Z,2026-09-20T14:49:07.411383Z,2026-09-20T16:49:07.411383Z,7257.873615,7,0.14265,21.030494216615665,7.843137254901965,-3.908,40.90909090909091,21.030494216615665,61.76512403373332,0,0,0,0,,False
KAITO,2026-09-20T14:49:14.659Z,2026-09-20T14:49:14.660235Z,2026-09-20T16:49:14.660235Z,7250.624763,7,0.33404999999999996,8.980691513247194,9.09090909090909,-6.661,48.10606060606061,8.980691513247194,54.614222138049364,0,0,0,0,,False
MUBARAK,2026-09-20T14:49:45.317Z,2026-09-20T14:49:45.317386Z,2026-09-20T16:49:45.317386Z,7219.967612,7,0.03239,24.698981167027995,4.790231684408255,-1.844,48.484848484848484,24.698981167027995,44.982350946401716,0,0,0,0,,False
NEIRO,2026-09-20T14:49:50.739Z,2026-09-20T14:49:50.739230Z,2026-09-20T16:49:50.739230Z,7214.545768,7,9.0345e-05,12.17554928330259,13.300322432058953,-5.956,51.13636363636363,12.17554928330259,43.80813660620059,0,0,0,0,,False
ONT,2026-09-20T14:49:56.653Z,2026-09-20T14:49:56.653444Z,2026-09-20T16:49:56.653444Z,7208.631554,7,0.05457,21.990104452995254,5.306893295561851,-1.926,50.0,21.990104452995254,52.90019663246975,1,1,0,0,1.0,False
PARTI,2026-09-20T14:50:03.499Z,2026-09-20T14:50:03.499583Z,2026-09-20T16:50:03.499583Z,7201.785415,7,0.02435,41.067761806982695,8.474576271186434,-4.065,46.96969696969697,41.067761806982695,54.238914411153225,0,0,0,0,,False
REZ,2026-09-20T14:50:24.868Z,2026-09-20T14:50:24.868540Z,2026-09-20T16:50:24.868540Z,7780.328493,7,0.0036255000000000003,13.79120121362634,10.581560283687946,-7.188,42.803030303030305,13.79120121362634,39.63843413128758,0,0,0,0,,False
SHELL,2026-09-20T14:50:48.570Z,2026-09-20T14:50:48.570359Z,2026-09-20T16:50:48.570359Z,7756.626674,7,0.0238,84.0336134453791,15.200000000000005,9.17,39.77272727272727,84.0336134453791,70.61238750200691,0,0,0,0,,False
SKY,2026-09-20T14:50:55.634Z,2026-09-20T14:50:55.635243Z,2026-09-20T16:50:55.635243Z,7749.56179,7,0.07008,8.56164383561708,3.9700044111160238,-1.975,44.31818181818182,8.56164383561708,54.921831138728265,0,0,0,0,,False
TRB,2026-09-20T14:51:16.118Z,2026-09-20T14:51:16.118535Z,2026-09-20T16:51:16.118535Z,7729.078498,7,18.005,16.662038322688776,12.42093156986774,-6.656,51.89393939393939,16.662038322688776,57.33272509305217,1,0,0,1,-1.0,False
ACH,2026-09-20T14:57:38.693Z,2026-09-20T14:57:38.693671Z,2026-09-20T16:57:38.693671Z,7346.503362,7,0.005915,16.90617075232391,6.14035087719299,-5.0,35.60606060606061,16.90617075232391,57.700378349632324,1,1,0,0,1.0,False
BANANAS31,2026-09-20T14:58:00.611Z,2026-09-20T14:58:00.611553Z,2026-09-20T16:58:00.611553Z,7324.58548,7,0.0075245,14.618911555585877,7.9266648692369905,-5.044,31.439393939393938,14.618911555585877,57.00195004064847,0,0,0,0,,False
CATI,2026-09-20T14:58:16.980Z,2026-09-20T14:58:16.980858Z,2026-09-20T16:58:16.980858Z,7308.216175,7,0.06934,17.306028266514133,10.385842761821873,-4.858,30.681818181818183,17.306028266514133,48.01164920403944,0,0,0,0,,False
COMP,2026-09-20T14:58:35.024Z,2026-09-20T14:58:35.024900Z,2026-09-20T16:58:35.024900Z,7290.172133,7,21.38,18.70907390084151,7.257671699951283,-5.566,24.62121212121212,18.70907390084151,51.457843319928536,5,2,2,1,0.6,False
CVX,2026-09-20T14:58:41.637Z,2026-09-20T14:58:41.637622Z,2026-09-20T16:58:41.637622Z,7283.559411,7,2.005,29.925187032420087,6.582411795681938,-4.955,25.0,29.925187032420087,54.6742006994029,2,1,1,0,1.0,False
DOGS,2026-09-20T14:58:49.779Z,2026-09-20T14:58:49.779455Z,2026-09-20T16:58:49.779455Z,7275.417578,7,4.719e-05,4.238186056368552,6.861025865848309,-5.529,25.757575757575758,4.238186056368552,58.42141035782221,2,1,1,0,1.0,False
EDEN,2026-09-20T14:58:56.848Z,2026-09-20T14:58:56.848767Z,2026-09-20T16:58:56.848767Z,7268.348266,7,0.05184,11.574074074073604,6.124899919935949,-4.419,29.924242424242426,11.574074074073604,32.579518138859804,1,1,0,0,1.0,False
ENJ,2026-09-20T14:59:03.532Z,2026-09-20T14:59:03.532766Z,2026-09-20T16:59:03.532766Z,7261.664267,7,0.02719,22.06693637366717,5.485714285714287,-3.987,25.37878787878788,22.06693637366717,47.78617604683735,1,0,1,0,1.0,False
EUL,2026-09-20T14:59:18.345Z,2026-09-20T14:59:18.345497Z,2026-09-20T16:59:18.345497Z,7246.851536,7,1.3824999999999998,7.233273056058676,7.494489346069074,-5.748,30.303030303030305,7.233273056058676,57.283832947066436,0,0,0,0,,False
HYPER,2026-09-20T14:59:27.725Z,2026-09-20T14:59:27.725933Z,2026-09-20T16:59:27.725933Z,7237.4711,7,0.07135,14.015416958654923,6.666666666666655,-5.609,28.40909090909091,14.015416958654923,52.43313248698821,1,1,0,0,1.0,False
KAIA,2026-09-20T14:59:34.807Z,2026-09-20T14:59:34.807396Z,2026-09-20T16:59:34.807396Z,7230.389637,7,0.03025,33.05785123966922,5.460750853242324,-4.56,26.515151515151516,33.05785123966922,56.24033508573552,1,0,1,0,1.0,False
LINEA,2026-09-20T14:59:39.768Z,2026-09-20T14:59:39.768632Z,2026-09-20T16:59:39.768632Z,7225.428401,7,0.0027625,18.099547511313048,6.900410294666163,-4.387,33.333333333333336,18.099547511313048,60.42587050074578,0,0,0,0,,False
MINA,2026-09-20T14:59:57.672Z,2026-09-20T14:59:57.672574Z,2026-09-20T16:59:57.672574Z,7207.524459,7,0.10994999999999999,27.285129604366407,7.7511961722488,-4.566,34.09090909090909,27.285129604366407,56.74512478339526,2,0,1,1,1.0,False
NIL,2026-09-20T15:00:10.659Z,2026-09-20T15:00:10.660176Z,2026-09-20T17:00:10.660176Z,7794.594612,7,0.05124,54.644808743169875,6.673326673326679,2.646,26.136363636363637,54.644808743169875,65.31177454001529,1,1,0,0,1.0,False
OSMO,2026-09-20T15:00:25.238Z,2026-09-20T15:00:25.238744Z,2026-09-20T17:00:25.238744Z,7780.016044,7,0.0364,54.94505494505461,5.780346820809234,-1.705,32.95454545454545,54.94505494505461,57.129458572746195,0,0,0,0,,False
PNUT,2026-09-20T15:00:30.315Z,2026-09-20T15:00:30.315675Z,2026-09-20T17:00:30.315675Z,7774.939113,7,0.0533,37.52345215759957,7.364341085271314,-3.551,35.22727272727273,37.52345215759957,55.35908542056552,0,0,0,0,,False
TST,2026-09-20T15:01:11.216Z,2026-09-20T15:01:11.216691Z,2026-09-20T17:01:11.216691Z,7734.038097,7,0.015290000000000002,26.160889470242054,6.08868299139643,-4.548,37.5,26.160889470242054,56.82965567380254,2,1,1,0,1.0,False
1000CAT,2026-09-20T15:06:55.799Z,2026-09-20T15:06:55.799664Z,2026-09-20T17:06:55.799664Z,7389.455124,7,0.0020735,24.113817217266604,5.772994129158516,-3.857,14.393939393939394,24.113817217266604,54.6280753203216,0,0,0,0,,False
ANIME,2026-09-20T15:07:16.034Z,2026-09-20T15:07:16.034210Z,2026-09-20T17:07:16.034210Z,7369.220578,7,0.0031650000000000003,31.595576619273384,6.1889250814332275,-4.361,12.121212121212121,31.595576619273384,38.862497632372474,0,0,0,0,,False
BARD,2026-09-20T15:07:36.158Z,2026-09-20T15:07:36.158982Z,2026-09-20T17:07:36.158982Z,7349.095806,7,0.1306,15.313935681470577,6.053459119496843,-4.217,15.530303030303031,15.313935681470577,55.03545481867026,0,0,0,0,,False
BEAMX,2026-09-20T15:07:41.265Z,2026-09-20T15:07:41.266085Z,2026-09-20T17:07:41.266085Z,7343.988703,7,0.001838,32.644178454841835,4.060913705583758,-3.221,15.151515151515152,32.644178454841835,56.31404126465991,0,0,0,0,,True
BFUSD,2026-09-20T15:07:46.790Z,2026-09-20T15:07:46.790330Z,2026-09-20T17:07:46.790330Z,7338.464458,7,0.9997,10.00300090027009,0.10008006405124109,0.0,10.984848484848484,10.00300090027009,53.656500643216326,0,0,0,0,,
COW,2026-09-20T15:08:01.455Z,2026-09-20T15:08:01.455825Z,2026-09-20T17:08:01.455825Z,7323.798963,7,0.15445,32.37293622531566,6.299734748010597,-2.96,16.666666666666668,32.37293622531566,53.64731507309824,0,0,0,0,,False
ETC,2026-09-20T15:08:14.935Z,2026-09-20T15:08:14.936271Z,2026-09-20T17:08:14.936271Z,7310.318517,7,8.555,35.06721215663488,6.867469879518054,-2.123,21.59090909090909,35.06721215663488,58.445981941408355,2,1,1,0,1.0,False
GPS,2026-09-20T15:08:31.696Z,2026-09-20T15:08:31.696483Z,2026-09-20T17:08:31.696483Z,7293.558305,7,0.010745000000000001,27.919962773383443,6.544754571703562,-4.328,17.803030303030305,27.919962773383443,55.08093008816787,0,0,0,0,,False
GRT,2026-09-20T15:08:37.641Z,2026-09-20T15:08:37.641392Z,2026-09-20T17:08:37.641392Z,7287.613396,7,0.021465,41.9287211740041,4.481246955674626,-0.243,21.96969696969697,41.9287211740041,58.16901183419782,1,1,0,0,1.0,False
INIT,2026-09-20T15:08:48.838Z,2026-09-20T15:08:48.838380Z,2026-09-20T17:08:48.838380Z,7276.416408,7,0.07318,10.931948619841041,8.72295882763432,-5.162,20.075757575757574,10.931948619841041,52.07124149939422,0,0,0,0,,False
KERNEL,2026-09-20T15:08:54.806Z,2026-09-20T15:08:54.806368Z,2026-09-20T17:08:54.806368Z,7270.44842,7,0.041800000000000004,47.846889952152814,7.5980392156862715,-6.849,22.727272727272727,47.846889952152814,52.214751174050726,0,0,0,0,,False
LAYER,2026-09-20T15:09:02.083Z,2026-09-20T15:09:02.083593Z,2026-09-20T17:09:02.083593Z,7263.171195,7,0.0726,27.548209366391976,4.950495049504955,-3.283,21.21212121212121,27.548209366391976,43.43228281936141,0,0,0,0,,False
MANTA,2026-09-20T15:09:11.961Z,2026-09-20T15:09:11.962033Z,2026-09-20T17:09:11.962033Z,7253.292755,7,0.069435,24.483329732844172,6.06892345227203,0.26,19.696969696969695,24.483329732844172,45.948014187258,1,1,0,0,1.0,False
SXT,2026-09-20T15:10:10.039Z,2026-09-20T15:10:10.039719Z,2026-09-20T17:10:10.039719Z,7795.120191,7,0.00847,23.612750885477194,8.99280575539567,-2.91,10.606060606060606,23.612750885477194,54.71718587098323,0,0,0,0,,False
TNSR,2026-09-20T15:10:17.274Z,2026-09-20T15:10:17.275021Z,2026-09-20T17:10:17.275021Z,7787.884889,7,0.036250000000000004,27.5862068965506,4.885057471264369,-3.867,24.242424242424242,27.5862068965506,41.04819664582592,2,0,0,2,-1.0,False
VANA,2026-09-20T15:10:30.717Z,2026-09-20T15:10:30.717861Z,2026-09-20T17:10:30.717861Z,7774.442049,7,1.084,55.3505535055351,8.182683158896275,-2.233,10.227272727272727,55.3505535055351,42.355156587105036,0,0,0,0,,False
ACT,2026-09-20T15:16:26.742Z,2026-09-20T15:16:26.742323Z,2026-09-20T17:16:26.742323Z,7418.417587,7,0.01049,19.06577693041079,5.784313725490198,-2.392,3.0303030303030303,19.06577693041079,52.78491302139632,0,0,0,0,,False
AVAX,2026-09-20T15:16:50.204Z,2026-09-20T15:16:50.204493Z,2026-09-20T17:16:50.204493Z,7394.955417,7,11.135,1.7961383026483086,14.147340970475925,15.278,97.72727272727273,1.7961383026483086,77.83105194367137,31,16,13,2,0.6129,False
FLUX,2026-09-20T15:17:25.504Z,2026-09-20T15:17:25.504991Z,2026-09-20T17:17:25.504991Z,7359.654919,7,0.05885,16.99235344095206,6.643356643356639,-3.541,8.712121212121213,16.99235344095206,49.44577090348475,0,0,0,0,,False
NXPC,2026-09-20T15:18:20.288Z,2026-09-20T15:18:20.288744Z,2026-09-20T17:18:20.288744Z,7304.871166,7,0.22344999999999998,13.425822331617576,6.761729530818762,-3.206,2.272727272727273,13.425822331617576,54.837818474366564,0,0,0,0,,False
SAPIEN,2026-09-20T15:18:31.437Z,2026-09-20T15:18:31.438066Z,2026-09-20T17:18:31.438066Z,7293.721844,7,0.07615,13.131976362442924,3.0748663101604228,-1.319,4.545454545454546,13.131976362442924,54.95800441743278,0,0,0,0,,False
SOL,2026-09-20T15:18:37.398Z,2026-09-20T15:18:37.398511Z,2026-09-20T17:18:37.398511Z,7287.761399,7,109.845,0.9103737084064732,4.716981132075467,-3.378,98.86363636363636,0.9103737084064732,43.96264403811034,40,27,9,4,0.7,False
SUI,2026-09-20T15:18:42.441Z,2026-09-20T15:18:42.441261Z,2026-09-20T17:18:42.441261Z,7282.718649,7,0.8948,2.235136343316696,9.590543504752619,-3.821,98.10606060606061,2.235136343316696,53.64100293211461,17,12,4,1,0.7059,False
TLM,2026-09-20T15:18:50.528Z,2026-09-20T15:18:50.528453Z,2026-09-20T17:18:50.528453Z,7274.631457,7,0.001447,13.821700069108836,4.92264416315049,-1.863,5.303030303030303,13.821700069108836,39.169347676725096,0,0,0,0,,False
TURTLE,2026-09-20T15:18:57.676Z,2026-09-20T15:18:57.676599Z,2026-09-20T17:18:57.676599Z,7267.483311,7,0.041800000000000004,47.846889952152814,3.902439024390237,-2.844,4.924242424242424,47.846889952152814,57.666585621477815,0,0,0,0,,False
UMA,2026-09-20T15:19:07.118Z,2026-09-20T15:19:07.118678Z,2026-09-20T17:19:07.118678Z,7258.041232,7,0.388,51.546391752577364,5.468750000000004,-1.79,5.681818181818182,51.546391752577364,57.89927310060033,0,0,0,0,,False
USD1,2026-09-20T15:19:15.616Z,2026-09-20T15:19:15.616618Z,2026-09-20T17:19:15.616618Z,7249.543292,7,0.99965,1.0003501225427798,0.040012003601075916,-0.01,98.48484848484848,1.0003501225427798,70.53603579914041,0,0,0,0,,False
WCT,2026-09-20T15:19:21.068Z,2026-09-20T15:19:21.068284Z,2026-09-20T17:19:21.068284Z,7244.091626,7,0.039815,12.558081125204428,6.000521784502991,-5.568,7.575757575757576,12.558081125204428,53.19827224083028,2,1,0,1,0.0,False
XRP,2026-09-20T15:19:27.089Z,2026-09-20T15:19:27.089506Z,2026-09-20T17:19:27.089506Z,7238.070404,7,1.40395,0.7122760782078349,6.028471818710066,-4.989,99.24242424242425,0.7122760782078349,49.35587545234449,34,23,6,5,0.5294,False
YB,2026-09-20T15:19:34.782Z,2026-09-20T15:19:34.783206Z,2026-09-20T17:19:34.783206Z,7230.376704,7,0.08555,35.06721215663293,5.588585017835905,-3.555,0.7575757575757576,35.06721215663293,49.246549379391865,0,0,0,0,,False
ZBT,2026-09-20T15:19:40.329Z,2026-09-20T15:19:40.330042Z,2026-09-20T17:19:40.330042Z,7224.829868,7,0.08074999999999999,12.383900928792926,6.106870229007632,-4.029,4.166666666666667,12.383900928792926,57.52425795236668,0,0,0,0,,False
ZEC,2026-09-20T15:19:46.415Z,2026-09-20T15:19:46.416039Z,2026-09-20T17:19:46.416039Z,7218.743871,7,1451.75,3.030824866540758,7.409519173938753,-5.897,96.21212121212122,3.030824866540758,53.798502154466135,29,16,12,1,0.5862,False
ADA,2026-09-20T15:25:21.110Z,2026-09-20T15:25:21.110251Z,2026-09-20T17:25:21.110251Z,7484.266816,7,0.22765000000000002,4.3927081045471885,5.932971014492754,-3.539,92.8030303030303,4.3927081045471885,51.82411568315773,28,13,6,9,0.2143,False
APT,2026-09-20T15:25:37.859Z,2026-09-20T15:25:37.859331Z,2026-09-20T17:25:37.859331Z,7467.517736,7,0.747,26.773761713520773,5.726256983240228,-3.634,88.25757575757575,26.773761713520773,53.31596151634573,7,5,2,0,1.0,False
ARB,2026-09-20T15:25:42.995Z,2026-09-20T15:25:42.995823Z,2026-09-20T17:25:42.995823Z,7462.381244,7,0.2127,9.402914903619086,9.542356377799418,-2.097,92.04545454545455,9.402914903619086,56.18978827697679,53,1,52,0,1.0,False
DOGE,2026-09-20T15:25:49.219Z,2026-09-20T15:25:49.220125Z,2026-09-20T17:25:49.220125Z,7456.156942,7,0.086965,1.1498878859322716,8.181283107710415,-5.243,93.93939393939394,1.1498878859322716,49.251780220404086,24,11,11,2,0.5833,False
GRAM,2026-09-20T15:26:00.650Z,2026-09-20T15:26:00.650899Z,2026-09-20T17:26:00.650899Z,7444.726168,7,1.3895,7.196833393306153,2.116788321167877,-1.297,90.9090909090909,7.196833393306153,61.40159790657701,2,2,0,0,1.0,False
HBAR,2026-09-20T15:26:07.237Z,2026-09-20T15:26:07.237570Z,2026-09-20T17:26:07.237570Z,7438.139497,7,0.08566499999999999,8.171365201657693,10.437089147733829,6.733,88.63636363636364,8.171365201657693,65.76069341153985,16,8,6,2,0.875,False
JTO,2026-09-20T15:26:17.143Z,2026-09-20T15:26:17.143976Z,2026-09-20T17:26:17.143976Z,7428.233091,7,0.4986,16.04492579221867,9.655734365451211,4.358,91.28787878787878,16.04492579221867,68.56458121644225,5,1,1,3,0.2,False
LTC,2026-09-20T15:26:22.241Z,2026-09-20T15:26:22.241394Z,2026-09-20T17:26:22.241394Z,7423.135673,7,58.760000000000005,6.807351940095157,3.3761209776683696,-1.609,91.66666666666667,6.807351940095157,52.923094933999195,16,8,4,4,0.375,False
TRX,2026-09-20T15:27:02.248Z,2026-09-20T15:27:02.249060Z,2026-09-20T17:27:02.249060Z,7383.128007,7,0.34325,2.9133284777855493,2.6863084922010323,2.487,85.22727272727273,2.9133284777855493,65.64930531752624,56,20,35,1,0.9643,False
JUP,2026-09-20T15:34:05.748Z,2026-09-20T15:34:05.748704Z,2026-09-20T17:34:05.748704Z,7559.426718,7,0.279,14.336917562724425,8.167853128512546,-5.489,84.84848484848484,14.336917562724425,53.047438645645975,2,0,2,0,1.0,False
SAGA,2026-09-20T15:34:46.851Z,2026-09-20T15:34:46.851490Z,2026-09-20T17:34:46.851490Z,7518.323932,7,0.037349999999999994,91.03078982597056,19.566761363636367,7.113,75.0,91.03078982597056,71.65070571344539,3,2,0,1,1.0,False
SEI,2026-09-20T15:34:52.184Z,2026-09-20T15:34:52.184606Z,2026-09-20T17:34:52.184606Z,7512.990816,7,0.05096,7.849293563578959,7.277342923630206,-4.389,71.96969696969697,7.849293563578959,46.03063441423538,2,0,2,0,1.0,False
SHIB,2026-09-20T15:34:58.354Z,2026-09-20T15:34:58.354356Z,2026-09-20T17:34:58.354356Z,7506.821066,7,5.515e-06,18.132366273798556,7.102803738317753,-2.55,82.1969696969697,18.132366273798556,56.45072138127588,6,3,2,1,0.1667,False
STX,2026-09-20T15:35:06.236Z,2026-09-20T15:35:06.237255Z,2026-09-20T17:35:06.237255Z,7498.938167,7,0.318,25.157232704403235,10.177705977382868,-0.322,78.03030303030303,25.157232704403235,67.53345668999489,8,5,3,0,0.625,False
TIA,2026-09-20T15:35:11.827Z,2026-09-20T15:35:11.829452Z,2026-09-20T17:35:11.829452Z,7493.34597,7,0.42445,16.491930733891717,5.689063266307013,-2.696,73.48484848484848,16.491930733891717,46.482168993777464,3,2,1,0,1.0,False
WLFI,2026-09-20T15:35:18.353Z,2026-09-20T15:35:18.354100Z,2026-09-20T17:35:18.354100Z,7486.821322,7,0.058249999999999996,17.16738197424823,3.938356164383568,-1.184,72.34848484848484,17.16738197424823,64.784816471656,0,0,0,0,,False
XPL,2026-09-20T15:35:25.362Z,2026-09-20T15:35:25.362627Z,2026-09-20T17:35:25.362627Z,7479.812795,7,0.090775,14.321123657395221,11.64106709781729,-5.294,82.95454545454545,14.321123657395221,47.47789560188378,2,1,1,0,1.0,False
XTZ,2026-09-20T15:35:31.040Z,2026-09-20T15:35:31.040809Z,2026-09-20T17:35:31.040809Z,7474.134613,7,0.34655,31.741451450008523,20.86956521739132,-10.205,76.13636363636364,31.741451450008523,56.35146143717609,5,1,3,1,0.2,False
ZEN,2026-09-20T15:35:42.285Z,2026-09-20T15:35:42.285926Z,2026-09-20T17:35:42.285926Z,7462.889496,7,7.6899999999999995,15.604681404420763,8.46546627250739,-7.195,73.10606060606061,15.604681404420763,41.81511232446154,0,0,0,0,,False
ZRO,2026-09-20T15:35:48.346Z,2026-09-20T15:35:48.346186Z,2026-09-20T17:35:48.346186Z,7456.829236,7,1.116,17.92114695340503,8.94538606403013,-7.005,77.65151515151516,17.92114695340503,55.54949358340741,3,0,2,1,-0.3333,False
BOME,2026-09-20T15:41:34.717Z,2026-09-20T15:41:34.718146Z,2026-09-20T17:41:34.718146Z,7710.845751,7,0.0009424500000000001,13.793835216722131,19.773694824109345,-8.084,59.09090909090909,13.793835216722131,36.28461337335366,1,1,0,0,1.0,False
CHZ,2026-09-20T15:41:54.740Z,2026-09-20T15:41:54.740762Z,2026-09-20T17:41:54.740762Z,7690.823135,7,0.014955,6.6867268472080195,6.50684931506849,-4.388,59.46969696969697,6.6867268472080195,56.36641524913795,4,2,2,0,0.75,False
DYDX,2026-09-20T15:42:03.902Z,2026-09-20T15:42:03.902340Z,2026-09-20T17:42:03.902340Z,7681.661557,7,0.130745,13.002409269953228,10.069719537315796,-4.154,64.39393939393939,13.002409269953228,44.54833596172601,1,1,0,0,1.0,False
GUN,2026-09-20T15:42:34.660Z,2026-09-20T15:42:34.660632Z,2026-09-20T17:42:34.660632Z,7650.903265,7,0.00291,68.72852233676994,41.48936170212766,2.545,66.28787878787878,68.72852233676994,63.88121064002891,1,1,0,0,1.0,False
SYRUP,2026-09-20T15:44:11.187Z,2026-09-20T15:44:11.187384Z,2026-09-20T17:44:11.187384Z,7554.376513,7,0.2183,9.161704076958577,6.623134328358217,-3.336,67.42424242424242,9.161704076958577,61.27600304101475,2,0,1,1,0.0,False
VET,2026-09-20T15:44:25.122Z,2026-09-20T15:44:25.122350Z,2026-09-20T17:44:25.122350Z,7540.441547,7,0.008461,49.63952251506958,10.618262916615043,-5.414,61.74242424242424,49.63952251506958,37.83116393389328,2,1,1,0,1.0,False
VIRTUAL,2026-09-20T15:44:30.428Z,2026-09-20T15:44:30.428820Z,2026-09-20T17:44:30.428820Z,7535.135077,7,0.6722999999999999,14.874312063067098,7.103910266396631,-5.547,69.31818181818181,14.874312063067098,48.912630030233764,3,3,0,0,0.3333,False
WIF,2026-09-20T15:44:36.077Z,2026-09-20T15:44:36.077256Z,2026-09-20T17:44:36.077256Z,7529.486641,7,0.20500000000000002,19.512195121950423,12.410256410256409,-8.537,64.77272727272727,19.512195121950423,59.23790337856357,3,0,3,0,1.0,False
AVNT,2026-09-20T15:50:14.931Z,2026-09-20T15:50:14.931497Z,2026-09-20T17:50:14.931497Z,7790.639865,7,0.10944999999999999,9.136592051165177,7.122507122507116,-5.221,45.45454545454545,9.136592051165177,59.98700551809587,1,1,0,0,1.0,False
ERA,2026-09-20T15:50:35.216Z,2026-09-20T15:50:35.216674Z,2026-09-20T17:50:35.216674Z,7770.354688,7,0.06225,16.06425702811291,5.418719211822666,-3.943,42.04545454545455,16.06425702811291,54.3065939937797,0,0,0,0,,False
FF,2026-09-20T15:50:41.491Z,2026-09-20T15:50:41.492121Z,2026-09-20T17:50:41.492121Z,7764.079241,7,0.13772,8.71333139703812,8.916136845292158,3.999,46.59090909090909,8.71333139703812,60.11686676874609,1,1,0,0,1.0,False
GIGGLE,2026-09-20T15:50:48.418Z,2026-09-20T15:50:48.419143Z,2026-09-20T17:50:48.419143Z,7757.152219,7,36.535,13.685507048037298,5.320945945945947,-3.294,52.65151515151515,13.685507048037298,44.854456068333036,0,0,0,0,,False
KITE,2026-09-20T15:51:15.618Z,2026-09-20T15:51:15.618924Z,2026-09-20T17:51:15.618924Z,7729.952438,7,0.1142,17.513134851138858,4.812834224598932,-3.442,47.72727272727273,17.513134851138858,45.37004833920675,0,0,0,0,,False
MIRA,2026-09-20T15:51:22.162Z,2026-09-20T15:51:22.162895Z,2026-09-20T17:51:22.162895Z,7723.408467,7,0.051135,17.600469345849184,12.150279776179048,2.269,53.03030303030303,17.600469345849184,58.46730910178326,0,0,0,0,,False
MMT,2026-09-20T15:51:27.356Z,2026-09-20T15:51:27.356707Z,2026-09-20T17:51:27.356707Z,7718.214655,7,0.1634,12.239902080783706,8.467243510506792,-1.701,50.75757575757576,12.239902080783706,53.12646509540402,18,14,3,1,0.7778,False
PEOPLE,2026-09-20T15:51:54.511Z,2026-09-20T15:51:54.511489Z,2026-09-20T17:51:54.511489Z,7691.059873,7,0.00885,22.598870056496253,10.289017341040465,-4.102,40.15151515151515,22.598870056496253,60.04616574410088,0,0,0,0,,False
PHA,2026-09-20T15:51:59.126Z,2026-09-20T15:51:59.126540Z,2026-09-20T17:51:59.126540Z,7686.444822,7,0.03655,27.359781121751812,7.084468664850132,5.764,48.86363636363637,27.359781121751812,73.56563843370255,1,0,1,0,1.0,False
ROSE,2026-09-20T15:52:23.470Z,2026-09-20T15:52:23.470258Z,2026-09-20T17:52:23.470258Z,7662.101104,7,0.007555,13.236267372600386,12.154696132596692,-3.851,51.515151515151516,13.236267372600386,59.688238593343605,6,1,4,1,1.0,False
SPK,2026-09-20T15:52:45.594Z,2026-09-20T15:52:45.594269Z,2026-09-20T17:52:45.594269Z,7639.977093,7,0.0214105,14.478877186427116,7.030035601464175,-5.582,54.166666666666664,14.478877186427116,44.81787041754468,32,5,22,5,0.9062,False
THE,2026-09-20T15:52:51.978Z,2026-09-20T15:52:51.978665Z,2026-09-20T17:52:51.978665Z,7633.592697,7,0.0759,26.35046113306876,7.238605898123327,-1.061,53.78787878787879,26.35046113306876,57.34459984812356,1,0,1,0,1.0,False
THETA,2026-09-20T15:52:59.077Z,2026-09-20T15:52:59.077988Z,2026-09-20T17:52:59.077988Z,7626.493374,7,0.21655000000000002,13.853613484183546,8.45676063067367,-3.814,45.07575757575758,13.853613484183546,59.6496113013603,1,1,0,0,1.0,False
TUT,2026-09-20T15:53:09.576Z,2026-09-20T15:53:09.576786Z,2026-09-20T17:53:09.576786Z,7615.994576,7,0.02142,37.348272642390384,7.992565055762078,0.749,52.27272727272727,37.348272642390384,53.98438183869113,2,0,2,0,0.0,False
USDE,2026-09-20T15:53:15.232Z,2026-09-20T15:53:15.233050Z,2026-09-20T17:53:15.233050Z,7610.338312,7,0.99995,1.000050002500015,0.029999999999996696,0.0,41.666666666666664,1.000050002500015,50.813959379860634,1,1,0,0,1.0,False
USUAL,2026-09-20T15:53:19.938Z,2026-09-20T15:53:19.938796Z,2026-09-20T17:53:19.938796Z,7605.632566,7,0.012965,7.713073659854475,9.199048374306102,-4.686,46.21212121212121,7.713073659854475,54.110786623132235,3,0,2,1,1.0,False
W,2026-09-20T15:53:26.316Z,2026-09-20T15:53:26.316956Z,2026-09-20T17:53:26.316956Z,7599.254406,7,0.01128,17.73049645389999,6.6852367688022305,-3.753,49.24242424242424,17.73049645389999,45.43991780310372,3,1,2,0,1.0,False
WAL,2026-09-20T15:53:31.399Z,2026-09-20T15:53:31.399270Z,2026-09-20T17:53:31.399270Z,7594.172092,7,0.03215,31.104199066874923,8.414239482200653,-5.793,44.696969696969695,31.104199066874923,54.17703225417306,3,3,0,0,0.3333,False
AXS,2026-09-20T15:59:41.720Z,2026-09-20T15:59:41.721072Z,2026-09-20T17:59:41.721072Z,7223.85029,7,1.0085,9.915716410509567,5.70846075433232,-3.635,27.272727272727273,9.915716410509567,56.010423865112934,1,1,0,0,1.0,False
BMT,2026-09-20T15:59:54.509Z,2026-09-20T15:59:54.510097Z,2026-09-20T17:59:54.510097Z,7211.061265,7,0.019555,25.568908207620268,9.538784067085947,-3.976,34.46969696969697,25.568908207620268,55.014995889462696,1,0,0,1,0.0,False
BROCCOLI714,2026-09-20T16:00:01.246Z,2026-09-20T16:00:01.246306Z,2026-09-20T18:00:01.246306Z,7204.325056,7,0.01881,85.06113769271685,5.9966685174902885,-4.608,39.015151515151516,85.06113769271685,49.35889532149113,0,0,0,0,,True
CETUS,2026-09-20T16:00:13.136Z,2026-09-20T16:00:13.136489Z,2026-09-20T18:00:13.136489Z,7792.603656,7,0.025315,51.352952794784976,8.258451005562693,-0.891,29.545454545454547,51.352952794784976,54.7456618308941,0,0,0,0,,False
CKB,2026-09-20T16:00:20.069Z,2026-09-20T16:00:20.069462Z,2026-09-20T18:00:20.069462Z,7785.670683,7,0.001204,16.611295681061726,9.666381522668951,-7.88,38.25757575757576,16.611295681061726,54.38970809479651,0,0,0,0,,False
HOLO,2026-09-20T16:01:04.668Z,2026-09-20T16:01:04.668391Z,2026-09-20T18:01:04.668391Z,7741.071754,7,0.06005,16.6527893422153,5.593220338983047,-4.685,38.63636363636363,16.6527893422153,60.32025990905589,1,0,0,1,1.0,False
MEME,2026-09-20T16:01:30.925Z,2026-09-20T16:01:30.925452Z,2026-09-20T18:01:30.925452Z,7714.814693,7,0.0005665,17.65225066195983,6.181818181818174,-3.339,39.39393939393939,17.65225066195983,40.72378228996802,50,42,7,1,0.92,False
MITO,2026-09-20T16:01:41.320Z,2026-09-20T16:01:41.321088Z,2026-09-20T18:01:41.321088Z,7704.419057,7,0.0154,51.94805194805209,24.74093264248705,2.66,36.36363636363637,51.94805194805209,50.04148447068088,1,0,1,0,1.0,False
PROVE,2026-09-20T16:02:07.178Z,2026-09-20T16:02:07.178697Z,2026-09-20T18:02:07.178697Z,7678.561448,7,0.22765000000000002,13.178124313639126,5.871725383920498,2.547,33.71212121212121,13.178124313639126,54.31678395200746,0,0,0,0,,False
SAND,2026-09-20T16:02:17.189Z,2026-09-20T16:02:17.190164Z,2026-09-20T18:02:17.190164Z,7668.549981,7,0.040319999999999995,14.880952380951777,5.230926256698145,-2.73,34.84848484848485,14.880952380951777,54.010899781334196,12,2,3,7,0.1667,False
SNX,2026-09-20T16:02:21.981Z,2026-09-20T16:02:21.981361Z,2026-09-20T18:02:21.981361Z,7663.758784,7,0.22649999999999998,8.83002207505544,6.542480690595183,-3.802,36.74242424242424,8.83002207505544,54.78423614137514,3,2,1,0,1.0,False
SSV,2026-09-20T16:02:28.734Z,2026-09-20T16:02:28.735153Z,2026-09-20T18:02:28.735153Z,7657.004992,7,3.0875000000000004,22.67206477732831,7.582307948121042,-6.47,31.060606060606062,22.67206477732831,52.924892759438976,0,0,0,0,,False
STO,2026-09-20T16:02:35.731Z,2026-09-20T16:02:35.731682Z,2026-09-20T18:02:35.731682Z,7650.008463,7,0.04015,24.906600249066717,5.612244897959185,-2.97,29.166666666666668,24.906600249066717,55.48372274343452,0,0,0,0,,False
TREE,2026-09-20T16:02:42.059Z,2026-09-20T16:02:42.060059Z,2026-09-20T18:02:42.060059Z,7643.680086,7,0.04335,23.06805074971231,8.076009501187649,-5.18,32.196969696969695,23.06805074971231,53.03269746031954,0,0,0,0,,False
TURBO,2026-09-20T16:02:54.516Z,2026-09-20T16:02:54.516583Z,2026-09-20T18:02:54.516583Z,7631.223562,7,0.000983,61.037639877924,15.277777777777779,-6.212,26.893939393939394,61.037639877924,39.43545494270991,2,2,0,0,1.0,False
XVG,2026-09-20T16:02:59.223Z,2026-09-20T16:02:59.223792Z,2026-09-20T18:02:59.223792Z,7626.516353,7,0.0030525,22.932022932023134,10.812625923438556,-5.55,37.878787878787875,22.932022932023134,36.80886610329106,4,4,0,0,1.0,False
1000SATS,2026-09-20T16:08:40.707Z,2026-09-20T16:08:40.708239Z,2026-09-20T18:08:40.708239Z,7285.031906,7,1.117e-05,17.905102954341817,7.254361799816353,-4.137,12.5,17.905102954341817,54.78691730344988,2,0,2,0,0.0,False
2Z,2026-09-20T16:08:46.299Z,2026-09-20T16:08:46.299270Z,2026-09-20T18:08:46.299270Z,7279.440875,7,0.05017,27.90512258321731,6.131296449215511,-4.269,14.772727272727273,27.90512258321731,55.57153253309566,0,0,0,0,,False
ALT,2026-09-20T16:08:51.750Z,2026-09-20T16:08:51.750853Z,2026-09-20T18:08:51.750853Z,7273.989292,7,0.00712,28.089887640449515,4.60431654676259,-3.338,20.454545454545453,28.089887640449515,54.28485939717416,0,0,0,0,,False
API3,2026-09-20T16:09:04.855Z,2026-09-20T16:09:04.855511Z,2026-09-20T18:09:04.855511Z,7260.884634,7,0.2488,56.270096463023,6.813460739509751,-5.866,11.363636363636363,56.270096463023,49.618294376716946,0,0,0,0,,False
BABY,2026-09-20T16:09:11.824Z,2026-09-20T16:09:11.824336Z,2026-09-20T18:09:11.824336Z,7253.915809,7,0.011619999999999998,34.42340791738392,6.017699115044248,-3.087,23.484848484848484,34.42340791738392,54.019524024146506,1,1,0,0,1.0,False
BANANA,2026-09-20T16:09:19.134Z,2026-09-20T16:09:19.135251Z,2026-09-20T18:09:19.135251Z,7246.604894,7,3.9925,27.551659361302743,4.561763198359814,-3.32,9.469696969696969,27.551659361302743,36.96645473415648,0,0,0,0,,False
BLUR,2026-09-20T16:09:40.272Z,2026-09-20T16:09:40.272732Z,2026-09-20T18:09:40.272732Z,7225.467413,7,0.018625000000000003,16.10738255033491,6.034009873834341,-3.083,14.015151515151516,16.10738255033491,56.837401098866984,0,0,0,0,,False
HUMA,2026-09-20T16:10:24.644Z,2026-09-20T16:10:24.645015Z,2026-09-20T18:10:24.645015Z,7780.319197,7,0.022775,65.86169045005371,12.32314011866728,-9.947,9.848484848484848,65.86169045005371,35.26718259707633,0,0,0,0,,False
MANTRA,2026-09-20T16:10:54.491Z,2026-09-20T16:10:54.491630Z,2026-09-20T18:10:54.491630Z,7750.472582,7,0.00434,46.08294930875588,10.476190476190462,-4.328,22.348484848484848,46.08294930875588,54.980179296461536,1,0,1,0,1.0,False
NOT,2026-09-20T16:10:59.377Z,2026-09-20T16:10:59.378125Z,2026-09-20T18:10:59.378125Z,7745.586087,7,0.000491,40.73319755600914,6.209850107066381,-2.708,20.833333333333332,40.73319755600914,63.653779106977666,0,0,0,0,,False
OPEN,2026-09-20T16:11:06.586Z,2026-09-20T16:11:06.586552Z,2026-09-20T18:11:06.586552Z,7738.37766,7,0.13955,7.165890361876674,14.612546125461263,-8.073,18.181818181818183,7.165890361876674,59.29737180741651,1,0,1,0,1.0,False
PIXEL,2026-09-20T16:11:19.072Z,2026-09-20T16:11:19.072974Z,2026-09-20T18:11:19.072974Z,7725.891238,7,0.0051199999999999996,39.06250000000011,6.8136272545090195,-4.771,12.878787878787879,39.06250000000011,48.741547047617985,1,1,0,0,1.0,False
RED,2026-09-20T16:11:25.520Z,2026-09-20T16:11:25.521060Z,2026-09-20T18:11:25.521060Z,7719.443152,7,0.15189999999999998,52.66622778143484,5.013368983957204,0.945,13.257575757575758,52.66622778143484,44.66943376683933,1,1,0,0,1.0,False
RESOLV,2026-09-20T16:11:30.091Z,2026-09-20T16:11:30.091243Z,2026-09-20T18:11:30.091243Z,7714.872969,7,0.01747,11.44819690898637,4.9911920140927775,-1.901,18.939393939393938,11.44819690898637,59.07980745110469,0,0,0,0,,False
SAHARA,2026-09-20T16:11:36.917Z,2026-09-20T16:11:36.918063Z,2026-09-20T18:11:36.918063Z,7708.046149,7,0.008925,11.204481792716628,5.275229357798169,-3.965,23.106060606060606,11.204481792716628,56.43118078571391,0,0,0,0,,False
SIGN,2026-09-20T16:11:41.830Z,2026-09-20T16:11:41.830664Z,2026-09-20T18:11:41.830664Z,7703.133548,7,0.011585,25.89555459645989,5.10204081632653,0.858,18.560606060606062,25.89555459645989,62.775344862306554,0,0,0,0,,False
TOWNS,2026-09-20T16:11:58.538Z,2026-09-20T16:11:58.538961Z,2026-09-20T18:11:58.538961Z,7686.425251,7,0.0019649999999999997,50.89058524173042,7.179487179487176,-3.465,17.424242424242426,50.89058524173042,51.73902174726749,0,0,0,0,,False
YGG,2026-09-20T16:12:10.412Z,2026-09-20T16:12:10.412454Z,2026-09-20T18:12:10.412454Z,7674.551758,7,0.02499,24.009603841537025,7.6576576576576585,-4.423,11.742424242424242,24.009603841537025,51.72001620308431,1,1,0,0,1.0,False
1INCH,2026-09-20T16:17:51.416Z,2026-09-20T16:17:51.416766Z,2026-09-20T18:17:51.416766Z,7333.547446,7,0.09809999999999999,20.38735983690029,5.416666666666678,-3.904,2.6515151515151514,20.38735983690029,53.121537752922684,0,0,0,0,,False
1MBABYDOGE,2026-09-20T16:17:58.418Z,2026-09-20T16:17:58.418511Z,2026-09-20T18:17:58.418511Z,7326.545701,7,0.0003943,15.216839969566688,4.445022095139079,-3.825,1.1363636363636365,15.216839969566688,53.96846731204064,1,0,0,1,1.0,False
AIXBT,2026-09-20T16:18:11.305Z,2026-09-20T16:18:11.305813Z,2026-09-20T18:18:11.305813Z,7313.658399,7,0.021089999999999998,28.449502133713146,5.296714075527225,-3.365,0.3787878787878788,28.449502133713146,51.947685398622376,0,0,0,0,,False
AT,2026-09-20T16:18:16.524Z,2026-09-20T16:18:16.525119Z,2026-09-20T18:18:16.525119Z,7308.439093,7,0.14575,20.58319039451079,7.132867132867124,-4.667,7.954545454545454,20.58319039451079,55.721152967864164,0,0,0,0,,False
AUCTION,2026-09-20T16:18:21.616Z,2026-09-20T16:18:21.616604Z,2026-09-20T18:18:21.616604Z,7303.347608,7,3.544,50.79006772008971,5.141688577271404,-4.89,6.818181818181818,50.79006772008971,52.89234842723053,0,0,0,0,,False
BNB,2026-09-20T16:18:31.316Z,2026-09-20T16:18:31.316259Z,2026-09-20T18:18:31.316259Z,7293.647953,7,768.435,0.1301346242701672,3.6578562890158013,-2.591,97.34848484848484,0.1301346242701672,53.69978023287854,10,6,4,0,0.6,False
BTC,2026-09-20T16:18:36.692Z,2026-09-20T16:18:36.692915Z,2026-09-20T18:18:36.692915Z,7288.271297,7,81222.11499999999,0.0012311917751416975,2.279198881420511,-1.184,100.0,0.0012311917751416975,55.42239253826253,31,11,17,3,0.2258,False
CGPT,2026-09-20T16:18:41.844Z,2026-09-20T16:18:41.844524Z,2026-09-20T18:18:41.844524Z,7283.119688,7,0.019975,35.04380475594524,6.45491803278689,-3.795,3.787878787878788,35.04380475594524,53.039553596235244,0,0,0,0,,False
DOLO,2026-09-20T16:18:48.902Z,2026-09-20T16:18:48.903069Z,2026-09-20T18:18:48.903069Z,7276.061143,7,0.02589,15.449980687523512,4.007858546168959,-2.9,1.5151515151515151,15.449980687523512,49.43235912453874,0,0,0,0,,False
ENA,2026-09-20T16:18:53.603Z,2026-09-20T16:18:53.603599Z,2026-09-20T18:18:53.603599Z,7271.360613,7,0.22965,4.354452427606749,15.500754906894814,-1.682,95.83333333333333,4.354452427606749,62.29342186995211,22,14,5,3,0.6364,False
ETH,2026-09-20T16:18:59.185Z,2026-09-20T16:18:59.185715Z,2026-09-20T18:18:59.185715Z,7265.778497,7,2633.885,0.037966729753818144,4.050757602199713,-2.403,99.62121212121212,0.037966729753818144,54.04021278347514,49,28,17,4,0.7143,False
EUR,2026-09-20T16:19:02.303Z,2026-09-20T16:19:02.303462Z,2026-09-20T18:19:02.303462Z,7262.66075,7,1.15075,0.8689984792525656,0.15660344527579814,-0.009,96.5909090909091,0.8689984792525656,56.912551877298476,0,0,0,0,,False
FORM,2026-09-20T16:19:13.389Z,2026-09-20T16:19:13.389170Z,2026-09-20T18:19:13.389170Z,7251.575042,7,0.25665000000000004,58.44535359438929,6.006364359586317,-4.229,6.4393939393939394,58.44535359438929,60.20979331379875,0,0,0,0,,False
GMT,2026-09-20T16:19:18.737Z,2026-09-20T16:19:18.737740Z,2026-09-20T18:19:18.737740Z,7246.226472,7,0.007715,12.961762799741361,5.87449933244325,-4.22,6.0606060606060606,12.961762799741361,54.61191100185393,5,1,3,1,1.0,False
HAEDAL,2026-09-20T16:19:25.284Z,2026-09-20T16:19:25.284943Z,2026-09-20T18:19:25.284943Z,7239.679269,7,0.019880000000000002,40.241448692153014,4.458268532918608,-2.625,1.893939393939394,40.241448692153014,36.19487307966761,0,0,0,0,,False
HMSTR,2026-09-20T16:19:31.773Z,2026-09-20T16:19:31.774095Z,2026-09-20T18:19:31.774095Z,7233.190117,7,0.0001684,11.87648456057036,4.43499392466585,-3.29,7.196969696969697,11.87648456057036,53.879342303724954,0,0,0,0,,False
LINK,2026-09-20T16:19:37.646Z,2026-09-20T16:19:37.646983Z,2026-09-20T18:19:37.646983Z,7227.317229,7,12.5015,2.3997120345559444,6.411530815109337,-3.839,95.07575757575758,2.3997120345559444,58.311204908678775,33,17,9,7,0.7576,False
PEPE,2026-09-20T16:20:08.833Z,2026-09-20T16:20:08.833353Z,2026-09-20T18:20:08.833353Z,7796.481976,7,4.025e-06,24.84472049689628,13.333333333333336,1.563,94.6969696969697,24.84472049689628,61.08897669754907,40,34,1,5,0.625,False
UNI,2026-09-20T16:20:48.014Z,2026-09-20T16:20:48.014521Z,2026-09-20T18:20:48.014521Z,7757.300808,7,8.782,6.832156684126882,6.752037252619325,-4.672,94.31818181818181,6.832156684126882,61.95098930564352,38,27,9,2,0.5263,False
TAO,2026-09-20T16:26:25.747Z,2026-09-20T16:26:25.747572Z,2026-09-20T18:26:25.747572Z,7419.567757,7,263.45000000000005,11.387360030366722,9.097918272937546,-4.033,94.31818181818181,11.387360030366722,53.56620644808038,26,13,8,5,0.6538,False
ALGO,2026-09-20T16:27:00.466Z,2026-09-20T16:27:00.467151Z,2026-09-20T18:27:00.467151Z,7384.848178,7,0.11224999999999999,8.908685968819855,13.477088948787062,10.089,88.63636363636364,8.908685968819855,64.5929307786833,15,8,4,3,0.4667,False
FDUSD,2026-09-20T16:27:17.113Z,2026-09-20T16:27:17.113533Z,2026-09-20T18:27:17.113533Z,7368.201796,7,0.99875,1.0012515644554592,0.060078101531984965,-0.04,92.04545454545455,1.0012515644554592,63.12475037853496,0,0,0,0,,True
FET,2026-09-20T16:27:22.251Z,2026-09-20T16:27:22.251578Z,2026-09-20T18:27:22.251578Z,7363.063751,7,0.17715,5.644933672028731,8.710601719197719,-3.431,87.12121212121212,5.644933672028731,51.112916574515175,11,4,2,5,0.2727,False
INJ,2026-09-20T16:27:36.418Z,2026-09-20T16:27:36.418515Z,2026-09-20T18:27:36.418515Z,7348.896814,7,7.872,10.16260162601627,11.997064938241419,8.247,92.8030303030303,10.16260162601627,64.70026493524044,17,10,5,2,0.7647,False
ONDO,2026-09-20T16:27:56.962Z,2026-09-20T16:27:56.962241Z,2026-09-20T18:27:56.962241Z,7328.353088,7,0.4234,4.723665564477515,9.163911195087387,-1.328,86.74242424242425,4.723665564477515,64.0411736402879,10,7,3,0,1.0,False
PENGU,2026-09-20T16:28:02.301Z,2026-09-20T16:28:02.301458Z,2026-09-20T18:28:02.301458Z,7323.013871,7,0.0078895,1.2675074466053173,9.915123456790113,-1.818,90.9090909090909,1.2675074466053173,49.428108225698125,6,3,1,2,0.1667,False
PUMP,2026-09-20T16:28:08.472Z,2026-09-20T16:28:08.473153Z,2026-09-20T18:28:08.473153Z,7316.842176,7,0.0041685,2.3989444644359668,8.802133850630467,0.049,89.39393939393939,2.3989444644359668,63.234713407980415,21,21,0,0,0.9524,False
STRK,2026-09-20T16:28:13.692Z,2026-09-20T16:28:13.692806Z,2026-09-20T18:28:13.692806Z,7311.622523,7,0.049905,6.011421701232792,15.456874466268152,6.213,85.22727272727273,6.011421701232792,64.1924418143254,12,6,5,1,0.6667,False
SYN,2026-09-20T16:28:19.638Z,2026-09-20T16:28:19.638448Z,2026-09-20T18:28:19.638448Z,7305.676881,7,0.212385,17.42119264543208,29.621749408983455,-10.714,88.25757575757575,17.42119264543208,59.63231700415959,4,1,1,2,-0.5,False
TRUMP,2026-09-20T16:28:24.992Z,2026-09-20T16:28:24.992538Z,2026-09-20T18:28:24.992538Z,7300.322791,7,2.0774999999999997,4.813477737664934,10.073349633251832,-1.871,86.36363636363636,4.813477737664934,60.81307558647241,1,0,0,1,-1.0,False
WLD,2026-09-20T16:28:36.123Z,2026-09-20T16:28:36.124007Z,2026-09-20T18:28:36.124007Z,7289.191322,7,0.4375,4.571428571428068,5.771873568483739,1.488,89.77272727272727,4.571428571428068,66.48385883187979,4,0,1,3,0.5,False
XLM,2026-09-20T16:28:41.437Z,2026-09-20T16:28:41.437638Z,2026-09-20T18:28:41.437638Z,7283.877691,7,0.19595,5.103342689462451,6.301229508196723,-1.563,89.01515151515152,5.103342689462451,57.58944591633022,6,4,2,0,0.8333,False
AAVE,2026-09-20T16:34:18.686Z,2026-09-20T16:34:18.686355Z,2026-09-20T18:34:18.686355Z,7548.18553,7,135.48000000000002,5.904930617066171,7.88454512239678,-4.254,84.0909090909091,5.904930617066171,54.071705671852314,6,3,1,2,0.3333,False
BANK,2026-09-20T16:34:37.881Z,2026-09-20T16:34:37.881950Z,2026-09-20T18:34:37.881950Z,7528.989935,7,0.033049999999999996,30.25718608169317,28.000000000000014,-11.924,76.13636363636364,30.25718608169317,46.99134567340245,1,1,0,0,1.0,False
CAKE,2026-09-20T16:34:54.954Z,2026-09-20T16:34:54.954330Z,2026-09-20T18:34:54.954330Z,7511.917555,7,2.5164999999999997,3.9737730975556924,9.804719283970712,2.034,79.16666666666667,3.9737730975556924,70.25290090503931,10,6,2,2,0.4,False
CRV,2026-09-20T16:34:59.978Z,2026-09-20T16:34:59.978719Z,2026-09-20T18:34:59.978719Z,7506.893166,7,0.34775,14.378145219266727,5.620267909143851,1.059,82.1969696969697,14.378145219266727,63.227174847312334,4,2,2,0,0.75,False
DASH,2026-09-20T16:35:05.930Z,2026-09-20T16:35:05.930866Z,2026-09-20T18:35:05.930866Z,7500.941019,7,56.834999999999994,12.316354359109756,9.662961634994623,-6.315,75.75757575757575,12.316354359109756,54.449824406272725,3,1,2,0,1.0,False
DOT,2026-09-20T16:35:11.665Z,2026-09-20T16:35:11.666101Z,2026-09-20T18:35:11.666101Z,7495.205784,7,1.1495,8.699434536754154,6.327985739750441,0.0,79.54545454545455,8.699434536754154,68.10115865927082,2,1,1,0,0.0,False
ENSO,2026-09-20T16:35:18.025Z,2026-09-20T16:35:18.025704Z,2026-09-20T18:35:18.025704Z,7488.846181,7,1.0114999999999998,9.886307464163243,25.07676560900716,2.842,70.83333333333333,9.886307464163243,66.38454686162163,0,0,0,0,,False
EPIC,2026-09-20T16:35:23.053Z,2026-09-20T16:35:23.053374Z,2026-09-20T18:35:23.053374Z,7483.818511,7,0.53365,24.3605359317899,25.891417308726034,18.846,76.51515151515152,24.3605359317899,60.22886082992469,3,3,0,0,1.0,False
ETHFI,2026-09-20T16:35:29.685Z,2026-09-20T16:35:29.685857Z,2026-09-20T18:35:29.685857Z,7477.186028,7,0.71895,6.954586549828847,10.264993026499303,-3.9,84.46969696969697,6.954586549828847,63.254310975243335,1,1,0,0,1.0,False
FIL,2026-09-20T16:35:35.356Z,2026-09-20T16:35:35.356349Z,2026-09-20T18:35:35.356349Z,7471.515536,7,0.9440999999999999,2.1184196589353776,23.723404255319146,-5.622,84.84848484848484,2.1184196589353776,46.01407726522239,1,1,0,0,0.0,False
ICP,2026-09-20T16:35:45.591Z,2026-09-20T16:35:45.591758Z,2026-09-20T18:35:45.591758Z,7461.280127,7,2.8925,3.457216940362627,8.269096005606173,-0.73,82.95454545454545,3.457216940362627,68.12057666081883,9,5,4,0,0.3333,False
OP,2026-09-20T16:35:55.909Z,2026-09-20T16:35:55.910183Z,2026-09-20T18:35:55.910183Z,7450.961702,7,0.12655,7.902015013827656,5.844675740592475,1.793,81.43939393939394,7.902015013827656,59.92634461403006,0,0,0,0,,False
PAXG,2026-09-20T16:36:00.998Z,2026-09-20T16:36:00.998458Z,2026-09-20T18:36:00.998458Z,7445.873427,7,4359.885,0.022936384790466443,0.20735859518561875,-0.062,70.45454545454545,0.022936384790466443,53.432931951224056,0,0,0,0,,False
PENDLE,2026-09-20T16:36:07.185Z,2026-09-20T16:36:07.185757Z,2026-09-20T18:36:07.185757Z,7439.686128,7,2.6210000000000004,15.261350629530725,8.490203611217828,-4.547,78.03030303030303,15.261350629530725,62.47719845006806,2,1,0,1,0.0,False
RAY,2026-09-20T16:36:10.591Z,2026-09-20T16:36:10.592045Z,2026-09-20T18:36:10.592045Z,7436.27984,7,1.65035,15.148301875359449,11.97242713750151,-5.616,75.37878787878788,15.148301875359449,48.03157996843923,22,12,9,1,0.7273,False
RENDER,2026-09-20T16:36:16.094Z,2026-09-20T16:36:16.094362Z,2026-09-20T18:36:16.094362Z,7430.777523,7,1.6509999999999998,12.11387038158693,9.616555082166762,3.922,78.4090909090909,12.11387038158693,74.19493885595965,1,1,0,0,1.0,False
RUNE,2026-09-20T16:36:21.355Z,2026-09-20T16:36:21.355420Z,2026-09-20T18:36:21.355420Z,7425.516465,7,0.5625,17.77777777777582,5.187835420393544,2.007,73.48484848484848,17.77777777777582,73.28103618785693,2,0,2,0,1.0,False
APE,2026-09-20T16:42:55.686Z,2026-09-20T16:42:55.686483Z,2026-09-20T18:42:55.686483Z,7630.646519,7,0.13715,21.87386073641959,6.891495601173035,-3.262,55.68181818181818,21.87386073641959,54.076739680502904,2,1,1,0,0.0,False
ATOM,2026-09-20T16:43:00.797Z,2026-09-20T16:43:00.798217Z,2026-09-20T18:43:00.798217Z,7625.534785,7,1.7525,17.118402282454287,5.154639175257737,0.576,61.74242424242424,17.118402282454287,57.517480893261826,1,0,0,1,1.0,False
CFX,2026-09-20T16:43:15.924Z,2026-09-20T16:43:15.924272Z,2026-09-20T18:43:15.924272Z,7610.40873,7,0.05248,3.810975609755942,6.281602489303779,0.312,62.5,3.810975609755942,69.15933916311468,1,0,1,0,1.0,False
COTI,2026-09-20T16:43:25.072Z,2026-09-20T16:43:25.072412Z,2026-09-20T18:43:25.072412Z,7601.26059,7,0.01803,22.185246810869867,18.841394825646805,-10.293,64.01515151515152,22.185246810869867,57.837627542099476,1,1,0,0,1.0,False
EGLD,2026-09-20T16:43:35.115Z,2026-09-20T16:43:35.115246Z,2026-09-20T18:43:35.115246Z,7591.217756,7,3.698,43.266630611141196,13.377374071015696,-9.717,67.42424242424242,43.266630611141196,41.4370084914188,2,1,0,1,0.0,False
EIGEN,2026-09-20T16:43:40.371Z,2026-09-20T16:43:40.371546Z,2026-09-20T18:43:40.371546Z,7585.961456,7,0.23170000000000002,8.631851532153894,9.145299145299147,-1.639,69.31818181818181,8.631851532153894,62.19661193941806,0,0,0,0,,False
FLOKI,2026-09-20T16:43:45.743Z,2026-09-20T16:43:45.743338Z,2026-09-20T18:43:45.743338Z,7580.589664,7,2.5784999999999998e-05,3.8782237735110376,7.440592130892093,-2.395,63.63636363636363,3.8782237735110376,56.20430612937792,2,1,1,0,1.0,False
HEI,2026-09-20T16:44:05.008Z,2026-09-20T16:44:05.008286Z,2026-09-20T18:44:05.008286Z,7561.324716,7,0.14625,34.188034188034216,17.476383265856935,-6.616,56.06060606060606,34.188034188034216,52.14913899554735,3,3,0,0,1.0,False
IOTA,2026-09-20T16:44:19.603Z,2026-09-20T16:44:19.603475Z,2026-09-20T18:44:19.603475Z,7546.729527,7,0.048,41.666666666666416,7.770961145194271,3.165,61.36363636363637,41.666666666666416,64.90354822796229,8,2,3,3,0.25,False
LDO,2026-09-20T16:44:29.278Z,2026-09-20T16:44:29.278710Z,2026-09-20T18:44:29.278710Z,7537.054292,7,0.4138,14.49975833736213,7.588739290085673,-1.85,62.878787878787875,14.49975833736213,68.01123597736594,0,0,0,0,,False
MET,2026-09-20T16:44:45.848Z,2026-09-20T16:44:45.849081Z,2026-09-20T18:44:45.849081Z,7520.483921,7,0.24714999999999998,12.138377503540148,8.85311871227364,-6.579,68.93939393939394,12.138377503540148,60.4157786494589,8,3,2,3,0.25,False
MORPHO,2026-09-20T16:44:51.142Z,2026-09-20T16:44:51.142526Z,2026-09-20T18:44:51.142526Z,7515.190476,7,2.7055,3.6961744594340784,9.55738347042694,-5.584,69.6969696969697,3.6961744594340784,51.036250738723574,2,0,1,1,-1.0,False
ORCA,2026-09-20T16:45:07.258Z,2026-09-20T16:45:07.258564Z,2026-09-20T18:45:07.258564Z,7499.074438,7,1.4215,21.104467112206216,6.2456140350877325,-1.247,60.22727272727273,21.104467112206216,62.6420310455358,0,0,0,0,,False
ORDI,2026-09-20T16:45:12.736Z,2026-09-20T16:45:12.737049Z,2026-09-20T18:45:12.737049Z,7493.595953,7,4.554,30.742204655248646,10.046265697290162,-2.722,67.04545454545455,30.742204655248646,65.74782099457973,5,2,3,0,0.8,False
PLUME,2026-09-20T16:45:18.919Z,2026-09-20T16:45:18.920127Z,2026-09-20T18:45:18.920127Z,7487.412875,7,0.01388,14.409221902016705,18.26280623608018,-6.653,58.71212121212121,14.409221902016705,63.31779775489813,2,2,0,0,1.0,False
POL,2026-09-20T16:45:25.113Z,2026-09-20T16:45:25.113520Z,2026-09-20T18:45:25.113520Z,7481.219482,7,0.10701,5.606952621249474,3.4057489801726684,0.095,68.56060606060606,5.606952621249474,61.3348433708152,17,11,3,3,0.7647,False
PYTH,2026-09-20T16:45:30.680Z,2026-09-20T16:45:30.680863Z,2026-09-20T18:45:30.680863Z,7475.652139,7,0.060685,4.943561011781381,7.579260237780719,-0.198,63.25757575757576,4.943561011781381,61.94864610241839,5,4,1,0,1.0,False
RSR,2026-09-20T16:45:36.492Z,2026-09-20T16:45:36.493128Z,2026-09-20T18:45:36.493128Z,7469.839874,7,0.0016595,18.077734257306204,7.873015873015872,-4.891,57.196969696969695,18.077734257306204,52.57400062370725,0,0,0,0,,False
SOLV,2026-09-20T16:45:41.724Z,2026-09-20T16:45:41.724797Z,2026-09-20T18:45:41.724797Z,7464.608205,7,0.00421,47.50593824228041,13.647058823529406,-5.973,57.95454545454545,47.50593824228041,53.87174558657625,0,0,0,0,,False
SOMI,2026-09-20T16:45:48.978Z,2026-09-20T16:45:48.978773Z,2026-09-20T18:45:48.978773Z,7457.354229,7,0.2002,19.98001998001917,6.8500000000000085,-2.439,56.43939393939394,19.98001998001917,67.11171522869547,2,2,0,0,1.0,False
SOPH,2026-09-20T16:45:55.191Z,2026-09-20T16:45:55.192206Z,2026-09-20T18:45:55.192206Z,7451.140796,7,0.004305,23.22880371660765,9.133489461358305,1.425,65.53030303030303,23.22880371660765,62.80877097207019,0,0,0,0,,False
1000CHEEMS,2026-09-20T16:51:57.641Z,2026-09-20T16:51:57.641763Z,2026-09-20T18:51:57.641763Z,7688.463933,7,0.0005235000000000001,19.102196752627012,3.6608863198458623,-1.331,40.90909090909091,19.102196752627012,51.81226719447748,0,0,0,0,,False
BB,2026-09-20T16:52:09.823Z,2026-09-20T16:52:09.823776Z,2026-09-20T18:52:09.823776Z,7676.28192,7,0.00824,24.27184466019529,11.288343558282218,-5.122,45.833333333333336,24.27184466019529,58.977293424693364,1,1,0,0,1.0,False
BERA,2026-09-20T16:52:15.770Z,2026-09-20T16:52:15.770814Z,2026-09-20T18:52:15.770814Z,7670.334882,7,0.21339999999999998,9.3720712277416,12.012987012987015,2.961,52.65151515151515,9.3720712277416,44.35479351707928,2,0,1,1,1.0,False
ENS,2026-09-20T16:52:32.042Z,2026-09-20T16:52:32.043004Z,2026-09-20T18:52:32.043004Z,7654.062692,7,6.33,31.595576619272627,13.437500000000005,0.787,53.78787878787879,31.595576619272627,62.916729973043886,0,0,0,0,,False
IMX,2026-09-20T16:52:51.993Z,2026-09-20T16:52:51.993462Z,2026-09-20T18:52:51.993462Z,7634.112234,7,0.13990000000000002,14.29592566118697,8.09248554913294,-2.877,43.18181818181818,14.29592566118697,53.64970134797735,26,11,7,8,0.8462,False
IO,2026-09-20T16:52:57.921Z,2026-09-20T16:52:57.921505Z,2026-09-20T18:52:57.921505Z,7628.184191,7,0.14150000000000001,14.13427561837496,7.714285714285716,-2.439,39.77272727272727,14.13427561837496,57.758392696101566,0,0,0,0,,False
KAITO,2026-09-20T16:53:03.111Z,2026-09-20T16:53:03.111954Z,2026-09-20T18:53:03.111954Z,7622.993742,7,0.33030000000000004,12.110202845898016,9.126863401277753,-3.861,48.484848484848484,12.110202845898016,56.41566786029315,0,0,0,0,,False
MUBARAK,2026-09-20T16:53:28.767Z,2026-09-20T16:53:28.767232Z,2026-09-20T18:53:28.767232Z,7597.338464,7,0.033455,20.923628755044277,4.785736628088823,-0.281,48.86363636363637,20.923628755044277,62.38146991695609,1,0,1,0,-1.0,False
NEIRO,2026-09-20T16:53:34.924Z,2026-09-20T16:53:34.924535Z,2026-09-20T18:53:34.924535Z,7591.181161,7,8.913000000000001e-05,13.463480309660676,12.977528089887635,-4.823,51.515151515151516,13.463480309660676,63.796714201473335,0,0,0,0,,False
ONT,2026-09-20T16:53:41.686Z,2026-09-20T16:53:41.687227Z,2026-09-20T18:53:41.687227Z,7584.418469,7,0.05376,11.16071428571383,5.198889916743756,-0.111,50.0,11.16071428571383,47.489133497943435,0,0,0,0,,False
PARTI,2026-09-20T16:53:47.595Z,2026-09-20T16:53:47.595246Z,2026-09-20T18:53:47.595246Z,7578.51045,7,0.02425,41.2371134020616,8.333333333333325,-2.439,41.666666666666664,41.2371134020616,59.95862642209599,0,0,0,0,,False
ZK,2026-09-20T16:55:25.110Z,2026-09-20T16:55:25.110922Z,2026-09-20T18:55:25.110922Z,7480.994774,7,0.01154,17.331022530328585,12.323943661971832,1.792,50.75757575757576,17.331022530328585,64.80099403755624,2,1,1,0,1.0,False
ZKC,2026-09-20T16:55:31.996Z,2026-09-20T16:55:31.996619Z,2026-09-20T18:55:31.996619Z,7474.109077,7,0.03955,25.284450063211846,5.569620253164558,-2.469,43.93939393939394,25.284450063211846,62.55172267227212,1,1,0,0,1.0,False
ACH,2026-09-20T17:01:12.689Z,2026-09-20T17:01:12.689344Z,2026-09-20T19:01:12.689344Z,7733.389519,7,0.005865,17.050298380222436,5.993150684931516,-2.013,33.333333333333336,17.050298380222436,47.0000092510511,1,0,1,0,-1.0,False
ARKM,2026-09-20T17:01:25.250Z,2026-09-20T17:01:25.251030Z,2026-09-20T19:01:25.251030Z,7720.827833,7,0.1118,17.88908765653003,7.104316546762582,-2.026,27.651515151515152,17.88908765653003,58.074000288949925,0,0,0,0,,False
BANANAS31,2026-09-20T17:01:36.096Z,2026-09-20T17:01:36.096517Z,2026-09-20T19:01:36.096517Z,7709.982346,7,0.0075395,6.631739505271962,7.84,-3.276,30.681818181818183,6.631739505271962,53.596747148320816,0,0,0,0,,False
BIO,2026-09-20T17:01:41.077Z,2026-09-20T17:01:41.077632Z,2026-09-20T19:01:41.077632Z,7705.001231,7,0.02768,14.450867052022533,7.2134749176125945,-3.668,38.63636363636363,14.450867052022533,64.15021873638818,1,0,1,0,1.0,False
COMP,2026-09-20T17:02:02.235Z,2026-09-20T17:02:02.235674Z,2026-09-20T19:02:02.235674Z,7683.843189,7,21.69,18.44167819271514,7.008466603951074,-1.937,24.62121212121212,18.44167819271514,42.41215546376372,5,4,0,1,1.0,False
CVX,2026-09-20T17:02:10.442Z,2026-09-20T17:02:10.442899Z,2026-09-20T19:02:10.442899Z,7675.635964,7,1.9660000000000002,30.518819938962384,6.20831195484864,-1.216,28.78787878787879,30.518819938962384,64.4741681737167,1,1,0,0,1.0,False
ENJ,2026-09-20T17:02:15.855Z,2026-09-20T17:02:15.855567Z,2026-09-20T19:02:15.855567Z,7670.223296,7,0.027215,69.8144405658654,5.40743522343222,-3.058,29.924242424242426,69.8144405658654,55.72403715024782,1,0,1,0,1.0,False
EUL,2026-09-20T17:02:28.502Z,2026-09-20T17:02:28.502398Z,2026-09-20T19:02:28.502398Z,7657.576465,7,1.383,14.46131597975417,7.505518763796916,-6.211,25.0,14.46131597975417,57.6295901284289,0,0,0,0,,False
HYPER,2026-09-20T17:02:45.851Z,2026-09-20T17:02:45.851229Z,2026-09-20T19:02:45.851229Z,7640.227634,7,0.07114999999999999,14.054813773717902,6.524822695035451,-3.159,26.136363636363637,14.054813773717902,59.300045364654075,0,0,0,0,,False
KAIA,2026-09-20T17:02:52.690Z,2026-09-20T17:02:52.690633Z,2026-09-20T19:02:52.690633Z,7633.38823,7,0.029949999999999997,33.3889816360599,5.016722408026749,-2.288,25.757575757575758,33.3889816360599,62.83994029616259,0,0,0,0,,False
LINEA,2026-09-20T17:02:59.603Z,2026-09-20T17:02:59.603308Z,2026-09-20T19:02:59.603308Z,7626.475555,7,0.0027455,18.211619012929507,5.875912408759113,-3.077,26.515151515151516,18.211619012929507,43.63917722172168,0,0,0,0,,False
MINA,2026-09-20T17:03:18.821Z,2026-09-20T17:03:18.821389Z,2026-09-20T19:03:18.821389Z,7607.257474,7,0.11445,43.68719965050245,7.499999999999997,2.564,32.95454545454545,43.68719965050245,54.392187661225286,0,0,0,0,,False
RARE,2026-09-20T17:04:00.542Z,2026-09-20T17:04:00.542336Z,2026-09-20T19:04:00.542336Z,7565.536527,7,0.012595,7.939658594680106,4.636290967226224,-1.341,28.03030303030303,7.939658594680106,59.792197515576476,2,1,1,0,1.0,False
1000CAT,2026-09-20T17:10:16.997Z,2026-09-20T17:10:16.998127Z,2026-09-20T19:10:16.998127Z,7788.310847,7,0.0020725,33.77563329312454,5.728155339805827,-2.784,14.393939393939394,33.77563329312454,56.74457052888176,0,0,0,0,,False
ANIME,2026-09-20T17:10:36.163Z,2026-09-20T17:10:36.163440Z,2026-09-20T19:10:36.163440Z,7769.145534,7,0.003175,94.48818897637821,6.070287539936104,-2.188,11.363636363636363,94.48818897637821,59.07234483524686,0,0,0,0,,True
BARD,2026-09-20T17:10:58.809Z,2026-09-20T17:10:58.809858Z,2026-09-20T19:10:58.809858Z,7746.499116,7,0.12990000000000002,15.39645881447311,5.950540958268922,-2.044,15.151515151515152,15.39645881447311,58.43722014122136,0,0,0,0,,False
BEAMX,2026-09-20T17:11:04.860Z,2026-09-20T17:11:04.860317Z,2026-09-20T19:11:04.860317Z,7740.448657,7,0.001826,21.905805038334503,3.9823008849557535,-1.256,15.530303030303031,21.905805038334503,59.59687577696204,0,0,0,0,,True
BFUSD,2026-09-20T17:11:09.948Z,2026-09-20T17:11:09.948651Z,2026-09-20T19:11:09.948651Z,7735.360323,7,0.9997499999999999,9.00225056264078,0.10008006405124109,-0.01,12.5,9.00225056264078,40.72090438647162,0,0,0,0,,
CATI,2026-09-20T17:11:22.555Z,2026-09-20T17:11:22.556085Z,2026-09-20T19:11:22.556085Z,7722.752889,7,0.0692,20.23121387283255,10.345325819968213,1.155,20.075757575757574,20.23121387283255,65.07521321220362,1,0,0,1,-1.0,False
COW,2026-09-20T17:11:30.068Z,2026-09-20T17:11:30.068572Z,2026-09-20T19:11:30.068572Z,7715.240402,7,0.15660000000000002,25.542784163472774,6.1488673139158445,-0.451,16.28787878787879,25.542784163472774,46.55525155650727,0,0,0,0,,False
DOGS,2026-09-20T17:11:35.553Z,2026-09-20T17:11:35.553945Z,2026-09-20T19:11:35.553945Z,7709.755029,7,4.698e-05,4.257130693912983,6.705227077977718,-3.334,21.96969696969697,4.257130693912983,56.61478681049349,1,1,0,0,1.0,False
DYM,2026-09-20T17:11:42.238Z,2026-09-20T17:11:42.238692Z,2026-09-20T19:11:42.238692Z,7703.070282,7,0.017005,29.40311673037426,9.881656804733737,-0.118,17.424242424242426,29.40311673037426,35.6233235723887,4,2,2,0,1.0,False
EDEN,2026-09-20T17:11:49.966Z,2026-09-20T17:11:49.966583Z,2026-09-20T19:11:49.966583Z,7695.342391,7,0.051915,13.48357892709248,5.9695669137729235,-2.157,23.106060606060606,13.48357892709248,65.311247097745,0,0,0,0,,False
ETC,2026-09-20T17:11:55.644Z,2026-09-20T17:11:55.644931Z,2026-09-20T19:11:55.644931Z,7689.664043,7,8.46,23.640661938535874,6.705882352941159,0.95,19.696969696969695,23.640661938535874,54.1703561291143,1,0,0,1,-1.0,False
EURI,2026-09-20T17:12:00.705Z,2026-09-20T17:12:00.706068Z,2026-09-20T19:12:00.706068Z,7684.602906,7,1.1503999999999999,48.67872044506302,0.5752636625119794,0.096,17.045454545454547,48.67872044506302,44.90003727091884,0,0,0,0,,False
GPS,2026-09-20T17:12:11.765Z,2026-09-20T17:12:11.766154Z,2026-09-20T19:12:11.766154Z,7673.54282,7,0.01056,18.939393939393167,6.290471785383904,0.185,24.242424242424242,18.939393939393167,46.23482777045328,0,0,0,0,,False
INIT,2026-09-20T17:12:19.633Z,2026-09-20T17:12:19.634010Z,2026-09-20T19:12:19.634010Z,7665.674964,7,0.0731,27.359781121751812,8.497620666213448,-1.632,21.21212121212121,27.359781121751812,52.904196371186885,0,0,0,0,,False
KERNEL,2026-09-20T17:12:25.340Z,2026-09-20T17:12:25.341039Z,2026-09-20T19:12:25.341039Z,7659.967935,7,0.04165,24.009603841537302,7.228915662650609,-4.598,22.348484848484848,24.009603841537302,44.585049050797316,0,0,0,0,,False
LAYER,2026-09-20T17:12:30.491Z,2026-09-20T17:12:30.491289Z,2026-09-20T19:12:30.491289Z,7654.817685,7,0.0723,27.662517289074096,4.85436893203884,-1.637,20.454545454545453,27.662517289074096,64.35015856569795,0,0,0,0,,True
NEWT,2026-09-20T17:12:43.741Z,2026-09-20T17:12:43.741962Z,2026-09-20T19:12:43.741962Z,7641.567012,7,0.044545,29.183971265012495,5.629663124576093,-2.47,10.606060606060606,29.183971265012495,57.05813158114843,0,0,0,0,,False
AVAX,2026-09-20T17:20:11.628Z,2026-09-20T17:20:11.628975Z,2026-09-20T19:20:11.628975Z,7793.411528,7,11.030999999999999,3.626144501858,18.36307356154406,13.624,97.72727272727273,3.626144501858,65.79680622099282,31,14,14,3,0.7419,False
FLUX,2026-09-20T17:20:53.358Z,2026-09-20T17:20:53.358272Z,2026-09-20T19:20:53.358272Z,7751.682231,7,0.05835,17.13796058269115,6.379310344827589,-3.333,7.954545454545454,17.13796058269115,58.543646594260196,1,0,1,0,-1.0,False
LISTA,2026-09-20T17:21:30.999Z,2026-09-20T17:21:30.999464Z,2026-09-20T19:21:30.999464Z,7714.041039,7,0.08074999999999999,12.383900928792926,3.61145703611457,-1.23,4.166666666666667,12.383900928792926,60.795561478533436,0,0,0,0,,False
NEAR,2026-09-20T17:21:37.013Z,2026-09-20T17:21:37.013400Z,2026-09-20T19:21:37.013400Z,7708.027103,7,4.04,4.950495049506604,16.67484060814125,13.562,98.10606060606061,4.950495049506604,68.90574628708472,42,20,18,4,0.4524,False
NOM,2026-09-20T17:21:43.722Z,2026-09-20T17:21:43.722248Z,2026-09-20T19:21:43.722248Z,7701.318255,7,0.001685,59.347181008902226,5.389221556886229,-0.595,8.712121212121213,59.347181008902226,55.659900634778836,0,0,0,0,,False
NXPC,2026-09-20T17:21:51.457Z,2026-09-20T17:21:51.457537Z,2026-09-20T19:21:51.457537Z,7693.582966,7,0.2225,17.977528089888153,6.65760869565217,-1.91,1.893939393939394,17.977528089888153,58.59871780125675,1,0,1,0,1.0,False
SAPIEN,2026-09-20T17:22:02.623Z,2026-09-20T17:22:02.623595Z,2026-09-20T19:22:02.623595Z,7682.416908,7,0.0759,26.35046113306876,3.0423280423280374,-0.132,4.545454545454546,26.35046113306876,59.48883388027578,1,0,1,0,0.0,False
SOL,2026-09-20T17:22:08.308Z,2026-09-20T17:22:08.309175Z,2026-09-20T19:22:08.309175Z,7676.731328,7,109.995,0.9091322332837961,4.674182018146819,-2.257,98.86363636363636,0.9091322332837961,50.991869619104754,33,19,9,5,0.7273,False
SUI,2026-09-20T17:22:14.762Z,2026-09-20T17:22:14.762662Z,2026-09-20T19:22:14.762662Z,7670.277841,7,0.87485,1.1430530948161284,9.199298655756866,1.004,97.34848484848484,1.1430530948161284,55.462446985297326,12,6,5,1,0.75,False
TLM,2026-09-20T17:22:26.018Z,2026-09-20T17:22:26.018655Z,2026-09-20T19:22:26.018655Z,7659.021848,7,0.0014425,20.7972270363949,4.867872044506257,-0.964,3.409090909090909,20.7972270363949,39.380299450532505,1,0,1,0,-1.0,False
TURTLE,2026-09-20T17:22:31.330Z,2026-09-20T17:22:31.330388Z,2026-09-20T19:22:31.330388Z,7653.710115,7,0.041550000000000004,24.067388688326332,3.864734299516902,-2.128,6.0606060606060606,24.067388688326332,63.56062805805148,0,0,0,0,,False
UMA,2026-09-20T17:22:42.370Z,2026-09-20T17:22:42.370429Z,2026-09-20T19:22:42.370429Z,7642.670074,7,0.388,51.546391752577364,5.398457583547563,-0.765,6.818181818181818,51.546391752577364,61.147678803481014,0,0,0,0,,False
USD1,2026-09-20T17:22:46.767Z,2026-09-20T17:22:46.767574Z,2026-09-20T19:22:46.767574Z,7638.272929,7,0.99975,1.0002500625155186,0.04001600640255661,-0.02,98.48484848484848,1.0002500625155186,71.4724968989607,1,0,1,0,1.0,False
VANA,2026-09-20T17:22:53.381Z,2026-09-20T17:22:53.381365Z,2026-09-20T19:22:53.381365Z,7631.659138,7,1.1075,27.088036117380515,7.102803738317763,-4.635,4.924242424242424,27.088036117380515,41.656086387194385,0,0,0,0,,False
WCT,2026-09-20T17:22:59.407Z,2026-09-20T17:22:59.407601Z,2026-09-20T19:22:59.407601Z,7625.632902,7,0.039605,17.674536043429015,5.836082212636378,-2.305,8.333333333333334,17.674536043429015,59.04776760806374,2,2,0,0,1.0,False
XRP,2026-09-20T17:23:05.271Z,2026-09-20T17:23:05.271787Z,2026-09-20T19:23:05.271787Z,7619.768716,7,1.40525,0.7116171499732359,5.543633762517892,-2.572,99.24242424242425,0.7116171499732359,55.692042126292336,23,10,3,10,0.2174,False
YB,2026-09-20T17:23:12.716Z,2026-09-20T17:23:12.716785Z,2026-09-20T19:23:12.716785Z,7612.323718,7,0.08555,35.06721215663293,5.516431924882624,-2.294,0.3787878787878788,35.06721215663293,54.14834550692153,0,0,0,0,,False
ZEC,2026-09-20T17:23:18.549Z,2026-09-20T17:23:18.549366Z,2026-09-20T19:23:18.549366Z,7606.491137,7,1491.41,6.436861761688847,6.163913516661011,-4.621,96.5909090909091,6.436861761688847,60.885347282641185,21,10,8,3,0.4762,False
TRX,2026-09-20T17:30:18.677Z,2026-09-20T17:30:18.677487Z,2026-09-20T19:30:18.677487Z,7786.425379,7,0.34325,2.9133284777855493,2.4985473561882614,1.714,85.60606060606061,2.9133284777855493,70.74945092016252,41,25,16,0,1.0,False
0G,2026-09-20T17:36:12.492Z,2026-09-20T17:36:12.492230Z,2026-09-20T19:36:12.492230Z,7432.610636,7,0.2223,8.99685110211327,12.352941176470585,-2.514,71.5909090909091,8.99685110211327,50.90349729113177,0,0,0,0,,False
ALLO,2026-09-20T17:36:22.006Z,2026-09-20T17:36:22.007131Z,2026-09-20T19:36:22.007131Z,7423.095735,7,0.2551,7.840062720500901,18.484362469927813,5.41,77.65151515151516,7.840062720500901,50.723403433481714,0,0,0,0,,False
AR,2026-09-20T17:36:28.565Z,2026-09-20T17:36:28.566021Z,2026-09-20T19:36:28.566021Z,7416.536845,7,4.745,12.644889357218602,13.389679715302497,0.134,81.06060606060606,12.644889357218602,65.09843154864133,9,8,1,0,1.0,False
ASTER,2026-09-20T17:36:33.525Z,2026-09-20T17:36:33.525738Z,2026-09-20T19:36:33.525738Z,7411.577128,7,0.7415,13.486176668914373,5.978260869565223,-3.412,80.68181818181819,13.486176668914373,56.998101677011874,6,4,2,0,1.0,False
BCH,2026-09-20T17:36:45.532Z,2026-09-20T17:36:45.532742Z,2026-09-20T19:36:45.532742Z,7399.570124,7,251.4,7.955449482895331,5.854049719326381,-2.578,82.57575757575758,7.955449482895331,59.542468790911926,5,1,3,1,-0.2,False
BONK,2026-09-20T17:36:51.318Z,2026-09-20T17:36:51.318939Z,2026-09-20T19:36:51.318939Z,7393.783927,7,3.025e-06,33.057851239669105,7.0469798657718155,-1.65,74.62121212121212,33.057851239669105,61.29263980477559,0,0,0,0,,False
C,2026-09-20T17:36:57.505Z,2026-09-20T17:36:57.505289Z,2026-09-20T19:36:57.505289Z,7387.597577,7,0.08299999999999999,24.096385542167695,32.33766233766232,7.093,78.78787878787878,24.096385542167695,58.85884920336529,0,0,0,0,,False
GALA,2026-09-20T17:45:45.537Z,2026-09-20T17:45:45.538005Z,2026-09-20T19:45:45.538005Z,7459.613106,7,0.0019364999999999999,5.163955589981492,6.656184486373162,-0.366,65.15151515151516,5.163955589981492,54.80018767928277,3,1,1,1,0.3333,False
HEMI,2026-09-20T17:46:01.862Z,2026-09-20T17:46:01.862856Z,2026-09-20T19:46:01.862856Z,7443.288255,7,0.0062699999999999995,31.897926634768826,8.931419457735243,-3.241,64.39393939393939,31.897926634768826,65.89505430553187,0,0,0,0,,False
HOME,2026-09-20T17:46:09.763Z,2026-09-20T17:46:09.764079Z,2026-09-20T19:46:09.764079Z,7435.387032,7,0.0064399999999999995,31.0559006211181,12.954186413902047,0.957,59.84848484848485,31.0559006211181,68.00006888507545,0,0,0,0,,False
KMNO,2026-09-20T17:46:20.654Z,2026-09-20T17:46:20.655040Z,2026-09-20T19:46:20.655040Z,7424.496071,7,0.031740000000000004,18.903591682418885,13.420787083753785,5.725,64.77272727272727,18.903591682418885,62.015608367973584,4,1,2,1,0.0,False
NEO,2026-09-20T17:46:49.090Z,2026-09-20T17:46:49.090570Z,2026-09-20T19:46:49.090570Z,7396.060541,7,2.4050000000000002,8.316008316009246,6.686167989970755,0.335,56.81818181818182,8.316008316009246,63.77964407004782,6,3,3,0,1.0,False
TWT,2026-09-20T17:47:56.432Z,2026-09-20T17:47:56.433235Z,2026-09-20T19:47:56.433235Z,7328.717876,7,0.57665,19.07569582936098,4.829044765597478,-2.02,66.28787878787878,19.07569582936098,64.16457744398677,4,1,2,1,-0.5,False
REZ,2026-09-20T17:55:52.802Z,2026-09-20T17:55:52.802904Z,2026-09-20T19:55:52.802904Z,7452.619596,7,0.0037325,18.75418620227746,9.921524663677122,-5.283,42.803030303030305,18.75418620227746,60.678705484145105,0,0,0,0,,False
SHELL,2026-09-20T17:56:16.362Z,2026-09-20T17:56:16.363249Z,2026-09-20T19:56:16.363249Z,7429.059251,7,0.024399999999999998,81.96721311475504,16.170212765957455,2.174,40.15151515151515,81.96721311475504,65.8290373426541,0,0,0,0,,False
SKY,2026-09-20T17:56:21.603Z,2026-09-20T17:56:21.603917Z,2026-09-20T19:56:21.603917Z,7423.818583,7,0.07078,11.302627860977218,4.4028776978417365,-0.172,44.31818181818182,11.302627860977218,62.18957619866873,0,0,0,0,,False
TRB,2026-09-20T17:56:45.524Z,2026-09-20T17:56:45.524730Z,2026-09-20T19:56:45.524730Z,7399.89777,7,17.97,22.259321090706262,12.169014084507044,-4.928,51.13636363636363,22.259321090706262,61.400995972007976,0,0,0,0,,False
AXS,2026-09-20T18:03:19.650Z,2026-09-20T18:03:19.650945Z,2026-09-20T20:03:19.650945Z,7605.38498,7,1.0085,9.915716410509567,5.5666003976143195,-1.276,30.303030303030305,9.915716410509567,49.416674601723464,0,0,0,0,,False
BMT,2026-09-20T18:03:36.635Z,2026-09-20T18:03:36.635438Z,2026-09-20T20:03:36.635438Z,7588.400487,7,0.01961,10.19887812340601,9.391124871001026,-3.1,34.46969696969697,10.19887812340601,60.04013099793303,5,2,1,2,-0.6,False
GRT,2026-09-20T18:04:22.013Z,2026-09-20T18:04:22.013866Z,2026-09-20T20:04:22.013866Z,7543.022059,7,0.022615,66.32765863364907,7.759815242494231,5.661,29.545454545454547,66.32765863364907,54.04450594605749,2,0,2,0,0.0,False
MANTA,2026-09-20T18:04:52.633Z,2026-09-20T18:04:52.634056Z,2026-09-20T20:04:52.634056Z,7512.401869,7,0.06906999999999999,11.582452584336272,10.43823571124662,9.777,32.196969696969695,11.582452584336272,58.40936635035565,11,10,1,0,1.0,False
NIL,2026-09-20T18:05:16.568Z,2026-09-20T18:05:16.568584Z,2026-09-20T20:05:16.568584Z,7488.467341,7,0.05882,30.601836110166545,6.589070822647471,3.428,25.37878787878788,30.601836110166545,52.04509802711654,2,2,0,0,1.0,False
OSMO,2026-09-20T18:05:31.662Z,2026-09-20T18:05:31.663190Z,2026-09-20T20:05:31.663190Z,7473.372735,7,0.03705,26.990553306343553,6.666666666666665,2.273,37.5,26.990553306343553,63.54611859878537,1,1,0,0,1.0,False
PNUT,2026-09-20T18:05:37.964Z,2026-09-20T18:05:37.965203Z,2026-09-20T20:05:37.965203Z,7467.070722,7,0.05295,56.65722379603431,7.238095238095234,-2.416,32.57575757575758,56.65722379603431,57.02542429278949,0,0,0,0,,False
TNSR,2026-09-20T18:06:11.983Z,2026-09-20T18:06:11.983323Z,2026-09-20T20:06:11.983323Z,7433.052602,7,0.035949999999999996,27.81641168289178,4.683195592286501,0.0,27.272727272727273,27.81641168289178,69.99520904866213,2,0,2,0,1.0,False
TST,2026-09-20T18:06:25.860Z,2026-09-20T18:06:25.860714Z,2026-09-20T20:06:25.860714Z,7419.175211,7,0.015505000000000001,19.348597226701393,6.032786885245907,-2.99,34.84848484848485,19.348597226701393,36.06035345569601,1,1,0,0,1.0,False
USDE,2026-09-20T18:06:31.762Z,2026-09-20T18:06:31.762354Z,2026-09-20T20:06:31.762354Z,7413.273571,7,1.0000499999999999,0.999950002499765,0.0300030003000267,-0.02,38.25757575757576,0.999950002499765,44.67726365062858,0,0,0,0,,False
1000SATS,2026-09-20T18:12:15.968Z,2026-09-20T18:12:15.968715Z,2026-09-20T20:12:15.968715Z,7669.165147,7,1.116e-05,17.921146953404847,7.136404697380315,-3.403,13.636363636363637,17.921146953404847,57.03473985551491,7,0,7,0,0.7143,False
2Z,2026-09-20T18:12:21.690Z,2026-09-20T18:12:21.690725Z,2026-09-20T20:12:21.690725Z,7663.443137,7,0.050030000000000005,15.990405756546805,5.991527133346769,-2.594,14.772727272727273,15.990405756546805,59.83096244788083,1,1,0,0,-1.0,False
ALT,2026-09-20T18:12:27.465Z,2026-09-20T18:12:27.465611Z,2026-09-20T20:12:27.465611Z,7657.668251,7,0.007155,13.976240391334162,4.519774011299434,-1.255,22.727272727272727,13.976240391334162,64.02070039845447,0,0,0,0,,False
BABY,2026-09-20T18:12:46.205Z,2026-09-20T18:12:46.205503Z,2026-09-20T20:12:46.205503Z,7638.928359,7,0.011665,25.717959708528742,5.902777777777778,-1.201,18.181818181818183,25.717959708528742,42.85396709161069,0,0,0,0,,False
BANANA,2026-09-20T18:12:53.285Z,2026-09-20T18:12:53.285937Z,2026-09-20T20:12:53.285937Z,7631.847925,7,3.9965,32.52846240460378,4.472361809045224,-1.485,12.121212121212121,32.52846240460378,60.315980988778826,0,0,0,0,,False
BLUR,2026-09-20T18:13:12.563Z,2026-09-20T18:13:12.563364Z,2026-09-20T20:13:12.563364Z,7612.570498,7,0.018685,26.759432700027524,6.294085729788396,-3.558,10.227272727272727,26.759432700027524,46.460402037900025,0,0,0,0,,False
STO,2026-09-20T18:15:09.243Z,2026-09-20T18:15:09.243930Z,2026-09-20T20:15:09.243930Z,7495.889932,7,0.04005,24.968789013731815,5.48628428927681,-1.232,23.484848484848484,24.968789013731815,60.38197986889882,0,0,0,0,,False
SXT,2026-09-20T18:15:16.384Z,2026-09-20T18:15:16.384585Z,2026-09-20T20:15:16.384585Z,7488.749277,7,0.008494999999999999,11.77163037080792,8.917954815695586,-2.887,10.984848484848484,11.77163037080792,57.153740283945844,0,0,0,0,,False
TURBO,2026-09-20T18:15:29.761Z,2026-09-20T18:15:29.761692Z,2026-09-20T20:15:29.761692Z,7475.37217,7,0.000981,61.16207951070485,14.849428868120457,-4.179,19.318181818181817,61.16207951070485,56.173726314803325,1,1,0,0,1.0,False
ZBT,2026-09-20T18:15:40.978Z,2026-09-20T18:15:40.979120Z,2026-09-20T20:15:40.979120Z,7464.154742,7,0.08095,12.3533045089565,5.999999999999998,-2.913,9.469696969696969,12.3533045089565,60.30039463223996,0,0,0,0,,False
1INCH,2026-09-20T18:21:24.661Z,2026-09-20T18:21:24.661739Z,2026-09-20T20:21:24.661739Z,7720.396341,7,0.0983,20.345879959308824,5.316973415132935,-2.395,2.272727272727273,20.345879959308824,35.3486678735669,1,1,0,0,1.0,False
1MBABYDOGE,2026-09-20T18:21:31.309Z,2026-09-20T18:21:31.310035Z,2026-09-20T20:21:31.310035Z,7713.748045,7,0.00039214999999999996,17.850312380467095,4.039887496803887,-1.436,1.1363636363636365,17.850312380467095,61.32038144129597,4,3,1,0,1.0,False
ACT,2026-09-20T18:21:38.033Z,2026-09-20T18:21:38.034082Z,2026-09-20T20:21:38.034082Z,7707.023998,7,0.01051,19.02949571836269,5.700483091787442,-1.616,3.0303030303030303,19.02949571836269,58.71296599514047,1,0,1,0,1.0,False
AIXBT,2026-09-20T18:21:45.561Z,2026-09-20T18:21:45.562363Z,2026-09-20T20:21:45.562363Z,7699.495717,7,0.02098,28.59866539561536,5.184829572731642,-2.069,0.7575757575757576,28.59866539561536,47.32440484323316,1,1,0,0,1.0,False
API3,2026-09-20T18:21:52.259Z,2026-09-20T18:21:52.260020Z,2026-09-20T20:21:52.260020Z,7692.79806,7,0.25015,59.964021587047824,6.5916398713826245,-2.888,7.575757575757576,59.964021587047824,43.24064734645167,0,0,0,0,,False
AUCTION,2026-09-20T18:21:59.298Z,2026-09-20T18:21:59.299117Z,2026-09-20T20:21:59.299117Z,7685.758963,7,3.5389999999999997,39.55919751342128,4.481872680559521,-1.518,6.4393939393939394,39.55919751342128,48.81646443906706,0,0,0,0,,False
BNB,2026-09-20T18:22:08.959Z,2026-09-20T18:22:08.960155Z,2026-09-20T20:22:08.960155Z,7676.097925,7,767.455,0.13030079939528577,3.088869260279745,-1.118,96.96969696969697,0.13030079939528577,59.09148019715195,20,9,8,3,0.65,False
BTC,2026-09-20T18:22:14.649Z,2026-09-20T18:22:14.649406Z,2026-09-20T20:22:14.649406Z,7670.408674,7,81162.255,0.001232099822110821,2.2116608024472386,-0.901,100.0,0.001232099822110821,61.70421020441019,33,23,4,6,0.4242,False
CGPT,2026-09-20T18:22:21.185Z,2026-09-20T18:22:21.185765Z,2026-09-20T20:22:21.185765Z,7663.872315,7,0.019950000000000002,20.050125313284127,6.344410876132935,-2.742,2.6515151515151514,20.050125313284127,55.110469258146765,8,8,0,0,1.0,False
DOLO,2026-09-20T18:22:28.463Z,2026-09-20T18:22:28.463941Z,2026-09-20T20:22:28.463941Z,7656.594139,7,0.025980000000000003,38.49114703618144,3.9427908774642444,-1.146,5.681818181818182,38.49114703618144,61.244755855351805,0,0,0,0,,False
ENA,2026-09-20T18:22:34.902Z,2026-09-20T18:22:34.902720Z,2026-09-20T20:22:34.902720Z,7650.15536,7,0.21835,13.739409205403925,14.259259259259258,7.57,96.21212121212122,13.739409205403925,73.56868370442831,35,23,9,3,0.6571,False
ETH,2026-09-20T18:22:39.843Z,2026-09-20T18:22:39.843272Z,2026-09-20T20:22:39.843272Z,7645.214808,7,2636.185,0.037933604812326445,3.990738582743362,-1.161,99.62121212121212,0.037933604812326445,62.67525295003158,49,37,9,3,0.6122,False
EUR,2026-09-20T18:22:42.985Z,2026-09-20T18:22:42.985805Z,2026-09-20T20:22:42.985805Z,7642.072275,7,1.1533,1.7341541663051936,0.15658982166159408,0.009,95.83333333333333,1.7341541663051936,59.678967635663476,3,2,1,0,0.6667,False
FORM,2026-09-20T18:22:56.274Z,2026-09-20T18:22:56.274921Z,2026-09-20T20:22:56.274921Z,7628.783159,7,0.25780000000000003,31.031807602791595,5.921568627450982,-2.931,3.787878787878788,31.031807602791595,46.150649644671816,1,0,0,1,-1.0,False
GMT,2026-09-20T18:23:01.804Z,2026-09-20T18:23:01.804660Z,2026-09-20T20:23:01.804660Z,7623.25342,7,0.007745,12.911555842478494,5.77427821522309,-2.806,5.303030303030303,12.911555842478494,59.59946783170619,2,2,0,0,1.0,False
HAEDAL,2026-09-20T18:23:09.150Z,2026-09-20T18:23:09.150768Z,2026-09-20T20:23:09.150768Z,7615.907312,7,0.01992,60.24096385542271,4.396728016359916,-1.212,1.5151515151515151,60.24096385542271,43.332430643937435,0,0,0,0,,False
HMSTR,2026-09-20T18:23:16.037Z,2026-09-20T18:23:16.037319Z,2026-09-20T20:23:16.037319Z,7609.020761,7,0.00017355000000000002,17.286084701813895,4.376498800959226,-1.243,7.196969696969697,17.286084701813895,58.83761470784368,0,0,0,0,,False
HUMA,2026-09-20T18:23:23.119Z,2026-09-20T18:23:23.119524Z,2026-09-20T20:23:23.119524Z,7601.938556,7,0.02292,52.35602094240927,11.989342806394323,-7.249,9.090909090909092,52.35602094240927,24.61972004638132,3,2,0,1,0.3333,False
LINK,2026-09-20T18:23:28.853Z,2026-09-20T18:23:28.853496Z,2026-09-20T20:23:28.853496Z,7596.204584,7,12.5235,3.9924941110703918,6.263149376921824,-2.463,95.07575757575758,3.9924941110703918,58.18349204535899,34,19,10,5,0.4706,False
UNI,2026-09-20T18:30:15.670Z,2026-09-20T18:30:15.670179Z,2026-09-20T20:30:15.670179Z,7790.478152,7,8.750499999999999,7.999542883263441,5.956719817767651,1.715,94.31818181818181,7.999542883263441,57.84159467684347,42,31,7,4,0.5238,False
ADA,2026-09-20T18:30:39.764Z,2026-09-20T18:30:39.764411Z,2026-09-20T20:30:39.764411Z,7766.38392,7,0.22775,4.390779363336509,6.436077057793341,-0.218,93.93939393939394,4.390779363336509,56.12619835023851,31,14,9,8,0.4839,False
ALGO,2026-09-20T18:30:50.049Z,2026-09-20T18:30:50.049347Z,2026-09-20T20:30:50.049347Z,7756.098984,7,0.1106,18.083182640145182,13.380909901873325,11.765,89.01515151515152,18.083182640145182,68.5628247236879,30,18,8,4,0.3333,False
APT,2026-09-20T18:30:54.936Z,2026-09-20T18:30:54.937149Z,2026-09-20T20:30:54.937149Z,7751.211182,7,0.7455,13.41381623071765,7.7333333333333405,2.74,87.87878787878788,13.41381623071765,63.99332722788149,10,2,6,2,0.8,False
ARB,2026-09-20T18:31:00.447Z,2026-09-20T18:31:00.448061Z,2026-09-20T20:31:00.448061Z,7745.70027,7,0.21205000000000002,4.715868898845401,11.142454160789844,4.112,92.8030303030303,4.715868898845401,61.25138239644855,51,3,47,1,0.9608,False
DOGE,2026-09-20T18:31:06.412Z,2026-09-20T18:31:06.412553Z,2026-09-20T20:31:06.412553Z,7739.735778,7,0.087465,1.1433144686457442,6.680417096367597,-2.437,93.18181818181819,1.1433144686457442,52.37474040051979,33,18,9,6,0.4242,False
FDUSD,2026-09-20T18:31:10.161Z,2026-09-20T18:31:10.161250Z,2026-09-20T20:31:10.161250Z,7735.987081,7,0.99875,1.0012515644554592,0.050060072086498285,-0.03,92.04545454545455,1.0012515644554592,67.24514614887953,0,0,0,0,,True
FET,2026-09-20T18:31:15.303Z,2026-09-20T18:31:15.303986Z,2026-09-20T20:31:15.303986Z,7730.844345,7,0.17725000000000002,5.641748942173018,7.609921082299893,-1.004,87.5,5.641748942173018,60.53574825818269,10,2,5,3,0.0,False
GRAM,2026-09-20T18:31:20.130Z,2026-09-20T18:31:20.131128Z,2026-09-20T20:31:20.131128Z,7726.017203,7,1.3855,7.217610970767882,1.8745493871665322,0.362,90.53030303030303,7.217610970767882,58.787502174391754,2,1,1,0,1.0,False
HBAR,2026-09-20T18:31:25.478Z,2026-09-20T18:31:25.478860Z,2026-09-20T20:31:25.478860Z,7720.669471,7,0.08576500000000001,1.1659767970612862,12.083861306301117,6.398,91.28787878787878,1.1659767970612862,60.58310890937616,26,12,8,6,0.7308,False
INJ,2026-09-20T18:31:30.574Z,2026-09-20T18:31:30.574994Z,2026-09-20T20:31:30.574994Z,7715.573337,7,7.7035,11.683001233206127,12.461890243902449,2.58,93.56060606060606,11.683001233206127,53.19872508674476,12,4,8,0,0.75,False
JTO,2026-09-20T18:31:35.963Z,2026-09-20T18:31:35.964249Z,2026-09-20T20:31:35.964249Z,7710.184082,7,0.5058499999999999,17.79183552436517,9.393579072532699,6.726,90.9090909090909,17.79183552436517,59.60753236086708,0,0,0,0,,False
LTC,2026-09-20T18:31:40.951Z,2026-09-20T18:31:40.951949Z,2026-09-20T20:31:40.951949Z,7705.196382,7,58.805,5.101607006207148,4.809653297076828,2.1,91.66666666666667,5.101607006207148,71.74750958916499,40,21,17,2,0.35,False
ONDO,2026-09-20T18:31:51.656Z,2026-09-20T18:31:51.656793Z,2026-09-20T20:31:51.656793Z,7694.491538,7,0.43105000000000004,6.9597494490203555,7.723098657876147,-1.621,86.36363636363636,6.9597494490203555,57.846745404487876,10,4,3,3,0.2,False
PENGU,2026-09-20T18:31:57.561Z,2026-09-20T18:31:57.561426Z,2026-09-20T20:31:57.561426Z,7688.586905,7,0.007890999999999999,2.534533012292822,8.276299112801002,-2.773,89.39393939393939,2.534533012292822,55.72881907622952,7,4,2,1,0.4286,False
PUMP,2026-09-20T18:32:02.618Z,2026-09-20T18:32:02.618579Z,2026-09-20T20:32:02.618579Z,7683.529752,7,0.0042994999999999995,6.977555529713684,8.709213051823427,0.822,89.77272727272727,6.977555529713684,59.35442000961849,26,23,1,2,0.6154,False
SAGA,2026-09-20T18:32:08.738Z,2026-09-20T18:32:08.738543Z,2026-09-20T20:32:08.738543Z,7677.409788,7,0.03703,32.406157169860954,40.75711522520033,42.874,85.22727272727273,32.406157169860954,67.81333643309831,17,16,1,0,1.0,False
STRK,2026-09-20T18:32:14.841Z,2026-09-20T18:32:14.841957Z,2026-09-20T20:32:14.841957Z,7671.306374,7,0.049284999999999995,2.0290149132602338,18.373071528751762,18.862,86.74242424242425,2.0290149132602338,83.01227313698286,16,8,6,2,0.875,False
SYN,2026-09-20T18:32:19.997Z,2026-09-20T18:32:19.997471Z,2026-09-20T20:32:19.997471Z,7666.15086,7,0.21570499999999998,14.371479567001447,29.41314553990611,-10.946,88.25757575757575,14.371479567001447,48.49703963444988,0,0,0,0,,False
WLD,2026-09-20T18:32:29.489Z,2026-09-20T18:32:29.489444Z,2026-09-20T20:32:29.489444Z,7656.658887,7,0.4393,4.552697473253664,8.677780315140438,1.554,90.15151515151516,4.552697473253664,56.82272560651838,6,4,2,0,1.0,False
XLM,2026-09-20T18:32:35.512Z,2026-09-20T18:32:35.512643Z,2026-09-20T20:32:35.512643Z,7650.635688,7,0.19595,5.103342689462451,6.020408163265309,-0.407,88.63636363636364,5.103342689462451,63.96621558872067,7,7,0,0,1.0,False
JUP,2026-09-20T18:39:29.083Z,2026-09-20T18:39:29.084201Z,2026-09-20T20:39:29.084201Z,7237.06413,7,0.28245,3.5404496371035226,7.420620763467708,1.521,84.84848484848484,3.5404496371035226,61.33482485950758,8,3,4,1,0.75,False
SEI,2026-09-20T18:40:08.377Z,2026-09-20T18:40:08.378115Z,2026-09-20T20:40:08.378115Z,7796.984696,7,0.053025,5.657708628004773,8.8610076455597,3.996,78.03030303030303,5.657708628004773,65.64479913833578,6,3,2,1,1.0,False
SHIB,2026-09-20T18:40:13.435Z,2026-09-20T18:40:13.435981Z,2026-09-20T20:40:13.435981Z,7791.92683,7,5.505e-06,18.165304268846327,5.615942028985516,-1.075,78.78787878787878,18.165304268846327,62.335129199279855,9,5,1,3,0.5556,False
STX,2026-09-20T18:40:20.928Z,2026-09-20T18:40:20.928458Z,2026-09-20T20:40:20.928458Z,7784.434353,7,0.3238,12.3533045089565,8.923556942277695,4.636,76.51515151515152,12.3533045089565,71.72890002268065,4,4,0,0,1.0,False
TIA,2026-09-20T18:40:27.603Z,2026-09-20T18:40:27.604252Z,2026-09-20T20:40:27.604252Z,7777.758559,7,0.4209,4.751722499405512,5.568720379146925,1.564,72.72727272727273,4.751722499405512,57.39436690929935,1,1,0,0,1.0,False
TRUMP,2026-09-20T18:40:32.585Z,2026-09-20T18:40:32.586172Z,2026-09-20T20:40:32.586172Z,7772.776639,7,2.0694999999999997,4.832085044696255,7.699711260827705,-1.703,83.33333333333333,4.832085044696255,54.56975718206813,4,2,1,1,1.0,False
VIRTUAL,2026-09-20T18:40:40.053Z,2026-09-20T18:40:40.053517Z,2026-09-20T20:40:40.053517Z,7765.309294,7,0.6737500000000001,13.35807050092782,6.433525158624756,0.683,70.07575757575758,13.35807050092782,67.8137911363002,2,0,2,0,1.0,False
WLFI,2026-09-20T18:40:45.143Z,2026-09-20T18:40:45.143432Z,2026-09-20T20:40:45.143432Z,7760.219379,7,0.05845,17.10863986313137,2.2336769759450212,-0.342,70.45454545454545,17.10863986313137,72.1094493976885,0,0,0,0,,False
XPL,2026-09-20T18:40:50.044Z,2026-09-20T18:40:50.044605Z,2026-09-20T20:40:50.044605Z,7755.318206,7,0.08948500000000001,7.822540090518031,11.24748939968756,-2.247,81.43939393939394,7.822540090518031,45.345447736793886,1,1,0,0,1.0,False
XTZ,2026-09-20T18:40:55.032Z,2026-09-20T18:40:55.032947Z,2026-09-20T20:40:55.032947Z,7750.329864,7,0.34955,14.304105278214859,13.657542224810731,-8.937,71.5909090909091,14.304105278214859,48.984596491759824,16,5,9,2,0.75,False
ZEN,2026-09-20T18:41:07.192Z,2026-09-20T18:41:07.192256Z,2026-09-20T20:41:07.192256Z,7738.170555,7,7.993499999999999,18.765246762994536,6.799485861182518,0.387,74.62121212121212,18.765246762994536,72.69032445454204,2,2,0,0,1.0,False
ZRO,2026-09-20T18:41:12.331Z,2026-09-20T18:41:12.331851Z,2026-09-20T20:41:12.331851Z,7733.03096,7,1.1695,25.651988029073227,7.015985790408523,-0.089,76.13636363636364,25.651988029073227,72.8119166251109,5,4,1,0,0.2,False
BANK,2026-09-20T18:47:01.635Z,2026-09-20T18:47:01.635230Z,2026-09-20T20:47:01.635230Z,7383.727581,7,0.033350000000000005,29.98500749625065,28.398791540785517,-6.761,69.31818181818181,29.98500749625065,56.88763112448514,1,1,0,0,1.0,False
CHZ,2026-09-20T18:47:22.530Z,2026-09-20T18:47:22.530601Z,2026-09-20T20:47:22.530601Z,7362.83221,7,0.015035,19.953441968738797,5.533333333333328,-1.897,59.09090909090909,19.953441968738797,58.41626743202657,2,1,1,0,0.5,False
DYDX,2026-09-20T18:47:35.120Z,2026-09-20T18:47:35.120795Z,2026-09-20T20:47:35.120795Z,7350.242016,7,0.13050499999999998,16.091337496648848,9.797271255684882,-3.804,59.84848484848485,16.091337496648848,50.045117961500964,1,1,0,0,1.0,False
GUN,2026-09-20T18:47:58.750Z,2026-09-20T18:47:58.750609Z,2026-09-20T20:47:58.750609Z,7326.612202,7,0.0029249999999999996,34.18803418803429,41.17647058823528,4.71,66.66666666666667,34.18803418803429,66.31945210594628,2,2,0,0,0.5,False
MMT,2026-09-20T18:48:41.957Z,2026-09-20T18:48:41.957467Z,2026-09-20T20:48:41.957467Z,7283.405344,7,0.16915,5.911912503694294,9.035033804548242,1.497,55.68181818181818,5.911912503694294,43.83273391073303,10,10,0,0,1.0,False
SPK,2026-09-20T18:49:42.764Z,2026-09-20T18:49:42.764770Z,2026-09-20T20:49:42.764770Z,7222.598041,7,0.021211,16.972325680072277,7.851680185399773,2.324,57.57575757575758,16.972325680072277,66.89846009709757,10,3,3,4,0.6,False
SYRUP,2026-09-20T18:49:48.571Z,2026-09-20T18:49:48.571772Z,2026-09-20T20:49:48.571772Z,7216.791039,7,0.22039999999999998,9.074410163339644,6.495882891125351,-1.62,65.9090909090909,9.074410163339644,52.24619441555908,0,0,0,0,,False
TUT,2026-09-20T18:49:54.833Z,2026-09-20T18:49:54.834145Z,2026-09-20T20:49:54.834145Z,7210.528666,7,0.02162,18.501387604069553,9.897769516728625,1.414,60.22727272727273,18.501387604069553,55.12195193953851,1,0,1,0,0.0,False
WIF,2026-09-20T18:50:10.785Z,2026-09-20T18:50:10.785736Z,2026-09-20T20:50:10.785736Z,7795.649876,7,0.20265,14.803849000739932,10.09309162175403,-3.681,62.121212121212125,14.803849000739932,47.04497747995695,8,5,1,2,0.5,False
AVNT,2026-09-20T18:55:51.611Z,2026-09-20T18:55:51.611685Z,2026-09-20T20:55:51.611685Z,7454.823927,7,0.10944999999999999,9.136592051165177,6.849315068493144,-0.905,43.93939393939394,9.136592051165177,54.21655578832359,0,0,0,0,,False
BOME,2026-09-20T18:56:09.744Z,2026-09-20T18:56:09.744285Z,2026-09-20T20:56:09.744285Z,7436.691327,7,0.0009488,8.431703204047423,8.989361702127665,-2.792,54.166666666666664,8.431703204047423,49.38394620914548,0,0,0,0,,False
BROCCOLI714,2026-09-20T18:56:16.863Z,2026-09-20T18:56:16.863801Z,2026-09-20T20:56:16.863801Z,7429.571811,7,0.01891,74.03490216816564,4.499196572040709,-0.902,45.833333333333336,74.03490216816564,52.921726394559975,0,0,0,0,,True
FF,2026-09-20T18:56:29.083Z,2026-09-20T18:56:29.083433Z,2026-09-20T20:56:29.083433Z,7417.352179,7,0.16481,88.58685759359196,9.636789689513762,9.135,48.10606060606061,88.58685759359196,66.48055012230206,0,0,0,0,,False
GIGGLE,2026-09-20T18:56:34.673Z,2026-09-20T18:56:34.673510Z,2026-09-20T20:56:34.673510Z,7411.762102,7,36.79,5.4362598532199025,4.131557488447957,0.574,53.40909090909091,5.4362598532199025,71.22246720790913,2,2,0,0,1.0,False
HEI,2026-09-20T18:56:39.700Z,2026-09-20T18:56:39.700789Z,2026-09-20T20:56:39.700789Z,7406.734823,7,0.1511,52.945069490403384,17.55932203389829,-6.527,53.78787878787879,52.945069490403384,59.69199907146985,1,1,0,0,-1.0,False
KITE,2026-09-20T18:57:09.190Z,2026-09-20T18:57:09.191047Z,2026-09-20T20:57:09.191047Z,7377.244565,7,0.11515,26.0529743812414,3.65853658536585,-0.087,47.34848484848485,26.0529743812414,71.9107475895136,2,2,0,0,1.0,False
MEME,2026-09-20T18:57:24.756Z,2026-09-20T18:57:24.757056Z,2026-09-20T20:57:24.757056Z,7361.678556,7,0.0005665,17.65225066195983,5.27240773286467,-0.871,41.666666666666664,17.65225066195983,64.82747560826586,52,42,7,3,0.9231,False
MIRA,2026-09-20T18:57:31.599Z,2026-09-20T18:57:31.599727Z,2026-09-20T20:57:31.599727Z,7354.835885,7,0.051305,21.44040541857634,11.898238747553807,3.107,51.89393939393939,21.44040541857634,70.0698129992939,0,0,0,0,,False
ROSE,2026-09-20T18:58:16.903Z,2026-09-20T18:58:16.903466Z,2026-09-20T20:58:16.903466Z,7309.532146,7,0.007535,13.271400132713461,11.702127659574476,-1.571,54.54545454545455,13.271400132713461,60.35013922243216,0,0,0,0,,False
SOMI,2026-09-20T18:58:36.936Z,2026-09-20T18:58:36.937182Z,2026-09-20T20:58:36.937182Z,7289.49843,7,0.20065,24.919013207077022,6.700251889168768,-2.839,52.65151515151515,24.919013207077022,57.84436160561736,1,1,0,0,1.0,False
THE,2026-09-20T18:58:42.356Z,2026-09-20T18:58:42.356925Z,2026-09-20T20:58:42.356925Z,7284.078687,7,0.07585,13.183915622938562,5.131578947368422,-3.185,44.696969696969695,13.183915622938562,57.57639779876102,1,1,0,0,1.0,False
THETA,2026-09-20T18:58:50.007Z,2026-09-20T18:58:50.007420Z,2026-09-20T20:58:50.007420Z,7276.428192,7,0.21500000000000002,9.302325581395614,8.16797415782187,-3.945,45.07575757575758,9.302325581395614,45.41914909990207,1,0,0,1,-1.0,False
USUAL,2026-09-20T18:59:01.066Z,2026-09-20T18:59:01.066681Z,2026-09-20T20:59:01.066681Z,7265.368931,7,0.01308,15.29051987767522,8.985282726568549,1.017,39.77272727272727,15.29051987767522,62.99701018675442,3,3,0,0,1.0,False
VET,2026-09-20T18:59:08.549Z,2026-09-20T18:59:08.550176Z,2026-09-20T20:59:08.550176Z,7257.885436,7,0.008435999999999999,42.674253200568494,10.136014192785336,-1.675,53.03030303030303,42.674253200568494,45.26141941464462,1,1,0,0,1.0,False
W,2026-09-20T18:59:15.123Z,2026-09-20T18:59:15.123547Z,2026-09-20T20:59:15.123547Z,7251.312065,7,0.01157,17.286084701814335,8.419243986254296,4.582,48.484848484848484,17.286084701814335,61.57152466219707,4,3,0,1,0.0,False
WAL,2026-09-20T18:59:20.726Z,2026-09-20T18:59:20.726993Z,2026-09-20T20:59:20.726993Z,7245.708619,7,0.03215,31.104199066874923,8.07453416149069,-1.227,45.45454545454545,31.104199066874923,62.141218053166206,4,3,0,1,0.5,False
XVG,2026-09-20T18:59:28.224Z,2026-09-20T18:59:28.224675Z,2026-09-20T20:59:28.224675Z,7238.210937,7,0.0030340000000000002,26.367831245879234,10.53320248609749,-1.673,44.31818181818182,26.367831245879234,64.90283527896408,2,0,2,0,-0.5,False
CETUS,2026-09-20T19:00:45.036Z,2026-09-20T19:00:45.037095Z,2026-09-20T21:00:45.037095Z,7759.826714,7,0.02527,31.658092599920938,8.958742632612969,7.113,26.515151515151516,31.658092599920938,71.8018649697399,0,0,0,0,,False
CKB,2026-09-20T19:00:52.254Z,2026-09-20T19:00:52.255186Z,2026-09-20T21:00:52.255186Z,7752.608623,7,0.0012079999999999999,16.55629139072888,8.146300914380713,-4.976,35.984848484848484,16.55629139072888,60.89600989323637,0,0,0,0,,False
ERA,2026-09-20T19:01:15.430Z,2026-09-20T19:01:15.430783Z,2026-09-20T21:01:15.430783Z,7729.433026,7,0.06215,16.09010458567915,5.296950240770473,-1.58,37.5,16.09010458567915,67.50200264405683,0,0,0,0,,False
HOLO,2026-09-20T19:01:40.771Z,2026-09-20T19:01:40.771615Z,2026-09-20T21:01:40.771615Z,7704.092194,7,0.060149999999999995,16.62510390689874,5.324459234608987,-2.276,38.25757575757576,16.62510390689874,63.94830583469316,1,1,0,0,1.0,False
MITO,2026-09-20T19:02:05.084Z,2026-09-20T19:02:05.085029Z,2026-09-20T21:02:05.085029Z,7679.77878,7,0.016,62.49999999999962,24.869791666666668,-2.352,34.46969696969697,62.49999999999962,63.352471247765855,1,0,1,0,1.0,False
NOT,2026-09-20T19:02:15.897Z,2026-09-20T19:02:15.897724Z,2026-09-20T21:02:15.897724Z,7668.966085,7,0.0004835,20.68252326783918,6.98151950718686,1.247,29.166666666666668,20.68252326783918,65.46679435694485,0,0,0,0,,False
PARTI,2026-09-20T19:02:34.995Z,2026-09-20T19:02:34.995909Z,2026-09-20T21:02:34.995909Z,7649.8679,7,0.02425,41.2371134020616,6.967213114754098,-3.175,38.63636363636363,41.2371134020616,42.158125837776936,0,0,0,0,,True
PEOPLE,2026-09-20T19:02:41.572Z,2026-09-20T19:02:41.572971Z,2026-09-20T21:02:41.572971Z,7643.290838,7,0.008709999999999999,22.96211251435238,7.336343115124149,-2.208,35.60606060606061,22.96211251435238,65.3839533599386,0,0,0,0,,False
PHA,2026-09-20T19:02:48.982Z,2026-09-20T19:02:48.983081Z,2026-09-20T21:02:48.983081Z,7635.880728,7,0.03705,26.990553306343553,7.356948228882835,3.966,37.121212121212125,26.990553306343553,71.65639078037397,1,1,0,0,1.0,False
PROVE,2026-09-20T19:02:59.894Z,2026-09-20T19:02:59.894471Z,2026-09-20T21:02:59.894471Z,7624.969338,7,0.22555,13.300820217247725,8.942009738822486,1.574,36.74242424242424,13.300820217247725,45.872323174576444,1,0,1,0,1.0,False
SAND,2026-09-20T19:03:10.614Z,2026-09-20T19:03:10.614418Z,2026-09-20T21:03:10.614418Z,7614.249391,7,0.040150000000000005,14.94396014943899,5.083064716092247,0.699,32.95454545454545,14.94396014943899,62.39485745978976,0,0,0,0,,False
SNX,2026-09-20T19:03:21.117Z,2026-09-20T19:03:21.117359Z,2026-09-20T21:03:21.117359Z,7603.74645,7,0.2253,8.877052818463293,6.371681415929202,-0.747,36.36363636363637,8.877052818463293,53.158653982643436,1,0,0,1,1.0,False
SSV,2026-09-20T19:03:28.401Z,2026-09-20T19:03:28.402229Z,2026-09-20T21:03:28.402229Z,7596.46158,7,3.096,38.75968992248065,7.383419689119163,-3.89,29.545454545454547,38.75968992248065,57.9019877924747,0,0,0,0,,False
TREE,2026-09-20T19:03:40.579Z,2026-09-20T19:03:40.579694Z,2026-09-20T21:03:40.579694Z,7584.284115,7,0.04325,23.121387283236054,7.852193995381063,-3.132,25.37878787878788,23.121387283236054,60.34572156435251,2,1,1,0,1.0,False
AT,2026-09-20T19:09:55.871Z,2026-09-20T19:09:55.871620Z,2026-09-20T21:09:55.871620Z,7208.992189,7,0.14645000000000002,20.48480710139943,7.005494505494496,-0.885,10.227272727272727,20.48480710139943,47.747307696093394,0,0,0,0,,False
EUL,2026-09-20T19:11:01.007Z,2026-09-20T19:11:01.007800Z,2026-09-20T21:11:01.007800Z,7744.339222,7,1.371,14.587892049598846,7.204610951008653,-3.41,20.833333333333332,14.587892049598846,48.80807482357956,0,0,0,0,,False
MANTRA,2026-09-20T19:11:42.033Z,2026-09-20T19:11:42.033395Z,2026-09-20T21:11:42.033395Z,7703.313627,7,0.004305,23.22880371660765,10.16166281755195,0.0,22.727272727272727,23.22880371660765,50.63532670067838,1,1,0,0,1.0,False
OPEN,2026-09-20T19:12:00.355Z,2026-09-20T19:12:00.355774Z,2026-09-20T21:12:00.355774Z,7684.991248,7,0.13990000000000002,14.29592566118697,13.684960798289394,-4.946,21.21212121212121,14.29592566118697,66.86686518522113,3,3,0,0,1.0,False
PIXEL,2026-09-20T19:12:07.285Z,2026-09-20T19:12:07.285493Z,2026-09-20T21:12:07.285493Z,7678.061529,7,0.0051199999999999996,39.06250000000011,6.640625,-1.916,13.636363636363637,39.06250000000011,58.632088949203535,4,4,0,0,1.0,False
RED,2026-09-20T19:12:14.861Z,2026-09-20T19:12:14.861947Z,2026-09-20T21:12:14.861947Z,7670.485075,7,0.15225,59.11330049261162,4.950495049504937,2.921,12.878787878787879,59.11330049261162,61.85037680657189,0,0,0,0,,False
RESOLV,2026-09-20T19:12:19.702Z,2026-09-20T19:12:19.702590Z,2026-09-20T21:12:19.702590Z,7665.644432,7,0.017425,17.216642754664132,4.868270332187858,0.867,18.181818181818183,17.216642754664132,60.993988030553616,0,0,0,0,,False
SAHARA,2026-09-20T19:12:26.431Z,2026-09-20T19:12:26.431532Z,2026-09-20T21:12:26.431532Z,7658.91549,7,0.00889,22.497187851517644,4.606741573033715,-1.766,20.454545454545453,22.497187851517644,64.17432638651988,0,0,0,0,,False
SIGN,2026-09-20T19:12:32.926Z,2026-09-20T19:12:32.927034Z,2026-09-20T21:12:32.927034Z,7652.419988,7,0.011555,25.962786672436618,5.19031141868512,-1.617,16.666666666666668,25.962786672436618,58.320586843717926,0,0,0,0,,False
TOWNS,2026-09-20T19:12:51.644Z,2026-09-20T19:12:51.645130Z,2026-09-20T21:12:51.645130Z,7633.701892,7,0.0019399999999999999,103.0927835051538,7.61421319796953,-2.475,17.045454545454547,103.0927835051538,50.539099511428645,0,0,0,0,,False
YGG,2026-09-20T19:13:05.311Z,2026-09-20T19:13:05.312251Z,2026-09-20T21:13:05.312251Z,7620.034771,7,0.025,39.99999999999976,7.497995188452286,-2.234,11.742424242424242,39.99999999999976,59.43992001117044,0,0,0,0,,False
TAO,2026-09-20T19:21:12.015Z,2026-09-20T19:21:12.015594Z,2026-09-20T21:21:12.015594Z,7733.808578,7,259.1,7.719027402546839,7.738998482549318,0.266,95.45454545454545,7.719027402546839,64.57339688629516,28,17,10,1,0.5714,False
PEPE,2026-09-20T19:28:49.630Z,2026-09-20T19:28:49.630502Z,2026-09-20T21:28:49.630502Z,7276.19367,7,3.945e-06,25.348542458808375,11.194029850746269,-5.189,92.42424242424242,25.348542458808375,63.703234885290094,22,22,0,0,0.8182,False
AAVE,2026-09-20T19:35:02.481Z,2026-09-20T19:35:02.481865Z,2026-09-20T21:35:02.481865Z,7502.333145,7,136.70499999999998,6.583519256794077,7.195247176177205,-4.04,83.71212121212122,6.583519256794077,56.41635141441899,6,3,2,1,0.0,False
CAKE,2026-09-20T19:35:34.543Z,2026-09-20T19:35:34.543593Z,2026-09-20T21:35:34.543593Z,7470.271417,7,2.5635,11.70275014628482,9.537000395726162,5.644,79.16666666666667,11.70275014628482,67.7467695961565,10,5,3,2,0.4,False
CRV,2026-09-20T19:35:39.387Z,2026-09-20T19:35:39.388077Z,2026-09-20T21:35:39.388077Z,7465.426933,7,0.35225,8.516678495385861,7.947019867549657,2.873,81.06060606060606,8.516678495385861,58.188876479425794,6,4,1,1,0.3333,False
DASH,2026-09-20T19:35:44.877Z,2026-09-20T19:35:44.877502Z,2026-09-20T21:35:44.877502Z,7459.937508,7,56.879999999999995,10.548523206750206,8.73377762188705,-2.58,76.89393939393939,10.548523206750206,67.12911392879036,2,1,1,0,-1.0,False
DOT,2026-09-20T19:35:49.464Z,2026-09-20T19:35:49.464263Z,2026-09-20T21:35:49.464263Z,7455.350747,7,1.1475,8.714596949890108,8.80069025021571,2.839,82.57575757575758,8.714596949890108,72.31265582408152,9,5,3,1,0.2222,False
ENSO,2026-09-20T19:35:56.114Z,2026-09-20T19:35:56.114752Z,2026-09-20T21:35:56.114752Z,7448.700258,7,1.0135,29.600394671927887,24.233432245301685,6.533,71.21212121212122,29.600394671927887,72.4330367191616,5,2,2,1,0.6,False
EPIC,2026-09-20T19:36:01.013Z,2026-09-20T19:36:01.013227Z,2026-09-20T21:36:01.013227Z,7443.801783,7,0.5705,14.022787028920455,26.508897450009172,9.304,75.75757575757575,14.022787028920455,70.95390551517396,3,3,0,0,0.3333,False
ETHFI,2026-09-20T19:36:06.223Z,2026-09-20T19:36:06.223514Z,2026-09-20T21:36:06.223514Z,7438.591496,7,0.72485,17.934745119681022,10.119620514230716,-1.142,84.46969696969697,17.934745119681022,67.23655298318378,2,1,0,1,0.0,False
FIL,2026-09-20T19:36:11.038Z,2026-09-20T19:36:11.038312Z,2026-09-20T21:36:11.038312Z,7433.776698,7,0.9478,12.660898923823368,19.387755102040817,-13.068,79.54545454545455,12.660898923823368,53.33297760697824,6,3,2,1,1.0,False
ICP,2026-09-20T19:36:21.768Z,2026-09-20T19:36:21.768693Z,2026-09-20T21:36:21.768693Z,7423.046317,7,2.883,6.937218175510855,8.096054888507725,-1.153,82.95454545454545,6.937218175510855,70.11296531744627,22,10,10,2,0.3182,False
OP,2026-09-20T19:36:34.808Z,2026-09-20T19:36:34.808843Z,2026-09-20T21:36:34.808843Z,7410.006167,7,0.12605,23.800079333597363,11.732711732711735,6.276,80.68181818181819,23.800079333597363,71.39437139246823,2,1,0,1,1.0,False
PAXG,2026-09-20T19:36:39.752Z,2026-09-20T19:36:39.753131Z,2026-09-20T21:36:39.753131Z,7405.061879,7,4361.97,1.558928649211918,0.2635097480259653,-0.117,72.34848484848484,1.558928649211918,70.83270602751759,1,0,1,0,1.0,False
PENDLE,2026-09-20T19:36:44.711Z,2026-09-20T19:36:44.711504Z,2026-09-20T21:36:44.711504Z,7400.103506,7,2.6399999999999997,15.151515151515166,6.12866387514275,-1.831,77.65151515151516,15.151515151515166,61.28965929680523,3,2,0,1,-0.3333,False
RAY,2026-09-20T19:36:48.139Z,2026-09-20T19:36:48.139614Z,2026-09-20T21:36:48.139614Z,7396.675396,7,1.68165,11.298427140011373,8.76549151726627,-2.189,73.10606060606061,11.298427140011373,68.1499598027215,27,19,6,2,0.7778,False
RENDER,2026-09-20T19:36:52.969Z,2026-09-20T19:36:52.969225Z,2026-09-20T21:36:52.969225Z,7391.845785,7,1.71,11.695906432748549,14.99096929560505,6.066,82.1969696969697,11.695906432748549,60.502454965818,3,2,0,1,0.3333,False
RUNE,2026-09-20T19:36:58.722Z,2026-09-20T19:36:58.722532Z,2026-09-20T21:36:58.722532Z,7386.092478,7,0.56,35.714285714285744,7.282415630550609,2.364,74.24242424242425,35.714285714285744,67.79538699681815,14,8,3,3,0.2143,False
APE,2026-09-20T19:43:41.021Z,2026-09-20T19:43:41.021683Z,2026-09-20T21:43:41.021683Z,7584.031073,7,0.137,14.598540145985819,6.796818510484467,-1.984,56.81818181818182,14.598540145985819,67.37074151470524,4,4,0,0,1.0,False
ATOM,2026-09-20T19:43:48.096Z,2026-09-20T19:43:48.096307Z,2026-09-20T21:43:48.096307Z,7576.956449,7,1.7694999999999999,16.953941791465905,6.125921724333528,2.56,61.74242424242424,16.953941791465905,73.34370477143077,4,1,3,0,1.0,False
CFX,2026-09-20T19:44:04.717Z,2026-09-20T19:44:04.718167Z,2026-09-20T21:44:04.718167Z,7560.334589,7,0.05245,7.626310772164977,8.206106870229018,1.511,65.15151515151516,7.626310772164977,64.25439176815709,0,0,0,0,,False
COTI,2026-09-20T19:44:23.065Z,2026-09-20T19:44:23.065588Z,2026-09-20T21:44:23.065588Z,7541.987168,7,0.01798,22.246941045605322,14.890109890109892,-7.048,63.25757575757576,22.246941045605322,47.663237273261,1,1,0,0,1.0,False
EGLD,2026-09-20T19:44:32.479Z,2026-09-20T19:44:32.479776Z,2026-09-20T21:44:32.479776Z,7532.57298,7,3.836,41.71011470281547,12.800432082095591,-7.494,68.56060606060606,41.71011470281547,62.04927852845658,8,3,2,3,0.5,False
EIGEN,2026-09-20T19:44:38.374Z,2026-09-20T19:44:38.374458Z,2026-09-20T21:44:38.374458Z,7526.678298,7,0.23704999999999998,12.655557899177168,7.925010651896041,0.128,68.18181818181819,12.655557899177168,72.05903856625572,0,0,0,0,,False
FLOKI,2026-09-20T19:44:43.455Z,2026-09-20T19:44:43.455241Z,2026-09-20T21:44:43.455241Z,7521.597515,7,2.5744999999999998e-05,11.65274810642898,7.357473035439138,-1.815,61.36363636363637,11.65274810642898,58.50954936859156,2,1,1,0,1.0,False
IOTA,2026-09-20T19:45:12.815Z,2026-09-20T19:45:12.816107Z,2026-09-20T21:45:12.816107Z,7492.236649,7,0.04725,21.16402116402177,8.713692946058096,2.335,60.60606060606061,21.16402116402177,66.92517889481564,2,0,1,1,-1.0,False
LDO,2026-09-20T19:45:22.877Z,2026-09-20T19:45:22.877331Z,2026-09-20T21:45:22.877331Z,7482.175425,7,0.42264999999999997,11.830119484206802,7.457300938176563,1.812,64.01515151515152,11.830119484206802,69.80289257297996,1,0,1,0,1.0,False
MET,2026-09-20T19:45:35.114Z,2026-09-20T19:45:35.114393Z,2026-09-20T21:45:35.114393Z,7469.938363,7,0.25255,11.878835874083032,5.998389694041866,-4.498,67.42424242424242,11.878835874083032,56.68350400545379,18,11,2,5,0.4444,False
MORPHO,2026-09-20T19:45:46.024Z,2026-09-20T19:45:46.024317Z,2026-09-20T21:45:46.024317Z,7459.028439,7,2.7415000000000003,18.2381907714767,9.30576070901033,2.888,68.93939393939394,18.2381907714767,69.97298613914806,5,4,1,0,-0.6,False
ORCA,2026-09-20T19:46:06.462Z,2026-09-20T19:46:06.462632Z,2026-09-20T21:46:06.462632Z,7438.590124,7,1.4300000000000002,13.986013986013997,6.232492997198893,-0.488,58.71212121212121,13.986013986013997,66.92561857923734,2,2,0,0,0.5,False
ORDI,2026-09-20T19:46:13.180Z,2026-09-20T19:46:13.180936Z,2026-09-20T21:46:13.180936Z,7431.87182,7,4.558,17.551557700745956,6.83107813182018,-1.505,62.878787878787875,17.551557700745956,70.84430610175181,3,0,2,1,-0.3333,False
PLUME,2026-09-20T19:46:18.951Z,2026-09-20T19:46:18.951856Z,2026-09-20T21:46:18.951856Z,7426.1009,7,0.013995,7.145409074669234,16.297355253752674,-1.34,60.984848484848484,7.145409074669234,62.34095059222039,1,0,1,0,1.0,False
POL,2026-09-20T19:46:24.876Z,2026-09-20T19:46:24.877018Z,2026-09-20T21:46:24.877018Z,7420.175738,7,0.10627,9.40999341300488,4.876686831084233,3.447,64.39393939393939,9.40999341300488,69.35087351295032,16,9,6,1,0.6875,False
PYTH,2026-09-20T19:46:30.035Z,2026-09-20T19:46:30.035950Z,2026-09-20T21:46:30.035950Z,7415.016806,7,0.061869999999999994,19.39550670761307,7.481662591687048,1.506,64.77272727272727,19.39550670761307,63.33585779121367,1,1,0,0,1.0,False
RSR,2026-09-20T19:46:35.003Z,2026-09-20T19:46:35.003698Z,2026-09-20T21:46:35.003698Z,7410.049058,7,0.0016585,18.088634308109523,8.262967430639323,1.905,58.333333333333336,18.088634308109523,56.45367938979967,0,0,0,0,,False
SOLV,2026-09-20T19:46:39.630Z,2026-09-20T19:46:39.631026Z,2026-09-20T21:46:39.631026Z,7405.42173,7,0.00425,47.05882352941188,13.6150234741784,-3.837,56.06060606060606,47.05882352941188,56.505978430224914,0,0,0,0,,False
SOPH,2026-09-20T19:46:46.666Z,2026-09-20T19:46:46.667221Z,2026-09-20T21:46:46.667221Z,7398.385535,7,0.00435,45.97701149425299,9.027777777777771,1.408,63.63636363636363,45.97701149425299,68.58708969916516,0,0,0,0,,False
1000CHEEMS,2026-09-20T19:53:00.073Z,2026-09-20T19:53:00.073672Z,2026-09-20T21:53:00.073672Z,7626.23307,7,0.0005265000000000001,18.99335232668612,2.851711026615977,0.19,43.18181818181818,18.99335232668612,62.83676932012659,0,0,0,0,,False
BB,2026-09-20T19:53:12.344Z,2026-09-20T19:53:12.344844Z,2026-09-20T21:53:12.344844Z,7613.961898,7,0.008324999999999999,36.036036036036656,10.978520286396188,-2.331,42.803030303030305,36.036036036036656,60.462424993978786,2,2,0,0,1.0,False
BERA,2026-09-20T19:53:20.070Z,2026-09-20T19:53:20.071082Z,2026-09-20T21:53:20.071082Z,7606.23566,7,0.2168,18.45018450184555,12.024141132776233,-4.564,51.13636363636363,18.45018450184555,68.72018600967255,0,0,0,0,,False
ENS,2026-09-20T19:53:39.234Z,2026-09-20T19:53:39.234445Z,2026-09-20T21:53:39.234445Z,7587.072297,7,6.390000000000001,31.29890453834188,13.458528951486704,0.157,52.27272727272727,31.29890453834188,66.51976559223033,0,0,0,0,,False
IMX,2026-09-20T19:53:56.627Z,2026-09-20T19:53:56.627746Z,2026-09-20T21:53:56.627746Z,7569.678996,7,0.14100000000000001,28.368794326239975,7.960199004975116,-0.915,42.04545454545455,28.368794326239975,66.04274783636384,6,5,1,0,1.0,False
IO,2026-09-20T19:54:03.666Z,2026-09-20T19:54:03.667085Z,2026-09-20T21:54:03.667085Z,7562.639657,7,0.14550000000000002,27.49140893470678,7.541899441340785,0.703,41.28787878787879,27.49140893470678,45.7204591559964,1,0,1,0,-1.0,False
KAITO,2026-09-20T19:54:13.069Z,2026-09-20T19:54:13.069657Z,2026-09-20T21:54:13.069657Z,7553.237085,7,0.3311,12.080942313499122,9.030704394942797,-3.092,47.72727272727273,12.080942313499122,59.44200248597465,0,0,0,0,,False
MUBARAK,2026-09-20T19:54:57.128Z,2026-09-20T19:54:57.128381Z,2026-09-20T21:54:57.128381Z,7509.178361,7,0.033030000000000004,18.165304268845762,4.661791590493591,3.468,48.86363636363637,18.165304268845762,61.54577327123854,1,0,1,0,1.0,False
NEIRO,2026-09-20T19:55:02.388Z,2026-09-20T19:55:02.388647Z,2026-09-20T21:55:02.388647Z,7503.918095,7,8.9455e-05,16.76820747862094,11.81636282792352,-5.959,49.621212121212125,16.76820747862094,65.72219776475544,0,0,0,0,,False
ONT,2026-09-20T19:55:10.755Z,2026-09-20T19:55:10.755617Z,2026-09-20T21:55:10.755617Z,7495.551125,7,0.054625,20.137299771166862,5.178768890527091,0.5,51.515151515151516,20.137299771166862,67.61471372666965,0,0,0,0,,False
ZK,2026-09-20T19:56:42.724Z,2026-09-20T19:56:42.724593Z,2026-09-20T21:56:42.724593Z,7403.582149,7,0.011810000000000001,16.934801016088837,11.94539249146758,5.872,50.378787878787875,16.934801016088837,67.55328368494418,0,0,0,0,,False
ZKC,2026-09-20T19:56:50.109Z,2026-09-20T19:56:50.109169Z,2026-09-20T21:56:50.109169Z,7396.197573,7,0.04005,24.968789013731815,5.527638190954775,-1.485,42.42424242424242,24.968789013731815,64.1040270187378,0,0,0,0,,False
ACH,2026-09-20T20:02:24.595Z,2026-09-20T20:02:24.595315Z,2026-09-20T22:02:24.595315Z,7661.787851,7,0.00595,33.61344537815135,5.94227504244483,-1.174,31.060606060606062,33.61344537815135,68.9392762076965,1,1,0,0,1.0,False
ARKM,2026-09-20T20:02:40.146Z,2026-09-20T20:02:40.146819Z,2026-09-20T22:02:40.146819Z,7646.236347,7,0.11475,43.57298474945538,7.009760425909486,-0.265,26.893939393939394,43.57298474945538,62.42432979560499,2,1,1,0,1.0,False
BANANAS31,2026-09-20T20:02:51.590Z,2026-09-20T20:02:51.590559Z,2026-09-20T22:02:51.590559Z,7634.792607,7,0.007606,23.66552721535716,8.320105820105823,-2.89,31.439393939393938,23.66552721535716,39.42501131422877,0,0,0,0,,False
BIO,2026-09-20T20:02:58.638Z,2026-09-20T20:02:58.638324Z,2026-09-20T22:02:58.638324Z,7627.744842,7,0.02783,21.55946819978477,6.107697867726782,-2.088,39.015151515151516,21.55946819978477,70.20096428511714,0,0,0,0,,False
COMP,2026-09-20T20:03:19.401Z,2026-09-20T20:03:19.402088Z,2026-09-20T22:03:19.402088Z,7606.981078,7,22.23,17.993702204228136,7.349563619660072,1.872,30.303030303030305,17.993702204228136,51.00214501390148,2,1,0,1,0.0,False
CVX,2026-09-20T20:03:26.424Z,2026-09-20T20:03:26.424272Z,2026-09-20T22:03:26.424272Z,7599.958894,7,2.0140000000000002,49.652432969216626,6.487582361885459,0.0,27.272727272727273,49.652432969216626,68.07524268058168,2,1,1,0,1.0,False
ENJ,2026-09-20T20:03:31.550Z,2026-09-20T20:03:31.550685Z,2026-09-20T22:03:31.550685Z,7594.832481,7,0.027435,47.38472753781725,5.253557095950384,0.329,28.03030303030303,47.38472753781725,66.67413576510225,1,0,1,0,1.0,False
GPS,2026-09-20T20:03:50.300Z,2026-09-20T20:03:50.300390Z,2026-09-20T22:03:50.300390Z,7576.082776,7,0.010645,28.18224518553197,6.433301797540208,-1.948,24.62121212121212,28.18224518553197,36.99089012588894,0,0,0,0,,False
HYPER,2026-09-20T20:04:05.158Z,2026-09-20T20:04:05.158534Z,2026-09-20T22:04:05.158534Z,7561.224632,7,0.07195,13.89854065322988,6.4425770308123145,-2.857,28.78787878787879,13.89854065322988,65.49268702839362,0,0,0,0,,False
KAIA,2026-09-20T20:04:11.999Z,2026-09-20T20:04:11.999660Z,2026-09-20T22:04:11.999660Z,7554.383506,7,0.03015,33.16749585406397,4.98338870431893,-1.311,25.757575757575758,33.16749585406397,65.3612544080288,0,0,0,0,,False
LINEA,2026-09-20T20:04:19.753Z,2026-09-20T20:04:19.753916Z,2026-09-20T22:04:19.753916Z,7546.62925,7,0.0027715,18.04077214504707,5.8055152394775025,-1.642,28.40909090909091,18.04077214504707,66.0251746991592,0,0,0,0,,False
MINA,2026-09-20T20:04:25.123Z,2026-09-20T20:04:25.123505Z,2026-09-20T22:04:25.123505Z,7541.259661,7,0.11835,42.24757076468107,10.617928633594433,9.637,34.84848484848485,42.24757076468107,79.88722782868568,4,2,2,0,1.0,False
RARE,2026-09-20T20:05:25.415Z,2026-09-20T20:05:25.416187Z,2026-09-20T22:05:25.416187Z,7480.966979,7,0.012685,23.649980291682127,4.584980237154156,-0.158,27.651515151515152,23.649980291682127,68.20414048254014,3,1,1,1,1.0,False
SHELL,2026-09-20T20:05:36.106Z,2026-09-20T20:05:36.107155Z,2026-09-20T22:05:36.107155Z,7470.276011,7,0.0241,82.98755186721941,15.899581589958164,4.825,39.39393939393939,82.98755186721941,51.18987704676294,1,1,0,0,1.0,False
1000CAT,2026-09-20T20:11:44.718Z,2026-09-20T20:11:44.718337Z,2026-09-20T22:11:44.718337Z,7701.420959,7,0.0020835,33.5973122150231,5.689488910318229,-2.766,14.015151515151516,33.5973122150231,59.79517501709724,0,0,0,0,,False
BARD,2026-09-20T20:12:22.191Z,2026-09-20T20:12:22.191971Z,2026-09-20T22:12:22.191971Z,7663.947325,7,0.13074999999999998,22.944550669215662,5.909439754412881,-0.988,15.151515151515152,22.944550669215662,63.04758707796567,0,0,0,0,,False
BEAMX,2026-09-20T20:12:30.728Z,2026-09-20T20:12:30.728457Z,2026-09-20T22:12:30.728457Z,7655.410839,7,0.001829,21.86987424822242,4.259967231021297,0.384,15.909090909090908,21.86987424822242,68.9005451233033,0,0,0,0,,True
BFUSD,2026-09-20T20:12:36.100Z,2026-09-20T20:12:36.100272Z,2026-09-20T22:12:36.100272Z,7650.039024,7,0.9997499999999999,9.00225056264078,0.10008006405124109,-0.1,12.5,9.00225056264078,41.09026806964771,0,0,0,0,,
CATI,2026-09-20T20:12:49.316Z,2026-09-20T20:12:49.316372Z,2026-09-20T22:12:49.316372Z,7636.822924,7,0.06655,21.036814425244366,10.302158273381295,1.179,21.96969696969697,21.036814425244366,48.00855807456282,0,0,0,0,,False
COW,2026-09-20T20:12:56.303Z,2026-09-20T20:12:56.303344Z,2026-09-20T22:12:56.303344Z,7629.835952,7,0.1577,12.682308180089139,6.1171925305859505,-0.193,14.393939393939394,12.682308180089139,61.382464693255024,1,0,0,1,0.0,False
DOGS,2026-09-20T20:13:01.341Z,2026-09-20T20:13:01.341524Z,2026-09-20T22:13:01.341524Z,7624.797772,7,4.813e-05,4.1554124246838136,5.846088435374148,-1.693,24.242424242424242,4.1554124246838136,55.60995155185061,0,0,0,0,,False
DYM,2026-09-20T20:13:08.595Z,2026-09-20T20:13:08.595249Z,2026-09-20T22:13:08.595249Z,7617.544047,7,0.017305,17.336030049118044,10.654313839027223,0.174,18.560606060606062,17.336030049118044,61.336835269905436,0,0,0,0,,False
EDEN,2026-09-20T20:13:16.126Z,2026-09-20T20:13:16.126923Z,2026-09-20T22:13:16.126923Z,7610.012373,7,0.05348,18.698578908003526,5.899363794100636,-0.594,22.348484848484848,18.698578908003526,62.24836751622822,0,0,0,0,,False
ETC,2026-09-20T20:13:22.952Z,2026-09-20T20:13:22.952793Z,2026-09-20T22:13:22.952793Z,7603.186503,7,8.545,11.702750146286208,6.721698113207529,-0.235,20.075757575757574,11.702750146286208,65.67635744273116,0,0,0,0,,False
EURI,2026-09-20T20:13:35.397Z,2026-09-20T20:13:35.397708Z,2026-09-20T22:13:35.397708Z,7590.741588,7,1.1574499999999999,40.60650568059032,0.2870313994955276,0.026,18.939393939393938,40.60650568059032,64.35091049617448,1,1,0,0,1.0,False
INIT,2026-09-20T20:13:56.520Z,2026-09-20T20:13:56.520986Z,2026-09-20T22:13:56.520986Z,7569.61831,7,0.07370499999999999,9.49732039888754,8.532423208191116,-2.359,23.106060606060606,9.49732039888754,56.12393469324385,0,0,0,0,,False
KERNEL,2026-09-20T20:14:05.120Z,2026-09-20T20:14:05.120436Z,2026-09-20T22:14:05.120436Z,7561.01886,7,0.042050000000000004,23.781212841853964,6.954436450839328,-3.248,23.863636363636363,23.781212841853964,57.83027617244414,0,0,0,0,,False
LAYER,2026-09-20T20:14:13.201Z,2026-09-20T20:14:13.201353Z,2026-09-20T22:14:13.201353Z,7552.937943,7,0.07264999999999999,13.76462491397149,4.564315352697111,-1.094,21.59090909090909,13.76462491397149,64.29250152888484,0,0,0,0,,True
NEWT,2026-09-20T20:14:26.418Z,2026-09-20T20:14:26.418648Z,2026-09-20T22:14:26.418648Z,7539.720648,7,0.044975,20.011117287381833,5.572963294538957,-0.49,10.984848484848484,20.011117287381833,51.28615985734378,0,0,0,0,,False
NOM,2026-09-20T20:14:33.586Z,2026-09-20T20:14:33.586695Z,2026-09-20T22:14:33.586695Z,7532.552601,7,0.001695,58.99705014749151,5.325443786982249,-0.588,10.606060606060606,58.99705014749151,46.084354318151235,0,0,0,0,,False
ANIME,2026-09-20T20:21:46.799Z,2026-09-20T20:21:46.799803Z,2026-09-20T22:21:46.799803Z,7698.197262,7,0.003175,31.496062992126067,5.974842767295599,-0.625,1.893939393939394,31.496062992126067,61.145188496642874,0,0,0,0,,True
AVAX,2026-09-20T20:22:03.187Z,2026-09-20T20:22:03.187830Z,2026-09-20T22:22:03.187830Z,7681.809235,7,11.338000000000001,1.7639795378379501,18.094554588678562,15.214,97.34848484848484,1.7639795378379501,77.02320218715546,27,20,6,1,0.5926,False
BANANA,2026-09-20T20:22:10.317Z,2026-09-20T20:22:10.317683Z,2026-09-20T22:22:10.317683Z,7674.679382,7,4.012499999999999,27.41433021806884,4.443334997503742,-0.669,9.090909090909092,27.41433021806884,49.62194418658284,0,0,0,0,,False
FLUX,2026-09-20T20:22:46.322Z,2026-09-20T20:22:46.323022Z,2026-09-20T22:22:46.323022Z,7638.674043,7,0.05875,17.021276595743988,5.227655986509273,0.169,7.954545454545454,17.021276595743988,65.81270028300996,0,0,0,0,,False
LISTA,2026-09-20T20:23:21.282Z,2026-09-20T20:23:21.282526Z,2026-09-20T22:23:21.282526Z,7603.714539,7,0.0815,24.5398773006142,3.571428571428571,0.247,6.818181818181818,24.5398773006142,63.36478124008602,0,0,0,0,,False
NEAR,2026-09-20T20:23:27.073Z,2026-09-20T20:23:27.073584Z,2026-09-20T22:23:27.073584Z,7597.923481,7,4.247999999999999,4.708097928436394,22.033898305084744,11.964,98.48484848484848,4.708097928436394,76.87180102942534,47,29,11,7,0.7021,False
NXPC,2026-09-20T20:23:34.814Z,2026-09-20T20:23:34.814508Z,2026-09-20T22:23:34.814508Z,7590.182557,7,0.2242,17.84121320249704,6.583072100313475,-0.888,2.272727272727273,17.84121320249704,45.863708661359674,0,0,0,0,,False
SAPIEN,2026-09-20T20:23:42.146Z,2026-09-20T20:23:42.147129Z,2026-09-20T22:23:42.147129Z,7582.849936,7,0.076,26.315789473684966,3.006535947712414,1.19,5.303030303030303,26.315789473684966,68.18450746804902,0,0,0,0,,False
SOL,2026-09-20T20:23:48.230Z,2026-09-20T20:23:48.231034Z,2026-09-20T22:23:48.231034Z,7576.766031,7,110.505,0.9049364282163809,3.817209175809224,-0.577,98.86363636363636,0.9049364282163809,58.08323076709913,31,20,7,4,0.9355,False
SUI,2026-09-20T20:23:55.255Z,2026-09-20T20:23:55.255848Z,2026-09-20T22:23:55.255848Z,7569.741217,7,0.9009,2.2200022200019753,12.463832628533273,4.72,98.10606060606061,2.2200022200019753,66.84038328568798,33,20,11,2,0.7879,False
TLM,2026-09-20T20:24:06.394Z,2026-09-20T20:24:06.394638Z,2026-09-20T22:24:06.394638Z,7558.602427,7,0.001444,27.70083102493142,4.824259131633354,-1.494,4.166666666666667,27.70083102493142,47.204414423915836,0,0,0,0,,False
TURTLE,2026-09-20T20:24:15.093Z,2026-09-20T20:24:15.094080Z,2026-09-20T22:24:15.094080Z,7549.902985,7,0.0419,47.732696897376066,3.8186157517899693,-0.238,1.5151515151515151,47.732696897376066,65.3088813444174,0,0,0,0,,False
UMA,2026-09-20T20:24:25.729Z,2026-09-20T20:24:25.729315Z,2026-09-20T22:24:25.729315Z,7539.26775,7,0.389,51.41388174807203,4.627249357326482,-0.765,7.196969696969697,51.41388174807203,65.50253871670279,0,0,0,0,,False
USD1,2026-09-20T20:24:33.086Z,2026-09-20T20:24:33.087122Z,2026-09-20T22:24:33.087122Z,7531.909943,7,0.99975,1.0002500625155186,0.040012003601075916,-0.01,97.72727272727273,1.0002500625155186,73.82320384617795,0,0,0,0,,False
VANA,2026-09-20T20:24:40.678Z,2026-09-20T20:24:40.679112Z,2026-09-20T22:24:40.679112Z,7524.317953,7,1.105,36.19909502262447,6.7405355493998105,0.0,3.0303030303030303,36.19909502262447,37.20295698325045,0,0,0,0,,False
WCT,2026-09-20T20:24:46.159Z,2026-09-20T20:24:46.159650Z,2026-09-20T22:24:46.159650Z,7518.837415,7,0.040010000000000004,9.997500624845115,5.7658561042867795,-1.165,8.712121212121213,9.997500624845115,58.9377178257822,0,0,0,0,,False
XRP,2026-09-20T20:24:51.676Z,2026-09-20T20:24:51.677030Z,2026-09-20T22:24:51.677030Z,7513.320035,7,1.4095499999999999,0.7094462771805824,4.782824346347347,-0.864,99.24242424242425,0.7094462771805824,55.11813019405007,27,14,8,5,0.6667,False
YB,2026-09-20T20:24:59.212Z,2026-09-20T20:24:59.212898Z,2026-09-20T22:24:59.212898Z,7505.784167,7,0.086,23.255813953487426,5.503512880562056,-1.952,0.7575757575757576,23.255813953487426,56.47050955173116,0,0,0,0,,False
ZEC,2026-09-20T20:25:05.525Z,2026-09-20T20:25:05.525664Z,2026-09-20T22:25:05.525664Z,7499.471401,7,1519.1999999999998,4.739336492891176,4.310018903591692,0.109,96.21212121212122,4.739336492891176,69.94842677166798,28,12,11,5,0.4286,False
TRX,2026-09-20T20:32:11.576Z,2026-09-20T20:32:11.576676Z,2026-09-20T22:32:11.576676Z,7673.244667,7,0.34275,2.917578409919445,2.3323615160349713,1.12,85.22727272727273,2.917578409919445,59.7640798024646,36,9,26,1,0.9722,False
0G,2026-09-20T20:38:00.258Z,2026-09-20T20:38:00.258921Z,2026-09-20T22:38:00.258921Z,7324.562422,7,0.2261,17.69128704113275,12.192943278249215,-1.669,71.21212121212122,17.69128704113275,57.162624212208,0,0,0,0,,False
ALLO,2026-09-20T20:38:09.266Z,2026-09-20T20:38:09.266490Z,2026-09-20T22:38:09.266490Z,7315.554853,7,0.25725,11.6618075801758,17.70353302611366,10.479,76.51515151515152,11.6618075801758,72.7114743661594,0,0,0,0,,False
AR,2026-09-20T20:38:14.962Z,2026-09-20T20:38:14.962599Z,2026-09-20T22:38:14.962599Z,7309.858744,7,4.768,8.38926174496552,26.87579482831708,9.492,84.84848484848484,8.38926174496552,64.40841668585475,5,3,0,2,0.6,False
ASTER,2026-09-20T20:38:20.285Z,2026-09-20T20:38:20.285970Z,2026-09-20T22:38:20.285970Z,7304.535373,7,0.7444999999999999,13.431833445265292,5.7951482479784415,-3.511,80.68181818181819,13.431833445265292,50.6973619232575,0,0,0,0,,False
BCH,2026-09-20T20:38:26.153Z,2026-09-20T20:38:26.153390Z,2026-09-20T22:38:26.153390Z,7298.667953,7,251.05,3.983270264887246,5.681366706396497,-1.022,80.3030303030303,3.983270264887246,64.3828257056887,3,2,1,0,-0.3333,False
BONK,2026-09-20T20:38:33.253Z,2026-09-20T20:38:33.253547Z,2026-09-20T22:38:33.253547Z,7291.567796,7,3.0349999999999997e-06,32.94892915980339,5.610561056105613,-1.623,73.10606060606061,32.94892915980339,70.28064243797516,7,5,2,0,0.8571,False
C,2026-09-20T20:38:39.771Z,2026-09-20T20:38:39.771605Z,2026-09-20T22:38:39.771605Z,7285.049738,7,0.079,25.316455696203256,29.31034482758621,10.027,78.4090909090909,25.316455696203256,75.23119292111282,0,0,0,0,,False
KMNO,2026-09-20T20:39:36.974Z,2026-09-20T20:39:36.975286Z,2026-09-20T22:39:36.975286Z,7227.846057,7,0.0332,18.07228915662786,20.851326341764338,17.762,70.83333333333333,18.07228915662786,74.78490589093265,1,1,0,0,1.0,False
GALA,2026-09-20T20:47:47.585Z,2026-09-20T20:47:47.585596Z,2026-09-20T22:47:47.585596Z,7337.313037,7,0.0019529999999999999,10.240655401945974,6.532921810699585,-0.154,67.42424242424242,10.240655401945974,66.51278709799476,0,0,0,0,,False
HEMI,2026-09-20T20:48:02.256Z,2026-09-20T20:48:02.257051Z,2026-09-20T22:48:02.257051Z,7322.641582,7,0.006275,15.936254980079031,8.888888888888886,-2.778,65.9090909090909,15.936254980079031,62.97687569287127,4,0,2,2,0.0,False
NEO,2026-09-20T20:48:35.174Z,2026-09-20T20:48:35.175186Z,2026-09-20T22:48:35.175186Z,7289.723447,7,2.4050000000000002,16.632016632016647,6.63349917081261,-1.752,54.92424242424242,16.632016632016647,56.955173768525434,6,4,2,0,0.6667,False
TWT,2026-09-20T20:49:29.253Z,2026-09-20T20:49:29.254048Z,2026-09-20T22:49:29.254048Z,7235.644585,7,0.57975,22.42345838723724,4.264909847434131,0.0,62.121212121212125,22.42345838723724,55.695671363284205,0,0,0,0,,False
USDE,2026-09-20T20:49:34.986Z,2026-09-20T20:49:34.987259Z,2026-09-20T22:49:34.987259Z,7229.911374,7,1.0000499999999999,0.999950002499765,0.0199980001999778,0.01,57.95454545454545,0.999950002499765,74.84197891554642,3,2,1,0,1.0,False
HOME,2026-09-20T20:56:06.691Z,2026-09-20T20:56:06.691783Z,2026-09-20T22:56:06.691783Z,7439.854269,7,0.00647,30.91190108191662,12.732919254658379,-1.075,54.166666666666664,30.91190108191662,68.46800125107761,0,0,0,0,,False
MANTA,2026-09-20T20:56:45.307Z,2026-09-20T20:56:45.307783Z,2026-09-20T22:56:45.307783Z,7401.238269,7,0.06949,28.781119585552702,11.473774230330674,10.193,44.696969696969695,28.781119585552702,63.28623761301035,0,0,0,0,,False
NIL,2026-09-20T20:57:18.086Z,2026-09-20T20:57:18.087043Z,2026-09-20T22:57:18.087043Z,7368.459009,7,0.06436,24.86016159104933,27.966101694915253,32.951,54.54545454545455,24.86016159104933,64.38359663951495,0,0,0,0,,False
OSMO,2026-09-20T20:57:28.898Z,2026-09-20T20:57:28.898365Z,2026-09-20T22:57:28.898365Z,7357.647687,7,0.037000000000000005,54.05405405405372,10.160427807486624,5.65,43.18181818181818,54.05405405405372,60.9370539078498,0,0,0,0,,False
REZ,2026-09-20T20:57:39.457Z,2026-09-20T20:57:39.457374Z,2026-09-20T22:57:39.457374Z,7347.088678,7,0.0037524999999999998,23.984010659560013,9.625099707524592,1.924,47.34848484848485,23.984010659560013,66.98217769162687,0,0,0,0,,False
SKY,2026-09-20T20:58:09.442Z,2026-09-20T20:58:09.442320Z,2026-09-20T22:58:09.442320Z,7317.103732,7,0.07077,11.304224954076126,5.099150141643069,2.601,48.10606060606061,11.304224954076126,77.05097116828031,0,0,0,0,,False
TRB,2026-09-20T20:58:31.978Z,2026-09-20T20:58:31.979082Z,2026-09-20T22:58:31.979082Z,7294.56697,7,18.085,5.529444290849634,8.890115958034233,-3.926,45.07575757575758,5.529444290849634,54.21958275826556,0,0,0,0,,False
AXS,2026-09-20T21:04:58.465Z,2026-09-20T21:04:58.465846Z,2026-09-20T23:04:58.465846Z,7508.439821,7,1.0150000000000001,19.70443349753696,5.550049554013881,-1.175,25.0,19.70443349753696,60.49433556193821,1,1,0,0,1.0,False
BMT,2026-09-20T21:05:12.282Z,2026-09-20T21:05:12.283148Z,2026-09-20T23:05:12.283148Z,7494.622519,7,0.01965,40.712468193384325,9.295199182839625,-1.211,33.333333333333336,40.712468193384325,52.956023463114605,2,2,0,0,1.0,False
GRT,2026-09-20T21:06:04.764Z,2026-09-20T21:06:04.764811Z,2026-09-20T23:06:04.764811Z,7442.140856,7,0.02232,17.921146953404286,12.594908441268421,9.06,36.74242424242424,17.921146953404286,67.53247640716793,4,2,1,1,0.5,False
PNUT,2026-09-20T21:07:15.726Z,2026-09-20T21:07:15.727123Z,2026-09-20T23:07:15.727123Z,7371.178544,7,0.05265,56.9800569800573,4.347826086956514,-1.121,30.303030303030305,56.9800569800573,56.36366014220133,2,2,0,0,1.0,False
THETA,2026-09-20T21:07:45.382Z,2026-09-20T21:07:45.383140Z,2026-09-20T23:07:45.383140Z,7341.522527,7,0.21475,23.282887077997692,8.213457076566122,-4.094,34.46969696969697,23.282887077997692,49.46200354389057,0,0,0,0,,False
TNSR,2026-09-20T21:07:52.618Z,2026-09-20T21:07:52.618948Z,2026-09-20T23:07:52.618948Z,7334.286719,7,0.0359,55.7103064066849,4.735376044568245,-1.374,28.03030303030303,55.7103064066849,65.87373611292776,0,0,0,0,,False
TST,2026-09-20T21:07:59.755Z,2026-09-20T21:07:59.755318Z,2026-09-20T23:07:59.755318Z,7327.150349,7,0.015435,19.43634596695854,4.333764553686937,-1.088,33.71212121212121,19.43634596695854,66.55613383539004,1,0,1,0,1.0,False
1000SATS,2026-09-20T21:13:46.862Z,2026-09-20T21:13:46.862396Z,2026-09-20T23:13:46.862396Z,7580.551189,7,1.118e-05,17.889087656529345,5.376344086021515,-2.019,12.5,17.889087656529345,44.812533774957075,3,1,2,0,0.3333,False
2Z,2026-09-20T21:13:51.926Z,2026-09-20T21:13:51.926551Z,2026-09-20T23:13:51.926551Z,7575.487034,7,0.049715,14.080257467565245,5.788423153692614,-1.494,14.393939393939394,14.080257467565245,40.66911214518115,0,0,0,0,,False
ALT,2026-09-20T21:14:04.601Z,2026-09-20T21:14:04.601988Z,2026-09-20T23:14:04.601988Z,7562.811597,7,0.007175,13.93728222996459,4.475524475524475,-0.694,19.318181818181817,13.93728222996459,54.51466820720575,1,0,1,0,1.0,False
AT,2026-09-20T21:14:11.729Z,2026-09-20T21:14:11.729689Z,2026-09-20T23:14:11.729689Z,7555.683896,7,0.14845,20.20882452004193,6.952965235173815,-1.012,9.848484848484848,20.20882452004193,55.08791573160015,0,0,0,0,,False
BABY,2026-09-20T21:14:17.467Z,2026-09-20T21:14:17.467624Z,2026-09-20T23:14:17.467624Z,7549.945961,7,0.011655,8.58000858000823,5.88235294117647,-0.858,18.560606060606062,8.58000858000823,38.26416983257431,1,1,0,0,-1.0,False
HMSTR,2026-09-20T21:15:18.723Z,2026-09-20T21:15:18.723997Z,2026-09-20T23:15:18.723997Z,7488.689588,7,0.0001717,11.648223645894284,7.30724971231301,2.416,17.045454545454547,11.648223645894284,55.27398349532969,1,0,1,0,1.0,False
HUMA,2026-09-20T21:15:25.699Z,2026-09-20T21:15:25.699849Z,2026-09-20T23:15:25.699849Z,7481.713736,7,0.022850000000000002,43.76367614879623,11.821366024518394,-6.89,10.606060606060606,43.76367614879623,57.27777729153831,0,0,0,0,,False
STO,2026-09-20T21:16:36.054Z,2026-09-20T21:16:36.054261Z,2026-09-20T23:16:36.054261Z,7411.359324,7,0.0401,49.87531172069796,4.466501240694797,-0.739,22.348484848484848,49.87531172069796,57.43289990696119,1,1,0,0,1.0,False
SXT,2026-09-20T21:16:42.574Z,2026-09-20T21:16:42.574221Z,2026-09-20T23:16:42.574221Z,7404.839364,7,0.008525000000000001,35.19061583577772,8.833922261484087,-1.394,12.121212121212121,35.19061583577772,31.726238287889547,0,0,0,0,,False
TREE,2026-09-20T21:16:53.346Z,2026-09-20T21:16:53.346263Z,2026-09-20T23:16:53.346263Z,7394.067322,7,0.04355,22.96211251435198,7.88863109048724,-3.363,23.863636363636363,22.96211251435198,59.043158015408814,4,2,2,0,1.0,False
TURBO,2026-09-20T21:17:00.579Z,2026-09-20T21:17:00.580164Z,2026-09-20T23:17:00.580164Z,7386.833421,7,0.0009755,10.251153254741407,6.74846625766871,-2.2,17.803030303030305,10.251153254741407,53.514091932891496,0,0,0,0,,False
ZBT,2026-09-20T21:17:11.495Z,2026-09-20T21:17:11.496178Z,2026-09-20T23:17:11.496178Z,7375.917407,7,0.0814,24.57002457002527,5.940594059405939,-1.463,10.227272727272727,24.57002457002527,63.7467152533689,0,0,0,0,,False
1INCH,2026-09-20T21:22:52.817Z,2026-09-20T21:22:52.818068Z,2026-09-20T23:22:52.818068Z,7633.505449,7,0.09875,30.379746835443903,4.693877551020416,-1.804,3.787878787878788,30.379746835443903,59.53032907965216,0,0,0,0,,False
1MBABYDOGE,2026-09-20T21:22:59.922Z,2026-09-20T21:22:59.922361Z,2026-09-20T23:22:59.922361Z,7626.401156,7,0.0003934,20.33553634977034,3.4702730288338874,-0.935,2.272727272727273,20.33553634977034,64.73466385846626,5,4,1,0,1.0,False
ACT,2026-09-20T21:23:06.987Z,2026-09-20T21:23:06.988020Z,2026-09-20T23:23:06.988020Z,7619.335497,7,0.010450000000000001,38.27751196172258,5.062082139446029,-0.475,3.409090909090909,38.27751196172258,41.620676917737406,0,0,0,0,,False
ADA,2026-09-20T21:23:11.818Z,2026-09-20T21:23:11.818686Z,2026-09-20T23:23:11.818686Z,7614.504831,7,0.22805,4.385003288751983,6.441717791411039,-0.566,94.31818181818181,4.385003288751983,63.90845570922827,34,13,7,14,0.0588,False
AIXBT,2026-09-20T21:23:19.800Z,2026-09-20T21:23:19.800672Z,2026-09-20T23:23:19.800672Z,7606.522845,7,0.02094,28.65329512893866,5.192307692307698,-0.952,0.3787878787878788,28.65329512893866,57.63874119449441,0,0,0,0,,False
API3,2026-09-20T21:23:32.128Z,2026-09-20T21:23:32.128739Z,2026-09-20T23:23:32.128739Z,7594.194778,7,0.24985,60.036021612967836,6.1208267090619914,-0.867,5.681818181818182,60.036021612967836,48.25897146522002,0,0,0,0,,True
AUCTION,2026-09-20T21:23:39.058Z,2026-09-20T21:23:39.058833Z,2026-09-20T23:23:39.058833Z,7587.264684,7,3.527,51.03487383045148,4.445073612684033,0.028,7.196969696969697,51.03487383045148,56.21695409647054,2,2,0,0,1.0,False
BLUR,2026-09-20T21:23:56.468Z,2026-09-20T21:23:56.468993Z,2026-09-20T23:23:56.468993Z,7569.854524,7,0.01866,10.718113612003851,5.967741935483871,-2.002,7.575757575757576,10.718113612003851,50.59597077638354,0,0,0,0,,False
BNB,2026-09-20T21:24:01.231Z,2026-09-20T21:24:01.232139Z,2026-09-20T23:24:01.232139Z,7565.091378,7,772.525,0.12944564900800498,3.44243498201907,0.761,97.34848484848484,0.12944564900800498,63.158634432750425,20,14,5,1,0.85,False
BTC,2026-09-20T21:24:07.177Z,2026-09-20T21:24:07.177706Z,2026-09-20T23:24:07.177706Z,7559.145811,7,81154.85500000001,0.0012322121695321011,1.6911308285402573,-0.095,100.0,0.0012322121695321011,58.3063679283325,31,15,9,7,0.3548,False
CGPT,2026-09-20T21:24:14.742Z,2026-09-20T21:24:14.742865Z,2026-09-20T23:24:14.742865Z,7551.580652,7,0.020135,14.899428855228331,6.334841628959278,-3.353,4.166666666666667,14.899428855228331,46.100587249650786,1,0,1,0,1.0,False
DOLO,2026-09-20T21:24:21.239Z,2026-09-20T21:24:21.239808Z,2026-09-20T23:24:21.239808Z,7545.083709,7,0.02588,61.82380216383324,3.958090803259604,-1.189,6.4393939393939394,61.82380216383324,56.34630396811124,0,0,0,0,,False
ENA,2026-09-20T21:24:26.656Z,2026-09-20T21:24:26.657143Z,2026-09-20T23:24:26.657143Z,7539.666374,7,0.21775,4.592422502869758,18.223443223443223,4.95,96.5909090909091,4.592422502869758,58.6557799656053,23,18,4,1,0.6957,False
ETH,2026-09-20T21:24:31.756Z,2026-09-20T21:24:31.756922Z,2026-09-20T23:24:31.756922Z,7534.566595,7,2637.605,0.037913182603984595,3.2596284789791437,0.039,99.62121212121212,0.037913182603984595,63.35737717555935,46,30,12,4,0.8043,False
EUR,2026-09-20T21:24:35.481Z,2026-09-20T21:24:35.481202Z,2026-09-20T23:24:35.481202Z,7530.842315,7,1.1618,1.7214666896193662,1.0230622507369544,0.313,94.6969696969697,1.7214666896193662,61.24398507849035,1,1,0,0,1.0,False
FORM,2026-09-20T21:24:47.688Z,2026-09-20T21:24:47.688715Z,2026-09-20T23:24:47.688715Z,7518.634802,7,0.25865000000000005,19.33114247052002,5.880062305295952,-1.609,6.0606060606060606,19.33114247052002,63.61415995050124,0,0,0,0,,False
GMT,2026-09-20T21:24:54.566Z,2026-09-20T21:24:54.566653Z,2026-09-20T23:24:54.566653Z,7511.756864,7,0.0077599999999999995,25.773195876288728,5.6921086675291,-0.897,7.954545454545454,25.773195876288728,54.26589002338593,1,1,0,0,1.0,False
HAEDAL,2026-09-20T21:25:01.160Z,2026-09-20T21:25:01.161104Z,2026-09-20T23:25:01.161104Z,7505.162413,7,0.019905,55.2624968600849,4.3632673769660055,-0.755,2.6515151515151514,55.2624968600849,44.6941246623987,0,0,0,0,,False
UNI,2026-09-20T21:25:59.571Z,2026-09-20T21:25:59.571598Z,2026-09-20T23:25:59.571598Z,7446.751919,7,8.749500000000001,1.1429224527109498,5.984666437807525,0.889,95.07575757575758,1.1429224527109498,61.65325753610423,33,21,10,2,0.5758,False
ALGO,2026-09-20T21:32:09.675Z,2026-09-20T21:32:09.676157Z,2026-09-20T23:32:09.676157Z,7675.699418,7,0.10880000000000001,18.38235294117572,13.525698827772766,8.832,88.63636363636364,18.38235294117572,73.1120834729589,12,7,5,0,0.6667,False
APT,2026-09-20T21:32:14.796Z,2026-09-20T21:32:14.797003Z,2026-09-20T23:32:14.797003Z,7670.578572,7,0.7435,13.449899125756568,7.743658210947937,1.628,88.25757575757575,13.449899125756568,66.58931271652465,5,1,4,0,0.6,False
ARB,2026-09-20T21:32:19.916Z,2026-09-20T21:32:19.917079Z,2026-09-20T23:32:19.917079Z,7665.458496,7,0.21935,4.5589240939146,11.189801699716714,2.319,93.56060606060606,4.5589240939146,73.39866313405449,53,10,42,1,1.0,False
DOGE,2026-09-20T21:32:25.229Z,2026-09-20T21:32:25.229902Z,2026-09-20T23:32:25.229902Z,7660.145673,7,0.08737,2.2891152569538886,5.459113750571029,-1.529,93.18181818181819,2.2891152569538886,66.21453588307736,28,16,11,1,0.4643,False
FDUSD,2026-09-20T21:32:29.022Z,2026-09-20T21:32:29.022853Z,2026-09-20T23:32:29.022853Z,7656.352722,7,0.99865,1.0013518249635907,0.05006508460998748,-0.02,92.8030303030303,1.0013518249635907,55.14676251816843,0,0,0,0,,True
FET,2026-09-20T21:32:35.478Z,2026-09-20T21:32:35.478292Z,2026-09-20T23:32:35.478292Z,7649.897283,7,0.1758,11.376564277588493,7.601351351351358,0.226,87.12121212121212,11.376564277588493,63.840417038847136,1,1,0,0,1.0,False
GRAM,2026-09-20T21:32:40.707Z,2026-09-20T21:32:40.707512Z,2026-09-20T23:32:40.707512Z,7644.668063,7,1.3855,7.217610970767882,1.8786127167629916,-0.575,90.53030303030303,7.217610970767882,63.3474381005974,2,1,0,1,1.0,False
HBAR,2026-09-20T21:32:46.259Z,2026-09-20T21:32:46.259501Z,2026-09-20T23:32:46.259501Z,7639.116074,7,0.086905,5.7534088947695174,12.23038358400373,4.84,91.28787878787878,5.7534088947695174,74.54058698779266,17,8,5,4,0.4118,False
INJ,2026-09-20T21:32:51.433Z,2026-09-20T21:32:51.433791Z,2026-09-20T23:32:51.433791Z,7633.941784,7,7.773999999999999,10.290712631849765,12.702317752168856,-1.705,92.42424242424242,10.290712631849765,51.91610711317529,18,14,4,0,0.6667,False
JTO,2026-09-20T21:32:57.034Z,2026-09-20T21:32:57.034938Z,2026-09-20T23:32:57.034938Z,7628.340637,7,0.5001,3.999200159967566,9.3546477205447,5.059,90.9090909090909,3.999200159967566,79.54830271773758,2,2,0,0,1.0,False
LINK,2026-09-20T21:33:02.371Z,2026-09-20T21:33:02.372078Z,2026-09-20T23:33:02.372078Z,7623.003497,7,12.4985,0.8000960115223603,5.508542232157109,0.312,93.93939393939394,0.8000960115223603,61.48758751706906,21,11,9,1,0.6667,False
LTC,2026-09-20T21:33:08.099Z,2026-09-20T21:33:08.099546Z,2026-09-20T23:33:08.099546Z,7617.276029,7,58.864999999999995,1.6988023443468974,4.805569706231967,1.815,92.04545454545455,1.6988023443468974,60.40651597863283,23,11,8,4,0.2174,False
ONDO,2026-09-20T21:33:18.848Z,2026-09-20T21:33:18.848981Z,2026-09-20T23:33:18.848981Z,7606.526594,7,0.43445,11.50880423523997,7.662037037037041,2.2,86.36363636363636,11.50880423523997,65.86295404895245,10,9,0,1,1.0,False
PENGU,2026-09-20T21:33:23.848Z,2026-09-20T21:33:23.848596Z,2026-09-20T23:33:23.848596Z,7601.526979,7,0.0078795,8.883812424646313,6.448349981034266,-1.568,89.39393939393939,8.883812424646313,66.55742644552144,4,3,1,0,0.0,False
PEPE,2026-09-20T21:33:29.608Z,2026-09-20T21:33:29.608609Z,2026-09-20T23:33:29.608609Z,7595.766966,7,4.005e-06,24.968789013732597,9.226932668329175,-5.201,91.66666666666667,24.968789013732597,58.14652010191745,20,17,1,2,0.1,False
PUMP,2026-09-20T21:33:35.955Z,2026-09-20T21:33:35.956238Z,2026-09-20T23:33:35.956238Z,7589.419337,7,0.0042205,11.846937566638541,10.560595487322642,2.896,90.15151515151516,11.846937566638541,70.3976264182131,25,21,3,1,0.52,False
SAGA,2026-09-20T21:33:41.432Z,2026-09-20T21:33:41.432831Z,2026-09-20T23:33:41.432831Z,7583.942744,7,0.03705,37.786774628880224,45.894736842105274,54.723,85.60606060606061,37.786774628880224,69.28171124886428,17,14,2,1,0.9412,False
STRK,2026-09-20T21:33:47.031Z,2026-09-20T21:33:47.031508Z,2026-09-20T23:33:47.031508Z,7578.344067,7,0.049104999999999996,10.18226249872751,18.08080808080808,17.885,86.74242424242425,10.18226249872751,75.08845535877437,22,8,13,1,0.9091,False
SYN,2026-09-20T21:33:52.690Z,2026-09-20T21:33:52.691275Z,2026-09-20T23:33:52.691275Z,7572.6843,7,0.22307500000000002,11.206993163734179,29.092175528209896,-12.302,87.5,11.206993163734179,53.46107945998062,3,2,1,0,-0.3333,False
WLD,2026-09-20T21:34:05.024Z,2026-09-20T21:34:05.025042Z,2026-09-20T23:34:05.025042Z,7560.350533,7,0.43715,2.2875443211709707,8.612873980054392,1.472,89.77272727272727,2.2875443211709707,66.22971284111266,2,2,0,0,1.0,False
XLM,2026-09-20T21:34:10.923Z,2026-09-20T21:34:10.924191Z,2026-09-20T23:34:10.924191Z,7554.451384,7,0.19774999999999998,5.0568900126430725,5.351681957186535,-1.308,87.87878787878788,5.0568900126430725,63.39234007410334,3,2,0,1,1.0,False
CAKE,2026-09-20T21:40:22.562Z,2026-09-20T21:40:22.562710Z,2026-09-20T23:40:22.562710Z,7782.856221,7,2.5705,11.670881151527382,10.317771675166728,6.519,79.54545454545455,11.670881151527382,64.0833410021065,7,3,3,1,0.7143,False
CRV,2026-09-20T21:40:27.806Z,2026-09-20T21:40:27.806899Z,2026-09-20T23:40:27.806899Z,7777.612032,7,0.35609999999999997,11.232799775344327,7.906044113434533,2.466,82.1969696969697,11.232799775344327,74.16663582161112,0,0,0,0,,False
DASH,2026-09-20T21:40:32.853Z,2026-09-20T21:40:32.854052Z,2026-09-20T23:40:32.854052Z,7772.564879,7,57.69,6.933610677760297,7.81358281358281,-2.037,76.89393939393939,6.933610677760297,55.669205046234865,0,0,0,0,,False
DOT,2026-09-20T21:40:38.432Z,2026-09-20T21:40:38.432896Z,2026-09-20T23:40:38.432896Z,7766.986035,7,1.1385,8.783487044357592,8.846487424111023,2.307,83.71212121212122,8.783487044357592,71.37445030104634,47,4,5,38,0.8298,False
ENSO,2026-09-20T21:40:43.379Z,2026-09-20T21:40:43.379788Z,2026-09-20T23:40:43.379788Z,7762.039143,7,1.0005,29.985007496251903,24.305555555555554,5.994,71.5909090909091,29.985007496251903,67.37230293508796,2,1,1,0,0.5,False
EPIC,2026-09-20T21:40:48.743Z,2026-09-20T21:40:48.743986Z,2026-09-20T23:40:48.743986Z,7756.674945,7,0.5720000000000001,20.979020979020607,26.306207900964868,4.034,75.37878787878788,20.979020979020607,70.52102714019462,4,3,0,1,1.0,False
ETHFI,2026-09-20T21:40:53.415Z,2026-09-20T21:40:53.415228Z,2026-09-20T23:40:53.415228Z,7752.003703,7,0.72655,17.892780951069682,10.116838487972508,-1.463,84.46969696969697,17.892780951069682,70.46232055243246,0,0,0,0,,False
FIL,2026-09-20T21:40:58.947Z,2026-09-20T21:40:58.948126Z,2026-09-20T23:40:58.948126Z,7746.470805,7,0.9451499999999999,13.75443051367474,12.436974789915961,-6.557,79.16666666666667,13.75443051367474,49.66536700753893,10,7,3,0,0.6,False
ICP,2026-09-20T21:41:14.658Z,2026-09-20T21:41:14.659204Z,2026-09-20T23:41:14.659204Z,7730.759727,7,2.909,6.875214850464847,7.63673890608875,-0.069,81.81818181818181,6.875214850464847,57.731883913672256,16,12,3,1,0.875,False
JUP,2026-09-20T21:41:20.034Z,2026-09-20T21:41:20.034257Z,2026-09-20T23:41:20.034257Z,7725.384674,7,0.29779999999999995,13.431833445265665,7.391613361762611,0.608,84.0909090909091,13.431833445265665,62.796766058862275,5,1,3,1,0.6,False
OP,2026-09-20T21:41:39.262Z,2026-09-20T21:41:39.263355Z,2026-09-20T23:41:39.263355Z,7706.155576,7,0.1256,15.923566878981351,11.871069182389938,3.499,81.06060606060606,15.923566878981351,67.68249023492217,0,0,0,0,,False
PAXG,2026-09-20T21:41:46.340Z,2026-09-20T21:41:46.340458Z,2026-09-20T23:41:46.340458Z,7699.078473,7,4362.805,0.022921033601589525,0.2633702219736442,-0.043,71.96969696969697,0.022921033601589525,48.76044627941706,1,0,1,0,1.0,False
PENDLE,2026-09-20T21:41:51.166Z,2026-09-20T21:41:51.166594Z,2026-09-20T23:41:51.166594Z,7694.252337,7,2.716,7.363770250369012,5.096995055154064,-1.165,77.27272727272727,7.363770250369012,64.67060306024686,3,2,1,0,1.0,False
RAY,2026-09-20T21:41:54.506Z,2026-09-20T21:41:54.506994Z,2026-09-20T23:41:54.506994Z,7690.911937,7,1.70395,12.324305290648146,8.7460231706585,-1.971,72.72727272727273,12.324305290648146,72.00223363019781,9,8,1,0,1.0,False
RENDER,2026-09-20T21:42:00.133Z,2026-09-20T21:42:00.134127Z,2026-09-20T23:42:00.134127Z,7685.284804,7,1.7415,17.226528854436484,14.664310954063598,8.36,82.95454545454545,17.226528854436484,67.67330802278006,2,1,1,0,1.0,False
RUNE,2026-09-20T21:42:07.328Z,2026-09-20T21:42:07.328469Z,2026-09-20T23:42:07.328469Z,7678.090462,7,0.5654999999999999,17.683465959328046,7.269503546099278,2.545,74.24242424242425,17.683465959328046,74.83532196755773,7,3,2,2,0.7143,False
SEI,2026-09-20T21:42:18.554Z,2026-09-20T21:42:18.554764Z,2026-09-20T23:42:18.554764Z,7666.864167,7,0.053505,9.344921035417519,10.855949895615872,5.023,78.78787878787878,9.344921035417519,69.77687758168501,17,8,9,0,0.8824,False
SHIB,2026-09-20T21:42:24.572Z,2026-09-20T21:42:24.572816Z,2026-09-20T23:42:24.572816Z,7660.846115,7,5.495e-06,18.19836214740656,4.71869328493648,-1.254,78.03030303030303,18.19836214740656,67.07298472477622,7,5,2,0,0.4286,False
STX,2026-09-20T21:42:29.534Z,2026-09-20T21:42:29.535050Z,2026-09-20T23:42:29.535050Z,7655.883881,7,0.3308,12.09189842805355,8.279069767441861,4.538,76.13636363636364,12.09189842805355,71.8984576139056,13,7,5,1,0.8462,False
TIA,2026-09-20T21:42:34.718Z,2026-09-20T21:42:34.718768Z,2026-09-20T23:42:34.718768Z,7650.700163,7,0.41905000000000003,7.159050232669668,5.587256300523068,0.791,72.34848484848484,7.159050232669668,65.34801160730557,6,3,2,1,0.3333,False
TRUMP,2026-09-20T21:42:39.740Z,2026-09-20T21:42:39.740961Z,2026-09-20T23:42:39.740961Z,7645.67797,7,2.0755,4.81811611659788,7.0259865255052905,-2.212,82.57575757575758,4.81811611659788,66.84253734298626,2,0,0,2,0.0,False
VIRTUAL,2026-09-20T21:42:45.181Z,2026-09-20T21:42:45.182180Z,2026-09-20T23:42:45.182180Z,7640.236751,7,0.6759999999999999,11.83431952662756,6.3870776526378235,-0.074,70.07575757575758,11.83431952662756,69.73595208147998,5,4,1,0,1.0,False
XPL,2026-09-20T21:42:50.288Z,2026-09-20T21:42:50.288242Z,2026-09-20T23:42:50.288242Z,7635.130689,7,0.089455,10.060924487171523,11.248744559758947,-3.177,81.43939393939394,10.060924487171523,61.227917922978975,3,2,0,1,0.3333,False
ZEN,2026-09-20T21:43:00.358Z,2026-09-20T21:43:00.358865Z,2026-09-20T23:43:00.358865Z,7625.060066,7,7.9135,16.42762368105124,10.877839165131995,4.53,75.0,16.42762368105124,79.30494909329336,7,3,4,0,0.7143,False
ZRO,2026-09-20T21:43:05.712Z,2026-09-20T21:43:05.712448Z,2026-09-20T23:43:05.712448Z,7619.706483,7,1.1760000000000002,17.006802721088448,10.450297366185216,4.715,77.65151515151516,17.006802721088448,74.83549626669888,5,3,2,0,0.8,False
BANK,2026-09-20T21:48:56.273Z,2026-09-20T21:48:56.274162Z,2026-09-20T23:48:56.274162Z,7269.144769,7,0.032549999999999996,30.721966205835926,28.143712574850316,-9.73,69.31818181818181,30.721966205835926,46.75327032023104,1,1,0,0,1.0,False
BOME,2026-09-20T21:49:02.409Z,2026-09-20T21:49:02.409437Z,2026-09-20T23:49:02.409437Z,7263.009494,7,0.0009742500000000001,13.343597639209415,7.623928048525422,0.22,57.196969696969695,13.343597639209415,59.3089641451151,1,1,0,0,1.0,False
CHZ,2026-09-20T21:49:25.865Z,2026-09-20T21:49:25.865729Z,2026-09-20T23:49:25.865729Z,7239.553202,7,0.015005000000000001,19.993335554815403,5.514950166112952,-2.018,60.22727272727273,19.993335554815403,65.84792769799512,16,8,8,0,0.6875,False
DYDX,2026-09-20T21:49:38.980Z,2026-09-20T21:49:38.980788Z,2026-09-20T23:49:38.980788Z,7226.438143,7,0.130385,17.640065958508107,9.24259900038447,-5.336,57.57575757575758,17.640065958508107,61.1330043948508,2,0,2,0,1.0,False
FF,2026-09-20T21:49:52.845Z,2026-09-20T21:49:52.846002Z,2026-09-20T23:49:52.846002Z,7212.572929,7,0.13296000000000002,22.56317689530646,23.26823993384644,25.688,56.81818181818182,22.56317689530646,68.0573346005277,4,2,2,0,1.0,False
