symbol,snapshot_ts,meta_added_ts,meta_expires_ts,meta_duration_sec,meta_archive_schema_version,spot_mid,spot_spread_bps,spot_range_pct_24h,spot_ticker24_chg,derived_liq_global_pct,derived_spread_bps,score_final,sentiment_posts_total,sentiment_posts_pos,sentiment_posts_neu,sentiment_posts_neg,sentiment_mean_score,sentiment_is_silent
BIO,2026-09-05T21:50:26.291Z,2026-09-05T21:50:26.291398Z,2026-09-05T23:50:26.291398Z,7780.741601,7,0.02781,7.191657677095524,5.547602004294915,4.098,37.6865671641791,7.191657677095524,60.77408153830526,0,0,0,0,,False
EDEN,2026-09-05T21:50:50.783Z,2026-09-05T21:50:50.783717Z,2026-09-05T23:50:50.783717Z,7756.249282,7,0.056515,12.386092187914823,7.127351664254701,-4.985,39.92537313432836,12.386092187914823,62.725065588245364,0,0,0,0,,True
ETC,2026-09-05T21:50:59.419Z,2026-09-05T21:50:59.419903Z,2026-09-05T23:50:59.419903Z,7747.613096,7,7.735,12.928248222365594,5.88235294117647,5.676,28.35820895522388,12.928248222365594,68.70410100061878,0,0,0,0,,False
KERNEL,2026-09-05T21:51:39.831Z,2026-09-05T21:51:39.831329Z,2026-09-05T23:51:39.831329Z,7707.20167,7,0.04075,24.5398773006142,4.691358024691355,3.581,39.17910447761194,24.5398773006142,74.75205121450644,0,0,0,0,,False
KMNO,2026-09-05T21:51:46.297Z,2026-09-05T21:51:46.297358Z,2026-09-05T23:51:46.297358Z,7700.735641,7,0.02511,7.964954201513017,1.630218687872766,1.33,32.83582089552239,7.964954201513017,72.76471597423144,1,0,1,0,1.0,False
LINEA,2026-09-05T21:51:58.594Z,2026-09-05T21:51:58.594176Z,2026-09-05T23:51:58.594176Z,7688.438823,7,0.002698,14.825796886583015,5.4442344045368625,4.504,29.104477611940297,14.825796886583015,75.89737179602464,0,0,0,0,,False
LISTA,2026-09-05T21:52:05.230Z,2026-09-05T21:52:05.230559Z,2026-09-05T23:52:05.230559Z,7681.80244,7,0.0805,24.84472049689512,12.858926342072413,5.256,26.119402985074625,24.84472049689512,56.2353880821934,0,0,0,0,,False
MITO,2026-09-05T21:52:13.655Z,2026-09-05T21:52:13.655252Z,2026-09-05T23:52:13.655252Z,7673.377747,7,0.017405,17.236426314278795,6.601607347876014,-0.286,36.940298507462686,17.236426314278795,56.57315740109017,0,0,0,0,,False
MMT,2026-09-05T21:52:20.812Z,2026-09-05T21:52:20.812356Z,2026-09-05T23:52:20.812356Z,7666.220643,7,0.16615,6.018657839301174,3.08716707021793,0.548,33.95522388059702,6.018657839301174,60.13593244179457,18,12,4,2,0.9444,False
ORCA,2026-09-05T21:52:38.191Z,2026-09-05T21:52:38.191825Z,2026-09-05T23:52:38.191825Z,7648.841174,7,1.2894999999999999,7.754943776658488,2.732240437158464,1.828,38.43283582089552,7.754943776658488,74.38130556740033,0,0,0,0,,False
PHA,2026-09-05T21:52:45.112Z,2026-09-05T21:52:45.112960Z,2026-09-05T23:52:45.112960Z,7641.920039,7,0.02555,39.138943248533415,5.490196078431367,3.659,35.44776119402985,39.138943248533415,70.1643358712383,0,0,0,0,,False
SYN,2026-09-05T21:53:01.711Z,2026-09-05T21:53:01.711574Z,2026-09-05T23:53:01.711574Z,7625.321425,7,0.09104999999999999,17.57276221856204,2.5587979094076707,0.087,34.32835820895522,17.57276221856204,58.72861963995413,0,0,0,0,,False
TURBO,2026-09-05T21:53:18.336Z,2026-09-05T21:53:18.336606Z,2026-09-05T23:53:18.336606Z,7608.696393,7,0.0010065,9.935419771486664,8.514851485148517,4.124,33.208955223880594,9.935419771486664,70.06449748108956,1,0,0,1,1.0,False
1INCH,2026-09-05T21:58:54.864Z,2026-09-05T21:58:54.865390Z,2026-09-05T23:58:54.865390Z,7272.167609,7,0.0948,21.09704641350125,4.782146652497348,3.978,11.194029850746269,21.09704641350125,54.3987996900066,0,0,0,0,,True
1MBABYDOGE,2026-09-05T21:59:01.174Z,2026-09-05T21:59:01.175116Z,2026-09-05T23:59:01.175116Z,7265.857883,7,0.00041315000000000004,16.942998910807624,9.506618531889286,8.571,16.417910447761194,16.942998910807624,75.56233126064883,0,0,0,0,,False
ACT,2026-09-05T21:59:12.260Z,2026-09-05T21:59:12.260391Z,2026-09-05T23:59:12.260391Z,7254.772608,7,0.01114,35.90664272890494,6.949458483754512,2.214,20.52238805970149,35.90664272890494,37.12500756927761,0,0,0,0,,False
EUL,2026-09-05T22:00:06.920Z,2026-09-05T22:00:06.921240Z,2026-09-06T00:00:06.921240Z,7200.111759,7,1.319,15.163002274450356,6.520090978013653,2.407,19.402985074626866,15.163002274450356,47.164510442884435,2,0,2,0,0.5,False
HOLO,2026-09-05T22:00:24.740Z,2026-09-05T22:00:24.740586Z,2026-09-06T00:00:24.740586Z,7780.35707,7,0.06655,15.026296018031985,4.9999999999999964,4.43,18.65671641791045,15.026296018031985,74.88138763517483,0,0,0,0,,False
MANTRA,2026-09-05T22:00:47.251Z,2026-09-05T22:00:47.251235Z,2026-09-06T00:00:47.251235Z,7757.846421,7,0.004455000000000001,22.44668911335681,5.357142857142852,-0.444,11.940298507462687,22.44668911335681,66.11969381806142,0,0,0,0,,False
NEWT,2026-09-05T22:00:57.952Z,2026-09-05T22:00:57.953114Z,2026-09-06T00:00:57.953114Z,7747.144542,7,0.04448,8.992805755395317,4.353741496598635,3.667,10.82089552238806,8.992805755395317,67.85047864800357,0,0,0,0,,False
NOT,2026-09-05T22:01:04.576Z,2026-09-05T22:01:04.577146Z,2026-09-06T00:01:04.577146Z,7740.52051,7,0.0004545,22.002200220022537,4.194260485651209,2.721,25.37313432835821,22.002200220022537,70.41496825208104,0,0,0,0,,False
ONT,2026-09-05T22:01:09.616Z,2026-09-05T22:01:09.616631Z,2026-09-06T00:01:09.616631Z,7735.481025,7,0.056705,19.39864209505317,2.6709401709401734,-0.584,21.64179104477612,19.39864209505317,56.33102660961332,0,0,0,0,,False
OSMO,2026-09-05T22:01:19.613Z,2026-09-05T22:01:19.613553Z,2026-09-06T00:01:19.613553Z,7725.484103,7,0.03535,28.288543140029102,3.682719546742217,2.616,13.432835820895523,28.288543140029102,43.30594564647662,1,1,0,0,1.0,False
RARE,2026-09-05T22:01:26.257Z,2026-09-05T22:01:26.257509Z,2026-09-06T00:01:26.257509Z,7718.840147,7,0.012705000000000001,7.870916961827096,3.4892942109437044,3.191,25.0,7.870916961827096,45.75375671955096,3,3,0,0,1.0,False
RESOLV,2026-09-05T22:01:32.506Z,2026-09-05T22:01:32.507001Z,2026-09-06T00:01:32.507001Z,7712.590655,7,0.018099999999999998,11.049723756907547,3.6830357142856998,2.342,14.552238805970148,11.049723756907547,68.68676633987481,0,0,0,0,,True
SAPIEN,2026-09-05T22:01:44.889Z,2026-09-05T22:01:44.890098Z,2026-09-06T00:01:44.890098Z,7700.207558,7,0.082,24.39024390243972,4.54545454545454,3.431,13.805970149253731,24.39024390243972,68.84780059593488,1,0,1,0,1.0,False
TLM,2026-09-05T22:02:11.307Z,2026-09-05T22:02:11.308171Z,2026-09-06T00:02:11.308171Z,7673.789485,7,0.0014475,6.908462867013006,5.509641873278237,3.125,11.567164179104477,6.908462867013006,65.43748763384994,0,0,0,0,,False
YB,2026-09-05T22:02:22.017Z,2026-09-05T22:02:22.017414Z,2026-09-06T00:02:22.017414Z,7663.080242,7,0.09695000000000001,10.314595152140575,2.479338842975206,-0.206,12.313432835820896,10.314595152140575,51.87161386878467,0,0,0,0,,False
YGG,2026-09-05T22:02:27.809Z,2026-09-05T22:02:27.809530Z,2026-09-06T00:02:27.809530Z,7657.288126,7,0.023850000000000003,33.54297693920344,6.697556866048868,6.793,12.686567164179104,33.54297693920344,77.35041631724106,0,0,0,0,,False
BARD,2026-09-05T22:08:25.931Z,2026-09-05T22:08:25.932017Z,2026-09-06T00:08:25.932017Z,7299.165639,7,0.12795,54.70887065259915,4.2755344418052275,3.865,1.8656716417910448,54.70887065259915,59.383142703819566,0,0,0,0,,False
BLUR,2026-09-05T22:08:42.248Z,2026-09-05T22:08:42.248544Z,2026-09-06T00:08:42.248544Z,7282.849112,7,0.016915,17.735737511086164,4.285714285714297,2.878,3.3582089552238807,17.735737511086164,65.42540879960136,0,0,0,0,,False
DOGE,2026-09-05T22:09:14.573Z,2026-09-05T22:09:14.573773Z,2026-09-06T00:09:14.573773Z,7250.523883,7,0.08995500000000001,1.1116669445829717,12.171522814733365,7.164,96.26865671641791,1.1116669445829717,69.16534171025374,41,24,16,1,0.6585,False
HUMA,2026-09-05T22:09:49.922Z,2026-09-05T22:09:49.922584Z,2026-09-06T00:09:49.922584Z,7215.175072,7,0.02197,27.309968138369392,3.823395539371873,1.996,2.2388059701492535,27.309968138369392,53.69594928169657,0,0,0,0,,True
MANTA,2026-09-05T22:10:16.768Z,2026-09-05T22:10:16.768801Z,2026-09-06T00:10:16.768801Z,7789.14189,7,0.061735,11.338786749817869,2.233088834555832,2.216,8.208955223880597,11.338786749817869,58.4514511322418,0,0,0,0,,False
PIXEL,2026-09-05T22:10:37.811Z,2026-09-05T22:10:37.812149Z,2026-09-06T00:10:37.812149Z,7768.098542,7,0.00511,39.13894324853239,3.1620553359683874,2.429,4.850746268656716,39.13894324853239,65.28048559281147,0,0,0,0,,False
QNT,2026-09-05T22:10:50.584Z,2026-09-05T22:10:50.584546Z,2026-09-06T00:10:50.584546Z,7755.326145,7,64.875,20.03853564547136,3.150092649783805,1.728,8.955223880597014,20.03853564547136,63.62522055914481,11,8,2,1,0.8182,False
USD1,2026-09-05T22:11:13.380Z,2026-09-05T22:11:13.380833Z,2026-09-06T00:11:13.380833Z,7732.529858,7,0.99985,1.0001500225032653,0.05001000200039457,-0.01,98.88059701492537,1.0001500225032653,68.4615289323838,0,0,0,0,,False
USUAL,2026-09-05T22:11:20.408Z,2026-09-05T22:11:20.409151Z,2026-09-06T00:11:20.409151Z,7725.50154,7,0.011675,8.565310492505004,4.802744425385932,4.293,5.597014925373134,8.565310492505004,58.09834513654951,0,0,0,0,,False
VANA,2026-09-05T22:11:27.059Z,2026-09-05T22:11:27.059977Z,2026-09-06T00:11:27.059977Z,7718.850714,7,0.9415,31.86404673393524,2.3404255319148843,-0.529,2.611940298507463,31.86404673393524,48.706776369845045,0,0,0,0,,False
VELODROME,2026-09-05T22:11:34.739Z,2026-09-05T22:11:34.739986Z,2026-09-06T00:11:34.739986Z,7711.170705,7,0.025415,66.88963210702342,9.70718010429201,8.297,2.985074626865672,66.88963210702342,58.65240497795407,0,0,0,0,,False
WCT,2026-09-05T22:11:41.169Z,2026-09-05T22:11:41.169860Z,2026-09-06T00:11:41.169860Z,7704.740831,7,0.039834999999999995,12.551776076315159,2.535496957403653,2.362,0.746268656716418,12.551776076315159,73.29949375441285,0,0,0,0,,False
XRP,2026-09-05T22:11:45.995Z,2026-09-05T22:11:45.996128Z,2026-09-06T00:11:45.996128Z,7699.914563,7,1.41215,0.7081400701057888,2.3851527767976735,1.236,97.76119402985074,0.7081400701057888,62.072169069836576,20,12,5,3,0.2,False
ZEC,2026-09-05T22:11:50.797Z,2026-09-05T22:11:50.798236Z,2026-09-06T00:11:50.798236Z,7695.112455,7,1032.505,2.4212957806499724,4.590357882283355,-0.732,97.38805970149254,2.4212957806499724,60.010533038345315,34,14,16,4,0.2647,False
ADA,2026-09-05T22:17:28.562Z,2026-09-05T22:17:28.562168Z,2026-09-06T00:17:28.562168Z,7357.348523,7,0.21895,4.567252797441835,5.796439981743491,2.816,92.91044776119404,4.567252797441835,66.48819819796248,18,7,6,5,0.4444,False
AR,2026-09-05T22:17:38.826Z,2026-09-05T22:17:38.826802Z,2026-09-06T00:17:38.826802Z,7347.083889,7,2.9539999999999997,6.770480704130752,18.892185954500494,16.969,87.68656716417911,6.770480704130752,71.3141047286494,2,1,0,1,1.0,False
ARB,2026-09-05T22:17:43.506Z,2026-09-05T22:17:43.506338Z,2026-09-06T00:17:43.506338Z,7342.404353,7,0.18645,16.090104585679523,22.705314009661834,25.36,95.5223880597015,16.090104585679523,70.77984850178903,33,12,18,3,0.697,False
ASTER,2026-09-05T22:17:48.949Z,2026-09-05T22:17:48.949335Z,2026-09-06T00:17:48.949335Z,7336.961356,7,0.7815000000000001,12.795905310300714,18.77394636015326,5.954,94.77611940298507,12.795905310300714,73.1524984413573,4,1,3,0,0.5,False
BCH,2026-09-05T22:17:58.438Z,2026-09-05T22:17:58.438603Z,2026-09-06T00:17:58.438603Z,7327.472088,7,257.25,3.8872691933925263,5.618415918845094,1.304,89.55223880597015,3.8872691933925263,59.88131160561339,3,2,1,0,0.6667,False
DASH,2026-09-05T22:18:07.962Z,2026-09-05T22:18:07.962822Z,2026-09-06T00:18:07.962822Z,7317.947869,7,66.36500000000001,10.547728471333894,23.814463544754,16.586,94.02985074626865,10.547728471333894,62.47761015667973,4,0,4,0,1.0,False
ENA,2026-09-05T22:18:12.748Z,2026-09-05T22:18:12.748728Z,2026-09-06T00:18:12.748728Z,7313.161963,7,0.1749,11.435105774727155,3.58637178720861,1.826,92.16417910447761,11.435105774727155,71.56226041206195,2,0,2,0,-1.0,False
FET,2026-09-05T22:18:20.946Z,2026-09-05T22:18:20.946276Z,2026-09-06T00:18:20.946276Z,7304.964415,7,0.16444999999999999,6.080875646094055,9.793187347931875,6.202,90.67164179104478,6.080875646094055,69.30604720056091,0,0,0,0,,False
LINK,2026-09-05T22:18:30.083Z,2026-09-05T22:18:30.083358Z,2026-09-06T00:18:30.083358Z,7295.827333,7,12.067499999999999,0.8286720530345522,5.328685258964139,3.062,94.40298507462687,0.8286720530345522,60.8337382333749,15,3,7,5,-0.1333,False
LTC,2026-09-05T22:18:35.323Z,2026-09-05T22:18:35.323640Z,2026-09-06T00:18:35.323640Z,7290.587051,7,54.625,1.8306636155615772,8.405850768376226,6.34,92.53731343283582,1.8306636155615772,69.06891869844301,19,11,5,3,0.6316,False
TUT,2026-09-05T22:19:04.741Z,2026-09-05T22:19:04.741577Z,2026-09-06T00:19:04.741577Z,7261.169114,7,0.028659999999999998,27.913468248429943,25.22903453136011,21.646,87.31343283582089,27.913468248429943,65.37907136596618,6,3,2,1,0.3333,False
COTI,2026-09-05T22:25:27.655Z,2026-09-05T22:25:27.655842Z,2026-09-06T00:25:27.655842Z,7477.915605,7,0.01568,12.755102040815807,17.854849068721887,8.805,81.34328358208955,12.755102040815807,80.76146719993699,7,4,3,0,1.0,False
CRV,2026-09-05T22:25:32.761Z,2026-09-05T22:25:32.762165Z,2026-09-06T00:25:32.762165Z,7472.809282,7,0.38315,2.609943886206159,8.790045009266615,6.424,84.70149253731343,2.609943886206159,69.40586468663957,6,3,3,0,1.0,False
DOT,2026-09-05T22:25:38.839Z,2026-09-05T22:25:38.839761Z,2026-09-06T00:25:38.839761Z,7466.731686,7,0.9225000000000001,10.84010840108402,6.5789473684210575,4.348,83.95522388059702,10.84010840108402,73.96860267231166,2,1,1,0,0.0,False
EGLD,2026-09-05T22:25:44.860Z,2026-09-05T22:25:44.860674Z,2026-09-06T00:25:44.860674Z,7460.710773,7,4.604,8.688097306688878,7.84356565435875,-5.92,73.88059701492537,8.688097306688878,54.251760307365394,5,3,1,1,1.0,False
GIGGLE,2026-09-05T22:25:59.384Z,2026-09-05T22:25:59.384177Z,2026-09-06T00:25:59.384177Z,7446.18727,7,40.995000000000005,12.196609342603796,13.028764805414554,1.972,79.1044776119403,12.196609342603796,58.773787841331306,0,0,0,0,,False
GRAM,2026-09-05T22:26:05.648Z,2026-09-05T22:26:05.648805Z,2026-09-06T00:26:05.648805Z,7439.922642,7,1.4315,6.98567935731673,3.563941299790367,3.098,84.32835820895522,6.98567935731673,57.17817524641944,5,3,1,1,1.0,False
HBAR,2026-09-05T22:26:10.683Z,2026-09-05T22:26:10.684104Z,2026-09-06T00:26:10.684104Z,7434.887343,7,0.080705,1.2390806021944119,4.72830795890581,3.378,82.83582089552239,1.2390806021944119,52.60369294000991,6,5,0,1,0.6667,False
ICP,2026-09-05T22:26:15.799Z,2026-09-05T22:26:15.799938Z,2026-09-06T00:26:15.799938Z,7429.771509,7,2.684,7.451564828614843,9.808342728297637,7.255,85.07462686567165,7.451564828614843,69.71367972035516,8,1,6,1,0.875,False
INJ,2026-09-05T22:26:21.480Z,2026-09-05T22:26:21.480299Z,2026-09-06T00:26:21.480299Z,7424.091148,7,5.0245,9.951238929246479,5.331705331705323,2.12,77.98507462686567,9.951238929246479,66.16926029656072,13,6,6,1,0.8462,False
JUP,2026-09-05T22:26:27.007Z,2026-09-05T22:26:27.007457Z,2026-09-06T00:26:27.007457Z,7418.56399,7,0.2212,9.041591320072591,6.018099547511302,1.75,82.46268656716418,9.041591320072591,56.38622236922158,7,1,6,0,1.0,False
NOM,2026-09-05T22:26:35.819Z,2026-09-05T22:26:35.820075Z,2026-09-06T00:26:35.820075Z,7409.751372,7,0.001815,55.09641873278252,33.52272727272727,13.548,75.3731343283582,55.09641873278252,71.8349769387934,1,1,0,0,0.0,False
ONDO,2026-09-05T22:26:41.414Z,2026-09-05T22:26:41.415039Z,2026-09-06T00:26:41.415039Z,7404.156408,7,0.3738,5.350454788657931,5.844155844155847,3.125,83.58208955223881,5.350454788657931,72.15528011015277,4,2,2,0,0.5,False
OP,2026-09-05T22:26:46.959Z,2026-09-05T22:26:46.959778Z,2026-09-06T00:26:46.959778Z,7398.611669,7,0.11055000000000001,9.04568068747199,8.986615678776284,5.87,79.85074626865672,9.04568068747199,62.84947035489682,6,3,1,2,0.8333,False
PENDLE,2026-09-05T22:26:52.004Z,2026-09-05T22:26:52.004957Z,2026-09-06T00:26:52.004957Z,7393.56649,7,2.0205,4.949269982677009,5.356240525517943,2.645,79.4776119402985,4.949269982677009,73.4710514354934,0,0,0,0,,False
POL,2026-09-05T22:26:58.032Z,2026-09-05T22:26:58.032624Z,2026-09-06T00:26:58.032624Z,7387.538823,7,0.09791,4.085384536819362,4.621630061413552,3.268,70.5223880597015,4.085384536819362,56.71232003202172,4,1,1,2,0.5,False
RENDER,2026-09-05T22:27:04.795Z,2026-09-05T22:27:04.796122Z,2026-09-06T00:27:04.796122Z,7380.775325,7,1.4705,6.8004080244822305,5.749486652977417,2.383,76.49253731343283,6.8004080244822305,63.47140028146255,2,2,0,0,1.0,False
SAHARA,2026-09-05T22:27:19.477Z,2026-09-05T22:27:19.477276Z,2026-09-06T00:27:19.477276Z,7366.094171,7,0.00954,20.96436058700124,3.940362087326949,2.735,70.8955223880597,20.96436058700124,48.372136354211776,0,0,0,0,,False
SEI,2026-09-05T22:27:24.909Z,2026-09-05T22:27:24.910404Z,2026-09-06T00:27:24.910404Z,7360.661043,7,0.048244999999999996,6.2182609596839695,4.067439409905166,1.173,71.64179104477611,6.2182609596839695,69.98651886227272,0,0,0,0,,False
SHIB,2026-09-05T22:27:30.324Z,2026-09-05T22:27:30.324900Z,2026-09-06T00:27:30.324900Z,7355.246547,7,5.485e-06,18.231540565177582,6.946983546617911,4.789,75.74626865671642,18.231540565177582,68.82378827865391,12,8,2,2,0.5833,False
SOPH,2026-09-05T22:27:35.914Z,2026-09-05T22:27:35.914414Z,2026-09-06T00:27:35.914414Z,7349.657033,7,0.004135,24.183796856105424,21.553884711779443,-0.25,74.6268656716418,24.183796856105424,63.73656086497056,0,0,0,0,,False
STRK,2026-09-05T22:27:40.894Z,2026-09-05T22:27:40.895158Z,2026-09-06T00:27:40.895158Z,7344.676289,7,0.030705,9.770395701026624,14.692908042076692,13.828,83.2089552238806,9.770395701026624,74.70816978684452,6,4,2,0,1.0,False
TST,2026-09-05T22:27:55.026Z,2026-09-05T22:27:55.026710Z,2026-09-06T00:27:55.026710Z,7330.544737,7,0.0188,10.638297872339992,16.354166666666654,-0.621,77.61194029850746,10.638297872339992,57.40553941033079,0,0,0,0,,False
TWT,2026-09-05T22:28:01.711Z,2026-09-05T22:28:01.711421Z,2026-09-06T00:28:01.711421Z,7323.860026,7,0.61015,27.862001147259445,5.492244381133262,0.653,82.08955223880596,27.862001147259445,49.65277534519682,0,0,0,0,,False
WLFI,2026-09-05T22:28:07.908Z,2026-09-05T22:28:07.908517Z,2026-09-06T00:28:07.908517Z,7317.66293,7,0.05745,17.406440382942186,2.6223776223776247,1.418,72.76119402985074,17.406440382942186,68.77181803041057,2,1,1,0,1.0,False
ZKC,2026-09-05T22:28:17.591Z,2026-09-05T22:28:17.591969Z,2026-09-06T00:28:17.591969Z,7307.979478,7,0.04985,20.060180541625453,6.275303643724707,0.407,77.23880597014926,20.060180541625453,64.6072916200094,0,0,0,0,,False
1000CHEEMS,2026-09-05T22:33:58.509Z,2026-09-05T22:33:58.510188Z,2026-09-06T00:33:58.510188Z,7567.258324,7,0.0005595,17.87310098301905,7.460035523978694,5.037,64.92537313432835,17.87310098301905,68.20422782202478,0,0,0,0,,False
ATOM,2026-09-05T22:34:10.403Z,2026-09-05T22:34:10.403206Z,2026-09-06T00:34:10.403206Z,7555.365306,7,1.5579999999999998,12.83697047496792,4.703608247422678,3.123,63.80597014925373,12.83697047496792,69.45795121381994,1,0,1,0,1.0,False
BOME,2026-09-05T22:34:15.609Z,2026-09-05T22:34:15.609680Z,2026-09-06T00:34:15.609680Z,7550.158832,7,0.0009507999999999999,14.724442574674317,7.985314364387329,4.772,64.55223880597015,14.724442574674317,60.13144489547413,0,0,0,0,,False
BROCCOLI714,2026-09-05T22:34:22.577Z,2026-09-05T22:34:22.577991Z,2026-09-06T00:34:22.577991Z,7543.190521,7,0.020785,43.30045706037998,15.281114848630462,4.206,69.40298507462687,43.30045706037998,47.50523386718066,0,0,0,0,,False
CATI,2026-09-05T22:34:27.995Z,2026-09-05T22:34:27.995627Z,2026-09-06T00:34:27.995627Z,7537.772885,7,0.049775,26.117528879960847,41.322988975091874,-24.704,57.83582089552239,26.117528879960847,62.09195440223842,0,0,0,0,,False
DYDX,2026-09-05T22:34:33.190Z,2026-09-05T22:34:33.190336Z,2026-09-06T00:34:33.190336Z,7532.578176,7,0.12123500000000001,10.722976038273195,7.282119646725543,6.325,62.6865671641791,10.722976038273195,72.94838104131708,1,0,0,1,1.0,False
EIGEN,2026-09-05T22:34:39.189Z,2026-09-05T22:34:39.189788Z,2026-09-06T00:34:39.189788Z,7526.578724,7,0.20865,14.378145219267791,6.045831301803995,4.112,57.08955223880597,14.378145219267791,72.23426656452749,0,0,0,0,,False
FF,2026-09-05T22:34:55.511Z,2026-09-05T22:34:55.511711Z,2026-09-06T00:34:55.511711Z,7510.256801,7,0.11948,13.391362571141068,16.696180116367326,9.37,68.65671641791045,13.391362571141068,73.16029364911637,0,0,0,0,,False
MORPHO,2026-09-05T22:35:28.646Z,2026-09-05T22:35:28.646726Z,2026-09-06T00:35:28.646726Z,7477.121786,7,2.513,7.958615200954157,3.6429143314651613,-1.148,65.29850746268657,7.958615200954157,56.67081498493069,0,0,0,0,,False
RUNE,2026-09-05T22:36:02.293Z,2026-09-05T22:36:02.293452Z,2026-09-06T00:36:02.293452Z,7443.47506,7,0.4895,20.429009193054156,3.0737704918032813,1.879,67.91044776119404,20.429009193054156,72.0756647274019,1,1,0,0,1.0,False
SAND,2026-09-05T22:36:09.555Z,2026-09-05T22:36:09.555198Z,2026-09-06T00:36:09.555198Z,7436.213314,7,0.04002,14.99250374812706,3.2939401558964008,1.974,56.71641791044776,14.99250374812706,70.0405427355426,0,0,0,0,,False
SPK,2026-09-05T22:36:20.576Z,2026-09-05T22:36:20.576456Z,2026-09-06T00:36:20.576456Z,7425.192056,7,0.0212625,13.63903586125867,7.000236016049099,5.304,56.343283582089555,13.63903586125867,76.07933338412009,3,2,1,0,1.0,False
STX,2026-09-05T22:36:26.010Z,2026-09-05T22:36:26.010807Z,2026-09-06T00:36:26.010807Z,7419.757705,7,0.271,7.380073800739242,5.884529977794236,1.885,67.16417910447761,7.380073800739242,56.985135507211645,4,1,2,1,0.75,False
TRB,2026-09-05T22:36:38.616Z,2026-09-05T22:36:38.616851Z,2026-09-06T00:36:38.616851Z,7407.151661,7,18.270000000000003,10.9469074986314,10.89217296113849,6.407,66.41791044776119,10.9469074986314,76.48376391330753,1,0,1,0,1.0,False
WIF,2026-09-05T22:37:00.747Z,2026-09-05T22:37:00.748039Z,2026-09-06T00:37:00.748039Z,7385.020473,7,0.2143,9.332711152590095,8.980355472404113,6.368,63.43283582089552,9.332711152590095,57.003533690795365,9,6,2,1,0.5556,False
AIXBT,2026-09-05T22:43:03.074Z,2026-09-05T22:43:03.074425Z,2026-09-06T00:43:03.074425Z,7622.323272,7,0.02237,26.821636119803767,16.59132007233273,11.156,54.47761194029851,26.821636119803767,74.17898820611028,4,2,2,0,0.5,False
AVNT,2026-09-05T22:43:16.159Z,2026-09-05T22:43:16.159614Z,2026-09-06T00:43:16.159614Z,7609.238083,7,0.10744999999999999,9.30665425779459,6.79245283018869,4.228,49.25373134328358,9.30665425779459,73.70196621255735,0,0,0,0,,False
BERA,2026-09-05T22:43:20.988Z,2026-09-05T22:43:20.989071Z,2026-09-06T00:43:20.989071Z,7604.408626,7,0.18730000000000002,10.678056593700251,4.1621621621621685,3.179,43.28358208955224,10.678056593700251,74.14182604181609,3,0,2,1,-0.3333,False
BMT,2026-09-05T22:43:26.495Z,2026-09-05T22:43:26.495735Z,2026-09-06T00:43:26.495735Z,7598.901962,7,0.01815,11.019283746556026,6.50588895120584,-3.308,48.507462686567166,11.019283746556026,45.744374691795215,3,1,1,1,-0.3333,False
CHZ,2026-09-05T22:43:31.623Z,2026-09-05T22:43:31.623786Z,2026-09-06T00:43:31.623786Z,7593.773911,7,0.013865,7.212405337179655,3.8350217076700375,3.211,49.62686567164179,7.212405337179655,69.80998167545472,1,1,0,0,1.0,False
COOKIE,2026-09-05T22:43:38.643Z,2026-09-05T22:43:38.643366Z,2026-09-06T00:43:38.643366Z,7586.754331,7,0.01185,84.3881856540094,5.882352941176464,4.386,42.53731343283582,84.3881856540094,65.2992741208098,1,1,0,0,1.0,False
CVX,2026-09-05T22:43:45.916Z,2026-09-05T22:43:45.917171Z,2026-09-06T00:43:45.917171Z,7579.480526,7,2.358,8.481764206954113,6.562364189482825,4.686,47.76119402985075,8.481764206954113,75.159049918465,0,0,0,0,,False
ENS,2026-09-05T22:44:01.442Z,2026-09-05T22:44:01.442766Z,2026-09-06T00:44:01.442766Z,7563.954931,7,6.055,16.515276630883214,3.523489932885906,3.293,53.35820895522388,16.515276630883214,77.66135300074525,0,0,0,0,,False
FORM,2026-09-05T22:44:08.657Z,2026-09-05T22:44:08.657177Z,2026-09-06T00:44:08.657177Z,7556.74052,7,0.28185,10.643959552952527,18.871252204585538,3.429,54.1044776119403,10.643959552952527,59.632907324064,0,0,0,0,,False
GPS,2026-09-05T22:44:15.455Z,2026-09-05T22:44:15.455813Z,2026-09-06T00:44:15.455813Z,7549.941884,7,0.010415,9.601536245798936,6.88995215311005,1.852,42.91044776119403,9.601536245798936,69.95938826549882,0,0,0,0,,False
HEI,2026-09-05T22:44:21.872Z,2026-09-05T22:44:21.872318Z,2026-09-06T00:44:21.872318Z,7543.525379,7,0.14385,6.951685783801806,5.956552207428176,-2.327,48.88059701492537,6.951685783801806,57.354241663775774,0,0,0,0,,False
HOME,2026-09-05T22:44:29.352Z,2026-09-05T22:44:29.352598Z,2026-09-06T00:44:29.352598Z,7536.045099,7,0.006115,16.353229762877504,2.9508196721311553,1.667,46.26865671641791,16.353229762877504,67.91883057858657,0,0,0,0,,False
KAITO,2026-09-05T22:44:36.524Z,2026-09-05T22:44:36.525138Z,2026-09-06T00:44:36.525138Z,7528.872559,7,0.31320000000000003,6.385696040869523,4.3576500968366725,2.787,47.38805970149254,6.385696040869523,72.35285362555554,0,0,0,0,,False
MIRA,2026-09-05T22:44:55.449Z,2026-09-05T22:44:55.449426Z,2026-09-06T00:44:55.449426Z,7509.948271,7,0.047205,19.065776930409875,3.655913978494624,1.506,42.16417910447761,19.065776930409875,68.71147014747466,0,0,0,0,,False
RSR,2026-09-05T22:45:38.925Z,2026-09-05T22:45:38.925463Z,2026-09-06T00:45:38.925463Z,7466.472234,7,0.0014295,6.995452955579802,5.732484076433115,5.056,45.149253731343286,6.995452955579802,72.83205422399953,1,1,0,0,1.0,False
SAGA,2026-09-05T22:45:50.682Z,2026-09-05T22:45:50.682769Z,2026-09-06T00:45:50.682769Z,7454.714928,7,0.01557,12.845215157354477,6.797966963151206,6.712,53.73134328358209,12.845215157354477,65.35137965452162,0,0,0,0,,False
SKY,2026-09-05T22:46:00.789Z,2026-09-05T22:46:00.790146Z,2026-09-06T00:46:00.790146Z,7444.607551,7,0.070925,7.049700387732745,3.050552004648467,2.471,40.67164179104478,7.049700387732745,60.78709331749308,0,0,0,0,,False
SNX,2026-09-05T22:46:06.021Z,2026-09-05T22:46:06.021260Z,2026-09-06T00:46:06.021260Z,7439.376437,7,0.2188,9.14076782449752,2.9193697868396664,2.372,41.417910447761194,9.14076782449752,67.91290584170476,0,0,0,0,,False
TREE,2026-09-05T22:46:16.396Z,2026-09-05T22:46:16.397160Z,2026-09-06T00:46:16.397160Z,7429.000537,7,0.04305,23.228803716609264,4.418604651162789,4.116,44.02985074626866,23.228803716609264,61.480844432957014,1,1,0,0,1.0,False
VET,2026-09-05T22:46:21.265Z,2026-09-05T22:46:21.265612Z,2026-09-06T00:46:21.265612Z,7424.132085,7,0.0069645,15.794385813769438,4.2353281295172,3.285,45.8955223880597,15.794385813769438,67.03551371817021,2,0,2,0,0.0,False
W,2026-09-05T22:46:27.474Z,2026-09-05T22:46:27.474551Z,2026-09-06T00:46:27.474551Z,7417.923146,7,0.010165,9.83767830791893,5.628140703517585,3.971,45.52238805970149,9.83767830791893,75.65652555466835,0,0,0,0,,False
ACH,2026-09-05T22:52:16.178Z,2026-09-05T22:52:16.179088Z,2026-09-06T00:52:16.179088Z,7670.949855,7,0.005515,18.13236627379799,7.32600732600733,6.019,30.970149253731343,18.13236627379799,75.1128343829524,0,0,0,0,,False
ARKM,2026-09-05T22:52:22.547Z,2026-09-05T22:52:22.547669Z,2026-09-06T00:52:22.547669Z,7664.581274,7,0.10915,9.161704076958577,3.817504655493489,1.512,40.298507462686565,9.161704076958577,52.76545378343626,2,2,0,0,0.0,False
AXS,2026-09-05T22:52:27.628Z,2026-09-05T22:52:27.628918Z,2026-09-06T00:52:27.628918Z,7659.500025,7,0.9515,10.50972149238046,3.4700315457413167,2.368,27.611940298507463,10.50972149238046,68.10854617497938,1,1,0,0,1.0,False
BABY,2026-09-05T22:52:34.754Z,2026-09-05T22:52:34.754992Z,2026-09-06T00:52:34.754992Z,7652.373951,7,0.01146,17.452006980802082,5.526315789473672,3.825,26.865671641791046,17.452006980802082,71.51448816060494,0,0,0,0,,False
BANANAS31,2026-09-05T22:52:39.522Z,2026-09-05T22:52:39.522900Z,2026-09-06T00:52:39.522900Z,7647.606043,7,0.008455,9.46185688941375,6.956927746002093,4.348,39.55223880597015,9.46185688941375,45.05081029556143,0,0,0,0,,True
BANK,2026-09-05T22:52:46.458Z,2026-09-05T22:52:46.458967Z,2026-09-06T00:52:46.458967Z,7640.669976,7,0.035449999999999995,28.20874471085922,2.2662889518413656,0.857,31.34328358208955,28.20874471085922,67.61516963456029,0,0,0,0,,False
CETUS,2026-09-05T22:52:59.022Z,2026-09-05T22:52:59.022642Z,2026-09-06T00:52:59.022642Z,7628.106301,7,0.023545,12.74155871735071,9.707503179313271,5.36,38.059701492537314,12.74155871735071,62.554468069017844,0,0,0,0,,False
CFX,2026-09-05T22:53:09.054Z,2026-09-05T22:53:09.054809Z,2026-09-06T00:53:09.054809Z,7618.074134,7,0.04893,4.08747189863053,4.837056773929086,3.786,36.19402985074627,4.08747189863053,67.0324359511623,0,0,0,0,,False
COMP,2026-09-05T22:53:15.492Z,2026-09-05T22:53:15.492169Z,2026-09-06T00:53:15.492169Z,7611.636774,7,20.31,19.694731659280723,6.163708086785009,3.787,32.46268656716418,19.694731659280723,48.327038582064105,7,5,2,0,1.0,False
ERA,2026-09-05T22:53:24.681Z,2026-09-05T22:53:24.681497Z,2026-09-06T00:53:24.681497Z,7602.447446,7,0.05965,16.764459346186566,2.3688663282571887,1.546,27.98507462686567,16.764459346186566,68.04556583755758,0,0,0,0,,False
EURI,2026-09-05T22:53:35.074Z,2026-09-05T22:53:35.074404Z,2026-09-06T00:53:35.074404Z,7592.054539,7,1.1584,36.25690607734791,1.1328260117606268,-0.396,30.223880597014926,36.25690607734791,49.66763957521825,0,0,0,0,,
GRT,2026-09-05T22:53:48.795Z,2026-09-05T22:53:48.796137Z,2026-09-06T00:53:48.796137Z,7578.332806,7,0.01846,21.66847237269684,6.4985994397759175,6.313,32.08955223880597,21.66847237269684,54.11684960135977,4,3,1,0,1.0,False
GUN,2026-09-05T22:53:55.344Z,2026-09-05T22:53:55.344689Z,2026-09-06T00:53:55.344689Z,7571.784254,7,0.00312,64.10256410256427,6.7524115755627045,2.98,29.850746268656717,64.10256410256427,63.78698116148395,0,0,0,0,,False
HYPER,2026-09-05T22:54:02.421Z,2026-09-05T22:54:02.421656Z,2026-09-06T00:54:02.421656Z,7564.707287,7,0.06914999999999999,14.461315979754573,4.824561403508768,4.268,27.238805970149254,14.461315979754573,74.18974543675249,0,0,0,0,,False
INIT,2026-09-05T22:54:08.427Z,2026-09-05T22:54:08.427432Z,2026-09-06T00:54:08.427432Z,7558.701511,7,0.0676,23.668639053255525,5.475330926594471,5.073,38.80597014925373,23.668639053255525,43.13188031054727,1,0,0,1,1.0,False
IO,2026-09-05T22:54:13.074Z,2026-09-05T22:54:13.075207Z,2026-09-06T00:54:13.075207Z,7554.053736,7,0.13090000000000002,15.278838808251008,3.397683397683409,2.21,37.3134328358209,15.278838808251008,67.80094995307971,0,0,0,0,,False
LA,2026-09-05T22:54:29.971Z,2026-09-05T22:54:29.971433Z,2026-09-06T00:54:29.971433Z,7537.15751,7,0.07145,69.97900629811063,8.771929824561411,1.634,31.71641791044776,69.97900629811063,49.3718309062353,1,1,0,0,1.0,False
MINA,2026-09-05T22:54:45.833Z,2026-09-05T22:54:45.833279Z,2026-09-06T00:54:45.833279Z,7521.295664,7,0.0754,26.525198938990965,4.774535809018576,2.307,35.82089552238806,26.525198938990965,72.40350124361848,0,0,0,0,,False
2Z,2026-09-05T23:01:40.951Z,2026-09-05T23:01:40.951854Z,2026-09-06T01:01:40.951854Z,7704.336904,7,0.052675,13.289036544850616,3.356992135047001,1.204,15.298507462686567,13.289036544850616,69.89540449009175,0,0,0,0,,False
ALT,2026-09-05T23:01:51.594Z,2026-09-05T23:01:51.595079Z,2026-09-06T01:01:51.595079Z,7693.693679,7,0.006555,15.255530129671385,2.1538461538461595,1.404,19.029850746268657,15.255530129671385,68.10188612473316,1,1,0,0,1.0,False
ANIME,2026-09-05T23:01:58.544Z,2026-09-05T23:01:58.544680Z,2026-09-06T01:01:58.544680Z,7686.744078,7,0.0029249999999999996,34.18803418803429,4.152249134948092,3.214,24.253731343283583,34.18803418803429,70.63108939253888,0,0,0,0,,False
API3,2026-09-05T23:02:03.292Z,2026-09-05T23:02:03.292276Z,2026-09-06T01:02:03.292276Z,7681.996482,7,0.23865,29.33165723863308,3.4982935153583674,3.305,22.388059701492537,29.33165723863308,57.2451717780342,0,0,0,0,,False
AUCTION,2026-09-05T23:02:10.595Z,2026-09-05T23:02:10.595515Z,2026-09-06T01:02:10.595515Z,7674.693243,7,3.4800000000000004,11.494252873563227,2.9137529137529166,1.299,23.507462686567163,11.494252873563227,45.53325120247959,0,0,0,0,,True
BANANA,2026-09-05T23:02:17.400Z,2026-09-05T23:02:17.400363Z,2026-09-06T01:02:17.400363Z,7667.888395,7,4.202,33.31746787244014,4.126984126984128,3.514,15.671641791044776,33.31746787244014,57.30158268458248,0,0,0,0,,False
BB,2026-09-05T23:02:22.578Z,2026-09-05T23:02:22.578348Z,2026-09-06T01:02:22.578348Z,7662.71041,7,0.009655,10.357327809424747,6.98644421272159,5.385,16.044776119402986,10.357327809424747,75.17095187742301,2,1,0,1,0.5,False
CKB,2026-09-05T23:02:29.934Z,2026-09-05T23:02:29.934266Z,2026-09-06T01:02:29.934266Z,7655.354492,7,0.001107,36.133694670278956,7.775768535262199,5.837,18.28358208955224,36.133694670278956,68.69851752176334,0,0,0,0,,False
COW,2026-09-05T23:02:36.548Z,2026-09-05T23:02:36.548333Z,2026-09-06T01:02:36.548333Z,7648.740425,7,0.13255,22.632968691061674,5.471124620060789,4.444,17.53731343283582,22.632968691061674,73.73188144048605,0,0,0,0,,False
DOLO,2026-09-05T23:02:43.122Z,2026-09-05T23:02:43.122613Z,2026-09-06T01:02:43.122613Z,7642.166145,7,0.02727,14.668133480014072,2.174714338370808,0.407,13.059701492537313,14.668133480014072,63.62056572855922,0,0,0,0,,False
HAEDAL,2026-09-05T23:02:59.184Z,2026-09-05T23:02:59.184725Z,2026-09-06T01:02:59.184725Z,7626.104033,7,0.01867,10.712372790572676,3.1737493275954827,2.143,17.91044776119403,10.712372790572676,71.36073047278552,0,0,0,0,,False
IMX,2026-09-05T23:03:09.658Z,2026-09-05T23:03:09.659098Z,2026-09-06T01:03:09.659098Z,7615.62966,7,0.1325,15.09433962264194,2.612826603325425,1.446,19.776119402985074,15.09433962264194,71.90786274314813,6,3,3,0,1.0,False
REZ,2026-09-05T23:04:08.875Z,2026-09-05T23:04:08.875561Z,2026-09-06T01:04:08.875561Z,7556.413197,7,0.003134,19.14486279514974,9.593392630241429,5.144,23.134328358208954,19.14486279514974,66.52126293434235,2,0,2,0,0.5,False
AT,2026-09-05T23:10:47.557Z,2026-09-05T23:10:47.557611Z,2026-09-06T01:10:47.557611Z,7758.556429,7,0.15195,19.743336623890915,4.339118825100119,0.067,5.223880597014926,19.743336623890915,32.27643902064675,0,0,0,0,,False
BEAMX,2026-09-05T23:11:00.334Z,2026-09-05T23:11:00.335163Z,2026-09-06T01:11:00.335163Z,7745.778877,7,0.0015985,18.767594619957343,4.464285714285713,3.158,10.074626865671641,18.767594619957343,53.292674021548095,0,0,0,0,,True
BFUSD,2026-09-05T23:11:05.569Z,2026-09-05T23:11:05.570007Z,2026-09-06T01:11:05.570007Z,7740.544033,7,1.0001,1.99980001999778,0.0699860027994324,-0.01,4.104477611940299,1.99980001999778,55.02522851872288,0,0,0,0,,
BNB,2026-09-05T23:11:17.265Z,2026-09-05T23:11:17.265264Z,2026-09-06T01:11:17.265264Z,7728.848776,7,765.765,0.13058836588236478,8.32403684005707,7.166,99.25373134328358,0.13058836588236478,58.0955513718139,17,7,9,1,0.5294,False
BTC,2026-09-05T23:11:29.425Z,2026-09-05T23:11:29.425939Z,2026-09-06T01:11:29.425939Z,7716.688101,7,79949.785,0.0012507851015185732,0.9467208117807469,-0.001,100.0,0.0012507851015185732,60.4441563505953,41,16,15,10,0.561,False
C,2026-09-05T23:11:36.434Z,2026-09-05T23:11:36.434702Z,2026-09-06T01:11:36.434702Z,7709.679338,7,0.06105,16.380016380016848,3.9024390243902434,3.885,4.477611940298507,16.380016380016848,71.32929396927425,1,0,1,0,1.0,False
CGPT,2026-09-05T23:11:43.111Z,2026-09-05T23:11:43.112097Z,2026-09-06T01:11:43.112097Z,7703.001943,7,0.020635,24.230676035862093,6.9164265129683,5.525,7.08955223880597,24.230676035862093,55.99198196095237,0,0,0,0,,False
DYM,2026-09-05T23:11:54.627Z,2026-09-05T23:11:54.627680Z,2026-09-06T01:11:54.627680Z,7691.48636,7,0.01548,38.75968992248016,4.36197916666667,3.784,5.970149253731344,38.75968992248016,69.45711391251805,0,0,0,0,,True
ETH,2026-09-05T23:11:59.336Z,2026-09-05T23:11:59.336625Z,2026-09-06T01:11:59.336625Z,7686.777415,7,2494.2650000000003,0.04009197098048335,1.6550009284151548,0.949,99.6268656716418,0.04009197098048335,67.20774742109889,42,20,15,7,0.6667,False
EUR,2026-09-05T23:12:02.925Z,2026-09-05T23:12:02.926128Z,2026-09-06T01:12:02.926128Z,7683.187912,7,1.16065,0.8615861801575755,0.4566603480958004,-0.043,97.01492537313433,0.8615861801575755,58.64748343128896,0,0,0,0,,False
FLUX,2026-09-05T23:12:10.501Z,2026-09-05T23:12:10.501397Z,2026-09-06T01:12:10.501397Z,7675.612643,7,0.051449999999999996,19.436345966957422,6.849315068493158,4.928,9.328358208955224,19.436345966957422,70.31212216028422,0,0,0,0,,False
GMT,2026-09-05T23:12:17.260Z,2026-09-05T23:12:17.260656Z,2026-09-06T01:12:17.260656Z,7668.853384,7,0.007515,13.306719893545699,1.7379679144385016,1.081,6.7164179104477615,13.306719893545699,68.50920601583157,7,3,4,0,1.0,False
HMSTR,2026-09-05T23:12:24.778Z,2026-09-05T23:12:24.779161Z,2026-09-06T01:12:24.779161Z,7661.334879,7,0.0001816,11.013215859031105,4.108828428650759,2.388,7.462686567164179,11.013215859031105,63.820052286577365,0,0,0,0,,False
KAIA,2026-09-05T23:12:37.142Z,2026-09-05T23:12:37.142850Z,2026-09-06T01:12:37.142850Z,7648.97119,7,0.031149999999999997,32.10272873194202,3.559870550161813,2.318,9.701492537313433,32.10272873194202,65.41704739643446,0,0,0,0,,False
LAYER,2026-09-05T23:12:51.477Z,2026-09-05T23:12:51.478263Z,2026-09-06T01:12:51.478263Z,7634.635777,7,0.07035,14.214641080313129,2.8571428571428594,1.892,8.582089552238806,14.214641080313129,65.40302771133064,0,0,0,0,,False
NEAR,2026-09-05T23:13:08.056Z,2026-09-05T23:13:08.056632Z,2026-09-06T01:13:08.056632Z,7618.057408,7,2.2024999999999997,4.540295119182248,9.36778957083527,1.976,96.64179104477611,4.540295119182248,62.51391368114831,3,2,1,0,0.3333,False
NXPC,2026-09-05T23:13:14.909Z,2026-09-05T23:13:14.910119Z,2026-09-06T01:13:14.910119Z,7611.203921,7,0.20900000000000002,19.138755980860463,2.015355086372352,0.969,0.373134328358209,19.138755980860463,64.72966389276148,0,0,0,0,,False
PROVE,2026-09-05T23:13:27.769Z,2026-09-05T23:13:27.769836Z,2026-09-06T01:13:27.769836Z,7598.344204,7,0.1822,21.953896816685592,1.3303769401330294,0.838,3.7313432835820897,21.953896816685592,48.1012208416416,0,0,0,0,,False
SHELL,2026-09-05T23:13:40.032Z,2026-09-05T23:13:40.032415Z,2026-09-06T01:13:40.032415Z,7586.081625,7,0.023649999999999997,42.28329809725133,5.1502145922746765,5.43,7.835820895522388,42.28329809725133,58.16438044451635,5,4,1,0,1.0,False
SOL,2026-09-05T23:13:45.209Z,2026-09-05T23:13:45.209845Z,2026-09-06T01:13:45.209845Z,7580.904195,7,103.595,0.9652975529698253,2.783953600773316,1.711,98.13432835820896,0.9652975529698253,53.79125561416444,26,16,5,5,0.6538,False
SUI,2026-09-05T23:13:50.839Z,2026-09-05T23:13:50.839635Z,2026-09-06T01:13:50.839635Z,7575.274405,7,0.80385,1.2440131865396402,7.637677547969089,5.968,98.50746268656717,1.2440131865396402,60.523728434365104,3,1,1,1,-0.3333,False
TURTLE,2026-09-05T23:13:57.600Z,2026-09-05T23:13:57.600335Z,2026-09-06T01:13:57.600335Z,7568.513705,7,0.041999999999999996,47.619047619047336,4.265402843601886,2.927,1.1194029850746268,47.619047619047336,52.634117516485944,0,0,0,0,,False
AAVE,2026-09-05T23:20:09.318Z,2026-09-05T23:20:09.319132Z,2026-09-06T01:20:09.319132Z,7795.611224,7,138.235,6.51065215032397,5.441318387647548,3.535,86.94029850746269,6.51065215032397,61.33965504638047,0,0,0,0,,False
AVAX,2026-09-05T23:20:31.955Z,2026-09-05T23:20:31.955542Z,2026-09-06T01:20:31.955542Z,7772.974814,7,7.6625,1.3050570962483967,3.696881989211954,3.148,86.19402985074628,1.3050570962483967,65.71093149075902,6,4,2,0,0.1667,False
CAKE,2026-09-05T23:20:41.448Z,2026-09-05T23:20:41.448329Z,2026-09-06T01:20:41.448329Z,7763.482027,7,2.2405,4.463289444319973,14.778761061946907,14.837,89.17910447761194,4.463289444319973,74.59103890971873,7,3,3,1,0.7143,False
FDUSD,2026-09-05T23:20:58.072Z,2026-09-05T23:20:58.072767Z,2026-09-06T01:20:58.072767Z,7746.857589,7,0.99865,1.0013518249635907,0.06009013520279758,-0.04,91.41791044776119,1.0013518249635907,55.387244722887154,0,0,0,0,,
HEMI,2026-09-05T23:21:07.084Z,2026-09-05T23:21:07.084966Z,2026-09-06T01:21:07.084966Z,7737.84539,7,0.011145,8.972633467922469,41.09461966604824,-25.139,88.43283582089552,8.972633467922469,49.92146417384227,2,1,1,0,0.5,False
PENGU,2026-09-05T23:21:19.554Z,2026-09-05T23:21:19.554578Z,2026-09-06T01:21:19.554578Z,7725.375778,7,0.0087935,3.411610848923939,5.258880891571863,4.197,91.04477611940298,3.411610848923939,70.28029882420192,1,1,0,0,1.0,False
PEPE,2026-09-05T23:21:24.683Z,2026-09-05T23:21:24.684009Z,2026-09-06T01:21:24.684009Z,7720.246347,7,3.625e-06,27.586206896551463,7.458563535911601,2.841,88.05970149253731,27.586206896551463,70.39875899275908,6,6,0,0,0.3333,False
PUMP,2026-09-05T23:21:30.047Z,2026-09-05T23:21:30.047955Z,2026-09-06T01:21:30.047955Z,7714.882401,7,0.0039035,7.685410529012334,9.532328136979292,-7.275,91.7910447761194,7.685410529012334,45.95258074232843,13,12,0,1,0.1538,False
TAO,2026-09-05T23:21:35.132Z,2026-09-05T23:21:35.132958Z,2026-09-06T01:21:35.132958Z,7709.797398,7,237.6,8.417508417507939,7.454468445573907,5.685,93.28358208955224,8.417508417507939,72.49693653472542,14,6,7,1,0.4286,False
TRUMP,2026-09-05T23:21:39.913Z,2026-09-05T23:21:39.913167Z,2026-09-06T01:21:39.913167Z,7705.017189,7,2.411,8.295313148070425,7.100591715976337,3.319,90.29850746268657,8.295313148070425,57.40034776394854,5,4,1,0,0.2,False
UNI,2026-09-05T23:21:51.972Z,2026-09-05T23:21:51.972677Z,2026-09-06T01:21:51.972677Z,7692.957679,7,7.353,8.159934720522545,16.127200454287337,14.667,95.14925373134328,8.159934720522545,69.53073802815074,14,7,4,3,0.5714,False
WLD,2026-09-05T23:21:57.313Z,2026-09-05T23:21:57.314050Z,2026-09-06T01:21:57.314050Z,7687.616306,7,0.40235,2.4853982850749095,6.913021618903964,4.437,88.80597014925372,2.4853982850749095,70.50564542917031,2,0,1,1,0.0,False
XLM,2026-09-05T23:22:01.957Z,2026-09-05T23:22:01.957602Z,2026-09-06T01:22:01.957602Z,7682.972754,7,0.18514999999999998,5.401026194977951,4.392624728850323,2.787,85.44776119402985,5.401026194977951,65.88284784937666,5,5,0,0,0.6,False
ZEN,2026-09-05T23:22:07.576Z,2026-09-05T23:22:07.576595Z,2026-09-06T01:22:07.576595Z,7677.353761,7,7.107,14.07063458561951,17.996530789245448,0.625,89.55223880597015,14.07063458561951,47.1509928439151,2,0,1,1,0.0,False
0G,2026-09-05T23:27:41.806Z,2026-09-05T23:27:41.806951Z,2026-09-06T01:27:41.806951Z,7343.123405,7,0.1963,10.188487009677939,5.715730905412244,0.611,70.5223880597015,10.188487009677939,58.67549486608308,0,0,0,0,,
1000CAT,2026-09-05T23:27:47.161Z,2026-09-05T23:27:47.162121Z,2026-09-06T01:27:47.162121Z,7337.768235,7,0.002483,24.16431735803435,38.969404186795494,22.004,80.22388059701493,24.16431735803435,78.3233281261605,0,0,0,0,,False
ALGO,2026-09-05T23:27:57.869Z,2026-09-05T23:27:57.869948Z,2026-09-06T01:27:57.869948Z,7327.060408,7,0.0951,21.03049421661469,8.13093980992608,5.105,78.73134328358209,21.03049421661469,69.61546494619432,7,4,2,1,0.4286,False
APT,2026-09-05T23:28:02.816Z,2026-09-05T23:28:02.817070Z,2026-09-06T01:28:02.817070Z,7322.113286,7,0.6255,15.987210231814563,8.103727714748791,6.932,83.58208955223881,15.987210231814563,72.31894389536303,9,3,5,1,0.7778,False
BONK,2026-09-05T23:28:08.546Z,2026-09-05T23:28:08.546464Z,2026-09-06T01:28:08.546464Z,7316.383892,7,3.285e-06,30.441400304413712,6.811145510835914,0.623,81.34328358208955,30.441400304413712,66.95322589796905,2,1,1,0,1.0,False
ENSO,2026-09-05T23:28:35.827Z,2026-09-05T23:28:35.828036Z,2026-09-06T01:28:35.828036Z,7289.10232,7,0.9045000000000001,11.055831951354348,9.502762430939235,7.227,73.50746268656717,11.055831951354348,66.923447662749,0,0,0,0,,False
EPIC,2026-09-05T23:28:40.651Z,2026-09-05T23:28:40.651650Z,2026-09-06T01:28:40.651650Z,7284.278706,7,0.39575,27.795325331648513,14.662395268605225,11.422,70.8955223880597,27.795325331648513,61.497574770614094,0,0,0,0,,False
MUBARAK,2026-09-05T23:29:08.907Z,2026-09-05T23:29:08.907197Z,2026-09-06T01:29:08.907197Z,7256.023159,7,0.032145,15.554518587648,26.868495742667935,8.447,72.76119402985074,15.554518587648,60.9924009662141,0,0,0,0,,False
TIA,2026-09-05T23:29:59.285Z,2026-09-05T23:29:59.285304Z,2026-09-06T01:29:59.285304Z,7205.645052,7,0.38539999999999996,10.378827192527543,9.929632525410485,10.006,76.49253731343283,10.378827192527543,68.1170166620319,3,3,0,0,0.3333,False
TRX,2026-09-05T23:30:05.405Z,2026-09-05T23:30:05.405766Z,2026-09-06T01:30:05.405766Z,7799.944302,7,0.33435,2.990877822640616,1.077521700089791,0.754,85.07462686567165,2.990877822640616,74.21747029772803,32,29,2,1,0.8125,False
VIRTUAL,2026-09-05T23:30:18.600Z,2026-09-05T23:30:18.600429Z,2026-09-06T01:30:18.600429Z,7786.749639,7,0.6887000000000001,17.424132423406107,5.86786438713416,4.512,72.01492537313433,17.424132423406107,76.27823958617057,3,0,3,0,1.0,False
XPL,2026-09-05T23:30:29.354Z,2026-09-05T23:30:29.354408Z,2026-09-06T01:30:29.354408Z,7775.99566,7,0.094475,3.1754432389523415,3.9421531869308932,1.083,79.1044776119403,3.1754432389523415,60.21435730389181,2,0,2,0,1.0,False
ZRO,2026-09-05T23:30:39.909Z,2026-09-05T23:30:39.909916Z,2026-09-06T01:30:39.909916Z,7765.440152,7,1.0845,9.220839096356752,5.446009389671366,2.899,78.35820895522389,9.220839096356752,66.50466591006715,0,0,0,0,,False
FIL,2026-09-05T23:37:02.125Z,2026-09-05T23:37:02.125765Z,2026-09-06T01:37:02.125765Z,7383.224303,7,0.8114,7.394626571357332,5.752660922453116,4.724,69.40298507462687,7.394626571357332,72.11550479490136,2,1,0,1,1.0,False
FLOKI,2026-09-05T23:37:07.937Z,2026-09-05T23:37:07.937755Z,2026-09-06T01:37:07.937755Z,7377.412313,7,2.6705e-05,3.7446171129008046,9.125331313896261,5.345,65.29850746268657,3.7446171129008046,68.23426255281451,5,3,2,0,0.6,False
GALA,2026-09-05T23:37:12.939Z,2026-09-05T23:37:12.939698Z,2026-09-06T01:37:12.939698Z,7372.41037,7,0.0019165,5.217845030003302,10.337552742616033,8.591,68.65671641791045,5.217845030003302,74.47517906828041,2,2,0,0,0.0,False
IOTA,2026-09-05T23:37:21.082Z,2026-09-05T23:37:21.082946Z,2026-09-06T01:37:21.082946Z,7364.267122,7,0.04145,24.125452352232298,4.950495049504955,3.59,57.08955223880597,24.125452352232298,57.8352598587277,1,1,0,0,1.0,False
ORDI,2026-09-05T23:37:49.561Z,2026-09-05T23:37:49.562200Z,2026-09-06T01:37:49.562200Z,7335.787868,7,4.198,4.764173415911814,6.130725190839708,4.513,64.92537313432835,4.764173415911814,47.860653229215295,0,0,0,0,,False
PLUME,2026-09-05T23:38:00.114Z,2026-09-05T23:38:00.114682Z,2026-09-06T01:38:00.114682Z,7325.235386,7,0.014035,7.125044531528031,4.639543183440396,2.039,59.32835820895522,7.125044531528031,58.01892873412689,0,0,0,0,,False
RAY,2026-09-05T23:38:04.994Z,2026-09-05T23:38:04.995019Z,2026-09-06T01:38:04.995019Z,7320.355049,7,0.9197,8.698488637599468,9.472634611123423,10.302,62.3134328358209,8.698488637599468,67.8657038877988,12,2,9,1,0.5,False
SOMI,2026-09-05T23:38:29.429Z,2026-09-05T23:38:29.429363Z,2026-09-06T01:38:29.429363Z,7295.920705,7,0.12725,23.575638506877993,6.1626951520131525,4.733,67.16417910447761,23.575638506877993,71.35664385230615,0,0,0,0,,False
SYRUP,2026-09-05T23:38:42.442Z,2026-09-05T23:38:42.442912Z,2026-09-06T01:38:42.442912Z,7282.907156,7,0.21665,4.615739672283256,5.13538748832867,-0.603,70.14925373134328,4.615739672283256,59.845030671840995,0,0,0,0,,False
THE,2026-09-05T23:38:49.450Z,2026-09-05T23:38:49.450247Z,2026-09-06T01:38:49.450247Z,7275.899821,7,0.07735,12.92824822236624,9.895833333333329,6.667,57.83582089552239,12.92824822236624,71.42442336357276,0,0,0,0,,False
USDE,2026-09-05T23:39:00.137Z,2026-09-05T23:39:00.138052Z,2026-09-06T01:39:00.138052Z,7265.212016,7,1.0000499999999999,0.999950002499765,0.019999999999997797,-0.01,67.53731343283582,0.999950002499765,47.56096098967896,0,0,0,0,,False
WAL,2026-09-05T23:39:07.146Z,2026-09-05T23:39:07.146814Z,2026-09-06T01:39:07.146814Z,7258.203254,7,0.02735,36.56307129798881,6.666666666666665,5.469,59.701492537313435,36.56307129798881,76.3093215366607,0,0,0,0,,False
XVG,2026-09-05T23:39:23.442Z,2026-09-05T23:39:23.443177Z,2026-09-06T01:39:23.443177Z,7241.906891,7,0.002811,21.344717182497078,18.250539956803458,-1.524,66.04477611940298,21.344717182497078,59.765749271314554,0,0,0,0,,False
ZK,2026-09-05T23:39:37.282Z,2026-09-05T23:39:37.282741Z,2026-09-06T01:39:37.282741Z,7228.067327,7,0.01031,19.39864209505256,12.782694198623409,7.505,61.56716417910448,19.39864209505256,80.41466813825147,2,0,2,0,1.0,False
DOGS,2026-09-05T23:46:02.421Z,2026-09-05T23:46:02.422167Z,2026-09-06T01:46:02.422167Z,7442.754307,7,4.5225e-05,6.633499170812166,8.842623684799644,4.54,45.149253731343286,6.633499170812166,62.5223714621889,1,1,0,0,-1.0,False
NEIRO,2026-09-05T23:46:56.613Z,2026-09-05T23:46:56.613738Z,2026-09-06T01:46:56.613738Z,7388.562736,7,8.98e-05,6.681514476614258,7.5399932878397955,5.9,50.74626865671642,6.681514476614258,71.28347004024981,0,0,0,0,,False
NIL,2026-09-05T23:47:09.567Z,2026-09-05T23:47:09.568109Z,2026-09-06T01:47:09.568109Z,7375.608365,7,0.05311,26.360384108454387,8.885454896658297,6.369,46.64179104477612,26.360384108454387,72.04669418690276,0,0,0,0,,False
PNUT,2026-09-05T23:47:24.919Z,2026-09-05T23:47:24.920143Z,2026-09-06T01:47:24.920143Z,7360.256331,7,0.050949999999999995,19.627085377820595,8.548707753479135,4.792,44.02985074626866,19.627085377820595,71.73729117095792,0,0,0,0,,False
PYTH,2026-09-05T23:47:30.001Z,2026-09-05T23:47:30.001460Z,2026-09-06T01:47:30.001460Z,7355.175014,7,0.054925,12.744651797906348,3.9701329448187965,0.623,51.11940298507463,12.744651797906348,60.31993086767891,0,0,0,0,,False
ROSE,2026-09-05T23:47:35.265Z,2026-09-05T23:47:35.265695Z,2026-09-06T01:47:35.265695Z,7349.910779,7,0.006954999999999999,14.378145219267376,8.78477306002928,7.221,52.985074626865675,14.378145219267376,76.98676232314085,7,1,6,0,1.0,False
SOLV,2026-09-05T23:48:09.412Z,2026-09-05T23:48:09.412857Z,2026-09-06T01:48:09.412857Z,7315.763617,7,0.0033049999999999998,30.257186081694485,18.181818181818176,7.143,48.88059701492537,30.257186081694485,68.31296019002593,0,0,0,0,,False
1000SATS,2026-09-05T23:54:20.329Z,2026-09-05T23:54:20.329666Z,2026-09-06T01:54:20.329666Z,7544.431905,7,1.1564999999999999e-05,25.940337224383672,8.64304235090751,5.759,33.95522388059702,25.940337224383672,74.41385199825196,1,1,0,0,1.0,False
ENJ,2026-09-05T23:55:18.536Z,2026-09-05T23:55:18.537093Z,2026-09-06T01:55:18.537093Z,7486.224478,7,0.027854999999999998,10.770059235325355,10.149689667761962,-8.118,36.56716417910448,10.770059235325355,54.3488349888919,0,0,0,0,,False
PARTI,2026-09-05T23:57:15.845Z,2026-09-05T23:57:15.845345Z,2026-09-06T01:57:15.845345Z,7368.916226,7,0.02605,38.38771593090321,3.84615384615385,1.563,39.55223880597015,38.38771593090321,66.85760077618134,0,0,0,0,,False
RED,2026-09-05T23:57:26.787Z,2026-09-05T23:57:26.787549Z,2026-09-06T01:57:26.787549Z,7357.974022,7,0.12745,7.84621420164684,5.779889152810758,4.294,28.73134328358209,7.84621420164684,48.284607921103955,2,0,1,1,-0.5,False
SSV,2026-09-05T23:57:35.260Z,2026-09-05T23:57:35.260980Z,2026-09-06T01:57:35.260980Z,7349.500591,7,3.048,19.685039370079487,5.792783846408469,4.352,35.44776119402985,19.685039370079487,73.2219446469411,0,0,0,0,,False
TNSR,2026-09-05T23:57:42.615Z,2026-09-05T23:57:42.616201Z,2026-09-06T01:57:42.616201Z,7342.14537,7,0.03685,27.137042062415976,5.263157894736839,1.69,32.46268656716418,27.137042062415976,61.883159270112834,1,0,1,0,1.0,False
TOWNS,2026-09-05T23:57:48.958Z,2026-09-05T23:57:48.958318Z,2026-09-06T01:57:48.958318Z,7335.803253,7,0.0021850000000000003,45.76659038901613,4.109589041095881,-0.455,26.119402985074625,45.76659038901613,55.716146344105134,0,0,0,0,,False
1INCH,2026-09-06T00:03:29.130Z,2026-09-06T00:03:29.130331Z,2026-09-06T02:03:29.130331Z,7596.530754,7,0.09620000000000001,20.79002079001994,5.079365079365092,4.19,12.313432835820896,20.79002079001994,68.35692040294161,0,0,0,0,,True
1MBABYDOGE,2026-09-06T00:03:36.172Z,2026-09-06T00:03:36.172842Z,2026-09-06T02:03:36.172842Z,7589.488243,7,0.0004142,86.91453404152533,9.026935209900506,6.872,17.16417910447761,86.91453404152533,73.74176813494371,1,1,0,0,1.0,False
ACT,2026-09-06T00:03:49.012Z,2026-09-06T00:03:49.013091Z,2026-09-06T02:03:49.013091Z,7576.647994,7,0.011185,26.821636119803767,6.905829596412555,0.996,20.895522388059703,26.821636119803767,39.028674655151384,0,0,0,0,,False
EUL,2026-09-06T00:04:46.617Z,2026-09-06T00:04:46.617347Z,2026-09-06T02:04:46.617347Z,7519.043738,7,1.3094999999999999,7.636502481864162,5.859969558599709,-0.455,20.149253731343283,7.636502481864162,46.35329830513675,3,2,0,1,1.0,False
MET,2026-09-06T00:05:36.136Z,2026-09-06T00:05:36.136860Z,2026-09-06T02:05:36.136860Z,7469.524225,7,0.18945,26.39218791237796,7.319641916798313,2.372,14.17910447761194,26.39218791237796,61.847572614407845,1,1,0,0,1.0,False
OPEN,2026-09-06T00:05:47.510Z,2026-09-06T00:05:47.510233Z,2026-09-06T02:05:47.510233Z,7458.150852,7,0.1275,15.686274509802193,6.477093206951038,4.112,25.37313432835821,15.686274509802193,68.5984549261104,0,0,0,0,,False
STO,2026-09-06T00:06:30.771Z,2026-09-06T00:06:30.772204Z,2026-09-06T02:06:30.772204Z,7414.888881,7,0.04215,23.724792408067106,3.5971223021582768,2.709,23.880597014925375,23.724792408067106,69.2442262072675,0,0,0,0,,False
SXT,2026-09-06T00:06:38.320Z,2026-09-06T00:06:38.320695Z,2026-09-06T02:06:38.320695Z,7407.34039,7,0.00912,21.929824561402615,4.76190476190476,4.393,14.552238805970148,21.929824561402615,59.16501988597503,0,0,0,0,,False
THETA,2026-09-06T00:06:45.791Z,2026-09-06T00:06:45.791547Z,2026-09-06T02:06:45.791547Z,7399.869538,7,0.1824,21.929824561404136,3.4021193530395957,3.105,24.253731343283583,21.929824561404136,74.85107223762257,0,0,0,0,,False
UMA,2026-09-06T00:06:56.904Z,2026-09-06T00:06:56.904294Z,2026-09-06T02:06:56.904294Z,7388.756791,7,0.3975,25.157232704402535,8.951406649616361,4.545,22.01492537313433,25.157232704402535,50.21384786600603,0,0,0,0,,False
ZBT,2026-09-06T00:07:15.991Z,2026-09-06T00:07:15.992072Z,2026-09-06T02:07:15.992072Z,7369.669013,7,0.08505,11.757789535566019,1.6509433962264133,1.193,22.388059701492537,11.757789535566019,68.17478611021097,0,0,0,0,,False
BARD,2026-09-06T00:13:08.675Z,2026-09-06T00:13:08.675314Z,2026-09-06T02:13:08.675314Z,7617.46845,7,0.12835,38.95597974289057,5.841121495327098,5.246,0.746268656716418,38.95597974289057,56.680123749291305,0,0,0,0,,False
BLUR,2026-09-06T00:13:25.772Z,2026-09-06T00:13:25.773190Z,2026-09-06T02:13:25.773190Z,7600.370574,7,0.016980000000000002,11.778563015313695,3.9691943127962115,3.242,3.3582089552238807,11.778563015313695,67.7955528871017,0,0,0,0,,False
DOGE,2026-09-06T00:13:55.931Z,2026-09-06T00:13:55.931649Z,2026-09-06T02:13:55.931649Z,7570.212115,7,0.090695,1.1025966150279645,12.293170460855075,6.329,96.26865671641791,1.1025966150279645,65.18973306720585,28,9,18,1,0.6786,False
HUMA,2026-09-06T00:14:29.117Z,2026-09-06T00:14:29.118089Z,2026-09-06T02:14:29.118089Z,7537.025675,7,0.022185,31.552851025467938,3.8338658146964883,1.623,2.611940298507463,31.552851025467938,49.393462763283985,0,0,0,0,,True
NEWT,2026-09-06T00:14:58.188Z,2026-09-06T00:14:58.188786Z,2026-09-06T02:14:58.188786Z,7507.954978,7,0.044355,6.763611768684985,4.3360433604336,3.797,10.447761194029852,6.763611768684985,69.77973338346246,0,0,0,0,,False
ADA,2026-09-06T00:21:49.195Z,2026-09-06T00:21:49.195578Z,2026-09-06T02:21:49.195578Z,7695.98332,7,0.22075,4.530011325027814,5.785876993166282,4.078,92.53731343283582,4.530011325027814,66.92580831996015,12,7,5,0,1.0,False
AR,2026-09-06T00:21:59.616Z,2026-09-06T00:21:59.616683Z,2026-09-06T02:21:59.616683Z,7685.562215,7,3.0730000000000004,13.016596160104143,18.74158815612382,13.783,87.68656716417911,13.016596160104143,67.8969137513086,2,0,1,1,0.0,False
ASTER,2026-09-06T00:22:05.329Z,2026-09-06T00:22:05.329991Z,2026-09-06T02:22:05.329991Z,7679.848907,7,0.7825,12.779552715654964,18.870346598202826,5.27,94.77611940298507,12.779552715654964,61.00187384878221,3,1,2,0,-0.3333,False
BCH,2026-09-06T00:22:14.874Z,2026-09-06T00:22:14.874396Z,2026-09-06T02:22:14.874396Z,7670.304502,7,259.75,3.849855630414735,5.91669910471,3.131,89.92537313432835,3.849855630414735,69.98569138585927,1,0,0,1,-1.0,False
DASH,2026-09-06T00:22:27.947Z,2026-09-06T00:22:27.947203Z,2026-09-06T02:22:27.947203Z,7657.231695,7,68.39500000000001,1.4620951823971218,19.14734480179506,9.536,94.02985074626865,1.4620951823971218,72.62012445482384,3,1,2,0,1.0,False
ENA,2026-09-06T00:22:33.424Z,2026-09-06T00:22:33.425213Z,2026-09-06T02:22:33.425213Z,7651.753685,7,0.18045,5.541701302299196,7.701283547257887,5.477,93.65671641791045,5.541701302299196,65.85303773304456,6,6,0,0,1.0,False
FET,2026-09-06T00:22:41.552Z,2026-09-06T00:22:41.552767Z,2026-09-06T02:22:41.552767Z,7643.626131,7,0.16685,5.993407252022115,9.223300970873781,6.944,90.67164179104478,5.993407252022115,76.46918581952936,5,2,3,0,0.4,False
LINK,2026-09-06T00:22:51.233Z,2026-09-06T00:22:51.234144Z,2026-09-06T02:22:51.234144Z,7633.944754,7,12.2835,0.8141002157375521,5.345545378850953,3.499,94.40298507462687,0.8141002157375521,66.33500858398632,7,2,4,1,0.7143,False
LTC,2026-09-06T00:22:56.860Z,2026-09-06T00:22:56.860597Z,2026-09-06T02:22:56.860597Z,7628.318301,7,54.815,1.8243181610869306,8.518383691299599,8.406,92.91044776119404,1.8243181610869306,62.490979493493676,22,12,6,4,0.3636,False
TUT,2026-09-06T00:23:28.581Z,2026-09-06T00:23:28.581441Z,2026-09-06T02:23:28.581441Z,7596.597457,7,0.027525,32.69754768392363,25.300353356890458,21.616,87.31343283582089,32.69754768392363,66.44893291024434,1,0,1,0,1.0,False
GIGGLE,2026-09-06T00:30:15.281Z,2026-09-06T00:30:15.281941Z,2026-09-06T02:30:15.281941Z,7790.29869,7,40.205,12.436264146249759,10.958904109589032,1.616,77.61194029850746,12.436264146249759,60.30112004878072,0,0,0,0,,False
GRAM,2026-09-06T00:30:21.135Z,2026-09-06T00:30:21.135672Z,2026-09-06T02:30:21.135672Z,7784.444959,7,1.4249999999999998,14.035087719298259,4.189944134078216,2.505,80.59701492537313,14.035087719298259,74.26643201718964,3,1,1,1,1.0,False
HBAR,2026-09-06T00:30:26.383Z,2026-09-06T00:30:26.383780Z,2026-09-06T02:30:26.383780Z,7779.196851,7,0.08149500000000001,1.2270691453458644,4.66998754669988,3.24,82.83582089552239,1.2270691453458644,64.82013432627613,15,6,2,7,-0.0667,False
ICP,2026-09-06T00:30:31.358Z,2026-09-06T00:30:31.359228Z,2026-09-06T02:30:31.359228Z,7774.221403,7,2.6835,3.726476616360477,9.753363228699556,8.958,84.70149253731343,3.726476616360477,78.05751276039429,10,8,2,0,0.5,False
INJ,2026-09-06T00:30:38.287Z,2026-09-06T00:30:38.287795Z,2026-09-06T02:30:38.287795Z,7767.292836,7,5.132999999999999,15.585427625170482,5.329536208299421,3.082,77.98507462686567,15.585427625170482,72.97088077545116,2,1,1,0,1.0,False
JUP,2026-09-06T00:30:45.303Z,2026-09-06T00:30:45.303727Z,2026-09-06T02:30:45.303727Z,7760.276904,7,0.2248,8.89679715302393,6.00451467268622,2.121,82.46268656716418,8.89679715302393,58.74325007361306,11,4,6,1,0.4545,False
NOM,2026-09-06T00:30:55.952Z,2026-09-06T00:30:55.952572Z,2026-09-06T02:30:55.952572Z,7749.628059,7,0.001805,55.40166204986164,31.550802139037437,20.645,75.3731343283582,55.40166204986164,70.56181483250306,1,0,1,0,-1.0,False
ONDO,2026-09-06T00:31:00.703Z,2026-09-06T00:31:00.703816Z,2026-09-06T02:31:00.703816Z,7744.876815,7,0.37595,2.6599281819387945,5.389382915656162,4.066,83.2089552238806,2.6599281819387945,77.41428729866553,0,0,0,0,,False
OP,2026-09-06T00:31:07.279Z,2026-09-06T00:31:07.280248Z,2026-09-06T02:31:07.280248Z,7738.300383,7,0.11075,9.029345372459503,15.126811594202906,13.231,82.08955223880596,9.029345372459503,69.84484086379169,0,0,0,0,,False
PENDLE,2026-09-06T00:31:12.592Z,2026-09-06T00:31:12.592277Z,2026-09-06T02:31:12.592277Z,7732.988354,7,2.0435,4.893564962074333,5.500495540138751,5.049,79.85074626865672,4.893564962074333,70.11205893487305,0,0,0,0,,False
POL,2026-09-06T00:31:18.091Z,2026-09-06T00:31:18.091970Z,2026-09-06T02:31:18.091970Z,7727.488661,7,0.09911500000000001,7.062503152903255,5.522098601612736,5.719,73.13432835820896,7.062503152903255,66.58759163248278,4,1,2,1,0.5,False
RENDER,2026-09-06T00:31:23.020Z,2026-09-06T00:31:23.020359Z,2026-09-06T02:31:23.020359Z,7722.560272,7,1.4875,6.7226890756295115,5.460750853242325,3.169,75.74626865671642,6.7226890756295115,72.19093241145572,0,0,0,0,,False
SEI,2026-09-06T00:31:36.034Z,2026-09-06T00:31:36.034477Z,2026-09-06T02:31:36.034477Z,7709.546154,7,0.04858,4.116920543433344,3.805364940736116,2.954,71.26865671641791,4.116920543433344,63.983731419277476,1,0,1,0,1.0,False
SHIB,2026-09-06T00:31:42.245Z,2026-09-06T00:31:42.245159Z,2026-09-06T02:31:42.245159Z,7703.335472,7,5.495e-06,18.19836214740656,6.751824817518245,4.78,75.0,18.19836214740656,76.94925534452447,4,3,1,0,1.0,False
SOPH,2026-09-06T00:31:47.747Z,2026-09-06T00:31:47.747688Z,2026-09-06T02:31:47.747688Z,7697.832943,7,0.00413,48.4261501210634,21.44638403990024,-1.474,73.88059701492537,48.4261501210634,55.44941262782013,0,0,0,0,,False
STRK,2026-09-06T00:31:56.440Z,2026-09-06T00:31:56.440469Z,2026-09-06T02:31:56.440469Z,7689.140162,7,0.031595,9.495173286913198,17.14285714285715,16.621,83.95522388059702,9.495173286913198,78.72323331525247,2,0,2,0,0.0,False
TST,2026-09-06T00:32:11.448Z,2026-09-06T00:32:11.448234Z,2026-09-06T02:32:11.448234Z,7674.132397,7,0.01846,10.83423618634842,16.71991480298188,4.624,76.86567164179104,10.83423618634842,57.01630815212611,0,0,0,0,,False
TWT,2026-09-06T00:32:18.601Z,2026-09-06T00:32:18.602022Z,2026-09-06T02:32:18.602022Z,7666.978609,7,0.61545,27.62206515557598,7.068233757753836,-2.654,81.71641791044776,27.62206515557598,58.995909545705345,1,1,0,0,1.0,False
WLFI,2026-09-06T00:32:30.487Z,2026-09-06T00:32:30.487425Z,2026-09-06T02:32:30.487425Z,7655.093206,7,0.05735,17.436791630340515,2.447552447552445,1.779,74.6268656716418,17.436791630340515,71.54421607823937,1,1,0,0,1.0,False
ZKC,2026-09-06T00:32:39.984Z,2026-09-06T00:32:39.984948Z,2026-09-06T02:32:39.984948Z,7645.595683,7,0.05055,19.782393669633223,6.250000000000011,1.224,77.23880597014926,19.782393669633223,63.15961801775654,2,1,1,0,1.0,False
APE,2026-09-06T00:33:15.704Z,2026-09-06T00:33:15.704941Z,2026-09-06T02:33:15.704941Z,7609.87569,7,0.14335,6.975933031042133,4.463040446304056,3.538,60.07462686567164,6.975933031042133,73.84853189559668,6,5,1,0,1.0,False
ETHFI,2026-09-06T00:33:49.320Z,2026-09-06T00:33:49.320394Z,2026-09-06T02:33:49.320394Z,7576.260237,7,0.59135,8.455229559483486,5.769230769230756,2.436,62.6865671641791,8.455229559483486,54.3022298872817,0,0,0,0,,False
JTO,2026-09-06T00:34:16.978Z,2026-09-06T00:34:16.978232Z,2026-09-06T02:34:16.978232Z,7548.602399,7,0.4206,4.755111745126807,6.585249042145586,3.623,61.19402985074627,4.755111745126807,62.561686532419216,1,1,0,0,1.0,False
KITE,2026-09-06T00:34:22.104Z,2026-09-06T00:34:22.104936Z,2026-09-06T02:34:22.104936Z,7543.475695,7,0.12825,7.797270955164833,10.317460317460327,-6.667,66.41791044776119,7.797270955164833,52.70782605413441,0,0,0,0,,False
LDO,2026-09-06T00:34:29.157Z,2026-09-06T00:34:29.157364Z,2026-09-06T02:34:29.157364Z,7536.423267,7,0.3997,10.007505629220814,9.5273631840796,4.307,63.059701492537314,10.007505629220814,75.443976946668,0,0,0,0,,False
PAXG,2026-09-06T00:34:50.974Z,2026-09-06T00:34:50.974585Z,2026-09-06T02:34:50.974585Z,7514.606046,7,4432.075,0.022562795079546893,0.1826957776975903,-0.007,60.82089552238806,0.022562795079546893,62.601584478641016,0,0,0,0,,False
SAHARA,2026-09-06T00:35:11.972Z,2026-09-06T00:35:11.972790Z,2026-09-06T02:35:11.972790Z,7493.607841,7,0.009395,10.643959552953264,3.96995708154507,0.323,69.77611940298507,10.643959552953264,60.913335837563324,1,0,1,0,1.0,False
ALLO,2026-09-06T00:42:05.444Z,2026-09-06T00:42:05.444270Z,2026-09-06T02:42:05.444270Z,7679.384215,7,0.2464,8.116883116883349,2.3151909017059347,-0.445,47.76119402985075,8.116883116883349,63.69164278437689,0,0,0,0,,False
EDEN,2026-09-06T00:42:48.267Z,2026-09-06T00:42:48.268008Z,2026-09-06T02:42:48.268008Z,7636.560477,7,0.056295,12.434496846966981,6.90017513134851,-1.194,41.417910447761194,12.434496846966981,62.82132460125627,0,0,0,0,,False
MEME,2026-09-06T00:43:29.001Z,2026-09-06T00:43:29.001200Z,2026-09-06T02:43:29.001200Z,7595.827285,7,0.0005694999999999999,17.559262510974968,5.448154657293497,3.267,54.1044776119403,17.559262510974968,65.07767336691147,51,31,19,1,0.9608,False
NEO,2026-09-06T00:43:40.485Z,2026-09-06T00:43:40.485831Z,2026-09-06T02:43:40.485831Z,7584.342654,7,2.154,9.28505106777985,3.2679738562091427,2.635,44.776119402985074,9.28505106777985,72.07044489988604,0,0,0,0,,False
PEOPLE,2026-09-06T00:43:50.808Z,2026-09-06T00:43:50.808661Z,2026-09-06T02:43:50.808661Z,7574.019824,7,0.008465,11.813349084464964,6.569343065693438,4.713,52.23880597014925,11.813349084464964,72.22735888294848,0,0,0,0,,False
SIGN,2026-09-06T00:44:27.561Z,2026-09-06T00:44:27.561813Z,2026-09-06T02:44:27.561813Z,7537.266672,7,0.01049,19.06577693041079,10.460652591170831,7.312,54.47761194029851,19.06577693041079,73.64036215838799,0,0,0,0,,False
SYN,2026-09-06T00:44:50.535Z,2026-09-06T00:44:50.535450Z,2026-09-06T02:44:50.535450Z,7514.293035,7,0.09108,21.95871761089063,3.4240561896400323,-1.726,40.67164179104478,21.95871761089063,50.593392272110286,0,0,0,0,,False
XTZ,2026-09-06T00:45:14.717Z,2026-09-06T00:45:14.717624Z,2026-09-06T02:45:14.717624Z,7490.110861,7,0.23785,12.612991381122335,4.258010118043855,3.671,44.40298507462686,12.612991381122335,75.6238980455479,2,2,0,0,1.0,False
BIO,2026-09-06T00:51:27.346Z,2026-09-06T00:51:27.346834Z,2026-09-06T02:51:27.346834Z,7718.898954,7,0.02795,14.31127012522303,4.854368932038836,2.848,37.3134328358209,14.31127012522303,71.74988574945587,0,0,0,0,,False
ETC,2026-09-06T00:52:04.245Z,2026-09-06T00:52:04.246090Z,2026-09-06T02:52:04.246090Z,7681.999698,7,7.785,12.845215157353612,6.048906048906046,4.858,29.47761194029851,12.845215157353612,74.51083946367976,0,0,0,0,,False
GPS,2026-09-06T00:52:22.075Z,2026-09-06T00:52:22.075942Z,2026-09-06T02:52:22.075942Z,7664.169846,7,0.010485,9.537434430137905,6.5175097276264635,1.682,31.34328358208955,9.537434430137905,62.88142340486948,0,0,0,0,,False
KERNEL,2026-09-06T00:52:48.394Z,2026-09-06T00:52:48.394947Z,2026-09-06T02:52:48.394947Z,7637.850841,7,0.04095,24.42002442002512,4.176904176904177,3.038,37.6865671641791,24.42002442002512,75.27167199934665,0,0,0,0,,False
KMNO,2026-09-06T00:52:53.206Z,2026-09-06T00:52:53.206799Z,2026-09-06T02:52:53.206799Z,7633.038989,7,0.025,8.000000000001062,1.7117834394904452,0.722,33.208955223880594,8.000000000001062,69.28849891501912,2,1,1,0,1.0,False
LINEA,2026-09-06T00:53:04.965Z,2026-09-06T00:53:04.965373Z,2026-09-06T02:53:04.965373Z,7621.280415,7,0.0027275,10.999083409715727,5.55972952667168,4.638,30.223880597014926,10.999083409715727,75.44337773434432,0,0,0,0,,False
LISTA,2026-09-06T00:53:09.857Z,2026-09-06T00:53:09.857397Z,2026-09-06T02:53:09.857397Z,7616.388391,7,0.0824,24.27184466019487,12.826899128268995,4.557,26.492537313432837,24.27184466019487,49.06639698495923,0,0,0,0,,False
MIRA,2026-09-06T00:53:18.796Z,2026-09-06T00:53:18.796780Z,2026-09-06T02:53:18.796780Z,7607.449008,7,0.047025,19.138755980861202,3.135665529010237,2.224,27.98507462686567,19.138755980861202,44.449649047853704,0,0,0,0,,False
MITO,2026-09-06T00:53:25.527Z,2026-09-06T00:53:25.528169Z,2026-09-06T02:53:25.528169Z,7600.717619,7,0.017215,17.426662794074222,6.6168009205984,0.058,38.43283582089552,17.426662794074222,59.64636449111858,0,0,0,0,,False
MMT,2026-09-06T00:53:31.976Z,2026-09-06T00:53:31.977071Z,2026-09-06T02:53:31.977071Z,7594.268717,7,0.16745,17.915795759928024,3.0704394942805666,0.606,32.83582089552239,17.915795759928024,51.49680043429175,13,12,0,1,0.9231,False
NOT,2026-09-06T00:53:37.627Z,2026-09-06T00:53:37.627621Z,2026-09-06T02:53:37.627621Z,7588.618167,7,0.0004575,21.85792349726829,4.21286031042128,2.5,25.746268656716417,21.85792349726829,67.40551740900736,1,0,0,1,-1.0,False
ORCA,2026-09-06T00:53:48.042Z,2026-09-06T00:53:48.043196Z,2026-09-06T02:53:48.043196Z,7578.202592,7,1.3155000000000001,7.601672367921792,2.4883359253499244,1.821,39.92537313432836,7.601672367921792,71.32909529540395,0,0,0,0,,False
PHA,2026-09-06T00:54:00.242Z,2026-09-06T00:54:00.242781Z,2026-09-06T02:54:00.242781Z,7566.003007,7,0.02595,38.535645472061425,4.705882352941176,3.239,35.07462686567164,38.535645472061425,68.32913414391905,0,0,0,0,,False
TURBO,2026-09-06T00:54:24.752Z,2026-09-06T00:54:24.753000Z,2026-09-06T02:54:24.753000Z,7541.492788,7,0.0010135,9.86679822397549,7.554671968190855,3.074,33.582089552238806,9.86679822397549,65.26153572102189,0,0,0,0,,False
HOLO,2026-09-06T01:01:27.519Z,2026-09-06T01:01:27.519774Z,2026-09-06T03:01:27.519774Z,7718.510241,7,0.06705,14.914243102162994,5.08221225710015,5.189,16.791044776119403,14.914243102162994,70.30037092068439,1,0,1,0,1.0,False
MANTRA,2026-09-06T01:01:55.189Z,2026-09-06T01:01:55.189971Z,2026-09-06T03:01:55.189971Z,7690.840044,7,0.004465,22.39641657334735,5.393258426966287,-0.891,15.671641791044776,22.39641657334735,67.17232977870005,0,0,0,0,,False
ONT,2026-09-06T01:02:07.471Z,2026-09-06T01:02:07.472037Z,2026-09-06T03:02:07.472037Z,7678.557978,7,0.056514999999999996,30.080509599220836,2.6638252530634015,-0.372,22.761194029850746,30.080509599220836,65.54111373299864,1,0,1,0,1.0,False
OSMO,2026-09-06T01:02:27.013Z,2026-09-06T01:02:27.014249Z,2026-09-06T03:02:27.014249Z,7659.015766,7,0.03565,28.050490883591266,3.672316384180798,2.907,13.805970149253731,28.050490883591266,50.42346698107637,0,0,0,0,,False
RARE,2026-09-06T01:02:31.975Z,2026-09-06T01:02:31.975841Z,2026-09-06T03:02:31.975841Z,7654.054174,7,0.01268,15.772870662459926,3.475513428120072,3.431,20.52238805970149,15.772870662459926,71.52295955662608,0,0,0,0,,False
RESOLV,2026-09-06T01:02:39.818Z,2026-09-06T01:02:39.818756Z,2026-09-06T03:02:39.818756Z,7646.211259,7,0.018015,16.652789342216067,3.6666666666666714,3.093,14.925373134328359,16.652789342216067,69.07731743503885,0,0,0,0,,
SAPIEN,2026-09-06T01:02:52.074Z,2026-09-06T01:02:52.074771Z,2026-09-06T03:02:52.074771Z,7633.955244,7,0.08295,12.055455093430124,4.395604395604403,3.934,13.059701492537313,12.055455093430124,69.28740978964082,0,0,0,0,,False
TLM,2026-09-06T01:03:22.910Z,2026-09-06T01:03:22.910370Z,2026-09-06T03:03:22.910370Z,7603.119645,7,0.0014520000000000002,13.774104683195926,5.295735900962863,3.121,11.194029850746269,13.774104683195926,65.33845447707316,0,0,0,0,,False
YB,2026-09-06T01:03:36.335Z,2026-09-06T01:03:36.335628Z,2026-09-06T03:03:36.335628Z,7589.694387,7,0.09755,10.251153254741453,2.476780185758513,-0.513,11.567164179104477,10.251153254741453,56.01585812426496,0,0,0,0,,False
YGG,2026-09-06T01:03:41.280Z,2026-09-06T01:03:41.280835Z,2026-09-06T03:03:41.280835Z,7584.74918,7,0.024329999999999997,32.88121660501447,6.14219604543542,6.258,11.940298507462687,32.88121660501447,59.755024481038355,0,0,0,0,,False
ARB,2026-09-06T01:09:27.868Z,2026-09-06T01:09:27.868593Z,2026-09-06T03:09:27.868593Z,7238.161422,7,0.18745,5.33475593491539,30.022321428571434,35.964,95.8955223880597,5.33475593491539,82.65321394630939,24,17,7,0,0.5,False
MANTA,2026-09-06T01:11:16.806Z,2026-09-06T01:11:16.806317Z,2026-09-06T03:11:16.806317Z,7728.140868,7,0.0615,9.75609756097634,2.351224258148208,2.255,6.343283582089552,9.75609756097634,72.29386323337096,0,0,0,0,,False
PIXEL,2026-09-06T01:11:38.387Z,2026-09-06T01:11:38.387363Z,2026-09-06T03:11:38.387363Z,7706.559822,7,0.00513,38.98635477582687,3.1434184675834884,2.828,4.477611940298507,38.98635477582687,69.29473144740756,3,1,1,1,0.3333,False
QNT,2026-09-06T01:11:51.296Z,2026-09-06T01:11:51.296820Z,2026-09-06T03:11:51.296820Z,7693.650365,7,65.7,18.264840182649092,3.138944452992756,2.282,8.208955223880597,18.264840182649092,66.21391683499472,7,5,2,0,0.7143,False
USD1,2026-09-06T01:12:12.601Z,2026-09-06T01:12:12.602057Z,2026-09-06T03:12:12.602057Z,7672.345128,7,0.99985,1.0001500225032653,0.05001000200039457,-0.02,98.88059701492537,1.0001500225032653,72.96370548383507,1,0,1,0,1.0,False
USUAL,2026-09-06T01:12:19.807Z,2026-09-06T01:12:19.807794Z,2026-09-06T03:12:19.807794Z,7665.139391,7,0.011644999999999999,8.587376556463141,3.875968992248054,3.017,5.597014925373134,8.587376556463141,70.20266317938336,0,0,0,0,,False
VANA,2026-09-06T01:12:25.107Z,2026-09-06T01:12:25.107562Z,2026-09-06T03:12:25.107562Z,7659.839623,7,0.9424999999999999,31.830238726790483,2.3504273504273407,-1.681,2.2388059701492535,31.830238726790483,55.64099985812222,0,0,0,0,,False
VELODROME,2026-09-06T01:12:31.854Z,2026-09-06T01:12:31.854918Z,2026-09-06T03:12:31.854918Z,7653.092267,7,0.025474999999999998,58.88125613346451,9.629924393155585,9.166,2.985074626865672,58.88125613346451,73.55031674904588,0,0,0,0,,False
WCT,2026-09-06T01:12:39.277Z,2026-09-06T01:12:39.277545Z,2026-09-06T03:12:39.277545Z,7645.66964,7,0.03991,15.0338261087458,2.3185483870967674,1.953,1.492537313432836,15.0338261087458,66.3910244514712,3,3,0,0,1.0,False
XRP,2026-09-06T01:12:43.948Z,2026-09-06T01:12:43.949133Z,2026-09-06T03:12:43.949133Z,7640.998052,7,1.4202499999999998,0.7041013906001691,2.3875114784205573,1.375,98.13432835820896,0.7041013906001691,62.849773248275085,25,9,12,4,0.28,False
ZEC,2026-09-06T01:12:49.953Z,2026-09-06T01:12:49.953667Z,2026-09-06T03:12:49.953667Z,7634.993518,7,1069.75,3.1783126898821736,4.558538447982148,-0.663,97.38805970149254,3.1783126898821736,70.07861208712359,43,23,18,2,0.5116,False
CRV,2026-09-06T01:18:57.634Z,2026-09-06T01:18:57.634216Z,2026-09-06T03:18:57.634216Z,7267.312969,7,0.38065000000000004,7.881255746749571,10.437975347495412,8.324,85.82089552238806,7.881255746749571,69.43176494011878,1,1,0,0,1.0,False
BOME,2026-09-06T01:26:04.774Z,2026-09-06T01:26:04.774933Z,2026-09-06T03:26:04.774933Z,7440.627408,7,0.0009862500000000001,15.209125475284988,15.95356550580431,8.884,73.13432835820896,15.209125475284988,52.917165466451415,6,4,1,1,1.0,False
COTI,2026-09-06T01:26:20.828Z,2026-09-06T01:26:20.828262Z,2026-09-06T03:26:20.828262Z,7424.574079,7,0.016555,30.202355783751997,17.561591914087163,9.399,80.97014925373135,30.202355783751997,80.87568360302593,1,0,0,1,-1.0,False
DOT,2026-09-06T01:26:26.177Z,2026-09-06T01:26:26.177266Z,2026-09-06T03:26:26.177266Z,7419.225075,7,0.9225000000000001,10.84010840108402,4.535637149028082,2.889,82.08955223880596,10.84010840108402,79.03691351691413,3,1,2,0,0.3333,False
DYDX,2026-09-06T01:26:30.941Z,2026-09-06T01:26:30.941191Z,2026-09-06T03:26:30.941191Z,7414.46115,7,0.1212,4.950495049505322,6.086885380021273,5.198,77.61194029850746,4.950495049505322,67.38635566936274,2,2,0,0,1.0,False
EGLD,2026-09-06T01:26:37.737Z,2026-09-06T01:26:37.737976Z,2026-09-06T03:26:37.737976Z,7407.664365,7,4.5555,6.585446163977858,6.493789496622358,-2.59,71.64179104477611,6.585446163977858,60.06819672308878,3,2,1,0,1.0,False
0G,2026-09-06T01:34:19.904Z,2026-09-06T01:34:19.905035Z,2026-09-06T03:34:19.905035Z,7545.878111,7,0.1956,10.224948875255917,5.756495160468673,0.667,66.7910447761194,10.224948875255917,42.360215662940284,0,0,0,0,,
1000CHEEMS,2026-09-06T01:34:22.994Z,2026-09-06T01:34:22.995032Z,2026-09-06T03:34:22.995032Z,7542.788114,7,0.0005555,18.001800180016488,7.142857142857142,4.283,63.80597014925373,18.001800180016488,71.68004481338609,0,0,0,0,,False
ATOM,2026-09-06T01:34:32.507Z,2026-09-06T01:34:32.508206Z,2026-09-06T03:34:32.508206Z,7533.27494,7,1.589,12.586532410320968,4.198473282442752,4.313,63.059701492537314,12.586532410320968,78.68818566920822,0,0,0,0,,False
BROCCOLI714,2026-09-06T01:34:39.379Z,2026-09-06T01:34:39.379472Z,2026-09-06T03:34:39.379472Z,7526.403674,7,0.019944999999999997,15.04136375031275,13.714849531327092,1.706,69.40298507462687,15.04136375031275,56.149901589711725,0,0,0,0,,False
CATI,2026-09-06T01:34:44.668Z,2026-09-06T01:34:44.668719Z,2026-09-06T03:34:44.668719Z,7521.114427,7,0.05132,35.07404520654708,39.98005982053839,-23.0,56.343283582089555,35.07404520654708,59.87412357837554,2,1,0,1,0.0,False
EIGEN,2026-09-06T01:34:49.450Z,2026-09-06T01:34:49.450738Z,2026-09-06T03:34:49.450738Z,7516.332408,7,0.20934999999999998,14.330069262001182,8.32941176470588,8.474,61.56716417910448,14.330069262001182,75.83115249387204,0,0,0,0,,False
FF,2026-09-06T01:35:03.636Z,2026-09-06T01:35:03.636597Z,2026-09-06T03:35:03.636597Z,7502.146549,7,0.11835999999999999,21.966880702939875,16.769712882188543,9.517,67.53731343283582,21.966880702939875,64.33061597184647,0,0,0,0,,False
MORPHO,2026-09-06T01:35:47.216Z,2026-09-06T01:35:47.217036Z,2026-09-06T03:35:47.217036Z,7458.56611,7,2.525,7.9207920792070485,3.3957845433255343,0.039,64.55223880597015,7.9207920792070485,62.35039321515723,0,0,0,0,,False
RUNE,2026-09-06T01:36:30.528Z,2026-09-06T01:36:30.528643Z,2026-09-06T03:36:30.528643Z,7415.254503,7,0.4915,20.345879959308256,3.0549898167006138,2.505,68.28358208955224,20.345879959308256,76.2927847891663,0,0,0,0,,False
SAND,2026-09-06T01:36:39.088Z,2026-09-06T01:36:39.088220Z,2026-09-06T03:36:39.088220Z,7406.694926,7,0.04015,9.962640099625995,2.887008461921357,2.605,57.08955223880597,9.962640099625995,75.88373465699325,2,1,1,0,0.0,False
SPK,2026-09-06T01:36:44.430Z,2026-09-06T01:36:44.430767Z,2026-09-06T03:36:44.430767Z,7401.352379,7,0.022736,25.510204081632224,9.747047377709398,8.83,56.71641791044776,25.510204081632224,71.20602736919875,7,3,4,0,1.0,False
STX,2026-09-06T01:36:49.041Z,2026-09-06T01:36:49.041285Z,2026-09-06T03:36:49.041285Z,7396.741861,7,0.26585000000000003,11.28455896182142,5.94614809274496,0.526,68.65671641791045,11.28455896182142,50.89660099039683,7,4,2,1,0.7143,False
TRB,2026-09-06T01:37:04.461Z,2026-09-06T01:37:04.461857Z,2026-09-06T03:37:04.461857Z,7381.321289,7,18.185000000000002,5.499037668408888,9.863760217983662,5.52,65.29850746268657,5.499037668408888,62.0526301540946,0,0,0,0,,False
WIF,2026-09-06T01:37:18.378Z,2026-09-06T01:37:18.379121Z,2026-09-06T03:37:18.379121Z,7367.404025,7,0.21515,4.647920055774528,7.738927738927741,5.302,62.6865671641791,4.647920055774528,76.08474551783029,1,0,1,0,1.0,False
AIXBT,2026-09-06T01:43:20.747Z,2026-09-06T01:43:20.747676Z,2026-09-06T03:43:20.747676Z,7604.831796,7,0.022265,31.439479002919658,10.620258813029897,5.857,53.35820895522388,31.439479002919658,57.68600137560788,0,0,0,0,,False
ARKM,2026-09-06T01:43:32.577Z,2026-09-06T01:43:32.577313Z,2026-09-06T03:43:32.577313Z,7593.002159,7,0.10825,9.237875288682586,2.919708029197088,2.911,41.791044776119406,9.237875288682586,73.5360755429408,3,1,2,0,-0.3333,False
AVNT,2026-09-06T01:43:37.493Z,2026-09-06T01:43:37.493750Z,2026-09-06T03:43:37.493750Z,7588.085722,7,0.10625000000000001,9.411764705882621,4.57943925233645,3.984,48.134328358208954,9.411764705882621,62.409788232359865,0,0,0,0,,False
BERA,2026-09-06T01:43:42.212Z,2026-09-06T01:43:42.212424Z,2026-09-06T03:43:42.212424Z,7583.367048,7,0.1906,10.493179433368612,3.8995726495726504,2.801,41.04477611940298,10.493179433368612,69.79229818469003,0,0,0,0,,False
BMT,2026-09-06T01:43:47.291Z,2026-09-06T01:43:47.291284Z,2026-09-06T03:43:47.291284Z,7578.288188,7,0.01811,11.043622308116612,6.37362637362638,-1.834,43.656716417910445,11.043622308116612,60.97908435781422,1,0,0,1,-1.0,False
CHZ,2026-09-06T01:43:58.753Z,2026-09-06T01:43:58.753365Z,2026-09-06T03:43:58.753365Z,7566.826107,7,0.014005,7.140307033202136,3.6532951289398286,3.715,49.62686567164179,7.140307033202136,64.91548616541675,1,1,0,0,1.0,False
COOKIE,2026-09-06T01:44:05.264Z,2026-09-06T01:44:05.264923Z,2026-09-06T03:44:05.264923Z,7560.314549,7,0.01185,84.3881856540094,5.084745762711863,2.609,42.91044776119403,84.3881856540094,58.99368822644942,0,0,0,0,,False
CVX,2026-09-06T01:44:11.912Z,2026-09-06T01:44:11.912866Z,2026-09-06T03:44:11.912866Z,7553.666606,7,2.3745,21.05706464518801,7.575116377486239,8.146,47.38805970149254,21.05706464518801,52.534289407606146,2,2,0,0,1.0,False
ENS,2026-09-06T01:44:27.791Z,2026-09-06T01:44:27.792180Z,2026-09-06T03:44:27.792180Z,7537.787292,7,6.115,16.35322976287782,5.728314238952546,5.164,52.23880597014925,16.35322976287782,76.50187899126634,0,0,0,0,,False
FORM,2026-09-06T01:44:32.524Z,2026-09-06T01:44:32.525232Z,2026-09-06T03:44:32.525232Z,7533.05424,7,0.2763,14.477017734347141,18.87393767705383,2.393,55.223880597014926,14.477017734347141,67.87352283769519,0,0,0,0,,False
GRT,2026-09-06T01:44:37.643Z,2026-09-06T01:44:37.643406Z,2026-09-06T03:44:37.643406Z,7527.936066,7,0.019005,15.785319652722324,8.825121819166212,9.225,42.53731343283582,15.785319652722324,74.74894089099742,1,1,0,0,-1.0,False
HEI,2026-09-06T01:44:44.388Z,2026-09-06T01:44:44.389218Z,2026-09-06T03:44:44.389218Z,7521.190254,7,0.14095000000000002,21.284143313231265,5.906879777623355,-0.964,50.74626865671642,21.284143313231265,51.590446243168515,0,0,0,0,,False
HOME,2026-09-06T01:44:48.847Z,2026-09-06T01:44:48.847494Z,2026-09-06T03:44:48.847494Z,7516.731978,7,0.006125,16.326530612245648,2.6101141924959284,1.827,45.149253731343286,16.326530612245648,69.56496175632466,0,0,0,0,,False
KAITO,2026-09-06T01:44:55.339Z,2026-09-06T01:44:55.340014Z,2026-09-06T03:44:55.340014Z,7510.239458,7,0.31005,9.67585873246144,3.581707707067473,3.133,48.507462686567166,9.67585873246144,75.47632825934522,1,1,0,0,1.0,False
RSR,2026-09-06T01:45:38.601Z,2026-09-06T01:45:38.601551Z,2026-09-06T03:45:38.601551Z,7466.977921,7,0.001449,13.802622498273513,6.298110566829937,5.695,49.25373134328358,13.802622498273513,78.19737647473717,0,0,0,0,,False
SAGA,2026-09-06T01:45:50.277Z,2026-09-06T01:45:50.278087Z,2026-09-06T03:45:50.278087Z,7455.301385,7,0.015564999999999999,6.424670735625652,5.71245186136072,4.845,54.47761194029851,6.424670735625652,71.40761852593943,0,0,0,0,,False
SKY,2026-09-06T01:46:00.599Z,2026-09-06T01:46:00.599487Z,2026-09-06T03:46:00.599487Z,7444.979985,7,0.071425,7.000350017500104,6.184987348889516,5.439,45.52238805970149,7.000350017500104,70.21403733615693,0,0,0,0,,False
SNX,2026-09-06T01:46:05.757Z,2026-09-06T01:46:05.757517Z,2026-09-06T03:46:05.757517Z,7439.821955,7,0.21760000000000002,9.191176470588498,4.1666666666666705,1.695,45.8955223880597,9.191176470588498,43.606740323551264,0,0,0,0,,False
VET,2026-09-06T01:46:21.156Z,2026-09-06T01:46:21.156811Z,2026-09-06T03:46:21.156811Z,7424.422661,7,0.006998,5.715918833953317,2.1639438234451145,0.969,44.776119402985074,5.715918833953317,68.37641196489194,2,1,1,0,1.0,False
W,2026-09-06T01:46:26.475Z,2026-09-06T01:46:26.475618Z,2026-09-06T03:46:26.475618Z,7419.103854,7,0.010075,9.925558312654681,5.669599217986321,5.031,46.64179104477612,9.925558312654681,75.74889586712345,1,0,1,0,1.0,False
ACH,2026-09-06T01:52:19.009Z,2026-09-06T01:52:19.010006Z,2026-09-06T03:52:19.010006Z,7666.481982,7,0.005485,18.231540565178594,7.065217391304343,6.977,32.46268656716418,18.231540565178594,79.4379482150131,0,0,0,0,,False
AXS,2026-09-06T01:52:25.732Z,2026-09-06T01:52:25.733057Z,2026-09-06T03:52:25.733057Z,7659.758931,7,0.9564999999999999,10.454783063251448,2.3133543638275404,1.494,29.47761194029851,10.454783063251448,71.09329620931535,2,0,2,0,0.0,False
BABY,2026-09-06T01:52:30.487Z,2026-09-06T01:52:30.487763Z,2026-09-06T03:52:30.487763Z,7655.004225,7,0.011474999999999999,8.714596949892226,4.062229904926533,3.86,28.35820895522388,8.714596949892226,76.4724441341225,2,0,1,1,-1.0,False
BANANAS31,2026-09-06T01:52:35.910Z,2026-09-06T01:52:35.910396Z,2026-09-06T03:52:35.910396Z,7649.581592,7,0.008427,18.986590720304246,5.832839359810308,1.86,40.298507462686565,18.986590720304246,58.92317708551353,0,0,0,0,,
BANK,2026-09-06T01:52:42.857Z,2026-09-06T01:52:42.858084Z,2026-09-06T03:52:42.858084Z,7642.633904,7,0.035449999999999995,28.20874471085922,1.9774011299435006,1.143,30.970149253731343,28.20874471085922,68.99680971194907,1,0,1,0,1.0,False
CETUS,2026-09-06T01:52:56.277Z,2026-09-06T01:52:56.278068Z,2026-09-06T03:52:56.278068Z,7629.21392,7,0.023575,12.725344644750278,8.839779005524855,5.092,34.32835820895522,12.725344644750278,46.76765049334452,0,0,0,0,,False
CFX,2026-09-06T01:53:01.316Z,2026-09-06T01:53:01.317246Z,2026-09-06T03:53:01.317246Z,7624.174742,7,0.049265,2.029838627829709,5.135520684736094,3.72,38.43283582089552,2.029838627829709,71.79130499926043,0,0,0,0,,False
COMP,2026-09-06T01:53:06.831Z,2026-09-06T01:53:06.831545Z,2026-09-06T03:53:06.831545Z,7618.660443,7,20.375,24.5398773006121,5.778648383937314,4.718,35.07462686567164,24.5398773006121,65.28348287268447,5,4,0,1,0.8,False
ERA,2026-09-06T01:53:11.553Z,2026-09-06T01:53:11.553691Z,2026-09-06T03:53:11.553691Z,7613.938297,7,0.05985,16.708437761069817,2.5167785234899354,1.533,35.82089552238806,16.708437761069817,74.55060201860074,0,0,0,0,,False
EURI,2026-09-06T01:53:20.501Z,2026-09-06T01:53:20.501930Z,2026-09-06T03:53:20.501930Z,7604.990058,7,1.1616499999999998,37.01631300305575,1.1328260117606268,-0.396,30.597014925373134,37.01631300305575,61.009686106805006,0,0,0,0,,
GUN,2026-09-06T01:53:34.694Z,2026-09-06T01:53:34.694584Z,2026-09-06T03:53:34.694584Z,7590.797404,7,0.0031450000000000002,31.79650238473776,4.807692307692307,2.632,33.95522388059702,31.79650238473776,65.18294206000414,0,0,0,0,,False
HYPER,2026-09-06T01:53:39.656Z,2026-09-06T01:53:39.657009Z,2026-09-06T03:53:39.657009Z,7585.834979,7,0.06935,14.41961067051231,4.479768786127176,3.904,29.104477611940297,14.41961067051231,71.41343597434907,0,0,0,0,,False
IMX,2026-09-06T01:53:46.166Z,2026-09-06T01:53:46.166616Z,2026-09-06T03:53:46.166616Z,7579.325372,7,0.13479999999999998,14.836795252225947,7.045454545454548,5.854,26.492537313432837,14.836795252225947,69.50220371764945,3,1,1,1,0.3333,False
INIT,2026-09-06T01:53:52.345Z,2026-09-06T01:53:52.345290Z,2026-09-06T03:53:52.345290Z,7573.146698,7,0.06851,37.950664136623885,7.670706473544192,5.702,39.55223880597015,37.950664136623885,72.59193836882247,0,0,0,0,,False
IO,2026-09-06T01:53:57.488Z,2026-09-06T01:53:57.488763Z,2026-09-06T03:53:57.488763Z,7568.003225,7,0.13579999999999998,14.727540500736803,3.808073115003811,3.223,38.80597014925373,14.727540500736803,72.46837037307287,1,0,1,0,0.0,False
LA,2026-09-06T01:54:11.259Z,2026-09-06T01:54:11.259260Z,2026-09-06T03:54:11.259260Z,7554.232728,7,0.06920000000000001,57.80346820809213,8.298755186721998,-0.55,27.98507462686567,57.80346820809213,44.85344471669535,0,0,0,0,,False
MINA,2026-09-06T01:54:28.365Z,2026-09-06T01:54:28.365974Z,2026-09-06T03:54:28.365974Z,7537.126014,7,0.0765,26.14379084967395,4.862023653088035,4.104,35.44776119402985,26.14379084967395,75.60083007329295,0,0,0,0,,False
REZ,2026-09-06T01:55:28.790Z,2026-09-06T01:55:28.791095Z,2026-09-06T03:55:28.791095Z,7476.700893,7,0.0031195,16.028209648982948,7.952730756946664,2.723,26.119402985074625,16.028209648982948,65.73452747709507,0,0,0,0,,False
TREE,2026-09-06T01:55:47.689Z,2026-09-06T01:55:47.690176Z,2026-09-06T03:55:47.690176Z,7457.801812,7,0.04245,23.55712603062494,4.683840749414507,1.909,37.6865671641791,23.55712603062494,69.11617020938277,0,0,0,0,,False
2Z,2026-09-06T02:01:38.410Z,2026-09-06T02:01:38.411127Z,2026-09-06T04:01:38.411127Z,7707.164304,7,0.051765,13.522650439486258,3.3295281582952843,1.467,14.925373134328359,13.522650439486258,76.22299652626285,0,0,0,0,,False
ALT,2026-09-06T02:01:48.710Z,2026-09-06T02:01:48.710517Z,2026-09-06T04:01:48.710517Z,7696.864914,7,0.006505,15.372790161415004,2.7480916030534286,1.708,19.402985074626866,15.372790161415004,73.81054970478816,1,1,0,0,1.0,False
API3,2026-09-06T02:01:53.258Z,2026-09-06T02:01:53.258206Z,2026-09-06T04:01:53.258206Z,7692.317225,7,0.2375,25.263157894737567,3.7300922045264118,3.875,23.134328358208954,25.263157894737567,61.663038354514036,0,0,0,0,,True
AUCTION,2026-09-06T02:01:58.529Z,2026-09-06T02:01:58.529551Z,2026-09-06T04:01:58.529551Z,7687.04588,7,3.4675000000000002,8.651766402306185,4.1559186013184295,3.164,22.761194029850746,8.651766402306185,71.5039312188768,1,1,0,0,1.0,True
BANANA,2026-09-06T02:02:05.896Z,2026-09-06T02:02:05.896259Z,2026-09-06T04:02:05.896259Z,7679.679172,7,4.163,28.825366322362637,4.217298070050048,3.502,15.298507462686567,28.825366322362637,46.187464772473774,0,0,0,0,,False
BB,2026-09-06T02:02:12.279Z,2026-09-06T02:02:12.279477Z,2026-09-06T04:02:12.279477Z,7673.295954,7,0.009675,10.335917312661078,6.321243523316056,5.005,19.029850746268657,10.335917312661078,75.07703721987359,1,1,0,0,1.0,False
CKB,2026-09-06T02:02:17.443Z,2026-09-06T02:02:17.443428Z,2026-09-06T04:02:17.443428Z,7668.132003,7,0.0011064999999999998,9.037505648440272,6.624319419237744,4.356,16.417910447761194,9.037505648440272,66.81590473688148,0,0,0,0,,False
COW,2026-09-06T02:02:22.174Z,2026-09-06T02:02:22.174215Z,2026-09-06T04:02:22.174215Z,7663.401216,7,0.13265,37.69317753486622,5.913570887035645,5.52,17.53731343283582,37.69317753486622,71.7667249852423,4,3,1,0,0.5,False
DOLO,2026-09-06T02:02:28.966Z,2026-09-06T02:02:28.966643Z,2026-09-06T04:02:28.966643Z,7656.608788,7,0.027290000000000002,7.328691828509584,2.1643433602347772,0.368,13.432835820895523,7.328691828509584,68.54471758890232,0,0,0,0,,False
ENJ,2026-09-06T02:02:35.917Z,2026-09-06T02:02:35.917376Z,2026-09-06T04:02:35.917376Z,7649.658055,7,0.02734,7.315288953913382,4.82535109830753,-2.868,24.62686567164179,7.315288953913382,60.74039438187922,0,0,0,0,,False
HAEDAL,2026-09-06T02:02:58.139Z,2026-09-06T02:02:58.139311Z,2026-09-06T04:02:58.139311Z,7627.43612,7,0.01874,21.34471718249646,3.104925053533194,2.807,20.52238805970149,21.34471718249646,74.26687255463509,0,0,0,0,,False
LAYER,2026-09-06T02:03:10.153Z,2026-09-06T02:03:10.153536Z,2026-09-06T04:03:10.153536Z,7615.421895,7,0.07064999999999999,14.154281670205645,2.1337126600284515,1.59,11.940298507462687,14.154281670205645,66.84697810663623,0,0,0,0,,False
SHELL,2026-09-06T02:04:15.079Z,2026-09-06T02:04:15.079510Z,2026-09-06T04:04:15.079510Z,7550.495921,7,0.023350000000000003,42.8265524625265,8.474576271186434,5.83,13.805970149253731,42.8265524625265,53.20526553149917,3,1,2,0,1.0,False
TOWNS,2026-09-06T02:04:41.924Z,2026-09-06T02:04:41.924220Z,2026-09-06T04:04:41.924220Z,7523.651211,7,0.002175,45.97701149425299,5.022831050228303,-0.905,23.880597014925375,45.97701149425299,45.957024039313126,0,0,0,0,,False
ANIME,2026-09-06T02:10:45.439Z,2026-09-06T02:10:45.440128Z,2026-09-06T04:10:45.440128Z,7760.014532,7,0.002875,34.782608695652264,3.4246575342465695,2.817,4.477611940298507,34.782608695652264,68.87934288171843,0,0,0,0,,False
AT,2026-09-06T02:10:55.907Z,2026-09-06T02:10:55.908126Z,2026-09-06T04:10:55.908126Z,7749.546534,7,0.15275,19.63993453355121,4.416611733684894,0.73,5.970149253731344,19.63993453355121,67.99570831694962,1,0,1,0,1.0,False
BEAMX,2026-09-06T02:11:07.948Z,2026-09-06T02:11:07.948990Z,2026-09-06T04:11:07.948990Z,7737.50567,7,0.001592,25.125628140702762,3.812500000000004,3.627,9.328358208955224,25.125628140702762,72.59671738631376,0,0,0,0,,True
BFUSD,2026-09-06T02:11:12.576Z,2026-09-06T02:11:12.576868Z,2026-09-06T04:11:12.576868Z,7732.877792,7,1.0001,1.99980001999778,0.06999999999999229,-0.03,4.104477611940299,1.99980001999778,51.26041553135739,0,0,0,0,,
BNB,2026-09-06T02:11:23.192Z,2026-09-06T02:11:23.192519Z,2026-09-06T04:11:23.192519Z,7722.262141,7,763.565,0.13096461990930164,7.970569401063789,6.157,99.25373134328358,0.13096461990930164,58.503433771713816,12,5,5,2,0.4167,False
BTC,2026-09-06T02:11:35.213Z,2026-09-06T02:11:35.213432Z,2026-09-06T04:11:35.213432Z,7710.241228,7,79961.705,0.0012505986471040389,0.9452846933345728,0.285,100.0,0.0012505986471040389,63.97739042137078,41,21,13,7,0.6585,False
C,2026-09-06T02:11:39.758Z,2026-09-06T02:11:39.758511Z,2026-09-06T04:11:39.758511Z,7705.696149,7,0.061149999999999996,16.353229762877504,3.9279869067103097,3.035,5.597014925373134,16.353229762877504,65.93769274417939,0,0,0,0,,False
CGPT,2026-09-06T02:11:46.107Z,2026-09-06T02:11:46.108146Z,2026-09-06T04:11:46.108146Z,7699.346514,7,0.020505,34.138015118264136,6.4437984496124106,4.19,5.223880597014926,34.138015118264136,65.89837507787509,1,1,0,0,1.0,False
DYM,2026-09-06T02:11:54.963Z,2026-09-06T02:11:54.963417Z,2026-09-06T04:11:54.963417Z,7690.491243,7,0.015375,32.520325203251836,3.7467700258397976,3.269,9.701492537313433,32.520325203251836,69.94350763229234,0,0,0,0,,
ETH,2026-09-06T02:11:59.537Z,2026-09-06T02:11:59.537287Z,2026-09-06T04:11:59.537287Z,7685.917373,7,2505.365,0.039914343817222364,2.2170431936332706,1.595,99.6268656716418,0.039914343817222364,70.01810959078591,51,24,20,7,0.5686,False
EUR,2026-09-06T02:12:02.747Z,2026-09-06T02:12:02.747963Z,2026-09-06T04:12:02.747963Z,7682.706697,7,1.1611,1.7225045215741794,0.094778562812328,-0.043,96.64179104477611,1.7225045215741794,55.4666452158615,2,0,2,0,1.0,False
FLUX,2026-09-06T02:12:09.601Z,2026-09-06T02:12:09.601270Z,2026-09-06T04:12:09.601270Z,7675.85339,7,0.051449999999999996,19.436345966957422,6.019417475728166,4.888,10.074626865671641,19.436345966957422,68.8028584271439,0,0,0,0,,False
GMT,2026-09-06T02:12:14.388Z,2026-09-06T02:12:14.388814Z,2026-09-06T04:12:14.388814Z,7671.065846,7,0.0075250000000000004,13.289036544851108,1.8641810918775017,0.805,8.955223880597014,13.289036544851108,68.43951123475932,3,0,3,0,1.0,False
HMSTR,2026-09-06T02:12:20.642Z,2026-09-06T02:12:20.642944Z,2026-09-06T04:12:20.642944Z,7664.811716,7,0.00018035,5.544774050457578,3.083700440528635,1.057,6.7164179104477615,5.544774050457578,42.8959877516232,0,0,0,0,,False
KAIA,2026-09-06T02:12:31.274Z,2026-09-06T02:12:31.274591Z,2026-09-06T04:12:31.274591Z,7654.180069,7,0.031149999999999997,32.10272873194202,2.2364217252396252,2.288,7.08955223880597,32.10272873194202,67.69913176944091,1,0,1,0,1.0,False
NEAR,2026-09-06T02:12:49.151Z,2026-09-06T02:12:49.151490Z,2026-09-06T04:12:49.151490Z,7636.30317,7,2.2024999999999997,4.540295119182248,5.8983666061706135,-1.651,95.8955223880597,4.540295119182248,52.33063289299372,6,3,2,1,0.3333,False
NXPC,2026-09-06T02:12:59.725Z,2026-09-06T02:12:59.725776Z,2026-09-06T04:12:59.725776Z,7625.728884,7,0.2091,19.129603060737036,1.2931034482758526,0.481,0.373134328358209,19.129603060737036,37.04033282375525,0,0,0,0,,False
PROVE,2026-09-06T02:13:12.084Z,2026-09-06T02:13:12.084235Z,2026-09-06T04:13:12.084235Z,7613.370425,7,0.18205,16.478989288656674,1.2679162072767345,1.115,3.3582089552238807,16.478989288656674,54.609839402801946,0,0,0,0,,False
SOL,2026-09-06T02:13:22.402Z,2026-09-06T02:13:22.402751Z,2026-09-06T04:13:22.402751Z,7603.051909,7,105.765,0.9454923651482915,2.665379043940131,1.579,98.13432835820896,0.9454923651482915,70.05674758869532,30,16,11,3,0.5333,False
SUI,2026-09-06T02:13:27.633Z,2026-09-06T02:13:27.633333Z,2026-09-06T04:13:27.633333Z,7597.821327,7,0.7968500000000001,1.2549413314940077,6.408661025385763,5.28,97.76119402985074,1.2549413314940077,69.45798330715876,5,3,2,0,1.0,False
TURTLE,2026-09-06T02:13:32.121Z,2026-09-06T02:13:32.122643Z,2026-09-06T04:13:32.122643Z,7593.332017,7,0.04215,23.724792408067106,3.3175355450236927,1.932,1.8656716417910448,23.724792408067106,64.73819288278102,0,0,0,0,,False
AAVE,2026-09-06T02:19:40.891Z,2026-09-06T02:19:40.891427Z,2026-09-06T04:19:40.891427Z,7224.563233,7,134.56,2.972651605233388,7.9927927927927955,6.208,87.68656716417911,2.972651605233388,57.82300951006662,3,1,1,1,0.3333,False
AVAX,2026-09-06T02:20:03.626Z,2026-09-06T02:20:03.626416Z,2026-09-06T04:20:03.626416Z,7201.828244,7,7.656499999999999,1.3060798014763064,3.89728884254431,3.774,85.82089552238806,1.3060798014763064,71.6299608763224,10,5,3,2,0.6,False
CAKE,2026-09-06T02:20:14.573Z,2026-09-06T02:20:14.573564Z,2026-09-06T04:20:14.573564Z,7790.146494,7,2.2184999999999997,4.507550146494884,14.968722073279714,13.489,90.29850746268657,4.507550146494884,80.10433085445848,3,3,0,0,0.0,False
FDUSD,2026-09-06T02:20:28.998Z,2026-09-06T02:20:28.998335Z,2026-09-06T04:20:28.998335Z,7775.721723,7,0.99855,1.0014521055529415,0.07009813739235268,-0.03,91.41791044776119,1.0014521055529415,45.02973813244589,0,0,0,0,,
HEMI,2026-09-06T02:20:38.643Z,2026-09-06T02:20:38.643320Z,2026-09-06T04:20:38.643320Z,7766.076738,7,0.011535,8.669267446900383,39.83812949640288,-22.02,88.43283582089552,8.669267446900383,46.81847267724928,4,3,0,1,0.5,False
PENGU,2026-09-06T02:21:02.146Z,2026-09-06T02:21:02.146462Z,2026-09-06T04:21:02.146462Z,7742.573596,7,0.008774500000000001,1.1396660778383558,6.412871062769078,5.815,91.04477611940298,1.1396660778383558,67.52787733307458,1,1,0,0,1.0,False
PEPE,2026-09-06T02:21:08.286Z,2026-09-06T02:21:08.286739Z,2026-09-06T04:21:08.286739Z,7736.433319,7,3.635e-06,27.510316368637977,7.438016528925619,3.419,88.05970149253731,27.510316368637977,73.25789084496876,6,6,0,0,1.0,False
PUMP,2026-09-06T02:21:13.036Z,2026-09-06T02:21:13.036520Z,2026-09-06T04:21:13.036520Z,7731.683538,7,0.004056,4.930966469428663,13.244353182751528,-8.286,91.7910447761194,4.930966469428663,58.4854781724892,18,15,1,2,0.4444,False
TAO,2026-09-06T02:21:18.337Z,2026-09-06T02:21:18.337451Z,2026-09-06T04:21:18.337451Z,7726.382607,7,237.45,4.211412929037453,6.512605042016808,4.892,92.91044776119404,4.211412929037453,61.825357690550014,7,3,3,1,0.4286,False
TRUMP,2026-09-06T02:21:23.090Z,2026-09-06T02:21:23.090735Z,2026-09-06T04:21:23.090735Z,7721.629323,7,2.3715,4.216740459624245,5.782029950083186,3.576,89.92537313432835,4.216740459624245,63.20864003246673,2,1,1,0,1.0,False
UNI,2026-09-06T02:21:35.642Z,2026-09-06T02:21:35.642526Z,2026-09-06T04:21:35.642526Z,7709.077532,7,7.1225000000000005,7.0200070200068705,18.10461040711782,20.481,95.14925373134328,7.0200070200068705,73.99505306686237,9,6,2,1,0.3333,False
WLD,2026-09-06T02:21:40.303Z,2026-09-06T02:21:40.303566Z,2026-09-06T04:21:40.303566Z,7704.416492,7,0.3962,5.047955577990358,6.138170974155069,3.818,89.17910447761194,5.047955577990358,62.21143440147731,1,0,1,0,-1.0,False
ZEN,2026-09-06T02:21:45.788Z,2026-09-06T02:21:45.788772Z,2026-09-06T04:21:45.788772Z,7698.931286,7,7.0024999999999995,7.140307033202276,17.542623643793153,-1.293,88.80597014925372,7.140307033202276,57.48888284879417,2,2,0,0,1.0,False
1000CAT,2026-09-06T02:27:18.675Z,2026-09-06T02:27:18.675588Z,2026-09-06T04:27:18.675588Z,7366.04447,7,0.002351,34.02807316035628,39.19028340080972,21.915,80.59701492537313,34.02807316035628,60.04207520948421,0,0,0,0,,False
ALGO,2026-09-06T02:27:24.774Z,2026-09-06T02:27:24.774363Z,2026-09-06T04:27:24.774363Z,7359.945695,7,0.09434999999999999,10.598834128246198,7.442348008385739,5.066,78.35820895522389,10.598834128246198,74.15431423036831,8,3,5,0,0.625,False
APT,2026-09-06T02:27:29.825Z,2026-09-06T02:27:29.826048Z,2026-09-06T04:27:29.826048Z,7354.89401,7,0.6145,16.273393002441022,7.5079872204472915,7.192,83.95522388059702,16.273393002441022,77.77562899778728,5,4,1,0,0.6,False
BONK,2026-09-06T02:27:40.788Z,2026-09-06T02:27:40.788677Z,2026-09-06T04:27:40.788677Z,7343.931381,7,3.285e-06,30.441400304413712,5.775075987841942,-0.904,79.85074626865672,30.441400304413712,61.864690634285786,1,0,1,0,1.0,False
ENSO,2026-09-06T02:28:11.409Z,2026-09-06T02:28:11.409279Z,2026-09-06T04:28:11.409279Z,7313.310779,7,0.9125000000000001,10.95890410958905,9.492273730684335,7.473,72.76119402985074,10.95890410958905,78.67630523856847,1,0,1,0,1.0,False
EPIC,2026-09-06T02:28:17.059Z,2026-09-06T02:28:17.060088Z,2026-09-06T04:28:17.060088Z,7307.65997,7,0.40985000000000005,36.59875564230819,15.101522842639593,10.457,70.5223880597015,36.59875564230819,73.61539262107198,0,0,0,0,,False
MUBARAK,2026-09-06T02:28:46.386Z,2026-09-06T02:28:46.386956Z,2026-09-06T04:28:46.386956Z,7278.333102,7,0.03136,12.755102040815807,26.11524163568774,8.322,72.38805970149254,12.755102040815807,73.14866494993885,4,4,0,0,1.0,False
SOMI,2026-09-06T02:29:31.408Z,2026-09-06T02:29:31.409205Z,2026-09-06T04:29:31.409205Z,7233.310853,7,0.12825,7.797270955164833,10.094637223974768,7.823,70.8955223880597,7.797270955164833,73.1534570362913,1,1,0,0,1.0,False
TIA,2026-09-06T02:29:47.491Z,2026-09-06T02:29:47.491502Z,2026-09-06T04:29:47.491502Z,7217.228556,7,0.3795,5.270092226613385,8.628261431154737,9.196,76.49253731343283,5.270092226613385,62.11385186317585,0,0,0,0,,False
TRX,2026-09-06T02:29:52.934Z,2026-09-06T02:29:52.934450Z,2026-09-06T04:29:52.934450Z,7211.785608,7,0.33335,2.999850007499295,1.0170505533951582,0.753,84.70149253731343,2.999850007499295,56.12991102127813,12,11,1,0,1.0,False
VIRTUAL,2026-09-06T02:30:12.918Z,2026-09-06T02:30:12.920816Z,2026-09-06T04:30:12.920816Z,7792.141216,7,0.6825,17.5824175824189,4.761904761904752,3.227,74.25373134328358,17.5824175824189,71.12220188377634,1,0,1,0,1.0,False
XLM,2026-09-06T02:30:22.482Z,2026-09-06T02:30:22.482471Z,2026-09-06T04:30:22.482471Z,7782.579561,7,0.18595,5.377789728421026,4.378378378378376,3.294,85.07462686567165,5.377789728421026,70.08277903197138,8,5,3,0,0.625,False
XPL,2026-09-06T02:30:28.286Z,2026-09-06T02:30:28.286282Z,2026-09-06T04:30:28.286282Z,7776.77575,7,0.09235499999999999,9.745005684585877,3.9024390243902323,0.159,79.4776119402985,9.745005684585877,50.17535982388254,4,4,0,0,0.0,False
ZRO,2026-09-06T02:30:37.345Z,2026-09-06T02:30:37.345638Z,2026-09-06T04:30:37.345638Z,7767.716394,7,1.0675,9.36768149883009,5.4277828886844475,4.519,79.1044776119403,9.36768149883009,64.10166673174909,1,0,0,1,1.0,False
FIL,2026-09-06T02:36:56.097Z,2026-09-06T02:36:56.097393Z,2026-09-06T04:36:56.097393Z,7388.964639,7,0.81055,8.636111282461574,6.349598517603459,6.164,67.91044776119404,8.636111282461574,65.09864204207365,7,3,4,0,1.0,False
FLOKI,2026-09-06T02:37:03.347Z,2026-09-06T02:37:03.347495Z,2026-09-06T04:37:03.347495Z,7381.714537,7,2.6479999999999997e-05,7.55287009063437,8.837908988341479,5.307,65.67164179104478,7.55287009063437,66.29732514621894,4,1,3,0,1.0,False
GALA,2026-09-06T02:37:09.064Z,2026-09-06T02:37:09.065030Z,2026-09-06T04:37:09.065030Z,7375.997002,7,0.0018774999999999998,5.326231691078115,8.732246186217777,6.978,69.77611940298507,5.326231691078115,62.362022940978854,0,0,0,0,,False
IOTA,2026-09-06T02:37:14.668Z,2026-09-06T02:37:14.668435Z,2026-09-06T04:37:14.668435Z,7370.393597,7,0.04115,24.301336573512238,6.295399515738493,5.897,55.97014925373134,24.301336573512238,79.22670722071909,1,0,1,0,1.0,False
ORDI,2026-09-06T02:37:50.908Z,2026-09-06T02:37:50.908571Z,2026-09-06T04:37:50.908571Z,7334.153461,7,4.2535,16.457035382625307,5.383515959980963,4.246,66.04477611940298,16.457035382625307,75.98657407623364,4,0,4,0,1.0,False
PLUME,2026-09-06T02:38:01.260Z,2026-09-06T02:38:01.260658Z,2026-09-06T04:38:01.260658Z,7323.801374,7,0.013915,7.186489399927843,5.924339757316209,2.863,60.82089552238806,7.186489399927843,48.457064093552546,0,0,0,0,,False
RAY,2026-09-06T02:38:05.547Z,2026-09-06T02:38:05.547422Z,2026-09-06T04:38:05.547422Z,7319.51461,7,1.15155,14.762711128479308,11.535506530567442,10.57,67.16417910447761,14.762711128479308,69.61772264984276,22,10,9,3,0.5,False
SYRUP,2026-09-06T02:38:49.865Z,2026-09-06T02:38:49.865319Z,2026-09-06T04:38:49.865319Z,7275.196713,7,0.21345,4.684937924571983,5.080831408775986,-1.412,70.14925373134328,4.684937924571983,65.01773545819393,1,1,0,0,1.0,False
THE,2026-09-06T02:38:54.999Z,2026-09-06T02:38:54.999697Z,2026-09-06T04:38:54.999697Z,7270.062335,7,0.07644999999999999,13.08044473512137,9.895833333333329,6.667,58.208955223880594,13.08044473512137,64.42875955562958,1,1,0,0,1.0,False
USDE,2026-09-06T02:39:05.628Z,2026-09-06T02:39:05.628788Z,2026-09-06T04:39:05.628788Z,7259.433244,7,1.00015,0.9998500224965152,0.0199980001999778,0.01,66.41791044776119,0.9998500224965152,66.49006216084811,0,0,0,0,,False
WAL,2026-09-06T02:39:11.127Z,2026-09-06T02:39:11.127482Z,2026-09-06T04:39:11.127482Z,7253.93455,7,0.02665,37.52345215759957,5.494505494505499,4.598,58.95522388059702,37.52345215759957,71.68564522010408,0,0,0,0,,False
XVG,2026-09-06T02:39:21.886Z,2026-09-06T02:39:21.886830Z,2026-09-06T04:39:21.886830Z,7243.175202,7,0.0027625,25.339366515835753,17.87112851548595,1.518,64.17910447761194,25.339366515835753,65.49720521447873,0,0,0,0,,False
ZK,2026-09-06T02:39:34.837Z,2026-09-06T02:39:34.837972Z,2026-09-06T04:39:34.837972Z,7230.22406,7,0.010045,9.955201592831848,8.446601941747582,2.794,61.940298507462686,9.955201592831848,68.49539957196626,0,0,0,0,,False
DOGS,2026-09-06T02:46:04.840Z,2026-09-06T02:46:04.840760Z,2026-09-06T04:46:04.840760Z,7440.375826,7,4.4880000000000004e-05,8.912655971479415,8.78949710725412,5.197,46.26865671641791,8.912655971479415,68.31176251289817,1,0,0,1,-1.0,False
NEIRO,2026-09-06T02:46:51.288Z,2026-09-06T02:46:51.288754Z,2026-09-06T04:46:51.288754Z,7393.927832,7,9.088e-05,6.602112676055902,7.088804807478294,5.469,51.11940298507463,6.602112676055902,71.84916005549243,0,0,0,0,,False
NIL,2026-09-06T02:47:01.950Z,2026-09-06T02:47:01.951051Z,2026-09-06T04:47:01.951051Z,7383.265535,7,0.053040000000000004,26.395173453995906,7.471698113207544,7.527,48.88059701492537,26.395173453995906,73.66790535328933,1,1,0,0,1.0,False
PNUT,2026-09-06T02:47:12.717Z,2026-09-06T02:47:12.717955Z,2026-09-06T04:47:12.717955Z,7372.498631,7,0.05165,19.361084220716915,8.235294117647065,6.029,44.02985074626866,19.361084220716915,73.46361759137817,2,1,1,0,0.0,False
PYTH,2026-09-06T02:47:18.035Z,2026-09-06T02:47:18.036040Z,2026-09-06T04:47:18.036040Z,7367.180546,7,0.056010000000000004,10.712372790572674,5.786747633505983,3.131,52.985074626865675,10.712372790572674,60.1011263685014,0,0,0,0,,False
ROSE,2026-09-06T02:47:22.949Z,2026-09-06T02:47:22.950036Z,2026-09-06T04:47:22.950036Z,7362.26655,7,0.006985,14.31639226914759,5.822416302765637,4.407,51.492537313432834,14.31639226914759,64.57630592080552,3,1,2,0,0.3333,False
SOLV,2026-09-06T02:47:58.530Z,2026-09-06T02:47:58.530786Z,2026-09-06T04:47:58.530786Z,7326.6858,7,0.003225,31.007751937983233,18.01801801801801,8.824,50.37313432835821,31.007751937983233,68.679524775518,2,1,0,1,0.0,False
1000SATS,2026-09-06T02:54:11.896Z,2026-09-06T02:54:11.897548Z,2026-09-06T04:54:11.897548Z,7552.966841,7,1.15e-05,17.39130434782592,8.297320656871213,5.278,33.582089552238806,17.39130434782592,72.2490737745914,14,7,5,2,0.7143,False
OPEN,2026-09-06T02:56:42.937Z,2026-09-06T02:56:42.937796Z,2026-09-06T04:56:42.937796Z,7401.926593,7,0.12555,7.964954201512464,4.570527974783304,2.256,25.746268656716417,7.964954201512464,68.21240024194208,1,1,0,0,-1.0,False
PARTI,2026-09-06T02:56:59.234Z,2026-09-06T02:56:59.234990Z,2026-09-06T04:56:59.234990Z,7385.629399,7,0.02605,38.38771593090321,3.84615384615385,1.563,37.3134328358209,38.38771593090321,67.37726158756726,0,0,0,0,,False
RED,2026-09-06T02:57:11.537Z,2026-09-06T02:57:11.538133Z,2026-09-06T04:57:11.538133Z,7373.326256,7,0.12675,55.22682445759199,3.837118245888792,3.317,29.850746268656717,55.22682445759199,54.8937773900022,1,1,0,0,1.0,False
SSV,2026-09-06T02:57:23.497Z,2026-09-06T02:57:23.497233Z,2026-09-06T04:57:23.497233Z,7361.367156,7,3.0045,23.29838575470167,3.629823413996068,3.102,34.701492537313435,23.29838575470167,72.980301210173,0,0,0,0,,False
TNSR,2026-09-06T02:57:31.416Z,2026-09-06T02:57:31.416509Z,2026-09-06T04:57:31.416509Z,7353.44788,7,0.036449999999999996,27.434842249655947,4.087193460490448,2.514,33.208955223880594,27.434842249655947,62.867021582180676,0,0,0,0,,False
1INCH,2026-09-06T03:03:22.629Z,2026-09-06T03:03:22.629983Z,2026-09-06T05:03:22.629983Z,7602.242489,7,0.09570000000000001,20.89864158829591,6.029106029106028,6.298,12.313432835820896,20.89864158829591,76.41766219770247,0,0,0,0,,
1MBABYDOGE,2026-09-06T03:03:30.010Z,2026-09-06T03:03:30.010801Z,2026-09-06T05:03:30.010801Z,7594.861671,7,0.0004099,19.5169553549651,8.351436157373891,7.027,17.16417910447761,19.5169553549651,68.11501499698907,0,0,0,0,,False
ACT,2026-09-06T03:03:42.645Z,2026-09-06T03:03:42.645622Z,2026-09-06T05:03:42.645622Z,7582.22685,7,0.01116,35.842293906810134,6.905829596412555,0.996,20.895522388059703,35.842293906810134,51.68246525146691,0,0,0,0,,False
EUL,2026-09-06T03:04:33.073Z,2026-09-06T03:04:33.073994Z,2026-09-06T05:04:33.073994Z,7531.798478,7,1.303,15.349194167306232,5.423987776928967,-0.076,16.044776119402986,15.349194167306232,44.004180629273954,0,0,0,0,,False
GPS,2026-09-06T03:04:47.227Z,2026-09-06T03:04:47.227607Z,2026-09-06T05:04:47.227607Z,7517.644865,7,0.01043,19.175455417065372,5.009633911368012,0.29,25.0,19.175455417065372,46.06659451689944,0,0,0,0,,False
MET,2026-09-06T03:05:26.918Z,2026-09-06T03:05:26.918381Z,2026-09-06T05:05:26.918381Z,7477.954091,7,0.19785,15.163002274451477,7.273678702250129,3.019,21.26865671641791,15.163002274451477,45.72709856341342,8,4,1,3,0.25,False
STO,2026-09-06T03:06:19.578Z,2026-09-06T03:06:19.578325Z,2026-09-06T05:06:19.578325Z,7425.294147,7,0.041749999999999995,23.95209580838226,2.8571428571428563,2.689,22.388059701492537,23.95209580838226,71.18948491168533,0,0,0,0,,False
SXT,2026-09-06T03:06:26.239Z,2026-09-06T03:06:26.239630Z,2026-09-06T05:06:26.239630Z,7418.632842,7,0.008965,11.154489682098523,4.323725055432369,3.204,12.686567164179104,11.154489682098523,58.881729205027796,0,0,0,0,,False
THETA,2026-09-06T03:06:32.649Z,2026-09-06T03:06:32.649784Z,2026-09-06T05:06:32.649784Z,7412.222688,7,0.18065,5.535566011624079,3.92265193370167,3.252,24.253731343283583,5.535566011624079,75.54054191048508,0,0,0,0,,False
UMA,2026-09-06T03:06:50.707Z,2026-09-06T03:06:50.707281Z,2026-09-06T05:06:50.707281Z,7394.165191,7,0.3995,25.03128911138926,8.101265822784804,3.947,21.64179104477612,25.03128911138926,51.62841319614671,0,0,0,0,,False
ZBT,2026-09-06T03:07:09.297Z,2026-09-06T03:07:09.297937Z,2026-09-06T05:07:09.297937Z,7375.574535,7,0.08465,11.813349084465784,1.64705882352941,0.95,22.01492537313433,11.813349084465784,70.6511524084044,0,0,0,0,,False
ARB,2026-09-06T03:12:52.537Z,2026-09-06T03:12:52.537935Z,2026-09-06T05:12:52.537935Z,7632.306211,7,0.1911,10.465724751439337,34.78939157566304,46.014,97.01492537313433,10.465724751439337,80.28032428717528,39,15,21,3,0.4359,False
BARD,2026-09-06T03:13:01.696Z,2026-09-06T03:13:01.696353Z,2026-09-06T05:13:01.696353Z,7623.147793,7,0.12825,38.986354775828495,5.785770132916343,5.615,0.746268656716418,38.986354775828495,75.3185481400483,0,0,0,0,,False
BLUR,2026-09-06T03:13:18.913Z,2026-09-06T03:13:18.913652Z,2026-09-06T05:13:18.913652Z,7605.930494,7,0.01691,11.827321111769754,3.5211267605633796,3.65,3.7313432835820897,11.827321111769754,45.89196490101465,0,0,0,0,,False
DOGE,2026-09-06T03:13:50.620Z,2026-09-06T03:13:50.620781Z,2026-09-06T05:13:50.620781Z,7574.223365,7,0.09071,2.204828574577472,12.24151277231007,6.715,96.26865671641791,2.204828574577472,70.65343976187322,19,7,9,3,0.2632,False
HUMA,2026-09-06T03:14:25.095Z,2026-09-06T03:14:25.095934Z,2026-09-06T05:14:25.095934Z,7539.748212,7,0.02197,36.41329085115919,2.9877772747849747,2.553,1.492537313432836,36.41329085115919,54.0645697763977,0,0,0,0,,
NEWT,2026-09-06T03:14:51.377Z,2026-09-06T03:14:51.378016Z,2026-09-06T05:14:51.378016Z,7513.46613,7,0.044375,15.774647887324084,4.099099099099104,3.933,10.447761194029852,15.774647887324084,53.300923901789275,0,0,0,0,,False
ADA,2026-09-06T03:21:36.830Z,2026-09-06T03:21:36.830827Z,2026-09-06T05:21:36.830827Z,7708.078859,7,0.22145,4.51569202980307,6.07834308869879,5.161,93.28358208955224,4.51569202980307,64.49230739877551,13,7,6,0,0.5385,False
AR,2026-09-06T03:21:47.559Z,2026-09-06T03:21:47.559746Z,2026-09-06T05:21:47.559746Z,7697.34994,7,2.9945,10.018367006178373,15.927152317880806,11.439,86.19402985074628,10.018367006178373,72.40839994759335,0,0,0,0,,False
ASTER,2026-09-06T03:21:52.411Z,2026-09-06T03:21:52.412100Z,2026-09-06T05:21:52.412100Z,7692.497586,7,0.8065,12.399256044637331,18.51385390428212,7.008,94.40298507462687,12.399256044637331,72.64526765836771,3,1,2,0,1.0,False
BCH,2026-09-06T03:22:01.465Z,2026-09-06T03:22:01.465498Z,2026-09-06T05:22:01.465498Z,7683.444188,7,261.95,3.8175224279451325,5.6479690522243695,4.911,89.55223880597015,3.8175224279451325,60.71868768354466,2,0,2,0,0.0,False
CRV,2026-09-06T03:22:11.879Z,2026-09-06T03:22:11.879385Z,2026-09-06T05:22:11.879385Z,7673.030301,7,0.3841,5.206977349647956,10.626773278307974,10.424,86.56716417910448,5.206977349647956,67.49997482453497,2,1,1,0,1.0,False
DASH,2026-09-06T03:22:17.717Z,2026-09-06T03:22:17.717594Z,2026-09-06T05:22:17.717594Z,7667.192092,7,77.23,15.538003366567985,13.763066202090599,5.499,93.65671641791045,15.538003366567985,60.47219145301841,6,3,3,0,0.6667,False
ENA,2026-09-06T03:22:22.494Z,2026-09-06T03:22:22.495183Z,2026-09-06T05:22:22.495183Z,7662.414503,7,0.17504999999999998,5.712653527564511,14.293448835950192,13.592,94.02985074626865,5.712653527564511,70.76849022952793,12,3,9,0,1.0,False
FET,2026-09-06T03:22:29.852Z,2026-09-06T03:22:29.852957Z,2026-09-06T05:22:29.852957Z,7655.056729,7,0.16515000000000002,6.055101422949848,7.68768768768769,5.849,90.67164179104478,6.055101422949848,53.28806299120239,2,1,1,0,1.0,False
ICP,2026-09-06T03:22:39.222Z,2026-09-06T03:22:39.222692Z,2026-09-06T05:22:39.222692Z,7645.686994,7,2.6565000000000003,3.764351590438132,9.321100917431192,9.702,85.44776119402985,3.764351590438132,72.85427402153132,5,4,0,1,-0.2,False
LINK,2026-09-06T03:22:45.055Z,2026-09-06T03:22:45.055495Z,2026-09-06T05:22:45.055495Z,7639.854191,7,12.191500000000001,0.8202436123524142,5.111165805234222,4.6,94.77611940298507,0.8202436123524142,58.25982094256316,27,12,10,5,0.7778,False
LTC,2026-09-06T03:22:49.724Z,2026-09-06T03:22:49.725043Z,2026-09-06T05:22:49.725043Z,7635.184643,7,54.575,1.8323408153912983,7.394495412844039,5.784,92.16417910447761,1.8323408153912983,59.66083498918997,14,4,7,3,0.5714,False
TUT,2026-09-06T03:23:19.405Z,2026-09-06T03:23:19.405388Z,2026-09-06T05:23:19.405388Z,7605.504298,7,0.026590000000000003,30.08649868371576,25.33616418966737,22.71,87.31343283582089,30.08649868371576,56.185639792766764,2,1,1,0,0.0,False
ETHFI,2026-09-06T03:29:54.700Z,2026-09-06T03:29:54.700472Z,2026-09-06T05:29:54.700472Z,7210.209214,7,0.5912,16.914749661705024,8.005404492484377,5.846,72.01492537313433,16.914749661705024,58.464716230672884,1,0,1,0,1.0,False
GIGGLE,2026-09-06T03:30:06.772Z,2026-09-06T03:30:06.772486Z,2026-09-06T05:30:06.772486Z,7799.170097,7,41.055,7.307270734380986,12.289395441030726,-4.11,74.6268656716418,7.307270734380986,48.60442951396993,1,0,0,1,-1.0,False
GRAM,2026-09-06T03:30:11.932Z,2026-09-06T03:30:11.932602Z,2026-09-06T05:30:11.932602Z,7794.009981,7,1.4295,6.995452955578103,3.6465638148667634,1.639,80.59701492537313,6.995452955578103,50.52458048694108,1,1,0,0,1.0,False
HBAR,2026-09-06T03:30:17.658Z,2026-09-06T03:30:17.659032Z,2026-09-06T05:30:17.659032Z,7788.283551,7,0.08193500000000001,1.220479648501388,3.5903110783228893,3.158,82.83582089552239,1.220479648501388,76.02616188188185,4,4,0,0,1.0,False
INJ,2026-09-06T03:30:25.086Z,2026-09-06T03:30:25.086251Z,2026-09-06T05:30:25.086251Z,7780.856332,7,5.182,15.43805480509457,8.931388012618283,6.331,79.4776119402985,15.43805480509457,65.5120579492625,10,8,2,0,1.0,False
JUP,2026-09-06T03:30:29.944Z,2026-09-06T03:30:29.944445Z,2026-09-06T05:30:29.944445Z,7775.998138,7,0.23345,4.283572499465271,8.908780903665816,8.061,82.46268656716418,4.283572499465271,72.11512942293119,4,2,2,0,1.0,False
NOM,2026-09-06T03:30:38.618Z,2026-09-06T03:30:38.618577Z,2026-09-06T05:30:38.618577Z,7767.324006,7,0.001755,56.98005698005713,32.402234636871505,-4.787,72.76119402985074,56.98005698005713,48.608428520407145,0,0,0,0,,False
ONDO,2026-09-06T03:30:43.303Z,2026-09-06T03:30:43.304139Z,2026-09-06T05:30:43.304139Z,7762.638444,7,0.37665,2.6549847338374883,3.581929965249925,1.492,82.08955223880596,2.6549847338374883,62.418764628704075,5,2,3,0,1.0,False
OP,2026-09-06T03:30:49.415Z,2026-09-06T03:30:49.416200Z,2026-09-06T05:30:49.416200Z,7756.526383,7,0.10994999999999999,9.095043201455468,13.30275229357798,8.458,84.70149253731343,9.095043201455468,65.20798283628048,4,2,1,1,-0.25,False
PENDLE,2026-09-06T03:30:54.996Z,2026-09-06T03:30:54.996504Z,2026-09-06T05:30:54.996504Z,7750.946079,7,2.075,9.638554216868549,9.171597633136102,5.405,83.2089552238806,9.638554216868549,67.03217872019148,0,0,0,0,,False
POL,2026-09-06T03:30:59.691Z,2026-09-06T03:30:59.691835Z,2026-09-06T05:30:59.691835Z,7746.250748,7,0.09875,10.126582278481301,5.7443365695792785,4.968,73.88059701492537,10.126582278481301,63.356217598314046,7,4,2,1,0.7143,False
RENDER,2026-09-06T03:31:08.038Z,2026-09-06T03:31:08.038770Z,2026-09-06T05:31:08.038770Z,7737.903813,7,1.4875,6.7226890756295115,3.7288135593220293,1.166,75.0,6.7226890756295115,63.20449305462513,1,1,0,0,1.0,False
SHIB,2026-09-06T03:31:13.023Z,2026-09-06T03:31:13.023900Z,2026-09-06T05:31:13.023900Z,7732.918683,7,5.505e-06,18.165304268846327,6.000000000000004,4.563,75.74626865671642,18.165304268846327,69.43597426246889,11,10,1,0,0.8182,False
SOPH,2026-09-06T03:31:22.905Z,2026-09-06T03:31:22.905464Z,2026-09-06T05:31:22.905464Z,7723.037119,7,0.004155,24.067388688326336,20.823244552058103,-0.482,73.13432835820896,24.067388688326336,65.27161488609275,0,0,0,0,,False
STRK,2026-09-06T03:31:28.673Z,2026-09-06T03:31:28.673455Z,2026-09-06T05:31:28.673455Z,7717.269128,7,0.03108,6.435006435006172,13.838447088290545,14.357,83.95522388059702,6.435006435006172,68.57060123194756,4,2,2,0,0.5,False
TST,2026-09-06T03:31:41.577Z,2026-09-06T03:31:41.577900Z,2026-09-06T05:31:41.577900Z,7704.364683,7,0.01854,10.787486515641413,14.951245937161422,-1.861,76.11940298507463,10.787486515641413,60.678777147476694,3,1,2,0,0.3333,False
TWT,2026-09-06T03:31:49.268Z,2026-09-06T03:31:49.268812Z,2026-09-06T05:31:49.268812Z,7696.673771,7,0.62,19.35483870967887,7.170731707317078,-3.771,79.85074626865672,19.35483870967887,47.70229654663794,2,1,0,1,-1.0,False
WLFI,2026-09-06T03:32:00.222Z,2026-09-06T03:32:00.222685Z,2026-09-06T05:32:00.222685Z,7685.719898,7,0.057050000000000003,17.52848378615178,2.2727272727272654,1.239,77.98507462686567,17.52848378615178,69.23551097924258,1,1,0,0,1.0,False
ZKC,2026-09-06T03:32:09.788Z,2026-09-06T03:32:09.788860Z,2026-09-06T05:32:09.788860Z,7676.153723,7,0.05035,19.860973187686763,4.59081836327346,0.2,70.8955223880597,19.860973187686763,59.62788566507374,2,1,0,1,0.0,False
APE,2026-09-06T03:38:00.801Z,2026-09-06T03:38:00.801326Z,2026-09-06T05:38:00.801326Z,7325.141257,7,0.14355,6.966213862766753,3.228070175438611,0.921,59.32835820895522,6.966213862766753,61.73096275418287,2,2,0,0,1.0,False
EGLD,2026-09-06T03:38:18.484Z,2026-09-06T03:38:18.484390Z,2026-09-06T05:38:18.484390Z,7307.458193,7,4.644,8.613264427216967,6.5451350757742155,-2.233,69.77611940298507,8.613264427216967,52.8361472140132,0,0,0,0,,False
JTO,2026-09-06T03:39:01.196Z,2026-09-06T03:39:01.196793Z,2026-09-06T05:39:01.196793Z,7264.74579,7,0.43735,16.00548759574662,7.385834109972042,6.211,63.43283582089552,16.00548759574662,77.0799080531866,1,1,0,0,-1.0,False
KITE,2026-09-06T03:39:06.807Z,2026-09-06T03:39:06.807490Z,2026-09-06T05:39:06.807490Z,7259.135093,7,0.12919999999999998,15.479876160991157,7.872174590802803,-4.822,60.82089552238806,15.479876160991157,63.509767312363,0,0,0,0,,False
LDO,2026-09-06T03:39:11.737Z,2026-09-06T03:39:11.737590Z,2026-09-06T05:39:11.737590Z,7254.204993,7,0.39765,7.544322897019162,9.679049785190802,0.79,62.6865671641791,7.544322897019162,68.75938595864555,0,0,0,0,,False
PAXG,2026-09-06T03:39:39.839Z,2026-09-06T03:39:39.839357Z,2026-09-06T05:39:39.839357Z,7226.103226,7,4434.015,0.022552923254022098,0.1617309041366586,-0.071,60.44776119402985,0.022552923254022098,58.91538206549467,2,1,1,0,0.0,False
SAHARA,2026-09-06T03:39:59.888Z,2026-09-06T03:39:59.888860Z,2026-09-06T05:39:59.888860Z,7206.053723,7,0.0095,21.05263157894651,5.330490405117276,0.644,66.04477611940298,21.05263157894651,66.12669679953461,0,0,0,0,,False
SEI,2026-09-06T03:40:10.570Z,2026-09-06T03:40:10.570239Z,2026-09-06T05:40:10.570239Z,7795.944613,7,0.048240000000000005,4.145936981757708,4.6150662251655685,2.852,70.14925373134328,4.145936981757708,73.16659707635006,0,0,0,0,,False
SPK,2026-09-06T03:40:15.658Z,2026-09-06T03:40:15.658442Z,2026-09-06T05:40:15.658442Z,7790.85641,7,0.022824999999999998,22.78203723986855,11.952683615819204,12.431,58.95522388059702,22.78203723986855,74.07806028413627,11,8,3,0,0.8182,False
STX,2026-09-06T03:40:22.335Z,2026-09-06T03:40:22.336147Z,2026-09-06T05:40:22.336147Z,7784.178705,7,0.2672,14.970059880239951,5.988700564971761,0.912,68.65671641791045,14.970059880239951,57.3423383436306,7,4,2,1,0.4286,False
TRB,2026-09-06T03:40:37.632Z,2026-09-06T03:40:37.632355Z,2026-09-06T05:40:37.632355Z,7768.882497,7,18.185000000000002,5.499037668408888,9.994478188845953,4.441,64.92537313432835,5.499037668408888,67.19139671484524,0,0,0,0,,False
WIF,2026-09-06T03:40:46.656Z,2026-09-06T03:40:46.657201Z,2026-09-06T05:40:46.657201Z,7759.857651,7,0.21365,4.680552305171495,7.699530516431924,4.926,63.059701492537314,4.680552305171495,75.75442810655353,4,3,1,0,0.5,False
ALLO,2026-09-06T03:46:53.162Z,2026-09-06T03:46:53.162265Z,2026-09-06T05:46:53.162265Z,7393.352587,7,0.246,8.130081300813242,2.3086269744836008,-0.564,47.76119402985075,8.130081300813242,67.85994994239338,0,0,0,0,,False
BIO,2026-09-06T03:47:10.756Z,2026-09-06T03:47:10.756903Z,2026-09-06T05:47:10.756903Z,7375.757949,7,0.028014999999999998,10.7085489916112,4.838709677419357,2.536,40.67164179104478,10.7085489916112,69.38726695212857,0,0,0,0,,False
EDEN,2026-09-06T03:47:36.915Z,2026-09-06T03:47:36.915525Z,2026-09-06T05:47:36.915525Z,7349.599327,7,0.05517,10.875475802065898,6.468716861081648,-1.36,41.417910447761194,10.875475802065898,47.178066804247564,0,0,0,0,,False
MEME,2026-09-06T03:48:06.985Z,2026-09-06T03:48:06.986049Z,2026-09-06T05:48:06.986049Z,7319.528803,7,0.0005635,17.74622892635358,4.232804232804241,2.347,54.47761194029851,17.74622892635358,60.01793876379682,56,36,18,2,0.875,False
NEO,2026-09-06T03:48:17.881Z,2026-09-06T03:48:17.881421Z,2026-09-06T05:48:17.881421Z,7308.633431,7,2.157,9.272137227629948,2.7894002789400307,1.367,42.16417910447761,9.272137227629948,70.88115300193643,0,0,0,0,,False
ORCA,2026-09-06T03:48:27.426Z,2026-09-06T03:48:27.426625Z,2026-09-06T05:48:27.426625Z,7299.088227,7,1.3650000000000002,14.652014652014662,7.555555555555562,6.216,45.8955223880597,14.652014652014662,66.57946336640344,0,0,0,0,,False
PEOPLE,2026-09-06T03:48:32.454Z,2026-09-06T03:48:32.454961Z,2026-09-06T05:48:32.454961Z,7294.059891,7,0.008465,11.813349084464964,9.08018867924528,7.071,54.850746268656714,11.813349084464964,59.63898079056475,0,0,0,0,,False
SIGN,2026-09-06T03:49:12.134Z,2026-09-06T03:49:12.134508Z,2026-09-06T05:49:12.134508Z,7254.380344,7,0.010335,9.67585873246211,8.60420650095602,3.976,52.23880597014925,9.67585873246211,69.36187087518393,0,0,0,0,,False
SYN,2026-09-06T03:49:32.898Z,2026-09-06T03:49:32.899129Z,2026-09-06T05:49:32.899129Z,7233.615723,7,0.09112500000000001,23.045267489712135,3.1016278046634285,-2.1,41.04477611940298,23.045267489712135,59.252811982844655,0,0,0,0,,False
XTZ,2026-09-06T03:49:54.920Z,2026-09-06T03:49:54.921015Z,2026-09-06T05:49:54.921015Z,7211.593837,7,0.2391,16.7294019238817,4.415475189234643,2.855,44.02985074626866,16.7294019238817,74.2669524050114,2,1,0,1,0.0,False
BERA,2026-09-06T03:56:07.350Z,2026-09-06T03:56:07.350730Z,2026-09-06T05:56:07.350730Z,7438.936264,7,0.18735000000000002,5.33760341606708,5.235325224748806,4.36,38.80597014925373,5.33760341606708,68.37332319770233,4,2,0,2,-0.25,False
ETC,2026-09-06T03:56:30.714Z,2026-09-06T03:56:30.714393Z,2026-09-06T05:56:30.714393Z,7415.572601,7,7.8100000000000005,25.60819462227972,4.5045045045045,2.507,31.34328358208955,25.60819462227972,66.02558733526503,2,2,0,0,1.0,False
KERNEL,2026-09-06T03:57:10.420Z,2026-09-06T03:57:10.420494Z,2026-09-06T05:57:10.420494Z,7375.8665,7,0.04045,24.72187886279428,4.878048780487809,2.757,32.83582089552239,24.72187886279428,70.66940813111697,0,0,0,0,,False
KMNO,2026-09-06T03:57:15.748Z,2026-09-06T03:57:15.748747Z,2026-09-06T05:57:15.748747Z,7370.538247,7,0.025265000000000003,3.958044725905241,2.000800320128053,0.402,29.850746268656717,3.958044725905241,66.27785774456393,0,0,0,0,,False
LINEA,2026-09-06T03:57:28.214Z,2026-09-06T03:57:28.214680Z,2026-09-06T05:57:28.214680Z,7358.072314,7,0.0026945,11.133791055854386,7.43618201997781,4.889,37.6865671641791,11.133791055854386,54.50812284203733,2,2,0,0,1.0,False
LISTA,2026-09-06T03:57:33.101Z,2026-09-06T03:57:33.101972Z,2026-09-06T05:57:33.101972Z,7353.185022,7,0.08125,36.92307692307627,11.338962605548861,9.511,25.746268656716417,36.92307692307627,70.80304710817772,0,0,0,0,,False
MIRA,2026-09-06T03:57:55.243Z,2026-09-06T03:57:55.243581Z,2026-09-06T05:57:55.243581Z,7331.043413,7,0.04686,17.07212974818539,4.326513213981238,0.882,29.47761194029851,17.07212974818539,64.04200413264174,0,0,0,0,,False
MITO,2026-09-06T03:58:02.183Z,2026-09-06T03:58:02.183400Z,2026-09-06T05:58:02.183400Z,7324.103594,7,0.016989999999999998,11.77163037080792,6.569767441860459,-0.578,39.17910447761194,11.77163037080792,61.07229206338583,2,0,2,0,1.0,False
MMT,2026-09-06T03:58:09.887Z,2026-09-06T03:58:09.887582Z,2026-09-06T05:58:09.887582Z,7316.399412,7,0.16565000000000002,18.110473890733154,3.0538922155688746,-0.536,30.970149253731343,18.110473890733154,52.96698324674718,15,11,2,2,0.8667,False
NOT,2026-09-06T03:58:15.021Z,2026-09-06T03:58:15.021566Z,2026-09-06T05:58:15.021566Z,7311.265428,7,0.0004575,21.85792349726829,4.575163398692804,4.318,28.73134328358209,21.85792349726829,72.92246412014912,0,0,0,0,,False
PHA,2026-09-06T03:58:33.246Z,2026-09-06T03:58:33.246391Z,2026-09-06T05:58:33.246391Z,7293.040603,7,0.026250000000000002,38.09523809523786,5.0193050193050155,3.6,38.059701492537314,38.09523809523786,68.29906917965924,0,0,0,0,,False
TURBO,2026-09-06T03:59:06.660Z,2026-09-06T03:59:06.660865Z,2026-09-06T05:59:06.660865Z,7259.626129,7,0.001013,19.743336623887775,4.84189723320158,-0.394,29.104477611940297,19.743336623887775,60.625929757990924,1,1,0,0,1.0,False
COOKIE,2026-09-06T04:05:38.435Z,2026-09-06T04:05:38.436106Z,2026-09-06T06:05:38.436106Z,7467.556049,7,0.01185,84.3881856540094,3.389830508474571,-0.84,24.62686567164179,84.3881856540094,39.41006924178206,0,0,0,0,,False
HOLO,2026-09-06T04:06:29.709Z,2026-09-06T04:06:29.710316Z,2026-09-06T06:06:29.710316Z,7416.281839,7,0.06675,14.981273408240128,5.855855855855856,3.9,19.402985074626866,14.981273408240128,56.25102914478185,3,2,0,1,0.3333,False
IMX,2026-09-06T04:06:35.912Z,2026-09-06T04:06:35.912221Z,2026-09-06T06:06:35.912221Z,7410.079934,7,0.1338,14.94768310911644,7.362885048835455,6.822,25.37313432835821,14.94768310911644,66.83881333294795,4,0,2,2,0.5,False
MANTRA,2026-09-06T04:06:55.052Z,2026-09-06T04:06:55.052541Z,2026-09-06T06:06:55.052541Z,7390.939614,7,0.004425,22.598870056496253,3.811659192825112,2.529,11.940298507462687,22.598870056496253,71.43059210810152,0,0,0,0,,False
ONT,2026-09-06T04:07:01.986Z,2026-09-06T04:07:01.986406Z,2026-09-06T06:07:01.986406Z,7384.005749,7,0.0563,21.314387211368036,2.5731406415227407,-0.264,17.53731343283582,21.314387211368036,52.39398516476448,1,0,1,0,1.0,False
OSMO,2026-09-06T04:07:17.534Z,2026-09-06T04:07:17.534602Z,2026-09-06T06:07:17.534602Z,7368.457553,7,0.035750000000000004,27.972027972026826,3.651685393258434,1.425,13.432835820895523,27.972027972026826,36.68655686325965,0,0,0,0,,False
RARE,2026-09-06T04:07:25.829Z,2026-09-06T04:07:25.829830Z,2026-09-06T06:07:25.829830Z,7360.162325,7,0.012660000000000001,15.797788309637378,2.5216706067769827,1.601,20.52238805970149,15.797788309637378,70.17105620113854,0,0,0,0,,False
RESOLV,2026-09-06T04:07:32.663Z,2026-09-06T04:07:32.663961Z,2026-09-06T06:07:32.663961Z,7353.328194,7,0.01808,11.061946902654418,2.773155851358849,1.577,15.298507462686567,11.061946902654418,66.41328703229965,0,0,0,0,,
SAPIEN,2026-09-06T04:07:41.001Z,2026-09-06T04:07:41.002120Z,2026-09-06T06:07:41.002120Z,7344.990035,7,0.0823,24.301336573512238,3.6144578313253044,2.85,11.194029850746269,24.301336573512238,48.038128851325084,0,0,0,0,,False
TLM,2026-09-06T04:08:10.940Z,2026-09-06T04:08:10.940685Z,2026-09-06T06:08:10.940685Z,7315.05147,7,0.0014559999999999998,13.736263736264071,3.2921810699588527,1.04,21.64179104477612,13.736263736264071,62.96493214508965,0,0,0,0,,False
YB,2026-09-06T04:08:28.981Z,2026-09-06T04:08:28.981271Z,2026-09-06T06:08:28.981271Z,7297.010884,7,0.09670000000000001,20.682523267837833,2.453987730061349,-0.912,12.313432835820896,20.682523267837833,46.85466205395636,0,0,0,0,,False
YGG,2026-09-06T04:08:36.500Z,2026-09-06T04:08:36.500546Z,2026-09-06T06:08:36.500546Z,7289.491609,7,0.024024999999999998,12.486992715920408,7.328118567311652,5.425,14.925373134328359,12.486992715920408,74.02878048112524,0,0,0,0,,False
MANTA,2026-09-06T04:16:05.564Z,2026-09-06T04:16:05.564855Z,2026-09-06T06:16:05.564855Z,7440.977868,7,0.061675,11.349817592217368,2.877580881157525,0.622,8.582089552238806,11.349817592217368,66.11076483133769,0,0,0,0,,False
PIXEL,2026-09-06T04:16:27.031Z,2026-09-06T04:16:27.031521Z,2026-09-06T06:16:27.031521Z,7419.511202,7,0.0051400000000000005,38.91050583657598,2.534113060428848,1.584,5.223880597014926,38.91050583657598,51.32675867181669,2,0,2,0,1.0,False
QNT,2026-09-06T04:16:38.041Z,2026-09-06T04:16:38.041590Z,2026-09-06T06:16:38.041590Z,7408.501133,7,66.56,24.038461538461025,4.314912944738826,3.689,7.462686567164179,24.038461538461025,67.0051804730848,7,2,5,0,0.7143,False
SHELL,2026-09-06T04:16:45.165Z,2026-09-06T04:16:45.165348Z,2026-09-06T06:16:45.165348Z,7401.377375,7,0.02345,42.643923240937916,8.050847457627114,4.425,10.447761194029852,42.643923240937916,65.67478602531494,0,0,0,0,,False
USD1,2026-09-06T04:17:03.038Z,2026-09-06T04:17:03.038941Z,2026-09-06T06:17:03.038941Z,7383.503782,7,0.99985,1.0001500225032653,0.04000800160031566,0.0,98.88059701492537,1.0001500225032653,59.45064817107738,0,0,0,0,,False
USUAL,2026-09-06T04:17:09.286Z,2026-09-06T04:17:09.286866Z,2026-09-06T06:17:09.286866Z,7377.255857,7,0.011375,8.791208791208433,2.4935511607910605,1.307,3.3582089552238807,8.791208791208433,45.78369838870456,0,0,0,0,,False
VANA,2026-09-06T04:17:16.581Z,2026-09-06T04:17:16.581353Z,2026-09-06T06:17:16.581353Z,7369.96137,7,0.9395,31.931878658861123,2.1164021164021065,0.106,2.611940298507463,31.931878658861123,52.95665247616655,0,0,0,0,,False
VELODROME,2026-09-06T04:17:24.730Z,2026-09-06T04:17:24.731206Z,2026-09-06T06:17:24.731206Z,7361.811517,7,0.025355000000000003,67.04791954249654,7.6801890508073924,5.748,1.492537313432836,67.04791954249654,54.66328965028886,0,0,0,0,,False
WCT,2026-09-06T04:17:31.291Z,2026-09-06T04:17:31.291782Z,2026-09-06T06:17:31.291782Z,7355.250941,7,0.03963,15.140045420135644,2.7882441597588548,1.66,1.8656716417910448,15.140045420135644,67.43970067471436,0,0,0,0,,False
XRP,2026-09-06T04:17:37.142Z,2026-09-06T04:17:37.142699Z,2026-09-06T06:17:37.142699Z,7349.400024,7,1.42225,0.7031112673579819,2.2768927111236423,1.3,98.50746268656717,0.7031112673579819,56.13845634611054,27,11,6,10,0.4074,False
ZEC,2026-09-06T04:17:42.190Z,2026-09-06T04:17:42.190808Z,2026-09-06T06:17:42.190808Z,7344.351915,7,1171.24,2.9029063215066553,8.429018054134245,3.322,97.01492537313433,2.9029063215066553,73.13946021400511,36,21,13,2,0.5833,False
AAVE,2026-09-06T04:23:14.714Z,2026-09-06T04:23:14.714657Z,2026-09-06T06:23:14.714657Z,7610.933077,7,135.715,5.157867590170075,8.584292884558604,3.681,89.17910447761194,5.157867590170075,49.58492797141958,0,0,0,0,,False
AVAX,2026-09-06T04:23:37.356Z,2026-09-06T04:23:37.356313Z,2026-09-06T06:23:37.356313Z,7588.291421,7,7.6645,1.3047165503298765,4.399895860453007,3.811,86.56716417910448,1.3047165503298765,61.80300400748413,3,3,0,0,1.0,False
1000CAT,2026-09-06T04:30:39.643Z,2026-09-06T04:30:39.643725Z,2026-09-06T06:30:39.643725Z,7766.69076,7,0.002311,25.96278667243587,39.760528488852195,21.709,80.97014925373135,25.96278667243587,48.96293235696185,0,0,0,0,,False
ALGO,2026-09-06T04:30:44.577Z,2026-09-06T04:30:44.577373Z,2026-09-06T06:30:44.577373Z,7761.757112,7,0.09434999999999999,10.598834128246198,5.62632696390658,1.838,77.23880597014926,10.598834128246198,64.72278712239702,3,1,2,0,1.0,False
APT,2026-09-06T04:30:49.183Z,2026-09-06T04:30:49.183964Z,2026-09-06T06:30:49.183964Z,7757.150521,7,0.6154999999999999,16.246953696181983,7.467532467532474,4.407,83.58208955223881,16.246953696181983,57.99921614832194,1,0,0,1,1.0,False
BOME,2026-09-06T04:30:54.404Z,2026-09-06T04:30:54.404365Z,2026-09-06T06:30:54.404365Z,7751.93012,7,0.0009299499999999999,13.979246196031802,14.491104675217212,16.314,75.3731343283582,13.979246196031802,72.75458815744743,6,4,2,0,0.8333,False
BONK,2026-09-06T04:30:59.156Z,2026-09-06T04:30:59.156331Z,2026-09-06T06:30:59.156331Z,7747.178154,7,3.265e-06,30.62787136293998,5.167173252279625,-0.303,73.50746268656717,30.62787136293998,62.9963588925119,9,8,1,0,0.7778,False
COTI,2026-09-06T04:31:09.237Z,2026-09-06T04:31:09.237854Z,2026-09-06T06:31:09.237854Z,7737.096631,7,0.017445,51.590713671539014,16.76718938480095,16.843,81.71641791044776,51.590713671539014,80.07391129276017,3,1,2,0,0.3333,False
DOT,2026-09-06T04:31:14.788Z,2026-09-06T04:31:14.788952Z,2026-09-06T06:31:14.788952Z,7731.545533,7,0.9295,10.758472296933846,5.320304017372425,2.905,81.34328358208955,10.758472296933846,59.9870112343363,2,2,0,0,1.0,False
DYDX,2026-09-06T04:31:19.525Z,2026-09-06T04:31:19.526117Z,2026-09-06T06:31:19.526117Z,7726.808368,7,0.120305,12.468309712813047,7.239112571898108,2.996,78.73134328358209,12.468309712813047,53.358020404901794,1,0,1,0,1.0,False
ENSO,2026-09-06T04:31:24.948Z,2026-09-06T04:31:24.948546Z,2026-09-06T06:31:24.948546Z,7721.385939,7,0.9345000000000001,10.70090957731408,9.44017563117454,7.683,72.38805970149254,10.70090957731408,77.98620069990518,0,0,0,0,,False
MUBARAK,2026-09-06T04:32:02.198Z,2026-09-06T04:32:02.198468Z,2026-09-06T06:32:02.198468Z,7684.136017,7,0.031585,15.830299192655193,25.80133291018725,6.345,71.64179104477611,15.830299192655193,43.86736305177442,0,0,0,0,,False
SOMI,2026-09-06T04:32:38.618Z,2026-09-06T04:32:38.619144Z,2026-09-06T06:32:38.619144Z,7647.715341,7,0.12885,7.760962359331703,9.900230237912517,9.404,71.26865671641791,7.760962359331703,69.2281025290496,1,0,1,0,1.0,False
TIA,2026-09-06T04:32:52.471Z,2026-09-06T04:32:52.471559Z,2026-09-06T06:32:52.471559Z,7633.862926,7,0.38275000000000003,7.838014369693598,8.175604626708733,6.465,76.86567164179104,7.838014369693598,63.16695571898688,0,0,0,0,,False
TRX,2026-09-06T04:32:57.687Z,2026-09-06T04:32:57.687257Z,2026-09-06T06:32:57.687257Z,7628.647228,7,0.33365,2.9971527049299858,0.9606724707295048,0.362,84.32835820895522,2.9971527049299858,68.96045308634297,5,4,0,1,0.6,False
0G,2026-09-06T04:39:08.181Z,2026-09-06T04:39:08.181428Z,2026-09-06T06:39:08.181428Z,7258.153057,7,0.1948,10.266940451744249,5.8038007190549585,0.776,65.67164179104478,10.266940451744249,57.36577145320608,0,0,0,0,,
1000CHEEMS,2026-09-06T04:39:11.357Z,2026-09-06T04:39:11.357584Z,2026-09-06T06:39:11.357584Z,7254.976901,7,0.0005545000000000001,18.03426510369746,7.039711191335754,3.166,63.80597014925373,18.03426510369746,72.33281117746539,0,0,0,0,,False
ATOM,2026-09-06T04:39:20.416Z,2026-09-06T04:39:20.416935Z,2026-09-06T06:39:20.416935Z,7245.91755,7,1.5755,6.347191367820451,3.987341772151895,2.999,62.3134328358209,6.347191367820451,70.8885901815472,0,0,0,0,,False
BROCCOLI714,2026-09-06T04:39:26.978Z,2026-09-06T04:39:26.978652Z,2026-09-06T06:39:26.978652Z,7239.355833,7,0.01996,30.060120240481478,13.927855711422854,-2.109,68.28358208955224,30.060120240481478,42.38313015617258,0,0,0,0,,False
CATI,2026-09-06T04:39:31.659Z,2026-09-06T04:39:31.659761Z,2026-09-06T06:39:31.659761Z,7234.674724,7,0.04942,20.234722784298434,34.8814422888497,-19.026,58.208955223880594,20.234722784298434,55.50887167585682,1,1,0,0,1.0,False
EIGEN,2026-09-06T04:39:42.791Z,2026-09-06T04:39:42.791693Z,2026-09-06T06:39:42.791693Z,7223.542792,7,0.20734999999999998,14.468290330359043,7.407407407407406,3.95,61.940298507462686,14.468290330359043,74.30769336052201,0,0,0,0,,False
EPIC,2026-09-06T04:39:49.618Z,2026-09-06T04:39:49.618223Z,2026-09-06T06:39:49.618223Z,7216.716262,7,0.42435,25.921998350418047,13.859168947499386,10.625,69.40298507462687,25.921998350418047,68.57260330688894,1,1,0,0,1.0,False
FF,2026-09-06T04:39:59.965Z,2026-09-06T04:39:59.965413Z,2026-09-06T06:39:59.965413Z,7206.369072,7,0.11972,11.693952555962861,16.058700209643618,10.652,67.91044776119404,11.693952555962861,68.66442652604891,0,0,0,0,,False
FLOKI,2026-09-06T04:40:05.989Z,2026-09-06T04:40:05.989414Z,2026-09-06T06:40:05.989414Z,7200.345071,7,2.6099999999999997e-05,7.6628352490420735,8.86123680241327,4.657,65.29850746268657,7.6628352490420735,69.64640213596948,0,0,0,0,,False
FORM,2026-09-06T04:40:12.355Z,2026-09-06T04:40:12.355316Z,2026-09-06T06:40:12.355316Z,7793.316828,7,0.273,36.63003663003666,19.097097814403444,-0.464,57.83582089552239,36.63003663003666,44.67375961746474,0,0,0,0,,False
GALA,2026-09-06T04:40:17.171Z,2026-09-06T04:40:17.171627Z,2026-09-06T06:40:17.171627Z,7788.500517,7,0.0018765000000000001,5.3290700772710675,6.3029661016949134,3.057,67.16417910447761,5.3290700772710675,61.56321966245996,0,0,0,0,,False
IOTA,2026-09-06T04:40:23.775Z,2026-09-06T04:40:23.775460Z,2026-09-06T06:40:23.775460Z,7781.896684,7,0.04125,24.242424242424935,7.4879227053140065,5.882,56.343283582089555,24.242424242424935,72.75046950996239,2,0,1,1,1.0,False
MORPHO,2026-09-06T04:40:47.564Z,2026-09-06T04:40:47.564544Z,2026-09-06T06:40:47.564544Z,7758.1076,7,2.5315000000000003,3.950227138060003,3.4496431403647976,-0.474,64.55223880597015,3.950227138060003,58.16406341052733,0,0,0,0,,False
ORDI,2026-09-06T04:40:59.446Z,2026-09-06T04:40:59.446463Z,2026-09-06T06:40:59.446463Z,7746.225681,7,4.192,4.770992366411688,5.265643447461646,4.439,66.7910447761194,4.770992366411688,72.2813099760226,4,1,3,0,1.0,False
PLUME,2026-09-06T04:41:08.929Z,2026-09-06T04:41:08.929793Z,2026-09-06T06:41:08.929793Z,7736.742351,7,0.013925,7.181328545780677,5.8948863636363695,2.699,61.19402985074627,7.181328545780677,53.88766988595938,0,0,0,0,,False
RUNE,2026-09-06T04:41:20.410Z,2026-09-06T04:41:20.410951Z,2026-09-06T06:41:20.410951Z,7725.261193,7,0.4895,20.429009193054156,3.258655804480655,2.72,67.53731343283582,20.429009193054156,74.64127327962082,1,0,1,0,0.0,False
SAND,2026-09-06T04:41:30.561Z,2026-09-06T04:41:30.561485Z,2026-09-06T06:41:30.561485Z,7715.110659,7,0.040075,12.476606363067871,2.7603513174404113,1.399,59.701492537313435,12.476606363067871,72.07952910013873,2,1,0,1,0.0,False
SYRUP,2026-09-06T04:41:47.085Z,2026-09-06T04:41:47.086157Z,2026-09-06T06:41:47.086157Z,7698.585987,7,0.21555000000000002,4.639294827187044,5.111524163568778,-1.284,69.02985074626865,4.639294827187044,58.328553276793414,0,0,0,0,,False
THE,2026-09-06T04:41:53.272Z,2026-09-06T04:41:53.273197Z,2026-09-06T06:41:53.273197Z,7692.398947,7,0.07665,13.046314416177804,7.994757536041932,3.528,56.71641791044776,13.046314416177804,59.8982956494609,0,0,0,0,,False
USDE,2026-09-06T04:42:02.405Z,2026-09-06T04:42:02.405312Z,2026-09-06T06:42:02.405312Z,7683.266832,7,1.00015,0.9998500224965152,0.019999999999997797,-0.01,66.41791044776119,0.9998500224965152,58.66672367850676,0,0,0,0,,False
XVG,2026-09-06T04:42:16.253Z,2026-09-06T04:42:16.253736Z,2026-09-06T06:42:16.253736Z,7669.418408,7,0.0029649999999999998,26.98145025295029,18.083573487031714,-0.928,64.17910447761194,26.98145025295029,63.09810788459198,0,0,0,0,,False
ZK,2026-09-06T04:42:26.258Z,2026-09-06T04:42:26.258524Z,2026-09-06T06:42:26.258524Z,7659.41362,7,0.01035,19.323671497583753,8.55457227138644,0.893,60.07462686567164,19.323671497583753,69.87505488791638,1,0,0,1,-1.0,False
AIXBT,2026-09-06T04:48:05.966Z,2026-09-06T04:48:05.966941Z,2026-09-06T06:48:05.966941Z,7319.705203,7,0.021984999999999998,22.74277916761336,9.394760614272803,0.181,52.61194029850746,22.74277916761336,63.6440734954386,2,1,1,0,1.0,False
ARKM,2026-09-06T04:48:16.195Z,2026-09-06T04:48:16.195841Z,2026-09-06T06:48:16.195841Z,7309.476303,7,0.10785,9.272137227629948,2.8650646950092473,0.185,43.656716417910445,9.272137227629948,65.43421687846181,0,0,0,0,,False
AVNT,2026-09-06T04:48:22.591Z,2026-09-06T04:48:22.591933Z,2026-09-06T06:48:22.591933Z,7303.080211,7,0.10655,9.385265133740297,4.064272211720238,0.954,46.64179104477612,9.385265133740297,70.67556580391404,1,0,1,0,1.0,False
BMT,2026-09-06T04:48:35.102Z,2026-09-06T04:48:35.102934Z,2026-09-06T06:48:35.102934Z,7290.56921,7,0.01823,10.970927043334715,3.8227146814404604,-2.115,41.791044776119406,10.970927043334715,48.24569889852473,0,0,0,0,,False
CHZ,2026-09-06T04:48:44.779Z,2026-09-06T04:48:44.779673Z,2026-09-06T06:48:44.779673Z,7280.892471,7,0.014005,7.140307033202136,4.512893982808026,3.178,50.74626865671642,7.140307033202136,69.54713103341327,0,0,0,0,,False
CVX,2026-09-06T04:48:51.414Z,2026-09-06T04:48:51.414292Z,2026-09-06T06:48:51.414292Z,7274.257852,7,2.349,17.028522775649225,8.474576271186429,7.37,48.507462686567166,17.028522775649225,76.34910023440557,1,1,0,0,1.0,False
ENS,2026-09-06T04:49:07.310Z,2026-09-06T04:49:07.310850Z,2026-09-06T06:49:07.310850Z,7258.361294,7,6.145,16.27339300244211,6.026058631921826,5.317,54.1044776119403,16.27339300244211,61.039393246744815,0,0,0,0,,False
GRT,2026-09-06T04:49:14.460Z,2026-09-06T04:49:14.460639Z,2026-09-06T06:49:14.460639Z,7251.211505,7,0.020085,24.894199651480193,10.196494954859258,10.375,43.28358208955224,24.894199651480193,67.42737330947723,1,1,0,0,1.0,False
HEI,2026-09-06T04:49:21.157Z,2026-09-06T04:49:21.158143Z,2026-09-06T06:49:21.158143Z,7244.514001,7,0.13995000000000002,21.436227224008192,6.690391459074727,-4.357,50.0,21.436227224008192,57.065248599237655,0,0,0,0,,False
HOME,2026-09-06T04:49:27.666Z,2026-09-06T04:49:27.666683Z,2026-09-06T06:49:27.666683Z,7238.005461,7,0.0061849999999999995,16.168148746969216,2.4549918166939437,0.825,44.776119402985074,16.168148746969216,68.58833735576273,0,0,0,0,,False
KAITO,2026-09-06T04:49:34.780Z,2026-09-06T04:49:34.780899Z,2026-09-06T06:49:34.780899Z,7230.891245,7,0.31,6.451612903225096,2.9373789541639757,1.341,48.134328358208954,6.451612903225096,68.15221903482283,0,0,0,0,,False
PNUT,2026-09-06T04:50:08.253Z,2026-09-06T04:50:08.253334Z,2026-09-06T06:50:08.253334Z,7796.857205,7,0.05115,19.55034213098785,7.392996108949425,6.198,46.26865671641791,19.55034213098785,58.6056404540348,0,0,0,0,,False
PYTH,2026-09-06T04:50:12.975Z,2026-09-06T04:50:12.975828Z,2026-09-06T06:50:12.975828Z,7792.134711,7,0.05519,14.495379597753882,5.901639344262295,1.685,52.985074626865675,14.495379597753882,54.87840463692055,1,1,0,0,-1.0,False
ROSE,2026-09-06T04:50:25.178Z,2026-09-06T04:50:25.178943Z,2026-09-06T06:50:25.178943Z,7779.931596,7,0.0069949999999999995,14.295925661187221,4.657933042212518,-0.145,51.11940298507463,14.295925661187221,70.02442350538502,6,1,4,1,0.6667,False
RSR,2026-09-06T04:50:31.970Z,2026-09-06T04:50:31.970312Z,2026-09-06T06:50:31.970312Z,7773.140227,7,0.0014315,6.985679357316911,5.92747559274756,5.209,49.62686567164179,6.985679357316911,77.82007603312697,0,0,0,0,,False
SAGA,2026-09-06T04:50:44.495Z,2026-09-06T04:50:44.496242Z,2026-09-06T06:50:44.496242Z,7760.614297,7,0.015505,6.449532408900092,4.0540540540540455,2.17,53.35820895522388,6.449532408900092,69.52003186114442,0,0,0,0,,False
SKY,2026-09-06T04:50:56.678Z,2026-09-06T04:50:56.678232Z,2026-09-06T06:50:56.678232Z,7748.432307,7,0.07022,5.696382796923721,6.394291311039603,6.054,45.52238805970149,5.696382796923721,63.561688086734534,0,0,0,0,,False
SNX,2026-09-06T04:51:01.557Z,2026-09-06T04:51:01.557672Z,2026-09-06T06:51:01.557672Z,7743.552867,7,0.22344999999999998,4.4752741105400204,4.381918819188183,1.784,47.014925373134325,4.4752741105400204,57.23858273288785,1,1,0,0,-1.0,False
SOLV,2026-09-06T04:51:06.687Z,2026-09-06T04:51:06.687829Z,2026-09-06T06:51:06.687829Z,7738.42271,7,0.003235,30.91190108191662,16.92307692307693,4.839,48.88059701492537,30.91190108191662,65.29726457416324,1,1,0,0,1.0,False
VET,2026-09-06T04:51:19.042Z,2026-09-06T04:51:19.042707Z,2026-09-06T06:51:19.042707Z,7726.067832,7,0.006978,5.73230151905942,2.3023023023022975,1.465,42.53731343283582,5.73230151905942,71.30952076474448,2,0,2,0,1.0,False
W,2026-09-06T04:51:23.611Z,2026-09-06T04:51:23.611585Z,2026-09-06T06:51:23.611585Z,7721.498954,7,0.010095,9.905894006933721,5.472636815920399,2.866,44.40298507462686,9.905894006933721,68.4449267878317,2,1,0,1,0.0,False
WAL,2026-09-06T04:51:30.557Z,2026-09-06T04:51:30.557789Z,2026-09-06T06:51:30.557789Z,7714.55275,7,0.02695,37.10575139146545,5.947955390334575,1.894,53.73134328358209,37.10575139146545,65.9921058224219,0,0,0,0,,False
ACH,2026-09-06T04:57:19.795Z,2026-09-06T04:57:19.795594Z,2026-09-06T06:57:19.795594Z,7365.314945,7,0.00541,36.96857670979677,6.934306569343068,5.588,35.44776119402985,36.96857670979677,61.223445917920806,1,0,1,0,1.0,False
AXS,2026-09-06T04:57:26.703Z,2026-09-06T04:57:26.703802Z,2026-09-06T06:57:26.703802Z,7358.406737,7,0.9575,10.44386422976502,2.5130890052355928,1.596,30.597014925373134,10.44386422976502,72.83812442431162,0,0,0,0,,False
BABY,2026-09-06T04:57:34.826Z,2026-09-06T04:57:34.826857Z,2026-09-06T06:57:34.826857Z,7350.283682,7,0.01149,17.40644038294098,3.655352480417757,1.952,33.582089552238806,17.40644038294098,60.365696823067594,2,0,1,1,0.0,False
BANANAS31,2026-09-06T04:57:41.735Z,2026-09-06T04:57:41.735373Z,2026-09-06T06:57:41.735373Z,7343.375166,7,0.0084625,12.998522895126255,5.18755935422602,0.947,40.298507462686565,12.998522895126255,56.33801333008104,0,0,0,0,,
BANK,2026-09-06T04:57:48.535Z,2026-09-06T04:57:48.536095Z,2026-09-06T06:57:48.536095Z,7336.574444,7,0.035449999999999995,28.20874471085922,1.4124293785310746,0.0,30.223880597014926,28.20874471085922,66.30825266921161,0,0,0,0,,False
CETUS,2026-09-06T04:58:00.552Z,2026-09-06T04:58:00.552364Z,2026-09-06T06:58:00.552364Z,7324.558175,7,0.02322,8.613264427217564,6.972789115646255,2.842,34.701492537313435,8.613264427217564,60.401146201901796,0,0,0,0,,False
CFX,2026-09-06T04:58:05.853Z,2026-09-06T04:58:05.853869Z,2026-09-06T06:58:05.853869Z,7319.25667,7,0.049460000000000004,4.043671653861542,5.004084967320263,3.466,39.92537313432836,4.043671653861542,52.63856624954673,0,0,0,0,,False
COMP,2026-09-06T04:58:10.500Z,2026-09-06T04:58:10.500780Z,2026-09-06T06:58:10.500780Z,7314.609759,7,20.725,24.125452352231946,5.076392311483495,2.838,36.940298507462686,24.125452352231946,61.754769628692515,2,1,1,0,1.0,False
ERA,2026-09-06T04:58:18.456Z,2026-09-06T04:58:18.456552Z,2026-09-06T06:58:18.456552Z,7306.653987,7,0.05975,16.736401673639484,2.345058626465659,1.877,37.3134328358209,16.736401673639484,72.89114125252736,0,0,0,0,,True
EURI,2026-09-06T04:58:28.059Z,2026-09-06T04:58:28.059772Z,2026-09-06T06:58:28.059772Z,7297.050767,7,1.15855,38.84165551767251,1.128532046864222,0.164,32.08955223880597,38.84165551767251,54.669628236956726,0,0,0,0,,
GUN,2026-09-06T04:58:39.906Z,2026-09-06T04:58:39.907008Z,2026-09-06T06:58:39.907008Z,7285.203531,7,0.003105,32.20611916264098,4.126984126984138,2.273,33.95522388059702,32.20611916264098,66.8764900551923,0,0,0,0,,False
HYPER,2026-09-06T04:58:46.602Z,2026-09-06T04:58:46.602741Z,2026-09-06T06:58:46.602741Z,7278.507798,7,0.06864999999999999,14.566642388929772,4.486251808972512,3.754,32.46268656716418,14.566642388929772,66.10042032459694,0,0,0,0,,False
INIT,2026-09-06T04:58:53.549Z,2026-09-06T04:58:53.549793Z,2026-09-06T06:58:53.549793Z,7271.560746,7,0.06663,18.009905447995664,7.587719298245614,5.866,33.208955223880594,18.009905447995664,60.19120021610879,1,1,0,0,1.0,False
IO,2026-09-06T04:59:00.760Z,2026-09-06T04:59:00.761106Z,2026-09-06T06:59:00.761106Z,7264.349433,7,0.1333,15.003750937732782,7.1641791044776095,5.181,39.55223880597015,15.003750937732782,68.36106090654413,0,0,0,0,,False
LA,2026-09-06T04:59:16.291Z,2026-09-06T04:59:16.291967Z,2026-09-06T06:59:16.291967Z,7248.818572,7,0.06915,43.38394793926171,8.477011494252878,2.504,28.35820895522388,43.38394793926171,62.41500642609814,0,0,0,0,,False
MINA,2026-09-06T04:59:41.815Z,2026-09-06T04:59:41.815587Z,2026-09-06T06:59:41.815587Z,7223.294952,7,0.0751,26.63115845539357,4.057591623036638,2.413,27.238805970149254,26.63115845539357,59.707266351559,0,0,0,0,,False
PARTI,2026-09-06T05:00:21.384Z,2026-09-06T05:00:21.384913Z,2026-09-06T07:00:21.384913Z,7783.391758,7,0.025750000000000002,38.83495145631044,3.831417624521076,1.556,35.07462686567164,38.83495145631044,54.7777840864728,0,0,0,0,,False
RED,2026-09-06T05:00:35.910Z,2026-09-06T05:00:35.911184Z,2026-09-06T07:00:35.911184Z,7768.865487,7,0.12585000000000002,23.83790226460029,3.791469194312796,-0.472,31.71641791044776,23.83790226460029,64.3249008721493,0,0,0,0,,False
REZ,2026-09-06T05:00:40.638Z,2026-09-06T05:00:40.638344Z,2026-09-06T07:00:40.638344Z,7764.138327,7,0.003078,19.493177387914,7.637769900096688,0.616,26.119402985074625,19.493177387914,49.99281067705162,0,0,0,0,,False
SSV,2026-09-06T05:00:47.120Z,2026-09-06T05:00:47.120978Z,2026-09-06T07:00:47.120978Z,7757.655693,7,2.976,40.322580645161324,3.450564034505644,0.634,36.56716417910448,40.322580645161324,64.47388323383373,0,0,0,0,,False
TNSR,2026-09-06T05:00:53.630Z,2026-09-06T05:00:53.631231Z,2026-09-06T07:00:53.631231Z,7751.14544,7,0.03635,27.510316368639028,4.0983606557376895,2.521,34.32835820895522,27.510316368639028,48.86169997910895,0,0,0,0,,False
TREE,2026-09-06T05:01:01.041Z,2026-09-06T05:01:01.041723Z,2026-09-06T07:01:01.041723Z,7743.734948,7,0.042249999999999996,23.668639053253475,4.728132387706844,0.475,38.43283582089552,23.668639053253475,64.9907713900731,1,1,0,0,1.0,False
2Z,2026-09-06T05:06:57.779Z,2026-09-06T05:06:57.779658Z,2026-09-06T07:06:57.779658Z,7386.997013,7,0.051625000000000004,5.811138014526936,2.207293666026881,0.852,16.791044776119403,5.811138014526936,64.40107432446626,0,0,0,0,,False
ALT,2026-09-06T05:07:11.252Z,2026-09-06T05:07:11.252834Z,2026-09-06T07:07:11.252834Z,7373.523837,7,0.006475,15.444015444014815,2.9230769230769242,1.404,22.01492537313433,15.444015444014815,67.285717129345,0,0,0,0,,False
API3,2026-09-06T05:07:19.466Z,2026-09-06T05:07:19.466575Z,2026-09-06T07:07:19.466575Z,7365.310096,7,0.236,8.474576271186685,3.661616161616167,2.194,22.761194029850746,8.474576271186685,44.99713731085499,0,0,0,0,,True
AUCTION,2026-09-06T05:07:24.833Z,2026-09-06T05:07:24.834133Z,2026-09-06T07:07:24.834133Z,7359.942538,7,3.4265,8.755289654166392,4.136534567544108,2.49,23.507462686567163,8.755289654166392,67.12391935480201,0,0,0,0,,True
BANANA,2026-09-06T05:07:31.523Z,2026-09-06T05:07:31.524012Z,2026-09-06T07:07:31.524012Z,7353.252659,7,4.168,9.59692898272447,4.257878277604053,2.414,16.417910447761194,9.59692898272447,66.65473058026532,0,0,0,0,,False
BB,2026-09-06T05:07:38.183Z,2026-09-06T05:07:38.184116Z,2026-09-06T07:07:38.184116Z,7346.592555,7,0.00966,20.703933747411163,4.668049792531129,2.882,15.671641791044776,20.703933747411163,71.06674439165758,0,0,0,0,,False
CKB,2026-09-06T05:07:44.562Z,2026-09-06T05:07:44.562421Z,2026-09-06T07:07:44.562421Z,7340.21425,7,0.00112,35.71428571428465,6.233062330623311,4.434,17.16417910447761,35.71428571428465,71.85656589193795,0,0,0,0,,False
COW,2026-09-06T05:07:56.771Z,2026-09-06T05:07:56.771374Z,2026-09-06T07:07:56.771374Z,7328.005297,7,0.13324999999999998,52.532833020638364,6.439393939393934,5.516,19.029850746268657,52.532833020638364,73.92649672380708,0,0,0,0,,False
DOLO,2026-09-06T05:08:04.851Z,2026-09-06T05:08:04.851698Z,2026-09-06T07:08:04.851698Z,7319.924973,7,0.027295,10.991023997069885,2.16275659824047,-0.073,11.567164179104477,10.991023997069885,53.49388810180998,0,0,0,0,,False
ENJ,2026-09-06T05:08:11.982Z,2026-09-06T05:08:11.982620Z,2026-09-06T07:08:11.982620Z,7312.794051,7,0.0275,36.363636363637404,4.388828436706562,-1.676,22.388059701492537,36.363636363637404,54.211751711051825,0,0,0,0,,False
FLUX,2026-09-06T05:08:24.903Z,2026-09-06T05:08:24.903459Z,2026-09-06T07:08:24.903459Z,7299.873212,7,0.051449999999999996,19.436345966957422,4.651162790697687,3.614,10.82089552238806,19.436345966957422,68.19091869652635,0,0,0,0,,False
HAEDAL,2026-09-06T05:08:43.999Z,2026-09-06T05:08:43.999434Z,2026-09-06T07:08:43.999434Z,7280.777237,7,0.018715,26.716537536736006,2.0277481323372566,1.737,21.26865671641791,26.716537536736006,69.97509289188437,0,0,0,0,,False
LAYER,2026-09-06T05:09:01.377Z,2026-09-06T05:09:01.377614Z,2026-09-06T07:09:01.377614Z,7263.399057,7,0.07055,14.174344436570214,1.8518518518518454,1.153,13.805970149253731,14.174344436570214,62.81343400496498,1,1,0,0,1.0,False
OPEN,2026-09-06T05:09:25.091Z,2026-09-06T05:09:25.092220Z,2026-09-06T07:09:25.092220Z,7239.684451,7,0.12505,7.996801279487324,4.588607594936719,2.018,23.134328358208954,7.996801279487324,53.971373273004744,0,0,0,0,,False
STO,2026-09-06T05:10:08.318Z,2026-09-06T05:10:08.319203Z,2026-09-06T07:10:08.319203Z,7797.583438,7,0.04165,24.009603841537302,2.8571428571428563,1.942,20.149253731343283,24.009603841537302,58.754186340015345,0,0,0,0,,False
SXT,2026-09-06T05:10:13.504Z,2026-09-06T05:10:13.505201Z,2026-09-06T07:10:13.505201Z,7792.39744,7,0.00884,22.62443438914131,4.66666666666667,2.389,13.059701492537313,22.62443438914131,71.41622096025758,0,0,0,0,,False
THETA,2026-09-06T05:10:20.677Z,2026-09-06T05:10:20.677313Z,2026-09-06T07:10:20.677313Z,7785.225328,7,0.17925000000000002,16.73640167363987,4.311774461028193,3.195,24.253731343283583,16.73640167363987,75.75107481535407,0,0,0,0,,False
TOWNS,2026-09-06T05:10:31.400Z,2026-09-06T05:10:31.400323Z,2026-09-06T07:10:31.400323Z,7774.502318,7,0.002125,47.05882352941188,5.045871559633021,-2.242,25.0,47.05882352941188,53.917263774085406,0,0,0,0,,False
UMA,2026-09-06T05:10:38.837Z,2026-09-06T05:10:38.837389Z,2026-09-06T07:10:38.837389Z,7767.065252,7,0.3945,25.348542458808637,7.5566750629722845,4.199,20.895522388059703,25.348542458808637,65.31799210633501,1,1,0,0,0.0,False
ANIME,2026-09-06T05:16:31.194Z,2026-09-06T05:16:31.195129Z,2026-09-06T07:16:31.195129Z,7414.707512,7,0.0028850000000000004,34.66204506065866,3.44827586206896,0.346,4.104477611940299,34.66204506065866,63.86590893609143,0,0,0,0,,False
AT,2026-09-06T05:16:42.623Z,2026-09-06T05:16:42.623714Z,2026-09-06T07:16:42.623714Z,7403.278927,7,0.15439999999999998,25.906735751294285,4.3762246897452535,1.458,6.7164179104477615,25.906735751294285,63.34616889963303,0,0,0,0,,False
BEAMX,2026-09-06T05:16:54.732Z,2026-09-06T05:16:54.732283Z,2026-09-06T07:16:54.732283Z,7391.170358,7,0.0015775,31.6957210776546,3.939962476547837,3.562,8.955223880597014,31.6957210776546,57.82292290958936,0,0,0,0,,True
BFUSD,2026-09-06T05:16:59.641Z,2026-09-06T05:16:59.642103Z,2026-09-06T07:16:59.642103Z,7386.260538,7,1.00015,10.99835024746167,0.0699860027994324,-0.01,5.597014925373134,10.99835024746167,67.1830878446869,0,0,0,0,,
BNB,2026-09-06T05:17:10.393Z,2026-09-06T05:17:10.393652Z,2026-09-06T07:17:10.393652Z,7375.508989,7,758.035,0.13192003007764688,7.869788393044211,5.575,99.25373134328358,0.13192003007764688,71.34211080201663,17,10,6,1,0.8824,False
BTC,2026-09-06T05:17:21.966Z,2026-09-06T05:17:21.967221Z,2026-09-06T07:17:21.967221Z,7363.93542,7,79820.905,0.0012528046392499843,0.9455013005320385,0.357,100.0,0.0012528046392499843,61.776321328942835,39,15,17,7,0.4359,False
C,2026-09-06T05:17:30.369Z,2026-09-06T05:17:30.370003Z,2026-09-06T07:17:30.370003Z,7355.532638,7,0.06105,16.380016380016848,2.9363784665579167,2.337,4.850746268656716,16.380016380016848,54.93362567411282,0,0,0,0,,False
CGPT,2026-09-06T05:17:36.801Z,2026-09-06T05:17:36.801386Z,2026-09-06T07:17:36.801386Z,7349.101255,7,0.020525,14.616321559073704,5.316578057032384,3.347,4.477611940298507,14.616321559073704,52.77324255233249,1,0,0,1,1.0,False
DYM,2026-09-06T05:17:48.125Z,2026-09-06T05:17:48.126111Z,2026-09-06T07:17:48.126111Z,7337.77653,7,0.015390000000000001,12.995451591943418,3.1633311814073655,2.719,9.701492537313433,12.995451591943418,58.259329770782436,0,0,0,0,,
ETH,2026-09-06T05:17:53.124Z,2026-09-06T05:17:53.124595Z,2026-09-06T07:17:53.124595Z,7332.778046,7,2497.575,0.04003883767159557,2.6542975388367815,1.895,99.6268656716418,0.04003883767159557,65.64488736481535,45,24,17,4,0.4222,False
EUR,2026-09-06T05:17:57.332Z,2026-09-06T05:17:57.333242Z,2026-09-06T07:17:57.333242Z,7328.569399,7,1.1611500000000001,0.8612151746112817,0.09475407011800145,-0.034,96.64179104477611,0.8612151746112817,66.08082521883674,0,0,0,0,,False
GMT,2026-09-06T05:18:04.945Z,2026-09-06T05:18:04.945721Z,2026-09-06T07:18:04.945721Z,7320.95692,7,0.00746,26.809651474530902,2.1361815754339175,0.134,7.835820895522388,26.809651474530902,49.226219994671375,0,0,0,0,,False
HMSTR,2026-09-06T05:18:12.424Z,2026-09-06T05:18:12.424905Z,2026-09-06T07:18:12.424905Z,7313.477736,7,0.0001797,11.129660545353635,3.095632946379215,1.174,6.343283582089552,11.129660545353635,49.59632817003056,0,0,0,0,,False
KAIA,2026-09-06T05:18:25.252Z,2026-09-06T05:18:25.252597Z,2026-09-06T07:18:25.252597Z,7300.650044,7,0.03075,32.520325203251836,2.555910543130986,1.954,9.328358208955224,32.520325203251836,66.5238594581507,0,0,0,0,,False
NEAR,2026-09-06T05:18:41.786Z,2026-09-06T05:18:41.786793Z,2026-09-06T07:18:41.786793Z,7284.115848,7,2.239,8.932559178205556,5.8850158442734415,-1.472,95.8955223880597,8.932559178205556,59.33610477690333,4,2,1,1,0.0,False
NXPC,2026-09-06T05:18:55.042Z,2026-09-06T05:18:55.042899Z,2026-09-06T07:18:55.042899Z,7270.859742,7,0.2077,19.25854597977908,1.290630975143394,0.868,0.373134328358209,19.25854597977908,65.06593650163595,0,0,0,0,,False
PROVE,2026-09-06T05:19:08.166Z,2026-09-06T05:19:08.166337Z,2026-09-06T07:19:08.166337Z,7257.736304,7,0.18135,16.542597187758187,1.816180517336267,1.113,2.985074626865672,16.542597187758187,50.78323558514625,0,0,0,0,,False
SOL,2026-09-06T05:19:24.592Z,2026-09-06T05:19:24.593189Z,2026-09-06T07:19:24.593189Z,7241.309452,7,105.225,0.9503444998816932,3.357817418677869,2.795,98.13432835820896,0.9503444998816932,63.949279264092404,26,15,6,5,0.5385,False
SUI,2026-09-06T05:19:29.771Z,2026-09-06T05:19:29.771891Z,2026-09-06T07:19:29.771891Z,7236.13075,7,0.79035,1.2652622255961155,6.392866114041691,3.97,97.38805970149254,1.2652622255961155,61.90657901448232,5,1,4,0,1.0,False
TURTLE,2026-09-06T05:19:36.549Z,2026-09-06T05:19:36.550028Z,2026-09-06T07:19:36.550028Z,7229.352613,7,0.042300000000000004,47.28132387706827,2.612826603325408,0.0,8.208955223880597,47.28132387706827,33.1478354491434,0,0,0,0,,False
CAKE,2026-09-06T05:26:10.684Z,2026-09-06T05:26:10.684769Z,2026-09-06T07:26:10.684769Z,7433.966956,7,2.2119999999999997,9.041591320073346,14.584259670964874,14.453,89.92537313432835,9.041591320073346,77.47881715044042,6,6,0,0,0.6667,False
FDUSD,2026-09-06T05:26:26.351Z,2026-09-06T05:26:26.351858Z,2026-09-06T07:26:26.351858Z,7418.299867,7,0.99885,1.0011513240225156,0.0600901352028087,-0.04,91.41791044776119,1.0011513240225156,58.16823396683478,0,0,0,0,,
HEMI,2026-09-06T05:26:35.407Z,2026-09-06T05:26:35.407566Z,2026-09-06T07:26:35.407566Z,7409.244159,7,0.011725,8.528784648188767,37.57421543681085,-14.689,88.05970149253731,8.528784648188767,47.000406711854644,3,1,0,2,-0.3333,False
PENGU,2026-09-06T05:26:53.939Z,2026-09-06T05:26:53.939825Z,2026-09-06T07:26:53.939825Z,7390.7119,7,0.0086695,1.1534690581936675,6.804969793685155,4.552,91.04477611940298,1.1534690581936675,62.692849913667416,1,0,1,0,1.0,False
PEPE,2026-09-06T05:26:59.811Z,2026-09-06T05:26:59.811754Z,2026-09-06T07:26:59.811754Z,7384.839971,7,3.625e-06,27.586206896551463,7.123287671232878,5.187,88.43283582089552,27.586206896551463,67.12321896251788,5,5,0,0,0.6,False
PUMP,2026-09-06T05:27:05.313Z,2026-09-06T05:27:05.313204Z,2026-09-06T07:27:05.313204Z,7379.338521,7,0.003949,5.0645733096993295,12.579229644076051,-3.709,92.16417910447761,5.0645733096993295,55.30493575114195,25,18,6,1,0.72,False
TAO,2026-09-06T05:27:10.272Z,2026-09-06T05:27:10.273134Z,2026-09-06T07:27:10.273134Z,7374.378591,7,235.14999999999998,4.252604720390998,6.384778012684987,3.095,93.28358208955224,4.252604720390998,53.875048118485275,15,7,7,1,0.7333,False
TRUMP,2026-09-06T05:27:15.481Z,2026-09-06T05:27:15.481338Z,2026-09-06T07:27:15.481338Z,7369.170387,7,2.3585000000000003,4.239983040067372,5.798319327731089,2.015,89.55223880597015,4.239983040067372,65.57117350151883,0,0,0,0,,False
UNI,2026-09-06T05:27:28.004Z,2026-09-06T05:27:28.004350Z,2026-09-06T07:27:28.004350Z,7356.647375,7,6.952500000000001,10.068320747933205,18.30301347035134,14.958,95.14925373134328,10.068320747933205,79.06107913071095,20,11,8,1,0.85,False
WLD,2026-09-06T05:27:33.094Z,2026-09-06T05:27:33.094376Z,2026-09-06T07:27:33.094376Z,7351.557349,7,0.39905,2.505951635133166,5.7264316079019695,3.253,88.80597014925372,2.505951635133166,56.01252176971887,0,0,0,0,,False
XLM,2026-09-06T05:27:38.825Z,2026-09-06T05:27:38.826071Z,2026-09-06T07:27:38.826071Z,7345.825654,7,0.18475,5.412719891745006,3.7553648068669556,3.498,85.44776119402985,5.412719891745006,67.68487135384218,4,3,1,0,1.0,False
ZEN,2026-09-06T05:27:44.674Z,2026-09-06T05:27:44.674284Z,2026-09-06T07:27:44.674284Z,7339.977441,7,7.242,13.808340237503158,17.82901331805814,-7.608,87.31343283582089,13.808340237503158,46.268154848716236,1,1,0,0,1.0,False
ETHFI,2026-09-06T05:34:08.403Z,2026-09-06T05:34:08.403870Z,2026-09-06T07:34:08.403870Z,7556.968616,7,0.5775999999999999,17.313019390581736,7.675401521555367,6.442,73.13432835820896,17.313019390581736,66.61188531945484,1,1,0,0,1.0,False
ICP,2026-09-06T05:34:25.030Z,2026-09-06T05:34:25.030569Z,2026-09-06T07:34:25.030569Z,7540.341917,7,2.6464999999999996,3.7785754770447384,5.2373775433308305,1.53,83.2089552238806,3.7785754770447384,50.17208235707189,6,4,0,2,0.0,False
RAY,2026-09-06T05:35:02.921Z,2026-09-06T05:35:02.921402Z,2026-09-06T07:35:02.921402Z,7502.451084,7,1.0633,11.285620238879808,33.19231447206063,37.711,84.70149253731343,11.285620238879808,71.78867618004466,16,12,4,0,0.5625,False
VIRTUAL,2026-09-06T05:35:46.399Z,2026-09-06T05:35:46.399229Z,2026-09-06T07:35:46.399229Z,7458.973257,7,0.681,11.74743024963323,3.934712911687542,1.584,75.0,11.74743024963323,66.2312101651863,0,0,0,0,,False
XPL,2026-09-06T05:35:56.204Z,2026-09-06T05:35:56.205094Z,2026-09-06T07:35:56.205094Z,7449.167392,7,0.092595,9.719747286571277,4.3139798897178006,-0.964,78.73134328358209,9.719747286571277,53.38227558446277,2,2,0,0,0.0,False
ZRO,2026-09-06T05:36:01.083Z,2026-09-06T05:36:01.083796Z,2026-09-06T07:36:01.083796Z,7444.28869,7,1.0675,9.36768149883009,5.032618825722278,3.074,78.35820895522389,9.36768149883009,57.476179718165795,1,0,1,0,1.0,False
APE,2026-09-06T05:41:49.439Z,2026-09-06T05:41:49.439478Z,2026-09-06T07:41:49.439478Z,7697.123637,7,0.14225,7.0298769771540774,2.9391182645206504,1.348,58.582089552238806,7.0298769771540774,71.56029045520637,1,1,0,0,1.0,False
EGLD,2026-09-06T05:42:09.836Z,2026-09-06T05:42:09.837003Z,2026-09-06T07:42:09.837003Z,7676.726112,7,4.622,17.3085244482908,6.411359724612738,-1.295,69.02985074626865,17.3085244482908,60.57581979700354,1,1,0,0,1.0,False
FIL,2026-09-06T05:42:31.709Z,2026-09-06T05:42:31.709466Z,2026-09-06T07:42:31.709466Z,7654.853649,7,0.8025,9.968847352023824,9.416265580649133,5.908,69.40298507462687,9.968847352023824,69.91722088620678,2,2,0,0,1.0,False
KITE,2026-09-06T05:42:56.249Z,2026-09-06T05:42:56.249644Z,2026-09-06T07:42:56.249644Z,7630.313471,7,0.12840000000000001,15.576323987539386,7.668474051123154,-2.932,60.44776119402985,15.576323987539386,64.97142093840287,1,1,0,0,1.0,False
LDO,2026-09-06T05:43:01.043Z,2026-09-06T05:43:01.043952Z,2026-09-06T07:43:01.043952Z,7625.519163,7,0.39425,7.609384908052427,9.664395659853648,2.642,63.80597014925373,7.609384908052427,50.44643251191409,0,0,0,0,,False
PAXG,2026-09-06T05:43:35.730Z,2026-09-06T05:43:35.730769Z,2026-09-06T07:43:35.730769Z,7590.832346,7,4425.205,0.022597823152189063,0.14595148184743117,-0.052,60.07462686567164,0.022597823152189063,68.9423643395116,0,0,0,0,,False
SAHARA,2026-09-06T05:43:56.051Z,2026-09-06T05:43:56.051546Z,2026-09-06T07:43:56.051546Z,7570.511569,7,0.00937,21.34471718249646,5.291005291005296,1.722,64.55223880597015,21.34471718249646,72.68226020654286,0,0,0,0,,False
ZKC,2026-09-06T05:44:57.707Z,2026-09-06T05:44:57.707322Z,2026-09-06T07:44:57.707322Z,7508.855793,7,0.04925,20.304568527917954,4.76190476190476,2.024,69.77611940298507,20.304568527917954,67.38311781708198,3,0,3,0,1.0,False
ALLO,2026-09-06T05:50:47.698Z,2026-09-06T05:50:47.698723Z,2026-09-06T07:50:47.698723Z,7758.047852,7,0.2455,8.146639511201863,2.2708840227088376,0.325,47.014925373134325,8.146639511201863,53.864304168746536,0,0,0,0,,False
DOGS,2026-09-06T05:51:30.694Z,2026-09-06T05:51:30.694669Z,2026-09-06T07:51:30.694669Z,7715.051906,7,4.5065e-05,6.657050926440651,8.483121437965808,7.114,51.492537313432834,6.657050926440651,78.46585683068342,0,0,0,0,,False
EDEN,2026-09-06T05:51:37.199Z,2026-09-06T05:51:37.200153Z,2026-09-06T07:51:37.200153Z,7708.546422,7,0.055510000000000004,14.411817690506876,6.604114038253332,-2.55,41.417910447761194,14.411817690506876,48.6762729571285,0,0,0,0,,False
MEME,2026-09-06T05:52:06.780Z,2026-09-06T05:52:06.780426Z,2026-09-06T07:52:06.780426Z,7678.966149,7,0.0005595,17.87310098301905,3.723404255319143,0.535,54.1044776119403,17.87310098301905,60.76732987162043,40,30,5,5,0.65,False
NEIRO,2026-09-06T05:52:11.801Z,2026-09-06T05:52:11.801705Z,2026-09-06T07:52:11.801705Z,7673.94487,7,8.931e-05,4.478781771358907,7.4410364300741785,5.109,52.23880597014925,4.478781771358907,58.27737043436469,0,0,0,0,,False
NEO,2026-09-06T05:52:19.108Z,2026-09-06T05:52:19.108412Z,2026-09-06T07:52:19.108412Z,7666.638163,7,2.1545,13.924344395451907,2.4605385329619285,1.652,41.791044776119406,13.924344395451907,68.9173823564359,1,1,0,0,1.0,False
NIL,2026-09-06T05:52:26.069Z,2026-09-06T05:52:26.069934Z,2026-09-06T07:52:26.069934Z,7659.676641,7,0.052379999999999996,22.90950744559031,5.402363534046146,2.578,46.26865671641791,22.90950744559031,67.96306621767177,0,0,0,0,,False
PEOPLE,2026-09-06T05:52:31.047Z,2026-09-06T05:52:31.047817Z,2026-09-06T07:52:31.047817Z,7654.698758,7,0.008324999999999999,12.012012012013608,8.823529411764714,7.868,55.223880597014926,12.012012012013608,73.21655920225959,0,0,0,0,,False
SIGN,2026-09-06T05:53:24.614Z,2026-09-06T05:53:24.614804Z,2026-09-06T07:53:24.614804Z,7601.131771,7,0.01035,19.323671497583753,8.712487899322358,3.403,50.37313432835821,19.323671497583753,67.5928399478586,2,1,1,0,1.0,False
XTZ,2026-09-06T05:54:10.411Z,2026-09-06T05:54:10.411519Z,2026-09-06T07:54:10.411519Z,7555.335056,7,0.23754999999999998,12.628920227320341,4.347826086956519,4.045,42.91044776119403,12.628920227320341,77.54438386664617,1,1,0,0,1.0,False
1000SATS,2026-09-06T05:59:48.670Z,2026-09-06T05:59:48.670967Z,2026-09-06T07:59:48.670967Z,7217.075608,7,1.1374999999999999e-05,26.373626373626124,7.732406602953952,4.069,35.07462686567164,26.373626373626124,67.17783567519409,7,4,2,1,0.1429,False
BERA,2026-09-06T06:00:26.016Z,2026-09-06T06:00:26.016422Z,2026-09-06T08:00:26.016422Z,7779.841904,7,0.18795,5.32056397978127,4.999999999999996,1.512,37.6865671641791,5.32056397978127,72.18909672641219,2,1,1,0,1.0,False
BIO,2026-09-06T06:00:31.526Z,2026-09-06T06:00:31.526742Z,2026-09-06T08:00:31.526742Z,7774.331584,7,0.02769,14.445648248464561,4.111548087236331,2.831,38.43283582089552,14.445648248464561,72.89599042588596,0,0,0,0,,False
ETC,2026-09-06T06:00:58.506Z,2026-09-06T06:00:58.506844Z,2026-09-06T08:00:58.506844Z,7747.351482,7,7.735,12.928248222365594,4.370179948586117,2.91,34.32835820895522,12.928248222365594,61.762871986090275,1,0,1,0,1.0,False
KERNEL,2026-09-06T06:01:42.313Z,2026-09-06T06:01:42.314098Z,2026-09-06T08:01:42.314098Z,7703.544228,7,0.04035,24.78314745972638,4.950495049504955,1.763,33.95522388059702,24.78314745972638,65.4855019989705,0,0,0,0,,False
KMNO,2026-09-06T06:01:48.045Z,2026-09-06T06:01:48.045438Z,2026-09-06T08:01:48.045438Z,7697.812888,7,0.025075,3.9880358923242523,3.3015115354017537,0.08,33.208955223880594,3.9880358923242523,67.54068707520513,0,0,0,0,,False
LINEA,2026-09-06T06:01:58.613Z,2026-09-06T06:01:58.613431Z,2026-09-06T08:01:58.613431Z,7687.244895,7,0.002707,14.776505356483549,6.824925816023744,4.052,36.56716417910448,14.776505356483549,51.61162090177147,0,0,0,0,,False
LISTA,2026-09-06T06:02:04.827Z,2026-09-06T06:02:04.827434Z,2026-09-06T08:02:04.827434Z,7681.030892,7,0.07995,37.52345215759958,11.519607843137262,7.087,25.746268656716417,37.52345215759958,59.056964095924656,0,0,0,0,,False
MET,2026-09-06T06:02:22.151Z,2026-09-06T06:02:22.151681Z,2026-09-06T08:02:22.151681Z,7663.706645,7,0.202,49.50495049504955,11.195542046605881,4.833,36.940298507462686,49.50495049504955,62.63526910706633,2,1,0,1,1.0,False
MIRA,2026-09-06T06:02:29.834Z,2026-09-06T06:02:29.834994Z,2026-09-06T08:02:29.834994Z,7656.023332,7,0.046355,15.10085211951259,4.347826086956515,1.456,27.98507462686567,15.10085211951259,65.78986370744033,0,0,0,0,,False
MITO,2026-09-06T06:02:35.158Z,2026-09-06T06:02:35.158950Z,2026-09-06T08:02:35.158950Z,7650.699376,7,0.017025,29.36857562408104,8.782201405152232,-3.448,40.298507462686565,29.36857562408104,49.2134339553032,3,0,2,1,1.0,False
NOT,2026-09-06T06:02:42.551Z,2026-09-06T06:02:42.551576Z,2026-09-06T08:02:42.551576Z,7643.30675,7,0.0004555,21.953896816685496,3.4934497816593906,3.386,29.47761194029851,21.953896816685496,73.81005833817687,1,0,0,1,-1.0,False
SYN,2026-09-06T06:03:16.807Z,2026-09-06T06:03:16.808158Z,2026-09-06T08:03:16.808158Z,7609.050168,7,0.08988499999999999,23.363186293597582,3.09176625370024,-1.234,38.80597014925373,23.363186293597582,59.182842886090896,0,0,0,0,,False
TURBO,2026-09-06T06:03:35.957Z,2026-09-06T06:03:35.957320Z,2026-09-06T08:03:35.957320Z,7589.901006,7,0.0010049999999999998,19.9004975124383,4.8466864490603365,-0.296,29.104477611940297,19.9004975124383,47.10289998537424,0,0,0,0,,False
ZBT,2026-09-06T06:03:42.547Z,2026-09-06T06:03:42.547356Z,2026-09-06T08:03:42.547356Z,7583.31097,7,0.08424999999999999,11.869436201780758,1.307966706302026,0.0,26.119402985074625,11.869436201780758,45.806596343933236,0,0,0,0,,False
1INCH,2026-09-06T06:09:17.363Z,2026-09-06T06:09:17.364005Z,2026-09-06T08:09:17.364005Z,7248.494321,7,0.0946,21.141649048626398,5.827263267429754,5.837,14.925373134328359,21.141649048626398,73.77080019162177,0,0,0,0,,
1MBABYDOGE,2026-09-06T06:09:25.023Z,2026-09-06T06:09:25.023524Z,2026-09-06T08:09:25.023524Z,7240.834802,7,0.00040865,17.12957298421674,6.935286935286931,4.013,17.91044776119403,17.12957298421674,68.91567512756255,3,3,0,0,0.3333,False
ACT,2026-09-06T06:09:36.144Z,2026-09-06T06:09:36.144779Z,2026-09-06T08:09:36.144779Z,7229.713547,7,0.011035,27.186225645673325,6.8996415770609305,0.45,19.029850746268657,27.186225645673325,60.87852849042154,0,0,0,0,,False
COOKIE,2026-09-06T06:10:18.590Z,2026-09-06T06:10:18.591137Z,2026-09-06T08:10:18.591137Z,7787.216066,7,0.01175,85.10638297872289,3.389830508474571,-1.667,20.52238805970149,85.10638297872289,38.70179792447753,0,0,0,0,,False
EUL,2026-09-06T06:10:44.966Z,2026-09-06T06:10:44.967318Z,2026-09-06T08:10:44.967318Z,7760.839885,7,1.2965,7.713073659852602,5.444785276073633,-4.047,16.417910447761194,7.713073659852602,53.306450101474695,0,0,0,0,,False
GPS,2026-09-06T06:10:59.364Z,2026-09-06T06:10:59.364673Z,2026-09-06T08:10:59.364673Z,7746.44253,7,0.010499999999999999,19.047619047619925,4.688995215311014,0.384,24.253731343283583,19.047619047619925,49.985221481384606,0,0,0,0,,True
HOLO,2026-09-06T06:11:10.244Z,2026-09-06T06:11:10.244908Z,2026-09-06T08:11:10.244908Z,7735.562295,7,0.06715,14.892032762470436,5.25525525525526,3.577,21.64179104477612,14.892032762470436,46.116133761529746,0,0,0,0,,False
MANTRA,2026-09-06T06:11:28.216Z,2026-09-06T06:11:28.216803Z,2026-09-06T08:11:28.216803Z,7717.5904,7,0.004395,22.753128555177383,3.378378378378377,1.139,11.567164179104477,22.753128555177383,67.53183618815525,0,0,0,0,,False
MMT,2026-09-06T06:11:38.842Z,2026-09-06T06:11:38.842359Z,2026-09-06T08:11:38.842359Z,7706.964844,7,0.16455,18.231540565179124,2.5285972305839914,-0.06,23.507462686567163,18.231540565179124,48.1637969183597,15,13,2,0,0.7333,False
ONT,2026-09-06T06:11:44.832Z,2026-09-06T06:11:44.832227Z,2026-09-06T08:11:44.832227Z,7700.974976,7,0.056080000000000005,17.83166904422181,2.5955555555555607,-0.881,15.298507462686567,17.83166904422181,61.936687786833495,0,0,0,0,,False
OSMO,2026-09-06T06:12:01.961Z,2026-09-06T06:12:01.961666Z,2026-09-06T08:12:01.961666Z,7683.845537,7,0.03605,27.739251040222708,4.735376044568245,2.865,13.432835820895523,27.739251040222708,64.95739393518538,2,0,2,0,1.0,False
RARE,2026-09-06T06:12:16.410Z,2026-09-06T06:12:16.410629Z,2026-09-06T08:12:16.410629Z,7669.396574,7,0.01259,15.885623510723526,2.0569620253164542,1.201,19.402985074626866,15.885623510723526,65.94763834967563,0,0,0,0,,False
RESOLV,2026-09-06T06:12:23.180Z,2026-09-06T06:12:23.180532Z,2026-09-06T08:12:23.180532Z,7662.626671,7,0.018035000000000002,16.634322151371652,2.480705622932759,2.14,13.805970149253731,16.634322151371652,71.26103219601958,0,0,0,0,,
SAPIEN,2026-09-06T06:12:30.444Z,2026-09-06T06:12:30.444709Z,2026-09-06T08:12:30.444709Z,7655.362494,7,0.08174999999999999,12.232415902141025,3.414634146341476,1.611,12.686567164179104,12.232415902141025,63.21097209920446,0,0,0,0,,False
TLM,2026-09-06T06:12:59.273Z,2026-09-06T06:12:59.274084Z,2026-09-06T08:12:59.274084Z,7626.533119,7,0.001454,13.755158184317962,2.9573590096286155,0.138,20.895522388059703,13.755158184317962,57.78935736455616,0,0,0,0,,False
YGG,2026-09-06T06:13:18.656Z,2026-09-06T06:13:18.656565Z,2026-09-06T08:13:18.656565Z,7607.150638,7,0.02398,25.020850708924527,6.011608623548922,3.077,13.059701492537313,25.020850708924527,49.2662762189009,0,0,0,0,,False
ARB,2026-09-06T06:19:05.244Z,2026-09-06T06:19:05.244352Z,2026-09-06T08:19:05.244352Z,7260.562851,7,0.19885,5.028916268543575,38.991769547325106,48.966,98.50746268656717,5.028916268543575,70.46351266863584,26,14,10,2,0.5769,False
BARD,2026-09-06T06:19:16.015Z,2026-09-06T06:19:16.016134Z,2026-09-06T08:19:16.016134Z,7249.791069,7,0.13019999999999998,30.721966205835926,5.850234009360369,4.824,2.985074626865672,30.721966205835926,55.217064886922614,0,0,0,0,,False
BLUR,2026-09-06T06:19:29.176Z,2026-09-06T06:19:29.176974Z,2026-09-06T08:19:29.176974Z,7236.630229,7,0.0171,11.69590643274806,3.4299231224127773,2.423,4.477611940298507,11.69590643274806,53.7765924051138,0,0,0,0,,False
DOGE,2026-09-06T06:20:02.639Z,2026-09-06T06:20:02.639971Z,2026-09-06T08:20:02.639971Z,7203.167232,7,0.090805,1.101260943780202,11.672167216721666,7.32,96.26865671641791,1.101260943780202,77.77908620562847,17,9,7,1,0.8824,False
HUMA,2026-09-06T06:20:41.127Z,2026-09-06T06:20:41.127766Z,2026-09-06T08:20:41.127766Z,7764.647762,7,0.022085,22.639800769753876,2.7247956403269744,0.091,1.1194029850746268,22.639800769753876,46.90400661288842,0,0,0,0,,
MANTA,2026-09-06T06:21:01.145Z,2026-09-06T06:21:01.145323Z,2026-09-06T08:21:01.145323Z,7744.630205,7,0.06142,9.768804949527443,2.6225769669327144,1.103,7.08955223880597,9.768804949527443,64.16864928572483,0,0,0,0,,False
NEWT,2026-09-06T06:21:12.351Z,2026-09-06T06:21:12.351462Z,2026-09-06T08:21:12.351462Z,7733.424066,7,0.04415,22.65005662514221,3.716216216216229,3.352,8.208955223880597,22.65005662514221,72.50699029886654,1,1,0,0,1.0,False
PIXEL,2026-09-06T06:21:23.291Z,2026-09-06T06:21:23.292202Z,2026-09-06T08:21:23.292202Z,7722.483326,7,0.0051199999999999996,39.06250000000011,2.539062499999998,1.386,3.7313432835820897,39.06250000000011,62.65616836230331,0,0,0,0,,False
SHELL,2026-09-06T06:21:35.053Z,2026-09-06T06:21:35.054205Z,2026-09-06T08:21:35.054205Z,7710.721323,7,0.02325,43.01075268817328,8.119658119658114,3.084,10.447761194029852,43.01075268817328,61.08429116846566,12,12,0,0,1.0,False
USD1,2026-09-06T06:21:52.212Z,2026-09-06T06:21:52.212460Z,2026-09-06T08:21:52.212460Z,7693.563068,7,0.99985,1.0001500225032653,0.04000800160031566,0.0,98.13432835820896,1.0001500225032653,71.11102888160265,0,0,0,0,,False
USUAL,2026-09-06T06:21:59.365Z,2026-09-06T06:21:59.365975Z,2026-09-06T08:21:59.365975Z,7686.409553,7,0.011375,8.791208791208433,3.524229074889862,-1.218,5.597014925373134,8.791208791208433,43.56067096930831,0,0,0,0,,True
VANA,2026-09-06T06:22:06.515Z,2026-09-06T06:22:06.515816Z,2026-09-06T08:22:06.515816Z,7679.259712,7,0.9355,32.06841261357565,2.1321961620468985,-0.106,1.8656716417910448,32.06841261357565,55.855336199944205,0,0,0,0,,False
VELODROME,2026-09-06T06:22:14.957Z,2026-09-06T06:22:14.958412Z,2026-09-06T08:22:14.958412Z,7670.817116,7,0.02545,47.151277013753266,7.6801890508073924,4.572,0.746268656716418,47.151277013753266,55.29987750959658,0,0,0,0,,False
WCT,2026-09-06T06:22:21.727Z,2026-09-06T06:22:21.728096Z,2026-09-06T08:22:21.728096Z,7664.047432,7,0.039425,17.75523145212444,2.800908402725208,1.615,1.492537313432836,17.75523145212444,51.22778878354363,0,0,0,0,,False
XRP,2026-09-06T06:22:26.996Z,2026-09-06T06:22:26.996739Z,2026-09-06T08:22:26.996739Z,7658.778789,7,1.41615,0.7061398863114006,2.5209492289275444,1.53,97.76119402985074,0.7061398863114006,57.55888850231737,17,8,7,2,0.2941,False
YB,2026-09-06T06:22:33.642Z,2026-09-06T06:22:33.642459Z,2026-09-06T08:22:33.642459Z,7652.133069,7,0.09609999999999999,20.81165452653401,2.461538461538461,-0.612,9.328358208955224,20.81165452653401,59.31288411601431,0,0,0,0,,False
ZEC,2026-09-06T06:22:40.329Z,2026-09-06T06:22:40.330155Z,2026-09-06T08:22:40.330155Z,7645.445373,7,1165.125,3.175624932946172,15.561147021821181,12.422,97.01492537313433,3.175624932946172,71.95321021010515,51,33,15,3,0.4706,False
ADA,2026-09-06T06:28:18.901Z,2026-09-06T06:28:18.902136Z,2026-09-06T08:28:18.902136Z,7306.873392,7,0.21805,4.5861041045626685,6.1482820976491865,4.934,93.65671641791045,4.5861041045626685,62.26485452105626,12,8,4,0,0.25,False
AR,2026-09-06T06:28:29.560Z,2026-09-06T06:28:29.561069Z,2026-09-06T08:28:29.561069Z,7296.214459,7,2.979,6.713662302785431,13.809206137424953,7.263,85.82089552238806,6.713662302785431,67.27555168465346,0,0,0,0,,False
ASTER,2026-09-06T06:28:35.199Z,2026-09-06T06:28:35.200076Z,2026-09-06T08:28:35.200076Z,7290.575452,7,0.7715000000000001,12.961762799740775,17.267080745341616,10.123,94.02985074626865,12.961762799740775,74.3098891530008,1,1,0,0,1.0,False
BCH,2026-09-06T06:28:45.001Z,2026-09-06T06:28:45.001992Z,2026-09-06T08:28:45.001992Z,7280.773536,7,259.85,3.8483740619575095,6.760886172650885,5.692,90.67164179104478,3.8483740619575095,68.7000171984129,4,2,1,1,0.5,False
CRV,2026-09-06T06:28:56.295Z,2026-09-06T06:28:56.295387Z,2026-09-06T08:28:56.295387Z,7269.480141,7,0.37195,2.688533405027261,9.241952232606444,7.929,87.68656716417911,2.688533405027261,65.51507891030272,0,0,0,0,,False
DASH,2026-09-06T06:29:01.595Z,2026-09-06T06:29:01.596042Z,2026-09-06T08:29:01.596042Z,7264.179486,7,68.235,7.327617791457664,16.88664596273293,8.175,93.28358208955224,7.327617791457664,64.37497002795767,17,8,9,0,1.0,False
ENA,2026-09-06T06:29:08.208Z,2026-09-06T06:29:08.208742Z,2026-09-06T08:29:08.208742Z,7257.566786,7,0.17485,5.719187875321074,15.450399087799308,7.278,94.40298507462687,5.719187875321074,59.23129060980338,6,2,1,3,0.0,False
FET,2026-09-06T06:29:15.904Z,2026-09-06T06:29:15.904720Z,2026-09-06T08:29:15.904720Z,7249.870808,7,0.16605,6.0222824450460095,4.839685420447675,2.416,88.80597014925372,6.0222824450460095,69.28163790431343,1,1,0,0,1.0,False
JUP,2026-09-06T06:29:25.429Z,2026-09-06T06:29:25.429609Z,2026-09-06T08:29:25.429609Z,7240.345919,7,0.23965,4.172751929897308,8.40840840840841,7.37,85.44776119402985,4.172751929897308,66.82666749817517,16,1,13,2,0.8125,False
LINK,2026-09-06T06:29:30.632Z,2026-09-06T06:29:30.632237Z,2026-09-06T08:29:30.632237Z,7235.143291,7,12.2195,0.8183640901847228,6.9488883419476535,4.672,94.77611940298507,0.8183640901847228,71.50749341902102,13,5,6,2,1.0,False
LTC,2026-09-06T06:29:36.520Z,2026-09-06T06:29:36.520207Z,2026-09-06T08:29:36.520207Z,7229.255321,7,54.035,1.8506523549547536,4.892798240791647,3.333,91.04477611940298,1.8506523549547536,58.70420062313273,5,1,3,1,-0.6,False
TUT,2026-09-06T06:30:08.571Z,2026-09-06T06:30:08.571623Z,2026-09-06T08:30:08.571623Z,7796.971913,7,0.026635,18.772292096864263,22.64716910386202,7.022,86.56716417910448,18.772292096864263,67.35345725487232,0,0,0,0,,False
GIGGLE,2026-09-06T06:36:58.945Z,2026-09-06T06:36:58.945756Z,2026-09-06T08:36:58.945756Z,7386.59778,7,40.885,12.229423994129181,12.103465104929237,-3.166,73.50746268656717,12.229423994129181,46.07200569750266,2,1,0,1,0.0,False
GRAM,2026-09-06T06:37:07.011Z,2026-09-06T06:37:07.012337Z,2026-09-06T08:37:07.012337Z,7378.531199,7,1.4095,7.0947144377431,3.363700070077088,1.856,79.85074626865672,7.0947144377431,64.18091787403917,0,0,0,0,,False
HBAR,2026-09-06T06:37:13.319Z,2026-09-06T06:37:13.319824Z,2026-09-06T08:37:13.319824Z,7372.223712,7,0.08098,2.4697456162022875,3.912670182754812,2.773,82.46268656716418,2.4697456162022875,56.650666749313814,5,1,3,1,0.6,False
INJ,2026-09-06T06:37:26.087Z,2026-09-06T06:37:26.088055Z,2026-09-06T08:37:26.088055Z,7359.455481,7,5.1125,5.867970660146922,8.07826423866718,8.332,79.1044776119403,5.867970660146922,59.1047723501327,6,4,2,0,0.6667,False
JTO,2026-09-06T06:37:32.343Z,2026-09-06T06:37:32.343770Z,2026-09-06T08:37:32.343770Z,7353.199766,7,0.4386,4.559963520291336,10.27287319422151,7.999,71.64179104477611,4.559963520291336,68.07179538046704,4,2,1,1,0.0,False
NOM,2026-09-06T06:37:45.669Z,2026-09-06T06:37:45.669931Z,2026-09-06T08:37:45.669931Z,7339.873605,7,0.001865,53.61930294906064,26.40449438202247,-13.171,70.5223880597015,53.61930294906064,51.55737012961968,0,0,0,0,,False
ONDO,2026-09-06T06:37:51.408Z,2026-09-06T06:37:51.408605Z,2026-09-06T08:37:51.408605Z,7334.134931,7,0.3738,5.350454788657931,3.3128506545551604,0.591,80.22388059701493,5.350454788657931,54.39460349099047,4,4,0,0,1.0,False
OP,2026-09-06T06:37:57.797Z,2026-09-06T06:37:57.797790Z,2026-09-06T08:37:57.797790Z,7327.745746,7,0.11015,9.078529278257182,13.0593607305936,9.5,84.32835820895522,9.078529278257182,66.11847790195688,1,1,0,0,1.0,False
PENDLE,2026-09-06T06:38:03.158Z,2026-09-06T06:38:03.158759Z,2026-09-06T08:38:03.158759Z,7322.384777,7,2.129,9.394081728510002,9.082031250000009,5.513,82.08955223880596,9.394081728510002,77.12847766848003,0,0,0,0,,False
POL,2026-09-06T06:38:09.726Z,2026-09-06T06:38:09.726240Z,2026-09-06T08:38:09.726240Z,7315.817296,7,0.09936,16.10305958132119,6.554878048780485,4.525,76.49253731343283,16.10305958132119,60.97461413545782,8,3,4,1,-0.375,False
RENDER,2026-09-06T06:38:19.846Z,2026-09-06T06:38:19.846588Z,2026-09-06T08:38:19.846588Z,7305.696948,7,1.4725000000000001,6.791171477080556,2.8378378378378404,0.886,74.25373134328358,6.791171477080556,68.2848437573081,1,1,0,0,1.0,False
SHIB,2026-09-06T06:38:27.336Z,2026-09-06T06:38:27.336505Z,2026-09-06T08:38:27.336505Z,7298.207031,7,5.435e-06,18.399264029438648,5.282331511839704,3.585,75.3731343283582,18.399264029438648,74.39516660937878,12,9,3,0,0.6667,False
SOPH,2026-09-06T06:38:37.329Z,2026-09-06T06:38:37.329426Z,2026-09-06T08:38:37.329426Z,7288.21411,7,0.004115000000000001,24.301336573512657,20.574162679425832,0.723,74.6268656716418,24.301336573512657,71.24201460366466,1,1,0,0,1.0,False
STRK,2026-09-06T06:38:42.751Z,2026-09-06T06:38:42.751434Z,2026-09-06T08:38:42.751434Z,7282.792102,7,0.030385000000000002,3.2910975810431435,12.568659127625207,7.242,83.58208955223881,3.2910975810431435,67.09892826290246,2,2,0,0,1.0,False
TST,2026-09-06T06:38:59.947Z,2026-09-06T06:38:59.947563Z,2026-09-06T08:38:59.947563Z,7265.595973,7,0.01872,21.3675213675205,12.984913793103441,-4.772,72.38805970149254,21.3675213675205,59.4803919631049,1,1,0,0,-1.0,False
TWT,2026-09-06T06:39:07.405Z,2026-09-06T06:39:07.405840Z,2026-09-06T08:39:07.405840Z,7258.137696,7,0.6256999999999999,22.374940067124133,7.108317214700198,-3.933,77.98507462686567,22.374940067124133,61.131909357067144,3,3,0,0,1.0,False
WLFI,2026-09-06T06:39:20.990Z,2026-09-06T06:39:20.990468Z,2026-09-06T08:39:20.990468Z,7244.553068,7,0.05655,17.683465959327307,2.280701754385957,0.707,77.61194029850746,17.683465959327307,69.07469299293506,0,0,0,0,,False
0G,2026-09-06T06:45:16.159Z,2026-09-06T06:45:16.159749Z,2026-09-06T08:45:16.159749Z,7492.705459,7,0.196,10.204081632653352,5.17153097798259,0.463,63.059701492537314,10.204081632653352,56.56531780626071,0,0,0,0,,
1000CHEEMS,2026-09-06T06:45:19.660Z,2026-09-06T06:45:19.660548Z,2026-09-06T08:45:19.660548Z,7489.20466,7,0.0005514999999999999,18.132366273799175,6.846846846846856,3.352,62.3134328358209,18.132366273799175,65.37079045547335,0,0,0,0,,False
ATOM,2026-09-06T06:45:29.467Z,2026-09-06T06:45:29.467538Z,2026-09-06T08:45:29.467538Z,7479.39767,7,1.5965,6.263701847791355,3.885350318471334,1.684,59.32835820895522,6.263701847791355,51.809231624072694,2,0,2,0,0.0,False
BROCCOLI714,2026-09-06T06:45:36.838Z,2026-09-06T06:45:36.839140Z,2026-09-06T08:45:36.839140Z,7472.026068,7,0.019775,25.284450063211846,13.837730214036839,-6.428,66.04477611940298,25.284450063211846,56.97997014965026,0,0,0,0,,False
CATI,2026-09-06T06:45:41.994Z,2026-09-06T06:45:41.994944Z,2026-09-06T08:45:41.994944Z,7466.870264,7,0.048799999999999996,40.98360655737681,31.91923312257802,-19.833,57.83582089552239,40.98360655737681,51.01138139541449,0,0,0,0,,False
EIGEN,2026-09-06T06:45:52.656Z,2026-09-06T06:45:52.657155Z,2026-09-06T08:45:52.657155Z,7456.208053,7,0.20784999999999998,14.433485686793109,7.032755298651253,4.008,61.19402985074627,14.433485686793109,72.8607349773593,0,0,0,0,,False
FF,2026-09-06T06:46:05.015Z,2026-09-06T06:46:05.016158Z,2026-09-06T08:46:05.016158Z,7443.84905,7,0.119695,15.873678933956786,16.135827435119662,9.534,67.53731343283582,15.873678933956786,70.06876215505274,1,1,0,0,1.0,False
FLOKI,2026-09-06T06:46:16.507Z,2026-09-06T06:46:16.507609Z,2026-09-06T08:46:16.507609Z,7432.357599,7,2.62e-05,7.633587786259469,8.069381598793363,4.327,65.29850746268657,7.633587786259469,53.35470517121777,2,0,2,0,1.0,False
ORCA,2026-09-06T06:47:01.229Z,2026-09-06T06:47:01.229469Z,2026-09-06T08:47:01.229469Z,7387.635739,7,1.3305,7.515971439307703,10.61946902654868,6.52,57.46268656716418,7.515971439307703,57.442854063017414,1,1,0,0,1.0,False
SEI,2026-09-06T06:47:40.793Z,2026-09-06T06:47:40.793596Z,2026-09-06T08:47:40.793596Z,7348.071612,7,0.04801,4.1657987919181805,4.469273743016765,3.005,70.14925373134328,4.1657987919181805,53.998809728413555,0,0,0,0,,False
SPK,2026-09-06T06:47:46.750Z,2026-09-06T06:47:46.750641Z,2026-09-06T08:47:46.750641Z,7342.114567,7,0.022161,16.244754298091834,15.126160855090246,13.307,61.940298507462686,16.244754298091834,56.911705349587564,4,2,2,0,1.0,False
STX,2026-09-06T06:47:52.452Z,2026-09-06T06:47:52.453114Z,2026-09-06T08:47:52.453114Z,7336.412094,7,0.26455,3.7800037800033635,5.993215228043734,0.836,67.91044776119404,3.7800037800033635,63.4367271321127,5,2,2,1,-0.2,False
TRB,2026-09-06T06:48:09.123Z,2026-09-06T06:48:09.123762Z,2026-09-06T08:48:09.123762Z,7319.741446,7,18.205,5.4929964295531795,9.796367638965332,5.211,64.17910447761194,5.4929964295531795,50.38482887127512,0,0,0,0,,False
WIF,2026-09-06T06:48:18.506Z,2026-09-06T06:48:18.506669Z,2026-09-06T08:48:18.506669Z,7310.358539,7,0.20975,4.767580452919618,7.186472522310948,4.516,63.43283582089552,4.767580452919618,59.564420376719454,4,2,0,2,0.5,False
AIXBT,2026-09-06T06:54:20.638Z,2026-09-06T06:54:20.638263Z,2026-09-06T08:54:20.638263Z,7545.446426,7,0.021845,32.04394598306277,8.844765342960288,1.791,52.985074626865675,32.04394598306277,50.013500267110004,0,0,0,0,,False
ARKM,2026-09-06T06:54:31.666Z,2026-09-06T06:54:31.666921Z,2026-09-06T08:54:31.666921Z,7534.417768,7,0.10794999999999999,9.26354793886085,2.8650646950092473,0.185,42.53731343283582,9.26354793886085,68.34065971878262,1,1,0,0,1.0,False
AVNT,2026-09-06T06:54:39.380Z,2026-09-06T06:54:39.380418Z,2026-09-06T08:54:39.380418Z,7526.704271,7,0.10575000000000001,9.456264775413981,3.7105751391465707,3.059,45.52238805970149,9.456264775413981,75.3783996813097,0,0,0,0,,False
BMT,2026-09-06T06:54:50.807Z,2026-09-06T06:54:50.808184Z,2026-09-06T08:54:50.808184Z,7515.276505,7,0.01805,11.080332409971847,3.4768211920529914,0.11,41.04477611940298,11.080332409971847,69.59572655690789,0,0,0,0,,False
CHZ,2026-09-06T06:55:00.602Z,2026-09-06T06:55:00.602978Z,2026-09-06T08:55:00.602978Z,7505.481711,7,0.013965,7.160759040457997,4.288777698355967,3.783,51.11940298507463,7.160759040457997,70.71777808462058,2,0,0,2,0.0,False
CVX,2026-09-06T06:55:08.931Z,2026-09-06T06:55:08.931451Z,2026-09-06T08:55:08.931451Z,7497.153238,7,2.3230000000000004,17.219113215669406,8.03683549602343,8.739,46.64179104477612,17.219113215669406,62.05185439733702,0,0,0,0,,False
ENS,2026-09-06T06:55:26.373Z,2026-09-06T06:55:26.373595Z,2026-09-06T08:55:26.373595Z,7479.711094,7,6.045,16.542597187758126,6.188925081433223,4.957,54.850746268656714,16.542597187758126,76.78573160366278,0,0,0,0,,False
GRT,2026-09-06T06:55:31.637Z,2026-09-06T06:55:31.637534Z,2026-09-06T08:55:31.637534Z,7474.447155,7,0.020445,34.23820004891201,11.29363449691992,12.406,44.02985074626866,34.23820004891201,75.7227510420516,3,3,0,0,0.3333,False
HEI,2026-09-06T06:55:39.061Z,2026-09-06T06:55:39.061452Z,2026-09-06T08:55:39.061452Z,7467.023237,7,0.14105,7.089684509040534,7.000000000000002,-4.891,50.0,7.089684509040534,41.25757971842651,0,0,0,0,,False
HOME,2026-09-06T06:55:45.162Z,2026-09-06T06:55:45.162764Z,2026-09-06T08:55:45.162764Z,7460.921925,7,0.00614,32.573289902280216,1.628664495114011,1.153,43.28358208955224,32.573289902280216,67.56752457693553,0,0,0,0,,False
KAITO,2026-09-06T06:55:51.751Z,2026-09-06T06:55:51.751381Z,2026-09-06T08:55:51.751381Z,7454.333308,7,0.3103,6.44537544312064,2.7428202646014865,1.142,44.40298507462686,6.44537544312064,67.34812182070746,0,0,0,0,,False
PHA,2026-09-06T06:56:27.582Z,2026-09-06T06:56:27.582904Z,2026-09-06T08:56:27.582904Z,7418.501785,7,0.025750000000000002,38.83495145631044,6.4393939393939394,5.179,40.67164179104478,38.83495145631044,70.41664834697393,1,0,0,1,-1.0,False
ACH,2026-09-06T07:03:36.993Z,2026-09-06T07:03:36.993316Z,2026-09-06T09:03:36.993316Z,7589.223303,7,0.005385,18.57010213556099,6.481481481481474,3.448,38.059701492537314,18.57010213556099,69.32780442436074,1,0,1,0,1.0,False
AXS,2026-09-06T07:03:45.180Z,2026-09-06T07:03:45.180736Z,2026-09-06T09:03:45.180736Z,7581.035883,7,0.9575,10.44386422976502,2.089864158829678,2.026,30.597014925373134,10.44386422976502,73.75516310166145,0,0,0,0,,False
BABY,2026-09-06T07:03:50.080Z,2026-09-06T07:03:50.080181Z,2026-09-06T09:03:50.080181Z,7576.136438,7,0.011455,8.729812309035,2.8795811518324643,0.969,29.850746268656717,8.729812309035,55.03349556829103,1,0,1,0,1.0,False
BANANAS31,2026-09-06T07:03:55.912Z,2026-09-06T07:03:55.912507Z,2026-09-06T09:03:55.912507Z,7570.304112,7,0.008305,14.449127031908317,5.078540214952165,0.606,39.92537313432836,14.449127031908317,58.58684018885456,1,0,1,0,1.0,False
BANK,2026-09-06T07:04:03.237Z,2026-09-06T07:04:03.237235Z,2026-09-06T09:04:03.237235Z,7562.979384,7,0.03535,28.288543140029102,1.129943502824852,0.568,27.611940298507463,28.288543140029102,64.42614361050792,0,0,0,0,,False
CETUS,2026-09-06T07:04:20.320Z,2026-09-06T07:04:20.320800Z,2026-09-06T09:04:20.320800Z,7545.895819,7,0.02317,8.631851532153295,6.330196749358421,1.081,30.223880597014926,8.631851532153295,64.96439388360028,0,0,0,0,,False
COMP,2026-09-06T07:04:32.542Z,2026-09-06T07:04:32.542907Z,2026-09-06T09:04:32.542907Z,7533.673712,7,20.96,19.083969465648448,4.831625183016098,3.747,37.3134328358209,19.083969465648448,67.45309743727405,8,7,1,0,0.5,False
ERA,2026-09-06T07:04:38.066Z,2026-09-06T07:04:38.067065Z,2026-09-06T09:04:38.067065Z,7528.149554,7,0.05985,16.708437761069817,2.1812080536912677,1.361,36.19402985074627,16.708437761069817,54.48563261852682,0,0,0,0,,True
EURI,2026-09-06T07:04:48.931Z,2026-09-06T07:04:48.931381Z,2026-09-06T09:04:48.931381Z,7517.285238,7,1.1587,41.42573573832671,1.1288237828522092,-0.052,31.71641791044776,41.42573573832671,52.716431322028335,0,0,0,0,,
GUN,2026-09-06T07:05:01.399Z,2026-09-06T07:05:01.399697Z,2026-09-06T09:05:01.399697Z,7504.816922,7,0.0031149999999999997,32.1027287319423,4.166666666666678,1.961,32.08955223880597,32.1027287319423,62.87196170183106,0,0,0,0,,False
HYPER,2026-09-06T07:05:08.590Z,2026-09-06T07:05:08.590434Z,2026-09-06T09:05:08.590434Z,7497.626185,7,0.06895000000000001,14.503263234228113,4.057971014492769,3.293,31.34328358208955,14.503263234228113,74.10788378782065,2,1,1,0,1.0,False
IMX,2026-09-06T07:05:13.543Z,2026-09-06T07:05:13.543213Z,2026-09-06T09:05:13.543213Z,7492.673406,7,0.13465,7.426661715558039,8.189331329827192,6.48,28.35820895522388,7.426661715558039,69.14904091837246,5,1,2,2,0.6,False
INIT,2026-09-06T07:05:20.889Z,2026-09-06T07:05:20.889585Z,2026-09-06T09:05:20.889585Z,7485.327034,7,0.06646,21.065302437556607,9.467989179440938,3.709,35.82089552238806,21.065302437556607,51.2395368448481,1,1,0,0,1.0,False
IO,2026-09-06T07:05:26.518Z,2026-09-06T07:05:26.518760Z,2026-09-06T09:05:26.518760Z,7479.697859,7,0.13295,7.521624670930179,7.121439280359806,5.122,39.17910447761194,7.521624670930179,70.23598377306736,0,0,0,0,,False
LA,2026-09-06T07:05:45.154Z,2026-09-06T07:05:45.154634Z,2026-09-06T09:05:45.154634Z,7461.061985,7,0.0698,57.3065902578813,8.638360175695464,-2.009,26.865671641791046,57.3065902578813,42.92791208137915,1,1,0,0,-1.0,False
2Z,2026-09-06T07:13:12.617Z,2026-09-06T07:13:12.617989Z,2026-09-06T09:13:12.617989Z,7613.353423,7,0.051855,9.642271719217323,3.313953488372099,-0.826,22.761194029850746,9.642271719217323,54.50845633842706,0,0,0,0,,False
ALT,2026-09-06T07:13:24.606Z,2026-09-06T07:13:24.606664Z,2026-09-06T09:13:24.606664Z,7601.364748,7,0.006445,15.515903801395798,2.9275808936825896,1.406,23.880597014925375,15.515903801395798,64.27109839168233,0,0,0,0,,False
API3,2026-09-06T07:13:31.297Z,2026-09-06T07:13:31.297311Z,2026-09-06T09:13:31.297311Z,7594.674101,7,0.2364,16.920473773266135,3.4628378378378435,1.849,23.134328358208954,16.920473773266135,64.4759433305398,0,0,0,0,,True
AUCTION,2026-09-06T07:13:37.464Z,2026-09-06T07:13:37.464704Z,2026-09-06T09:13:37.464704Z,7588.506708,7,3.4255,14.596409283315992,3.4173182739646655,1.649,22.01492537313433,14.596409283315992,63.89129093526901,2,1,1,0,-1.0,False
BANANA,2026-09-06T07:13:45.290Z,2026-09-06T07:13:45.291473Z,2026-09-06T09:13:45.291473Z,7580.679939,7,4.138,14.499758337361595,4.247660187185037,1.018,17.16417910447761,14.499758337361595,67.80525625028973,1,1,0,0,-1.0,False
BB,2026-09-06T07:13:50.308Z,2026-09-06T07:13:50.308251Z,2026-09-06T09:13:50.308251Z,7575.663161,7,0.009675,10.335917312661078,4.239917269906936,3.422,15.671641791044776,10.335917312661078,48.45805474477823,0,0,0,0,,False
CKB,2026-09-06T07:13:55.871Z,2026-09-06T07:13:55.871965Z,2026-09-06T09:13:55.871965Z,7570.099447,7,0.0011115,26.99055330634246,5.893019038984583,3.763,16.791044776119403,26.99055330634246,46.12136835234845,0,0,0,0,,False
COW,2026-09-06T07:14:05.910Z,2026-09-06T07:14:05.910629Z,2026-09-06T09:14:05.910629Z,7560.060783,7,0.13340000000000002,29.98500749625065,6.63149962321026,6.586,19.776119402985074,29.98500749625065,73.25032195603015,0,0,0,0,,False
DOLO,2026-09-06T07:14:13.528Z,2026-09-06T07:14:13.528439Z,2026-09-06T09:14:13.528439Z,7552.442973,7,0.02724,22.026431718060778,1.4348785871964733,0.295,10.82089552238806,22.026431718060778,60.83873529665037,0,0,0,0,,False
ENJ,2026-09-06T07:14:19.544Z,2026-09-06T07:14:19.544438Z,2026-09-06T09:14:19.544438Z,7546.426974,7,0.028,57.14285714285729,3.2780979827089376,0.18,17.53731343283582,57.14285714285729,37.369189793126935,1,0,1,0,1.0,False
HAEDAL,2026-09-06T07:14:41.461Z,2026-09-06T07:14:41.461521Z,2026-09-06T09:14:41.461521Z,7524.509891,7,0.01869,21.40181915462913,2.0353508302089014,0.43,18.65671641791045,21.40181915462913,67.41839712431224,0,0,0,0,,False
LAYER,2026-09-06T07:14:54.711Z,2026-09-06T07:14:54.711970Z,2026-09-06T09:14:54.711970Z,7511.259442,7,0.0707,28.288543140029102,3.521126760563384,2.305,14.17910447761194,28.288543140029102,67.00370736831547,0,0,0,0,,False
MINA,2026-09-06T07:15:09.350Z,2026-09-06T07:15:09.351135Z,2026-09-06T09:15:09.351135Z,7496.620277,7,0.0751,26.63115845539357,4.052287581699336,0.394,25.37313432835821,26.63115845539357,70.88295843497552,0,0,0,0,,False
OPEN,2026-09-06T07:15:24.779Z,2026-09-06T07:15:24.780039Z,2026-09-06T09:15:24.780039Z,7481.191373,7,0.1255,15.936254980077926,4.372019077901435,1.698,24.62686567164179,15.936254980077926,38.446137935110904,0,0,0,0,,False
QNT,2026-09-06T07:15:39.978Z,2026-09-06T07:15:39.978740Z,2026-09-06T09:15:39.978740Z,7465.992672,7,65.595,13.720557969357941,4.911914004180361,5.166,11.194029850746269,13.720557969357941,60.19428632578563,4,3,0,1,1.0,False
ANIME,2026-09-06T07:22:11.680Z,2026-09-06T07:22:11.680849Z,2026-09-06T09:22:11.680849Z,7675.914832,7,0.0029049999999999996,34.42340791738392,3.124999999999993,1.408,4.104477611940299,34.42340791738392,46.95628386838294,0,0,0,0,,False
AT,2026-09-06T07:22:20.337Z,2026-09-06T07:22:20.337734Z,2026-09-06T09:22:20.337734Z,7667.257947,7,0.15485,19.373587342589264,4.37908496732025,1.661,7.462686567164179,19.373587342589264,50.63294931767428,0,0,0,0,,False
BEAMX,2026-09-06T07:22:32.377Z,2026-09-06T07:22:32.377275Z,2026-09-06T09:22:32.377275Z,7655.218406,7,0.001577,25.364616360178168,3.939962476547837,3.899,8.582089552238806,25.364616360178168,49.83198434395729,0,0,0,0,,True
BNB,2026-09-06T07:22:42.845Z,2026-09-06T07:22:42.846062Z,2026-09-06T09:22:42.846062Z,7644.749619,7,758.735,0.13179832220723842,7.769384114993182,5.458,99.25373134328358,0.13179832220723842,60.78231472304345,11,5,6,0,1.0,False
BTC,2026-09-06T07:22:55.315Z,2026-09-06T07:22:55.315524Z,2026-09-06T09:22:55.315524Z,7632.280157,7,79975.245,0.001250386915946467,0.8837985988766558,0.329,100.0,0.001250386915946467,69.48385129061779,40,17,15,8,0.225,False
C,2026-09-06T07:23:01.931Z,2026-09-06T07:23:01.932000Z,2026-09-06T09:23:01.932000Z,7625.663681,7,0.061149999999999996,16.353229762877504,2.945990180032738,1.833,4.850746268656716,16.353229762877504,68.51251144914981,1,0,1,0,1.0,False
CGPT,2026-09-06T07:23:09.105Z,2026-09-06T07:23:09.105959Z,2026-09-06T09:23:09.105959Z,7618.489722,7,0.02087,19.166267369429022,5.053449951409132,2.541,5.223880597014926,19.166267369429022,38.87790691956849,0,0,0,0,,False
DYM,2026-09-06T07:23:20.337Z,2026-09-06T07:23:20.337512Z,2026-09-06T09:23:20.337512Z,7607.258169,7,0.01543,12.961762799741361,2.3391812865497137,0.523,8.955223880597014,12.961762799741361,62.34791052740346,0,0,0,0,,
ETH,2026-09-06T07:23:25.253Z,2026-09-06T07:23:25.253266Z,2026-09-06T09:23:25.253266Z,7602.342415,7,2501.825,0.039970821299505487,2.6193087768980745,2.288,99.6268656716418,0.039970821299505487,61.620031970270055,45,27,14,4,0.6889,False
EUR,2026-09-06T07:23:28.611Z,2026-09-06T07:23:28.611370Z,2026-09-06T09:23:28.611370Z,7598.984311,7,1.16105,0.8612893501570905,0.08612522607870897,-0.009,96.64179104477611,0.8612893501570905,70.8095916472585,0,0,0,0,,False
FLUX,2026-09-06T07:23:35.513Z,2026-09-06T07:23:35.513631Z,2026-09-06T09:23:35.513631Z,7592.08205,7,0.05165,19.361084220716915,3.8759689922480653,2.178,10.074626865671641,19.361084220716915,65.81841232401302,0,0,0,0,,False
GMT,2026-09-06T07:23:42.734Z,2026-09-06T07:23:42.734771Z,2026-09-06T09:23:42.734771Z,7584.86091,7,0.007485,13.360053440214376,2.1192052980132505,0.667,3.3582089552238807,13.360053440214376,56.373859710145155,7,3,4,0,1.0,False
HMSTR,2026-09-06T07:23:50.436Z,2026-09-06T07:23:50.437045Z,2026-09-06T09:23:50.437045Z,7577.158636,7,0.0001799,11.117287381879093,2.9966703662597243,1.293,7.835820895522388,11.117287381879093,64.49354569892131,2,1,1,0,0.0,False
KAIA,2026-09-06T07:24:01.182Z,2026-09-06T07:24:01.183070Z,2026-09-06T09:24:01.183070Z,7566.412611,7,0.03105,32.206119162640704,2.580645161290318,0.977,9.701492537313433,32.206119162640704,60.389777501660305,0,0,0,0,,False
NEAR,2026-09-06T07:24:20.758Z,2026-09-06T07:24:20.759253Z,2026-09-06T09:24:20.759253Z,7546.836428,7,2.3545,4.247186239116118,5.853219270598845,0.909,95.8955223880597,4.247186239116118,49.47267571907229,4,1,2,1,0.5,False
NXPC,2026-09-06T07:24:31.785Z,2026-09-06T07:24:31.786115Z,2026-09-06T09:24:31.786115Z,7535.809566,7,0.20779999999999998,19.249278152068513,1.1967448539971288,0.481,0.373134328358209,19.249278152068513,62.84601904553207,0,0,0,0,,True
PROVE,2026-09-06T07:24:45.464Z,2026-09-06T07:24:45.464970Z,2026-09-06T09:24:45.464970Z,7522.130711,7,0.1815,11.01928374655679,1.8181818181818168,1.283,2.611940298507463,11.01928374655679,63.673260749636896,0,0,0,0,,False
SOL,2026-09-06T07:24:56.178Z,2026-09-06T07:24:56.178444Z,2026-09-06T09:24:56.178444Z,7511.417237,7,106.89500000000001,0.9354974507699252,5.050028317915796,4.016,98.88059701492537,0.9354974507699252,58.528981864385564,22,10,7,5,0.6364,False
SUI,2026-09-06T07:25:01.728Z,2026-09-06T07:25:01.728812Z,2026-09-06T09:25:01.728812Z,7505.866869,7,0.80015,1.2497656689369367,5.961177207263616,4.175,97.38805970149254,1.2497656689369367,56.18083528624329,5,1,2,2,-0.2,False
TURTLE,2026-09-06T07:25:10.560Z,2026-09-06T07:25:10.561138Z,2026-09-06T09:25:10.561138Z,7497.034543,7,0.04245,23.55712603062494,2.6004728132387633,0.714,6.7164179104477615,23.55712603062494,50.623282010722335,0,0,0,0,,False
AAVE,2026-09-06T07:31:21.495Z,2026-09-06T07:31:21.495524Z,2026-09-06T09:31:21.495524Z,7723.579032,7,134.3,1.4892032762479694,8.158903301886786,4.853,89.17910447761194,1.4892032762479694,54.95274655557969,3,2,1,0,0.3333,False
AVAX,2026-09-06T07:31:44.801Z,2026-09-06T07:31:44.801864Z,2026-09-06T09:31:44.801864Z,7700.272692,7,7.6505,1.3071041108417043,4.484421848520405,3.48,87.31343283582089,1.3071041108417043,61.48751765179805,11,3,6,2,0.6364,False
CAKE,2026-09-06T07:31:54.297Z,2026-09-06T07:31:54.297659Z,2026-09-06T09:31:54.297659Z,7690.776897,7,2.1905,4.565167769915042,13.596102745792734,13.81,90.29850746268657,4.565167769915042,68.91241413878114,5,4,0,1,0.6,False
FDUSD,2026-09-06T07:32:10.760Z,2026-09-06T07:32:10.760845Z,2026-09-06T09:32:10.760845Z,7674.313711,7,0.99895,1.0010511036587315,0.06008411776487532,-0.03,92.16417910447761,1.0010511036587315,63.66968447856714,0,0,0,0,,
HEMI,2026-09-06T07:32:19.753Z,2026-09-06T07:32:19.753486Z,2026-09-06T09:32:19.753486Z,7665.32107,7,0.011925,8.385744234800496,34.95145631067961,-18.956,86.94029850746269,8.385744234800496,57.92866811148272,5,1,1,3,0.0,False
PENGU,2026-09-06T07:32:44.588Z,2026-09-06T07:32:44.588532Z,2026-09-06T09:32:44.588532Z,7640.486024,7,0.0087815,3.4162728463241256,6.981752238467645,5.652,91.41791044776119,3.4162728463241256,67.08400290660968,2,1,1,0,1.0,False
PEPE,2026-09-06T07:32:49.265Z,2026-09-06T07:32:49.265501Z,2026-09-06T09:32:49.265501Z,7635.809055,7,3.635e-06,27.510316368637977,6.318681318681317,4.598,88.43283582089552,27.510316368637977,59.501446194698644,8,8,0,0,0.5,False
PUMP,2026-09-06T07:32:54.605Z,2026-09-06T07:32:54.605413Z,2026-09-06T09:32:54.605413Z,7630.469143,7,0.0039655,7.565250283697889,12.332575183219616,-6.21,92.53731343283582,7.565250283697889,50.28986306055917,13,10,2,1,0.2308,False
TAO,2026-09-06T07:32:59.643Z,2026-09-06T07:32:59.643598Z,2026-09-06T09:32:59.643598Z,7625.430958,7,236.05,4.2363905952126375,6.255247691015955,5.073,92.91044776119404,4.2363905952126375,54.70077731931759,0,0,0,0,,False
TRUMP,2026-09-06T07:33:05.510Z,2026-09-06T07:33:05.510800Z,2026-09-06T09:33:05.510800Z,7619.563756,7,2.3594999999999997,4.238186056367408,5.607082630691401,1.454,89.92537313432835,4.238186056367408,40.36194248614501,2,1,1,0,1.0,False
UNI,2026-09-06T07:33:18.537Z,2026-09-06T07:33:18.537299Z,2026-09-06T09:33:18.537299Z,7606.537257,7,6.9725,1.4342058085327296,18.529453114016583,12.512,95.5223880597015,1.4342058085327296,69.46338860412405,0,0,0,0,,False
WLD,2026-09-06T07:33:24.784Z,2026-09-06T07:33:24.784276Z,2026-09-06T09:33:24.784276Z,7600.29028,7,0.40205,2.4872528292498193,5.251256281407028,2.419,89.55223880597015,2.4872528292498193,54.569224434731844,1,1,0,0,1.0,False
ZEN,2026-09-06T07:33:29.883Z,2026-09-06T07:33:29.883934Z,2026-09-06T09:33:29.883934Z,7595.190622,7,7.2855,12.353304508956615,15.841710141239346,0.976,88.05970149253731,12.353304508956615,54.955263579947676,12,8,3,1,0.6667,False
1000CAT,2026-09-06T07:39:05.475Z,2026-09-06T07:39:05.475597Z,2026-09-06T09:39:05.475597Z,7259.598959,7,0.0022655,13.24210990951209,39.559014267185475,13.661,79.4776119402985,13.24210990951209,67.00648649998766,1,0,1,0,1.0,False
ALGO,2026-09-06T07:39:10.627Z,2026-09-06T07:39:10.627168Z,2026-09-06T09:39:10.627168Z,7254.447388,7,0.09534999999999999,10.487676979549331,4.550264550264548,0.425,75.74626865671642,10.487676979549331,60.2652114254727,3,2,0,1,1.0,False
APT,2026-09-06T07:39:15.850Z,2026-09-06T07:39:15.850507Z,2026-09-06T09:39:15.850507Z,7249.224049,7,0.6265000000000001,15.961691939345583,5.681818181818187,1.818,83.2089552238806,15.961691939345583,57.73123810918163,5,4,0,1,1.0,False
BOME,2026-09-06T07:39:20.650Z,2026-09-06T07:39:20.650673Z,2026-09-06T09:39:20.650673Z,7244.423883,7,0.0009270000000000001,10.787486515642117,41.65570175438596,8.559,81.71641791044776,10.787486515642117,60.89406740090339,5,4,0,1,0.6,False
BONK,2026-09-06T07:39:25.733Z,2026-09-06T07:39:25.733817Z,2026-09-06T09:39:25.733817Z,7239.340739,7,3.355e-06,29.80625931445575,5.214723926380357,-1.511,72.01492537313433,29.80625931445575,65.12997115906131,3,1,1,1,0.3333,False
COTI,2026-09-06T07:39:35.984Z,2026-09-06T07:39:35.984203Z,2026-09-06T09:39:35.984203Z,7229.090353,7,0.016445,18.242626938278367,18.319226118500602,9.536,82.08955223880596,18.242626938278367,66.40839656568959,0,0,0,0,,False
DOT,2026-09-06T07:39:40.947Z,2026-09-06T07:39:40.947981Z,2026-09-06T09:39:40.947981Z,7224.126575,7,0.9415,10.621348911311747,4.700854700854693,3.311,80.22388059701493,10.621348911311747,65.27726282262914,0,0,0,0,,False
DYDX,2026-09-06T07:39:47.935Z,2026-09-06T07:39:47.936128Z,2026-09-06T09:39:47.936128Z,7217.138428,7,0.12193,11.481997867629069,7.30695861325371,2.543,80.59701492537313,11.481997867629069,60.695496299724496,3,2,0,1,1.0,False
ENSO,2026-09-06T07:39:52.883Z,2026-09-06T07:39:52.883857Z,2026-09-06T09:39:52.883857Z,7212.190699,7,0.9045000000000001,11.055831951354348,10.930735930735928,9.609,73.13432835820896,11.055831951354348,78.09915458287131,2,1,1,0,1.0,False
EPIC,2026-09-06T07:39:58.489Z,2026-09-06T07:39:58.489349Z,2026-09-06T09:39:58.489349Z,7206.585207,7,0.47775,27.210884353740823,25.812441968430814,13.788,75.3731343283582,27.210884353740823,57.141879564356465,10,9,0,1,0.8,False
ETHFI,2026-09-06T07:40:06.661Z,2026-09-06T07:40:06.661744Z,2026-09-06T09:40:06.661744Z,7799.293325,7,0.58545,18.78896575283952,7.845514374783513,3.514,72.38805970149254,18.78896575283952,66.82263909238242,0,0,0,0,,False
ICP,2026-09-06T07:40:29.083Z,2026-09-06T07:40:29.083764Z,2026-09-06T09:40:29.083764Z,7776.871305,7,2.677,7.471049682479566,5.257186081694411,-1.085,81.34328358208955,7.471049682479566,60.93260176281638,12,7,3,2,0.5,False
MUBARAK,2026-09-06T07:40:45.959Z,2026-09-06T07:40:45.960065Z,2026-09-06T09:40:45.960065Z,7759.995004,7,0.03156,12.674271229403795,23.574144486692024,-0.284,71.26865671641791,12.674271229403795,58.478854295584824,1,1,0,0,-1.0,False
SOMI,2026-09-06T07:41:21.854Z,2026-09-06T07:41:21.854995Z,2026-09-06T09:41:21.854995Z,7724.100074,7,0.13169999999999998,15.186028853455259,10.930232558139547,7.86,72.76119402985074,15.186028853455259,64.37509267666884,3,3,0,0,1.0,False
TIA,2026-09-06T07:41:36.259Z,2026-09-06T07:41:36.259889Z,2026-09-06T09:41:36.259889Z,7709.69518,7,0.38815,12.881617931212173,6.79028466962654,4.418,76.49253731343283,12.881617931212173,57.901566260419266,0,0,0,0,,False
TRX,2026-09-06T07:41:41.341Z,2026-09-06T07:41:41.341629Z,2026-09-06T09:41:41.341629Z,7704.61344,7,0.33425,2.991772625280149,0.9295352323838055,0.301,82.83582089552239,2.991772625280149,52.383608662778805,21,17,4,0,0.6667,False
VIRTUAL,2026-09-06T07:41:52.722Z,2026-09-06T07:41:52.723050Z,2026-09-06T09:41:52.723050Z,7693.232019,7,0.68345,13.168483429656902,3.3382352941176383,-0.322,74.25373134328358,13.168483429656902,43.884800915028165,3,1,2,0,0.3333,False
XLM,2026-09-06T07:42:02.267Z,2026-09-06T07:42:02.268029Z,2026-09-06T09:42:02.268029Z,7683.68704,7,0.18614999999999998,5.372011818426901,3.1368307193077336,0.983,85.07462686567165,5.372011818426901,54.61358058644515,5,3,2,0,1.0,False
XPL,2026-09-06T07:42:08.130Z,2026-09-06T07:42:08.130214Z,2026-09-06T09:42:08.130214Z,7677.824855,7,0.09267500000000001,5.3951982735374555,5.334773218142549,-1.015,79.85074626865672,5.3951982735374555,46.2041986256397,5,3,1,1,0.6,False
ZRO,2026-09-06T07:42:12.889Z,2026-09-06T07:42:12.889313Z,2026-09-06T09:42:12.889313Z,7673.065756,7,1.0735000000000001,9.315323707499877,5.060918462980323,1.137,77.98507462686567,9.315323707499877,55.319756170777126,6,4,0,2,0.1667,False
FORM,2026-09-06T07:48:41.291Z,2026-09-06T07:48:41.291481Z,2026-09-06T09:48:41.291481Z,7284.663588,7,0.2704,7.396449704143251,20.0218818380744,-11.233,61.19402985074627,7.396449704143251,60.16925414018086,2,1,1,0,1.0,False
GALA,2026-09-06T07:48:48.143Z,2026-09-06T07:48:48.143650Z,2026-09-06T09:48:48.143650Z,7277.811419,7,0.0018905,5.289605924359337,4.5964724746125025,-3.207,62.3134328358209,5.289605924359337,57.7275657114555,2,1,0,1,0.0,False
IOTA,2026-09-06T07:48:53.496Z,2026-09-06T07:48:53.496931Z,2026-09-06T09:48:53.496931Z,7272.458138,7,0.04195,23.8379022646014,7.038834951456311,4.304,57.83582089552239,23.8379022646014,63.42431906375519,2,1,1,0,1.0,False
MORPHO,2026-09-06T07:49:17.671Z,2026-09-06T07:49:17.671295Z,2026-09-06T09:49:17.671295Z,7248.283774,7,2.543,7.8647267007480295,5.533439490445869,-0.357,67.53731343283582,7.8647267007480295,57.23796417089521,0,0,0,0,,False
ORDI,2026-09-06T07:49:41.993Z,2026-09-06T07:49:41.993910Z,2026-09-06T09:49:41.993910Z,7223.961159,7,4.1775,7.181328545781241,4.620541058175715,1.482,67.91044776119404,7.181328545781241,45.72792141556466,2,1,0,1,1.0,False
PLUME,2026-09-06T07:49:55.383Z,2026-09-06T07:49:55.383453Z,2026-09-06T09:49:55.383453Z,7210.571616,7,0.013935,7.176175098672116,5.937052932761094,2.418,62.6865671641791,7.176175098672116,61.078942362387586,0,0,0,0,,False
RUNE,2026-09-06T07:50:02.280Z,2026-09-06T07:50:02.280382Z,2026-09-06T09:50:02.280382Z,7203.674687,7,0.4875,20.51282051282053,2.874743326488709,1.458,70.14925373134328,20.51282051282053,65.0449556529765,0,0,0,0,,False
SAHARA,2026-09-06T07:50:07.964Z,2026-09-06T07:50:07.964389Z,2026-09-06T09:50:07.964389Z,7798.091305,7,0.009465,10.565240359217743,5.319148936170217,1.293,65.29850746268657,10.565240359217743,67.7934784110801,0,0,0,0,,False
SAND,2026-09-06T07:50:15.110Z,2026-09-06T07:50:15.110822Z,2026-09-06T09:50:15.110822Z,7790.944872,7,0.040029999999999996,14.98875843117601,2.8413376917274302,0.328,60.07462686567164,14.98875843117601,58.15906793902167,0,0,0,0,,False
SYRUP,2026-09-06T07:50:29.793Z,2026-09-06T07:50:29.793894Z,2026-09-06T09:50:29.793894Z,7776.2618,7,0.21300000000000002,9.389671361502614,3.534401508011313,-1.118,67.16417910447761,9.389671361502614,46.51775447748097,0,0,0,0,,False
THE,2026-09-06T07:50:36.606Z,2026-09-06T07:50:36.606413Z,2026-09-06T09:50:36.606413Z,7769.449281,7,0.07665,13.046314416177804,6.657963446475187,3.096,58.208955223880594,13.046314416177804,60.45980656009604,0,0,0,0,,False
USDE,2026-09-06T07:50:51.379Z,2026-09-06T07:50:51.379844Z,2026-09-06T09:50:51.379844Z,7754.67585,7,1.0000499999999999,0.999950002499765,0.019999999999997797,0.0,66.04477611940298,0.999950002499765,47.16014269852787,0,0,0,0,,False
XVG,2026-09-06T07:51:03.100Z,2026-09-06T07:51:03.100245Z,2026-09-06T09:51:03.100245Z,7742.955449,7,0.00298,33.5570469798644,14.480587618048263,-7.685,58.582089552238806,33.5570469798644,47.988544434902416,2,2,0,0,1.0,False
ZK,2026-09-06T07:51:14.857Z,2026-09-06T07:51:14.857206Z,2026-09-06T09:51:14.857206Z,7731.198488,7,0.010855,27.63703362505645,6.219630709426626,-1.625,56.343283582089555,27.63703362505645,68.41342774467473,2,0,1,1,0.5,False
ZKC,2026-09-06T07:51:19.873Z,2026-09-06T07:51:19.873579Z,2026-09-06T09:51:19.873579Z,7726.182115,7,0.04975,20.10050251256199,4.858299595141699,-0.803,55.97014925373134,20.10050251256199,54.59367278229527,1,1,0,0,1.0,False
BFUSD,2026-09-06T07:57:19.706Z,2026-09-06T07:57:19.706184Z,2026-09-06T09:57:19.706184Z,7366.34951,7,1.00015,10.99835024746167,0.1099230538622843,0.04,48.134328358208954,10.99835024746167,72.70013309162498,0,0,0,0,,
CFX,2026-09-06T07:57:35.949Z,2026-09-06T07:57:35.950119Z,2026-09-06T09:57:35.950119Z,7350.105575,7,0.049645,14.100110786584876,4.699898270600203,2.717,51.492537313432834,14.100110786584876,69.92339048908687,0,0,0,0,,False
PNUT,2026-09-06T07:58:40.140Z,2026-09-06T07:58:40.140440Z,2026-09-06T09:58:40.140440Z,7285.915254,7,0.0509,39.292730844793475,7.480314960629918,2.834,45.52238805970149,39.292730844793475,67.44478500438541,2,1,0,1,0.5,False
PYTH,2026-09-06T07:58:47.280Z,2026-09-06T07:58:47.280661Z,2026-09-06T09:58:47.280661Z,7278.775033,7,0.054995,5.4550413673974445,6.693270451659711,2.663,54.47761194029851,5.4550413673974445,70.17842191540247,0,0,0,0,,False
ROSE,2026-09-06T07:59:05.136Z,2026-09-06T07:59:05.136616Z,2026-09-06T09:59:05.136616Z,7260.919078,7,0.007015,14.255167498218759,6.569343065693442,1.032,46.26865671641791,14.255167498218759,50.9065166182871,5,2,3,0,1.0,False
RSR,2026-09-06T07:59:10.244Z,2026-09-06T07:59:10.244368Z,2026-09-06T09:59:10.244368Z,7255.811326,7,0.0014575,6.86106346483796,4.781997187060488,1.354,47.014925373134325,6.86106346483796,68.93044044758543,0,0,0,0,,False
SAGA,2026-09-06T07:59:22.512Z,2026-09-06T07:59:22.513058Z,2026-09-06T09:59:22.513058Z,7243.542636,7,0.015519999999999999,12.886597938144924,3.828682673588569,0.0,52.23880597014925,12.886597938144924,53.749477285796786,0,0,0,0,,False
SKY,2026-09-06T07:59:36.720Z,2026-09-06T07:59:36.720536Z,2026-09-06T09:59:36.720536Z,7229.335158,7,0.071025,7.039774727209908,6.538846759193024,3.525,49.25373134328358,7.039774727209908,72.24248695387459,0,0,0,0,,False
SNX,2026-09-06T07:59:41.961Z,2026-09-06T07:59:41.961806Z,2026-09-06T09:59:41.961806Z,7224.093888,7,0.22194999999999998,4.505519261095595,5.892857142857138,4.673,48.88059701492537,4.505519261095595,72.97104044672261,1,1,0,0,1.0,False
SOLV,2026-09-06T07:59:48.612Z,2026-09-06T07:59:48.613260Z,2026-09-06T09:59:48.613260Z,7217.442434,7,0.0038450000000000003,26.007802340702277,14.206128133704738,13.249,53.73134328358209,26.007802340702277,68.76802647934358,1,1,0,0,1.0,False
VET,2026-09-06T08:00:00.102Z,2026-09-06T08:00:00.102768Z,2026-09-06T10:00:00.102768Z,7205.952926,7,0.006949,14.390559792776601,3.2141827616027694,0.0,47.38805970149254,14.390559792776601,52.650230017252156,3,3,0,0,-0.3333,False
W,2026-09-06T08:00:09.052Z,2026-09-06T08:00:09.052556Z,2026-09-06T10:00:09.052556Z,7795.719585,7,0.010095,9.905894006933721,4.563492063492067,1.307,42.91044776119403,9.905894006933721,65.10397356736381,0,0,0,0,,False
WAL,2026-09-06T08:00:15.418Z,2026-09-06T08:00:15.418930Z,2026-09-06T10:00:15.418930Z,7789.353211,7,0.02735,36.56307129798881,4.477611940298506,1.901,52.985074626865675,36.56307129798881,65.83473297685445,0,0,0,0,,False
XTZ,2026-09-06T08:00:27.910Z,2026-09-06T08:00:27.910826Z,2026-09-06T10:00:27.910826Z,7776.861315,7,0.2372,16.863406408094917,4.388185654008436,2.642,41.791044776119406,16.863406408094917,66.36262243169544,1,0,1,0,1.0,False
1000SATS,2026-09-06T08:06:08.028Z,2026-09-06T08:06:08.029200Z,2026-09-06T10:06:08.029200Z,7436.742941,7,1.138e-05,17.574692442882082,7.590467784642529,1.706,35.44776119402985,17.574692442882082,63.31846156921438,6,3,2,1,0.6667,False
EDEN,2026-09-06T08:07:12.228Z,2026-09-06T08:07:12.228791Z,2026-09-06T10:07:12.228791Z,7372.54335,7,0.056819999999999996,14.079549454418107,6.605305901461824,-4.4,39.55223880597015,14.079549454418107,49.682786348199144,0,0,0,0,,False
PARTI,2026-09-06T08:09:13.211Z,2026-09-06T08:09:13.212143Z,2026-09-06T10:09:13.212143Z,7251.559998,7,0.02565,38.986354775828225,3.891050583657591,0.0,31.71641791044776,38.986354775828225,64.44115877954367,0,0,0,0,,False
RED,2026-09-06T08:09:20.691Z,2026-09-06T08:09:20.692017Z,2026-09-06T10:09:20.692017Z,7244.080124,7,0.12795,23.446658851113302,3.7974683544303787,0.079,27.611940298507463,23.446658851113302,37.247219647148924,3,1,2,0,1.0,False
REZ,2026-09-06T08:09:27.846Z,2026-09-06T08:09:27.846325Z,2026-09-06T10:09:27.846325Z,7236.925816,7,0.003083,12.974375608174173,8.70841487279843,0.098,30.597014925373134,12.974375608174173,61.87380423861443,1,0,1,0,0.0,False
SSV,2026-09-06T08:09:35.363Z,2026-09-06T08:09:35.364111Z,2026-09-06T10:09:35.364111Z,7229.40803,7,2.9695,23.5729920862087,3.6974789915966344,-1.457,33.95522388059702,23.5729920862087,58.420768271021096,0,0,0,0,,False
TNSR,2026-09-06T08:09:42.566Z,2026-09-06T08:09:42.566897Z,2026-09-06T10:09:42.566897Z,7222.205244,7,0.03635,27.510316368639028,3.038674033149162,-0.275,33.582089552238806,27.510316368639028,51.914007359458,0,0,0,0,,False
TREE,2026-09-06T08:09:50.958Z,2026-09-06T08:09:50.958518Z,2026-09-06T10:09:50.958518Z,7213.813623,7,0.042550000000000004,23.501762632196456,3.7914691943127896,1.199,36.19402985074627,23.501762632196456,62.58651367920247,1,0,1,0,1.0,False
1INCH,2026-09-06T08:15:32.469Z,2026-09-06T08:15:32.469401Z,2026-09-06T10:15:32.469401Z,7473.235972,7,0.09484999999999999,10.542962572483171,5.913410770855325,4.18,16.791044776119403,10.542962572483171,61.77373867746534,0,0,0,0,,
1MBABYDOGE,2026-09-06T08:15:40.248Z,2026-09-06T08:15:40.248335Z,2026-09-06T10:15:40.248335Z,7465.457038,7,0.0004096,19.53124999999915,5.95880333496812,2.617,15.671641791044776,19.53124999999915,51.39709598132586,1,0,1,0,1.0,False
ACT,2026-09-06T08:15:52.955Z,2026-09-06T08:15:52.955637Z,2026-09-06T10:15:52.955637Z,7452.749736,7,0.011040000000000001,36.23188405797111,6.980961015412509,-0.541,20.149253731343283,36.23188405797111,62.89894103374378,1,0,1,0,1.0,False
STO,2026-09-06T08:18:25.737Z,2026-09-06T08:18:25.737733Z,2026-09-06T10:18:25.737733Z,7299.96764,7,0.04185,23.89486260454071,1.682692307692306,0.241,12.686567164179104,23.89486260454071,44.84679841514098,0,0,0,0,,False
SXT,2026-09-06T08:18:32.715Z,2026-09-06T08:18:32.715905Z,2026-09-06T10:18:32.715905Z,7292.989468,7,0.00887,22.547914317926633,4.735062006764378,0.339,11.940298507462687,22.547914317926633,62.78489799282672,0,0,0,0,,False
THETA,2026-09-06T08:18:39.155Z,2026-09-06T08:18:39.156217Z,2026-09-06T10:18:39.156217Z,7286.549156,7,0.18109999999999998,22.087244616233225,3.4501947690595345,1.583,21.26865671641791,22.087244616233225,55.44112589880584,0,0,0,0,,False
TOWNS,2026-09-06T08:18:51.995Z,2026-09-06T08:18:51.995473Z,2026-09-06T10:18:51.995473Z,7273.7099,7,0.0021349999999999997,46.83840749414533,7.042253521126759,-5.752,16.417910447761194,46.83840749414533,50.34596357325079,1,0,1,0,1.0,False
TURBO,2026-09-06T08:19:00.320Z,2026-09-06T08:19:00.320776Z,2026-09-06T10:19:00.320776Z,7265.384597,7,0.0010145,9.857072449483812,4.699999999999995,-2.057,23.880597014925375,9.857072449483812,57.38527536590868,3,2,1,0,0.3333,False
UMA,2026-09-06T08:19:07.941Z,2026-09-06T08:19:07.941497Z,2026-09-06T10:19:07.941497Z,7257.763876,7,0.398,50.25125628140708,5.329949238578671,1.026,21.64179104477612,50.25125628140708,44.83603853279717,1,1,0,0,1.0,False
ARB,2026-09-06T08:25:06.270Z,2026-09-06T08:25:06.273960Z,2026-09-06T10:25:06.273960Z,7498.65984,7,0.19435,5.145356315924311,37.95771015987623,45.026,98.50746268656717,5.145356315924311,75.46069571384147,32,15,12,5,0.6562,False
BARD,2026-09-06T08:25:16.755Z,2026-09-06T08:25:16.756004Z,2026-09-06T10:25:16.756004Z,7488.177796,7,0.12819999999999998,31.201248049920732,5.791505791505785,5.887,4.104477611940299,31.201248049920732,69.99703175253414,0,0,0,0,,False
BLUR,2026-09-06T08:25:30.606Z,2026-09-06T08:25:30.606507Z,2026-09-06T10:25:30.606507Z,7474.327293,7,0.01719,11.63467132053472,2.4188790560472015,1.134,4.850746268656716,11.63467132053472,65.19249190090743,0,0,0,0,,False
DOGE,2026-09-06T08:26:02.244Z,2026-09-06T08:26:02.244227Z,2026-09-06T10:26:02.244227Z,7442.689573,7,0.089815,1.1133997661856174,10.655647382920108,5.893,96.26865671641791,1.1133997661856174,72.35314650231157,43,34,7,2,0.7442,False
EUL,2026-09-06T08:26:26.424Z,2026-09-06T08:26:26.424473Z,2026-09-06T10:26:26.424473Z,7418.509327,7,1.294,15.455950540958282,3.6951501154734445,-3.563,6.7164179104477615,15.455950540958282,51.87114665765018,0,0,0,0,,False
RESOLV,2026-09-06T08:27:31.930Z,2026-09-06T08:27:31.930507Z,2026-09-06T10:27:31.930507Z,7353.003293,7,0.01808,11.061946902654418,2.4986118822876313,0.223,9.701492537313433,11.061946902654418,64.94742380710571,0,0,0,0,,
ADA,2026-09-06T08:34:00.804Z,2026-09-06T08:34:00.804260Z,2026-09-06T10:34:00.804260Z,7565.288426,7,0.21885,4.5693397304097205,5.121170553269326,2.34,93.65671641791045,4.5693397304097205,70.83630768506056,8,5,2,1,0.25,False
ASTER,2026-09-06T08:34:11.823Z,2026-09-06T08:34:11.823924Z,2026-09-06T10:34:11.823924Z,7554.268762,7,0.7815000000000001,12.795905310300714,17.792207792207794,5.191,94.02985074626865,12.795905310300714,56.67213057425381,0,0,0,0,,False
BCH,2026-09-06T08:34:22.022Z,2026-09-06T08:34:22.022426Z,2026-09-06T10:34:22.022426Z,7544.07026,7,260.75,3.835091083414103,6.4914992272024765,2.292,90.67164179104478,3.835091083414103,57.6919173056407,0,0,0,0,,False
CRV,2026-09-06T08:34:33.114Z,2026-09-06T08:34:33.114530Z,2026-09-06T10:34:33.114530Z,7532.978156,7,0.3725,5.369127516777932,9.447128287708,4.253,87.31343283582089,5.369127516777932,52.07124733041132,0,0,0,0,,False
DASH,2026-09-06T08:34:39.416Z,2026-09-06T08:34:39.416606Z,2026-09-06T10:34:39.416606Z,7526.67608,7,68.515,10.216740859664771,20.24637681159422,1.77,91.7910447761194,10.216740859664771,47.57002113039807,12,5,6,1,0.5,False
ENA,2026-09-06T08:34:45.121Z,2026-09-06T08:34:45.122091Z,2026-09-06T10:34:45.122091Z,7520.970595,7,0.17495,5.715918833951928,15.583668775158127,5.203,94.77611940298507,5.715918833951928,63.98256755833533,2,0,2,0,0.0,False
FET,2026-09-06T08:34:52.364Z,2026-09-06T08:34:52.364601Z,2026-09-06T10:34:52.364601Z,7513.728085,7,0.17095,5.8496636443414305,3.3373786407767017,-0.363,87.68656716417911,5.8496636443414305,62.39967885397832,0,0,0,0,,False
JUP,2026-09-06T08:35:02.263Z,2026-09-06T08:35:02.264072Z,2026-09-06T10:35:02.264072Z,7503.828614,7,0.25725,3.887269193391215,10.577328276443325,8.654,89.55223880597015,3.887269193391215,68.96059857651001,20,0,20,0,0.9,False
LINK,2026-09-06T08:35:08.153Z,2026-09-06T08:35:08.153473Z,2026-09-06T10:35:08.153473Z,7497.939213,7,12.2575,0.8158270446660786,6.096563011456622,3.912,94.40298507462687,0.8158270446660786,69.63089077117948,0,0,0,0,,False
LTC,2026-09-06T08:35:13.129Z,2026-09-06T08:35:13.129413Z,2026-09-06T10:35:13.129413Z,7492.963273,7,54.375,1.8390804597710557,4.718558424670257,-0.315,91.04477611940298,1.8390804597710557,58.492673153804716,14,6,7,1,0.2857,False
RAY,2026-09-06T08:35:39.939Z,2026-09-06T08:35:39.940081Z,2026-09-06T10:35:39.940081Z,7466.152605,7,1.1597499999999998,4.3112739814610475,34.880649117841294,26.676,88.80597014925372,4.3112739814610475,67.96203217929632,0,0,0,0,,False
AR,2026-09-06T08:41:54.942Z,2026-09-06T08:41:54.943190Z,2026-09-06T10:41:54.943190Z,7690.865273,7,3.005,6.655574043260499,13.767874958430335,8.478,84.70149253731343,6.655574043260499,70.51982026967295,2,1,1,0,1.0,False
FIL,2026-09-06T08:42:42.125Z,2026-09-06T08:42:42.125374Z,2026-09-06T10:42:42.125374Z,7643.683089,7,0.7967500000000001,11.295889551302313,9.544658493870394,3.657,70.8955223880597,11.295889551302313,64.83397336853373,9,3,6,0,0.1111,False
GIGGLE,2026-09-06T08:42:47.832Z,2026-09-06T08:42:47.832489Z,2026-09-06T10:42:47.832489Z,7637.975974,7,40.25,9.937888198759318,12.207728279596358,-3.583,74.6268656716418,9.937888198759318,55.34196439301545,0,0,0,0,,False
GRAM,2026-09-06T08:42:53.196Z,2026-09-06T08:42:53.196525Z,2026-09-06T10:42:53.196525Z,7632.611938,7,1.4165,7.059654076951019,3.038869257950525,-0.352,78.73134328358209,7.059654076951019,53.61589503352541,0,0,0,0,,False
HBAR,2026-09-06T08:42:58.921Z,2026-09-06T08:42:58.921800Z,2026-09-06T10:42:58.921800Z,7626.886663,7,0.08138000000000001,2.4576062914728585,3.5899975241396382,1.076,82.46268656716418,2.4576062914728585,65.93444376400417,0,0,0,0,,False
INJ,2026-09-06T08:43:09.414Z,2026-09-06T08:43:09.415056Z,2026-09-06T10:43:09.415056Z,7616.393407,7,5.147,11.657276083155677,6.311443177349581,3.838,80.97014925373135,11.657276083155677,53.34821926993828,13,8,4,1,0.6154,False
JTO,2026-09-06T08:43:15.185Z,2026-09-06T08:43:15.186168Z,2026-09-06T10:43:15.186168Z,7610.622295,7,0.44775,11.166945840312685,9.70561177552898,6.204,75.0,11.166945840312685,63.2103850886782,3,3,0,0,1.0,False
ONDO,2026-09-06T08:43:24.997Z,2026-09-06T08:43:24.997597Z,2026-09-06T10:43:24.997597Z,7600.810866,7,0.37845,2.6423569824280353,3.304904051172699,1.023,79.1044776119403,2.6423569824280353,64.81327395099079,2,1,1,0,1.0,False
OP,2026-09-06T08:43:30.643Z,2026-09-06T08:43:30.643977Z,2026-09-06T10:43:30.643977Z,7595.164486,7,0.11025,9.0702947845795,13.063477460901554,7.411,84.32835820895522,9.0702947845795,64.21792402423884,4,3,1,0,1.0,False
PENDLE,2026-09-06T08:43:35.839Z,2026-09-06T08:43:35.840242Z,2026-09-06T10:43:35.840242Z,7589.968221,7,2.122,9.425070688031216,10.751665080875346,8.743,83.95522388059702,9.425070688031216,63.68555519550122,6,4,2,0,0.8333,False
POL,2026-09-06T08:43:40.696Z,2026-09-06T08:43:40.696579Z,2026-09-06T10:43:40.696579Z,7585.111884,7,0.096825,9.29512006196673,6.19738310173446,3.594,77.61194029850746,9.29512006196673,51.63598345991181,10,4,3,3,0.4,False
RENDER,2026-09-06T08:43:45.938Z,2026-09-06T08:43:45.938445Z,2026-09-06T10:43:45.938445Z,7579.870018,7,1.4785,6.7636117686852355,2.450646698434311,-1.409,71.64179104477611,6.7636117686852355,52.2992371715335,0,0,0,0,,False
SHIB,2026-09-06T08:43:55.293Z,2026-09-06T08:43:55.294011Z,2026-09-06T10:43:55.294011Z,7570.514452,7,5.4449999999999995e-06,18.365472910928837,3.6832412523020217,0.929,73.50746268656717,18.365472910928837,61.33297215402547,12,3,8,1,0.5833,False
SOPH,2026-09-06T08:44:07.740Z,2026-09-06T08:44:07.740354Z,2026-09-06T10:44:07.740354Z,7558.068109,7,0.004155,24.067388688326336,20.823244552058103,-0.959,73.88059701492537,24.067388688326336,63.82817417757964,0,0,0,0,,False
STRK,2026-09-06T08:44:13.097Z,2026-09-06T08:44:13.097685Z,2026-09-06T10:44:13.097685Z,7552.710778,7,0.03124,6.402048655569522,12.842522284582374,2.713,83.58208955223881,6.402048655569522,59.650065383748526,2,0,1,1,0.0,False
TWT,2026-09-06T08:44:29.795Z,2026-09-06T08:44:29.795847Z,2026-09-06T10:44:29.795847Z,7536.012616,7,0.61635,17.84700251480474,6.212072820185252,-1.834,76.86567164179104,17.84700251480474,53.273903063127634,0,0,0,0,,False
WLFI,2026-09-06T08:44:39.930Z,2026-09-06T08:44:39.930505Z,2026-09-06T10:44:39.930505Z,7525.877958,7,0.05675,17.621145374449842,2.296819787985858,-0.352,78.35820895522389,17.621145374449842,65.08695583604127,0,0,0,0,,False
0G,2026-09-06T08:50:32.369Z,2026-09-06T08:50:32.370080Z,2026-09-06T10:50:32.370080Z,7772.895849,7,0.19779999999999998,10.111223458038713,4.974358974358967,0.0,63.80597014925373,10.111223458038713,61.38613304329265,0,0,0,0,,
1000CHEEMS,2026-09-06T08:50:37.033Z,2026-09-06T08:50:37.034158Z,2026-09-06T10:50:37.034158Z,7768.231771,7,0.0005535,18.06684733514046,6.340579710144945,1.284,63.059701492537314,18.06684733514046,61.115821442737634,0,0,0,0,,False
APE,2026-09-06T08:50:42.066Z,2026-09-06T08:50:42.067056Z,2026-09-06T10:50:42.067056Z,7763.198873,7,0.14325,6.980802792322286,2.7503526093088957,-0.07,57.08955223880597,6.980802792322286,64.47003598473756,3,3,0,0,1.0,False
ATOM,2026-09-06T08:50:47.581Z,2026-09-06T08:50:47.581532Z,2026-09-06T10:50:47.581532Z,7757.684397,7,1.5985,6.255864873318047,3.8607594936708822,1.542,57.46268656716418,6.255864873318047,70.26108862726,7,4,3,0,0.8571,False
BROCCOLI714,2026-09-06T08:50:54.663Z,2026-09-06T08:50:54.663790Z,2026-09-06T10:50:54.663790Z,7750.602139,7,0.020035,34.93885700024987,13.663967611336037,-4.909,60.82089552238806,34.93885700024987,34.99985185022493,0,0,0,0,,False
EGLD,2026-09-06T08:50:59.580Z,2026-09-06T08:50:59.580379Z,2026-09-06T10:50:59.580379Z,7745.68555,7,4.5585,10.968520346605008,6.28930817610063,-3.151,69.02985074626865,10.968520346605008,51.665701756535256,4,4,0,0,1.0,False
EIGEN,2026-09-06T08:51:04.972Z,2026-09-06T08:51:04.972768Z,2026-09-06T10:51:04.972768Z,7740.293161,7,0.2097,9.537434430137242,6.804024916147576,3.728,63.43283582089552,9.537434430137242,65.06005019727395,1,1,0,0,1.0,False
FF,2026-09-06T08:51:19.388Z,2026-09-06T08:51:19.389077Z,2026-09-06T10:51:19.389077Z,7725.876852,7,0.1195,11.71548117154822,16.164429813454895,9.098,68.28358208955224,11.71548117154822,59.30489750562051,0,0,0,0,,False
FLOKI,2026-09-06T08:51:25.025Z,2026-09-06T08:51:25.025739Z,2026-09-06T10:51:25.025739Z,7720.24019,7,2.645e-05,15.122873345935583,6.4107485604606635,-0.077,65.67164179104478,15.122873345935583,62.60053509143748,1,0,1,0,1.0,False
KITE,2026-09-06T08:51:47.550Z,2026-09-06T08:51:47.550193Z,2026-09-06T10:51:47.550193Z,7697.715736,7,0.12764999999999999,7.833920877400451,6.0015588464536345,-2.95,59.701492537313435,7.833920877400451,64.94166663055329,0,0,0,0,,False
LDO,2026-09-06T08:51:52.568Z,2026-09-06T08:51:52.568745Z,2026-09-06T10:51:52.568745Z,7692.697184,7,0.4034,14.87357461576573,9.730691056910569,2.022,61.940298507462686,14.87357461576573,64.98649718499416,1,1,0,0,1.0,False
NOM,2026-09-06T08:52:17.374Z,2026-09-06T08:52:17.375176Z,2026-09-06T10:52:17.375176Z,7667.890753,7,0.001815,55.09641873278252,19.428571428571416,-2.778,66.41791044776119,55.09641873278252,44.29480845085501,1,0,1,0,1.0,False
ORCA,2026-09-06T08:52:24.886Z,2026-09-06T08:52:24.886419Z,2026-09-06T10:52:24.886419Z,7660.37951,7,1.3925,7.181328545781772,10.617469879518072,3.912,60.44776119402985,7.181328545781772,59.44464482580023,1,1,0,0,1.0,False
PAXG,2026-09-06T08:52:35.335Z,2026-09-06T08:52:35.335254Z,2026-09-06T10:52:35.335254Z,7649.930675,7,4429.9349999999995,0.022573694646329544,0.1962108058190505,-0.145,61.56716417910448,0.022573694646329544,57.953373286593745,0,0,0,0,,False
PEOPLE,2026-09-06T08:52:40.411Z,2026-09-06T08:52:40.411686Z,2026-09-06T10:52:40.411686Z,7644.854243,7,0.008235,12.143290831817033,7.581227436823109,3.875,58.95522388059702,12.143290831817033,59.119637496728174,0,0,0,0,,False
SPK,2026-09-06T08:53:02.517Z,2026-09-06T08:53:02.517847Z,2026-09-06T10:53:02.517847Z,7622.748082,7,0.0220485,14.967004558134015,15.220841047341976,13.652,64.17910447761194,14.967004558134015,59.677930361038534,6,2,4,0,0.6667,False
STX,2026-09-06T08:53:08.239Z,2026-09-06T08:53:08.239886Z,2026-09-06T10:53:08.239886Z,7617.026043,7,0.26944999999999997,18.556318426424216,6.018168054504174,0.304,68.65671641791045,18.556318426424216,71.87264485060116,2,1,1,0,-1.0,False
TRB,2026-09-06T08:53:21.914Z,2026-09-06T08:53:21.914704Z,2026-09-06T10:53:21.914704Z,7603.351225,7,18.255000000000003,5.477951246234763,7.3264078731547295,1.781,64.92537313432835,5.477951246234763,57.53111876754895,0,0,0,0,,False
TST,2026-09-06T08:53:29.298Z,2026-09-06T08:53:29.299068Z,2026-09-06T10:53:29.299068Z,7595.966861,7,0.018494999999999998,16.220600162205344,12.819148936170208,-3.59,69.77611940298507,16.220600162205344,53.61855105750267,7,5,1,1,0.2857,False
WIF,2026-09-06T08:53:40.653Z,2026-09-06T08:53:40.653566Z,2026-09-06T10:53:40.653566Z,7584.612363,7,0.2153,9.289363678588284,5.2380952380952435,0.671,64.55223880597015,9.289363678588284,57.599624005955114,7,6,1,0,0.8571,False
ALLO,2026-09-06T08:59:52.058Z,2026-09-06T08:59:52.058428Z,2026-09-06T10:59:52.058428Z,7213.207501,7,0.2454,8.149959250203981,2.485737571312141,-1.048,42.53731343283582,8.149959250203981,63.172758529491496,0,0,0,0,,False
AVNT,2026-09-06T09:00:07.608Z,2026-09-06T09:00:07.608332Z,2026-09-06T11:00:07.608332Z,7798.1405,7,0.10575000000000001,9.456264775413981,3.6827195467422107,0.57,45.8955223880597,9.456264775413981,63.24268356252024,0,0,0,0,,False
BMT,2026-09-06T09:00:17.527Z,2026-09-06T09:00:17.527483Z,2026-09-06T11:00:17.527483Z,7788.221349,7,0.018009999999999998,11.104941699057555,3.469162995594725,0.276,41.04477611940298,11.104941699057555,66.34489986120505,0,0,0,0,,False
CATI,2026-09-06T09:00:25.297Z,2026-09-06T09:00:25.297649Z,2026-09-06T11:00:25.297649Z,7780.451183,7,0.05007,23.96644697423648,11.61698652511229,-2.721,54.1044776119403,23.96644697423648,58.65922112345552,0,0,0,0,,False
CHZ,2026-09-06T09:00:35.349Z,2026-09-06T09:00:35.350023Z,2026-09-06T11:00:35.350023Z,7770.398809,7,0.013985000000000001,7.1505184125858605,3.732950466618818,2.426,51.865671641791046,7.1505184125858605,75.39036740127275,0,0,0,0,,False
DOGS,2026-09-06T09:00:40.637Z,2026-09-06T09:00:40.637284Z,2026-09-06T11:00:40.637284Z,7765.111548,7,4.4905e-05,6.680770515532351,8.577172213535844,4.971,51.11940298507463,6.680770515532351,66.20722073795244,1,1,0,0,1.0,False
GRT,2026-09-06T09:00:46.431Z,2026-09-06T09:00:46.431797Z,2026-09-06T11:00:46.431797Z,7759.317035,7,0.019865,35.23785552479266,19.2093258996452,12.743,55.223880597014926,35.23785552479266,63.255098329901166,4,3,0,1,0.25,False
HEI,2026-09-06T09:00:52.110Z,2026-09-06T09:00:52.110490Z,2026-09-06T11:00:52.110490Z,7753.638342,7,0.13965,7.1607590404575,7.122507122507109,-3.967,50.0,7.1607590404575,62.175869156234654,0,0,0,0,,False
HOME,2026-09-06T09:00:57.910Z,2026-09-06T09:00:57.911243Z,2026-09-06T11:00:57.911243Z,7747.837589,7,0.006165,16.220600162206747,2.431118314424635,0.982,44.776119402985074,16.220600162206747,63.76485783543987,21,14,5,2,0.8095,False
KAITO,2026-09-06T09:01:03.181Z,2026-09-06T09:01:03.181991Z,2026-09-06T11:01:03.181991Z,7742.566841,7,0.3106,6.439150032195041,2.288845905867181,0.486,44.40298507462686,6.439150032195041,63.889260152615336,0,0,0,0,,False
MEME,2026-09-06T09:01:11.135Z,2026-09-06T09:01:11.135672Z,2026-09-06T11:01:11.135672Z,7734.61316,7,0.0005605,17.841213202498203,3.584229390681013,-1.413,52.61194029850746,17.841213202498203,57.6985465945552,60,41,18,1,0.9,False
MITO,2026-09-06T09:01:18.435Z,2026-09-06T09:01:18.435868Z,2026-09-06T11:01:18.435868Z,7727.312964,7,0.017075,17.569546120059883,8.828722778104774,-4.336,44.02985074626866,17.569546120059883,47.995080225929144,0,0,0,0,,False
NEIRO,2026-09-06T09:01:25.414Z,2026-09-06T09:01:25.414937Z,2026-09-06T11:01:25.414937Z,7720.333895,7,8.931999999999999e-05,13.434841021048548,5.939815854480123,1.504,50.37313432835821,13.434841021048548,50.75300063266448,0,0,0,0,,False
NEO,2026-09-06T09:01:32.662Z,2026-09-06T09:01:32.663160Z,2026-09-06T11:01:32.663160Z,7713.085672,7,2.1529999999999996,18.578727357176053,2.418604651162793,0.75,41.417910447761194,18.578727357176053,67.15324411720123,33,2,31,0,1.0,False
NIL,2026-09-06T09:01:40.442Z,2026-09-06T09:01:40.442735Z,2026-09-06T11:01:40.442735Z,7705.306097,7,0.051715,29.00512423861632,5.446293494704993,1.342,45.149253731343286,29.00512423861632,71.78453921207614,0,0,0,0,,False
PHA,2026-09-06T09:01:47.177Z,2026-09-06T09:01:47.178187Z,2026-09-06T11:01:47.178187Z,7698.570645,7,0.0262,76.33587786259496,5.725190839694661,3.557,40.67164179104478,76.33587786259496,67.65713815494772,1,1,0,0,1.0,False
SIGN,2026-09-06T09:02:35.673Z,2026-09-06T09:02:35.673362Z,2026-09-06T11:02:35.673362Z,7650.07547,7,0.01029,19.436345966959106,7.239382239382246,3.187,48.507462686567166,19.436345966959106,66.2157196240209,0,0,0,0,,False
SYN,2026-09-06T09:02:58.331Z,2026-09-06T09:02:58.331434Z,2026-09-06T11:02:58.331434Z,7627.417398,7,0.08977,15.595410493483483,3.990636495373983,-3.048,42.16417910447761,15.595410493483483,58.19853128526107,0,0,0,0,,False
BERA,2026-09-06T09:09:39.344Z,2026-09-06T09:09:39.345049Z,2026-09-06T11:09:39.345049Z,7226.403783,7,0.18755,5.331911490268674,5.053763440860211,1.418,38.43283582089552,5.331911490268674,65.02293915361723,2,0,1,1,1.0,False
BIO,2026-09-06T09:09:46.693Z,2026-09-06T09:09:46.694193Z,2026-09-06T11:09:46.694193Z,7219.054639,7,0.027755000000000002,18.014772113132032,3.726483357452965,0.4,38.80597014925373,18.014772113132032,63.12128392677601,0,0,0,0,,False
CVX,2026-09-06T09:10:08.644Z,2026-09-06T09:10:08.645123Z,2026-09-06T11:10:08.645123Z,7796.356367,7,2.338,17.108639863130897,7.735281478298245,4.443,34.32835820895522,17.108639863130897,62.27275562099837,1,1,0,0,1.0,False
ERA,2026-09-06T09:10:21.962Z,2026-09-06T09:10:21.962817Z,2026-09-06T11:10:21.962817Z,7783.038673,7,0.06005,16.6527893422153,2.1848739495798246,0.677,35.82089552238806,16.6527893422153,45.153591173627206,0,0,0,0,,True
ETC,2026-09-06T09:10:28.530Z,2026-09-06T09:10:28.530974Z,2026-09-06T11:10:28.530974Z,7776.470516,7,7.735,12.928248222365594,2.853437094682228,-0.13,32.83582089552239,12.928248222365594,65.22383033402612,1,1,0,0,1.0,False
EURI,2026-09-06T09:10:34.998Z,2026-09-06T09:10:34.998666Z,2026-09-06T11:10:34.998666Z,7770.002824,7,1.15985,57.766090442729045,1.1288237828522092,-0.034,30.970149253731343,57.766090442729045,53.44891622997963,0,0,0,0,,
GPS,2026-09-06T09:10:42.071Z,2026-09-06T09:10:42.071452Z,2026-09-06T11:10:42.071452Z,7762.930038,7,0.01051,19.02949571836269,4.653371320037995,1.347,26.492537313432837,19.02949571836269,52.12635823736246,0,0,0,0,,True
GUN,2026-09-06T09:10:49.269Z,2026-09-06T09:10:49.269793Z,2026-09-06T11:10:49.269793Z,7755.731697,7,0.003125,32.000000000000085,3.8585209003215533,0.974,32.46268656716418,32.000000000000085,47.23787402361919,0,0,0,0,,False
HYPER,2026-09-06T09:10:56.446Z,2026-09-06T09:10:56.446587Z,2026-09-06T11:10:56.446587Z,7748.554903,7,0.06945000000000001,14.398848092153036,3.9416058394160696,2.086,30.223880597014926,14.398848092153036,66.46739874114296,1,1,0,0,1.0,False
IMX,2026-09-06T09:11:03.250Z,2026-09-06T09:11:03.251012Z,2026-09-06T11:11:03.251012Z,7741.750478,7,0.1351,14.803849000738563,7.949479940564637,6.995,31.34328358208955,14.803849000738563,64.67294975911952,1,0,0,1,1.0,False
INIT,2026-09-06T09:11:10.413Z,2026-09-06T09:11:10.413231Z,2026-09-06T11:11:10.413231Z,7734.588259,7,0.06699,8.956560680697212,9.502262443438916,2.727,37.3134328358209,8.956560680697212,51.868983499315355,0,0,0,0,,False
IO,2026-09-06T09:11:15.989Z,2026-09-06T09:11:15.989735Z,2026-09-06T11:11:15.989735Z,7729.011755,7,0.13390000000000002,14.936519790889148,5.7981927710843255,2.946,40.298507462686565,14.936519790889148,67.53808742734944,0,0,0,0,,False
KERNEL,2026-09-06T09:11:21.454Z,2026-09-06T09:11:21.454586Z,2026-09-06T11:11:21.454586Z,7723.546904,7,0.04035,24.78314745972638,4.207920792079208,1.253,29.850746268656717,24.78314745972638,60.983213405299615,1,0,1,0,1.0,False
KMNO,2026-09-06T09:11:28.294Z,2026-09-06T09:11:28.294280Z,2026-09-06T11:11:28.294280Z,7716.70721,7,0.025235,3.962750148602969,3.3160207750699193,0.2,34.701492537313435,3.962750148602969,61.53596603572091,1,0,1,0,1.0,False
LA,2026-09-06T09:11:35.364Z,2026-09-06T09:11:35.364677Z,2026-09-06T11:11:35.364677Z,7709.636813,7,0.06989999999999999,57.224606580829416,8.538350217076704,0.0,26.865671641791046,57.224606580829416,46.812386562718565,0,0,0,0,,False
LINEA,2026-09-06T09:11:42.046Z,2026-09-06T09:11:42.046523Z,2026-09-06T11:11:42.046523Z,7702.954967,7,0.002776,14.409221902017642,6.814814814814819,3.726,35.07462686567164,14.409221902017642,62.251203782363376,0,0,0,0,,False
LISTA,2026-09-06T09:11:48.428Z,2026-09-06T09:11:48.428370Z,2026-09-06T11:11:48.428370Z,7696.57312,7,0.0806,24.813895781636706,9.523809523809536,2.177,26.119402985074625,24.813895781636706,61.54252935407999,0,0,0,0,,False
MET,2026-09-06T09:12:03.056Z,2026-09-06T09:12:03.056912Z,2026-09-06T11:12:03.056912Z,7681.944578,7,0.2097,38.14973772055294,12.09232313095836,5.061,39.17910447761194,38.14973772055294,69.19177121629096,11,5,1,5,0.5455,False
MIRA,2026-09-06T09:12:09.153Z,2026-09-06T09:12:09.153558Z,2026-09-06T11:12:09.153558Z,7675.847932,7,0.04695,17.039403620872577,4.382556131260788,0.26,29.104477611940297,17.039403620872577,59.92569451374721,0,0,0,0,,False
MMT,2026-09-06T09:12:16.228Z,2026-09-06T09:12:16.229079Z,2026-09-06T11:12:16.229079Z,7668.772411,7,0.1654,12.09189842805355,2.925045703839122,-1.204,28.35820895522388,12.09189842805355,59.1105951004413,13,9,4,0,0.9231,False
NOT,2026-09-06T09:12:21.691Z,2026-09-06T09:12:21.692120Z,2026-09-06T11:12:21.692120Z,7663.30937,7,0.0004565,21.905805038334503,2.649006622516549,1.116,29.47761194029851,21.905805038334503,66.75192768984114,0,0,0,0,,False
ZBT,2026-09-06T09:13:08.879Z,2026-09-06T09:13:08.879614Z,2026-09-06T11:13:08.879614Z,7616.121876,7,0.08515,11.7439812096304,1.7921146953405034,-0.476,27.238805970149254,11.7439812096304,56.80894573313041,1,1,0,0,1.0,False
COOKIE,2026-09-06T09:19:41.681Z,2026-09-06T09:19:41.681634Z,2026-09-06T11:19:41.681634Z,7223.319856,7,0.01175,85.10638297872289,3.418803418803413,-0.847,13.432835820895523,85.10638297872289,47.76352430211632,0,0,0,0,,False
HAEDAL,2026-09-06T09:20:11.843Z,2026-09-06T09:20:11.843612Z,2026-09-06T11:20:11.843612Z,7794.09385,7,0.018685,26.759432700027524,2.0911528150134124,0.756,16.044776119402986,26.759432700027524,65.43935357307734,0,0,0,0,,False
HOLO,2026-09-06T09:20:19.609Z,2026-09-06T09:20:19.609363Z,2026-09-06T11:20:19.609363Z,7786.328099,7,0.0678,29.498525073747157,5.05952380952381,4.186,22.01492537313433,29.498525073747157,72.12691918515753,1,0,0,1,-1.0,False
LAYER,2026-09-06T09:20:32.434Z,2026-09-06T09:20:32.434449Z,2026-09-06T11:20:32.434449Z,7773.503013,7,0.07200000000000001,27.77777777777664,3.4042553191489358,0.714,17.91044776119403,27.77777777777664,44.176334266831155,0,0,0,0,,False
MANTRA,2026-09-06T09:20:44.902Z,2026-09-06T09:20:44.902792Z,2026-09-06T11:20:44.902792Z,7761.03467,7,0.004455000000000001,22.44668911335681,3.1818181818181897,-0.677,11.567164179104477,22.44668911335681,58.24154047799558,0,0,0,0,,False
MINA,2026-09-06T09:20:51.958Z,2026-09-06T09:20:51.958619Z,2026-09-06T11:20:51.958619Z,7753.978843,7,0.07585,39.551746868819336,4.127829560585875,-0.661,24.253731343283583,39.551746868819336,51.26151378250709,0,0,0,0,,False
ONT,2026-09-06T09:20:59.573Z,2026-09-06T09:20:59.573924Z,2026-09-06T11:20:59.573924Z,7746.363538,7,0.056315000000000004,23.08443576311785,2.6043524794862702,-0.937,18.28358208955224,23.08443576311785,46.06979387972491,0,0,0,0,,False
OPEN,2026-09-06T09:21:07.971Z,2026-09-06T09:21:07.971842Z,2026-09-06T11:21:07.971842Z,7737.96562,7,0.12505,7.996801279487324,3.212851405622493,-2.353,17.16417910447761,7.996801279487324,55.7326957221389,0,0,0,0,,False
OSMO,2026-09-06T09:21:17.077Z,2026-09-06T09:21:17.077437Z,2026-09-06T11:21:17.077437Z,7728.860025,7,0.035750000000000004,27.972027972026826,5.524861878453043,3.134,23.507462686567163,27.972027972026826,66.71496603740034,0,0,0,0,,False
QNT,2026-09-06T09:21:24.881Z,2026-09-06T09:21:24.881353Z,2026-09-06T11:21:24.881353Z,7721.056109,7,65.675,22.83974114960117,5.085775011386065,2.681,15.298507462686567,22.83974114960117,67.61988981746316,5,5,0,0,1.0,False
RARE,2026-09-06T09:21:30.394Z,2026-09-06T09:21:30.394968Z,2026-09-06T11:21:30.394968Z,7715.542494,7,0.01265,15.810276679841254,1.9093078758949795,0.0,18.65671641791045,15.810276679841254,61.01601438004143,2,0,2,0,1.0,False
SAPIEN,2026-09-06T09:21:37.368Z,2026-09-06T09:21:37.368598Z,2026-09-06T11:21:37.368598Z,7708.568864,7,0.08215,12.172854534386975,3.3088235294117743,0.246,13.059701492537313,12.172854534386975,59.746211348409346,0,0,0,0,,False
SHELL,2026-09-06T09:21:50.332Z,2026-09-06T09:21:50.332857Z,2026-09-06T11:21:50.332857Z,7695.604605,7,0.02345,42.643923240937916,7.758620689655171,2.655,10.82089552238806,42.643923240937916,43.39788840693041,0,0,0,0,,False
TLM,2026-09-06T09:22:14.809Z,2026-09-06T09:22:14.809579Z,2026-09-06T11:22:14.809579Z,7671.127883,7,0.001461,13.689253935660838,2.9553264604811047,0.276,19.776119402985074,13.689253935660838,57.86277604763265,0,0,0,0,,False
YB,2026-09-06T09:22:37.110Z,2026-09-06T09:22:37.111086Z,2026-09-06T11:22:37.111086Z,7648.826376,7,0.096,20.833333333333933,3.7499999999999916,-2.141,11.194029850746269,20.833333333333933,43.267277540151326,0,0,0,0,,True
YGG,2026-09-06T09:22:42.282Z,2026-09-06T09:22:42.282564Z,2026-09-06T11:22:42.282564Z,7643.654898,7,0.02413,33.153750518027444,5.99001663893511,2.955,14.17910447761194,33.153750518027444,62.706093666002666,0,0,0,0,,False
DOLO,2026-09-06T09:29:20.853Z,2026-09-06T09:29:20.853467Z,2026-09-06T11:29:20.853467Z,7245.083995,7,0.02743,21.87386073641909,1.3215859030837103,0.258,1.8656716417910448,21.87386073641909,45.92456152939641,0,0,0,0,,False
HUMA,2026-09-06T09:30:02.486Z,2026-09-06T09:30:02.486501Z,2026-09-06T11:30:02.486501Z,7203.450961,7,0.022269999999999998,26.942074539740023,2.7247956403269744,0.778,1.492537313432836,26.942074539740023,50.46039279822893,1,0,0,1,-1.0,False
MANTA,2026-09-06T09:30:16.592Z,2026-09-06T09:30:16.592899Z,2026-09-06T11:30:16.592899Z,7788.154129,7,0.062485,8.001920460909737,2.6234316441257834,0.311,8.208955223880597,8.001920460909737,63.44922189617902,0,0,0,0,,False
NEWT,2026-09-06T09:30:22.309Z,2026-09-06T09:30:22.309926Z,2026-09-06T11:30:22.309926Z,7782.437102,7,0.04474,8.940545373267405,3.1789282470481504,2.086,7.08955223880597,8.940545373267405,66.09757534400975,1,1,0,0,1.0,False
NXPC,2026-09-06T09:30:29.772Z,2026-09-06T09:30:29.772260Z,2026-09-06T11:30:29.772260Z,7774.974768,7,0.20875,23.952095808383255,1.204819277108435,-0.813,0.373134328358209,23.952095808383255,51.94351481340363,0,0,0,0,,True
PIXEL,2026-09-06T09:30:36.674Z,2026-09-06T09:30:36.674824Z,2026-09-06T11:30:36.674824Z,7768.072204,7,0.005180000000000001,38.61003861003871,2.5490196078431353,1.19,4.477611940298507,38.61003861003871,58.36791528561365,0,0,0,0,,False
PROVE,2026-09-06T09:30:43.625Z,2026-09-06T09:30:43.625273Z,2026-09-06T11:30:43.625273Z,7761.121755,7,0.18164999999999998,16.515276630883278,1.434087148372858,0.778,3.3582089552238807,16.515276630883278,64.11610247761462,0,0,0,0,,False
SOL,2026-09-06T09:30:54.966Z,2026-09-06T09:30:54.967036Z,2026-09-06T11:30:54.967036Z,7749.779992,7,106.505,0.9389230552561022,4.706554878048778,2.44,98.88059701492537,0.9389230552561022,66.64071898408983,32,21,9,2,0.7812,False
SUI,2026-09-06T09:31:00.068Z,2026-09-06T09:31:00.068441Z,2026-09-06T11:31:00.068441Z,7744.678587,7,0.79945,1.250859966226643,3.902500631472585,0.114,97.01492537313433,1.250859966226643,53.917032796361816,0,0,0,0,,False
TURTLE,2026-09-06T09:31:07.687Z,2026-09-06T09:31:07.687661Z,2026-09-06T11:31:07.687661Z,7737.059367,7,0.042499999999999996,47.058823529411484,2.6004728132387633,-0.236,5.970149253731344,47.058823529411484,50.82960394760211,0,0,0,0,,False
USD1,2026-09-06T09:31:16.054Z,2026-09-06T09:31:16.054577Z,2026-09-06T11:31:16.054577Z,7728.692451,7,0.99985,1.0001500225032653,0.04000800160031566,0.0,98.13432835820896,1.0001500225032653,64.57900517611807,0,0,0,0,,False
USUAL,2026-09-06T09:31:21.952Z,2026-09-06T09:31:21.952670Z,2026-09-06T11:31:21.952670Z,7722.794358,7,0.011445,8.737439930100123,3.5180299032541718,-0.958,6.343283582089552,8.737439930100123,30.459033248309954,0,0,0,0,,True
VANA,2026-09-06T09:31:29.714Z,2026-09-06T09:31:29.714216Z,2026-09-06T11:31:29.714216Z,7715.032812,7,0.9435,31.796502384737707,2.13903743315507,-0.638,2.2388059701492535,31.796502384737707,42.197041222398106,0,0,0,0,,True
VELODROME,2026-09-06T09:31:36.706Z,2026-09-06T09:31:36.706556Z,2026-09-06T11:31:36.706556Z,7708.040472,7,0.025230000000000002,47.5624256837093,7.6650943396226285,5.167,0.746268656716418,47.5624256837093,68.59534393877559,0,0,0,0,,False
WCT,2026-09-06T09:31:43.598Z,2026-09-06T09:31:43.599103Z,2026-09-06T11:31:43.599103Z,7701.147925,7,0.039735,12.583364791743927,2.607594936708869,0.997,1.1194029850746268,12.583364791743927,59.73953818320471,1,0,1,0,1.0,False
XRP,2026-09-06T09:31:49.182Z,2026-09-06T09:31:49.182690Z,2026-09-06T11:31:49.182690Z,7695.564338,7,1.4185500000000002,0.70494519051136,2.266949152542374,0.783,97.76119402985074,0.70494519051136,61.19370588263615,0,0,0,0,,False
ZEC,2026-09-06T09:31:54.898Z,2026-09-06T09:31:54.898587Z,2026-09-06T11:31:54.898587Z,7689.848441,7,1168.93,4.106319454544055,17.12318127686014,14.715,97.38805970149254,4.106319454544055,77.77899306071586,44,19,22,3,0.5,False
NEAR,2026-09-06T09:38:40.348Z,2026-09-06T09:38:40.348626Z,2026-09-06T11:38:40.348626Z,7284.398402,7,2.388,8.375209380233583,5.776805251641143,2.558,95.14925373134328,8.375209380233583,63.2915668298154,18,8,9,1,0.8333,False
TUT,2026-09-06T09:39:09.881Z,2026-09-06T09:39:09.882162Z,2026-09-06T11:39:09.882162Z,7254.864866,7,0.026025,19.21229586935694,19.992512167727448,7.528,85.82089552238806,19.21229586935694,65.28722131150705,4,1,3,0,0.25,False
1000CAT,2026-09-06T09:44:57.835Z,2026-09-06T09:44:57.835523Z,2026-09-06T11:44:57.835523Z,7507.664719,7,0.0022364999999999998,22.35636038453043,31.117021276595757,-0.044,79.85074626865672,22.35636038453043,46.63173823883401,1,0,1,0,1.0,False
ALGO,2026-09-06T09:45:02.819Z,2026-09-06T09:45:02.819442Z,2026-09-06T11:45:02.819442Z,7502.6808,7,0.09565,10.454783063250286,4.407135362014686,1.708,76.11940298507463,10.454783063250286,62.24280167243128,0,0,0,0,,False
APT,2026-09-06T09:45:09.035Z,2026-09-06T09:45:09.035559Z,2026-09-06T11:45:09.035559Z,7496.464683,7,0.6234999999999999,16.038492381716132,5.750798722044734,4.16,83.58208955223881,16.038492381716132,75.8508234580709,0,0,0,0,,False
BOME,2026-09-06T09:45:18.843Z,2026-09-06T09:45:18.843892Z,2026-09-06T11:45:18.843892Z,7486.65635,7,0.0009279,12.932428063368045,40.45163391597003,9.759,82.83582089552239,12.932428063368045,52.38615760954143,8,2,3,3,0.0,False
BONK,2026-09-06T09:45:24.804Z,2026-09-06T09:45:24.805070Z,2026-09-06T11:45:24.805070Z,7480.695172,7,3.315e-06,30.165912518853407,5.074626865671631,0.904,72.76119402985074,30.165912518853407,65.57728277274991,0,0,0,0,,False
COTI,2026-09-06T09:45:34.977Z,2026-09-06T09:45:34.977645Z,2026-09-06T11:45:34.977645Z,7470.522597,7,0.017685,28.272547356517634,18.01426872770511,12.283,80.22388059701493,28.272547356517634,80.1782846791663,1,1,0,0,1.0,False
DOT,2026-09-06T09:45:39.928Z,2026-09-06T09:45:39.929124Z,2026-09-06T11:45:39.929124Z,7465.571118,7,0.9855,10.147133434804676,5.938494167550365,4.084,81.34328358208955,10.147133434804676,71.06982104911523,10,4,5,1,0.6,False
DYDX,2026-09-06T09:45:45.681Z,2026-09-06T09:45:45.681839Z,2026-09-06T11:45:45.681839Z,7459.818403,7,0.123795,13.732380144594167,7.240897509657268,4.339,80.97014925373135,13.732380144594167,58.57697899596884,8,7,1,0,-0.75,False
ENSO,2026-09-06T09:45:50.634Z,2026-09-06T09:45:50.635186Z,2026-09-06T11:45:50.635186Z,7454.865056,7,0.8965000000000001,11.154489682097054,6.644518272425243,2.73,70.8955223880597,11.154489682097054,52.82282378294717,0,0,0,0,,False
EPIC,2026-09-06T09:45:56.128Z,2026-09-06T09:45:56.128272Z,2026-09-06T11:45:56.128272Z,7449.37197,7,0.4513,22.158209616662994,22.914488814551532,24.883,77.23880597014926,22.158209616662994,80.56766000488344,18,18,0,0,0.2778,False
SEI,2026-09-06T09:47:01.145Z,2026-09-06T09:47:01.145787Z,2026-09-06T11:47:01.145787Z,7384.354455,7,0.04912,4.07166123778485,3.3985581874356448,1.761,70.5223880597015,4.07166123778485,63.3613561760295,0,0,0,0,,False
ENS,2026-09-06T09:54:05.062Z,2026-09-06T09:54:05.062996Z,2026-09-06T11:54:05.062996Z,7560.389848,7,6.125,16.32653061224455,7.401315789473687,4.11,56.343283582089555,16.32653061224455,71.82284999524414,0,0,0,0,,False
FORM,2026-09-06T09:54:26.393Z,2026-09-06T09:54:26.393509Z,2026-09-06T11:54:26.393509Z,7539.059335,7,0.26749999999999996,22.429906542055683,20.333333333333332,-8.907,61.19402985074627,22.429906542055683,29.433980593704664,0,0,0,0,,False
GALA,2026-09-06T09:54:31.443Z,2026-09-06T09:54:31.443981Z,2026-09-06T11:54:31.443981Z,7534.008863,7,0.0019025000000000001,5.256241787121765,4.3016463090812485,-2.486,57.08955223880597,5.256241787121765,55.9878462919692,0,0,0,0,,False
MORPHO,2026-09-06T09:55:00.707Z,2026-09-06T09:55:00.708123Z,2026-09-06T11:55:00.708123Z,7504.744721,7,2.5780000000000003,7.757951900699083,5.470287288469116,0.118,68.28358208955224,7.757951900699083,58.05816238767983,0,0,0,0,,False
ORDI,2026-09-06T09:55:25.192Z,2026-09-06T09:55:25.192242Z,2026-09-06T11:55:25.192242Z,7480.260602,7,4.1955,7.150518412585183,4.507312395109079,1.682,67.53731343283582,7.150518412585183,42.752647211149835,1,0,1,0,1.0,False
PLUME,2026-09-06T09:55:41.287Z,2026-09-06T09:55:41.287850Z,2026-09-06T11:55:41.287850Z,7464.164994,7,0.013905,7.191657677095524,5.827338129496403,1.091,62.3134328358209,7.191657677095524,65.81307807816202,2,2,0,0,1.0,False
RUNE,2026-09-06T09:55:49.075Z,2026-09-06T09:55:49.076119Z,2026-09-06T11:55:49.076119Z,7456.376725,7,0.4905,20.38735983690114,2.874743326488709,1.458,69.40298507462687,20.38735983690114,65.12796298922906,0,0,0,0,,False
ARKM,2026-09-06T10:02:39.828Z,2026-09-06T10:02:39.828789Z,2026-09-06T12:02:39.828789Z,7646.478195,7,0.11015,9.078529278257182,2.8810408921933135,0.186,46.64179104477612,9.078529278257182,55.491341374870245,0,0,0,0,,False
BANANAS31,2026-09-06T10:02:51.266Z,2026-09-06T10:02:51.266312Z,2026-09-06T12:02:51.266312Z,7635.040672,7,0.008324999999999999,14.414414414414246,5.987445678416224,-3.909,40.67164179104478,14.414414414414246,52.600673915699545,0,0,0,0,,False
BFUSD,2026-09-06T10:02:56.823Z,2026-09-06T10:02:56.824098Z,2026-09-06T12:02:56.824098Z,7629.482886,7,1.00015,10.99835024746167,0.1099230538622843,0.04,49.25373134328358,10.99835024746167,59.54928069397306,0,0,0,0,,
CFX,2026-09-06T10:03:09.476Z,2026-09-06T10:03:09.476859Z,2026-09-06T12:03:09.476859Z,7616.830125,7,0.050245,9.951238929246976,5.101835047388581,3.853,54.850746268656714,9.951238929246976,58.16008502259324,0,0,0,0,,False
IOTA,2026-09-06T10:03:33.164Z,2026-09-06T10:03:33.165098Z,2026-09-06T12:03:33.165098Z,7593.141886,7,0.04265,23.446658851114385,6.4748201438848945,4.774,55.223880597014926,23.446658851114385,71.3676353323415,3,0,3,0,1.0,False
PNUT,2026-09-06T10:04:16.330Z,2026-09-06T10:04:16.330619Z,2026-09-06T12:04:16.330619Z,7549.976365,7,0.0511,39.138943248533415,7.480314960629918,2.213,46.26865671641791,39.138943248533415,65.47895440642063,0,0,0,0,,False
PYTH,2026-09-06T10:04:21.076Z,2026-09-06T10:04:21.077160Z,2026-09-06T12:04:21.077160Z,7545.229824,7,0.05586,14.321518080915993,6.2237634604854835,1.595,54.47761194029851,14.321518080915993,48.91676796360878,1,1,0,0,1.0,False
ROSE,2026-09-06T10:04:37.234Z,2026-09-06T10:04:37.234612Z,2026-09-06T12:04:37.234612Z,7529.072372,7,0.0075049999999999995,13.324450366423,6.456241032998576,3.72,47.38805970149254,13.324450366423,67.184812870708,5,1,4,0,1.0,False
RSR,2026-09-06T10:04:42.683Z,2026-09-06T10:04:42.683719Z,2026-09-06T12:04:42.683719Z,7523.623265,7,0.0014585000000000002,6.85635927322534,4.735758407687031,3.849,52.985074626865675,6.85635927322534,79.09119179710999,0,0,0,0,,False
SAGA,2026-09-06T10:04:55.622Z,2026-09-06T10:04:55.622609Z,2026-09-06T12:04:55.622609Z,7510.684375,7,0.015595,6.412311638345362,3.2924467398321386,0.912,51.492537313432834,6.412311638345362,65.17293463658334,0,0,0,0,,False
SKY,2026-09-06T10:05:05.299Z,2026-09-06T10:05:05.299493Z,2026-09-06T12:05:05.299493Z,7501.007491,7,0.07184,11.135857461024045,6.436619718309866,5.216,51.11940298507463,11.135857461024045,53.906606221669854,0,0,0,0,,False
SNX,2026-09-06T10:05:10.164Z,2026-09-06T10:05:10.164550Z,2026-09-06T12:05:10.164550Z,7496.142434,7,0.23045,4.339336081580245,6.543321299638983,4.038,50.37313432835821,4.339336081580245,68.55856890082404,0,0,0,0,,False
THE,2026-09-06T10:05:20.818Z,2026-09-06T10:05:20.818350Z,2026-09-06T12:05:20.818350Z,7485.488634,7,0.07725,12.944983818768799,5.751633986928106,-2.423,53.73134328358209,12.944983818768799,65.86929571364162,0,0,0,0,,False
VET,2026-09-06T10:05:27.628Z,2026-09-06T10:05:27.629065Z,2026-09-06T12:05:27.629065Z,7478.677919,7,0.007043000000000001,8.519096975720473,3.2202166064981967,0.377,48.88059701492537,8.519096975720473,44.32656644199528,7,4,2,1,0.8571,False
1000SATS,2026-09-06T10:11:28.372Z,2026-09-06T10:11:28.373004Z,2026-09-06T12:11:28.373004Z,7716.752761,7,1.151e-05,17.376194613379504,5.913503971756387,0.443,33.582089552238806,17.376194613379504,54.55330290535354,0,0,0,0,,False
ACH,2026-09-06T10:11:34.827Z,2026-09-06T10:11:34.827687Z,2026-09-06T12:11:34.827687Z,7710.298078,7,0.005405,18.501387604069553,4.832713754646837,1.318,35.82089552238806,18.501387604069553,63.745628669926475,0,0,0,0,,False
AIXBT,2026-09-06T10:11:42.024Z,2026-09-06T10:11:42.025149Z,2026-09-06T12:11:42.025149Z,7703.100616,7,0.022155,31.59557661927358,4.7074954296161025,-3.4,30.223880597014926,31.59557661927358,44.523839263604735,7,6,1,0,1.0,False
AXS,2026-09-06T10:11:47.489Z,2026-09-06T10:11:47.489361Z,2026-09-06T12:11:47.489361Z,7697.636404,7,0.9604999999999999,10.41124414367518,1.6753926701570696,1.058,31.34328358208955,10.41124414367518,71.14066324731623,0,0,0,0,,False
BABY,2026-09-06T10:11:55.361Z,2026-09-06T10:11:55.361974Z,2026-09-06T12:11:55.361974Z,7689.763791,7,0.011575,8.639308855291224,2.7027027027026986,1.057,28.73134328358209,8.639308855291224,51.4901784702212,1,0,1,0,1.0,False
BANK,2026-09-06T10:12:01.001Z,2026-09-06T10:12:01.001966Z,2026-09-06T12:12:01.001966Z,7684.123799,7,0.03535,28.288543140029102,1.129943502824852,0.283,26.119402985074625,28.288543140029102,59.696414133052684,0,0,0,0,,False
COMP,2026-09-06T10:12:21.818Z,2026-09-06T10:12:21.818989Z,2026-09-06T12:12:21.818989Z,7663.306776,7,21.104999999999997,23.69106846718821,5.1923076923077005,3.483,40.298507462686565,23.69106846718821,67.21053927431798,1,1,0,0,1.0,False
EDEN,2026-09-06T10:12:33.001Z,2026-09-06T10:12:33.001330Z,2026-09-06T12:12:33.001330Z,7652.124435,7,0.056694999999999995,15.874415733309782,4.997322862752092,-1.269,38.059701492537314,15.874415733309782,61.7419681336939,0,0,0,0,,False
ENJ,2026-09-06T10:12:38.852Z,2026-09-06T10:12:38.852584Z,2026-09-06T12:12:38.852584Z,7646.273181,7,0.02767,28.912179255511457,12.676056338028166,0.728,35.07462686567164,28.912179255511457,59.03424637191975,0,0,0,0,,False
RED,2026-09-06T10:14:38.410Z,2026-09-06T10:14:38.410705Z,2026-09-06T12:14:38.410705Z,7526.71506,7,0.1286,15.552099533437461,3.752931978107896,0.788,28.35820895522388,15.552099533437461,62.013292831273056,1,1,0,0,1.0,False
REZ,2026-09-06T10:14:46.237Z,2026-09-06T10:14:46.238146Z,2026-09-06T12:14:46.238146Z,7518.887619,7,0.003096,19.37984496124148,8.688577936869505,-0.389,32.83582089552239,19.37984496124148,47.36796392287621,0,0,0,0,,False
SSV,2026-09-06T10:14:52.969Z,2026-09-06T10:14:52.969671Z,2026-09-06T12:14:52.969671Z,7512.156094,7,2.9815,30.186147912125914,4.1764904008083565,-0.202,32.46268656716418,30.186147912125914,46.62689174918536,0,0,0,0,,False
TNSR,2026-09-06T10:15:00.233Z,2026-09-06T10:15:00.233980Z,2026-09-06T12:15:00.233980Z,7504.891785,7,0.03665,27.2851296043664,3.030303030303022,-1.09,31.71641791044776,27.2851296043664,55.89967418609096,0,0,0,0,,False
TREE,2026-09-06T10:15:06.311Z,2026-09-06T10:15:06.311814Z,2026-09-06T12:15:06.311814Z,7498.813951,7,0.042749999999999996,23.391812865496128,3.7647058823529345,0.95,33.95522388059702,23.391812865496128,66.56346647136884,0,0,0,0,,False
1INCH,2026-09-06T10:20:48.484Z,2026-09-06T10:20:48.484646Z,2026-09-06T12:20:48.484646Z,7756.932802,7,0.0958,20.876826722338805,5.925925925925919,3.618,20.149253731343283,20.876826722338805,54.928343330607646,0,0,0,0,,
1MBABYDOGE,2026-09-06T10:20:55.454Z,2026-09-06T10:20:55.454209Z,2026-09-06T12:20:55.454209Z,7749.963239,7,0.00041034999999999997,21.932496649202434,4.675642594859249,0.939,14.925373134328359,21.932496649202434,61.089646286345776,0,0,0,0,,False
2Z,2026-09-06T10:21:02.556Z,2026-09-06T10:21:02.558515Z,2026-09-06T12:21:02.558515Z,7742.858933,7,0.052265,21.046589495838322,3.3043478260869628,-1.429,25.37313432835821,21.046589495838322,55.84468189544489,0,0,0,0,,False
ACT,2026-09-06T10:21:10.046Z,2026-09-06T10:21:10.046535Z,2026-09-06T12:21:10.046535Z,7735.370913,7,0.011109999999999998,36.0036003600361,6.974637681159419,-1.164,13.059701492537313,36.0036003600361,47.77890677441633,1,0,1,0,1.0,False
ALT,2026-09-06T10:21:17.209Z,2026-09-06T10:21:17.209742Z,2026-09-06T12:21:17.209742Z,7728.207706,7,0.0064849999999999994,15.420200462606724,2.3255813953488365,0.467,25.0,15.420200462606724,59.60648901808967,0,0,0,0,,False
API3,2026-09-06T10:21:22.047Z,2026-09-06T10:21:22.047609Z,2026-09-06T12:21:22.047609Z,7723.369839,7,0.23595,12.7145581691034,3.341793570219974,1.984,24.62686567164179,12.7145581691034,66.64808655547282,0,0,0,0,,True
AUCTION,2026-09-06T10:21:29.094Z,2026-09-06T10:21:29.095341Z,2026-09-06T12:21:29.095341Z,7716.322107,7,3.441,5.812263876780657,2.886297376093287,0.029,24.253731343283583,5.812263876780657,60.38739494775276,0,0,0,0,,False
BANANA,2026-09-06T10:21:34.694Z,2026-09-06T10:21:34.694634Z,2026-09-06T12:21:34.694634Z,7710.722814,7,4.0809999999999995,9.801519235482598,5.3960396039603955,-0.099,23.134328358208954,9.801519235482598,57.486397231225155,0,0,0,0,,False
BB,2026-09-06T10:21:41.333Z,2026-09-06T10:21:41.334257Z,2026-09-06T12:21:41.334257Z,7704.083191,7,0.009604999999999999,10.411244143676553,4.361370716510906,2.229,20.52238805970149,10.411244143676553,68.93293952339108,0,0,0,0,,False
CETUS,2026-09-06T10:21:49.024Z,2026-09-06T10:21:49.024441Z,2026-09-06T12:21:49.024441Z,7696.393007,7,0.02335,17.130620985010008,6.718346253229969,-2.149,22.388059701492537,17.130620985010008,51.72042269104703,1,0,1,0,1.0,False
CKB,2026-09-06T10:21:56.015Z,2026-09-06T10:21:56.015513Z,2026-09-06T12:21:56.015513Z,7689.401935,7,0.001106,36.16636528029021,5.035971223021588,3.346,19.402985074626866,36.16636528029021,43.65524070853084,1,1,0,0,1.0,False
COW,2026-09-06T10:22:09.180Z,2026-09-06T10:22:09.180226Z,2026-09-06T12:22:09.180226Z,7676.237222,7,0.133,15.037593984962836,6.001500375093779,4.549,21.26865671641791,15.037593984962836,71.89972784421713,0,0,0,0,,False
HMSTR,2026-09-06T10:22:30.253Z,2026-09-06T10:22:30.253509Z,2026-09-06T12:22:30.253509Z,7655.163939,7,0.00017955,5.569479253689916,2.2271714922049086,0.167,11.940298507462687,5.569479253689916,60.617435337871065,0,0,0,0,,False
KAIA,2026-09-06T10:22:40.922Z,2026-09-06T10:22:40.922569Z,2026-09-06T12:22:40.922569Z,7644.494879,7,0.03095,32.31017770597719,2.580645161290318,0.0,22.761194029850746,32.31017770597719,60.7353248434835,0,0,0,0,,False
PARTI,2026-09-06T10:23:26.336Z,2026-09-06T10:23:26.337005Z,2026-09-06T12:23:26.337005Z,7599.080443,7,0.02555,39.138943248533415,2.7237354085603083,0.0,23.507462686567163,39.138943248533415,56.940989260590904,0,0,0,0,,False
STO,2026-09-06T10:23:57.532Z,2026-09-06T10:23:57.532163Z,2026-09-06T12:23:57.532163Z,7567.885285,7,0.042050000000000004,23.781212841853964,1.6786570743405258,-0.239,12.313432835820896,23.781212841853964,59.59965168945027,0,0,0,0,,False
SXT,2026-09-06T10:24:03.077Z,2026-09-06T10:24:03.077713Z,2026-09-06T12:24:03.077713Z,7562.339735,7,0.00892,22.421524663678156,4.7297297297297325,1.254,12.686567164179104,22.421524663678156,64.82312773698997,0,0,0,0,,False
THETA,2026-09-06T10:24:08.431Z,2026-09-06T10:24:08.432178Z,2026-09-06T12:24:08.432178Z,7556.98527,7,0.1834,10.905125408942515,3.436807095343671,1.863,19.776119402985074,10.905125408942515,66.5955376582762,0,0,0,0,,False
TOWNS,2026-09-06T10:24:19.400Z,2026-09-06T10:24:19.400905Z,2026-09-06T12:24:19.400905Z,7546.016543,7,0.002175,45.97701149425299,7.042253521126759,-5.333,17.91044776119403,45.97701149425299,48.54568976107244,2,0,1,1,0.0,False
TURBO,2026-09-06T10:24:26.243Z,2026-09-06T10:24:26.243895Z,2026-09-06T12:24:26.243895Z,7539.173553,7,0.0010105000000000001,9.89609104403677,3.1777557100297824,-1.852,14.17910447761194,9.89609104403677,59.90035601116143,4,4,0,0,1.0,False
UMA,2026-09-06T10:24:32.855Z,2026-09-06T10:24:32.855596Z,2026-09-06T12:24:32.855596Z,7532.561852,7,0.3985,25.09410288582185,5.276381909547729,1.531,21.64179104477612,25.09410288582185,58.71671936916269,2,0,2,0,1.0,False
ANIME,2026-09-06T10:30:25.282Z,2026-09-06T10:30:25.283003Z,2026-09-06T12:30:25.283003Z,7779.379017,7,0.002915,34.30531732418534,2.4221453287197146,0.347,7.08955223880597,34.30531732418534,59.218438009188056,0,0,0,0,,False
ARB,2026-09-06T10:30:30.259Z,2026-09-06T10:30:30.259548Z,2026-09-06T12:30:30.259548Z,7774.402472,7,0.18975,5.270092226613385,38.52080123266563,43.267,98.50746268656717,5.270092226613385,74.33381234420628,28,18,7,3,0.6429,False
AT,2026-09-06T10:30:35.763Z,2026-09-06T10:30:35.763576Z,2026-09-06T12:30:35.763576Z,7768.898444,7,0.15655000000000002,19.163206643244628,4.58064516129032,3.333,7.835820895522388,19.163206643244628,63.59643966664695,0,0,0,0,,False
BARD,2026-09-06T10:30:41.155Z,2026-09-06T10:30:41.155466Z,2026-09-06T12:30:41.155466Z,7763.506554,7,0.12785000000000002,23.46499804458308,5.9367771781033145,5.447,6.7164179104477615,23.46499804458308,73.70173929725743,0,0,0,0,,False
BEAMX,2026-09-06T10:30:48.185Z,2026-09-06T10:30:48.185803Z,2026-09-06T12:30:48.185803Z,7756.476217,7,0.0015975,18.779342723004472,2.4050632911392302,0.127,7.462686567164179,18.779342723004472,47.16548177254907,0,0,0,0,,True
BLUR,2026-09-06T10:30:56.096Z,2026-09-06T10:30:56.096378Z,2026-09-06T12:30:56.096378Z,7748.565642,7,0.017665,16.982734220210727,2.3934617629889123,1.722,4.104477611940299,16.982734220210727,70.77979164139246,0,0,0,0,,False
BNB,2026-09-06T10:31:01.129Z,2026-09-06T10:31:01.129606Z,2026-09-06T12:31:01.129606Z,7743.532414,7,756.955,0.13210824949951985,4.628627254244441,1.263,99.25373134328358,0.13210824949951985,55.51042052344761,22,16,3,3,0.5455,False
BTC,2026-09-06T10:31:14.812Z,2026-09-06T10:31:14.812453Z,2026-09-06T12:31:14.812453Z,7729.849567,7,80006.38500000001,0.0012499002416821246,0.8220163564427957,0.232,100.0,0.0012499002416821246,60.32109811120755,35,20,10,5,0.4286,False
C,2026-09-06T10:31:21.600Z,2026-09-06T10:31:21.601051Z,2026-09-06T12:31:21.601051Z,7723.060969,7,0.062,32.258064516129956,1.9672131147540979,0.0,3.3582089552238807,32.258064516129956,59.37154742625236,0,0,0,0,,False
CGPT,2026-09-06T10:31:27.467Z,2026-09-06T10:31:27.467503Z,2026-09-06T12:31:27.467503Z,7717.194517,7,0.021365,32.76386613620436,4.128660585693709,1.759,4.850746268656716,32.76386613620436,55.02980099381664,0,0,0,0,,False
DOGE,2026-09-06T10:31:32.715Z,2026-09-06T10:31:32.715432Z,2026-09-06T12:31:32.715432Z,7711.946588,7,0.09001500000000001,1.1109259567845493,10.386285205387962,4.405,96.26865671641791,1.1109259567845493,58.80890154797811,24,9,13,2,0.5417,False
DYM,2026-09-06T10:31:46.696Z,2026-09-06T10:31:46.697032Z,2026-09-06T12:31:46.697032Z,7697.964988,7,0.01564,25.57544757033255,2.334630350194559,-0.065,8.955223880597014,25.57544757033255,64.24534361903693,0,0,0,0,,
ETH,2026-09-06T10:31:52.886Z,2026-09-06T10:31:52.886853Z,2026-09-06T12:31:52.886853Z,7691.775167,7,2503.425,0.039945274972342015,2.9743306253905684,1.461,99.6268656716418,0.039945274972342015,65.53720537238833,39,14,24,1,0.7179,False
EUL,2026-09-06T10:32:00.156Z,2026-09-06T10:32:00.156534Z,2026-09-06T12:32:00.156534Z,7684.505486,7,1.2955,7.719027402548142,3.651903651903664,-3.523,5.223880597014926,7.719027402548142,49.71009221165373,1,0,1,0,1.0,False
EUR,2026-09-06T10:32:05.524Z,2026-09-06T10:32:05.524711Z,2026-09-06T12:32:05.524711Z,7679.137309,7,1.16105,0.8612893501570905,0.08614006374363768,-0.009,96.64179104477611,0.8612893501570905,70.74448104682357,0,0,0,0,,False
FLUX,2026-09-06T10:32:12.517Z,2026-09-06T10:32:12.517551Z,2026-09-06T12:32:12.517551Z,7672.144469,7,0.051949999999999996,19.249278152068513,3.2882011605415857,-0.385,8.582089552238806,19.249278152068513,53.20862356847526,2,1,1,0,1.0,False
GMT,2026-09-06T10:32:19.922Z,2026-09-06T10:32:19.922322Z,2026-09-06T12:32:19.922322Z,7664.739698,7,0.007545,13.253810470510881,2.139037433155086,0.538,3.7313432835820897,13.253810470510881,49.6883868578877,1,0,1,0,1.0,False
AAVE,2026-09-06T10:39:39.076Z,2026-09-06T10:39:39.077062Z,2026-09-06T12:39:39.077062Z,7225.584958,7,135.89999999999998,2.9433406916844778,8.083364346855218,3.069,89.17910447761194,2.9433406916844778,61.021890727071316,0,0,0,0,,False
AVAX,2026-09-06T10:39:58.968Z,2026-09-06T10:39:58.968784Z,2026-09-06T12:39:58.968784Z,7205.693236,7,7.705500000000001,1.2977743170466989,3.4401569653368207,1.988,86.56716417910448,1.2977743170466989,64.05160655968942,10,4,5,1,0.9,False
CAKE,2026-09-06T10:40:10.654Z,2026-09-06T10:40:10.654968Z,2026-09-06T12:40:10.654968Z,7794.88562,7,2.2005,4.544421722335333,7.7625570776255675,3.01,89.92537313432835,4.544421722335333,68.14758124434674,4,2,2,0,0.0,False
CRV,2026-09-06T10:40:16.345Z,2026-09-06T10:40:16.345515Z,2026-09-06T12:40:16.345515Z,7789.195073,7,0.3715,5.3835800807531085,8.591435496902784,2.202,87.31343283582089,5.3835800807531085,51.302235222153826,1,1,0,0,1.0,False
DASH,2026-09-06T10:40:21.507Z,2026-09-06T10:40:21.507514Z,2026-09-06T12:40:21.507514Z,7784.033074,7,67.0,17.91044776119471,20.23464658169179,3.477,91.7910447761194,17.91044776119471,57.601294877914555,9,2,6,1,0.4444,False
ENA,2026-09-06T10:40:27.479Z,2026-09-06T10:40:27.480215Z,2026-09-06T12:40:27.480215Z,7778.060373,7,0.17185,5.819028222286238,15.397727272727266,7.317,95.14925373134328,5.819028222286238,58.62599886253511,3,2,1,0,0.6667,False
FDUSD,2026-09-06T10:40:31.271Z,2026-09-06T10:40:31.271350Z,2026-09-06T12:40:31.271350Z,7774.269238,7,0.99895,1.0010511036587315,0.07007007007007347,0.01,92.91044776119404,1.0010511036587315,72.59078778025494,0,0,0,0,,
FET,2026-09-06T10:40:36.743Z,2026-09-06T10:40:36.744021Z,2026-09-06T12:40:36.744021Z,7768.796567,7,0.16975,5.891016200295537,3.2855436081242564,1.578,85.44776119402985,5.891016200295537,72.4955184406742,9,6,3,0,0.8889,False
HEMI,2026-09-06T10:40:41.932Z,2026-09-06T10:40:41.933173Z,2026-09-06T12:40:41.933173Z,7763.607415,7,0.011394999999999999,43.87889425186459,32.65822784810127,-16.49,86.94029850746269,43.87889425186459,46.768444123482965,2,1,1,0,0.0,False
JUP,2026-09-06T10:40:47.784Z,2026-09-06T10:40:47.784447Z,2026-09-06T12:40:47.784447Z,7757.756141,7,0.26675,3.74882849109612,13.909924272618579,14.514,90.67164179104478,3.74882849109612,82.56653448601294,14,1,13,0,0.8571,False
LINK,2026-09-06T10:40:53.081Z,2026-09-06T10:40:53.081909Z,2026-09-06T12:40:53.081909Z,7752.458679,7,12.2675,0.8151620134511695,6.07469015003261,3.73,94.40298507462687,0.8151620134511695,55.044711928510885,29,18,6,5,0.5862,False
LTC,2026-09-06T10:40:58.939Z,2026-09-06T10:40:58.939467Z,2026-09-06T12:40:58.939467Z,7746.601121,7,54.28,3.68459837877598,4.68980797636632,2.189,91.04477611940298,3.68459837877598,66.30049721431527,17,7,8,2,0.0,False
PENGU,2026-09-06T10:41:09.668Z,2026-09-06T10:41:09.669127Z,2026-09-06T12:41:09.669127Z,7735.871461,7,0.008797,6.820506991020572,5.145797598627796,1.935,91.41791044776119,6.820506991020572,65.71096467045226,4,3,1,0,0.5,False
PEPE,2026-09-06T10:41:15.454Z,2026-09-06T10:41:15.455086Z,2026-09-06T12:41:15.455086Z,7730.085502,7,3.615e-06,27.662517289073037,5.248618784530383,2.55,88.80597014925372,27.662517289073037,62.201202891759316,19,18,0,1,1.0,False
PUMP,2026-09-06T10:41:20.708Z,2026-09-06T10:41:20.709134Z,2026-09-06T12:41:20.709134Z,7724.831454,7,0.00407,4.914004914005567,12.317011610297833,-5.396,93.28358208955224,4.914004914005567,64.08087081443568,17,12,4,1,0.3529,False
RAY,2026-09-06T10:41:26.109Z,2026-09-06T10:41:26.110248Z,2026-09-06T12:41:26.110248Z,7719.43034,7,1.3428,17.873100983021892,31.90094054707049,38.641,89.55223880597015,17.873100983021892,75.67739134250597,0,0,0,0,,False
TAO,2026-09-06T10:41:31.656Z,2026-09-06T10:41:31.656811Z,2026-09-06T12:41:31.656811Z,7713.883777,7,242.7,8.24062628759856,3.651804670912949,0.042,92.16417910447761,8.24062628759856,60.50940671867971,37,21,13,3,0.6757,False
UNI,2026-09-06T10:41:45.017Z,2026-09-06T10:41:45.018086Z,2026-09-06T12:41:45.018086Z,7700.522502,7,7.0275,1.4229811454990335,18.399198167239405,9.433,95.5223880597015,1.4229811454990335,83.14561387337525,36,18,15,3,0.4722,False
WLD,2026-09-06T10:41:50.408Z,2026-09-06T10:41:50.408678Z,2026-09-06T12:41:50.408678Z,7695.13191,7,0.42145,2.3727607070824295,3.6318407960199006,1.362,88.43283582089552,2.3727607070824295,72.68068095044401,1,0,1,0,1.0,False
XLM,2026-09-06T10:41:55.925Z,2026-09-06T10:41:55.925635Z,2026-09-06T12:41:55.925635Z,7689.614953,7,0.18625,5.369127516777932,2.6896180742334614,1.418,85.82089552238806,5.369127516777932,61.301616060699374,11,7,4,0,0.6364,False
ZEN,2026-09-06T10:42:01.524Z,2026-09-06T10:42:01.524596Z,2026-09-06T12:42:01.524596Z,7684.015992,7,7.1025,15.487504399858123,14.933734116682606,1.189,87.68656716417911,15.487504399858123,60.69804173159286,5,2,2,1,0.6,False
ETHFI,2026-09-06T10:48:37.326Z,2026-09-06T10:48:37.326964Z,2026-09-06T12:48:37.326964Z,7288.213624,7,0.5848500000000001,11.968880909635528,7.740943267259056,5.384,72.38805970149254,11.968880909635528,76.10967104193072,0,0,0,0,,False
ICP,2026-09-06T10:48:58.784Z,2026-09-06T10:48:58.784262Z,2026-09-06T12:48:58.784262Z,7266.756326,7,2.6814999999999998,3.7292560134249113,5.207943049831406,1.06,80.59701492537313,3.7292560134249113,55.49520438503444,0,0,0,0,,False
MUBARAK,2026-09-06T10:49:16.432Z,2026-09-06T10:49:16.432646Z,2026-09-06T12:49:16.432646Z,7249.107942,7,0.03177,12.590494176895932,23.551756885090224,-0.095,71.26865671641791,12.590494176895932,58.70263494162902,0,0,0,0,,False
SOMI,2026-09-06T10:49:51.569Z,2026-09-06T10:49:51.570116Z,2026-09-06T12:49:51.570116Z,7213.970472,7,0.13440000000000002,14.880952380952806,8.993902439024403,6.927,73.50746268656717,14.880952380952806,69.27437252789629,3,0,2,1,0.3333,False
TIA,2026-09-06T10:50:07.963Z,2026-09-06T10:50:07.963387Z,2026-09-06T12:50:07.963387Z,7796.964524,7,0.39465,7.601672367920106,7.855297157622735,6.348,77.61194029850746,7.601672367920106,63.98798464849764,0,0,0,0,,False
TRUMP,2026-09-06T10:50:13.523Z,2026-09-06T10:50:13.523594Z,2026-09-06T12:50:13.523594Z,7791.404317,7,2.3440000000000003,8.53242320819208,3.8575667655786434,-1.09,84.32835820895522,8.53242320819208,55.10222391897083,6,1,1,4,-0.6667,False
TRX,2026-09-06T10:50:19.501Z,2026-09-06T10:50:19.501675Z,2026-09-06T12:50:19.501675Z,7785.426236,7,0.33555,2.980181791088928,0.897666068222622,0.693,82.08955223880596,2.980181791088928,69.55001583842576,0,0,0,0,,False
TWT,2026-09-06T10:50:26.392Z,2026-09-06T10:50:26.392633Z,2026-09-06T12:50:26.392633Z,7778.535278,7,0.6011,36.59956745965696,6.3006154842889615,-1.594,75.74626865671642,36.59956745965696,47.92565571654605,6,5,1,0,0.6667,False
VIRTUAL,2026-09-06T10:50:33.279Z,2026-09-06T10:50:33.279405Z,2026-09-06T12:50:33.279405Z,7771.648506,7,0.7133499999999999,12.61652765122327,3.774970622796702,-0.541,74.6268656716418,12.61652765122327,56.94430339616376,0,0,0,0,,False
WLFI,2026-09-06T10:50:40.483Z,2026-09-06T10:50:40.483630Z,2026-09-06T12:50:40.483630Z,7764.444281,7,0.05685,17.59014951627017,2.296819787985858,0.0,78.73134328358209,17.59014951627017,61.5448434189434,0,0,0,0,,False
XPL,2026-09-06T10:50:47.371Z,2026-09-06T10:50:47.372138Z,2026-09-06T12:50:47.372138Z,7757.555773,7,0.09103,15.37954520487765,5.339386078685689,-2.085,81.71641791044776,15.37954520487765,61.34790729677498,7,3,3,1,0.7143,False
ZRO,2026-09-06T10:50:52.550Z,2026-09-06T10:50:52.550644Z,2026-09-06T12:50:52.550644Z,7752.377267,7,1.0985,9.103322712789165,5.05144995322732,1.135,76.86567164179104,9.103322712789165,69.14885491750707,8,5,2,1,0.75,False
SAHARA,2026-09-06T10:58:41.987Z,2026-09-06T10:58:41.987847Z,2026-09-06T12:58:41.987847Z,7282.940064,7,0.009395,10.643959552953264,5.307855626326969,2.169,66.41791044776119,10.643959552953264,69.31455533255487,0,0,0,0,,False
SAND,2026-09-06T10:58:49.382Z,2026-09-06T10:58:49.383141Z,2026-09-06T12:58:49.383141Z,7275.54477,7,0.039724999999999996,12.586532410321317,2.277847309136423,1.344,60.82089552238806,12.586532410321317,69.4598791997177,0,0,0,0,,False
SOLV,2026-09-06T10:58:55.080Z,2026-09-06T10:58:55.081209Z,2026-09-06T12:58:55.081209Z,7269.846702,7,0.003665,27.285129604365693,19.843342036553523,19.688,58.208955223880594,27.285129604365693,82.8101104461276,0,0,0,0,,False
SYRUP,2026-09-06T10:59:09.683Z,2026-09-06T10:59:09.683965Z,2026-09-06T12:59:09.683965Z,7255.243946,7,0.21695,4.609356994698731,3.526093088857549,-0.932,67.91044776119404,4.609356994698731,56.66235145076321,0,0,0,0,,False
USDE,2026-09-06T10:59:22.577Z,2026-09-06T10:59:22.578008Z,2026-09-06T12:59:22.578008Z,7242.349903,7,1.0000499999999999,0.999950002499765,0.0199980001999778,0.0,63.059701492537314,0.999950002499765,55.04363303706677,0,0,0,0,,False
XVG,2026-09-06T10:59:35.638Z,2026-09-06T10:59:35.639133Z,2026-09-06T12:59:35.639133Z,7229.288778,7,0.002928,20.491803278688284,11.452145214521455,2.089,58.582089552238806,20.491803278688284,62.937769031787816,3,2,1,0,1.0,False
ZK,2026-09-06T10:59:47.299Z,2026-09-06T10:59:47.299209Z,2026-09-06T12:59:47.299209Z,7217.628702,7,0.010745,9.306654257793944,10.009267840593136,7.685,55.59701492537314,9.306654257793944,66.06520967222538,0,0,0,0,,False
ZKC,2026-09-06T10:59:55.045Z,2026-09-06T10:59:55.045672Z,2026-09-06T12:59:55.045672Z,7209.882239,7,0.049049999999999996,20.38735983690029,4.8096192384769525,1.423,59.701492537313435,20.38735983690029,60.604897142018224,0,0,0,0,,False
ALLO,2026-09-06T11:05:47.773Z,2026-09-06T11:05:47.774195Z,2026-09-06T13:05:47.774195Z,7457.618867,7,0.24455,4.0891433244742075,2.4959083469721746,-0.771,42.91044776119403,4.0891433244742075,57.0351150847854,0,0,0,0,,False
W,2026-09-06T11:08:38.817Z,2026-09-06T11:08:38.818006Z,2026-09-06T13:08:38.818006Z,7286.575056,7,0.010435,9.583133684714511,4.558969276511401,1.102,43.656716417910445,9.583133684714511,70.98358649355781,0,0,0,0,,False
WAL,2026-09-06T11:08:46.059Z,2026-09-06T11:08:46.060154Z,2026-09-06T13:08:46.060154Z,7279.332908,7,0.027749999999999997,36.036036036035824,3.284671532846721,1.859,45.149253731343286,36.036036036035824,69.91333275138471,0,0,0,0,,False
XTZ,2026-09-06T11:08:57.360Z,2026-09-06T11:08:57.360465Z,2026-09-06T13:08:57.360465Z,7268.032597,7,0.2381,25.199496010079354,3.4584563475326804,1.935,44.02985074626866,25.199496010079354,48.30786912698348,4,3,1,0,1.0,False
BERA,2026-09-06T11:15:08.767Z,2026-09-06T11:15:08.768147Z,2026-09-06T13:15:08.768147Z,7495.933695,7,0.18705,5.346164127238118,5.026737967914434,2.298,39.92537313432836,5.346164127238118,70.14175692678077,4,2,2,0,1.0,False
BIO,2026-09-06T11:15:13.782Z,2026-09-06T11:15:13.782620Z,2026-09-06T13:15:13.782620Z,7490.919222,7,0.027735000000000003,10.816657652784848,3.7157287157287144,1.427,38.80597014925373,10.816657652784848,61.882646133233706,0,0,0,0,,False
PHA,2026-09-06T11:17:30.159Z,2026-09-06T11:17:30.159408Z,2026-09-06T13:17:30.159408Z,7354.542434,7,0.02615,38.240917782026536,5.813953488372099,1.976,38.43283582089552,38.240917782026536,59.86641142743425,0,0,0,0,,False
COOKIE,2026-09-06T11:24:38.947Z,2026-09-06T11:24:38.948151Z,2026-09-06T13:24:38.948151Z,7526.429076,7,0.01175,85.10638297872289,3.389830508474571,-0.84,15.298507462686567,85.10638297872289,51.986592565847815,0,0,0,0,,False
LISTA,2026-09-06T11:25:24.939Z,2026-09-06T11:25:24.940244Z,2026-09-06T13:25:24.940244Z,7480.436983,7,0.0799,25.031289111389952,7.026348808030123,-1.239,22.01492537313433,25.031289111389952,59.22265212112984,0,0,0,0,,False
RESOLV,2026-09-06T11:26:12.750Z,2026-09-06T11:26:12.750757Z,2026-09-06T13:26:12.750757Z,7432.62647,7,0.018175,16.50618982118418,2.49722530521644,0.278,10.82089552238806,16.50618982118418,66.67730444805521,0,0,0,0,,
DOLO,2026-09-06T11:34:07.422Z,2026-09-06T11:34:07.422258Z,2026-09-06T13:34:07.422258Z,7558.577798,7,0.027225,11.019283746556026,1.1743119266055078,-0.11,2.2388059701492535,11.019283746556026,48.51887511459728,0,0,0,0,,False
HUMA,2026-09-06T11:34:42.361Z,2026-09-06T11:34:42.361662Z,2026-09-06T13:34:42.361662Z,7523.638394,7,0.022035,13.614703880190053,2.7247956403269744,0.963,0.373134328358209,13.614703880190053,65.39571981873763,0,0,0,0,,False
OPEN,2026-09-06T11:35:16.897Z,2026-09-06T11:35:16.898763Z,2026-09-06T13:35:16.898763Z,7489.101293,7,0.1246,16.051364365971565,2.863961813842498,0.319,10.447761194029852,16.051364365971565,61.16751792634187,0,0,0,0,,False
SHELL,2026-09-06T11:35:36.449Z,2026-09-06T11:35:36.449898Z,2026-09-06T13:35:36.449898Z,7469.550158,7,0.02325,43.01075268817328,7.3275862068965525,2.655,9.701492537313433,43.01075268817328,48.08487694110087,0,0,0,0,,False
ADA,2026-09-06T11:42:02.693Z,2026-09-06T11:42:02.693868Z,2026-09-06T13:42:02.693868Z,7683.166622,7,0.21895,4.567252797441835,5.114155251141559,2.528,93.65671641791045,4.567252797441835,64.0178856319985,0,0,0,0,,False
ASTER,2026-09-06T11:42:14.870Z,2026-09-06T11:42:14.870499Z,2026-09-06T13:42:14.870499Z,7670.989991,7,0.7755000000000001,12.894906511927799,14.615384615384613,3.448,94.02985074626865,12.894906511927799,55.61355837502747,0,0,0,0,,False
BCH,2026-09-06T11:42:23.810Z,2026-09-06T11:42:23.810679Z,2026-09-06T13:42:23.810679Z,7662.049811,7,258.45,3.8692203520999318,6.466512702078527,3.177,90.29850746268657,3.8692203520999318,65.28960631836047,3,1,2,0,-0.3333,False
TUT,2026-09-06T11:43:32.656Z,2026-09-06T11:43:32.656228Z,2026-09-06T13:43:32.656228Z,7593.204262,7,0.026205,26.71245945430285,15.889268107698138,1.736,86.19402985074628,26.71245945430285,41.46462202509493,1,1,0,0,1.0,False
OP,2026-09-06T11:49:06.220Z,2026-09-06T11:49:06.220268Z,2026-09-06T13:49:06.220268Z,7259.640222,7,0.10905000000000001,9.170105456213008,12.991765782250678,7.897,86.19402985074628,9.170105456213008,65.60867944938114,0,0,0,0,,False
AR,2026-09-06T11:49:42.992Z,2026-09-06T11:49:42.992607Z,2026-09-06T13:49:42.992607Z,7222.867883,7,2.934,6.816632583504512,11.11486486486487,4.409,84.70149253731343,6.816632583504512,68.67095135659062,5,4,1,0,0.6,False
COTI,2026-09-06T11:50:07.417Z,2026-09-06T11:50:07.417599Z,2026-09-06T13:50:07.417599Z,7798.548239,7,0.01822,21.95389681668407,26.624857468643093,15.699,81.71641791044776,21.95389681668407,62.888398593964205,14,7,7,0,0.6429,False
DOT,2026-09-06T11:50:12.157Z,2026-09-06T11:50:12.157518Z,2026-09-06T13:50:12.157518Z,7793.80832,7,0.9744999999999999,10.26167265264239,8.603238866396758,9.051,82.83582089552239,10.26167265264239,71.37413400572659,1,0,1,0,1.0,False
DYDX,2026-09-06T11:50:17.398Z,2026-09-06T11:50:17.398896Z,2026-09-06T13:50:17.398896Z,7788.566942,7,0.12376999999999999,16.159004605315655,7.105984836263913,5.758,82.08955223880596,16.159004605315655,68.20855233525722,2,1,1,0,1.0,False
EPIC,2026-09-06T11:50:22.619Z,2026-09-06T11:50:22.619407Z,2026-09-06T13:50:22.619407Z,7783.346431,7,0.4517,30.99402258135958,26.105309931126413,19.548,78.35820895522389,30.99402258135958,72.72189973206066,0,0,0,0,,False
FIL,2026-09-06T11:50:32.103Z,2026-09-06T11:50:32.104265Z,2026-09-06T13:50:32.104265Z,7773.861573,7,0.7946500000000001,8.808909582835637,8.195488721804512,2.862,71.64179104477611,8.808909582835637,66.8875017248758,0,0,0,0,,False
GIGGLE,2026-09-06T11:50:39.377Z,2026-09-06T11:50:39.377924Z,2026-09-06T13:50:39.377924Z,7766.587914,7,39.92,10.020040080160108,10.580034851879512,-6.079,72.01492537313433,10.020040080160108,34.65468631105332,0,0,0,0,,False
GRAM,2026-09-06T11:50:44.942Z,2026-09-06T11:50:44.942783Z,2026-09-06T13:50:44.942783Z,7761.023055,7,1.4245,7.020007020007805,3.0175438596491175,0.141,76.11940298507463,7.020007020007805,66.19671077244833,3,3,0,0,-0.3333,False
HBAR,2026-09-06T11:50:50.181Z,2026-09-06T11:50:50.181409Z,2026-09-06T13:50:50.181409Z,7755.784429,7,0.08105499999999999,1.2337301832084542,2.7106586532564743,1.633,80.97014925373135,1.2337301832084542,67.55212688917997,7,6,1,0,0.4286,False
INJ,2026-09-06T11:51:01.522Z,2026-09-06T11:51:01.522544Z,2026-09-06T13:51:01.522544Z,7744.443294,7,5.107,11.74858037987121,6.437851464029472,4.329,79.4776119402985,11.74858037987121,56.51514494684954,28,10,16,2,0.6786,False
JTO,2026-09-06T11:51:06.798Z,2026-09-06T11:51:06.798397Z,2026-09-06T13:51:06.798397Z,7739.167441,7,0.46215,19.47419668938682,10.037420206911726,7.858,79.85074626865672,19.47419668938682,54.94598166508097,0,0,0,0,,False
ONDO,2026-09-06T11:51:15.413Z,2026-09-06T11:51:15.413235Z,2026-09-06T13:51:15.413235Z,7730.552603,7,0.37970000000000004,5.267316302344837,3.624901497241918,3.115,76.86567164179104,5.267316302344837,70.71596744419205,6,3,2,1,0.0,False
PENDLE,2026-09-06T11:51:20.108Z,2026-09-06T11:51:20.109190Z,2026-09-06T13:51:20.109190Z,7725.856648,7,2.0625,4.848484848486468,10.995260663507098,10.068,85.07462686567165,4.848484848486468,72.73093219113615,0,0,0,0,,False
POL,2026-09-06T11:51:24.842Z,2026-09-06T11:51:24.842914Z,2026-09-06T13:51:24.842914Z,7721.122924,7,0.09716,6.175380815150731,5.983430500153415,3.253,79.1044776119403,6.175380815150731,69.94424687187052,11,3,5,3,0.4545,False
RENDER,2026-09-06T11:51:29.945Z,2026-09-06T11:51:29.945806Z,2026-09-06T13:51:29.945806Z,7716.020032,7,1.5205,6.576783952646432,3.8359788359788394,2.578,73.88059701492537,6.576783952646432,77.02188735683603,4,3,0,1,0.0,False
SHIB,2026-09-06T11:51:38.850Z,2026-09-06T11:51:38.850165Z,2026-09-06T13:51:38.850165Z,7707.115673,7,5.4449999999999995e-06,18.365472910928837,3.4798534798534773,1.299,73.13432835820896,18.365472910928837,64.17775229695123,6,4,1,1,0.6667,False
SOPH,2026-09-06T11:51:50.028Z,2026-09-06T11:51:50.028769Z,2026-09-06T13:51:50.028769Z,7695.937069,7,0.004215,23.724792408065465,20.52505966587111,-4.773,72.76119402985074,23.724792408065465,59.28271303485067,0,0,0,0,,False
STRK,2026-09-06T11:51:54.904Z,2026-09-06T11:51:54.904492Z,2026-09-06T13:51:54.904492Z,7691.061346,7,0.030555,3.2727867779412843,12.532216494845363,6.557,83.2089552238806,3.2727867779412843,69.52450987076692,7,7,0,0,1.0,False
0G,2026-09-06T11:58:17.142Z,2026-09-06T11:58:17.142201Z,2026-09-06T13:58:17.142201Z,7308.823637,7,0.19765,5.0594485201107515,4.869477911646579,2.049,64.17910447761194,5.0594485201107515,73.22958216428039,0,0,0,0,,
1000CHEEMS,2026-09-06T11:58:20.665Z,2026-09-06T11:58:20.665232Z,2026-09-06T13:58:20.665232Z,7305.300606,7,0.0005514999999999999,18.132366273799175,5.9352517985611595,2.773,57.46268656716418,18.132366273799175,62.36444995861658,0,0,0,0,,False
APE,2026-09-06T11:58:27.444Z,2026-09-06T11:58:27.445001Z,2026-09-06T13:58:27.445001Z,7298.520837,7,0.14385,6.951685783801806,2.713987473903977,1.34,58.208955223880594,6.951685783801806,69.59230371944832,0,0,0,0,,False
BROCCOLI714,2026-09-06T11:58:32.433Z,2026-09-06T11:58:32.433363Z,2026-09-06T13:58:32.433363Z,7293.532475,7,0.019715,35.50595992898839,10.607569721115537,-2.097,59.701492537313435,35.50595992898839,35.14814429012162,0,0,0,0,,False
EGLD,2026-09-06T11:58:38.384Z,2026-09-06T11:58:38.384463Z,2026-09-06T13:58:38.384463Z,7287.581375,7,4.5195,33.18951211417318,4.03050108932463,-1.142,69.77611940298507,33.18951211417318,63.87352816085795,0,0,0,0,,False
EIGEN,2026-09-06T11:58:43.199Z,2026-09-06T11:58:43.199934Z,2026-09-06T13:58:43.199934Z,7282.765904,7,0.21139999999999998,9.460737937559403,6.27358490566038,5.42,65.67164179104478,9.460737937559403,75.2877556979704,1,1,0,0,0.0,False
ENSO,2026-09-06T11:58:55.371Z,2026-09-06T11:58:55.372166Z,2026-09-06T13:58:55.372166Z,7270.593672,7,0.8995,11.117287381878832,5.7906458797327325,1.24,69.02985074626865,11.117287381878832,65.8344946602209,1,0,1,0,1.0,False
FF,2026-09-06T11:59:05.517Z,2026-09-06T11:59:05.517456Z,2026-09-06T13:59:05.517456Z,7260.448382,7,0.11887500000000001,7.570977917980471,8.951687960064309,1.026,61.19402985074627,7.570977917980471,52.43883044224251,0,0,0,0,,False
FLOKI,2026-09-06T11:59:10.403Z,2026-09-06T11:59:10.403222Z,2026-09-06T13:59:10.403222Z,7255.562616,7,2.6325e-05,3.7986704653377394,6.309029089535333,1.301,61.940298507462686,3.7986704653377394,52.39420015688435,0,0,0,0,,False
GRT,2026-09-06T11:59:22.589Z,2026-09-06T11:59:22.589396Z,2026-09-06T13:59:22.589396Z,7243.376442,7,0.019785,15.163002274451477,18.60930465232615,14.098,57.08955223880597,15.163002274451477,80.94881943675502,0,0,0,0,,False
KITE,2026-09-06T11:59:28.447Z,2026-09-06T11:59:28.448113Z,2026-09-06T13:59:28.448113Z,7237.517725,7,0.12635000000000002,7.914523149981537,5.734485467399844,-3.561,59.32835820895522,7.914523149981537,64.93696096039906,0,0,0,0,,False
LDO,2026-09-06T11:59:34.858Z,2026-09-06T11:59:34.859071Z,2026-09-06T13:59:34.859071Z,7231.106767,7,0.4161,19.226147560681746,9.435821630943583,6.507,66.04477611940298,19.226147560681746,73.8525013328053,0,0,0,0,,False
NOM,2026-09-06T11:59:54.975Z,2026-09-06T11:59:54.975452Z,2026-09-06T13:59:54.975452Z,7210.990386,7,0.001815,55.09641873278252,13.186813186813184,-3.191,60.07462686567164,55.09641873278252,43.71312767316456,1,0,1,0,1.0,False
ORCA,2026-09-06T12:00:00.261Z,2026-09-06T12:00:00.262217Z,2026-09-06T14:00:00.262217Z,7205.703621,7,1.4475,6.908462867011329,10.15965166908564,7.825,64.92537313432835,6.908462867011329,76.60463009495012,5,5,0,0,1.0,False
ORDI,2026-09-06T12:00:10.852Z,2026-09-06T12:00:10.852938Z,2026-09-06T14:00:10.852938Z,7794.461731,7,4.173500000000001,11.98035222235508,4.308497976672222,1.941,67.16417910447761,11.98035222235508,68.56122961803271,0,0,0,0,,False
PAXG,2026-09-06T12:00:16.257Z,2026-09-06T12:00:16.257684Z,2026-09-06T14:00:16.257684Z,7789.056985,7,4427.625,0.022585471895696402,0.281267917849904,-0.103,66.7910447761194,0.022585471895696402,51.62170491207925,1,1,0,0,1.0,False
PEOPLE,2026-09-06T12:00:21.471Z,2026-09-06T12:00:21.471706Z,2026-09-06T14:00:21.471706Z,7783.842963,7,0.008154999999999999,12.26241569589372,6.796116504854364,0.488,58.95522388059702,12.26241569589372,59.986114925753384,0,0,0,0,,False
PLUME,2026-09-06T12:00:26.808Z,2026-09-06T12:00:26.808892Z,2026-09-06T14:00:26.808892Z,7778.505777,7,0.013935,7.176175098672116,5.810616929698709,2.125,62.3134328358209,7.176175098672116,58.32120114970675,0,0,0,0,,False
SEI,2026-09-06T12:00:50.163Z,2026-09-06T12:00:50.164206Z,2026-09-06T14:00:50.164206Z,7755.150463,7,0.048575,6.176016469377714,3.7232960325534186,2.781,70.14925373134328,6.176016469377714,65.04093049259889,4,2,2,0,0.75,False
SPK,2026-09-06T12:01:00.916Z,2026-09-06T12:01:00.917091Z,2026-09-06T14:01:00.917091Z,7744.397578,7,0.022326,17.9163307354662,12.687308178371554,6.724,60.44776119402985,17.9163307354662,55.38208447876016,8,2,6,0,0.875,False
STX,2026-09-06T12:01:08.006Z,2026-09-06T12:01:08.006791Z,2026-09-06T14:01:08.006791Z,7737.307878,7,0.26535,3.768607499530601,5.886708626434663,3.566,68.65671641791045,3.768607499530601,73.41552941654501,1,1,0,0,1.0,False
TRB,2026-09-06T12:01:17.836Z,2026-09-06T12:01:17.837019Z,2026-09-06T14:01:17.837019Z,7727.47765,7,18.134999999999998,5.514199062587022,6.417992320351079,1.844,65.29850746268657,5.514199062587022,64.01926334902616,0,0,0,0,,False
TST,2026-09-06T12:01:23.189Z,2026-09-06T12:01:23.189392Z,2026-09-06T14:01:23.189392Z,7722.125277,7,0.018135,27.57099531292968,13.048186247969676,-3.45,67.91044776119404,27.57099531292968,59.75164177969378,1,1,0,0,-1.0,False
WIF,2026-09-06T12:01:30.790Z,2026-09-06T12:01:30.790698Z,2026-09-06T14:01:30.790698Z,7714.523971,7,0.21345,4.684937924571983,4.610419548178888,1.831,67.53731343283582,4.684937924571983,68.45797961283454,6,3,3,0,1.0,False
ATOM,2026-09-06T12:07:31.516Z,2026-09-06T12:07:31.516276Z,2026-09-06T14:07:31.516276Z,7353.798393,7,1.5775000000000001,6.339144215531612,4.613466334164593,4.359,54.47761194029851,6.339144215531612,62.47444237213867,2,0,2,0,1.0,False
AVNT,2026-09-06T12:07:36.685Z,2026-09-06T12:07:36.686143Z,2026-09-06T14:07:36.686143Z,7348.628526,7,0.10585,9.44733112895503,3.672316384180792,1.047,47.76119402985075,9.44733112895503,40.1634802250537,1,1,0,0,1.0,False
BMT,2026-09-06T12:07:49.152Z,2026-09-06T12:07:49.152480Z,2026-09-06T14:07:49.152480Z,7336.162189,7,0.017985,5.560189046427352,3.3627342888644036,-0.439,41.417910447761194,5.560189046427352,44.79665543961638,2,2,0,0,0.0,False
CATI,2026-09-06T12:07:54.053Z,2026-09-06T12:07:54.053339Z,2026-09-06T14:07:54.053339Z,7331.26133,7,0.05128,23.400936037440545,10.989230155564409,-5.61,52.61194029850746,23.400936037440545,53.744300753128805,1,0,1,0,-1.0,False
CHZ,2026-09-06T12:08:09.048Z,2026-09-06T12:08:09.048649Z,2026-09-06T14:08:09.048649Z,7316.26602,7,0.01393,14.35750179468714,3.4115138592750625,3.38,52.23880597014925,14.35750179468714,60.65313850568657,0,0,0,0,,False
DOGS,2026-09-06T12:08:18.725Z,2026-09-06T12:08:18.725170Z,2026-09-06T14:08:18.725170Z,7306.589499,7,4.5345e-05,15.437203660823556,6.640017765933814,3.828,51.492537313432834,15.437203660823556,55.74850360196545,0,0,0,0,,False
GALA,2026-09-06T12:08:29.972Z,2026-09-06T12:08:29.972438Z,2026-09-06T14:08:29.972438Z,7295.342231,7,0.0018844999999999999,5.306447333509769,3.457307490832901,1.922,55.223880597014926,5.306447333509769,66.56538586602827,0,0,0,0,,False
MEME,2026-09-06T12:08:39.334Z,2026-09-06T12:08:39.334933Z,2026-09-06T14:08:39.334933Z,7285.979736,7,0.0005575,17.93721973094214,3.56506238859181,-0.883,47.38805970149254,17.93721973094214,60.7999820615076,55,38,15,2,1.0,False
MET,2026-09-06T12:08:46.512Z,2026-09-06T12:08:46.513207Z,2026-09-06T14:08:46.513207Z,7278.801462,7,0.21735,32.20611916264119,13.87470997679815,12.474,44.40298507462686,32.20611916264119,78.71605087116025,16,11,2,3,0.625,False
MITO,2026-09-06T12:08:53.068Z,2026-09-06T12:08:53.068545Z,2026-09-06T14:08:53.068545Z,7272.246124,7,0.017025,17.621145374448623,7.782328847279117,-5.266,43.28358208955224,17.621145374448623,61.95007771295597,0,0,0,0,,False
NEIRO,2026-09-06T12:08:58.760Z,2026-09-06T12:08:58.760933Z,2026-09-06T14:08:58.760933Z,7266.553736,7,8.897000000000001e-05,15.735641227379482,5.265506470325742,0.617,48.88059701492537,15.735641227379482,45.987337655792416,0,0,0,0,,False
NEO,2026-09-06T12:09:05.665Z,2026-09-06T12:09:05.665485Z,2026-09-06T14:09:05.665485Z,7259.649184,7,2.15,9.302325581394324,2.4062933826931996,1.598,41.791044776119406,9.302325581394324,72.60731287067135,0,0,0,0,,False
NIL,2026-09-06T12:09:12.346Z,2026-09-06T12:09:12.346844Z,2026-09-06T14:09:12.346844Z,7252.967825,7,0.051559999999999995,31.03180760279295,5.510907003444318,-0.91,46.64179104477612,31.03180760279295,67.24983919451464,2,2,0,0,0.5,False
SIGN,2026-09-06T12:09:57.996Z,2026-09-06T12:09:57.998270Z,2026-09-06T14:09:57.998270Z,7207.316399,7,0.010195,9.808729769496152,6.183574879227053,-0.481,45.149253731343286,9.808729769496152,40.54821235868104,0,0,0,0,,False
SNX,2026-09-06T12:10:10.544Z,2026-09-06T12:10:10.544465Z,2026-09-06T14:10:10.544465Z,7795.884791,7,0.22815000000000002,13.149243918474454,7.678883071553219,8.266,52.985074626865675,13.149243918474454,72.55407372776467,1,0,1,0,1.0,False
SYN,2026-09-06T12:10:17.103Z,2026-09-06T12:10:17.103319Z,2026-09-06T14:10:17.103319Z,7789.325937,7,0.08983,20.037849270844887,3.8798359383660386,-2.906,48.507462686567166,20.037849270844887,54.77971698789204,0,0,0,0,,False
THE,2026-09-06T12:10:21.898Z,2026-09-06T12:10:21.899055Z,2026-09-06T14:10:21.899055Z,7784.530201,7,0.07635,13.097576948263127,5.454545454545449,2.394,50.37313432835821,13.097576948263127,54.727011318177766,0,0,0,0,,False
VET,2026-09-06T12:10:27.303Z,2026-09-06T12:10:27.303850Z,2026-09-06T14:10:27.303850Z,7779.125406,7,0.007075,14.134275618375208,3.1748291571754,2.242,50.0,14.134275618375208,57.06918540131756,3,2,1,0,0.3333,False
BANANAS31,2026-09-06T12:16:50.672Z,2026-09-06T12:16:50.673101Z,2026-09-06T14:16:50.673101Z,7395.756155,7,0.008258000000000001,14.531363526277374,5.956526960489972,-3.511,37.6865671641791,14.531363526277374,45.527679485926335,0,0,0,0,,False
CVX,2026-09-06T12:17:13.391Z,2026-09-06T12:17:13.391854Z,2026-09-06T14:17:13.391854Z,7373.037402,7,2.3045,30.37535257105521,7.097050021376654,4.42,33.95522388059702,30.37535257105521,70.36438048371663,1,1,0,0,1.0,False
ERA,2026-09-06T12:17:24.947Z,2026-09-06T12:17:24.947412Z,2026-09-06T14:17:24.947412Z,7361.481844,7,0.06025,16.59751037344446,2.4999999999999907,1.523,36.940298507462686,16.59751037344446,71.97850564924227,0,0,0,0,,True
ETC,2026-09-06T12:17:31.742Z,2026-09-06T12:17:31.742827Z,2026-09-06T14:17:31.742827Z,7354.686429,7,7.715,12.96176279974049,2.8387096774193514,1.175,36.19402985074627,12.96176279974049,67.52570446059599,0,0,0,0,,False
GPS,2026-09-06T12:17:44.621Z,2026-09-06T12:17:44.621736Z,2026-09-06T14:17:44.621736Z,7341.80752,7,0.01073,18.63932898415581,4.648956356736251,-1.953,30.223880597014926,18.63932898415581,57.750750346324146,0,0,0,0,,False
GUN,2026-09-06T12:17:51.191Z,2026-09-06T12:17:51.191902Z,2026-09-06T14:17:51.191902Z,7335.237354,7,0.00309,64.72491909385131,2.2364217252396226,-0.635,28.73134328358209,64.72491909385131,60.33704219968348,1,0,0,1,-1.0,False
HEI,2026-09-06T12:17:58.280Z,2026-09-06T12:17:58.280430Z,2026-09-06T14:17:58.280430Z,7328.148826,7,0.13965,7.1607590404575,5.798138869005008,-4.837,35.82089552238806,7.1607590404575,57.96387265490586,0,0,0,0,,False
HOME,2026-09-06T12:18:03.409Z,2026-09-06T12:18:03.409770Z,2026-09-06T14:18:03.409770Z,7323.019486,7,0.0060999999999999995,32.78688524590173,2.431118314424635,0.325,39.55223880597015,32.78688524590173,69.63367425476478,0,0,0,0,,False
HYPER,2026-09-06T12:18:11.239Z,2026-09-06T12:18:11.239821Z,2026-09-06T14:18:11.239821Z,7315.189435,7,0.06935,14.41961067051231,3.1609195402298957,2.959,28.35820895522388,14.41961067051231,73.90488533050481,1,1,0,0,1.0,False
IMX,2026-09-06T12:18:17.278Z,2026-09-06T12:18:17.278384Z,2026-09-06T14:18:17.278384Z,7309.150872,7,0.1326,15.082956259427279,8.106116433308777,8.214,33.582089552238806,15.082956259427279,62.14514073707137,0,0,0,0,,False
INIT,2026-09-06T12:18:24.737Z,2026-09-06T12:18:24.737907Z,2026-09-06T14:18:24.737907Z,7301.691349,7,0.06609999999999999,27.23146747352491,9.411413205855991,3.526,35.07462686567164,27.23146747352491,70.4687462818939,0,0,0,0,,False
IO,2026-09-06T12:18:31.276Z,2026-09-06T12:18:31.277247Z,2026-09-06T14:18:31.277247Z,7295.152009,7,0.13505,7.404664938910698,5.720653789004446,3.858,38.80597014925373,7.404664938910698,73.13984605113897,0,0,0,0,,False
KAITO,2026-09-06T12:18:39.188Z,2026-09-06T12:18:39.188525Z,2026-09-06T14:18:39.188525Z,7287.240731,7,0.31174999999999997,9.623095429030393,2.092723760463621,-0.353,40.298507462686565,9.623095429030393,66.52456203787003,0,0,0,0,,False
KERNEL,2026-09-06T12:18:46.788Z,2026-09-06T12:18:46.788930Z,2026-09-06T14:18:46.788930Z,7279.640326,7,0.04015,24.906600249066717,3.4653465346534786,0.248,33.208955223880594,24.906600249066717,57.89797451114803,0,0,0,0,,False
KMNO,2026-09-06T12:18:51.947Z,2026-09-06T12:18:51.947784Z,2026-09-06T14:18:51.947784Z,7274.481472,7,0.025500000000000002,7.843137254903001,3.2819296164491933,0.797,35.44776119402985,7.843137254903001,63.92809706092189,0,0,0,0,,False
LA,2026-09-06T12:18:59.061Z,2026-09-06T12:18:59.061885Z,2026-09-06T14:18:59.061885Z,7267.367371,7,0.0686,58.30903790087429,8.48920863309353,0.434,27.98507462686567,58.30903790087429,46.31798259962014,0,0,0,0,,False
LINEA,2026-09-06T12:19:04.929Z,2026-09-06T12:19:04.930264Z,2026-09-06T14:19:04.930264Z,7261.498992,7,0.0027670000000000004,14.456089627756041,8.113879003558717,8.077,38.059701492537314,14.456089627756041,64.79334720461148,0,0,0,0,,False
MMT,2026-09-06T12:19:19.096Z,2026-09-06T12:19:19.096786Z,2026-09-06T14:19:19.096786Z,7247.33247,7,0.16605,6.0222824450460095,2.8898254063816973,-0.06,29.850746268656717,6.0222824450460095,49.212721150493145,0,0,0,0,,False
NOT,2026-09-06T12:19:26.727Z,2026-09-06T12:19:26.727568Z,2026-09-06T14:19:26.727568Z,7239.701688,7,0.0004575,21.85792349726829,2.6200873362445343,2.004,26.119402985074625,21.85792349726829,69.58636277880483,0,0,0,0,,False
OSMO,2026-09-06T12:19:39.096Z,2026-09-06T12:19:39.096288Z,2026-09-06T14:19:39.096288Z,7227.332968,7,0.035500000000000004,56.33802816901374,5.01392757660166,2.571,25.746268656716417,56.33802816901374,66.90859829130974,0,0,0,0,,False
QNT,2026-09-06T12:19:46.256Z,2026-09-06T12:19:46.256454Z,2026-09-06T14:19:46.256454Z,7220.172802,7,65.5,21.374045801524634,5.101263895233746,3.044,29.47761194029851,21.374045801524634,54.958860109434234,2,0,0,2,-1.0,False
TNSR,2026-09-06T12:20:10.521Z,2026-09-06T12:20:10.521974Z,2026-09-06T14:20:10.521974Z,7794.541841,7,0.036250000000000004,27.5862068965506,2.1680216802168077,0.0,30.970149253731343,27.5862068965506,55.809532528251616,0,0,0,0,,False
TREE,2026-09-06T12:20:17.103Z,2026-09-06T12:20:17.104154Z,2026-09-06T14:20:17.104154Z,7787.959661,7,0.04235,23.612750885478835,3.738317757009339,1.663,31.34328358208955,23.612750885478835,68.17777935464147,0,0,0,0,,False
ZBT,2026-09-06T12:20:30.091Z,2026-09-06T12:20:30.091280Z,2026-09-06T14:20:30.091280Z,7774.972535,7,0.08495,11.771630370806694,1.8757327080891024,0.59,29.104477611940297,11.771630370806694,70.39958560303924,0,0,0,0,,False
AIXBT,2026-09-06T12:26:24.858Z,2026-09-06T12:26:24.858566Z,2026-09-06T14:26:24.858566Z,7420.205249,7,0.02173,27.61159687068616,3.8129822968679097,0.182,15.671641791044776,27.61159687068616,62.03479632620196,1,1,0,0,-1.0,False
BANK,2026-09-06T12:26:41.582Z,2026-09-06T12:26:41.583189Z,2026-09-06T14:26:41.583189Z,7403.480626,7,0.03515,28.449502133713473,1.1331444759206732,-0.563,24.253731343283583,28.449502133713473,50.11153639515446,1,1,0,0,1.0,False
HAEDAL,2026-09-06T12:27:26.763Z,2026-09-06T12:27:26.763793Z,2026-09-06T14:27:26.763793Z,7358.300022,7,0.018564999999999998,26.93239967681011,2.03862660944207,0.323,14.552238805970148,26.93239967681011,50.06072485545264,0,0,0,0,,False
HOLO,2026-09-06T12:27:39.910Z,2026-09-06T12:27:39.910674Z,2026-09-06T14:27:39.910674Z,7345.153141,7,0.06670000000000001,29.98500749625065,4.45103857566766,4.012,15.298507462686567,29.98500749625065,68.3987907449376,1,1,0,0,1.0,False
LAYER,2026-09-06T12:27:50.593Z,2026-09-06T12:27:50.593393Z,2026-09-06T14:27:50.593393Z,7334.470422,7,0.0746,26.8096514745316,3.872752420470258,3.879,17.53731343283582,26.8096514745316,71.54035697764367,0,0,0,0,,False
MANTRA,2026-09-06T12:28:07.918Z,2026-09-06T12:28:07.919141Z,2026-09-06T14:28:07.919141Z,7317.144674,7,0.004405,22.70147559591281,3.1460674157303457,0.0,16.791044776119403,22.70147559591281,65.72873430342563,0,0,0,0,,False
MINA,2026-09-06T12:28:15.338Z,2026-09-06T12:28:15.338797Z,2026-09-06T14:28:15.338797Z,7309.725018,7,0.0761,26.28120893561179,4.0469973890339315,1.726,24.62686567164179,26.28120893561179,72.45183559310134,2,1,1,0,0.0,False
MIRA,2026-09-06T12:28:22.285Z,2026-09-06T12:28:22.286096Z,2026-09-06T14:28:22.286096Z,7302.777719,7,0.04573,17.493986442159795,3.8919608677158624,0.064,25.37313432835821,17.493986442159795,65.98971374444541,0,0,0,0,,False
ONT,2026-09-06T12:28:29.721Z,2026-09-06T12:28:29.721904Z,2026-09-06T14:28:29.721904Z,7295.341911,7,0.055535,16.205996218600845,2.5932504440497386,0.285,18.65671641791045,16.205996218600845,62.43271423736603,0,0,0,0,,False
PIXEL,2026-09-06T12:28:51.769Z,2026-09-06T12:28:51.769451Z,2026-09-06T14:28:51.769451Z,7273.294364,7,0.0051,39.215686274509906,4.255319148936181,1.972,19.402985074626866,39.215686274509906,65.34276682276695,4,2,1,1,0.5,False
RARE,2026-09-06T12:28:59.030Z,2026-09-06T12:28:59.030895Z,2026-09-06T14:28:59.030895Z,7266.03292,7,0.01247,16.038492381715464,1.8972332015810187,1.119,19.029850746268657,16.038492381715464,67.00203422166199,0,0,0,0,,False
SAPIEN,2026-09-06T12:29:12.321Z,2026-09-06T12:29:12.321470Z,2026-09-06T14:29:12.321470Z,7252.742345,7,0.08124999999999999,12.307692307692662,3.2806804374240683,0.858,14.17910447761194,12.307692307692662,65.23011007111349,0,0,0,0,,False
TLM,2026-09-06T12:29:35.436Z,2026-09-06T12:29:35.437101Z,2026-09-06T14:29:35.437101Z,7229.626714,7,0.001449,13.802622498273513,2.2525597269624607,-0.611,16.417910447761194,13.802622498273513,64.79845753251912,1,1,0,0,1.0,False
WCT,2026-09-06T12:29:54.981Z,2026-09-06T12:29:54.981663Z,2026-09-06T14:29:54.981663Z,7210.082152,7,0.039425,12.682308180089139,2.5075225677031114,1.476,17.91044776119403,12.682308180089139,67.34619132650438,2,1,1,0,0.0,False
YGG,2026-09-06T12:30:02.276Z,2026-09-06T12:30:02.276342Z,2026-09-06T14:30:02.276342Z,7202.787473,7,0.023775,29.442691903259988,5.872622001654264,2.894,17.16417910447761,29.442691903259988,49.77723139973618,1,0,0,1,0.0,False
EURI,2026-09-06T12:37:01.893Z,2026-09-06T12:37:01.893307Z,2026-09-06T14:37:01.893307Z,7383.256802,7,1.15875,38.834951456310236,1.094450189589791,0.45,5.970149253731344,38.834951456310236,66.74397093055931,0,0,0,0,,
MANTA,2026-09-06T12:37:29.999Z,2026-09-06T12:37:29.999339Z,2026-09-06T14:37:29.999339Z,7355.15077,7,0.061415,8.141333550435794,2.945885366634637,2.545,8.955223880597014,8.141333550435794,70.73276347126523,0,0,0,0,,False
NEAR,2026-09-06T12:37:35.225Z,2026-09-06T12:37:35.225803Z,2026-09-06T14:37:35.225803Z,7349.924306,7,2.4044999999999996,4.158868787689292,10.631229235880408,6.454,95.8955223880597,4.158868787689292,72.73564105246263,39,19,16,4,0.6154,False
NEWT,2026-09-06T12:37:40.066Z,2026-09-06T12:37:40.067059Z,2026-09-06T14:37:40.067059Z,7345.08305,7,0.04458,22.43158366980773,2.540106951871662,2.606,6.7164179104477615,22.43158366980773,70.57582597012617,1,0,1,0,1.0,False
NXPC,2026-09-06T12:37:46.545Z,2026-09-06T12:37:46.545454Z,2026-09-06T14:37:46.545454Z,7338.604655,7,0.20695000000000002,14.496255134090104,1.772879731672248,-0.048,1.1194029850746268,14.496255134090104,62.54268029351766,0,0,0,0,,True
PROVE,2026-09-06T12:37:52.914Z,2026-09-06T12:37:52.914688Z,2026-09-06T14:37:52.914688Z,7332.235421,7,0.18,22.22222222222286,1.2121212121212164,0.166,0.746268656716418,22.22222222222286,48.097419173718286,0,0,0,0,,False
SOL,2026-09-06T12:38:13.652Z,2026-09-06T12:38:13.652924Z,2026-09-06T14:38:13.652924Z,7311.497185,7,105.965,0.9437078280569166,4.69087156393658,4.173,99.25373134328358,0.9437078280569166,71.32391273746768,26,18,5,3,0.6154,False
SUI,2026-09-06T12:38:19.595Z,2026-09-06T12:38:19.595628Z,2026-09-06T14:38:19.595628Z,7305.554481,7,0.79265,1.2615908660819906,3.627976561525982,2.309,97.38805970149254,1.2615908660819906,55.86766730651671,0,0,0,0,,False
TURBO,2026-09-06T12:38:26.925Z,2026-09-06T12:38:26.925503Z,2026-09-06T14:38:26.925503Z,7298.224606,7,0.0009995,10.005002501249784,2.556538839724679,-0.196,9.328358208955224,10.005002501249784,60.933307021286055,0,0,0,0,,False
TURTLE,2026-09-06T12:38:34.747Z,2026-09-06T12:38:34.747440Z,2026-09-06T14:38:34.747440Z,7290.402669,7,0.0417,47.961630695443354,2.5882352941176396,0.473,4.477611940298507,47.961630695443354,56.14724666693286,0,0,0,0,,False
USD1,2026-09-06T12:38:37.855Z,2026-09-06T12:38:37.855620Z,2026-09-06T14:38:37.855620Z,7287.294489,7,0.99985,1.0001500225032653,0.03000600120023674,-0.01,97.76119402985074,1.0001500225032653,54.80286174200198,0,0,0,0,,False
USUAL,2026-09-06T12:38:42.707Z,2026-09-06T12:38:42.708204Z,2026-09-06T14:38:42.708204Z,7282.441905,7,0.011175000000000001,8.948545861298726,3.5211267605633743,-0.959,6.343283582089552,8.948545861298726,56.98274134861264,0,0,0,0,,True
VANA,2026-09-06T12:38:50.242Z,2026-09-06T12:38:50.242485Z,2026-09-06T14:38:50.242485Z,7274.907624,7,0.9325000000000001,32.17158176943702,2.027748132337236,0.536,1.8656716417910448,32.17158176943702,46.19818985339837,0,0,0,0,,True
VELODROME,2026-09-06T12:38:57.192Z,2026-09-06T12:38:57.192981Z,2026-09-06T14:38:57.192981Z,7267.957128,7,0.02493,64.17970316887302,7.125984251968501,4.484,0.373134328358209,64.17970316887302,70.63739211630964,0,0,0,0,,False
XRP,2026-09-06T12:39:02.478Z,2026-09-06T12:39:02.479160Z,2026-09-06T14:39:02.479160Z,7262.670949,7,1.40945,0.7094966121535988,2.181715813920764,1.211,98.13432835820896,0.7094966121535988,67.13975803551982,36,21,11,4,0.7778,False
YB,2026-09-06T12:39:09.426Z,2026-09-06T12:39:09.426366Z,2026-09-06T14:39:09.426366Z,7255.723743,7,0.09415,31.86404673393465,3.3264033264033213,-2.037,10.447761194029852,31.86404673393465,40.58052194986771,0,0,0,0,,True
ZEC,2026-09-06T12:39:14.788Z,2026-09-06T12:39:14.789111Z,2026-09-06T14:39:14.789111Z,7250.360998,7,1153.77,6.587101415360002,18.2719630344781,17.622,97.01492537313433,6.587101415360002,81.87731605058653,47,24,16,7,0.5106,False
AAVE,2026-09-06T12:44:48.697Z,2026-09-06T12:44:48.697625Z,2026-09-06T14:44:48.697625Z,7516.175307,7,134.015,2.2385553855912503,8.002947678703011,4.481,89.17910447761194,2.2385553855912503,52.723221441865135,1,1,0,0,1.0,False
AVAX,2026-09-06T12:45:07.547Z,2026-09-06T12:45:07.547390Z,2026-09-06T14:45:07.547390Z,7497.325542,7,7.609999999999999,2.6281208935608147,3.248018708587761,2.736,86.56716417910448,2.6281208935608147,68.42844521422717,21,17,4,0,0.7619,False
1000CAT,2026-09-06T12:52:14.572Z,2026-09-06T12:52:14.572925Z,2026-09-06T14:52:14.572925Z,7671.156886,7,0.0021455,23.304591004428943,32.781012091356914,-3.957,77.98507462686567,23.304591004428943,38.26020826158497,0,0,0,0,,False
ALGO,2026-09-06T12:52:19.482Z,2026-09-06T12:52:19.482836Z,2026-09-06T14:52:19.482836Z,7666.246975,7,0.09415000000000001,10.621348911312039,4.184100418410045,1.164,75.0,10.621348911312039,55.249654518661295,8,5,3,0,0.75,False
APT,2026-09-06T12:52:24.423Z,2026-09-06T12:52:24.423668Z,2026-09-06T14:52:24.423668Z,7661.306143,7,0.6114999999999999,16.353229762878183,5.760000000000005,3.821,84.32835820895522,16.353229762878183,70.06244316838759,6,4,2,0,0.6667,False
BOME,2026-09-06T12:52:32.657Z,2026-09-06T12:52:32.657996Z,2026-09-06T14:52:32.657996Z,7653.071815,7,0.0008994,8.894818768067816,38.844578572968295,8.097,82.46268656716418,8.894818768067816,58.53780371212917,0,0,0,0,,False
BONK,2026-09-06T12:52:37.634Z,2026-09-06T12:52:37.634993Z,2026-09-06T14:52:37.634993Z,7648.094818,7,3.4749999999999998e-06,28.776978417267134,6.042296072507546,0.915,73.50746268656717,28.776978417267134,68.20699088492385,4,1,2,1,0.5,False
ETHFI,2026-09-06T12:53:03.236Z,2026-09-06T12:53:03.236842Z,2026-09-06T14:53:03.236842Z,7622.492969,7,0.5704,10.518934081345265,7.535641547861507,5.857,74.6268656716418,10.518934081345265,63.66215864579271,3,2,1,0,0.3333,False
ICP,2026-09-06T12:53:24.915Z,2026-09-06T12:53:24.915452Z,2026-09-06T14:53:24.915452Z,7600.814359,7,2.7235,3.671745915183896,5.178837555886744,2.053,80.22388059701493,3.671745915183896,64.88941028851234,23,14,7,2,0.6957,False
MUBARAK,2026-09-06T12:53:38.447Z,2026-09-06T12:53:38.448157Z,2026-09-06T14:53:38.448157Z,7587.281654,7,0.030635,16.32120124041176,23.264540337711075,3.529,71.26865671641791,16.32120124041176,48.1413373698592,0,0,0,0,,False
RUNE,2026-09-06T12:54:01.163Z,2026-09-06T12:54:01.163606Z,2026-09-06T14:54:01.163606Z,7564.566205,7,0.4835,20.682523267838697,2.647657841140532,2.292,70.5223880597015,20.682523267838697,75.84687117333064,0,0,0,0,,False
SOMI,2026-09-06T12:54:10.775Z,2026-09-06T12:54:10.775576Z,2026-09-06T14:54:10.775576Z,7554.954235,7,0.12905,7.7489345215024406,9.384384384384381,9.36,72.38805970149254,7.7489345215024406,78.38874330078848,0,0,0,0,,False
ENS,2026-09-06T13:01:10.633Z,2026-09-06T13:01:10.634038Z,2026-09-06T15:01:10.634038Z,7735.095716,7,6.005,16.652789342214465,7.328990228013033,5.68,56.71641791044776,16.652789342214465,76.54133765361493,3,0,0,3,1.0,False
FORM,2026-09-06T13:01:36.060Z,2026-09-06T13:01:36.061046Z,2026-09-06T15:01:36.061046Z,7709.668708,7,0.26125,19.138755980861262,22.51581689616673,-9.407,63.43283582089552,19.138755980861262,33.770083513546055,2,1,0,1,0.0,False
MORPHO,2026-09-06T13:01:59.626Z,2026-09-06T13:01:59.626289Z,2026-09-06T15:01:59.626289Z,7686.103465,7,2.5300000000000002,7.905138339921832,5.408560311284056,1.621,68.28358208955224,7.905138339921832,71.78635434471909,2,1,1,0,0.5,False
ROSE,2026-09-06T13:02:36.689Z,2026-09-06T13:02:36.690162Z,2026-09-06T15:02:36.690162Z,7649.039592,7,0.007095000000000001,14.094432699084509,11.920529801324511,11.686,55.97014925373134,14.094432699084509,72.45401852242347,0,0,0,0,,False
RSR,2026-09-06T13:02:41.244Z,2026-09-06T13:02:41.244786Z,2026-09-06T15:02:41.244786Z,7644.484968,7,0.0014285,7.000350017500286,6.2884483937115405,5.101,56.343283582089555,7.000350017500286,73.59733858286849,1,1,0,0,-1.0,False
SAHARA,2026-09-06T13:02:46.156Z,2026-09-06T13:02:46.156447Z,2026-09-06T15:02:46.156447Z,7639.573307,7,0.009285,10.770059235325355,5.212765957446798,2.508,64.55223880597015,10.770059235325355,68.3759664209998,0,0,0,0,,False
SAND,2026-09-06T13:02:52.603Z,2026-09-06T13:02:52.603993Z,2026-09-06T15:02:52.603993Z,7633.125761,7,0.03956,5.055611729019006,2.216135458167335,1.491,60.82089552238806,5.055611729019006,61.635846745749696,3,1,1,1,0.6667,False
SOLV,2026-09-06T13:03:01.684Z,2026-09-06T13:03:01.684737Z,2026-09-06T15:03:01.684737Z,7624.045017,7,0.0037949999999999998,26.3504611330699,20.821917808219172,13.003,62.6865671641791,26.3504611330699,65.83600986701842,0,0,0,0,,False
SYRUP,2026-09-06T13:03:14.718Z,2026-09-06T13:03:14.718571Z,2026-09-06T15:03:14.718571Z,7611.011183,7,0.2147,9.315323707497809,3.4932463903120667,1.13,69.40298507462687,9.315323707497809,45.34462402682129,0,0,0,0,,False
USDE,2026-09-06T13:03:27.023Z,2026-09-06T13:03:27.023280Z,2026-09-06T15:03:27.023280Z,7598.706474,7,0.99995,1.000050002500015,0.0199980001999778,0.01,63.059701492537314,1.000050002500015,55.50695998802584,2,2,0,0,1.0,False
XVG,2026-09-06T13:03:35.534Z,2026-09-06T13:03:35.535039Z,2026-09-06T15:03:35.535039Z,7590.194715,7,0.002817,28.399006034789473,12.365951742627344,0.201,61.56716417910448,28.399006034789473,46.008680986658355,0,0,0,0,,False
ZK,2026-09-06T13:03:40.467Z,2026-09-06T13:03:40.467964Z,2026-09-06T15:03:40.467964Z,7585.26179,7,0.010985,9.103322712789797,14.78102189781022,10.151,58.582089552238806,9.103322712789797,65.21792382791473,7,4,0,3,0.0,False
ZKC,2026-09-06T13:03:45.349Z,2026-09-06T13:03:45.349376Z,2026-09-06T15:03:45.349376Z,7580.380378,7,0.048049999999999995,20.81165452653401,4.233870967741931,1.431,57.83582089552239,20.81165452653401,60.02910242509297,0,0,0,0,,False
ARKM,2026-09-06T13:09:26.414Z,2026-09-06T13:09:26.414965Z,2026-09-06T15:09:26.414965Z,7239.314789,7,0.1075,18.60465116279123,3.3544877606527606,2.988,47.014925373134325,18.60465116279123,78.7140473544812,2,1,0,1,1.0,False
BABY,2026-09-06T13:09:38.995Z,2026-09-06T13:09:38.996040Z,2026-09-06T15:09:38.996040Z,7226.733714,7,0.01126,17.76198934280721,2.430555555555562,1.141,42.16417910447761,17.76198934280721,67.20621434141671,0,0,0,0,,False
BFUSD,2026-09-06T13:09:43.722Z,2026-09-06T13:09:43.722909Z,2026-09-06T15:09:43.722909Z,7222.006845,7,1.0000499999999999,10.999450027497415,0.1099230538622843,0.05,49.62686567164179,10.999450027497415,59.572842071178826,0,0,0,0,,
CFX,2026-09-06T13:10:02.229Z,2026-09-06T13:10:02.229679Z,2026-09-06T15:10:02.229679Z,7203.500075,7,0.0489,8.179959100204167,5.7216905901116375,5.489,53.35820895522388,8.179959100204167,65.61414193028304,0,0,0,0,,False
COMP,2026-09-06T13:10:11.708Z,2026-09-06T13:10:11.708449Z,2026-09-06T15:10:11.708449Z,7793.664559,7,20.765,14.447387430773482,5.0903901046622275,5.153,45.8955223880597,14.447387430773482,59.880617913220526,4,1,2,1,1.0,False
EDEN,2026-09-06T13:10:25.211Z,2026-09-06T13:10:25.211849Z,2026-09-06T15:10:25.211849Z,7780.161159,7,0.056475,12.394864984506528,5.005250262513128,0.457,42.53731343283582,12.394864984506528,75.44484404008129,0,0,0,0,,False
IOTA,2026-09-06T13:10:34.688Z,2026-09-06T13:10:34.688312Z,2026-09-06T15:10:34.688312Z,7770.684696,7,0.042249999999999996,23.668639053253475,7.511737089201881,7.576,54.850746268656714,23.668639053253475,71.69085160944381,0,0,0,0,,False
PNUT,2026-09-06T13:11:21.403Z,2026-09-06T13:11:21.403694Z,2026-09-06T15:11:21.403694Z,7723.969314,7,0.05035,19.860973187686763,7.421874999999996,3.644,45.52238805970149,19.860973187686763,69.96480309444091,0,0,0,0,,False
PYTH,2026-09-06T13:11:26.834Z,2026-09-06T13:11:26.834611Z,2026-09-06T15:11:26.834611Z,7718.538397,7,0.054315,16.570008285004103,5.191550304332259,2.646,53.73134328358209,16.570008285004103,60.79933888547208,4,1,3,0,1.0,False
SAGA,2026-09-06T13:11:52.775Z,2026-09-06T13:11:52.775604Z,2026-09-06T15:11:52.775604Z,7692.597404,7,0.015415,6.4871878040866635,3.1470777135516963,1.566,50.74626865671642,6.4871878040866635,68.45404929861733,1,1,0,0,1.0,False
SKY,2026-09-06T13:12:04.725Z,2026-09-06T13:12:04.725716Z,2026-09-06T15:12:04.725716Z,7680.647292,7,0.070685,7.0736365565529455,7.056367432150321,7.271,51.865671641791046,7.0736365565529455,80.29195182987742,0,0,0,0,,False
W,2026-09-06T13:12:30.060Z,2026-09-06T13:12:30.061174Z,2026-09-06T15:12:30.061174Z,7655.311834,7,0.01026,19.493177387913434,5.859750240153709,4.309,46.26865671641791,19.493177387913434,69.69755662375789,3,0,3,0,1.0,False
XTZ,2026-09-06T13:12:44.561Z,2026-09-06T13:12:44.561451Z,2026-09-06T15:12:44.561451Z,7640.811557,7,0.23604999999999998,12.709171785638413,3.3361134278565387,3.184,43.656716417910445,12.709171785638413,55.98025205747243,0,0,0,0,,False
1000SATS,2026-09-06T13:18:21.656Z,2026-09-06T13:18:21.656232Z,2026-09-06T15:18:21.656232Z,7303.716776,7,1.132e-05,17.66784452296803,5.749128919860616,1.683,32.83582089552239,17.66784452296803,59.18227844350585,14,11,2,1,0.6429,False
ACH,2026-09-06T13:18:29.174Z,2026-09-06T13:18:29.174593Z,2026-09-06T15:18:29.174593Z,7296.198415,7,0.005375,18.604651162791555,4.411764705882348,2.256,37.3134328358209,18.604651162791555,68.725218419449,9,5,4,0,1.0,False
ALT,2026-09-06T13:18:36.133Z,2026-09-06T13:18:36.133929Z,2026-09-06T15:18:36.133929Z,7289.239079,7,0.00642,31.15264797507796,1.996927803379415,1.087,27.238805970149254,31.15264797507796,65.90974599785503,0,0,0,0,,False
AXS,2026-09-06T13:18:41.177Z,2026-09-06T13:18:41.177983Z,2026-09-06T15:18:41.177983Z,7284.195025,7,0.9484999999999999,10.54296257248288,2.1761658031088102,2.116,32.46268656716418,10.54296257248288,75.57226292740515,0,0,0,0,,False
BANANA,2026-09-06T13:18:47.738Z,2026-09-06T13:18:47.738662Z,2026-09-06T15:18:47.738662Z,7277.634346,7,4.042,14.84413656605697,5.362853628536284,0.47,26.492537313432837,14.84413656605697,64.52397856399551,0,0,0,0,,False
CETUS,2026-09-06T13:19:09.725Z,2026-09-06T13:19:09.726036Z,2026-09-06T15:19:09.726036Z,7255.646972,7,0.023125,12.972972972973945,6.629834254143642,-1.051,26.865671641791046,12.972972972973945,62.20982606958845,0,0,0,0,,False
ENJ,2026-09-06T13:19:20.956Z,2026-09-06T13:19:20.957217Z,2026-09-06T15:19:20.957217Z,7244.415791,7,0.02672,14.97005988023891,12.634989200863927,0.981,34.701492537313435,14.97005988023891,60.772930515561576,4,1,3,0,1.0,False
RED,2026-09-06T13:21:21.540Z,2026-09-06T13:21:21.540413Z,2026-09-06T15:21:21.540413Z,7724.930598,7,0.12705,23.612750885477745,5.499612703330748,1.734,30.597014925373134,23.612750885477745,40.378854760380015,3,3,0,0,0.6667,False
REZ,2026-09-06T13:21:29.033Z,2026-09-06T13:21:29.033331Z,2026-09-06T15:21:29.033331Z,7717.43768,7,0.0030875,16.194331983805007,8.58520900321543,1.634,31.71641791044776,16.194331983805007,43.68822289202166,1,1,0,0,1.0,False
SSV,2026-09-06T13:21:34.827Z,2026-09-06T13:21:34.828116Z,2026-09-06T15:21:34.828116Z,7711.642895,7,2.9285,17.07358716066209,4.1652670473631215,-0.401,32.08955223880597,17.07358716066209,61.585560382563614,0,0,0,0,,False
WAL,2026-09-06T13:21:50.030Z,2026-09-06T13:21:50.030405Z,2026-09-06T15:21:50.030405Z,7696.440606,7,0.027549999999999998,36.29764065335731,3.971119133574008,4.135,39.92537313432836,36.29764065335731,61.30473017945108,2,0,2,0,0.0,False
1INCH,2026-09-06T13:27:30.042Z,2026-09-06T13:27:30.043033Z,2026-09-06T15:27:30.043033Z,7356.427978,7,0.0949,21.074815595364147,5.741127348642997,5.159,20.895522388059703,21.074815595364147,68.7614084540268,0,0,0,0,,False
1MBABYDOGE,2026-09-06T13:27:37.056Z,2026-09-06T13:27:37.056205Z,2026-09-06T15:27:37.056205Z,7349.414806,7,0.0004048,19.762845849801515,4.6539961013645295,1.937,14.925373134328359,19.762845849801515,64.55796412087334,2,2,0,0,0.5,False
2Z,2026-09-06T13:27:44.642Z,2026-09-06T13:27:44.642788Z,2026-09-06T15:27:44.642788Z,7341.828223,7,0.05149,15.536997475237278,3.2992475400347354,-1.483,25.0,15.536997475237278,51.47947814395191,0,0,0,0,,False
ACT,2026-09-06T13:27:51.557Z,2026-09-06T13:27:51.557546Z,2026-09-06T15:27:51.557546Z,7334.913465,7,0.010895,27.535566773748307,6.93069306930693,-1.157,13.432835820895523,27.535566773748307,49.947852417674774,0,0,0,0,,False
API3,2026-09-06T13:28:05.547Z,2026-09-06T13:28:05.547651Z,2026-09-06T15:28:05.547651Z,7320.92336,7,0.23315000000000002,12.867252841518109,3.130287648054153,1.503,23.880597014925375,12.867252841518109,64.89483004166348,0,0,0,0,,True
AUCTION,2026-09-06T13:28:12.596Z,2026-09-06T13:28:12.597302Z,2026-09-06T15:28:12.597302Z,7313.873709,7,3.4255,8.757845569990115,2.877070619006096,0.262,23.507462686567163,8.757845569990115,61.967367661764044,0,0,0,0,,False
BB,2026-09-06T13:28:24.717Z,2026-09-06T13:28:24.718318Z,2026-09-06T15:28:24.718318Z,7301.752693,7,0.009505,10.520778537611356,4.379562043795623,2.348,23.134328358208954,10.520778537611356,69.79822622572847,1,1,0,0,1.0,False
CGPT,2026-09-06T13:28:31.550Z,2026-09-06T13:28:31.550388Z,2026-09-06T15:28:31.550388Z,7294.920623,7,0.021565,41.73429167632729,5.411764705882344,4.167,12.313432835820896,41.73429167632729,44.17844078930358,1,1,0,0,1.0,False
CKB,2026-09-06T13:28:37.499Z,2026-09-06T13:28:37.499721Z,2026-09-06T15:28:37.499721Z,7288.97129,7,0.0010915,9.161704076959529,4.710144927536229,2.507,22.388059701492537,9.161704076959529,42.93318710022302,0,0,0,0,,False
COW,2026-09-06T13:28:48.707Z,2026-09-06T13:28:48.708219Z,2026-09-06T15:28:48.708219Z,7277.762792,7,0.13045,7.665772326563184,5.132075471698113,3.759,16.044776119402986,7.665772326563184,67.54494365475541,0,0,0,0,,False
HMSTR,2026-09-06T13:29:10.050Z,2026-09-06T13:29:10.050515Z,2026-09-06T15:29:10.050515Z,7256.420496,7,0.00017635,5.670541536716894,2.222222222222231,0.167,12.686567164179104,5.670541536716894,51.27588114977461,0,0,0,0,,False
KAIA,2026-09-06T13:29:23.477Z,2026-09-06T13:29:23.477941Z,2026-09-06T15:29:23.477941Z,7242.99307,7,0.03065,32.62642740619996,2.580645161290318,0.649,22.01492537313433,32.62642740619996,61.03050183583114,0,0,0,0,,False
PARTI,2026-09-06T13:30:19.108Z,2026-09-06T13:30:19.108248Z,2026-09-06T15:30:19.108248Z,7786.001146,7,0.02545,39.292730844793475,3.921568627450984,-1.163,22.761194029850746,39.292730844793475,51.237305758519426,0,0,0,0,,False
RESOLV,2026-09-06T13:30:35.884Z,2026-09-06T13:30:35.884608Z,2026-09-06T15:30:35.884608Z,7769.224786,7,0.01822,10.976948408342034,3.063457330415763,2.928,11.567164179104477,10.976948408342034,64.3784180764857,1,1,0,0,1.0,False
STO,2026-09-06T13:30:48.774Z,2026-09-06T13:30:48.774826Z,2026-09-06T15:30:48.774826Z,7756.334568,7,0.04185,23.89486260454071,1.6627078384798082,1.691,11.194029850746269,23.89486260454071,69.55640413958665,0,0,0,0,,True
SXT,2026-09-06T13:30:55.806Z,2026-09-06T13:30:55.807104Z,2026-09-06T15:30:55.807104Z,7749.30229,7,0.008910000000000001,22.44668911335681,4.719101123595508,2.417,13.805970149253731,22.44668911335681,51.93176848336937,0,0,0,0,,False
THETA,2026-09-06T13:31:02.698Z,2026-09-06T13:31:02.699077Z,2026-09-06T15:31:02.699077Z,7742.410317,7,0.1844,10.845986984815928,4.864864864864854,4.935,20.52238805970149,10.845986984815928,55.41059703761914,0,0,0,0,,False
TOWNS,2026-09-06T13:31:16.432Z,2026-09-06T13:31:16.433141Z,2026-09-06T15:31:16.433141Z,7728.676253,7,0.002125,47.05882352941188,6.046511627906972,-4.018,19.776119402985074,47.05882352941188,52.55068301151912,3,2,1,0,0.3333,False
UMA,2026-09-06T13:31:22.977Z,2026-09-06T13:31:22.978144Z,2026-09-06T15:31:22.978144Z,7722.13125,7,0.3955,25.284450063211146,5.236907730673307,2.821,21.64179104477612,25.284450063211146,60.78735383670971,0,0,0,0,,False
ANIME,2026-09-06T13:37:17.569Z,2026-09-06T13:37:17.569773Z,2026-09-06T15:37:17.569773Z,7367.539621,7,0.0028850000000000004,34.66204506065866,2.7303754266211526,1.034,7.835820895522388,34.66204506065866,67.33828219524432,0,0,0,0,,False
ARB,2026-09-06T13:37:22.834Z,2026-09-06T13:37:22.835004Z,2026-09-06T15:37:22.835004Z,7362.27439,7,0.18680000000000002,10.706638115631998,38.860103626942994,44.786,98.50746268656717,10.706638115631998,78.04900345661179,0,0,0,0,,False
AT,2026-09-06T13:37:30.117Z,2026-09-06T13:37:30.117851Z,2026-09-06T15:37:30.117851Z,7354.991543,7,0.15475,19.38610662358788,4.533678756476688,1.847,7.462686567164179,19.38610662358788,58.532020329091374,0,0,0,0,,False
BARD,2026-09-06T13:37:37.701Z,2026-09-06T13:37:37.701492Z,2026-09-06T15:37:37.701492Z,7347.407902,7,0.12635000000000002,23.74356944994022,5.378020265003889,3.719,7.08955223880597,23.74356944994022,62.61300621502282,0,0,0,0,,False
BEAMX,2026-09-06T13:37:42.858Z,2026-09-06T13:37:42.858521Z,2026-09-06T15:37:42.858521Z,7342.250873,7,0.0016005,31.24023742580452,2.1397105097545603,1.339,4.850746268656716,31.24023742580452,50.93438883892824,0,0,0,0,,True
BLUR,2026-09-06T13:37:50.911Z,2026-09-06T13:37:50.911817Z,2026-09-06T15:37:50.911817Z,7334.197577,7,0.017525,17.11840228245294,3.4084344309647614,2.974,3.7313432835820897,17.11840228245294,57.41915878583501,0,0,0,0,,False
BNB,2026-09-06T13:37:56.504Z,2026-09-06T13:37:56.504690Z,2026-09-06T15:37:56.504690Z,7328.604704,7,745.075,0.13421467637473952,4.493374645658914,1.511,98.88059701492537,0.13421467637473952,50.75852160639047,21,11,7,3,0.5238,False
BTC,2026-09-06T13:38:09.042Z,2026-09-06T13:38:09.042673Z,2026-09-06T15:38:09.042673Z,7316.066721,7,79696.975,0.0012547527675625468,0.820966916868844,0.439,100.0,0.0012547527675625468,61.53384333577911,34,16,11,7,0.1176,False
C,2026-09-06T13:38:16.257Z,2026-09-06T13:38:16.257736Z,2026-09-06T15:38:16.257736Z,7308.851658,7,0.06125,16.326530612245367,2.8938906752411513,1.967,2.985074626865672,16.326530612245367,72.05525940542299,0,0,0,0,,False
DOGE,2026-09-06T13:38:21.382Z,2026-09-06T13:38:21.382827Z,2026-09-06T15:38:21.382827Z,7303.726567,7,0.088805,1.1260627216931618,10.248723073506554,4.782,96.26865671641791,1.1260627216931618,50.59756444996431,0,0,0,0,,False
DYM,2026-09-06T13:38:32.696Z,2026-09-06T13:38:32.696710Z,2026-09-06T15:38:32.696710Z,7292.412684,7,0.015355,58.612829697166916,3.5578144853875457,2.674,8.208955223880597,58.612829697166916,73.92055817019919,0,0,0,0,,False
ETH,2026-09-06T13:38:38.405Z,2026-09-06T13:38:38.406203Z,2026-09-06T15:38:38.406203Z,7286.703191,7,2480.505,0.040314371469593005,2.966120314628466,2.019,99.6268656716418,0.040314371469593005,58.56576316030684,47,25,16,6,0.5106,False
EUL,2026-09-06T13:38:45.577Z,2026-09-06T13:38:45.577451Z,2026-09-06T15:38:45.577451Z,7279.531943,7,1.2970000000000002,15.420200462606026,3.0983733539891585,-2.713,5.597014925373134,15.420200462606026,38.327500302359724,0,0,0,0,,False
EUR,2026-09-06T13:38:49.319Z,2026-09-06T13:38:49.319636Z,2026-09-06T15:38:49.319636Z,7275.789758,7,1.16085,0.8614377395872765,0.08614006374363768,-0.009,96.64179104477611,0.8614377395872765,62.83286511752004,3,1,1,1,1.0,False
FLUX,2026-09-06T13:39:00.616Z,2026-09-06T13:39:00.617206Z,2026-09-06T15:39:00.617206Z,7264.492188,7,0.0514,38.91050583657564,3.4416826003824017,3.156,5.223880597014926,38.91050583657564,70.15616784739002,0,0,0,0,,False
GMT,2026-09-06T13:39:08.665Z,2026-09-06T13:39:08.665271Z,2026-09-06T15:39:08.665271Z,7256.444123,7,0.007475,13.377926421404137,1.9815059445178327,1.747,2.611940298507463,13.377926421404137,49.88423049242239,1,0,1,0,1.0,False
CAKE,2026-09-06T13:46:53.465Z,2026-09-06T13:46:53.465526Z,2026-09-06T15:46:53.465526Z,7392.188688,7,2.1675,4.61361014994387,7.342342342342333,4.569,89.55223880597015,4.61361014994387,68.95164986322811,9,7,2,0,0.8889,False
CRV,2026-09-06T13:46:59.283Z,2026-09-06T13:46:59.283602Z,2026-09-06T15:46:59.283602Z,7386.370612,7,0.3637,5.499037668408948,8.49307774227903,3.614,87.31343283582089,5.499037668408948,57.991710044568194,4,2,2,0,1.0,False
DASH,2026-09-06T13:47:04.446Z,2026-09-06T13:47:04.446562Z,2026-09-06T15:47:04.446562Z,7381.207652,7,67.475,10.37421267136086,20.447892271662784,0.812,91.41791044776119,10.37421267136086,72.21429061832954,11,4,7,0,1.0,False
ENA,2026-09-06T13:47:10.651Z,2026-09-06T13:47:10.652004Z,2026-09-06T15:47:10.652004Z,7375.00221,7,0.17175,5.822416302766622,15.503432494279167,7.042,95.14925373134328,5.822416302766622,74.02113338550883,16,7,5,4,0.6875,False
FDUSD,2026-09-06T13:47:15.402Z,2026-09-06T13:47:15.402622Z,2026-09-06T15:47:15.402622Z,7370.251592,7,0.99895,1.0010511036587315,0.08008008008008237,0.03,93.28358208955224,1.0010511036587315,70.25589090942479,0,0,0,0,,
FET,2026-09-06T13:47:20.989Z,2026-09-06T13:47:20.989447Z,2026-09-06T15:47:20.989447Z,7364.664767,7,0.17045,5.866823115284056,5.058139534883729,2.503,85.44776119402985,5.866823115284056,67.1393850100115,4,1,3,0,1.0,False
HEMI,2026-09-06T13:47:26.841Z,2026-09-06T13:47:26.841846Z,2026-09-06T15:47:26.841846Z,7358.812368,7,0.01122,17.82531194295982,30.565068493150687,-16.571,86.94029850746269,17.82531194295982,59.66229793498007,0,0,0,0,,False
JUP,2026-09-06T13:47:32.652Z,2026-09-06T13:47:32.653250Z,2026-09-06T15:47:32.653250Z,7353.000964,7,0.26445,3.781433163168424,24.12264499445881,20.151,92.16417910447761,3.781433163168424,74.26336975527683,0,0,0,0,,False
LINK,2026-09-06T13:47:38.984Z,2026-09-06T13:47:38.985049Z,2026-09-06T15:47:38.985049Z,7346.669165,7,12.2195,0.8183640901847228,6.049764189299071,4.932,94.77611940298507,0.8183640901847228,64.06073932323395,0,0,0,0,,False
LTC,2026-09-06T13:47:45.010Z,2026-09-06T13:47:45.010448Z,2026-09-06T15:47:45.010448Z,7340.643766,7,54.3,3.683241252302602,4.501372369624888,3.328,90.67164179104478,3.683241252302602,60.887583675707056,0,0,0,0,,False
PENGU,2026-09-06T13:47:59.594Z,2026-09-06T13:47:59.594396Z,2026-09-06T15:47:59.594396Z,7326.059818,7,0.0085995,1.1628583057145943,5.088770779147357,2.849,91.04477611940298,1.1628583057145943,69.55414524389816,8,6,2,0,0.875,False
PEPE,2026-09-06T13:48:06.994Z,2026-09-06T13:48:06.995157Z,2026-09-06T15:48:06.995157Z,7318.659057,7,3.575e-06,27.972027972027703,5.219780219780216,3.409,88.80597014925372,27.972027972027703,70.60998960102232,10,9,0,1,0.6,False
PUMP,2026-09-06T13:48:13.452Z,2026-09-06T13:48:13.452804Z,2026-09-06T15:48:13.452804Z,7312.20141,7,0.003909,5.116398055769418,10.968229954614223,-5.301,92.91044776119404,5.116398055769418,63.006372410623385,21,19,2,0,0.6667,False
RAY,2026-09-06T13:48:17.470Z,2026-09-06T13:48:17.470604Z,2026-09-06T15:48:17.470604Z,7308.18361,7,1.3010000000000002,10.760953112990528,31.90094054707049,38.724,89.92537313432835,10.760953112990528,70.68292527472329,0,0,0,0,,False
TAO,2026-09-06T13:48:22.638Z,2026-09-06T13:48:22.639180Z,2026-09-06T15:48:22.639180Z,7303.015034,7,246.45,4.057618178129208,3.7696768848384403,0.92,91.7910447761194,4.057618178129208,57.61008175012237,51,24,22,5,0.6471,False
UNI,2026-09-06T13:48:32.227Z,2026-09-06T13:48:32.227607Z,2026-09-06T15:48:32.227607Z,7293.426607,7,6.9625,1.4362657091566735,18.193402237009774,12.882,95.5223880597015,1.4362657091566735,73.65903854525422,0,0,0,0,,False
WLD,2026-09-06T13:48:38.869Z,2026-09-06T13:48:38.869583Z,2026-09-06T15:48:38.869583Z,7286.784631,7,0.4081,4.900759617741571,6.063499641919321,3.971,88.05970149253731,4.900759617741571,69.59914690400353,3,2,1,0,1.0,False
XLM,2026-09-06T13:48:45.095Z,2026-09-06T13:48:45.096153Z,2026-09-06T15:48:45.096153Z,7280.558061,7,0.18385,5.439216752788509,2.6709401709401734,2.128,85.82089552238806,5.439216752788509,61.12204154707329,11,7,3,1,0.2727,False
ZEN,2026-09-06T13:48:51.605Z,2026-09-06T13:48:51.605277Z,2026-09-06T15:48:51.605277Z,7274.048937,7,7.0794999999999995,7.062645667066733,14.862659776992112,1.169,87.68656716417911,7.062645667066733,62.95088963355444,7,4,2,1,0.7143,False
AR,2026-09-06T13:54:38.873Z,2026-09-06T13:54:38.873944Z,2026-09-06T15:54:38.873944Z,7526.154733,7,2.908,6.877579092158802,10.649880911874792,2.191,83.58208955223881,6.877579092158802,61.248686658468436,8,2,4,2,0.75,False
TIA,2026-09-06T13:56:38.994Z,2026-09-06T13:56:38.994843Z,2026-09-06T15:56:38.994843Z,7406.033834,7,0.3963,5.046681806711532,11.015228426395938,8.272,79.1044776119403,5.046681806711532,71.9708205811124,1,1,0,0,1.0,False
TRUMP,2026-09-06T13:56:45.235Z,2026-09-06T13:56:45.235896Z,2026-09-06T15:56:45.235896Z,7399.792781,7,2.3114999999999997,4.326195111399048,4.106073567151415,-1.516,81.71641791044776,4.326195111399048,63.03377488047481,0,0,0,0,,False
TRX,2026-09-06T13:56:50.668Z,2026-09-06T13:56:50.668760Z,2026-09-06T15:56:50.668760Z,7394.359917,7,0.33525,2.9828486204321845,0.8353221957040647,0.57,84.32835820895522,2.9828486204321845,61.526139256755464,36,30,3,3,0.7778,False
TUT,2026-09-06T13:56:56.179Z,2026-09-06T13:56:56.179518Z,2026-09-06T15:56:56.179518Z,7388.849159,7,0.026099999999999998,30.651340996168667,13.815537696134705,-10.971,82.46268656716418,30.651340996168667,30.738947457375346,2,1,0,1,1.0,False
TWT,2026-09-06T13:57:03.298Z,2026-09-06T13:57:03.298532Z,2026-09-06T15:57:03.298532Z,7381.730145,7,0.5823,20.607934054610663,8.352823254259928,-6.381,73.13432835820896,20.607934054610663,48.64532097104082,6,5,1,0,-0.1667,False
VIRTUAL,2026-09-06T13:57:09.729Z,2026-09-06T13:57:09.729240Z,2026-09-06T15:57:09.729240Z,7375.299437,7,0.6951499999999999,10.069769114580074,5.7183098591549255,3.153,77.61194029850746,10.069769114580074,68.85558758222366,14,5,6,3,0.2857,False
WLFI,2026-09-06T13:57:17.023Z,2026-09-06T13:57:17.023508Z,2026-09-06T15:57:17.023508Z,7368.005169,7,0.05655,17.683465959327307,2.116402116402116,-0.351,74.6268656716418,17.683465959327307,60.09107270531762,0,0,0,0,,False
XPL,2026-09-06T13:57:22.567Z,2026-09-06T13:57:22.567810Z,2026-09-06T15:57:22.567810Z,7362.460867,7,0.09086,6.60356592560032,4.952215464813215,-1.676,79.4776119402985,6.60356592560032,56.682159746364704,8,1,6,1,0.125,False
ZRO,2026-09-06T13:57:35.329Z,2026-09-06T13:57:35.329594Z,2026-09-06T15:57:35.329594Z,7349.699083,7,1.1085,9.02119981957501,7.490974729241893,6.029,77.98507462686567,9.02119981957501,72.71917710459893,11,4,3,4,0.5455,False
0G,2026-09-06T14:03:15.294Z,2026-09-06T14:03:15.294683Z,2026-09-06T16:03:15.294683Z,7609.247075,7,0.19590000000000002,10.209290454313717,4.894046417759832,-0.252,64.55223880597015,10.209290454313717,52.359901380453195,0,0,0,0,,
APE,2026-09-06T14:03:21.177Z,2026-09-06T14:03:21.177251Z,2026-09-06T16:03:21.177251Z,7603.364507,7,0.14265,7.010164738870591,2.710215427380135,1.267,58.208955223880594,7.010164738870591,65.7730923242666,44,35,9,0,0.9545,False
BROCCOLI714,2026-09-06T14:03:30.816Z,2026-09-06T14:03:30.816365Z,2026-09-06T16:03:30.816365Z,7593.725393,7,0.019209999999999998,20.822488287351298,12.036566785170123,-6.372,57.08955223880597,20.822488287351298,26.445911461852106,0,0,0,0,,False
EGLD,2026-09-06T14:03:39.014Z,2026-09-06T14:03:39.014923Z,2026-09-06T16:03:39.014923Z,7585.526835,7,4.458,40.376850605652294,4.528301886792447,-3.305,69.02985074626865,40.376850605652294,53.40816563433402,8,3,5,0,0.625,False
EIGEN,2026-09-06T14:03:45.397Z,2026-09-06T14:03:45.397704Z,2026-09-06T16:03:45.397704Z,7579.144054,7,0.21025,14.26872770511271,6.2884160756501215,5.172,66.04477611940298,14.26872770511271,70.60835833876175,2,2,0,0,0.0,False
ENSO,2026-09-06T14:03:55.420Z,2026-09-06T14:03:55.420966Z,2026-09-06T16:03:55.420966Z,7569.120792,7,0.8865000000000001,11.280315848843777,5.567928730512242,0.0,64.92537313432835,11.280315848843777,61.61280985620795,0,0,0,0,,False
FF,2026-09-06T14:04:06.976Z,2026-09-06T14:04:06.976643Z,2026-09-06T16:04:06.976643Z,7557.565115,7,0.11918000000000001,25.17200872629708,7.253319885695085,-4.625,56.343283582089555,25.17200872629708,37.87064060334546,1,1,0,0,1.0,False
FIL,2026-09-06T14:04:18.022Z,2026-09-06T14:04:18.022648Z,2026-09-06T16:04:18.022648Z,7546.51911,7,0.78945,13.933751345873581,8.136317907444665,1.779,70.14925373134328,13.933751345873581,52.3726674260239,4,3,0,1,0.5,False
FLOKI,2026-09-06T14:04:23.491Z,2026-09-06T14:04:23.491350Z,2026-09-06T16:04:23.491350Z,7541.050408,7,2.598e-05,7.698229407236263,6.340167046317398,-0.152,61.940298507462686,7.698229407236263,68.35338007967185,5,3,2,0,0.6,False
GRT,2026-09-06T14:04:35.817Z,2026-09-06T14:04:35.817487Z,2026-09-06T16:04:35.817487Z,7528.724271,7,0.019435,25.726781579625126,18.998978549540336,12.206,57.83582089552239,25.726781579625126,58.26627238087452,1,0,1,0,1.0,False
KITE,2026-09-06T14:04:45.804Z,2026-09-06T14:04:45.805139Z,2026-09-06T16:04:45.805139Z,7518.736619,7,0.12714999999999999,7.864726700748467,4.667721518987332,-0.472,58.582089552238806,7.864726700748467,51.63826652069702,1,0,0,1,-1.0,False
LDO,2026-09-06T14:04:53.077Z,2026-09-06T14:04:53.077457Z,2026-09-06T16:04:53.077457Z,7511.464301,7,0.42284999999999995,11.824524062906479,9.34105720492397,8.883,67.16417910447761,11.824524062906479,79.16069645942744,1,1,0,0,1.0,False
NOM,2026-09-06T14:05:16.883Z,2026-09-06T14:05:16.883333Z,2026-09-06T16:05:16.883333Z,7487.658425,7,0.001835,54.49591280653966,13.333333333333334,-3.226,61.56716417910448,54.49591280653966,61.997326999723484,1,1,0,0,1.0,False
1000CHEEMS,2026-09-06T14:07:20.626Z,2026-09-06T14:07:20.626216Z,2026-09-06T16:07:20.626216Z,7363.915542,7,0.0005475,18.264840182648847,4.17422867513612,0.182,54.47761194029851,18.264840182648847,59.40900855534701,0,0,0,0,,False
ALLO,2026-09-06T14:07:35.070Z,2026-09-06T14:07:35.071171Z,2026-09-06T16:07:35.071171Z,7349.470587,7,0.24185,4.134794293984567,2.7846027846027845,-1.174,46.26865671641791,4.134794293984567,58.15591205704663,0,0,0,0,,False
BERA,2026-09-06T14:08:02.619Z,2026-09-06T14:08:02.620168Z,2026-09-06T16:08:02.620168Z,7321.92159,7,0.18805,5.317734645040628,4.516471838469703,2.061,41.417910447761194,5.317734645040628,67.53186581488482,2,1,1,0,1.0,False
PHA,2026-09-06T14:09:30.903Z,2026-09-06T14:09:30.903293Z,2026-09-06T16:09:30.903293Z,7233.638465,7,0.02815,35.523978685612576,5.343511450381687,2.344,42.16417910447761,35.523978685612576,65.66486672860893,0,0,0,0,,False
SIGN,2026-09-06T14:10:13.203Z,2026-09-06T14:10:13.203964Z,2026-09-06T16:10:13.203964Z,7791.494889,7,0.01069,18.709073900841144,6.2317429406036995,-0.869,43.656716417910445,18.709073900841144,62.74178759338491,0,0,0,0,,False
BIO,2026-09-06T14:17:00.938Z,2026-09-06T14:17:00.939056Z,2026-09-06T16:17:00.939056Z,7383.759797,7,0.02743,14.582573824279391,2.9866858582223856,0.253,37.3134328358209,14.582573824279391,45.638843134042986,0,0,0,0,,False
BMT,2026-09-06T14:17:06.933Z,2026-09-06T14:17:06.933353Z,2026-09-06T16:17:06.933353Z,7377.7655,7,0.018000000000000002,11.111111111112585,3.3888888888889053,0.056,39.92537313432836,11.111111111112585,47.522433977707,5,2,3,0,0.6,False
NEO,2026-09-06T14:18:45.267Z,2026-09-06T14:18:45.268118Z,2026-09-06T16:18:45.268118Z,7279.430735,7,2.151,9.298000929801134,2.4152345564328863,1.127,40.298507462686565,9.298000929801134,56.00572394277542,3,0,3,0,1.0,False
NIL,2026-09-06T14:18:50.677Z,2026-09-06T14:18:50.678237Z,2026-09-06T16:18:50.678237Z,7274.020616,7,0.052305000000000004,24.8542204378163,5.574912891986064,1.473,39.55223880597015,24.8542204378163,62.67050985467193,0,0,0,0,,False
COOKIE,2026-09-06T14:26:28.661Z,2026-09-06T14:26:28.661246Z,2026-09-06T16:26:28.661246Z,7415.987691,7,0.01165,85.83690987124561,4.273504273504277,-2.5,13.432835820895523,85.83690987124561,48.17065760378472,0,0,0,0,,False
LISTA,2026-09-06T14:27:10.216Z,2026-09-06T14:27:10.216800Z,2026-09-06T16:27:10.216800Z,7374.432137,7,0.07905000000000001,12.650221378874491,6.909547738693473,-4.096,19.776119402985074,12.650221378874491,47.81527608469183,0,0,0,0,,False
OSMO,2026-09-06T14:27:46.519Z,2026-09-06T14:27:46.519309Z,2026-09-06T16:27:46.519309Z,7338.129628,7,0.03585,27.894002789401075,4.775280898876405,0.85,19.402985074626866,27.894002789401075,40.19328217293155,0,0,0,0,,False
SHELL,2026-09-06T14:28:19.382Z,2026-09-06T14:28:19.382861Z,2026-09-06T16:28:19.382861Z,7305.266076,7,0.023149999999999997,43.19654427645762,7.296137339055794,3.097,10.82089552238806,43.19654427645762,57.40417090859761,4,1,3,0,-0.5,False
DOLO,2026-09-06T14:35:23.312Z,2026-09-06T14:35:23.312910Z,2026-09-06T16:35:23.312910Z,7481.851674,7,0.027229999999999997,22.034520749174085,1.1747430249632924,0.591,1.8656716417910448,22.034520749174085,63.67237587690186,0,0,0,0,,False
HUMA,2026-09-06T14:35:55.797Z,2026-09-06T14:35:55.798113Z,2026-09-06T16:35:55.798113Z,7449.366471,7,0.021775,32.14695752009213,2.5885558583106314,0.365,3.3582089552238807,32.14695752009213,59.95566603130685,0,0,0,0,,False
OPEN,2026-09-06T14:36:15.506Z,2026-09-06T14:36:15.506490Z,2026-09-06T16:36:15.506490Z,7429.658094,7,0.1256,15.923566878981351,2.886928628708917,-0.953,9.701492537313433,15.923566878981351,33.74643432364687,1,1,0,0,1.0,False
ADA,2026-09-06T14:43:03.108Z,2026-09-06T14:43:03.108395Z,2026-09-06T16:43:03.108395Z,7622.489234,7,0.21865,4.573519323119906,3.8338658146964946,1.671,94.02985074626865,4.573519323119906,52.947157954250976,31,17,9,5,0.5161,False
ASTER,2026-09-06T14:43:18.521Z,2026-09-06T14:43:18.521486Z,2026-09-06T16:43:18.521486Z,7607.076143,7,0.7635000000000001,13.097576948264582,9.80645161290322,-5.372,91.7910447761194,13.097576948264582,48.77248362213065,27,9,12,6,0.9259,False
BCH,2026-09-06T14:43:27.601Z,2026-09-06T14:43:27.601628Z,2026-09-06T16:43:27.601628Z,7597.996001,7,256.45,3.899395593683866,6.336939721792892,3.686,89.92537313432835,3.899395593683866,57.88661333212504,5,1,4,0,1.0,False
OP,2026-09-06T14:44:17.633Z,2026-09-06T14:44:17.633431Z,2026-09-06T16:44:17.633431Z,7547.964198,7,0.11015,9.078529278257182,13.003663003662993,8.657,85.82089552238806,9.078529278257182,62.474043362246476,1,1,0,0,1.0,False
COTI,2026-09-06T14:50:58.636Z,2026-09-06T14:50:58.636583Z,2026-09-06T16:50:58.636583Z,7747.263861,7,0.018135,27.57099531292968,25.843940232429436,19.669,83.2089552238806,27.57099531292968,60.84916424646608,8,5,2,1,0.875,False
DOT,2026-09-06T14:51:05.201Z,2026-09-06T14:51:05.201365Z,2026-09-06T16:51:05.201365Z,7740.699079,7,0.9704999999999999,10.303967027305521,8.72689938398357,6.216,82.83582089552239,10.303967027305521,60.53105770342021,16,10,6,0,0.5,False
DYDX,2026-09-06T14:51:11.523Z,2026-09-06T14:51:11.523922Z,2026-09-06T16:51:11.523922Z,7734.376522,7,0.12324,16.228497241155935,8.164255112763732,6.125,83.95522388059702,16.228497241155935,67.55589697941166,4,3,1,0,1.0,False
EPIC,2026-09-06T14:51:17.156Z,2026-09-06T14:51:17.156406Z,2026-09-06T16:51:17.156406Z,7728.744038,7,0.4051,24.685262898049885,24.74961050523035,12.691,79.85074626865672,24.685262898049885,57.918859430232786,4,3,0,1,0.5,False
GIGGLE,2026-09-06T14:51:26.884Z,2026-09-06T14:51:26.884799Z,2026-09-06T16:51:26.884799Z,7719.015645,7,38.86,10.2933607822952,9.093186372745498,-6.225,70.5223880597015,10.2933607822952,52.647904656697875,0,0,0,0,,False
GRAM,2026-09-06T14:51:32.686Z,2026-09-06T14:51:32.687103Z,2026-09-06T16:51:32.687103Z,7713.213341,7,1.4205,7.039774727209516,3.0196629213483095,-0.21,75.74626865671642,7.039774727209516,60.27723204522761,4,2,2,0,0.5,False
HBAR,2026-09-06T14:51:38.507Z,2026-09-06T14:51:38.508214Z,2026-09-06T16:51:38.508214Z,7707.39223,7,0.080705,1.2390806021944119,2.730080296479313,0.596,80.59701492537313,1.2390806021944119,55.752059782358046,11,5,3,3,0.8182,False
INJ,2026-09-06T14:51:48.566Z,2026-09-06T14:51:48.566890Z,2026-09-06T16:51:48.566890Z,7697.333554,7,5.178,11.587485515643545,6.529006882989181,3.27,78.35820895522389,11.587485515643545,59.872474508712074,8,6,2,0,0.875,False
JTO,2026-09-06T14:51:53.680Z,2026-09-06T14:51:53.680617Z,2026-09-06T16:51:53.680617Z,7692.219827,7,0.45205,6.63643402278436,11.510947322783434,9.859,80.22388059701493,6.63643402278436,69.32544694585287,9,6,1,2,0.5556,False
ONDO,2026-09-06T14:52:04.728Z,2026-09-06T14:52:04.728450Z,2026-09-06T16:52:04.728450Z,7681.171994,7,0.37855,2.6416589618277375,3.8431166096341145,2.648,75.3731343283582,2.6416589618277375,58.63358796915898,5,2,3,0,0.6,False
ORCA,2026-09-06T14:52:11.515Z,2026-09-06T14:52:11.515481Z,2026-09-06T16:52:11.515481Z,7674.384963,7,1.415,14.13427561837457,17.525773195876297,14.118,76.86567164179104,14.13427561837457,70.50824047740669,2,2,0,0,1.0,False
PENDLE,2026-09-06T14:52:18.476Z,2026-09-06T14:52:18.476789Z,2026-09-06T16:52:18.476789Z,7667.423655,7,2.0415,4.898359049717804,10.825242718446596,6.902,85.07462686567165,4.898359049717804,63.900633535269485,5,1,3,1,1.0,False
POL,2026-09-06T14:52:24.830Z,2026-09-06T14:52:24.830402Z,2026-09-06T16:52:24.830402Z,7661.070042,7,0.0969,10.319917440659337,5.8163475396335205,2.533,78.73134328358209,10.319917440659337,61.86110545658218,18,8,5,5,0.4444,False
RENDER,2026-09-06T14:52:30.463Z,2026-09-06T14:52:30.463750Z,2026-09-06T16:52:30.463750Z,7655.436694,7,1.5245,6.5595277140038695,5.25969756738988,3.469,77.23880597014926,6.5595277140038695,69.83846603700792,3,2,1,0,0.3333,False
SEI,2026-09-06T14:52:36.160Z,2026-09-06T14:52:36.160412Z,2026-09-06T16:52:36.160412Z,7649.740032,7,0.048119999999999996,8.312551953450813,3.7546163315552015,1.141,72.01492537313433,8.312551953450813,54.174634926631654,1,1,0,0,1.0,False
SHIB,2026-09-06T14:52:41.457Z,2026-09-06T14:52:41.462299Z,2026-09-06T16:52:41.462299Z,7644.438145,7,5.425e-06,18.43317972350213,3.1307550644567237,-1.093,72.76119402985074,18.43317972350213,53.51410696920358,9,6,3,0,0.3333,False
SOPH,2026-09-06T14:52:51.212Z,2026-09-06T14:52:51.212686Z,2026-09-06T16:52:51.212686Z,7634.687758,7,0.004155,24.067388688326336,19.09307875894989,-9.503,71.26865671641791,24.067388688326336,55.611263733611985,1,1,0,0,0.0,False
STRK,2026-09-06T14:52:57.119Z,2026-09-06T14:52:57.119894Z,2026-09-06T16:52:57.119894Z,7628.78055,7,0.03055,6.546644844516917,12.749918059652575,6.828,82.08955223880596,6.546644844516917,57.36826167012659,7,1,6,0,0.7143,False
ORDI,2026-09-06T15:01:12.303Z,2026-09-06T15:01:12.303701Z,2026-09-06T17:01:12.303701Z,7732.874998,7,4.27,14.051522248242014,3.8783816135982745,1.261,66.7910447761194,14.051522248242014,47.89081453796307,4,2,2,0,1.0,False
PAXG,2026-09-06T15:01:17.885Z,2026-09-06T15:01:17.885238Z,2026-09-06T17:01:17.885238Z,7727.293461,7,4423.875,0.022604616993514237,0.2814203824245526,-0.117,62.6865671641791,0.022604616993514237,51.70192082728047,0,0,0,0,,False
PEOPLE,2026-09-06T15:01:24.939Z,2026-09-06T15:01:24.939967Z,2026-09-06T17:01:24.939967Z,7720.238732,7,0.008065,12.39925604463897,6.715506715506718,1.236,60.07462686567164,12.39925604463897,47.06978162480491,0,0,0,0,,False
PLUME,2026-09-06T15:01:30.000Z,2026-09-06T15:01:30.000351Z,2026-09-06T17:01:30.000351Z,7715.178348,7,0.013785,7.25426187885353,5.8231488138030185,3.037,63.43283582089552,7.25426187885353,51.58668366875074,1,1,0,0,1.0,False
RUNE,2026-09-06T15:01:47.614Z,2026-09-06T15:01:47.614942Z,2026-09-06T17:01:47.614942Z,7697.563757,7,0.4835,20.682523267838697,1.6359918200409014,0.825,69.77611940298507,20.682523267838697,66.78304576428329,3,1,0,2,-0.3333,False
SPK,2026-09-06T15:02:04.806Z,2026-09-06T15:02:04.807135Z,2026-09-06T17:02:04.807135Z,7680.371564,7,0.022074499999999997,14.043353190332638,12.679296346414079,7.045,59.32835820895522,14.043353190332638,66.16659829617181,7,3,4,0,1.0,False
STX,2026-09-06T15:02:10.129Z,2026-09-06T15:02:10.129594Z,2026-09-06T17:02:10.129594Z,7675.049105,7,0.2645,7.56143667296703,5.749718151071039,2.98,68.65671641791045,7.56143667296703,59.2297996784783,5,3,2,0,0.6,False
TRB,2026-09-06T15:02:21.422Z,2026-09-06T15:02:21.422670Z,2026-09-06T17:02:21.422670Z,7663.756029,7,18.6,10.752688172042781,5.830583058305843,-1.677,63.80597014925373,10.752688172042781,61.01545952639284,0,0,0,0,,False
TST,2026-09-06T15:02:26.951Z,2026-09-06T15:02:26.951779Z,2026-09-06T17:02:26.951779Z,7658.22692,7,0.017884999999999998,27.956388034664787,13.227222832052684,-6.66,66.41791044776119,27.956388034664787,40.45892039757655,4,3,0,1,1.0,False
WIF,2026-09-06T15:02:32.026Z,2026-09-06T15:02:32.026651Z,2026-09-06T17:02:32.026651Z,7653.152048,7,0.21315,4.691531785127327,4.27509293680298,-0.646,67.91044776119404,4.691531785127327,64.42281392560446,8,7,1,0,0.75,False
ATOM,2026-09-06T15:08:37.289Z,2026-09-06T15:08:37.290005Z,2026-09-06T17:08:37.290005Z,7287.888694,7,1.5875,6.299212598425902,4.427577482605949,2.132,52.61194029850746,6.299212598425902,67.60882709472435,4,2,2,0,1.0,False
AVNT,2026-09-06T15:08:42.320Z,2026-09-06T15:08:42.321109Z,2026-09-06T17:08:42.321109Z,7282.85759,7,0.10535,9.492168960606453,3.6792452830188687,-0.749,45.52238805970149,9.492168960606453,55.373015180761605,1,0,1,0,1.0,False
CATI,2026-09-06T15:09:02.888Z,2026-09-06T15:09:02.888420Z,2026-09-06T17:09:02.888420Z,7262.290279,7,0.05284,26.49507948523869,9.7507911392405,-3.97,51.865671641791046,26.49507948523869,55.68285848020051,0,0,0,0,,False
CHZ,2026-09-06T15:09:18.667Z,2026-09-06T15:09:18.667918Z,2026-09-06T17:09:18.667918Z,7246.510781,7,0.013845,7.222824124232281,3.2304379038047433,1.902,51.492537313432834,7.222824124232281,56.538026807677554,0,0,0,0,,False
DOGS,2026-09-06T15:09:25.020Z,2026-09-06T15:09:25.020540Z,2026-09-06T17:09:25.020540Z,7240.158159,7,4.4905e-05,6.680770515532351,6.040564373897702,3.989,54.1044776119403,6.680770515532351,41.326208203594646,0,0,0,0,,False
GALA,2026-09-06T15:09:34.945Z,2026-09-06T15:09:34.945893Z,2026-09-06T17:09:34.945893Z,7230.232806,7,0.001877,10.6553010122527,3.4902168164992116,1.015,52.985074626865675,10.6553010122527,54.04994021056327,0,0,0,0,,False
HOME,2026-09-06T15:09:39.968Z,2026-09-06T15:09:39.969238Z,2026-09-06T17:09:39.969238Z,7225.209461,7,0.0060750000000000005,16.460905349794995,2.439024390243902,0.655,40.67164179104478,16.460905349794995,61.501058365326884,0,0,0,0,,False
IO,2026-09-06T15:09:47.065Z,2026-09-06T15:09:47.066021Z,2026-09-06T17:09:47.066021Z,7218.112678,7,0.1343,14.892032762470436,7.205882352941178,5.019,41.04477611940298,14.892032762470436,74.04812616055722,0,0,0,0,,False
KMNO,2026-09-06T15:09:52.184Z,2026-09-06T15:09:52.184527Z,2026-09-06T17:09:52.184527Z,7212.994172,7,0.025175000000000003,3.9721946375370774,3.9261876717707143,1.313,42.91044776119403,3.9721946375370774,56.94413375985675,3,1,2,0,1.0,False
LINEA,2026-09-06T15:09:59.750Z,2026-09-06T15:09:59.750432Z,2026-09-06T17:09:59.750432Z,7205.428267,7,0.0027879999999999997,7.173601147775581,7.878568847126847,5.853,41.791044776119406,7.173601147775581,74.62128103118505,0,0,0,0,,False
MEME,2026-09-06T15:10:06.937Z,2026-09-06T15:10:06.937747Z,2026-09-06T17:10:06.937747Z,7798.98046,7,0.0005535,18.06684733514046,3.577817531305912,-1.411,47.014925373134325,18.06684733514046,51.92299215562556,0,0,0,0,,False
MET,2026-09-06T15:10:11.771Z,2026-09-06T15:10:11.771432Z,2026-09-06T17:10:11.771432Z,7794.146775,7,0.2124,47.08097928436916,22.20683287165282,12.403,47.76119402985075,47.08097928436916,67.69799054357132,14,8,1,5,0.5,False
MITO,2026-09-06T15:10:17.195Z,2026-09-06T15:10:17.196126Z,2026-09-06T17:10:17.196126Z,7788.722081,7,0.017070000000000002,23.432923257177407,7.201405152224835,-4.26,43.28358208955224,23.432923257177407,49.168472557329984,2,0,2,0,1.0,False
NEIRO,2026-09-06T15:10:24.739Z,2026-09-06T15:10:24.740108Z,2026-09-06T17:10:24.740108Z,7781.178099,7,8.957999999999999e-05,20.093770931011576,5.286738351254475,0.507,48.507462686567166,20.093770931011576,49.124507823841824,0,0,0,0,,False
SNX,2026-09-06T15:11:09.409Z,2026-09-06T15:11:09.409362Z,2026-09-06T17:11:09.409362Z,7736.508845,7,0.22749999999999998,8.791208791209044,7.732634338138923,7.414,55.223880597014926,8.791208791209044,67.38657927489562,0,0,0,0,,False
SYN,2026-09-06T15:11:14.181Z,2026-09-06T15:11:14.181430Z,2026-09-06T17:11:14.181430Z,7731.736777,7,0.090015,18.88574126534505,3.771910361659641,-1.915,50.0,18.88574126534505,55.660917166418244,0,0,0,0,,False
THE,2026-09-06T15:11:20.107Z,2026-09-06T15:11:20.107234Z,2026-09-06T17:11:20.107234Z,7725.810973,7,0.07385,13.540961408258497,4.817708333333328,0.0,48.134328358208954,13.540961408258497,43.87628890775038,0,0,0,0,,False
USDE,2026-09-06T15:11:25.008Z,2026-09-06T15:11:25.008214Z,2026-09-06T17:11:25.008214Z,7720.909993,7,0.99995,1.000050002500015,0.0199980001999778,0.01,52.23880597014925,1.000050002500015,68.61917644165767,2,1,0,1,0.0,False
VET,2026-09-06T15:11:29.815Z,2026-09-06T15:11:29.815227Z,2026-09-06T17:11:29.815227Z,7716.10298,7,0.0070365,9.948127620265845,3.1475967673330496,2.559,49.25373134328358,9.948127620265845,67.14638527275018,9,3,5,1,1.0,False
BANANAS31,2026-09-06T15:17:36.972Z,2026-09-06T15:17:36.972481Z,2026-09-06T17:17:36.972481Z,7348.945726,7,0.0083155,8.418014551139512,6.049650518197144,-3.129,34.701492537313435,8.418014551139512,49.116481546971094,0,0,0,0,,False
CVX,2026-09-06T15:18:08.576Z,2026-09-06T15:18:08.576578Z,2026-09-06T17:18:08.576578Z,7317.341629,7,2.3230000000000004,17.219113215669406,6.756171502815077,2.759,34.32835820895522,17.219113215669406,60.153788598487736,0,0,0,0,,False
ERA,2026-09-06T15:18:20.943Z,2026-09-06T15:18:20.943457Z,2026-09-06T17:18:20.943457Z,7304.97475,7,0.05985,16.708437761069817,2.4958402662229524,1.692,38.059701492537314,16.708437761069817,73.50316680099303,0,0,0,0,,True
ETC,2026-09-06T15:18:27.940Z,2026-09-06T15:18:27.941232Z,2026-09-06T17:18:27.941232Z,7297.976975,7,7.735,12.928248222365594,2.5906735751295358,0.0,35.82089552238806,12.928248222365594,63.982112174589886,2,1,1,0,0.0,False
GPS,2026-09-06T15:18:41.168Z,2026-09-06T15:18:41.169007Z,2026-09-06T17:18:41.169007Z,7284.7492,7,0.010605,9.429514380009046,4.1121495327102915,0.375,30.223880597014926,9.429514380009046,65.9863555806921,0,0,0,0,,False
GUN,2026-09-06T15:18:48.649Z,2026-09-06T15:18:48.649570Z,2026-09-06T17:18:48.649570Z,7277.268637,7,0.003065,32.626427406199106,2.2508038585209063,-0.955,28.73134328358209,32.626427406199106,60.109341608747215,0,0,0,0,,False
HEI,2026-09-06T15:18:55.759Z,2026-09-06T15:18:55.759850Z,2026-09-06T17:18:55.759850Z,7270.158357,7,0.13895,35.98416696653476,5.203136136849609,-4.232,37.6865671641791,35.98416696653476,55.08045538679386,1,1,0,0,-1.0,False
HYPER,2026-09-06T15:19:00.897Z,2026-09-06T15:19:00.897309Z,2026-09-06T17:19:00.897309Z,7265.020898,7,0.06985,14.316392269148587,4.734576757532297,2.651,27.238805970149254,14.316392269148587,55.969649077566416,2,1,0,1,1.0,False
IMX,2026-09-06T15:19:07.852Z,2026-09-06T15:19:07.852736Z,2026-09-06T17:19:07.852736Z,7258.065471,7,0.1316,15.197568389058187,9.10447761194029,6.603,36.940298507462686,15.197568389058187,62.664270461161806,0,0,0,0,,False
INIT,2026-09-06T15:19:15.527Z,2026-09-06T15:19:15.527640Z,2026-09-06T17:19:15.527640Z,7250.390567,7,0.06638,30.12955709550947,9.45520036019811,4.913,35.07462686567164,30.12955709550947,54.63220221752691,0,0,0,0,,False
KAITO,2026-09-06T15:19:20.433Z,2026-09-06T15:19:20.433907Z,2026-09-06T17:19:20.433907Z,7245.4843,7,0.31320000000000003,6.385696040869523,2.0833333333333353,0.161,39.17910447761194,6.385696040869523,71.20442754848996,0,0,0,0,,False
KERNEL,2026-09-06T15:19:27.666Z,2026-09-06T15:19:27.666241Z,2026-09-06T17:19:27.666241Z,7238.251966,7,0.04075,24.5398773006142,3.4739454094292936,-0.248,32.46268656716418,24.5398773006142,54.01638401748178,0,0,0,0,,False
LA,2026-09-06T15:19:34.809Z,2026-09-06T15:19:34.809354Z,2026-09-06T17:19:34.809354Z,7231.108853,7,0.06855,43.763676148795724,8.638360175695464,0.147,27.98507462686567,43.763676148795724,57.955263180225955,0,0,0,0,,False
LAYER,2026-09-06T15:19:39.753Z,2026-09-06T15:19:39.753301Z,2026-09-06T17:19:39.753301Z,7226.164906,7,0.08049999999999999,49.68944099378853,7.6612903225806415,6.286,29.850746268656717,49.68944099378853,68.16307668197697,4,3,1,0,0.5,False
MMT,2026-09-06T15:19:51.643Z,2026-09-06T15:19:51.643919Z,2026-09-06T17:19:51.643919Z,7214.274288,7,0.16649999999999998,12.012012012012358,2.882882882882882,0.604,27.611940298507463,12.012012012012358,59.581399596629986,23,12,9,2,0.8261,False
NOT,2026-09-06T15:20:11.440Z,2026-09-06T15:20:11.440412Z,2026-09-06T17:20:11.440412Z,7793.577908,7,0.0004575,21.85792349726829,4.12147505422993,3.132,28.35820895522388,21.85792349726829,70.69305654356822,1,0,1,0,1.0,False
QNT,2026-09-06T15:20:25.373Z,2026-09-06T15:20:25.373344Z,2026-09-06T17:20:25.373344Z,7779.644976,7,65.685,25.88109918550684,5.076993444122577,2.87,33.208955223880594,25.88109918550684,54.25989310253685,6,0,2,4,-0.6667,False
TNSR,2026-09-06T15:20:46.876Z,2026-09-06T15:20:46.877043Z,2026-09-06T17:20:46.877043Z,7758.141277,7,0.03615,27.662517289074096,2.1739130434782665,0.546,31.71641791044776,27.662517289074096,62.62490151448188,0,0,0,0,,False
TREE,2026-09-06T15:20:51.702Z,2026-09-06T15:20:51.702397Z,2026-09-06T17:20:51.702397Z,7753.315923,7,0.042749999999999996,23.391812865496128,4.1860465116278975,0.703,30.970149253731343,23.391812865496128,67.65287032133989,0,0,0,0,,False
ZBT,2026-09-06T15:21:01.083Z,2026-09-06T15:21:01.083394Z,2026-09-06T17:21:01.083394Z,7743.934926,7,0.08535000000000001,11.716461628588501,2.948113207547172,0.118,29.47761194029851,11.716461628588501,64.15589240066255,0,0,0,0,,False
AIXBT,2026-09-06T15:26:50.059Z,2026-09-06T15:26:50.059843Z,2026-09-06T17:26:50.059843Z,7394.958477,7,0.021885,31.985378112861387,3.7871956717763777,0.181,15.298507462686567,31.985378112861387,51.04318957713257,3,3,0,0,-0.3333,False
BANANA,2026-09-06T15:27:06.803Z,2026-09-06T15:27:06.803508Z,2026-09-06T17:27:06.803508Z,7378.214812,7,4.055,9.864364981505421,5.340519353258206,0.616,23.880597014925375,9.864364981505421,53.27679386169732,1,1,0,0,1.0,False
BANK,2026-09-06T15:27:14.755Z,2026-09-06T15:27:14.756504Z,2026-09-06T17:27:14.756504Z,7370.261816,7,0.03495,28.6123032904157,1.4245014245014258,-1.127,21.26865671641791,28.6123032904157,42.671336755660555,0,0,0,0,,False
CETUS,2026-09-06T15:27:34.659Z,2026-09-06T15:27:34.659443Z,2026-09-06T17:27:34.659443Z,7350.358877,7,0.023275,12.889366272825884,5.229318474067719,-2.913,23.134328358208954,12.889366272825884,60.25175428816094,0,0,0,0,,False
HAEDAL,2026-09-06T15:28:04.876Z,2026-09-06T15:28:04.876257Z,2026-09-06T17:28:04.876257Z,7320.142063,7,0.018570000000000003,43.08023694130328,2.4867724867724954,1.942,12.686567164179104,43.08023694130328,68.11878722684224,0,0,0,0,,True
HOLO,2026-09-06T15:28:17.398Z,2026-09-06T15:28:17.398725Z,2026-09-06T17:28:17.398725Z,7307.619595,7,0.0676,29.585798816566847,3.5661218424962846,2.905,15.671641791044776,29.585798816566847,68.70460372124947,0,0,0,0,,False
MANTA,2026-09-06T15:28:46.067Z,2026-09-06T15:28:46.068064Z,2026-09-06T17:28:46.068064Z,7278.950256,7,0.0624,6.4102564102572615,2.6953313011390994,2.533,11.940298507462687,6.4102564102572615,70.3927151920219,0,0,0,0,,False
MANTRA,2026-09-06T15:28:53.231Z,2026-09-06T15:28:53.231671Z,2026-09-06T17:28:53.231671Z,7271.786649,7,0.004395,22.753128555177383,2.9147982062780247,0.225,16.044776119402986,22.753128555177383,63.86243609273125,0,0,0,0,,False
MINA,2026-09-06T15:29:01.117Z,2026-09-06T15:29:01.117523Z,2026-09-06T17:29:01.117523Z,7263.900797,7,0.0765,26.14379084967395,4.617414248021112,1.473,24.253731343283583,26.14379084967395,65.69765608023309,0,0,0,0,,False
MIRA,2026-09-06T15:29:07.924Z,2026-09-06T15:29:07.924847Z,2026-09-06T17:29:07.924847Z,7257.093473,7,0.04637,17.25253396592554,3.9524838012958927,-0.963,25.37313432835821,17.25253396592554,57.131331812893855,0,0,0,0,,False
ONT,2026-09-06T15:29:15.213Z,2026-09-06T15:29:15.214099Z,2026-09-06T17:29:15.214099Z,7249.804221,7,0.05566,17.966223499820853,2.6076085015181336,0.089,19.029850746268657,17.966223499820853,44.736423889095306,1,0,1,0,1.0,False
PIXEL,2026-09-06T15:29:36.861Z,2026-09-06T15:29:36.861414Z,2026-09-06T17:29:36.861414Z,7228.156906,7,0.0051400000000000005,38.91050583657598,4.271844660194186,1.98,18.65671641791045,38.91050583657598,66.98502484055481,0,0,0,0,,False
RARE,2026-09-06T15:29:43.700Z,2026-09-06T15:29:43.700901Z,2026-09-06T17:29:43.700901Z,7221.317419,7,0.01252,15.974440894568039,1.9077901430842519,0.399,18.28358208955224,15.974440894568039,55.1262738716547,0,0,0,0,,False
SAPIEN,2026-09-06T15:29:56.364Z,2026-09-06T15:29:56.364661Z,2026-09-06T17:29:56.364661Z,7208.653659,7,0.0819,24.42002442002512,3.2846715328467253,0.612,12.313432835820896,24.42002442002512,56.63370398775367,1,0,1,0,1.0,False
TLM,2026-09-06T15:30:13.552Z,2026-09-06T15:30:13.552856Z,2026-09-06T17:30:13.552856Z,7791.777253,7,0.0014464999999999999,6.913238852401769,1.4452856159669627,0.0,21.64179104477612,6.913238852401769,62.31197558754827,1,1,0,0,1.0,False
WCT,2026-09-06T15:30:33.010Z,2026-09-06T15:30:33.010495Z,2026-09-06T17:30:33.010495Z,7772.319614,7,0.039685,2.5198437696870513,2.516989680342313,1.404,22.01492537313433,2.5198437696870513,65.04995820246481,1,0,1,0,1.0,False
YGG,2026-09-06T15:30:38.715Z,2026-09-06T15:30:38.715425Z,2026-09-06T17:30:38.715425Z,7766.614684,7,0.02409,16.604400166043327,5.897009966777413,3.082,17.16417910447761,16.604400166043327,64.19319927251769,0,0,0,0,,False
ACT,2026-09-06T15:36:18.213Z,2026-09-06T15:36:18.213482Z,2026-09-06T17:36:18.213482Z,7427.116627,7,0.010964999999999999,27.359781121751492,4.856115107913658,0.452,4.477611940298507,27.359781121751492,46.8774543363813,1,1,0,0,1.0,False
EURI,2026-09-06T15:37:34.958Z,2026-09-06T15:37:34.958746Z,2026-09-06T17:37:34.958746Z,7350.371363,7,1.1588500000000002,40.557449195322306,0.6027727546714798,0.302,2.2388059701492535,40.557449195322306,52.69135910756195,0,0,0,0,,
NEAR,2026-09-06T15:37:55.496Z,2026-09-06T15:37:55.496613Z,2026-09-06T17:37:55.496613Z,7329.833496,7,2.3945,4.176237210273084,12.58627689809176,11.955,95.8955223880597,4.176237210273084,70.77352145832161,26,17,6,3,0.6923,False
NEWT,2026-09-06T15:38:00.767Z,2026-09-06T15:38:00.767837Z,2026-09-06T17:38:00.767837Z,7324.562272,7,0.044770000000000004,22.336385972748698,2.796271637816254,2.177,6.7164179104477615,22.336385972748698,66.08740783918604,0,0,0,0,,False
NXPC,2026-09-06T15:38:06.370Z,2026-09-06T15:38:06.370804Z,2026-09-06T17:38:06.370804Z,7318.959305,7,0.2071,28.971511347174765,1.770334928229656,0.24,0.746268656716418,28.971511347174765,65.27494363437054,0,0,0,0,,True
PROVE,2026-09-06T15:38:17.514Z,2026-09-06T15:38:17.514466Z,2026-09-06T17:38:17.514466Z,7307.815643,7,0.17975000000000002,16.68984700973545,1.2121212121212164,0.387,0.373134328358209,16.68984700973545,62.921097663491416,1,0,1,0,-1.0,False
SOL,2026-09-06T15:38:28.516Z,2026-09-06T15:38:28.516545Z,2026-09-06T17:38:28.516545Z,7296.813564,7,106.14500000000001,0.9421074944656004,4.469640179910042,3.854,99.25373134328358,0.9421074944656004,69.47205613511296,30,21,8,1,0.8,False
SUI,2026-09-06T15:38:38.918Z,2026-09-06T15:38:38.919073Z,2026-09-06T17:38:38.919073Z,7286.411036,7,0.79635,1.2557292647703773,3.566958698372962,0.503,97.38805970149254,1.2557292647703773,59.815443748041325,10,4,2,4,0.0,False
TURBO,2026-09-06T15:38:49.034Z,2026-09-06T15:38:49.035146Z,2026-09-06T17:38:49.035146Z,7276.294963,7,0.001009,19.82160555005004,2.566633761105625,0.198,10.074626865671641,19.82160555005004,65.02882678301714,2,1,1,0,0.5,False
TURTLE,2026-09-06T15:38:56.267Z,2026-09-06T15:38:56.268002Z,2026-09-06T17:38:56.268002Z,7269.062107,7,0.041999999999999996,47.619047619047336,2.358490566037738,0.474,5.597014925373134,47.619047619047336,55.76972907253308,0,0,0,0,,False
USD1,2026-09-06T15:38:59.343Z,2026-09-06T15:38:59.343823Z,2026-09-06T17:38:59.343823Z,7265.986286,7,0.99985,1.0001500225032653,0.03000600120023674,0.0,97.76119402985074,1.0001500225032653,73.11536027648155,0,0,0,0,,False
USUAL,2026-09-06T15:39:05.244Z,2026-09-06T15:39:05.244843Z,2026-09-06T17:39:05.244843Z,7260.085266,7,0.011575,8.639308855291224,3.6187113857016673,-1.82,6.343283582089552,8.639308855291224,54.072475162983594,0,0,0,0,,False
VANA,2026-09-06T15:39:12.003Z,2026-09-06T15:39:12.003645Z,2026-09-06T17:39:12.003645Z,7253.326464,7,0.9375,31.999999999998845,2.014846235418866,0.964,2.985074626865672,31.999999999998845,49.30524335409794,0,0,0,0,,True
VELODROME,2026-09-06T15:39:19.476Z,2026-09-06T15:39:19.476726Z,2026-09-06T17:39:19.476726Z,7245.853383,7,0.025705,66.134993191986,7.185391028185785,4.134,1.1194029850746268,66.134993191986,65.88618110378349,0,0,0,0,,False
XRP,2026-09-06T15:39:24.855Z,2026-09-06T15:39:24.855274Z,2026-09-06T17:39:24.855274Z,7240.474835,7,1.41005,0.7091947094073896,2.188029361942415,0.333,98.13432835820896,0.7091947094073896,56.24899875207626,20,9,9,2,0.55,False
YB,2026-09-06T15:39:32.115Z,2026-09-06T15:39:32.116055Z,2026-09-06T17:39:32.116055Z,7233.214054,7,0.0944,21.186440677966708,2.941176470588232,-2.559,1.492537313432836,21.186440677966708,51.2106152746514,0,0,0,0,,True
ZEC,2026-09-06T15:39:37.987Z,2026-09-06T15:39:37.987396Z,2026-09-06T17:39:37.987396Z,7227.342713,7,1222.855,3.516361302033653,18.310406597492136,16.642,97.01492537313433,3.516361302033653,82.88196439548429,40,23,15,2,0.6,False
AAVE,2026-09-06T15:45:11.179Z,2026-09-06T15:45:11.180038Z,2026-09-06T17:45:11.180038Z,7493.443675,7,133.07,7.5148418125794185,7.69968994537131,4.353,88.80597014925372,7.5148418125794185,50.34443346566742,7,2,1,4,0.2857,False
APT,2026-09-06T15:45:26.871Z,2026-09-06T15:45:26.871811Z,2026-09-06T17:45:26.871811Z,7477.751902,7,0.6165,16.220600162206015,5.797101449275368,3.673,85.44776119402985,16.220600162206015,68.07092244175188,6,3,0,3,0.0,False
AVAX,2026-09-06T15:45:35.884Z,2026-09-06T15:45:35.884354Z,2026-09-06T17:45:35.884354Z,7468.739359,7,7.625,2.6229508196730067,2.800208387600936,1.938,86.19402985074628,2.6229508196730067,74.01758075928889,13,5,4,4,0.6154,False
1000CAT,2026-09-06T15:52:40.493Z,2026-09-06T15:52:40.493195Z,2026-09-06T17:52:40.493195Z,7645.339148,7,0.002154,27.85515320334229,35.73064590013744,-9.942,75.0,27.85515320334229,58.801448031149896,1,0,0,1,1.0,False
ALGO,2026-09-06T15:52:45.367Z,2026-09-06T15:52:45.368063Z,2026-09-06T17:52:45.368063Z,7640.46428,7,0.09465000000000001,10.565240359218475,4.20168067226891,-0.833,71.64179104477611,10.565240359218475,65.84121831411719,7,5,2,0,0.4286,False
BOME,2026-09-06T15:52:56.343Z,2026-09-06T15:52:56.344130Z,2026-09-06T17:52:56.344130Z,7629.488213,7,0.0009063999999999999,11.032656663724895,39.30207197382769,6.976,80.97014925373135,11.032656663724895,67.19367785853953,0,0,0,0,,False
BONK,2026-09-06T15:53:01.049Z,2026-09-06T15:53:01.049564Z,2026-09-06T17:53:01.049564Z,7624.782779,7,3.495e-06,28.612303290414605,6.686046511627905,4.559,74.25373134328358,28.612303290414605,62.41400174157637,8,5,1,2,0.25,False
ETHFI,2026-09-06T15:53:31.534Z,2026-09-06T15:53:31.534994Z,2026-09-06T17:53:31.534994Z,7594.297349,7,0.5683499999999999,12.316354359110301,7.59363776295536,4.785,76.11940298507463,12.316354359110301,51.97408879053896,2,2,0,0,1.0,False
ICP,2026-09-06T15:53:50.782Z,2026-09-06T15:53:50.782462Z,2026-09-06T17:53:50.782462Z,7575.049881,7,2.683,7.454342154305717,6.326825741142438,6.14,81.34328358208955,7.454342154305717,63.66527180309919,21,11,10,0,0.7143,False
MUBARAK,2026-09-06T15:54:04.432Z,2026-09-06T15:54:04.433098Z,2026-09-06T17:54:04.433098Z,7561.399245,7,0.031485,22.23280927425778,22.122475152292413,-2.47,70.8955223880597,22.23280927425778,60.1921730190481,1,1,0,0,1.0,False
SOMI,2026-09-06T15:54:38.461Z,2026-09-06T15:54:38.461365Z,2026-09-06T17:54:38.461365Z,7527.370978,7,0.13275,7.532956685498229,10.558069381598791,8.511,73.88059701492537,7.532956685498229,75.37301527847382,3,2,0,1,1.0,False
XLM,2026-09-06T15:55:25.017Z,2026-09-06T15:55:25.017815Z,2026-09-06T17:55:25.017815Z,7480.814528,7,0.18385,5.439216752788509,2.418054809242345,1.472,84.70149253731343,5.439216752788509,66.04275177020511,9,6,3,0,1.0,False
MORPHO,2026-09-06T16:01:04.446Z,2026-09-06T16:01:04.447061Z,2026-09-06T18:01:04.447061Z,7740.640661,7,2.612,7.656967840734226,5.446708463949852,1.673,72.01492537313433,7.656967840734226,64.32576821363602,0,0,0,0,,False
CFX,2026-09-06T16:01:39.618Z,2026-09-06T16:01:39.618722Z,2026-09-06T18:01:39.618722Z,7705.469,7,0.049375,6.075949367089062,5.7742782152231005,4.033,62.6865671641791,6.075949367089062,68.68086041213357,0,0,0,0,,False
ENS,2026-09-06T16:01:53.055Z,2026-09-06T16:01:53.055194Z,2026-09-06T18:01:53.055194Z,7692.032528,7,6.245,16.012810248198218,7.340946166394782,5.69,60.82089552238806,16.012810248198218,68.9114510051543,3,1,0,2,1.0,False
FORM,2026-09-06T16:02:15.673Z,2026-09-06T16:02:15.674031Z,2026-09-06T18:02:15.674031Z,7669.413691,7,0.2663,45.06196019526978,12.07951070336392,-9.575,60.07462686567164,45.06196019526978,53.52141040109568,1,1,0,0,1.0,False
IOTA,2026-09-06T16:02:28.843Z,2026-09-06T16:02:28.843556Z,2026-09-06T18:02:28.843556Z,7656.244166,7,0.042050000000000004,23.781212841853964,7.600950118764849,5.514,57.08955223880597,23.781212841853964,68.30160444126828,5,2,1,2,0.8,False
PYTH,2026-09-06T16:03:18.869Z,2026-09-06T16:03:18.869956Z,2026-09-06T18:03:18.869956Z,7606.217766,7,0.054275,12.897282358360316,6.052244297277412,-0.458,56.343283582089555,12.897282358360316,44.56067782535875,0,0,0,0,,False
ROSE,2026-09-06T16:03:23.494Z,2026-09-06T16:03:23.495131Z,2026-09-06T18:03:23.495131Z,7601.592591,7,0.007515,13.306719893545699,12.236286919831226,4.867,60.44776119402985,13.306719893545699,69.19063776593528,3,1,2,0,0.6667,False
RSR,2026-09-06T16:03:28.639Z,2026-09-06T16:03:28.639354Z,2026-09-06T18:03:28.639354Z,7596.448368,7,0.0014334999999999999,6.975933031042316,6.2107466852756374,2.798,64.55223880597015,6.975933031042316,67.51781943735624,0,0,0,0,,False
SAHARA,2026-09-06T16:03:42.198Z,2026-09-06T16:03:42.199133Z,2026-09-06T18:03:42.199133Z,7582.888589,7,0.009335,10.712372790572676,5.032119914346895,1.632,63.80597014925373,10.712372790572676,65.84136818590503,1,0,0,1,1.0,False
SAND,2026-09-06T16:03:47.394Z,2026-09-06T16:03:47.394393Z,2026-09-06T18:03:47.394393Z,7577.693329,7,0.039675,7.56143667296843,2.6593075765178087,0.53,62.3134328358209,7.56143667296843,62.587287265585786,7,3,2,2,0.4286,False
SOLV,2026-09-06T16:03:55.896Z,2026-09-06T16:03:55.896789Z,2026-09-06T18:03:55.896789Z,7569.190933,7,0.003745,26.702269692923966,19.582245430809394,17.485,66.04477611940298,26.702269692923966,74.20876832029921,0,0,0,0,,False
SYRUP,2026-09-06T16:04:04.981Z,2026-09-06T16:04:04.981691Z,2026-09-06T18:04:04.981691Z,7560.106031,7,0.21835,4.579803068468823,3.4306907742234536,1.602,69.02985074626865,4.579803068468823,56.32862039190275,0,0,0,0,,False
XVG,2026-09-06T16:04:25.382Z,2026-09-06T16:04:25.382174Z,2026-09-06T18:04:25.382174Z,7539.705548,7,0.0028799999999999997,27.77777777777695,13.03426351112681,0.461,59.701492537313435,27.77777777777695,65.18867997633242,1,1,0,0,1.0,False
ZK,2026-09-06T16:04:30.030Z,2026-09-06T16:04:30.031004Z,2026-09-06T18:04:30.031004Z,7535.056718,7,0.011005000000000001,9.08677873693896,14.196428571428566,13.475,61.19402985074627,9.08677873693896,74.32186551863744,0,0,0,0,,False
ZKC,2026-09-06T16:04:36.759Z,2026-09-06T16:04:36.759809Z,2026-09-06T18:04:36.759809Z,7528.327913,7,0.04865,20.554984583762153,6.378600823045264,-2.213,55.59701492537314,20.554984583762153,61.23703007782062,1,0,0,1,1.0,False
1000CHEEMS,2026-09-06T16:10:09.074Z,2026-09-06T16:10:09.074478Z,2026-09-06T18:10:09.074478Z,7796.486498,7,0.0005465,18.298261665140274,5.291970802919718,-3.86,51.11940298507463,18.298261665140274,59.71928525828953,1,0,0,1,1.0,False
ALLO,2026-09-06T16:10:19.213Z,2026-09-06T16:10:19.213989Z,2026-09-06T18:10:19.213989Z,7786.346987,7,0.2404,8.319467554075624,3.680727874276258,-1.627,47.76119402985075,8.319467554075624,56.571164414084514,0,0,0,0,,False
ARKM,2026-09-06T16:10:24.336Z,2026-09-06T16:10:24.336603Z,2026-09-06T18:10:24.336603Z,7781.224373,7,0.10785,9.272137227629948,3.9704524469067395,1.5,43.28358208955224,9.272137227629948,59.61253830440305,3,1,0,2,0.3333,False
BABY,2026-09-06T16:10:38.841Z,2026-09-06T16:10:38.842054Z,2026-09-06T18:10:38.842054Z,7766.718922,7,0.011304999999999999,8.845643520567297,3.8869257950529987,-1.135,43.656716417910445,8.845643520567297,61.05685706803288,3,0,2,1,1.0,False
BFUSD,2026-09-06T16:10:42.027Z,2026-09-06T16:10:42.027441Z,2026-09-06T18:10:42.027441Z,7763.533535,7,1.0000499999999999,10.999450027497415,0.12006003001499427,-0.07,53.35820895522388,10.999450027497415,60.74005846107444,0,0,0,0,,
BROCCOLI714,2026-09-06T16:10:51.112Z,2026-09-06T16:10:51.112888Z,2026-09-06T18:10:51.112888Z,7754.448088,7,0.01916,31.315240083506033,15.533472803347282,-9.255,53.73134328358209,31.315240083506033,57.77520668562326,1,0,0,1,1.0,False
COMP,2026-09-06T16:11:09.236Z,2026-09-06T16:11:09.236618Z,2026-09-06T18:11:09.236618Z,7736.324358,7,20.995,14.28911645629966,5.495026054002843,5.656,42.16417910447761,14.28911645629966,59.66072324789236,2,2,0,0,1.0,False
EDEN,2026-09-06T16:11:18.198Z,2026-09-06T16:11:18.198512Z,2026-09-06T18:11:18.198512Z,7727.362464,7,0.056705,12.344590424124965,6.502915709489302,1.379,41.791044776119406,12.344590424124965,70.4688065075164,1,0,0,1,1.0,False
FF,2026-09-06T16:11:22.692Z,2026-09-06T16:11:22.692460Z,2026-09-06T18:11:22.692460Z,7722.868516,7,0.11901,16.805310478110396,7.1952642988160855,1.207,51.865671641791046,16.805310478110396,56.81545574884254,0,0,0,0,,False
PHA,2026-09-06T16:12:10.858Z,2026-09-06T16:12:10.859067Z,2026-09-06T18:12:10.859067Z,7674.701909,7,0.02735,36.56307129798881,10.992907801418447,10.156,49.25373134328358,36.56307129798881,76.41884213722244,0,0,0,0,,False
PNUT,2026-09-06T16:12:15.840Z,2026-09-06T16:12:15.840802Z,2026-09-06T18:12:15.840802Z,7669.720174,7,0.0509,39.292730844793475,7.114624505928852,2.016,45.8955223880597,39.292730844793475,66.95397732523293,0,0,0,0,,False
SAGA,2026-09-06T16:12:32.921Z,2026-09-06T16:12:32.921953Z,2026-09-06T18:12:32.921953Z,7652.639023,7,0.015505,6.449532408900092,3.2154340836012776,-0.193,44.776119402985074,6.449532408900092,57.599572080419385,0,0,0,0,,False
SKY,2026-09-06T16:12:37.903Z,2026-09-06T16:12:37.903600Z,2026-09-06T18:12:37.903600Z,7647.657376,7,0.07028000000000001,5.691519635742511,6.669492722905189,4.969,54.850746268656714,5.691519635742511,68.84578940904123,1,0,1,0,-1.0,False
W,2026-09-06T16:13:02.327Z,2026-09-06T16:13:02.327533Z,2026-09-06T18:13:02.327533Z,7623.233443,7,0.010445,9.573958831976633,6.686046511627921,4.137,47.014925373134325,9.573958831976633,68.69608299460535,0,0,0,0,,False
XTZ,2026-09-06T16:13:14.602Z,2026-09-06T16:13:14.602621Z,2026-09-06T18:13:14.602621Z,7610.958355,7,0.23809999999999998,8.399832003360174,2.829391891891885,1.24,42.91044776119403,8.399832003360174,67.16512558325681,3,2,0,1,1.0,False
1000SATS,2026-09-06T16:13:34.835Z,2026-09-06T16:13:34.835449Z,2026-09-06T18:13:34.835449Z,7590.725527,7,1.153e-05,17.34605377276653,6.596306068601581,-0.785,29.850746268656717,17.34605377276653,62.37772268769934,12,5,6,1,1.0,False
2Z,2026-09-06T16:13:39.773Z,2026-09-06T16:13:39.774199Z,2026-09-06T18:13:39.774199Z,7585.786777,7,0.0516,11.627906976745058,3.7130148907368112,-1.298,27.611940298507463,11.627906976745058,64.73652141067817,1,0,0,1,1.0,False
ACH,2026-09-06T16:13:46.628Z,2026-09-06T16:13:46.628648Z,2026-09-06T18:13:46.628648Z,7578.932328,7,0.0053950000000000005,18.535681186284446,5.009276437847856,-1.282,35.44776119402985,18.535681186284446,58.640225334367706,1,0,0,1,1.0,False
ALT,2026-09-06T16:13:51.370Z,2026-09-06T16:13:51.370758Z,2026-09-06T18:13:51.370758Z,7574.190218,7,0.006455,15.491866769945148,2.9320987654321,0.465,26.492537313432837,15.491866769945148,62.707751508530016,1,0,0,1,1.0,False
AXS,2026-09-06T16:13:58.446Z,2026-09-06T16:13:58.446359Z,2026-09-06T18:13:58.446359Z,7567.114617,7,0.9495,10.53185887309111,2.93809024134313,-0.209,36.56716417910448,10.53185887309111,63.74111976602316,1,0,0,1,1.0,False
BERA,2026-09-06T16:14:11.635Z,2026-09-06T16:14:11.635430Z,2026-09-06T18:14:11.635430Z,7553.925546,7,0.19019999999999998,10.51524710830735,4.253056884635821,2.563,38.80597014925373,10.51524710830735,69.02078167535696,6,3,2,1,0.6667,False
COW,2026-09-06T16:14:24.211Z,2026-09-06T16:14:24.212019Z,2026-09-06T18:14:24.212019Z,7541.348957,7,0.1321,15.140045420136694,4.5977011494252915,1.399,26.119402985074625,15.140045420136694,64.9411877108127,1,0,0,1,1.0,False
ENJ,2026-09-06T16:14:36.795Z,2026-09-06T16:14:36.796002Z,2026-09-06T18:14:36.796002Z,7528.764974,7,0.026930000000000003,29.7066468622355,15.775798069784697,-1.319,39.92537313432836,29.7066468622355,58.89130529081788,6,1,3,2,0.6667,False
RED,2026-09-06T16:16:23.008Z,2026-09-06T16:16:23.009037Z,2026-09-06T18:16:23.009037Z,7422.551939,7,0.12735000000000002,23.557126030623845,5.222135619641464,2.722,28.73134328358209,23.557126030623845,50.333254070868755,2,0,1,1,1.0,False
REZ,2026-09-06T16:16:29.821Z,2026-09-06T16:16:29.821697Z,2026-09-06T18:16:29.821697Z,7415.739279,7,0.0031000000000000003,12.903225806451925,8.579691516709508,1.137,30.223880597014926,12.903225806451925,37.36367937842382,0,0,0,0,,False
SSV,2026-09-06T16:16:40.911Z,2026-09-06T16:16:40.911395Z,2026-09-06T18:16:40.911395Z,7404.649581,7,2.9755000000000003,30.247017308015113,6.292517006802722,-1.935,29.104477611940297,30.247017308015113,47.94521615099411,0,0,0,0,,False
THETA,2026-09-06T16:16:45.945Z,2026-09-06T16:16:45.945649Z,2026-09-06T18:16:45.945649Z,7399.615327,7,0.18359999999999999,10.893246187364147,4.9864498644986375,3.535,25.746268656716417,10.893246187364147,70.26462184282022,0,0,0,0,,False
WAL,2026-09-06T16:17:02.558Z,2026-09-06T16:17:02.558685Z,2026-09-06T18:17:02.558685Z,7383.002291,7,0.02785,35.90664272890588,4.744525547445265,0.735,33.95522388059702,35.90664272890588,68.20828838131574,0,0,0,0,,False
1INCH,2026-09-06T16:22:49.898Z,2026-09-06T16:22:49.898806Z,2026-09-06T18:22:49.898806Z,7634.734767,7,0.09559999999999999,20.920502092049357,4.9525816649104275,3.603,23.507462686567163,20.920502092049357,69.67124233430725,0,0,0,0,,False
ANIME,2026-09-06T16:23:02.294Z,2026-09-06T16:23:02.294847Z,2026-09-06T18:23:02.294847Z,7622.338726,7,0.0029049999999999996,34.42340791738392,3.124999999999993,0.0,11.194029850746269,34.42340791738392,58.454619130446964,1,0,0,1,1.0,False
API3,2026-09-06T16:23:09.084Z,2026-09-06T16:23:09.084488Z,2026-09-06T18:23:09.084488Z,7615.549085,7,0.23470000000000002,8.521516829995983,3.383297644539622,0.517,15.671641791044776,8.521516829995983,43.00617617975756,0,0,0,0,,True
AUCTION,2026-09-06T16:23:15.795Z,2026-09-06T16:23:15.795424Z,2026-09-06T18:23:15.795424Z,7608.838149,7,3.4355,8.732353369232046,3.5610040863981283,-0.058,16.791044776119403,8.732353369232046,61.019861011083506,0,0,0,0,,False
BB,2026-09-06T16:23:32.715Z,2026-09-06T16:23:32.715892Z,2026-09-06T18:23:32.715892Z,7591.917681,7,0.009465,10.565240359217743,4.411764705882355,1.493,24.62686567164179,10.565240359217743,67.55900508511233,2,1,0,1,1.0,False
CGPT,2026-09-06T16:23:46.196Z,2026-09-06T16:23:46.196308Z,2026-09-06T18:23:46.196308Z,7578.437265,7,0.021695,32.26549896289496,9.150023223409194,5.333,13.805970149253731,32.26549896289496,63.912394768249904,2,0,1,1,1.0,False
CKB,2026-09-06T16:23:51.706Z,2026-09-06T16:23:51.706369Z,2026-09-06T18:23:51.706369Z,7572.927204,7,0.0011020000000000001,18.148820326679207,4.462659380692167,-1.701,14.17910447761194,18.148820326679207,58.39913946588291,0,0,0,0,,False
DYM,2026-09-06T16:24:02.919Z,2026-09-06T16:24:02.919929Z,2026-09-06T18:24:02.919929Z,7561.713644,7,0.015385,19.49951251218753,3.5483870967741944,1.639,11.940298507462687,19.49951251218753,40.614254495858894,0,0,0,0,,False
HMSTR,2026-09-06T16:24:31.657Z,2026-09-06T16:24:31.657860Z,2026-09-06T18:24:31.657860Z,7532.975713,7,0.0001766,11.325028312571055,4.699886749716881,-1.506,15.298507462686567,11.325028312571055,59.10718363946773,1,0,0,1,1.0,False
KAIA,2026-09-06T16:24:45.556Z,2026-09-06T16:24:45.556788Z,2026-09-06T18:24:45.556788Z,7519.076785,7,0.03095,32.31017770597719,3.571428571428572,0.326,22.01492537313433,32.31017770597719,61.02761516074193,1,0,0,1,1.0,False
PARTI,2026-09-06T16:25:48.971Z,2026-09-06T16:25:48.972007Z,2026-09-06T18:25:48.972007Z,7455.661566,7,0.02555,39.138943248533415,4.330708661417324,-1.931,21.26865671641791,39.138943248533415,55.7624667956533,0,0,0,0,,False
RESOLV,2026-09-06T16:26:05.612Z,2026-09-06T16:26:05.612675Z,2026-09-06T18:26:05.612675Z,7439.020898,7,0.018084999999999997,5.529444290848545,3.2560706401766017,1.855,12.686567164179104,5.529444290848545,57.81061811798153,0,0,0,0,,False
TOWNS,2026-09-06T16:26:30.080Z,2026-09-06T16:26:30.081047Z,2026-09-06T18:26:30.081047Z,7414.552526,7,0.0021349999999999997,46.83840749414533,5.164319248826304,-4.054,19.029850746268657,46.83840749414533,54.31134956783574,0,0,0,0,,False
UMA,2026-09-06T16:26:36.853Z,2026-09-06T16:26:36.853648Z,2026-09-06T18:26:36.853648Z,7407.779925,7,0.394,50.761421319796995,5.0890585241730175,1.028,22.388059701492537,50.761421319796995,56.67916759671801,1,0,1,0,-1.0,False
1MBABYDOGE,2026-09-06T16:32:21.952Z,2026-09-06T16:32:21.953133Z,2026-09-06T18:32:21.953133Z,7663.473365,7,0.0004057,14.789253142716651,4.726735598227469,-3.101,6.343283582089552,14.789253142716651,52.972317622290355,4,1,2,1,0.0,False
ARB,2026-09-06T16:32:40.810Z,2026-09-06T16:32:40.810909Z,2026-09-06T18:32:40.810909Z,7644.615589,7,0.18505,5.403944879761632,39.50880939668979,41.358,98.88059701492537,5.403944879761632,84.51368055460384,0,0,0,0,,False
AT,2026-09-06T16:32:48.414Z,2026-09-06T16:32:48.414907Z,2026-09-06T18:32:48.414907Z,7637.011591,7,0.15655000000000002,19.163206643244628,5.381165919282523,3.721,8.208955223880597,19.163206643244628,68.28795610251402,0,0,0,0,,False
BARD,2026-09-06T16:32:55.974Z,2026-09-06T16:32:55.974725Z,2026-09-06T18:32:55.974725Z,7629.451773,7,0.12685000000000002,55.18328734726102,4.656669297553266,1.037,7.08955223880597,55.18328734726102,47.56737227020642,0,0,0,0,,False
BEAMX,2026-09-06T16:33:03.076Z,2026-09-06T16:33:03.076412Z,2026-09-06T18:33:03.076412Z,7622.350086,7,0.001607,24.89110143123759,2.248594628357277,1.522,7.462686567164179,24.89110143123759,68.37167215517623,0,0,0,0,,True
BLUR,2026-09-06T16:33:08.823Z,2026-09-06T16:33:08.823823Z,2026-09-06T18:33:08.823823Z,7616.602675,7,0.017505,17.137960582691946,6.114285714285722,4.043,8.955223880597014,17.137960582691946,63.5950022610561,0,0,0,0,,False
BNB,2026-09-06T16:33:14.828Z,2026-09-06T16:33:14.828618Z,2026-09-06T18:33:14.828618Z,7610.59788,7,749.135,0.1334872886728147,5.457494002385647,-3.07,97.76119402985074,0.1334872886728147,56.48827519724085,17,8,7,2,0.4706,False
BTC,2026-09-06T16:33:27.460Z,2026-09-06T16:33:27.460641Z,2026-09-06T18:33:27.460641Z,7597.965857,7,79967.975,0.0012505005903627432,1.2349386369050224,-0.123,100.0,0.0012505005903627432,67.81910972282647,0,0,0,0,,False
C,2026-09-06T16:33:34.744Z,2026-09-06T16:33:34.744549Z,2026-09-06T18:33:34.744549Z,7590.681949,7,0.061450000000000005,16.273393002440343,3.257328990228016,1.488,4.104477611940299,16.273393002440343,64.86724342990475,1,0,0,1,1.0,False
DOGE,2026-09-06T16:33:40.112Z,2026-09-06T16:33:40.112372Z,2026-09-06T18:33:40.112372Z,7585.314126,7,0.089555,1.1166322371722543,8.805668016194335,1.518,95.8955223880597,1.1166322371722543,59.753212453127624,0,0,0,0,,False
ETH,2026-09-06T16:33:51.296Z,2026-09-06T16:33:51.297242Z,2026-09-06T18:33:51.297242Z,7574.129256,7,2498.245,0.04002809972688139,2.616460722852712,0.827,99.6268656716418,0.04002809972688139,58.37357626762748,0,0,0,0,,False
EUL,2026-09-06T16:33:56.843Z,2026-09-06T16:33:56.843511Z,2026-09-06T18:33:56.843511Z,7568.582987,7,1.315,15.209125475285186,2.5365103766333696,-1.14,10.074626865671641,15.209125475285186,59.85789947954747,1,0,0,1,1.0,False
EUR,2026-09-06T16:34:00.813Z,2026-09-06T16:34:00.813867Z,2026-09-06T18:34:00.813867Z,7564.612631,7,1.16065,0.8615861801575755,0.08613264427216967,0.043,96.64179104477611,0.8615861801575755,64.58089186783673,0,0,0,0,,False
FLUX,2026-09-06T16:34:10.130Z,2026-09-06T16:34:10.130778Z,2026-09-06T18:34:10.130778Z,7555.29572,7,0.05115,19.55034213098785,3.1128404669260643,1.381,5.970149253731344,19.55034213098785,63.55161487803083,0,0,0,0,,False
GMT,2026-09-06T16:34:17.272Z,2026-09-06T16:34:17.273108Z,2026-09-06T18:34:17.273108Z,7548.15339,7,0.007495,13.342228152100859,2.533333333333334,0.806,3.7313432835820897,13.342228152100859,65.86078379402595,1,0,1,0,1.0,False
SHELL,2026-09-06T16:34:57.156Z,2026-09-06T16:34:57.156355Z,2026-09-06T18:34:57.156355Z,7508.270143,7,0.023149999999999997,43.19654427645762,6.89655172413792,2.203,9.328358208955224,43.19654427645762,54.70518016513709,1,0,0,1,1.0,False
STO,2026-09-06T16:35:09.791Z,2026-09-06T16:35:09.791393Z,2026-09-06T18:35:09.791393Z,7495.635105,7,0.04185,23.89486260454071,1.909307875894993,0.964,9.701492537313433,23.89486260454071,66.08344025301406,1,0,0,1,1.0,False
SXT,2026-09-06T16:35:21.423Z,2026-09-06T16:35:21.423756Z,2026-09-06T18:35:21.423756Z,7484.002742,7,0.00887,22.547914317926633,3.1284916201117405,1.13,5.223880597014926,22.547914317926633,44.635769399693736,1,0,0,1,1.0,False
CAKE,2026-09-06T16:42:14.799Z,2026-09-06T16:42:14.799515Z,2026-09-06T18:42:14.799515Z,7672.047885,7,2.1864999999999997,4.573519323118637,6.042435424354253,-2.43,86.19402985074628,4.573519323118637,59.7694955717907,9,5,3,1,1.0,False
CRV,2026-09-06T16:42:19.740Z,2026-09-06T16:42:19.741100Z,2026-09-06T18:42:19.741100Z,7667.1063,7,0.37495,2.667022269635658,8.678934358692672,0.22,88.05970149253731,2.667022269635658,52.21527198917641,3,1,1,1,0.3333,False
DASH,2026-09-06T16:42:25.359Z,2026-09-06T16:42:25.360360Z,2026-09-06T18:42:25.360360Z,7661.48704,7,71.215,7.020992768377049,20.90065828845005,-2.352,91.41791044776119,7.020992768377049,61.55241822154334,8,4,3,1,0.75,False
ENA,2026-09-06T16:42:30.523Z,2026-09-06T16:42:30.523548Z,2026-09-06T18:42:30.523548Z,7656.323852,7,0.17535,5.702879954376332,15.317414094350607,5.597,95.14925373134328,5.702879954376332,65.14326463911902,7,3,1,3,-0.1429,False
FDUSD,2026-09-06T16:42:34.961Z,2026-09-06T16:42:34.961659Z,2026-09-06T18:42:34.961659Z,7651.885741,7,0.99905,1.0009509033580801,0.08008809690659956,0.03,94.02985074626865,1.0009509033580801,61.989293911330336,0,0,0,0,,False
FET,2026-09-06T16:42:40.143Z,2026-09-06T16:42:40.143636Z,2026-09-06T18:42:40.143636Z,7646.703764,7,0.17235,5.8021467943132565,5.143191116306254,3.76,85.82089552238806,5.8021467943132565,65.5346826380903,5,3,2,0,1.0,False
JUP,2026-09-06T16:42:45.561Z,2026-09-06T16:42:45.562041Z,2026-09-06T18:42:45.562041Z,7641.285359,7,0.26725,3.7418147801679695,24.475262368815592,18.895,93.65671641791045,3.7418147801679695,73.60687627333948,5,1,4,0,1.0,False
LINK,2026-09-06T16:42:50.792Z,2026-09-06T16:42:50.792544Z,2026-09-06T18:42:50.792544Z,7636.054856,7,12.3975,0.8066142367408314,4.605316973415138,2.387,94.77611940298507,0.8066142367408314,60.77763586342605,39,19,13,7,0.4359,False
LTC,2026-09-06T16:42:56.331Z,2026-09-06T16:42:56.331693Z,2026-09-06T18:42:56.331693Z,7630.515707,7,54.295,1.8417902200935647,3.4678899082568817,1.49,89.55223880597015,1.8417902200935647,54.29779273045286,37,20,9,8,0.5405,False
PENGU,2026-09-06T16:43:11.730Z,2026-09-06T16:43:11.731117Z,2026-09-06T18:43:11.731117Z,7615.116283,7,0.0086755,1.1526713157734603,5.376843572175123,0.938,91.7910447761194,1.1526713157734603,54.411095197157124,7,5,1,1,0.7143,False
PEPE,2026-09-06T16:43:17.158Z,2026-09-06T16:43:17.159108Z,2026-09-06T18:43:17.159108Z,7609.688292,7,3.595e-06,27.816411682892642,5.027932960893853,0.28,89.92537313432835,27.816411682892642,62.72848006227607,16,16,0,0,0.75,False
PUMP,2026-09-06T16:43:22.134Z,2026-09-06T16:43:22.134709Z,2026-09-06T18:43:22.134709Z,7604.712691,7,0.0038585,2.5916807049374957,9.643498332905875,-3.275,92.53731343283582,2.5916807049374957,52.8169048491237,30,25,3,2,0.4,False
RAY,2026-09-06T16:43:25.732Z,2026-09-06T16:43:25.732987Z,2026-09-06T18:43:25.732987Z,7601.114413,7,1.3916,12.934751365335037,43.91076712952423,58.116,92.16417910447761,12.934751365335037,83.99677438853624,16,10,6,0,0.375,False
TAO,2026-09-06T16:43:30.847Z,2026-09-06T16:43:30.847368Z,2026-09-06T18:43:30.847368Z,7596.000032,7,257.55,3.882741215298883,6.677393403057118,5.384,91.04477611940298,3.882741215298883,75.5293374710515,46,24,16,6,0.7391,False
TRX,2026-09-06T16:43:36.774Z,2026-09-06T16:43:36.774443Z,2026-09-06T18:43:36.774443Z,7590.072957,7,0.33535,2.9819591471593556,0.8350730688935356,0.299,87.31343283582089,2.9819591471593556,53.27428011039138,34,25,7,2,0.7059,False
UNI,2026-09-06T16:43:45.398Z,2026-09-06T16:43:45.398237Z,2026-09-06T18:43:45.398237Z,7581.449163,7,7.157500000000001,1.3971358714639663,16.294067067927767,9.838,95.5223880597015,1.3971358714639663,70.90417344095192,40,25,11,4,0.7,False
WLD,2026-09-06T16:43:50.530Z,2026-09-06T16:43:50.531101Z,2026-09-06T18:43:50.531101Z,7576.316299,7,0.4134,4.83792936623072,7.5961774074981685,2.744,89.17910447761194,4.83792936623072,60.53512132413789,2,2,0,0,1.0,False
ZEN,2026-09-06T16:43:57.417Z,2026-09-06T16:43:57.417721Z,2026-09-06T18:43:57.417721Z,7569.429679,7,7.455,16.096579476861777,15.446579988694179,-1.736,87.68656716417911,16.096579476861777,62.03593518232213,7,2,4,1,0.7143,False
AR,2026-09-06T16:49:38.748Z,2026-09-06T16:49:38.748312Z,2026-09-06T18:49:38.748312Z,7228.099088,7,2.982,6.706908115359569,9.494324045407646,-3.486,82.46268656716418,6.706908115359569,46.954629080738925,6,1,2,3,0.0,False
FIL,2026-09-06T16:50:30.213Z,2026-09-06T16:50:30.214048Z,2026-09-06T18:50:30.214048Z,7775.416343,7,0.79365,11.340011340011491,8.88691683569979,1.05,71.26865671641791,11.340011340011491,51.869596361207165,5,3,1,1,0.4,False
HEMI,2026-09-06T16:50:43.216Z,2026-09-06T16:50:43.217076Z,2026-09-06T18:50:43.217076Z,7762.413315,7,0.01141,17.52848378615178,20.480854853072127,-11.085,84.70149253731343,17.52848378615178,59.74078213126835,9,3,4,2,0.3333,False
TIA,2026-09-06T16:51:51.048Z,2026-09-06T16:51:51.048245Z,2026-09-06T18:51:51.048245Z,7694.582146,7,0.39905,7.517854905400888,10.732323232323228,9.121,79.1044776119403,7.517854905400888,72.90051533305822,0,0,0,0,,False
TRUMP,2026-09-06T16:51:56.252Z,2026-09-06T16:51:56.252373Z,2026-09-06T18:51:56.252373Z,7689.378018,7,2.3064999999999998,4.335573379578972,5.714285714285719,-2.532,81.71641791044776,4.335573379578972,40.35332012141757,16,13,0,3,0.5,False
TUT,2026-09-06T16:52:01.374Z,2026-09-06T16:52:01.374815Z,2026-09-06T18:52:01.374815Z,7684.255576,7,0.025544999999999998,50.890585241730925,14.411314984709477,-7.003,81.34328358208955,50.890585241730925,50.830909207849565,1,0,0,1,-1.0,False
TWT,2026-09-06T16:52:09.246Z,2026-09-06T16:52:09.247042Z,2026-09-06T18:52:09.247042Z,7676.383349,7,0.58505,32.47585676437933,12.639724849527086,-9.197,73.88059701492537,32.47585676437933,61.02499480561371,3,3,0,0,1.0,False
VIRTUAL,2026-09-06T16:52:16.330Z,2026-09-06T16:52:16.331115Z,2026-09-06T18:52:16.331115Z,7669.299276,7,0.69825,12.88936627282509,5.837526959022282,1.385,76.86567164179104,12.88936627282509,67.27086650957891,9,4,5,0,1.0,False
WLFI,2026-09-06T16:52:23.227Z,2026-09-06T16:52:23.227472Z,2026-09-06T18:52:23.227472Z,7662.402919,7,0.05625,17.777777777778287,2.826855123674907,-0.702,77.61194029850746,17.777777777778287,62.787975959052076,1,0,1,0,-1.0,False
XPL,2026-09-06T16:52:33.167Z,2026-09-06T16:52:33.167417Z,2026-09-06T18:52:33.167417Z,7652.462974,7,0.09112,10.9745390693594,6.566212054553457,-2.216,79.85074626865672,10.9745390693594,58.48882334819642,1,1,0,0,1.0,False
ZRO,2026-09-06T16:52:45.159Z,2026-09-06T16:52:45.160078Z,2026-09-06T18:52:45.160078Z,7640.470313,7,1.0995,9.095043201456226,7.545454545454562,4.364,78.73134328358209,9.095043201456226,65.86848286606856,10,6,2,2,0.3,False
0G,2026-09-06T16:58:27.072Z,2026-09-06T16:58:27.072837Z,2026-09-06T18:58:27.072837Z,7298.557554,7,0.19774999999999998,5.0568900126430725,4.959100204498971,-0.102,63.43283582089552,5.0568900126430725,58.21649808196675,0,0,0,0,,False
APE,2026-09-06T16:58:32.369Z,2026-09-06T16:58:32.369211Z,2026-09-06T18:58:32.369211Z,7293.26118,7,0.14315,6.98567935731673,2.7272727272727377,0.775,58.208955223880594,6.98567935731673,53.89122564220585,25,21,4,0,1.0,False
EGLD,2026-09-06T16:58:42.401Z,2026-09-06T16:58:42.401565Z,2026-09-06T18:58:42.401565Z,7283.228826,7,4.528499999999999,11.041183614883282,5.326768128916731,-2.764,68.28358208955224,11.041183614883282,52.40500215097657,4,1,1,2,0.5,False
EIGEN,2026-09-06T16:58:50.453Z,2026-09-06T16:58:50.453927Z,2026-09-06T18:58:50.453927Z,7275.176464,7,0.21189999999999998,9.438414346390077,6.217370669197912,5.14,67.16417910447761,9.438414346390077,64.27486169468283,3,1,1,1,0.0,False
ENSO,2026-09-06T16:59:01.597Z,2026-09-06T16:59:01.597659Z,2026-09-06T18:59:01.597659Z,7264.032732,7,0.8945000000000001,11.179429849077707,7.078651685393251,-2.09,64.92537313432835,11.179429849077707,55.2899083994974,0,0,0,0,,False
FLOKI,2026-09-06T16:59:15.126Z,2026-09-06T16:59:15.127181Z,2026-09-06T18:59:15.127181Z,7250.50321,7,2.6035e-05,3.8409832917232944,7.33768728390319,-1.625,63.059701492537314,3.8409832917232944,57.59333752497401,0,0,0,0,,False
GRT,2026-09-06T16:59:30.710Z,2026-09-06T16:59:30.710612Z,2026-09-06T18:59:30.710612Z,7234.919779,7,0.019299999999999998,20.725388601037228,18.84951206985105,10.562,57.83582089552239,20.725388601037228,74.66425400014603,5,4,0,1,0.6,False
KITE,2026-09-06T16:59:40.044Z,2026-09-06T16:59:40.044270Z,2026-09-06T18:59:40.044270Z,7225.586121,7,0.12614999999999998,7.927070947286307,4.581358609794629,0.957,55.97014925373134,7.927070947286307,61.410630557888595,0,0,0,0,,False
LDO,2026-09-06T16:59:46.035Z,2026-09-06T16:59:46.035426Z,2026-09-06T18:59:46.035426Z,7219.594965,7,0.4195,14.302741358760178,10.378912685337733,11.318,69.77611940298507,14.302741358760178,64.70941020113685,2,0,0,2,-1.0,False
NOM,2026-09-06T17:00:09.961Z,2026-09-06T17:00:09.961494Z,2026-09-06T19:00:09.961494Z,7794.606794,7,0.001795,55.71030640668538,13.114754098360654,1.105,59.32835820895522,55.71030640668538,59.81205111319819,0,0,0,0,,False
SOPH,2026-09-06T17:01:15.200Z,2026-09-06T17:01:15.201231Z,2026-09-06T19:01:15.201231Z,7729.367057,7,0.004155,24.067388688326336,9.808612440191384,-4.348,67.91044776119404,24.067388688326336,61.95083477731425,0,0,0,0,,False
BMT,2026-09-06T17:08:05.698Z,2026-09-06T17:08:05.698404Z,2026-09-06T19:08:05.698404Z,7318.869884,7,0.01759,11.370096645822999,3.4768211920529914,1.912,40.67164179104478,11.370096645822999,48.43743989190448,1,0,0,1,-1.0,False
NIL,2026-09-06T17:09:27.207Z,2026-09-06T17:09:27.207973Z,2026-09-06T19:09:27.207973Z,7237.360315,7,0.05196,26.94380292532741,6.21141253507952,3.525,41.417910447761194,26.94380292532741,47.95090676007767,0,0,0,0,,False
BIO,2026-09-06T17:16:49.761Z,2026-09-06T17:16:49.761860Z,2026-09-06T19:16:49.761860Z,7395.851754,7,0.027585,10.875475802065898,5.205278592375371,-1.976,36.19402985074627,10.875475802065898,59.855577525107684,1,1,0,0,1.0,False
HOME,2026-09-06T17:17:40.481Z,2026-09-06T17:17:40.481750Z,2026-09-06T19:17:40.481750Z,7345.131864,7,0.006045,16.542597187757803,2.777777777777778,0.328,38.43283582089552,16.542597187757803,61.56423959906804,2,2,0,0,1.0,False
IO,2026-09-06T17:18:01.499Z,2026-09-06T17:18:01.499931Z,2026-09-06T19:18:01.499931Z,7324.113683,7,0.13935,35.88087549336207,7.079646017699134,5.198,38.059701492537314,35.88087549336207,68.29879050632245,1,1,0,0,1.0,False
NEO,2026-09-06T17:18:36.756Z,2026-09-06T17:18:36.756348Z,2026-09-06T19:18:36.756348Z,7288.857266,7,2.1390000000000002,9.350163627864534,2.7052238805970066,0.469,39.55223880597015,9.350163627864534,62.05655317186728,3,0,3,0,1.0,False
SIGN,2026-09-06T17:19:09.141Z,2026-09-06T17:19:09.141208Z,2026-09-06T19:19:09.141208Z,7256.472406,7,0.010915000000000001,27.48511223087541,6.095238095238095,4.478,39.17910447761194,27.48511223087541,69.85538431668276,0,0,0,0,,False
COOKIE,2026-09-06T17:26:30.813Z,2026-09-06T17:26:30.814001Z,2026-09-06T19:26:30.814001Z,7414.072996,7,0.01165,85.83690987124561,4.310344827586212,-4.132,11.567164179104477,85.83690987124561,32.65677263244087,0,0,0,0,,False
LA,2026-09-06T17:27:25.456Z,2026-09-06T17:27:25.457089Z,2026-09-06T19:27:25.457089Z,7359.429908,7,0.0683,58.565153733530224,8.62573099415205,1.786,24.253731343283583,58.565153733530224,45.86422893368368,1,0,1,0,-1.0,False
LISTA,2026-09-06T17:27:31.188Z,2026-09-06T17:27:31.189232Z,2026-09-06T19:27:31.189232Z,7353.697765,7,0.07915,12.634238787113437,9.517766497461938,-2.596,20.895522388059703,12.634238787113437,60.580171650643074,4,4,0,0,1.0,False
OSMO,2026-09-06T17:28:11.077Z,2026-09-06T17:28:11.077636Z,2026-09-06T19:28:11.077636Z,7313.809361,7,0.03585,27.894002789401075,4.788732394366198,-0.281,20.149253731343283,27.894002789401075,55.077509615299356,1,0,1,0,1.0,False
DOLO,2026-09-06T17:36:01.277Z,2026-09-06T17:36:01.277978Z,2026-09-06T19:36:01.277978Z,7443.823101,7,0.027255,11.007154650522391,1.7317612380250487,-0.074,1.8656716417910448,11.007154650522391,58.171531248836175,0,0,0,0,,False
HUMA,2026-09-06T17:36:36.859Z,2026-09-06T17:36:36.859899Z,2026-09-06T19:36:36.859899Z,7408.24118,7,0.02188,27.422303473490658,3.937728937728936,-0.817,2.985074626865672,27.422303473490658,59.35762254903532,0,0,0,0,,False
OPEN,2026-09-06T17:37:00.186Z,2026-09-06T17:37:00.186778Z,2026-09-06T19:37:00.186778Z,7384.914301,7,0.12680000000000002,15.772870662461017,3.6888532477947127,-1.811,6.7164179104477615,15.772870662461017,42.268135682254375,2,1,1,0,1.0,False
ADA,2026-09-06T17:43:55.382Z,2026-09-06T17:43:55.382567Z,2026-09-06T19:43:55.382567Z,7570.118501,7,0.21885,4.5693397304097205,3.86206896551725,0.092,93.28358208955224,4.5693397304097205,42.335453163845955,0,0,0,0,,False
ASTER,2026-09-06T17:44:12.765Z,2026-09-06T17:44:12.766115Z,2026-09-06T19:44:12.766115Z,7552.734953,7,0.7715000000000001,12.961762799740775,9.16230366492146,-5.911,90.67164179104478,12.961762799740775,60.95901790000566,9,4,2,3,0.2222,False
BCH,2026-09-06T17:44:21.901Z,2026-09-06T17:44:21.901330Z,2026-09-06T19:44:21.901330Z,7543.599738,7,256.25,3.902439024391131,5.440313111545991,1.389,90.29850746268657,3.902439024391131,55.83921619319032,2,2,0,0,1.0,False
OP,2026-09-06T17:45:07.810Z,2026-09-06T17:45:07.811250Z,2026-09-06T19:45:07.811250Z,7497.689818,7,0.10915,9.161704076958577,12.971481140754356,8.591,86.56716417910448,9.161704076958577,73.20699394909639,1,1,0,0,1.0,False
COTI,2026-09-06T17:51:50.358Z,2026-09-06T17:51:50.358680Z,2026-09-06T19:51:50.358680Z,7695.414556,7,0.017445000000000002,17.196904557179007,26.575809199318577,17.95,84.32835820895522,17.196904557179007,65.1019395350386,5,2,3,0,1.0,False
DOT,2026-09-06T17:51:55.109Z,2026-09-06T17:51:55.109308Z,2026-09-06T19:51:55.109308Z,7690.663928,7,0.9635,10.378827192527252,8.909853249475889,4.72,83.2089552238806,10.378827192527252,56.38502265283507,0,0,0,0,,False
DYDX,2026-09-06T17:52:01.547Z,2026-09-06T17:52:01.548032Z,2026-09-06T19:52:01.548032Z,7684.225204,7,0.121865,12.308702252493434,7.990904661361064,5.654,85.07462686567165,12.308702252493434,80.57508938800112,2,0,1,1,0.0,False
EPIC,2026-09-06T17:52:06.810Z,2026-09-06T17:52:06.810652Z,2026-09-06T19:52:06.810652Z,7678.962584,7,0.40954999999999997,21.975338786471895,28.17948717948718,1.828,79.4776119402985,21.975338786471895,67.29071813181412,0,0,0,0,,False
GRAM,2026-09-06T17:52:23.461Z,2026-09-06T17:52:23.462125Z,2026-09-06T19:52:23.462125Z,7662.311111,7,1.4235,7.024938531787074,3.0324400564174843,-0.421,75.0,7.024938531787074,65.96793212396366,1,1,0,0,0.0,False
HBAR,2026-09-06T17:52:29.435Z,2026-09-06T17:52:29.436058Z,2026-09-06T19:52:29.436058Z,7656.337178,7,0.080515,1.2420045954165213,2.745000621040869,0.075,80.22388059701493,1.2420045954165213,50.721800102820325,3,1,2,0,1.0,False
INJ,2026-09-06T17:52:42.599Z,2026-09-06T17:52:42.599645Z,2026-09-06T19:52:42.599645Z,7643.173591,7,5.201499999999999,9.612611746611352,6.0401389424932574,5.669,77.23880597014926,9.612611746611352,54.438562083948945,0,0,0,0,,False
JTO,2026-09-06T17:52:48.108Z,2026-09-06T17:52:48.108729Z,2026-09-06T19:52:48.108729Z,7637.664507,7,0.44975,6.670372429127793,11.696035242290744,8.121,80.59701492537313,6.670372429127793,65.49345834562891,0,0,0,0,,False
ONDO,2026-09-06T17:52:58.014Z,2026-09-06T17:52:58.014945Z,2026-09-06T19:52:58.014945Z,7627.758291,7,0.37775000000000003,2.6472534745213627,3.901656867985036,1.519,76.11940298507463,2.6472534745213627,63.78205317477706,7,6,1,0,0.7143,False
ORCA,2026-09-06T17:53:03.834Z,2026-09-06T17:53:03.834292Z,2026-09-06T19:53:03.834292Z,7621.938944,7,1.412,14.164305949008511,17.557251908396953,13.02,76.49253731343283,14.164305949008511,63.59209901787155,0,0,0,0,,False
PENDLE,2026-09-06T17:53:09.411Z,2026-09-06T17:53:09.411309Z,2026-09-06T19:53:09.411309Z,7616.361927,7,2.0995,4.763038818765849,10.801564027370473,6.065,83.95522388059702,4.763038818765849,71.28593701058662,0,0,0,0,,False
POL,2026-09-06T17:53:16.380Z,2026-09-06T17:53:16.380245Z,2026-09-06T19:53:16.380245Z,7609.392991,7,0.097495,11.282629878455202,5.814551816404242,1.909,78.35820895522389,11.282629878455202,63.53265567138513,17,5,5,7,0.0588,False
RENDER,2026-09-06T17:53:21.692Z,2026-09-06T17:53:21.692395Z,2026-09-06T19:53:21.692395Z,7604.080841,7,1.5295,6.538084341288735,5.301524188204114,2.933,75.3731343283582,6.538084341288735,68.7741414939912,4,3,1,0,1.0,False
RUNE,2026-09-06T17:53:28.484Z,2026-09-06T17:53:28.485029Z,2026-09-06T19:53:28.485029Z,7597.288207,7,0.4855,20.597322348094767,2.674897119341566,-0.205,70.8955223880597,20.597322348094767,61.7535953685145,15,8,5,2,0.5333,False
SEI,2026-09-06T17:53:33.513Z,2026-09-06T17:53:33.514008Z,2026-09-06T19:53:33.514008Z,7592.259228,7,0.048240000000000005,4.145936981757708,3.903966597077252,-0.395,72.76119402985074,4.145936981757708,56.975841024348405,0,0,0,0,,False
SHIB,2026-09-06T17:53:39.099Z,2026-09-06T17:53:39.099847Z,2026-09-06T19:53:39.099847Z,7586.673389,7,5.425e-06,18.43317972350213,3.8888888888888826,-0.735,73.50746268656717,18.43317972350213,57.516859341464375,5,4,1,0,1.0,False
STRK,2026-09-06T17:53:48.527Z,2026-09-06T17:53:48.527389Z,2026-09-06T19:53:48.527389Z,7577.245847,7,0.03046,6.565988181221006,12.893602916804777,6.382,82.08955223880596,6.565988181221006,59.3732314064357,3,2,1,0,-0.3333,False
GIGGLE,2026-09-06T17:55:58.967Z,2026-09-06T17:55:58.967635Z,2026-09-06T19:55:58.967635Z,7446.805601,7,38.75,10.322580645162905,12.35721703011422,-8.872,70.14925373134328,10.322580645162905,46.4823079987933,0,0,0,0,,False
ORDI,2026-09-06T17:56:46.062Z,2026-09-06T17:56:46.062447Z,2026-09-06T19:56:46.062447Z,7399.710789,7,4.2684999999999995,7.028230057395398,4.917246342048455,-0.454,66.41791044776119,7.028230057395398,60.544529978675236,1,0,0,1,-1.0,False
PAXG,2026-09-06T17:56:52.781Z,2026-09-06T17:56:52.782188Z,2026-09-06T19:56:52.782188Z,7392.991048,7,4421.045,0.022619086664393325,0.2814680615073233,-0.15,61.56716417910448,0.022619086664393325,65.80139364392178,2,0,2,0,1.0,False
PEOPLE,2026-09-06T17:56:58.331Z,2026-09-06T17:56:58.331750Z,2026-09-06T19:56:58.331750Z,7387.441486,7,0.008035,12.445550715618658,8.30235439900868,-1.103,61.940298507462686,12.445550715618658,59.48423209273768,0,0,0,0,,False
PLUME,2026-09-06T17:57:03.446Z,2026-09-06T17:57:03.446299Z,2026-09-06T19:57:03.446299Z,7382.326937,7,0.014065,7.109847138286237,5.6975894813732735,0.588,64.17910447761194,7.109847138286237,64.21297124429769,2,1,1,0,0.0,False
SNX,2026-09-06T17:57:35.257Z,2026-09-06T17:57:35.257838Z,2026-09-06T19:57:35.257838Z,7350.515398,7,0.22485,13.342228152101166,7.604895104895104,7.216,56.71641791044776,13.342228152101166,68.84324720920507,0,0,0,0,,False
STX,2026-09-06T17:57:50.110Z,2026-09-06T17:57:50.110648Z,2026-09-06T19:57:50.110648Z,7335.662588,7,0.2702,14.803849000738563,5.3167420814479645,1.687,69.40298507462687,14.803849000738563,63.09250506168441,0,0,0,0,,False
TRB,2026-09-06T17:58:00.910Z,2026-09-06T17:58:00.911159Z,2026-09-06T19:58:00.911159Z,7324.862077,7,18.275,5.471956224351061,5.295091009376729,-3.1,58.95522388059702,5.471956224351061,49.35539876112303,3,1,1,1,-0.3333,False
TST,2026-09-06T17:58:07.899Z,2026-09-06T17:58:07.899391Z,2026-09-06T19:58:07.899391Z,7317.873845,7,0.017570000000000002,22.766078542972018,15.830546265328865,-9.668,65.29850746268657,22.766078542972018,51.76737294180975,0,0,0,0,,False
WIF,2026-09-06T17:58:12.869Z,2026-09-06T17:58:12.869543Z,2026-09-06T19:58:12.869543Z,7312.903693,7,0.21465,4.658746797111064,4.319248826291086,0.094,67.53731343283582,4.658746797111064,64.69293224756316,9,5,2,2,0.5556,False
LAYER,2026-09-06T18:03:43.526Z,2026-09-06T18:03:43.526494Z,2026-09-06T20:03:43.526494Z,7582.55428,7,0.0766,26.10966057441328,24.5508982035928,19.799,61.19402985074627,26.10966057441328,66.97267834540705,3,1,1,1,-0.3333,False
ATOM,2026-09-06T18:04:35.090Z,2026-09-06T18:04:35.091348Z,2026-09-06T20:04:35.091348Z,7530.989426,7,1.5815000000000001,6.323110970598242,4.399748585795101,2.645,51.11940298507463,6.323110970598242,64.8890860719266,3,1,2,0,1.0,False
AVNT,2026-09-06T18:04:41.812Z,2026-09-06T18:04:41.812499Z,2026-09-06T20:04:41.812499Z,7524.268275,7,0.10525000000000001,9.501187648456328,4.928909952606632,-0.189,45.52238805970149,9.501187648456328,66.05385910853902,1,0,0,1,1.0,False
CATI,2026-09-06T18:05:05.356Z,2026-09-06T18:05:05.357041Z,2026-09-06T20:05:05.357041Z,7500.723733,7,0.053605,13.058483350433844,9.783022459078794,4.516,50.74626865671642,13.058483350433844,53.49034758237786,0,0,0,0,,False
CHZ,2026-09-06T18:05:18.561Z,2026-09-06T18:05:18.562039Z,2026-09-06T20:05:18.562039Z,7487.518735,7,0.013875,7.207207207206913,2.956020187454943,0.362,51.492537313432834,7.207207207206913,63.289018798089174,1,0,0,1,1.0,False
DOGS,2026-09-06T18:05:29.904Z,2026-09-06T18:05:29.905084Z,2026-09-06T20:05:29.905084Z,7476.17569,7,4.5655e-05,10.951702989815182,4.324917672886929,1.043,54.1044776119403,10.951702989815182,57.460052739465574,0,0,0,0,,False
GALA,2026-09-06T18:05:39.763Z,2026-09-06T18:05:39.763350Z,2026-09-06T20:05:39.763350Z,7466.317424,7,0.0018925,5.284015852047111,4.490227152667724,1.122,52.61194029850746,5.284015852047111,59.79156447311136,1,0,0,1,-1.0,False
KAITO,2026-09-06T18:05:46.684Z,2026-09-06T18:05:46.684316Z,2026-09-06T20:05:46.684316Z,7459.396458,7,0.3141,6.3673989175414825,2.1669853409815256,1.685,53.35820895522388,6.3673989175414825,77.63503996578108,1,1,0,0,-1.0,False
KMNO,2026-09-06T18:05:53.527Z,2026-09-06T18:05:53.527867Z,2026-09-06T20:05:53.527867Z,7452.552907,7,0.025154999999999997,3.9753528125619533,3.608247422680417,1.285,44.40298507462686,3.9753528125619533,52.697044375720544,1,0,1,0,1.0,False
LINEA,2026-09-06T18:05:59.115Z,2026-09-06T18:05:59.115405Z,2026-09-06T20:05:59.115405Z,7446.965369,7,0.0027819999999999998,14.378145219267065,7.376754228139615,5.665,42.91044776119403,14.378145219267065,62.84373606086696,0,0,0,0,,False
MEME,2026-09-06T18:06:04.894Z,2026-09-06T18:06:04.894817Z,2026-09-06T20:06:04.894817Z,7441.185957,7,0.0005545000000000001,18.03426510369746,5.234657039711201,-2.807,44.776119402985074,18.03426510369746,57.06375995064819,46,33,8,5,0.6304,False
MET,2026-09-06T18:06:11.923Z,2026-09-06T18:06:11.923613Z,2026-09-06T20:06:11.923613Z,7434.157161,7,0.2103,38.04089396100785,22.77462121212121,11.628,47.014925373134325,38.04089396100785,75.61816534818732,15,5,2,8,0.4667,False
NEIRO,2026-09-06T18:06:19.651Z,2026-09-06T18:06:19.651468Z,2026-09-06T20:06:19.651468Z,7426.429306,7,8.999e-05,4.444938326481431,6.0602715531515505,0.588,46.26865671641791,4.444938326481431,70.25873650145425,0,0,0,0,,False
SPK,2026-09-06T18:07:06.497Z,2026-09-06T18:07:06.497663Z,2026-09-06T20:07:06.497663Z,7379.583111,7,0.022068,21.750951604132425,10.342960288808674,4.979,54.47761194029851,21.750951604132425,68.62401329285106,2,2,0,0,1.0,False
SYN,2026-09-06T18:07:11.752Z,2026-09-06T18:07:11.752835Z,2026-09-06T20:07:11.752835Z,7374.327939,7,0.089925,18.904642757854152,4.7778896721494855,-2.975,47.76119402985075,18.904642757854152,39.58008613510057,0,0,0,0,,False
THE,2026-09-06T18:07:17.286Z,2026-09-06T18:07:17.287017Z,2026-09-06T20:07:17.287017Z,7368.793757,7,0.07375000000000001,13.559322033898692,9.878213802435726,-4.398,50.37313432835821,13.559322033898692,60.0086850577046,3,0,1,2,0.3333,False
USDE,2026-09-06T18:07:22.591Z,2026-09-06T18:07:22.591513Z,2026-09-06T20:07:22.591513Z,7363.489261,7,0.99995,1.000050002500015,0.029999999999996696,0.0,48.88059701492537,1.000050002500015,65.89064283687357,0,0,0,0,,False
VET,2026-09-06T18:07:29.942Z,2026-09-06T18:07:29.943119Z,2026-09-06T20:07:29.943119Z,7356.137655,7,0.007049,22.69825507164069,2.707324023938445,1.328,48.134328358208954,22.69825507164069,58.1588654091017,0,0,0,0,,False
BANK,2026-09-06T18:13:42.061Z,2026-09-06T18:13:42.061427Z,2026-09-06T20:13:42.061427Z,7583.598868,7,0.03505,28.530670470754902,1.9999999999999976,-0.85,26.119402985074625,28.530670470754902,57.93337074074765,0,0,0,0,,False
CVX,2026-09-06T18:14:05.595Z,2026-09-06T18:14:05.595599Z,2026-09-06T20:14:05.595599Z,7560.064696,7,2.34,17.094017094017108,5.991379310344838,2.113,33.582089552238806,17.094017094017108,51.70999630784644,3,1,1,1,0.0,False
ERA,2026-09-06T18:14:20.601Z,2026-09-06T18:14:20.601697Z,2026-09-06T20:14:20.601697Z,7545.058598,7,0.05975,16.736401673639484,2.8475711892797317,1.704,38.43283582089552,16.736401673639484,68.21236391017544,1,1,0,0,1.0,False
ETC,2026-09-06T18:14:27.586Z,2026-09-06T18:14:27.586856Z,2026-09-06T20:14:27.586856Z,7538.073439,7,7.705,12.978585334198296,3.3635187580853785,-0.643,37.3134328358209,12.978585334198296,66.43951717727994,2,2,0,0,1.0,False
GPS,2026-09-06T18:14:32.776Z,2026-09-06T18:14:32.776538Z,2026-09-06T20:14:32.776538Z,7532.883757,7,0.010624999999999999,9.411764705883604,4.327375352775167,1.431,30.970149253731343,9.411764705883604,51.50668888219835,0,0,0,0,,False
GUN,2026-09-06T18:14:40.248Z,2026-09-06T18:14:40.248514Z,2026-09-06T20:14:40.248514Z,7525.411781,7,0.003055,32.73322422258459,3.594771241830061,-1.923,27.98507462686567,32.73322422258459,52.328314682759654,0,0,0,0,,False
HEI,2026-09-06T18:14:47.590Z,2026-09-06T18:14:47.590827Z,2026-09-06T20:14:47.590827Z,7518.069468,7,0.13829999999999998,14.461315979754573,4.2476601871850175,-3.138,33.95522388059702,14.461315979754573,54.54595012980659,0,0,0,0,,False
HYPER,2026-09-06T18:14:59.038Z,2026-09-06T18:14:59.038558Z,2026-09-06T20:14:59.038558Z,7506.621737,7,0.07005,14.27551748750735,4.136947218259629,2.937,34.701492537313435,14.27551748750735,71.24178082098501,2,2,0,0,0.0,False
IMX,2026-09-06T18:15:07.057Z,2026-09-06T18:15:07.058076Z,2026-09-06T20:15:07.058076Z,7498.602219,7,0.13065,7.654037504785055,9.02140672782873,3.892,36.56716417910448,7.654037504785055,67.13821587362041,6,3,2,1,0.5,False
INIT,2026-09-06T18:15:14.764Z,2026-09-06T18:15:14.765014Z,2026-09-06T20:15:14.765014Z,7490.895281,7,0.066955,16.42894481368068,6.315153346426958,0.669,32.46268656716418,16.42894481368068,32.73758244276559,0,0,0,0,,False
KERNEL,2026-09-06T18:15:27.942Z,2026-09-06T18:15:27.942424Z,2026-09-06T20:15:27.942424Z,7477.717871,7,0.04085,24.479804161565713,4.166666666666666,0.99,33.208955223880594,24.479804161565713,66.94815598603277,0,0,0,0,,False
MIRA,2026-09-06T18:15:41.185Z,2026-09-06T18:15:41.186125Z,2026-09-06T20:15:41.186125Z,7464.47417,7,0.04666,17.145306472352495,5.169071720870125,-0.343,26.492537313432837,17.145306472352495,52.879690576860824,0,0,0,0,,False
MITO,2026-09-06T18:15:46.823Z,2026-09-06T18:15:46.824160Z,2026-09-06T20:15:46.824160Z,7458.836135,7,0.017050000000000003,35.19061583577772,5.992949471210341,-3.35,39.92537313432836,35.19061583577772,59.658796850285185,1,0,1,0,1.0,False
MMT,2026-09-06T18:15:54.788Z,2026-09-06T18:15:54.789311Z,2026-09-06T20:15:54.789311Z,7450.870984,7,0.16665,6.00060006000534,2.8863499699338537,0.971,32.08955223880597,6.00060006000534,56.284957758427126,11,8,2,1,0.8182,False
NOT,2026-09-06T18:15:59.759Z,2026-09-06T18:15:59.759479Z,2026-09-06T20:15:59.759479Z,7445.900816,7,0.0004575,21.85792349726829,3.4858387799564294,2.0,31.71641791044776,21.85792349726829,61.40103274846402,1,1,0,0,1.0,False
QNT,2026-09-06T18:16:12.277Z,2026-09-06T18:16:12.277284Z,2026-09-06T20:16:12.277284Z,7433.383011,7,66.285,16.595006411706937,3.859595806108482,1.449,34.32835820895522,16.595006411706937,53.30825168229588,4,3,1,0,0.5,False
TNSR,2026-09-06T18:16:46.357Z,2026-09-06T18:16:46.358134Z,2026-09-06T20:16:46.358134Z,7399.302161,7,0.03635,27.510316368639028,2.7624309392265216,-0.275,35.44776119402985,27.510316368639028,58.65317420197182,3,0,3,0,0.3333,False
TREE,2026-09-06T18:16:53.153Z,2026-09-06T18:16:53.153578Z,2026-09-06T20:16:53.153578Z,7392.506717,7,0.04345,23.014959723819544,4.215456674473058,0.0,32.83582089552239,23.014959723819544,56.471377250211866,4,2,2,0,1.0,False
ZBT,2026-09-06T18:17:05.041Z,2026-09-06T18:17:05.041775Z,2026-09-06T20:17:05.041775Z,7380.61852,7,0.08515,11.7439812096304,2.9137529137529166,1.538,28.35820895522388,11.7439812096304,58.703646213333606,1,0,1,0,1.0,False
AIXBT,2026-09-06T18:22:50.759Z,2026-09-06T18:22:50.759890Z,2026-09-06T20:22:50.759890Z,7634.119848,7,0.02172,27.62430939226407,4.635153740247822,0.507,14.17910447761194,27.62430939226407,42.246831457133034,0,0,0,0,,False
BANANA,2026-09-06T18:23:09.135Z,2026-09-06T18:23:09.135581Z,2026-09-06T20:23:09.135581Z,7615.744157,7,4.0465,12.356357345856374,5.376078914919852,-0.466,24.253731343283583,12.356357345856374,61.078194443474665,0,0,0,0,,False
BANANAS31,2026-09-06T18:23:15.830Z,2026-09-06T18:23:15.830247Z,2026-09-06T20:23:15.830247Z,7609.049491,7,0.008361500000000001,15.547449620284468,6.181599518941678,-4.072,25.37313432835821,15.547449620284468,40.664752902381494,0,0,0,0,,False
CETUS,2026-09-06T18:23:31.963Z,2026-09-06T18:23:31.963284Z,2026-09-06T20:23:31.963284Z,7592.916454,7,0.023355,12.845215157353362,4.28816466552316,-1.562,23.507462686567163,12.845215157353362,68.72668406449833,0,0,0,0,,False
COW,2026-09-06T18:23:48.026Z,2026-09-06T18:23:48.026817Z,2026-09-06T20:23:48.026817Z,7576.852921,7,0.1328,15.060240963853763,4.188880426504193,1.468,25.0,15.060240963853763,47.35519696778964,0,0,0,0,,False
HOLO,2026-09-06T18:24:24.529Z,2026-09-06T18:24:24.529534Z,2026-09-06T20:24:24.529534Z,7540.350204,7,0.06785,14.738393515107276,2.827380952380951,1.973,14.552238805970148,14.738393515107276,66.8136831804079,0,0,0,0,,False
MANTA,2026-09-06T18:24:59.999Z,2026-09-06T18:24:59.999235Z,2026-09-06T20:24:59.999235Z,7504.880503,7,0.062064999999999995,8.056070248932802,3.438256658595642,1.126,14.925373134328359,8.056070248932802,62.39979698894468,0,0,0,0,,False
MANTRA,2026-09-06T18:25:07.761Z,2026-09-06T18:25:07.761228Z,2026-09-06T20:25:07.761228Z,7497.11851,7,0.0044150000000000005,22.6500566251426,3.401360544217686,-1.121,21.64179104477612,22.6500566251426,59.24493648060809,0,0,0,0,,False
MINA,2026-09-06T18:25:15.150Z,2026-09-06T18:25:15.150633Z,2026-09-06T20:25:15.150633Z,7489.729105,7,0.0771,25.940337224384656,4.79274611398963,3.903,20.895522388059703,25.940337224384656,73.76936198272878,0,0,0,0,,False
ONT,2026-09-06T18:25:20.481Z,2026-09-06T18:25:20.481516Z,2026-09-06T20:25:20.481516Z,7484.398222,7,0.055965,16.08147949611361,3.499641062455133,-0.429,17.53731343283582,16.08147949611361,62.00458181839626,0,0,0,0,,False
PIXEL,2026-09-06T18:25:44.778Z,2026-09-06T18:25:44.778810Z,2026-09-06T20:25:44.778810Z,7460.100928,7,0.005175,19.323671497583753,4.280155642023358,2.187,17.16417910447761,19.323671497583753,50.98995298715743,3,0,2,1,0.3333,False
RARE,2026-09-06T18:25:49.979Z,2026-09-06T18:25:49.980022Z,2026-09-06T20:25:49.980022Z,7454.899716,7,0.01255,15.936254980079031,2.9529130087789213,-0.159,19.029850746268657,15.936254980079031,60.62723577536066,1,1,0,0,1.0,False
SAPIEN,2026-09-06T18:25:59.152Z,2026-09-06T18:25:59.152274Z,2026-09-06T20:25:59.152274Z,7445.727464,7,0.0821,24.360535931789506,3.66748166259169,0.863,12.313432835820896,24.360535931789506,61.013641255466446,0,0,0,0,,False
TLM,2026-09-06T18:26:11.593Z,2026-09-06T18:26:11.594033Z,2026-09-06T20:26:11.594033Z,7433.285705,7,0.001451,13.78359751895278,2.2742935906271566,0.276,23.134328358208954,13.78359751895278,65.5647864339311,0,0,0,0,,False
WCT,2026-09-06T18:26:31.268Z,2026-09-06T18:26:31.268307Z,2026-09-06T20:26:31.268307Z,7413.611431,7,0.039715,12.589701624070122,2.3208879919273566,1.303,24.62686567164179,12.589701624070122,63.188833251050546,1,0,0,1,-1.0,False
YGG,2026-09-06T18:26:36.859Z,2026-09-06T18:26:36.859644Z,2026-09-06T20:26:36.859644Z,7408.020094,7,0.024435,12.277470841006252,5.689368770764118,2.337,15.671641791044776,12.277470841006252,61.76543095245012,0,0,0,0,,False
ACT,2026-09-06T18:32:24.598Z,2026-09-06T18:32:24.599370Z,2026-09-06T20:32:24.599370Z,7661.085104,7,0.010964999999999999,27.359781121751492,4.212454212454216,-3.448,3.7313432835820897,27.359781121751492,39.94666640402102,3,0,3,0,1.0,False
ANIME,2026-09-06T18:32:31.177Z,2026-09-06T18:32:31.178001Z,2026-09-06T20:32:31.178001Z,7654.506473,7,0.0029049999999999996,34.42340791738392,3.1034482758620623,0.0,10.074626865671641,34.42340791738392,62.14802664539622,0,0,0,0,,False
CGPT,2026-09-06T18:33:14.710Z,2026-09-06T18:33:14.710433Z,2026-09-06T20:33:14.710433Z,7610.974041,7,0.021740000000000002,18.399264029439667,8.921256258534365,7.171,9.701492537313433,18.399264029439667,50.25070311293156,1,1,0,0,1.0,False
EURI,2026-09-06T18:33:30.552Z,2026-09-06T18:33:30.552863Z,2026-09-06T20:33:30.552863Z,7595.131611,7,1.15895,42.279649682901805,0.4309230371455566,-0.009,1.492537313432836,42.279649682901805,51.661298764997824,0,0,0,0,,False
HAEDAL,2026-09-06T18:33:49.435Z,2026-09-06T18:33:49.435343Z,2026-09-06T20:33:49.435343Z,7576.249131,7,0.018595,16.133369185266066,2.5336927223719767,0.651,8.582089552238806,16.133369185266066,43.18148584104094,0,0,0,0,,True
NEAR,2026-09-06T18:34:00.643Z,2026-09-06T18:34:00.643935Z,2026-09-06T20:34:00.643935Z,7565.040539,7,2.4135,4.14336026517644,13.560033585222516,5.352,96.26865671641791,4.14336026517644,74.41174053399722,30,16,9,5,0.5667,False
NEWT,2026-09-06T18:34:08.648Z,2026-09-06T18:34:08.648556Z,2026-09-06T20:34:08.648556Z,7557.035918,7,0.04481,22.31644722160141,2.949061662198395,2.052,8.208955223880597,22.31644722160141,64.46606696871082,0,0,0,0,,False
NXPC,2026-09-06T18:34:15.938Z,2026-09-06T18:34:15.938564Z,2026-09-06T20:34:15.938564Z,7549.74591,7,0.20735,24.113817217265517,1.7822736030828426,-0.336,1.8656716417910448,24.113817217265517,57.92234788176722,0,0,0,0,,True
PROVE,2026-09-06T18:34:28.172Z,2026-09-06T18:34:28.172852Z,2026-09-06T20:34:28.172852Z,7537.511622,7,0.1804,11.086474501108963,1.5564202334630333,-0.553,1.1194029850746268,11.086474501108963,52.23783329586787,0,0,0,0,,False
SOL,2026-09-06T18:34:38.731Z,2026-09-06T18:34:38.732168Z,2026-09-06T20:34:38.732168Z,7526.952306,7,105.705,0.9460290430907625,4.195277960681021,2.113,99.25373134328358,0.9460290430907625,62.12543603271397,29,15,12,2,0.5172,False
SUI,2026-09-06T18:34:49.521Z,2026-09-06T18:34:49.522043Z,2026-09-06T20:34:49.522043Z,7516.162431,7,0.80215,1.246649629121598,3.6897590361445762,-0.599,97.01492537313433,1.246649629121598,60.059995012104615,18,7,6,5,0.5,False
TURBO,2026-09-06T18:35:02.225Z,2026-09-06T18:35:02.226176Z,2026-09-06T20:35:02.226176Z,7503.458298,7,0.001008,19.841269841268172,3.168316831683159,-0.688,7.462686567164179,19.841269841268172,63.00773471572874,2,2,0,0,1.0,False
TURTLE,2026-09-06T18:35:09.893Z,2026-09-06T18:35:09.893249Z,2026-09-06T20:35:09.893249Z,7495.791225,7,0.042050000000000004,23.781212841853964,2.3923444976076578,-0.948,5.597014925373134,23.781212841853964,45.48039008799536,0,0,0,0,,False
USD1,2026-09-06T18:35:16.875Z,2026-09-06T18:35:16.875496Z,2026-09-06T20:35:16.875496Z,7488.808978,7,0.99985,1.0001500225032653,0.0300030003000267,0.01,98.13432835820896,1.0001500225032653,75.72580670001082,0,0,0,0,,False
USUAL,2026-09-06T18:35:21.562Z,2026-09-06T18:35:21.562191Z,2026-09-06T20:35:21.562191Z,7484.122283,7,0.011735,8.521516829995392,5.468750000000003,-1.116,9.328358208955224,8.521516829995392,64.72408728235041,0,0,0,0,,False
VANA,2026-09-06T18:35:28.696Z,2026-09-06T18:35:28.696775Z,2026-09-06T20:35:28.696775Z,7476.987699,7,0.9404999999999999,31.89792663476877,2.23404255319148,0.858,2.985074626865672,31.89792663476877,49.888094765989024,0,0,0,0,,True
VELODROME,2026-09-06T18:35:35.653Z,2026-09-06T18:35:35.653814Z,2026-09-06T20:35:35.653814Z,7470.03066,7,0.02518,71.48530579825241,5.246671887235699,4.245,2.2388059701492535,71.48530579825241,51.50695467924068,0,0,0,0,,False
XRP,2026-09-06T18:35:42.287Z,2026-09-06T18:35:42.287618Z,2026-09-06T20:35:42.287618Z,7463.396856,7,1.4172500000000001,0.7055918151348667,2.517730496453907,-0.9,98.50746268656717,0.7055918151348667,55.249508181577106,30,13,14,3,0.5667,False
YB,2026-09-06T18:35:49.573Z,2026-09-06T18:35:49.573248Z,2026-09-06T20:35:49.573248Z,7456.111226,7,0.0949,21.074815595364147,4.656084656084658,-3.374,0.373134328358209,21.074815595364147,54.91912912161817,0,0,0,0,,True
ZEC,2026-09-06T18:35:54.868Z,2026-09-06T18:35:54.868436Z,2026-09-06T20:35:54.868436Z,7450.816038,7,1215.9250000000002,3.865369985813494,19.711379424412836,17.686,97.76119402985074,3.865369985813494,78.81686050338813,33,16,10,7,0.5152,False
AAVE,2026-09-06T18:41:28.315Z,2026-09-06T18:41:28.315327Z,2026-09-06T20:41:28.315327Z,7717.907308,7,133.45,5.994754589734921,5.976304739052188,0.165,88.43283582089552,5.994754589734921,45.196225626055096,3,2,0,1,1.0,False
APT,2026-09-06T18:41:44.932Z,2026-09-06T18:41:44.932439Z,2026-09-06T20:41:44.932439Z,7701.290196,7,0.6174999999999999,16.194331983805686,5.177993527508095,2.488,86.19402985074628,16.194331983805686,69.98404531118393,11,5,5,1,0.5455,False
AVAX,2026-09-06T18:41:53.317Z,2026-09-06T18:41:53.317713Z,2026-09-06T20:41:53.317713Z,7692.904922,7,7.8055,1.2811479085264672,2.7282266526757635,-0.052,85.44776119402985,1.2811479085264672,65.70753354148164,9,2,6,1,0.5556,False
DOGE,2026-09-06T18:42:13.068Z,2026-09-06T18:42:13.068506Z,2026-09-06T20:42:13.068506Z,7673.154129,7,0.090275,1.1077263915808502,7.480933153880674,-4.283,95.14925373134328,1.1077263915808502,55.87321544607174,34,19,9,6,0.3824,False
BOME,2026-09-06T18:49:02.719Z,2026-09-06T18:49:02.719363Z,2026-09-06T20:49:02.719363Z,7263.503272,7,0.0009093,13.196964698119753,38.543046357615886,4.39,81.34328358208955,13.196964698119753,65.02324567287644,5,3,2,0,1.0,False
BONK,2026-09-06T18:49:07.969Z,2026-09-06T18:49:07.969655Z,2026-09-06T20:49:07.969655Z,7258.25298,7,3.4250000000000002e-06,29.19708029197176,13.42857142857142,5.74,79.85074626865672,29.19708029197176,73.85563927825963,0,0,0,0,,False
ETHFI,2026-09-06T18:49:36.314Z,2026-09-06T18:49:36.314285Z,2026-09-06T20:49:36.314285Z,7229.90835,7,0.5756,13.89854065322988,6.8261787473610225,-0.035,76.49253731343283,13.89854065322988,63.90941004803747,0,0,0,0,,False
ICP,2026-09-06T18:50:03.099Z,2026-09-06T18:50:03.100343Z,2026-09-06T20:50:03.100343Z,7203.122292,7,2.6870000000000003,7.443245254931982,6.996650539635271,2.401,83.2089552238806,7.443245254931982,46.46625193431361,21,12,7,2,0.619,False
MORPHO,2026-09-06T18:50:22.398Z,2026-09-06T18:50:22.398848Z,2026-09-06T20:50:22.398848Z,7783.828525,7,2.593,7.713073659852602,5.379626096909576,4.714,73.50746268656717,7.713073659852602,56.74901583559445,4,3,1,0,1.0,False
SOMI,2026-09-06T18:51:03.252Z,2026-09-06T18:51:03.252456Z,2026-09-06T20:51:03.252456Z,7742.974917,7,0.13255,22.632968691061674,10.363086232980335,7.918,74.6268656716418,22.632968691061674,59.23124499117302,1,1,0,0,1.0,False
SYRUP,2026-09-06T18:51:14.356Z,2026-09-06T18:51:14.356987Z,2026-09-06T20:51:14.356987Z,7731.870386,7,0.22035,4.5382346267309615,4.157149383280035,2.963,72.01492537313433,4.5382346267309615,64.01327519519296,0,0,0,0,,False
XLM,2026-09-06T18:51:47.700Z,2026-09-06T18:51:47.700515Z,2026-09-06T20:51:47.700515Z,7698.526858,7,0.18535000000000001,5.3951982735374555,2.773246329526913,-0.648,83.58208955223881,5.3951982735374555,46.183915722452824,11,9,1,1,0.5455,False
1000CAT,2026-09-06T18:57:33.089Z,2026-09-06T18:57:33.089378Z,2026-09-06T20:57:33.089378Z,7353.137995,7,0.0021235,23.546032493523885,31.206657420249645,-20.856,62.6865671641791,23.546032493523885,57.19165177404614,0,0,0,0,,False
ALGO,2026-09-06T18:57:38.207Z,2026-09-06T18:57:38.207238Z,2026-09-06T20:57:38.207238Z,7348.020135,7,0.09625,10.389610389610686,2.6399155227032756,-0.105,69.40298507462687,10.389610389610686,64.40174878070933,2,1,1,0,1.0,False
CFX,2026-09-06T18:57:47.007Z,2026-09-06T18:57:47.008087Z,2026-09-06T20:57:47.008087Z,7339.219286,7,0.049525,6.05754669358955,4.996965405624114,2.829,61.56716417910448,6.05754669358955,72.23988264939348,0,0,0,0,,False
ENS,2026-09-06T18:58:02.807Z,2026-09-06T18:58:02.808016Z,2026-09-06T20:58:02.808016Z,7323.419357,7,6.23,32.10272873194295,6.7524115755627,5.245,65.29850746268657,32.10272873194295,73.32916028221402,0,0,0,0,,False
FORM,2026-09-06T18:58:23.272Z,2026-09-06T18:58:23.272726Z,2026-09-06T20:58:23.272726Z,7302.954647,7,0.26839999999999997,29.806259314454827,11.127876273104478,-7.113,59.701492537313435,29.806259314454827,39.41758382949025,1,1,0,0,1.0,False
MUBARAK,2026-09-06T18:58:49.466Z,2026-09-06T18:58:49.466231Z,2026-09-06T20:58:49.466231Z,7276.761142,7,0.03156,12.674271229403795,15.46522705620832,-10.869,59.32835820895522,12.674271229403795,47.86275217660351,0,0,0,0,,False
PYTH,2026-09-06T18:59:18.486Z,2026-09-06T18:59:18.487217Z,2026-09-06T20:59:18.487217Z,7247.740156,7,0.05511,10.88731627653865,6.184039992593969,-1.871,57.46268656716418,10.88731627653865,36.50870815599907,1,0,1,0,-1.0,False
ROSE,2026-09-06T18:59:23.066Z,2026-09-06T18:59:23.066253Z,2026-09-06T20:59:23.066253Z,7243.16112,7,0.0072250000000000005,13.840830449827624,12.483221476510058,10.698,66.04477611940298,13.840830449827624,64.60832087908447,0,0,0,0,,False
RSR,2026-09-06T18:59:30.227Z,2026-09-06T18:59:30.228171Z,2026-09-06T20:59:30.228171Z,7235.999202,7,0.0014505,6.8941744226138075,5.6485355648535505,2.064,64.17910447761194,6.8941744226138075,64.51704212289107,1,0,0,1,-1.0,False
SAHARA,2026-09-06T18:59:42.218Z,2026-09-06T18:59:42.218813Z,2026-09-06T20:59:42.218813Z,7224.00856,7,0.009325,10.723860589811895,3.8585209003215355,0.0,66.41791044776119,10.723860589811895,65.40208567193358,0,0,0,0,,False
SAND,2026-09-06T18:59:47.163Z,2026-09-06T18:59:47.163294Z,2026-09-06T20:59:47.163294Z,7219.064079,7,0.039875,7.523510971787397,2.6727181038830015,-0.201,63.059701492537314,7.523510971787397,59.77785420476036,5,1,2,2,0.6,False
SKY,2026-09-06T18:59:54.837Z,2026-09-06T18:59:54.838216Z,2026-09-06T20:59:54.838216Z,7211.389157,7,0.06967999999999999,8.6107921928804,5.41773595665813,2.724,55.59701492537314,8.6107921928804,68.16170042554316,1,1,0,0,1.0,False
SOLV,2026-09-06T19:00:06.733Z,2026-09-06T19:00:06.733973Z,2026-09-06T21:00:06.733973Z,7799.22593,7,0.0038250000000000003,26.14379084967327,20.161290322580637,13.415,67.16417910447761,26.14379084967327,76.21684642425865,1,0,0,1,-1.0,False
XVG,2026-09-06T19:00:31.335Z,2026-09-06T19:00:31.335330Z,2026-09-06T21:00:31.335330Z,7774.624573,7,0.0028380000000000002,21.14164904862707,12.785862785862784,3.145,60.82089552238806,21.14164904862707,43.39254798951617,21,10,3,8,0.7143,False
ZK,2026-09-06T19:00:42.988Z,2026-09-06T19:00:42.988955Z,2026-09-06T21:00:42.988955Z,7762.970948,7,0.011065,9.037505648440662,13.976555455365189,11.682,65.67164179104478,9.037505648440662,75.08910717046268,3,1,0,2,1.0,False
ZKC,2026-09-06T19:00:49.943Z,2026-09-06T19:00:49.943406Z,2026-09-06T21:00:49.943406Z,7756.016497,7,0.048850000000000005,20.470829068576442,6.378600823045264,-1.42,57.83582089552239,20.470829068576442,62.69592686343144,2,1,1,0,0.0,False
1000CHEEMS,2026-09-06T19:06:28.108Z,2026-09-06T19:06:28.108831Z,2026-09-06T21:06:28.108831Z,7417.851072,7,0.0005465,18.298261665140274,5.301645338208419,-3.697,49.25373134328358,18.298261665140274,50.91731905361661,0,0,0,0,,False
ALLO,2026-09-06T19:06:39.913Z,2026-09-06T19:06:39.914205Z,2026-09-06T21:06:39.914205Z,7406.045698,7,0.2412,8.291873963514842,4.874999999999996,-2.36,47.38805970149254,8.291873963514842,52.42379214831846,0,0,0,0,,False
ARKM,2026-09-06T19:06:45.235Z,2026-09-06T19:06:45.236025Z,2026-09-06T21:06:45.236025Z,7400.723878,7,0.10855000000000001,9.212344541686123,3.9888682745825585,0.466,45.149253731343286,9.212344541686123,52.59029421025575,0,0,0,0,,False
BABY,2026-09-06T19:07:02.778Z,2026-09-06T19:07:02.779224Z,2026-09-06T21:07:02.779224Z,7383.180679,7,0.011295,8.853474988932797,3.8869257950529987,-1.135,43.656716417910445,8.853474988932797,61.18873320280497,0,0,0,0,,False
BERA,2026-09-06T19:07:08.157Z,2026-09-06T19:07:08.157665Z,2026-09-06T21:07:08.157665Z,7377.802238,7,0.19,10.526315789472523,4.044117647058815,1.982,41.04477611940298,10.526315789472523,73.17565797487032,5,2,2,1,0.0,False
BFUSD,2026-09-06T19:07:12.922Z,2026-09-06T19:07:12.922629Z,2026-09-06T21:07:12.922629Z,7373.037274,7,1.0000499999999999,10.999450027497415,0.12006003001499427,-0.07,53.73134328358209,10.999450027497415,60.84210146972249,0,0,0,0,,
BROCCOLI714,2026-09-06T19:07:19.989Z,2026-09-06T19:07:19.989568Z,2026-09-06T21:07:19.989568Z,7365.970335,7,0.019200000000000002,41.66666666666677,13.493723849372397,-10.193,52.23880597014925,41.66666666666677,40.49669022054201,0,0,0,0,,False
COMP,2026-09-06T19:07:40.113Z,2026-09-06T19:07:40.114069Z,2026-09-06T21:07:40.114069Z,7345.845834,7,21.045,14.255167498216956,6.01431980906922,4.333,43.28358208955224,14.255167498216956,63.058861622258924,5,0,1,4,-0.2,False
FF,2026-09-06T19:07:48.806Z,2026-09-06T19:07:48.806304Z,2026-09-06T21:07:48.806304Z,7337.153599,7,0.118805,15.992592904339853,7.2575897737784985,0.746,50.0,15.992592904339853,60.478016720020356,0,0,0,0,,False
IOTA,2026-09-06T19:07:57.661Z,2026-09-06T19:07:57.661405Z,2026-09-06T21:07:57.661405Z,7328.298498,7,0.04215,23.724792408067106,6.88836104513064,3.951,55.223880597014926,23.724792408067106,68.97350788124636,3,2,1,0,1.0,False
PHA,2026-09-06T19:08:45.530Z,2026-09-06T19:08:45.530976Z,2026-09-06T21:08:45.530976Z,7280.428927,7,0.027049999999999998,36.96857670979645,12.773722627737225,7.874,51.865671641791046,36.96857670979645,69.61634054477302,3,2,1,0,0.3333,False
PNUT,2026-09-06T19:08:52.281Z,2026-09-06T19:08:52.282154Z,2026-09-06T21:08:52.282154Z,7273.677749,7,0.050949999999999995,19.627085377820595,6.3241106719367615,-1.556,42.53731343283582,19.627085377820595,33.79849885265597,0,0,0,0,,False
SAGA,2026-09-06T19:09:10.413Z,2026-09-06T19:09:10.413482Z,2026-09-06T21:09:10.413482Z,7255.546421,7,0.015475,6.462035541196334,3.223726627981939,0.453,41.791044776119406,6.462035541196334,66.37494597789997,0,0,0,0,,False
W,2026-09-06T19:09:40.221Z,2026-09-06T19:09:40.221392Z,2026-09-06T21:09:40.221392Z,7225.738511,7,0.01032,19.379844961241204,8.936970837253067,7.374,49.62686567164179,19.379844961241204,73.72963140238676,1,1,0,0,1.0,False
XTZ,2026-09-06T19:09:50.031Z,2026-09-06T19:09:50.031600Z,2026-09-06T21:09:50.031600Z,7215.928303,7,0.23945,12.528711630820409,2.6105263157894667,1.064,44.02985074626866,12.528711630820409,69.08417634264313,11,8,3,0,0.7273,False
1000SATS,2026-09-06T19:15:20.479Z,2026-09-06T19:15:20.479327Z,2026-09-06T21:15:20.479327Z,7485.540376,7,1.161e-05,17.226528854435664,6.52741514360313,0.525,27.611940298507463,17.226528854435664,61.835829981652225,11,6,2,3,0.4545,False
2Z,2026-09-06T19:15:27.030Z,2026-09-06T19:15:27.030435Z,2026-09-06T21:15:27.030435Z,7478.989268,7,0.05208,11.520737327188469,3.725984863186503,-1.491,25.746268656716417,11.520737327188469,65.1089503427608,0,0,0,0,,False
ACH,2026-09-06T19:15:31.522Z,2026-09-06T19:15:31.522265Z,2026-09-06T21:15:31.522265Z,7474.497438,7,0.005375,18.604651162791555,5.009276437847856,-1.282,36.19402985074627,18.604651162791555,65.63516205249708,0,0,0,0,,False
ALT,2026-09-06T19:15:38.716Z,2026-09-06T19:15:38.716946Z,2026-09-06T21:15:38.716946Z,7467.302757,7,0.0064849999999999994,15.420200462606724,2.941176470588237,0.0,27.238805970149254,15.420200462606724,62.83945445731994,3,2,1,0,1.0,False
AXS,2026-09-06T19:15:43.364Z,2026-09-06T19:15:43.364950Z,2026-09-06T21:15:43.364950Z,7462.654753,7,0.9604999999999999,10.41124414367518,2.947368421052634,0.0,37.6865671641791,10.41124414367518,67.65915904873782,0,0,0,0,,False
BB,2026-09-06T19:15:55.952Z,2026-09-06T19:15:55.952559Z,2026-09-06T21:15:55.952559Z,7450.067144,7,0.009595,10.42209484106263,4.430379746835445,0.53,26.865671641791046,10.42209484106263,62.760097768314694,6,3,2,1,0.0,False
BMT,2026-09-06T19:16:06.929Z,2026-09-06T19:16:06.930172Z,2026-09-06T21:16:06.930172Z,7439.089531,7,0.01763,11.34429948950606,4.480998298355071,-1.122,38.80597014925373,11.34429948950606,49.911445696790615,0,0,0,0,,False
EDEN,2026-09-06T19:16:17.470Z,2026-09-06T19:16:17.471047Z,2026-09-06T21:16:17.471047Z,7428.548656,7,0.056334999999999996,19.52604952516303,6.464078693131908,2.098,39.17910447761194,19.52604952516303,71.50914210985707,0,0,0,0,,False
ENJ,2026-09-06T19:16:24.774Z,2026-09-06T19:16:24.774553Z,2026-09-06T21:16:24.774553Z,7421.24515,7,0.027115,18.439977872027082,15.793385358602738,-3.927,40.298507462686565,18.439977872027082,57.453233949656,0,0,0,0,,False
RED,2026-09-06T19:18:08.838Z,2026-09-06T19:18:08.838431Z,2026-09-06T21:18:08.838431Z,7317.181272,7,0.12935,38.65481252415929,4.945054945054945,1.595,30.597014925373134,38.65481252415929,63.221815482908916,3,1,2,0,1.0,False
REZ,2026-09-06T19:18:13.377Z,2026-09-06T19:18:13.377386Z,2026-09-06T21:18:13.377386Z,7312.642317,7,0.0030965,22.606168254481066,8.579691516709508,1.006,31.34328358208955,22.606168254481066,40.21377938414576,1,1,0,0,-1.0,False
SSV,2026-09-06T19:18:24.595Z,2026-09-06T19:18:24.595942Z,2026-09-06T21:18:24.595942Z,7301.423761,7,2.999,26.675558519506527,6.226859643217773,-0.901,30.223880597014926,26.675558519506527,50.453486225257436,0,0,0,0,,False
THETA,2026-09-06T19:18:29.157Z,2026-09-06T19:18:29.157533Z,2026-09-06T21:18:29.157533Z,7296.86217,7,0.18525,16.194331983806883,5.000000000000007,3.197,29.104477611940297,16.194331983806883,58.228845843156726,1,1,0,0,1.0,False
WAL,2026-09-06T19:18:45.685Z,2026-09-06T19:18:45.686036Z,2026-09-06T21:18:45.686036Z,7280.333667,7,0.02805,35.65062388591779,5.0179211469534115,3.333,35.07462686567164,35.65062388591779,52.151453911865424,2,2,0,0,1.0,False
1INCH,2026-09-06T19:24:31.976Z,2026-09-06T19:24:31.976831Z,2026-09-06T21:24:31.976831Z,7533.14154,7,0.0965,20.72538860103686,3.6687631027253707,2.802,22.388059701492537,20.72538860103686,75.07112743700179,0,0,0,0,,False
API3,2026-09-06T19:24:44.817Z,2026-09-06T19:24:44.817771Z,2026-09-06T21:24:44.817771Z,7520.3006,7,0.235,34.042553191489155,3.3703071672355027,0.687,18.65671641791045,34.042553191489155,54.35916764526719,0,0,0,0,,True
AUCTION,2026-09-06T19:24:49.520Z,2026-09-06T19:24:49.520994Z,2026-09-06T21:24:49.520994Z,7515.597377,7,3.4509999999999996,11.590843233845273,3.556851311953349,-0.233,15.298507462686567,11.590843233845273,59.850652185438996,0,0,0,0,,False
BARD,2026-09-06T19:25:07.079Z,2026-09-06T19:25:07.080312Z,2026-09-06T21:25:07.080312Z,7498.038059,7,0.12745,54.923499411534415,4.031620553359678,0.797,17.91044776119403,54.923499411534415,56.32155841877537,0,0,0,0,,False
BLUR,2026-09-06T19:25:12.192Z,2026-09-06T19:25:12.192574Z,2026-09-06T21:25:12.192574Z,7492.925797,7,0.01749,22.870211549457885,7.215909090909093,5.137,11.940298507462687,22.870211549457885,54.37175542836958,0,0,0,0,,False
CKB,2026-09-06T19:25:22.842Z,2026-09-06T19:25:22.842976Z,2026-09-06T21:25:22.842976Z,7482.275395,7,0.001121,35.682426404996406,4.442429737080689,-0.631,13.059701492537313,35.682426404996406,55.499757957260016,0,0,0,0,,False
DYM,2026-09-06T19:25:41.429Z,2026-09-06T19:25:41.429609Z,2026-09-06T21:25:41.429609Z,7463.688762,7,0.015525,19.32367149758487,3.5667963683527897,0.85,13.805970149253731,19.32367149758487,61.20826978443225,0,0,0,0,,False
EUL,2026-09-06T19:25:47.829Z,2026-09-06T19:25:47.829945Z,2026-09-06T21:25:47.829945Z,7457.288426,7,1.3165,22.78769464489262,2.5738077214231665,0.152,11.194029850746269,22.78769464489262,70.00728122610333,0,0,0,0,,False
HMSTR,2026-09-06T19:26:04.834Z,2026-09-06T19:26:04.834914Z,2026-09-06T21:26:04.834914Z,7440.283457,7,0.00017705,16.944365998305976,4.535147392290252,-3.607,11.567164179104477,16.944365998305976,58.5448284898082,0,0,0,0,,False
KAIA,2026-09-06T19:26:16.842Z,2026-09-06T19:26:16.843212Z,2026-09-06T21:26:16.843212Z,7428.275159,7,0.031299999999999994,63.897763578274386,3.571428571428572,-0.645,22.761194029850746,63.897763578274386,47.30063395130792,1,0,1,0,-1.0,False
PARTI,2026-09-06T19:27:15.965Z,2026-09-06T19:27:15.965451Z,2026-09-06T21:27:15.965451Z,7369.15292,7,0.02565,38.986354775828225,4.296875000000001,-0.775,20.149253731343283,38.986354775828225,62.58398450076152,0,0,0,0,,False
RESOLV,2026-09-06T19:27:32.130Z,2026-09-06T19:27:32.130859Z,2026-09-06T21:27:32.130859Z,7352.987512,7,0.018215000000000002,16.469942355201084,2.9834254143646532,1.571,18.28358208955224,16.469942355201084,64.79249259521418,0,0,0,0,,False
TOWNS,2026-09-06T19:27:55.819Z,2026-09-06T19:27:55.820012Z,2026-09-06T21:27:55.820012Z,7329.298359,7,0.002145,46.62004662004674,4.672897196261695,-3.167,19.402985074626866,46.62004662004674,54.361050917206356,0,0,0,0,,False
UMA,2026-09-06T19:28:02.560Z,2026-09-06T19:28:02.560699Z,2026-09-06T21:28:02.560699Z,7322.557672,7,0.397,50.37783375314866,5.05050505050504,1.538,20.52238805970149,50.37783375314866,58.807053771456445,0,0,0,0,,False
1MBABYDOGE,2026-09-06T19:33:46.423Z,2026-09-06T19:33:46.423590Z,2026-09-06T21:33:46.423590Z,7580.213219,7,0.0004108,14.605647517040277,4.668972332015803,-3.366,4.850746268656716,14.605647517040277,54.172284361316265,8,6,1,1,0.5,False
ARB,2026-09-06T19:34:10.019Z,2026-09-06T19:34:10.019712Z,2026-09-06T21:34:10.019712Z,7556.617097,7,0.18769999999999998,10.655301012253904,36.48796498905907,30.292,98.88059701492537,10.655301012253904,77.07999127198416,31,20,8,3,0.6129,False
AT,2026-09-06T19:34:16.874Z,2026-09-06T19:34:16.874648Z,2026-09-06T21:34:16.874648Z,7549.762161,7,0.15755000000000002,19.04157410345888,5.367412140575092,4.612,7.08955223880597,19.04157410345888,51.91676824481842,0,0,0,0,,False
BEAMX,2026-09-06T19:34:24.615Z,2026-09-06T19:34:24.615676Z,2026-09-06T21:34:24.615676Z,7542.021133,7,0.001598,25.031289111389846,2.4937655860349195,1.971,6.343283582089552,25.031289111389846,68.5725402913517,0,0,0,0,,False
BNB,2026-09-06T19:34:29.998Z,2026-09-06T19:34:29.998305Z,2026-09-06T21:34:29.998305Z,7536.638504,7,752.775,0.13284181860437588,5.290665811177505,-3.671,97.38805970149254,0.13284181860437588,47.227165016303864,15,10,5,0,0.8667,False
BTC,2026-09-06T19:34:42.422Z,2026-09-06T19:34:42.422678Z,2026-09-06T21:34:42.422678Z,7524.214131,7,79889.13500000001,0.001251734668896003,1.1199687571831103,-0.319,100.0,0.001251734668896003,59.15542847517922,37,21,10,6,0.4054,False
C,2026-09-06T19:34:49.997Z,2026-09-06T19:34:49.997932Z,2026-09-06T21:34:49.997932Z,7516.638877,7,0.0613,32.62642740619996,3.2520325203252063,1.318,4.477611940298507,32.62642740619996,50.97169988984303,0,0,0,0,,False
ETH,2026-09-06T19:35:05.724Z,2026-09-06T19:35:05.724832Z,2026-09-06T21:35:05.724832Z,7500.911977,7,2506.205,0.03990096580374822,2.5311582695731634,0.541,99.6268656716418,0.03990096580374822,60.4963237419238,43,27,13,3,0.7442,False
EUR,2026-09-06T19:35:09.536Z,2026-09-06T19:35:09.536901Z,2026-09-06T21:35:09.536901Z,7497.099908,7,1.16065,0.8615861801575755,0.0861474844934433,0.026,96.64179104477611,0.8615861801575755,61.26304200362063,0,0,0,0,,False
FLUX,2026-09-06T19:35:21.233Z,2026-09-06T19:35:21.233242Z,2026-09-06T21:35:21.233242Z,7485.403567,7,0.05155,19.3986420950539,3.1372549019607794,0.196,8.955223880597014,19.3986420950539,57.61113072922576,0,0,0,0,,False
GMT,2026-09-06T19:35:28.532Z,2026-09-06T19:35:28.532541Z,2026-09-06T21:35:28.532541Z,7478.104268,7,0.007555,13.236267372600386,2.5367156208277715,0.537,4.104477611940299,13.236267372600386,64.790340204055,0,0,0,0,,False
SHELL,2026-09-06T19:36:10.825Z,2026-09-06T19:36:10.825461Z,2026-09-06T21:36:10.825461Z,7435.811348,7,0.023149999999999997,43.19654427645762,6.89655172413792,2.203,7.835820895522388,43.19654427645762,58.322995919460496,0,0,0,0,,False
STO,2026-09-06T19:36:22.056Z,2026-09-06T19:36:22.056913Z,2026-09-06T21:36:22.056913Z,7424.579896,7,0.042050000000000004,23.781212841853964,1.909307875894993,0.964,10.447761194029852,23.781212841853964,48.808346291800824,0,0,0,0,,False
SXT,2026-09-06T19:36:32.093Z,2026-09-06T19:36:32.094069Z,2026-09-06T21:36:32.094069Z,7414.54274,7,0.009145,10.93493712411109,3.1531531531531614,-0.225,5.223880597014926,10.93493712411109,53.64687815657256,0,0,0,0,,False
UNI,2026-09-06T19:36:50.680Z,2026-09-06T19:36:50.680573Z,2026-09-06T21:36:50.680573Z,7395.956236,7,7.1385,4.202563563774062,9.682341517547515,5.968,95.8955223880597,4.202563563774062,62.905700379019656,0,0,0,0,,False
CRV,2026-09-06T19:43:29.274Z,2026-09-06T19:43:29.275180Z,2026-09-06T21:43:29.275180Z,7596.210265,7,0.38515,7.78917304946039,7.819148936170222,2.369,88.05970149253731,7.78917304946039,57.71805014452797,2,1,0,1,1.0,False
DASH,2026-09-06T19:43:34.899Z,2026-09-06T19:43:34.899401Z,2026-09-06T21:43:34.899401Z,7590.586044,7,71.43,13.999720005601079,20.296382391399117,2.441,91.04477611940298,13.999720005601079,57.07353259239121,4,1,3,0,1.0,False
ENA,2026-09-06T19:43:48.551Z,2026-09-06T19:43:48.551771Z,2026-09-06T21:43:48.551771Z,7576.933674,7,0.17659999999999998,11.325028312571108,14.515203671830172,5.445,95.5223880597015,11.325028312571108,58.76071614943197,9,5,1,3,1.0,False
FDUSD,2026-09-06T19:43:52.479Z,2026-09-06T19:43:52.480071Z,2026-09-06T21:43:52.480071Z,7573.005374,7,0.99915,1.0008507231145374,0.08008008008008237,0.04,94.02985074626865,1.0008507231145374,68.93320056997183,0,0,0,0,,False
FET,2026-09-06T19:43:57.900Z,2026-09-06T19:43:57.900245Z,2026-09-06T21:43:57.900245Z,7567.5852,7,0.17725000000000002,5.641748942173018,5.170387779083433,3.089,86.94029850746269,5.641748942173018,66.83386205930049,2,1,1,0,0.0,False
JUP,2026-09-06T19:44:03.601Z,2026-09-06T19:44:03.602006Z,2026-09-06T21:44:03.602006Z,7561.883439,7,0.26715,11.22964626614138,24.411214953271028,20.713,93.65671641791045,11.22964626614138,64.8122224492791,3,2,0,1,1.0,False
LINK,2026-09-06T19:44:09.257Z,2026-09-06T19:44:09.258261Z,2026-09-06T21:44:09.258261Z,7556.227184,7,13.001,4.615029613106859,4.182571266141481,1.836,94.77611940298507,4.615029613106859,68.81511319233215,0,0,0,0,,False
LTC,2026-09-06T19:44:15.068Z,2026-09-06T19:44:15.069020Z,2026-09-06T21:44:15.069020Z,7550.416425,7,54.655,9.148293843197724,3.4825870646766175,-1.039,89.17910447761194,9.148293843197724,46.473224421860714,20,10,6,4,0.45,False
PENGU,2026-09-06T19:44:30.214Z,2026-09-06T19:44:30.215027Z,2026-09-06T21:44:30.215027Z,7535.270418,7,0.0088045,3.407348514963406,5.332872609997694,0.242,91.41791044776119,3.407348514963406,58.693834075961234,3,2,1,0,1.0,False
PEPE,2026-09-06T19:44:37.310Z,2026-09-06T19:44:37.310594Z,2026-09-06T21:44:37.310594Z,7528.174851,7,3.645e-06,27.434842249657965,4.4444444444444375,-1.099,90.29850746268657,27.434842249657965,62.061366642614935,13,10,0,3,1.0,False
PUMP,2026-09-06T19:44:42.694Z,2026-09-06T19:44:42.694717Z,2026-09-06T21:44:42.694717Z,7522.790728,7,0.0039895,7.519739315702546,9.440376569037651,-5.65,91.7910447761194,7.519739315702546,50.97128236236682,14,12,1,1,0.5714,False
RAY,2026-09-06T19:44:46.704Z,2026-09-06T19:44:46.705195Z,2026-09-06T21:44:46.705195Z,7518.78025,7,1.2572999999999999,12.725682017020967,42.42689418799678,58.568,92.16417910447761,12.725682017020967,71.29018011086427,27,17,7,3,0.4815,False
TAO,2026-09-06T19:44:51.725Z,2026-09-06T19:44:51.725575Z,2026-09-06T21:44:51.725575Z,7513.75987,7,268.1,7.459903021260299,10.240496508921646,9.655,92.53731343283582,7.459903021260299,66.27062081394904,0,0,0,0,,False
TRX,2026-09-06T19:44:57.330Z,2026-09-06T19:44:57.330584Z,2026-09-06T21:44:57.330584Z,7508.154861,7,0.33605,2.9757476565983922,0.8350730688935356,0.329,87.68656716417911,2.9757476565983922,55.86846797230558,13,12,0,1,0.8462,False
WLD,2026-09-06T19:45:06.332Z,2026-09-06T19:45:06.333043Z,2026-09-06T21:45:06.333043Z,7499.152402,7,0.42010000000000003,4.760771244942477,7.542579075425798,3.24,89.55223880597015,4.760771244942477,56.011360735834934,1,1,0,0,1.0,False
ZEN,2026-09-06T19:45:11.512Z,2026-09-06T19:45:11.512448Z,2026-09-06T21:45:11.512448Z,7493.972997,7,7.506,18.65174527045062,14.93577480185843,4.023,86.56716417910448,18.65174527045062,52.62868333940393,0,0,0,0,,False
AR,2026-09-06T19:50:46.918Z,2026-09-06T19:50:46.918828Z,2026-09-06T21:50:46.918828Z,7759.120526,7,3.026,19.82815598149301,9.34642736200475,-0.236,81.71641791044776,19.82815598149301,61.06345277191296,1,1,0,0,1.0,False
CAKE,2026-09-06T19:51:05.335Z,2026-09-06T19:51:05.336700Z,2026-09-06T21:51:05.336700Z,7740.702654,7,2.207,9.0620752152253,6.003666361136582,-4.298,83.95522388059702,9.0620752152253,59.82757520381169,8,3,5,0,1.0,False
FIL,2026-09-06T19:51:35.466Z,2026-09-06T19:51:35.467305Z,2026-09-06T21:51:35.467305Z,7710.572049,7,0.8076000000000001,14.858841010400926,8.827603576375763,1.795,71.26865671641791,14.858841010400926,60.29552039596354,3,2,1,0,1.0,False
HEMI,2026-09-06T19:51:55.204Z,2026-09-06T19:51:55.204951Z,2026-09-06T21:51:55.204951Z,7690.834403,7,0.011185,26.821636119803767,13.531914893617017,6.721,80.97014925373135,26.821636119803767,64.08852800754616,2,1,1,0,1.0,False
LDO,2026-09-06T19:52:15.968Z,2026-09-06T19:52:15.968917Z,2026-09-06T21:52:15.968917Z,7670.070437,7,0.4143,14.482259232441345,10.950118764845614,8.115,72.76119402985074,14.482259232441345,55.79227241027651,8,5,3,0,0.75,False
TIA,2026-09-06T19:53:25.228Z,2026-09-06T19:53:25.228935Z,2026-09-06T21:53:25.228935Z,7600.810419,7,0.43584999999999996,16.06057129746423,9.321608040200996,7.597,75.74626865671642,16.06057129746423,73.76401674219991,3,0,2,1,-0.3333,False
TRUMP,2026-09-06T19:53:30.848Z,2026-09-06T19:53:30.849137Z,2026-09-06T21:53:30.849137Z,7595.190217,7,2.334,8.568980291344387,5.24263431542461,-3.552,82.08955223880596,8.568980291344387,65.07983066762738,2,1,1,0,1.0,False
TUT,2026-09-06T19:53:37.230Z,2026-09-06T19:53:37.231105Z,2026-09-06T21:53:37.231105Z,7588.808249,7,0.025745,42.72674305690386,15.845070422535205,-6.715,80.59701492537313,42.72674305690386,50.99378363808519,2,1,1,0,1.0,False
TWT,2026-09-06T19:53:42.785Z,2026-09-06T19:53:42.786174Z,2026-09-06T21:53:42.786174Z,7583.25318,7,0.5866,23.866348448688505,11.309115832762176,-8.109,73.88059701492537,23.866348448688505,38.32425340896303,2,2,0,0,1.0,False
VIRTUAL,2026-09-06T19:53:49.333Z,2026-09-06T19:53:49.333995Z,2026-09-06T21:53:49.333995Z,7576.705359,7,0.7253000000000001,19.30235764511177,5.829145728643212,1.133,77.23880597014926,19.30235764511177,59.96503094675909,6,5,0,1,0.6667,False
WLFI,2026-09-06T19:53:56.879Z,2026-09-06T19:53:56.879395Z,2026-09-06T21:53:56.879395Z,7569.159959,7,0.05665,17.652250661959904,2.8368794326241087,-1.742,78.35820895522389,17.652250661959904,60.83649409874343,6,4,1,1,1.0,False
XPL,2026-09-06T19:54:07.059Z,2026-09-06T19:54:07.060175Z,2026-09-06T21:54:07.060175Z,7558.979179,7,0.08946,8.942544153811395,6.562603055952515,-2.183,78.73134328358209,8.942544153811395,41.9102728062147,6,5,1,0,0.1667,False
ZRO,2026-09-06T19:54:12.483Z,2026-09-06T19:54:12.483454Z,2026-09-06T21:54:12.483454Z,7553.5559,7,1.101,18.16530426884652,7.572992700729943,2.334,79.1044776119403,18.16530426884652,68.82148149689206,2,2,0,0,0.0,False
0G,2026-09-06T19:59:48.363Z,2026-09-06T19:59:48.363737Z,2026-09-06T21:59:48.363737Z,7217.675617,7,0.199,20.10050251256199,4.891578416540588,2.006,60.44776119402985,20.10050251256199,53.00896067432734,0,0,0,0,,False
EGLD,2026-09-06T20:00:16.600Z,2026-09-06T20:00:16.600693Z,2026-09-06T22:00:16.600693Z,7788.996126,7,4.4935,55.63591854901603,5.3411131059245855,-2.388,67.91044776119404,55.63591854901603,49.029999010501555,4,1,2,1,0.5,False
EIGEN,2026-09-06T20:00:23.887Z,2026-09-06T20:00:23.887380Z,2026-09-06T22:00:23.887380Z,7781.709439,7,0.21575,13.904982618771482,5.703422053231944,4.055,68.65671641791045,13.904982618771482,69.57288306945708,0,0,0,0,,False
ENSO,2026-09-06T20:00:35.769Z,2026-09-06T20:00:35.770119Z,2026-09-06T22:00:35.770119Z,7769.8267,7,0.9,22.22222222222224,7.078651685393251,-1.549,64.55223880597015,22.22222222222224,64.31167828485005,0,0,0,0,,False
FLOKI,2026-09-06T20:00:45.973Z,2026-09-06T20:00:45.973664Z,2026-09-06T22:00:45.973664Z,7759.623155,7,2.5985e-05,11.545122185875705,7.348980377068104,-5.007,56.71641791044776,11.545122185875705,56.58607215242035,1,1,0,0,-1.0,False
GRT,2026-09-06T20:00:59.447Z,2026-09-06T20:00:59.447821Z,2026-09-06T22:00:59.447821Z,7746.148998,7,0.019424999999999998,66.92406692406777,18.581780538302276,10.023,58.208955223880594,66.92406692406777,71.20821451383088,0,0,0,0,,False
KITE,2026-09-06T20:01:05.412Z,2026-09-06T20:01:05.412553Z,2026-09-06T22:01:05.412553Z,7740.184266,7,0.12645,7.9082641360212715,4.433887569279489,0.238,55.97014925373134,7.9082641360212715,56.923038181805225,0,0,0,0,,False
NOM,2026-09-06T20:01:31.338Z,2026-09-06T20:01:31.338382Z,2026-09-06T22:01:31.338382Z,7714.258437,7,0.001795,55.71030640668538,13.333333333333334,0.559,58.95522388059702,55.71030640668538,61.883008208003666,1,0,1,0,1.0,False
PAXG,2026-09-06T20:01:37.519Z,2026-09-06T20:01:37.519443Z,2026-09-06T22:01:37.519443Z,7708.077376,7,4421.46,2.216462435484124,0.3771954039633818,-0.36,62.3134328358209,2.216462435484124,41.033995394345695,0,0,0,0,,False
PEOPLE,2026-09-06T20:01:42.479Z,2026-09-06T20:01:42.479252Z,2026-09-06T22:01:42.479252Z,7703.117567,7,0.00808,24.75247524752374,8.292079207920796,-2.651,61.940298507462686,24.75247524752374,63.39395062484628,0,0,0,0,,False
PLUME,2026-09-06T20:01:47.988Z,2026-09-06T20:01:47.988660Z,2026-09-06T22:01:47.988660Z,7697.608159,7,0.01397,14.31639226914759,5.591397849462374,1.751,63.80597014925373,14.31639226914759,54.493807672292945,2,1,1,0,0.5,False
SNX,2026-09-06T20:02:29.732Z,2026-09-06T20:02:29.732765Z,2026-09-06T22:02:29.732765Z,7655.864054,7,0.22655,13.242109909513243,7.495590828924156,5.195,56.343283582089555,13.242109909513243,59.7015812330796,0,0,0,0,,False
SOPH,2026-09-06T20:02:40.925Z,2026-09-06T20:02:40.926088Z,2026-09-06T22:02:40.926088Z,7644.670731,7,0.00417,47.96163069544377,8.894230769230763,1.217,67.53731343283582,47.96163069544377,65.5084912850405,0,0,0,0,,False
STX,2026-09-06T20:02:46.397Z,2026-09-06T20:02:46.397547Z,2026-09-06T22:02:46.397547Z,7639.199272,7,0.26805,11.191941801901397,4.710280373831775,1.096,69.77611940298507,11.191941801901397,70.52494776595364,8,3,3,2,0.75,False
TST,2026-09-06T20:02:51.442Z,2026-09-06T20:02:51.442893Z,2026-09-06T22:02:51.442893Z,7634.153926,7,0.017544999999999998,28.498147620403515,13.5376044568245,-10.697,64.92537313432835,28.498147620403515,50.895314530880015,4,1,3,0,0.5,False
WIF,2026-09-06T20:02:57.058Z,2026-09-06T20:02:57.058257Z,2026-09-06T22:02:57.058257Z,7628.538562,7,0.21525,13.937282229964913,4.299065420560754,-0.696,69.02985074626865,13.937282229964913,58.553925126614715,5,2,2,1,0.6,False
CHZ,2026-09-06T20:10:13.288Z,2026-09-06T20:10:13.289122Z,2026-09-06T22:10:13.289122Z,7792.241803,7,0.013865,7.212405337179655,2.956020187454943,0.507,51.11940298507463,7.212405337179655,68.42173225745991,1,1,0,0,1.0,False
DOGS,2026-09-06T20:10:25.225Z,2026-09-06T20:10:25.226109Z,2026-09-06T22:10:25.226109Z,7780.304816,7,4.542e-05,17.613386173491683,5.683563748079878,-0.784,53.73134328358209,17.613386173491683,44.14114084815652,0,0,0,0,,False
GALA,2026-09-06T20:10:44.939Z,2026-09-06T20:10:44.939966Z,2026-09-06T22:10:44.939966Z,7760.590959,7,0.0018895000000000001,5.29240539825306,4.492600422832981,0.425,54.850746268656714,5.29240539825306,50.29099628844129,0,0,0,0,,False
HOME,2026-09-06T20:10:50.046Z,2026-09-06T20:10:50.046806Z,2026-09-06T22:10:50.046806Z,7755.484119,7,0.006035,16.570008285004903,3.311258278145704,-0.821,41.417910447761194,16.570008285004903,60.3936251015765,0,0,0,0,,False
IO,2026-09-06T20:10:56.787Z,2026-09-06T20:10:56.787982Z,2026-09-06T22:10:56.787982Z,7748.742943,7,0.13840000000000002,14.450867052023533,8.610709117221434,6.718,46.26865671641791,14.450867052023533,66.10423533989989,2,1,0,1,1.0,False
KAITO,2026-09-06T20:11:03.577Z,2026-09-06T20:11:03.577630Z,2026-09-06T22:11:03.577630Z,7741.953295,7,0.31275,9.592326139089447,2.7371101209420745,1.584,52.985074626865675,9.592326139089447,74.58118130266865,2,2,0,0,0.0,False
KMNO,2026-09-06T20:11:09.236Z,2026-09-06T20:11:09.236940Z,2026-09-06T22:11:09.236940Z,7736.293985,7,0.02501,7.996801279487879,3.300198807157061,0.239,43.656716417910445,7.996801279487879,56.06675913408186,0,0,0,0,,False
LINEA,2026-09-06T20:11:16.173Z,2026-09-06T20:11:16.173993Z,2026-09-06T22:11:16.173993Z,7729.356932,7,0.002807,14.250089063055444,6.81736634373879,5.448,41.791044776119406,14.250089063055444,74.67616732981192,0,0,0,0,,False
MEME,2026-09-06T20:11:23.462Z,2026-09-06T20:11:23.462979Z,2026-09-06T22:11:23.462979Z,7722.067946,7,0.0005535,18.06684733514046,5.225225225225234,-2.972,44.40298507462686,18.06684733514046,61.50386695628574,53,43,6,4,0.5849,False
MET,2026-09-06T20:11:31.078Z,2026-09-06T20:11:31.078673Z,2026-09-06T22:11:31.078673Z,7714.452252,7,0.20934999999999998,42.99020778600355,22.820390662220102,11.827,46.64179104477612,42.99020778600355,64.15467972473505,15,1,3,11,0.0667,False
NEIRO,2026-09-06T20:11:36.851Z,2026-09-06T20:11:36.851334Z,2026-09-06T22:11:36.851334Z,7708.679591,7,8.936e-05,6.714413607877803,6.097967344218582,-0.255,45.8955223880597,6.714413607877803,49.128915397147395,3,2,0,1,0.3333,False
NIL,2026-09-06T20:11:43.304Z,2026-09-06T20:11:43.304851Z,2026-09-06T22:11:43.304851Z,7702.226074,7,0.05185,27.00096432015453,6.365030674846632,1.183,41.04477611940298,27.00096432015453,63.76062703639262,1,0,1,0,-1.0,False
SPK,2026-09-06T20:12:01.111Z,2026-09-06T20:12:01.111523Z,2026-09-06T22:12:01.111523Z,7684.419402,7,0.021860499999999998,20.58507353445708,10.449463837554188,3.475,53.35820895522388,20.58507353445708,53.24087282767323,1,0,1,0,1.0,False
SYN,2026-09-06T20:12:08.767Z,2026-09-06T20:12:08.767459Z,2026-09-06T22:12:08.767459Z,7676.763466,7,0.08938,17.90109644215635,4.19953338517943,-2.597,48.88059701492537,17.90109644215635,48.48104209939218,0,0,0,0,,False
THE,2026-09-06T20:12:15.426Z,2026-09-06T20:12:15.426777Z,2026-09-06T22:12:15.426777Z,7670.104148,7,0.07375000000000001,13.559322033898692,8.389715832205699,-4.768,48.507462686567166,13.559322033898692,61.580613690598945,7,5,1,1,1.0,False
TRB,2026-09-06T20:12:20.529Z,2026-09-06T20:12:20.530155Z,2026-09-06T22:12:20.530155Z,7665.00077,7,18.335,5.454049631852502,5.643835616438343,0.22,54.1044776119403,5.454049631852502,63.65422211958725,0,0,0,0,,False
USDE,2026-09-06T20:12:25.651Z,2026-09-06T20:12:25.651366Z,2026-09-06T22:12:25.651366Z,7659.879559,7,0.99995,1.000050002500015,0.0300030003000267,-0.02,49.25373134328358,1.000050002500015,44.341441675099446,2,0,2,0,-1.0,False
VET,2026-09-06T20:12:32.824Z,2026-09-06T20:12:32.824842Z,2026-09-06T22:12:32.824842Z,7652.706083,7,0.0070290000000000005,5.69070991606155,2.565192743764181,1.759,48.134328358208954,5.69070991606155,72.13009708102616,2,2,0,0,1.0,False
BIO,2026-09-06T20:18:54.918Z,2026-09-06T20:18:54.918435Z,2026-09-06T22:18:54.918435Z,7270.61249,7,0.02749,7.275372862858925,4.713560551124012,-1.955,36.19402985074627,7.275372862858925,66.13883097405018,0,0,0,0,,False
MIRA,2026-09-06T20:20:09.894Z,2026-09-06T20:20:09.894630Z,2026-09-06T22:20:09.894630Z,7795.768927,7,0.046695,19.274012206874357,5.146901136607333,0.258,33.208955223880594,19.274012206874357,60.01388968624671,0,0,0,0,,False
MITO,2026-09-06T20:20:17.089Z,2026-09-06T20:20:17.089329Z,2026-09-06T22:20:17.089329Z,7788.574228,7,0.016805,17.851829812557124,4.809384164222862,-2.904,38.43283582089552,17.851829812557124,55.37563360677037,1,0,1,0,-1.0,False
MMT,2026-09-06T20:20:24.757Z,2026-09-06T20:20:24.758079Z,2026-09-06T22:20:24.758079Z,7780.905478,7,0.16725,17.937219730941386,2.8898254063816973,0.789,31.34328358208955,17.937219730941386,55.76595627362737,18,12,3,3,0.5556,False
NEO,2026-09-06T20:20:31.491Z,2026-09-06T20:20:31.491338Z,2026-09-06T22:20:31.491338Z,7774.172219,7,2.16,18.518518518518533,2.710280373831768,-0.326,33.95522388059702,18.518518518518533,62.93658845659384,0,0,0,0,,False
NOT,2026-09-06T20:20:37.382Z,2026-09-06T20:20:37.382583Z,2026-09-06T22:20:37.382583Z,7768.280974,7,0.00045850000000000003,21.81025081788375,3.4858387799564294,0.658,29.850746268656717,21.81025081788375,65.64576741803423,0,0,0,0,,False
SIGN,2026-09-06T20:21:18.769Z,2026-09-06T20:21:18.769659Z,2026-09-06T22:21:18.769659Z,7726.893898,7,0.010745000000000001,27.919962773383443,8.310502283105018,4.685,38.80597014925373,27.919962773383443,75.18641722033229,0,0,0,0,,False
TNSR,2026-09-06T20:21:35.301Z,2026-09-06T20:21:35.301979Z,2026-09-06T22:21:35.301979Z,7710.361578,7,0.03635,27.510316368639028,2.754820936639121,-0.275,34.32835820895522,27.510316368639028,60.336361494242595,2,1,0,1,1.0,False
TREE,2026-09-06T20:21:40.272Z,2026-09-06T20:21:40.272992Z,2026-09-06T22:21:40.272992Z,7705.390565,7,0.04345,23.014959723819544,5.299539170506904,1.402,34.701492537313435,23.014959723819544,70.65011762469004,1,1,0,0,1.0,False
ZBT,2026-09-06T20:21:54.897Z,2026-09-06T20:21:54.897990Z,2026-09-06T22:21:54.897990Z,7690.765567,7,0.08555,11.689070718876563,2.9377203290246796,0.472,27.98507462686567,11.689070718876563,68.30795636971524,0,0,0,0,,False
BANK,2026-09-06T20:28:08.856Z,2026-09-06T20:28:08.857001Z,2026-09-06T22:28:08.857001Z,7316.806556,7,0.03495,28.6123032904157,1.9999999999999976,-0.568,18.28358208955224,28.6123032904157,52.07439545555924,0,0,0,0,,False
LA,2026-09-06T20:29:31.023Z,2026-09-06T20:29:31.023849Z,2026-09-06T22:29:31.023849Z,7234.639708,7,0.06889999999999999,58.055152394774694,7.456140350877183,1.333,23.880597014925375,58.055152394774694,43.51553044874697,0,0,0,0,,False
LISTA,2026-09-06T20:29:38.462Z,2026-09-06T20:29:38.462478Z,2026-09-06T22:29:38.462478Z,7227.201079,7,0.07935,12.6023944549468,9.493670886075959,-1.003,19.029850746268657,12.6023944549468,58.76491926248109,5,3,2,0,0.6,False
ONT,2026-09-06T20:30:07.095Z,2026-09-06T20:30:07.095366Z,2026-09-06T22:30:07.095366Z,7798.466035,7,0.05597,10.720028586743702,3.4933715514152643,-0.535,14.17910447761194,10.720028586743702,58.61965212558031,1,1,0,0,1.0,False
OSMO,2026-09-06T20:30:16.720Z,2026-09-06T20:30:16.720979Z,2026-09-06T22:30:16.720979Z,7788.840422,7,0.03605,27.739251040222708,4.735376044568245,1.7,22.01492537313433,27.739251040222708,65.24756157996222,0,0,0,0,,False
PIXEL,2026-09-06T20:30:29.728Z,2026-09-06T20:30:29.728499Z,2026-09-06T22:30:29.728499Z,7775.832902,7,0.005209999999999999,38.38771593090222,3.6750483558994205,2.174,24.62686567164179,38.38771593090222,54.99353367591869,8,1,6,1,0.625,False
RARE,2026-09-06T20:30:34.720Z,2026-09-06T20:30:34.720722Z,2026-09-06T22:30:34.720722Z,7770.840679,7,0.012605,7.933359777865603,2.95999999999999,-0.715,18.65671641791045,7.933359777865603,55.59770764325369,0,0,0,0,,False
SAPIEN,2026-09-06T20:30:44.784Z,2026-09-06T20:30:44.784929Z,2026-09-06T22:30:44.784929Z,7760.776472,7,0.08195,12.202562538133359,3.66748166259169,0.739,12.313432835820896,12.202562538133359,38.6129408966436,0,0,0,0,,False
TLM,2026-09-06T20:30:56.459Z,2026-09-06T20:30:56.460002Z,2026-09-06T22:30:56.460002Z,7749.101399,7,0.0014565,6.865774116031005,2.272727272727276,0.069,25.0,6.865774116031005,39.377367100325785,0,0,0,0,,False
YGG,2026-09-06T20:31:17.361Z,2026-09-06T20:31:17.362066Z,2026-09-06T22:31:17.362066Z,7728.199335,7,0.02436,24.63054187192018,5.191594561186653,3.189,15.298507462686567,24.63054187192018,67.74121702368026,0,0,0,0,,False
COOKIE,2026-09-06T20:38:03.466Z,2026-09-06T20:38:03.466853Z,2026-09-06T22:38:03.466853Z,7322.094548,7,0.01165,85.83690987124561,3.4188034188034275,-2.5,10.447761194029852,85.83690987124561,37.233151727632915,0,0,0,0,,False
DOLO,2026-09-06T20:38:11.087Z,2026-09-06T20:38:11.088224Z,2026-09-06T22:38:11.088224Z,7314.473177,7,0.027315,40.27091341753579,1.723505683901717,-0.037,1.1194029850746268,40.27091341753579,53.15821950369709,0,0,0,0,,False
HUMA,2026-09-06T20:38:42.811Z,2026-09-06T20:38:42.812233Z,2026-09-06T22:38:42.812233Z,7282.749168,7,0.022289999999999997,35.89053387169144,3.914428766499771,0.32,3.7313432835820897,35.89053387169144,48.88975770412759,0,0,0,0,,False
OPEN,2026-09-06T20:39:05.111Z,2026-09-06T20:39:05.111856Z,2026-09-06T22:39:05.111856Z,7260.449545,7,0.12705,7.870916961825186,4.430379746835449,0.238,7.08955223880597,7.870916961825186,63.65669540615332,0,0,0,0,,False
YB,2026-09-06T20:40:11.934Z,2026-09-06T20:40:11.934921Z,2026-09-06T22:40:11.934921Z,7793.023611,7,0.09475,31.662269129287044,4.651162790697676,-3.272,0.373134328358209,31.662269129287044,40.45432234569686,0,0,0,0,,True
ZEC,2026-09-06T20:40:17.498Z,2026-09-06T20:40:17.498645Z,2026-09-06T22:40:17.498645Z,7787.459887,7,1225.365,2.5298584503388413,19.63085590037557,20.151,98.13432835820896,2.5298584503388413,69.47667517460988,46,29,15,2,0.5217,False
ADA,2026-09-06T20:45:59.241Z,2026-09-06T20:45:59.241420Z,2026-09-06T22:45:59.241420Z,7445.717112,7,0.22115,4.521817770744596,3.835616438356173,-0.5,92.16417910447761,4.521817770744596,58.91277020506618,17,8,4,5,0.5294,False
ASTER,2026-09-06T20:46:14.939Z,2026-09-06T20:46:14.939299Z,2026-09-06T22:46:14.939299Z,7430.019233,7,0.7845,12.746972594008936,7.731958762886605,-1.648,90.67164179104478,12.746972594008936,66.44075380444967,5,2,2,1,0.2,False
BCH,2026-09-06T20:46:20.082Z,2026-09-06T20:46:20.082800Z,2026-09-06T22:46:20.082800Z,7424.875732,7,258.55,3.8677238445183804,4.414062500000004,-0.234,89.55223880597015,3.8677238445183804,61.84784141865928,3,0,2,1,0.0,False
DYDX,2026-09-06T20:46:37.588Z,2026-09-06T20:46:37.588261Z,2026-09-06T22:46:37.588261Z,7407.370271,7,0.12240999999999999,14.704680990115156,6.123623212230817,1.198,86.19402985074628,14.704680990115156,71.71094624251981,0,0,0,0,,False
OP,2026-09-06T20:47:07.493Z,2026-09-06T20:47:07.494322Z,2026-09-06T22:47:07.494322Z,7377.46421,7,0.10944999999999999,9.136592051165177,10.07326007326007,5.917,87.31343283582089,9.136592051165177,69.81205481645438,1,1,0,0,1.0,False
AVAX,2026-09-06T20:53:38.816Z,2026-09-06T20:53:38.816479Z,2026-09-06T22:53:38.816479Z,7587.19477,7,7.8195,1.2788541466849979,2.7178884097739475,0.724,85.07462686567165,1.2788541466849979,67.37357078162839,8,5,3,0,0.5,False
BOME,2026-09-06T20:53:45.649Z,2026-09-06T20:53:45.649311Z,2026-09-06T22:53:45.649311Z,7580.361938,7,0.0008993499999999999,5.5595708011336855,38.5005512679162,2.706,81.34328358208955,5.5595708011336855,66.78007358525402,0,0,0,0,,False
BONK,2026-09-06T20:53:50.654Z,2026-09-06T20:53:50.654483Z,2026-09-06T22:53:50.654483Z,7575.356766,7,3.375e-06,29.629629629629346,13.782991202346034,4.281,79.4776119402985,29.629629629629346,50.5960515450176,4,3,0,1,0.5,False
COTI,2026-09-06T20:54:09.356Z,2026-09-06T20:54:09.357086Z,2026-09-06T22:54:09.357086Z,7556.654163,7,0.016945,17.70433756270214,23.09442548350399,12.261,84.32835820895522,17.70433756270214,80.66336929221356,4,2,2,0,1.0,False
DOT,2026-09-06T20:54:15.111Z,2026-09-06T20:54:15.111818Z,2026-09-06T22:54:15.111818Z,7550.899431,7,0.9744999999999999,10.26167265264239,8.618899273104876,5.708,84.70149253731343,10.26167265264239,70.38230491712164,3,1,1,1,0.3333,False
EPIC,2026-09-06T20:54:21.652Z,2026-09-06T20:54:21.652316Z,2026-09-06T22:54:21.652316Z,7544.358933,7,0.3975,25.157232704402535,26.399413346370075,3.675,79.85074626865672,25.157232704402535,62.501970954260656,0,0,0,0,,False
ETHFI,2026-09-06T20:54:29.652Z,2026-09-06T20:54:29.652657Z,2026-09-06T22:54:29.652657Z,7536.358592,7,0.56975,12.286090390522753,6.798668302085169,-0.401,75.3731343283582,12.286090390522753,64.67139266587976,1,1,0,0,1.0,False
GIGGLE,2026-09-06T20:54:35.049Z,2026-09-06T20:54:35.049824Z,2026-09-06T22:54:35.049824Z,7530.961425,7,38.605000000000004,12.951690195571624,9.930358524632432,-6.012,71.26865671641791,12.951690195571624,59.45040755631171,0,0,0,0,,False
GRAM,2026-09-06T20:54:41.046Z,2026-09-06T20:54:41.047240Z,2026-09-06T22:54:41.047240Z,7524.964009,7,1.4304999999999999,6.990562740301377,3.0260380014074544,-0.49,76.11940298507463,6.990562740301377,66.00299120880074,0,0,0,0,,False
HBAR,2026-09-06T20:54:46.236Z,2026-09-06T20:54:46.237128Z,2026-09-06T22:54:46.237128Z,7519.774121,7,0.08119499999999999,1.231602931214499,2.7443188873711706,-0.346,80.59701492537313,1.231602931214499,54.86545773200108,8,5,0,3,0.875,False
ICP,2026-09-06T20:54:54.974Z,2026-09-06T20:54:54.974567Z,2026-09-06T22:54:54.974567Z,7511.036682,7,2.708,7.385524372231254,6.921062476618034,0.754,83.2089552238806,7.385524372231254,65.06413278857448,17,8,5,4,0.1765,False
INJ,2026-09-06T20:55:00.123Z,2026-09-06T20:55:00.123625Z,2026-09-06T22:55:00.123625Z,7505.887624,7,5.2135,5.754291742591567,6.541513450745115,4.871,77.98507462686567,5.754291742591567,63.961940341392044,16,9,6,1,0.75,False
JTO,2026-09-06T20:55:05.972Z,2026-09-06T20:55:05.972702Z,2026-09-06T22:55:05.972702Z,7500.038547,7,0.46604999999999996,15.019847655830457,11.823647294589174,6.649,82.83582089552239,15.019847655830457,64.99012783728331,4,0,3,1,0.5,False
ONDO,2026-09-06T20:55:26.416Z,2026-09-06T20:55:26.416174Z,2026-09-06T22:55:26.416174Z,7479.595075,7,0.38405,2.603827626610831,3.445534057778959,1.918,75.0,2.603827626610831,58.0413914679197,8,6,2,0,1.0,False
ORCA,2026-09-06T20:55:33.289Z,2026-09-06T20:55:33.289600Z,2026-09-06T22:55:33.289600Z,7472.721649,7,1.3885,7.202016564638905,17.76034236804566,9.36,79.1044776119403,7.202016564638905,51.758641518455676,1,1,0,0,1.0,False
ORDI,2026-09-06T20:55:40.651Z,2026-09-06T20:55:40.651365Z,2026-09-06T22:55:40.651365Z,7465.359884,7,4.241,14.14760669653228,6.707317073170742,1.451,70.8955223880597,14.14760669653228,71.1317815158891,1,1,0,0,1.0,False
PENDLE,2026-09-06T20:55:45.936Z,2026-09-06T20:55:45.937337Z,2026-09-06T22:55:45.937337Z,7460.073912,7,2.0915,4.781257470714271,8.137865007180455,3.724,83.95522388059702,4.781257470714271,71.88597966522462,3,3,0,0,1.0,False
POL,2026-09-06T20:55:50.978Z,2026-09-06T20:55:50.979000Z,2026-09-06T22:55:50.979000Z,7455.032249,7,0.09786,8.17494379726106,5.597781429745272,1.65,75.74626865671642,8.17494379726106,57.19323772618059,8,6,1,1,0.25,False
RENDER,2026-09-06T20:55:56.335Z,2026-09-06T20:55:56.335529Z,2026-09-06T22:55:56.335529Z,7449.67572,7,1.5505,6.449532408899644,5.156657963446473,4.645,76.49253731343283,6.449532408899644,75.0486616758464,1,1,0,0,1.0,False
SEI,2026-09-06T20:56:02.900Z,2026-09-06T20:56:02.901047Z,2026-09-06T22:56:02.901047Z,7443.110202,7,0.049019999999999994,4.079967360260952,3.87564766839379,1.493,72.76119402985074,4.079967360260952,61.83970223626112,0,0,0,0,,False
STRK,2026-09-06T20:56:15.096Z,2026-09-06T20:56:15.097210Z,2026-09-06T22:56:15.097210Z,7430.914039,7,0.032060000000000005,6.238303181534368,9.849476439790584,4.586,82.46268656716418,6.238303181534368,65.40946507851989,6,2,2,2,0.3333,False
APE,2026-09-06T21:02:43.297Z,2026-09-06T21:02:43.298128Z,2026-09-06T23:02:43.298128Z,7643.004682,7,0.14195,7.044734061288411,2.7542372881356036,-0.632,61.19402985074627,7.044734061288411,46.83496894183574,8,6,0,2,0.75,False
CFX,2026-09-06T21:02:48.709Z,2026-09-06T21:02:48.710416Z,2026-09-06T23:02:48.710416Z,7637.592394,7,0.049685,2.0126798832637864,3.99918798213562,1.171,61.940298507462686,2.0126798832637864,61.26088942428908,0,0,0,0,,False
ENS,2026-09-06T21:03:03.518Z,2026-09-06T21:03:03.518520Z,2026-09-06T23:03:03.518520Z,7622.78429,7,6.205,16.116035455277657,6.462035541195467,4.738,65.29850746268657,16.116035455277657,66.34068021097559,0,0,0,0,,False
FORM,2026-09-06T21:03:25.242Z,2026-09-06T21:03:25.242954Z,2026-09-06T23:03:25.242954Z,7601.059856,7,0.26865,26.056206960730837,11.132075471698101,-6.46,59.32835820895522,26.056206960730837,45.08674732253465,3,2,0,1,1.0,False
LAYER,2026-09-06T21:03:46.394Z,2026-09-06T21:03:46.394611Z,2026-09-06T23:03:46.394611Z,7579.908199,7,0.0763,26.21231979030037,26.535947712418302,9.599,64.55223880597015,26.21231979030037,61.141106049537356,4,3,1,0,1.0,False
PYTH,2026-09-06T21:04:19.032Z,2026-09-06T21:04:19.033000Z,2026-09-06T23:04:19.033000Z,7547.26981,7,0.055645,16.17395992452273,6.14648509385352,-1.092,59.701492537313435,16.17395992452273,51.8524900654295,1,0,1,0,1.0,False
ROSE,2026-09-06T21:04:31.594Z,2026-09-06T21:04:31.594996Z,2026-09-06T23:04:31.594996Z,7534.707814,7,0.007255,13.783597518951884,13.994565217391312,8.235,70.14925373134328,13.783597518951884,65.65431446139027,1,1,0,0,1.0,False
RSR,2026-09-06T21:04:39.913Z,2026-09-06T21:04:39.914076Z,2026-09-06T23:04:39.914076Z,7526.388734,7,0.0014415,6.9372181755110365,5.233775296580599,1.415,63.43283582089552,6.9372181755110365,65.62095862427545,0,0,0,0,,False
RUNE,2026-09-06T21:04:45.178Z,2026-09-06T21:04:45.178309Z,2026-09-06T23:04:45.178309Z,7521.124501,7,0.4895,20.429009193054156,2.680412371134023,-0.818,67.53731343283582,20.429009193054156,63.62560969325913,1,1,0,0,1.0,False
SAHARA,2026-09-06T21:04:55.560Z,2026-09-06T21:04:55.560447Z,2026-09-06T23:04:55.560447Z,7510.742363,7,0.009345,10.700909577315493,3.99568034557236,-0.963,69.40298507462687,10.700909577315493,57.890530542146834,0,0,0,0,,False
SAND,2026-09-06T21:05:00.704Z,2026-09-06T21:05:00.704759Z,2026-09-06T23:05:00.704759Z,7505.598051,7,0.040275000000000005,2.4829298572322935,2.667337695017611,0.455,63.80597014925373,2.4829298572322935,56.707905772504354,4,2,2,0,0.5,False
SHIB,2026-09-06T21:05:06.997Z,2026-09-06T21:05:06.997806Z,2026-09-06T23:05:06.997806Z,7499.305004,7,5.515e-06,18.132366273798556,3.136531365313654,-1.095,68.65671641791045,18.132366273798556,58.64290388468796,13,10,2,1,0.4615,False
SKY,2026-09-06T21:05:15.119Z,2026-09-06T21:05:15.120063Z,2026-09-06T23:05:15.120063Z,7491.182747,7,0.06983,8.592295574968421,4.835479256080125,1.481,55.59701492537314,8.592295574968421,67.29359467402605,0,0,0,0,,False
1000CAT,2026-09-06T21:11:46.924Z,2026-09-06T21:11:46.924672Z,2026-09-06T23:11:46.924672Z,7698.571042,7,0.0021219999999999998,28.275212064092194,24.718574108818014,-15.464,52.23880597014925,28.275212064092194,36.99680711133951,0,0,0,0,,False
1000CHEEMS,2026-09-06T21:11:49.946Z,2026-09-06T21:11:49.946307Z,2026-09-06T23:11:49.946307Z,7695.549407,7,0.0005455,18.33180568286021,4.59558823529413,-3.203,49.62686567164179,18.33180568286021,50.29346645814398,0,0,0,0,,False
ALLO,2026-09-06T21:12:01.895Z,2026-09-06T21:12:01.896311Z,2026-09-06T23:12:01.896311Z,7683.599403,7,0.24135,12.430080795524951,4.868913857677897,-1.998,47.76119402985075,12.430080795524951,62.079617414160325,0,0,0,0,,False
ARKM,2026-09-06T21:12:07.644Z,2026-09-06T21:12:07.644663Z,2026-09-06T23:12:07.644663Z,7677.851051,7,0.10905000000000001,9.170105456213008,3.703703703703707,0.84,45.149253731343286,9.170105456213008,63.49870175750555,1,0,1,0,-1.0,False
ATOM,2026-09-06T21:12:15.077Z,2026-09-06T21:12:15.077581Z,2026-09-06T23:12:15.077581Z,7670.418133,7,1.5950000000000002,12.539184952978067,4.116529449018363,2.069,51.492537313432834,12.539184952978067,68.51828341249548,1,0,1,0,1.0,False
AVNT,2026-09-06T21:12:22.179Z,2026-09-06T21:12:22.179512Z,2026-09-06T23:12:22.179512Z,7663.316202,7,0.10635,9.402914903619086,4.942965779467677,-0.473,44.776119402985074,9.402914903619086,62.97800994448048,0,0,0,0,,False
BABY,2026-09-06T21:12:27.913Z,2026-09-06T21:12:27.913269Z,2026-09-06T23:12:27.913269Z,7657.582445,7,0.01134,17.63668430335178,3.911111111111106,-1.489,42.91044776119403,17.63668430335178,51.953665370364185,1,1,0,0,-1.0,False
BFUSD,2026-09-06T21:12:33.273Z,2026-09-06T21:12:33.273192Z,2026-09-06T23:12:33.273192Z,7652.222522,7,1.0000499999999999,10.999450027497415,0.12006003001499427,-0.07,54.47761194029851,10.999450027497415,47.52322719603387,0,0,0,0,,
BROCCOLI714,2026-09-06T21:12:39.341Z,2026-09-06T21:12:39.341459Z,2026-09-06T23:12:39.341459Z,7646.154255,7,0.01926,20.768431983384406,11.209593326381661,-8.098,50.0,20.768431983384406,51.517073707236854,0,0,0,0,,False
CATI,2026-09-06T21:12:45.093Z,2026-09-06T21:12:45.093966Z,2026-09-06T23:12:45.093966Z,7640.401748,7,0.056215,19.567731032642353,10.717614165890025,9.378,50.74626865671642,19.567731032642353,78.03234850666473,1,1,0,0,1.0,False
COMP,2026-09-06T21:13:04.835Z,2026-09-06T21:13:04.835419Z,2026-09-06T23:13:04.835419Z,7620.660295,7,20.98,19.06577693040951,5.868320610687025,2.644,42.16417910447761,19.06577693040951,71.40669188136211,9,6,1,2,0.7778,False
ERA,2026-09-06T21:13:21.186Z,2026-09-06T21:13:21.186953Z,2026-09-06T23:13:21.186953Z,7604.308761,7,0.060149999999999995,16.62510390689874,2.3450586264656703,1.186,40.67164179104478,16.62510390689874,71.13953774371193,1,0,1,0,-1.0,False
FF,2026-09-06T21:13:28.455Z,2026-09-06T21:13:28.455596Z,2026-09-06T23:13:28.455596Z,7597.040118,7,0.11865500000000001,12.641692301209165,3.3639659387910017,0.262,47.38805970149254,12.641692301209165,51.19117033135818,2,2,0,0,0.0,False
MUBARAK,2026-09-06T21:14:19.491Z,2026-09-06T21:14:19.491861Z,2026-09-06T23:14:19.491861Z,7546.003853,7,0.03159,12.662234884456591,7.335662114957128,-3.906,51.865671641791046,12.662234884456591,42.74690447891535,1,1,0,0,1.0,False
PHA,2026-09-06T21:14:34.716Z,2026-09-06T21:14:34.717088Z,2026-09-06T23:14:34.717088Z,7530.778626,7,0.02715,36.83241252302003,12.546125461254615,6.693,52.61194029850746,36.83241252302003,67.70450173683038,0,0,0,0,,False
QNT,2026-09-06T21:14:41.289Z,2026-09-06T21:14:41.290146Z,2026-09-06T23:14:41.290146Z,7524.205568,7,66.85499999999999,31.4112631815113,3.517816527672469,1.838,43.28358208955224,31.4112631815113,39.767136478713084,2,1,0,1,0.0,False
W,2026-09-06T21:15:15.596Z,2026-09-06T21:15:15.597060Z,2026-09-06T23:15:15.597060Z,7489.898654,7,0.01038,19.267822736030045,8.163265306122453,3.625,50.37313432835821,19.267822736030045,67.15019915748081,1,0,0,1,1.0,False
XTZ,2026-09-06T21:15:20.627Z,2026-09-06T21:15:20.627540Z,2026-09-06T23:15:20.627540Z,7484.868174,7,0.24004999999999999,12.497396375754832,2.9781879194630854,0.591,44.02985074626866,12.497396375754832,59.29483206491717,3,3,0,0,0.6667,False
2Z,2026-09-06T21:20:54.815Z,2026-09-06T21:20:54.815443Z,2026-09-06T23:20:54.815443Z,7751.268548,7,0.05221,15.322735108216191,3.7216514828455227,-1.376,29.47761194029851,15.322735108216191,57.964703473542606,0,0,0,0,,False
ACH,2026-09-06T21:21:00.075Z,2026-09-06T21:21:00.075747Z,2026-09-06T23:21:00.075747Z,7746.008244,7,0.005345,18.709073900841144,5.03731343283581,-2.545,38.059701492537314,18.709073900841144,56.92861970468791,1,0,1,0,0.0,False
ALT,2026-09-06T21:21:07.129Z,2026-09-06T21:21:07.129500Z,2026-09-06T23:21:07.129500Z,7738.954491,7,0.0065249999999999996,15.325670498084996,2.950310559006212,-0.77,27.238805970149254,15.325670498084996,61.57459750205491,0,0,0,0,,False
AXS,2026-09-06T21:21:14.651Z,2026-09-06T21:21:14.651653Z,2026-09-06T23:21:14.651653Z,7731.432338,7,0.963,20.768431983385277,2.947368421052634,-0.21,39.55223880597015,20.768431983385277,64.22394003339289,0,0,0,0,,False
BANANAS31,2026-09-06T21:21:21.180Z,2026-09-06T21:21:21.180287Z,2026-09-06T23:21:21.180287Z,7724.903704,7,0.0083985,8.334821694350255,4.701367234348765,-2.571,25.746268656716417,8.334821694350255,62.50575746143524,0,0,0,0,,False
BB,2026-09-06T21:21:27.828Z,2026-09-06T21:21:27.829031Z,2026-09-06T23:21:27.829031Z,7718.25496,7,0.009625,10.389610389609967,4.425711275026345,-0.628,26.492537313432837,10.389610389609967,60.11857335197072,2,2,0,0,0.0,False
BERA,2026-09-06T21:21:32.956Z,2026-09-06T21:21:32.956999Z,2026-09-06T23:21:32.956999Z,7713.126992,7,0.19055,5.247966413014378,4.056902002107473,2.65,39.92537313432836,5.247966413014378,67.22940194262841,2,2,0,0,0.0,False
BMT,2026-09-06T21:21:45.626Z,2026-09-06T21:21:45.626476Z,2026-09-06T23:21:45.626476Z,7700.457515,7,0.01731,11.554015020219055,4.937570942111233,-1.454,35.07462686567164,11.554015020219055,55.62869753689067,0,0,0,0,,False
CVX,2026-09-06T21:21:52.282Z,2026-09-06T21:21:52.282723Z,2026-09-06T23:21:52.282723Z,7693.801268,7,2.3655,38.04692454026589,5.175363558597091,1.52,32.46268656716418,38.04692454026589,66.1431032985586,1,1,0,0,1.0,False
EDEN,2026-09-06T21:21:59.807Z,2026-09-06T21:21:59.808141Z,2026-09-06T23:21:59.808141Z,7686.27585,7,0.05696,14.044943820225365,5.364120781527522,1.956,36.56716417910448,14.044943820225365,69.9448270133921,0,0,0,0,,False
ETC,2026-09-06T21:22:05.197Z,2026-09-06T21:22:05.197254Z,2026-09-06T23:22:05.197254Z,7680.886737,7,7.835,12.76324186343304,3.3766233766233738,-1.408,35.44776119402985,12.76324186343304,63.720637630227785,3,1,1,1,0.0,False
GPS,2026-09-06T21:22:12.035Z,2026-09-06T21:22:12.035667Z,2026-09-06T23:22:12.035667Z,7674.048324,7,0.01072,18.656716417909685,4.335532516493877,1.726,30.597014925373134,18.656716417909685,70.185420653651,0,0,0,0,,False
GUN,2026-09-06T21:22:19.221Z,2026-09-06T21:22:19.221478Z,2026-09-06T23:22:19.221478Z,7666.862513,7,0.0030749999999999996,32.52032520325212,3.606557377049175,-1.929,26.865671641791046,32.52032520325212,54.31305931129699,0,0,0,0,,False
HEI,2026-09-06T21:22:26.301Z,2026-09-06T21:22:26.302040Z,2026-09-06T23:22:26.302040Z,7659.781951,7,0.13735,21.842009464872405,4.238505747126429,-1.347,32.83582089552239,21.842009464872405,48.515011947537836,0,0,0,0,,False
HYPER,2026-09-06T21:22:32.907Z,2026-09-06T21:22:32.907672Z,2026-09-06T23:22:32.907672Z,7653.176319,7,0.07014999999999999,14.255167498218515,3.86266094420602,2.044,35.82089552238806,14.255167498218515,67.48326758771331,1,1,0,0,1.0,False
IMX,2026-09-06T21:22:39.239Z,2026-09-06T21:22:39.239793Z,2026-09-06T23:22:39.239793Z,7646.844198,7,0.13225,7.56143667296703,8.762490392006145,3.336,37.3134328358209,7.56143667296703,64.70498076344188,5,1,3,1,0.6,False
INIT,2026-09-06T21:22:45.366Z,2026-09-06T21:22:45.366859Z,2026-09-06T23:22:45.366859Z,7640.717132,7,0.06772,11.813349084464964,6.261234272019179,0.436,28.73134328358209,11.813349084464964,33.20376978115985,0,0,0,0,,False
KERNEL,2026-09-06T21:22:51.010Z,2026-09-06T21:22:51.011080Z,2026-09-06T23:22:51.011080Z,7635.072911,7,0.04095,24.42002442002512,4.166666666666666,1.241,33.582089552238806,24.42002442002512,64.3128802864371,0,0,0,0,,False
PNUT,2026-09-06T21:23:37.485Z,2026-09-06T21:23:37.485811Z,2026-09-06T23:23:37.485811Z,7588.59818,7,0.0509,39.292730844793475,6.311637080867853,-1.17,39.17910447761194,39.292730844793475,62.34205249916993,0,0,0,0,,False
RED,2026-09-06T21:23:44.884Z,2026-09-06T21:23:44.885428Z,2026-09-06T23:23:44.885428Z,7581.198563,7,0.12745,23.5386426049427,4.918032786885247,0.708,29.104477611940297,23.5386426049427,58.70211513272669,1,1,0,0,-1.0,False
REZ,2026-09-06T21:23:51.624Z,2026-09-06T21:23:51.624963Z,2026-09-06T23:23:51.624963Z,7574.459028,7,0.0031130000000000003,12.84934147124991,8.682926829268288,-1.663,30.223880597014926,12.84934147124991,59.42735133305977,0,0,0,0,,False
SAGA,2026-09-06T21:24:06.611Z,2026-09-06T21:24:06.612054Z,2026-09-06T23:24:06.612054Z,7559.471937,7,0.015485,6.457862447529604,3.2299741602067096,-0.96,40.298507462686565,6.457862447529604,56.55040503364383,0,0,0,0,,False
SSV,2026-09-06T21:24:17.337Z,2026-09-06T21:24:17.337916Z,2026-09-06T23:24:17.337916Z,7548.746075,7,3.019,33.12355084465131,6.214309707759492,-2.04,27.611940298507463,33.12355084465131,63.64263556623875,0,0,0,0,,False
THETA,2026-09-06T21:24:25.050Z,2026-09-06T21:24:25.051190Z,2026-09-06T23:24:25.051190Z,7541.032801,7,0.1866,21.436227224007702,4.694323144104802,2.461,32.08955223880597,21.436227224007702,69.9090583454017,0,0,0,0,,False
WAL,2026-09-06T21:24:38.418Z,2026-09-06T21:24:38.419050Z,2026-09-06T23:24:38.419050Z,7527.664941,7,0.02805,35.65062388591779,5.0179211469534115,2.952,37.6865671641791,35.65062388591779,73.39179963998882,0,0,0,0,,False
WCT,2026-09-06T21:24:45.410Z,2026-09-06T21:24:45.410759Z,2026-09-06T23:24:45.410759Z,7520.673232,7,0.04002,9.995002498750218,2.222222222222219,0.969,26.119402985074625,9.995002498750218,49.19685642978885,0,0,0,0,,False
1000SATS,2026-09-06T21:30:33.394Z,2026-09-06T21:30:33.395147Z,2026-09-06T23:30:33.395147Z,7772.479375,7,1.161e-05,17.226528854435664,6.52173913043478,0.174,24.253731343283583,17.226528854435664,61.733620765623044,12,5,4,3,0.4167,False
1INCH,2026-09-06T21:30:40.960Z,2026-09-06T21:30:40.960827Z,2026-09-06T23:30:40.960827Z,7764.913695,7,0.09755,30.753459764222935,3.002070393374741,2.114,15.671641791044776,30.753459764222935,63.38383802490034,0,0,0,0,,False
AIXBT,2026-09-06T21:30:46.590Z,2026-09-06T21:30:46.590603Z,2026-09-06T23:30:46.590603Z,7759.283919,7,0.021935,31.912468657397135,4.618198445358941,-0.726,22.761194029850746,31.912468657397135,35.48652275381018,0,0,0,0,,False
API3,2026-09-06T21:30:53.305Z,2026-09-06T21:30:53.305745Z,2026-09-06T23:30:53.305745Z,7752.568777,7,0.2366,16.90617075232508,3.3703071672355027,0.128,20.149253731343283,16.90617075232508,49.37710891223676,0,0,0,0,,True
AUCTION,2026-09-06T21:31:01.468Z,2026-09-06T21:31:01.468598Z,2026-09-06T23:31:01.468598Z,7744.405924,7,3.4805,25.858353684815103,3.552708211997667,0.292,14.552238805970148,25.858353684815103,58.9557005909223,0,0,0,0,,False
BANANA,2026-09-06T21:31:09.341Z,2026-09-06T21:31:09.341756Z,2026-09-06T23:31:09.341756Z,7736.532766,7,4.0645,7.380981670562465,5.394704281118534,-0.859,23.507462686567163,7.380981670562465,60.60803886913594,0,0,0,0,,False
BARD,2026-09-06T21:31:21.370Z,2026-09-06T21:31:21.370577Z,2026-09-06T23:31:21.370577Z,7724.503945,7,0.12925,38.6847195357834,3.686274509803907,0.95,17.53731343283582,38.6847195357834,32.73279437183714,0,0,0,0,,False
BLUR,2026-09-06T21:31:29.010Z,2026-09-06T21:31:29.010984Z,2026-09-06T23:31:29.010984Z,7716.863538,7,0.017615,17.03093954016394,7.1264367816091845,3.819,11.567164179104477,17.03093954016394,56.700355624094925,0,0,0,0,,False
CETUS,2026-09-06T21:31:36.372Z,2026-09-06T21:31:36.372749Z,2026-09-06T23:31:36.372749Z,7709.501773,7,0.023504999999999998,12.763241863432793,3.9638087031451987,-1.611,22.388059701492537,12.763241863432793,61.538480728786084,0,0,0,0,,False
COW,2026-09-06T21:31:43.366Z,2026-09-06T21:31:43.367162Z,2026-09-06T23:31:43.367162Z,7702.50736,7,0.13365,22.446689113355387,4.157218442932733,0.685,25.37313432835821,22.446689113355387,40.19318261378286,0,0,0,0,,False
DYM,2026-09-06T21:31:51.235Z,2026-09-06T21:31:51.235961Z,2026-09-06T23:31:51.235961Z,7694.638561,7,0.01553,12.878300064390976,3.2552083333333246,0.458,13.059701492537313,12.878300064390976,55.43062838550515,0,0,0,0,,False
EUL,2026-09-06T21:31:56.908Z,2026-09-06T21:31:56.908192Z,2026-09-06T23:31:56.908192Z,7688.96633,7,1.332,30.030030030030055,2.601377199693958,-0.684,11.940298507462687,30.030030030030055,57.967326598630905,0,0,0,0,,False
HMSTR,2026-09-06T21:32:23.352Z,2026-09-06T21:32:23.352867Z,2026-09-06T23:32:23.352867Z,7662.521655,7,0.00017695,5.651313930488977,4.209328782707617,-2.98,10.82089552238806,5.651313930488977,54.553785898468895,0,0,0,0,,False
HOLO,2026-09-06T21:32:31.811Z,2026-09-06T21:32:31.811756Z,2026-09-06T23:32:31.811756Z,7654.062766,7,0.0684,29.23976608187218,2.814814814814813,2.273,13.805970149253731,29.23976608187218,68.2934567091675,3,2,0,1,1.0,False
KAIA,2026-09-06T21:32:39.871Z,2026-09-06T21:32:39.871885Z,2026-09-06T23:32:39.871885Z,7646.002637,7,0.03145,31.79650238473859,3.559870550161813,0.0,21.26865671641791,31.79650238473859,59.24115032603333,0,0,0,0,,False
MANTA,2026-09-06T21:33:11.351Z,2026-09-06T21:33:11.351634Z,2026-09-06T23:33:11.351634Z,7614.522888,7,0.062275,14.452027298273755,3.4427024406012605,0.88,16.044776119402986,14.452027298273755,63.31350000500627,0,0,0,0,,False
MANTRA,2026-09-06T21:33:17.822Z,2026-09-06T21:33:17.822327Z,2026-09-06T23:33:17.822327Z,7608.052195,7,0.004505,22.197558268591475,3.401360544217686,-1.342,23.134328358208954,22.197558268591475,56.304845320514254,0,0,0,0,,False
MINA,2026-09-06T21:33:25.180Z,2026-09-06T21:33:25.180416Z,2026-09-06T23:33:25.180416Z,7600.694106,7,0.0774,25.83979328165449,4.269081500646846,3.898,21.64179104477612,25.83979328165449,60.589446898276115,3,3,0,0,1.0,False
PARTI,2026-09-06T21:33:46.860Z,2026-09-06T21:33:46.861281Z,2026-09-06T23:33:46.861281Z,7579.013241,7,0.02565,38.986354775828225,4.330708661417324,-1.931,17.16417910447761,38.986354775828225,55.601760678692486,0,0,0,0,,False
RESOLV,2026-09-06T21:34:06.218Z,2026-09-06T21:34:06.218560Z,2026-09-06T23:34:06.218560Z,7559.655962,7,0.01829,10.93493712411109,2.9265599116510366,1.57,19.776119402985074,10.93493712411109,66.79371582606704,0,0,0,0,,False
TOWNS,2026-09-06T21:34:31.320Z,2026-09-06T21:34:31.321397Z,2026-09-06T23:34:31.321397Z,7534.553125,7,0.002125,47.05882352941188,4.694835680751186,-2.74,17.91044776119403,47.05882352941188,54.91803338356032,1,0,1,0,-1.0,False
UMA,2026-09-06T21:34:38.986Z,2026-09-06T21:34:38.987544Z,2026-09-06T23:34:38.987544Z,7526.886978,7,0.3965,25.2206809583859,5.076142131979686,0.254,20.52238805970149,25.2206809583859,54.40889298351786,0,0,0,0,,False
USUAL,2026-09-06T21:34:44.913Z,2026-09-06T21:34:44.913766Z,2026-09-06T23:34:44.913766Z,7520.960756,7,0.011905,8.39983200335959,6.451612903225808,1.203,12.686567164179104,8.39983200335959,69.13685236316604,0,0,0,0,,False
1MBABYDOGE,2026-09-06T21:40:31.554Z,2026-09-06T21:40:31.555133Z,2026-09-06T23:40:31.555133Z,7774.115767,7,0.00041184999999999995,16.996479300716697,3.4915170887632074,-1.597,2.985074626865672,16.996479300716697,57.38130478828198,0,0,0,0,,False
ACT,2026-09-06T21:40:44.360Z,2026-09-06T21:40:44.361080Z,2026-09-06T23:40:44.361080Z,7761.30982,7,0.011009999999999999,36.3306085376931,3.916211293260472,-1.17,4.104477611940299,36.3306085376931,56.89528320211917,1,1,0,0,1.0,False
ANIME,2026-09-06T21:40:52.123Z,2026-09-06T21:40:52.124210Z,2026-09-06T23:40:52.124210Z,7753.54669,7,0.0029249999999999996,34.18803418803429,3.1141868512110658,0.0,9.701492537313433,34.18803418803429,59.797260842028216,0,0,0,0,,False
ARB,2026-09-06T21:40:57.627Z,2026-09-06T21:40:57.627395Z,2026-09-06T23:40:57.627395Z,7748.043505,7,0.1895,10.55408970976137,27.929901423877318,17.428,98.88059701492537,10.55408970976137,71.54178680421995,24,19,4,1,0.5833,False
AT,2026-09-06T21:41:05.306Z,2026-09-06T21:41:05.307064Z,2026-09-06T23:41:05.307064Z,7740.363836,7,0.1575,25.396825396826124,5.377720870678629,4.482,6.7164179104477615,25.396825396826124,67.32447897971942,0,0,0,0,,False
BEAMX,2026-09-06T21:41:12.237Z,2026-09-06T21:41:12.238218Z,2026-09-06T23:41:12.238218Z,7733.432682,7,0.0016045,56.09224057338668,2.6858213616489737,2.105,8.582089552238806,56.09224057338668,67.4188122415712,0,0,0,0,,False
BNB,2026-09-06T21:41:17.605Z,2026-09-06T21:41:17.605750Z,2026-09-06T23:41:17.605750Z,7728.06515,7,754.095,0.13260928662822197,4.466382070437569,-3.111,97.38805970149254,0.13260928662822197,55.38001209706087,10,2,6,2,0.1,False
BTC,2026-09-06T21:41:29.966Z,2026-09-06T21:41:29.966972Z,2026-09-06T23:41:29.966972Z,7715.703928,7,80522.595,0.0012418874490213866,1.119932262646682,0.032,99.6268656716418,0.0012418874490213866,66.52279487171315,34,15,9,10,0.0588,False
C,2026-09-06T21:41:36.884Z,2026-09-06T21:41:36.885121Z,2026-09-06T23:41:36.885121Z,7708.785779,7,0.061149999999999996,16.353229762877504,3.2626427406199054,1.155,4.850746268656716,16.353229762877504,35.817077617798525,0,0,0,0,,False
CGPT,2026-09-06T21:41:44.952Z,2026-09-06T21:41:44.952917Z,2026-09-06T23:41:44.952917Z,7700.717983,7,0.021554999999999998,23.196474135930394,8.843850760018416,4.879,8.208955223880597,23.196474135930394,53.65440292098299,0,0,0,0,,False
CKB,2026-09-06T21:41:51.936Z,2026-09-06T21:41:51.936649Z,2026-09-06T23:41:51.936649Z,7693.734251,7,0.001119,17.87310098301905,4.418394950405771,0.635,10.074626865671641,17.87310098301905,61.77288461556959,0,0,0,0,,False
ETH,2026-09-06T21:42:13.074Z,2026-09-06T21:42:13.075114Z,2026-09-06T23:42:13.075114Z,7672.595786,7,2521.665,0.03965633817425502,2.535805395416101,0.452,100.0,0.03965633817425502,62.97056188590499,44,27,12,5,0.5227,False
EUR,2026-09-06T21:42:17.050Z,2026-09-06T21:42:17.051020Z,2026-09-06T23:42:17.051020Z,7668.61988,7,1.1611500000000001,0.8612151746112817,0.0861474844934433,0.034,96.64179104477611,0.8612151746112817,66.613727477404,0,0,0,0,,False
EURI,2026-09-06T21:42:21.854Z,2026-09-06T21:42:21.854437Z,2026-09-06T23:42:21.854437Z,7663.816463,7,1.15995,16.38001638001649,0.4309230371455566,0.017,0.746268656716418,16.38001638001649,57.94157551078316,0,0,0,0,,False
GMT,2026-09-06T21:42:29.734Z,2026-09-06T21:42:29.734439Z,2026-09-06T23:42:29.734439Z,7655.936461,7,0.00758,26.3852242744064,2.540106951871659,0.0,4.477611940298507,26.3852242744064,40.646276557278036,2,0,1,1,0.0,False
HAEDAL,2026-09-06T21:42:36.763Z,2026-09-06T21:42:36.763427Z,2026-09-06T23:42:36.763427Z,7648.907473,7,0.018680000000000002,21.413276231264366,2.53779697624191,-0.377,8.955223880597014,21.413276231264366,42.45330001894207,0,0,0,0,,True
NEAR,2026-09-06T21:42:48.503Z,2026-09-06T21:42:48.503469Z,2026-09-06T23:42:48.503469Z,7637.167431,7,2.4405,4.097520999794672,13.38028169014086,10.078,96.26865671641791,4.097520999794672,79.93578236032938,16,9,6,1,0.625,False
NEWT,2026-09-06T21:42:55.792Z,2026-09-06T21:42:55.792419Z,2026-09-06T23:42:55.792419Z,7629.878481,7,0.04513,22.15820961666207,2.770330652368181,1.774,7.462686567164179,22.15820961666207,66.89891920961767,0,0,0,0,,False
NXPC,2026-09-06T21:43:02.627Z,2026-09-06T21:43:02.627582Z,2026-09-06T23:43:02.627582Z,7623.043318,7,0.20935,23.883448770002406,1.7874396135265609,-0.672,1.8656716417910448,23.883448770002406,33.72501750298205,0,0,0,0,,True
PROVE,2026-09-06T21:43:14.897Z,2026-09-06T21:43:14.897554Z,2026-09-06T23:43:14.897554Z,7610.773346,7,0.18105,16.57000828500385,1.5546918378678494,-0.166,2.2388059701492535,16.57000828500385,39.47539306415735,1,0,0,1,1.0,False
SHELL,2026-09-06T21:43:22.317Z,2026-09-06T21:43:22.317771Z,2026-09-06T23:43:22.317771Z,7603.353129,7,0.023149999999999997,43.19654427645762,6.550218340611344,-0.866,6.343283582089552,43.19654427645762,39.30706356544341,1,1,0,0,1.0,False
SOL,2026-09-06T21:43:28.418Z,2026-09-06T21:43:28.418926Z,2026-09-06T23:43:28.418926Z,7597.251974,7,106.595,0.9381303062986919,4.231097618821738,1.914,99.25373134328358,0.9381303062986919,69.64804920175177,32,23,5,4,0.7188,False
STO,2026-09-06T21:43:35.730Z,2026-09-06T21:43:35.730248Z,2026-09-06T23:43:35.730248Z,7589.940652,7,0.042249999999999996,23.668639053253475,1.9138755980861295,0.481,9.328358208955224,23.668639053253475,61.27381392293259,0,0,0,0,,False
SUI,2026-09-06T21:43:40.976Z,2026-09-06T21:43:40.976300Z,2026-09-06T23:43:40.976300Z,7584.6946,7,0.81145,1.2323618214306364,3.6799799045465953,-0.995,97.01492537313433,1.2323618214306364,59.43030480043861,8,4,4,0,0.25,False
SXT,2026-09-06T21:43:48.373Z,2026-09-06T21:43:48.373896Z,2026-09-06T23:43:48.373896Z,7577.297004,7,0.00927,21.574973031284703,3.131991051454147,0.224,5.223880597014926,21.574973031284703,60.839492747444524,0,0,0,0,,False
TURBO,2026-09-06T21:43:55.913Z,2026-09-06T21:43:55.913481Z,2026-09-06T23:43:55.913481Z,7569.757419,7,0.0010249999999999999,19.512195121951695,3.1840796019900406,-0.396,7.835820895522388,19.512195121951695,35.94810577072815,1,0,1,0,1.0,False
TURTLE,2026-09-06T21:44:02.828Z,2026-09-06T21:44:02.828633Z,2026-09-06T23:44:02.828633Z,7562.842267,7,0.0421,47.50593824228,2.3923444976076578,-0.948,5.597014925373134,47.50593824228,45.72078537442414,0,0,0,0,,False
USD1,2026-09-06T21:44:07.117Z,2026-09-06T21:44:07.117686Z,2026-09-06T23:44:07.117686Z,7558.553214,7,0.99985,1.0001500225032653,0.0300030003000267,0.01,97.76119402985074,1.0001500225032653,73.64257175748206,0,0,0,0,,False
VANA,2026-09-06T21:44:15.474Z,2026-09-06T21:44:15.475230Z,2026-09-06T23:44:15.475230Z,7550.19567,7,0.95,42.10526315789478,2.23404255319148,0.858,3.3582089552238807,42.10526315789478,63.984088048599894,0,0,0,0,,True
VELODROME,2026-09-06T21:44:22.569Z,2026-09-06T21:44:22.569399Z,2026-09-06T23:44:22.569399Z,7543.101501,7,0.02534,63.14127861089204,3.843106180665605,0.718,1.492537313432836,63.14127861089204,45.005800264209384,0,0,0,0,,False
XRP,2026-09-06T21:44:28.208Z,2026-09-06T21:44:28.209100Z,2026-09-06T23:44:28.209100Z,7537.4618,7,1.42475,0.7018775223722687,2.518623625399084,-0.536,98.50746268656717,0.7018775223722687,54.741933480722984,28,16,12,0,0.4286,False
