symbol,snapshot_ts,meta_added_ts,meta_expires_ts,meta_duration_sec,meta_archive_schema_version,spot_mid,spot_spread_bps,spot_range_pct_24h,spot_ticker24_chg,derived_liq_global_pct,derived_spread_bps,score_final,sentiment_posts_total,sentiment_posts_pos,sentiment_posts_neu,sentiment_posts_neg,sentiment_mean_score,sentiment_is_silent
1MBABYDOGE,2026-07-11T21:53:06.937Z,2026-07-11T21:53:06.937308Z,2026-07-11T23:53:06.937308Z,7617.90927,7,0.00032245,15.50628004341628,16.471620830895265,15.123,70.07042253521126,15.50628004341628,72.52096932406795,0,0,0,0,,
APE,2026-07-11T21:53:20.749Z,2026-07-11T21:53:20.750069Z,2026-07-11T23:53:20.750069Z,7604.096509,7,0.15560000000000002,12.853470437018363,6.8441064638783295,-0.063,69.71830985915493,12.853470437018363,68.57249667932206,3,2,1,0,1.0,False
ATOM,2026-07-11T21:53:28.366Z,2026-07-11T21:53:28.367039Z,2026-07-11T23:53:28.367039Z,7596.479539,7,1.5805,6.32711167352034,1.933873986275742,0.818,67.6056338028169,6.32711167352034,71.81836285610946,61,16,41,4,0.1475,False
BIO,2026-07-11T21:53:44.716Z,2026-07-11T21:53:44.716290Z,2026-07-11T23:53:44.716290Z,7580.130288,7,0.028665,10.46572475143982,4.013605442176873,3.303,61.971830985915496,10.46572475143982,76.23743812058957,0,0,0,0,,
CAKE,2026-07-11T21:53:50.133Z,2026-07-11T21:53:50.133554Z,2026-07-11T23:53:50.133554Z,7574.713024,7,1.424,14.044943820224733,3.8647342995169116,3.648,71.47887323943662,14.044943820224733,68.77734211988205,0,0,0,0,,
CFX,2026-07-11T21:53:55.935Z,2026-07-11T21:53:55.935607Z,2026-07-11T23:53:55.935607Z,7568.910971,7,0.043789999999999996,4.567252797442152,5.935769656699893,5.318,61.61971830985915,4.567252797442152,53.776223912510154,0,0,0,0,,
EGLD,2026-07-11T21:54:09.202Z,2026-07-11T21:54:09.203200Z,2026-07-11T23:54:09.203200Z,7555.643378,7,2.915,34.305317324184514,4.1379310344827624,2.113,58.45070422535211,34.305317324184514,71.11921518335868,2,0,2,0,1.0,False
EIGEN,2026-07-11T21:54:16.298Z,2026-07-11T21:54:16.299034Z,2026-07-11T23:54:16.299034Z,7548.547544,7,0.22585,4.427717511622271,5.808080808080811,-0.042,70.4225352112676,4.427717511622271,64.02290176228652,1,1,0,0,1.0,False
ENSO,2026-07-11T21:54:23.484Z,2026-07-11T21:54:23.485221Z,2026-07-11T23:54:23.485221Z,7541.361357,7,0.6884999999999999,14.524328249818462,4.707560627674755,-0.426,58.80281690140845,14.524328249818462,51.18068292035545,0,0,0,0,,
ETHFI,2026-07-11T21:54:34.446Z,2026-07-11T21:54:34.447043Z,2026-07-11T23:54:34.447043Z,7530.399535,7,0.4135,24.183796856106433,8.139534883720925,5.392,70.77464788732394,24.183796856106433,67.28917844067007,3,2,1,0,1.0,False
FET,2026-07-11T21:54:44.759Z,2026-07-11T21:54:44.759644Z,2026-07-11T23:54:44.759644Z,7520.086934,7,0.15845,6.311139160617796,2.024539877300612,1.179,71.83098591549296,6.311139160617796,73.94302457253639,4,3,1,0,0.5,False
JTO,2026-07-11T21:54:53.503Z,2026-07-11T21:54:53.503622Z,2026-07-11T23:54:53.503622Z,7511.342956,7,0.59865,1.6704251231936689,4.378029079159919,-0.881,69.01408450704226,1.6704251231936689,50.49606856989303,3,3,0,0,0.3333,False
KITE,2026-07-11T21:55:07.954Z,2026-07-11T21:55:07.954862Z,2026-07-11T23:55:07.954862Z,7496.891716,7,0.11524999999999999,8.676789587852744,7.8380706287683015,-2.926,68.30985915492958,8.676789587852744,60.58787749478937,0,0,0,0,,
OP,2026-07-11T21:55:18.222Z,2026-07-11T21:55:18.222388Z,2026-07-11T23:55:18.222388Z,7486.62419,7,0.10175000000000001,9.82800982801011,4.045155221072448,2.31,67.25352112676056,9.82800982801011,71.57789451939807,14,9,5,0,0.5714,False
ORDI,2026-07-11T21:55:25.075Z,2026-07-11T21:55:25.075551Z,2026-07-11T23:55:25.075551Z,7479.771027,7,3.3595,8.929900282780514,3.1818181818181848,0.199,64.43661971830986,8.929900282780514,71.10739278993387,10,4,5,1,0.6,False
SNX,2026-07-11T21:56:00.655Z,2026-07-11T21:56:00.655527Z,2026-07-11T23:56:00.655527Z,7444.191051,7,0.2275,43.95604395604399,4.366812227074227,0.439,59.50704225352113,43.95604395604399,57.542256335022564,1,1,0,0,-1.0,False
STX,2026-07-11T21:56:08.795Z,2026-07-11T21:56:08.795851Z,2026-07-11T23:56:08.795851Z,7436.050727,7,0.17135,5.836008170410795,4.238258877434129,2.646,60.91549295774648,5.836008170410795,74.86901855360816,55,24,29,2,0.2364,False
TRB,2026-07-11T21:56:19.842Z,2026-07-11T21:56:19.843206Z,2026-07-11T23:56:19.843206Z,7425.003372,7,15.055,6.642311524410353,3.1948881789137378,0.708,59.859154929577464,6.642311524410353,71.45044380130678,0,0,0,0,,
W,2026-07-11T21:56:33.189Z,2026-07-11T21:56:33.189549Z,2026-07-11T23:56:33.189549Z,7411.657029,7,0.009705,10.303967027305092,6.930693069306941,3.272,63.732394366197184,10.303967027305092,63.30287091481378,5,0,4,1,0.6,False
ALT,2026-07-11T21:57:34.026Z,2026-07-11T21:57:34.027198Z,2026-07-11T23:57:34.027198Z,7350.81938,7,0.00642,31.15264797507796,3.058103975535163,-1.208,45.070422535211264,31.15264797507796,61.10540168941071,0,0,0,0,,
AR,2026-07-11T21:57:40.932Z,2026-07-11T21:57:40.933093Z,2026-07-11T23:57:40.933093Z,7343.913485,7,1.9695,5.077430820004518,1.946107784431134,1.11,56.690140845070424,5.077430820004518,68.68638897678444,1,1,0,0,1.0,False
BANANAS31,2026-07-11T21:57:49.042Z,2026-07-11T21:57:49.042949Z,2026-07-11T23:57:49.042949Z,7335.803629,7,0.007722,20.720020720020102,4.2030636789467,-1.3,57.74647887323944,20.720020720020102,71.87521396297582,0,0,0,0,,
BERA,2026-07-11T21:57:56.685Z,2026-07-11T21:57:56.685619Z,2026-07-11T23:57:56.685619Z,7328.160959,7,0.1965,50.89058524173033,1.9704433497536964,1.5,44.014084507042256,50.89058524173033,71.09361268033419,1,0,0,1,-1.0,False
FIL,2026-07-11T21:58:29.043Z,2026-07-11T21:58:29.043189Z,2026-07-11T23:58:29.043189Z,7295.803389,7,0.7705,12.978585334198584,1.5113350125944598,0.761,50.0,12.978585334198584,71.04760460630474,6,0,6,0,-0.3333,False
GIGGLE,2026-07-11T21:58:43.176Z,2026-07-11T21:58:43.176912Z,2026-07-11T23:58:43.176912Z,7281.669666,7,25.48,31.39717425431644,2.0610687022900733,1.119,47.53521126760563,31.39717425431644,72.87473121569117,1,1,0,0,1.0,False
HEI,2026-07-11T21:58:55.758Z,2026-07-11T21:58:55.758276Z,2026-07-11T23:58:55.758276Z,7269.088302,7,0.10289999999999999,19.436345966957422,5.452775073028246,-3.477,55.985915492957744,19.436345966957422,56.133815185296946,1,1,0,0,1.0,False
RSR,2026-07-11T22:00:18.725Z,2026-07-11T22:00:18.725406Z,2026-07-12T00:00:18.725406Z,7784.808805,7,0.0012504999999999999,7.996801279487532,3.3489096573208776,0.548,48.23943661971831,7.996801279487532,65.80622569813335,0,0,0,0,,
SAGA,2026-07-11T22:00:23.964Z,2026-07-11T22:00:23.965144Z,2026-07-12T00:00:23.965144Z,7779.569067,7,0.012635,7.914523149979891,3.1866464339908966,0.457,51.056338028169016,7.914523149979891,69.9235640215682,0,0,0,0,,
UMA,2026-07-11T22:01:08.987Z,2026-07-11T22:01:08.987231Z,2026-07-12T00:01:08.987231Z,7734.54698,7,0.383,52.21932114882511,15.443037974683543,4.775,49.647887323943664,52.21932114882511,69.26009472373116,0,0,0,0,,
CYBER,2026-07-11T22:07:33.248Z,2026-07-11T22:07:33.248452Z,2026-07-12T00:07:33.248452Z,7350.285759,7,0.3685,27.137042062415222,9.210526315789481,7.955,36.267605633802816,27.137042062415222,52.810732656864595,1,1,0,0,1.0,False
DASH,2026-07-11T22:07:38.444Z,2026-07-11T22:07:38.444977Z,2026-07-12T00:07:38.444977Z,7345.089234,7,33.735,20.749962946494822,2.7603870233352272,0.63,30.985915492957748,20.749962946494822,69.2991726623675,3,1,1,1,0.3333,False
F,2026-07-11T22:07:50.856Z,2026-07-11T22:07:50.857182Z,2026-07-12T00:07:50.857182Z,7332.677029,7,0.003385,29.54209748892051,8.33333333333333,-4.658,35.2112676056338,29.54209748892051,45.387630312951295,0,0,0,0,,
GPS,2026-07-11T22:08:04.332Z,2026-07-11T22:08:04.332678Z,2026-07-12T00:08:04.332678Z,7319.201533,7,0.010165,9.83767830791893,6.461232604373753,-1.373,39.08450704225352,9.83767830791893,44.62035417156611,0,0,0,0,,
LA,2026-07-11T22:08:33.153Z,2026-07-11T22:08:33.153583Z,2026-07-12T00:08:33.153583Z,7290.380628,7,0.05985,50.125313283207134,7.792207792207802,3.704,38.732394366197184,50.125313283207134,41.826303494416976,0,0,0,0,,
LINEA,2026-07-11T22:08:45.099Z,2026-07-11T22:08:45.099996Z,2026-07-12T00:08:45.099996Z,7278.434215,7,0.0023785,4.204330460374743,2.19601464009761,0.081,43.66197183098591,4.204330460374743,63.716499176019965,0,0,0,0,,
NEO,2026-07-11T22:09:07.357Z,2026-07-11T22:09:07.357279Z,2026-07-12T00:09:07.357279Z,7256.176932,7,1.9465,5.137426149499676,2.510040160642561,1.788,34.859154929577464,5.137426149499676,71.04097001276216,0,0,0,0,,
OSMO,2026-07-11T22:09:16.757Z,2026-07-11T22:09:16.757366Z,2026-07-12T00:09:16.757366Z,7246.776845,7,0.03515,28.449502133713473,5.33707865168539,1.136,41.54929577464789,28.449502133713473,66.05782486625291,0,0,0,0,,
RAY,2026-07-11T22:09:30.920Z,2026-07-11T22:09:30.920388Z,2026-07-12T00:09:30.920388Z,7232.613823,7,0.67035,7.4587901842312965,1.686437044447625,1.127,33.098591549295776,7.4587901842312965,68.1134045279124,19,3,12,4,0.5789,False
SAPIEN,2026-07-11T22:09:49.654Z,2026-07-11T22:09:49.654723Z,2026-07-12T00:09:49.654723Z,7213.879488,7,0.0754,26.525198938990965,6.914212548015368,2.359,38.028169014084504,26.525198938990965,52.50258656181555,0,0,0,0,,
SHELL,2026-07-11T22:09:57.289Z,2026-07-11T22:09:57.289457Z,2026-07-12T00:09:57.289457Z,7206.244754,7,0.02135,46.83840749414491,3.1674208144796343,0.913,31.690140845070424,46.83840749414491,63.97735918925351,0,0,0,0,,
SPK,2026-07-11T22:10:10.530Z,2026-07-11T22:10:10.530966Z,2026-07-12T00:10:10.530966Z,7793.057273,7,0.0169735,12.37222729549014,1.3949988423246016,-1.02,42.25352112676056,12.37222729549014,58.13651382953639,68,22,40,6,0.3235,False
TNSR,2026-07-11T22:10:18.152Z,2026-07-11T22:10:18.152530Z,2026-07-12T00:10:18.152530Z,7785.435709,7,0.032,62.49999999999962,3.658536585365852,-1.502,30.633802816901408,62.49999999999962,48.29658820624849,1,1,0,0,1.0,False
TST,2026-07-11T22:10:23.486Z,2026-07-11T22:10:23.487120Z,2026-07-12T00:10:23.487120Z,7780.101119,7,0.01023,39.10068426197469,4.971319311663476,3.667,37.67605633802817,39.10068426197469,60.736978234796574,2,0,2,0,1.0,False
USUAL,2026-07-11T22:10:30.275Z,2026-07-11T22:10:30.275190Z,2026-07-12T00:10:30.275190Z,7773.313049,7,0.009205,10.863661053774681,9.957627118644066,5.711,34.50704225352113,10.863661053774681,67.72998418706847,1,0,1,0,1.0,False
BB,2026-07-11T22:16:48.560Z,2026-07-11T22:16:48.560642Z,2026-07-12T00:16:48.560642Z,7395.027597,7,0.01915,52.21932114882475,3.0612244897959178,2.083,17.6056338028169,52.21932114882475,67.27003915130383,0,0,0,0,,
BOME,2026-07-11T22:17:01.593Z,2026-07-11T22:17:01.594071Z,2026-07-12T00:17:01.594071Z,7381.994168,7,0.0004112,4.863813229572103,4.012272834552745,1.998,25.35211267605634,4.863813229572103,67.46479167029563,2,1,0,1,1.0,False
EDEN,2026-07-11T22:17:30.368Z,2026-07-11T22:17:30.368355Z,2026-07-12T00:17:30.368355Z,7353.219884,7,0.042480000000000004,18.83239171374851,3.107476635514014,1.47,25.0,18.83239171374851,52.23973693294667,0,0,0,0,,
ENS,2026-07-11T22:17:36.702Z,2026-07-11T22:17:36.702727Z,2026-07-12T00:17:36.702727Z,7346.885512,7,4.125,24.242424242423727,1.4218009478672893,0.957,27.816901408450704,24.242424242423727,70.30268341863756,0,0,0,0,,
FLUX,2026-07-11T22:18:03.820Z,2026-07-11T22:18:03.820796Z,2026-07-12T00:18:03.820796Z,7319.767443,7,0.04475,22.346368715084438,7.526881720430099,3.563,19.014084507042252,22.346368715084438,36.49929471808577,0,0,0,0,,
MET,2026-07-11T22:18:28.908Z,2026-07-11T22:18:28.908967Z,2026-07-12T00:18:28.908967Z,7294.679272,7,0.15184999999999998,19.756338491932482,2.9187817258883206,1.35,25.704225352112676,19.756338491932482,74.25688282255997,0,0,0,0,,
NIL,2026-07-11T22:18:43.006Z,2026-07-11T22:18:43.006834Z,2026-07-12T00:18:43.006834Z,7280.581405,7,0.034445,20.322252866887407,2.6988636363636345,-1.676,19.366197183098592,20.322252866887407,59.227715924280986,0,0,0,0,,
PEOPLE,2026-07-11T22:18:53.964Z,2026-07-11T22:18:53.964943Z,2026-07-12T00:18:53.964943Z,7269.623296,7,0.005485,18.231540565178594,4.456327985739754,2.372,19.718309859154928,18.231540565178594,64.17542250977432,0,0,0,0,,
QNT,2026-07-11T22:19:00.991Z,2026-07-11T22:19:00.991244Z,2026-07-12T00:19:00.991244Z,7262.596995,7,66.025,19.689511548657276,3.0988023952095918,-2.339,29.225352112676056,19.689511548657276,59.63928240747958,69,20,47,2,0.0725,False
SIGN,2026-07-11T22:19:15.439Z,2026-07-11T22:19:15.440007Z,2026-07-12T00:19:15.440007Z,7248.148232,7,0.00879,22.753128555177383,5.752212389380527,3.908,26.760563380281692,22.753128555177383,69.23287850789703,1,1,0,0,1.0,False
TOWNS,2026-07-11T22:19:28.591Z,2026-07-11T22:19:28.591708Z,2026-07-12T00:19:28.591708Z,7234.996531,7,0.001955,51.1508951406651,2.487562189054733,0.5,23.943661971830984,51.1508951406651,63.13352331281557,0,0,0,0,,
YB,2026-07-11T22:19:47.053Z,2026-07-11T22:19:47.053771Z,2026-07-12T00:19:47.053771Z,7216.534468,7,0.07625000000000001,13.11475409836103,9.33503836317134,1.691,22.887323943661972,13.11475409836103,63.779810384128204,0,0,0,0,,
ZKC,2026-07-11T22:19:58.350Z,2026-07-11T22:19:58.351028Z,2026-07-12T00:19:58.351028Z,7205.237211,7,0.04455,22.446689113356424,2.2172949002217313,1.577,28.52112676056338,22.446689113356424,68.82475256531004,0,0,0,0,,
1000CAT,2026-07-11T22:25:38.796Z,2026-07-11T22:25:38.796414Z,2026-07-12T00:25:38.796414Z,7464.895638,7,0.001315,76.04562737642605,2.2388059701492593,0.752,5.985915492957746,76.04562737642605,55.873541954701516,13,7,4,2,0.6923,False
A,2026-07-11T22:25:45.943Z,2026-07-11T22:25:45.943665Z,2026-07-12T00:25:45.943665Z,7457.748387,7,0.0746,80.42895442359107,6.275033377837129,-2.347,10.211267605633802,80.42895442359107,51.25708543562211,0,0,0,0,,
HAEDAL,2026-07-11T22:27:00.685Z,2026-07-11T22:27:00.685407Z,2026-07-12T00:27:00.685407Z,7383.006645,7,0.01649,12.128562765311816,1.7783046828690081,-0.178,10.56338028169014,12.128562765311816,65.2441244198751,0,0,0,0,,
HIVE,2026-07-11T22:27:08.936Z,2026-07-11T22:27:08.936914Z,2026-07-12T00:27:08.936914Z,7374.755138,7,0.04945,20.222446916077423,3.7773359840954255,2.028,5.28169014084507,20.222446916077423,46.957713055805264,0,0,0,0,,
KERNEL,2026-07-11T22:27:28.497Z,2026-07-11T22:27:28.497372Z,2026-07-12T00:27:28.497372Z,7355.19468,7,0.04015,24.906600249066717,1.694915254237286,1.225,14.788732394366198,24.906600249066717,66.43578983221451,0,0,0,0,,
MAGIC,2026-07-11T22:27:46.973Z,2026-07-11T22:27:46.973523Z,2026-07-12T00:27:46.973523Z,7336.718529,7,0.04265,70.33997655333991,2.040816326530608,1.848,2.464788732394366,70.33997655333991,67.31522374320096,69,25,36,8,0.5362,False
ONT,2026-07-11T22:28:10.556Z,2026-07-11T22:28:10.557153Z,2026-07-12T00:28:10.557153Z,7313.134899,7,0.04571,13.126230584118243,2.3752969121140226,1.557,13.380281690140846,13.126230584118243,55.563765594619156,14,4,9,1,0.2857,False
PIXEL,2026-07-11T22:28:17.717Z,2026-07-11T22:28:17.718052Z,2026-07-12T00:28:17.718052Z,7305.974,7,0.0046300000000000004,43.19654427645799,2.9045643153526868,0.0,13.028169014084508,43.19654427645799,46.898313681649505,63,15,36,12,-0.1905,False
PROVE,2026-07-11T22:28:23.244Z,2026-07-11T22:28:23.244466Z,2026-07-12T00:28:23.244466Z,7300.447586,7,0.2015,9.92555831265537,0.9905894006934134,0.099,3.8732394366197185,9.92555831265537,45.799902399310035,0,0,0,0,,
RED,2026-07-11T22:28:30.717Z,2026-07-11T22:28:30.717227Z,2026-07-12T00:28:30.717227Z,7292.974825,7,0.11345,26.443367122080968,3.900709219858157,2.545,15.140845070422536,26.443367122080968,71.51666828192042,0,0,0,0,,
SUSHI,2026-07-11T22:28:54.941Z,2026-07-11T22:28:54.942252Z,2026-07-12T00:28:54.942252Z,7268.7498,7,0.16365000000000002,54.99541704857831,3.590347263095935,2.721,6.690140845070423,54.99541704857831,58.29539620956409,0,0,0,0,,
VANA,2026-07-11T22:29:08.794Z,2026-07-11T22:29:08.794578Z,2026-07-12T00:29:08.794578Z,7254.897474,7,1.189,16.820857863751066,3.4883720930232593,-2.352,8.450704225352112,16.820857863751066,39.41757373043115,0,0,0,0,,
VELODROME,2026-07-11T22:29:16.719Z,2026-07-11T22:29:16.719891Z,2026-07-12T00:29:16.719891Z,7246.972161,7,0.021225,32.97997644287426,3.3560090702947734,3.327,7.042253521126761,32.97997644287426,55.324215582828565,0,0,0,0,,
AAVE,2026-07-11T22:35:10.055Z,2026-07-11T22:35:10.055296Z,2026-07-12T00:35:10.055296Z,7493.395059,7,97.525,3.0761343245322874,7.611910865706959,4.621,94.71830985915493,3.0761343245322874,66.80037241370367,11,7,4,0,0.6364,False
ADA,2026-07-11T22:35:16.444Z,2026-07-11T22:35:16.444641Z,2026-07-12T00:35:16.444641Z,7487.005714,7,0.16355,6.114338122897522,5.023364485981307,2.576,95.4225352112676,6.114338122897522,51.41484409516234,35,15,18,2,0.5714,False
BNB,2026-07-11T22:35:33.119Z,2026-07-11T22:35:33.119315Z,2026-07-12T00:35:33.119315Z,7470.33104,7,570.845,0.17517890145294968,1.7246424206957058,0.952,97.53521126760563,0.17517890145294968,66.00914460093101,28,15,12,1,0.8929,False
COTI,2026-07-11T22:35:44.525Z,2026-07-11T22:35:44.525546Z,2026-07-12T00:35:44.525546Z,7458.924809,7,0.00805,24.844720496893395,2.195121951219507,-0.122,0.352112676056338,24.844720496893395,57.029036445010746,1,1,0,0,1.0,False
ENA,2026-07-11T22:35:58.127Z,2026-07-11T22:35:58.127339Z,2026-07-12T00:35:58.127339Z,7445.323016,7,0.07944999999999999,12.586532410321317,5.054151624548731,3.875,93.66197183098592,12.586532410321317,67.60640660681771,21,20,1,0,0.9048,False
HMSTR,2026-07-11T22:36:18.876Z,2026-07-11T22:36:18.877027Z,2026-07-12T00:36:18.877027Z,7424.573328,7,0.00020225,4.944375772558834,21.8011811023622,1.549,89.08450704225352,4.944375772558834,55.2298387668988,2,1,1,0,1.0,False
LTC,2026-07-11T22:36:29.673Z,2026-07-11T22:36:29.673588Z,2026-07-12T00:36:29.673588Z,7413.776767,7,44.435,2.2504782266227097,2.046204620462045,2.02,89.43661971830986,2.2504782266227097,60.21510496677334,38,26,12,0,0.7895,False
SOL,2026-07-11T22:37:00.900Z,2026-07-11T22:37:00.900949Z,2026-07-12T00:37:00.900949Z,7382.549406,7,75.845,1.3184784758376826,1.803299654687296,0.45,98.59154929577464,1.3184784758376826,47.10862131755806,32,19,11,2,0.7188,False
SYRUP,2026-07-11T22:37:16.192Z,2026-07-11T22:37:16.192331Z,2026-07-12T00:37:16.192331Z,7367.258024,7,0.19095,5.236973029589774,8.540372670807447,5.747,88.38028169014085,5.236973029589774,69.2129749655814,0,0,0,0,,
USDE,2026-07-11T22:37:40.690Z,2026-07-11T22:37:40.691268Z,2026-07-12T00:37:40.691268Z,7342.759087,7,1.00015,0.9998500224965152,8.228354329134167,0.07,98.94366197183099,0.9998500224965152,68.95827103719374,1,0,1,0,1.0,False
XLM,2026-07-11T22:37:55.317Z,2026-07-11T22:37:55.317910Z,2026-07-12T00:37:55.317910Z,7328.132445,7,0.18355,5.4481067828938565,2.2904737116085307,1.159,92.95774647887323,5.4481067828938565,52.32325086056072,13,12,1,0,1.0,False
XRP,2026-07-11T22:38:05.727Z,2026-07-11T22:38:05.728026Z,2026-07-12T00:38:05.728026Z,7317.722329,7,1.0911499999999998,0.9164642808045548,1.5704926859912114,0.823,97.1830985915493,0.9164642808045548,49.29811858250763,37,22,12,3,0.6486,False
ZRO,2026-07-11T22:38:17.656Z,2026-07-11T22:38:17.657016Z,2026-07-12T00:38:17.657016Z,7305.793339,7,0.9075,11.019283746556484,6.2906724511930525,1.319,90.49295774647888,11.019283746556484,61.918534007860494,0,0,0,0,,
CRV,2026-07-11T22:50:19.091Z,2026-07-11T22:50:19.092055Z,2026-07-12T00:50:19.092055Z,7784.70475,7,0.20715,4.827419744146222,5.926979611190142,1.786,82.04225352112677,4.827419744146222,52.8208655810767,0,0,0,0,,
DOT,2026-07-11T22:50:25.035Z,2026-07-11T22:50:25.036106Z,2026-07-12T00:50:25.036106Z,7778.760699,7,0.8514999999999999,11.743981209630075,2.652825836216842,-1.365,78.16901408450704,11.743981209630075,42.48800615679829,1,0,1,0,-1.0,False
DYDX,2026-07-11T22:50:30.860Z,2026-07-11T22:50:30.860689Z,2026-07-12T00:50:30.860689Z,7772.936116,7,0.12683,6.307655917369451,6.036154860733944,-3.352,81.33802816901408,6.307655917369451,64.21813221174544,1,1,0,0,1.0,False
GALA,2026-07-11T22:50:40.849Z,2026-07-11T22:50:40.849364Z,2026-07-12T00:50:40.849364Z,7762.947441,7,0.0020815,4.804227720394585,3.791469194312786,-2.36,75.0,4.804227720394585,57.465345986770096,1,1,0,0,1.0,False
ICP,2026-07-11T22:50:46.900Z,2026-07-11T22:50:46.900230Z,2026-07-12T00:50:46.900230Z,7756.896575,7,2.2554999999999996,4.433606739081756,3.3377250768555147,-0.741,82.74647887323944,4.433606739081756,50.36338516362381,8,4,4,0,0.75,False
INJ,2026-07-11T22:50:54.303Z,2026-07-11T22:50:54.303376Z,2026-07-12T00:50:54.303376Z,7749.493429,7,4.8895,6.1355966867780225,4.345214257108523,0.382,84.85915492957747,6.1355966867780225,47.021176614615015,13,7,5,1,1.0,False
KAITO,2026-07-11T22:51:07.801Z,2026-07-11T22:51:07.801414Z,2026-07-12T00:51:07.801414Z,7735.995391,7,0.6710499999999999,10.431413456523865,12.539184952978049,8.503,79.5774647887324,10.431413456523865,57.50495451027252,0,0,0,0,,
MORPHO,2026-07-11T22:51:17.007Z,2026-07-11T22:51:17.007261Z,2026-07-12T00:51:17.007261Z,7726.789544,7,2.1085000000000003,4.742708086316764,9.568924680246326,-3.563,78.52112676056338,4.742708086316764,54.29357210325117,0,0,0,0,,
ONDO,2026-07-11T22:51:22.964Z,2026-07-11T22:51:22.965136Z,2026-07-12T00:51:22.965136Z,7720.831669,7,0.32345,3.0916679548613075,3.41596130592504,0.212,84.15492957746478,3.0916679548613075,52.91064956155929,8,7,1,0,0.625,False
PARTI,2026-07-11T22:51:30.059Z,2026-07-11T22:51:30.059527Z,2026-07-12T00:51:30.059527Z,7713.737278,7,0.0327,61.16207951070512,32.21884498480243,-14.545,85.21126760563381,61.16207951070512,64.5690311964036,1,0,1,0,1.0,False
POL,2026-07-11T22:51:36.109Z,2026-07-11T22:51:36.109917Z,2026-07-12T00:51:36.109917Z,7707.686888,7,0.079595,8.794522268986823,1.6868674247157365,0.389,76.40845070422536,8.794522268986823,58.370434997530765,8,4,4,0,0.25,False
PUMP,2026-07-11T22:51:43.056Z,2026-07-11T22:51:43.056346Z,2026-07-12T00:51:43.056346Z,7700.740459,7,0.0013839999999999998,14.450867052023474,3.8135593220338992,-3.476,73.2394366197183,14.450867052023474,57.95282579938338,8,7,0,1,0.75,False
PYTH,2026-07-11T22:51:49.850Z,2026-07-11T22:51:49.850461Z,2026-07-12T00:51:49.850461Z,7693.946344,7,0.046985,2.1283388315411567,6.358259400084493,1.067,76.7605633802817,2.1283388315411567,44.98857758852027,3,1,2,0,1.0,False
RUNE,2026-07-11T22:52:00.821Z,2026-07-11T22:52:00.821895Z,2026-07-12T00:52:00.821895Z,7682.97491,7,0.4045,24.72187886279359,2.9339853300733387,1.995,77.8169014084507,24.72187886279359,67.65709727159897,1,0,1,0,1.0,False
SEI,2026-07-11T22:52:08.863Z,2026-07-11T22:52:08.863791Z,2026-07-12T00:52:08.863791Z,7674.933014,7,0.048865,6.139363552645502,2.8514056224899553,-0.579,77.46478873239437,6.139363552645502,63.25761628284222,0,0,0,0,,
SHIB,2026-07-11T22:52:14.879Z,2026-07-11T22:52:14.879363Z,2026-07-12T00:52:14.879363Z,7668.917442,7,4.275e-06,23.391812865496856,1.839080459770117,-0.911,73.59154929577464,23.391812865496856,46.58641060856229,10,7,3,0,0.6,False
SXT,2026-07-11T22:52:29.782Z,2026-07-11T22:52:29.782637Z,2026-07-12T00:52:29.782637Z,7654.014168,7,0.009260000000000001,43.19654427645799,43.116328708644616,33.097,82.3943661971831,43.19654427645799,70.67507465345084,3,3,0,0,1.0,False
TIA,2026-07-11T22:52:37.476Z,2026-07-11T22:52:37.477012Z,2026-07-12T00:52:37.477012Z,7646.319793,7,0.39590000000000003,5.051780752716177,5.8250060931026155,2.626,79.22535211267606,5.051780752716177,62.51743163757549,4,4,0,0,0.5,False
TREE,2026-07-11T22:52:48.638Z,2026-07-11T22:52:48.639145Z,2026-07-12T00:52:48.639145Z,7635.15766,7,0.04445,22.497187851517644,6.935123042505591,3.472,83.80281690140845,22.497187851517644,75.76032028122188,1,1,0,0,-1.0,False
TRUMP,2026-07-11T22:52:54.316Z,2026-07-11T22:52:54.316850Z,2026-07-12T00:52:54.316850Z,7629.479955,7,1.565,12.779552715654964,1.859888406695586,-0.247,75.35211267605634,12.779552715654964,49.804430551382225,16,9,5,2,0.6875,False
VANRY,2026-07-11T22:53:01.265Z,2026-07-11T22:53:01.265359Z,2026-07-12T00:53:01.265359Z,7622.531446,7,0.0057565,36.48050030400449,15.163719138504634,-8.05,76.05633802816901,36.48050030400449,55.44588202713704,15,1,12,2,-0.1333,False
WIF,2026-07-11T22:53:07.595Z,2026-07-11T22:53:07.595467Z,2026-07-12T00:53:07.595467Z,7616.201338,7,0.14984999999999998,6.673340006674458,2.3653088042049886,-1.233,77.11267605633803,6.673340006674458,61.995616341970475,6,4,2,0,0.8333,False
ZK,2026-07-11T22:53:19.048Z,2026-07-11T22:53:19.048442Z,2026-07-12T00:53:19.048442Z,7604.748363,7,0.010435,9.583133684714511,2.0446096654275063,0.467,78.87323943661971,9.583133684714511,74.49708694948372,3,2,1,0,0.6667,False
0G,2026-07-11T22:58:55.130Z,2026-07-11T22:58:55.130609Z,2026-07-12T00:58:55.130609Z,7268.666196,7,0.1875,53.333333333333385,4.712041884816758,-3.535,60.563380281690144,53.333333333333385,52.437760246652545,0,0,0,0,,
AVNT,2026-07-11T22:59:20.615Z,2026-07-11T22:59:20.615709Z,2026-07-12T00:59:20.615709Z,7243.181096,7,0.09575,10.443864229765312,7.033639143730889,0.615,63.732394366197184,10.443864229765312,56.3542912680463,1,1,0,0,1.0,False
BANK,2026-07-11T22:59:28.088Z,2026-07-11T22:59:28.088748Z,2026-07-12T00:59:28.088748Z,7235.708057,7,0.04115,24.301336573512238,20.000000000000004,13.699,64.43661971830986,24.301336573512238,67.77093647804655,0,0,0,0,,
DOGS,2026-07-11T22:59:43.327Z,2026-07-11T22:59:43.327638Z,2026-07-12T00:59:43.327638Z,7220.469167,7,3.8655e-05,12.934937265554577,5.85267406659939,1.045,59.15492957746479,12.934937265554577,46.89870707478557,0,0,0,0,,
FLOKI,2026-07-11T23:00:20.792Z,2026-07-11T23:00:20.792423Z,2026-07-12T01:00:20.792423Z,7783.282066,7,2.276e-05,8.787346221441041,2.1202942449156224,-1.492,59.50704225352113,8.787346221441041,59.97861893310329,2,2,0,0,1.0,False
PAXG,2026-07-11T23:01:03.685Z,2026-07-11T23:01:03.685393Z,2026-07-12T01:01:03.685393Z,7740.389096,7,4098.095,0.02440158171105911,0.32826706208296025,-0.28,66.54929577464789,0.02440158171105911,63.48083086121058,1,1,0,0,1.0,False
RENDER,2026-07-11T23:01:10.847Z,2026-07-11T23:01:10.847742Z,2026-07-12T01:01:10.847742Z,7733.226747,7,1.5335,6.521030322791731,1.5913430935709683,0.064,64.78873239436619,6.521030322791731,63.140812957857655,0,0,0,0,,
RESOLV,2026-07-11T23:01:18.597Z,2026-07-11T23:01:18.597875Z,2026-07-12T01:01:18.597875Z,7725.476614,7,0.01935,51.67958656330718,14.432989690721651,-11.009,62.32394366197183,51.67958656330718,49.65435748507155,0,0,0,0,,
SKY,2026-07-11T23:01:35.593Z,2026-07-11T23:01:35.593722Z,2026-07-12T01:01:35.593722Z,7708.480767,7,0.059315,11.801399308775286,5.750421585160208,-0.637,66.19718309859155,11.801399308775286,45.160307608178314,62,6,54,2,-0.2258,False
THETA,2026-07-11T23:01:50.978Z,2026-07-11T23:01:50.978686Z,2026-07-12T01:01:50.978686Z,7693.095803,7,0.15075,19.90049751243746,13.719115734720422,10.807,65.84507042253522,19.90049751243746,60.89209713474048,1,0,0,1,-1.0,False
TURBO,2026-07-11T23:02:03.186Z,2026-07-11T23:02:03.187118Z,2026-07-12T01:02:03.187118Z,7680.887371,7,0.0008695,11.500862564692632,11.89674523007856,4.577,60.91549295774648,11.500862564692632,75.94922071533156,5,5,0,0,1.0,False
TUT,2026-07-11T23:02:10.453Z,2026-07-11T23:02:10.453799Z,2026-07-12T01:02:10.453799Z,7673.62069,7,0.012685,39.41663381947295,15.156250000000004,9.966,67.6056338028169,39.41663381947295,77.86161359909094,0,0,0,0,,
XTZ,2026-07-11T23:02:27.698Z,2026-07-11T23:02:27.698572Z,2026-07-12T01:02:27.698572Z,7656.375917,7,0.2321,8.616975441619042,2.1404109589041114,-1.143,69.36619718309859,8.616975441619042,53.14477274182834,14,4,9,1,0.7857,False
2Z,2026-07-11T23:08:13.133Z,2026-07-11T23:08:13.134035Z,2026-07-12T01:08:13.134035Z,7310.940454,7,0.07058500000000001,7.083658000992897,2.777777777777786,1.186,44.71830985915493,7.083658000992897,41.62608871075879,0,0,0,0,,
AIXBT,2026-07-11T23:08:20.154Z,2026-07-11T23:08:20.154569Z,2026-07-12T01:08:20.154569Z,7303.91992,7,0.019115,26.1574679571025,7.216494845360817,-2.168,46.12676056338028,26.1574679571025,54.808668999144814,4,2,2,0,0.0,False
BROCCOLI714,2026-07-11T23:08:45.814Z,2026-07-11T23:08:45.814859Z,2026-07-12T01:08:45.814859Z,7278.25963,7,0.012665,23.687327279905656,7.7276205049732125,3.648,52.816901408450704,23.687327279905656,56.00377165990544,0,0,0,0,,
CKB,2026-07-11T23:08:58.505Z,2026-07-11T23:08:58.505878Z,2026-07-12T01:08:58.505878Z,7265.568611,7,0.0009105000000000001,10.982976386601036,3.2502708559046556,0.217,49.29577464788732,10.982976386601036,65.059607554937,0,0,0,0,,
GRT,2026-07-11T23:09:23.839Z,2026-07-11T23:09:23.839239Z,2026-07-12T01:09:23.839239Z,7240.23525,7,0.017564999999999997,5.693139766581039,3.4811903425042057,0.849,51.76056338028169,5.693139766581039,41.66123852896971,16,4,10,2,0.125,False
HEMI,2026-07-11T23:09:33.787Z,2026-07-11T23:09:33.787366Z,2026-07-12T01:09:33.787366Z,7230.287123,7,0.004455000000000001,22.44668911335681,4.625550660792954,-0.656,44.014084507042256,22.44668911335681,61.884155950470195,1,1,0,0,1.0,False
HOME,2026-07-11T23:09:39.021Z,2026-07-11T23:09:39.021701Z,2026-07-12T01:09:39.021701Z,7225.052788,7,0.014745,6.781959986435804,8.935879945429733,-6.206,48.943661971830984,6.781959986435804,49.05347388951638,0,0,0,0,,
HYPER,2026-07-11T23:09:47.514Z,2026-07-11T23:09:47.514926Z,2026-07-12T01:09:47.514926Z,7216.559563,7,0.06925,14.440433212996803,2.7027027027027013,-0.142,56.690140845070424,14.440433212996803,62.80957184785309,0,0,0,0,,
IMX,2026-07-11T23:09:54.969Z,2026-07-11T23:09:54.970087Z,2026-07-12T01:09:54.970087Z,7209.104402,7,0.1315,15.209125475285607,3.7397157816006015,-2.195,49.647887323943664,15.209125475285607,65.97868669652192,4,1,2,1,0.0,False
KMNO,2026-07-11T23:10:00.477Z,2026-07-11T23:10:00.477414Z,2026-07-12T01:10:00.477414Z,7203.597075,7,0.018525,5.398110661270209,3.2206969376979906,-1.916,56.33802816901409,5.398110661270209,47.454999865591176,2,1,1,0,1.0,False
MEME,2026-07-11T23:10:17.221Z,2026-07-11T23:10:17.221994Z,2026-07-12T01:10:17.221994Z,7788.371666,7,0.0005605,17.841213202498203,6.055363321799305,1.94,52.11267605633803,17.841213202498203,72.04038881456566,57,24,30,3,0.807,False
MINA,2026-07-11T23:10:23.427Z,2026-07-11T23:10:23.428048Z,2026-07-12T01:10:23.428048Z,7782.165612,7,0.04345,23.014959723819544,6.349206349206359,1.379,51.056338028169016,23.014959723819544,63.42676640479469,0,0,0,0,,
MITO,2026-07-11T23:10:28.517Z,2026-07-11T23:10:28.517180Z,2026-07-12T01:10:28.517180Z,7777.07648,7,0.022019999999999998,9.082652134424459,15.273522975929978,5.543,54.57746478873239,9.082652134424459,68.4792064669782,4,3,1,0,1.0,False
MUBARAK,2026-07-11T23:10:34.180Z,2026-07-11T23:10:34.180626Z,2026-07-12T01:10:34.180626Z,7771.413034,7,0.013385000000000001,22.413149047441546,13.177710843373491,4.815,45.774647887323944,22.413149047441546,68.33013067326199,0,0,0,0,,
NEIRO,2026-07-11T23:10:39.209Z,2026-07-11T23:10:39.210065Z,2026-07-12T01:10:39.210065Z,7766.383595,7,6.1295e-05,21.208907741251398,5.012853470437014,-1.612,55.28169014084507,21.208907741251398,57.79266262973901,5,5,0,0,1.0,False
NOT,2026-07-11T23:10:50.572Z,2026-07-11T23:10:50.572944Z,2026-07-12T01:10:50.572944Z,7755.020716,7,0.0003875,25.806451612903853,4.081632653061227,-0.508,48.23943661971831,25.806451612903853,59.89655805021678,0,0,0,0,,
OPEN,2026-07-11T23:10:56.730Z,2026-07-11T23:10:56.730612Z,2026-07-12T01:10:56.730612Z,7748.863048,7,0.1472,13.586956521737633,3.3003300330033034,0.331,50.70422535211268,13.586956521737633,58.29147472239161,1,0,0,1,1.0,False
PHA,2026-07-11T23:11:02.977Z,2026-07-11T23:11:02.977575Z,2026-07-12T01:11:02.977575Z,7742.616085,7,0.02525,39.60396039603936,5.4474708171206165,1.984,48.59154929577465,39.60396039603936,57.788055692474,2,2,0,0,1.0,False
PLUME,2026-07-11T23:11:08.114Z,2026-07-11T23:11:08.114882Z,2026-07-12T01:11:08.114882Z,7737.478778,7,0.0102,19.607843137255802,4.961089494163424,-3.11,55.63380281690141,19.607843137255802,53.17968928207499,1,1,0,0,1.0,False
SAND,2026-07-11T23:11:23.242Z,2026-07-11T23:11:23.242416Z,2026-07-12T01:11:23.242416Z,7722.351244,7,0.048765,10.253255408592521,2.2289766970618112,0.0,53.16901408450704,10.253255408592521,46.27638916500266,34,7,23,4,-0.1765,False
SOMI,2026-07-11T23:11:35.184Z,2026-07-11T23:11:35.184890Z,2026-07-12T01:11:35.184890Z,7710.40877,7,0.10375000000000001,9.638554216867744,3.7356321839080464,-0.096,57.04225352112676,9.638554216867744,63.62999749538362,0,0,0,0,,
SSV,2026-07-11T23:11:40.338Z,2026-07-11T23:11:40.339221Z,2026-07-12T01:11:40.339221Z,7705.254439,7,2.0775,24.0673886883268,4.844778927563488,1.966,47.53521126760563,24.0673886883268,49.32066989443213,0,0,0,0,,
THE,2026-07-11T23:11:46.194Z,2026-07-11T23:11:46.194918Z,2026-07-12T01:11:46.194918Z,7699.398742,7,0.05405,18.501387604070835,5.656934306569353,-4.028,50.0,18.501387604070835,45.442457757919165,11,5,4,2,0.4545,False
VET,2026-07-11T23:11:58.728Z,2026-07-11T23:11:58.729097Z,2026-07-12T01:11:58.729097Z,7686.864563,7,0.0049485,10.104071940991808,6.638332321392435,3.239,54.929577464788736,10.104071940991808,58.0392634223785,4,3,1,0,1.0,False
ZBT,2026-07-11T23:12:04.829Z,2026-07-11T23:12:04.829281Z,2026-07-12T01:12:04.829281Z,7680.764379,7,0.11765,8.499787505312609,10.116086235489234,-5.634,55.985915492957744,8.499787505312609,53.9916169918144,0,0,0,0,,
1000CHEEMS,2026-07-11T23:17:36.567Z,2026-07-11T23:17:36.568131Z,2026-07-12T01:17:36.568131Z,7349.025529,7,0.0004705,148.7778958554719,5.2742616033755185,-1.25,30.281690140845072,148.7778958554719,49.37127448998378,2,1,1,0,1.0,False
AXS,2026-07-11T23:17:49.336Z,2026-07-11T23:17:49.337155Z,2026-07-12T01:17:49.337155Z,7336.256505,7,0.9935,10.065425264217422,2.290836653386445,-0.397,42.95774647887324,10.065425264217422,60.81651737325931,0,0,0,0,,
BABY,2026-07-11T23:17:55.455Z,2026-07-11T23:17:55.456002Z,2026-07-12T01:17:55.456002Z,7330.137658,7,0.012985,7.701193685020865,2.7945619335347343,-0.75,39.436619718309856,7.701193685020865,34.30794649147902,0,0,0,0,,
BANANA,2026-07-11T23:18:03.415Z,2026-07-11T23:18:03.415740Z,2026-07-12T01:18:03.415740Z,7322.17792,7,3.3405,20.954946864240902,4.2342342342342345,0.848,32.394366197183096,20.954946864240902,64.71957277959555,2,0,2,0,1.0,False
BLUR,2026-07-11T23:18:13.195Z,2026-07-11T23:18:13.195469Z,2026-07-12T01:18:13.195469Z,7312.398191,7,0.016945,41.31012097963832,11.771494518176553,-8.161,39.08450704225352,41.31012097963832,52.42237474992069,0,0,0,0,,
COOKIE,2026-07-11T23:18:28.607Z,2026-07-11T23:18:28.607693Z,2026-07-12T01:18:28.607693Z,7296.985967,7,0.00915,109.28961748633814,5.376344086021493,2.198,34.50704225352113,109.28961748633814,55.627617754924216,1,0,1,0,-1.0,False
CVX,2026-07-11T23:18:36.312Z,2026-07-11T23:18:36.312671Z,2026-07-12T01:18:36.312671Z,7289.280989,7,1.2345000000000002,24.30133657351066,3.4399999999999946,-0.16,36.267605633802816,24.30133657351066,51.036370125684954,0,0,0,0,,
ENJ,2026-07-11T23:18:55.005Z,2026-07-11T23:18:55.005645Z,2026-07-12T01:18:55.005645Z,7270.588015,7,0.028124999999999997,10.666666666666233,4.1490857946554165,-1.009,38.028169014084504,10.666666666666233,58.89832110543044,24,12,10,2,-0.5833,False
GUN,2026-07-11T23:19:19.788Z,2026-07-11T23:19:19.788540Z,2026-07-12T01:19:19.788540Z,7245.80512,7,0.004,50.00000000000013,4.6004842615012125,-1.667,36.61971830985915,50.00000000000013,63.13402328227245,3,2,1,0,0.3333,False
HOLO,2026-07-11T23:19:27.645Z,2026-07-11T23:19:27.645488Z,2026-07-12T01:19:27.645488Z,7237.948172,7,0.07365,13.577732518669771,5.488621151271762,1.22,34.15492957746479,13.577732518669771,69.72864828088761,3,2,1,0,1.0,False
IO,2026-07-11T23:19:33.891Z,2026-07-11T23:19:33.891760Z,2026-07-12T01:19:33.891760Z,7231.7019,7,0.16654999999999998,18.01260882617801,2.777777777777767,-1.571,31.338028169014084,18.01260882617801,56.23863839336011,2,2,0,0,1.0,False
LAYER,2026-07-11T23:19:47.039Z,2026-07-11T23:19:47.039433Z,2026-07-12T01:19:47.039433Z,7218.554227,7,0.06634999999999999,15.071590052750999,1.9174041297935036,0.893,32.04225352112676,15.071590052750999,70.85003232127693,0,0,0,0,,
MANTA,2026-07-11T23:20:00.202Z,2026-07-11T23:20:00.202884Z,2026-07-12T01:20:00.202884Z,7205.390776,7,0.055885000000000004,8.946944618413067,4.967640370823863,-3.249,40.49295774647887,8.946944618413067,54.47807231620737,1,0,1,0,1.0,False
MIRA,2026-07-11T23:20:09.597Z,2026-07-11T23:20:09.597666Z,2026-07-12T01:20:09.597666Z,7796.004949,7,0.04365,22.909507445590577,4.7191011235955,-0.891,39.7887323943662,22.909507445590577,60.26837394319098,0,0,0,0,,
PNUT,2026-07-11T23:20:24.833Z,2026-07-11T23:20:24.833611Z,2026-07-12T01:20:24.833611Z,7780.769004,7,0.042800000000000005,46.728971962616534,3.703703703703713,0.0,33.80281690140845,46.728971962616534,57.67733273193529,65,19,42,4,-0.0462,False
RARE,2026-07-11T23:20:37.743Z,2026-07-11T23:20:37.743385Z,2026-07-12T01:20:37.743385Z,7767.85923,7,0.01265,79.05138339920902,5.511811023622042,-3.053,40.140845070422536,79.05138339920902,42.50386961343973,1,1,0,0,1.0,False
ROSE,2026-07-11T23:20:47.559Z,2026-07-11T23:20:47.560138Z,2026-07-12T01:20:47.560138Z,7758.042477,7,0.005795,17.25625539257911,3.5653650254668947,0.856,38.38028169014085,17.25625539257911,60.403825502519965,61,4,57,0,0.1639,False
RPL,2026-07-11T23:20:53.543Z,2026-07-11T23:20:53.543761Z,2026-07-12T01:20:53.543761Z,7752.058854,7,1.775,56.33802816901414,2.8735632183908075,0.578,34.859154929577464,56.33802816901414,60.3845620038331,0,0,0,0,,
SOLV,2026-07-11T23:21:06.788Z,2026-07-11T23:21:06.789117Z,2026-07-12T01:21:06.789117Z,7738.813498,7,0.002725,36.69724770642053,4.642857142857155,0.358,36.971830985915496,36.69724770642053,50.97998015792321,0,0,0,0,,
TWT,2026-07-11T23:21:29.843Z,2026-07-11T23:21:29.843360Z,2026-07-12T01:21:29.843360Z,7715.759255,7,0.3487,22.94235732721603,3.4384768400113668,1.793,31.690140845070424,22.94235732721603,42.389537339507555,2,0,0,2,1.0,False
ZEN,2026-07-11T23:21:41.269Z,2026-07-11T23:21:41.270141Z,2026-07-12T01:21:41.270141Z,7704.332474,7,4.1395,7.2472520835852485,2.6014319809069204,0.721,41.901408450704224,7.2472520835852485,54.852067559251864,0,0,0,0,,
1000SATS,2026-07-11T23:27:17.221Z,2026-07-11T23:27:17.221268Z,2026-07-12T01:27:17.221268Z,7368.381347,7,9.415e-06,31.864046733934902,2.626050420168078,-0.73,18.309859154929576,31.864046733934902,37.9436125492645,16,0,8,8,1.0,False
ANIME,2026-07-11T23:27:24.712Z,2026-07-11T23:27:24.713023Z,2026-07-12T01:27:24.713023Z,7360.889592,7,0.002835,35.273368606702036,3.5335689045936487,1.434,28.87323943661972,35.273368606702036,64.77182939971685,0,0,0,0,,
API3,2026-07-11T23:27:30.326Z,2026-07-11T23:27:30.326364Z,2026-07-12T01:27:30.326364Z,7355.276251,7,0.22515000000000002,13.324450366422148,2.975929978118162,0.616,23.943661971830984,13.324450366422148,34.82474111644896,0,0,0,0,,
ARKM,2026-07-11T23:27:36.481Z,2026-07-11T23:27:36.482143Z,2026-07-12T01:27:36.482143Z,7349.120472,7,0.11215,8.91662951404271,2.659574468085109,-1.571,25.704225352112676,8.91662951404271,55.38780964685639,26,7,17,2,0.0385,False
AUCTION,2026-07-11T23:27:43.631Z,2026-07-11T23:27:43.632109Z,2026-07-12T01:27:43.632109Z,7341.970506,7,3.315,30.165912518853055,0.9036144578313329,-0.599,17.253521126760564,30.165912518853055,54.26321546679754,0,0,0,0,,
C,2026-07-11T23:28:00.505Z,2026-07-11T23:28:00.505439Z,2026-07-12T01:28:00.505439Z,7325.097176,7,0.06705,14.914243102162994,4.135893648449036,-1.884,28.169014084507044,14.914243102162994,40.62892232934749,0,0,0,0,,
CATI,2026-07-11T23:28:06.906Z,2026-07-11T23:28:06.906848Z,2026-07-12T01:28:06.906848Z,7318.695767,7,0.039584999999999995,12.631047113806098,8.670380237345604,3.07,18.661971830985916,12.631047113806098,66.15973632033422,0,0,0,0,,
CETUS,2026-07-11T23:28:13.270Z,2026-07-11T23:28:13.270403Z,2026-07-12T01:28:13.270403Z,7312.332212,7,0.01794,11.14827201783678,1.9230769230769207,0.0,16.197183098591548,11.14827201783678,44.90311838775327,0,0,0,0,,
CGPT,2026-07-11T23:28:18.844Z,2026-07-11T23:28:18.844995Z,2026-07-12T01:28:18.844995Z,7306.75762,7,0.01895,10.554089709763934,3.6087866108786586,0.262,25.0,10.554089709763934,44.19613731106247,1,1,0,0,1.0,False
ERA,2026-07-11T23:28:36.904Z,2026-07-11T23:28:36.904853Z,2026-07-12T01:28:36.904853Z,7288.697762,7,0.08074999999999999,12.383900928792926,2.325581395348836,0.123,20.774647887323944,12.383900928792926,54.34157328090074,0,0,0,0,,
ETC,2026-07-11T23:28:44.328Z,2026-07-11T23:28:44.328338Z,2026-07-12T01:28:44.328338Z,7281.274277,7,6.905,14.482259232439953,1.5669515669515715,-0.707,23.239436619718308,14.482259232439953,55.91649419417567,0,0,0,0,,
EUL,2026-07-11T23:28:51.587Z,2026-07-11T23:28:51.587301Z,2026-07-12T01:28:51.587301Z,7274.015314,7,0.9964999999999999,30.105368790767717,2.2155085599194377,-1.974,16.901408450704224,30.105368790767717,52.58334637325371,1,0,1,0,1.0,False
FF,2026-07-11T23:28:59.379Z,2026-07-11T23:28:59.379335Z,2026-07-12T01:28:59.379335Z,7266.22328,7,0.058865,8.49401172173524,4.43610305408633,-1.313,27.464788732394368,8.49401172173524,55.716993595592434,0,0,0,0,,
HUMA,2026-07-11T23:29:13.060Z,2026-07-11T23:29:13.061014Z,2026-07-12T01:29:13.061014Z,7252.541601,7,0.022785,13.166556945359774,4.673721340388016,-1.047,27.816901408450704,13.166556945359774,65.71865174912224,0,0,0,0,,
KAIA,2026-07-11T23:29:20.612Z,2026-07-11T23:29:20.612957Z,2026-07-12T01:29:20.612957Z,7244.989658,7,0.03495,28.6123032904157,2.0057306590257857,0.287,19.718309859154928,28.6123032904157,61.63573721126392,1,1,0,0,1.0,False
MOVE,2026-07-11T23:29:43.536Z,2026-07-11T23:29:43.536597Z,2026-07-12T01:29:43.536597Z,7222.066018,7,0.01105,90.4977375565621,3.6036036036035974,-0.893,20.070422535211268,90.4977375565621,48.276962726753354,2,1,1,0,0.0,False
NOM,2026-07-11T23:29:56.688Z,2026-07-11T23:29:56.688628Z,2026-07-12T01:29:56.688628Z,7208.913987,7,0.001545,64.72491909385131,3.8461538461538423,-3.106,24.64788732394366,64.72491909385131,50.38094270524123,2,2,0,0,0.5,False
REZ,2026-07-11T23:30:15.510Z,2026-07-11T23:30:15.511074Z,2026-07-12T01:30:15.511074Z,7788.280123,7,0.002591,7.719027402548304,2.8507126781695464,-1.223,21.12676056338028,7.719027402548304,43.49372059615427,0,0,0,0,,
SAHARA,2026-07-11T23:30:20.434Z,2026-07-11T23:30:20.435179Z,2026-07-12T01:30:20.435179Z,7783.356018,7,0.010185,9.818360333823852,2.042801556420235,-1.249,21.47887323943662,9.818360333823852,35.29831575222147,0,0,0,0,,
SOPH,2026-07-11T23:30:38.503Z,2026-07-11T23:30:38.504101Z,2026-07-12T01:30:38.504101Z,7765.287096,7,0.004775,20.942408376964316,2.4691358024691423,0.206,15.845070422535212,20.942408376964316,59.134752274022205,0,0,0,0,,
STO,2026-07-11T23:30:45.291Z,2026-07-11T23:30:45.291482Z,2026-07-12T01:30:45.291482Z,7758.499715,7,0.0441,45.3514739229038,2.6845637583892614,-0.667,22.887323943661972,45.3514739229038,59.29327929954676,0,0,0,0,,
WAL,2026-07-11T23:30:56.074Z,2026-07-11T23:30:56.074179Z,2026-07-12T01:30:56.074179Z,7747.717018,7,0.03145,31.79650238473859,1.5673981191222586,-1.238,26.408450704225352,31.79650238473859,50.899830655202656,0,0,0,0,,
YGG,2026-07-11T23:31:08.908Z,2026-07-11T23:31:08.908918Z,2026-07-12T01:31:08.908918Z,7734.882279,7,0.021824999999999997,13.745704467353393,2.572202166064987,0.362,16.549295774647888,13.745704467353393,41.969157973888954,0,0,0,0,,
ACH,2026-07-11T23:37:02.892Z,2026-07-11T23:37:02.892705Z,2026-07-12T01:37:02.892705Z,7380.898492,7,0.004375,22.857142857143906,2.6905829596412625,1.826,11.267605633802816,22.857142857143906,71.14014144909055,0,0,0,0,,
ACT,2026-07-11T23:37:09.647Z,2026-07-11T23:37:09.647890Z,2026-07-12T01:37:09.647890Z,7374.143307,7,0.008995,33.351862145637035,7.574094401756327,-5.888,14.084507042253522,33.351862145637035,54.65926195553262,1,1,0,0,1.0,False
ACX,2026-07-11T23:37:17.410Z,2026-07-11T23:37:17.410385Z,2026-07-12T01:37:17.410385Z,7366.380812,7,0.04213,14.24163304058972,1.4509712146033291,0.589,10.56338028169014,14.24163304058972,51.36016047092642,69,26,36,7,0.0,False
AT,2026-07-11T23:37:24.479Z,2026-07-11T23:37:24.480034Z,2026-07-12T01:37:24.480034Z,7359.311163,7,0.15705,31.836994587710947,4.174820613176788,-0.648,8.098591549295774,31.836994587710947,56.024584630401456,2,1,1,0,1.0,False
BARD,2026-07-11T23:37:32.886Z,2026-07-11T23:37:32.887014Z,2026-07-12T01:37:32.887014Z,7350.904183,7,0.1318,15.174506828526402,3.0803906836964634,0.529,8.450704225352112,15.174506828526402,61.43101513548403,1,1,0,0,1.0,False
BFUSD,2026-07-11T23:37:38.003Z,2026-07-11T23:37:38.003436Z,2026-07-12T01:37:38.003436Z,7345.787761,7,0.99895,3.0031533109761948,0.04004805766919863,-0.02,3.8732394366197185,3.0031533109761948,41.15014908129977,0,0,0,0,,
BMT,2026-07-11T23:37:45.337Z,2026-07-11T23:37:45.337633Z,2026-07-12T01:37:45.337633Z,7338.453564,7,0.012105,8.261049153242125,2.030869212022748,0.244,12.32394366197183,8.261049153242125,52.11427395813817,1,1,0,0,1.0,False
COMP,2026-07-11T23:37:50.619Z,2026-07-11T23:37:50.619354Z,2026-07-12T01:37:50.619354Z,7333.171843,7,17.14,23.337222870477916,3.3487297921478163,2.607,13.732394366197184,23.337222870477916,54.60987581857892,56,23,24,9,0.125,False
COW,2026-07-11T23:37:57.248Z,2026-07-11T23:37:57.249097Z,2026-07-12T01:37:57.249097Z,7326.5421,7,0.14024999999999999,7.130124777184795,2.547770700636937,0.426,1.7605633802816902,7.130124777184795,56.71955407062859,0,0,0,0,,
CVC,2026-07-11T23:38:04.446Z,2026-07-11T23:38:04.447110Z,2026-07-12T01:38:04.447110Z,7319.344087,7,0.02094,38.2043935052532,8.073041806823648,1.118,6.690140845070423,38.2043935052532,57.19547589992265,55,19,32,4,-0.1636,False
DOLO,2026-07-11T23:38:11.352Z,2026-07-11T23:38:11.353172Z,2026-07-12T01:38:11.353172Z,7312.438025,7,0.022455000000000003,13.360053440213216,2.694346289752663,-0.962,7.394366197183099,13.360053440213216,62.10545185754305,0,0,0,0,,
DYM,2026-07-11T23:38:19.325Z,2026-07-11T23:38:19.326162Z,2026-07-12T01:38:19.326162Z,7304.465035,7,0.015705,19.102196752627982,2.255639097744356,1.205,7.746478873239437,19.102196752627982,52.630092523977964,0,0,0,0,,
EURI,2026-07-11T23:38:25.537Z,2026-07-11T23:38:25.538102Z,2026-07-12T01:38:25.538102Z,7298.253095,7,1.1402,12.278547623224592,0.23648944556364607,0.07,5.985915492957746,12.278547623224592,70.03760061883656,0,0,0,0,,
FORM,2026-07-11T23:38:32.850Z,2026-07-11T23:38:32.850686Z,2026-07-12T01:38:32.850686Z,7290.940511,7,0.20240000000000002,9.881422924901466,3.10528869480834,-1.482,11.971830985915492,9.881422924901466,57.98550117144731,0,0,0,0,,
GMT,2026-07-11T23:38:39.918Z,2026-07-11T23:38:39.919014Z,2026-07-12T01:38:39.919014Z,7283.872183,7,0.0076950000000000005,12.995451591943418,3.2341526520051884,0.39,8.80281690140845,12.995451591943418,46.70987685323067,0,0,0,0,,
ILV,2026-07-11T23:38:58.822Z,2026-07-11T23:38:58.822482Z,2026-07-12T01:38:58.822482Z,7264.968715,7,3.12,64.10256410256416,2.2364217252396257,-0.949,4.225352112676056,64.10256410256416,51.941769647479,0,0,0,0,,
INIT,2026-07-11T23:39:06.718Z,2026-07-11T23:39:06.719068Z,2026-07-12T01:39:06.719068Z,7257.072129,7,0.05635,17.74622892635243,2.8021015761821317,0.175,12.67605633802817,17.74622892635243,49.44029690938555,0,0,0,0,,
LISTA,2026-07-11T23:39:18.762Z,2026-07-11T23:39:18.762936Z,2026-07-12T01:39:18.762936Z,7245.028261,7,0.048350000000000004,20.682523267837833,3.2653061224489734,1.031,9.859154929577464,20.682523267837833,46.7082934447018,0,0,0,0,,
LPT,2026-07-11T23:39:25.923Z,2026-07-11T23:39:25.924145Z,2026-07-12T01:39:25.924145Z,7237.867052,7,1.573,25.42911633820727,1.9423558897243054,-0.746,3.5211267605633805,25.42911633820727,43.17669741955717,0,0,0,0,,
NEWT,2026-07-11T23:39:38.579Z,2026-07-11T23:39:38.580041Z,2026-07-12T01:39:38.580041Z,7225.211156,7,0.04775,62.82722513088894,2.7139874739039573,-0.622,2.816901408450704,62.82722513088894,40.25183595336704,5,1,4,0,1.0,False
NMR,2026-07-11T23:39:45.898Z,2026-07-11T23:39:45.898256Z,2026-07-12T01:39:45.898256Z,7217.892941,7,9.765,10.240655401945505,3.787103377686807,-2.398,10.915492957746478,10.240655401945505,43.616720013083565,0,0,0,0,,
NXPC,2026-07-11T23:39:53.125Z,2026-07-11T23:39:53.125917Z,2026-07-12T01:39:53.125917Z,7210.66528,7,0.26280000000000003,30.441400304412756,1.786378861183465,0.449,2.112676056338028,30.441400304412756,43.986151346026034,0,0,0,0,,
RVN,2026-07-11T23:40:24.381Z,2026-07-11T23:40:24.381952Z,2026-07-12T01:40:24.381952Z,7779.325642,7,0.00381,52.49343832021011,2.8277634961439553,-1.269,14.788732394366198,52.49343832021011,26.367515136328283,1,1,0,0,1.0,False
STEEM,2026-07-11T23:40:31.154Z,2026-07-11T23:40:31.155184Z,2026-07-12T01:40:31.155184Z,7772.55241,7,0.041624999999999995,64.86486486486473,8.681292757725886,4.127,14.43661971830986,64.86486486486473,50.175214128431044,0,0,0,0,,
TURTLE,2026-07-11T23:40:42.749Z,2026-07-11T23:40:42.749930Z,2026-07-12T01:40:42.749930Z,7760.957664,7,0.03365,29.71768202080323,1.7492711370262488,-1.153,13.028169014084508,29.71768202080323,50.322158555051956,0,0,0,0,,
WCT,2026-07-11T23:40:58.952Z,2026-07-11T23:40:58.952272Z,2026-07-12T01:40:58.952272Z,7744.755322,7,0.045425,11.007154650521628,3.1998209890355804,0.699,6.338028169014085,11.007154650521628,47.03963136515212,1,0,1,0,1.0,False
XVG,2026-07-11T23:41:05.960Z,2026-07-11T23:41:05.960218Z,2026-07-12T01:41:05.960218Z,7737.747376,7,0.0021609999999999997,46.27487274410008,3.1818181818181706,0.917,2.464788732394366,46.27487274410008,45.368714385837514,57,21,24,12,-0.5614,False
1INCH,2026-07-11T23:46:40.164Z,2026-07-11T23:46:40.165073Z,2026-07-12T01:46:40.165073Z,7403.542521,7,0.07405,40.5131667792044,5.592543275632484,3.729,1.056338028169014,40.5131667792044,52.46465131063638,0,0,0,0,,
ARB,2026-07-11T23:46:53.888Z,2026-07-11T23:46:53.889069Z,2026-07-12T01:46:53.889069Z,7389.818525,7,0.09615,10.40041601663952,10.13306038894576,4.828,93.66197183098592,10.40041601663952,63.80219274444299,21,9,8,4,0.5714,False
BCH,2026-07-11T23:46:58.916Z,2026-07-11T23:46:58.916335Z,2026-07-12T01:46:58.916335Z,7384.791259,7,246.25,4.06091370558468,2.7081649151172145,0.447,91.90140845070422,4.06091370558468,57.130332088828986,3,2,1,0,0.3333,False
BTC,2026-07-11T23:47:08.794Z,2026-07-11T23:47:08.795125Z,2026-07-12T01:47:08.795125Z,7374.912469,7,64101.945,0.0015600150658082702,0.984157409093904,0.126,100.0,0.0015600150658082702,60.35261965251872,35,13,18,4,0.1429,False
DOGE,2026-07-11T23:47:20.264Z,2026-07-11T23:47:20.265104Z,2026-07-12T01:47:20.265104Z,7363.44249,7,0.07330500000000001,1.364163426777999,2.2371064969859225,0.715,94.01408450704226,1.364163426777999,48.72881633688433,30,21,8,1,0.8333,False
ETH,2026-07-11T23:47:31.363Z,2026-07-11T23:47:31.363423Z,2026-07-12T01:47:31.363423Z,7352.344171,7,1805.995,0.055371138901220134,2.4042914479777653,1.113,99.64788732394366,0.055371138901220134,55.61245699688253,44,21,19,4,0.4773,False
EUR,2026-07-11T23:47:35.564Z,2026-07-11T23:47:35.564386Z,2026-07-12T01:47:35.564386Z,7348.143208,7,1.141,1.7528483786150568,0.12269938650307344,-0.044,96.12676056338029,1.7528483786150568,46.152326539339676,0,0,0,0,,
FDUSD,2026-07-11T23:47:38.865Z,2026-07-11T23:47:38.865740Z,2026-07-12T01:47:38.865740Z,7344.841854,7,0.99745,1.0025565191247683,0.10026067776218177,0.0,98.2394366197183,1.0025565191247683,60.44981642799809,0,0,0,0,,
HBAR,2026-07-11T23:47:44.536Z,2026-07-11T23:47:44.536981Z,2026-07-12T01:47:44.536981Z,7339.170613,7,0.068305,1.4640216675201116,7.076967425771112,-0.914,97.88732394366197,1.4640216675201116,65.13427855274978,31,18,6,7,0.2903,False
LINK,2026-07-11T23:47:53.667Z,2026-07-11T23:47:53.667195Z,2026-07-12T01:47:53.667195Z,7330.040399,7,7.9625,1.2558869701731037,2.261369315342341,0.591,91.19718309859155,1.2558869701731037,46.95619676070588,20,7,11,2,0.6,False
MASK,2026-07-11T23:48:03.369Z,2026-07-11T23:48:03.369673Z,2026-07-12T01:48:03.369673Z,7320.337921,7,0.396,50.50505050505054,2.010050251256283,-0.748,1.408450704225352,50.50505050505054,52.36139697616963,1,1,0,0,1.0,False
MMT,2026-07-11T23:48:08.519Z,2026-07-11T23:48:08.519482Z,2026-07-12T01:48:08.519482Z,7315.188112,7,0.1735,11.527377521614163,15.88170865279299,-12.38,89.78873239436619,11.527377521614163,54.62260872595948,0,0,0,0,,
NEAR,2026-07-11T23:48:14.435Z,2026-07-11T23:48:14.435940Z,2026-07-12T01:48:14.435940Z,7309.271654,7,1.8885,5.29520783690819,2.5316455696202556,0.211,92.25352112676056,5.29520783690819,49.63910309903463,10,5,4,1,0.7,False
PENGU,2026-07-11T23:48:25.426Z,2026-07-11T23:48:25.426901Z,2026-07-12T01:48:25.426901Z,7298.280693,7,0.0061010000000000005,6.556302245532967,2.718790218790217,-1.396,87.67605633802818,6.556302245532967,47.55836727849033,5,2,3,0,1.0,False
PEPE,2026-07-11T23:48:31.015Z,2026-07-11T23:48:31.016114Z,2026-07-12T01:48:31.016114Z,7292.69148,7,2.725e-06,36.69724770642322,3.6231884057970976,-1.779,91.54929577464789,36.69724770642322,54.542787065035746,17,17,0,0,0.7647,False
SUI,2026-07-11T23:48:40.575Z,2026-07-11T23:48:40.575236Z,2026-07-12T01:48:40.575236Z,7283.132358,7,0.72955,1.3707079706666985,3.107268305863283,-0.094,96.83098591549296,1.3707079706666985,51.101365006709436,13,4,7,2,0.4615,False
TAO,2026-07-11T23:48:50.730Z,2026-07-11T23:48:50.730859Z,2026-07-12T01:48:50.730859Z,7272.976735,7,208.55,4.795013186285989,1.6973125884016944,-0.235,90.84507042253522,4.795013186285989,46.31434287925505,18,14,3,1,0.8333,False
TRX,2026-07-11T23:48:56.745Z,2026-07-11T23:48:56.745934Z,2026-07-12T01:48:56.745934Z,7266.96166,7,0.32965,3.0335204004243588,0.8779897063275852,-0.061,90.14084507042253,3.0335204004243588,65.0311444107313,43,33,7,3,0.7907,False
UNI,2026-07-11T23:49:06.227Z,2026-07-11T23:49:06.227846Z,2026-07-12T01:49:06.227846Z,7257.479748,7,3.668,5.452562704471711,10.363247863247873,5.198,92.95774647887323,5.452562704471711,66.37937745409047,35,19,15,1,0.6,False
USD1,2026-07-11T23:49:09.738Z,2026-07-11T23:49:09.738610Z,2026-07-12T01:49:09.738610Z,7253.968984,7,0.99945,1.0005503026674674,0.050025012506258716,0.02,99.29577464788733,1.0005503026674674,67.65517179169484,0,0,0,0,,
VIRTUAL,2026-07-11T23:49:20.884Z,2026-07-11T23:49:20.884847Z,2026-07-12T01:49:20.884847Z,7242.822747,7,0.6073999999999999,9.878169245967154,8.107659079581337,-0.889,94.36619718309859,9.878169245967154,45.607925082414994,3,3,0,0,1.0,False
WLD,2026-07-11T23:49:26.728Z,2026-07-11T23:49:26.728614Z,2026-07-12T01:49:26.728614Z,7236.97898,7,0.40195000000000003,2.4878716258252145,9.353953604390117,4.646,94.71830985915493,2.4878716258252145,59.35601837958486,13,5,5,3,0.4615,False
XAI,2026-07-11T23:49:33.625Z,2026-07-11T23:49:33.625197Z,2026-07-12T01:49:33.625197Z,7230.082397,7,0.007015,42.7655024946538,2.8169014084507116,0.141,0.352112676056338,42.7655024946538,44.146884949859995,1,1,0,0,1.0,False
XPL,2026-07-11T23:49:43.049Z,2026-07-11T23:49:43.049417Z,2026-07-12T01:49:43.049417Z,7220.658177,7,0.09204999999999999,6.518196632264054,5.75321725965177,-0.345,88.38028169014085,6.518196632264054,57.59015332672804,0,0,0,0,,
ZEC,2026-07-11T23:49:52.965Z,2026-07-11T23:49:52.965828Z,2026-07-12T01:49:52.965828Z,7210.741766,7,510.11,2.352433788790742,7.719264649559567,4.582,96.47887323943662,2.352433788790742,60.10219397744955,26,12,10,4,0.2692,False
JUP,2026-07-11T23:55:38.956Z,2026-07-11T23:55:38.957125Z,2026-07-12T01:55:38.957125Z,7465.008454,7,0.20165,4.959087527894321,4.7183437650457405,2.669,86.97183098591549,4.959087527894321,60.77188589887037,24,18,6,0,0.7917,False
PENDLE,2026-07-11T23:55:45.273Z,2026-07-11T23:55:45.273788Z,2026-07-12T01:55:45.273788Z,7458.691791,7,1.5345,6.51678071032838,6.7524115755627,2.64,86.26760563380282,6.51678071032838,62.41742269295225,2,1,1,0,0.5,False
SYN,2026-07-11T23:55:50.427Z,2026-07-11T23:55:50.427415Z,2026-07-12T01:55:50.427415Z,7453.538164,7,0.293935,14.629084661576249,11.946069876467165,-6.219,87.32394366197182,14.629084661576249,38.97387950097146,0,0,0,0,,
1MBABYDOGE,2026-07-12T00:01:23.660Z,2026-07-12T00:01:23.660857Z,2026-07-12T02:01:23.660857Z,7720.149771,7,0.0003271,18.343014368695037,16.642033697901276,13.295,72.53521126760563,18.343014368695037,57.37347970752295,0,0,0,0,,
ALGO,2026-07-12T00:01:28.541Z,2026-07-12T00:01:28.541594Z,2026-07-12T02:01:28.541594Z,7715.269034,7,0.08435000000000001,11.855364552460326,2.219626168224298,-0.581,73.94366197183099,11.855364552460326,56.0466961318014,5,3,2,0,0.6,False
ALLO,2026-07-12T00:01:33.986Z,2026-07-12T00:01:33.986535Z,2026-07-12T02:01:33.986535Z,7709.824093,7,0.37465000000000004,8.007473642066527,18.67436743674368,-9.777,80.98591549295774,8.007473642066527,57.85061750682116,62,1,61,0,-0.4194,False
APT,2026-07-12T00:01:39.559Z,2026-07-12T00:01:39.559894Z,2026-07-12T02:01:39.559894Z,7704.250734,7,0.6255,15.987210231814563,3.6106750392464706,1.272,83.45070422535211,15.987210231814563,63.78004688200906,4,1,1,2,0.0,False
ASTER,2026-07-12T00:01:45.723Z,2026-07-12T00:01:45.724177Z,2026-07-12T02:01:45.724177Z,7698.086451,7,0.6205,16.116035455278013,1.5873015873015885,0.159,74.29577464788733,16.116035455278013,59.28504618183223,2,2,0,0,1.0,False
AVAX,2026-07-12T00:01:50.682Z,2026-07-12T00:01:50.683094Z,2026-07-12T02:01:50.683094Z,7693.127534,7,6.5015,1.538106590785889,1.5522388059701506,-0.873,84.50704225352112,1.538106590785889,41.80321364350063,15,7,6,2,0.6667,False
BONK,2026-07-12T00:01:56.402Z,2026-07-12T00:01:56.403119Z,2026-07-12T02:01:56.403119Z,7687.407509,7,3.985e-06,25.09410288582159,3.7220843672456634,-2.657,83.09859154929578,25.09410288582159,46.11230808282302,40,26,13,1,0.95,False
CAKE,2026-07-12T00:02:01.310Z,2026-07-12T00:02:01.311218Z,2026-07-12T02:02:01.311218Z,7682.49941,7,1.416,14.124293785310748,4.143646408839783,3.355,72.88732394366197,14.124293785310748,68.35183442827733,6,1,4,1,0.8333,False
CHZ,2026-07-12T00:02:07.331Z,2026-07-12T00:02:07.331786Z,2026-07-12T02:02:07.331786Z,7676.478842,7,0.017175000000000003,5.82241630276541,6.303724928366764,2.95,80.63380281690141,5.82241630276541,57.33536094736302,0,0,0,0,,
EPIC,2026-07-12T00:02:24.607Z,2026-07-12T00:02:24.608176Z,2026-07-12T02:02:24.608176Z,7659.202452,7,0.3775,26.490066225165585,20.052083333333336,12.61,80.28169014084507,26.490066225165585,78.09221237410162,1,1,0,0,1.0,False
IOTA,2026-07-12T00:02:42.819Z,2026-07-12T00:02:42.819284Z,2026-07-12T02:02:42.819284Z,7640.991344,7,0.03895,25.67394094993655,12.405063291139244,0.509,81.69014084507042,25.67394094993655,60.56298577748002,1,1,0,0,1.0,False
LDO,2026-07-12T00:02:52.760Z,2026-07-12T00:02:52.761185Z,2026-07-12T02:02:52.761185Z,7631.049443,7,0.30725,3.2546786004896497,9.459031951913946,4.738,85.91549295774648,3.2546786004896497,59.39131926021826,1,1,0,0,1.0,False
SKL,2026-07-12T00:03:39.878Z,2026-07-12T00:03:39.878851Z,2026-07-12T02:03:39.878851Z,7583.931777,7,0.004739999999999999,42.19409282700434,25.862068965517253,-5.112,72.1830985915493,42.19409282700434,62.7840392948124,2,0,2,0,1.0,False
STRK,2026-07-12T00:03:45.725Z,2026-07-12T00:03:45.725837Z,2026-07-12T02:03:45.725837Z,7578.084791,7,0.030449999999999998,32.84072249589472,3.5483870967742055,1.307,74.64788732394366,32.84072249589472,66.43685295488415,5,3,1,1,0.2,False
TLM,2026-07-12T00:03:59.169Z,2026-07-12T00:03:59.169866Z,2026-07-12T02:03:59.169866Z,7564.640762,7,0.0018340000000000001,10.905125408942467,14.767699115044241,-7.187,85.56338028169014,10.905125408942467,56.937638171779305,0,0,0,0,,
WLFI,2026-07-12T00:04:21.536Z,2026-07-12T00:04:21.536636Z,2026-07-12T02:04:21.536636Z,7542.273992,7,0.058050000000000004,17.226528854435127,2.2108843537414895,1.031,75.70422535211267,17.226528854435127,73.5672390740518,4,3,1,0,1.0,False
APE,2026-07-12T00:10:13.946Z,2026-07-12T00:10:13.946547Z,2026-07-12T02:10:13.946547Z,7789.011619,7,0.15765,6.3431652394555496,6.85714285714286,-0.756,69.71830985915493,6.3431652394555496,57.157675301713255,2,2,0,0,1.0,False
AR,2026-07-12T00:10:20.611Z,2026-07-12T00:10:20.611913Z,2026-07-12T02:10:20.611913Z,7782.346253,7,1.9785,5.054334091484012,1.711983887210475,-0.601,58.098591549295776,5.054334091484012,35.21595023454558,0,0,0,0,,
ATOM,2026-07-12T00:10:26.298Z,2026-07-12T00:10:26.298570Z,2026-07-12T02:10:26.298570Z,7776.659596,7,1.5815000000000001,6.323110970598242,1.947236180904531,0.315,66.90140845070422,6.323110970598242,67.68964946769442,48,17,26,5,0.3542,False
BIO,2026-07-12T00:10:41.242Z,2026-07-12T00:10:41.242642Z,2026-07-12T02:10:41.242642Z,7761.715524,7,0.028395,10.565240359218963,4.036948340745811,2.167,61.971830985915496,10.565240359218963,68.92362690606465,2,2,0,0,1.0,False
CFX,2026-07-12T00:10:46.922Z,2026-07-12T00:10:46.922326Z,2026-07-12T02:10:46.922326Z,7756.03584,7,0.04378,4.5682960255822715,6.022471910112364,3.561,61.61971830985915,4.5682960255822715,59.42646925891878,0,0,0,0,,
EIGEN,2026-07-12T00:10:56.453Z,2026-07-12T00:10:56.453618Z,2026-07-12T02:10:56.453618Z,7746.504548,7,0.2263,8.8378258948289,5.910064239828696,-2.546,70.4225352112676,8.8378258948289,53.70026280415629,0,0,0,0,,
ENSO,2026-07-12T00:11:02.885Z,2026-07-12T00:11:02.885749Z,2026-07-12T02:11:02.885749Z,7740.072417,7,0.6915,14.46131597975417,4.707560627674755,-1.406,58.45070422535211,14.46131597975417,48.73625973944379,0,0,0,0,,
ETHFI,2026-07-12T00:11:13.545Z,2026-07-12T00:11:13.545715Z,2026-07-12T02:11:13.545715Z,7729.412451,7,0.4255,23.501762632197437,8.293838862559236,2.179,68.66197183098592,23.501762632197437,72.20070959625927,1,0,1,0,1.0,False
FET,2026-07-12T00:11:18.563Z,2026-07-12T00:11:18.563915Z,2026-07-12T02:11:18.563915Z,7724.394251,7,0.16035,6.236357966946616,2.0484171322160134,-0.556,71.83098591549296,6.236357966946616,56.732983627886824,5,3,2,0,0.4,False
JTO,2026-07-12T00:11:27.547Z,2026-07-12T00:11:27.547242Z,2026-07-12T02:11:27.547242Z,7715.410924,7,0.5937,3.368704733029779,4.79170097151324,-2.048,69.01408450704226,3.368704733029779,41.07693421099475,2,2,0,0,0.0,False
KITE,2026-07-12T00:11:39.859Z,2026-07-12T00:11:39.859627Z,2026-07-12T02:11:39.859627Z,7703.098539,7,0.11405,8.7680841736071,7.811158798283259,-2.51,67.95774647887323,8.7680841736071,55.71859701237783,0,0,0,0,,
OP,2026-07-12T00:11:52.877Z,2026-07-12T00:11:52.878092Z,2026-07-12T02:11:52.878092Z,7690.080074,7,0.1016,19.685039370077938,4.134615384615397,0.193,68.30985915492958,19.685039370077938,43.099741414408385,46,19,22,5,0.2826,False
ORDI,2026-07-12T00:12:04.803Z,2026-07-12T00:12:04.803905Z,2026-07-12T02:12:04.803905Z,7678.154261,7,3.4029999999999996,11.754334410814,3.2165422171166025,-0.571,65.14084507042253,11.754334410814,46.53228710666149,5,4,0,1,0.6,False
S,2026-07-12T00:12:29.484Z,2026-07-12T00:12:29.484401Z,2026-07-12T02:12:29.484401Z,7653.473765,7,0.025735,11.657276083154759,4.486196319018395,0.192,71.47887323943662,11.657276083154759,41.992491305097715,0,0,0,0,,
SNX,2026-07-12T00:12:38.918Z,2026-07-12T00:12:38.918209Z,2026-07-12T02:12:38.918209Z,7644.039957,7,0.2385,41.92872117400423,4.366812227074227,0.0,60.2112676056338,41.92872117400423,54.349308556165646,1,0,1,0,-1.0,False
STX,2026-07-12T00:12:44.252Z,2026-07-12T00:12:44.253223Z,2026-07-12T02:12:44.253223Z,7638.704943,7,0.17365,5.7587100489484015,4.910456383593303,1.287,61.267605633802816,5.7587100489484015,60.97417912929334,47,20,22,5,0.1702,False
TRB,2026-07-12T00:12:53.599Z,2026-07-12T00:12:53.599338Z,2026-07-12T02:12:53.599338Z,7629.358828,7,15.035,6.6511473229130615,3.227888960619755,-0.258,58.80281690140845,6.6511473229130615,45.300357831363655,1,1,0,0,1.0,False
W,2026-07-12T00:13:08.384Z,2026-07-12T00:13:08.384371Z,2026-07-12T02:13:08.384371Z,7614.573795,7,0.009755,10.251153254740741,6.545820745216512,0.101,64.08450704225352,10.251153254740741,50.55561803485851,1,0,1,0,1.0,False
BANANAS31,2026-07-12T00:19:10.106Z,2026-07-12T00:19:10.106913Z,2026-07-12T02:19:10.106913Z,7252.851253,7,0.007712999999999999,23.337222870478136,4.272844272844271,-2.055,57.394366197183096,23.337222870478136,45.679315558892995,0,0,0,0,,
BERA,2026-07-12T00:19:16.241Z,2026-07-12T00:19:16.242239Z,2026-07-12T02:19:16.242239Z,7246.715927,7,0.1955,51.15089514066501,2.0000000000000018,-0.498,45.070422535211264,51.15089514066501,60.1491916290644,0,0,0,0,,
EGLD,2026-07-12T00:19:47.355Z,2026-07-12T00:19:47.356078Z,2026-07-12T02:19:47.356078Z,7215.602088,7,2.9450000000000003,33.95585738539976,4.123711340206189,1.748,57.74647887323944,33.95585738539976,75.45383500172791,2,0,2,0,1.0,False
FIL,2026-07-12T00:19:54.404Z,2026-07-12T00:19:54.404981Z,2026-07-12T02:19:54.404981Z,7208.553185,7,0.7785,12.845215157353898,2.688860435339311,-1.014,51.40845070422535,12.845215157353898,50.343350764710735,3,2,1,0,1.0,False
GIGGLE,2026-07-12T00:20:09.396Z,2026-07-12T00:20:09.396949Z,2026-07-12T02:20:09.396949Z,7793.762635,7,26.28,7.610350076103337,2.079322294955715,-0.536,46.478873239436616,7.610350076103337,45.687710735028865,0,0,0,0,,
HEI,2026-07-12T00:20:21.069Z,2026-07-12T00:20:21.069548Z,2026-07-12T02:20:21.069548Z,7782.090036,7,0.10439999999999999,19.157088122604584,5.096153846153846,-2.622,53.87323943661972,19.157088122604584,60.52176091287354,1,1,0,0,1.0,False
RSR,2026-07-12T00:21:58.345Z,2026-07-12T00:21:58.346153Z,2026-07-12T02:21:58.346153Z,7684.813431,7,0.0012575,7.9522862823054945,3.3884948778565858,-1.552,46.83098591549296,7.9522862823054945,51.90517383551938,0,0,0,0,,
SAGA,2026-07-12T00:22:06.029Z,2026-07-12T00:22:06.029977Z,2026-07-12T02:22:06.029977Z,7677.129607,7,0.012845,7.785130400933898,3.2134659525631237,-0.684,50.352112676056336,7.785130400933898,56.47518845400694,0,0,0,0,,
UMA,2026-07-12T00:22:40.482Z,2026-07-12T00:22:40.482745Z,2026-07-12T02:22:40.482745Z,7642.676839,7,0.3845,26.007802340702234,15.64102564102564,3.448,47.88732394366197,26.007802340702234,66.23380542970365,0,0,0,0,,
ALT,2026-07-12T00:28:29.500Z,2026-07-12T00:28:29.500925Z,2026-07-12T02:28:29.500925Z,7293.658659,7,0.006685,14.958863126401784,3.543913713405241,-1.964,42.605633802816904,14.958863126401784,39.75645902359016,0,0,0,0,,
BEAMX,2026-07-12T00:28:49.929Z,2026-07-12T00:28:49.929420Z,2026-07-12T02:28:49.929420Z,7273.230164,7,0.0016510000000000001,12.113870381587212,5.634674922600615,1.7,29.929577464788732,12.113870381587212,61.37048194025594,0,0,0,0,,
CYBER,2026-07-12T00:29:22.946Z,2026-07-12T00:29:22.947100Z,2026-07-12T02:29:22.947100Z,7240.212484,7,0.365,54.79452054794526,9.333333333333343,6.232,43.309859154929576,54.79452054794526,72.48980528234243,0,0,0,0,,
DASH,2026-07-12T00:29:29.724Z,2026-07-12T00:29:29.724422Z,2026-07-12T02:29:29.724422Z,7233.435162,7,34.394999999999996,8.722197993892728,3.0936694356917744,0.029,32.74647887323944,8.722197993892728,63.216477554416336,1,0,0,1,-1.0,False
F,2026-07-12T00:29:40.809Z,2026-07-12T00:29:40.810066Z,2026-07-12T02:29:40.810066Z,7222.349518,7,0.003475,28.776978417266267,9.037900874635566,-2.557,33.45070422535211,28.776978417266267,54.96115481852599,0,0,0,0,,
GPS,2026-07-12T00:29:54.958Z,2026-07-12T00:29:54.958436Z,2026-07-12T02:29:54.958436Z,7208.201148,7,0.00996,20.080321285139746,6.422924901185765,-1.843,35.2112676056338,20.080321285139746,60.772465442557156,1,1,0,0,1.0,False
LA,2026-07-12T00:30:16.230Z,2026-07-12T00:30:16.230576Z,2026-07-12T02:30:16.230576Z,7787.197773,7,0.05995,50.04170141784848,7.2131147540983624,0.993,38.732394366197184,50.04170141784848,59.38932427621718,0,0,0,0,,
LINEA,2026-07-12T00:30:28.312Z,2026-07-12T00:30:28.312195Z,2026-07-12T02:30:28.312195Z,7775.116154,7,0.0024035000000000003,4.160599126272931,2.549342105263157,-1.499,43.66197183098591,4.160599126272931,49.41894662977271,1,1,0,0,1.0,False
NEO,2026-07-12T00:30:42.940Z,2026-07-12T00:30:42.940533Z,2026-07-12T02:30:42.940533Z,7760.487816,7,1.9695,5.077430820004518,2.3761375126390147,0.713,35.91549295774648,5.077430820004518,72.21784223489908,1,1,0,0,1.0,False
OSMO,2026-07-12T00:30:46.369Z,2026-07-12T00:30:46.369981Z,2026-07-12T02:30:46.369981Z,7757.058368,7,0.03505,28.530670470754902,5.367231638418076,0.0,40.84507042253521,28.530670470754902,38.36016954743432,2,1,1,0,1.0,False
QNT,2026-07-12T00:30:59.621Z,2026-07-12T00:30:59.622121Z,2026-07-12T02:30:59.622121Z,7743.806228,7,65.89500000000001,16.693224068593885,2.7460984393757477,-2.23,30.633802816901408,16.693224068593885,57.29720379268614,8,3,5,0,0.25,False
RAY,2026-07-12T00:31:09.461Z,2026-07-12T00:31:09.461829Z,2026-07-12T02:31:09.461829Z,7733.96652,7,0.68055,7.346998751009403,1.8467753570913334,-0.517,33.098591549295776,7.346998751009403,46.63669311507747,3,1,2,0,1.0,False
SAPIEN,2026-07-12T00:31:25.574Z,2026-07-12T00:31:25.574867Z,2026-07-12T02:31:25.574867Z,7717.853482,7,0.0762,26.246719160105737,6.380208333333336,0.787,37.32394366197183,26.246719160105737,53.72226996194829,1,1,0,0,1.0,False
SPK,2026-07-12T00:31:36.638Z,2026-07-12T00:31:36.638834Z,2026-07-12T02:31:36.638834Z,7706.789515,7,0.01717,11.648223645893527,1.7195306146159965,-1.251,41.19718309859155,11.648223645893527,55.26101705766968,14,4,10,0,0.8571,False
TNSR,2026-07-12T00:31:43.590Z,2026-07-12T00:31:43.590497Z,2026-07-12T02:31:43.590497Z,7699.837852,7,0.03195,31.298904538342057,3.680981595092024,-2.102,30.985915492957748,31.298904538342057,54.34440856415566,1,1,0,0,1.0,False
TST,2026-07-12T00:31:50.279Z,2026-07-12T00:31:50.279569Z,2026-07-12T02:31:50.279569Z,7693.14878,7,0.010589999999999999,37.77148253068943,5.475504322766564,1.859,37.67605633802817,37.77148253068943,65.43751171661464,0,0,0,0,,
USUAL,2026-07-12T00:32:01.303Z,2026-07-12T00:32:01.303433Z,2026-07-12T02:32:01.303433Z,7682.124916,7,0.009305,10.746910263300727,10.075026795284028,4.129,35.563380281690144,10.746910263300727,46.88213652189037,0,0,0,0,,
BB,2026-07-12T00:38:07.296Z,2026-07-12T00:38:07.297115Z,2026-07-12T02:38:07.297115Z,7316.131234,7,0.01925,51.94805194805344,3.0927835051546384,1.042,17.95774647887324,51.94805194805344,61.080128281465086,0,0,0,0,,
BOME,2026-07-12T00:38:14.513Z,2026-07-12T00:38:14.513657Z,2026-07-12T02:38:14.513657Z,7308.914692,7,0.0004123,4.85083676934283,4.0708812260536344,0.53,27.112676056338028,4.85083676934283,47.244036955031,2,1,0,1,1.0,False
EDEN,2026-07-12T00:38:43.912Z,2026-07-12T00:38:43.912644Z,2026-07-12T02:38:43.912644Z,7279.515705,7,0.04342,18.424689083370968,2.813299232736563,1.558,20.422535211267604,18.424689083370968,72.40348419597761,1,1,0,0,1.0,False
ENS,2026-07-12T00:38:49.055Z,2026-07-12T00:38:49.055490Z,2026-07-12T02:38:49.055490Z,7274.372859,7,4.145,24.125452352233232,1.670644391408121,0.48,25.35211267605634,24.125452352233232,61.26349382567769,0,0,0,0,,
FLUX,2026-07-12T00:39:14.383Z,2026-07-12T00:39:14.383552Z,2026-07-12T02:39:14.383552Z,7249.044797,7,0.04455,22.446689113356424,7.65864332603938,1.782,19.366197183098592,22.446689113356424,61.0938838641989,0,0,0,0,,
MET,2026-07-12T00:39:40.828Z,2026-07-12T00:39:40.828228Z,2026-07-12T02:39:40.828228Z,7222.600121,7,0.15305000000000002,19.601437438745158,3.4920634920634948,1.876,26.056338028169016,19.601437438745158,65.79603770565328,3,2,1,0,1.0,False
NIL,2026-07-12T00:39:53.167Z,2026-07-12T00:39:53.167648Z,2026-07-12T02:39:53.167648Z,7210.260701,7,0.034895,20.060180541625048,2.705781828538876,-1.982,22.183098591549296,20.060180541625048,57.71595391722705,0,0,0,0,,
PEOPLE,2026-07-12T00:40:12.838Z,2026-07-12T00:40:12.839180Z,2026-07-12T02:40:12.839180Z,7790.896088,7,0.005495,18.19836214740599,4.48833034111311,1.089,19.014084507042252,18.19836214740599,63.15910564425159,1,0,1,0,1.0,False
SHELL,2026-07-12T00:40:26.556Z,2026-07-12T00:40:26.556721Z,2026-07-12T02:40:26.556721Z,7777.178547,7,0.02135,46.83840749414491,3.2258064516128995,-1.364,26.760563380281692,46.83840749414491,54.550409166624306,0,0,0,0,,
SIGN,2026-07-12T00:40:33.376Z,2026-07-12T00:40:33.376921Z,2026-07-12T02:40:33.376921Z,7770.358347,7,0.00885,22.598870056496253,5.784204671857616,2.978,28.52112676056338,22.598870056496253,67.39579006688473,0,0,0,0,,
TOWNS,2026-07-12T00:40:49.168Z,2026-07-12T00:40:49.169058Z,2026-07-12T02:40:49.169058Z,7754.56621,7,0.0019649999999999997,50.89058524173042,2.5125628140703586,0.0,24.295774647887324,50.89058524173042,54.763141373038934,0,0,0,0,,
YB,2026-07-12T00:41:00.314Z,2026-07-12T00:41:00.314848Z,2026-07-12T02:41:00.314848Z,7743.42042,7,0.07665,13.046314416177804,9.431524547803601,0.389,22.535211267605632,13.046314416177804,62.742225776480744,0,0,0,0,,
ZKC,2026-07-12T00:41:09.796Z,2026-07-12T00:41:09.796932Z,2026-07-12T02:41:09.796932Z,7733.938336,7,0.04435,22.54791431792624,1.7817371937639241,0.673,29.225352112676056,22.54791431792624,47.46742061320837,0,0,0,0,,
RED,2026-07-12T00:46:34.699Z,2026-07-12T00:46:34.699822Z,2026-07-12T02:46:34.699822Z,7409.035446,7,0.11205000000000001,8.924587237840504,4.347826086956523,2.735,15.845070422535212,8.924587237840504,55.74718753539896,0,0,0,0,,
1000CAT,2026-07-12T00:47:03.831Z,2026-07-12T00:47:03.832051Z,2026-07-12T02:47:03.832051Z,7379.903217,7,0.001315,76.04562737642605,4.615384615384627,-2.256,4.929577464788732,76.04562737642605,49.99581100086024,62,14,44,4,0.0,False
A,2026-07-12T00:47:10.614Z,2026-07-12T00:47:10.614969Z,2026-07-12T02:47:10.614969Z,7373.120299,7,0.0743,53.835800807536685,7.133243606998653,-5.949,9.507042253521126,53.835800807536685,48.70535438270422,0,0,0,0,,
HAEDAL,2026-07-12T00:48:30.311Z,2026-07-12T00:48:30.312209Z,2026-07-12T02:48:30.312209Z,7293.423059,7,0.01651,12.113870381586421,3.8414634146341586,-2.959,9.859154929577464,12.113870381586421,58.04752700552204,0,0,0,0,,
HIVE,2026-07-12T00:48:36.128Z,2026-07-12T00:48:36.129036Z,2026-07-12T02:48:36.129036Z,7287.606232,7,0.04945,20.222446916077423,3.815261044176705,0.403,13.028169014084508,20.222446916077423,42.476140182574916,1,1,0,0,1.0,False
KERNEL,2026-07-12T00:48:53.006Z,2026-07-12T00:48:53.006938Z,2026-07-12T02:48:53.006938Z,7270.72833,7,0.04055,24.660912453759785,3.250000000000006,-2.913,14.084507042253522,24.660912453759785,50.387929774227864,0,0,0,0,,
MAGIC,2026-07-12T00:49:04.249Z,2026-07-12T00:49:04.249714Z,2026-07-12T02:49:04.249714Z,7259.485554,7,0.043,46.511627906976464,4.0094339622641515,-3.855,4.577464788732394,46.511627906976464,35.79906139211291,64,14,44,6,0.7188,False
ONT,2026-07-12T00:49:26.665Z,2026-07-12T00:49:26.665239Z,2026-07-12T02:49:26.665239Z,7237.070029,7,0.046315,6.477383137213051,2.414928649835354,-0.153,10.56338028169014,6.477383137213051,54.393929903317215,10,4,5,1,0.4,False
PIXEL,2026-07-12T00:49:33.123Z,2026-07-12T00:49:33.123901Z,2026-07-12T02:49:33.123901Z,7230.611367,7,0.004635,21.574973031284703,6.034482758620687,-3.132,14.788732394366198,21.574973031284703,50.086962885923946,48,17,26,5,-0.0417,False
PROVE,2026-07-12T00:49:40.023Z,2026-07-12T00:49:40.023786Z,2026-07-12T02:49:40.023786Z,7223.711482,7,0.20095000000000002,14.929086837521506,1.344621513944227,-0.347,3.8732394366197185,14.929086837521506,54.61563431653137,0,0,0,0,,
SUSHI,2026-07-12T00:49:53.048Z,2026-07-12T00:49:53.048896Z,2026-07-12T02:49:53.048896Z,7210.686372,7,0.16394999999999998,42.695943885331275,4.884004884004888,-0.426,5.985915492957746,42.695943885331275,43.811009036069045,6,6,0,0,1.0,False
VANA,2026-07-12T00:50:03.483Z,2026-07-12T00:50:03.484397Z,2026-07-12T02:50:03.484397Z,7200.250871,7,1.2235,24.519820187986216,4.4877222692633305,-3.984,10.211267605633802,24.519820187986216,55.56761461713492,0,0,0,0,,
VELODROME,2026-07-12T00:50:10.396Z,2026-07-12T00:50:10.396865Z,2026-07-12T02:50:10.396865Z,7793.601549,7,0.02135,28.103044496487595,4.2985356636750005,-1.351,6.690140845070423,28.103044496487595,51.475360323122075,0,0,0,0,,
AAVE,2026-07-12T00:56:05.675Z,2026-07-12T00:56:05.675976Z,2026-07-12T02:56:05.675976Z,7438.322438,7,98.91499999999999,1.0109690138002443,7.884792156061689,3.117,95.4225352112676,1.0109690138002443,57.21220066728737,4,3,1,0,1.0,False
ADA,2026-07-12T00:56:11.087Z,2026-07-12T00:56:11.088048Z,2026-07-12T02:56:11.088048Z,7432.910366,7,0.16505,6.058770069675188,7.025045815516194,-1.859,95.77464788732394,6.058770069675188,42.99981550848089,20,8,11,1,0.45,False
BNB,2026-07-12T00:56:29.436Z,2026-07-12T00:56:29.436321Z,2026-07-12T02:56:29.436321Z,7414.562093,7,573.995,0.17421754544884374,2.2273546445505956,-0.527,97.88732394366197,0.17421754544884374,46.92116032312191,33,28,4,1,0.8788,False
COTI,2026-07-12T00:56:41.241Z,2026-07-12T00:56:41.241786Z,2026-07-12T02:56:41.241786Z,7402.756628,7,0.00809,24.721878862792565,3.3582089552238727,-1.591,0.352112676056338,24.721878862792565,54.680957058224166,0,0,0,0,,
ENA,2026-07-12T00:56:51.198Z,2026-07-12T00:56:51.198742Z,2026-07-12T02:56:51.198742Z,7392.799672,7,0.08045,12.430080795525528,6.265664160400991,-1.966,92.6056338028169,12.430080795525528,53.961001845306654,2,2,0,0,1.0,False
HMSTR,2026-07-12T00:57:11.059Z,2026-07-12T00:57:11.059376Z,2026-07-12T02:57:11.059376Z,7372.939038,7,0.0002065,19.370460048426622,20.987654320987655,-5.682,89.08450704225352,19.370460048426622,55.17620635431625,0,0,0,0,,
LTC,2026-07-12T00:57:27.958Z,2026-07-12T00:57:27.959032Z,2026-07-12T02:57:27.959032Z,7356.039382,7,44.644999999999996,2.239892485160267,2.765287769784182,-0.537,88.73239436619718,2.239892485160267,52.750295029399275,18,17,1,0,1.0,False
SOL,2026-07-12T00:57:56.328Z,2026-07-12T00:57:56.328262Z,2026-07-12T02:57:56.328262Z,7327.670152,7,76.815,1.3018290698419457,4.259234915209688,-2.249,98.59154929577464,1.3018290698419457,50.00105572369556,35,19,11,5,0.6857,False
SYRUP,2026-07-12T00:58:09.772Z,2026-07-12T00:58:09.773098Z,2026-07-12T02:58:09.773098Z,7314.225316,7,0.18995,5.26454330086807,8.675078864353306,4.62,87.67605633802818,5.26454330086807,67.72669493651897,0,0,0,0,,
USDE,2026-07-12T00:58:33.242Z,2026-07-12T00:58:33.242440Z,2026-07-12T02:58:33.242440Z,7290.755974,7,1.00015,0.9998500224965152,8.208358328334327,0.08,98.94366197183099,0.9998500224965152,64.94052799359677,0,0,0,0,,
XLM,2026-07-12T00:58:47.674Z,2026-07-12T00:58:47.674941Z,2026-07-12T02:58:47.674941Z,7276.323473,7,0.18575,5.3835800807531085,6.026058631921823,-3.155,94.71830985915493,5.3835800807531085,36.49606448236261,18,13,3,2,0.8333,False
XRP,2026-07-12T00:58:57.808Z,2026-07-12T00:58:57.808996Z,2026-07-12T02:58:57.808996Z,7266.189418,7,1.0955499999999998,0.9127835333849574,2.7264409881061344,-0.978,97.53521126760563,0.9127835333849574,38.11368019342145,39,18,18,3,0.5897,False
ZRO,2026-07-12T00:59:07.124Z,2026-07-12T00:59:07.124360Z,2026-07-12T02:59:07.124360Z,7256.874054,7,0.9065000000000001,11.031439602868184,6.366630076838632,-2.253,89.78873239436619,11.031439602868184,49.821617108966834,2,1,1,0,1.0,False
CRV,2026-07-12T01:11:01.132Z,2026-07-12T01:11:01.132871Z,2026-07-12T03:11:01.132871Z,7742.336384,7,0.20935,4.7766897539999515,6.029908345393155,0.631,82.04225352112677,4.7766897539999515,60.84697305772774,1,1,0,0,1.0,False
DOT,2026-07-12T01:11:07.591Z,2026-07-12T01:11:07.591734Z,2026-07-12T03:11:07.591734Z,7735.877521,7,0.8554999999999999,11.689070718877861,4.817861339600475,-2.743,79.92957746478874,11.689070718877861,64.25655767425407,3,2,1,0,-0.3333,False
DYDX,2026-07-12T01:11:13.503Z,2026-07-12T01:11:13.503295Z,2026-07-12T03:11:13.503295Z,7729.96596,7,0.128865,13.192100259962245,3.8377020875843706,-2.285,80.63380281690141,13.192100259962245,56.48920327537055,0,0,0,0,,
GALA,2026-07-12T01:11:33.040Z,2026-07-12T01:11:33.040928Z,2026-07-12T03:11:33.040928Z,7710.428327,7,0.0021075,4.744958481613915,5.486044273339748,-4.24,74.64788732394366,4.744958481613915,51.194871863841215,8,8,0,0,1.0,False
ICP,2026-07-12T01:11:38.444Z,2026-07-12T01:11:38.444385Z,2026-07-12T03:11:38.444385Z,7705.02487,7,2.2775,4.3907793633365095,3.3673017279574684,-1.398,82.3943661971831,4.3907793633365095,54.44335004463879,5,4,1,0,0.6,False
INJ,2026-07-12T01:11:44.340Z,2026-07-12T01:11:44.340292Z,2026-07-12T03:11:44.340292Z,7699.128963,7,4.9155,2.0343810395693906,4.916700528240553,-2.727,83.09859154929578,2.0343810395693906,35.728779710956,3,3,0,0,1.0,False
KAITO,2026-07-12T01:11:57.788Z,2026-07-12T01:11:57.789026Z,2026-07-12T03:11:57.789026Z,7685.680229,7,0.67125,10.428305400371292,12.580500224651786,8.746,78.87323943661971,10.428305400371292,76.64936626691468,6,6,0,0,1.0,False
MORPHO,2026-07-12T01:12:03.853Z,2026-07-12T01:12:03.853689Z,2026-07-12T03:12:03.853689Z,7679.615566,7,2.083,9.601536245800402,9.623630300142922,-3.004,76.7605633802817,9.601536245800402,53.26731837635547,2,0,2,0,1.0,False
ONDO,2026-07-12T01:12:09.103Z,2026-07-12T01:12:09.103545Z,2026-07-12T03:12:09.103545Z,7674.36571,7,0.32445,3.082139004468762,4.6267735965453465,-1.698,84.85915492957747,3.082139004468762,55.220256641330685,7,4,3,0,0.7143,False
PARTI,2026-07-12T01:12:16.699Z,2026-07-12T01:12:16.699741Z,2026-07-12T03:12:16.699741Z,7666.769514,7,0.032299999999999995,61.919504643962476,32.8173374613003,-16.753,83.80281690140845,61.919504643962476,59.77354579779116,6,4,2,0,1.0,False
POL,2026-07-12T01:12:24.597Z,2026-07-12T01:12:24.597917Z,2026-07-12T03:12:24.597917Z,7658.871338,7,0.079435,8.812236419714308,1.6989680342310645,0.025,75.70422535211267,8.812236419714308,61.84396305229892,3,2,1,0,0.3333,False
PUMP,2026-07-12T01:12:29.963Z,2026-07-12T01:12:29.963812Z,2026-07-12T03:12:29.963812Z,7653.505443,7,0.0014045,7.119971520113322,6.344628695025232,-4.345,75.35211267605634,7.119971520113322,50.363026341318665,6,6,0,0,1.0,False
PYTH,2026-07-12T01:12:36.396Z,2026-07-12T01:12:36.396465Z,2026-07-12T03:12:36.396465Z,7647.07279,7,0.047025,10.632642211589884,6.9594737958837225,-0.507,75.0,10.632642211589884,49.894518669886885,1,1,0,0,1.0,False
RUNE,2026-07-12T01:12:47.676Z,2026-07-12T01:12:47.676255Z,2026-07-12T03:12:47.676255Z,7635.793,7,0.4055,24.66091245376081,2.970297029702959,0.748,78.16901408450704,24.66091245376081,60.76466283212691,2,2,0,0,0.0,False
SEI,2026-07-12T01:12:55.526Z,2026-07-12T01:12:55.526729Z,2026-07-12T03:12:55.526729Z,7627.942526,7,0.048995,6.123073783038128,4.484029484029479,-2.163,76.05633802816901,6.123073783038128,62.211558641842245,2,1,1,0,1.0,False
SHIB,2026-07-12T01:13:03.365Z,2026-07-12T01:13:03.366149Z,2026-07-12T03:13:03.366149Z,7620.103106,7,4.305e-06,23.22880371660837,3.971962616822432,-3.167,72.88732394366197,23.22880371660837,55.297206513094636,7,5,1,1,0.4286,False
SXT,2026-07-12T01:13:13.609Z,2026-07-12T01:13:13.609836Z,2026-07-12T03:13:13.609836Z,7609.859419,7,0.00963,62.305295950156825,42.44680851063829,33.144,82.74647887323944,62.305295950156825,60.50635150678071,2,1,1,0,1.0,False
TIA,2026-07-12T01:13:23.166Z,2026-07-12T01:13:23.166682Z,2026-07-12T03:13:23.166682Z,7600.302573,7,0.4036,4.955401387511843,6.297229219143582,-0.476,79.22535211267606,4.955401387511843,61.027544963249916,2,1,1,0,1.0,False
TREE,2026-07-12T01:13:33.145Z,2026-07-12T01:13:33.145997Z,2026-07-12T03:13:33.145997Z,7590.323258,7,0.04575,21.857923497268384,7.272727272727261,1.617,85.21126760563381,21.857923497268384,51.93765989865669,0,0,0,0,,
TRUMP,2026-07-12T01:13:38.639Z,2026-07-12T01:13:38.639249Z,2026-07-12T03:13:38.639249Z,7584.830006,7,1.5805,6.32711167352034,5.736137667304007,-3.088,78.52112676056338,6.32711167352034,64.253757905901,29,22,6,1,0.6552,False
VANRY,2026-07-12T01:13:46.082Z,2026-07-12T01:13:46.082270Z,2026-07-12T03:13:46.082270Z,7577.386985,7,0.005690000000000001,31.634446397187673,14.776511831726555,-8.793,74.29577464788733,31.634446397187673,49.04351196493528,14,4,10,0,0.0,False
WIF,2026-07-12T01:13:51.347Z,2026-07-12T01:13:51.347697Z,2026-07-12T03:13:51.347697Z,7572.121558,7,0.15105000000000002,6.620324395896506,4.603068712474976,-2.026,77.8169014084507,6.620324395896506,58.43215967145141,6,6,0,0,0.3333,False
ZK,2026-07-12T01:14:04.917Z,2026-07-12T01:14:04.917771Z,2026-07-12T03:14:04.917771Z,7558.551484,7,0.010615,9.42063118228883,3.7356321839080433,-2.339,79.5774647887324,9.42063118228883,61.88100272366635,0,0,0,0,,
0G,2026-07-12T01:19:40.942Z,2026-07-12T01:19:40.943189Z,2026-07-12T03:19:40.943189Z,7222.526066,7,0.1895,52.770448548812716,7.526881720430115,-4.615,63.732394366197184,52.770448548812716,52.71768006568821,0,0,0,0,,
AVNT,2026-07-12T01:20:00.837Z,2026-07-12T01:20:00.838116Z,2026-07-12T03:20:00.838116Z,7202.631139,7,0.09695000000000001,10.314595152140575,6.139438085327786,-4.187,59.859154929577464,10.314595152140575,59.38039570727651,0,0,0,0,,
BANK,2026-07-12T01:20:08.928Z,2026-07-12T01:20:08.928835Z,2026-07-12T03:20:08.928835Z,7795.341179,7,0.04115,24.301336573512238,20.243902439024396,13.26,64.43661971830986,24.301336573512238,76.84147465297924,2,0,2,0,1.0,False
KMNO,2026-07-12T01:20:57.002Z,2026-07-12T01:20:57.002495Z,2026-07-12T03:20:57.002495Z,7747.267519,7,0.018815,5.314908317831302,3.7116729424421715,-3.328,60.2112676056338,5.314908317831302,51.193785265349526,1,0,1,0,-1.0,False
MITO,2026-07-12T01:21:07.867Z,2026-07-12T01:21:07.867734Z,2026-07-12T03:21:07.867734Z,7736.40228,7,0.02207,9.062075215223917,15.834845735027223,0.685,58.45070422535211,9.062075215223917,61.03937094062558,3,0,3,0,-0.3333,False
NEIRO,2026-07-12T01:21:13.230Z,2026-07-12T01:21:13.230788Z,2026-07-12T03:21:13.230788Z,7731.039226,7,6.1585e-05,17.861492246488147,7.289443441142655,-3.333,60.563380281690144,17.861492246488147,57.49242717550377,2,1,1,0,0.0,False
PAXG,2026-07-12T01:21:33.306Z,2026-07-12T01:21:33.307057Z,2026-07-12T03:21:33.307057Z,7710.962957,7,4101.015,0.024384207324816606,0.37062249451629004,-0.361,66.90140845070422,0.024384207324816606,58.07091804283796,1,1,0,0,1.0,False
RENDER,2026-07-12T01:21:38.682Z,2026-07-12T01:21:38.682286Z,2026-07-12T03:21:38.682286Z,7705.587728,7,1.5415,6.487187804087654,4.109589041095886,-3.097,65.84507042253522,6.487187804087654,55.24765699023171,1,1,0,0,-1.0,False
RESOLV,2026-07-12T01:21:44.865Z,2026-07-12T01:21:44.866072Z,2026-07-12T03:21:44.866072Z,7699.403942,7,0.02015,49.62779156327513,13.61256544502617,-9.906,61.971830985915496,49.62779156327513,53.43822615878581,0,0,0,0,,
SKY,2026-07-12T01:22:05.178Z,2026-07-12T01:22:05.180355Z,2026-07-12T03:22:05.180355Z,7679.089659,7,0.062435,11.211660126531692,7.886275173464203,-1.055,66.19718309859155,11.211660126531692,55.113523504773106,62,14,40,8,-0.0645,False
THETA,2026-07-12T01:22:21.947Z,2026-07-12T01:22:21.948118Z,2026-07-12T03:22:21.948118Z,7662.321896,7,0.15000000000000002,13.333333333333712,13.576158940397345,8.79,65.14084507042253,13.333333333333712,75.83813473757654,0,0,0,0,,
TURBO,2026-07-12T01:22:32.958Z,2026-07-12T01:22:32.959368Z,2026-07-12T03:22:32.959368Z,7651.310646,7,0.0008655,11.554015020219808,12.211981566820274,1.639,59.15492957746479,11.554015020219808,39.84967822790962,0,0,0,0,,
TUT,2026-07-12T01:22:39.742Z,2026-07-12T01:22:39.742623Z,2026-07-12T03:22:39.742623Z,7644.527391,7,0.0128,62.500000000000156,15.144418423106954,11.101,67.25352112676056,62.500000000000156,77.2723680685831,1,0,1,0,1.0,False
XTZ,2026-07-12T01:22:56.587Z,2026-07-12T01:22:56.588043Z,2026-07-12T03:22:56.588043Z,7627.681971,7,0.23275,4.296455424275692,3.721332756382517,-1.492,69.71830985915493,4.296455424275692,56.48788766164024,3,2,1,0,0.0,False
BROCCOLI714,2026-07-12T01:29:04.620Z,2026-07-12T01:29:04.622150Z,2026-07-12T03:29:04.622150Z,7259.647864,7,0.012875000000000001,23.300970873786802,7.971586424625087,0.079,53.521126760563384,23.300970873786802,63.40902220421471,0,0,0,0,,
CKB,2026-07-12T01:29:12.879Z,2026-07-12T01:29:12.879572Z,2026-07-12T03:29:12.879572Z,7251.390442,7,0.0009174999999999999,10.899182561308168,3.736263736263732,-1.194,49.647887323943664,10.899182561308168,65.23188489555795,0,0,0,0,,
DOGS,2026-07-12T01:29:25.565Z,2026-07-12T01:29:25.566017Z,2026-07-12T03:29:25.566017Z,7238.703997,7,3.9109999999999997e-05,10.227563283047717,5.970149253731339,-0.537,57.74647887323944,10.227563283047717,62.82681284845873,0,0,0,0,,
FLOKI,2026-07-12T01:29:45.468Z,2026-07-12T01:29:45.469116Z,2026-07-12T03:29:45.469116Z,7218.800898,7,2.2814999999999998e-05,4.383081306157445,4.311482622085353,-2.614,52.816901408450704,4.383081306157445,48.68073727739934,3,0,3,0,1.0,False
GRT,2026-07-12T01:30:03.794Z,2026-07-12T01:30:03.794858Z,2026-07-12T03:30:03.794858Z,7200.475156,7,0.017715,5.644933672029123,3.887935963407662,-0.569,52.11267605633803,5.644933672029123,54.63561601994828,69,21,42,6,-0.4928,False
HOME,2026-07-12T01:30:14.192Z,2026-07-12T01:30:14.192492Z,2026-07-12T03:30:14.192492Z,7789.857713,7,0.014935,6.695681285570534,8.899456521739122,-5.762,48.23943661971831,6.695681285570534,60.95180558822621,4,1,3,0,1.0,False
HYPER,2026-07-12T01:30:22.728Z,2026-07-12T01:30:22.728779Z,2026-07-12T03:30:22.728779Z,7781.321426,7,0.0697,28.694404591105556,3.93586005830905,-1.86,55.28169014084507,28.694404591105556,59.173574103440345,0,0,0,0,,
IMX,2026-07-12T01:30:29.508Z,2026-07-12T01:30:29.508327Z,2026-07-12T03:30:29.508327Z,7774.541878,7,0.13365,7.48222970445318,3.948367501898261,-2.876,50.352112676056336,7.48222970445318,57.279120653452566,5,1,2,2,0.2,False
MANTA,2026-07-12T01:30:47.919Z,2026-07-12T01:30:47.919495Z,2026-07-12T03:30:47.919495Z,7756.13071,7,0.057625,12.147505422993598,8.13765907868794,-5.103,44.36619718309859,12.147505422993598,56.25716469739631,0,0,0,0,,
MEME,2026-07-12T01:30:55.092Z,2026-07-12T01:30:55.093143Z,2026-07-12T03:30:55.093143Z,7748.957062,7,0.0005614999999999999,17.80943900267185,7.374100719424445,-1.767,57.394366197183096,17.80943900267185,54.063596855586475,51,32,17,2,0.8431,False
MINA,2026-07-12T01:31:00.151Z,2026-07-12T01:31:00.151543Z,2026-07-12T03:31:00.151543Z,7743.898662,7,0.04375,22.857142857141927,6.48148148148149,-0.231,51.40845070422535,22.857142857141927,42.279319676516515,0,0,0,0,,
OPEN,2026-07-12T01:31:12.908Z,2026-07-12T01:31:12.909584Z,2026-07-12T03:31:12.909584Z,7731.140621,7,0.14934999999999998,6.695681285571928,6.898907103825135,-4.563,52.46478873239437,6.695681285571928,52.548789022619346,3,2,1,0,1.0,False
PHA,2026-07-12T01:31:20.210Z,2026-07-12T01:31:20.210609Z,2026-07-12T03:31:20.210609Z,7723.839596,7,0.02565,38.986354775828225,6.800000000000001,-1.575,51.76056338028169,38.986354775828225,56.0403123670432,0,0,0,0,,
PLUME,2026-07-12T01:31:26.633Z,2026-07-12T01:31:26.633442Z,2026-07-12T03:31:26.633442Z,7717.416763,7,0.010395,9.620009620009228,7.396449704142001,-5.234,53.16901408450704,9.620009620009228,60.284224711785846,1,1,0,0,1.0,False
SAND,2026-07-12T01:31:43.732Z,2026-07-12T01:31:43.732911Z,2026-07-12T03:31:43.732911Z,7700.317294,7,0.04931,8.111944838774766,3.748712667353248,-2.49,50.0,8.111944838774766,59.000648587219864,41,15,19,7,-0.0732,False
SOMI,2026-07-12T01:31:56.268Z,2026-07-12T01:31:56.268575Z,2026-07-12T03:31:56.268575Z,7687.78163,7,0.10455,9.564801530368518,5.190989226248775,-1.827,55.63380281690141,9.564801530368518,58.217600753943834,0,0,0,0,,
SSV,2026-07-12T01:32:01.417Z,2026-07-12T01:32:01.417962Z,2026-07-12T03:32:01.417962Z,7682.632243,7,2.0795,14.426544842510765,5.496624879459976,-0.144,50.70422535211268,14.426544842510765,50.04723361757111,0,0,0,0,,
THE,2026-07-12T01:32:08.886Z,2026-07-12T01:32:08.887160Z,2026-07-12T03:32:08.887160Z,7675.163045,7,0.054349999999999996,18.399264029438076,7.606679035250462,-5.106,48.59154929577465,18.399264029438076,59.72481185422366,7,5,2,0,0.1429,False
VET,2026-07-12T01:32:19.791Z,2026-07-12T01:32:19.791723Z,2026-07-12T03:32:19.791723Z,7664.258482,7,0.0049865,10.027073097364212,6.1725888324873015,3.336,54.57746478873239,10.027073097364212,56.67663998438786,1,1,0,0,1.0,False
ZBT,2026-07-12T01:32:27.112Z,2026-07-12T01:32:27.112950Z,2026-07-12T03:32:27.112950Z,7656.937255,7,0.11995,8.336807002916965,10.14975041597339,-6.167,51.056338028169016,8.336807002916965,39.8092934098784,0,0,0,0,,
ZEN,2026-07-12T01:32:32.757Z,2026-07-12T01:32:32.757973Z,2026-07-12T03:32:32.757973Z,7651.292232,7,4.1495,7.229786721291996,4.089581304771182,-1.084,47.88732394366197,7.229786721291996,55.67375027175052,0,0,0,0,,
1000CHEEMS,2026-07-12T01:38:07.377Z,2026-07-12T01:38:07.377275Z,2026-07-12T03:38:07.377275Z,7316.67293,7,0.0004725,105.8201058201061,6.021505376344069,-2.72,30.985915492957748,105.8201058201061,38.87104625086489,3,0,3,0,1.0,False
2Z,2026-07-12T01:38:13.173Z,2026-07-12T01:38:13.173353Z,2026-07-12T03:38:13.173353Z,7310.876852,7,0.07207,8.325239350630028,3.346568349404426,-1.177,40.49295774647887,8.325239350630028,62.691699574852066,0,0,0,0,,
AIXBT,2026-07-12T01:38:20.481Z,2026-07-12T01:38:20.481769Z,2026-07-12T03:38:20.481769Z,7303.568436,7,0.01938,20.639834881321896,9.99471179270227,-5.45,39.7887323943662,20.639834881321896,52.74015494479152,1,1,0,0,1.0,False
AXS,2026-07-12T01:38:32.844Z,2026-07-12T01:38:32.844540Z,2026-07-12T03:38:32.844540Z,7291.205665,7,1.0045,9.955201592831159,4.347826086956514,-1.787,41.901408450704224,9.955201592831159,60.97810786826484,1,0,0,1,1.0,False
BABY,2026-07-12T01:38:38.126Z,2026-07-12T01:38:38.126418Z,2026-07-12T03:38:38.126418Z,7285.923787,7,0.013135,7.613247049867778,4.857363145720884,-3.425,38.732394366197184,7.613247049867778,56.1052515055657,4,4,0,0,1.0,False
BANANA,2026-07-12T01:38:45.468Z,2026-07-12T01:38:45.469039Z,2026-07-12T03:38:45.469039Z,7278.581166,7,3.408,17.605633802817568,4.2623941958887555,0.823,31.338028169014084,17.605633802817568,62.31669289263667,0,0,0,0,,
BLUR,2026-07-12T01:38:52.861Z,2026-07-12T01:38:52.861330Z,2026-07-12T03:38:52.861330Z,7271.188875,7,0.0169,23.668639053255525,10.267062314540073,-8.82,36.61971830985915,23.668639053255525,36.32093685850417,2,0,0,2,-1.0,False
CGPT,2026-07-12T01:39:00.105Z,2026-07-12T01:39:00.105456Z,2026-07-12T03:39:00.105456Z,7263.944749,7,0.01909,10.476689366159867,4.855923159018149,-1.524,29.929577464788732,10.476689366159867,33.04066405966546,3,0,3,0,1.0,False
COOKIE,2026-07-12T01:39:13.151Z,2026-07-12T01:39:13.151820Z,2026-07-12T03:39:13.151820Z,7250.898385,7,0.00915,109.28961748633814,5.494505494505479,0.0,33.80281690140845,109.28961748633814,50.75031151467923,2,1,1,0,1.0,False
CVX,2026-07-12T01:39:20.098Z,2026-07-12T01:39:20.099085Z,2026-07-12T03:39:20.099085Z,7243.95112,7,1.2400000000000002,16.129032258064527,3.9151712887438674,-1.998,34.50704225352113,16.129032258064527,58.177704878826404,0,0,0,0,,
ENJ,2026-07-12T01:39:33.712Z,2026-07-12T01:39:33.713304Z,2026-07-12T03:39:33.713304Z,7230.336901,7,0.028565,10.502363031682915,6.289978678038382,-2.292,36.971830985915496,10.502363031682915,59.77492166710325,41,15,24,2,0.0,False
GUN,2026-07-12T01:39:53.198Z,2026-07-12T01:39:53.198450Z,2026-07-12T03:39:53.198450Z,7210.851755,7,0.004065,24.600246002459023,6.015037593984979,-4.317,39.08450704225352,24.600246002459023,51.109934589274715,1,1,0,0,1.0,False
HEMI,2026-07-12T01:39:58.302Z,2026-07-12T01:39:58.302836Z,2026-07-12T03:39:58.302836Z,7205.747369,7,0.004484999999999999,22.2965440356755,6.292134831460672,-4.095,40.84507042253521,22.2965440356755,51.52726782206552,0,0,0,0,,
HOLO,2026-07-12T01:40:06.037Z,2026-07-12T01:40:06.037983Z,2026-07-12T03:40:06.037983Z,7798.375108,7,0.0736,27.17391304347904,5.578231292517016,-0.407,31.690140845070424,27.17391304347904,59.30509265936092,3,2,1,0,1.0,False
LAYER,2026-07-12T01:40:19.256Z,2026-07-12T01:40:19.256908Z,2026-07-12T03:40:19.256908Z,7785.156183,7,0.06705,14.914243102162994,2.8787878787878767,-1.932,32.394366197183096,14.914243102162994,55.1386600170888,0,0,0,0,,
MIRA,2026-07-12T01:40:38.713Z,2026-07-12T01:40:38.713265Z,2026-07-12T03:40:38.713265Z,7765.699826,7,0.04365,22.909507445590577,6.46651270207853,-5.459,33.45070422535211,22.909507445590577,38.801601362337415,0,0,0,0,,
MUBARAK,2026-07-12T01:40:45.543Z,2026-07-12T01:40:45.543942Z,2026-07-12T03:40:45.543942Z,7758.869149,7,0.013139999999999999,15.220700152207703,13.217522658610271,3.196,43.309859154929576,15.220700152207703,52.941534176862504,1,0,1,0,-1.0,False
NOT,2026-07-12T01:40:58.246Z,2026-07-12T01:40:58.247159Z,2026-07-12T03:40:58.247159Z,7746.165932,7,0.0003895,25.67394094993505,4.94791666666666,-3.03,42.605633802816904,25.67394094993505,53.609764910471505,0,0,0,0,,
ORCA,2026-07-12T01:41:05.190Z,2026-07-12T01:41:05.191095Z,2026-07-12T03:41:05.191095Z,7739.221996,7,1.1665,8.572653236177555,4.4232437120555215,-2.864,38.028169014084504,8.572653236177555,57.75974817905793,10,6,4,0,1.0,False
PNUT,2026-07-12T01:41:14.478Z,2026-07-12T01:41:14.478441Z,2026-07-12T03:41:14.478441Z,7729.93465,7,0.04305,23.228803716609264,5.164319248826293,-1.389,34.15492957746479,23.228803716609264,58.85641074875401,60,18,38,4,0.3333,False
RARE,2026-07-12T01:41:22.615Z,2026-07-12T01:41:22.615733Z,2026-07-12T03:41:22.615733Z,7721.797358,7,0.012750000000000001,78.4313725490205,4.799999999999999,-3.101,35.563380281690144,78.4313725490205,53.33228688396896,0,0,0,0,,
ROSE,2026-07-12T01:41:31.268Z,2026-07-12T01:41:31.268933Z,2026-07-12T03:41:31.268933Z,7713.144158,7,0.005835,17.137960582689963,4.861111111111108,-0.861,36.267605633802816,17.137960582689963,58.908094264145056,67,16,46,5,0.3134,False
RPL,2026-07-12T01:41:37.048Z,2026-07-12T01:41:37.048966Z,2026-07-12T03:41:37.048966Z,7707.364125,7,1.8,111.1111111111112,3.4285714285714315,2.339,34.859154929577464,111.1111111111112,65.04046556848753,0,0,0,0,,
TWT,2026-07-12T01:42:03.506Z,2026-07-12T01:42:03.507161Z,2026-07-12T03:42:03.507161Z,7680.90593,7,0.34925,20.042949176808417,3.4780109226789304,0.636,38.38028169014085,20.042949176808417,59.52895496601812,1,1,0,0,1.0,False
1000SATS,2026-07-12T01:47:38.865Z,2026-07-12T01:47:38.866103Z,2026-07-12T03:47:38.866103Z,7345.546988,7,9.495e-06,31.595576619273,3.6402569593147764,-1.994,16.549295774647888,31.595576619273,53.094827994813336,12,2,9,1,0.8333,False
ANIME,2026-07-12T01:47:44.484Z,2026-07-12T01:47:44.484564Z,2026-07-12T03:47:44.484564Z,7339.928527,7,0.002875,34.782608695652264,3.571428571428581,0.0,21.12676056338028,34.782608695652264,55.38289448285885,0,0,0,0,,
API3,2026-07-12T01:47:51.267Z,2026-07-12T01:47:51.267656Z,2026-07-12T03:47:51.267656Z,7333.145435,7,0.2296,8.710801393727264,4.527296937416772,-1.271,21.830985915492956,8.710801393727264,57.579744578581334,0,0,0,0,,
ARKM,2026-07-12T01:47:58.936Z,2026-07-12T01:47:58.936620Z,2026-07-12T03:47:58.936620Z,7325.476471,7,0.11265,8.877052818463293,4.308797127468581,-3.046,28.87323943661972,8.877052818463293,55.4282932194553,20,7,10,3,0.1,False
C,2026-07-12T01:48:23.771Z,2026-07-12T01:48:23.771762Z,2026-07-12T03:48:23.771762Z,7300.641329,7,0.06755,14.803849000738563,4.8961424332344174,-2.46,25.0,14.803849000738563,53.259798001681254,0,0,0,0,,
CATI,2026-07-12T01:48:29.235Z,2026-07-12T01:48:29.236037Z,2026-07-12T03:48:29.236037Z,7295.177054,7,0.039885000000000004,7.521624670927744,8.780966396860435,1.519,18.309859154929576,7.521624670927744,67.81709421244558,0,0,0,0,,
CETUS,2026-07-12T01:48:36.854Z,2026-07-12T01:48:36.854931Z,2026-07-12T03:48:36.854931Z,7287.55816,7,0.018045,5.541701302299581,3.641456582633041,-1.761,17.95774647887324,5.541701302299581,54.39070027220818,0,0,0,0,,
COMP,2026-07-12T01:48:44.141Z,2026-07-12T01:48:44.141538Z,2026-07-12T03:48:44.141538Z,7280.271553,7,17.34,23.068050749711155,3.2863849765258144,0.888,16.197183098591548,23.068050749711155,59.17427847612252,64,32,31,1,0.1719,False
ERA,2026-07-12T01:49:03.444Z,2026-07-12T01:49:03.444532Z,2026-07-12T03:49:03.444532Z,7260.968559,7,0.07965,12.554927809163715,2.722772277227715,-0.247,19.718309859154928,12.554927809163715,59.381962877617944,0,0,0,0,,
ETC,2026-07-12T01:49:10.338Z,2026-07-12T01:49:10.339045Z,2026-07-12T03:49:10.339045Z,7254.074046,7,6.9350000000000005,14.419610670512869,4.3668122270742336,-2.829,20.774647887323944,14.419610670512869,43.49148772755693,2,1,1,0,1.0,False
EUL,2026-07-12T01:49:17.755Z,2026-07-12T01:49:17.756157Z,2026-07-12T03:49:17.756157Z,7246.656934,7,1.014,39.4477317554241,3.1536113936927803,-2.48,16.901408450704224,39.4477317554241,42.165084016839465,0,0,0,0,,
FF,2026-07-12T01:49:28.620Z,2026-07-12T01:49:28.621044Z,2026-07-12T03:49:28.621044Z,7235.792047,7,0.059045,5.080870522483233,4.434931506849319,-1.783,25.35211267605634,5.080870522483233,44.81656643987598,0,0,0,0,,
HUMA,2026-07-12T01:49:41.248Z,2026-07-12T01:49:41.249114Z,2026-07-12T03:49:41.249114Z,7223.163977,7,0.02321,17.233950883240773,4.6187363834422746,-0.821,23.943661971830984,17.233950883240773,68.83340664257338,0,0,0,0,,
IO,2026-07-12T01:49:48.919Z,2026-07-12T01:49:48.919354Z,2026-07-12T03:49:48.919354Z,7215.493737,7,0.16999999999999998,11.764705882353278,5.525197328476015,-4.466,28.52112676056338,11.764705882353278,57.5254096013965,1,0,1,0,-1.0,False
KAIA,2026-07-12T01:49:56.654Z,2026-07-12T01:49:56.654784Z,2026-07-12T03:49:56.654784Z,7207.758307,7,0.03515,28.449502133713473,3.2163742690058386,-1.441,18.661971830985916,28.449502133713473,51.82233195990946,0,0,0,0,,
MOVE,2026-07-12T01:50:09.635Z,2026-07-12T01:50:09.635984Z,2026-07-12T03:50:09.635984Z,7795.057755,7,0.01125,88.88888888888835,5.4054054054054035,-1.77,26.760563380281692,88.88888888888835,54.93696547866445,0,0,0,0,,
NOM,2026-07-12T01:50:22.449Z,2026-07-12T01:50:22.449927Z,2026-07-12T03:50:22.449927Z,7782.243812,7,0.001555,64.3086816720259,4.4871794871794854,-3.106,22.183098591549296,64.3086816720259,52.96513969081774,0,0,0,0,,
REZ,2026-07-12T01:50:45.460Z,2026-07-12T01:50:45.460850Z,2026-07-12T03:50:45.460850Z,7759.232889,7,0.002619,7.6365024818626654,7.668108533228482,-5.5,23.239436619718308,7.6365024818626654,52.782894484830294,0,0,0,0,,
SAHARA,2026-07-12T01:50:52.923Z,2026-07-12T01:50:52.923683Z,2026-07-12T03:50:52.923683Z,7751.770056,7,0.010105,9.896091044037203,4.15841584158416,-3.257,23.591549295774648,9.896091044037203,44.928996583782954,0,0,0,0,,
SOLV,2026-07-12T01:51:03.802Z,2026-07-12T01:51:03.803011Z,2026-07-12T03:51:03.803011Z,7740.890728,7,0.002745,36.42987249544636,6.273062730627306,-2.518,28.169014084507044,36.42987249544636,56.38783596631388,0,0,0,0,,
STEEM,2026-07-12T01:51:09.276Z,2026-07-12T01:51:09.276966Z,2026-07-12T03:51:09.276966Z,7735.416773,7,0.041215,60.657527599175104,8.337109198006349,8.559,29.225352112676056,60.657527599175104,76.87888665119013,0,0,0,0,,
STO,2026-07-12T01:51:14.755Z,2026-07-12T01:51:14.755900Z,2026-07-12T03:51:14.755900Z,7729.937839,7,0.04455,22.446689113356424,3.6281179138322095,-1.782,22.887323943661972,22.446689113356424,54.12218371703619,0,0,0,0,,
WAL,2026-07-12T01:51:32.445Z,2026-07-12T01:51:32.445973Z,2026-07-12T03:51:32.445973Z,7712.247766,7,0.03175,31.496062992126888,3.514376996805112,-2.188,21.47887323943662,31.496062992126888,55.09827955810172,0,0,0,0,,
YGG,2026-07-12T01:51:44.420Z,2026-07-12T01:51:44.421032Z,2026-07-12T03:51:44.421032Z,7700.272707,7,0.022125,13.559322033897754,4.66082141209045,-2.123,17.253521126760564,13.559322033897754,58.28176402523846,0,0,0,0,,
ACH,2026-07-12T01:57:28.256Z,2026-07-12T01:57:28.257296Z,2026-07-12T03:57:28.257296Z,7356.436443,7,0.004425,22.598870056496253,2.7649769585253527,-0.459,11.971830985915492,22.598870056496253,41.35199356431615,0,0,0,0,,
ACT,2026-07-12T01:57:35.240Z,2026-07-12T01:57:35.240739Z,2026-07-12T03:57:35.240739Z,7349.453,7,0.009004999999999999,33.314825097168814,8.491620111731828,-7.061,13.732394366197184,33.314825097168814,41.50767278683342,1,1,0,0,1.0,False
ACX,2026-07-12T01:57:42.939Z,2026-07-12T01:57:42.939325Z,2026-07-12T03:57:42.939325Z,7341.754414,7,0.0421,33.25415676959649,2.382086707956171,-1.34,8.80281690140845,33.25415676959649,39.89412777055806,68,21,32,15,0.0441,False
AT,2026-07-12T01:57:48.105Z,2026-07-12T01:57:48.105405Z,2026-07-12T03:57:48.105405Z,7336.588334,7,0.15665,31.918289179699993,4.682488774855677,0.711,7.042253521126761,31.918289179699993,63.872522198087054,0,0,0,0,,
AUCTION,2026-07-12T01:57:55.337Z,2026-07-12T01:57:55.337443Z,2026-07-12T03:57:55.337443Z,7329.356296,7,3.315,30.165912518853055,0.9063444108761269,-0.898,12.67605633802817,30.165912518853055,53.75842539396589,0,0,0,0,,
BARD,2026-07-12T01:58:00.297Z,2026-07-12T01:58:00.298092Z,2026-07-12T03:58:00.298092Z,7324.395647,7,0.13169999999999998,15.186028853455259,3.2674772036474153,-0.454,7.746478873239437,15.186028853455259,58.585353292657004,0,0,0,0,,
BFUSD,2026-07-12T01:58:06.327Z,2026-07-12T01:58:06.327231Z,2026-07-12T03:58:06.327231Z,7318.366508,7,0.99905,3.0028527100742406,0.04004805766919863,-0.01,2.816901408450704,3.0028527100742406,52.21991558149177,0,0,0,0,,
BMT,2026-07-12T01:58:13.151Z,2026-07-12T01:58:13.151444Z,2026-07-12T03:58:13.151444Z,7311.542295,7,0.01217,16.433853738701053,2.807597027250207,-1.465,10.915492957746478,16.433853738701053,58.137647631506326,0,0,0,0,,
COW,2026-07-12T01:58:20.321Z,2026-07-12T01:58:20.321613Z,2026-07-12T03:58:20.321613Z,7304.372126,7,0.1412,14.164305949008904,3.3764367816092022,-1.416,1.7605633802816902,14.164305949008904,54.069217672321344,1,0,1,0,-1.0,False
CVC,2026-07-12T01:58:27.914Z,2026-07-12T01:58:27.914257Z,2026-07-12T03:58:27.914257Z,7296.779482,7,0.020775000000000002,24.067388688326332,8.616562948779318,1.506,9.154929577464788,24.067388688326332,39.90359675330548,53,16,34,3,-0.2642,False
DOLO,2026-07-12T01:58:35.816Z,2026-07-12T01:58:35.816844Z,2026-07-12T03:58:35.816844Z,7288.876895,7,0.022609999999999998,8.845643520567297,2.7062999112688684,-0.923,5.633802816901408,8.845643520567297,44.96961118525391,0,0,0,0,,
DYM,2026-07-12T01:58:43.125Z,2026-07-12T01:58:43.125708Z,2026-07-12T03:58:43.125708Z,7281.568031,7,0.015855,6.307158625039163,3.930412371134017,-1.585,7.394366197183099,6.307158625039163,39.29835526280113,0,0,0,0,,
EURI,2026-07-12T01:58:48.317Z,2026-07-12T01:58:48.317948Z,2026-07-12T03:58:48.317948Z,7276.375791,7,1.1402,12.278547623224592,0.23680056130504704,-0.061,5.28169014084507,12.278547623224592,60.373143446286065,0,0,0,0,,
FORM,2026-07-12T01:58:55.231Z,2026-07-12T01:58:55.231209Z,2026-07-12T03:58:55.231209Z,7269.46253,7,0.20445,4.891171435558277,6.249999999999992,-4.169,11.619718309859154,4.891171435558277,59.229328149935554,2,0,2,0,0.0,False
GMT,2026-07-12T01:59:00.449Z,2026-07-12T01:59:00.449379Z,2026-07-12T03:59:00.449379Z,7264.24436,7,0.0077800000000000005,25.706940874036057,3.9370078740157584,-0.91,8.450704225352112,25.706940874036057,57.6445958261712,0,0,0,0,,
ILV,2026-07-12T01:59:19.090Z,2026-07-12T01:59:19.090383Z,2026-07-12T03:59:19.090383Z,7245.603356,7,3.135,31.897926634769476,3.548387096774204,-2.516,4.225352112676056,31.897926634769476,49.84886666230282,0,0,0,0,,
INIT,2026-07-12T01:59:24.825Z,2026-07-12T01:59:24.825778Z,2026-07-12T03:59:24.825778Z,7239.867961,7,0.05675,17.621145374449842,3.552397868561282,-1.054,13.380281690140846,17.621145374449842,45.80340006860607,0,0,0,0,,
LISTA,2026-07-12T01:59:38.439Z,2026-07-12T01:59:38.439820Z,2026-07-12T03:59:38.439820Z,7226.253919,7,0.048549999999999996,20.59732234809391,4.158004158004162,-1.232,8.098591549295774,20.59732234809391,39.98671402983554,0,0,0,0,,
NEWT,2026-07-12T01:59:51.116Z,2026-07-12T01:59:51.116928Z,2026-07-12T03:59:51.116928Z,7213.576811,7,0.04775,62.82722513088894,4.631578947368422,-1.452,2.464788732394366,62.82722513088894,37.49010542697693,12,8,4,0,1.0,False
NMR,2026-07-12T01:59:58.435Z,2026-07-12T01:59:58.436075Z,2026-07-12T03:59:58.436075Z,7206.257664,7,9.645,10.368066355624455,3.783231083844591,-2.395,11.267605633802816,10.368066355624455,44.586428333281475,0,0,0,0,,
NXPC,2026-07-12T02:00:07.921Z,2026-07-12T02:00:07.921751Z,2026-07-12T04:00:07.921751Z,7795.336037,7,0.26344999999999996,26.570506737520535,2.9096477794793247,-2.537,3.1690140845070425,26.570506737520535,52.39192177470124,0,0,0,0,,
RVN,2026-07-12T02:00:30.073Z,2026-07-12T02:00:30.073646Z,2026-07-12T04:00:30.073646Z,7773.184142,7,0.00387,51.67958656330762,5.291005291005294,-4.304,14.43661971830986,51.67958656330762,48.331975964453996,1,1,0,0,1.0,False
SOPH,2026-07-12T02:00:37.698Z,2026-07-12T02:00:37.698290Z,2026-07-12T04:00:37.698290Z,7765.559498,7,0.004815,20.768431983384406,4.42105263157895,-3.061,12.32394366197183,20.768431983384406,54.118818821121295,0,0,0,0,,
TURTLE,2026-07-12T02:00:50.779Z,2026-07-12T02:00:50.779639Z,2026-07-12T04:00:50.779639Z,7752.478149,7,0.03385,29.54209748892256,3.550295857988165,-2.312,15.492957746478874,29.54209748892256,55.477971129510635,0,0,0,0,,
WCT,2026-07-12T02:01:09.377Z,2026-07-12T02:01:09.377540Z,2026-07-12T04:01:09.377540Z,7733.880248,7,0.045200000000000004,13.2743362831853,3.204122787362762,0.022,6.338028169014085,13.2743362831853,63.90977324033523,0,0,0,0,,
XAI,2026-07-12T02:01:15.108Z,2026-07-12T02:01:15.109117Z,2026-07-12T04:01:15.109117Z,7728.148671,7,0.0070550000000000005,70.87172218284984,4.291845493562231,-1.41,2.112676056338028,70.87172218284984,53.900361586190265,0,0,0,0,,
XVG,2026-07-12T02:01:22.969Z,2026-07-12T02:01:22.969706Z,2026-07-12T04:01:22.969706Z,7720.288082,7,0.002176,55.14705882352876,4.617537313432842,-1.651,3.5211267605633805,55.14705882352876,25.67484344682326,64,15,35,14,-0.3281,False
1INCH,2026-07-12T02:07:03.234Z,2026-07-12T02:07:03.235132Z,2026-07-12T04:07:03.235132Z,7380.022656,7,0.07385,40.62288422477924,5.73770491803278,1.105,0.704225352112676,40.62288422477924,41.493019775452304,0,0,0,0,,
ARB,2026-07-12T02:07:16.529Z,2026-07-12T02:07:16.529357Z,2026-07-12T04:07:16.529357Z,7366.728431,7,0.10005,9.995002498749523,10.366492146596865,4.258,93.66197183098592,9.995002498749523,71.68143730618726,23,12,9,2,0.5652,False
BCH,2026-07-12T02:07:26.194Z,2026-07-12T02:07:26.194317Z,2026-07-12T04:07:26.194317Z,7357.063471,7,245.75,4.069175991862573,2.8278688524590185,-0.041,91.90140845070422,4.069175991862573,55.11331577166711,1,1,0,0,1.0,False
BTC,2026-07-12T02:07:35.654Z,2026-07-12T02:07:35.654233Z,2026-07-12T04:07:35.654233Z,7347.603555,7,64155.884999999995,0.0015587034614263787,1.2647367917321262,-0.35,100.0,0.0015587034614263787,58.23768331223195,39,16,20,3,0.359,False
DOGE,2026-07-12T02:07:47.469Z,2026-07-12T02:07:47.469847Z,2026-07-12T04:07:47.469847Z,7335.787941,7,0.07344500000000001,1.3615630744088938,4.51915128134471,-2.091,95.07042253521126,1.3615630744088938,48.56024995497316,10,3,4,3,0.2,False
ETH,2026-07-12T02:07:56.559Z,2026-07-12T02:07:56.559619Z,2026-07-12T04:07:56.559619Z,7326.698169,7,1809.8249999999998,0.055253961018280257,2.839204977841431,-0.232,99.64788732394366,0.055253961018280257,62.83422599864602,54,26,21,7,0.2407,False
EUR,2026-07-12T02:08:00.114Z,2026-07-12T02:08:00.114554Z,2026-07-12T04:08:00.114554Z,7323.143234,7,1.1411,1.7526947682059237,0.1490312965722832,-0.07,96.47887323943662,1.7526947682059237,61.9045636775857,0,0,0,0,,
FDUSD,2026-07-12T02:08:04.537Z,2026-07-12T02:08:04.537582Z,2026-07-12T04:08:04.537582Z,7318.720206,7,0.99735,1.002657041158961,0.05013033888109645,-0.03,94.01408450704226,1.002657041158961,53.85401252530335,0,0,0,0,,
HBAR,2026-07-12T02:08:09.592Z,2026-07-12T02:08:09.592794Z,2026-07-12T04:08:09.592794Z,7313.664994,7,0.068425,1.4614541468776034,7.219526540214671,-3.064,98.2394366197183,1.4614541468776034,62.65806162979297,23,11,7,5,0.3043,False
LINK,2026-07-12T02:08:18.949Z,2026-07-12T02:08:18.949970Z,2026-07-12T04:08:18.949970Z,7304.307818,7,8.0245,1.246183562840329,3.3324885960466393,-0.842,91.19718309859155,1.246183562840329,59.64445463410728,17,7,7,3,0.4118,False
LPT,2026-07-12T02:08:26.190Z,2026-07-12T02:08:26.190464Z,2026-07-12T04:08:26.190464Z,7297.067324,7,1.5775000000000001,31.695721077655246,3.3226837060702903,-2.431,1.056338028169014,31.695721077655246,36.96687021295131,0,0,0,0,,
MASK,2026-07-12T02:08:37.333Z,2026-07-12T02:08:37.333240Z,2026-07-12T04:08:37.333240Z,7285.924548,7,0.405,49.38271604938276,3.5714285714285747,-2.0,1.408450704225352,49.38271604938276,46.300356998949425,2,2,0,0,1.0,False
MMT,2026-07-12T02:08:42.772Z,2026-07-12T02:08:42.772953Z,2026-07-12T04:08:42.772953Z,7280.484835,7,0.17835,16.820857863750753,17.900172117039574,-13.24,89.43661971830986,16.820857863750753,49.96844159259633,0,0,0,0,,
NEAR,2026-07-12T02:08:49.157Z,2026-07-12T02:08:49.157612Z,2026-07-12T04:08:49.157612Z,7274.100176,7,1.8885,5.29520783690819,3.527525387493322,-1.214,92.25352112676056,5.29520783690819,57.991690355195146,7,2,4,1,0.4286,False
PENGU,2026-07-12T02:08:55.255Z,2026-07-12T02:08:55.256052Z,2026-07-12T04:08:55.256052Z,7268.001736,7,0.0060999999999999995,3.2786885245891773,5.291790306627103,-3.223,90.14084507042253,3.2786885245891773,54.99297904693793,3,1,1,1,1.0,False
PEPE,2026-07-12T02:09:00.386Z,2026-07-12T02:09:00.386591Z,2026-07-12T04:09:00.386591Z,7262.871197,7,2.735e-06,36.56307129798868,5.947955390334562,-3.584,91.54929577464789,36.56307129798868,32.75805446496203,6,4,0,2,0.6667,False
SUI,2026-07-12T02:09:10.770Z,2026-07-12T02:09:10.770407Z,2026-07-12T04:09:10.770407Z,7252.487381,7,0.73105,1.3678954927842006,4.553608389678477,-1.213,97.1830985915493,1.3678954927842006,46.44610177514506,2,0,2,0,0.5,False
TAO,2026-07-12T02:09:20.570Z,2026-07-12T02:09:20.570696Z,2026-07-12T04:09:20.570696Z,7242.687092,7,209.64999999999998,4.769854519436887,4.94425593795443,-2.735,90.84507042253522,4.769854519436887,59.5672123367042,11,7,3,1,0.6364,False
TRX,2026-07-12T02:09:26.540Z,2026-07-12T02:09:26.541105Z,2026-07-12T04:09:26.541105Z,7236.716683,7,0.32985,3.031681067153085,0.8806559368357163,-0.212,90.49295774647888,3.031681067153085,54.096156304386305,27,21,6,0,0.6296,False
UNI,2026-07-12T02:09:35.963Z,2026-07-12T02:09:35.964164Z,2026-07-12T04:09:35.964164Z,7227.293624,7,3.6494999999999997,2.740101383750897,10.58085628579221,5.313,93.30985915492958,2.740101383750897,57.57824097263851,24,18,3,3,0.4167,False
USD1,2026-07-12T02:09:39.576Z,2026-07-12T02:09:39.577155Z,2026-07-12T04:09:39.577155Z,7223.680633,7,0.99935,1.0006504227746935,0.05003001801081209,0.0,99.29577464788733,1.0006504227746935,68.56791816528643,0,0,0,0,,
VIRTUAL,2026-07-12T02:09:49.303Z,2026-07-12T02:09:49.303727Z,2026-07-12T04:09:49.303727Z,7213.954061,7,0.6099,9.837678307918248,9.689336691855598,-4.245,92.95774647887323,9.837678307918248,56.6423772222881,2,2,0,0,1.0,False
WLD,2026-07-12T02:09:55.058Z,2026-07-12T02:09:55.058886Z,2026-07-12T04:09:55.058886Z,7208.198902,7,0.40215,2.4866343404199673,8.614232209737821,4.569,94.36619718309859,2.4866343404199673,63.9045576535658,10,4,6,0,1.0,False
XPL,2026-07-12T02:10:05.241Z,2026-07-12T02:10:05.242222Z,2026-07-12T04:10:05.242222Z,7798.097628,7,0.092175,7.59425006780587,6.296621325142601,-0.372,88.38028169014085,7.59425006780587,50.73516580296909,1,1,0,0,1.0,False
ZEC,2026-07-12T02:10:14.760Z,2026-07-12T02:10:14.760950Z,2026-07-12T04:10:14.760950Z,7788.5789,7,515.7049999999999,3.296458246477329,7.797848188727678,1.472,96.83098591549296,3.296458246477329,56.893345543396705,11,5,3,3,0.0909,False
LDO,2026-07-12T02:16:05.116Z,2026-07-12T02:16:05.116944Z,2026-07-12T04:16:05.116944Z,7438.222906,7,0.30984999999999996,9.682104243989754,9.427168576104744,1.159,86.97183098591549,9.682104243989754,56.77068931937255,1,1,0,0,1.0,False
PENDLE,2026-07-12T02:16:15.897Z,2026-07-12T02:16:15.898108Z,2026-07-12T04:16:15.898108Z,7427.441742,7,1.5385,6.4998375040616825,6.0327868852459074,0.993,86.26760563380282,6.4998375040616825,62.379553907834875,1,1,0,0,1.0,False
1MBABYDOGE,2026-07-12T02:21:48.253Z,2026-07-12T02:21:48.253600Z,2026-07-12T04:21:48.253600Z,7695.670639,7,0.00032575,21.488871834229226,17.254060680355504,9.497,72.1830985915493,21.488871834229226,66.88398697930606,0,0,0,0,,
ALGO,2026-07-12T02:21:53.267Z,2026-07-12T02:21:53.267966Z,2026-07-12T04:21:53.267966Z,7690.656273,7,0.08445,11.841326228537936,4.161712247324618,-2.095,73.94366197183099,11.841326228537936,64.21912773598473,1,0,1,0,1.0,False
ALLO,2026-07-12T02:21:58.151Z,2026-07-12T02:21:58.151982Z,2026-07-12T04:21:58.151982Z,7685.772257,7,0.3649,10.9619073718815,18.237980123556273,-9.504,81.69014084507042,10.9619073718815,51.89230622256629,19,1,17,1,-0.4737,False
APT,2026-07-12T02:22:03.879Z,2026-07-12T02:22:03.879406Z,2026-07-12T04:22:03.879406Z,7680.044833,7,0.6285000000000001,15.91089896579158,4.5016077170418045,-1.738,83.45070422535211,15.91089896579158,62.918729699678174,4,2,2,0,1.0,False
ASTER,2026-07-12T02:22:09.097Z,2026-07-12T02:22:09.097745Z,2026-07-12T04:22:09.097745Z,7674.826494,7,0.6234999999999999,16.038492381716132,3.398058252427188,-1.435,76.40845070422536,16.038492381716132,64.08500300270796,4,1,3,0,-0.5,False
BONK,2026-07-12T02:22:16.313Z,2026-07-12T02:22:16.314192Z,2026-07-12T04:22:16.314192Z,7667.610047,7,4.015e-06,24.906600249065768,5.569620253164567,-4.358,84.50704225352112,24.906600249065768,60.88751571060667,34,23,9,2,0.9412,False
CHZ,2026-07-12T02:22:22.874Z,2026-07-12T02:22:22.874964Z,2026-07-12T04:22:22.874964Z,7661.049275,7,0.017215,5.808887598024741,5.961426066627704,-0.058,81.33802816901408,5.808887598024741,51.73177778224682,1,1,0,0,1.0,False
EIGEN,2026-07-12T02:22:40.231Z,2026-07-12T02:22:40.231465Z,2026-07-12T04:22:40.231465Z,7643.692774,7,0.23225,12.917115177610105,8.990256864481836,-4.444,73.59154929577464,12.917115177610105,43.68868027218651,6,5,1,0,1.0,False
EPIC,2026-07-12T02:22:45.830Z,2026-07-12T02:22:45.830246Z,2026-07-12T04:22:45.830246Z,7638.093993,7,0.3935,25.412960609911078,19.84536082474227,15.476,80.28169014084507,25.412960609911078,72.00985415819656,2,2,0,0,0.0,False
FET,2026-07-12T02:22:52.790Z,2026-07-12T02:22:52.790851Z,2026-07-12T04:22:52.790851Z,7631.133388,7,0.16065000000000002,6.22471210706609,3.9141414141414033,-2.222,72.53521126760563,6.22471210706609,63.359048001897946,1,1,0,0,1.0,False
IOTA,2026-07-12T02:23:14.051Z,2026-07-12T02:23:14.051996Z,2026-07-12T04:23:14.051996Z,7609.872243,7,0.039150000000000004,25.542784163472774,12.628865979381446,-0.513,80.98591549295774,25.542784163472774,61.48380804209979,0,0,0,0,,
JUP,2026-07-12T02:23:19.062Z,2026-07-12T02:23:19.063138Z,2026-07-12T04:23:19.063138Z,7604.861101,7,0.20115,4.9714143673869735,6.563126252505009,-1.578,85.91549295774648,4.9714143673869735,58.052592750324045,22,12,10,0,0.9091,False
STRK,2026-07-12T02:24:18.672Z,2026-07-12T02:24:18.673110Z,2026-07-12T04:24:18.673110Z,7545.251129,7,0.03065,32.62642740619996,4.276315789473693,-0.654,73.2394366197183,32.62642740619996,58.34796789492838,2,0,2,0,1.0,False
SYN,2026-07-12T02:24:27.689Z,2026-07-12T02:24:27.689814Z,2026-07-12T04:24:27.689814Z,7536.234425,7,0.30100499999999997,18.272121725552566,9.40410615923885,2.981,85.56338028169014,18.272121725552566,62.56864992278469,0,0,0,0,,
TLM,2026-07-12T02:24:38.369Z,2026-07-12T02:24:38.369450Z,2026-07-12T04:24:38.369450Z,7525.554789,7,0.001814,11.025358324145802,16.81715575620767,-7.03,84.15492957746478,11.025358324145802,48.33335149340963,0,0,0,0,,
WLFI,2026-07-12T02:25:02.974Z,2026-07-12T02:25:02.974674Z,2026-07-12T04:25:02.974674Z,7500.949565,7,0.05795,17.256255392580304,2.24137931034482,0.173,77.11267605633803,17.256255392580304,60.113943363141736,3,1,2,0,0.3333,False
APE,2026-07-12T02:30:51.024Z,2026-07-12T02:30:51.025047Z,2026-07-12T04:30:51.025047Z,7752.505642,7,0.1588,12.594458438287516,6.88775510204082,-2.061,69.36619718309859,12.594458438287516,68.45330150283041,1,1,0,0,1.0,False
ATOM,2026-07-12T02:30:58.819Z,2026-07-12T02:30:58.819754Z,2026-07-12T04:30:58.819754Z,7744.710935,7,1.5755,6.347191367820451,2.7954256670902184,-1.625,65.49295774647888,6.347191367820451,51.14840183414406,40,15,21,4,0.525,False
BIO,2026-07-12T02:31:18.197Z,2026-07-12T02:31:18.197534Z,2026-07-12T04:31:18.197534Z,7725.333155,7,0.02912,6.868131868131588,4.697986577181213,-0.352,62.32394366197183,6.868131868131588,62.71156230336719,2,1,0,1,1.0,False
CAKE,2026-07-12T02:31:23.732Z,2026-07-12T02:31:23.733040Z,2026-07-12T04:31:23.733040Z,7719.797649,7,1.4144999999999999,7.069635913751234,4.019746121297614,1.141,71.47887323943662,7.069635913751234,64.78779567950409,3,1,2,0,1.0,False
CFX,2026-07-12T02:31:36.026Z,2026-07-12T02:31:36.026900Z,2026-07-12T04:31:36.026900Z,7707.503789,7,0.043800000000000006,4.566210045661914,5.967078189300414,1.887,63.028169014084504,4.566210045661914,63.28805355104237,0,0,0,0,,
ETHFI,2026-07-12T02:31:46.641Z,2026-07-12T02:31:46.641722Z,2026-07-12T04:31:46.641722Z,7696.888967,7,0.4195,23.837902264600736,8.43373493975903,2.978,68.30985915492958,23.837902264600736,68.06522739215546,4,4,0,0,1.0,False
JTO,2026-07-12T02:31:55.646Z,2026-07-12T02:31:55.647104Z,2026-07-12T04:31:55.647104Z,7687.883585,7,0.5884,6.798096532971906,7.777036048064081,-2.664,71.12676056338029,6.798096532971906,44.022629796513655,2,2,0,0,1.0,False
KITE,2026-07-12T02:32:06.691Z,2026-07-12T02:32:06.692092Z,2026-07-12T04:32:06.692092Z,7676.838597,7,0.11324999999999999,8.83002207505544,8.31168831168831,-3.266,67.6056338028169,8.83002207505544,46.40785648387763,0,0,0,0,,
OP,2026-07-12T02:32:33.786Z,2026-07-12T02:32:33.786280Z,2026-07-12T04:32:33.786280Z,7649.744409,7,0.10185,9.818360333824533,7.050645481628609,-2.987,68.66197183098592,9.818360333824533,61.36137971764257,8,3,5,0,0.25,False
ORDI,2026-07-12T02:32:44.098Z,2026-07-12T02:32:44.098652Z,2026-07-12T04:32:44.098652Z,7639.432037,7,3.4065,8.806693086746261,7.544910179640713,-4.188,66.54929577464789,8.806693086746261,54.84649678122804,6,3,2,1,0.0,False
S,2026-07-12T02:33:14.088Z,2026-07-12T02:33:14.088943Z,2026-07-12T04:33:14.088943Z,7609.441746,7,0.02627,15.226494099734236,6.0358255451713365,-1.571,69.01408450704226,15.226494099734236,55.34350158616575,0,0,0,0,,
SKL,2026-07-12T02:33:20.969Z,2026-07-12T02:33:20.969961Z,2026-07-12T04:33:20.969961Z,7602.560728,7,0.004625000000000001,64.86486486486409,25.64102564102565,-2.5,70.77464788732394,64.86486486486409,66.76814275417874,0,0,0,0,,
SNX,2026-07-12T02:33:32.723Z,2026-07-12T02:33:32.723479Z,2026-07-12T04:33:32.723479Z,7590.80721,7,0.2415,41.40786749482405,4.824561403508764,-1.299,60.91549295774648,41.40786749482405,55.497539911741086,1,0,0,1,-1.0,False
STX,2026-07-12T02:33:39.595Z,2026-07-12T02:33:39.595680Z,2026-07-12T04:33:39.595680Z,7583.935009,7,0.17615,5.6769798467209185,4.953379953379958,-0.981,59.50704225352113,5.6769798467209185,57.84937004679832,44,7,35,2,0.5909,False
TRB,2026-07-12T02:33:50.882Z,2026-07-12T02:33:50.882931Z,2026-07-12T04:33:50.882931Z,7572.647758,7,15.07,13.271400132713717,6.479625918503679,-2.918,61.61971830985915,13.271400132713717,61.51500769961423,0,0,0,0,,
W,2026-07-12T02:34:08.930Z,2026-07-12T02:34:08.930404Z,2026-07-12T04:34:08.930404Z,7554.600285,7,0.009805,10.19887812340601,9.015544041450786,-1.931,64.78873239436619,10.19887812340601,60.82847326826847,0,0,0,0,,
AR,2026-07-12T02:34:53.669Z,2026-07-12T02:34:53.669794Z,2026-07-12T04:34:53.669794Z,7509.860895,7,1.9825,5.04413619167774,3.04568527918782,-1.746,57.04225352112676,5.04413619167774,42.23157844611694,0,0,0,0,,
BANANAS31,2026-07-12T02:34:58.870Z,2026-07-12T02:34:58.871025Z,2026-07-12T04:34:58.871025Z,7504.659664,7,0.007667500000000001,14.346266710139842,4.610801709623111,-2.476,56.690140845070424,14.346266710139842,51.62155307598165,0,0,0,0,,
BERA,2026-07-12T02:35:05.125Z,2026-07-12T02:35:05.125447Z,2026-07-12T04:35:05.125447Z,7498.405242,7,0.1965,50.89058524173033,4.081632653061227,-2.488,47.183098591549296,50.89058524173033,29.74409251568259,3,1,1,1,0.3333,False
DASH,2026-07-12T02:35:30.528Z,2026-07-12T02:35:30.528414Z,2026-07-12T04:35:30.528414Z,7473.002275,7,34.33,5.825808330906825,4.931024361608452,-2.824,44.014084507042256,5.825808330906825,60.01026197508692,2,1,1,0,1.0,False
EGLD,2026-07-12T02:35:42.974Z,2026-07-12T02:35:42.974881Z,2026-07-12T04:35:42.974881Z,7460.555808,7,2.965,33.72681281618965,4.778156996587034,4.643,56.33802816901409,33.72681281618965,74.65848400971875,1,0,1,0,1.0,False
ENSO,2026-07-12T02:35:49.712Z,2026-07-12T02:35:49.712831Z,2026-07-12T04:35:49.712831Z,7453.817858,7,0.7075,14.13427561837457,6.268221574344013,-5.379,53.87323943661972,14.13427561837457,58.96967159132775,0,0,0,0,,
FIL,2026-07-12T02:35:57.266Z,2026-07-12T02:35:57.266227Z,2026-07-12T04:35:57.266227Z,7446.264462,7,0.7835000000000001,12.763241863433322,4.161248374512358,-2.535,55.985915492957744,12.763241863433322,59.918354264111805,2,2,0,0,1.0,False
GIGGLE,2026-07-12T02:36:15.705Z,2026-07-12T02:36:15.705179Z,2026-07-12T04:36:15.705179Z,7427.82551,7,26.515,11.314350367716814,3.9795114263199434,-2.833,48.943661971830984,11.314350367716814,61.37006232040733,0,0,0,0,,
HEI,2026-07-12T02:36:28.402Z,2026-07-12T02:36:28.402640Z,2026-07-12T04:36:28.402640Z,7415.128049,7,0.1066,18.761726078799786,5.190989226248775,-3.77,44.71830985915493,18.761726078799786,56.79968168463651,0,0,0,0,,
RSR,2026-07-12T02:37:40.495Z,2026-07-12T02:37:40.495312Z,2026-07-12T04:37:40.495312Z,7343.035377,7,0.0012575,7.9522862823054945,5.4706355591311455,-2.433,46.12676056338028,7.9522862823054945,62.21311659094603,0,0,0,0,,
SAGA,2026-07-12T02:37:47.068Z,2026-07-12T02:37:47.068949Z,2026-07-12T04:37:47.068949Z,7336.46174,7,0.012855,7.779074290159154,5.682715074980269,-3.65,54.225352112676056,7.779074290159154,51.12076274471387,0,0,0,0,,
UMA,2026-07-12T02:38:21.386Z,2026-07-12T02:38:21.386611Z,2026-07-12T04:38:21.386611Z,7302.144078,7,0.3835,26.0756192959583,15.625,1.319,47.53521126760563,26.0756192959583,61.49151337345723,0,0,0,0,,
ALT,2026-07-12T02:44:32.905Z,2026-07-12T02:44:32.905651Z,2026-07-12T04:44:32.905651Z,7530.397055,7,0.006705,14.914243102161958,4.836193447737902,-1.838,40.140845070422536,14.914243102161958,55.860375710930434,0,0,0,0,,
CYBER,2026-07-12T02:45:28.737Z,2026-07-12T02:45:28.737424Z,2026-07-12T04:45:28.737424Z,7474.565282,7,0.369,54.200542005420104,9.562841530054653,3.683,43.66197183098591,54.200542005420104,68.24246783288528,6,5,1,0,1.0,False
GPS,2026-07-12T02:45:46.687Z,2026-07-12T02:45:46.687885Z,2026-07-12T04:45:46.687885Z,7456.614821,7,0.010095,9.905894006933721,6.37880274779195,-2.207,32.74647887323944,9.905894006933721,62.302312535045424,2,0,2,0,0.0,False
LA,2026-07-12T02:46:09.044Z,2026-07-12T02:46:09.044583Z,2026-07-12T04:46:09.044583Z,7434.258123,7,0.059550000000000006,50.37783375314889,8.08080808080809,-3.257,35.91549295774648,50.37783375314889,54.84424428345436,0,0,0,0,,
MET,2026-07-12T02:46:27.411Z,2026-07-12T02:46:27.412021Z,2026-07-12T04:46:27.412021Z,7415.890685,7,0.15525,19.323671497585988,5.39119000657463,-1.617,30.633802816901408,19.323671497585988,63.5373448968895,1,1,0,0,1.0,False
NEO,2026-07-12T02:46:46.522Z,2026-07-12T02:46:46.522827Z,2026-07-12T04:46:46.522827Z,7396.779879,7,1.9675,5.0825921219816514,2.9200819672131004,-0.611,37.32394366197183,5.0825921219816514,61.75455039994653,1,1,0,0,1.0,False
OSMO,2026-07-12T02:47:04.039Z,2026-07-12T02:47:04.039640Z,2026-07-12T04:47:04.039640Z,7379.263066,7,0.03495,28.6123032904157,5.999999999999993,-1.408,39.436619718309856,28.6123032904157,40.18296265231692,0,0,0,0,,
RAY,2026-07-12T02:47:20.708Z,2026-07-12T02:47:20.709046Z,2026-07-12T04:47:20.709046Z,7362.59366,7,0.6800999999999999,8.822232024702911,5.254540041679071,-2.975,42.95774647887324,8.822232024702911,60.506307709535456,1,1,0,0,1.0,False
SAPIEN,2026-07-12T02:47:37.755Z,2026-07-12T02:47:37.755307Z,2026-07-12T04:47:37.755307Z,7345.547399,7,0.07694999999999999,12.995451591943194,7.407407407407418,-1.047,35.2112676056338,12.995451591943194,49.70670892131421,0,0,0,0,,
SPK,2026-07-12T02:47:50.474Z,2026-07-12T02:47:50.474296Z,2026-07-12T04:47:50.474296Z,7332.82841,7,0.0171665,13.398188331924803,3.888034086874174,-3.163,42.25352112676056,13.398188331924803,42.20803948566544,20,8,11,1,1.0,False
TST,2026-07-12T02:47:57.763Z,2026-07-12T02:47:57.763403Z,2026-07-12T04:47:57.763403Z,7325.539303,7,0.01066,18.761726078800113,5.512572533849123,-0.097,37.67605633802817,18.761726078800113,59.319008389755425,5,0,5,0,0.6,False
USUAL,2026-07-12T02:48:09.234Z,2026-07-12T02:48:09.234630Z,2026-07-12T04:48:09.234630Z,7314.068076,7,0.009595,10.42209484106263,10.295728368017524,2.584,33.098591549295776,10.42209484106263,68.4144533221691,1,1,0,0,1.0,False
F,2026-07-12T02:53:24.729Z,2026-07-12T02:53:24.729852Z,2026-07-12T04:53:24.729852Z,7599.314531,7,0.0034349999999999997,29.11208151382832,4.81586402266289,-0.282,30.281690140845072,29.11208151382832,72.2730530529691,0,0,0,0,,
BB,2026-07-12T02:54:19.881Z,2026-07-12T02:54:19.881609Z,2026-07-12T04:54:19.881609Z,7544.162774,7,0.01925,51.94805194805344,3.6269430051813427,0.521,16.901408450704224,51.94805194805344,57.52217353990277,0,0,0,0,,
BEAMX,2026-07-12T02:54:27.431Z,2026-07-12T02:54:27.432025Z,2026-07-12T04:54:27.432025Z,7536.612358,7,0.0016640000000000001,12.01923076923106,5.403764420157856,2.362,22.535211267605632,12.01923076923106,67.1446159299714,0,0,0,0,,
BOME,2026-07-12T02:54:35.169Z,2026-07-12T02:54:35.169480Z,2026-07-12T04:54:35.169480Z,7528.874903,7,0.0004128,4.844961240310195,5.484105799563214,-0.435,25.35211267605634,4.844961240310195,60.53571943976707,1,0,0,1,1.0,False
EDEN,2026-07-12T02:55:04.965Z,2026-07-12T02:55:04.966095Z,2026-07-12T04:55:04.966095Z,7499.078288,7,0.043359999999999996,18.450184501845868,3.6384439359267757,1.794,18.661971830985916,18.450184501845868,77.30862986295855,0,0,0,0,,
ENS,2026-07-12T02:55:12.846Z,2026-07-12T02:55:12.846993Z,2026-07-12T04:55:12.846993Z,7491.19739,7,4.145,24.125452352233232,3.381642512077309,-1.193,25.0,24.125452352233232,62.075578073113476,0,0,0,0,,
FLUX,2026-07-12T02:55:39.385Z,2026-07-12T02:55:39.385307Z,2026-07-12T04:55:39.385307Z,7464.659076,7,0.04485,22.296544035675108,8.948545861297532,-0.667,19.014084507042252,22.296544035675108,58.84272815225692,0,0,0,0,,
HIVE,2026-07-12T02:55:47.061Z,2026-07-12T02:55:47.062057Z,2026-07-12T04:55:47.062057Z,7456.982326,7,0.0494,40.485829959515335,3.838383838383836,-0.202,17.6056338028169,40.485829959515335,57.01646458732476,0,0,0,0,,
NIL,2026-07-12T02:56:10.902Z,2026-07-12T02:56:10.902983Z,2026-07-12T04:56:10.902983Z,7433.1414,7,0.03479,22.99511353837216,3.615494978479189,-1.776,23.591549295774648,22.99511353837216,48.93737843940936,0,0,0,0,,
PEOPLE,2026-07-12T02:56:24.216Z,2026-07-12T02:56:24.216355Z,2026-07-12T04:56:24.216355Z,7419.828028,7,0.005464999999999999,18.298261665142658,4.9180327868852345,-0.363,18.309859154929576,18.298261665142658,58.66783572520895,0,0,0,0,,
QNT,2026-07-12T02:56:31.275Z,2026-07-12T02:56:31.275432Z,2026-07-12T04:56:31.275432Z,7412.768951,7,66.39,9.037505648441373,3.40702604482132,-2.897,27.464788732394368,9.037505648441373,43.70854455366592,35,3,30,2,0.3714,False
RED,2026-07-12T02:56:37.421Z,2026-07-12T02:56:37.422158Z,2026-07-12T04:56:37.422158Z,7406.622225,7,0.1125,17.777777777778287,4.456327985739742,2.093,17.253521126760564,17.777777777778287,69.68201244262657,1,1,0,0,1.0,False
SHELL,2026-07-12T02:56:55.086Z,2026-07-12T02:56:55.086674Z,2026-07-12T04:56:55.086674Z,7388.957709,7,0.021449999999999997,46.620046620046345,5.6074766355140175,-2.727,29.225352112676056,46.620046620046345,37.01025376319681,3,0,3,0,1.0,False
TNSR,2026-07-12T02:57:14.614Z,2026-07-12T02:57:14.614309Z,2026-07-12T04:57:14.614309Z,7369.430074,7,0.03175,31.496062992126888,4.374999999999995,-2.141,26.056338028169016,31.496062992126888,53.70132493785746,1,0,1,0,1.0,False
TOWNS,2026-07-12T02:57:22.852Z,2026-07-12T02:57:22.852613Z,2026-07-12T04:57:22.852613Z,7361.19177,7,0.0019649999999999997,50.89058524173042,4.591836734693879,-2.0,25.704225352112676,50.89058524173042,56.90379314186374,3,1,1,1,-0.3333,False
YB,2026-07-12T02:57:34.659Z,2026-07-12T02:57:34.659782Z,2026-07-12T04:57:34.659782Z,7349.384601,7,0.0764,26.178010471203123,10.677083333333332,-1.916,20.070422535211268,26.178010471203123,47.74046440362991,0,0,0,0,,
1000CAT,2026-07-12T03:03:10.655Z,2026-07-12T03:03:10.655928Z,2026-07-12T05:03:10.655928Z,7613.536945,7,0.001315,76.04562737642605,4.545454545454557,-0.752,5.985915492957746,76.04562737642605,42.29399861799555,68,16,47,5,0.2206,False
A,2026-07-12T03:03:21.630Z,2026-07-12T03:03:21.630865Z,2026-07-12T05:03:21.630865Z,7602.562008,7,0.07385,40.62288422477924,6.1497326203208456,-5.196,6.690140845070423,40.62288422477924,38.28327748463671,0,0,0,0,,
HAEDAL,2026-07-12T03:04:47.707Z,2026-07-12T03:04:47.707333Z,2026-07-12T05:04:47.707333Z,7516.48554,7,0.016640000000000002,12.019230769232363,3.9346246973365693,-2.133,10.211267605633802,12.019230769232363,54.225083188198184,0,0,0,0,,
KERNEL,2026-07-12T03:05:06.130Z,2026-07-12T03:05:06.130566Z,2026-07-12T05:05:06.130566Z,7498.062307,7,0.04045,24.72187886279428,3.209876543209883,-1.46,14.43661971830986,24.72187886279428,57.723159862713594,0,0,0,0,,
MAGIC,2026-07-12T03:05:18.516Z,2026-07-12T03:05:18.516825Z,2026-07-12T05:05:18.516825Z,7485.676048,7,0.0432,46.29629629629601,3.953488372093024,-2.494,4.225352112676056,46.29629629629601,42.54841120979719,64,17,44,3,0.625,False
ONT,2026-07-12T03:05:43.181Z,2026-07-12T03:05:43.181590Z,2026-07-12T05:05:43.181590Z,7461.011283,7,0.045855,19.627085377822862,2.333117303953348,1.18,9.507042253521126,19.627085377822862,53.38454393908947,15,3,7,5,0.0667,False
PIXEL,2026-07-12T03:05:50.102Z,2026-07-12T03:05:50.103135Z,2026-07-12T05:05:50.103135Z,7454.089738,7,0.0046949999999999995,21.299254526092568,6.896551724137931,-3.534,14.788732394366198,21.299254526092568,57.013408380938806,42,9,25,8,-0.381,False
PROVE,2026-07-12T03:05:57.813Z,2026-07-12T03:05:57.813267Z,2026-07-12T05:05:57.813267Z,7446.379606,7,0.19979999999999998,10.010010010010298,1.4442231075697278,-0.888,4.929577464788732,10.010010010010298,46.50542032055556,0,0,0,0,,
SUSHI,2026-07-12T03:06:17.086Z,2026-07-12T03:06:17.086303Z,2026-07-12T05:06:17.086303Z,7427.10657,7,0.16375,42.74809160305381,4.884004884004888,-0.426,5.633802816901408,42.74809160305381,43.67581334200347,0,0,0,0,,
VANA,2026-07-12T03:06:28.685Z,2026-07-12T03:06:28.686151Z,2026-07-12T05:06:28.686151Z,7415.506722,7,1.206,16.583747927031524,3.924775143090763,0.658,10.56338028169014,16.583747927031524,72.58878580625927,0,0,0,0,,
VELODROME,2026-07-12T03:06:36.073Z,2026-07-12T03:06:36.073640Z,2026-07-12T05:06:36.073640Z,7408.119233,7,0.021339999999999998,28.116213683224476,4.380593499764486,-2.256,7.042253521126761,28.116213683224476,41.904195955159565,4,4,0,0,1.0,False
AAVE,2026-07-12T03:12:38.972Z,2026-07-12T03:12:38.973187Z,2026-07-12T05:12:38.973187Z,7644.635718,7,98.195,1.018381791334092,7.801131770412287,3.993,95.4225352112676,1.018381791334092,61.35988366651925,9,9,0,0,1.0,False
ADA,2026-07-12T03:12:45.483Z,2026-07-12T03:12:45.483690Z,2026-07-12T05:12:45.483690Z,7638.125215,7,0.16475,6.06980273141056,6.9612590799031535,-0.781,95.77464788732394,6.06980273141056,43.08624363636275,16,10,5,1,0.6875,False
AVAX,2026-07-12T03:12:55.109Z,2026-07-12T03:12:55.110043Z,2026-07-12T05:12:55.110043Z,7628.498862,7,6.4505,1.5502674211292857,5.6017236072637715,-3.505,89.08450704225352,1.5502674211292857,55.494508186070576,6,4,1,1,1.0,False
BNB,2026-07-12T03:13:04.585Z,2026-07-12T03:13:04.585291Z,2026-07-12T05:13:04.585291Z,7619.023614,7,573.415,0.17439376367885226,2.2174996080617375,-0.101,98.59154929577464,0.17439376367885226,57.519939161625324,16,12,3,1,1.0,False
COTI,2026-07-12T03:13:16.169Z,2026-07-12T03:13:16.169421Z,2026-07-12T05:13:16.169421Z,7607.439484,7,0.008074999999999999,37.15170278637835,3.3415841584158343,-1.102,0.352112676056338,37.15170278637835,42.33840951260494,0,0,0,0,,
ENA,2026-07-12T03:13:26.912Z,2026-07-12T03:13:26.912664Z,2026-07-12T05:13:26.912664Z,7596.696241,7,0.08074999999999999,12.383900928792926,6.218905472636804,-2.545,92.6056338028169,12.383900928792926,57.699882059323265,6,6,0,0,1.0,False
HMSTR,2026-07-12T03:13:54.485Z,2026-07-12T03:13:54.485707Z,2026-07-12T05:13:54.485707Z,7569.123198,7,0.00020695000000000002,14.4962551340894,20.71150097465887,-3.933,89.43661971830986,14.4962551340894,54.37050145279862,1,1,0,0,1.0,False
LTC,2026-07-12T03:14:14.182Z,2026-07-12T03:14:14.182941Z,2026-07-12T05:14:14.182941Z,7549.425964,7,44.525000000000006,2.245929253228076,2.7529095792300895,-0.045,90.14084507042253,2.245929253228076,66.0802542424357,14,13,1,0,0.8571,False
SOL,2026-07-12T03:14:35.538Z,2026-07-12T03:14:35.538196Z,2026-07-12T05:14:35.538196Z,7528.070709,7,76.57499999999999,1.3059092393085363,4.21929938794115,-1.222,98.94366197183099,1.3059092393085363,57.829364399309604,26,16,8,2,0.6538,False
SYRUP,2026-07-12T03:14:45.718Z,2026-07-12T03:14:45.718899Z,2026-07-12T05:14:45.718899Z,7517.890006,7,0.19025,5.2562417871216285,6.8313189700473,2.532,88.38028169014085,5.2562417871216285,51.295185379000856,3,2,1,0,1.0,False
USDE,2026-07-12T03:15:10.499Z,2026-07-12T03:15:10.499372Z,2026-07-12T05:15:10.499372Z,7493.109533,7,1.0000499999999999,0.999950002499765,8.128374325134965,0.05,96.83098591549296,0.999950002499765,68.52610505117545,2,1,1,0,0.0,False
XLM,2026-07-12T03:15:24.825Z,2026-07-12T03:15:24.826180Z,2026-07-12T05:15:24.826180Z,7478.782725,7,0.18685000000000002,5.351886540006247,5.96774193548387,-2.821,94.71830985915493,5.351886540006247,64.06247412615014,22,14,8,0,1.0,False
XRP,2026-07-12T03:15:34.175Z,2026-07-12T03:15:34.175805Z,2026-07-12T05:15:34.175805Z,7469.4331,7,1.09485,0.9133671279169656,2.718234060020072,-0.859,97.88732394366197,0.9133671279169656,56.976744708435504,31,17,11,3,0.6129,False
TREE,2026-07-12T03:21:26.784Z,2026-07-12T03:21:26.784276Z,2026-07-12T05:21:26.784276Z,7716.647586,7,0.04505,22.19755826859109,9.230769230769237,6.808,87.32394366197182,22.19755826859109,63.17393934081912,0,0,0,0,,
CRV,2026-07-12T03:27:29.431Z,2026-07-12T03:27:29.431628Z,2026-07-12T05:27:29.431628Z,7354.000234,7,0.20685,4.834421078075367,5.980861244019144,0.674,82.04225352112677,4.834421078075367,62.785090310777626,0,0,0,0,,
DOT,2026-07-12T03:27:35.826Z,2026-07-12T03:27:35.826415Z,2026-07-12T05:27:35.826415Z,7347.605447,7,0.8494999999999999,11.771630370806369,4.7953216374269045,-2.951,80.98591549295774,11.771630370806369,61.04503628591314,12,3,9,0,0.5,False
DYDX,2026-07-12T03:27:41.248Z,2026-07-12T03:27:41.248694Z,2026-07-12T05:27:41.248694Z,7342.183168,7,0.13055499999999998,2.297882118647486,3.414028553693348,-1.204,78.52112676056338,2.297882118647486,55.92411824773716,1,1,0,0,1.0,False
GALA,2026-07-12T03:27:59.765Z,2026-07-12T03:27:59.766199Z,2026-07-12T05:27:59.766199Z,7323.665663,7,0.002086,9.58772770853227,4.995242626070412,-3.044,74.29577464788733,9.58772770853227,49.62853874312222,0,0,0,0,,
ICP,2026-07-12T03:28:08.645Z,2026-07-12T03:28:08.645545Z,2026-07-12T05:28:08.645545Z,7314.786317,7,2.2744999999999997,4.396570674873115,3.082342580361087,-1.773,81.69014084507042,4.396570674873115,61.0285378624634,6,4,2,0,1.0,False
INJ,2026-07-12T03:28:15.673Z,2026-07-12T03:28:15.673490Z,2026-07-12T05:28:15.673490Z,7307.758372,7,4.9465,6.064894369756622,6.00692323355732,-2.288,84.85915492957747,6.064894369756622,58.94726852318503,3,3,0,0,0.6667,False
KAITO,2026-07-12T03:28:33.671Z,2026-07-12T03:28:33.671708Z,2026-07-12T05:28:33.671708Z,7289.760154,7,0.6698,11.943863839952568,12.537313432835814,7.769,79.5774647887324,11.943863839952568,58.926220035794714,0,0,0,0,,
MORPHO,2026-07-12T03:28:39.397Z,2026-07-12T03:28:39.397737Z,2026-07-12T05:28:39.397737Z,7284.034125,7,2.05,9.756097560976702,9.739633558341367,-2.17,77.46478873239437,9.756097560976702,58.18532081019233,1,1,0,0,1.0,False
ONDO,2026-07-12T03:28:45.875Z,2026-07-12T03:28:45.875812Z,2026-07-12T05:28:45.875812Z,7277.55605,7,0.32475,3.079291762894195,4.612546125461259,-1.335,84.50704225352112,3.079291762894195,54.61738392976167,5,4,1,0,0.6,False
PARTI,2026-07-12T03:28:57.085Z,2026-07-12T03:28:57.086178Z,2026-07-12T05:28:57.086178Z,7266.345684,7,0.03295,30.349013657057014,33.22884012539185,-18.83,83.45070422535211,30.349013657057014,59.26253650956293,5,1,4,0,0.6,False
POL,2026-07-12T03:29:03.335Z,2026-07-12T03:29:03.336229Z,2026-07-12T05:29:03.336229Z,7260.095633,7,0.07925499999999999,8.832250331209465,1.6981132075471745,-0.063,76.40845070422536,8.832250331209465,67.07159001619462,5,2,3,0,1.0,False
PUMP,2026-07-12T03:29:09.446Z,2026-07-12T03:29:09.446645Z,2026-07-12T05:29:09.446645Z,7253.985217,7,0.0014015,7.135212272566056,6.294706723891272,-3.186,76.05633802816901,7.135212272566056,46.3499342000179,30,29,1,0,0.8,False
PYTH,2026-07-12T03:29:15.555Z,2026-07-12T03:29:15.556078Z,2026-07-12T05:29:15.556078Z,7247.875784,7,0.046674999999999994,10.71237279057342,7.0446735395188975,-3.583,72.53521126760563,10.71237279057342,43.75585632273891,37,20,17,0,0.8108,False
RUNE,2026-07-12T03:29:28.629Z,2026-07-12T03:29:28.629545Z,2026-07-12T05:29:28.629545Z,7234.802317,7,0.4035,24.783147459727406,2.9556650246305307,1.247,78.87323943661971,24.783147459727406,67.99854762155262,3,1,1,1,1.0,False
SEI,2026-07-12T03:29:36.249Z,2026-07-12T03:29:36.249915Z,2026-07-12T05:29:36.249915Z,7227.181947,7,0.049240000000000006,4.061738424045325,4.472125791300791,-1.686,76.7605633802817,4.061738424045325,58.47772487582644,2,1,1,0,1.0,False
SHIB,2026-07-12T03:29:43.098Z,2026-07-12T03:29:43.099253Z,2026-07-12T05:29:43.099253Z,7220.332609,7,4.295e-06,23.28288707799942,3.9627039627039644,-2.055,73.2394366197183,23.28288707799942,60.958815610928745,7,3,4,0,0.1429,False
SXT,2026-07-12T03:29:48.431Z,2026-07-12T03:29:48.431856Z,2026-07-12T05:29:48.431856Z,7215.000006,7,0.008924999999999999,33.61344537815184,42.038216560509554,29.752,82.74647887323944,33.61344537815184,73.93826819665598,3,1,2,0,0.3333,False
TIA,2026-07-12T03:29:58.034Z,2026-07-12T03:29:58.034829Z,2026-07-12T05:29:58.034829Z,7205.397033,7,0.4065,4.920049200492829,6.201935003721166,-0.346,80.28169014084507,4.920049200492829,61.629171067354186,12,3,9,0,0.0833,False
TRUMP,2026-07-12T03:30:09.424Z,2026-07-12T03:30:09.424623Z,2026-07-12T05:30:09.424623Z,7794.637984,7,1.5705,6.3673989175414825,5.710659898477148,-2.354,79.92957746478874,6.3673989175414825,64.71055800369692,20,12,7,1,0.9,False
VANRY,2026-07-12T03:30:17.045Z,2026-07-12T03:30:17.046055Z,2026-07-12T05:30:17.046055Z,7787.016552,7,0.006444500000000001,63.62014120567963,14.526542324246773,-3.928,74.64788732394366,63.62014120567963,48.542702528893614,15,5,10,0,-0.1333,False
WIF,2026-07-12T03:30:23.085Z,2026-07-12T03:30:23.086182Z,2026-07-12T05:30:23.086182Z,7780.976425,7,0.15105000000000002,6.620324395896506,4.584717607973415,-2.209,79.22535211267606,6.620324395896506,67.76623244353912,6,4,1,1,0.3333,False
ZK,2026-07-12T03:30:34.289Z,2026-07-12T03:30:34.289616Z,2026-07-12T05:30:34.289616Z,7769.772991,7,0.010575000000000001,9.456264775414965,3.6931818181818157,-1.216,75.70422535211267,9.456264775414965,68.52567233763598,0,0,0,0,,
ZRO,2026-07-12T03:30:43.512Z,2026-07-12T03:30:43.513250Z,2026-07-12T05:30:43.513250Z,7760.549357,7,0.9035,11.068068622025466,5.292171995589849,-4.123,85.91549295774648,11.068068622025466,59.985751354790835,0,0,0,0,,
0G,2026-07-12T03:36:21.030Z,2026-07-12T03:36:21.030306Z,2026-07-12T05:36:21.030306Z,7423.032301,7,0.1895,52.770448548812716,5.820105820105825,-3.571,60.91549295774648,52.770448548812716,60.34546437219214,0,0,0,0,,
BANK,2026-07-12T03:36:44.138Z,2026-07-12T03:36:44.139016Z,2026-07-12T05:36:44.139016Z,7399.923591,7,0.04015,24.906600249066717,20.194647201946477,14.167,64.08450704225352,24.906600249066717,66.03850076115573,4,1,3,0,-0.5,False
KMNO,2026-07-12T03:37:49.102Z,2026-07-12T03:37:49.102791Z,2026-07-12T05:37:49.102791Z,7334.959816,7,0.018885,5.295207836907383,4.875463698993114,-1.821,63.028169014084504,5.295207836907383,53.24761978266623,7,5,2,0,1.0,False
MITO,2026-07-12T03:38:03.837Z,2026-07-12T03:38:03.837548Z,2026-07-12T05:38:03.837548Z,7320.225059,7,0.021685000000000003,4.611482591653028,15.791855203619908,1.937,59.15492957746479,4.611482591653028,48.27812911816984,11,1,10,0,0.2727,False
NEIRO,2026-07-12T03:38:10.055Z,2026-07-12T03:38:10.055843Z,2026-07-12T05:38:10.055843Z,7314.006764,7,6.182e-05,22.646392753155748,7.213647441104778,-3.693,59.50704225352113,22.646392753155748,56.19109509668581,1,1,0,0,1.0,False
PAXG,2026-07-12T03:38:29.214Z,2026-07-12T03:38:29.214724Z,2026-07-12T05:38:29.214724Z,7294.847883,7,4099.105,0.024395569275021706,0.38818701293631036,-0.294,66.54929577464789,0.024395569275021706,36.91123659354361,5,5,0,0,1.0,False
RENDER,2026-07-12T03:38:35.766Z,2026-07-12T03:38:35.766985Z,2026-07-12T05:38:35.766985Z,7288.295622,7,1.5434999999999999,6.478781988986796,4.090909090909087,-2.593,67.25352112676056,6.478781988986796,58.59759867220078,0,0,0,0,,
RESOLV,2026-07-12T03:38:43.711Z,2026-07-12T03:38:43.711704Z,2026-07-12T05:38:43.711704Z,7280.350903,7,0.019950000000000002,50.12531328320772,12.244897959183671,-7.981,62.67605633802817,50.12531328320772,53.288947423698524,0,0,0,0,,
SKY,2026-07-12T03:39:05.849Z,2026-07-12T03:39:05.850130Z,2026-07-12T05:39:05.850130Z,7258.212477,7,0.060875,11.498973305954928,7.609405617243627,3.428,68.66197183098592,11.498973305954928,67.37810667965555,62,13,44,5,-0.2903,False
THETA,2026-07-12T03:39:26.468Z,2026-07-12T03:39:26.468485Z,2026-07-12T05:39:26.468485Z,7237.594122,7,0.1491,13.413816230718023,9.86754966887417,4.138,65.49295774647888,13.413816230718023,66.93544329885019,2,1,1,0,1.0,False
TURBO,2026-07-12T03:39:37.278Z,2026-07-12T03:39:37.278583Z,2026-07-12T05:39:37.278583Z,7226.784024,7,0.0008554999999999999,11.689070718878135,12.240184757505771,1.643,59.859154929577464,11.689070718878135,67.73407805580604,5,5,0,0,1.0,False
TUT,2026-07-12T03:39:44.914Z,2026-07-12T03:39:44.914745Z,2026-07-12T05:39:44.914745Z,7219.147862,7,0.012545,39.85651654045412,14.568487727632618,6.943,66.90140845070422,39.85651654045412,75.09613949932056,8,0,8,0,0.25,False
AVNT,2026-07-12T03:45:55.738Z,2026-07-12T03:45:55.738225Z,2026-07-12T05:45:55.738225Z,7447.759189,7,0.09605,10.411244143675468,6.051282051282054,-3.465,57.394366197183096,10.411244143675468,64.20556648465177,0,0,0,0,,
BROCCOLI714,2026-07-12T03:46:23.344Z,2026-07-12T03:46:23.344918Z,2026-07-12T05:46:23.344918Z,7420.152496,7,0.012825,7.7972709551653745,7.841614906832288,2.303,54.225352112676056,7.7972709551653745,68.18086920651106,0,0,0,0,,
CKB,2026-07-12T03:46:30.457Z,2026-07-12T03:46:30.457329Z,2026-07-12T05:46:30.457329Z,7413.040085,7,0.0009155000000000001,10.92299290005488,3.719912472647698,-0.544,48.59154929577465,10.92299290005488,67.27514187434426,0,0,0,0,,
DOGS,2026-07-12T03:46:49.726Z,2026-07-12T03:46:49.726288Z,2026-07-12T05:46:49.726288Z,7393.771126,7,3.9155e-05,7.661856723278768,6.716226608561904,-0.408,56.690140845070424,7.661856723278768,64.44010996211718,1,1,0,0,1.0,False
FLOKI,2026-07-12T03:47:03.197Z,2026-07-12T03:47:03.197874Z,2026-07-12T05:47:03.197874Z,7380.29954,7,2.2765e-05,4.392708104547155,4.296361245067956,-1.85,53.16901408450704,4.392708104547155,63.33181786948794,6,0,6,0,1.0,False
GRT,2026-07-12T03:47:15.462Z,2026-07-12T03:47:15.462748Z,2026-07-12T05:47:15.462748Z,7368.034666,7,0.017625000000000002,5.673758865247994,3.9637599093997693,-0.113,53.521126760563384,5.673758865247994,63.412865943750596,0,0,0,0,,
HOME,2026-07-12T03:47:23.532Z,2026-07-12T03:47:23.532308Z,2026-07-12T05:47:23.532308Z,7359.965106,7,0.014945,6.691201070591899,8.851351351351342,-5.128,51.056338028169016,6.691201070591899,45.73957828908079,28,15,13,0,0.9643,False
HYPER,2026-07-12T03:47:30.436Z,2026-07-12T03:47:30.436490Z,2026-07-12T05:47:30.436490Z,7353.060924,7,0.06905,14.482259232438667,3.884892086330946,-0.856,54.57746478873239,14.482259232438667,58.54816461269137,1,1,0,0,1.0,False
IMX,2026-07-12T03:47:38.461Z,2026-07-12T03:47:38.461899Z,2026-07-12T05:47:38.461899Z,7345.035515,7,0.13369999999999999,14.958863126402825,3.978978978978978,-2.274,52.11267605633803,14.958863126402825,62.46464675792206,14,8,5,1,0.5,False
MANTA,2026-07-12T03:47:53.213Z,2026-07-12T03:47:53.214212Z,2026-07-12T05:47:53.214212Z,7330.283202,7,0.059015,15.250360077946253,8.214348669134491,-3.701,45.070422535211264,15.250360077946253,61.51947085247275,1,1,0,0,1.0,False
MEME,2026-07-12T03:48:00.087Z,2026-07-12T03:48:00.087385Z,2026-07-12T05:48:00.087385Z,7323.410029,7,0.0005605,17.841213202498203,7.347670250896042,-1.064,57.04225352112676,17.841213202498203,63.21981449667227,57,44,10,3,0.7193,False
MINA,2026-07-12T03:48:06.610Z,2026-07-12T03:48:06.611125Z,2026-07-12T05:48:06.611125Z,7316.886289,7,0.043399999999999994,46.08294930875549,6.451612903225815,-0.686,47.183098591549296,46.08294930875549,43.858584185317746,1,0,1,0,1.0,False
OPEN,2026-07-12T03:48:17.833Z,2026-07-12T03:48:17.833823Z,2026-07-12T05:48:17.833823Z,7305.663591,7,0.14800000000000002,13.513513513513898,6.831882116543864,-3.052,51.40845070422535,13.513513513513898,65.67023825759703,11,1,9,1,0.7273,False
PHA,2026-07-12T03:48:25.286Z,2026-07-12T03:48:25.286466Z,2026-07-12T05:48:25.286466Z,7298.210948,7,0.02555,39.138943248533415,6.692913385826772,0.0,52.816901408450704,39.138943248533415,60.692075593383855,1,1,0,0,1.0,False
PLUME,2026-07-12T03:48:31.111Z,2026-07-12T03:48:31.112064Z,2026-07-12T05:48:31.112064Z,7292.38535,7,0.010215,9.789525208027012,7.253384912959371,-3.274,50.352112676056336,9.789525208027012,66.04613511859509,0,0,0,0,,
SAND,2026-07-12T03:48:53.139Z,2026-07-12T03:48:53.139570Z,2026-07-12T05:48:53.139570Z,7270.357844,7,0.048920000000000005,4.088307440719375,3.7135278514588905,-1.368,48.943661971830984,4.088307440719375,58.58155902278846,31,15,15,1,0.0968,False
SOMI,2026-07-12T03:49:06.485Z,2026-07-12T03:49:06.485856Z,2026-07-12T05:49:06.485856Z,7257.011558,7,0.10395,9.62000962000856,5.115830115830115,-0.48,55.28169014084507,9.62000962000856,65.65775439695351,0,0,0,0,,
SSV,2026-07-12T03:49:13.307Z,2026-07-12T03:49:13.307873Z,2026-07-12T05:49:13.307873Z,7250.189541,7,2.068,9.671179883944776,5.49132947976878,-0.144,52.46478873239437,9.671179883944776,48.77879650694571,0,0,0,0,,
THE,2026-07-12T03:49:18.909Z,2026-07-12T03:49:18.909658Z,2026-07-12T05:49:18.909658Z,7244.587756,7,0.05425,18.433179723502832,7.037037037037034,-5.429,48.23943661971831,18.433179723502832,61.47885225763424,15,4,9,2,0.0667,False
VET,2026-07-12T03:49:33.071Z,2026-07-12T03:49:33.072029Z,2026-07-12T05:49:33.072029Z,7230.425385,7,0.0049440000000000005,8.09061488673071,5.88592233009708,2.594,53.87323943661972,8.09061488673071,70.65845742848892,6,3,3,0,0.3333,False
ZBT,2026-07-12T03:49:45.357Z,2026-07-12T03:49:45.357236Z,2026-07-12T05:49:45.357236Z,7218.140178,7,0.11925,8.385744234801079,10.376569037656912,-7.722,50.0,8.385744234801079,57.037466243133885,0,0,0,0,,
ZEN,2026-07-12T03:49:52.984Z,2026-07-12T03:49:52.984247Z,2026-07-12T05:49:52.984247Z,7210.513167,7,4.132,9.680542110359264,4.0501446480231476,-0.241,49.647887323943664,9.680542110359264,62.712895890746786,0,0,0,0,,
ZKC,2026-07-12T03:50:00.008Z,2026-07-12T03:50:00.008862Z,2026-07-12T05:50:00.008862Z,7203.488552,7,0.04425,22.598870056496256,6.531531531531531,-0.893,47.53521126760563,22.598870056496256,51.42807457560836,0,0,0,0,,
1000CHEEMS,2026-07-12T03:55:30.763Z,2026-07-12T03:55:30.764159Z,2026-07-12T05:55:30.764159Z,7472.759573,7,0.0004685,106.72358591248694,5.970149253731327,-1.471,30.633802816901408,106.72358591248694,46.88122814995761,2,1,1,0,1.0,False
2Z,2026-07-12T03:55:36.729Z,2026-07-12T03:55:36.729279Z,2026-07-12T05:55:36.729279Z,7466.794453,7,0.07241500000000001,6.904646827315938,3.274139844617093,-0.028,41.19718309859155,6.904646827315938,70.89538915400205,0,0,0,0,,
AIXBT,2026-07-12T03:55:43.802Z,2026-07-12T03:55:43.802870Z,2026-07-12T05:55:43.802870Z,7459.720862,7,0.019325000000000002,25.873221216040342,9.869451697127934,-4.726,35.563380281690144,25.873221216040342,43.80532836635941,3,3,0,0,1.0,False
AXS,2026-07-12T03:55:50.568Z,2026-07-12T03:55:50.569063Z,2026-07-12T05:55:50.569063Z,7452.954669,7,0.9975,10.025062656641612,4.30861723446893,-0.992,42.605633802816904,10.025062656641612,64.87573736317651,1,0,1,0,1.0,False
BABY,2026-07-12T03:55:56.514Z,2026-07-12T03:55:56.515043Z,2026-07-12T05:55:56.515043Z,7447.008689,7,0.013115,7.624857033930303,4.57317073170733,-2.235,36.971830985915496,7.624857033930303,61.37353234348666,0,0,0,0,,
BANANA,2026-07-12T03:56:03.544Z,2026-07-12T03:56:03.544205Z,2026-07-12T05:56:03.544205Z,7439.979527,7,3.391,11.795930404010628,4.609512624779801,4.127,29.929577464788732,11.795930404010628,64.67405689465382,0,0,0,0,,
BLUR,2026-07-12T03:56:08.617Z,2026-07-12T03:56:08.617615Z,2026-07-12T05:56:08.617615Z,7434.906117,7,0.017555,39.874679578468026,10.279263220439706,-8.133,32.74647887323944,39.874679578468026,57.19052466420754,0,0,0,0,,
COOKIE,2026-07-12T03:56:22.885Z,2026-07-12T03:56:22.886344Z,2026-07-12T05:56:22.886344Z,7420.637388,7,0.00925,108.10810810810746,5.494505494505479,0.0,32.394366197183096,108.10810810810746,36.32627818506285,7,2,5,0,0.7143,False
CVX,2026-07-12T03:56:29.795Z,2026-07-12T03:56:29.795385Z,2026-07-12T05:56:29.795385Z,7413.728347,7,1.238,32.31017770597741,3.883495145631054,-0.723,33.80281690140845,32.31017770597741,63.025722281636185,11,1,9,1,0.6364,False
ENJ,2026-07-12T03:56:35.814Z,2026-07-12T03:56:35.814430Z,2026-07-12T05:56:35.814430Z,7407.709302,7,0.028565,10.502363031682915,6.250000000000003,-1.701,35.91549295774648,10.502363031682915,58.3037458636248,7,1,5,1,0.7143,False
GUN,2026-07-12T03:57:06.600Z,2026-07-12T03:57:06.600745Z,2026-07-12T05:57:06.600745Z,7376.922987,7,0.004035,24.78314745972852,5.445544554455459,-2.651,40.140845070422536,24.78314745972852,57.84681145573031,1,1,0,0,1.0,False
HEMI,2026-07-12T03:57:18.451Z,2026-07-12T03:57:18.451307Z,2026-07-12T05:57:18.451307Z,7365.072425,7,0.004445,22.497187851517644,6.236080178173716,-3.024,41.54929577464789,22.497187851517644,59.56151017652837,0,0,0,0,,
HOLO,2026-07-12T03:57:23.826Z,2026-07-12T03:57:23.826256Z,2026-07-12T05:57:23.826256Z,7359.697476,7,0.07135,14.015416958654923,5.578231292517016,0.273,31.690140845070424,14.015416958654923,60.03171971724029,4,0,4,0,1.0,False
IO,2026-07-12T03:57:30.616Z,2026-07-12T03:57:30.616425Z,2026-07-12T05:57:30.616425Z,7352.907307,7,0.16715000000000002,17.947950942267106,5.416666666666665,-2.609,30.985915492957748,17.947950942267106,63.44475502633199,1,1,0,0,1.0,False
LAYER,2026-07-12T03:57:44.214Z,2026-07-12T03:57:44.214711Z,2026-07-12T05:57:44.214711Z,7339.309021,7,0.06695000000000001,14.936519790889148,2.852852852852851,-0.745,34.50704225352113,14.936519790889148,63.89764363042013,2,2,0,0,1.0,False
LINEA,2026-07-12T03:57:49.349Z,2026-07-12T03:57:49.349794Z,2026-07-12T05:57:49.349794Z,7334.173938,7,0.0023875,4.188481675393226,4.912572855953374,-2.91,42.95774647887324,4.188481675393226,53.501339978760775,0,0,0,0,,
MIRA,2026-07-12T03:57:56.496Z,2026-07-12T03:57:56.497050Z,2026-07-12T05:57:56.497050Z,7327.026682,7,0.04365,22.909507445590577,5.517241379310344,-4.814,33.45070422535211,22.909507445590577,52.7687830517968,1,1,0,0,1.0,False
MUBARAK,2026-07-12T03:58:07.723Z,2026-07-12T03:58:07.723313Z,2026-07-12T05:58:07.723313Z,7315.800419,7,0.013049999999999999,15.325670498084996,13.177710843373491,3.994,40.84507042253521,15.325670498084996,44.967599589057066,1,0,1,0,1.0,False
NOT,2026-07-12T03:58:19.189Z,2026-07-12T03:58:19.190060Z,2026-07-12T05:58:19.190060Z,7304.333672,7,0.00038449999999999997,26.007802340701435,4.909560723514206,-3.008,41.901408450704224,26.007802340701435,32.87077135671104,0,0,0,0,,
ORCA,2026-07-12T03:58:24.882Z,2026-07-12T03:58:24.882312Z,2026-07-12T05:58:24.882312Z,7298.64142,7,1.1564999999999999,8.646779074795608,4.381443298969086,-1.938,38.028169014084504,8.646779074795608,59.50351424652406,16,9,7,0,1.0,False
PNUT,2026-07-12T03:58:36.233Z,2026-07-12T03:58:36.233678Z,2026-07-12T05:58:36.233678Z,7287.290054,7,0.042749999999999996,23.391812865496128,5.1282051282051295,-1.379,34.859154929577464,23.391812865496128,58.23169196814838,62,20,36,6,-0.0323,False
RARE,2026-07-12T03:58:43.940Z,2026-07-12T03:58:43.940980Z,2026-07-12T05:58:43.940980Z,7279.582752,7,0.01265,79.05138339920902,3.9370078740157513,-0.781,32.04225352112676,79.05138339920902,61.18947267738869,1,1,0,0,1.0,False
ROSE,2026-07-12T03:58:50.751Z,2026-07-12T03:58:50.751589Z,2026-07-12T05:58:50.751589Z,7272.772143,7,0.005825,17.167381974249714,4.802744425385932,-0.342,36.267605633802816,17.167381974249714,55.40579663474988,71,9,58,4,0.2958,False
RPL,2026-07-12T03:58:58.370Z,2026-07-12T03:58:58.371121Z,2026-07-12T05:58:58.371121Z,7265.152611,7,1.8450000000000002,54.2005420054201,6.703910614525145,4.678,40.49295774647887,54.2005420054201,70.11988565113778,0,0,0,0,,
TWT,2026-07-12T03:59:28.743Z,2026-07-12T03:59:28.743424Z,2026-07-12T05:59:28.743424Z,7234.780308,7,0.34750000000000003,17.266187050359406,3.473019517795637,0.839,39.08450704225352,17.266187050359406,47.62016024687394,2,2,0,0,1.0,False
ANIME,2026-07-12T04:05:17.091Z,2026-07-12T04:05:17.091811Z,2026-07-12T06:05:17.091811Z,7487.40485,7,0.0028250000000000003,35.398230088495666,3.806228373702432,3.584,22.887323943661972,35.398230088495666,64.59099538298443,0,0,0,0,,
API3,2026-07-12T04:05:23.074Z,2026-07-12T04:05:23.074923Z,2026-07-12T06:05:23.074923Z,7481.421738,7,0.2308,8.665511265164893,4.47368421052631,-1.17,19.718309859154928,8.665511265164893,44.955707486422895,0,0,0,0,,
ARKM,2026-07-12T04:05:29.854Z,2026-07-12T04:05:29.854839Z,2026-07-12T06:05:29.854839Z,7474.641822,7,0.1116,17.921146953404286,4.266666666666665,-1.918,27.816901408450704,17.921146953404286,58.4065690573808,15,7,6,2,0.0667,False
C,2026-07-12T04:05:54.292Z,2026-07-12T04:05:54.292701Z,2026-07-12T06:05:54.292701Z,7450.20396,7,0.06634999999999999,15.071590052750999,5.829596412556034,-3.741,22.183098591549296,15.071590052750999,44.71628282778867,0,0,0,0,,
CATI,2026-07-12T04:06:01.075Z,2026-07-12T04:06:01.075845Z,2026-07-12T06:06:01.075845Z,7443.420816,7,0.040385000000000004,7.428500680944733,9.013091641490432,-0.551,20.422535211267604,7.428500680944733,47.241951253234845,0,0,0,0,,
CETUS,2026-07-12T04:06:07.200Z,2026-07-12T04:06:07.200395Z,2026-07-12T06:06:07.200395Z,7437.296266,7,0.017904999999999997,16.755096341803284,3.609106052193214,-1.098,17.95774647887324,16.755096341803284,33.93730267704848,2,2,0,0,1.0,False
CGPT,2026-07-12T04:06:14.384Z,2026-07-12T04:06:14.384452Z,2026-07-12T06:06:14.384452Z,7430.112209,7,0.01883,10.621348911311305,4.761904761904768,0.579,26.408450704225352,10.621348911311305,54.047329332724445,3,1,2,0,0.3333,False
COMP,2026-07-12T04:06:21.187Z,2026-07-12T04:06:21.187868Z,2026-07-12T06:06:21.187868Z,7423.308793,7,16.985,17.66264350897918,3.255813953488365,1.715,15.845070422535212,17.66264350897918,63.64101903013475,55,23,32,0,0.4364,False
ERA,2026-07-12T04:06:37.941Z,2026-07-12T04:06:37.941708Z,2026-07-12T06:06:37.941708Z,7406.554953,7,0.07925,12.618296529967065,2.722772277227715,-1.102,19.366197183098592,12.618296529967065,50.676211218809364,0,0,0,0,,
ETC,2026-07-12T04:06:44.956Z,2026-07-12T04:06:44.956569Z,2026-07-12T06:06:44.956569Z,7399.540092,7,6.865,14.56664238892904,4.3541364296081255,-2.684,23.943661971830984,14.56664238892904,58.73256345321581,1,1,0,0,1.0,False
EUL,2026-07-12T04:06:50.060Z,2026-07-12T04:06:50.060724Z,2026-07-12T06:06:50.060724Z,7394.435937,7,1.017,19.66568338249756,3.087649402390441,-0.496,16.197183098591548,19.66568338249756,62.4467634804557,1,1,0,0,1.0,False
FF,2026-07-12T04:06:55.843Z,2026-07-12T04:06:55.843350Z,2026-07-12T06:06:55.843350Z,7388.653311,7,0.05896,6.784260515603523,4.267256035362119,-1.01,24.295774647887324,6.784260515603523,48.57430684400705,0,0,0,0,,
HUMA,2026-07-12T04:07:14.778Z,2026-07-12T04:07:14.778988Z,2026-07-12T06:07:14.778988Z,7369.717673,7,0.02309,17.323516673884093,4.2787825319806005,-0.57,26.760563380281692,17.323516673884093,66.38219120412731,0,0,0,0,,
KAIA,2026-07-12T04:07:21.462Z,2026-07-12T04:07:21.462276Z,2026-07-12T06:07:21.462276Z,7363.034385,7,0.03465,28.86002886002969,3.1791907514450775,-0.575,28.169014084507044,28.86002886002969,61.240620553704346,1,0,0,1,-1.0,False
NOM,2026-07-12T04:07:50.778Z,2026-07-12T04:07:50.778796Z,2026-07-12T06:07:50.778796Z,7333.717865,7,0.001565,63.89776357827493,5.844155844155845,-4.348,21.47887323943662,63.89776357827493,52.055073485328876,0,0,0,0,,
REZ,2026-07-12T04:08:15.059Z,2026-07-12T04:08:15.059480Z,2026-07-12T06:08:15.059480Z,7309.437181,7,0.002602,7.686395080706501,7.502885725278964,-3.634,23.239436619718308,7.686395080706501,44.62040149545067,17,1,16,0,0.0,False
SAHARA,2026-07-12T04:08:20.282Z,2026-07-12T04:08:20.282409Z,2026-07-12T06:08:20.282409Z,7304.214252,7,0.010065000000000001,9.935419771486664,4.15841584158416,-2.697,24.64788732394366,9.935419771486664,53.27163073656421,2,2,0,0,1.0,False
SIGN,2026-07-12T04:08:33.889Z,2026-07-12T04:08:33.889813Z,2026-07-12T06:08:33.889813Z,7290.606848,7,0.008705000000000001,11.487650775417949,5.310734463276836,1.027,27.112676056338028,11.487650775417949,61.984420701925025,2,2,0,0,1.0,False
SOLV,2026-07-12T04:08:38.903Z,2026-07-12T04:08:38.904166Z,2026-07-12T06:08:38.904166Z,7285.592495,7,0.002705,36.96857670979677,6.569343065693432,-1.439,28.52112676056338,36.96857670979677,56.14020382805383,1,1,0,0,1.0,False
STO,2026-07-12T04:08:46.344Z,2026-07-12T04:08:46.344825Z,2026-07-12T06:08:46.344825Z,7278.151836,7,0.04415,22.65005662514221,3.8548752834467126,-2.649,20.774647887323944,22.65005662514221,56.55193810463043,0,0,0,0,,
WAL,2026-07-12T04:09:04.511Z,2026-07-12T04:09:04.511572Z,2026-07-12T06:09:04.511572Z,7259.985089,7,0.03135,31.89792663476744,3.492063492063493,-1.563,21.12676056338028,31.89792663476744,58.3520245659271,0,0,0,0,,
YGG,2026-07-12T04:09:15.736Z,2026-07-12T04:09:15.736829Z,2026-07-12T06:09:15.736829Z,7248.759832,7,0.021975,13.651877133105245,4.603463992707386,-1.082,16.549295774647888,13.651877133105245,59.03611858640185,0,0,0,0,,
1000SATS,2026-07-12T04:14:52.807Z,2026-07-12T04:14:52.807654Z,2026-07-12T06:14:52.807654Z,7511.590211,7,9.475e-06,31.662269129289086,3.590285110876453,-0.734,15.140845070422536,31.662269129289086,61.37119312235543,60,7,47,6,0.75,False
ACH,2026-07-12T04:15:04.963Z,2026-07-12T04:15:04.963555Z,2026-07-12T06:15:04.963555Z,7499.43431,7,0.004425,22.598870056496253,2.7334851936218754,0.228,10.915492957746478,22.598870056496253,48.08442692355727,1,1,0,0,1.0,False
ACT,2026-07-12T04:15:12.849Z,2026-07-12T04:15:12.849691Z,2026-07-12T06:15:12.849691Z,7491.548174,7,0.009000000000000001,44.44444444444456,6.7777777777777715,-4.963,13.732394366197184,44.44444444444456,57.005082441629504,0,0,0,0,,
ACX,2026-07-12T04:15:19.452Z,2026-07-12T04:15:19.453119Z,2026-07-12T06:15:19.453119Z,7484.944746,7,0.04197,42.88777698355959,2.376990729736156,-1.244,8.80281690140845,42.88777698355959,41.54528474941488,67,29,33,5,0.0149,False
AT,2026-07-12T04:15:25.027Z,2026-07-12T04:15:25.027222Z,2026-07-12T06:15:25.027222Z,7479.370643,7,0.15860000000000002,25.220680958384843,5.329949238578692,2.404,8.450704225352112,25.220680958384843,57.7307924790243,3,3,0,0,1.0,False
AUCTION,2026-07-12T04:15:31.531Z,2026-07-12T04:15:31.531487Z,2026-07-12T06:15:31.531487Z,7472.866378,7,3.315,30.165912518853055,0.9063444108761269,-0.601,9.859154929577464,30.165912518853055,41.103661921332886,0,0,0,0,,
BARD,2026-07-12T04:15:38.784Z,2026-07-12T04:15:38.785060Z,2026-07-12T06:15:38.785060Z,7465.612805,7,0.13025,7.677543186179577,3.563305534495838,0.0,7.394366197183099,7.677543186179577,60.05539411495488,0,0,0,0,,
BFUSD,2026-07-12T04:15:43.740Z,2026-07-12T04:15:43.740608Z,2026-07-12T06:15:43.740608Z,7460.657257,7,0.99905,3.0028527100742406,0.04004805766919863,-0.04,3.5211267605633805,3.0028527100742406,51.34111908426375,0,0,0,0,,
BMT,2026-07-12T04:15:50.254Z,2026-07-12T04:15:50.254864Z,2026-07-12T06:15:50.254864Z,7454.143001,7,0.01207,16.570008285004903,3.2072368421052606,-1.219,11.619718309859154,16.570008285004903,61.34575653533739,0,0,0,0,,
COW,2026-07-12T04:15:57.606Z,2026-07-12T04:15:57.606375Z,2026-07-12T06:15:57.606375Z,7446.79149,7,0.13895000000000002,7.196833393308149,3.3475783475783545,0.214,1.7605633802816902,7.196833393308149,60.233699643188174,1,1,0,0,1.0,False
CVC,2026-07-12T04:16:04.546Z,2026-07-12T04:16:04.546858Z,2026-07-12T06:16:04.546858Z,7439.851007,7,0.02036,19.64636542239606,8.662175168431181,0.972,11.971830985915492,19.64636542239606,41.83843134236565,36,11,21,4,0.1111,False
DOLO,2026-07-12T04:16:11.295Z,2026-07-12T04:16:11.295491Z,2026-07-12T06:16:11.295491Z,7433.102374,7,0.022375,13.407821229049732,3.1555555555555657,-1.445,5.28169014084507,13.407821229049732,46.51096305694695,0,0,0,0,,
DYM,2026-07-12T04:16:18.678Z,2026-07-12T04:16:18.679003Z,2026-07-12T06:16:18.679003Z,7425.718862,7,0.01564,12.787723785165719,3.865652724968311,-0.253,7.746478873239437,12.787723785165719,41.75384180439363,0,0,0,0,,
EURI,2026-07-12T04:16:23.860Z,2026-07-12T04:16:23.860871Z,2026-07-12T06:16:23.860871Z,7420.536994,7,1.14025,13.155009866257897,0.2369460289600831,-0.123,4.577464788732394,13.155009866257897,41.49799872823363,0,0,0,0,,
FORM,2026-07-12T04:16:30.666Z,2026-07-12T04:16:30.666601Z,2026-07-12T06:16:30.666601Z,7413.731264,7,0.20285,14.7892531427174,6.1515748031495985,-2.214,12.67605633802817,14.7892531427174,51.61959788710365,2,0,2,0,0.0,False
GMT,2026-07-12T04:16:37.819Z,2026-07-12T04:16:37.819758Z,2026-07-12T06:16:37.819758Z,7406.578107,7,0.007705,12.978585334198042,3.891050583657598,0.653,9.154929577464788,12.978585334198042,61.06981444817484,0,0,0,0,,
ILV,2026-07-12T04:16:48.369Z,2026-07-12T04:16:48.369605Z,2026-07-12T06:16:48.369605Z,7396.02826,7,3.1100000000000003,64.30868167202577,3.525641025641036,-1.266,3.8732394366197185,64.30868167202577,48.7491487061916,0,0,0,0,,
INIT,2026-07-12T04:16:55.209Z,2026-07-12T04:16:55.210031Z,2026-07-12T06:16:55.210031Z,7389.187834,7,0.05625,17.777777777778287,3.900709219858157,-0.529,13.028169014084508,17.777777777778287,34.041761655417545,0,0,0,0,,
LISTA,2026-07-12T04:17:06.768Z,2026-07-12T04:17:06.768452Z,2026-07-12T06:17:06.768452Z,7377.629413,7,0.04825,20.72538860103686,4.545454545454547,-1.022,6.338028169014085,20.72538860103686,44.81359699223452,0,0,0,0,,
NEWT,2026-07-12T04:17:17.551Z,2026-07-12T04:17:17.552060Z,2026-07-12T06:17:17.552060Z,7366.845805,7,0.0476,42.01680672268882,4.6218487394958,-1.653,2.816901408450704,42.01680672268882,32.02487785712671,13,5,8,0,1.0,False
NMR,2026-07-12T04:17:24.292Z,2026-07-12T04:17:24.292810Z,2026-07-12T06:17:24.292810Z,7360.105055,7,9.67,20.682523267838235,3.4126163391933826,-3.3,11.267605633802816,20.682523267838235,41.097588807518655,0,0,0,0,,
NXPC,2026-07-12T04:17:32.687Z,2026-07-12T04:17:32.687432Z,2026-07-12T06:17:32.687432Z,7351.710433,7,0.26155,26.763525138598123,2.883156297420332,-1.568,3.1690140845070425,26.763525138598123,45.78323119508596,0,0,0,0,,
RVN,2026-07-12T04:17:56.208Z,2026-07-12T04:17:56.209007Z,2026-07-12T06:17:56.209007Z,7328.188858,7,0.003835,26.075619295958347,5.208333333333336,-2.785,14.084507042253522,26.075619295958347,38.70008567593381,0,0,0,0,,
SOPH,2026-07-12T04:18:02.880Z,2026-07-12T04:18:02.880694Z,2026-07-12T06:18:02.880694Z,7321.517171,7,0.0047799999999999995,41.841004184100534,4.375000000000003,-2.24,12.32394366197183,41.841004184100534,59.66416705150972,0,0,0,0,,
TURTLE,2026-07-12T04:18:15.161Z,2026-07-12T04:18:15.161765Z,2026-07-12T06:18:15.161765Z,7309.2361,7,0.03395,29.455081001473594,3.8575667655786425,-2.882,15.492957746478874,29.455081001473594,55.08202276234679,0,0,0,0,,
WCT,2026-07-12T04:18:34.112Z,2026-07-12T04:18:34.112864Z,2026-07-12T06:18:34.112864Z,7290.285001,7,0.044915,11.132138483803057,3.614457831325298,3.444,8.098591549295774,11.132138483803057,75.07545747787542,0,0,0,0,,
XAI,2026-07-12T04:18:40.758Z,2026-07-12T04:18:40.759080Z,2026-07-12T06:18:40.759080Z,7283.638785,7,0.00701,57.06134094151228,4.267425320056898,-0.846,2.112676056338028,57.06134094151228,41.61419134741968,1,1,0,0,1.0,False
XVG,2026-07-12T04:18:48.101Z,2026-07-12T04:18:48.101559Z,2026-07-12T06:18:48.101559Z,7276.296306,7,0.002158,9.267840593141017,4.602510460251052,-1.058,2.464788732394366,9.267840593141017,38.71363954999197,44,8,27,9,-0.5,False
1INCH,2026-07-12T04:24:28.969Z,2026-07-12T04:24:28.969842Z,2026-07-12T06:24:28.969842Z,7534.753794,7,0.07264999999999999,41.29387474191447,5.73770491803278,0.412,0.704225352112676,41.29387474191447,41.645132273765256,0,0,0,0,,
ARB,2026-07-12T04:24:42.806Z,2026-07-12T04:24:42.806780Z,2026-07-12T06:24:42.806780Z,7520.916856,7,0.09725,10.28277634961469,10.13306038894576,4.941,93.30985915492958,10.28277634961469,67.20991000629563,16,11,5,0,0.875,False
BCH,2026-07-12T04:24:53.316Z,2026-07-12T04:24:53.316650Z,2026-07-12T06:24:53.316650Z,7510.406986,7,243.35000000000002,4.109307581672254,2.807160292921076,-0.041,91.19718309859155,4.109307581672254,41.3682013326255,2,0,2,0,0.0,False
BTC,2026-07-12T04:25:03.770Z,2026-07-12T04:25:03.771024Z,2026-07-12T06:25:03.771024Z,7499.952612,7,63628.725000000006,0.0015716172219445335,1.2604220150173513,-0.102,99.64788732394366,0.0015716172219445335,55.794332759199506,39,12,22,5,0.2564,False
DOGE,2026-07-12T04:25:15.185Z,2026-07-12T04:25:15.186018Z,2026-07-12T06:25:15.186018Z,7488.537618,7,0.072615,1.3771259381684224,4.479650368751695,-1.347,95.07042253521126,1.3771259381684224,59.53881637250009,12,5,6,1,0.4167,False
ETH,2026-07-12T04:25:24.675Z,2026-07-12T04:25:24.675864Z,2026-07-12T06:25:24.675864Z,7479.047772,7,1789.545,0.05588012595375307,2.8117345864411543,0.553,100.0,0.05588012595375307,63.053833545237104,42,18,20,4,0.5714,False
EUR,2026-07-12T04:25:27.909Z,2026-07-12T04:25:27.909503Z,2026-07-12T06:25:27.909503Z,7475.814133,7,1.14115,0.8763089865485604,0.1489921121822993,-0.035,96.47887323943662,0.8763089865485604,56.94224934420677,1,1,0,0,-1.0,False
FDUSD,2026-07-12T04:25:31.281Z,2026-07-12T04:25:31.281660Z,2026-07-12T06:25:31.281660Z,7472.441976,7,0.99735,1.002657041158961,0.05013033888109645,-0.02,94.01408450704226,1.002657041158961,48.063445690468434,0,0,0,0,,
HBAR,2026-07-12T04:25:44.987Z,2026-07-12T04:25:44.987236Z,2026-07-12T06:25:44.987236Z,7458.7364,7,0.067565,1.4800562421386814,6.022491861497469,-4.169,98.2394366197183,1.4800562421386814,53.07689245877993,24,14,8,2,0.4167,False
LDO,2026-07-12T04:25:53.901Z,2026-07-12T04:25:53.901886Z,2026-07-12T06:25:53.901886Z,7449.82175,7,0.30335,9.889566507333672,8.760545100584027,0.983,88.02816901408451,9.889566507333672,69.39507316296005,3,3,0,0,0.3333,False
LINK,2026-07-12T04:25:59.516Z,2026-07-12T04:25:59.516654Z,2026-07-12T06:25:59.516654Z,7444.206982,7,7.9275,1.2614317250083051,3.2982192124404413,-0.125,90.84507042253522,1.2614317250083051,55.390843495473135,11,4,5,2,0.1818,False
LPT,2026-07-12T04:26:07.532Z,2026-07-12T04:26:07.533069Z,2026-07-12T06:26:07.533069Z,7436.190567,7,1.548,51.67958656330754,3.3226837060702903,-3.216,1.056338028169014,51.67958656330754,36.73276231101107,0,0,0,0,,
MASK,2026-07-12T04:26:19.120Z,2026-07-12T04:26:19.120262Z,2026-07-12T06:26:19.120262Z,7424.603374,7,0.403,49.62779156327548,3.535353535353538,-1.0,1.408450704225352,49.62779156327548,42.47601027280229,2,2,0,0,1.0,False
NEAR,2026-07-12T04:26:25.117Z,2026-07-12T04:26:25.117764Z,2026-07-12T06:26:25.117764Z,7418.605872,7,1.8615,5.372011818426603,3.5087719298245648,-1.57,92.95774647887323,5.372011818426603,60.19148126816022,14,8,6,0,0.7143,False
PENGU,2026-07-12T04:26:30.415Z,2026-07-12T04:26:30.415947Z,2026-07-12T06:26:30.415947Z,7413.307689,7,0.0060095,8.320159747066805,5.273533760473141,-2.201,89.78873239436619,8.320159747066805,48.9333820695265,4,2,1,1,1.0,False
PEPE,2026-07-12T04:26:36.894Z,2026-07-12T04:26:36.894960Z,2026-07-12T06:26:36.894960Z,7406.828676,7,2.685e-06,37.24394785847264,5.882352941176461,-1.805,91.54929577464789,37.24394785847264,56.247869570799914,7,6,0,1,0.4286,False
SUI,2026-07-12T04:26:47.074Z,2026-07-12T04:26:47.074775Z,2026-07-12T06:26:47.074775Z,7396.648861,7,0.72745,1.3746649254242762,4.530477759472806,-1.167,97.53521126760563,1.3746649254242762,64.55321360995254,12,6,6,0,0.5,False
TAO,2026-07-12T04:26:56.946Z,2026-07-12T04:26:56.946938Z,2026-07-12T06:26:56.946938Z,7386.776698,7,207.55,4.818116116598135,4.894433781190013,-1.976,91.90140845070422,4.818116116598135,55.009708116387365,18,9,8,1,0.6667,False
TRX,2026-07-12T04:27:03.279Z,2026-07-12T04:27:03.279678Z,2026-07-12T06:27:03.279678Z,7380.443958,7,0.32945,3.03536196691422,0.8803885853066221,-0.212,90.49295774647888,3.03536196691422,55.572786280228655,23,13,9,1,0.4783,False
UNI,2026-07-12T04:27:13.347Z,2026-07-12T04:27:13.348195Z,2026-07-12T06:27:13.348195Z,7370.375441,7,3.6025,2.7758501040953063,10.392798690671038,5.315,93.66197183098592,2.7758501040953063,67.8458618416379,28,18,6,4,0.1786,False
USD1,2026-07-12T04:27:17.115Z,2026-07-12T04:27:17.115684Z,2026-07-12T06:27:17.115684Z,7366.607952,7,0.99935,1.0006504227746935,0.050025012506258716,0.02,99.29577464788733,1.0006504227746935,78.08335723483889,0,0,0,0,,
VIRTUAL,2026-07-12T04:27:28.727Z,2026-07-12T04:27:28.728035Z,2026-07-12T06:27:28.728035Z,7354.995601,7,0.5959,10.068803490517434,9.634329604274518,-4.497,92.25352112676056,10.068803490517434,65.0763301832568,6,5,1,0,0.6667,False
WLD,2026-07-12T04:27:34.520Z,2026-07-12T04:27:34.521092Z,2026-07-12T06:27:34.521092Z,7349.202544,7,0.398,5.025125628141544,8.212680978532198,2.246,94.36619718309859,5.025125628141544,62.867772028520704,7,5,1,1,0.5714,False
XPL,2026-07-12T04:27:43.677Z,2026-07-12T04:27:43.677437Z,2026-07-12T06:27:43.677437Z,7340.046199,7,0.090285,7.75322589577456,6.282837127845879,-1.985,88.73239436619718,7.75322589577456,46.49293402510671,1,0,1,0,1.0,False
ZEC,2026-07-12T04:27:53.154Z,2026-07-12T04:27:53.154333Z,2026-07-12T06:27:53.154333Z,7330.569303,7,509.07,6.678845738307735,7.704310512970558,0.975,97.1830985915493,6.678845738307735,64.19994235692224,14,10,4,0,0.5714,False
MMT,2026-07-12T04:33:29.445Z,2026-07-12T04:33:29.445325Z,2026-07-12T06:33:29.445325Z,7595.624254,7,0.18864999999999998,15.902464882056439,15.884057971014482,-10.575,86.26760563380282,15.902464882056439,41.55199311836986,2,0,2,0,1.0,False
PENDLE,2026-07-12T04:33:40.736Z,2026-07-12T04:33:40.736699Z,2026-07-12T06:33:40.736699Z,7584.33288,7,1.5215,6.5724613867900885,5.382619974059675,-0.065,86.97183098591549,6.5724613867900885,48.372007107443174,1,1,0,0,1.0,False
1MBABYDOGE,2026-07-12T04:39:26.115Z,2026-07-12T04:39:26.116037Z,2026-07-12T06:39:26.116037Z,7238.953542,7,0.00031725000000000004,22.064617809299197,17.030303030303035,10.887,75.0,22.064617809299197,66.4195318106232,0,0,0,0,,
ALGO,2026-07-12T04:39:34.036Z,2026-07-12T04:39:34.036429Z,2026-07-12T06:39:34.036429Z,7231.03315,7,0.08374999999999999,11.94029850746303,4.1567695961995295,-2.32,72.1830985915493,11.94029850746303,48.570921695296214,3,2,1,0,1.0,False
ALLO,2026-07-12T04:39:39.699Z,2026-07-12T04:39:39.699798Z,2026-07-12T06:39:39.699798Z,7225.369781,7,0.34704999999999997,8.644287566633698,18.213519313304722,-9.427,81.33802816901408,8.644287566633698,55.85325788559214,15,2,12,1,0.0,False
APT,2026-07-12T04:39:47.418Z,2026-07-12T04:39:47.418760Z,2026-07-12T06:39:47.418760Z,7217.650819,7,0.6205,16.116035455278013,4.465709728867628,-0.476,83.09859154929578,16.116035455278013,61.87424655475258,0,0,0,0,,
ASTER,2026-07-12T04:39:52.989Z,2026-07-12T04:39:52.989341Z,2026-07-12T06:39:52.989341Z,7212.080238,7,0.6225,16.064257028112465,3.3707865168539355,-0.479,82.3943661971831,16.064257028112465,64.28281765941678,2,0,2,0,0.0,False
BONK,2026-07-12T04:39:58.116Z,2026-07-12T04:39:58.116227Z,2026-07-12T06:39:58.116227Z,7206.953352,7,3.98e-06,50.25125628140655,5.527638190954785,-2.927,85.21126760563381,50.25125628140655,57.11434287399144,20,14,6,0,1.0,False
CHZ,2026-07-12T04:40:05.211Z,2026-07-12T04:40:05.211647Z,2026-07-12T06:40:05.211647Z,7797.891993,7,0.017255,5.795421616922395,5.9371362048894065,-2.442,78.16901408450704,5.795421616922395,63.502820156424086,3,2,0,1,1.0,False
EIGEN,2026-07-12T04:40:24.310Z,2026-07-12T04:40:24.310470Z,2026-07-12T06:40:24.310470Z,7778.79317,7,0.2281,8.7680841736071,8.95061728395061,-3.939,75.35211267605634,8.7680841736071,39.95451925651069,8,7,1,0,0.875,False
EPIC,2026-07-12T04:40:29.422Z,2026-07-12T04:40:29.422676Z,2026-07-12T06:40:29.422676Z,7773.680964,7,0.3895,25.673940949935837,20.478723404255323,13.253,80.63380281690141,25.673940949935837,78.34445540086851,3,2,1,0,0.3333,False
FET,2026-07-12T04:40:34.988Z,2026-07-12T04:40:34.988655Z,2026-07-12T06:40:34.988655Z,7768.114985,7,0.15949999999999998,12.539184952978417,3.858120721841931,-0.864,72.88732394366197,12.539184952978417,71.22760822065318,8,7,0,1,0.5,False
IOTA,2026-07-12T04:40:54.776Z,2026-07-12T04:40:54.776552Z,2026-07-12T06:40:54.776552Z,7748.327088,7,0.03895,25.67394094993655,10.204081632653054,-6.667,73.94366197183099,25.67394094993655,58.92828381388254,1,1,0,0,1.0,False
JUP,2026-07-12T04:40:59.705Z,2026-07-12T04:40:59.705399Z,2026-07-12T06:40:59.705399Z,7743.398241,7,0.20095000000000002,4.976362279174757,6.5239043824701195,-2.144,85.56338028169014,4.976362279174757,66.96080335685139,16,11,5,0,1.0,False
SYN,2026-07-12T04:42:02.941Z,2026-07-12T04:42:02.942102Z,2026-07-12T06:42:02.942102Z,7680.161538,7,0.326465,13.784019726463969,9.436553664746071,1.683,84.15492957746478,13.784019726463969,59.37186030622678,4,2,1,1,0.5,False
TLM,2026-07-12T04:42:12.906Z,2026-07-12T04:42:12.906820Z,2026-07-12T06:42:12.906820Z,7670.19682,7,0.001949,10.261672652641517,16.77814938684503,-4.676,83.80281690140845,10.261672652641517,46.241663843976184,0,0,0,0,,
WLFI,2026-07-12T04:42:30.246Z,2026-07-12T04:42:30.246698Z,2026-07-12T06:42:30.246698Z,7652.856942,7,0.05795,17.256255392580304,2.0725388601036263,0.173,77.8169014084507,17.256255392580304,59.198701473108805,4,1,3,0,0.5,False
APE,2026-07-12T04:48:24.503Z,2026-07-12T04:48:24.503486Z,2026-07-12T06:48:24.503486Z,7298.600154,7,0.15610000000000002,12.812299807815869,4.482323232323247,-1.124,71.12676056338029,12.812299807815869,61.56575389092463,0,0,0,0,,
ATOM,2026-07-12T04:48:31.216Z,2026-07-12T04:48:31.216885Z,2026-07-12T06:48:31.216885Z,7291.886755,7,1.5715,6.36334712058614,2.4714828897338355,-1.437,65.84507042253522,6.36334712058614,40.14003650074959,48,13,33,2,0.6458,False
BIO,2026-07-12T04:48:43.057Z,2026-07-12T04:48:43.057179Z,2026-07-12T06:48:43.057179Z,7280.046461,7,0.029285,10.244152296397056,4.760238011900595,0.0,62.32394366197183,10.244152296397056,61.131331769390485,1,1,0,0,1.0,False
CAKE,2026-07-12T04:48:49.660Z,2026-07-12T04:48:49.660904Z,2026-07-12T06:48:49.660904Z,7273.442736,7,1.4115,7.084661707402691,3.9520112914608365,0.283,71.83098591549296,7.084661707402691,65.82764555033432,3,3,0,0,1.0,False
CFX,2026-07-12T04:49:00.308Z,2026-07-12T04:49:00.309008Z,2026-07-12T06:49:00.309008Z,7262.794632,7,0.043550000000000005,4.592422502870076,5.51487414187642,0.506,61.61971830985915,4.592422502870076,61.43850374270193,0,0,0,0,,
EGLD,2026-07-12T04:49:07.769Z,2026-07-12T04:49:07.769971Z,2026-07-12T06:49:07.769971Z,7255.333669,7,3.0149999999999997,33.16749585406379,6.666666666666672,6.762,58.80281690140845,33.16749585406379,80.15264705964903,1,1,0,0,1.0,False
ETHFI,2026-07-12T04:49:19.461Z,2026-07-12T04:49:19.461955Z,2026-07-12T06:49:19.461955Z,7243.641685,7,0.4225,23.66863905325446,7.311320754716975,3.922,67.6056338028169,23.66863905325446,72.57563175043151,8,7,0,1,0.75,False
FIL,2026-07-12T04:49:25.487Z,2026-07-12T04:49:25.487924Z,2026-07-12T06:49:25.487924Z,7237.615716,7,0.7855000000000001,12.730744748567801,4.086845466155815,-0.886,63.38028169014085,12.730744748567801,65.54375066579837,28,11,17,0,1.0,False
JTO,2026-07-12T04:49:30.521Z,2026-07-12T04:49:30.521406Z,2026-07-12T06:49:30.521406Z,7232.582234,7,0.5918,3.379520108144271,8.27105978260869,-5.52,70.77464788732394,3.379520108144271,36.800585375340596,2,1,1,0,1.0,False
KITE,2026-07-12T04:49:43.285Z,2026-07-12T04:49:43.285770Z,2026-07-12T06:49:43.285770Z,7219.81787,7,0.11295,8.85347498893341,9.18635170603674,-6.77,65.14084507042253,8.85347498893341,61.449394671868404,1,1,0,0,1.0,False
OP,2026-07-12T04:50:07.597Z,2026-07-12T04:50:07.598056Z,2026-07-12T06:50:07.598056Z,7796.269679,7,0.1012,19.76284584980294,6.953966699314407,-2.483,68.30985915492958,19.76284584980294,50.07748955155711,48,22,20,6,0.3333,False
ORDI,2026-07-12T04:50:14.340Z,2026-07-12T04:50:14.340495Z,2026-07-12T06:50:14.340495Z,7789.52724,7,3.3810000000000002,11.830819284235442,7.201646090534969,-4.465,66.19718309859155,11.830819284235442,67.00928239802829,6,4,1,1,-0.3333,False
S,2026-07-12T04:50:40.504Z,2026-07-12T04:50:40.504890Z,2026-07-12T06:50:40.504890Z,7763.362845,7,0.02598,7.698229407236022,6.089992242048093,-2.459,69.01408450704226,7.698229407236022,55.01419474874435,0,0,0,0,,
SKL,2026-07-12T04:50:47.838Z,2026-07-12T04:50:47.839008Z,2026-07-12T06:50:47.839008Z,7756.028727,7,0.004750000000000001,42.10526315789484,25.31645569620254,-2.869,70.07042253521126,42.10526315789484,55.189614788622755,5,3,2,0,1.0,False
SNX,2026-07-12T04:50:56.824Z,2026-07-12T04:50:56.824233Z,2026-07-12T06:50:56.824233Z,7747.043502,7,0.2435,41.06776180698156,7.053941908713687,4.783,61.267605633802816,41.06776180698156,71.19242494727284,1,1,0,0,1.0,False
STRK,2026-07-12T04:51:02.972Z,2026-07-12T04:51:02.972627Z,2026-07-12T06:51:02.972627Z,7740.895108,7,0.030449999999999998,32.84072249589472,4.590163934426236,-0.327,71.47887323943662,32.84072249589472,57.823196119300974,3,2,0,1,1.0,False
STX,2026-07-12T04:51:08.025Z,2026-07-12T04:51:08.025582Z,2026-07-12T06:51:08.025582Z,7735.842153,7,0.17665,5.660911406735861,4.899135446685884,-0.287,58.45070422535211,5.660911406735861,60.61419200146847,27,13,11,3,0.1852,False
TRB,2026-07-12T04:51:18.492Z,2026-07-12T04:51:18.493230Z,2026-07-12T06:51:18.493230Z,7725.374505,7,15.08,13.262599469495738,6.479625918503679,-3.169,60.563380281690144,13.262599469495738,62.33728131912167,1,1,0,0,1.0,False
W,2026-07-12T04:51:33.010Z,2026-07-12T04:51:33.010611Z,2026-07-12T06:51:33.010611Z,7710.857124,7,0.009765,10.240655401945308,8.895705521472403,-1.112,60.2112676056338,10.240655401945308,50.92863785919385,1,1,0,0,-1.0,False
XTZ,2026-07-12T04:51:45.574Z,2026-07-12T04:51:45.574663Z,2026-07-12T06:51:45.574663Z,7698.293072,7,0.22935,4.360148245039851,3.7100949094046576,-2.523,69.71830985915493,4.360148245039851,53.32502034400102,0,0,0,0,,
ALT,2026-07-12T04:57:32.927Z,2026-07-12T04:57:32.928219Z,2026-07-12T06:57:32.928219Z,7350.939516,7,0.00676,29.585798816568126,5.059523809523809,3.226,50.70422535211268,29.585798816568126,75.4036228119729,2,1,0,1,1.0,False
AR,2026-07-12T04:57:38.237Z,2026-07-12T04:57:38.237845Z,2026-07-12T06:57:38.237845Z,7345.62989,7,1.9715,5.072279989854882,3.0364372469635654,-0.952,57.394366197183096,5.072279989854882,66.52149989198195,0,0,0,0,,
BANANAS31,2026-07-12T04:57:50.638Z,2026-07-12T04:57:50.638455Z,2026-07-12T06:57:50.638455Z,7333.22928,7,0.0076760000000000005,13.027618551329416,4.615184607384288,-2.916,55.63380281690141,13.027618551329416,44.30999434445335,0,0,0,0,,
BERA,2026-07-12T04:57:58.455Z,2026-07-12T04:57:58.456005Z,2026-07-12T06:57:58.456005Z,7325.41173,7,0.1945,51.41388174807203,4.5918367346938815,-2.0,49.647887323943664,51.41388174807203,57.416640063263436,1,1,0,0,0.0,False
CYBER,2026-07-12T04:58:20.161Z,2026-07-12T04:58:20.161485Z,2026-07-12T06:58:20.161485Z,7303.70625,7,0.3655,27.359781121751052,9.459459459459469,5.114,45.774647887323944,27.359781121751052,56.83654828163478,1,1,0,0,1.0,False
DASH,2026-07-12T04:58:28.206Z,2026-07-12T04:58:28.207082Z,2026-07-12T06:58:28.207082Z,7295.660653,7,33.985,8.827423863469512,4.885141029369001,-1.377,52.11267605633803,8.827423863469512,67.27244277310353,1,0,0,1,-1.0,False
ENSO,2026-07-12T04:58:38.779Z,2026-07-12T04:58:38.779612Z,2026-07-12T06:58:38.779612Z,7285.088123,7,0.7235,13.821700069108513,4.802259887005639,-0.422,48.943661971830984,13.821700069108513,65.3257441707167,0,0,0,0,,
GIGGLE,2026-07-12T04:58:51.347Z,2026-07-12T04:58:51.348104Z,2026-07-12T06:58:51.348104Z,7272.519631,7,26.805,11.191941801903054,6.581421587062805,2.664,54.57746478873239,11.191941801903054,68.62876213408683,1,1,0,0,1.0,False
RAY,2026-07-12T04:59:45.643Z,2026-07-12T04:59:45.643721Z,2026-07-12T06:59:45.643721Z,7218.224014,7,0.6777500000000001,7.377351530801267,5.188887255622519,-1.903,46.83098591549296,7.377351530801267,63.34036307203712,13,7,6,0,1.0,False
RSR,2026-07-12T04:59:58.229Z,2026-07-12T04:59:58.229272Z,2026-07-12T06:59:58.229272Z,7205.638463,7,0.0012445,8.035355564483053,5.414012738853515,-1.335,45.070422535211264,8.035355564483053,47.90038580980175,0,0,0,0,,
SAGA,2026-07-12T05:00:06.582Z,2026-07-12T05:00:06.582608Z,2026-07-12T07:00:06.582608Z,7796.406345,7,0.012855,7.779074290159154,5.611847233047547,-2.21,54.929577464788736,7.779074290159154,63.0103618437697,0,0,0,0,,
TST,2026-07-12T05:00:33.598Z,2026-07-12T05:00:33.598640Z,2026-07-12T07:00:33.598640Z,7769.390313,7,0.010755,9.298000929801326,7.230046948356807,3.298,44.014084507042256,9.298000929801326,59.28525337924787,1,0,1,0,-1.0,False
UMA,2026-07-12T05:00:40.298Z,2026-07-12T05:00:40.298633Z,2026-07-12T07:00:40.298633Z,7762.69032,7,0.3815,26.212319790301464,15.364583333333332,1.319,47.183098591549296,26.212319790301464,59.5519660920404,0,0,0,0,,
F,2026-07-12T05:07:34.278Z,2026-07-12T05:07:34.278772Z,2026-07-12T07:07:34.278772Z,7348.710181,7,0.003405,29.368575624082307,4.913294797687861,-1.143,31.338028169014084,29.368575624082307,52.23093982962075,0,0,0,0,,
GPS,2026-07-12T05:07:54.342Z,2026-07-12T05:07:54.342784Z,2026-07-12T07:07:54.342784Z,7328.646169,7,0.01026,19.493177387913434,6.44841269841271,-4.274,33.45070422535211,19.493177387913434,46.87816836450166,1,1,0,0,1.0,False
HEI,2026-07-12T05:08:03.417Z,2026-07-12T05:08:03.417677Z,2026-07-12T07:08:03.417677Z,7319.571276,7,0.1068,18.726591760298863,4.953271028037382,3.482,42.95774647887324,18.726591760298863,78.4612057418641,0,0,0,0,,
LA,2026-07-12T05:08:24.141Z,2026-07-12T05:08:24.142032Z,2026-07-12T07:08:24.142032Z,7298.846921,7,0.058800000000000005,34.01360544217666,8.528428093645497,-1.806,36.267605633802816,34.01360544217666,44.9463650583731,1,0,0,1,1.0,False
MET,2026-07-12T05:08:56.962Z,2026-07-12T05:08:56.963052Z,2026-07-12T07:08:56.963052Z,7266.025901,7,0.15510000000000002,25.789813023854524,5.328135152696564,0.195,29.929577464788732,25.789813023854524,50.973738135919,2,2,0,0,1.0,False
MOVE,2026-07-12T05:09:08.532Z,2026-07-12T05:09:08.532399Z,2026-07-12T07:09:08.532399Z,7254.456554,7,0.01115,89.68609865470798,4.464285714285719,0.0,34.15492957746479,89.68609865470798,61.568826191081605,0,0,0,0,,
NEO,2026-07-12T05:09:19.627Z,2026-07-12T05:09:19.627831Z,2026-07-12T07:09:19.627831Z,7243.361122,7,1.9585,5.10594842992143,2.9516539440203475,-0.051,39.7887323943662,5.10594842992143,58.44969575627085,1,1,0,0,1.0,False
OSMO,2026-07-12T05:09:36.037Z,2026-07-12T05:09:36.037303Z,2026-07-12T07:09:36.037303Z,7226.95165,7,0.03455,28.943560057885943,6.590257879656171,-1.69,38.38028169014085,28.943560057885943,42.93987958418949,0,0,0,0,,
QNT,2026-07-12T05:09:47.189Z,2026-07-12T05:09:47.189346Z,2026-07-12T07:09:47.189346Z,7215.799607,7,65.75,15.209125475284306,2.9624060150375926,-1.496,32.04225352112676,15.209125475284306,34.64123089960913,7,4,3,0,0.4286,False
SPK,2026-07-12T05:10:07.707Z,2026-07-12T05:10:07.708183Z,2026-07-12T07:10:07.708183Z,7795.596305,7,0.017166,11.650937900500516,3.8380651945320587,-1.246,36.971830985915496,11.650937900500516,50.48727686898286,16,3,13,0,0.9375,False
STEEM,2026-07-12T05:10:14.932Z,2026-07-12T05:10:14.932425Z,2026-07-12T07:10:14.932425Z,7788.372063,7,0.040760000000000005,39.25417075564289,10.433934666016576,0.687,40.140845070422536,39.25417075564289,56.2661151441942,0,0,0,0,,
USUAL,2026-07-12T05:10:26.481Z,2026-07-12T05:10:26.482039Z,2026-07-12T07:10:26.482039Z,7776.822449,7,0.00941,21.25398512220955,9.072164948453596,9.234,35.2112676056338,21.25398512220955,61.56193195971079,1,1,0,0,1.0,False
BB,2026-07-12T05:16:16.294Z,2026-07-12T05:16:16.294278Z,2026-07-12T07:16:16.294278Z,7427.01021,7,0.01915,52.21932114882475,3.6269430051813427,0.521,16.197183098591548,52.21932114882475,60.343118929486266,0,0,0,0,,
BEAMX,2026-07-12T05:16:23.666Z,2026-07-12T05:16:23.666428Z,2026-07-12T07:16:23.666428Z,7419.63806,7,0.0016710000000000002,11.968880909635239,5.332534451767519,4.313,24.64788732394366,11.968880909635239,61.49419935885201,0,0,0,0,,
BOME,2026-07-12T05:16:37.495Z,2026-07-12T05:16:37.495946Z,2026-07-12T07:16:37.495946Z,7405.808542,7,0.00041085000000000004,7.301935012778563,5.485436893203886,-0.29,23.239436619718308,7.301935012778563,60.43060288372378,2,1,1,0,1.0,False
EDEN,2026-07-12T05:17:10.597Z,2026-07-12T05:17:10.600694Z,2026-07-12T07:17:10.600694Z,7372.703794,7,0.04353,22.972662531588067,4.500574052812851,3.15,21.12676056338028,22.972662531588067,59.56742013381548,1,1,0,0,1.0,False
ENS,2026-07-12T05:17:24.394Z,2026-07-12T05:17:24.394563Z,2026-07-12T07:17:24.394563Z,7358.909925,7,4.115,24.301336573511026,3.381642512077309,-1.193,23.591549295774648,24.301336573511026,61.636960642043434,1,0,1,0,1.0,False
FLUX,2026-07-12T05:17:45.394Z,2026-07-12T05:17:45.394907Z,2026-07-12T07:17:45.394907Z,7337.909581,7,0.04445,22.497187851517644,8.92857142857142,-0.665,19.718309859154928,22.497187851517644,59.85057582196039,0,0,0,0,,
HIVE,2026-07-12T05:17:53.112Z,2026-07-12T05:17:53.112759Z,2026-07-12T07:17:53.112759Z,7330.191729,7,0.04915,20.345879959308824,3.8461538461538445,-0.403,16.901408450704224,20.345879959308824,57.57518226631289,1,1,0,0,1.0,False
NIL,2026-07-12T05:18:15.364Z,2026-07-12T05:18:15.364953Z,2026-07-12T07:18:15.364953Z,7307.939535,7,0.03456,23.148148148147207,3.4275921165381313,-1.13,24.295774647887324,23.148148148147207,53.085730155789804,0,0,0,0,,
PEOPLE,2026-07-12T05:18:27.785Z,2026-07-12T05:18:27.785358Z,2026-07-12T07:18:27.785358Z,7295.51913,7,0.005435000000000001,18.399264029439667,4.9180327868852345,0.366,19.014084507042252,18.399264029439667,56.910871706991216,0,0,0,0,,
RED,2026-07-12T05:18:40.729Z,2026-07-12T05:18:40.729877Z,2026-07-12T07:18:40.729877Z,7282.574611,7,0.1127,17.74622892635243,4.444444444444437,2.366,17.95774647887324,17.74622892635243,49.6363668104124,0,0,0,0,,
SAPIEN,2026-07-12T05:18:55.060Z,2026-07-12T05:18:55.061098Z,2026-07-12T07:18:55.061098Z,7268.24339,7,0.07769999999999999,25.740025740024695,5.829015544041438,-0.899,25.0,25.740025740024695,59.19935662584489,0,0,0,0,,
SHELL,2026-07-12T05:19:03.616Z,2026-07-12T05:19:03.616553Z,2026-07-12T07:19:03.616553Z,7259.687935,7,0.02135,46.83840749414491,5.6074766355140175,-2.283,27.112676056338028,46.83840749414491,55.56375853150969,1,0,0,1,1.0,False
TNSR,2026-07-12T05:19:23.973Z,2026-07-12T05:19:23.973974Z,2026-07-12T07:19:23.973974Z,7239.330514,7,0.03165,31.595576619272016,4.416403785488955,-2.462,28.169014084507044,31.595576619272016,52.41783454276746,10,4,6,0,0.8,False
TOWNS,2026-07-12T05:19:29.938Z,2026-07-12T05:19:29.938195Z,2026-07-12T07:19:29.938195Z,7233.366293,7,0.0019649999999999997,50.89058524173042,4.591836734693879,-1.01,26.056338028169016,50.89058524173042,54.98717755223366,0,0,0,0,,
YB,2026-07-12T05:19:49.245Z,2026-07-12T05:19:49.246162Z,2026-07-12T07:19:49.246162Z,7214.058326,7,0.076,26.315789473684966,6.946264744429881,-2.679,17.253521126760564,26.315789473684966,58.56127283484038,0,0,0,0,,
1000CAT,2026-07-12T05:25:28.536Z,2026-07-12T05:25:28.536248Z,2026-07-12T07:25:28.536248Z,7475.095793,7,0.001315,76.04562737642605,4.545454545454557,-0.752,6.338028169014085,76.04562737642605,52.725083035132634,64,21,32,11,0.1094,False
A,2026-07-12T05:25:40.189Z,2026-07-12T05:25:40.190045Z,2026-07-12T07:25:40.190045Z,7463.441996,7,0.07435,40.34969737726896,4.768392370572192,-4.178,7.042253521126761,40.34969737726896,36.37808114229575,0,0,0,0,,
HAEDAL,2026-07-12T05:27:14.522Z,2026-07-12T05:27:14.522734Z,2026-07-12T07:27:14.522734Z,7369.109307,7,0.016524999999999998,18.154311649015902,3.913305237808556,-0.895,11.619718309859154,18.154311649015902,60.146349757505384,0,0,0,0,,
KERNEL,2026-07-12T05:27:34.373Z,2026-07-12T05:27:34.374229Z,2026-07-12T07:27:34.374229Z,7349.257812,7,0.0402,49.75124378109595,3.209876543209883,-0.978,14.43661971830986,49.75124378109595,47.20834290053868,1,1,0,0,1.0,False
MAGIC,2026-07-12T05:27:47.129Z,2026-07-12T05:27:47.130101Z,2026-07-12T07:27:47.130101Z,7336.50194,7,0.04295,69.8486612339934,3.91705069124424,-1.587,4.225352112676056,69.8486612339934,45.51230154066342,15,4,8,3,1.0,False
ONT,2026-07-12T05:28:11.327Z,2026-07-12T05:28:11.327998Z,2026-07-12T07:28:11.327998Z,7312.304043,7,0.04536,8.818342151675125,2.344767694311777,1.031,9.154929577464788,8.818342151675125,51.2222767539968,0,0,0,0,,
PIXEL,2026-07-12T05:28:19.998Z,2026-07-12T05:28:19.998197Z,2026-07-12T07:28:19.998197Z,7303.633844,7,0.004705,21.25398512220955,6.823027718550106,-2.088,15.140845070422536,21.25398512220955,42.022903131448906,51,15,28,8,0.0784,False
PROVE,2026-07-12T05:28:27.831Z,2026-07-12T05:28:27.831733Z,2026-07-12T07:28:27.831733Z,7295.800308,7,0.19885,15.086748805633516,1.8574297188755067,-1.288,4.929577464788732,15.086748805633516,54.33353601941527,0,0,0,0,,
SUSHI,2026-07-12T05:28:47.102Z,2026-07-12T05:28:47.102675Z,2026-07-12T07:28:47.102675Z,7276.529366,7,0.16294999999999998,55.23166615526138,4.884004884004888,-0.426,5.633802816901408,55.23166615526138,43.577715678849216,1,1,0,0,1.0,False
VANA,2026-07-12T05:28:54.504Z,2026-07-12T05:28:54.504539Z,2026-07-12T07:28:54.504539Z,7269.127502,7,1.2045,24.906600249065104,4.152823920265784,-0.824,12.67605633802817,24.906600249065104,65.04600523784089,2,2,0,0,1.0,False
VELODROME,2026-07-12T05:29:03.163Z,2026-07-12T05:29:03.163859Z,2026-07-12T07:29:03.163859Z,7260.468182,7,0.02141,37.36571695469417,4.33768656716418,-1.198,5.985915492957746,37.36571695469417,41.45478329966282,0,0,0,0,,
AAVE,2026-07-12T05:35:05.449Z,2026-07-12T05:35:05.450086Z,2026-07-12T07:35:05.450086Z,7497.658306,7,97.46000000000001,2.052123948286068,7.652333401263492,3.458,95.07042253521126,2.052123948286068,73.29737259507802,12,9,2,1,0.75,False
ADA,2026-07-12T05:35:11.245Z,2026-07-12T05:35:11.246019Z,2026-07-12T07:35:11.246019Z,7491.862373,7,0.16365000000000002,6.110601894287609,6.986634264884575,-1.022,95.77464788732394,6.110601894287609,44.20296324607911,43,31,10,2,0.6279,False
AVAX,2026-07-12T05:35:23.064Z,2026-07-12T05:35:23.064534Z,2026-07-12T07:35:23.064534Z,7480.043858,7,6.3865,1.565802865418376,5.972006220839819,-4.358,89.78873239436619,1.565802865418376,50.21936873274955,10,8,2,0,1.0,False
BNB,2026-07-12T05:35:33.284Z,2026-07-12T05:35:33.285001Z,2026-07-12T07:35:33.285001Z,7469.823391,7,572.005,0.17482364664628638,2.2183497429641923,-0.19,98.59154929577464,0.17482364664628638,44.80763887849153,51,40,10,1,0.902,False
COTI,2026-07-12T05:35:44.587Z,2026-07-12T05:35:44.587257Z,2026-07-12T07:35:44.587257Z,7458.521135,7,0.00805,24.844720496893395,3.3333333333333264,-0.491,0.352112676056338,24.844720496893395,46.27268624252847,0,0,0,0,,
ENA,2026-07-12T05:35:53.740Z,2026-07-12T05:35:53.740466Z,2026-07-12T07:35:53.740466Z,7449.367926,7,0.08055000000000001,12.414649286158019,6.203473945409417,-1.587,92.6056338028169,12.414649286158019,60.94255485705876,8,6,1,1,0.75,False
HMSTR,2026-07-12T05:36:13.290Z,2026-07-12T05:36:13.290431Z,2026-07-12T07:36:13.290431Z,7429.817961,7,0.00020295,14.781966001478557,20.190023752969125,-1.59,88.38028169014085,14.781966001478557,45.205127263682755,1,1,0,0,1.0,False
LTC,2026-07-12T05:36:33.027Z,2026-07-12T05:36:33.028135Z,2026-07-12T07:36:33.028135Z,7410.080257,7,44.465,2.2489598560661217,2.75970383666144,-0.447,90.14084507042253,2.2489598560661217,57.77506217093977,33,29,4,0,0.8182,False
SOL,2026-07-12T05:36:57.422Z,2026-07-12T05:36:57.422626Z,2026-07-12T07:36:57.422626Z,7385.685766,7,76.465,1.307787876807051,4.230869678767315,-1.391,98.94366197183099,1.307787876807051,49.99082226893998,31,16,7,8,0.8065,False
SYRUP,2026-07-12T05:37:06.815Z,2026-07-12T05:37:06.816239Z,2026-07-12T07:37:06.816239Z,7376.292153,7,0.19105,5.234231876471552,6.412294647588765,0.426,88.02816901408451,5.234231876471552,42.20212363769237,6,4,2,0,1.0,False
TREE,2026-07-12T05:37:17.989Z,2026-07-12T05:37:17.990164Z,2026-07-12T07:37:17.990164Z,7365.118228,7,0.04505,22.19755826859109,8.991228070175437,5.556,87.67605633802818,22.19755826859109,65.20578111891511,0,0,0,0,,
USDE,2026-07-12T05:37:39.435Z,2026-07-12T05:37:39.435999Z,2026-07-12T07:37:39.435999Z,7343.672393,7,1.0000499999999999,0.999950002499765,8.119999999999994,0.0,96.83098591549296,0.999950002499765,56.09339294928997,0,0,0,0,,
XLM,2026-07-12T05:37:55.786Z,2026-07-12T05:37:55.786224Z,2026-07-12T07:37:55.786224Z,7327.322168,7,0.18525,5.398110661267961,5.9549356223175955,-1.895,94.36619718309859,5.398110661267961,62.66502230662589,16,10,4,2,0.875,False
XRP,2026-07-12T05:38:06.300Z,2026-07-12T05:38:06.300378Z,2026-07-12T07:38:06.300378Z,7316.808014,7,1.0906500000000001,0.9168844267179111,2.723450923048807,-0.861,98.2394366197183,0.9168844267179111,42.72135165051113,31,15,5,11,0.3871,False
ONDO,2026-07-12T05:44:06.132Z,2026-07-12T05:44:06.132824Z,2026-07-12T07:44:06.132824Z,7557.293954,7,0.32525,3.074558032282521,4.613964933866507,-0.793,86.61971830985915,3.074558032282521,67.03552544169783,7,4,3,0,1.0,False
CRV,2026-07-12T05:50:11.824Z,2026-07-12T05:50:11.824675Z,2026-07-12T07:50:11.824675Z,7791.956263,7,0.20525,4.872107186358916,6.024096385542174,0.436,82.04225352112677,4.872107186358916,51.770645181326934,4,3,1,0,0.5,False
DOT,2026-07-12T05:50:18.100Z,2026-07-12T05:50:18.100209Z,2026-07-12T07:50:18.100209Z,7785.680729,7,0.8474999999999999,11.799410029498535,4.806565064478316,-2.847,79.92957746478874,11.799410029498535,57.725782078235966,0,0,0,0,,
DYDX,2026-07-12T05:50:23.561Z,2026-07-12T05:50:23.561649Z,2026-07-12T07:50:23.561649Z,7780.219289,7,0.13128,4.570383912248971,3.1645569620253102,2.306,77.11267605633803,4.570383912248971,68.34698889444176,2,2,0,0,1.0,False
GALA,2026-07-12T05:50:43.690Z,2026-07-12T05:50:43.691367Z,2026-07-12T07:50:43.691367Z,7760.089571,7,0.0020905,4.783544606554091,5.035971223021585,-3.828,76.05633802816901,4.783544606554091,64.02627062838613,1,0,1,0,1.0,False
ICP,2026-07-12T05:50:48.747Z,2026-07-12T05:50:48.747480Z,2026-07-12T07:50:48.747480Z,7755.033458,7,2.262,8.84173297966304,3.0674846625766996,-0.088,81.33802816901408,8.84173297966304,62.333008265640515,4,3,1,0,1.0,False
INJ,2026-07-12T05:50:54.190Z,2026-07-12T05:50:54.190183Z,2026-07-12T07:50:54.190183Z,7749.590755,7,4.907500000000001,2.037697401936493,5.9403946838501795,-0.64,85.21126760563381,2.037697401936493,47.96745055592524,4,4,0,0,1.0,False
KAITO,2026-07-12T05:51:01.710Z,2026-07-12T05:51:01.711142Z,2026-07-12T07:51:01.711142Z,7742.069796,7,0.6751,8.887572211524883,12.608826178324822,8.325,79.22535211267606,8.887572211524883,78.05606077914182,0,0,0,0,,
MORPHO,2026-07-12T05:51:08.061Z,2026-07-12T05:51:08.062144Z,2026-07-12T07:51:08.062144Z,7735.718794,7,2.0275,4.9321824907516145,11.029411764705866,-2.718,77.8169014084507,4.9321824907516145,61.5081055797392,3,2,1,0,1.0,False
PARTI,2026-07-12T05:51:25.541Z,2026-07-12T05:51:25.541334Z,2026-07-12T07:51:25.541334Z,7718.239604,7,0.03315,30.165912518854558,32.02416918429003,-16.203,84.85915492957747,30.165912518854558,59.49879289406215,7,2,3,2,0.5714,False
POL,2026-07-12T05:51:37.492Z,2026-07-12T05:51:37.492387Z,2026-07-12T07:51:37.492387Z,7706.288551,7,0.07944999999999999,7.551919446191393,1.701108870967747,-0.788,75.0,7.551919446191393,56.73346320464468,3,2,1,0,1.0,False
PUMP,2026-07-12T05:51:45.201Z,2026-07-12T05:51:45.201589Z,2026-07-12T07:51:45.201589Z,7698.579349,7,0.0013900000000000002,14.388489208633441,6.249999999999998,-1.882,76.7605633802817,14.388489208633441,62.68424644664514,16,16,0,0,1.0,False
PYTH,2026-07-12T05:51:50.385Z,2026-07-12T05:51:50.385389Z,2026-07-12T07:51:50.385389Z,7693.395549,7,0.04707,4.248990864669468,6.9816943380161725,-1.859,74.29577464788733,4.248990864669468,47.16136892081767,6,4,1,1,1.0,False
RUNE,2026-07-12T05:52:04.759Z,2026-07-12T05:52:04.759335Z,2026-07-12T07:52:04.759335Z,7679.021603,7,0.4035,24.783147459727406,2.9629629629629517,0.998,78.52112676056338,24.783147459727406,66.94964428522835,2,1,1,0,1.0,False
SEI,2026-07-12T05:52:09.896Z,2026-07-12T05:52:09.896534Z,2026-07-12T07:52:09.896534Z,7673.884404,7,0.049,4.0816326530610585,4.462102689486548,-1.148,76.40845070422536,4.0816326530610585,62.135642027279125,0,0,0,0,,
SHIB,2026-07-12T05:52:15.342Z,2026-07-12T05:52:15.342963Z,2026-07-12T07:52:15.342963Z,7668.437975,7,4.295e-06,23.28288707799942,3.9534883720930245,-1.826,73.59154929577464,23.28288707799942,61.773664323580185,10,7,3,0,0.8,False
SXT,2026-07-12T05:52:20.970Z,2026-07-12T05:52:20.970378Z,2026-07-12T07:52:20.970378Z,7662.81056,7,0.008560000000000002,46.72897196261694,41.86046511627907,31.572,82.3943661971831,46.72897196261694,67.86115376010753,3,3,0,0,0.0,False
TIA,2026-07-12T05:52:30.891Z,2026-07-12T05:52:30.891460Z,2026-07-12T07:52:30.891460Z,7652.889478,7,0.41245,7.273608922294156,6.159152500615921,0.346,79.5774647887324,7.273608922294156,53.22803101050784,14,7,7,0,0.2143,False
TRUMP,2026-07-12T05:52:40.564Z,2026-07-12T05:52:40.564444Z,2026-07-12T07:52:40.564444Z,7643.216494,7,1.5665,6.38365783593929,5.70342205323193,-1.682,80.28169014084507,6.38365783593929,70.30256136396903,37,23,4,10,0.9189,False
VANRY,2026-07-12T05:52:46.495Z,2026-07-12T05:52:46.495462Z,2026-07-12T07:52:46.495462Z,7637.285476,7,0.0068695,68.418371060485,13.677811550151976,3.895,75.35211267605634,68.418371060485,58.6866905869488,4,4,0,0,1.0,False
WIF,2026-07-12T05:52:53.617Z,2026-07-12T05:52:53.617282Z,2026-07-12T07:52:53.617282Z,7630.163656,7,0.15015,6.660006660005926,4.581673306772901,-1.375,78.87323943661971,6.660006660005926,53.24459142564286,4,4,0,0,1.0,False
ZK,2026-07-12T05:53:07.261Z,2026-07-12T05:53:07.261184Z,2026-07-12T07:53:07.261184Z,7616.519754,7,0.010495,9.528346831825942,3.661971830985913,0.282,73.2394366197183,9.528346831825942,71.40410629856946,0,0,0,0,,
ZRO,2026-07-12T05:53:14.633Z,2026-07-12T05:53:14.633446Z,2026-07-12T07:53:14.633446Z,7609.147492,7,0.9015,11.092623405435395,4.625550660792943,-2.05,82.74647887323944,11.092623405435395,63.680649984089676,1,0,0,1,-1.0,False
0G,2026-07-12T05:58:53.816Z,2026-07-12T05:58:53.816385Z,2026-07-12T07:58:53.816385Z,7269.964553,7,0.1895,52.770448548812716,5.319148936170218,-4.082,63.38028169014085,52.770448548812716,58.75239731627163,0,0,0,0,,
BANK,2026-07-12T05:59:09.645Z,2026-07-12T05:59:09.646128Z,2026-07-12T07:59:09.646128Z,7254.13481,7,0.04075,24.5398773006142,19.901719901719908,13.056,64.78873239436619,24.5398773006142,74.33774629631442,4,1,2,1,-0.5,False
KMNO,2026-07-12T06:00:20.199Z,2026-07-12T06:00:20.200005Z,2026-07-12T08:00:20.200005Z,7783.682427,7,0.019055000000000002,5.247966413014741,4.834471886495012,-0.21,63.732394366197184,5.247966413014741,62.4623516621589,2,2,0,0,1.0,False
MEME,2026-07-12T06:00:34.975Z,2026-07-12T06:00:34.975567Z,2026-07-12T08:00:34.975567Z,7768.906865,7,0.0005505,18.165304268844977,7.3345259391770865,-0.534,58.098591549295776,18.165304268844977,59.720829066121674,51,37,12,2,0.8039,False
MITO,2026-07-12T06:00:42.925Z,2026-07-12T06:00:42.926127Z,2026-07-12T08:00:42.926127Z,7760.956305,7,0.02164,18.484288354897583,16.009174311926603,0.276,58.80281690140845,18.484288354897583,59.970413020468335,0,0,0,0,,
NEIRO,2026-07-12T06:00:49.619Z,2026-07-12T06:00:49.619785Z,2026-07-12T08:00:49.619785Z,7754.262647,7,6.227e-05,16.059097478722087,7.1867918420200585,-2.77,59.15492957746479,16.059097478722087,63.07622530068073,27,14,0,13,0.8889,False
PAXG,2026-07-12T06:01:07.317Z,2026-07-12T06:01:07.317457Z,2026-07-12T08:01:07.317457Z,7736.564975,7,4098.035,0.024401938978603842,0.38787092747715324,-0.208,66.90140845070422,0.024401938978603842,38.034727967338384,6,6,0,0,1.0,False
RENDER,2026-07-12T06:01:13.308Z,2026-07-12T06:01:13.309062Z,2026-07-12T08:01:13.309062Z,7730.57337,7,1.5474999999999999,6.4620355411962,4.082955281918337,-2.28,67.95774647887323,6.4620355411962,56.7206675918325,0,0,0,0,,
RESOLV,2026-07-12T06:01:18.643Z,2026-07-12T06:01:18.643261Z,2026-07-12T08:01:18.643261Z,7725.239171,7,0.01985,50.37783375314831,7.920792079207925,-0.493,61.971830985915496,50.37783375314831,68.29580295510674,0,0,0,0,,
SKY,2026-07-12T06:01:37.855Z,2026-07-12T06:01:37.856071Z,2026-07-12T08:01:37.856071Z,7706.026361,7,0.061035000000000006,8.192020971573921,8.668831168831165,2.632,70.4225352112676,8.192020971573921,77.71017709289221,50,10,37,3,0.02,False
THETA,2026-07-12T06:01:58.552Z,2026-07-12T06:01:58.553093Z,2026-07-12T08:01:58.553093Z,7685.329339,7,0.1491,13.413816230718023,9.95989304812834,1.63,65.49295774647888,13.413816230718023,66.01121778285464,1,0,1,0,1.0,False
TURBO,2026-07-12T06:02:07.770Z,2026-07-12T06:02:07.770903Z,2026-07-12T08:02:07.770903Z,7676.111529,7,0.0008525,11.730205278592662,12.07897793263646,1.893,59.859154929577464,11.730205278592662,64.68117305817513,4,4,0,0,1.0,False
TUT,2026-07-12T06:02:14.863Z,2026-07-12T06:02:14.864166Z,2026-07-12T08:02:14.864166Z,7669.018266,7,0.012084999999999999,41.37360364087687,14.465408805031444,8.997,68.66197183098592,41.37360364087687,62.239188023262116,0,0,0,0,,
AVNT,2026-07-12T06:08:20.161Z,2026-07-12T06:08:20.162143Z,2026-07-12T08:08:20.162143Z,7303.720289,7,0.09645000000000001,10.368066355624974,6.120331950207471,-2.231,57.04225352112676,10.368066355624974,64.0480495805294,0,0,0,0,,
BROCCOLI714,2026-07-12T06:08:46.507Z,2026-07-12T06:08:46.507677Z,2026-07-12T08:08:46.507677Z,7277.374755,7,0.012795,23.446658851114115,7.8173374613002995,2.621,53.87323943661972,23.446658851114115,68.53191875759957,0,0,0,0,,
CKB,2026-07-12T06:08:57.626Z,2026-07-12T06:08:57.626491Z,2026-07-12T08:08:57.626491Z,7266.255941,7,0.000918,21.7864923747282,3.711790393013096,-0.109,49.29577464788732,21.7864923747282,57.089128273577224,1,1,0,0,1.0,False
DOGS,2026-07-12T06:09:14.506Z,2026-07-12T06:09:14.506453Z,2026-07-12T08:09:14.506453Z,7249.375979,7,3.9015e-05,12.815583749840117,6.7110655737704885,0.205,55.985915492957744,12.815583749840117,67.81161073821552,0,0,0,0,,
FLOKI,2026-07-12T06:09:27.756Z,2026-07-12T06:09:27.756696Z,2026-07-12T08:09:27.756696Z,7236.125736,7,2.2814999999999998e-05,4.383081306157445,4.300131636682758,-1.682,52.816901408450704,4.383081306157445,59.97156444739792,1,0,0,1,1.0,False
GRT,2026-07-12T06:09:39.295Z,2026-07-12T06:09:39.295623Z,2026-07-12T08:09:39.295623Z,7224.586809,7,0.01756,11.389521640090651,3.9637599093997693,0.284,53.521126760563384,11.389521640090651,63.858151047161755,10,1,8,1,-0.2,False
HOME,2026-07-12T06:09:45.593Z,2026-07-12T06:09:45.594202Z,2026-07-12T08:09:45.594202Z,7218.28823,7,0.014735,6.786562606039765,8.774279973208296,-3.24,50.0,6.786562606039765,64.69604691692446,37,20,17,0,0.9459,False
HYPER,2026-07-12T06:09:53.715Z,2026-07-12T06:09:53.715681Z,2026-07-12T08:09:53.715681Z,7210.166751,7,0.06885,14.524328249818863,3.8961038961039076,-0.431,54.225352112676056,14.524328249818863,63.33487587757477,1,1,0,0,1.0,False
IMX,2026-07-12T06:09:59.327Z,2026-07-12T06:09:59.328660Z,2026-07-12T08:09:59.328660Z,7204.553772,7,0.1338,14.94768310911644,3.964098728496633,-1.109,51.40845070422535,14.94768310911644,37.453932531490885,18,7,11,0,0.5556,False
MINA,2026-07-12T06:10:13.885Z,2026-07-12T06:10:13.885720Z,2026-07-12T08:10:13.885720Z,7789.507562,7,0.04335,23.06805074971231,6.422018348623862,0.0,44.36619718309859,23.06805074971231,45.38216348656992,0,0,0,0,,
OPEN,2026-07-12T06:10:27.699Z,2026-07-12T06:10:27.699288Z,2026-07-12T08:10:27.699288Z,7775.693994,7,0.1481,13.504388926401468,6.84563758389261,-1.974,51.056338028169016,13.504388926401468,46.882420266315236,17,7,9,1,0.4118,False
PHA,2026-07-12T06:10:35.243Z,2026-07-12T06:10:35.243830Z,2026-07-12T08:10:35.243830Z,7768.149452,7,0.025349999999999998,39.44773175542383,6.640625,1.587,51.76056338028169,39.44773175542383,59.8547112396919,0,0,0,0,,
PLUME,2026-07-12T06:10:40.653Z,2026-07-12T06:10:40.653709Z,2026-07-12T08:10:40.653709Z,7762.739573,7,0.010239999999999999,19.531250000000902,5.544747081712057,-3.11,46.12676056338028,19.531250000000902,62.57651648686719,1,1,0,0,1.0,False
RPL,2026-07-12T06:10:50.504Z,2026-07-12T06:10:50.504792Z,2026-07-12T08:10:50.504792Z,7752.88849,7,1.835,54.49591280653956,6.666666666666672,4.651,48.23943661971831,54.49591280653956,70.53504806077197,0,0,0,0,,
SAND,2026-07-12T06:11:08.897Z,2026-07-12T06:11:08.897209Z,2026-07-12T08:11:08.897209Z,7734.496073,7,0.048810000000000006,4.097520999794956,3.69018653690187,-1.241,46.478873239436616,4.097520999794956,69.04973919368176,16,7,8,1,-0.125,False
SOMI,2026-07-12T06:11:16.313Z,2026-07-12T06:11:16.313732Z,2026-07-12T08:11:16.313732Z,7727.07955,7,0.1036,19.305019305019858,5.120772946859903,-0.193,56.33802816901409,19.305019305019858,63.84229292368509,0,0,0,0,,
SSV,2026-07-12T06:11:23.389Z,2026-07-12T06:11:23.389301Z,2026-07-12T08:11:23.389301Z,7720.003981,7,2.053,19.483682415976638,5.5205811138014464,-0.145,52.46478873239437,19.483682415976638,59.1646784628161,0,0,0,0,,
THE,2026-07-12T06:11:30.367Z,2026-07-12T06:11:30.367299Z,2026-07-12T08:11:30.367299Z,7713.025983,7,0.05395,18.53568118628284,6.077348066298337,-3.552,44.71830985915493,18.53568118628284,61.64949289955799,19,11,7,1,0.5789,False
VET,2026-07-12T06:11:47.493Z,2026-07-12T06:11:47.494122Z,2026-07-12T08:11:47.494122Z,7695.89916,7,0.0049195,10.163634515702402,5.388496468213923,3.079,53.16901408450704,10.163634515702402,68.9998825451362,1,1,0,0,1.0,False
ZBT,2026-07-12T06:11:59.987Z,2026-07-12T06:11:59.987487Z,2026-07-12T08:11:59.987487Z,7683.405795,7,0.11854999999999999,8.435259384226308,10.041841004184098,-6.641,47.53521126760563,8.435259384226308,40.43044677513661,0,0,0,0,,
ZEN,2026-07-12T06:12:06.488Z,2026-07-12T06:12:06.488206Z,2026-07-12T08:12:06.488206Z,7676.905076,7,4.148,9.643201542913326,4.0520984081042,-0.265,48.59154929577465,9.643201542913326,48.16145830190305,0,0,0,0,,
ZKC,2026-07-12T06:12:13.648Z,2026-07-12T06:12:13.648808Z,2026-07-12T08:12:13.648808Z,7669.744474,7,0.04445,22.497187851517644,6.5462753950338595,-0.673,47.88732394366197,22.497187851517644,49.43051214780194,1,1,0,0,1.0,False
1000CHEEMS,2026-07-12T06:17:46.005Z,2026-07-12T06:17:46.005522Z,2026-07-12T08:17:46.005522Z,7337.38776,7,0.000469,85.28784648187609,5.932203389830492,0.0,32.74647887323944,85.28784648187609,52.49098773635035,0,0,0,0,,
2Z,2026-07-12T06:17:52.592Z,2026-07-12T06:17:52.592437Z,2026-07-12T08:17:52.592437Z,7330.800845,7,0.07202,5.554012774231081,4.002192982456148,2.013,42.25352112676056,5.554012774231081,65.9559107611274,0,0,0,0,,
AIXBT,2026-07-12T06:18:00.306Z,2026-07-12T06:18:00.306922Z,2026-07-12T08:18:00.306922Z,7323.08636,7,0.01941,20.607934054610183,9.489427539969062,-5.322,30.281690140845072,20.607934054610183,53.8283049100501,3,3,0,0,1.0,False
AXS,2026-07-12T06:18:06.314Z,2026-07-12T06:18:06.314703Z,2026-07-12T08:18:06.314703Z,7317.078579,7,0.9995,10.005002501250633,4.304304304304297,-0.893,42.605633802816904,10.005002501250633,62.77011588707299,1,1,0,0,1.0,False
BABY,2026-07-12T06:18:13.634Z,2026-07-12T06:18:13.634260Z,2026-07-12T08:18:13.634260Z,7309.759022,7,0.013135,7.613247049867778,4.590665646518757,-2.097,35.91549295774648,7.613247049867778,57.40500279627969,0,0,0,0,,
BANANA,2026-07-12T06:18:20.452Z,2026-07-12T06:18:20.452342Z,2026-07-12T08:18:20.452342Z,7302.94094,7,3.377,11.844832691738242,5.746445497630344,3.527,30.633802816901408,11.844832691738242,66.08394777679254,0,0,0,0,,
COOKIE,2026-07-12T06:18:33.795Z,2026-07-12T06:18:33.795765Z,2026-07-12T08:18:33.795765Z,7289.597517,7,0.00915,109.28961748633814,5.434782608695638,0.0,32.394366197183096,109.28961748633814,51.22188467453326,3,3,0,0,1.0,False
CVX,2026-07-12T06:18:41.085Z,2026-07-12T06:18:41.085428Z,2026-07-12T08:18:41.085428Z,7282.307854,7,1.2425000000000002,56.338028169013235,3.861625100563139,0.161,34.859154929577464,56.338028169013235,61.775048746414534,1,0,1,0,1.0,False
ERA,2026-07-12T06:18:47.199Z,2026-07-12T06:18:47.199639Z,2026-07-12T08:18:47.199639Z,7276.193643,7,0.07944999999999999,12.586532410321317,7.0796460176991065,-3.064,37.67605633802817,12.586532410321317,51.978482108319604,0,0,0,0,,
GUN,2026-07-12T06:19:15.081Z,2026-07-12T06:19:15.082257Z,2026-07-12T08:19:15.082257Z,7248.311025,7,0.004055,24.660912453761927,5.432098765432113,-1.699,40.49295774647887,24.660912453761927,52.12341782230969,3,2,1,0,1.0,False
HEMI,2026-07-12T06:19:26.678Z,2026-07-12T06:19:26.678424Z,2026-07-12T08:19:26.678424Z,7236.714858,7,0.004435,22.547914317926633,6.292134831460672,-4.915,39.436619718309856,22.547914317926633,45.092393318077946,0,0,0,0,,
HOLO,2026-07-12T06:19:33.846Z,2026-07-12T06:19:33.847185Z,2026-07-12T08:19:33.847185Z,7229.546097,7,0.07235,13.821700069108896,5.63186813186814,-0.41,31.690140845070424,13.821700069108896,58.32249168852806,2,2,0,0,1.0,False
KAIA,2026-07-12T06:19:38.888Z,2026-07-12T06:19:38.888583Z,2026-07-12T08:19:38.888583Z,7224.504699,7,0.03475,28.776978417265013,3.151862464183372,0.576,33.80281690140845,28.776978417265013,64.13095508001932,1,0,0,1,1.0,False
LAYER,2026-07-12T06:19:52.906Z,2026-07-12T06:19:52.907165Z,2026-07-12T08:19:52.907165Z,7210.486117,7,0.0668,29.940119760479902,2.8400597907324348,0.15,38.028169014084504,29.940119760479902,66.06201753522843,0,0,0,0,,
LINEA,2026-07-12T06:19:59.690Z,2026-07-12T06:19:59.691214Z,2026-07-12T08:19:59.691214Z,7203.702068,7,0.0023870000000000002,8.378718056136705,4.926931106471819,-2.364,40.84507042253521,8.378718056136705,53.20475501716867,1,1,0,0,1.0,False
MANTA,2026-07-12T06:20:07.721Z,2026-07-12T06:20:07.721412Z,2026-07-12T08:20:07.721412Z,7795.90989,7,0.058065,12.055455093429883,6.462063086103997,-0.17,43.309859154929576,12.055455093429883,53.08816343748938,0,0,0,0,,
MIRA,2026-07-12T06:20:28.106Z,2026-07-12T06:20:28.107101Z,2026-07-12T08:20:28.107101Z,7775.524201,7,0.04345,23.014959723819544,3.4403669724770674,-2.022,33.098591549295776,23.014959723819544,57.701245735979604,0,0,0,0,,
MUBARAK,2026-07-12T06:20:38.709Z,2026-07-12T06:20:38.709832Z,2026-07-12T08:20:38.709832Z,7764.92147,7,0.013014999999999999,23.050326546293135,13.430544896392938,1.717,41.901408450704224,23.050326546293135,60.69117524654314,0,0,0,0,,
NOT,2026-07-12T06:20:50.030Z,2026-07-12T06:20:50.030459Z,2026-07-12T08:20:50.030459Z,7753.600843,7,0.00038449999999999997,26.007802340701435,4.145077720207256,-1.781,37.32394366197183,26.007802340701435,57.39974915494722,2,1,1,0,1.0,False
ORCA,2026-07-12T06:20:55.650Z,2026-07-12T06:20:55.650316Z,2026-07-12T08:20:55.650316Z,7747.980986,7,1.1564999999999999,8.646779074795608,4.407951598962848,-2.363,38.732394366197184,8.646779074795608,41.81424832342509,18,12,6,0,1.0,False
PNUT,2026-07-12T06:21:06.126Z,2026-07-12T06:21:06.126737Z,2026-07-12T08:21:06.126737Z,7737.504565,7,0.043,46.511627906976464,5.116279069767444,-0.463,35.563380281690144,46.511627906976464,60.93863650263988,55,21,29,5,0.2364,False
ROSE,2026-07-12T06:21:19.070Z,2026-07-12T06:21:19.071245Z,2026-07-12T08:21:19.071245Z,7724.560057,7,0.005815,17.196904557179007,4.810996563573881,0.172,34.50704225352113,17.196904557179007,62.86323792046319,66,8,57,1,0.0758,False
TWT,2026-07-12T06:21:42.910Z,2026-07-12T06:21:42.911057Z,2026-07-12T08:21:42.911057Z,7700.720245,7,0.348,22.9885057471255,3.4443168771526853,0.81,39.08450704225352,22.9885057471255,61.84573831590967,3,0,3,0,-1.0,False
ANIME,2026-07-12T06:27:21.499Z,2026-07-12T06:27:21.499807Z,2026-07-12T08:27:21.499807Z,7362.131495,7,0.0028450000000000003,35.14938488576459,4.210526315789469,2.518,28.87323943661972,35.14938488576459,66.69154896949492,1,0,1,0,1.0,False
API3,2026-07-12T06:27:29.211Z,2026-07-12T06:27:29.212010Z,2026-07-12T08:27:29.212010Z,7354.419292,7,0.22935,4.360148245039851,3.715034965034968,0.087,18.661971830985916,4.360148245039851,56.792360721007746,0,0,0,0,,
ARKM,2026-07-12T06:27:35.693Z,2026-07-12T06:27:35.693565Z,2026-07-12T08:27:35.693565Z,7347.937737,7,0.11215,8.91662951404271,4.262877442273534,-0.618,27.464788732394368,8.91662951404271,61.2508266764919,10,1,9,0,0.0,False
BLUR,2026-07-12T06:27:52.892Z,2026-07-12T06:27:52.892366Z,2026-07-12T08:27:52.892366Z,7330.738936,7,0.0173,11.560693641618027,8.240794856808893,-5.417,23.943661971830984,11.560693641618027,31.53703372634041,1,0,0,1,1.0,False
C,2026-07-12T06:28:03.552Z,2026-07-12T06:28:03.552621Z,2026-07-12T08:28:03.552621Z,7320.078681,7,0.06665,15.003750937732782,5.82089552238804,-2.475,20.422535211267604,15.003750937732782,44.818544849416234,0,0,0,0,,
CATI,2026-07-12T06:28:10.254Z,2026-07-12T06:28:10.255014Z,2026-07-12T08:28:10.255014Z,7313.376288,7,0.040615,7.386433583651914,8.997235486303092,0.556,20.070422535211268,7.386433583651914,57.923064725414015,9,3,6,0,1.0,False
CETUS,2026-07-12T06:28:16.137Z,2026-07-12T06:28:16.137857Z,2026-07-12T08:28:16.137857Z,7307.493445,7,0.01819,10.995052226497627,3.609106052193214,-1.585,18.309859154929576,10.995052226497627,52.32109862111851,0,0,0,0,,
CGPT,2026-07-12T06:28:21.291Z,2026-07-12T06:28:21.291554Z,2026-07-12T08:28:21.291554Z,7302.339748,7,0.01889,10.587612493382311,4.789473684210533,0.264,26.408450704225352,10.587612493382311,61.28121442047096,1,1,0,0,1.0,False
COMP,2026-07-12T06:28:28.922Z,2026-07-12T06:28:28.922661Z,2026-07-12T08:28:28.922661Z,7294.708641,7,17.025,17.62114537444792,3.2596041909196667,1.838,16.549295774647888,17.62114537444792,64.83812501725205,62,33,26,3,0.1774,False
ENJ,2026-07-12T06:28:41.368Z,2026-07-12T06:28:41.368650Z,2026-07-12T08:28:41.368650Z,7282.262652,7,0.028659999999999998,27.913468248429943,3.6893886156008393,-1.454,29.577464788732396,27.913468248429943,45.95943315797774,4,1,3,0,1.0,False
ETC,2026-07-12T06:28:52.982Z,2026-07-12T06:28:52.982668Z,2026-07-12T08:28:52.982668Z,7270.648634,7,6.865,14.56664238892904,4.341534008683065,-2.813,22.887323943661972,14.56664238892904,55.77471287696509,6,5,0,1,0.1667,False
FF,2026-07-12T06:28:59.633Z,2026-07-12T06:28:59.633480Z,2026-07-12T08:28:59.633480Z,7263.997822,7,0.05895,6.7854113655637605,4.254237288135591,0.597,22.535211267605632,6.7854113655637605,50.23046678383389,0,0,0,0,,
HUMA,2026-07-12T06:29:16.990Z,2026-07-12T06:29:16.990260Z,2026-07-12T08:29:16.990260Z,7246.641042,7,0.02327,17.1895143962191,4.986990459670433,3.131,26.760563380281692,17.1895143962191,73.27496165712813,1,1,0,0,1.0,False
IO,2026-07-12T06:29:22.899Z,2026-07-12T06:29:22.900097Z,2026-07-12T08:29:22.900097Z,7240.731205,7,0.16554999999999997,18.121413470250364,5.442583732057415,-1.589,29.225352112676056,18.121413470250364,47.23781955905299,2,2,0,0,1.0,False
NOM,2026-07-12T06:29:40.546Z,2026-07-12T06:29:40.546741Z,2026-07-12T08:29:40.546741Z,7223.084561,7,0.001575,63.49206349206366,5.76923076923077,-2.5,19.366197183098592,63.49206349206366,57.45373040393901,0,0,0,0,,
RARE,2026-07-12T06:29:52.087Z,2026-07-12T06:29:52.087661Z,2026-07-12T08:29:52.087661Z,7211.543641,7,0.01265,79.05138339920902,3.9682539682539715,-1.563,25.35211267605634,79.05138339920902,54.92205302844642,4,2,2,0,0.75,False
SAHARA,2026-07-12T06:30:09.455Z,2026-07-12T06:30:09.456093Z,2026-07-12T08:30:09.456093Z,7793.688504,7,0.010105,9.896091044037203,4.386839481555327,-2.81,25.704225352112676,9.896091044037203,55.117624984794304,1,1,0,0,1.0,False
SIGN,2026-07-12T06:30:28.104Z,2026-07-12T06:30:28.104889Z,2026-07-12T08:30:28.104889Z,7775.039708,7,0.008785,11.383039271485023,5.346985210466439,0.342,27.816901408450704,11.383039271485023,62.27286367887722,0,0,0,0,,
SOLV,2026-07-12T06:30:33.576Z,2026-07-12T06:30:33.577105Z,2026-07-12T08:30:33.577105Z,7769.567492,7,0.0027150000000000004,36.83241252302035,6.569343065693432,-1.083,28.52112676056338,36.83241252302035,60.14039030244825,1,1,0,0,1.0,False
STO,2026-07-12T06:30:40.435Z,2026-07-12T06:30:40.435772Z,2026-07-12T08:30:40.435772Z,7762.708825,7,0.04395,22.753128555175408,3.8288288288288292,-0.893,20.774647887323944,22.753128555175408,60.4133536439568,0,0,0,0,,
TURTLE,2026-07-12T06:30:57.661Z,2026-07-12T06:30:57.661664Z,2026-07-12T08:30:57.661664Z,7745.482933,7,0.03405,29.36857562408104,3.529411764705881,-2.017,15.845070422535212,29.36857562408104,58.02842454176077,0,0,0,0,,
WAL,2026-07-12T06:31:04.659Z,2026-07-12T06:31:04.659901Z,2026-07-12T08:31:04.659901Z,7738.484696,7,0.03155,31.695721077655424,3.492063492063493,-1.563,21.47887323943662,31.695721077655424,58.48063293242298,1,1,0,0,1.0,False
YGG,2026-07-12T06:31:15.885Z,2026-07-12T06:31:15.885581Z,2026-07-12T08:31:15.885581Z,7727.259016,7,0.022115000000000003,13.565453312230963,4.570135746606336,0.272,17.6056338028169,13.565453312230963,46.24387650001507,1,0,0,1,-1.0,False
1000SATS,2026-07-12T06:36:50.273Z,2026-07-12T06:36:50.273563Z,2026-07-12T08:36:50.273563Z,7392.871034,7,9.51e-06,21.03049421661389,3.5714285714285725,0.847,15.492957746478874,21.03049421661389,62.993180310083005,11,7,3,1,0.5455,False
ACH,2026-07-12T06:37:03.589Z,2026-07-12T06:37:03.589398Z,2026-07-12T08:37:03.589398Z,7379.555199,7,0.004405,22.70147559591281,2.908277404921698,2.759,10.915492957746478,22.70147559591281,65.14651851148976,1,1,0,0,1.0,False
ACT,2026-07-12T06:37:10.322Z,2026-07-12T06:37:10.322373Z,2026-07-12T08:37:10.322373Z,7372.822224,7,0.00892,44.84304932735437,4.088397790055235,-0.876,13.380281690140846,44.84304932735437,63.2018294866929,0,0,0,0,,
ACX,2026-07-12T06:37:17.480Z,2026-07-12T06:37:17.481094Z,2026-07-12T08:37:17.481094Z,7365.663503,7,0.041705,74.33161491428,2.513039355144614,-0.986,7.746478873239437,74.33161491428,43.9146460399886,65,36,23,6,0.3385,False
AT,2026-07-12T06:37:22.756Z,2026-07-12T06:37:22.756297Z,2026-07-12T08:37:22.756297Z,7360.3883,7,0.15760000000000002,25.38071065989744,5.3231939163498225,0.96,8.098591549295774,25.38071065989744,58.555036184907124,3,3,0,0,1.0,False
AUCTION,2026-07-12T06:37:27.632Z,2026-07-12T06:37:27.632843Z,2026-07-12T08:37:27.632843Z,7355.511754,7,3.3200000000000003,60.24096385542173,0.9036144578313196,0.0,8.80281690140845,60.24096385542173,57.07288039031391,1,1,0,0,1.0,False
BARD,2026-07-12T06:37:34.670Z,2026-07-12T06:37:34.670469Z,2026-07-12T08:37:34.670469Z,7348.474128,7,0.13075,7.648183556404511,3.5850495804729294,-1.131,8.450704225352112,7.648183556404511,55.96333216138817,0,0,0,0,,
BFUSD,2026-07-12T06:37:39.515Z,2026-07-12T06:37:39.516156Z,2026-07-12T08:37:39.516156Z,7343.628441,7,0.99905,3.0028527100742406,0.04003202562049199,0.03,3.5211267605633805,3.0028527100742406,67.57496755616003,0,0,0,0,,
BMT,2026-07-12T06:37:45.000Z,2026-07-12T06:37:45.000687Z,2026-07-12T08:37:45.000687Z,7338.14391,7,0.012105,8.261049153242125,3.2151690024732047,-0.818,9.859154929577464,8.261049153242125,61.95620000947359,1,1,0,0,1.0,False
COW,2026-07-12T06:37:50.131Z,2026-07-12T06:37:50.131952Z,2026-07-12T08:37:50.131952Z,7333.012645,7,0.13985,7.150518412584125,3.3523537803138446,0.143,2.112676056338028,7.150518412584125,57.105741517419666,1,0,0,1,1.0,False
CVC,2026-07-12T06:37:57.857Z,2026-07-12T06:37:57.857667Z,2026-07-12T08:37:57.857667Z,7325.28693,7,0.02031,29.542097488922213,8.662175168431181,0.972,11.971830985915492,29.542097488922213,43.81809891113313,67,14,45,8,-0.1194,False
DOLO,2026-07-12T06:38:05.186Z,2026-07-12T06:38:05.187237Z,2026-07-12T08:38:05.187237Z,7317.95736,7,0.022455000000000003,13.360053440213216,3.1443755535872557,-1.268,5.28169014084507,13.360053440213216,60.34524776614843,0,0,0,0,,
DYM,2026-07-12T06:38:11.879Z,2026-07-12T06:38:11.879852Z,2026-07-12T08:38:11.879852Z,7311.264745,7,0.015725,19.077901430844037,3.863204559848002,0.19,7.394366197183099,19.077901430844037,61.06057533546524,0,0,0,0,,
EUL,2026-07-12T06:38:19.159Z,2026-07-12T06:38:19.160122Z,2026-07-12T08:38:19.160122Z,7303.984475,7,1.0185,9.818360333823172,3.2705649157581798,1.001,14.084507042253522,9.818360333823172,69.37512172873257,0,0,0,0,,
EURI,2026-07-12T06:38:24.675Z,2026-07-12T06:38:24.676063Z,2026-07-12T08:38:24.676063Z,7298.468534,7,1.1409500000000001,0.8764625969585782,0.23669676514422255,-0.018,4.577464788732394,0.8764625969585782,50.07592547540283,0,0,0,0,,
FORM,2026-07-12T06:38:31.343Z,2026-07-12T06:38:31.343373Z,2026-07-12T08:38:31.343373Z,7291.801224,7,0.20429999999999998,9.78952520802769,4.652301665034271,-2.53,11.267605633802816,9.78952520802769,66.6394364077763,0,0,0,0,,
GMT,2026-07-12T06:38:36.877Z,2026-07-12T06:38:36.877670Z,2026-07-12T08:38:36.877670Z,7286.266927,7,0.007730000000000001,25.873221216041465,3.8709677419354938,1.307,9.507042253521126,25.873221216041465,64.29848813811776,1,0,0,1,1.0,False
ILV,2026-07-12T06:38:49.770Z,2026-07-12T06:38:49.770973Z,2026-07-12T08:38:49.770973Z,7273.373624,7,3.125,31.999999999999318,3.525641025641036,-0.952,3.8732394366197185,31.999999999999318,57.00898972457161,0,0,0,0,,
INIT,2026-07-12T06:38:57.542Z,2026-07-12T06:38:57.542846Z,2026-07-12T08:38:57.542846Z,7265.601751,7,0.0562,35.58718861210066,3.886925795053005,0.177,13.732394366197184,35.58718861210066,61.91480493193564,0,0,0,0,,
LISTA,2026-07-12T06:39:10.122Z,2026-07-12T06:39:10.122889Z,2026-07-12T08:39:10.122889Z,7253.021708,7,0.048600000000000004,41.15226337448534,4.545454545454547,-1.022,6.690140845070423,41.15226337448534,44.270549976926524,0,0,0,0,,
NEWT,2026-07-12T06:39:23.978Z,2026-07-12T06:39:23.978294Z,2026-07-12T08:39:23.978294Z,7239.166303,7,0.0476,42.01680672268882,4.612159329140463,-0.625,2.816901408450704,42.01680672268882,62.24759816714299,11,7,4,0,0.6364,False
NMR,2026-07-12T06:39:30.579Z,2026-07-12T06:39:30.579757Z,2026-07-12T08:39:30.579757Z,7232.56484,7,9.645,10.368066355624455,3.6082474226804093,-2.806,10.56338028169014,10.368066355624455,55.48429276098529,0,0,0,0,,
NXPC,2026-07-12T06:39:37.491Z,2026-07-12T06:39:37.491971Z,2026-07-12T08:39:37.491971Z,7225.652626,7,0.26234999999999997,26.681913474365487,2.8615032430370113,-1.318,3.1690140845070425,26.681913474365487,55.74104002824385,0,0,0,0,,
RVN,2026-07-12T06:40:00.566Z,2026-07-12T06:40:00.566790Z,2026-07-12T08:40:00.566790Z,7202.577807,7,0.0038450000000000003,26.007802340702277,5.194805194805197,-1.535,14.788732394366198,26.007802340702277,42.485241760246964,0,0,0,0,,
SOPH,2026-07-12T06:40:08.658Z,2026-07-12T06:40:08.658937Z,2026-07-12T08:40:08.658937Z,7794.319997,7,0.0047799999999999995,41.841004184100534,4.365904365904369,-1.837,13.028169014084508,41.841004184100534,43.77428947902236,1,0,0,1,1.0,False
WCT,2026-07-12T06:40:30.576Z,2026-07-12T06:40:30.576895Z,2026-07-12T08:40:30.576895Z,7772.402039,7,0.044505,6.7408156386912275,3.604004449388201,1.582,10.211267605633802,6.7408156386912275,67.73630245477463,1,0,0,1,-1.0,False
XAI,2026-07-12T06:40:38.002Z,2026-07-12T06:40:38.002891Z,2026-07-12T08:40:38.002891Z,7764.976043,7,0.007045,70.97232079488957,4.267425320056898,0.0,1.7605633802816902,70.97232079488957,44.7997337680467,0,0,0,0,,
XVG,2026-07-12T06:40:44.961Z,2026-07-12T06:40:44.961326Z,2026-07-12T08:40:44.961326Z,7758.017608,7,0.0021655,32.325098129762466,4.576976421636622,-0.506,2.464788732394366,32.325098129762466,54.77750321213402,42,13,22,7,-0.3571,False
1INCH,2026-07-12T06:46:28.006Z,2026-07-12T06:46:28.007056Z,2026-07-12T08:46:28.007056Z,7414.971878,7,0.0733,27.2851296043664,5.73770491803278,0.412,0.704225352112676,27.2851296043664,42.40683091374369,0,0,0,0,,
ARB,2026-07-12T06:46:40.708Z,2026-07-12T06:46:40.708640Z,2026-07-12T08:46:40.708640Z,7402.270294,7,0.09625,10.389610389610686,11.457286432160812,9.823,94.01408450704226,10.389610389610686,74.12629225281972,17,12,2,3,0.4118,False
BCH,2026-07-12T06:46:52.996Z,2026-07-12T06:46:52.996598Z,2026-07-12T08:46:52.996598Z,7389.982336,7,244.64999999999998,4.087471898630465,2.8325123152709386,-0.327,92.25352112676056,4.087471898630465,59.859481652860026,6,4,2,0,0.3333,False
BTC,2026-07-12T06:47:01.800Z,2026-07-12T06:47:01.800775Z,2026-07-12T08:47:01.800775Z,7381.178159,7,63934.575,0.0015640989248833308,1.262949968942445,-0.267,99.64788732394366,0.0015640989248833308,51.70123987974951,48,10,17,21,0.2292,False
DOGE,2026-07-12T06:47:12.770Z,2026-07-12T06:47:12.771132Z,2026-07-12T08:47:12.771132Z,7370.207802,7,0.072965,1.3705201123821178,4.491920021911793,-1.643,95.4225352112676,1.3705201123821178,58.42127905963533,23,17,6,0,0.6087,False
ETH,2026-07-12T06:47:22.701Z,2026-07-12T06:47:22.701420Z,2026-07-12T08:47:22.701420Z,7360.277514,7,1803.6950000000002,0.0554417459714137,2.8134807536623923,0.451,100.0,0.0554417459714137,66.87471324275185,49,32,10,7,0.5918,False
EUR,2026-07-12T06:47:26.259Z,2026-07-12T06:47:26.259349Z,2026-07-12T08:47:26.259349Z,7356.719585,7,1.14135,0.8761554299731807,0.14896600070101954,-0.018,96.12676056338029,0.8761554299731807,64.35198335838172,0,0,0,0,,
FDUSD,2026-07-12T06:47:32.910Z,2026-07-12T06:47:32.910473Z,2026-07-12T08:47:32.910473Z,7350.068461,7,0.99735,1.002657041158961,0.05013033888109645,-0.03,93.30985915492958,1.002657041158961,63.62557414300912,0,0,0,0,,
HBAR,2026-07-12T06:47:37.970Z,2026-07-12T06:47:37.970435Z,2026-07-12T08:47:37.970435Z,7345.008499,7,0.067815,1.474600014747475,5.980896399706085,-2.688,97.1830985915493,1.474600014747475,50.100417314835646,32,19,9,4,0.25,False
LDO,2026-07-12T06:47:47.794Z,2026-07-12T06:47:47.794284Z,2026-07-12T08:47:47.794284Z,7335.18465,7,0.30979999999999996,6.455777921240591,8.78620240807028,1.252,88.73239436619718,6.455777921240591,52.622005748537745,3,3,0,0,1.0,False
LINK,2026-07-12T06:47:53.366Z,2026-07-12T06:47:53.366764Z,2026-07-12T08:47:53.366764Z,7329.61217,7,8.0095,1.2485173856039027,3.288733274978127,-0.05,90.84507042253522,1.2485173856039027,68.18007970731247,17,8,7,2,0.5294,False
LPT,2026-07-12T06:48:01.887Z,2026-07-12T06:48:01.887902Z,2026-07-12T08:48:01.887902Z,7321.091032,7,1.547,25.856496444731764,3.0031948881789234,-2.916,1.056338028169014,25.856496444731764,37.68983942238845,0,0,0,0,,
MASK,2026-07-12T06:48:13.804Z,2026-07-12T06:48:13.804603Z,2026-07-12T08:48:13.804603Z,7309.174331,7,0.408,49.0196078431373,4.390243902439015,2.244,1.408450704225352,49.0196078431373,50.98990391717951,0,0,0,0,,
NEAR,2026-07-12T06:48:19.153Z,2026-07-12T06:48:19.153365Z,2026-07-12T08:48:19.153365Z,7303.825569,7,1.8824999999999998,5.312084993360489,3.497615262321148,-0.632,92.95774647887323,5.312084993360489,63.764646107929885,7,6,1,0,0.7143,False
PENGU,2026-07-12T06:48:24.741Z,2026-07-12T06:48:24.741634Z,2026-07-12T08:48:24.741634Z,7298.2373,7,0.0060535,4.955810688030942,5.292662819455896,-1.893,89.08450704225352,4.955810688030942,51.76373700271645,7,1,5,1,1.0,False
PEPE,2026-07-12T06:48:30.873Z,2026-07-12T06:48:30.874107Z,2026-07-12T08:48:30.874107Z,7292.104827,7,2.715e-06,36.832412523019904,5.882352941176461,-1.449,91.19718309859155,36.832412523019904,61.431411808582546,36,24,0,12,1.0,False
SUI,2026-07-12T06:48:39.883Z,2026-07-12T06:48:39.884092Z,2026-07-12T08:48:39.884092Z,7283.094842,7,0.73975,1.3518080432577084,4.520547945205468,-1.604,97.88732394366197,1.3518080432577084,56.905570482254,10,5,5,0,0.6,False
TAO,2026-07-12T06:48:53.111Z,2026-07-12T06:48:53.111534Z,2026-07-12T08:48:53.111534Z,7269.8674,7,209.95,4.763038818766102,4.892086330935246,-1.651,91.54929577464789,4.763038818766102,59.098592156851616,20,17,3,0,0.9,False
TRX,2026-07-12T06:49:03.277Z,2026-07-12T06:49:03.277529Z,2026-07-12T08:49:03.277529Z,7259.701405,7,0.32945,3.03536196691422,0.8798543689320429,-0.121,90.49295774647888,3.03536196691422,63.79186436716443,39,31,8,0,0.8974,False
UNI,2026-07-12T06:49:12.688Z,2026-07-12T06:49:12.688803Z,2026-07-12T08:49:12.688803Z,7250.290131,7,3.6595,2.73261374504805,10.190030294684664,4.399,93.66197183098592,2.73261374504805,62.099006450966456,25,17,8,0,0.28,False
USD1,2026-07-12T06:49:16.108Z,2026-07-12T06:49:16.109163Z,2026-07-12T08:49:16.109163Z,7246.869771,7,0.99935,1.0006504227746935,0.05003502451716761,-0.01,99.29577464788733,1.0006504227746935,60.93695848985824,0,0,0,0,,
VIRTUAL,2026-07-12T06:49:23.649Z,2026-07-12T06:49:23.649842Z,2026-07-12T08:49:23.649842Z,7239.329092,7,0.59975,5.002084201750178,9.535613948107766,-4.013,91.90140845070422,5.002084201750178,46.260250424971616,4,4,0,0,1.0,False
WLD,2026-07-12T06:49:28.600Z,2026-07-12T06:49:28.600997Z,2026-07-12T08:49:28.600997Z,7234.377937,7,0.40615,2.4621445278835155,8.278812279818819,3.087,94.71830985915493,2.4621445278835155,59.41511805236186,13,8,5,0,0.6923,False
XPL,2026-07-12T06:49:37.875Z,2026-07-12T06:49:37.876178Z,2026-07-12T08:49:37.876178Z,7225.102756,7,0.09071,2.204828574577472,6.282837127845879,-0.89,89.43661971830986,2.204828574577472,59.6551699919236,1,0,1,0,1.0,False
ZEC,2026-07-12T06:49:46.913Z,2026-07-12T06:49:46.913249Z,2026-07-12T08:49:46.913249Z,7216.065685,7,525.44,2.6644336175393257,7.683927946154158,2.715,97.53521126760563,2.6644336175393257,63.18287401762273,15,12,3,0,0.7333,False
JUP,2026-07-12T06:55:29.595Z,2026-07-12T06:55:29.595420Z,2026-07-12T08:55:29.595420Z,7473.373198,7,0.20185,4.9541738915030455,6.530408773678964,-1.667,86.26760563380282,4.9541738915030455,60.07942288933071,22,14,8,0,0.9091,False
MMT,2026-07-12T06:55:35.701Z,2026-07-12T06:55:35.701408Z,2026-07-12T08:55:35.701408Z,7467.26721,7,0.1859,10.758472296934142,14.972677595628406,-0.435,86.97183098591549,10.758472296934142,62.94395162514194,1,1,0,0,1.0,False
SYN,2026-07-12T07:00:54.390Z,2026-07-12T07:00:54.390333Z,2026-07-12T09:00:54.390333Z,7748.746131,7,0.324085,14.502368205871004,13.101628884321611,10.934,88.38028169014085,14.502368205871004,71.9263592004365,2,2,0,0,1.0,False
TLM,2026-07-12T07:01:00.037Z,2026-07-12T07:01:00.037986Z,2026-07-12T09:01:00.037986Z,7743.098478,7,0.0018425,16.282225237448927,15.515463917525766,1.147,87.67605633802818,16.282225237448927,65.5890630615043,1,0,0,1,-1.0,False
1MBABYDOGE,2026-07-12T07:01:25.902Z,2026-07-12T07:01:25.902336Z,2026-07-12T09:01:25.902336Z,7717.234128,7,0.00031725000000000004,9.45626477541394,17.19824890556599,7.279,76.40845070422536,9.45626477541394,70.47176212750695,0,0,0,0,,
ALGO,2026-07-12T07:01:33.137Z,2026-07-12T07:01:33.138114Z,2026-07-12T09:01:33.138114Z,7709.99835,7,0.08405,11.89767995240797,4.6594982078853056,-2.9,75.0,11.89767995240797,47.681017997531136,3,2,1,0,-0.3333,False
ALLO,2026-07-12T07:01:38.299Z,2026-07-12T07:01:38.299631Z,2026-07-12T09:01:38.299631Z,7704.836833,7,0.34455,14.51168190393268,17.484751670055175,-13.839,81.69014084507042,14.51168190393268,52.58034529236227,32,5,26,1,-0.4375,False
APT,2026-07-12T07:01:44.054Z,2026-07-12T07:01:44.054972Z,2026-07-12T09:01:44.054972Z,7699.081492,7,0.6234999999999999,16.038492381716132,4.50885668276973,-1.272,85.56338028169014,16.038492381716132,60.90031974647109,6,5,0,1,0.0,False
ASTER,2026-07-12T07:01:49.231Z,2026-07-12T07:01:49.232164Z,2026-07-12T09:01:49.232164Z,7693.9043,7,0.6214999999999999,16.090104585679825,3.3762057877813536,-0.639,83.80281690140845,16.090104585679825,65.12822283489706,3,1,2,0,-0.3333,False
BONK,2026-07-12T07:01:54.714Z,2026-07-12T07:01:54.714836Z,2026-07-12T09:01:54.714836Z,7688.421628,7,3.995e-06,25.031289111389,5.513784461152893,-2.206,85.21126760563381,25.031289111389,61.57152579290248,18,12,6,0,1.0,False
CHZ,2026-07-12T07:02:00.185Z,2026-07-12T07:02:00.185417Z,2026-07-12T09:02:00.185417Z,7682.951047,7,0.017255,5.795421616922395,5.88235294117647,-0.288,77.11267605633803,5.795421616922395,52.075609360092315,3,1,2,0,1.0,False
EIGEN,2026-07-12T07:02:19.926Z,2026-07-12T07:02:19.926920Z,2026-07-12T09:02:19.926920Z,7663.209544,7,0.23285,4.294610264118058,8.84146341463414,-0.949,73.94366197183099,4.294610264118058,65.57875612409146,4,3,1,0,1.0,False
EPIC,2026-07-12T07:02:25.734Z,2026-07-12T07:02:25.734418Z,2026-07-12T09:02:25.734418Z,7657.402046,7,0.3755,26.631158455392832,11.989795918367358,10.112,79.5774647887324,26.631158455392832,79.97347522328431,0,0,0,0,,
FET,2026-07-12T07:02:31.004Z,2026-07-12T07:02:31.004712Z,2026-07-12T09:02:31.004712Z,7652.131752,7,0.16025,6.240249609983712,3.8895859473023737,-1.239,72.53521126760563,6.240249609983712,60.81659437521357,7,7,0,0,1.0,False
JTO,2026-07-12T07:02:50.631Z,2026-07-12T07:02:50.631484Z,2026-07-12T09:02:50.631484Z,7632.50498,7,0.593,3.3726812816185157,8.841927303465766,-6.111,73.2394366197183,3.3726812816185157,39.93277041814222,1,0,0,1,-1.0,False
PENDLE,2026-07-12T07:03:20.259Z,2026-07-12T07:03:20.259701Z,2026-07-12T09:03:20.259701Z,7602.876763,7,1.5305,6.533812479581117,5.577427821522321,-1.039,82.74647887323944,6.533812479581117,56.66530420490581,1,1,0,0,1.0,False
WLFI,2026-07-12T07:04:32.666Z,2026-07-12T07:04:32.667042Z,2026-07-12T09:04:32.667042Z,7530.469422,7,0.057749999999999996,17.316017316016612,3.633217993079581,-0.687,78.87323943661971,17.316017316016612,49.672029708292314,7,5,1,1,0.2857,False
APE,2026-07-12T07:10:27.637Z,2026-07-12T07:10:27.637306Z,2026-07-12T09:10:27.637306Z,7776.875604,7,0.1557,12.845215157354254,4.163997437540043,-0.51,68.30985915492958,12.845215157354254,65.78192891887598,1,0,1,0,1.0,False
ATOM,2026-07-12T07:10:32.857Z,2026-07-12T07:10:32.858137Z,2026-07-12T09:10:32.858137Z,7771.654773,7,1.5605,6.408202499198269,2.484076433121014,-1.196,69.01408450704226,6.408202499198269,39.71760518264408,8,0,8,0,0.625,False
BIO,2026-07-12T07:10:44.589Z,2026-07-12T07:10:44.589564Z,2026-07-12T09:10:44.589564Z,7759.923346,7,0.02881,6.942034015966395,4.652754019842628,2.742,64.08450704225352,6.942034015966395,65.57482266702308,1,1,0,0,1.0,False
CAKE,2026-07-12T07:10:49.713Z,2026-07-12T07:10:49.713504Z,2026-07-12T09:10:49.713504Z,7754.799406,7,1.4125,7.079646017699907,3.682719546742213,0.0,71.83098591549296,7.079646017699907,66.68332918022845,2,2,0,0,1.0,False
CFX,2026-07-12T07:10:57.480Z,2026-07-12T07:10:57.480402Z,2026-07-12T09:10:57.480402Z,7747.032508,7,0.043505,2.2985863693835333,5.541503793975616,0.416,59.859154929577464,2.2985863693835333,64.57709662422327,1,1,0,0,1.0,False
EGLD,2026-07-12T07:11:02.980Z,2026-07-12T07:11:02.980790Z,2026-07-12T09:11:02.980790Z,7741.53212,7,3.065,32.626427406198324,8.58085808580859,7.829,64.43661971830986,32.626427406198324,77.34483660526625,1,0,1,0,1.0,False
ETHFI,2026-07-12T07:11:13.749Z,2026-07-12T07:11:13.749330Z,2026-07-12T09:11:13.749330Z,7730.76358,7,0.4295,23.282887077997692,7.294117647058817,4.938,67.6056338028169,23.282887077997692,52.66609443630116,2,0,1,1,0.0,False
FIL,2026-07-12T07:11:23.790Z,2026-07-12T07:11:23.790460Z,2026-07-12T09:11:23.790460Z,7720.72245,7,0.7855000000000001,12.730744748567801,4.076433121019112,-0.381,63.38028169014085,12.730744748567801,69.92868797234867,16,6,10,0,1.0,False
IOTA,2026-07-12T07:11:28.975Z,2026-07-12T07:11:28.976057Z,2026-07-12T09:11:28.976057Z,7715.536853,7,0.03815,26.21231979030037,6.393861892583125,-3.695,60.563380281690144,26.21231979030037,52.13892577011504,1,1,0,0,1.0,False
KITE,2026-07-12T07:11:39.754Z,2026-07-12T07:11:39.754552Z,2026-07-12T09:11:39.754552Z,7704.758358,7,0.1126,17.76198934280567,8.060230292294063,-6.462,59.50704225352113,17.76198934280567,59.058428858819894,0,0,0,0,,
OP,2026-07-12T07:12:13.159Z,2026-07-12T07:12:13.159588Z,2026-07-12T09:12:13.159588Z,7671.353322,7,0.1015,19.704433497536144,7.022749752720088,-3.161,71.47887323943662,19.704433497536144,61.25399080286597,38,15,18,5,0.5789,False
ORDI,2026-07-12T07:12:20.365Z,2026-07-12T07:12:20.365458Z,2026-07-12T09:12:20.365458Z,7664.147452,7,3.3935,8.840430234271736,7.159833630421855,-4.13,66.54929577464789,8.840430234271736,65.38060271398564,9,2,4,3,-0.1111,False
S,2026-07-12T07:12:49.993Z,2026-07-12T07:12:49.994006Z,2026-07-12T09:12:49.994006Z,7634.518904,7,0.025814999999999998,11.621150493898423,6.04543704274162,-2.807,69.71830985915493,11.621150493898423,57.283461509874655,0,0,0,0,,
SKL,2026-07-12T07:12:56.322Z,2026-07-12T07:12:56.322284Z,2026-07-12T09:12:56.322284Z,7628.190626,7,0.00465,43.010752688172154,16.06765327695561,-10.247,62.67605633802817,43.010752688172154,48.55621551452821,1,0,1,0,1.0,False
SNX,2026-07-12T07:13:06.497Z,2026-07-12T07:13:06.498078Z,2026-07-12T09:13:06.498078Z,7618.014832,7,0.2385,41.92872117400423,10.24590163934426,5.628,66.90140845070422,41.92872117400423,73.03014232039804,1,1,0,0,1.0,False
STRK,2026-07-12T07:13:13.816Z,2026-07-12T07:13:13.817004Z,2026-07-12T09:13:13.817004Z,7610.695906,7,0.030449999999999998,32.84072249589472,4.605263157894743,-0.977,71.12676056338029,32.84072249589472,62.38891234678224,5,2,2,1,0.6,False
STX,2026-07-12T07:13:20.493Z,2026-07-12T07:13:20.493612Z,2026-07-12T09:13:20.493612Z,7604.019298,7,0.17385,5.752085130859303,4.804974561899383,2.313,58.45070422535211,5.752085130859303,70.2516957439627,6,2,4,0,1.0,False
TRB,2026-07-12T07:13:31.076Z,2026-07-12T07:13:31.076585Z,2026-07-12T09:13:31.076585Z,7593.436325,7,15.135000000000002,6.607201850016376,6.436629064366295,-3.024,61.61971830985915,6.607201850016376,58.6275375684616,1,0,0,1,-1.0,False
W,2026-07-12T07:13:50.454Z,2026-07-12T07:13:50.455863Z,2026-07-12T09:13:50.455863Z,7574.057047,7,0.009725000000000001,10.282776349615759,8.913934426229519,-2.106,60.2112676056338,10.282776349615759,63.63072059141657,1,1,0,0,1.0,False
XTZ,2026-07-12T07:14:05.386Z,2026-07-12T07:14:05.386816Z,2026-07-12T09:14:05.386816Z,7559.126094,7,0.22885,4.3696744592523045,4.4463818657367105,-2.175,68.66197183098592,4.3696744592523045,62.26433747615346,2,1,1,0,1.0,False
ALT,2026-07-12T07:14:36.844Z,2026-07-12T07:14:36.844295Z,2026-07-12T09:14:36.844295Z,7527.668615,7,0.006425,15.564202334629716,7.100591715976325,3.522,57.04225352112676,15.564202334629716,62.31877977317894,2,1,1,0,1.0,False
AR,2026-07-12T07:14:44.139Z,2026-07-12T07:14:44.139601Z,2026-07-12T09:14:44.139601Z,7520.373309,7,1.971,10.147133434804676,3.042596348884384,-1.4,57.394366197183096,10.147133434804676,64.26729695146733,0,0,0,0,,
BANANAS31,2026-07-12T07:14:56.632Z,2026-07-12T07:14:56.632654Z,2026-07-12T09:14:56.632654Z,7507.880256,7,0.007673,18.245796950345525,4.731491136600609,-2.898,55.985915492957744,18.245796950345525,58.81607157617723,0,0,0,0,,
BERA,2026-07-12T07:15:04.120Z,2026-07-12T07:15:04.120336Z,2026-07-12T09:15:04.120336Z,7500.392574,7,0.1935,51.67958656330754,4.615384615384619,-2.01,50.0,51.67958656330754,56.43754046530487,0,0,0,0,,
CYBER,2026-07-12T07:15:35.196Z,2026-07-12T07:15:35.197138Z,2026-07-12T09:15:35.197138Z,7469.315772,7,0.37,54.0540540540541,9.58904109589042,3.693,45.42253521126761,54.0540540540541,64.19477484635263,0,0,0,0,,
DASH,2026-07-12T07:15:43.449Z,2026-07-12T07:15:43.450174Z,2026-07-12T09:15:43.450174Z,7461.062736,7,34.29,5.8326042577999475,4.946996466431094,-2.217,51.76056338028169,5.8326042577999475,63.209835287435,2,2,0,0,1.0,False
ENSO,2026-07-12T07:15:54.706Z,2026-07-12T07:15:54.706862Z,2026-07-12T09:15:54.706862Z,7449.806048,7,0.7335,13.63326516700751,6.224066390041484,2.408,54.57746478873239,13.63326516700751,76.80293710799542,0,0,0,0,,
GIGGLE,2026-07-12T07:16:06.596Z,2026-07-12T07:16:06.596717Z,2026-07-12T09:16:06.596717Z,7437.916193,7,26.96,14.836795252225203,6.500742942050519,3.738,53.87323943661972,14.836795252225203,69.27770363049639,1,0,1,0,1.0,False
RAY,2026-07-12T07:17:10.790Z,2026-07-12T07:17:10.790451Z,2026-07-12T09:17:10.790451Z,7373.722459,7,0.67815,7.373000073730826,5.22189349112426,-2.706,46.478873239436616,7.373000073730826,64.72016473847317,6,5,1,0,0.6667,False
RSR,2026-07-12T07:17:24.122Z,2026-07-12T07:17:24.122430Z,2026-07-12T09:17:24.122430Z,7360.39048,7,0.0012515,7.990411506193629,5.7028112449799275,-1.891,44.71830985915493,7.990411506193629,61.02165444635704,0,0,0,0,,
SAGA,2026-07-12T07:17:29.283Z,2026-07-12T07:17:29.283302Z,2026-07-12T09:17:29.283302Z,7355.229608,7,0.012830000000000001,15.588464536243896,5.611847233047547,-1.761,52.11267605633803,15.588464536243896,62.69117158218765,1,0,0,1,1.0,False
TST,2026-07-12T07:17:50.231Z,2026-07-12T07:17:50.231276Z,2026-07-12T09:17:50.231276Z,7334.281634,7,0.010675,9.367681498828658,7.276119402985069,4.179,46.83098591549296,9.367681498828658,66.390141544042,1,1,0,0,1.0,False
UMA,2026-07-12T07:17:56.190Z,2026-07-12T07:17:56.190607Z,2026-07-12T09:17:56.190607Z,7328.322303,7,0.3795,26.350461133069853,15.48556430446194,0.528,48.23943661971831,26.350461133069853,60.90809891732844,0,0,0,0,,
F,2026-07-12T07:24:48.751Z,2026-07-12T07:24:48.751586Z,2026-07-12T09:24:48.751586Z,7515.218699,7,0.003385,29.54209748892051,4.9853372434017595,-2.292,30.633802816901408,29.54209748892051,59.88714673517802,0,0,0,0,,
HEI,2026-07-12T07:25:13.956Z,2026-07-12T07:25:13.957322Z,2026-07-12T09:25:13.957322Z,7490.012963,7,0.1057,18.9214758751188,4.721435316336171,-0.282,43.309859154929576,18.9214758751188,72.08124676581443,0,0,0,0,,
LA,2026-07-12T07:25:42.755Z,2026-07-12T07:25:42.755835Z,2026-07-12T09:25:42.755835Z,7461.21445,7,0.0589,67.91171477079756,10.544217687074838,-2.488,36.971830985915496,67.91171477079756,60.324792145952266,0,0,0,0,,
MOVE,2026-07-12T07:26:13.046Z,2026-07-12T07:26:13.046315Z,2026-07-12T09:26:13.046315Z,7430.92397,7,0.01105,90.4977375565621,4.504504504504508,-0.893,33.098591549295776,90.4977375565621,57.59186158883063,0,0,0,0,,
NEO,2026-07-12T07:26:25.267Z,2026-07-12T07:26:25.267313Z,2026-07-12T09:26:25.267313Z,7418.702972,7,1.9695,5.077430820004518,2.966751918158559,-0.357,40.49295774647887,5.077430820004518,63.22520800421672,0,0,0,0,,
OSMO,2026-07-12T07:26:39.727Z,2026-07-12T07:26:39.727462Z,2026-07-12T09:26:39.727462Z,7404.242823,7,0.03455,28.943560057885943,7.514450867052018,-2.535,39.08450704225352,28.943560057885943,51.713245310011764,0,0,0,0,,
QNT,2026-07-12T07:26:52.976Z,2026-07-12T07:26:52.976338Z,2026-07-12T09:26:52.976338Z,7390.993947,7,65.515,10.684576051284923,3.015534572037755,-2.87,30.985915492957748,10.684576051284923,55.8770323306195,63,15,45,3,0.127,False
SPK,2026-07-12T07:27:14.683Z,2026-07-12T07:27:14.683410Z,2026-07-12T09:27:14.683410Z,7369.286875,7,0.0170975,13.452259102207172,3.8333625065639643,-1.25,37.67605633802817,13.452259102207172,64.32117852066742,15,4,11,0,1.0,False
STEEM,2026-07-12T07:27:22.873Z,2026-07-12T07:27:22.873483Z,2026-07-12T09:27:22.873483Z,7361.096802,7,0.040895,36.67930064800033,11.675251410350748,0.345,40.140845070422536,36.67930064800033,61.477936432376,0,0,0,0,,
USUAL,2026-07-12T07:27:39.121Z,2026-07-12T07:27:39.121491Z,2026-07-12T09:27:39.121491Z,7344.848794,7,0.009325,10.723860589811895,9.40170940170939,5.405,38.38028169014085,10.723860589811895,67.59984172676074,1,0,0,1,1.0,False
A,2026-07-12T07:33:21.395Z,2026-07-12T07:33:21.395287Z,2026-07-12T09:33:21.395287Z,7602.490837,7,0.0744,26.88172043010643,5.100671140939594,-2.742,15.845070422535212,26.88172043010643,46.02301712716958,0,0,0,0,,
BEAMX,2026-07-12T07:33:38.708Z,2026-07-12T07:33:38.708265Z,2026-07-12T09:33:38.708265Z,7585.177859,7,0.00166,12.048192771083324,5.338932213557281,3.092,28.169014084507044,12.048192771083324,55.02978070839417,0,0,0,0,,
BOME,2026-07-12T07:33:49.661Z,2026-07-12T07:33:49.662061Z,2026-07-12T09:33:49.662061Z,7574.224063,7,0.00041145,7.291286912138853,5.510851011948307,-1.181,22.183098591549296,7.291286912138853,59.09330105421814,2,1,1,0,1.0,False
EDEN,2026-07-12T07:34:20.044Z,2026-07-12T07:34:20.044830Z,2026-07-12T09:34:20.044830Z,7543.841294,7,0.042835,21.01085560873113,4.2889908256880656,3.122,24.295774647887324,21.01085560873113,59.77636599536195,0,0,0,0,,
ENS,2026-07-12T07:34:33.521Z,2026-07-12T07:34:33.522177Z,2026-07-12T09:34:33.522177Z,7530.363947,7,4.135,24.183796856105896,3.381642512077309,-0.481,22.887323943661972,24.183796856105896,59.212019625188,2,2,0,0,1.0,False
FLUX,2026-07-12T07:34:53.936Z,2026-07-12T07:34:53.937101Z,2026-07-12T09:34:53.937101Z,7509.949023,7,0.04445,22.497187851517644,9.009009009009002,-1.333,20.422535211267604,22.497187851517644,41.17520816320727,0,0,0,0,,
GPS,2026-07-12T07:35:00.950Z,2026-07-12T07:35:00.950767Z,2026-07-12T09:35:00.950767Z,7502.935357,7,0.010360000000000001,19.305019305020192,6.019417475728163,0.097,28.52112676056338,19.305019305020192,54.07879021118918,1,1,0,0,1.0,False
HIVE,2026-07-12T07:35:09.087Z,2026-07-12T07:35:09.087896Z,2026-07-12T09:35:09.087896Z,7494.798228,7,0.049100000000000005,40.7331975560079,3.8461538461538445,-0.202,16.901408450704224,40.7331975560079,41.59050179544452,0,0,0,0,,
MET,2026-07-12T07:35:28.367Z,2026-07-12T07:35:28.367662Z,2026-07-12T09:35:28.367662Z,7475.518462,7,0.1519,26.33311389071833,5.314322747893723,0.456,26.760563380281692,26.33311389071833,53.38458214656929,3,2,0,1,1.0,False
NIL,2026-07-12T07:35:43.209Z,2026-07-12T07:35:43.209966Z,2026-07-12T09:35:43.209966Z,7460.676158,7,0.034820000000000004,22.97530155083391,3.4752389226759335,-1.764,23.239436619718308,22.97530155083391,46.29489458445964,0,0,0,0,,
PEOPLE,2026-07-12T07:35:53.880Z,2026-07-12T07:35:53.880746Z,2026-07-12T09:35:53.880746Z,7450.005378,7,0.005455,18.331805682859017,5.156537753222834,-1.093,17.95774647887324,18.331805682859017,55.91532652824147,1,1,0,0,1.0,False
RED,2026-07-12T07:36:07.468Z,2026-07-12T07:36:07.468380Z,2026-07-12T09:36:07.468380Z,7436.417744,7,0.1157,17.286084701815533,5.026455026455023,1.887,18.661971830985916,17.286084701815533,69.40990194762206,0,0,0,0,,
REZ,2026-07-12T07:36:13.154Z,2026-07-12T07:36:13.155256Z,2026-07-12T09:36:13.155256Z,7430.730868,7,0.0026160000000000003,7.645259938837277,6.78871090770405,-2.817,22.535211267605632,7.645259938837277,43.78923868167838,36,3,33,0,0.2778,False
SAPIEN,2026-07-12T07:36:29.141Z,2026-07-12T07:36:29.141430Z,2026-07-12T09:36:29.141430Z,7414.744694,7,0.07694999999999999,12.995451591943194,5.798969072164936,1.305,27.112676056338028,12.995451591943194,49.59277393833944,0,0,0,0,,
SHELL,2026-07-12T07:36:36.864Z,2026-07-12T07:36:36.865295Z,2026-07-12T09:36:36.865295Z,7407.020829,7,0.02105,47.50593824228,5.633802816901407,-1.843,29.225352112676056,47.50593824228,54.947136456716066,0,0,0,0,,
TNSR,2026-07-12T07:36:54.506Z,2026-07-12T07:36:54.507120Z,2026-07-12T09:36:54.507120Z,7389.379004,7,0.0314,63.69426751592319,4.100946372239756,-3.939,27.464788732394368,63.69426751592319,53.518860175390394,1,1,0,0,1.0,False
TOWNS,2026-07-12T07:37:01.569Z,2026-07-12T07:37:01.569926Z,2026-07-12T09:37:01.569926Z,7382.316198,7,0.0019649999999999997,50.89058524173042,4.568527918781727,-1.99,25.704225352112676,50.89058524173042,58.481359486679764,0,0,0,0,,
1000CAT,2026-07-12T07:42:47.364Z,2026-07-12T07:42:47.365080Z,2026-07-12T09:42:47.365080Z,7636.071342,7,0.001315,76.04562737642605,4.580152671755737,-2.239,6.690140845070423,76.04562737642605,52.7737562383136,64,12,40,12,0.0938,False
BB,2026-07-12T07:43:29.494Z,2026-07-12T07:43:29.494531Z,2026-07-12T09:43:29.494531Z,7593.941891,7,0.01915,52.21932114882475,3.6649214659685825,-0.521,15.140845070422536,52.21932114882475,39.50672541848929,1,0,1,0,1.0,False
HAEDAL,2026-07-12T07:44:30.099Z,2026-07-12T07:44:30.099264Z,2026-07-12T09:44:30.099264Z,7533.337158,7,0.016614999999999998,18.055973517904775,3.9322444041137405,-1.783,11.267605633802816,18.055973517904775,44.138295163818604,0,0,0,0,,
KERNEL,2026-07-12T07:44:48.659Z,2026-07-12T07:44:48.659768Z,2026-07-12T09:44:48.659768Z,7514.776654,7,0.04015,24.906600249066717,3.2418952618453933,-1.716,15.492957746478874,24.906600249066717,42.17434862723562,1,1,0,0,1.0,False
MAGIC,2026-07-12T07:45:01.511Z,2026-07-12T07:45:01.511718Z,2026-07-12T09:45:01.511718Z,7501.924704,7,0.0431,46.40371229698509,3.91705069124424,-1.587,4.577464788732394,46.40371229698509,47.029827177863716,18,0,18,0,1.0,False
ONT,2026-07-12T07:45:26.858Z,2026-07-12T07:45:26.858248Z,2026-07-12T09:45:26.858248Z,7476.578174,7,0.045204999999999995,11.060723371308802,2.8911939969101867,-0.461,9.859154929577464,11.060723371308802,56.4551511195303,2,1,1,0,1.0,False
PIXEL,2026-07-12T07:45:33.717Z,2026-07-12T07:45:33.717531Z,2026-07-12T09:45:33.717531Z,7469.718891,7,0.004725,21.1640211640203,6.823027718550106,-3.299,14.788732394366198,21.1640211640203,58.94534963479171,33,13,15,5,0.1212,False
PROVE,2026-07-12T07:45:40.619Z,2026-07-12T07:45:40.620069Z,2026-07-12T09:45:40.620069Z,7462.816353,7,0.19915,35.14938488576481,2.059266700150688,-0.995,5.633802816901408,35.14938488576481,52.279198873817194,0,0,0,0,,
SUSHI,2026-07-12T07:45:54.037Z,2026-07-12T07:45:54.037553Z,2026-07-12T09:45:54.037553Z,7449.398869,7,0.16335,42.85277012549778,4.895960832313346,-0.669,6.338028169014085,42.85277012549778,55.723457752047494,1,1,0,0,1.0,False
VANA,2026-07-12T07:46:07.030Z,2026-07-12T07:46:07.030972Z,2026-07-12T09:46:07.030972Z,7436.40545,7,1.2055,8.295313148070425,4.180602006688967,-2.048,12.32394366197183,8.295313148070425,60.95223541367863,3,2,0,1,0.0,False
VELODROME,2026-07-12T07:46:14.669Z,2026-07-12T07:46:14.670138Z,2026-07-12T09:46:14.670138Z,7428.766284,7,0.02145,27.972027972026833,4.368248003757634,-2.874,5.28169014084507,27.972027972026833,42.571696116356925,0,0,0,0,,
YB,2026-07-12T07:46:40.387Z,2026-07-12T07:46:40.387634Z,2026-07-12T09:46:40.387634Z,7403.048788,7,0.0757,26.420079260238534,4.993429697766113,-3.793,13.732394366197184,26.420079260238534,57.315161261002174,1,0,1,0,1.0,False
AAVE,2026-07-12T07:52:27.928Z,2026-07-12T07:52:27.929054Z,2026-07-12T09:52:27.929054Z,7655.610064,7,97.975,1.0206685378928417,7.076923076923068,2.319,95.77464788732394,1.0206685378928417,57.845831441160236,7,7,0,0,1.0,False
ADA,2026-07-12T07:52:33.906Z,2026-07-12T07:52:33.907192Z,2026-07-12T09:52:33.907192Z,7649.631926,7,0.16444999999999999,6.080875646094055,7.480073574494169,-2.394,96.12676056338029,6.080875646094055,57.66305484786472,41,31,6,4,0.8537,False
AVAX,2026-07-12T07:52:43.834Z,2026-07-12T07:52:43.834984Z,2026-07-12T09:52:43.834984Z,7639.704134,7,6.4115,1.5596974187012929,8.016411551207197,-5.503,90.84507042253522,1.5596974187012929,47.23400091285025,12,8,2,2,0.6667,False
BNB,2026-07-12T07:52:53.205Z,2026-07-12T07:52:53.206170Z,2026-07-12T09:52:53.206170Z,7630.332948,7,574.135,0.17417506335602087,2.2761468210924085,-0.731,98.59154929577464,0.17417506335602087,55.75821573285726,42,37,4,1,0.9048,False
COTI,2026-07-12T07:53:03.414Z,2026-07-12T07:53:03.415116Z,2026-07-12T09:53:03.415116Z,7620.124002,7,0.008029999999999999,24.90660024906715,3.7220843672456567,-1.104,0.352112676056338,24.90660024906715,50.72225047520961,0,0,0,0,,
ENA,2026-07-12T07:53:13.787Z,2026-07-12T07:53:13.787983Z,2026-07-12T09:53:13.787983Z,7609.751135,7,0.08215,12.172854534386975,6.218905472636804,-0.985,92.6056338028169,12.172854534386975,61.686734720336666,24,19,1,4,0.6667,False
LTC,2026-07-12T07:53:47.222Z,2026-07-12T07:53:47.223104Z,2026-07-12T09:53:47.223104Z,7576.316014,7,44.545,2.2449208665390077,2.7659096019788714,-1.024,89.78873239436619,2.2449208665390077,41.98714581934185,39,35,4,0,0.9231,False
SOL,2026-07-12T07:54:10.839Z,2026-07-12T07:54:10.839571Z,2026-07-12T09:54:10.839571Z,7552.699547,7,76.715,1.3035260379332745,4.245283018867937,-2.129,98.94366197183099,1.3035260379332745,57.155242958405864,32,20,9,3,0.8125,False
TREE,2026-07-12T07:54:36.095Z,2026-07-12T07:54:36.095388Z,2026-07-12T09:54:36.095388Z,7527.44373,7,0.04485,22.296544035675108,9.151785714285714,4.186,88.73239436619718,22.296544035675108,71.1210457882355,1,1,0,0,1.0,False
USDE,2026-07-12T07:54:56.314Z,2026-07-12T07:54:56.314453Z,2026-07-12T09:54:56.314453Z,7507.224665,7,1.0000499999999999,0.999950002499765,8.119999999999994,0.01,97.1830985915493,0.999950002499765,66.48002676186128,1,1,0,0,1.0,False
XLM,2026-07-12T07:55:13.203Z,2026-07-12T07:55:13.203681Z,2026-07-12T09:55:13.203681Z,7490.335437,7,0.18605,5.374899220639022,5.987055016181229,-2.626,93.66197183098592,5.374899220639022,52.17819438727298,22,15,5,2,0.9545,False
XRP,2026-07-12T07:55:24.089Z,2026-07-12T07:55:24.089836Z,2026-07-12T09:55:24.089836Z,7479.449282,7,1.09435,0.913784438250916,2.96975252062328,-1.419,98.2394366197183,0.913784438250916,48.91228222149866,38,13,16,9,0.5526,False
HMSTR,2026-07-12T08:01:06.391Z,2026-07-12T08:01:06.391801Z,2026-07-12T10:01:06.391801Z,7737.264215,7,0.0002035,19.656019656018803,21.008403361344538,-9.16,86.61971830985915,19.656019656018803,40.35791028190184,0,0,0,0,,
ONDO,2026-07-12T08:01:16.781Z,2026-07-12T08:01:16.781329Z,2026-07-12T10:01:16.781329Z,7726.874687,7,0.32655,3.06231817485803,4.618226600985226,-0.945,86.26760563380282,3.06231817485803,65.11296464563395,6,5,1,0,1.0,False
CRV,2026-07-12T08:07:29.383Z,2026-07-12T08:07:29.383734Z,2026-07-12T10:07:29.383734Z,7354.272282,7,0.20555,4.86499635125355,6.527033609352179,-0.34,83.09859154929578,4.86499635125355,51.56527523909724,2,1,1,0,1.0,False
DOT,2026-07-12T08:07:36.833Z,2026-07-12T08:07:36.834074Z,2026-07-12T10:07:36.834074Z,7346.821942,7,0.8454999999999999,11.827321111768196,5.076741440377808,-3.421,80.28169014084507,11.827321111768196,52.49280866915667,4,1,3,0,0.0,False
DYDX,2026-07-12T08:07:43.937Z,2026-07-12T08:07:43.938034Z,2026-07-12T10:07:43.938034Z,7339.717982,7,0.132385,6.7983532877576,4.099047619047637,2.869,77.46478873239437,6.7983532877576,76.22470331321479,4,2,1,1,1.0,False
GALA,2026-07-12T08:08:04.734Z,2026-07-12T08:08:04.734936Z,2026-07-12T10:08:04.734936Z,7318.92108,7,0.0021005,4.760771244942313,4.312410158121717,-3.11,75.35211267605634,4.760771244942313,51.27241550462836,1,1,0,0,1.0,False
ICP,2026-07-12T08:08:10.447Z,2026-07-12T08:08:10.448215Z,2026-07-12T10:08:10.448215Z,7313.207801,7,2.2525,4.439511653719574,3.093239063190468,-0.919,80.98591549295774,4.439511653719574,47.492863719324994,7,5,1,1,0.7143,False
INJ,2026-07-12T08:08:16.871Z,2026-07-12T08:08:16.871602Z,2026-07-12T10:08:16.871602Z,7306.784414,7,4.9125,2.035623409669891,6.027789129546382,-2.781,84.15492957746478,2.035623409669891,62.690424704465414,9,7,2,0,1.0,False
KAITO,2026-07-12T08:08:30.898Z,2026-07-12T08:08:30.898184Z,2026-07-12T10:08:30.898184Z,7292.757832,7,0.65845,16.705900220213987,12.49814015771462,9.784,78.16901408450704,16.705900220213987,59.32289259650343,6,4,1,1,0.3333,False
MORPHO,2026-07-12T08:08:37.596Z,2026-07-12T08:08:37.596383Z,2026-07-12T10:08:37.596383Z,7286.059633,7,1.9845000000000002,5.03905265810084,11.677387431964362,-2.414,77.8169014084507,5.03905265810084,53.789221489589316,6,3,2,1,0.6667,False
PARTI,2026-07-12T08:08:53.783Z,2026-07-12T08:08:53.783650Z,2026-07-12T10:08:53.783650Z,7269.872366,7,0.032549999999999996,30.721966205835926,32.02416918429003,-17.25,85.91549295774648,30.721966205835926,64.32128256653505,1,0,1,0,1.0,False
POL,2026-07-12T08:09:03.816Z,2026-07-12T08:09:03.816949Z,2026-07-12T10:09:03.816949Z,7259.839067,7,0.07919,7.576714231595466,2.434102661117419,-0.739,74.64788732394366,7.576714231595466,58.85668872319474,14,7,5,2,0.4286,False
PUMP,2026-07-12T08:09:09.520Z,2026-07-12T08:09:09.520533Z,2026-07-12T10:09:09.520533Z,7254.135483,7,0.0014035,7.125044531529268,6.317300789662597,-3.197,76.7605633802817,7.125044531529268,63.26968321704255,43,41,0,2,0.8372,False
PYTH,2026-07-12T08:09:16.220Z,2026-07-12T08:09:16.221088Z,2026-07-12T10:09:16.221088Z,7247.434928,7,0.047395,10.549636037555544,7.725230044939001,-1.972,74.29577464788733,10.549636037555544,48.57623253437787,6,4,2,0,1.0,False
RUNE,2026-07-12T08:09:27.599Z,2026-07-12T08:09:27.599376Z,2026-07-12T10:09:27.599376Z,7236.05664,7,0.4035,24.783147459727406,2.9776674937965146,0.499,79.22535211267606,24.783147459727406,59.70556276947877,1,1,0,0,1.0,False
SEI,2026-07-12T08:09:33.287Z,2026-07-12T08:09:33.287874Z,2026-07-12T10:09:33.287874Z,7230.368142,7,0.049265,6.08951588348631,4.469387755102035,-1.508,75.70422535211267,6.08951588348631,49.19754757338774,4,2,1,1,1.0,False
SHIB,2026-07-12T08:09:38.612Z,2026-07-12T08:09:38.612483Z,2026-07-12T10:09:38.612483Z,7225.043533,7,4.305e-06,23.22880371660837,3.9627039627039644,-2.055,73.59154929577464,23.22880371660837,64.02641596112021,8,6,2,0,0.75,False
SXT,2026-07-12T08:09:44.991Z,2026-07-12T08:09:44.991687Z,2026-07-12T10:09:44.991687Z,7218.664329,7,0.009149999999999998,43.71584699453564,43.79977246871445,21.409,84.50704225352112,43.71584699453564,64.85170117465671,8,5,1,2,-0.125,False
SYRUP,2026-07-12T08:09:51.368Z,2026-07-12T08:09:51.368371Z,2026-07-12T10:09:51.368371Z,7212.287645,7,0.19095,5.236973029589774,6.341719077568134,1.597,84.85915492957747,5.236973029589774,57.73976754339328,6,6,0,0,0.6667,False
TIA,2026-07-12T08:09:57.874Z,2026-07-12T08:09:57.875052Z,2026-07-12T10:09:57.875052Z,7205.780964,7,0.4071,4.912797838369774,6.069434328720568,1.729,79.92957746478874,4.912797838369774,58.613120852455076,6,0,2,4,-0.3333,False
VANRY,2026-07-12T08:10:10.487Z,2026-07-12T08:10:10.488088Z,2026-07-12T10:10:10.488088Z,7793.300201,7,0.006656499999999999,40.56185683166847,24.035651665692573,15.064,82.04225352112677,40.56185683166847,66.55483901356973,12,10,1,1,0.25,False
WIF,2026-07-12T08:10:16.493Z,2026-07-12T08:10:16.493546Z,2026-07-12T10:10:16.493546Z,7787.294743,7,0.15055000000000002,6.642311524411607,4.593874833555253,-1.573,78.52112676056338,6.642311524411607,65.85184858740668,38,20,18,0,1.0,False
ZK,2026-07-12T08:10:26.910Z,2026-07-12T08:10:26.910788Z,2026-07-12T10:10:26.910788Z,7776.877501,7,0.010454999999999999,9.564801530369515,3.721374045801524,-2.421,72.88732394366197,9.564801530369515,63.31413896164373,1,1,0,0,1.0,False
ZRO,2026-07-12T08:10:32.982Z,2026-07-12T08:10:32.982897Z,2026-07-12T10:10:32.982897Z,7770.805392,7,0.8875,11.267605633802829,5.193370165745848,-1.63,82.3943661971831,11.267605633802829,41.62239641007253,4,1,3,0,-0.5,False
0G,2026-07-12T08:16:08.297Z,2026-07-12T08:16:08.298203Z,2026-07-12T10:16:08.298203Z,7435.490086,7,0.1885,53.05039787798413,4.761904761904765,-3.077,63.028169014084504,53.05039787798413,61.886913879446666,0,0,0,0,,
BANK,2026-07-12T08:16:28.644Z,2026-07-12T08:16:28.644430Z,2026-07-12T10:16:28.644430Z,7415.143859,7,0.0398,50.25125628140673,19.41747572815534,13.812,65.49295774647888,50.25125628140673,74.13731698607536,2,2,0,0,1.0,False
KMNO,2026-07-12T08:17:26.786Z,2026-07-12T08:17:26.786643Z,2026-07-12T10:17:26.786643Z,7357.001646,7,0.018845,5.306447333509999,4.891015417331211,-0.476,65.14084507042253,5.306447333509999,56.73249561778128,5,4,1,0,0.6,False
MEME,2026-07-12T08:17:39.288Z,2026-07-12T08:17:39.288673Z,2026-07-12T10:17:39.288673Z,7344.499616,7,0.0005525,18.099547511312657,8.363636363636349,-2.309,58.80281690140845,18.099547511312657,34.95377433117328,50,20,25,5,0.68,False
MITO,2026-07-12T08:17:47.968Z,2026-07-12T08:17:47.968930Z,2026-07-12T10:17:47.968930Z,7335.819359,7,0.02156,55.65862708719947,16.209939619136087,-0.646,60.91549295774648,55.65862708719947,57.50914564272849,0,0,0,0,,
NEIRO,2026-07-12T08:17:55.198Z,2026-07-12T08:17:55.199043Z,2026-07-12T10:17:55.199043Z,7328.589246,7,6.177e-05,12.951270843453585,7.185628742514956,-2.983,59.15492957746479,12.951270843453585,48.13946604377852,4,3,0,1,0.0,False
PAXG,2026-07-12T08:18:09.374Z,2026-07-12T08:18:09.374418Z,2026-07-12T10:18:09.374418Z,7314.413871,7,4098.675,0.024398128664064066,0.3882466916062055,-0.332,67.25352112676056,0.024398128664064066,45.84113695135409,2,2,0,0,1.0,False
RENDER,2026-07-12T08:18:16.262Z,2026-07-12T08:18:16.262737Z,2026-07-12T10:18:16.262737Z,7307.525552,7,1.5474999999999999,6.4620355411962,4.1015624999999964,-2.538,67.95774647887323,6.4620355411962,57.45485840416296,0,0,0,0,,
RESOLV,2026-07-12T08:18:24.308Z,2026-07-12T08:18:24.309079Z,2026-07-12T10:18:24.309079Z,7299.47921,7,0.02015,49.62779156327513,7.920792079207925,-1.463,61.971830985915496,49.62779156327513,64.66767766839754,1,0,1,0,1.0,False
SKY,2026-07-12T08:18:48.584Z,2026-07-12T08:18:48.584601Z,2026-07-12T10:18:48.584601Z,7275.203688,7,0.061445,11.392302058751829,8.860129417620703,1.09,70.77464788732394,11.392302058751829,67.9221463256209,65,8,48,9,-0.1077,False
THETA,2026-07-12T08:19:10.261Z,2026-07-12T08:19:10.261718Z,2026-07-12T10:19:10.261718Z,7253.526571,7,0.14975,6.677796327211285,9.299191374663076,-0.403,66.19718309859155,6.677796327211285,63.13942447896374,0,0,0,0,,
TURBO,2026-07-12T08:19:23.293Z,2026-07-12T08:19:23.294277Z,2026-07-12T10:19:23.294277Z,7240.494012,7,0.0008504999999999999,11.7577895355676,11.840562719812423,0.471,61.267605633802816,11.7577895355676,61.230812571204794,2,2,0,0,1.0,False
TUT,2026-07-12T08:19:28.829Z,2026-07-12T08:19:28.830227Z,2026-07-12T10:19:28.830227Z,7234.958062,7,0.011980000000000001,50.08347245408955,14.142966948501149,11.962,69.36619718309859,50.08347245408955,64.0551482900628,1,1,0,0,1.0,False
2Z,2026-07-12T08:25:30.597Z,2026-07-12T08:25:30.597340Z,2026-07-12T10:25:30.597340Z,7473.903032,7,0.07092,8.46023688663346,4.863013698630134,2.875,45.774647887323944,8.46023688663346,60.96237321528415,0,0,0,0,,
AVNT,2026-07-12T08:25:46.824Z,2026-07-12T08:25:46.825170Z,2026-07-12T10:25:46.825170Z,7457.675202,7,0.09634999999999999,10.378827192527543,6.471816283924856,-1.844,54.929577464788736,10.378827192527543,61.65368120314331,0,0,0,0,,
BROCCOLI714,2026-07-12T08:26:13.067Z,2026-07-12T08:26:13.068157Z,2026-07-12T10:26:13.068157Z,7431.432215,7,0.012775,23.48336594911842,7.5792730085073465,2.456,54.225352112676056,23.48336594911842,53.8529970450176,0,0,0,0,,
CKB,2026-07-12T08:26:27.500Z,2026-07-12T08:26:27.500997Z,2026-07-12T10:26:27.500997Z,7416.999375,7,0.0009135,32.84072249589452,3.715846994535515,0.0,48.59154929577465,32.84072249589452,62.491652338652244,0,0,0,0,,
DOGS,2026-07-12T08:26:44.281Z,2026-07-12T08:26:44.281376Z,2026-07-12T10:26:44.281376Z,7400.218996,7,3.883e-05,5.150656708731186,6.78053830227743,-0.821,55.63380281690141,5.150656708731186,60.878611871169504,0,0,0,0,,
FLOKI,2026-07-12T08:26:53.617Z,2026-07-12T08:26:53.617698Z,2026-07-12T10:26:53.617698Z,7390.882674,7,2.2725e-05,4.400440044005104,4.359313077939244,-1.985,52.816901408450704,4.400440044005104,57.3943513149735,3,1,2,0,-0.3333,False
GRT,2026-07-12T08:27:03.625Z,2026-07-12T08:27:03.625558Z,2026-07-12T10:27:03.625558Z,7380.874814,7,0.017535000000000002,5.702879954376728,3.9931545921277767,-0.736,52.46478873239437,5.702879954376728,53.939517651056526,17,5,11,1,-0.0588,False
HOME,2026-07-12T08:27:08.907Z,2026-07-12T08:27:08.907799Z,2026-07-12T10:27:08.907799Z,7375.592573,7,0.014845,6.736274840013198,8.786049631120045,-4.054,48.943661971830984,6.736274840013198,60.10222210244718,32,17,15,0,0.9688,False
HYPER,2026-07-12T08:27:14.454Z,2026-07-12T08:27:14.454382Z,2026-07-12T10:27:14.454382Z,7370.04599,7,0.06795000000000001,14.716703458425732,4.081632653061221,-1.719,53.521126760563384,14.716703458425732,42.63279486554731,1,1,0,0,1.0,False
IMX,2026-07-12T08:27:23.090Z,2026-07-12T08:27:23.090640Z,2026-07-12T10:27:23.090640Z,7361.409732,7,0.13340000000000002,14.992503748126364,3.996983408748114,-1.339,50.352112676056336,14.992503748126364,39.574158721757954,3,1,2,0,1.0,False
OPEN,2026-07-12T08:27:50.911Z,2026-07-12T08:27:50.911283Z,2026-07-12T10:27:50.911283Z,7333.589089,7,0.14825,6.745362563237031,6.910569105691048,-3.529,51.40845070422535,6.745362563237031,34.32314976813433,0,0,0,0,,
PHA,2026-07-12T08:27:58.707Z,2026-07-12T08:27:58.707852Z,2026-07-12T10:27:58.707852Z,7325.79252,7,0.02515,39.76143141153058,6.666666666666668,1.19,49.29577464788732,39.76143141153058,63.98767532636368,0,0,0,0,,
PLUME,2026-07-12T08:28:07.176Z,2026-07-12T08:28:07.177206Z,2026-07-12T10:28:07.177206Z,7317.323166,7,0.01015,19.704433497537856,5.6268509378084826,-3.432,46.12676056338028,19.704433497537856,59.51534696568018,0,0,0,0,,
RPL,2026-07-12T08:28:16.855Z,2026-07-12T08:28:16.855920Z,2026-07-12T10:28:16.855920Z,7307.644452,7,1.835,54.49591280653956,7.692307692307699,6.433,47.53521126760563,54.49591280653956,72.48452178858865,0,0,0,0,,
SAND,2026-07-12T08:28:35.248Z,2026-07-12T08:28:35.248241Z,2026-07-12T10:28:35.248241Z,7289.252131,7,0.048740000000000006,4.103405826836107,3.4921939194741167,-2.308,44.36619718309859,4.103405826836107,60.31161822503628,16,5,9,2,0.5,False
SOMI,2026-07-12T08:28:43.379Z,2026-07-12T08:28:43.380141Z,2026-07-12T10:28:43.380141Z,7281.120231,7,0.10345,9.666505558239631,5.1456310679611645,-0.483,56.690140845070424,9.666505558239631,61.88204569610834,1,1,0,0,1.0,False
SSV,2026-07-12T08:28:48.634Z,2026-07-12T08:28:48.634589Z,2026-07-12T10:28:48.634589Z,7275.865783,7,2.0535,14.60920379839354,6.435884934178433,-0.966,53.16901408450704,14.60920379839354,59.38231198421459,1,0,1,0,1.0,False
VET,2026-07-12T08:29:08.661Z,2026-07-12T08:29:08.661387Z,2026-07-12T10:29:08.661387Z,7255.838985,7,0.0049075,10.188487009680413,4.551949377423966,1.073,51.056338028169016,10.188487009680413,63.62959912159263,2,1,1,0,1.0,False
ZBT,2026-07-12T08:29:19.936Z,2026-07-12T08:29:19.936240Z,2026-07-12T10:29:19.936240Z,7244.564132,7,0.11624999999999999,8.602150537634655,8.652246256239605,-5.205,44.014084507042256,8.602150537634655,46.59749136922356,0,0,0,0,,
ZEN,2026-07-12T08:29:27.946Z,2026-07-12T08:29:27.947135Z,2026-07-12T10:29:27.947135Z,7236.553237,7,4.140499999999999,12.075836251660172,4.081632653061228,-1.176,49.647887323943664,12.075836251660172,63.0842707282701,1,1,0,0,1.0,False
ZKC,2026-07-12T08:29:33.471Z,2026-07-12T08:29:33.471248Z,2026-07-12T10:29:33.471248Z,7231.029124,7,0.04445,22.497187851517644,6.561085972850678,-1.339,47.88732394366197,22.497187851517644,64.42122638056688,0,0,0,0,,
1000CHEEMS,2026-07-12T08:35:04.563Z,2026-07-12T08:35:04.563958Z,2026-07-12T10:35:04.563958Z,7499.255322,7,0.0004665,107.18113612004315,6.451612903225799,-0.853,34.50704225352113,107.18113612004315,49.392686636279436,0,0,0,0,,
ANIME,2026-07-12T08:35:11.504Z,2026-07-12T08:35:11.504906Z,2026-07-12T10:35:11.504906Z,7492.314374,7,0.0028450000000000003,35.14938488576459,4.285714285714281,0.719,30.281690140845072,35.14938488576459,58.95483771546714,0,0,0,0,,
ARKM,2026-07-12T08:35:19.447Z,2026-07-12T08:35:19.448031Z,2026-07-12T10:35:19.448031Z,7484.371249,7,0.11155000000000001,8.964589870013704,4.308797127468581,-2.109,29.929577464788732,8.964589870013704,58.19703716556203,13,4,9,0,0.4615,False
AXS,2026-07-12T08:35:27.137Z,2026-07-12T08:35:27.138118Z,2026-07-12T10:35:27.138118Z,7476.681162,7,0.9984999999999999,10.01502253380071,3.4068136272545115,-1.286,36.267605633802816,10.01502253380071,65.86584800166428,1,1,0,0,-1.0,False
BABY,2026-07-12T08:35:33.536Z,2026-07-12T08:35:33.536218Z,2026-07-12T10:35:33.536218Z,7470.283062,7,0.013094999999999999,7.636502481864321,4.601226993865043,-2.904,35.91549295774648,7.636502481864321,38.72762544523597,0,0,0,0,,
BANANA,2026-07-12T08:35:39.196Z,2026-07-12T08:35:39.197014Z,2026-07-12T10:35:39.197014Z,7464.622266,7,3.38,11.83431952662723,5.645398412231701,4.389,32.04225352112676,11.83431952662723,62.54012531553143,0,0,0,0,,
COOKIE,2026-07-12T08:35:53.781Z,2026-07-12T08:35:53.782171Z,2026-07-12T10:35:53.782171Z,7450.037109,7,0.00935,106.95187165775522,5.494505494505479,-1.087,33.45070422535211,106.95187165775522,47.25119901941237,2,2,0,0,1.0,False
CVX,2026-07-12T08:36:00.597Z,2026-07-12T08:36:00.598043Z,2026-07-12T10:36:00.598043Z,7443.221237,7,1.249,32.02562049639536,3.8961038961038814,-0.081,31.690140845070424,32.02562049639536,45.09565962540211,1,1,0,0,1.0,False
ERA,2026-07-12T08:36:06.690Z,2026-07-12T08:36:06.691220Z,2026-07-12T10:36:06.691220Z,7437.12806,7,0.07905000000000001,12.650221378874491,7.0886075949367005,-3.186,38.028169014084504,12.650221378874491,66.13338573262808,2,2,0,0,1.0,False
GUN,2026-07-12T08:36:29.848Z,2026-07-12T08:36:29.849270Z,2026-07-12T10:36:29.849270Z,7413.97001,7,0.00412,48.543689320388474,5.4054054054054195,-0.973,41.54929577464789,48.543689320388474,59.17932217099046,1,1,0,0,1.0,False
HEMI,2026-07-12T08:36:42.929Z,2026-07-12T08:36:42.929612Z,2026-07-12T10:36:42.929612Z,7400.889668,7,0.004455000000000001,22.44668911335681,5.203619909502246,-4.329,42.25352112676056,22.44668911335681,59.25487419348771,0,0,0,0,,
HOLO,2026-07-12T08:36:47.973Z,2026-07-12T08:36:47.973400Z,2026-07-12T10:36:47.973400Z,7395.84588,7,0.0731,27.359781121751812,7.361111111111129,-0.552,33.80281690140845,27.359781121751812,59.503333636869556,1,1,0,0,1.0,False
HUMA,2026-07-12T08:36:55.258Z,2026-07-12T08:36:55.258975Z,2026-07-12T10:36:55.258975Z,7388.560305,7,0.02314,17.286084701814335,4.956896551724146,3.571,32.394366197183096,17.286084701814335,75.35569146800259,0,0,0,0,,
KAIA,2026-07-12T08:37:00.734Z,2026-07-12T08:37:00.734983Z,2026-07-12T10:37:00.734983Z,7383.084297,7,0.03485,28.694404591105556,3.1884057971014395,-0.576,34.859154929577464,28.694404591105556,62.81174354233191,0,0,0,0,,
LAYER,2026-07-12T08:37:14.415Z,2026-07-12T08:37:14.416184Z,2026-07-12T10:37:14.416184Z,7369.403096,7,0.06655,15.026296018031985,2.8443113772455075,-0.149,38.732394366197184,15.026296018031985,65.2669062844942,3,1,0,2,1.0,False
LINEA,2026-07-12T08:37:21.256Z,2026-07-12T08:37:21.256950Z,2026-07-12T10:37:21.256950Z,7362.56233,7,0.0023925,4.179728317659907,5.006310475389153,-2.741,36.61971830985915,4.179728317659907,61.559583290785476,1,1,0,0,1.0,False
MINA,2026-07-12T08:37:34.743Z,2026-07-12T08:37:34.743944Z,2026-07-12T10:37:34.743944Z,7349.075336,7,0.043300000000000005,46.18937644341773,5.990783410138261,-0.459,42.95774647887324,46.18937644341773,37.077431457456555,0,0,0,0,,
MUBARAK,2026-07-12T08:37:48.302Z,2026-07-12T08:37:48.302177Z,2026-07-12T10:37:48.302177Z,7335.517103,7,0.012965,7.713073659854475,13.37920489296636,1.869,42.605633802816904,7.713073659854475,59.46989038867251,0,0,0,0,,
NOT,2026-07-12T08:37:59.529Z,2026-07-12T08:37:59.529568Z,2026-07-12T10:37:59.529568Z,7324.289712,7,0.00038250000000000003,26.14379084967242,4.43864229765014,-2.545,35.2112676056338,26.14379084967242,53.17007132714116,3,1,2,0,0.3333,False
ORCA,2026-07-12T08:38:06.056Z,2026-07-12T08:38:06.056408Z,2026-07-12T10:38:06.056408Z,7317.762872,7,1.1644999999999999,8.587376556462964,5.134899912967812,-3.201,39.7887323943662,8.587376556462964,35.677166241438414,16,12,4,0,1.0,False
PNUT,2026-07-12T08:38:17.287Z,2026-07-12T08:38:17.287557Z,2026-07-12T10:38:17.287557Z,7306.531723,7,0.043,46.511627906976464,5.1282051282051295,-0.233,37.32394366197183,46.511627906976464,62.334978462043445,60,20,32,8,0.2,False
ROSE,2026-07-12T08:38:29.711Z,2026-07-12T08:38:29.712017Z,2026-07-12T10:38:29.712017Z,7294.107263,7,0.005804999999999999,17.226528854436626,4.844290657439443,-1.027,34.15492957746479,17.226528854436626,59.60040322352245,64,7,56,1,0.2656,False
THE,2026-07-12T08:38:59.818Z,2026-07-12T08:38:59.819047Z,2026-07-12T10:38:59.819047Z,7264.000233,7,0.0537,37.24394785847277,6.088560885608851,-3.214,43.66197183098591,37.24394785847277,61.692300745638704,11,6,4,1,0.6364,False
TWT,2026-07-12T08:39:08.083Z,2026-07-12T08:39:08.083959Z,2026-07-12T10:39:08.083959Z,7255.735321,7,0.347,17.291066282420445,3.485023041474654,0.289,41.19718309859155,17.291066282420445,46.05319759724281,1,0,1,0,-1.0,False
1000SATS,2026-07-12T08:44:53.623Z,2026-07-12T08:44:53.623806Z,2026-07-12T10:44:53.623806Z,7509.626473,7,9.475e-06,31.662269129289086,3.605514316012727,-0.212,16.197183098591548,31.662269129289086,60.029355291434435,15,3,10,2,0.9333,False
AIXBT,2026-07-12T08:45:07.538Z,2026-07-12T08:45:07.539199Z,2026-07-12T10:45:07.539199Z,7495.71108,7,0.019345,25.846471956576874,9.511434511434521,-5.963,25.0,25.846471956576874,55.685239585505684,3,3,0,0,1.0,False
API3,2026-07-12T08:45:14.712Z,2026-07-12T08:45:14.712876Z,2026-07-12T10:45:14.712876Z,7488.537403,7,0.22975,13.057671381936657,4.094076655052261,0.481,21.47887323943662,13.057671381936657,52.66787302190656,0,0,0,0,,
BLUR,2026-07-12T08:45:24.926Z,2026-07-12T08:45:24.926297Z,2026-07-12T10:45:24.926297Z,7478.323982,7,0.017415,40.195233993683956,7.485714285714297,-3.101,24.64788732394366,40.195233993683956,59.82876959265334,1,1,0,0,0.0,False
C,2026-07-12T08:45:38.717Z,2026-07-12T08:45:38.717998Z,2026-07-12T10:45:38.717998Z,7464.532281,7,0.06645000000000001,15.048908954101256,6.746626686656658,-2.77,20.070422535211268,15.048908954101256,52.10615414240652,0,0,0,0,,
CATI,2026-07-12T08:45:45.868Z,2026-07-12T08:45:45.868902Z,2026-07-12T10:45:45.868902Z,7457.381377,7,0.039805,12.561236025623538,8.889992550285571,2.208,20.774647887323944,12.561236025623538,45.10820218914575,1,0,1,0,1.0,False
CETUS,2026-07-12T08:45:52.825Z,2026-07-12T08:45:52.825343Z,2026-07-12T10:45:52.825343Z,7450.424936,7,0.01819,10.995052226497627,3.064066852367679,-2.233,17.6056338028169,10.995052226497627,43.657174935563155,0,0,0,0,,
CGPT,2026-07-12T08:46:00.256Z,2026-07-12T08:46:00.256890Z,2026-07-12T10:46:00.256890Z,7442.993389,7,0.018855,15.910898965792759,4.835281615302875,-0.895,26.056338028169016,15.910898965792759,48.95479235955731,1,1,0,0,1.0,False
COMP,2026-07-12T08:46:07.815Z,2026-07-12T08:46:07.815435Z,2026-07-12T10:46:07.815435Z,7435.434844,7,17.04,23.47417840375537,3.055229142185661,0.77,16.549295774647888,23.47417840375537,46.01726651514334,12,8,4,0,0.6667,False
ENJ,2026-07-12T08:46:20.721Z,2026-07-12T08:46:20.722074Z,2026-07-12T10:46:20.722074Z,7422.528205,7,0.028475,10.535557506585512,3.459230497705606,-1.151,28.87323943661972,10.535557506585512,38.00444478352248,2,2,0,0,1.0,False
ETC,2026-07-12T08:46:32.824Z,2026-07-12T08:46:32.824945Z,2026-07-12T10:46:32.824945Z,7410.425334,7,6.865,14.56664238892904,4.227405247813412,-3.38,23.943661971830984,14.56664238892904,56.79904777278878,3,2,1,0,1.0,False
FF,2026-07-12T08:46:39.721Z,2026-07-12T08:46:39.721192Z,2026-07-12T10:46:39.721192Z,7403.529087,7,0.059655,28.497192188417312,3.8987341772151893,3.457,19.014084507042252,28.497192188417312,49.814186637619024,1,1,0,0,1.0,False
IO,2026-07-12T08:47:01.286Z,2026-07-12T08:47:01.287047Z,2026-07-12T10:47:01.287047Z,7381.963232,7,0.1629,12.277470841007105,5.501813784764206,-2.13,27.816901408450704,12.277470841007105,60.138315798956455,0,0,0,0,,
MIRA,2026-07-12T08:47:17.628Z,2026-07-12T08:47:17.628929Z,2026-07-12T10:47:17.628929Z,7365.62135,7,0.04335,23.06805074971231,3.703703703703697,-2.483,19.718309859154928,23.06805074971231,52.05390614995943,1,1,0,0,1.0,False
NOM,2026-07-12T08:47:28.523Z,2026-07-12T08:47:28.524209Z,2026-07-12T10:47:28.524209Z,7354.72607,7,0.001585,63.09148264984243,5.696202531645571,-1.25,19.366197183098592,63.09148264984243,38.88802783696429,0,0,0,0,,
RARE,2026-07-12T08:47:42.829Z,2026-07-12T08:47:42.829843Z,2026-07-12T10:47:42.829843Z,7340.420436,7,0.01285,77.82101167315128,3.9682539682539715,-1.563,25.35211267605634,77.82101167315128,56.95417402430602,0,0,0,0,,
RVN,2026-07-12T08:47:59.753Z,2026-07-12T08:47:59.753459Z,2026-07-12T10:47:59.753459Z,7323.49682,7,0.0038450000000000003,26.007802340702277,5.194805194805197,-1.282,17.253521126760564,26.007802340702277,57.31390119006892,0,0,0,0,,
SAHARA,2026-07-12T08:48:05.578Z,2026-07-12T08:48:05.579169Z,2026-07-12T10:48:05.579169Z,7317.67111,7,0.010114999999999999,9.88630746416345,4.373757455268384,-2.708,26.408450704225352,9.88630746416345,57.58978567650455,1,0,1,0,1.0,False
SOLV,2026-07-12T08:48:23.161Z,2026-07-12T08:48:23.161823Z,2026-07-12T10:48:23.161823Z,7300.088456,7,0.0027349999999999996,36.56307129798913,6.642066420664208,-1.812,29.577464788732396,36.56307129798913,55.46751889827948,0,0,0,0,,
STO,2026-07-12T08:48:30.128Z,2026-07-12T08:48:30.128993Z,2026-07-12T10:48:30.128993Z,7293.121286,7,0.04435,22.54791431792624,3.863636363636364,-1.786,21.12676056338028,22.54791431792624,56.42205706029093,0,0,0,0,,
WAL,2026-07-12T08:48:49.384Z,2026-07-12T08:48:49.384453Z,2026-07-12T10:48:49.384453Z,7273.865826,7,0.03155,31.695721077655424,3.1847133757961705,-1.875,21.830985915492956,31.695721077655424,57.070775112746816,1,1,0,0,1.0,False
YGG,2026-07-12T08:48:55.592Z,2026-07-12T08:48:55.592275Z,2026-07-12T10:48:55.592275Z,7267.658004,7,0.02205,9.07029478458013,4.58882326215357,-0.317,18.309859154929576,9.07029478458013,60.645210486029484,0,0,0,0,,
ACH,2026-07-12T08:54:38.404Z,2026-07-12T08:54:38.404852Z,2026-07-12T10:54:38.404852Z,7525.171472,7,0.004425,22.598870056496253,2.9478458049886602,1.379,10.915492957746478,22.598870056496253,63.94695779892581,1,1,0,0,1.0,False
ACT,2026-07-12T08:54:45.289Z,2026-07-12T08:54:45.289520Z,2026-07-12T10:54:45.289520Z,7518.286804,7,0.008855,33.879164313945545,4.101995565410186,-2.486,10.56338028169014,33.879164313945545,61.69859418072828,1,1,0,0,1.0,False
ACX,2026-07-12T08:54:52.792Z,2026-07-12T08:54:52.792933Z,2026-07-12T10:54:52.792933Z,7510.783391,7,0.041935,50.07750089424153,2.651696129956999,-2.059,7.746478873239437,50.07750089424153,37.82034280871067,69,22,33,14,-0.2464,False
AT,2026-07-12T08:54:59.261Z,2026-07-12T08:54:59.262181Z,2026-07-12T10:54:59.262181Z,7504.314143,7,0.15544999999999998,19.29880990672208,6.092964824120611,3.109,8.450704225352112,19.29880990672208,69.45293131696191,4,4,0,0,1.0,False
AUCTION,2026-07-12T08:55:07.652Z,2026-07-12T08:55:07.652986Z,2026-07-12T10:55:07.652986Z,7495.923338,7,3.325,30.075187969925505,0.9063444108761269,-0.601,5.985915492957746,30.075187969925505,53.739811954346955,0,0,0,0,,
BARD,2026-07-12T08:55:12.853Z,2026-07-12T08:55:12.854048Z,2026-07-12T10:55:12.854048Z,7490.722276,7,0.13105,7.630675314764516,4.3644716692189975,-1.508,8.098591549295774,7.630675314764516,55.54672995239922,1,1,0,0,1.0,False
BFUSD,2026-07-12T08:55:23.527Z,2026-07-12T08:55:23.527235Z,2026-07-12T10:55:23.527235Z,7480.049089,7,0.99905,3.0028527100742406,0.04004404845329422,0.0,3.1690140845070425,3.0028527100742406,45.10634056378967,0,0,0,0,,
BMT,2026-07-12T08:55:30.096Z,2026-07-12T08:55:30.096919Z,2026-07-12T10:55:30.096919Z,7473.479405,7,0.01202,16.638935108153845,3.2231404958677663,-0.738,9.507042253521126,16.638935108153845,60.12242145024474,1,1,0,0,1.0,False
COW,2026-07-12T08:55:37.684Z,2026-07-12T08:55:37.684599Z,2026-07-12T10:55:37.684599Z,7465.891725,7,0.13985,7.150518412584125,3.669064748201434,-0.856,2.464788732394366,7.150518412584125,53.442492937590686,0,0,0,0,,
CVC,2026-07-12T08:55:44.712Z,2026-07-12T08:55:44.712802Z,2026-07-12T10:55:44.712802Z,7458.863522,7,0.02049,19.52171791117708,8.776206728425157,-0.195,11.619718309859154,19.52171791117708,40.95452424097367,66,19,39,8,0.1364,False
DOLO,2026-07-12T08:55:51.311Z,2026-07-12T08:55:51.311480Z,2026-07-12T10:55:51.311480Z,7452.264844,7,0.02251,8.884940026654458,2.4150268336314946,-2.187,4.929577464788732,8.884940026654458,41.966374378201394,0,0,0,0,,
DYM,2026-07-12T08:56:00.115Z,2026-07-12T08:56:00.115586Z,2026-07-12T10:56:00.115586Z,7443.460738,7,0.015715,19.090041361757713,3.8927887683471565,-1.694,7.394366197183099,19.090041361757713,42.94111299020713,0,0,0,0,,
EUL,2026-07-12T08:56:08.696Z,2026-07-12T08:56:08.696495Z,2026-07-12T10:56:08.696495Z,7434.879829,7,1.008,19.841269841269856,3.743842364532012,1.908,13.380281690140846,19.841269841269856,57.55732199811129,0,0,0,0,,
EURI,2026-07-12T08:56:13.283Z,2026-07-12T08:56:13.283700Z,2026-07-12T10:56:13.283700Z,7430.292624,7,1.14055,7.8909298145642275,0.23669676514422255,-0.061,3.8732394366197185,7.8909298145642275,61.134776869338744,0,0,0,0,,
FORM,2026-07-12T08:56:19.860Z,2026-07-12T08:56:19.860658Z,2026-07-12T10:56:19.860658Z,7423.715666,7,0.2037,9.818360333824533,4.4466403162055235,-3.019,11.971830985915492,9.818360333824533,59.24897448404272,0,0,0,0,,
GMT,2026-07-12T08:56:26.943Z,2026-07-12T08:56:26.943201Z,2026-07-12T10:56:26.943201Z,7416.633123,7,0.0077350000000000006,12.928248222366463,3.891050583657598,-0.388,8.80281690140845,12.928248222366463,49.78054801052777,0,0,0,0,,
ILV,2026-07-12T08:56:39.449Z,2026-07-12T08:56:39.450094Z,2026-07-12T10:56:39.450094Z,7404.12623,7,3.135,31.897926634769476,3.514376996805122,-0.949,4.225352112676056,31.897926634769476,45.274915565035776,2,1,1,0,0.0,False
INIT,2026-07-12T08:56:46.913Z,2026-07-12T08:56:46.913997Z,2026-07-12T10:56:46.913997Z,7396.662327,7,0.05625,17.777777777778287,3.914590747330962,-0.707,12.67605633802817,17.777777777778287,45.372240605474715,0,0,0,0,,
LISTA,2026-07-12T08:56:59.243Z,2026-07-12T08:56:59.243932Z,2026-07-12T10:56:59.243932Z,7384.332392,7,0.04845,20.63983488132154,4.554865424430643,-1.227,7.042253521126761,20.63983488132154,56.99555479198913,1,1,0,0,1.0,False
NEWT,2026-07-12T08:57:12.897Z,2026-07-12T08:57:12.897905Z,2026-07-12T10:57:12.897905Z,7370.678419,7,0.04775,62.82722513088894,4.631578947368422,-0.835,2.816901408450704,62.82722513088894,44.50375643653878,22,8,13,1,1.0,False
NMR,2026-07-12T08:57:17.961Z,2026-07-12T08:57:17.961809Z,2026-07-12T10:57:17.961809Z,7365.614515,7,9.605,10.411244143674947,3.5196687370600404,-3.206,9.154929577464788,10.411244143674947,48.06939271374004,0,0,0,0,,
NXPC,2026-07-12T08:57:24.739Z,2026-07-12T08:57:24.739978Z,2026-07-12T10:57:24.739978Z,7358.836346,7,0.26244999999999996,26.671746999427643,2.870264064293918,-1.619,3.5211267605633805,26.671746999427643,53.72102605617859,0,0,0,0,,
SOPH,2026-07-12T08:57:49.278Z,2026-07-12T08:57:49.279110Z,2026-07-12T10:57:49.279110Z,7334.297214,7,0.004785,20.89864158829591,4.5929018789143985,-1.844,14.084507042253522,20.89864158829591,45.23679259761035,0,0,0,0,,
TURTLE,2026-07-12T08:58:02.922Z,2026-07-12T08:58:02.922411Z,2026-07-12T10:58:02.922411Z,7320.653913,7,0.034,58.82352941176435,3.2448377581121055,-2.305,14.43661971830986,58.82352941176435,44.020185146342435,0,0,0,0,,
WCT,2026-07-12T08:58:19.082Z,2026-07-12T08:58:19.082546Z,2026-07-12T10:58:19.082546Z,7304.493778,7,0.044594999999999996,11.212019284673493,3.5138764547896044,0.926,10.211267605633802,11.212019284673493,63.71231716025648,1,1,0,0,1.0,False
XAI,2026-07-12T08:58:26.148Z,2026-07-12T08:58:26.149033Z,2026-07-12T10:58:26.149033Z,7297.427291,7,0.0070550000000000005,42.52303330970892,4.267425320056898,-0.142,1.7605633802816902,42.52303330970892,42.57667690163437,1,1,0,0,1.0,False
XVG,2026-07-12T08:58:32.826Z,2026-07-12T08:58:32.826480Z,2026-07-12T10:58:32.826480Z,7290.749844,7,0.0021635,32.35498035590507,4.576976421636622,-0.368,2.112676056338028,32.35498035590507,43.841549510081826,43,17,18,8,-0.4651,False
MASK,2026-07-12T09:04:00.896Z,2026-07-12T09:04:00.897163Z,2026-07-12T11:04:00.897163Z,7562.08732,7,0.404,49.50495049504955,5.596107055961062,3.266,2.464788732394366,49.50495049504955,51.08902805382915,1,1,0,0,1.0,False
1INCH,2026-07-12T09:04:27.632Z,2026-07-12T09:04:27.632923Z,2026-07-12T11:04:27.632923Z,7535.35156,7,0.07300000000000001,27.397260273971483,5.73770491803278,0.412,0.704225352112676,27.397260273971483,42.367830311569676,0,0,0,0,,
ARB,2026-07-12T09:04:40.493Z,2026-07-12T09:04:40.494053Z,2026-07-12T11:04:40.494053Z,7522.49043,7,0.09484999999999999,10.542962572483171,10.83333333333334,5.379,94.01408450704226,10.542962572483171,54.207699884315225,27,20,4,3,0.6296,False
BCH,2026-07-12T09:04:51.132Z,2026-07-12T09:04:51.132946Z,2026-07-12T11:04:51.132946Z,7511.851537,7,244.75,4.085801838611757,2.8197793216183107,-0.931,90.84507042253522,4.085801838611757,61.48649289731813,5,4,1,0,1.0,False
BTC,2026-07-12T09:05:04.030Z,2026-07-12T09:05:04.031140Z,2026-07-12T11:05:04.031140Z,7498.953343,7,63884.585,0.0015653228387977022,1.3556884788693415,-0.491,99.64788732394366,0.0015653228387977022,60.22826040852837,48,15,19,14,0.25,False
DOGE,2026-07-12T09:05:15.200Z,2026-07-12T09:05:15.201147Z,2026-07-12T11:05:15.201147Z,7487.783336,7,0.072965,1.3705201123821178,4.493766269351954,-1.697,95.4225352112676,1.3705201123821178,55.65555489658025,21,12,6,3,0.5238,False
ETH,2026-07-12T09:05:25.630Z,2026-07-12T09:05:25.630577Z,2026-07-12T11:05:25.630577Z,7477.353906,7,1799.0949999999998,0.055583501704973365,2.8137771936537392,0.111,100.0,0.055583501704973365,64.29520460437647,41,15,16,10,0.5122,False
EUR,2026-07-12T09:05:29.713Z,2026-07-12T09:05:29.713357Z,2026-07-12T11:05:29.713357Z,7473.271126,7,1.14115,0.8763089865485604,0.1489529483921874,-0.026,96.83098591549296,0.8763089865485604,61.56226307501186,0,0,0,0,,
FDUSD,2026-07-12T09:05:35.411Z,2026-07-12T09:05:35.412108Z,2026-07-12T11:05:35.412108Z,7467.572375,7,0.99735,1.002657041158961,0.07018951168154355,-0.03,94.71830985915493,1.002657041158961,65.56037760139269,2,1,1,0,1.0,False
HBAR,2026-07-12T09:05:40.598Z,2026-07-12T09:05:40.599176Z,2026-07-12T11:05:40.599176Z,7462.385307,7,0.067715,1.47677767112104,5.221238938053079,-2.74,96.47887323943662,1.47677767112104,57.99874033545475,22,11,6,5,0.0455,False
LDO,2026-07-12T09:05:46.661Z,2026-07-12T09:05:46.661853Z,2026-07-12T11:05:46.661853Z,7456.32263,7,0.307,6.514657980455309,8.505821474773608,0.618,88.02816901408451,6.514657980455309,58.514861259096655,2,2,0,0,0.0,False
LINK,2026-07-12T09:05:52.813Z,2026-07-12T09:05:52.814610Z,2026-07-12T11:05:52.814610Z,7450.169873,7,8.0155,1.2475828083082101,3.2813474734872212,0.125,91.19718309859155,1.2475828083082101,67.1289374977276,21,13,7,1,0.8095,False
LPT,2026-07-12T09:05:59.592Z,2026-07-12T09:05:59.593114Z,2026-07-12T11:05:59.593114Z,7443.391369,7,1.5474999999999999,32.310177705978134,3.6845507433742832,-3.373,1.056338028169014,32.310177705978134,37.739694724677015,1,1,0,0,1.0,False
NEAR,2026-07-12T09:06:09.864Z,2026-07-12T09:06:09.864205Z,2026-07-12T11:06:09.864205Z,7433.120278,7,1.8775,5.326231691077975,3.506907545164722,-0.371,92.95774647887323,5.326231691077975,65.17887406228346,5,2,2,1,0.6,False
PENGU,2026-07-12T09:06:15.925Z,2026-07-12T09:06:15.926004Z,2026-07-12T11:06:15.926004Z,7427.058479,7,0.0060575,4.952538175815762,5.375454846179288,-2.311,89.78873239436619,4.952538175815762,49.22849236717055,6,4,2,0,1.0,False
PEPE,2026-07-12T09:06:21.057Z,2026-07-12T09:06:21.057859Z,2026-07-12T11:06:21.057859Z,7421.926624,7,2.725e-06,36.69724770642322,5.904059040590397,-3.214,92.25352112676056,36.69724770642322,58.82052793662262,15,15,0,0,1.0,False
SUI,2026-07-12T09:06:30.973Z,2026-07-12T09:06:30.973284Z,2026-07-12T11:06:30.973284Z,7412.011199,7,0.73965,1.3519908064623671,3.932963914042425,-0.858,97.88732394366197,1.3519908064623671,57.17940124900943,7,6,1,0,0.7143,False
TAO,2026-07-12T09:06:40.874Z,2026-07-12T09:06:40.874764Z,2026-07-12T11:06:40.874764Z,7402.109719,7,209.75,4.767580452921227,4.861773117254523,-1.502,91.90140845070422,4.767580452921227,67.35655516630725,18,16,1,1,0.8889,False
TRX,2026-07-12T09:06:50.765Z,2026-07-12T09:06:50.765578Z,2026-07-12T11:06:50.765578Z,7392.218905,7,0.33045,3.026176426085307,0.7274931797514438,0.182,90.49295774647888,3.026176426085307,68.48798063370259,46,27,18,1,0.8696,False
UNI,2026-07-12T09:07:00.161Z,2026-07-12T09:07:00.161301Z,2026-07-12T11:07:00.161301Z,7382.823182,7,3.5915,2.7843519420851734,8.671938914644125,3.793,93.66197183098592,2.7843519420851734,73.81053417297012,39,26,12,1,0.4872,False
USD1,2026-07-12T09:07:04.431Z,2026-07-12T09:07:04.431404Z,2026-07-12T11:07:04.431404Z,7378.553079,7,0.99935,1.0006504227746935,0.05003502451716761,-0.01,99.29577464788733,1.0006504227746935,67.8486836399389,0,0,0,0,,
VIRTUAL,2026-07-12T09:07:18.385Z,2026-07-12T09:07:18.385592Z,2026-07-12T11:07:18.385592Z,7364.598891,7,0.60405,8.27746047512532,6.178375685102145,-2.129,90.14084507042253,8.27746047512532,68.64159340532422,6,5,0,1,0.6667,False
WLD,2026-07-12T09:07:24.534Z,2026-07-12T09:07:24.535175Z,2026-07-12T11:07:24.535175Z,7358.449308,7,0.41555,2.406449284082409,6.093979441997057,3.969,94.36619718309859,2.406449284082409,65.22256246025853,9,7,2,0,0.5556,False
XPL,2026-07-12T09:07:33.652Z,2026-07-12T09:07:33.652535Z,2026-07-12T11:07:33.652535Z,7349.331948,7,0.09165999999999999,8.727907484181827,6.310466138962176,-0.547,89.43661971830986,8.727907484181827,46.57498018369747,1,1,0,0,1.0,False
ZEC,2026-07-12T09:07:43.677Z,2026-07-12T09:07:43.677952Z,2026-07-12T11:07:43.677952Z,7339.306531,7,520.9449999999999,0.9597942201205159,7.518796992481214,4.729,97.53521126760563,0.9597942201205159,77.26327323988636,47,26,10,11,0.9149,False
JUP,2026-07-12T09:13:16.582Z,2026-07-12T09:13:16.582565Z,2026-07-12T11:13:16.582565Z,7606.526922,7,0.2015,9.92555831265537,6.640237859266598,-2.606,87.32394366197182,9.92555831265537,46.54657886801446,16,8,8,0,0.875,False
MMT,2026-07-12T09:13:23.027Z,2026-07-12T09:13:23.027995Z,2026-07-12T11:13:23.027995Z,7600.081492,7,0.174,11.494252873563548,14.747039827771788,1.309,86.97183098591549,11.494252873563548,54.35538332569868,7,5,2,0,1.0,False
1MBABYDOGE,2026-07-12T09:19:08.450Z,2026-07-12T09:19:08.450753Z,2026-07-12T11:19:08.450753Z,7254.658734,7,0.0003163,18.969332911793064,14.53396524486573,3.061,76.7605633802817,18.969332911793064,69.40897445454169,0,0,0,0,,
ALGO,2026-07-12T09:19:14.371Z,2026-07-12T09:19:14.371745Z,2026-07-12T11:19:14.371745Z,7248.737742,7,0.08395,11.911852293031908,4.642857142857144,-2.439,74.29577464788733,11.911852293031908,56.249955966395575,2,1,1,0,1.0,False
ALLO,2026-07-12T09:19:19.582Z,2026-07-12T09:19:19.582861Z,2026-07-12T11:19:19.582861Z,7243.526626,7,0.35145000000000004,8.53606487409368,20.601369455194995,-14.703,79.5774647887324,8.53606487409368,57.37941757107717,61,5,54,2,-0.3934,False
APT,2026-07-12T09:19:27.652Z,2026-07-12T09:19:27.652491Z,2026-07-12T11:19:27.652491Z,7235.456996,7,0.6185,16.168148746968484,4.494382022471914,-1.424,85.21126760563381,16.168148746968484,64.01635299347673,2,1,0,1,0.0,False
ASTER,2026-07-12T09:19:34.843Z,2026-07-12T09:19:34.843935Z,2026-07-12T11:19:34.843935Z,7228.265552,7,0.6205,16.116035455278013,3.3816425120772977,-1.272,85.91549295774648,16.116035455278013,66.33549812891957,4,3,1,0,1.0,False
BONK,2026-07-12T09:19:39.993Z,2026-07-12T09:19:39.993591Z,2026-07-12T11:19:39.993591Z,7223.115896,7,4.005e-06,24.968789013732597,5.513784461152893,-2.683,83.45070422535211,24.968789013732597,53.246351607322666,27,19,8,0,0.963,False
CHZ,2026-07-12T09:19:45.938Z,2026-07-12T09:19:45.938855Z,2026-07-12T11:19:45.938855Z,7217.170632,7,0.017175000000000003,5.82241630276541,5.913043478260869,-0.862,75.70422535211267,5.82241630276541,55.43665422799955,1,1,0,0,1.0,False
EIGEN,2026-07-12T09:20:09.121Z,2026-07-12T09:20:09.122072Z,2026-07-12T11:20:09.122072Z,7794.123497,7,0.23295,4.292766688131219,8.678922616502772,-0.383,73.2394366197183,4.292766688131219,67.57040528854439,2,2,0,0,1.0,False
EPIC,2026-07-12T09:20:14.237Z,2026-07-12T09:20:14.238143Z,2026-07-12T11:20:14.238143Z,7789.007426,7,0.3915,25.542784163473844,11.140583554376668,3.005,80.63380281690141,25.542784163473844,70.22981899783696,1,1,0,0,-1.0,False
FET,2026-07-12T09:20:19.320Z,2026-07-12T09:20:19.321295Z,2026-07-12T11:20:19.321295Z,7783.924274,7,0.16005,6.2480474851602,3.867747972551456,-0.866,75.0,6.2480474851602,70.4922478900969,4,0,4,0,1.0,False
JTO,2026-07-12T09:20:48.681Z,2026-07-12T09:20:48.682159Z,2026-07-12T11:20:48.682159Z,7754.56341,7,0.59335,8.42672958624852,8.639892001349986,-5.138,74.64788732394366,8.42672958624852,49.5307530706993,4,3,0,1,0.5,False
PENDLE,2026-07-12T09:21:24.653Z,2026-07-12T09:21:24.654013Z,2026-07-12T11:21:24.654013Z,7718.591556,7,1.5245,6.5595277140038695,5.570117955439068,-1.991,83.80281690140845,6.5595277140038695,45.71632505910625,1,1,0,0,-1.0,False
TLM,2026-07-12T09:22:12.723Z,2026-07-12T09:22:12.723911Z,2026-07-12T11:22:12.723911Z,7670.521658,7,0.0021485000000000002,23.272050267629645,12.079102084446811,-2.042,82.74647887323944,23.272050267629645,53.04541804162413,1,0,1,0,1.0,False
TRUMP,2026-07-12T09:22:17.569Z,2026-07-12T09:22:17.570056Z,2026-07-12T11:22:17.570056Z,7665.675513,7,1.5745,6.351222610351794,5.714285714285705,-2.295,80.98591549295774,6.351222610351794,56.65120784807779,25,16,8,1,0.76,False
WLFI,2026-07-12T09:22:26.475Z,2026-07-12T09:22:26.476082Z,2026-07-12T11:22:26.476082Z,7656.769487,7,0.05765,17.346053772767192,3.633217993079581,-0.858,78.87323943661971,17.346053772767192,60.79682757388471,3,2,1,0,1.0,False
ALT,2026-07-12T09:28:10.849Z,2026-07-12T09:28:10.849453Z,2026-07-12T11:28:10.849453Z,7312.396116,7,0.006314999999999999,15.835312747427492,7.395993836671795,-0.613,58.80281690140845,15.835312747427492,62.0500564776363,1,1,0,0,1.0,False
APE,2026-07-12T09:28:16.615Z,2026-07-12T09:28:16.615350Z,2026-07-12T11:28:16.615350Z,7306.630219,7,0.15465,6.466214031685531,4.1693393200769755,-0.953,67.6056338028169,6.466214031685531,52.9475875179131,0,0,0,0,,
ATOM,2026-07-12T09:28:22.898Z,2026-07-12T09:28:22.898665Z,2026-07-12T11:28:22.898665Z,7300.346904,7,1.5675,6.379585326954462,3.267136450992949,-1.947,70.77464788732394,6.379585326954462,62.179548322127815,36,14,19,3,0.4167,False
BIO,2026-07-12T09:28:33.801Z,2026-07-12T09:28:33.802022Z,2026-07-12T11:28:33.802022Z,7289.443547,7,0.028755000000000003,10.432968179446627,4.6977547495682215,1.543,65.14084507042253,10.432968179446627,60.202759483295836,0,0,0,0,,
CAKE,2026-07-12T09:28:38.725Z,2026-07-12T09:28:38.725971Z,2026-07-12T11:28:38.725971Z,7284.519598,7,1.4075,7.104795737121775,3.6723163841807946,-0.562,71.83098591549296,7.104795737121775,60.0923283565738,8,4,2,2,0.875,False
CFX,2026-07-12T09:28:46.191Z,2026-07-12T09:28:46.192039Z,2026-07-12T11:28:46.192039Z,7277.05353,7,0.04352,4.59558823529393,5.51487414187642,1.017,60.563380281690144,4.59558823529393,47.581048451021616,4,3,1,0,1.0,False
EGLD,2026-07-12T09:28:52.728Z,2026-07-12T09:28:52.728696Z,2026-07-12T11:28:52.728696Z,7270.516873,7,3.075,32.52032520325278,10.163934426229511,8.156,69.71830985915493,32.52032520325278,67.39220403106354,13,9,0,4,1.0,False
ENSO,2026-07-12T09:28:57.953Z,2026-07-12T09:28:57.953935Z,2026-07-12T11:28:57.953935Z,7265.291634,7,0.7244999999999999,13.802622498274685,7.448275862068956,3.72,58.098591549295776,13.802622498274685,74.0677345625914,0,0,0,0,,
ETHFI,2026-07-12T09:29:09.016Z,2026-07-12T09:29:09.017243Z,2026-07-12T11:29:09.017243Z,7254.228326,7,0.4335,23.06805074971167,6.264501160092813,5.637,69.36619718309859,23.06805074971167,71.21256852269998,3,2,1,0,1.0,False
FIL,2026-07-12T09:29:14.388Z,2026-07-12T09:29:14.388182Z,2026-07-12T11:29:14.388182Z,7248.857387,7,0.7845,12.746972594008936,4.071246819338426,-0.883,63.732394366197184,12.746972594008936,58.36623776641662,1,0,1,0,1.0,False
IOTA,2026-07-12T09:29:21.157Z,2026-07-12T09:29:21.158057Z,2026-07-12T11:29:21.158057Z,7242.087512,7,0.03855,25.940337224384656,6.282722513089004,-5.211,62.67605633802817,25.940337224384656,58.23526236254772,4,0,4,0,1.0,False
KITE,2026-07-12T09:29:28.556Z,2026-07-12T09:29:28.557038Z,2026-07-12T11:29:28.557038Z,7234.688531,7,0.11365,8.798944126703827,8.16326530612245,-7.243,59.15492957746479,8.798944126703827,56.8903389201307,0,0,0,0,,
OP,2026-07-12T09:29:53.180Z,2026-07-12T09:29:53.181155Z,2026-07-12T11:29:53.181155Z,7210.064414,7,0.10214999999999999,9.78952520802769,6.981317600786636,-2.865,71.12676056338029,9.78952520802769,56.11613362233164,12,7,1,4,0.3333,False
ORDI,2026-07-12T09:29:59.920Z,2026-07-12T09:29:59.921179Z,2026-07-12T11:29:59.921179Z,7203.32439,7,3.4505,8.69439211708481,7.094495142773026,-3.467,66.19718309859155,8.69439211708481,60.45372664257426,8,2,3,3,-0.125,False
S,2026-07-12T09:30:26.605Z,2026-07-12T09:30:26.606062Z,2026-07-12T11:30:26.606062Z,7776.341802,7,0.02586,7.7339520494969785,6.075851393188849,-2.417,67.95774647887323,7.7339520494969785,63.881312263542746,0,0,0,0,,
SNX,2026-07-12T09:30:37.911Z,2026-07-12T09:30:37.911824Z,2026-07-12T11:30:37.911824Z,7765.03604,7,0.2355,42.46284501061575,10.416666666666664,3.448,66.90140845070422,42.46284501061575,49.49867216854738,6,6,0,0,1.0,False
STRK,2026-07-12T09:30:44.784Z,2026-07-12T09:30:44.784260Z,2026-07-12T11:30:44.784260Z,7758.163604,7,0.030449999999999998,32.84072249589472,4.590163934426236,-1.929,68.66197183098592,32.84072249589472,61.9499078827939,4,4,0,0,1.0,False
STX,2026-07-12T09:30:51.489Z,2026-07-12T09:30:51.490040Z,2026-07-12T11:30:51.490040Z,7751.457824,7,0.1763,11.344299489506847,4.873853211009179,0.403,58.45070422535211,11.344299489506847,54.2594349492161,8,0,1,7,1.0,False
TRB,2026-07-12T09:31:03.904Z,2026-07-12T09:31:03.904888Z,2026-07-12T11:31:03.904888Z,7739.042976,7,15.165,6.594131223211202,6.4323607427055745,-3.457,63.028169014084504,6.594131223211202,60.2052004329407,0,0,0,0,,
W,2026-07-12T09:31:19.258Z,2026-07-12T09:31:19.258974Z,2026-07-12T11:31:19.258974Z,7723.68889,7,0.009665,10.346611484738327,8.895705521472403,-2.395,59.859154929577464,10.346611484738327,47.814514985113,1,0,1,0,1.0,False
XTZ,2026-07-12T09:31:34.106Z,2026-07-12T09:31:34.107047Z,2026-07-12T11:31:34.107047Z,7708.840817,7,0.22875,4.371584699454284,4.4425087108014,-2.339,66.54929577464789,4.371584699454284,58.34045217433311,17,11,6,0,1.0,False
AR,2026-07-12T09:37:28.806Z,2026-07-12T09:37:28.807227Z,2026-07-12T11:37:28.807227Z,7354.140637,7,1.9745,5.064573309699225,3.034901365705617,-1.101,57.04225352112676,5.064573309699225,35.33210578999166,0,0,0,0,,
BANANAS31,2026-07-12T09:37:42.906Z,2026-07-12T09:37:42.906793Z,2026-07-12T11:37:42.906793Z,7340.041071,7,0.0077020000000000005,12.983640612828435,4.699029126213576,-1.905,55.63380281690141,12.983640612828435,61.88352058358609,0,0,0,0,,
BERA,2026-07-12T09:37:49.810Z,2026-07-12T09:37:49.810575Z,2026-07-12T11:37:49.810575Z,7333.137289,7,0.1945,51.41388174807203,4.615384615384619,-2.5,50.0,51.41388174807203,55.60650681636233,0,0,0,0,,
CYBER,2026-07-12T09:38:05.678Z,2026-07-12T09:38:05.678753Z,2026-07-12T11:38:05.678753Z,7317.269111,7,0.3785,26.420079260237802,8.967391304347833,4.249,48.59154929577465,26.420079260237802,60.63686777303598,0,0,0,0,,
DASH,2026-07-12T09:38:13.291Z,2026-07-12T09:38:13.291893Z,2026-07-12T11:38:13.291893Z,7309.655971,7,34.510000000000005,11.590843233845014,4.882301656495205,-0.893,53.521126760563384,11.590843233845014,61.081790795126366,1,1,0,0,1.0,False
GIGGLE,2026-07-12T09:38:28.625Z,2026-07-12T09:38:28.626009Z,2026-07-12T11:38:28.626009Z,7294.321855,7,27.455,10.926971407757271,7.074074074074074,4.247,55.985915492957744,10.926971407757271,66.93245536879856,0,0,0,0,,
MANTA,2026-07-12T09:39:15.502Z,2026-07-12T09:39:15.503093Z,2026-07-12T11:39:15.503093Z,7247.444771,7,0.057609999999999995,10.414858531504525,7.120636017974419,-0.992,47.53521126760563,10.414858531504525,67.53553939389933,2,1,1,0,1.0,False
RAY,2026-07-12T09:39:53.992Z,2026-07-12T09:39:53.992410Z,2026-07-12T11:39:53.992410Z,7208.955454,7,0.6811499999999999,7.3405270498430015,5.181271099368853,-2.518,47.183098591549296,7.3405270498430015,66.87323166517852,4,3,1,0,0.5,False
RSR,2026-07-12T09:40:10.068Z,2026-07-12T09:40:10.068406Z,2026-07-12T11:40:10.068406Z,7793.86816,7,0.0012495,8.003201280513267,5.6618819776714595,-1.647,45.42253521126761,8.003201280513267,63.65162969922837,1,1,0,0,1.0,False
SAGA,2026-07-12T09:40:16.033Z,2026-07-12T09:40:16.033465Z,2026-07-12T11:40:16.033465Z,7787.903101,7,0.012905,7.748934521502978,5.577072037180482,-1.375,52.11267605633803,7.748934521502978,56.38966588786551,0,0,0,0,,
SKL,2026-07-12T09:40:26.901Z,2026-07-12T09:40:26.901496Z,2026-07-12T11:40:26.901496Z,7777.03507,7,0.00462,43.29004329004153,12.606837606837612,-8.772,57.74647887323944,43.29004329004153,53.39393580117483,1,1,0,0,1.0,False
TST,2026-07-12T09:40:44.227Z,2026-07-12T09:40:44.227776Z,2026-07-12T11:40:44.227776Z,7759.70879,7,0.01056,18.939393939393167,9.878844361602967,5.093,51.76056338028169,18.939393939393167,72.49692465487408,6,1,0,5,0.8333,False
UMA,2026-07-12T09:40:50.992Z,2026-07-12T09:40:50.992859Z,2026-07-12T11:40:50.992859Z,7752.943707,7,0.3795,26.350461133069853,15.48556430446194,0.528,48.23943661971831,26.350461133069853,60.584888893499745,0,0,0,0,,
BEAMX,2026-07-12T09:47:09.524Z,2026-07-12T09:47:09.524685Z,2026-07-12T11:47:09.524685Z,7374.411881,7,0.0016324999999999998,6.125574272587541,6.666666666666661,4.608,35.91549295774648,6.125574272587541,54.001810685035906,1,1,0,0,1.0,False
HEI,2026-07-12T09:47:56.496Z,2026-07-12T09:47:56.496338Z,2026-07-12T11:47:56.496338Z,7327.440228,7,0.1054,18.975332068310426,4.847908745247155,-1.498,33.45070422535211,18.975332068310426,68.5743734068588,1,1,0,0,1.0,False
LA,2026-07-12T09:48:20.900Z,2026-07-12T09:48:20.901008Z,2026-07-12T11:48:20.901008Z,7303.035558,7,0.05885,50.977060322853816,10.544217687074838,-2.488,36.971830985915496,50.977060322853816,43.35912854642,0,0,0,0,,
MOVE,2026-07-12T09:48:48.154Z,2026-07-12T09:48:48.154285Z,2026-07-12T11:48:48.154285Z,7275.782281,7,0.01105,90.4977375565621,4.504504504504508,-0.893,30.985915492957748,90.4977375565621,57.574398248522684,0,0,0,0,,
NEO,2026-07-12T09:48:59.418Z,2026-07-12T09:48:59.419164Z,2026-07-12T11:48:59.419164Z,7264.517402,7,1.9715,5.072279989854882,2.933737986848752,0.662,41.54929577464789,5.072279989854882,69.78892172142073,0,0,0,0,,
OSMO,2026-07-12T09:49:10.683Z,2026-07-12T09:49:10.683601Z,2026-07-12T11:49:10.683601Z,7253.252965,7,0.03475,28.776978417265013,7.826086956521741,-3.09,40.49295774647887,28.776978417265013,57.117593669151475,2,1,1,0,0.5,False
QNT,2026-07-12T09:49:23.873Z,2026-07-12T09:49:23.873399Z,2026-07-12T11:49:23.873399Z,7240.063167,7,65.775,10.642341315090441,2.8967830461960533,-2.714,32.04225352112676,10.642341315090441,55.84425025138904,65,8,50,7,-0.3231,False
SAPIEN,2026-07-12T09:49:37.195Z,2026-07-12T09:49:37.195666Z,2026-07-12T11:49:37.195666Z,7226.7409,7,0.07995,12.507817385866526,8.472400513478814,0.129,37.32394366197183,12.507817385866526,49.04874547307066,0,0,0,0,,
SHELL,2026-07-12T09:49:49.828Z,2026-07-12T09:49:49.829116Z,2026-07-12T11:49:49.829116Z,7214.10745,7,0.021249999999999998,47.058823529411484,6.6350710900473855,-2.765,35.563380281690144,47.058823529411484,47.79825517748828,0,0,0,0,,
SIGN,2026-07-12T09:49:57.496Z,2026-07-12T09:49:57.497176Z,2026-07-12T11:49:57.497176Z,7206.43939,7,0.008795,11.370096645822999,5.681818181818186,0.457,32.74647887323944,11.370096645822999,52.72783104143728,1,1,0,0,-1.0,False
SPK,2026-07-12T09:50:10.866Z,2026-07-12T09:50:10.866976Z,2026-07-12T11:50:10.866976Z,7793.31376,7,0.017136,12.83846872082033,3.831127179427359,-0.964,38.028169014084504,12.83846872082033,51.48867064484826,19,5,11,3,1.0,False
STEEM,2026-07-12T09:50:18.416Z,2026-07-12T09:50:18.416441Z,2026-07-12T11:50:18.416441Z,7785.764295,7,0.040975,26.845637583892373,11.655239960822723,0.098,40.140845070422536,26.845637583892373,45.31201365947391,0,0,0,0,,
USUAL,2026-07-12T09:50:36.992Z,2026-07-12T09:50:36.992665Z,2026-07-12T11:50:36.992665Z,7767.188071,7,0.010005,9.995002498750218,9.431939978563761,5.068,38.732394366197184,9.995002498750218,55.32065983758479,1,0,1,0,-1.0,False
A,2026-07-12T09:56:20.390Z,2026-07-12T09:56:20.390908Z,2026-07-12T11:56:20.390908Z,7423.789828,7,0.07419999999999999,53.908355795147926,5.093833780160855,-1.971,15.845070422535212,53.908355795147926,46.99158592136999,0,0,0,0,,
BOME,2026-07-12T09:56:50.658Z,2026-07-12T09:56:50.658221Z,2026-07-12T11:56:50.658221Z,7393.522515,7,0.0004126,4.847309743092701,5.493437044239185,-1.437,21.47887323943662,4.847309743092701,46.66327815503556,2,1,0,1,1.0,False
EDEN,2026-07-12T09:57:30.965Z,2026-07-12T09:57:30.965926Z,2026-07-12T11:57:30.965926Z,7353.21481,7,0.0431,13.92111368909617,4.364060676779456,1.516,27.816901408450704,13.92111368909617,53.560604865591756,0,0,0,0,,
ENS,2026-07-12T09:57:39.116Z,2026-07-12T09:57:39.116379Z,2026-07-12T11:57:39.116379Z,7345.064357,7,4.145,24.125452352233232,3.381642512077309,-1.429,24.64788732394366,24.125452352233232,61.36719801286289,1,1,0,0,1.0,False
F,2026-07-12T09:57:50.291Z,2026-07-12T09:57:50.291253Z,2026-07-12T11:57:50.291253Z,7333.889483,7,0.0034149999999999996,29.282576866764355,5.000000000000001,-2.857,29.577464788732396,29.282576866764355,56.55783672480674,0,0,0,0,,
FLUX,2026-07-12T09:58:03.126Z,2026-07-12T09:58:03.126351Z,2026-07-12T11:58:03.126351Z,7321.054385,7,0.044649999999999995,22.396416573347352,8.948545861297532,-0.887,22.183098591549296,22.396416573347352,32.37954504407558,0,0,0,0,,
GPS,2026-07-12T09:58:17.961Z,2026-07-12T09:58:17.961763Z,2026-07-12T11:58:17.961763Z,7306.218973,7,0.010405000000000001,28.832292167227784,5.64751703992211,-1.534,20.422535211267604,28.832292167227784,65.74821205420027,0,0,0,0,,
HIVE,2026-07-12T09:58:24.954Z,2026-07-12T09:58:24.954748Z,2026-07-12T11:58:24.954748Z,7299.225988,7,0.04965,60.42296072507446,3.8617886178861762,-0.806,16.901408450704224,60.42296072507446,41.593808526032326,2,1,1,0,1.0,False
MET,2026-07-12T09:58:41.464Z,2026-07-12T09:58:41.464899Z,2026-07-12T11:58:41.464899Z,7282.715837,7,0.15055000000000002,19.926934573231133,5.317769130998711,-0.708,25.0,19.926934573231133,64.29910109722739,3,3,0,0,1.0,False
NIL,2026-07-12T09:58:54.948Z,2026-07-12T09:58:54.948912Z,2026-07-12T11:58:54.948912Z,7269.231824,7,0.03485,22.955523672882855,3.4462952326249274,-1.192,22.887323943661972,22.955523672882855,49.80910430006463,0,0,0,0,,
PEOPLE,2026-07-12T09:59:06.822Z,2026-07-12T09:59:06.822859Z,2026-07-12T11:59:06.822859Z,7257.357877,7,0.005475,18.264840182647657,5.118829981718462,-1.795,18.309859154929576,18.264840182647657,55.3637998138825,0,0,0,0,,
PIXEL,2026-07-12T09:59:14.101Z,2026-07-12T09:59:14.102131Z,2026-07-12T11:59:14.102131Z,7250.078605,7,0.004750000000000001,42.10526315789484,6.751054852320674,-3.659,16.549295774647888,42.10526315789484,58.47195239879363,7,1,3,3,0.4286,False
RED,2026-07-12T09:59:23.238Z,2026-07-12T09:59:23.238437Z,2026-07-12T11:59:23.238437Z,7240.942299,7,0.11335,8.822232024702503,5.7044079515989585,4.14,19.718309859154928,8.822232024702503,74.54460845976962,0,0,0,0,,
REZ,2026-07-12T09:59:28.433Z,2026-07-12T09:59:28.433683Z,2026-07-12T11:59:28.433683Z,7235.747053,7,0.0026284999999999998,3.804451207912114,6.137322593018795,-2.724,20.774647887323944,3.804451207912114,65.42928440923251,11,0,10,1,0.1818,False
TNSR,2026-07-12T09:59:55.737Z,2026-07-12T09:59:55.737726Z,2026-07-12T11:59:55.737726Z,7208.44301,7,0.03135,31.89792663476744,4.100946372239734,-2.761,26.056338028169016,31.89792663476744,53.05979359209173,2,1,0,1,0.0,False
1000CAT,2026-07-12T10:05:49.154Z,2026-07-12T10:05:49.154203Z,2026-07-12T12:05:49.154203Z,7455.83592,7,0.001325,75.47169811320775,4.580152671755737,-1.504,5.28169014084507,75.47169811320775,53.124987287567436,62,23,33,6,0.4194,False
BB,2026-07-12T10:06:29.645Z,2026-07-12T10:06:29.646046Z,2026-07-12T12:06:29.646046Z,7415.344077,7,0.01925,51.94805194805344,3.6458333333333295,-0.518,14.788732394366198,51.94805194805344,56.56286746479973,1,1,0,0,1.0,False
HAEDAL,2026-07-12T10:07:37.698Z,2026-07-12T10:07:37.699247Z,2026-07-12T12:07:37.699247Z,7347.290876,7,0.016585000000000003,18.088634308108997,3.9393939393939466,-1.669,12.32394366197183,18.088634308108997,56.25656678290846,0,0,0,0,,
KERNEL,2026-07-12T10:07:56.276Z,2026-07-12T10:07:56.277197Z,2026-07-12T12:07:56.277197Z,7328.712926,7,0.04015,24.906600249066717,3.2418952618453933,-2.195,15.492957746478874,24.906600249066717,54.887972569045786,0,0,0,0,,
MAGIC,2026-07-12T10:08:10.174Z,2026-07-12T10:08:10.174521Z,2026-07-12T12:08:10.174521Z,7314.815602,7,0.043300000000000005,46.18937644341773,3.91705069124424,-0.686,3.8732394366197185,46.18937644341773,45.6598718507468,64,22,38,4,0.7656,False
ONT,2026-07-12T10:08:39.852Z,2026-07-12T10:08:39.852340Z,2026-07-12T12:08:39.852340Z,7285.137783,7,0.045245,11.050944855783952,3.142983621071281,-1.332,8.80281690140845,11.050944855783952,41.78371992596415,0,0,0,0,,
PROVE,2026-07-12T10:08:47.467Z,2026-07-12T10:08:47.467737Z,2026-07-12T12:08:47.467737Z,7277.522386,7,0.19965,15.026296018031292,2.3127199597787937,-1.045,5.633802816901408,15.026296018031292,41.3493643065299,0,0,0,0,,
SUSHI,2026-07-12T10:09:00.177Z,2026-07-12T10:09:00.177358Z,2026-07-12T12:09:00.177358Z,7264.812765,7,0.164,36.58536585365789,4.963235294117644,-2.1,10.56338028169014,36.58536585365789,53.72973007870081,0,0,0,0,,
VANA,2026-07-12T10:09:13.060Z,2026-07-12T10:09:13.061041Z,2026-07-12T12:09:13.061041Z,7251.929082,7,1.224,32.679738562091536,4.177109440267338,-2.046,14.084507042253522,32.679738562091536,45.294663507771666,0,0,0,0,,
VELODROME,2026-07-12T10:09:20.603Z,2026-07-12T10:09:20.604239Z,2026-07-12T12:09:20.604239Z,7244.385884,7,0.02144,27.985074626866147,4.33768656716418,-2.19,6.338028169014085,27.985074626866147,43.928382186425594,0,0,0,0,,
YB,2026-07-12T10:09:37.813Z,2026-07-12T10:09:37.814268Z,2026-07-12T12:09:37.814268Z,7227.175855,7,0.07575000000000001,13.201320132013576,4.881266490765182,-2.821,11.267605633802816,13.201320132013576,45.95848492236909,0,0,0,0,,
AAVE,2026-07-12T10:15:26.756Z,2026-07-12T10:15:26.756825Z,2026-07-12T12:15:26.756825Z,7479.177227,7,97.825,3.066700741119462,6.323065975399002,2.15,95.77464788732394,3.066700741119462,66.58425989328994,7,7,0,0,1.0,False
ADA,2026-07-12T10:15:32.990Z,2026-07-12T10:15:32.990295Z,2026-07-12T12:15:32.990295Z,7472.943757,7,0.16525,6.051437216338213,7.425441265976865,-2.202,96.12676056338029,6.051437216338213,40.21909727364722,30,25,3,2,0.7333,False
AVAX,2026-07-12T10:15:43.421Z,2026-07-12T10:15:43.421371Z,2026-07-12T12:15:43.421371Z,7462.512681,7,6.4425,1.5521924718656512,7.947434292866082,-4.81,91.54929577464789,1.5521924718656512,41.84962105087805,11,6,3,2,0.2727,False
BNB,2026-07-12T10:15:53.200Z,2026-07-12T10:15:53.200534Z,2026-07-12T12:15:53.200534Z,7452.733518,7,581.805,0.17187889413103885,2.2692388195074287,-1.053,98.2394366197183,0.17187889413103885,54.52255318475488,26,17,9,0,0.8077,False
COTI,2026-07-12T10:16:03.938Z,2026-07-12T10:16:03.939072Z,2026-07-12T12:16:03.939072Z,7441.99498,7,0.00808,24.75247524752374,3.7220843672456567,-1.104,0.352112676056338,24.75247524752374,43.207180166194966,1,0,0,1,-1.0,False
ENA,2026-07-12T10:16:13.959Z,2026-07-12T10:16:13.960106Z,2026-07-12T12:16:13.960106Z,7431.973946,7,0.08185,12.217470983506765,6.127450980392145,-0.488,92.6056338028169,12.217470983506765,58.52555898147815,14,13,1,0,0.8571,False
LTC,2026-07-12T10:16:46.641Z,2026-07-12T10:16:46.641765Z,2026-07-12T12:16:46.641765Z,7399.292287,7,44.735,2.235386162960795,2.75970383666144,-1.153,88.73239436619718,2.235386162960795,57.58958758254116,37,27,8,2,0.9189,False
SOL,2026-07-12T10:17:05.174Z,2026-07-12T10:17:05.174742Z,2026-07-12T12:17:05.174742Z,7380.75931,7,77.015,1.29844835421553,4.227557411273499,-2.058,98.94366197183099,1.29844835421553,53.94831250964916,42,28,9,5,0.6667,False
SYN,2026-07-12T10:17:14.945Z,2026-07-12T10:17:14.945268Z,2026-07-12T12:17:14.945268Z,7370.988784,7,0.320315,23.414451399402864,13.139112779179236,6.204,88.38028169014085,23.414451399402864,68.117020861833,3,2,1,0,1.0,False
TREE,2026-07-12T10:17:24.222Z,2026-07-12T10:17:24.222857Z,2026-07-12T12:17:24.222857Z,7361.711195,7,0.04455,22.446689113356424,8.843537414965988,2.558,89.08450704225352,22.446689113356424,56.74080681690188,0,0,0,0,,
USDE,2026-07-12T10:17:43.243Z,2026-07-12T10:17:43.243959Z,2026-07-12T12:17:43.243959Z,7342.690093,7,1.0000499999999999,0.999950002499765,8.119188081191876,0.02,97.1830985915493,0.999950002499765,68.30717206198483,0,0,0,0,,
XLM,2026-07-12T10:18:06.889Z,2026-07-12T10:18:06.889907Z,2026-07-12T12:18:06.889907Z,7319.044145,7,0.18635000000000002,5.3662463107065586,5.9613319011815245,-1.948,93.30985915492958,5.3662463107065586,64.64909433779901,21,18,3,0,0.9048,False
XRP,2026-07-12T10:18:17.424Z,2026-07-12T10:18:17.424748Z,2026-07-12T12:18:17.424748Z,7308.509304,7,1.0984500000000001,0.9103737084072009,2.9632339491494406,-1.38,98.59154929577464,0.9103737084072009,56.94098057050072,34,13,19,2,0.2941,False
ONDO,2026-07-12T10:24:05.848Z,2026-07-12T10:24:05.848578Z,2026-07-12T12:24:05.848578Z,7557.688598,7,0.32945,3.03536196691422,4.585753592173651,-1.208,86.61971830985915,3.03536196691422,49.06386330041114,12,10,2,0,0.8333,False
ZRO,2026-07-12T10:24:11.644Z,2026-07-12T10:24:11.644338Z,2026-07-12T12:24:11.644338Z,7551.892838,7,0.8855,11.293054771315651,7.752808988764039,-5.218,86.26760563380282,11.293054771315651,66.0762851285256,0,0,0,0,,
CRV,2026-07-12T10:30:24.289Z,2026-07-12T10:30:24.289549Z,2026-07-12T12:30:24.289549Z,7779.21287,7,0.20605,4.853190973065602,6.517509727626471,-0.291,84.15492957746478,4.853190973065602,61.739048386407035,2,2,0,0,1.0,False
DOT,2026-07-12T10:30:31.159Z,2026-07-12T10:30:31.159339Z,2026-07-12T12:30:31.159339Z,7772.34308,7,0.8474999999999999,11.799410029498535,5.064782096584222,-3.632,79.92957746478874,11.799410029498535,62.55470098089283,6,0,4,2,0.0,False
DYDX,2026-07-12T10:30:37.770Z,2026-07-12T10:30:37.770600Z,2026-07-12T12:30:37.770600Z,7765.731819,7,0.13293500000000003,14.292699439575408,4.807547169811331,3.137,78.52112676056338,14.292699439575408,65.53772543324418,2,2,0,0,1.0,False
GALA,2026-07-12T10:30:57.102Z,2026-07-12T10:30:57.102422Z,2026-07-12T12:30:57.102422Z,7746.399997,7,0.0020895,4.785833931561134,4.036087369420704,-2.228,73.59154929577464,4.785833931561134,67.83514539796897,1,1,0,0,1.0,False
HMSTR,2026-07-12T10:31:10.747Z,2026-07-12T10:31:10.748189Z,2026-07-12T12:31:10.748189Z,7732.75423,7,0.0002072,19.305019305019773,20.772238514174,-15.033,82.3943661971831,19.305019305019773,52.75496081913131,1,1,0,0,1.0,False
ICP,2026-07-12T10:31:16.740Z,2026-07-12T10:31:16.740454Z,2026-07-12T12:31:16.740454Z,7726.761965,7,2.2515,4.441483455473639,3.115264797507801,-1.361,81.69014084507042,4.441483455473639,41.05538772147048,9,5,2,2,0.1111,False
INJ,2026-07-12T10:31:22.986Z,2026-07-12T10:31:22.987034Z,2026-07-12T12:31:22.987034Z,7720.515385,7,4.8614999999999995,2.056978298879634,5.175563223056625,-3.543,82.04225352112677,2.056978298879634,56.09803320648324,24,17,7,0,0.8333,False
KAITO,2026-07-12T10:31:33.966Z,2026-07-12T10:31:33.966814Z,2026-07-12T12:31:33.966814Z,7709.535605,7,0.6734,11.88001188001057,8.211406389967147,4.233,77.8169014084507,11.88001188001057,49.446528488875686,0,0,0,0,,
MORPHO,2026-07-12T10:31:45.814Z,2026-07-12T10:31:45.814820Z,2026-07-12T12:31:45.814820Z,7697.687599,7,1.9985,5.003752814611518,13.460572576594664,-3.584,77.46478873239437,5.003752814611518,60.24604551256884,3,2,1,0,0.3333,False
PARTI,2026-07-12T10:32:04.929Z,2026-07-12T10:32:04.929531Z,2026-07-12T12:32:04.929531Z,7678.572888,7,0.0327,61.16207951070512,29.447852760736215,-12.834,83.09859154929578,61.16207951070512,58.88336110690046,0,0,0,0,,
POL,2026-07-12T10:32:14.284Z,2026-07-12T10:32:14.284521Z,2026-07-12T12:32:14.284521Z,7669.217898,7,0.07955999999999999,7.541478129712246,2.2575356287047548,-1.024,72.1830985915493,7.541478129712246,62.10609589311864,13,4,4,5,0.1538,False
PUMP,2026-07-12T10:32:19.480Z,2026-07-12T10:32:19.480957Z,2026-07-12T12:32:19.480957Z,7664.021462,7,0.0014045,7.119971520113322,6.312769010043039,-2.992,77.11267605633803,7.119971520113322,43.02254315750046,15,15,0,0,1.0,False
PYTH,2026-07-12T10:32:26.063Z,2026-07-12T10:32:26.063610Z,2026-07-12T12:32:26.063610Z,7657.438809,7,0.04705,8.501594048883819,7.592008412197676,-1.369,73.94366197183099,8.501594048883819,61.25258204344904,2,2,0,0,0.5,False
RUNE,2026-07-12T10:32:38.199Z,2026-07-12T10:32:38.199229Z,2026-07-12T12:32:38.199229Z,7645.30319,7,0.4055,24.66091245376081,2.716049382716038,0.998,79.22535211267606,24.66091245376081,62.63561748919841,1,1,0,0,1.0,False
SEI,2026-07-12T10:32:45.581Z,2026-07-12T10:32:45.581992Z,2026-07-12T12:32:45.581992Z,7637.920427,7,0.049449999999999994,4.044489383215205,4.453935326418542,-1.621,76.40845070422536,4.044489383215205,65.0762965117949,1,0,1,0,-1.0,False
SHIB,2026-07-12T10:32:53.029Z,2026-07-12T10:32:53.029965Z,2026-07-12T12:32:53.029965Z,7630.472454,7,4.305e-06,23.22880371660837,3.9534883720930245,-2.05,72.88732394366197,23.22880371660837,59.036911870463946,20,11,7,2,0.65,False
SXT,2026-07-12T10:32:58.255Z,2026-07-12T10:32:58.256120Z,2026-07-12T12:32:58.256120Z,7625.246299,7,0.009184999999999999,32.66194882961406,41.93899782135076,24.898,85.56338028169014,32.66194882961406,57.712881122778754,11,10,0,1,1.0,False
SYRUP,2026-07-12T10:33:04.579Z,2026-07-12T10:33:04.579539Z,2026-07-12T12:33:04.579539Z,7618.92288,7,0.1901,10.520778537612085,5.617382087970322,0.159,84.50704225352112,10.520778537612085,46.236328859048974,4,1,2,1,0.5,False
TIA,2026-07-12T10:33:10.236Z,2026-07-12T10:33:10.236395Z,2026-07-12T12:33:10.236395Z,7613.266024,7,0.40700000000000003,4.914004914005737,6.116956202593594,1.188,80.28169014084507,4.914004914005737,60.73652388886797,3,3,0,0,1.0,False
WIF,2026-07-12T10:33:26.785Z,2026-07-12T10:33:26.785502Z,2026-07-12T12:33:26.785502Z,7596.716917,7,0.15055000000000002,6.642311524411607,4.587765957446802,-1.635,78.16901408450704,6.642311524411607,62.412468268149844,30,18,12,0,0.9,False
0G,2026-07-12T10:39:06.253Z,2026-07-12T10:39:06.254109Z,2026-07-12T12:39:06.254109Z,7257.24831,7,0.1885,53.05039787798413,4.761904761904765,-2.577,64.08450704225352,53.05039787798413,59.13889830977324,0,0,0,0,,
BANK,2026-07-12T10:39:29.039Z,2026-07-12T10:39:29.039580Z,2026-07-12T12:39:29.039580Z,7234.462839,7,0.042300000000000004,47.28132387706827,19.000000000000007,9.589,65.49295774647888,47.28132387706827,61.99024558416602,1,1,0,0,1.0,False
KMNO,2026-07-12T10:40:25.806Z,2026-07-12T10:40:25.806561Z,2026-07-12T12:40:25.806561Z,7777.798779,7,0.018715000000000002,5.34330750734683,4.799165362545648,1.161,65.84507042253522,5.34330750734683,73.68188271135148,7,5,2,0,1.0,False
MEME,2026-07-12T10:40:33.598Z,2026-07-12T10:40:33.598648Z,2026-07-12T12:40:33.598648Z,7770.006692,7,0.0005564999999999999,17.96945193171652,8.545454545454536,-2.655,60.2112676056338,17.96945193171652,62.551482968505994,54,30,22,2,0.8889,False
MITO,2026-07-12T10:40:40.303Z,2026-07-12T10:40:40.303944Z,2026-07-12T12:40:40.303944Z,7763.301396,7,0.02157,18.54427445526279,16.31040892193308,0.046,61.61971830985915,18.54427445526279,60.816927970875945,1,1,0,0,1.0,False
NEIRO,2026-07-12T10:40:47.691Z,2026-07-12T10:40:47.692026Z,2026-07-12T12:40:47.692026Z,7755.913314,7,6.1975e-05,8.067769261799308,7.169384789278204,-3.31,59.50704225352113,8.067769261799308,36.83229635814959,16,15,1,0,0.5625,False
PAXG,2026-07-12T10:41:04.363Z,2026-07-12T10:41:04.363698Z,2026-07-12T12:41:04.363698Z,7739.241642,7,4097.235,0.02440670354572847,0.3882362701987753,-0.346,67.25352112676056,0.02440670354572847,41.459922609900794,3,3,0,0,1.0,False
RENDER,2026-07-12T10:41:09.554Z,2026-07-12T10:41:09.554600Z,2026-07-12T12:41:09.554600Z,7734.05074,7,1.5505,6.449532408899644,4.072398190045245,-2.397,68.30985915492958,6.449532408899644,60.21267814799503,0,0,0,0,,
RESOLV,2026-07-12T10:41:15.615Z,2026-07-12T10:41:15.615277Z,2026-07-12T12:41:15.615277Z,7727.990063,7,0.02035,49.14004914005054,6.999999999999992,-0.99,62.32394366197183,49.14004914005054,64.17224933890135,0,0,0,0,,
SKY,2026-07-12T10:41:33.684Z,2026-07-12T10:41:33.685254Z,2026-07-12T12:41:33.685254Z,7709.920086,7,0.06126,6.529546196539075,8.654781199351698,1.597,70.07042253521126,6.529546196539075,56.97065601218396,66,12,48,6,-0.1364,False
THETA,2026-07-12T10:41:52.097Z,2026-07-12T10:41:52.097943Z,2026-07-12T12:41:52.097943Z,7691.507397,7,0.1486,13.458950201884637,9.224598930481287,-2.094,63.38028169014085,13.458950201884637,65.2895687323459,2,0,2,0,0.0,False
TURBO,2026-07-12T10:42:05.696Z,2026-07-12T10:42:05.696548Z,2026-07-12T12:42:05.696548Z,7677.908792,7,0.0008455,11.82732111176719,11.647058823529415,-0.118,60.91549295774648,11.82732111176719,60.83571472750139,0,0,0,0,,
TUT,2026-07-12T10:42:12.974Z,2026-07-12T10:42:12.975212Z,2026-07-12T12:42:12.975212Z,7670.630128,7,0.012405,40.30632809351044,13.918806959403488,3.251,69.01408450704226,40.30632809351044,69.26266084540212,0,0,0,0,,
ZK,2026-07-12T10:42:34.728Z,2026-07-12T10:42:34.728959Z,2026-07-12T12:42:34.728959Z,7648.876381,7,0.010505,9.519276534982954,3.721374045801524,-3.053,71.47887323943662,9.519276534982954,62.21776698406263,4,1,0,3,1.0,False
2Z,2026-07-12T10:48:16.129Z,2026-07-12T10:48:16.130104Z,2026-07-12T12:48:16.130104Z,7307.475236,7,0.07083500000000001,7.058657443355456,4.936726463635096,0.672,48.943661971830984,7.058657443355456,66.48281069517256,0,0,0,0,,
AVNT,2026-07-12T10:48:28.787Z,2026-07-12T10:48:28.787785Z,2026-07-12T12:48:28.787785Z,7294.817555,7,0.09634999999999999,10.378827192527543,6.424870466321255,-1.228,53.87323943661972,10.378827192527543,51.93068201835212,1,0,1,0,1.0,False
BROCCOLI714,2026-07-12T10:48:45.905Z,2026-07-12T10:48:45.906097Z,2026-07-12T12:48:45.906097Z,7277.699243,7,0.012830000000000001,15.588464536243896,7.4393108848864475,0.235,54.929577464788736,15.588464536243896,38.914361761392016,0,0,0,0,,
DOGS,2026-07-12T10:49:08.573Z,2026-07-12T10:49:08.573813Z,2026-07-12T12:49:08.573813Z,7255.031527,7,3.8929999999999995e-05,10.274852298998104,6.752577319587625,-1.673,54.225352112676056,10.274852298998104,62.01601937704432,1,1,0,0,1.0,False
FLOKI,2026-07-12T10:49:14.400Z,2026-07-12T10:49:14.400306Z,2026-07-12T12:49:14.400306Z,7249.205034,7,2.2665e-05,4.412089124201014,4.345917471466209,-2.148,50.70422535211268,4.412089124201014,41.67674922690101,5,3,1,1,1.0,False
GRT,2026-07-12T10:49:26.575Z,2026-07-12T10:49:26.575346Z,2026-07-12T12:49:26.575346Z,7237.029994,7,0.01761,11.357183418511745,3.9954337899543333,-0.961,52.46478873239437,11.357183418511745,60.085338626797494,12,4,8,0,-0.3333,False
HEMI,2026-07-12T10:49:31.755Z,2026-07-12T10:49:31.756077Z,2026-07-12T12:49:31.756077Z,7231.849263,7,0.004405,22.70147559591281,5.5928411633109665,-2.614,51.40845070422535,22.70147559591281,67.63444486092672,0,0,0,0,,
HOME,2026-07-12T10:49:37.668Z,2026-07-12T10:49:37.668399Z,2026-07-12T12:49:37.668399Z,7225.936941,7,0.01456,13.736263736263176,7.828454731109587,-6.014,50.352112676056336,13.736263736263176,55.922703368913844,33,19,14,0,1.0,False
HYPER,2026-07-12T10:49:43.424Z,2026-07-12T10:49:43.424559Z,2026-07-12T12:49:43.424559Z,7220.180781,7,0.06814999999999999,14.673514306676873,4.075691411935949,-1.857,53.16901408450704,14.673514306676873,59.00705719706115,1,1,0,0,-1.0,False
IMX,2026-07-12T10:49:50.363Z,2026-07-12T10:49:50.364180Z,2026-07-12T12:49:50.364180Z,7213.24116,7,0.133,15.037593984962836,3.9611360239162923,-1.109,45.070422535211264,15.037593984962836,37.85032667563894,8,2,6,0,0.75,False
MINA,2026-07-12T10:50:16.154Z,2026-07-12T10:50:16.154235Z,2026-07-12T12:50:16.154235Z,7787.476867,7,0.043300000000000005,46.18937644341773,6.0324825986079,-3.795,44.36619718309859,46.18937644341773,43.69326977563706,1,1,0,0,1.0,False
OPEN,2026-07-12T10:50:30.131Z,2026-07-12T10:50:30.132194Z,2026-07-12T12:50:30.132194Z,7773.498908,7,0.14845,6.736274840012731,5.878378378378369,-4.083,49.29577464788732,6.736274840012731,59.36641031772808,0,0,0,0,,
ORCA,2026-07-12T10:50:35.933Z,2026-07-12T10:50:35.933862Z,2026-07-12T12:50:35.933862Z,7767.69724,7,1.1625,8.60215053763537,5.090595340811058,-2.359,56.33802816901409,8.60215053763537,54.60764058555332,9,8,1,0,1.0,False
PHA,2026-07-12T10:50:40.974Z,2026-07-12T10:50:40.974820Z,2026-07-12T12:50:40.974820Z,7762.656282,7,0.02495,40.080160320642435,6.719367588932807,-0.784,44.71830985915493,40.080160320642435,61.27121440560846,1,1,0,0,1.0,False
PLUME,2026-07-12T10:50:48.373Z,2026-07-12T10:50:48.373677Z,2026-07-12T12:50:48.373677Z,7755.257425,7,0.010069999999999999,19.86097318768711,5.560975609756091,-2.474,46.12676056338028,19.86097318768711,49.85353655112163,1,1,0,0,1.0,False
RPL,2026-07-12T10:50:58.855Z,2026-07-12T10:50:58.856029Z,2026-07-12T12:50:58.856029Z,7744.775073,7,1.835,54.49591280653956,8.648648648648656,8.187,47.88732394366197,54.49591280653956,74.02590606706329,0,0,0,0,,
SAND,2026-07-12T10:51:15.627Z,2026-07-12T10:51:15.627483Z,2026-07-12T12:51:15.627483Z,7728.003619,7,0.04871,4.105933073290737,3.4921939194741167,-2.092,44.014084507042256,4.105933073290737,61.06276256369538,29,9,17,3,0.2069,False
SOMI,2026-07-12T10:51:26.862Z,2026-07-12T10:51:26.862339Z,2026-07-12T12:51:26.862339Z,7716.768763,7,0.10345,9.666505558239631,5.1456310679611645,-2.37,55.28169014084507,9.666505558239631,56.17852050469893,0,0,0,0,,
SSV,2026-07-12T10:51:33.040Z,2026-07-12T10:51:33.040567Z,2026-07-12T12:51:33.040567Z,7710.590535,7,2.053,9.741841207987237,6.429615197272269,-1.108,54.57746478873239,9.741841207987237,57.84195422775202,0,0,0,0,,
VET,2026-07-12T10:51:50.002Z,2026-07-12T10:51:50.002221Z,2026-07-12T12:51:50.002221Z,7693.628881,7,0.0049095,6.110601894285632,4.103189112329878,1.109,51.056338028169016,6.110601894285632,44.21422609336993,6,4,2,0,1.0,False
ZEN,2026-07-12T10:52:04.533Z,2026-07-12T10:52:04.533272Z,2026-07-12T12:52:04.533272Z,7679.09783,7,4.1385,7.249003262051743,4.046242774566478,-0.812,49.647887323943664,7.249003262051743,64.89204222112035,1,0,0,1,1.0,False
ZKC,2026-07-12T10:52:12.810Z,2026-07-12T10:52:12.810596Z,2026-07-12T12:52:12.810596Z,7670.820506,7,0.04435,22.54791431792624,6.531531531531531,-1.114,46.478873239436616,22.54791431792624,60.62260893683528,0,0,0,0,,
1000CHEEMS,2026-07-12T10:57:43.472Z,2026-07-12T10:57:43.472922Z,2026-07-12T12:57:43.472922Z,7340.15818,7,0.00047,85.10638297872316,6.451612903225799,-2.311,34.50704225352113,85.10638297872316,42.6566312269853,1,1,0,0,1.0,False
ANIME,2026-07-12T10:57:50.220Z,2026-07-12T10:57:50.220543Z,2026-07-12T12:57:50.220543Z,7333.410559,7,0.002835,35.273368606702036,3.8869257950529987,1.434,39.08450704225352,35.273368606702036,62.989975591178286,0,0,0,0,,
AXS,2026-07-12T10:57:57.987Z,2026-07-12T10:57:57.988118Z,2026-07-12T12:57:57.988118Z,7325.642984,7,0.9964999999999999,10.035122930255906,3.206412825651305,-1.481,36.61971830985915,10.035122930255906,65.60557771790594,1,0,1,0,1.0,False
BABY,2026-07-12T10:58:04.888Z,2026-07-12T10:58:04.889197Z,2026-07-12T12:58:04.889197Z,7318.741905,7,0.01308,15.29051987767522,4.601226993865043,-1.955,36.267605633802816,15.29051987767522,61.109069521796606,0,0,0,0,,
BANANA,2026-07-12T10:58:13.130Z,2026-07-12T10:58:13.130935Z,2026-07-12T12:58:13.130935Z,7310.500167,7,3.391,11.795930404010628,5.60357675111774,2.662,32.394366197183096,11.795930404010628,43.34511254817429,1,1,0,0,1.0,False
CKB,2026-07-12T10:58:32.866Z,2026-07-12T10:58:32.866711Z,2026-07-12T12:58:32.866711Z,7290.764391,7,0.0009215,10.851871947910102,3.7037037037036993,0.548,42.95774647887324,10.851871947910102,64.47985003602065,1,1,0,0,1.0,False
ENJ,2026-07-12T10:58:39.699Z,2026-07-12T10:58:39.700057Z,2026-07-12T12:58:39.700057Z,7283.931045,7,0.028435000000000002,24.6175487954975,3.4265734265734205,-0.035,29.929577464788732,24.6175487954975,50.744910356446574,4,0,4,0,1.0,False
ERA,2026-07-12T10:58:47.501Z,2026-07-12T10:58:47.502865Z,2026-07-12T12:58:47.502865Z,7276.128237,7,0.07955000000000001,12.570710245129208,7.061790668348038,-2.819,38.38028169014085,12.570710245129208,64.73117246628445,1,1,0,0,1.0,False
GUN,2026-07-12T10:58:58.817Z,2026-07-12T10:58:58.817932Z,2026-07-12T12:58:58.817932Z,7264.81317,7,0.004135,24.183796856105424,5.418719211822674,-0.733,43.66197183098591,24.183796856105424,55.554009142639515,1,1,0,0,1.0,False
HOLO,2026-07-12T10:59:12.878Z,2026-07-12T10:59:12.879098Z,2026-07-12T12:59:12.879098Z,7250.752004,7,0.07289999999999999,27.434842249655947,7.350901525658826,-2.038,30.633802816901408,27.434842249655947,58.611461741728704,1,1,0,0,1.0,False
HUMA,2026-07-12T10:59:19.622Z,2026-07-12T10:59:19.622564Z,2026-07-12T12:59:19.622564Z,7244.008538,7,0.02277,17.56697408871403,5.222270176952969,3.901,34.15492957746479,17.56697408871403,58.10099229617768,0,0,0,0,,
KAIA,2026-07-12T10:59:27.508Z,2026-07-12T10:59:27.508495Z,2026-07-12T12:59:27.508495Z,7236.122607,7,0.03485,28.694404591105556,3.160919540229876,0.288,35.2112676056338,28.694404591105556,65.13223946002721,0,0,0,0,,
LAYER,2026-07-12T10:59:40.044Z,2026-07-12T10:59:40.044787Z,2026-07-12T12:59:40.044787Z,7223.586315,7,0.06655,15.026296018031985,2.8485757121439264,-0.15,41.19718309859155,15.026296018031985,64.36226263794121,2,0,2,0,1.0,False
LINEA,2026-07-12T10:59:47.724Z,2026-07-12T10:59:47.724940Z,2026-07-12T12:59:47.724940Z,7215.906162,7,0.0023915000000000004,12.5444281831485,4.9853372434017675,-2.571,33.80281690140845,12.5444281831485,63.279638759587,1,1,0,0,1.0,False
MUBARAK,2026-07-12T11:00:10.218Z,2026-07-12T11:00:10.218933Z,2026-07-12T13:00:10.218933Z,7793.552486,7,0.01277,31.32341425215357,13.451191391237508,1.403,37.67605633802817,31.32341425215357,53.01335002419999,0,0,0,0,,
NOT,2026-07-12T11:00:23.638Z,2026-07-12T11:00:23.638295Z,2026-07-12T13:00:23.638295Z,7780.133124,7,0.00038100000000000005,52.49343832020982,4.687500000000001,-3.518,31.338028169014084,52.49343832020982,54.22873405777907,1,0,1,0,1.0,False
PNUT,2026-07-12T11:00:32.778Z,2026-07-12T11:00:32.778351Z,2026-07-12T13:00:32.778351Z,7770.993068,7,0.042899999999999994,46.620046620046345,5.1282051282051295,-1.152,42.605633802816904,46.620046620046345,51.022659170655224,50,17,27,6,0.46,False
ROSE,2026-07-12T11:00:44.116Z,2026-07-12T11:00:44.116299Z,2026-07-12T13:00:44.116299Z,7759.65512,7,0.005785,17.286084701814335,4.810996563573881,-0.852,31.690140845070424,17.286084701814335,61.78435328345034,65,15,48,2,0.4769,False
SOLV,2026-07-12T11:01:14.064Z,2026-07-12T11:01:14.065048Z,2026-07-12T13:01:14.065048Z,7729.706371,7,0.0027349999999999996,36.56307129798913,6.642066420664208,-1.812,30.281690140845072,36.56307129798913,55.72294679111611,0,0,0,0,,
THE,2026-07-12T11:01:32.030Z,2026-07-12T11:01:32.031181Z,2026-07-12T13:01:32.031181Z,7711.740238,7,0.05345,18.709073900841148,6.122448979591832,-3.058,43.309859154929576,18.709073900841148,39.046306289599556,17,9,2,6,0.2941,False
TWT,2026-07-12T11:01:39.175Z,2026-07-12T11:01:39.175737Z,2026-07-12T13:01:39.175737Z,7704.595682,7,0.34895,20.06018054162426,3.4800115041702613,0.462,41.901408450704224,20.06018054162426,60.123790082290476,5,3,1,1,-0.2,False
ZBT,2026-07-12T11:01:48.483Z,2026-07-12T11:01:48.483329Z,2026-07-12T13:01:48.483329Z,7695.28809,7,0.11524999999999999,8.676789587852744,8.411214953271033,-7.03,39.7887323943662,8.676789587852744,58.234187993077285,0,0,0,0,,
API3,2026-07-12T11:07:03.168Z,2026-07-12T11:07:03.168964Z,2026-07-12T13:07:03.168964Z,7380.602455,7,0.22775,13.172338090010744,5.247181266261925,1.14,38.028169014084504,13.172338090010744,69.38566260791315,0,0,0,0,,
COOKIE,2026-07-12T11:07:09.930Z,2026-07-12T11:07:09.930533Z,2026-07-12T13:07:09.930533Z,7373.840886,7,0.0093,215.0537634408608,5.376344086021493,1.087,31.690140845070424,215.0537634408608,54.887477430080985,0,0,0,0,,
IO,2026-07-12T11:07:17.531Z,2026-07-12T11:07:17.531348Z,2026-07-12T13:07:17.531348Z,7366.240071,7,0.1638,12.210012210010866,7.928703134603561,-4.854,36.971830985915496,12.210012210010866,59.254267725798876,1,1,0,0,1.0,False
1000SATS,2026-07-12T11:07:49.287Z,2026-07-12T11:07:49.287340Z,2026-07-12T13:07:49.287340Z,7334.484079,7,9.574999999999999e-06,31.33159268929474,3.590285110876453,0.0,18.661971830985916,31.33159268929474,58.153473951378466,13,6,4,3,0.6923,False
AIXBT,2026-07-12T11:08:02.869Z,2026-07-12T11:08:02.869634Z,2026-07-12T13:08:02.869634Z,7320.901785,7,0.01933,20.693222969476654,4.78887744593203,-2.117,19.718309859154928,20.693222969476654,49.71246086601075,4,4,0,0,1.0,False
ARKM,2026-07-12T11:08:08.258Z,2026-07-12T11:08:08.258434Z,2026-07-12T13:08:08.258434Z,7315.512985,7,0.11205000000000001,8.924587237840504,4.304932735426008,-2.875,25.0,8.924587237840504,58.271410688507345,3,1,1,1,0.3333,False
BLUR,2026-07-12T11:08:16.409Z,2026-07-12T11:08:16.409852Z,2026-07-12T13:08:16.409852Z,7307.361567,7,0.017079999999999998,23.41920374707368,6.839080459770116,-1.806,24.64788732394366,23.41920374707368,59.80287193989215,0,0,0,0,,
C,2026-07-12T11:08:27.033Z,2026-07-12T11:08:27.033774Z,2026-07-12T13:08:27.033774Z,7296.737645,7,0.06684999999999999,14.958863126402825,4.668674698795168,-3.348,16.197183098591548,14.958863126402825,49.4649691964334,0,0,0,0,,
CATI,2026-07-12T11:08:32.663Z,2026-07-12T11:08:32.664056Z,2026-07-12T13:08:32.664056Z,7291.107363,7,0.040045,7.491571981519618,8.557764913163838,-0.873,23.591549295774648,7.491571981519618,52.05767362244316,1,0,1,0,1.0,False
CGPT,2026-07-12T11:08:39.500Z,2026-07-12T11:08:39.500463Z,2026-07-12T13:08:39.500463Z,7284.270956,7,0.01882,10.626992561104775,4.825026511134682,-3.083,24.295774647887324,10.626992561104775,30.906522449469858,0,0,0,0,,
COMP,2026-07-12T11:08:47.016Z,2026-07-12T11:08:47.016457Z,2026-07-12T13:08:47.016457Z,7276.754962,7,17.04,23.47417840375537,2.9463759575721866,-0.176,17.6056338028169,23.47417840375537,42.67818903172925,62,26,28,8,0.1613,False
CVX,2026-07-12T11:08:54.074Z,2026-07-12T11:08:54.074863Z,2026-07-12T13:08:54.074863Z,7269.696556,7,1.25,47.999999999998266,3.8492381716118538,1.3,26.760563380281692,47.999999999998266,49.857283810816064,1,0,1,0,1.0,False
ETC,2026-07-12T11:09:10.567Z,2026-07-12T11:09:10.567906Z,2026-07-12T13:09:10.567906Z,7253.203513,7,6.945,14.398848092152319,4.227405247813412,-3.107,25.35211267605634,14.398848092152319,55.25043760835317,1,1,0,0,1.0,False
FF,2026-07-12T11:09:23.020Z,2026-07-12T11:09:23.021344Z,2026-07-12T13:09:23.021344Z,7240.750075,7,0.060215000000000005,8.303578842481347,4.0802675585284245,2.855,19.366197183098592,8.303578842481347,63.53726344094639,0,0,0,0,,
MIRA,2026-07-12T11:09:55.581Z,2026-07-12T11:09:55.581426Z,2026-07-12T13:09:55.581426Z,7208.189993,7,0.04345,23.014959723819544,3.6781609195402236,-1.806,21.12676056338028,23.014959723819544,56.65383070195055,0,0,0,0,,
NOM,2026-07-12T11:10:12.473Z,2026-07-12T11:10:12.474040Z,2026-07-12T13:10:12.474040Z,7790.702061,7,0.001595,62.69592476489044,5.031446540880516,-0.625,22.183098591549296,62.69592476489044,65.11291615158427,1,1,0,0,1.0,False
RARE,2026-07-12T11:10:30.049Z,2026-07-12T11:10:30.049915Z,2026-07-12T13:10:30.049915Z,7773.126186,7,0.01285,77.82101167315128,3.9062500000000036,0.0,21.47887323943662,77.82101167315128,64.27260859705883,0,0,0,0,,
RVN,2026-07-12T11:10:41.120Z,2026-07-12T11:10:41.120831Z,2026-07-12T13:10:41.120831Z,7762.05527,7,0.00381,52.49343832021011,5.208333333333336,-2.29,16.901408450704224,52.49343832021011,53.526075128147,0,0,0,0,,
SAHARA,2026-07-12T11:10:48.126Z,2026-07-12T11:10:48.126590Z,2026-07-12T13:10:48.126590Z,7755.049511,7,0.01009,19.821605550048748,4.3564356435643505,-1.942,28.52112676056338,19.821605550048748,58.21697923798493,0,0,0,0,,
STO,2026-07-12T11:10:53.710Z,2026-07-12T11:10:53.710808Z,2026-07-12T13:10:53.710808Z,7749.465293,7,0.04485,22.296544035675108,3.8288288288288292,-0.448,20.774647887323944,22.296544035675108,57.50631195800259,0,0,0,0,,
TOWNS,2026-07-12T11:11:04.573Z,2026-07-12T11:11:04.573872Z,2026-07-12T13:11:04.573872Z,7738.602229,7,0.001955,51.1508951406651,4.545454545454546,0.0,26.056338028169016,51.1508951406651,63.25012462504196,0,0,0,0,,
WAL,2026-07-12T11:11:09.440Z,2026-07-12T11:11:09.441198Z,2026-07-12T13:11:09.441198Z,7733.734903,7,0.03145,31.79650238473859,3.174603174603166,-1.254,20.422535211267604,31.79650238473859,56.93259600407662,3,3,0,0,1.0,False
YGG,2026-07-12T11:11:14.758Z,2026-07-12T11:11:14.758604Z,2026-07-12T13:11:14.758604Z,7728.417497,7,0.02214,9.033423667569641,4.58257713248639,-0.181,19.014084507042252,9.033423667569641,42.27719021337647,2,1,1,0,1.0,False
ACH,2026-07-12T11:16:52.777Z,2026-07-12T11:16:52.777540Z,2026-07-12T13:16:52.777540Z,7390.398561,7,0.004475,22.34636871508289,2.9345372460496595,1.142,10.211267605633802,22.34636871508289,65.39820914471488,1,1,0,0,1.0,False
ACT,2026-07-12T11:16:59.568Z,2026-07-12T11:16:59.569088Z,2026-07-12T13:16:59.569088Z,7383.607013,7,0.00878,45.558086560364586,3.506787330316756,-2.857,9.154929577464788,45.558086560364586,52.23898113097216,0,0,0,0,,
ACX,2026-07-12T11:17:07.482Z,2026-07-12T11:17:07.482344Z,2026-07-12T13:17:07.482344Z,7375.693757,7,0.041405,70.03985025963014,2.651696129956999,-1.737,4.929577464788732,70.03985025963014,39.415981889450585,67,28,34,5,0.1493,False
AT,2026-07-12T11:17:14.691Z,2026-07-12T11:17:14.691303Z,2026-07-12T13:17:14.691303Z,7368.484798,7,0.1585,25.23659305993763,5.286911669890402,1.24,7.394366197183099,25.23659305993763,37.44709372276988,3,3,0,0,1.0,False
AUCTION,2026-07-12T11:17:21.258Z,2026-07-12T11:17:21.258984Z,2026-07-12T13:17:21.258984Z,7361.917117,7,3.325,30.075187969925505,0.9036144578313196,0.0,7.746478873239437,30.075187969925505,46.130325223164924,0,0,0,0,,
BARD,2026-07-12T11:17:28.596Z,2026-07-12T11:17:28.596234Z,2026-07-12T13:17:28.596234Z,7354.579867,7,0.13,15.384615384615826,3.3562166285278527,-1.945,6.690140845070423,15.384615384615826,59.18569497224087,1,1,0,0,1.0,False
BFUSD,2026-07-12T11:17:38.896Z,2026-07-12T11:17:38.896777Z,2026-07-12T13:17:38.896777Z,7344.279324,7,0.9991,2.001801621459093,0.04004404845329422,0.01,2.464788732394366,2.001801621459093,44.910737271806816,0,0,0,0,,
BMT,2026-07-12T11:17:45.757Z,2026-07-12T11:17:45.757801Z,2026-07-12T13:17:45.757801Z,7337.4183,7,0.012,16.666666666665986,4.242928452579036,-1.637,8.098591549295774,16.666666666665986,60.29417877965951,1,1,0,0,1.0,False
CETUS,2026-07-12T11:17:50.654Z,2026-07-12T11:17:50.654826Z,2026-07-12T13:17:50.654826Z,7332.521275,7,0.01824,10.964912280701308,3.0186608122941734,0.165,13.732394366197184,10.964912280701308,62.873659773215046,0,0,0,0,,
COW,2026-07-12T11:17:58.142Z,2026-07-12T11:17:58.142426Z,2026-07-12T13:17:58.142426Z,7325.033675,7,0.14024999999999999,7.130124777184795,3.6454610436025687,-0.85,1.7605633802816902,7.130124777184795,33.20098367881757,0,0,0,0,,
CVC,2026-07-12T11:18:04.994Z,2026-07-12T11:18:04.995165Z,2026-07-12T13:18:04.995165Z,7318.180936,7,0.020465,53.750305399462,8.961802154750236,-1.018,12.67605633802817,53.750305399462,37.88753541940011,66,17,33,16,-0.197,False
DYM,2026-07-12T11:18:12.782Z,2026-07-12T11:18:12.782540Z,2026-07-12T13:18:12.782540Z,7310.393561,7,0.01575,12.69841269841218,3.8754764930114325,-0.317,7.042253521126761,12.69841269841218,47.16517081488213,1,1,0,0,1.0,False
EUL,2026-07-12T11:18:19.497Z,2026-07-12T11:18:19.497626Z,2026-07-12T13:18:19.497626Z,7303.678475,7,1.0185,9.818360333823172,3.872889771598812,-0.297,13.380281690140846,9.818360333823172,64.44016634685055,3,0,3,0,0.3333,False
EURI,2026-07-12T11:18:25.381Z,2026-07-12T11:18:25.381505Z,2026-07-12T13:18:25.381505Z,7297.794596,7,1.1412499999999999,4.38116100766655,0.23665527215357582,0.035,4.225352112676056,4.38116100766655,51.795872521859906,0,0,0,0,,
FORM,2026-07-12T11:18:32.794Z,2026-07-12T11:18:32.794220Z,2026-07-12T13:18:32.794220Z,7290.381881,7,0.20415,24.491795248591746,4.027504911591348,-1.88,10.56338028169014,24.491795248591746,63.457044578408286,0,0,0,0,,
GMT,2026-07-12T11:18:39.402Z,2026-07-12T11:18:39.403184Z,2026-07-12T13:18:39.403184Z,7283.772917,7,0.00775,25.806451612903295,3.8759689922480716,-0.129,9.859154929577464,25.806451612903295,61.30304682355624,1,1,0,0,1.0,False
ILV,2026-07-12T11:18:52.798Z,2026-07-12T11:18:52.799082Z,2026-07-12T13:18:52.799082Z,7270.377019,7,3.145,31.796502384737,3.514376996805122,-1.881,5.633802816901408,31.796502384737,55.21093805805,1,1,0,0,1.0,False
INIT,2026-07-12T11:18:59.442Z,2026-07-12T11:18:59.442798Z,2026-07-12T13:18:59.442798Z,7263.733303,7,0.05605,17.84121320249704,3.914590747330962,-0.707,13.028169014084508,17.84121320249704,45.24385704159264,0,0,0,0,,
LISTA,2026-07-12T11:19:12.676Z,2026-07-12T11:19:12.676800Z,2026-07-12T13:19:12.676800Z,7250.499301,7,0.048549999999999996,20.59732234809391,4.545454545454547,-0.82,6.338028169014085,20.59732234809391,56.3632241306333,0,0,0,0,,
LPT,2026-07-12T11:19:19.362Z,2026-07-12T11:19:19.362527Z,2026-07-12T13:19:19.362527Z,7243.813574,7,1.548,38.75968992248065,3.7491919844861057,-3.554,11.971830985915492,38.75968992248065,39.77352622471849,1,1,0,0,1.0,False
MASK,2026-07-12T11:19:30.150Z,2026-07-12T11:19:30.150970Z,2026-07-12T13:19:30.150970Z,7233.025131,7,0.4125,24.242424242424264,5.596107055961062,3.008,2.816901408450704,24.242424242424264,63.27842226199188,1,1,0,0,1.0,False
NEWT,2026-07-12T11:19:37.627Z,2026-07-12T11:19:37.627426Z,2026-07-12T13:19:37.627426Z,7225.548675,7,0.0476,42.01680672268882,4.6218487394958,-2.058,3.1690140845070425,42.01680672268882,52.58950204646033,14,6,7,1,0.7857,False
NMR,2026-07-12T11:19:44.580Z,2026-07-12T11:19:44.580688Z,2026-07-12T13:19:44.580688Z,7218.595413,7,9.655000000000001,10.357327809424946,3.64583333333333,-3.128,11.619718309859154,10.357327809424946,53.842898510429855,0,0,0,0,,
NXPC,2026-07-12T11:19:51.158Z,2026-07-12T11:19:51.158761Z,2026-07-12T13:19:51.158761Z,7212.01734,7,0.2613,30.61615001913385,2.9479326186829957,-1.173,3.5211267605633805,30.61615001913385,40.19227519151222,0,0,0,0,,
SOPH,2026-07-12T11:20:09.915Z,2026-07-12T11:20:09.915371Z,2026-07-12T13:20:09.915371Z,7793.24027,7,0.004775,20.942408376964316,4.612159329140455,-1.649,14.084507042253522,20.942408376964316,44.13498733948818,0,0,0,0,,
TURTLE,2026-07-12T11:20:23.026Z,2026-07-12T11:20:23.026844Z,2026-07-12T13:20:23.026844Z,7780.128797,7,0.03405,29.36857562408104,3.2352941176470695,-1.449,14.788732394366198,29.36857562408104,58.8556717990126,0,0,0,0,,
WCT,2026-07-12T11:20:39.058Z,2026-07-12T11:20:39.059128Z,2026-07-12T13:20:39.059128Z,7764.096513,7,0.04419,9.051821679112553,3.5162374020156664,-1.064,9.507042253521126,9.051821679112553,33.399721910109996,0,0,0,0,,
XVG,2026-07-12T11:20:46.316Z,2026-07-12T11:20:46.316398Z,2026-07-12T13:20:46.316398Z,7756.839243,7,0.0021615000000000002,50.89058524173101,4.551724137931041,-0.866,2.112676056338028,50.89058524173101,44.918427906646606,28,6,15,7,-0.4286,False
1INCH,2026-07-12T11:26:28.892Z,2026-07-12T11:26:28.893220Z,2026-07-12T13:26:28.893220Z,7414.262421,7,0.07350000000000001,27.210884353740383,5.608755129958969,0.828,0.704225352112676,27.210884353740383,52.891128350246,0,0,0,0,,
ARB,2026-07-12T11:26:43.080Z,2026-07-12T11:26:43.080276Z,2026-07-12T13:26:43.080276Z,7400.075365,7,0.09615,10.40041601663952,10.631578947368418,2.26,95.07042253521126,10.40041601663952,50.62367110495931,31,18,9,4,0.6129,False
BCH,2026-07-12T11:26:53.081Z,2026-07-12T11:26:53.081336Z,2026-07-12T13:26:53.081336Z,7390.074305,7,245.75,4.069175991862573,2.8151774785801735,-0.568,91.19718309859155,4.069175991862573,60.66724276992422,7,5,0,2,0.4286,False
BTC,2026-07-12T11:27:02.977Z,2026-07-12T11:27:02.977786Z,2026-07-12T13:27:02.977786Z,7380.177855,7,64015.585,0.0015621195986510643,1.3568501911192206,-0.469,99.64788732394366,0.0015621195986510643,54.328562093122535,45,22,17,6,0.2667,False
DOGE,2026-07-12T11:27:15.027Z,2026-07-12T11:27:15.027488Z,2026-07-12T13:27:15.027488Z,7368.128153,7,0.07342499999999999,1.3619339462030815,4.493766269351954,-2.027,96.12676056338029,1.3619339462030815,52.61804285411587,20,14,4,2,0.9,False
DOLO,2026-07-12T11:27:23.045Z,2026-07-12T11:27:23.046067Z,2026-07-12T13:27:23.046067Z,7360.109574,7,0.02242,8.920606601248522,2.4150268336314946,-2.23,1.056338028169014,8.920606601248522,38.27433424352062,0,0,0,0,,
ETH,2026-07-12T11:27:32.954Z,2026-07-12T11:27:32.954750Z,2026-07-12T13:27:32.954750Z,7350.200891,7,1807.065,0.05533835252185674,2.8202049845483326,0.076,100.0,0.05533835252185674,59.895768315285636,46,28,13,5,0.5435,False
EUR,2026-07-12T11:27:36.512Z,2026-07-12T11:27:36.513138Z,2026-07-12T13:27:36.513138Z,7346.642503,7,1.1413,1.7523876281431525,0.14896600070101954,0.009,97.1830985915493,1.7523876281431525,53.21643933791114,0,0,0,0,,
FDUSD,2026-07-12T11:27:39.923Z,2026-07-12T11:27:39.923998Z,2026-07-12T13:27:39.923998Z,7343.231643,7,0.9973,2.005414619472355,0.07018247443353057,-0.01,95.4225352112676,2.005414619472355,59.31588423508618,0,0,0,0,,
HBAR,2026-07-12T11:27:45.558Z,2026-07-12T11:27:45.558298Z,2026-07-12T13:27:45.558298Z,7337.597343,7,0.067835,1.4741652539243935,4.861111111111092,0.46,94.01408450704226,1.4741652539243935,67.08297903284652,14,7,6,1,0.2857,False
LDO,2026-07-12T11:27:53.227Z,2026-07-12T11:27:53.227636Z,2026-07-12T13:27:53.227636Z,7329.928005,7,0.3075,6.50406504064969,8.555627846454128,0.294,88.73239436619718,6.50406504064969,61.62492030204965,3,3,0,0,1.0,False
LINK,2026-07-12T11:27:58.412Z,2026-07-12T11:27:58.413110Z,2026-07-12T13:27:58.413110Z,7324.742531,7,8.0495,1.2423131871559998,3.277666999003001,0.488,92.25352112676056,1.2423131871559998,62.85655562233057,8,6,1,1,0.75,False
NEAR,2026-07-12T11:28:08.464Z,2026-07-12T11:28:08.464329Z,2026-07-12T13:28:08.464329Z,7314.691312,7,1.8925,5.284015852048147,3.5125066524747237,-0.792,92.95774647887323,5.284015852048147,64.51771086023346,5,3,1,1,0.6,False
PENGU,2026-07-12T11:28:13.793Z,2026-07-12T11:28:13.794091Z,2026-07-12T13:28:13.794091Z,7309.36155,7,0.0060715000000000005,1.6470394465949645,5.366578599735796,-2.212,89.78873239436619,1.6470394465949645,46.444459753445074,29,22,6,1,1.0,False
PEPE,2026-07-12T11:28:20.785Z,2026-07-12T11:28:20.785555Z,2026-07-12T13:28:20.785555Z,7302.370086,7,2.775e-06,36.03603603603569,5.882352941176461,-1.805,91.90140845070422,36.03603603603569,63.43556848720782,34,31,1,2,0.7353,False
SUI,2026-07-12T11:28:30.789Z,2026-07-12T11:28:30.789571Z,2026-07-12T13:28:30.789571Z,7292.36607,7,0.74355,1.3448994687645615,3.932963914042425,-0.014,97.88732394366197,1.3448994687645615,59.86044386887399,5,3,0,2,0.6,False
TAO,2026-07-12T11:28:42.908Z,2026-07-12T11:28:42.908629Z,2026-07-12T13:28:42.908629Z,7280.247012,7,211.25,4.733727810651964,4.859456884230581,-1.27,92.6056338028169,4.733727810651964,70.2932221830297,19,13,5,1,0.8947,False
TRX,2026-07-12T11:28:57.667Z,2026-07-12T11:28:57.668177Z,2026-07-12T13:28:57.668177Z,7265.487464,7,0.33155,3.0161363293617547,0.6658595641646595,0.304,90.84507042253522,3.0161363293617547,71.57275411267145,23,15,8,0,0.7391,False
UNI,2026-07-12T11:29:07.315Z,2026-07-12T11:29:07.315260Z,2026-07-12T13:29:07.315260Z,7255.840381,7,3.6414999999999997,2.7461211039403812,7.666666666666673,0.643,94.71830985915493,2.7461211039403812,48.32780305947553,23,13,9,1,0.5652,False
USD1,2026-07-12T11:29:11.128Z,2026-07-12T11:29:11.128687Z,2026-07-12T13:29:11.128687Z,7252.026954,7,0.99935,1.0006504227746935,0.04002801961373631,0.01,99.29577464788733,1.0006504227746935,66.50916756467078,0,0,0,0,,
VANRY,2026-07-12T11:29:16.926Z,2026-07-12T11:29:16.926994Z,2026-07-12T13:29:16.926994Z,7246.228647,7,0.0066475,64.68597216998818,27.429906542056067,9.202,90.14084507042253,64.68597216998818,71.63222382501893,3,3,0,0,1.0,False
VIRTUAL,2026-07-12T11:29:23.095Z,2026-07-12T11:29:23.095732Z,2026-07-12T13:29:23.095732Z,7240.059909,7,0.59745,5.021340697965804,6.157920874027481,-2.122,90.49295774647888,5.021340697965804,70.4681522911667,3,3,0,0,1.0,False
WLD,2026-07-12T11:29:28.262Z,2026-07-12T11:29:28.263071Z,2026-07-12T13:29:28.263071Z,7234.89257,7,0.42215,2.3688262465958663,6.108706108706103,4.762,95.77464788732394,2.3688262465958663,66.55082563975189,12,8,1,3,0.6667,False
XAI,2026-07-12T11:29:35.857Z,2026-07-12T11:29:35.857325Z,2026-07-12T13:29:35.857325Z,7227.298316,7,0.00706,56.657223796034145,4.267425320056898,-0.142,1.408450704225352,56.657223796034145,42.4604593892459,0,0,0,0,,
XPL,2026-07-12T11:29:45.780Z,2026-07-12T11:29:45.781071Z,2026-07-12T13:29:45.781071Z,7217.37457,7,0.09214,4.341219882788392,6.252042261191586,1.001,88.38028169014085,4.341219882788392,57.14863525165925,0,0,0,0,,
ZEC,2026-07-12T11:29:55.413Z,2026-07-12T11:29:55.413576Z,2026-07-12T13:29:55.413576Z,7207.742065,7,530.46,3.3932813030190774,6.499040307101741,3.517,97.53521126760563,3.3932813030190774,54.17857737313474,24,14,9,1,0.75,False
ASTER,2026-07-12T11:35:30.108Z,2026-07-12T11:35:30.109143Z,2026-07-12T13:35:30.109143Z,7473.813282,7,0.6255,15.987210231814563,3.3816425120772977,-1.115,86.26760563380282,15.987210231814563,54.24909279022004,6,4,2,0,0.3333,False
JUP,2026-07-12T11:35:36.147Z,2026-07-12T11:35:36.147320Z,2026-07-12T13:35:36.147320Z,7467.775105,7,0.20205,4.949269982677009,6.646825396825394,-2.373,86.61971830985915,4.949269982677009,69.42620463815571,34,29,5,0,1.0,False
MMT,2026-07-12T11:35:41.278Z,2026-07-12T11:35:41.278283Z,2026-07-12T13:35:41.278283Z,7462.644142,7,0.17715,5.644933672028731,15.711009174311915,-8.451,86.97183098591549,5.644933672028731,54.14133782003882,1,0,1,0,1.0,False
1MBABYDOGE,2026-07-12T11:41:21.330Z,2026-07-12T11:41:21.331135Z,2026-07-12T13:41:21.331135Z,7724.28944,7,0.00032054999999999996,15.598190609889635,12.007563819728965,-1.612,77.11267605633803,15.598190609889635,52.68173855417006,0,0,0,0,,
ALGO,2026-07-12T11:41:27.243Z,2026-07-12T11:41:27.243475Z,2026-07-12T13:41:27.243475Z,7718.3771,7,0.08405,11.89767995240797,4.64839094159714,-2.442,76.7605633802817,11.89767995240797,61.580203905412446,4,3,0,1,0.5,False
ALLO,2026-07-12T11:41:32.745Z,2026-07-12T11:41:32.746392Z,2026-07-12T13:41:32.746392Z,7712.874183,7,0.36665000000000003,8.182190099550592,18.467194570135735,-9.934,85.91549295774648,8.182190099550592,59.411883336933975,62,2,60,0,-0.3065,False
APT,2026-07-12T11:41:37.661Z,2026-07-12T11:41:37.661465Z,2026-07-12T13:41:37.661465Z,7707.95911,7,0.6205,16.116035455278013,4.669887278582935,-2.05,84.50704225352112,16.116035455278013,46.95111660048582,31,10,20,1,0.871,False
BONK,2026-07-12T11:41:44.528Z,2026-07-12T11:41:44.528952Z,2026-07-12T13:41:44.528952Z,7701.091623,7,4.015e-06,24.906600249065768,5.5000000000000115,-1.961,82.04225352112677,24.906600249065768,65.88412315571762,31,24,6,1,1.0,False
CHZ,2026-07-12T11:41:49.556Z,2026-07-12T11:41:49.556780Z,2026-07-12T13:41:49.556780Z,7696.063795,7,0.017255,5.795421616922395,5.9405940594059405,-0.751,77.46478873239437,5.795421616922395,47.397895518751135,3,1,2,0,0.0,False
EGLD,2026-07-12T11:42:08.657Z,2026-07-12T11:42:08.657904Z,2026-07-12T13:42:08.657904Z,7676.962671,7,3.0949999999999998,32.310177705978134,9.477124183006538,8.127,72.1830985915493,32.310177705978134,67.90233121688897,9,5,1,3,0.3333,False
EIGEN,2026-07-12T11:42:15.459Z,2026-07-12T11:42:15.459803Z,2026-07-12T13:42:15.459803Z,7670.160772,7,0.2311,8.65426222414444,8.712446351931323,-0.257,75.0,8.65426222414444,70.44890560548039,2,1,1,0,1.0,False
EPIC,2026-07-12T11:42:20.902Z,2026-07-12T11:42:20.902580Z,2026-07-12T13:42:20.902580Z,7664.717995,7,0.3885,25.74002574002576,10.824742268041247,1.042,78.87323943661971,25.74002574002576,76.43160286410732,1,1,0,0,-1.0,False
FET,2026-07-12T11:42:26.734Z,2026-07-12T11:42:26.734782Z,2026-07-12T13:42:26.734782Z,7658.885793,7,0.16005,6.2480474851602,3.8822792736380602,-0.931,78.16901408450704,6.2480474851602,68.93703845734538,7,5,2,0,0.7143,False
JTO,2026-07-12T11:42:56.589Z,2026-07-12T11:42:56.590121Z,2026-07-12T13:42:56.590121Z,7629.030454,7,0.6044,6.6181336863015705,8.64572779466397,-6.268,76.05633802816901,6.6181336863015705,53.448916424157105,5,5,0,0,0.8,False
PENDLE,2026-07-12T11:43:39.928Z,2026-07-12T11:43:39.928658Z,2026-07-12T13:43:39.928658Z,7585.691917,7,1.5234999999999999,6.563833278635458,5.595786701777498,-3.556,84.15492957746478,6.563833278635458,48.49986040644057,0,0,0,0,,
TRUMP,2026-07-12T11:44:24.601Z,2026-07-12T11:44:24.601469Z,2026-07-12T13:44:24.601469Z,7541.019106,7,1.5665,6.38365783593929,5.721551176096622,-2.298,82.3943661971831,6.38365783593929,66.57096203333401,14,8,5,1,0.5714,False
WLFI,2026-07-12T11:44:35.187Z,2026-07-12T11:44:35.188375Z,2026-07-12T13:44:35.188375Z,7530.4322,7,0.05815,17.1969045571802,3.6395147313691463,-0.517,80.28169014084507,17.1969045571802,59.20477558404017,1,1,0,0,1.0,False
ALT,2026-07-12T11:50:29.404Z,2026-07-12T11:50:29.404440Z,2026-07-12T13:50:29.404440Z,7774.571528,7,0.006489999999999999,30.816640986132594,8.860759493670882,-4.387,60.563380281690144,30.816640986132594,48.06468545302752,1,1,0,0,1.0,False
APE,2026-07-12T11:50:36.648Z,2026-07-12T11:50:36.648713Z,2026-07-12T13:50:36.648713Z,7767.327255,7,0.15365,6.508298080053155,4.2207792207792245,-1.219,68.30985915492958,6.508298080053155,49.64039397811756,15,13,2,0,1.0,False
AR,2026-07-12T11:50:44.046Z,2026-07-12T11:50:44.047016Z,2026-07-12T13:50:44.047016Z,7759.928952,7,1.972,10.141987829614614,3.0472320975114298,-1.747,58.45070422535211,10.141987829614614,49.00760603696714,0,0,0,0,,
ATOM,2026-07-12T11:50:50.778Z,2026-07-12T11:50:50.778963Z,2026-07-12T13:50:50.778963Z,7753.197005,7,1.5695000000000001,6.37145587766876,3.260869565217387,-1.944,71.83098591549296,6.37145587766876,54.330416941980566,9,5,4,0,1.0,False
BIO,2026-07-12T11:51:00.277Z,2026-07-12T11:51:00.277902Z,2026-07-12T13:51:00.277902Z,7743.698066,7,0.028569999999999998,7.000350017501805,4.7271463329857495,1.232,65.49295774647888,7.000350017501805,70.63327888362477,0,0,0,0,,
CAKE,2026-07-12T11:51:05.990Z,2026-07-12T11:51:05.991078Z,2026-07-12T13:51:05.991078Z,7737.98489,7,1.4264999999999999,7.010164738872149,4.190340909090921,-1.054,71.47887323943662,7.010164738872149,62.01494691999662,6,3,2,1,1.0,False
CFX,2026-07-12T11:51:12.829Z,2026-07-12T11:51:12.829750Z,2026-07-12T13:51:12.829750Z,7731.146218,7,0.04357,4.590314436538716,5.307904411764705,0.555,60.2112676056338,4.590314436538716,64.76382087728574,1,1,0,0,1.0,False
ENSO,2026-07-12T11:51:19.993Z,2026-07-12T11:51:19.994143Z,2026-07-12T13:51:19.994143Z,7723.981825,7,0.717,27.894002789400304,7.5104311543810764,3.156,61.971830985915496,27.894002789400304,72.10095512722214,0,0,0,0,,
ETHFI,2026-07-12T11:51:25.533Z,2026-07-12T11:51:25.533432Z,2026-07-12T13:51:25.533432Z,7718.442536,7,0.4315,23.174971031286233,6.864988558352408,6.068,69.71830985915493,23.174971031286233,67.5631599005593,5,3,2,0,1.0,False
FIL,2026-07-12T11:51:32.816Z,2026-07-12T11:51:32.816224Z,2026-07-12T13:51:32.816224Z,7711.159744,7,0.7805,12.812299807815515,4.076433121019112,-0.254,64.08450704225352,12.812299807815515,69.95422285514441,22,6,16,0,1.0,False
GIGGLE,2026-07-12T11:51:37.626Z,2026-07-12T11:51:37.626833Z,2026-07-12T13:51:37.626833Z,7706.349135,7,27.060000000000002,7.39098300073894,7.801676995989794,6.112,58.098591549295776,7.39098300073894,73.02745400766909,2,1,1,0,1.0,False
IOTA,2026-07-12T11:51:44.365Z,2026-07-12T11:51:44.365673Z,2026-07-12T13:51:44.365673Z,7699.610295,7,0.038849999999999996,25.740025740024695,6.282722513089004,-4.738,63.732394366197184,25.740025740024695,59.45074902927397,4,2,2,0,1.0,False
OP,2026-07-12T11:52:12.821Z,2026-07-12T11:52:12.821406Z,2026-07-12T13:52:12.821406Z,7671.154562,7,0.10189999999999999,19.627085377820595,6.9744597249508935,-2.397,70.77464788732394,19.627085377820595,58.243598744007414,60,25,28,7,0.25,False
ORDI,2026-07-12T11:52:18.222Z,2026-07-12T11:52:18.222211Z,2026-07-12T13:52:18.222211Z,7665.753757,7,3.5255,8.509431286342686,7.001743172574075,-1.347,67.95774647887323,8.509431286342686,62.98629134015116,8,7,0,1,-0.25,False
S,2026-07-12T11:52:49.567Z,2026-07-12T11:52:49.567252Z,2026-07-12T13:52:49.567252Z,7634.408716,7,0.02558,7.818608287725824,4.953560371517027,-3.33,66.19718309859155,7.818608287725824,53.92785849884218,0,0,0,0,,
SNX,2026-07-12T11:52:58.745Z,2026-07-12T11:52:58.745643Z,2026-07-12T13:52:58.745643Z,7625.230325,7,0.2355,42.46284501061575,10.593220338983048,1.288,66.54929577464789,42.46284501061575,55.01192240691825,0,0,0,0,,
STRK,2026-07-12T11:53:05.980Z,2026-07-12T11:53:05.980845Z,2026-07-12T13:53:05.980845Z,7617.995123,7,0.030350000000000002,32.948929159802105,4.590163934426236,-1.294,69.01408450704226,32.948929159802105,62.57224818247396,4,3,1,0,1.0,False
STX,2026-07-12T11:53:12.839Z,2026-07-12T11:53:12.840160Z,2026-07-12T13:53:12.840160Z,7611.135808,7,0.17504999999999998,5.712653527564511,4.846066134549605,0.631,58.80281690140845,5.712653527564511,73.28918256919997,3,2,1,0,1.0,False
TRB,2026-07-12T11:53:23.832Z,2026-07-12T11:53:23.832418Z,2026-07-12T13:53:23.832418Z,7600.14355,7,15.05,13.289036544851395,6.428098078197486,-2.708,63.028169014084504,13.289036544851395,64.80406714135736,0,0,0,0,,
W,2026-07-12T11:53:45.074Z,2026-07-12T11:53:45.074269Z,2026-07-12T13:53:45.074269Z,7578.901699,7,0.009675,10.335917312661078,8.978328173374623,-2.613,59.859154929577464,10.335917312661078,61.3316784021743,2,1,0,1,0.0,False
XTZ,2026-07-12T11:53:57.158Z,2026-07-12T11:53:57.159164Z,2026-07-12T13:53:57.159164Z,7566.816804,7,0.22825,4.381161007667765,4.459991254919115,-2.722,67.25352112676056,4.381161007667765,48.53242542543247,15,7,8,0,0.6,False
BANANAS31,2026-07-12T11:59:53.120Z,2026-07-12T11:59:53.120630Z,2026-07-12T13:59:53.120630Z,7210.855338,7,0.007677,13.025921583951533,4.716123164869413,-1.485,49.647887323943664,13.025921583951533,60.02757051877799,0,0,0,0,,
BERA,2026-07-12T12:00:00.186Z,2026-07-12T12:00:00.186829Z,2026-07-12T14:00:00.186829Z,7203.789139,7,0.1935,51.67958656330754,4.615384615384619,-2.5,50.70422535211268,51.67958656330754,55.93405529963795,0,0,0,0,,
CYBER,2026-07-12T12:00:20.051Z,2026-07-12T12:00:20.051712Z,2026-07-12T14:00:20.051712Z,7783.335965,7,0.361,55.40166204986155,8.63874345549739,8.215,52.816901408450704,55.40166204986155,76.36402927469007,0,0,0,0,,
DASH,2026-07-12T12:00:27.524Z,2026-07-12T12:00:27.524404Z,2026-07-12T14:00:27.524404Z,7775.863273,7,34.635,8.661758336942729,4.862518089725035,-0.145,55.28169014084507,8.661758336942729,69.76695192128894,1,1,0,0,1.0,False
KITE,2026-07-12T12:01:25.242Z,2026-07-12T12:01:25.242710Z,2026-07-12T14:01:25.242710Z,7718.144967,7,0.1144,17.482517482517984,6.178287731685796,-4.307,54.57746478873239,17.482517482517984,57.57047805358527,0,0,0,0,,
MANTA,2026-07-12T12:01:38.680Z,2026-07-12T12:01:38.681096Z,2026-07-12T14:01:38.681096Z,7704.706581,7,0.05779,6.921612735767152,7.081471295977996,-0.034,46.12676056338028,6.921612735767152,70.33860119833213,2,1,0,1,1.0,False
RSR,2026-07-12T12:02:19.087Z,2026-07-12T12:02:19.087795Z,2026-07-12T14:02:19.087795Z,7664.299882,7,0.0012425000000000001,8.048289738429906,5.680000000000008,-2.496,45.774647887323944,8.048289738429906,50.44417922208229,0,0,0,0,,
SAGA,2026-07-12T12:02:26.265Z,2026-07-12T12:02:26.265998Z,2026-07-12T14:02:26.265998Z,7657.121679,7,0.012805,7.809449433814597,5.603112840466927,-1.154,51.056338028169016,7.809449433814597,66.11309426002245,1,1,0,0,1.0,False
SAPIEN,2026-07-12T12:02:31.305Z,2026-07-12T12:02:31.305452Z,2026-07-12T14:02:31.305452Z,7652.082225,7,0.07835,12.763241863433677,8.516129032258057,0.259,45.070422535211264,12.763241863433677,56.57781749088828,3,2,1,0,1.0,False
SKL,2026-07-12T12:02:44.440Z,2026-07-12T12:02:44.440305Z,2026-07-12T14:02:44.440305Z,7638.947372,7,0.004565,65.7174151150047,9.071274298056162,-5.703,57.04225352112676,65.7174151150047,57.019016084638324,31,30,0,1,1.0,False
TST,2026-07-12T12:03:00.252Z,2026-07-12T12:03:00.252827Z,2026-07-12T14:03:00.252827Z,7623.13485,7,0.01051,19.02949571836269,9.818875119161104,1.647,52.11267605633803,19.02949571836269,66.68535293872561,0,0,0,0,,
UMA,2026-07-12T12:03:07.809Z,2026-07-12T12:03:07.810248Z,2026-07-12T14:03:07.810248Z,7615.577429,7,0.3755,26.631158455392832,15.526315789473683,0.264,48.59154929577465,26.631158455392832,45.44352595381737,0,0,0,0,,
HEI,2026-07-12T12:10:03.290Z,2026-07-12T12:10:03.290823Z,2026-07-12T14:10:03.290823Z,7200.096854,7,0.10880000000000001,18.38235294117572,5.821596244131453,1.914,30.281690140845072,18.38235294117572,69.01307059981315,0,0,0,0,,
LA,2026-07-12T12:10:29.188Z,2026-07-12T12:10:29.188918Z,2026-07-12T14:10:29.188918Z,7773.994636,7,0.05835,51.413881748072264,10.455311973018556,-0.67,37.32394366197183,51.413881748072264,59.23344689559275,0,0,0,0,,
MET,2026-07-12T12:10:53.399Z,2026-07-12T12:10:53.399877Z,2026-07-12T14:10:53.399877Z,7749.783677,7,0.15045,19.940179461616648,5.423280423280432,-2.828,30.985915492957748,19.940179461616648,56.386501426383404,2,2,0,0,1.0,False
MOVE,2026-07-12T12:11:04.297Z,2026-07-12T12:11:04.297524Z,2026-07-12T14:11:04.297524Z,7738.88603,7,0.01105,90.4977375565621,4.504504504504508,-1.77,30.633802816901408,90.4977375565621,56.86962626783638,0,0,0,0,,
NEO,2026-07-12T12:11:18.051Z,2026-07-12T12:11:18.051260Z,2026-07-12T14:11:18.051260Z,7725.132294,7,1.9615,5.0981391791990305,2.9352226720647687,0.051,40.84507042253521,5.0981391791990305,69.0902238524963,0,0,0,0,,
OSMO,2026-07-12T12:11:28.033Z,2026-07-12T12:11:28.033795Z,2026-07-12T14:11:28.033795Z,7715.149759,7,0.03495,28.6123032904157,8.022922636103162,-1.412,41.19718309859155,28.6123032904157,62.31349776595209,0,0,0,0,,
QNT,2026-07-12T12:11:40.378Z,2026-07-12T12:11:40.378421Z,2026-07-12T14:11:40.378421Z,7702.805133,7,65.875,10.626185958253233,2.6948842874543177,-2.32,31.338028169014084,10.626185958253233,44.57023690086638,63,5,55,3,0.0317,False
RAY,2026-07-12T12:11:46.159Z,2026-07-12T12:11:46.160000Z,2026-07-12T14:11:46.160000Z,7697.023554,7,0.6823,5.8625238165023585,5.194996320824135,-2.804,41.901408450704224,5.8625238165023585,65.07202088717236,6,4,2,0,0.6667,False
RED,2026-07-12T12:11:51.229Z,2026-07-12T12:11:51.229592Z,2026-07-12T14:11:51.229592Z,7691.953962,7,0.1147,17.436791630340515,8.841732979664009,2.725,35.91549295774648,17.436791630340515,59.15479749379716,0,0,0,0,,
SHELL,2026-07-12T12:12:03.168Z,2026-07-12T12:12:03.168851Z,2026-07-12T14:12:03.168851Z,7680.014703,7,0.02105,47.50593824228,6.6350710900473855,-4.091,40.49295774647887,47.50593824228,45.52758713076395,0,0,0,0,,
SIGN,2026-07-12T12:12:08.767Z,2026-07-12T12:12:08.768131Z,2026-07-12T14:12:08.768131Z,7674.415423,7,0.008725,11.461318051575464,5.662514156285396,0.455,32.04225352112676,11.461318051575464,60.97933807970234,0,0,0,0,,
SPK,2026-07-12T12:12:16.105Z,2026-07-12T12:12:16.105708Z,2026-07-12T14:12:16.105708Z,7667.077846,7,0.017027,12.92065542961249,3.831127179427359,-0.793,33.098591549295776,12.92065542961249,64.70390870675413,11,3,5,3,1.0,False
STEEM,2026-07-12T12:12:22.853Z,2026-07-12T12:12:22.853573Z,2026-07-12T14:12:22.853573Z,7660.329981,7,0.040760000000000005,58.88125613346348,11.63245356793744,-0.728,39.7887323943662,58.88125613346348,59.44749410694071,0,0,0,0,,
USUAL,2026-07-12T12:12:39.299Z,2026-07-12T12:12:39.299685Z,2026-07-12T14:12:39.299685Z,7643.883869,7,0.009915,10.085728693897723,8.677685950413212,8.399,42.95774647887324,10.085728693897723,65.83871803576933,2,2,0,0,1.0,False
A,2026-07-12T12:18:23.162Z,2026-07-12T12:18:23.162488Z,2026-07-12T14:18:23.162488Z,7300.021066,7,0.07295,41.124057573679885,5.093833780160855,-2.865,15.845070422535212,41.124057573679885,57.27633902454583,0,0,0,0,,
BEAMX,2026-07-12T12:18:43.042Z,2026-07-12T12:18:43.043106Z,2026-07-12T14:18:43.043106Z,7280.140448,7,0.0016135,6.197706848465546,6.845965770171143,1.112,28.87323943661972,6.197706848465546,61.389456829892644,0,0,0,0,,
BOME,2026-07-12T12:18:54.453Z,2026-07-12T12:18:54.453589Z,2026-07-12T14:18:54.453589Z,7268.729965,7,0.000411,4.866180048661918,5.508164757494518,-1.842,21.830985915492956,4.866180048661918,59.183563151796385,2,2,0,0,1.0,False
EDEN,2026-07-12T12:19:28.554Z,2026-07-12T12:19:28.554371Z,2026-07-12T14:19:28.554371Z,7234.629183,7,0.043415,25.336865138776684,4.372223521159683,0.541,29.577464788732396,25.336865138776684,63.34145749414578,0,0,0,0,,
ENS,2026-07-12T12:19:41.342Z,2026-07-12T12:19:41.342204Z,2026-07-12T14:19:41.342204Z,7221.84135,7,4.125,24.242424242423727,3.381642512077309,-1.193,26.408450704225352,24.242424242423727,61.56376983613135,1,1,0,0,1.0,False
F,2026-07-12T12:19:51.408Z,2026-07-12T12:19:51.409209Z,2026-07-12T14:19:51.409209Z,7211.774345,7,0.0033949999999999996,29.455081001472834,4.9853372434017595,-1.445,29.225352112676056,29.455081001472834,62.00805303504222,0,0,0,0,,
FLUX,2026-07-12T12:20:01.410Z,2026-07-12T12:20:01.410365Z,2026-07-12T14:20:01.410365Z,7201.773189,7,0.04435,22.54791431792624,9.192825112107622,-0.889,22.535211267605632,22.54791431792624,56.423471832305026,0,0,0,0,,
GPS,2026-07-12T12:20:16.871Z,2026-07-12T12:20:16.872034Z,2026-07-12T14:20:16.872034Z,7786.684892,7,0.010365,9.647853352630321,5.528612997090214,0.0,20.070422535211268,9.647853352630321,68.48936231038049,0,0,0,0,,
HIVE,2026-07-12T12:20:23.982Z,2026-07-12T12:20:23.983082Z,2026-07-12T14:20:23.983082Z,7779.573844,7,0.049199999999999994,40.650406504064804,4.2084168336673295,-0.598,18.309859154929576,40.650406504064804,59.719016522014456,1,1,0,0,1.0,False
NIL,2026-07-12T12:20:46.051Z,2026-07-12T12:20:46.051550Z,2026-07-12T14:20:46.051550Z,7757.505376,7,0.034555,20.25756041093926,3.4542314335060444,-1.419,23.239436619718308,20.25756041093926,61.221290521051145,0,0,0,0,,
PEOPLE,2026-07-12T12:20:58.616Z,2026-07-12T12:20:58.616392Z,2026-07-12T14:20:58.616392Z,7744.940534,7,0.005445,18.36547291092671,5.128205128205126,-1.444,17.95774647887324,18.36547291092671,43.82513650574413,0,0,0,0,,
PIXEL,2026-07-12T12:21:06.187Z,2026-07-12T12:21:06.187609Z,2026-07-12T14:21:06.187609Z,7737.369317,7,0.00469,42.64392324093828,6.7368421052631575,-3.455,17.253521126760564,42.64392324093828,48.23317108860157,36,13,19,4,0.0,False
REZ,2026-07-12T12:21:17.022Z,2026-07-12T12:21:17.022426Z,2026-07-12T14:21:17.022426Z,7726.5345,7,0.0026119999999999997,7.656967840734425,6.042296072507551,-0.861,16.549295774647888,7.656967840734425,69.23313237571479,2,1,1,0,0.0,False
TNSR,2026-07-12T12:21:51.693Z,2026-07-12T12:21:51.694205Z,2026-07-12T14:21:51.694205Z,7691.862721,7,0.03125,32.00000000000092,5.769230769230768,-3.406,22.887323943661972,32.00000000000092,53.263847444804505,0,0,0,0,,
1000CAT,2026-07-12T12:27:43.122Z,2026-07-12T12:27:43.122722Z,2026-07-12T14:27:43.122722Z,7340.434204,7,0.00131,152.67175572519125,4.580152671755737,-1.504,4.577464788732394,152.67175572519125,53.2348545946922,67,13,49,5,0.2985,False
BB,2026-07-12T12:28:24.505Z,2026-07-12T12:28:24.506132Z,2026-07-12T14:28:24.506132Z,7299.050794,7,0.01915,52.21932114882475,3.6458333333333295,0.0,14.43661971830986,52.21932114882475,54.57611390557283,0,0,0,0,,
HAEDAL,2026-07-12T12:29:24.268Z,2026-07-12T12:29:24.268417Z,2026-07-12T14:29:24.268417Z,7239.288509,7,0.016495000000000003,18.187329493785253,3.9156626506024175,-1.132,10.915492957746478,18.187329493785253,59.11316453242258,0,0,0,0,,
KERNEL,2026-07-12T12:29:45.142Z,2026-07-12T12:29:45.142546Z,2026-07-12T14:29:45.142546Z,7218.41438,7,0.04005,24.968789013731815,3.23383084577115,-1.471,15.492957746478874,24.968789013731815,56.40491641759449,0,0,0,0,,
MAGIC,2026-07-12T12:30:05.376Z,2026-07-12T12:30:05.376966Z,2026-07-12T14:30:05.376966Z,7797.874315,7,0.043050000000000005,69.68641114982616,3.91705069124424,-0.686,3.8732394366197185,69.68641114982616,47.33799603500293,67,21,38,8,0.6269,False
ONT,2026-07-12T12:30:34.498Z,2026-07-12T12:30:34.498586Z,2026-07-12T14:30:34.498586Z,7768.752695,7,0.045175,6.6408411732157715,3.223669684257017,-1.458,8.450704225352112,6.6408411732157715,42.00336833427458,0,0,0,0,,
PROVE,2026-07-12T12:30:43.097Z,2026-07-12T12:30:43.097779Z,2026-07-12T14:30:43.097779Z,7760.153502,7,0.2001,9.995002498749523,2.293120638085753,-0.496,5.28169014084507,9.995002498749523,50.236328733561365,0,0,0,0,,
SUSHI,2026-07-12T12:30:55.602Z,2026-07-12T12:30:55.603149Z,2026-07-12T14:30:55.603149Z,7747.648132,7,0.16310000000000002,49.04966278356806,4.948075748320095,-1.8,12.32394366197183,49.04966278356806,56.214043050329586,0,0,0,0,,
VANA,2026-07-12T12:31:06.867Z,2026-07-12T12:31:06.868201Z,2026-07-12T14:31:06.868201Z,7736.38308,7,1.201,16.652789342214835,4.128819157720895,-0.329,15.140845070422536,16.652789342214835,50.911071849339855,0,0,0,0,,
VELODROME,2026-07-12T12:31:14.305Z,2026-07-12T12:31:14.306037Z,2026-07-12T14:31:14.306037Z,7728.945244,7,0.021365,32.76386613620436,4.3457943925233655,-3.08,5.985915492957746,32.76386613620436,42.23466785517929,0,0,0,0,,
YB,2026-07-12T12:31:28.972Z,2026-07-12T12:31:28.972650Z,2026-07-12T14:31:28.972650Z,7714.278631,7,0.0744,26.88172043010643,5.165562913907286,-1.565,11.267605633802816,26.88172043010643,54.59629789984863,1,0,1,0,1.0,False
AAVE,2026-07-12T12:37:15.407Z,2026-07-12T12:37:15.407675Z,2026-07-12T14:37:15.407675Z,7367.843606,7,99.025,3.0295379954558075,5.701394585726007,0.598,96.47887323943662,3.0295379954558075,57.2380801708026,4,3,1,0,1.0,False
ADA,2026-07-12T12:37:20.731Z,2026-07-12T12:37:20.731329Z,2026-07-12T14:37:20.731329Z,7362.519952,7,0.16425,6.08828006088213,7.443563148261129,-2.266,96.83098591549296,6.08828006088213,65.64485274500072,23,11,11,1,0.5652,False
AVAX,2026-07-12T12:37:30.800Z,2026-07-12T12:37:30.800387Z,2026-07-12T14:37:30.800387Z,7352.450894,7,6.4485,1.5507482360230223,7.944948389114795,-4.894,91.54929577464789,1.5507482360230223,50.44836865078137,16,8,6,2,0.625,False
BNB,2026-07-12T12:37:41.089Z,2026-07-12T12:37:41.089552Z,2026-07-12T14:37:41.089552Z,7342.161729,7,580.245,0.17234099389035504,2.2658399804939204,-0.637,98.2394366197183,0.17234099389035504,57.08669145325591,17,14,1,2,0.7647,False
COTI,2026-07-12T12:37:53.804Z,2026-07-12T12:37:53.804366Z,2026-07-12T14:37:53.804366Z,7329.446915,7,0.00805,24.844720496893395,3.7313432835820883,-1.229,0.352112676056338,24.844720496893395,51.7599686101096,1,0,0,1,-1.0,False
ENA,2026-07-12T12:38:08.976Z,2026-07-12T12:38:08.976213Z,2026-07-12T14:38:08.976213Z,7314.275068,7,0.08115,12.322858903264201,6.134969325153363,-0.731,93.30985915492958,12.322858903264201,62.78826979074531,13,9,3,1,0.8462,False
LTC,2026-07-12T12:38:37.988Z,2026-07-12T12:38:37.988762Z,2026-07-12T14:38:37.988762Z,7285.262519,7,44.575,2.2434099831739784,2.765287769784182,-1.375,89.08450704225352,2.2434099831739784,52.139594108158875,21,16,5,0,0.9048,False
SOL,2026-07-12T12:38:55.482Z,2026-07-12T12:38:55.483122Z,2026-07-12T14:38:55.483122Z,7267.768159,7,77.13499999999999,1.296428339924174,4.226454474302125,-1.756,98.94366197183099,1.296428339924174,59.12267134765297,31,15,11,5,0.7097,False
SYN,2026-07-12T12:39:05.159Z,2026-07-12T12:39:05.159688Z,2026-07-12T14:39:05.159688Z,7258.091593,7,0.323445,4.019230471950996,13.003897211058343,5.111,89.43661971830986,4.019230471950996,65.17430183374886,4,1,3,0,1.0,False
TLM,2026-07-12T12:39:15.666Z,2026-07-12T12:39:15.666980Z,2026-07-12T14:39:15.666980Z,7247.584301,7,0.00197,20.304568527917073,21.9443133553563,11.762,88.02816901408451,20.304568527917073,62.68049664000197,3,2,0,1,1.0,False
TREE,2026-07-12T12:39:23.795Z,2026-07-12T12:39:23.796100Z,2026-07-12T14:39:23.796100Z,7239.455181,7,0.04445,22.497187851517644,8.277404921700228,2.055,87.67605633802818,22.497187851517644,67.28908726582026,1,1,0,0,1.0,False
XRP,2026-07-12T12:40:14.328Z,2026-07-12T12:40:14.328713Z,2026-07-12T14:40:14.328713Z,7788.802959,7,1.10135,0.9079765742042856,2.9610674465362807,-1.352,98.59154929577464,0.9079765742042856,44.70653319076089,42,20,16,6,0.5238,False
SXT,2026-07-12T12:46:07.443Z,2026-07-12T12:46:07.443386Z,2026-07-12T14:46:07.443386Z,7435.688286,7,0.009125000000000001,32.87671232876768,41.51150054764513,25.412,87.32394366197182,32.87671232876768,69.36653331565759,2,1,0,1,0.5,False
CRV,2026-07-12T12:52:09.329Z,2026-07-12T12:52:09.329322Z,2026-07-12T14:52:09.329322Z,7674.943231,7,0.20635,4.846135207171746,6.511175898931011,-0.049,84.85915492957747,4.846135207171746,59.30568533008748,1,1,0,0,1.0,False
DOT,2026-07-12T12:52:15.554Z,2026-07-12T12:52:15.554499Z,2026-07-12T14:52:15.554499Z,7668.718054,7,0.8454999999999999,11.827321111768196,5.200945626477546,-3.864,80.63380281690141,11.827321111768196,59.00097977036197,5,2,3,0,0.2,False
DYDX,2026-07-12T12:52:21.186Z,2026-07-12T12:52:21.187116Z,2026-07-12T14:52:21.187116Z,7663.085437,7,0.13399,8.95589223076416,4.835648675320742,2.307,72.88732394366197,8.95589223076416,64.00935764656246,1,1,0,0,1.0,False
GALA,2026-07-12T12:52:49.883Z,2026-07-12T12:52:49.883367Z,2026-07-12T14:52:49.883367Z,7634.389186,7,0.0020845,4.797313504438152,3.3745247148288913,-1.035,74.29577464788733,4.797313504438152,50.95323248882581,1,0,1,0,1.0,False
HMSTR,2026-07-12T12:53:00.759Z,2026-07-12T12:53:00.760041Z,2026-07-12T14:53:00.760041Z,7623.512512,7,0.00021375000000000002,23.391812865496373,19.255267025967665,-13.149,81.69014084507042,23.391812865496373,52.557672447026796,1,1,0,0,1.0,False
ICP,2026-07-12T12:53:07.094Z,2026-07-12T12:53:07.094334Z,2026-07-12T14:53:07.094334Z,7617.178219,7,2.2554999999999996,4.433606739081756,3.4635879218472603,-1.228,83.09859154929578,4.433606739081756,67.3883687000509,7,5,1,1,-0.1429,False
INJ,2026-07-12T12:53:13.330Z,2026-07-12T12:53:13.330494Z,2026-07-12T14:53:13.330494Z,7610.942059,7,4.903499999999999,2.0393596410733847,4.920049200492009,-3.635,83.45070422535211,2.0393596410733847,36.75932903942214,11,6,3,2,0.5455,False
KAITO,2026-07-12T12:53:25.199Z,2026-07-12T12:53:25.199653Z,2026-07-12T14:53:25.199653Z,7599.0729,7,0.6615500000000001,19.650820043835953,7.364105678712418,2.061,77.8169014084507,19.650820043835953,52.696595709811035,1,1,0,0,1.0,False
MORPHO,2026-07-12T12:53:38.281Z,2026-07-12T12:53:38.282031Z,2026-07-12T14:53:38.282031Z,7585.990522,7,2.0054999999999996,4.9862877088002495,13.704819277108419,-5.682,79.22535211267606,4.9862877088002495,56.50239004128971,2,2,0,0,1.0,False
ONDO,2026-07-12T12:53:43.936Z,2026-07-12T12:53:43.936167Z,2026-07-12T14:53:43.936167Z,7580.336386,7,0.328,6.097560975609084,4.575960951799883,-1.384,85.56338028169014,6.097560975609084,60.3319540747179,9,4,4,1,0.7778,False
PARTI,2026-07-12T12:54:00.124Z,2026-07-12T12:54:00.124272Z,2026-07-12T14:54:00.124272Z,7564.148281,7,0.032600000000000004,61.34969325153336,28.173374613003105,-14.324,80.98591549295774,61.34969325153336,53.26529627214039,2,1,1,0,0.0,False
PUMP,2026-07-12T12:54:09.595Z,2026-07-12T12:54:09.595989Z,2026-07-12T14:54:09.595989Z,7554.676564,7,0.0014364999999999998,6.961364427427191,6.290207290922085,-2.441,78.52112676056338,6.961364427427191,64.3503642650901,52,49,2,1,0.7308,False
PYTH,2026-07-12T12:54:17.812Z,2026-07-12T12:54:17.812855Z,2026-07-12T14:54:17.812855Z,7546.459698,7,0.04758,12.610340479192423,7.679217187832366,-1.177,75.35211267605634,12.610340479192423,40.077829026200725,2,2,0,0,1.0,False
RUNE,2026-07-12T12:54:30.142Z,2026-07-12T12:54:30.143027Z,2026-07-12T14:54:30.143027Z,7534.129526,7,0.4055,24.66091245376081,2.4752475247524637,0.248,73.59154929577464,24.66091245376081,57.27868198627488,2,2,0,0,1.0,False
SEI,2026-07-12T12:54:36.620Z,2026-07-12T12:54:36.620989Z,2026-07-12T14:54:36.620989Z,7527.651564,7,0.04922,4.0633888663157505,4.439489154672608,-0.944,76.40845070422536,4.0633888663157505,44.15173762807625,3,2,1,0,0.3333,False
SHIB,2026-07-12T12:54:43.202Z,2026-07-12T12:54:43.203171Z,2026-07-12T14:54:43.203171Z,7521.069382,7,4.305e-06,23.22880371660837,3.9627039627039644,-2.278,73.2394366197183,23.22880371660837,43.55903389134988,16,7,9,0,0.8125,False
SYRUP,2026-07-12T12:54:49.066Z,2026-07-12T12:54:49.067043Z,2026-07-12T14:54:49.067043Z,7515.20551,7,0.1913,10.454783063250286,5.549738219895287,-0.934,82.74647887323944,10.454783063250286,48.03062008117782,1,0,0,1,1.0,False
TIA,2026-07-12T12:54:54.591Z,2026-07-12T12:54:54.592006Z,2026-07-12T14:54:54.592006Z,7509.680547,7,0.404,4.950495049505779,6.1561191824673775,0.545,81.33802816901408,4.950495049505779,63.36000209153366,4,2,2,0,-0.25,False
WIF,2026-07-12T12:55:05.271Z,2026-07-12T12:55:05.272047Z,2026-07-12T14:55:05.272047Z,7499.000506,7,0.15075,6.633499170811873,4.587765957446802,-1.312,79.5774647887324,6.633499170811873,61.060811269261094,26,16,9,1,0.7692,False
ZK,2026-07-12T12:55:17.440Z,2026-07-12T12:55:17.440891Z,2026-07-12T14:55:17.440891Z,7486.831662,7,0.010535,9.492168960608758,3.816793893129781,-1.964,73.94366197183099,9.492168960608758,64.12849772778188,0,0,0,0,,
ZRO,2026-07-12T12:55:23.237Z,2026-07-12T12:55:23.237962Z,2026-07-12T14:55:23.237962Z,7481.034591,7,0.8825000000000001,11.331444759206809,6.659142212189622,-3.905,85.21126760563381,11.331444759206809,50.11191933957406,2,1,1,0,1.0,False
0G,2026-07-12T13:00:57.717Z,2026-07-12T13:00:57.717703Z,2026-07-12T15:00:57.717703Z,7746.642573,7,0.1845,54.200542005420104,4.761904761904765,-2.073,63.38028169014085,54.200542005420104,61.307508534688424,0,0,0,0,,
BANK,2026-07-12T13:01:30.847Z,2026-07-12T13:01:30.847923Z,2026-07-12T15:01:30.847923Z,7713.512353,7,0.0417,47.961630695443354,17.64705882352941,16.12,67.6056338028169,47.961630695443354,80.18246256146274,0,0,0,0,,
KMNO,2026-07-12T13:02:16.714Z,2026-07-12T13:02:16.714446Z,2026-07-12T15:02:16.714446Z,7667.64583,7,0.018685,5.351886540005133,4.872881355932207,0.0,65.14084507042253,5.351886540005133,49.072957611519314,8,6,2,0,1.0,False
MEME,2026-07-12T13:02:21.909Z,2026-07-12T13:02:21.909974Z,2026-07-12T15:02:21.909974Z,7662.450302,7,0.0005575,17.93721973094214,8.48375451263537,-2.12,61.267605633802816,17.93721973094214,62.89305276723205,58,39,13,6,0.7069,False
MITO,2026-07-12T13:02:29.653Z,2026-07-12T13:02:29.653748Z,2026-07-12T15:02:29.653748Z,7654.706528,7,0.021265,23.512814483894395,16.31799163179916,-0.186,62.67605633802817,23.512814483894395,41.03945674360204,1,1,0,0,1.0,False
NEIRO,2026-07-12T13:02:37.415Z,2026-07-12T13:02:37.415701Z,2026-07-12T15:02:37.415701Z,7646.944575,7,6.2035e-05,11.283952607397577,7.1891191709844415,-3.711,59.15492957746479,11.283952607397577,59.96460669487667,3,3,0,0,1.0,False
PAXG,2026-07-12T13:02:53.136Z,2026-07-12T13:02:53.136650Z,2026-07-12T15:02:53.136650Z,7631.223626,7,4097.015,0.02440801412789135,0.3642094118737706,-0.296,66.90140845070422,0.02440801412789135,58.60277840632017,1,1,0,0,1.0,False
POL,2026-07-12T13:02:58.209Z,2026-07-12T13:02:58.210068Z,2026-07-12T15:02:58.210068Z,7626.150208,7,0.079775,3.76057662174895,2.2623862487360973,-1.371,71.12676056338029,3.76057662174895,56.4132728139009,10,4,4,2,0.2,False
RENDER,2026-07-12T13:03:05.380Z,2026-07-12T13:03:05.381036Z,2026-07-12T15:03:05.381036Z,7618.97924,7,1.5554999999999999,6.428801028608884,4.069767441860462,-1.464,65.84507042253522,6.428801028608884,55.73844207655937,1,1,0,0,1.0,False
RESOLV,2026-07-12T13:03:13.429Z,2026-07-12T13:03:13.429289Z,2026-07-12T15:03:13.429289Z,7610.930987,7,0.02085,47.961630695443354,7.035175879396976,3.646,59.50704225352113,47.961630695443354,69.42371072295164,0,0,0,0,,
SKY,2026-07-12T13:03:31.136Z,2026-07-12T13:03:31.136368Z,2026-07-12T15:03:31.136368Z,7593.223908,7,0.06147,6.507239303726258,8.640776699029121,2.983,70.4225352112676,6.507239303726258,52.82233753272584,64,15,44,5,-0.4375,False
THETA,2026-07-12T13:03:53.121Z,2026-07-12T13:03:53.121737Z,2026-07-12T15:03:53.121737Z,7571.238539,7,0.14984999999999998,20.02002002001967,9.19387075283145,1.625,60.91549295774648,20.02002002001967,52.6535328978055,0,0,0,0,,
TURBO,2026-07-12T13:04:04.368Z,2026-07-12T13:04:04.368923Z,2026-07-12T15:04:04.368923Z,7559.991353,7,0.0008485000000000001,11.78550383028903,12.160566706021253,-1.626,61.61971830985915,11.78550383028903,59.779226460744844,1,1,0,0,1.0,False
TUT,2026-07-12T13:04:09.599Z,2026-07-12T13:04:09.599398Z,2026-07-12T15:04:09.599398Z,7554.760878,7,0.01235,48.58299595141783,13.918806959403488,-4.509,68.66197183098592,48.58299595141783,49.70269936413637,1,1,0,0,1.0,False
USDE,2026-07-12T13:04:15.365Z,2026-07-12T13:04:15.365231Z,2026-07-12T15:04:15.365231Z,7548.995045,7,1.0000499999999999,0.999950002499765,0.1299870012998779,0.03,70.07042253521126,0.999950002499765,56.436872090639255,1,1,0,0,1.0,False
2Z,2026-07-12T13:10:23.710Z,2026-07-12T13:10:23.710642Z,2026-07-12T15:10:23.710642Z,7780.687951,7,0.075045,17.32293956959041,5.011293054771312,-0.338,55.985915492957744,17.32293956959041,64.23119820170173,0,0,0,0,,
AVNT,2026-07-12T13:10:31.247Z,2026-07-12T13:10:31.248267Z,2026-07-12T15:10:31.248267Z,7773.150326,7,0.09665,10.34661148473761,6.4583333333333455,-1.941,52.816901408450704,10.34661148473761,57.918557436970616,0,0,0,0,,
BROCCOLI714,2026-07-12T13:10:48.789Z,2026-07-12T13:10:48.790146Z,2026-07-12T15:10:48.790146Z,7755.608447,7,0.012785000000000001,23.464998044583893,7.4102964118564705,-2.658,51.76056338028169,23.464998044583893,62.00667850133546,0,0,0,0,,
DOGS,2026-07-12T13:11:06.757Z,2026-07-12T13:11:06.757849Z,2026-07-12T15:11:06.757849Z,7737.640744,7,3.894e-05,10.272213662044072,6.7438867438867405,-1.844,54.225352112676056,10.272213662044072,54.2001506616556,0,0,0,0,,
FLOKI,2026-07-12T13:11:18.828Z,2026-07-12T13:11:18.829179Z,2026-07-12T15:11:18.829179Z,7725.569414,7,2.2725e-05,4.400440044005104,4.801762114537452,-2.366,49.647887323943664,4.400440044005104,58.00588797753937,2,2,0,0,1.0,False
GRT,2026-07-12T13:11:24.614Z,2026-07-12T13:11:24.614651Z,2026-07-12T15:11:24.614651Z,7719.783942,7,0.017625000000000002,5.673758865247994,4.086265607264463,-2.759,44.71830985915493,5.673758865247994,60.89306049939603,2,2,0,0,1.0,False
GUN,2026-07-12T13:11:31.342Z,2026-07-12T13:11:31.343122Z,2026-07-12T15:11:31.343122Z,7713.055471,7,0.004155,24.067388688326336,5.783132530120497,2.217,46.478873239436616,24.067388688326336,43.43531585711223,1,1,0,0,1.0,False
HEMI,2026-07-12T13:11:39.810Z,2026-07-12T13:11:39.810176Z,2026-07-12T15:11:39.810176Z,7704.588417,7,0.00451,44.3458980044347,5.6947608200455635,-3.516,50.70422535211268,44.3458980044347,58.909401773617134,0,0,0,0,,
HOME,2026-07-12T13:11:45.782Z,2026-07-12T13:11:45.783267Z,2026-07-12T15:11:45.783267Z,7698.615326,7,0.014645,6.828269033799653,7.475994513031556,-5.753,50.352112676056336,6.828269033799653,59.03883348703258,29,19,10,0,0.931,False
HYPER,2026-07-12T13:11:53.178Z,2026-07-12T13:11:53.178369Z,2026-07-12T15:11:53.178369Z,7691.220224,7,0.06855,14.587892049597226,5.4252199413489866,-3.808,54.929577464788736,14.587892049597226,54.555355496169874,2,2,0,0,1.0,False
ORCA,2026-07-12T13:12:23.317Z,2026-07-12T13:12:23.317662Z,2026-07-12T15:12:23.317662Z,7661.080931,7,1.1675,8.565310492504409,5.064377682403447,-2.51,57.04225352112676,8.565310492504409,47.489655995506176,17,13,4,0,1.0,False
PHA,2026-07-12T13:12:28.919Z,2026-07-12T13:12:28.919201Z,2026-07-12T15:12:28.919201Z,7655.479392,7,0.025050000000000003,39.92015968063848,6.800000000000001,-3.101,44.014084507042256,39.92015968063848,58.47661709770578,0,0,0,0,,
PLUME,2026-07-12T13:12:36.563Z,2026-07-12T13:12:36.563950Z,2026-07-12T15:12:36.563950Z,7647.834643,7,0.010185,9.818360333823852,5.649157581764117,-3.629,44.36619718309859,9.818360333823852,56.83700939521879,0,0,0,0,,
PNUT,2026-07-12T13:12:43.658Z,2026-07-12T13:12:43.658646Z,2026-07-12T15:12:43.658646Z,7640.739947,7,0.042749999999999996,23.391812865496128,5.1282051282051295,-1.606,45.774647887323944,23.391812865496128,59.226227020213045,63,25,34,4,0.0635,False
RPL,2026-07-12T13:12:53.168Z,2026-07-12T13:12:53.168682Z,2026-07-12T15:12:53.168682Z,7631.229911,7,1.855,53.908355795148296,9.78260869565217,5.143,56.690140845070424,53.908355795148296,68.82044590473757,2,2,0,0,1.0,False
SOMI,2026-07-12T13:13:27.065Z,2026-07-12T13:13:27.065850Z,2026-07-12T15:13:27.065850Z,7597.332743,7,0.10375000000000001,9.638554216867744,5.115830115830115,-0.576,53.521126760563384,9.638554216867744,49.45367127457004,0,0,0,0,,
SSV,2026-07-12T13:13:33.235Z,2026-07-12T13:13:33.235718Z,2026-07-12T15:13:33.235718Z,7591.162875,7,2.0495,24.396194193705263,6.420233463035004,-1.674,54.57746478873239,24.396194193705263,32.29045134182499,0,0,0,0,,
TWT,2026-07-12T13:13:46.040Z,2026-07-12T13:13:46.040985Z,2026-07-12T15:13:46.040985Z,7578.357608,7,0.34814999999999996,20.10627603044603,3.4670487106017194,0.403,45.070422535211264,20.10627603044603,49.81889280450177,2,1,1,0,1.0,False
ZEN,2026-07-12T13:14:08.827Z,2026-07-12T13:14:08.828112Z,2026-07-12T15:14:08.828112Z,7555.570481,7,4.197,9.530617107456658,4.06287787182588,-0.887,48.59154929577465,9.530617107456658,47.047288061769876,0,0,0,0,,
ZKC,2026-07-12T13:14:16.493Z,2026-07-12T13:14:16.493459Z,2026-07-12T15:14:16.493459Z,7547.905134,7,0.044649999999999995,22.396416573347352,6.5462753950338595,-1.556,47.88732394366197,22.396416573347352,60.23664298891688,0,0,0,0,,
1000CHEEMS,2026-07-12T13:19:47.882Z,2026-07-12T13:19:47.883270Z,2026-07-12T15:19:47.883270Z,7216.515323,7,0.0004685,106.72358591248694,6.410256410256404,-1.681,35.91549295774648,106.72358591248694,47.820640550508564,0,0,0,0,,
ANIME,2026-07-12T13:19:55.519Z,2026-07-12T13:19:55.519924Z,2026-07-12T15:19:55.519924Z,7208.878669,7,0.0028450000000000003,35.14938488576459,3.873239436619713,0.0,42.25352112676056,35.14938488576459,63.61067236268422,0,0,0,0,,
AXS,2026-07-12T13:20:11.374Z,2026-07-12T13:20:11.375675Z,2026-07-12T15:20:11.375675Z,7792.495591,7,0.9964999999999999,10.035122930255906,3.0060120240480988,-1.188,32.74647887323944,10.035122930255906,48.700977806198125,3,3,0,0,1.0,False
BABY,2026-07-12T13:20:17.215Z,2026-07-12T13:20:17.215955Z,2026-07-12T15:20:17.215955Z,7786.655311,7,0.01316,15.197568389057134,4.583651642475184,-1.282,36.971830985915496,15.197568389057134,46.59565792252221,0,0,0,0,,
COOKIE,2026-07-12T13:20:36.440Z,2026-07-12T13:20:36.441170Z,2026-07-12T15:20:36.441170Z,7767.430096,7,0.00935,106.95187165775522,5.376344086021493,0.0,34.50704225352113,106.95187165775522,54.164243059843535,0,0,0,0,,
ERA,2026-07-12T13:20:47.373Z,2026-07-12T13:20:47.373236Z,2026-07-12T15:20:47.373236Z,7756.49803,7,0.08374999999999999,11.94029850746303,7.0263488080301055,-1.847,40.49295774647887,11.94029850746303,57.02552095690786,1,0,0,1,1.0,False
HUMA,2026-07-12T13:21:05.598Z,2026-07-12T13:21:05.598437Z,2026-07-12T15:21:05.598437Z,7738.272829,7,0.02266,17.652250661958682,3.7885462555066063,1.069,37.67605633802817,17.652250661958682,61.06708095412882,1,1,0,0,1.0,False
IMX,2026-07-12T13:21:12.855Z,2026-07-12T13:21:12.855961Z,2026-07-12T15:21:12.855961Z,7731.015305,7,0.13315,7.510326699212674,3.6897590361445687,-2.209,42.95774647887324,7.510326699212674,61.92687394748463,55,18,34,3,0.6,False
IO,2026-07-12T13:21:19.393Z,2026-07-12T13:21:19.394147Z,2026-07-12T15:21:19.394147Z,7724.477119,7,0.16405,18.28710758915102,7.875457875457872,-4.712,38.38028169014085,18.28710758915102,46.79527088059235,3,1,2,0,-0.3333,False
KAIA,2026-07-12T13:21:26.615Z,2026-07-12T13:21:26.616222Z,2026-07-12T15:21:26.616222Z,7717.255044,7,0.03515,28.449502133713473,3.160919540229876,-0.287,34.859154929577464,28.449502133713473,51.80654472459103,1,0,0,1,-1.0,False
LAYER,2026-07-12T13:21:38.961Z,2026-07-12T13:21:38.961963Z,2026-07-12T15:21:38.961963Z,7704.909303,7,0.0664,30.120481927711708,2.7067669172932267,-1.335,38.028169014084504,30.120481927711708,61.98505575251307,1,0,1,0,-1.0,False
LINEA,2026-07-12T13:21:44.742Z,2026-07-12T13:21:44.742903Z,2026-07-12T15:21:44.742903Z,7699.128363,7,0.0024035000000000003,4.160599126272931,4.974916387959874,-3.079,35.563380281690144,4.160599126272931,62.648271753357676,1,1,0,0,1.0,False
MINA,2026-07-12T13:21:55.633Z,2026-07-12T13:21:55.634018Z,2026-07-12T15:21:55.634018Z,7688.237248,7,0.04325,23.121387283236054,3.935185185185185,-3.356,34.15492957746479,23.121387283236054,35.99158225453814,0,0,0,0,,
MUBARAK,2026-07-12T13:22:08.358Z,2026-07-12T13:22:08.358313Z,2026-07-12T15:22:08.358313Z,7675.512953,7,0.01277,15.661707126076104,13.213448006254891,1.107,35.2112676056338,15.661707126076104,54.8196266916896,0,0,0,0,,
NOT,2026-07-12T13:22:22.752Z,2026-07-12T13:22:22.752737Z,2026-07-12T15:22:22.752737Z,7661.118529,7,0.0003855,25.94033722438455,4.986876640419955,-3.544,33.80281690140845,25.94033722438455,52.48350331944181,0,0,0,0,,
OPEN,2026-07-12T13:22:29.285Z,2026-07-12T13:22:29.286192Z,2026-07-12T15:22:29.286192Z,7654.585074,7,0.15155000000000002,19.795447047178797,5.188679245283009,-2.689,41.19718309859155,19.795447047178797,63.574197078087494,3,3,0,0,0.6667,False
RARE,2026-07-12T13:22:44.560Z,2026-07-12T13:22:44.560464Z,2026-07-12T15:22:44.560464Z,7639.310802,7,0.012750000000000001,78.4313725490205,7.031249999999997,0.0,37.32394366197183,78.4313725490205,52.599578788513206,5,3,2,0,0.8,False
SAHARA,2026-07-12T13:22:57.248Z,2026-07-12T13:22:57.248903Z,2026-07-12T15:22:57.248903Z,7626.622363,7,0.010205,9.799118079372457,5.632411067193669,-2.505,29.929577464788732,9.799118079372457,48.520457412930405,0,0,0,0,,
SAND,2026-07-12T13:23:04.255Z,2026-07-12T13:23:04.255979Z,2026-07-12T15:23:04.255979Z,7619.615287,7,0.048625,10.28277634961469,3.4475682331212822,-2.149,41.54929577464789,10.28277634961469,62.50606494562989,35,13,20,2,0.4571,False
THE,2026-07-12T13:23:34.599Z,2026-07-12T13:23:34.600058Z,2026-07-12T15:23:34.600058Z,7589.271208,7,0.05405,18.501387604070835,6.566604127579743,-3.964,39.7887323943662,18.501387604070835,49.65225906137288,20,8,9,3,0.4,False
TOWNS,2026-07-12T13:23:39.524Z,2026-07-12T13:23:39.524426Z,2026-07-12T15:23:39.524426Z,7584.34684,7,0.0019450000000000001,51.413881748071,4.615384615384617,-1.515,30.633802816901408,51.413881748071,38.91856577930572,1,1,0,0,1.0,False
VET,2026-07-12T13:23:47.055Z,2026-07-12T13:23:47.055625Z,2026-07-12T15:23:47.055625Z,7576.815641,7,0.0049155,26.44695351439323,3.5648808311264983,-2.114,36.61971830985915,26.44695351439323,58.128822178952475,2,2,0,0,1.0,False
ZBT,2026-07-12T13:23:53.817Z,2026-07-12T13:23:53.817313Z,2026-07-12T15:23:53.817313Z,7570.053953,7,0.11775,8.492569002123387,7.291666666666671,-6.265,40.140845070422536,8.492569002123387,38.19895034314436,0,0,0,0,,
1000SATS,2026-07-12T13:29:26.385Z,2026-07-12T13:29:26.385879Z,2026-07-12T15:29:26.385879Z,7237.485387,7,9.76e-06,20.49180327868833,3.545359749739313,0.735,19.366197183098592,20.49180327868833,61.5488677538448,13,3,10,0,0.6923,False
ACH,2026-07-12T13:29:33.635Z,2026-07-12T13:29:33.635762Z,2026-07-12T15:29:33.635762Z,7230.235504,7,0.004575,21.85792349726687,4.035874439461875,1.364,21.47887323943662,21.85792349726687,68.86063609922739,4,1,3,0,1.0,False
AIXBT,2026-07-12T13:29:40.367Z,2026-07-12T13:29:40.367866Z,2026-07-12T15:29:40.367866Z,7223.5034,7,0.01944,20.576131687243745,4.554865424430635,-2.326,20.070422535211268,20.576131687243745,61.59750350941421,3,3,0,0,1.0,False
ARKM,2026-07-12T13:29:48.199Z,2026-07-12T13:29:48.199669Z,2026-07-12T15:29:48.199669Z,7215.671597,7,0.11285,8.861320336730426,4.297224709042076,-2.616,25.0,8.861320336730426,58.58816920241151,12,4,7,1,0.1667,False
BANANA,2026-07-12T13:29:56.303Z,2026-07-12T13:29:56.303780Z,2026-07-12T15:29:56.303780Z,7207.567486,7,3.4450000000000003,11.611030478955017,4.753469146737527,1.987,16.901408450704224,11.611030478955017,66.76916343825368,0,0,0,0,,
BLUR,2026-07-12T13:30:10.428Z,2026-07-12T13:30:10.429079Z,2026-07-12T15:30:10.429079Z,7793.694507,7,0.01704,35.211267605632365,6.963136337039204,-2.953,24.295774647887324,35.211267605632365,59.01926601109242,0,0,0,0,,
C,2026-07-12T13:30:23.247Z,2026-07-12T13:30:23.248110Z,2026-07-12T15:30:23.248110Z,7780.875476,7,0.06684999999999999,14.958863126402825,4.647676161919028,-3.473,16.197183098591548,14.958863126402825,52.321825359379055,0,0,0,0,,
CATI,2026-07-12T13:30:28.828Z,2026-07-12T13:30:28.828640Z,2026-07-12T15:30:28.828640Z,7775.294946,7,0.040265,7.450639513225443,8.495752123938015,-0.448,23.591549295774648,7.450639513225443,56.44448546032088,0,0,0,0,,
CGPT,2026-07-12T13:30:35.941Z,2026-07-12T13:30:35.941835Z,2026-07-12T15:30:35.941835Z,7768.181751,7,0.0189,10.58201058201015,3.8788522848034086,-3.04,22.183098591549296,10.58201058201015,53.21409770579547,0,0,0,0,,
CKB,2026-07-12T13:30:42.747Z,2026-07-12T13:30:42.747406Z,2026-07-12T15:30:42.747406Z,7761.37618,7,0.0009274999999999999,10.781671159029912,3.69163952225841,-0.325,26.056338028169016,10.781671159029912,55.65913579144014,0,0,0,0,,
COMP,2026-07-12T13:30:49.161Z,2026-07-12T13:30:49.161749Z,2026-07-12T15:30:49.161749Z,7754.961837,7,16.935000000000002,29.524653085326666,2.937720329024677,-0.059,18.309859154929576,29.524653085326666,45.49606533980258,64,30,29,5,0.2344,False
CVX,2026-07-12T13:30:56.661Z,2026-07-12T13:30:56.662113Z,2026-07-12T15:30:56.662113Z,7747.461473,7,1.255,47.808764940239094,3.8338658146964715,1.541,25.35211267605634,47.808764940239094,51.81431504516546,0,0,0,0,,
ENJ,2026-07-12T13:31:03.481Z,2026-07-12T13:31:03.482083Z,2026-07-12T15:31:03.482083Z,7740.641503,7,0.028415000000000003,10.5578039767724,3.4470629616602118,-0.525,28.87323943661972,10.5578039767724,64.20252169672817,12,6,6,0,0.9167,False
ETC,2026-07-12T13:31:16.490Z,2026-07-12T13:31:16.490924Z,2026-07-12T15:31:16.490924Z,7727.632662,7,6.9350000000000005,14.419610670512869,4.178674351585014,-1.977,26.408450704225352,14.419610670512869,62.00553084996134,2,2,0,0,1.0,False
FF,2026-07-12T13:31:28.686Z,2026-07-12T13:31:28.686644Z,2026-07-12T15:31:28.686644Z,7715.436942,7,0.060305,8.291186468783922,5.238726790450922,4.18,23.943661971830984,8.291186468783922,56.57159846706069,1,0,1,0,1.0,False
HOLO,2026-07-12T13:32:00.081Z,2026-07-12T13:32:00.081646Z,2026-07-12T15:32:00.081646Z,7684.04194,7,0.0726,27.548209366391976,5.914718019257238,-0.954,20.774647887323944,27.548209366391976,60.81901778617933,3,3,0,0,1.0,False
MIRA,2026-07-12T13:32:19.424Z,2026-07-12T13:32:19.424387Z,2026-07-12T15:32:19.424387Z,7664.699199,7,0.04335,23.06805074971231,3.6866359447004546,-1.587,18.661971830985916,23.06805074971231,52.709049690988586,0,0,0,0,,
NOM,2026-07-12T13:32:37.043Z,2026-07-12T13:32:37.044209Z,2026-07-12T15:32:37.044209Z,7647.079377,7,0.0016150000000000001,61.919504643961666,5.031446540880516,0.0,22.535211267605632,61.919504643961666,64.82285617281957,0,0,0,0,,
ROSE,2026-07-12T13:32:55.146Z,2026-07-12T13:32:55.146723Z,2026-07-12T15:32:55.146723Z,7628.976863,7,0.005795,17.25625539257911,4.844290657439443,-2.694,27.816901408450704,17.25625539257911,55.006378080851704,62,17,41,4,0.2097,False
RVN,2026-07-12T13:33:02.969Z,2026-07-12T13:33:02.969345Z,2026-07-12T15:33:02.969345Z,7621.154241,7,0.00381,52.49343832021011,5.249343832021,-3.544,16.549295774647888,52.49343832021011,38.310512359481145,0,0,0,0,,
SOLV,2026-07-12T13:33:09.516Z,2026-07-12T13:33:09.517021Z,2026-07-12T15:33:09.517021Z,7614.606565,7,0.002725,36.69724770642053,6.593406593406595,-1.444,28.52112676056338,36.69724770642053,57.475970903750905,1,1,0,0,1.0,False
STO,2026-07-12T13:33:16.575Z,2026-07-12T13:33:16.575489Z,2026-07-12T15:33:16.575489Z,7607.548097,7,0.044649999999999995,22.396416573347352,3.78619153674833,0.223,25.704225352112676,22.396416573347352,66.13331484530632,0,0,0,0,,
WAL,2026-07-12T13:33:34.750Z,2026-07-12T13:33:34.750366Z,2026-07-12T15:33:34.750366Z,7589.37322,7,0.03145,31.79650238473859,3.174603174603166,-1.563,19.718309859154928,31.79650238473859,46.3465897667276,0,0,0,0,,
YGG,2026-07-12T13:33:41.346Z,2026-07-12T13:33:41.346986Z,2026-07-12T15:33:41.346986Z,7582.7766,7,0.02213,9.037505648440662,4.559819413092553,-0.628,17.6056338028169,9.037505648440662,52.798472898977884,1,1,0,0,1.0,False
ACT,2026-07-12T13:39:25.984Z,2026-07-12T13:39:25.984615Z,2026-07-12T15:39:25.984615Z,7238.138971,7,0.008935,33.57582540570652,3.8636363636363633,-3.403,9.507042253521126,33.57582540570652,40.690580021985866,0,0,0,0,,
ACX,2026-07-12T13:39:32.918Z,2026-07-12T13:39:32.919170Z,2026-07-12T15:39:32.919170Z,7231.204416,7,0.041325,50.816696914701,3.7785800240673932,-3.147,4.929577464788732,50.816696914701,38.69804955268186,64,32,29,3,0.125,False
AT,2026-07-12T13:39:39.808Z,2026-07-12T13:39:39.809259Z,2026-07-12T15:39:39.809259Z,7224.314327,7,0.15855,31.535793125197127,5.229591836734702,2.417,7.042253521126761,31.535793125197127,64.24131573246068,3,3,0,0,1.0,False
AUCTION,2026-07-12T13:39:47.393Z,2026-07-12T13:39:47.393222Z,2026-07-12T15:39:47.393222Z,7216.730364,7,3.335,29.985007496251235,0.6006006006006012,0.0,7.394366197183099,29.985007496251235,69.16659105451683,0,0,0,0,,
BARD,2026-07-12T13:39:54.394Z,2026-07-12T13:39:54.394189Z,2026-07-12T15:39:54.394189Z,7209.729397,7,0.13005,7.689350249903036,3.3742331288343674,-1.807,5.985915492957746,7.689350249903036,45.81124565034731,0,0,0,0,,
BFUSD,2026-07-12T13:40:05.941Z,2026-07-12T13:40:05.941354Z,2026-07-12T15:40:05.941354Z,7797.264401,7,0.99905,3.0028527100742406,0.04004404845329422,0.01,2.112676056338028,3.0028527100742406,45.525517795002656,0,0,0,0,,
BMT,2026-07-12T13:40:10.966Z,2026-07-12T13:40:10.966308Z,2026-07-12T15:40:10.966308Z,7792.239447,7,0.012015,8.322929671243939,4.242928452579036,-2.593,8.098591549295774,8.322929671243939,56.393592643638804,0,0,0,0,,
CETUS,2026-07-12T13:40:16.562Z,2026-07-12T13:40:16.563100Z,2026-07-12T15:40:16.563100Z,7786.642655,7,0.01832,10.917030567685144,3.0269675288937723,-0.493,15.140845070422536,10.917030567685144,50.13899650179876,0,0,0,0,,
COW,2026-07-12T13:40:21.552Z,2026-07-12T13:40:21.552776Z,2026-07-12T15:40:21.552776Z,7781.652979,7,0.14045000000000002,7.119971520115111,3.637660485021393,-1.198,2.464788732394366,7.119971520115111,58.36675204133937,0,0,0,0,,
CVC,2026-07-12T13:40:29.066Z,2026-07-12T13:40:29.066826Z,2026-07-12T15:40:29.066826Z,7774.138929,7,0.020435000000000002,34.254954734522705,3.889158969372866,-1.532,7.746478873239437,34.254954734522705,50.81955242104634,65,12,42,11,-0.0769,False
DYM,2026-07-12T13:40:35.974Z,2026-07-12T13:40:35.974771Z,2026-07-12T15:40:35.974771Z,7767.230984,7,0.01567,12.763241863432793,3.8607594936708822,-0.691,6.690140845070423,12.763241863432793,60.55942082224598,0,0,0,0,,
EUL,2026-07-12T13:40:42.875Z,2026-07-12T13:40:42.876112Z,2026-07-12T15:40:42.876112Z,7760.329643,7,1.045,19.138755980861262,4.334975369458122,0.099,13.028169014084508,19.138755980861262,67.11973115224461,0,0,0,0,,
EURI,2026-07-12T13:40:47.834Z,2026-07-12T13:40:47.834908Z,2026-07-12T15:40:47.834908Z,7755.370847,7,1.14055,7.8909298145642275,0.2366345311130716,-0.07,4.225352112676056,7.8909298145642275,53.09374959191044,1,1,0,0,1.0,False
FORM,2026-07-12T13:40:54.767Z,2026-07-12T13:40:54.767696Z,2026-07-12T15:40:54.767696Z,7748.438059,7,0.20445,4.891171435558277,3.9331366764994984,-1.881,11.971830985915492,4.891171435558277,63.18859298631679,0,0,0,0,,
GMT,2026-07-12T13:41:01.349Z,2026-07-12T13:41:01.350047Z,2026-07-12T15:41:01.350047Z,7741.855708,7,0.007690000000000001,26.007802340702277,3.622250970245794,-1.403,9.154929577464788,26.007802340702277,63.58911397139444,1,0,1,0,1.0,False
ILV,2026-07-12T13:41:14.422Z,2026-07-12T13:41:14.422768Z,2026-07-12T15:41:14.422768Z,7728.782987,7,3.145,31.796502384737,2.86624203821657,-1.258,5.28169014084507,31.796502384737,62.45864909548759,0,0,0,0,,
INIT,2026-07-12T13:41:20.159Z,2026-07-12T13:41:20.159355Z,2026-07-12T15:41:20.159355Z,7723.0464,7,0.05595,17.873100983021065,3.9285714285714293,-2.778,12.67605633802817,17.873100983021065,53.109554321739246,0,0,0,0,,
LISTA,2026-07-12T13:41:33.492Z,2026-07-12T13:41:33.492714Z,2026-07-12T15:41:33.492714Z,7709.713041,7,0.048549999999999996,20.59732234809391,4.536082474226806,-1.822,5.633802816901408,20.59732234809391,42.854658213408655,0,0,0,0,,
LPT,2026-07-12T13:41:40.458Z,2026-07-12T13:41:40.458679Z,2026-07-12T15:41:40.458679Z,7702.747076,7,1.557,25.690430314707797,3.9507772020725347,-3.5,11.619718309859154,25.690430314707797,40.016947947415446,0,0,0,0,,
MASK,2026-07-12T13:41:53.449Z,2026-07-12T13:41:53.449721Z,2026-07-12T15:41:53.449721Z,7689.756034,7,0.405,49.38271604938276,5.56900726392251,1.724,3.1690140845070425,49.38271604938276,69.84789090903303,2,2,0,0,1.0,False
NEWT,2026-07-12T13:42:00.516Z,2026-07-12T13:42:00.517110Z,2026-07-12T15:42:00.517110Z,7682.688645,7,0.04775,20.94240837696395,4.641350210970466,-2.469,2.816901408450704,20.94240837696395,54.88274527042165,14,4,10,0,0.8571,False
NMR,2026-07-12T13:42:08.007Z,2026-07-12T13:42:08.007310Z,2026-07-12T15:42:08.007310Z,7675.198445,7,9.655000000000001,10.357327809424946,3.4161490683229823,-2.227,11.267605633802816,10.357327809424946,58.128658382896106,0,0,0,0,,
NXPC,2026-07-12T13:42:15.019Z,2026-07-12T13:42:15.019610Z,2026-07-12T15:42:15.019610Z,7668.186145,7,0.26165,26.753296388306282,2.9322162985529263,-1.648,3.5211267605633805,26.753296388306282,43.53048984065134,0,0,0,0,,
SOPH,2026-07-12T13:42:39.372Z,2026-07-12T13:42:39.373111Z,2026-07-12T15:42:39.373111Z,7643.832644,7,0.004815,20.768431983384406,4.612159329140455,-2.851,13.380281690140846,20.768431983384406,47.18090487719195,0,0,0,0,,
TURTLE,2026-07-12T13:42:53.306Z,2026-07-12T13:42:53.306702Z,2026-07-12T15:42:53.306702Z,7629.899053,7,0.03415,29.282576866765112,3.2352941176470695,-1.449,14.43661971830986,29.282576866765112,58.88866640063964,0,0,0,0,,
WCT,2026-07-12T13:43:07.432Z,2026-07-12T13:43:07.432737Z,2026-07-12T15:43:07.432737Z,7615.773018,7,0.0445,8.988764044943455,3.544818243395789,-1.6,10.56338028169014,8.988764044943455,57.51000508457372,0,0,0,0,,
XAI,2026-07-12T13:43:14.448Z,2026-07-12T13:43:14.448585Z,2026-07-12T15:43:14.448585Z,7608.75717,7,0.007085,70.5716302046573,4.261363636363635,-0.985,1.7605633802816902,70.5716302046573,44.020253820921944,1,1,0,0,1.0,False
1INCH,2026-07-12T13:48:58.980Z,2026-07-12T13:48:58.980590Z,2026-07-12T15:48:58.980590Z,7264.225165,7,0.074,27.0270270270278,4.931506849315077,-1.75,0.704225352112676,27.0270270270278,37.2943047897214,0,0,0,0,,
ARB,2026-07-12T13:49:12.967Z,2026-07-12T13:49:12.967456Z,2026-07-12T15:49:12.967456Z,7250.238299,7,0.09565,10.454783063250286,10.54279749478079,4.814,95.4225352112676,10.454783063250286,57.12306890068759,34,16,11,7,0.4706,False
BCH,2026-07-12T13:49:22.892Z,2026-07-12T13:49:22.893171Z,2026-07-12T15:49:22.893171Z,7240.312584,7,245.45,4.074149521287199,2.79465370595383,-0.363,91.19718309859155,4.074149521287199,61.83084577714836,6,3,3,0,0.6667,False
BTC,2026-07-12T13:49:32.770Z,2026-07-12T13:49:32.771258Z,2026-07-12T15:49:32.771258Z,7230.434497,7,64153.524999999994,0.0015587608010685723,1.353570984536238,-0.196,99.64788732394366,0.0015587608010685723,55.53775927668689,46,26,15,5,0.4348,False
DOGE,2026-07-12T13:49:44.638Z,2026-07-12T13:49:44.638923Z,2026-07-12T15:49:44.638923Z,7218.566832,7,0.073735,1.3562080423131653,4.463192271057275,-1.356,96.47887323943662,1.3562080423131653,49.28490642780754,36,25,6,5,0.8889,False
DOLO,2026-07-12T13:49:51.312Z,2026-07-12T13:49:51.312329Z,2026-07-12T15:49:51.312329Z,7211.893426,7,0.02244,17.82531194295982,2.40000000000001,-1.618,1.056338028169014,17.82531194295982,45.23737537051212,1,1,0,0,1.0,False
ETH,2026-07-12T13:50:00.948Z,2026-07-12T13:50:00.948823Z,2026-07-12T15:50:00.948823Z,7202.256932,7,1822.855,0.05485899865864759,2.8071301326664853,0.512,100.0,0.05485899865864759,62.425212433030744,50,32,10,8,0.54,False
FDUSD,2026-07-12T13:50:11.350Z,2026-07-12T13:50:11.350351Z,2026-07-12T15:50:11.350351Z,7794.354516,7,0.99735,1.002657041158961,0.07018247443353057,0.0,95.07042253521126,1.002657041158961,68.2565902511725,0,0,0,0,,
HBAR,2026-07-12T13:50:17.155Z,2026-07-12T13:50:17.155927Z,2026-07-12T15:50:17.155927Z,7788.54894,7,0.06772500000000001,1.4765596160939272,4.039365452408914,-0.859,92.95774647887323,1.4765596160939272,43.85553608209042,24,11,9,4,0.5,False
LDO,2026-07-12T13:50:22.706Z,2026-07-12T13:50:22.706288Z,2026-07-12T15:50:22.706288Z,7782.998579,7,0.3083,6.487187804088014,8.55006501950585,1.018,88.38028169014085,6.487187804088014,66.08705590973247,0,0,0,0,,
LINK,2026-07-12T13:50:28.053Z,2026-07-12T13:50:28.053960Z,2026-07-12T15:50:28.053960Z,7777.650907,7,8.067499999999999,1.2395413696925266,3.2638371804418065,0.562,92.25352112676056,1.2395413696925266,59.41412761765867,24,16,5,3,0.9167,False
NEAR,2026-07-12T13:50:36.783Z,2026-07-12T13:50:36.783369Z,2026-07-12T15:50:36.783369Z,7768.921498,7,1.8984999999999999,5.267316302344546,3.497615262321148,-0.684,93.66197183098592,5.267316302344546,59.93410869463321,14,11,3,0,0.8571,False
PENGU,2026-07-12T13:50:42.832Z,2026-07-12T13:50:42.833027Z,2026-07-12T15:50:42.833027Z,7762.87184,7,0.0060885,4.927322000491961,5.3506750082318035,-2.174,90.49295774647888,4.927322000491961,47.697408761142896,10,10,0,0,1.0,False
PEPE,2026-07-12T13:50:48.430Z,2026-07-12T13:50:48.430736Z,2026-07-12T15:50:48.430736Z,7757.274131,7,2.785e-06,35.9066427289045,5.776173285198547,-0.36,92.6056338028169,35.9066427289045,56.06913675034114,31,28,0,3,1.0,False
SUI,2026-07-12T13:50:57.246Z,2026-07-12T13:50:57.246288Z,2026-07-12T15:50:57.246288Z,7748.458579,7,0.74485,1.342552191716305,3.910239183015306,0.513,97.88732394366197,1.342552191716305,59.61081481717411,13,7,5,1,0.6923,False
TAO,2026-07-12T13:51:12.684Z,2026-07-12T13:51:12.684771Z,2026-07-12T15:51:12.684771Z,7733.020096,7,212.45,4.70698987997149,4.83412322274881,-0.519,91.90140845070422,4.70698987997149,63.255846650998706,41,29,10,2,0.7317,False
TRX,2026-07-12T13:51:21.388Z,2026-07-12T13:51:21.388827Z,2026-07-12T15:51:21.388827Z,7724.31604,7,0.33105,3.0206917384077627,0.8134980415787996,0.242,90.84507042253522,3.0206917384077627,57.05934805597046,44,24,19,1,0.8182,False
UNI,2026-07-12T13:51:30.356Z,2026-07-12T13:51:30.356540Z,2026-07-12T15:51:30.356540Z,7715.348327,7,3.6775,2.7192386131880077,7.5928473177441616,0.665,94.36619718309859,2.7192386131880077,56.95051630603876,49,41,7,1,0.8367,False
USD1,2026-07-12T13:51:34.097Z,2026-07-12T13:51:34.097723Z,2026-07-12T15:51:34.097723Z,7711.607144,7,0.99935,1.0006504227746935,0.040024014408651894,0.01,99.29577464788733,1.0006504227746935,71.14889411613532,2,1,0,1,0.5,False
VANRY,2026-07-12T13:51:38.903Z,2026-07-12T13:51:38.903674Z,2026-07-12T15:51:38.903674Z,7706.801193,7,0.006533499999999999,56.631208387540696,27.447007481296755,11.273,89.78873239436619,56.631208387540696,68.38635345986157,3,3,0,0,1.0,False
VIRTUAL,2026-07-12T13:51:45.829Z,2026-07-12T13:51:45.829629Z,2026-07-12T15:51:45.829629Z,7699.875238,7,0.5943499999999999,5.047530916128174,6.261572125904732,-4.378,90.14084507042253,5.047530916128174,63.45236173819564,4,3,1,0,0.75,False
WLD,2026-07-12T13:51:50.802Z,2026-07-12T13:51:50.802439Z,2026-07-12T15:51:50.802439Z,7694.902428,7,0.4263,4.691531785127327,9.465215333648837,3.68,95.77464788732394,4.691531785127327,64.93838506279552,12,5,5,2,0.5,False
XLM,2026-07-12T13:51:56.933Z,2026-07-12T13:51:56.933391Z,2026-07-12T15:51:56.933391Z,7688.771476,7,0.18985000000000002,5.267316302344837,5.929487179487179,-1.577,94.71830985915493,5.267316302344837,48.68361420869615,21,12,7,2,0.9048,False
XPL,2026-07-12T13:52:02.911Z,2026-07-12T13:52:02.911863Z,2026-07-12T15:52:02.911863Z,7682.793004,7,0.091895,5.440992437021423,6.23641894828335,-0.562,88.02816901408451,5.440992437021423,47.95378091477102,1,1,0,0,-1.0,False
XVG,2026-07-12T13:52:13.910Z,2026-07-12T13:52:13.910390Z,2026-07-12T15:52:13.910390Z,7671.794477,7,0.0021644999999999998,32.340032340030625,4.551724137931041,-1.405,1.408450704225352,32.340032340030625,41.14145651125651,62,16,34,12,-0.2742,False
ZEC,2026-07-12T13:52:18.880Z,2026-07-12T13:52:18.881156Z,2026-07-12T15:52:18.881156Z,7666.823711,7,531.325,3.9523831929595383,6.407296673352773,5.112,97.53521126760563,3.9523831929595383,61.67853663517033,51,42,8,1,0.9608,False
ALLO,2026-07-12T13:57:51.384Z,2026-07-12T13:57:51.384799Z,2026-07-12T15:57:51.384799Z,7334.320068,7,0.37224999999999997,8.059100067159772,16.388051520964638,-6.388,87.32394366197182,8.059100067159772,47.2049068075837,64,2,61,1,-0.4062,False
ASTER,2026-07-12T13:57:57.316Z,2026-07-12T13:57:57.316838Z,2026-07-12T15:57:57.316838Z,7328.388029,7,0.6245,16.01281024819857,3.3600000000000034,-0.478,86.97183098591549,16.01281024819857,67.59975714530759,4,3,1,0,1.0,False
JUP,2026-07-12T13:58:04.529Z,2026-07-12T13:58:04.530124Z,2026-07-12T15:58:04.530124Z,7321.174743,7,0.20429999999999998,9.78952520802769,6.623826000988628,-3.987,86.61971830985915,9.78952520802769,67.21227813485457,24,15,9,0,1.0,False
1MBABYDOGE,2026-07-12T14:03:48.378Z,2026-07-12T14:03:48.378262Z,2026-07-12T16:03:48.378262Z,7576.466732,7,0.00032209999999999997,12.418503570318396,11.883967560823457,-2.612,72.1830985915493,12.418503570318396,47.580692108808705,0,0,0,0,,
ALGO,2026-07-12T14:03:54.660Z,2026-07-12T14:03:54.660254Z,2026-07-12T16:03:54.660254Z,7570.18474,7,0.08395,11.911852293031908,4.626334519572954,-2.431,78.16901408450704,11.911852293031908,59.76288054459491,8,6,2,0,0.75,False
APT,2026-07-12T14:04:03.025Z,2026-07-12T14:04:03.025771Z,2026-07-12T16:04:03.025771Z,7561.819223,7,0.6214999999999999,16.090104585679825,4.991948470209344,-2.817,85.21126760563381,16.090104585679825,63.43651551895599,25,9,16,0,0.44,False
BONK,2026-07-12T14:04:08.867Z,2026-07-12T14:04:08.869771Z,2026-07-12T16:04:08.869771Z,7555.975223,7,4.015e-06,24.906600249065768,5.459057071960308,-1.467,82.3943661971831,24.906600249065768,65.70969417854539,28,19,9,0,0.9286,False
CAKE,2026-07-12T14:04:14.868Z,2026-07-12T14:04:14.869019Z,2026-07-12T16:04:14.869019Z,7549.975975,7,1.4255,7.015082427217748,4.117236566643417,0.07,75.70422535211267,7.015082427217748,67.05724261237066,7,4,2,1,0.7143,False
CHZ,2026-07-12T14:04:19.984Z,2026-07-12T14:04:19.984620Z,2026-07-12T16:04:19.984620Z,7544.860374,7,0.017204999999999998,5.812263876779769,5.902777777777779,-1.314,77.11267605633803,5.812263876779769,59.568236032971946,0,0,0,0,,
EGLD,2026-07-12T14:04:39.783Z,2026-07-12T14:04:39.783809Z,2026-07-12T16:04:39.783809Z,7525.061185,7,2.9850000000000003,33.500837520938795,9.446254071661238,8.481,74.64788732394366,33.500837520938795,81.11286376934903,11,2,9,0,0.6364,False
EIGEN,2026-07-12T14:04:46.019Z,2026-07-12T14:04:46.020132Z,2026-07-12T16:04:46.020132Z,7518.824862,7,0.2336,8.561643835615495,8.731182795698917,-0.853,73.94366197183099,8.561643835615495,56.16308721492454,3,3,0,0,1.0,False
EPIC,2026-07-12T14:04:51.357Z,2026-07-12T14:04:51.358121Z,2026-07-12T16:04:51.358121Z,7513.486873,7,0.3835,26.0756192959583,10.824742268041247,4.021,76.7605633802817,26.0756192959583,67.83823684082535,1,1,0,0,1.0,False
FET,2026-07-12T14:04:57.169Z,2026-07-12T14:04:57.169334Z,2026-07-12T16:04:57.169334Z,7507.67566,7,0.15975,6.259780907667541,3.8629283489096466,-0.926,79.22535211267606,6.259780907667541,64.73843823582816,7,5,2,0,0.7143,False
JTO,2026-07-12T14:05:25.307Z,2026-07-12T14:05:25.307288Z,2026-07-12T16:05:25.307288Z,7479.537706,7,0.6137,3.258921297050317,8.644268107378021,-6.014,76.40845070422536,3.258921297050317,46.98541529429983,5,3,2,0,1.0,False
MMT,2026-07-12T14:05:40.174Z,2026-07-12T14:05:40.174278Z,2026-07-12T16:05:40.174278Z,7464.670716,7,0.176,11.36363636363669,15.39325842696628,-5.47,85.56338028169014,11.36363636363669,49.83647902578234,23,21,2,0,1.0,False
OP,2026-07-12T14:05:52.696Z,2026-07-12T14:05:52.696457Z,2026-07-12T16:05:52.696457Z,7452.148537,7,0.10235,9.770395701026171,6.926829268292692,-2.008,75.0,9.770395701026171,47.01416900412232,11,4,4,3,1.0,False
PENDLE,2026-07-12T14:06:03.088Z,2026-07-12T14:06:03.089061Z,2026-07-12T16:06:03.089061Z,7441.755933,7,1.5505,6.449532408899644,5.7553956834532425,-3.594,84.50704225352112,6.449532408899644,58.82411637976412,1,0,1,0,-1.0,False
TRUMP,2026-07-12T14:06:49.151Z,2026-07-12T14:06:49.151497Z,2026-07-12T16:06:49.151497Z,7395.693497,7,1.5875,6.299212598425902,5.69620253164556,-1.924,82.74647887323944,6.299212598425902,71.83040678792904,25,17,7,1,0.76,False
WLFI,2026-07-12T14:06:59.110Z,2026-07-12T14:06:59.111058Z,2026-07-12T16:06:59.111058Z,7385.733936,7,0.05795,17.256255392580304,3.626943005181343,-0.344,80.63380281690141,17.256255392580304,62.31780729861819,2,2,0,0,1.0,False
ALT,2026-07-12T14:13:04.390Z,2026-07-12T14:13:04.390423Z,2026-07-12T16:13:04.390423Z,7618.702056,7,0.00656,30.48780487804886,9.190031152647979,-2.727,61.267605633802816,30.48780487804886,59.20820840697314,1,0,1,0,1.0,False
APE,2026-07-12T14:13:09.984Z,2026-07-12T14:13:09.985163Z,2026-07-12T16:13:09.985163Z,7613.107316,7,0.15505,6.449532408899644,4.432855280312908,-1.918,67.95774647887323,6.449532408899644,62.142317506246606,22,18,4,0,0.9091,False
AR,2026-07-12T14:13:18.114Z,2026-07-12T14:13:18.114824Z,2026-07-12T16:13:18.114824Z,7604.977655,7,1.9729999999999999,10.13684744044603,3.0379746835443067,-0.953,60.2112676056338,10.13684744044603,65.69948435996929,1,0,1,0,1.0,False
ATOM,2026-07-12T14:13:25.423Z,2026-07-12T14:13:25.423470Z,2026-07-12T16:13:25.423470Z,7597.669009,7,1.5875,6.299212598425902,3.24221233312142,-1.688,71.12676056338029,6.299212598425902,59.30341885062952,6,2,4,0,1.0,False
BIO,2026-07-12T14:13:38.207Z,2026-07-12T14:13:38.208074Z,2026-07-12T16:13:38.208074Z,7584.884405,7,0.028635,3.4922297887199556,4.737025426680599,0.209,66.19718309859155,3.4922297887199556,60.55147781494894,1,0,1,0,-1.0,False
CFX,2026-07-12T14:13:50.370Z,2026-07-12T14:13:50.370227Z,2026-07-12T16:13:50.370227Z,7572.722252,7,0.044105,6.801949892302971,4.86238532110091,0.253,60.563380281690144,6.801949892302971,63.962341970394775,3,1,2,0,1.0,False
ENSO,2026-07-12T14:13:58.058Z,2026-07-12T14:13:58.058614Z,2026-07-12T16:13:58.058614Z,7565.033865,7,0.7104999999999999,14.074595355383547,7.531380753138067,2.869,61.971830985915496,14.074595355383547,71.43146700741464,0,0,0,0,,
ETHFI,2026-07-12T14:14:03.300Z,2026-07-12T14:14:03.300376Z,2026-07-12T16:14:03.300376Z,7559.792103,7,0.4245,23.557126030624282,6.864988558352408,5.556,71.83098591549296,23.557126030624282,71.44116662300446,3,2,0,1,0.6667,False
FIL,2026-07-12T14:14:18.474Z,2026-07-12T14:14:18.474811Z,2026-07-12T16:14:18.474811Z,7544.617668,7,0.7755000000000001,12.894906511927799,4.086845466155815,-1.011,64.78873239436619,12.894906511927799,63.406889136488104,12,2,10,0,1.0,False
IOTA,2026-07-12T14:14:23.790Z,2026-07-12T14:14:23.790972Z,2026-07-12T16:14:23.790972Z,7539.301507,7,0.039150000000000004,25.542784163472774,6.217616580310879,-2.278,64.43661971830986,25.542784163472774,56.44121164847765,7,5,2,0,1.0,False
ORDI,2026-07-12T14:14:56.173Z,2026-07-12T14:14:56.173396Z,2026-07-12T16:14:56.173396Z,7506.919083,7,3.5629999999999997,5.613247263542587,6.866096866096857,0.314,69.36619718309859,5.613247263542587,64.22953610684252,13,7,6,0,0.0769,False
S,2026-07-12T14:15:34.785Z,2026-07-12T14:15:34.785904Z,2026-07-12T16:15:34.785904Z,7468.306575,7,0.02566,7.794232268121273,4.423748544819552,-2.791,65.49295774647888,7.794232268121273,46.792235539698076,0,0,0,0,,
SNX,2026-07-12T14:15:48.547Z,2026-07-12T14:15:48.547883Z,2026-07-12T16:15:48.547883Z,7454.544596,7,0.2365,42.283298097251624,10.548523206751053,1.282,68.66197183098592,42.283298097251624,65.36408334128767,0,0,0,0,,
STRK,2026-07-12T14:15:54.609Z,2026-07-12T14:15:54.609217Z,2026-07-12T16:15:54.609217Z,7448.483262,7,0.030449999999999998,32.84072249589472,4.590163934426236,-1.294,68.30985915492958,32.84072249589472,50.79420164440816,1,0,0,1,-1.0,False
STX,2026-07-12T14:15:59.961Z,2026-07-12T14:15:59.961832Z,2026-07-12T16:15:59.961832Z,7443.130647,7,0.17345,5.765350245026751,4.843304843304848,0.804,58.098591549295776,5.765350245026751,60.04891541180996,63,31,29,3,0.3175,False
TRB,2026-07-12T14:16:13.351Z,2026-07-12T14:16:13.351815Z,2026-07-12T16:16:13.351815Z,7429.740664,7,15.075,6.633499170812462,6.381578947368426,-2.751,63.38028169014085,6.633499170812462,56.4776101635601,0,0,0,0,,
W,2026-07-12T14:16:33.942Z,2026-07-12T14:16:33.945022Z,2026-07-12T16:16:33.945022Z,7409.147457,7,0.009695,10.314595152139859,8.987603305785134,-3.297,59.50704225352113,10.314595152139859,56.47450400961889,2,0,1,1,0.5,False
XTZ,2026-07-12T14:16:46.457Z,2026-07-12T14:16:46.457899Z,2026-07-12T16:16:46.457899Z,7396.63458,7,0.22875,4.371584699454284,4.486062717770036,-2.794,67.25352112676056,4.371584699454284,51.49778466421918,2,1,1,0,1.0,False
BANANAS31,2026-07-12T14:17:28.335Z,2026-07-12T14:17:28.335544Z,2026-07-12T16:17:28.335544Z,7354.756935,7,0.0076950000000000005,12.995451591943418,4.728409534974584,-2.946,50.0,12.995451591943418,48.63090970112774,0,0,0,0,,
BERA,2026-07-12T14:17:35.401Z,2026-07-12T14:17:35.401354Z,2026-07-12T16:17:35.401354Z,7347.691125,7,0.1925,51.94805194805199,4.639175257731963,-3.483,52.11267605633803,51.94805194805199,52.88115408004453,2,1,1,0,1.0,False
CYBER,2026-07-12T14:17:46.833Z,2026-07-12T14:17:46.833839Z,2026-07-12T16:17:46.833839Z,7336.25864,7,0.3595,27.81641168289293,8.196721311475418,2.809,56.33802816901409,27.81641168289293,63.25266632422133,2,2,0,0,1.0,False
DASH,2026-07-12T14:17:52.818Z,2026-07-12T14:17:52.818719Z,2026-07-12T16:17:52.818719Z,7330.27376,7,35.265,8.507018290089645,4.8526863084922,-0.288,55.28169014084507,8.507018290089645,57.851386271047716,0,0,0,0,,
GIGGLE,2026-07-12T14:18:18.498Z,2026-07-12T14:18:18.498168Z,2026-07-12T16:18:18.498168Z,7304.594311,7,26.865000000000002,11.166945840311774,8.330261702911912,3.589,57.74647887323944,11.166945840311774,70.77128383493515,2,0,2,0,1.0,False
KITE,2026-07-12T14:18:57.970Z,2026-07-12T14:18:57.970978Z,2026-07-12T16:18:57.970978Z,7265.121501,7,0.11635000000000001,8.594757198109399,5.202821869488538,-4.061,53.87323943661972,8.594757198109399,49.29271734670915,0,0,0,0,,
MANTA,2026-07-12T14:19:10.225Z,2026-07-12T14:19:10.225278Z,2026-07-12T16:19:10.225278Z,7252.867201,7,0.05781,10.378827192528023,7.091222030981065,0.207,48.943661971830984,10.378827192528023,66.38910304970703,3,1,2,0,0.3333,False
RSR,2026-07-12T14:19:47.324Z,2026-07-12T14:19:47.324344Z,2026-07-12T16:19:47.324344Z,7215.768135,7,0.0012435,8.041817450744935,5.684547638110496,-2.574,46.12676056338028,8.041817450744935,54.475328462337345,0,0,0,0,,
SAGA,2026-07-12T14:19:54.737Z,2026-07-12T14:19:54.737832Z,2026-07-12T16:19:54.737832Z,7208.354647,7,0.012815,7.803355442840104,5.598755832037326,-2.354,48.23943661971831,7.803355442840104,63.007487640299516,0,0,0,0,,
SKL,2026-07-12T14:20:17.437Z,2026-07-12T14:20:17.439382Z,2026-07-12T16:20:17.439382Z,7785.71723,7,0.004595,65.28835690968555,9.1304347826087,-4.564,55.63380281690141,65.28835690968555,54.983783988329776,7,7,0,0,1.0,False
TST,2026-07-12T14:20:35.580Z,2026-07-12T14:20:35.580488Z,2026-07-12T16:20:35.580488Z,7767.576124,7,0.01051,19.02949571836269,9.369202226345072,3.954,49.29577464788732,19.02949571836269,49.48419479981171,2,0,2,0,0.0,False
UMA,2026-07-12T14:20:49.151Z,2026-07-12T14:20:49.152130Z,2026-07-12T16:20:49.152130Z,7754.004482,7,0.3755,26.631158455392832,15.873015873015872,-3.325,46.83098591549296,26.631158455392832,54.587417942592886,1,1,0,0,1.0,False
USUAL,2026-07-12T14:20:54.347Z,2026-07-12T14:20:54.347739Z,2026-07-12T16:20:54.347739Z,7748.808873,7,0.00946,21.14164904862493,10.33434650455927,7.399,51.056338028169016,21.14164904862493,59.449696719088124,1,1,0,0,1.0,False
API3,2026-07-12T14:26:58.307Z,2026-07-12T14:26:58.308182Z,2026-07-12T16:26:58.308182Z,7384.84843,7,0.22585,13.28315253486804,5.30236634531113,-0.783,40.84507042253521,13.28315253486804,38.52968290454461,0,0,0,0,,
EDEN,2026-07-12T14:27:28.507Z,2026-07-12T14:27:28.507710Z,2026-07-12T16:27:28.507710Z,7354.648902,7,0.043789999999999996,18.269011189770197,4.313725490196071,1.38,31.690140845070424,18.269011189770197,68.65042233156483,0,0,0,0,,
HEI,2026-07-12T14:27:46.138Z,2026-07-12T14:27:46.138912Z,2026-07-12T16:27:46.138912Z,7337.0177,7,0.1068,18.726591760298863,5.865657521286657,0.763,30.281690140845072,18.726591760298863,57.7372562024779,1,1,0,0,1.0,False
LA,2026-07-12T14:28:14.333Z,2026-07-12T14:28:14.333672Z,2026-07-12T16:28:14.333672Z,7308.82294,7,0.05845,51.325919589392925,10.52631578947369,-2.159,38.732394366197184,51.325919589392925,57.266649490392524,0,0,0,0,,
MET,2026-07-12T14:28:32.997Z,2026-07-12T14:28:32.997267Z,2026-07-12T16:28:32.997267Z,7290.159345,7,0.15005000000000002,19.993335554814706,5.7104913678618825,-2.964,32.04225352112676,19.993335554814706,43.01628662543676,20,7,7,6,0.45,False
MOVE,2026-07-12T14:28:44.998Z,2026-07-12T14:28:44.998889Z,2026-07-12T16:28:44.998889Z,7278.157723,7,0.01105,90.4977375565621,4.545454545454549,-2.655,31.338028169014084,90.4977375565621,52.68878368504357,0,0,0,0,,
OSMO,2026-07-12T14:29:16.699Z,2026-07-12T14:29:16.699416Z,2026-07-12T16:29:16.699416Z,7246.457196,7,0.03515,28.449502133713473,8.022922636103162,-1.966,41.901408450704224,28.449502133713473,62.265278859414835,1,1,0,0,1.0,False
QNT,2026-07-12T14:29:23.731Z,2026-07-12T14:29:23.732153Z,2026-07-12T16:29:23.732153Z,7239.424459,7,65.85499999999999,10.629413104548995,2.525098874353509,-2.071,32.394366197183096,10.629413104548995,42.53191647073984,67,13,50,4,-0.0448,False
RED,2026-07-12T14:29:37.239Z,2026-07-12T14:29:37.239504Z,2026-07-12T16:29:37.239504Z,7225.917108,7,0.11460000000000001,17.45200698080208,8.771929824561399,2.703,42.605633802816904,17.45200698080208,63.21842075863193,0,0,0,0,,
SHELL,2026-07-12T14:29:54.001Z,2026-07-12T14:29:54.002124Z,2026-07-12T16:29:54.002124Z,7209.154488,7,0.021249999999999998,47.058823529411484,5.660377358490565,-4.072,39.08450704225352,47.058823529411484,51.48464804768716,0,0,0,0,,
SPK,2026-07-12T14:30:09.696Z,2026-07-12T14:30:09.696940Z,2026-07-12T16:30:09.696940Z,7794.105352,7,0.017065999999999998,12.891128559708028,3.8427794349885818,-2.034,33.098591549295776,12.891128559708028,61.758383787844544,23,10,12,1,0.913,False
STEEM,2026-07-12T14:30:17.343Z,2026-07-12T14:30:17.344120Z,2026-07-12T16:30:17.344120Z,7786.458172,7,0.040945,51.28831359140355,11.573061026015075,-1.272,43.309859154929576,51.28831359140355,46.96816104082545,1,0,1,0,1.0,False
BEAMX,2026-07-12T14:36:44.817Z,2026-07-12T14:36:44.818184Z,2026-07-12T16:36:44.818184Z,7398.984108,7,0.0016129999999999999,12.399256044637625,6.917850525015436,1.314,29.225352112676056,12.399256044637625,37.46131307249055,0,0,0,0,,
BOME,2026-07-12T14:36:58.099Z,2026-07-12T14:36:58.099845Z,2026-07-12T16:36:58.099845Z,7385.702447,7,0.0004141,4.829751267809826,5.466860183841318,-1.006,20.422535211267604,4.829751267809826,49.409617357785905,3,3,0,0,1.0,False
ENS,2026-07-12T14:37:42.907Z,2026-07-12T14:37:42.907735Z,2026-07-12T16:37:42.907735Z,7340.894557,7,4.125,24.242424242423727,3.381642512077309,-1.193,24.64788732394366,24.242424242423727,61.52320183495538,0,0,0,0,,
F,2026-07-12T14:37:55.639Z,2026-07-12T14:37:55.639913Z,2026-07-12T16:37:55.639913Z,7328.162379,7,0.003465,28.860028860028933,4.970760233918129,-2.006,29.577464788732396,28.860028860028933,60.84470660083855,0,0,0,0,,
FLUX,2026-07-12T14:38:09.216Z,2026-07-12T14:38:09.216557Z,2026-07-12T16:38:09.216557Z,7314.585735,7,0.04455,22.446689113356424,9.151785714285714,-1.322,21.830985915492956,22.446689113356424,31.733359895899795,0,0,0,0,,
GPS,2026-07-12T14:38:23.219Z,2026-07-12T14:38:23.220170Z,2026-07-12T16:38:23.220170Z,7300.582122,7,0.01039,19.249278152068513,5.603864734299523,1.471,21.12676056338028,19.249278152068513,63.176712218227564,0,0,0,0,,
HIVE,2026-07-12T14:38:30.321Z,2026-07-12T14:38:30.321945Z,2026-07-12T16:38:30.321945Z,7293.480347,7,0.049199999999999994,40.650406504064804,4.242424242424238,-1.59,19.014084507042252,40.650406504064804,56.21198251217636,2,0,0,2,0.0,False
NEO,2026-07-12T14:39:00.499Z,2026-07-12T14:39:00.499360Z,2026-07-12T16:39:00.499360Z,7263.302932,7,1.9625,5.095541401274456,2.5888324873096527,-0.806,28.169014084507044,5.095541401274456,67.11431707797642,0,0,0,0,,
NIL,2026-07-12T14:39:09.048Z,2026-07-12T14:39:09.048383Z,2026-07-12T16:39:09.048383Z,7254.753909,7,0.035565,25.305778152678137,3.456221198156681,-1.504,23.239436619718308,25.305778152678137,46.042443755581694,0,0,0,0,,
PEOPLE,2026-07-12T14:39:20.264Z,2026-07-12T14:39:20.264602Z,2026-07-12T16:39:20.264602Z,7243.53769,7,0.005495,18.19836214740599,5.109489051094888,-2.491,15.845070422535212,18.19836214740599,44.39086942059461,1,1,0,0,1.0,False
REZ,2026-07-12T14:39:26.253Z,2026-07-12T14:39:26.253329Z,2026-07-12T16:39:26.253329Z,7237.548963,7,0.0025989999999999997,7.695267410541869,5.893464299206661,-1.379,17.95774647887324,7.695267410541869,61.94963504423506,12,5,7,0,0.25,False
TNSR,2026-07-12T14:39:55.090Z,2026-07-12T14:39:55.090612Z,2026-07-12T16:39:55.090612Z,7208.71168,7,0.0312,64.10256410256483,5.73248407643312,-3.385,26.760563380281692,64.10256410256483,49.45453294344358,1,0,1,0,1.0,False
1000CAT,2026-07-12T14:45:46.484Z,2026-07-12T14:45:46.484685Z,2026-07-12T16:45:46.484685Z,7457.431715,7,0.001315,76.04562737642605,4.545454545454557,-0.752,9.859154929577464,76.04562737642605,50.24377283827207,66,9,53,4,0.0758,False
A,2026-07-12T14:45:53.755Z,2026-07-12T14:45:53.755398Z,2026-07-12T16:45:53.755398Z,7450.161002,7,0.07325000000000001,40.95563139931858,5.114401076716013,-2.876,13.732394366197184,40.95563139931858,55.739400019715504,0,0,0,0,,
BB,2026-07-12T14:46:29.652Z,2026-07-12T14:46:29.652648Z,2026-07-12T16:46:29.652648Z,7414.263752,7,0.01915,52.21932114882475,3.6458333333333295,-1.031,14.788732394366198,52.21932114882475,42.966522212947595,0,0,0,0,,
HAEDAL,2026-07-12T14:47:27.634Z,2026-07-12T14:47:27.634213Z,2026-07-12T16:47:27.634213Z,7356.282187,7,0.016585000000000003,18.088634308108997,3.9156626506024175,-1.659,10.211267605633802,18.088634308108997,59.942545917493746,0,0,0,0,,
KERNEL,2026-07-12T14:47:42.854Z,2026-07-12T14:47:42.854881Z,2026-07-12T16:47:42.854881Z,7341.061519,7,0.04055,24.660912453759785,3.23383084577115,-2.19,15.492957746478874,24.660912453759785,56.042136952415284,0,0,0,0,,
MAGIC,2026-07-12T14:47:59.470Z,2026-07-12T14:47:59.471146Z,2026-07-12T16:47:59.471146Z,7324.445254,7,0.0431,46.40371229698509,3.91705069124424,-0.686,3.8732394366197185,46.40371229698509,46.14570692392097,10,0,10,0,1.0,False
ONT,2026-07-12T14:48:29.318Z,2026-07-12T14:48:29.318647Z,2026-07-12T16:48:29.318647Z,7294.597753,7,0.045245,11.050944855783952,3.2172763331864327,-2.325,8.450704225352112,11.050944855783952,58.07520171757073,1,0,0,1,-1.0,False
PIXEL,2026-07-12T14:48:36.729Z,2026-07-12T14:48:36.730007Z,2026-07-12T16:48:36.730007Z,7287.186393,7,0.00473,42.2832980972517,5.285412262156453,-2.474,14.084507042253522,42.2832980972517,63.63288260484331,57,15,38,4,0.0877,False
PROVE,2026-07-12T14:48:43.832Z,2026-07-12T14:48:43.832493Z,2026-07-12T16:48:43.832493Z,7280.083907,7,0.20005,34.991252186953574,2.3000000000000105,-0.843,4.577464788732394,34.991252186953574,47.306944720784294,0,0,0,0,,
SUSHI,2026-07-12T14:48:54.803Z,2026-07-12T14:48:54.803910Z,2026-07-12T16:48:54.803910Z,7269.11249,7,0.1649,60.64281382656161,4.960195958358846,-2.04,12.32394366197183,60.64281382656161,40.978156876157605,0,0,0,0,,
VELODROME,2026-07-12T14:49:08.698Z,2026-07-12T14:49:08.698284Z,2026-07-12T16:49:08.698284Z,7255.218116,7,0.021464999999999998,23.293733985556937,4.33162552398696,-2.763,6.338028169014085,23.293733985556937,44.62201011166749,0,0,0,0,,
YB,2026-07-12T14:49:24.145Z,2026-07-12T14:49:24.145684Z,2026-07-12T16:49:24.145684Z,7239.770716,7,0.0748,26.737967914437412,5.1519154557463676,-3.073,10.915492957746478,26.737967914437412,46.54985864598795,0,0,0,0,,
AAVE,2026-07-12T14:55:13.052Z,2026-07-12T14:55:13.052673Z,2026-07-12T16:55:13.052673Z,7494.737391,7,99.11500000000001,1.0089290218438294,5.595813204508859,0.914,96.12676056338029,1.0089290218438294,61.437612014352375,3,2,0,1,0.3333,False
ADA,2026-07-12T14:55:18.489Z,2026-07-12T14:55:18.489838Z,2026-07-12T16:55:18.489838Z,7489.300226,7,0.16444999999999999,6.080875646094055,7.384987893462462,-1.314,96.83098591549296,6.080875646094055,59.87765643653669,29,14,11,4,0.7241,False
AVAX,2026-07-12T14:55:28.228Z,2026-07-12T14:55:28.228654Z,2026-07-12T16:55:28.228654Z,7479.56141,7,6.4215,1.5572685509607502,7.878411910669975,-3.976,91.54929577464789,1.5572685509607502,63.22142649867325,19,11,8,0,0.7895,False
BNB,2026-07-12T14:55:37.713Z,2026-07-12T14:55:37.713799Z,2026-07-12T16:55:37.713799Z,7470.076265,7,580.945,0.17213333448073234,2.5132548371548618,0.229,98.59154929577464,0.17213333448073234,69.27361974200858,29,18,9,2,0.6552,False
COTI,2026-07-12T14:55:49.329Z,2026-07-12T14:55:49.330020Z,2026-07-12T16:55:49.330020Z,7458.460044,7,0.008060000000000001,24.813895781638852,3.7174721189591065,-2.182,0.352112676056338,24.813895781638852,41.93710878146889,0,0,0,0,,
ENA,2026-07-12T14:56:06.167Z,2026-07-12T14:56:06.167962Z,2026-07-12T16:56:06.167962Z,7441.622102,7,0.08155000000000001,12.26241569589244,6.150061500614995,-1.095,93.30985915492958,12.26241569589244,66.3922831016994,7,3,3,1,0.4286,False
EUR,2026-07-12T14:56:15.348Z,2026-07-12T14:56:15.349011Z,2026-07-12T16:56:15.349011Z,7432.441053,7,1.1412499999999999,0.8762322015333098,0.14896600070101954,-0.009,97.1830985915493,0.8762322015333098,58.51725433336352,0,0,0,0,,
LTC,2026-07-12T14:56:36.861Z,2026-07-12T14:56:36.861478Z,2026-07-12T16:56:36.861478Z,7410.928586,7,44.785,2.2328904767216726,2.7510624021471792,-0.931,88.73239436619718,2.2328904767216726,61.094512912347234,27,20,7,0,0.9259,False
SOL,2026-07-12T14:56:54.928Z,2026-07-12T14:56:54.928596Z,2026-07-12T16:56:54.928596Z,7392.861468,7,77.505,1.2902393393981182,4.189294026377048,-0.872,98.94366197183099,1.2902393393981182,66.45839183313889,35,15,16,4,0.9429,False
SXT,2026-07-12T14:57:05.209Z,2026-07-12T14:57:05.209704Z,2026-07-12T16:57:05.209704Z,7382.58036,7,0.0095,21.05263157894651,40.40948275862069,26.603,87.67605633802818,21.05263157894651,57.999639872145366,10,8,2,0,0.9,False
SYN,2026-07-12T14:57:10.646Z,2026-07-12T14:57:10.646586Z,2026-07-12T16:57:10.646586Z,7377.143478,7,0.309125,6.793368378487278,13.330212234706623,5.764,89.43661971830986,6.793368378487278,62.771839763946,11,10,1,0,0.8182,False
TLM,2026-07-12T14:57:21.001Z,2026-07-12T14:57:21.002118Z,2026-07-12T16:57:21.002118Z,7366.787946,7,0.0019425,36.03603603603635,22.572815533980574,11.957,89.08450704225352,36.03603603603635,73.82122484526708,2,2,0,0,1.0,False
XRP,2026-07-12T14:58:05.069Z,2026-07-12T14:58:05.069889Z,2026-07-12T16:58:05.069889Z,7322.720175,7,1.1016499999999998,0.9077293151181319,2.945186801199889,-0.704,98.2394366197183,0.9077293151181319,61.75150544496585,54,12,36,6,0.8704,False
ONDO,2026-07-12T15:04:06.044Z,2026-07-12T15:04:06.044552Z,2026-07-12T17:04:06.044552Z,7558.401933,7,0.32825,3.0464584920027113,4.563431700638885,-1.024,86.26760563380282,3.0464584920027113,67.92715752582757,8,5,3,0,0.25,False
CRV,2026-07-12T15:10:07.011Z,2026-07-12T15:10:07.011786Z,2026-07-12T17:10:07.011786Z,7797.190352,7,0.20855,4.795013186287065,6.495395055744073,-0.242,84.85915492957747,4.795013186287065,68.42241458468428,1,1,0,0,1.0,False
DOT,2026-07-12T15:10:12.952Z,2026-07-12T15:10:12.953054Z,2026-07-12T17:10:12.953054Z,7791.249084,7,0.8405,11.89767995240929,5.194805194805199,-3.421,81.69014084507042,11.89767995240929,58.22382812485415,4,2,1,1,0.75,False
DYDX,2026-07-12T15:10:18.309Z,2026-07-12T15:10:18.309655Z,2026-07-12T17:10:18.309655Z,7785.892483,7,0.13311,13.522650439487151,5.743065473953249,3.63,75.35211267605634,13.522650439487151,69.59329520305936,1,1,0,0,1.0,False
GALA,2026-07-12T15:10:41.702Z,2026-07-12T15:10:41.702668Z,2026-07-12T17:10:41.702668Z,7762.49947,7,0.0020715,4.827419744147394,3.3906399235912072,-1.828,72.53521126760563,4.827419744147394,58.26864221853924,1,0,0,1,-1.0,False
HMSTR,2026-07-12T15:10:53.277Z,2026-07-12T15:10:53.278169Z,2026-07-12T17:10:53.278169Z,7750.923969,7,0.00021305,14.081201595869857,13.387715930902111,-8.836,78.52112676056338,14.081201595869857,37.94416531825382,0,0,0,0,,
ICP,2026-07-12T15:10:58.623Z,2026-07-12T15:10:58.623489Z,2026-07-12T17:10:58.623489Z,7745.578649,7,2.2495000000000003,4.445432318292464,3.465126610395393,-1.488,83.45070422535211,4.445432318292464,48.45586532853198,8,5,3,0,1.0,False
INJ,2026-07-12T15:11:04.635Z,2026-07-12T15:11:04.635632Z,2026-07-12T17:11:04.635632Z,7739.566506,7,4.920999999999999,4.064214590529933,5.394276302244193,-2.938,84.15492957746478,4.064214590529933,51.295578697943114,14,5,9,0,0.2857,False
KAITO,2026-07-12T15:11:17.083Z,2026-07-12T15:11:17.083324Z,2026-07-12T17:11:17.083324Z,7727.118814,7,0.6676500000000001,10.484535310417641,6.931580519868538,3.558,78.87323943661971,10.484535310417641,71.74481589196313,0,0,0,0,,
MORPHO,2026-07-12T15:11:33.029Z,2026-07-12T15:11:33.029294Z,2026-07-12T17:11:33.029294Z,7711.172844,7,2.0084999999999997,4.978839930295694,13.806903451725852,-6.98,80.98591549295774,4.978839930295694,61.75718016536247,3,0,2,1,1.0,False
PUMP,2026-07-12T15:11:51.399Z,2026-07-12T15:11:51.399875Z,2026-07-12T17:11:51.399875Z,7692.802263,7,0.0014494999999999998,6.89893066574623,6.223479490806222,-2.01,79.5774647887324,6.89893066574623,57.23476888050645,45,39,2,4,0.7556,False
PYTH,2026-07-12T15:11:57.723Z,2026-07-12T15:11:57.723957Z,2026-07-12T17:11:57.723957Z,7686.478181,7,0.047565,14.71670345842544,7.635363790186115,-2.314,74.29577464788733,14.71670345842544,58.93575422960942,5,4,1,0,1.0,False
RUNE,2026-07-12T15:12:13.087Z,2026-07-12T15:12:13.087945Z,2026-07-12T17:12:13.087945Z,7671.114193,7,0.4055,24.66091245376081,2.469135802469124,0.0,76.05633802816901,24.66091245376081,62.258001602804484,2,1,1,0,1.0,False
SEI,2026-07-12T15:12:18.583Z,2026-07-12T15:12:18.583721Z,2026-07-12T17:12:18.583721Z,7665.618417,7,0.049295,6.085809919870625,4.428715874620824,-0.763,73.2394366197183,6.085809919870625,65.4200229417247,2,2,0,0,1.0,False
SHIB,2026-07-12T15:12:25.899Z,2026-07-12T15:12:25.899798Z,2026-07-12T17:12:25.899798Z,7658.30234,7,4.295e-06,23.28288707799942,3.9534883720930245,-2.05,73.59154929577464,23.28288707799942,61.060731536322216,15,11,3,1,0.4667,False
SYRUP,2026-07-12T15:12:31.496Z,2026-07-12T15:12:31.496847Z,2026-07-12T17:12:31.496847Z,7652.705291,7,0.18945,5.278437582475005,6.367041198501869,-3.311,83.09859154929578,5.278437582475005,53.5037211634274,1,1,0,0,1.0,False
TIA,2026-07-12T15:12:39.281Z,2026-07-12T15:12:39.281292Z,2026-07-12T17:12:39.281292Z,7644.920846,7,0.40385,2.4761668936483594,6.145526057030487,-1.501,82.04225352112677,2.4761668936483594,54.763539766010844,1,1,0,0,1.0,False
TREE,2026-07-12T15:12:45.271Z,2026-07-12T15:12:45.271188Z,2026-07-12T17:12:45.271188Z,7638.93095,7,0.04385,22.80501710376348,7.900677200902942,1.142,85.91549295774648,22.80501710376348,59.19433694695345,0,0,0,0,,
WIF,2026-07-12T15:12:57.044Z,2026-07-12T15:12:57.044477Z,2026-07-12T17:12:57.044477Z,7627.157661,7,0.15015,6.660006660005926,4.572564612326037,-1.886,79.92957746478874,6.660006660005926,68.86566433720179,16,10,2,4,0.625,False
ZK,2026-07-12T15:13:07.159Z,2026-07-12T15:13:07.159827Z,2026-07-12T17:13:07.159827Z,7617.042311,7,0.010475,9.54653937947455,3.8095238095238195,-2.326,77.46478873239437,9.54653937947455,66.38991689133817,1,1,0,0,1.0,False
ZRO,2026-07-12T15:13:14.436Z,2026-07-12T15:13:14.437154Z,2026-07-12T17:13:14.437154Z,7609.764984,7,0.8755,11.42204454597374,6.666666666666672,-4.221,81.33802816901408,11.42204454597374,47.10831507157801,4,0,3,1,0.0,False
POL,2026-07-12T15:18:34.773Z,2026-07-12T15:18:34.774152Z,2026-07-12T17:18:34.774152Z,7289.427986,7,0.08041000000000001,2.487252829250855,2.24282671344443,-0.063,72.88732394366197,2.487252829250855,65.16258488235262,7,3,4,0,0.7143,False
0G,2026-07-12T15:19:05.213Z,2026-07-12T15:19:05.213884Z,2026-07-12T17:19:05.213884Z,7258.988254,7,0.1835,54.49591280653956,7.065217391304354,-5.641,67.6056338028169,54.49591280653956,57.15153805393968,0,0,0,0,,
BANK,2026-07-12T15:19:36.186Z,2026-07-12T15:19:36.186499Z,2026-07-12T17:19:36.186499Z,7228.015639,7,0.04005,24.968789013731815,12.17183770883055,-3.678,61.61971830985915,24.968789013731815,49.4431821843511,1,1,0,0,-1.0,False
KMNO,2026-07-12T15:20:23.021Z,2026-07-12T15:20:23.021915Z,2026-07-12T17:20:23.021915Z,7780.699848,7,0.018595,5.377789728421399,4.925053533190582,-1.684,66.90140845070422,5.377789728421399,61.879086587105554,4,3,0,1,1.0,False
MEME,2026-07-12T15:20:30.368Z,2026-07-12T15:20:30.368535Z,2026-07-12T17:20:30.368535Z,7773.353228,7,0.0005585,17.905102954342425,8.407871198568863,-2.273,63.028169014084504,17.905102954342425,61.07172510154655,50,24,21,5,0.52,False
MITO,2026-07-12T15:20:37.867Z,2026-07-12T15:20:37.868041Z,2026-07-12T17:20:37.868041Z,7765.853722,7,0.021054999999999997,14.248397055330697,17.07431796801504,-3.011,64.78873239436619,14.248397055330697,61.195348632118346,1,1,0,0,1.0,False
NEIRO,2026-07-12T15:20:45.010Z,2026-07-12T15:20:45.011060Z,2026-07-12T17:20:45.011060Z,7758.710703,7,6.187e-05,19.395506707611453,6.104042518924147,-3.512,63.38028169014085,19.395506707611453,65.11130427046815,8,7,0,1,1.0,False
PARTI,2026-07-12T15:21:03.734Z,2026-07-12T15:21:03.734305Z,2026-07-12T17:21:03.734305Z,7739.987458,7,0.03135,31.89792663476744,7.716049382716035,-4.425,69.01408450704226,31.89792663476744,57.56774183078151,2,1,1,0,0.0,False
RENDER,2026-07-12T15:21:08.842Z,2026-07-12T15:21:08.842839Z,2026-07-12T17:21:08.842839Z,7734.878924,7,1.5474999999999999,6.4620355411962,4.0488431876606645,-1.457,68.66197183098592,6.4620355411962,59.312875242891586,3,2,0,1,1.0,False
RESOLV,2026-07-12T15:21:15.359Z,2026-07-12T15:21:15.359599Z,2026-07-12T17:21:15.359599Z,7728.362164,7,0.02035,49.14004914005054,11.538461538461537,7.772,60.91549295774648,49.14004914005054,63.65256101081609,0,0,0,0,,
RPL,2026-07-12T15:21:29.356Z,2026-07-12T15:21:29.356882Z,2026-07-12T17:21:29.356882Z,7714.364881,7,1.8050000000000002,55.40166204986154,10.270270270270267,5.714,60.563380281690144,55.40166204986154,72.77264815802074,2,2,0,0,0.0,False
SKY,2026-07-12T15:21:41.008Z,2026-07-12T15:21:41.009080Z,2026-07-12T17:21:41.009080Z,7702.712683,7,0.060965000000000005,8.20142704830664,8.651976668826956,2.457,71.12676056338029,8.20142704830664,62.054237237877395,63,14,42,7,-0.1746,False
TURBO,2026-07-12T15:22:06.571Z,2026-07-12T15:22:06.571803Z,2026-07-12T17:22:06.571803Z,7677.14996,7,0.0008415,11.88354129530629,12.617924528301886,-4.933,60.2112676056338,11.88354129530629,59.956206507436484,3,2,1,0,1.0,False
TUT,2026-07-12T15:22:12.974Z,2026-07-12T15:22:12.974193Z,2026-07-12T17:22:12.974193Z,7670.74757,7,0.012465,40.11231448054528,12.822580645161299,-5.054,59.859154929577464,40.11231448054528,63.145677983880084,0,0,0,0,,
AVNT,2026-07-12T15:28:03.357Z,2026-07-12T15:28:03.358271Z,2026-07-12T17:28:03.358271Z,7320.363492,7,0.09825,10.178117048346346,6.418219461697734,-2.326,51.76056338028169,10.178117048346346,57.24578882162165,0,0,0,0,,
DOGS,2026-07-12T15:28:38.018Z,2026-07-12T15:28:38.019006Z,2026-07-12T17:28:38.019006Z,7285.702757,7,3.881e-05,10.30662200463788,6.723120348986396,-4.485,50.70422535211268,10.30662200463788,49.30422791145086,2,2,0,0,1.0,False
FLOKI,2026-07-12T15:28:53.415Z,2026-07-12T15:28:53.416364Z,2026-07-12T17:28:53.416364Z,7270.305399,7,2.2595e-05,4.4257579110429734,4.749340369393139,-2.821,48.59154929577465,4.4257579110429734,62.030452976505124,2,1,0,1,1.0,False
GUN,2026-07-12T15:29:00.703Z,2026-07-12T15:29:00.703957Z,2026-07-12T17:29:00.703957Z,7263.017806,7,0.004045,24.721878862792565,5.783132530120497,2.469,47.53521126760563,24.721878862792565,56.483320061672096,1,1,0,0,1.0,False
HEMI,2026-07-12T15:29:13.262Z,2026-07-12T15:29:13.262773Z,2026-07-12T17:29:13.262773Z,7250.45899,7,0.004495,22.246941045605322,5.530973451327439,-0.441,50.352112676056336,22.246941045605322,61.19483170768733,0,0,0,0,,
HOME,2026-07-12T15:29:18.827Z,2026-07-12T15:29:18.827577Z,2026-07-12T17:29:18.827577Z,7244.894186,7,0.014605,6.846970215679283,7.293796864349021,-5.049,47.88732394366197,6.846970215679283,58.498198145222645,27,19,8,0,0.8519,False
HYPER,2026-07-12T15:29:25.476Z,2026-07-12T15:29:25.476577Z,2026-07-12T17:29:25.476577Z,7238.245186,7,0.06875,14.54545454545496,5.102040816326536,-3.38,54.929577464788736,14.54545454545496,60.075153943111054,2,2,0,0,1.0,False
ORCA,2026-07-12T15:29:49.730Z,2026-07-12T15:29:49.731338Z,2026-07-12T17:29:49.731338Z,7213.990425,7,1.1665,8.572653236177555,4.79452054794521,-2.667,57.394366197183096,8.572653236177555,66.79293790170664,24,18,6,0,1.0,False
PAXG,2026-07-12T15:29:56.225Z,2026-07-12T15:29:56.225197Z,2026-07-12T17:29:56.225197Z,7207.496566,7,4096.145,0.024413198261557596,0.3044964463215113,-0.183,56.33802816901409,0.024413198261557596,44.37673296009881,3,3,0,0,1.0,False
PLUME,2026-07-12T15:30:10.551Z,2026-07-12T15:30:10.552150Z,2026-07-12T17:30:10.552150Z,7792.860257,7,0.010035,9.965122072744986,5.882352941176468,-2.017,45.774647887323944,9.965122072744986,60.20198586822928,0,0,0,0,,
PNUT,2026-07-12T15:30:18.302Z,2026-07-12T15:30:18.302606Z,2026-07-12T17:30:18.302606Z,7785.109801,7,0.04265,23.446658851114385,4.195804195804203,-2.278,45.070422535211264,23.446658851114385,62.399213592101745,62,12,46,4,0.3548,False
RAY,2026-07-12T15:30:23.733Z,2026-07-12T15:30:23.733905Z,2026-07-12T17:30:23.733905Z,7779.678502,7,0.6892499999999999,7.254261878854639,5.134545454545454,-1.996,49.29577464788732,7.254261878854639,58.9211976311851,4,4,0,0,1.0,False
SAPIEN,2026-07-12T15:30:43.444Z,2026-07-12T15:30:43.444530Z,2026-07-12T17:30:43.444530Z,7759.967877,7,0.08,25.000000000000718,8.43989769820971,1.691,51.40845070422535,25.000000000000718,61.516418390039206,0,0,0,0,,
SOMI,2026-07-12T15:30:59.919Z,2026-07-12T15:30:59.920214Z,2026-07-12T17:30:59.920214Z,7743.492193,7,0.10355,9.657170449058702,5.096153846153846,-1.328,51.056338028169016,9.657170449058702,64.09749668257018,1,1,0,0,1.0,False
SSV,2026-07-12T15:31:07.585Z,2026-07-12T15:31:07.585797Z,2026-07-12T17:31:07.585797Z,7735.82661,7,2.0925000000000002,14.336917562722434,6.451612903225791,-3.718,54.225352112676056,14.336917562722434,48.21897664685559,0,0,0,0,,
THETA,2026-07-12T15:31:14.663Z,2026-07-12T15:31:14.664063Z,2026-07-12T17:31:14.664063Z,7728.748344,7,0.1491,13.413816230718023,7.970529135967847,-3.615,53.87323943661972,13.413816230718023,63.573976404720696,3,2,0,1,0.3333,False
TWT,2026-07-12T15:31:25.500Z,2026-07-12T15:31:25.500662Z,2026-07-12T17:31:25.500662Z,7717.911745,7,0.35155000000000003,25.60091025458559,3.475014359563469,-0.372,44.014084507042256,25.60091025458559,59.5998667656924,3,1,1,1,-0.3333,False
USDE,2026-07-12T15:31:30.734Z,2026-07-12T15:31:30.735155Z,2026-07-12T17:31:30.735155Z,7712.677252,7,1.0000499999999999,0.999950002499765,0.11000000000001009,-0.03,56.690140845070424,0.999950002499765,64.90313232709804,2,2,0,0,1.0,False
ZEN,2026-07-12T15:31:48.550Z,2026-07-12T15:31:48.550292Z,2026-07-12T17:31:48.550292Z,7694.862115,7,4.2415,7.072969468348729,3.9971448965025016,0.262,52.11267605633803,7.072969468348729,72.34678566132492,1,1,0,0,1.0,False
ZKC,2026-07-12T15:31:54.023Z,2026-07-12T15:31:54.023694Z,2026-07-12T17:31:54.023694Z,7689.388713,7,0.04455,22.446689113356424,6.502242152466367,-0.668,48.23943661971831,22.446689113356424,64.1080559160685,0,0,0,0,,
1000CHEEMS,2026-07-12T15:37:25.093Z,2026-07-12T15:37:25.093848Z,2026-07-12T17:37:25.093848Z,7358.318559,7,0.000468,85.47008547008524,5.579399141630898,-2.917,35.2112676056338,85.47008547008524,44.11475534707688,0,0,0,0,,
ANIME,2026-07-12T15:37:33.089Z,2026-07-12T15:37:33.089282Z,2026-07-12T17:37:33.089282Z,7350.323125,7,0.0028250000000000003,35.398230088495666,3.873239436619713,0.709,42.95774647887324,35.398230088495666,57.103256112646626,0,0,0,0,,
BABY,2026-07-12T15:37:44.221Z,2026-07-12T15:37:44.221249Z,2026-07-12T17:37:44.221249Z,7339.191158,7,0.013025,7.67754318618011,4.569687738004582,-1.574,35.563380281690144,7.67754318618011,59.08181185326341,0,0,0,0,,
BROCCOLI714,2026-07-12T15:38:03.409Z,2026-07-12T15:38:03.409713Z,2026-07-12T17:38:03.409713Z,7320.002694,7,0.012709999999999999,15.73564122738074,7.193119624706807,-4.552,36.267605633802816,15.73564122738074,59.287337833964585,0,0,0,0,,
COOKIE,2026-07-12T15:38:18.437Z,2026-07-12T15:38:18.437948Z,2026-07-12T17:38:18.437948Z,7304.974459,7,0.00935,106.95187165775522,5.376344086021493,-3.125,32.04225352112676,106.95187165775522,52.092206122549705,0,0,0,0,,
GRT,2026-07-12T15:38:40.061Z,2026-07-12T15:38:40.062067Z,2026-07-12T17:38:40.062067Z,7283.35034,7,0.017605000000000003,5.680204487361313,3.743618831537158,-2.11,38.38028169014085,5.680204487361313,62.60059081706727,31,5,17,9,-0.4194,False
HUMA,2026-07-12T15:38:46.354Z,2026-07-12T15:38:46.354365Z,2026-07-12T17:38:46.354365Z,7277.058042,7,0.02301,17.383746197304813,3.820524211461571,-0.044,42.25352112676056,17.383746197304813,56.97570756888025,0,0,0,0,,
IO,2026-07-12T15:38:53.976Z,2026-07-12T15:38:53.976586Z,2026-07-12T17:38:53.976586Z,7269.435821,7,0.16275,6.144393241166759,7.203907203907208,-4.434,37.32394366197183,6.144393241166759,61.972160958781636,1,1,0,0,1.0,False
KAIA,2026-07-12T15:39:03.206Z,2026-07-12T15:39:03.206868Z,2026-07-12T17:39:03.206868Z,7260.205539,7,0.035250000000000004,28.368794326239975,2.8490028490028516,-0.284,33.80281690140845,28.368794326239975,68.04373642871042,0,0,0,0,,
LAYER,2026-07-12T15:39:16.304Z,2026-07-12T15:39:16.304318Z,2026-07-12T17:39:16.304318Z,7247.108089,7,0.06615,15.117157974299166,3.039513677811553,-2.806,38.732394366197184,15.117157974299166,43.52701207812755,2,1,1,0,1.0,False
LINEA,2026-07-12T15:39:24.613Z,2026-07-12T15:39:24.613490Z,2026-07-12T17:39:24.613490Z,7238.798917,7,0.0023985,4.169272461955942,4.338756779307465,-3.073,37.67605633802817,4.169272461955942,63.82886646067474,0,0,0,0,,
MINA,2026-07-12T15:39:37.576Z,2026-07-12T15:39:37.576285Z,2026-07-12T17:39:37.576285Z,7225.836122,7,0.04315,23.174971031286873,3.6951501154734347,-2.477,34.50704225352113,23.174971031286873,49.18308119219917,1,0,1,0,-1.0,False
MUBARAK,2026-07-12T15:39:53.105Z,2026-07-12T15:39:53.105397Z,2026-07-12T17:39:53.105397Z,7210.30701,7,0.012675,7.8895463510844905,12.893081761006295,-0.469,40.84507042253521,7.8895463510844905,61.41548809997706,0,0,0,0,,
NOT,2026-07-12T15:40:05.803Z,2026-07-12T15:40:05.803660Z,2026-07-12T17:40:05.803660Z,7797.78924,7,0.00038250000000000003,26.14379084967242,4.947916666666674,-3.759,32.74647887323944,26.14379084967242,55.779428606989924,1,0,1,0,-1.0,False
OPEN,2026-07-12T15:40:10.808Z,2026-07-12T15:40:10.808216Z,2026-07-12T17:40:10.808216Z,7792.784684,7,0.14734999999999998,20.359687818119767,5.123087159015293,-1.7,39.08450704225352,20.359687818119767,69.32451199020643,14,6,7,1,0.7143,False
RARE,2026-07-12T15:40:25.992Z,2026-07-12T15:40:25.992834Z,2026-07-12T17:40:25.992834Z,7777.600066,7,0.012750000000000001,78.4313725490205,7.031249999999997,-0.775,39.7887323943662,78.4313725490205,61.17571823876919,1,1,0,0,1.0,False
SAHARA,2026-07-12T15:40:31.208Z,2026-07-12T15:40:31.208440Z,2026-07-12T17:40:31.208440Z,7772.38446,7,0.010165,9.83767830791893,5.2631578947368345,-3.266,31.338028169014084,9.83767830791893,60.66453258691032,0,0,0,0,,
SAND,2026-07-12T15:40:38.737Z,2026-07-12T15:40:38.737239Z,2026-07-12T17:40:38.737239Z,7764.855661,7,0.04827,8.286720530349776,3.253706754530488,-2.666,42.605633802816904,8.286720530349776,61.028512771630595,43,19,23,1,0.2558,False
SOLV,2026-07-12T15:40:49.386Z,2026-07-12T15:40:49.386602Z,2026-07-12T17:40:49.386602Z,7754.206298,7,0.0027150000000000004,36.83241252302035,6.617647058823531,-2.509,29.929577464788732,36.83241252302035,57.77328013863926,0,0,0,0,,
THE,2026-07-12T15:41:06.636Z,2026-07-12T15:41:06.637062Z,2026-07-12T17:41:06.637062Z,7736.955838,7,0.05345,18.709073900841148,6.493506493506499,-3.232,38.028169014084504,18.709073900841148,61.934620170132,22,9,7,6,0.1364,False
TOWNS,2026-07-12T15:41:14.145Z,2026-07-12T15:41:14.145958Z,2026-07-12T17:41:14.145958Z,7729.446942,7,0.001935,51.67958656330762,5.6994818652849775,-3.015,33.098591549295776,51.67958656330762,54.561224114000154,1,1,0,0,1.0,False
ZBT,2026-07-12T15:41:25.301Z,2026-07-12T15:41:25.301387Z,2026-07-12T17:41:25.301387Z,7718.291513,7,0.11725,8.528784648187878,6.7119796091758746,-2.808,41.901408450704224,8.528784648187878,51.66124169434484,0,0,0,0,,
1000SATS,2026-07-12T15:46:59.234Z,2026-07-12T15:46:59.234768Z,2026-07-12T17:46:59.234768Z,7384.358132,7,9.585e-06,31.298904538340857,4.205128205128199,1.457,20.774647887323944,31.298904538340857,69.40155845995326,60,12,48,0,0.9833,False
ACH,2026-07-12T15:47:07.661Z,2026-07-12T15:47:07.661343Z,2026-07-12T17:47:07.661343Z,7375.931557,7,0.004445,22.497187851517644,5.701754385964908,2.703,23.943661971830984,22.497187851517644,68.8288263805201,1,0,0,1,1.0,False
AIXBT,2026-07-12T15:47:15.120Z,2026-07-12T15:47:15.120961Z,2026-07-12T17:47:15.120961Z,7368.471939,7,0.01915,20.887728459529175,4.590505998956697,-3.133,19.366197183098592,20.887728459529175,44.62036677559668,3,3,0,0,1.0,False
ARKM,2026-07-12T15:47:22.962Z,2026-07-12T15:47:22.963499Z,2026-07-12T17:47:22.963499Z,7360.629401,7,0.11265,8.877052818463293,4.0000000000000036,-2.003,26.056338028169016,8.877052818463293,61.77769545521628,22,7,13,2,-0.3636,False
AXS,2026-07-12T15:47:29.878Z,2026-07-12T15:47:29.878441Z,2026-07-12T17:47:29.878441Z,7353.714459,7,0.9984999999999999,10.01502253380071,2.8169014084507067,-1.584,28.169014084507044,10.01502253380071,61.22588613681672,0,0,0,0,,
BLUR,2026-07-12T15:47:37.522Z,2026-07-12T15:47:37.522207Z,2026-07-12T17:47:37.522207Z,7346.070693,7,0.01705,23.460410557183796,6.967213114754098,-2.899,24.295774647887324,23.460410557183796,43.195377526864505,3,2,1,0,0.3333,False
C,2026-07-12T15:47:43.383Z,2026-07-12T15:47:43.383870Z,2026-07-12T17:47:43.383870Z,7340.20903,7,0.06595000000000001,15.163002274450772,4.457652303120361,-2.18,16.901408450704224,15.163002274450772,63.68190886484845,0,0,0,0,,
CATI,2026-07-12T15:47:50.318Z,2026-07-12T15:47:50.319839Z,2026-07-12T17:47:50.319839Z,7333.273061,7,0.040505,7.406493025552956,8.445106805762528,-3.569,16.197183098591548,7.406493025552956,60.6022200515398,1,0,1,0,1.0,False
CGPT,2026-07-12T15:48:02.972Z,2026-07-12T15:48:02.972728Z,2026-07-12T17:48:02.972728Z,7320.620172,7,0.01879,10.643959552953264,3.6624203821656036,-1.977,22.887323943661972,10.643959552953264,61.763868134586595,0,0,0,0,,
CKB,2026-07-12T15:48:09.933Z,2026-07-12T15:48:09.934029Z,2026-07-12T17:48:09.934029Z,7313.658871,7,0.00092,21.73913043478314,3.6598493003229233,0.108,25.35211267605634,21.73913043478314,59.70440814961651,0,0,0,0,,
COMP,2026-07-12T15:48:17.663Z,2026-07-12T15:48:17.663319Z,2026-07-12T17:48:17.663319Z,7305.929581,7,16.965,29.47244326554504,2.9533372711163617,-0.646,17.6056338028169,29.47244326554504,55.23983186630622,66,19,44,3,0.3788,False
CVX,2026-07-12T15:48:24.928Z,2026-07-12T15:48:24.929026Z,2026-07-12T17:48:24.929026Z,7298.663874,7,1.268,31.545741324921163,3.8338658146964715,-0.318,22.535211267605632,31.545741324921163,51.153599398296144,16,8,8,0,0.375,False
ENJ,2026-07-12T15:48:33.191Z,2026-07-12T15:48:33.191883Z,2026-07-12T17:48:33.191883Z,7290.401017,7,0.028715,17.41250217656327,3.443429374560781,-0.524,29.577464788732396,17.41250217656327,53.123582109717205,9,1,8,0,0.5556,False
ETC,2026-07-12T15:48:46.731Z,2026-07-12T15:48:46.731612Z,2026-07-12T17:48:46.731612Z,7276.861288,7,6.925,14.440433212996084,4.166666666666667,-1.972,27.816901408450704,14.440433212996084,63.57236578272883,6,6,0,0,1.0,False
FF,2026-07-12T15:48:52.974Z,2026-07-12T15:48:52.974835Z,2026-07-12T17:48:52.974835Z,7270.618065,7,0.061605,11.362714065416869,4.370137394471108,3.53,24.64788732394366,11.362714065416869,72.84764920447041,1,1,0,0,1.0,False
HOLO,2026-07-12T15:49:24.256Z,2026-07-12T15:49:24.256288Z,2026-07-12T17:49:24.256288Z,7239.336612,7,0.07235,13.821700069108896,5.914718019257238,-1.223,17.253521126760564,13.821700069108896,47.197060541476276,3,3,0,0,0.3333,False
IMX,2026-07-12T15:49:31.390Z,2026-07-12T15:49:31.390668Z,2026-07-12T17:49:31.390668Z,7232.202232,7,0.13415,7.454342154306131,3.160270880361181,-1.774,19.718309859154928,7.454342154306131,57.85982393708847,9,5,3,1,0.1111,False
NOM,2026-07-12T15:50:10.779Z,2026-07-12T15:50:10.779756Z,2026-07-12T17:50:10.779756Z,7792.738795,7,0.001585,63.09148264984243,6.250000000000003,1.266,25.0,63.09148264984243,65.99825144547144,0,0,0,0,,
ROSE,2026-07-12T15:50:24.410Z,2026-07-12T15:50:24.411116Z,2026-07-12T17:50:24.411116Z,7779.107435,7,0.005755,17.37619461338047,4.819277108433733,-3.005,26.760563380281692,17.37619461338047,56.88553487208827,62,7,53,2,0.3226,False
RVN,2026-07-12T15:50:32.688Z,2026-07-12T15:50:32.688646Z,2026-07-12T17:50:32.688646Z,7770.829905,7,0.003785,79.26023778071355,4.4736842105263275,-3.797,18.661971830985916,79.26023778071355,51.938255360275264,0,0,0,0,,
SIGN,2026-07-12T15:50:39.829Z,2026-07-12T15:50:39.829668Z,2026-07-12T17:50:39.829668Z,7763.688883,7,0.0087,22.988505747127494,5.727376861397485,-2.349,29.225352112676056,22.988505747127494,61.58034494698773,0,0,0,0,,
STO,2026-07-12T15:50:47.480Z,2026-07-12T15:50:47.480411Z,2026-07-12T17:50:47.480411Z,7756.03814,7,0.04425,22.598870056496256,3.7946428571428577,-0.444,26.408450704225352,22.598870056496256,64.86817791893257,0,0,0,0,,
VANA,2026-07-12T15:51:00.183Z,2026-07-12T15:51:00.183772Z,2026-07-12T17:51:00.183772Z,7743.334779,7,1.1989999999999998,16.68056713928275,4.8881524440762165,0.0,19.014084507042252,16.68056713928275,40.99670541091359,0,0,0,0,,
VET,2026-07-12T15:51:07.630Z,2026-07-12T15:51:07.630635Z,2026-07-12T17:51:07.630635Z,7735.887916,7,0.0049095,10.18433649047723,3.200163065633918,-2.193,18.309859154929576,10.18433649047723,53.872006243585574,11,2,8,1,0.7273,False
WAL,2026-07-12T15:51:14.499Z,2026-07-12T15:51:14.499477Z,2026-07-12T17:51:14.499477Z,7729.019074,7,0.031149999999999997,32.10272873194202,3.174603174603166,-1.254,21.47887323943662,32.10272873194202,59.01504353681944,0,0,0,0,,
YGG,2026-07-12T15:51:27.435Z,2026-07-12T15:51:27.435890Z,2026-07-12T17:51:27.435890Z,7716.082661,7,0.02191,9.128251939753165,4.47154471544716,-1.512,16.549295774647888,9.128251939753165,57.271468996071626,1,1,0,0,1.0,False
ACT,2026-07-12T15:57:11.045Z,2026-07-12T15:57:11.046104Z,2026-07-12T17:57:11.046104Z,7372.472447,7,0.008885,33.764772087788984,4.233409610983988,-3.319,5.985915492957746,33.764772087788984,40.689429670536775,0,0,0,0,,
ACX,2026-07-12T15:57:18.653Z,2026-07-12T15:57:18.653481Z,2026-07-12T17:57:18.653481Z,7364.86507,7,0.04147,57.873161321438175,3.7735849056603743,-3.569,4.577464788732394,57.873161321438175,49.62046240738722,62,33,24,5,0.2903,False
AT,2026-07-12T15:57:24.149Z,2026-07-12T15:57:24.150210Z,2026-07-12T17:57:24.150210Z,7359.368341,7,0.15805,31.635558367605217,5.1767676767676845,3.733,8.450704225352112,31.635558367605217,58.662259862918724,3,2,1,0,0.3333,False
AUCTION,2026-07-12T15:57:33.021Z,2026-07-12T15:57:33.022244Z,2026-07-12T17:57:33.022244Z,7350.496307,7,3.325,30.075187969925505,0.6006006006006012,0.0,6.690140845070423,30.075187969925505,55.97273768744519,0,0,0,0,,
BANANA,2026-07-12T15:57:38.188Z,2026-07-12T15:57:38.189028Z,2026-07-12T17:57:38.189028Z,7345.329523,7,3.444,17.421602787457108,4.714494875549049,3.141,14.788732394366198,17.421602787457108,63.869001303257164,1,1,0,0,1.0,False
BARD,2026-07-12T15:57:45.327Z,2026-07-12T15:57:45.327752Z,2026-07-12T17:57:45.327752Z,7338.190799,7,0.12955,7.71902740254643,3.99385560675884,-2.326,7.394366197183099,7.71902740254643,57.76973219151186,0,0,0,0,,
BFUSD,2026-07-12T15:57:56.827Z,2026-07-12T15:57:56.828150Z,2026-07-12T17:57:56.828150Z,7326.690401,7,0.99905,3.0028527100742406,0.04004404845329422,0.01,1.7605633802816902,3.0028527100742406,31.739968517710363,0,0,0,0,,
BMT,2026-07-12T15:58:03.213Z,2026-07-12T15:58:03.214293Z,2026-07-12T17:58:03.214293Z,7320.304258,7,0.011935,8.37871805613707,4.239401496259352,-2.827,8.098591549295774,8.37871805613707,32.49668619913148,1,1,0,0,1.0,False
COW,2026-07-12T15:58:15.515Z,2026-07-12T15:58:15.515873Z,2026-07-12T17:58:15.515873Z,7308.002678,7,0.14015,7.135212272564322,3.2670454545454497,-1.401,2.464788732394366,7.135212272564322,64.40181920860275,0,0,0,0,,
CVC,2026-07-12T15:58:23.667Z,2026-07-12T15:58:23.668286Z,2026-07-12T17:58:23.668286Z,7299.850265,7,0.02034,58.99705014749363,3.9158100832109577,-1.92,7.746478873239437,58.99705014749363,35.693915658001224,64,19,41,4,-0.0469,False
DYM,2026-07-12T15:58:30.963Z,2026-07-12T15:58:30.963899Z,2026-07-12T17:58:30.963899Z,7292.554652,7,0.01563,12.795905310301292,3.895274584929754,-1.941,4.225352112676056,12.795905310301292,43.01378791326493,0,0,0,0,,
EUL,2026-07-12T15:58:36.957Z,2026-07-12T15:58:36.958101Z,2026-07-12T17:58:36.958101Z,7286.56045,7,1.0225,29.339853300734607,6.15976900866217,3.486,13.028169014084508,29.339853300734607,71.82948300152945,0,0,0,0,,
EURI,2026-07-12T15:58:43.175Z,2026-07-12T15:58:43.175732Z,2026-07-12T17:58:43.175732Z,7280.342819,7,1.14105,2.629157355067411,0.23661379370783867,-0.061,3.8732394366197185,2.629157355067411,67.03696040071263,0,0,0,0,,
FORM,2026-07-12T15:58:50.163Z,2026-07-12T15:58:50.163945Z,2026-07-12T17:58:50.163945Z,7273.354606,7,0.20285,14.7892531427174,3.8216560509554145,-1.21,11.267605633802816,14.7892531427174,65.16335764999387,0,0,0,0,,
GMT,2026-07-12T15:58:57.498Z,2026-07-12T15:58:57.499198Z,2026-07-12T17:58:57.499198Z,7266.019353,7,0.007634999999999999,13.097576948265175,3.2467532467532383,-1.66,9.859154929577464,13.097576948265175,60.480654747107955,0,0,0,0,,
ILV,2026-07-12T15:59:10.338Z,2026-07-12T15:59:10.338626Z,2026-07-12T17:59:10.338626Z,7253.179925,7,3.125,31.999999999999318,2.857142857142867,-0.943,5.633802816901408,31.999999999999318,64.39007238415137,1,1,0,0,1.0,False
INIT,2026-07-12T15:59:16.594Z,2026-07-12T15:59:16.594610Z,2026-07-12T17:59:16.594610Z,7246.923941,7,0.05585,17.90510295434126,4.308797127468581,-3.13,12.67605633802817,17.90510295434126,52.52566286471661,0,0,0,0,,
LISTA,2026-07-12T15:59:23.940Z,2026-07-12T15:59:23.940439Z,2026-07-12T17:59:23.940439Z,7239.578112,7,0.048350000000000004,20.682523267837833,3.5051546391752577,-1.623,5.28169014084507,20.682523267837833,58.982079641273224,0,0,0,0,,
LPT,2026-07-12T15:59:31.254Z,2026-07-12T15:59:31.254686Z,2026-07-12T17:59:31.254686Z,7232.263865,7,1.5495,32.26847370119468,3.938024531956097,-3.248,11.619718309859154,32.26847370119468,42.486127680734455,1,1,0,0,1.0,False
MASK,2026-07-12T15:59:45.941Z,2026-07-12T15:59:45.942083Z,2026-07-12T17:59:45.942083Z,7217.576468,7,0.4035,24.783147459727406,5.665024630541863,0.995,3.5211267605633805,24.783147459727406,49.2624307156893,5,2,3,0,0.6,False
NEWT,2026-07-12T15:59:54.054Z,2026-07-12T15:59:54.054724Z,2026-07-12T17:59:54.054724Z,7209.463827,7,0.0475,42.10526315789594,4.631578947368422,-2.464,2.816901408450704,42.10526315789594,53.91470573876106,13,6,7,0,1.0,False
NMR,2026-07-12T16:00:03.432Z,2026-07-12T16:00:03.432769Z,2026-07-12T18:00:03.432769Z,7200.085782,7,9.585,10.43296817944683,2.5960539979231565,-1.028,10.915492957746478,10.43296817944683,58.565459555235385,0,0,0,0,,
NXPC,2026-07-12T16:00:14.027Z,2026-07-12T16:00:14.027653Z,2026-07-12T18:00:14.027653Z,7788.946937,7,0.26044999999999996,26.87655980034473,2.9378099961846567,-1.835,3.1690140845070425,26.87655980034473,43.03567286219083,0,0,0,0,,
SOPH,2026-07-12T16:00:43.829Z,2026-07-12T16:00:43.830162Z,2026-07-12T18:00:43.830162Z,7759.144428,7,0.004805,20.811654526535815,3.9583333333333353,-2.24,12.32394366197183,20.811654526535815,57.262862404802675,0,0,0,0,,
TURTLE,2026-07-12T16:00:57.859Z,2026-07-12T16:00:57.861561Z,2026-07-12T18:00:57.861561Z,7745.113029,7,0.03405,29.36857562408104,3.2352941176470695,-1.449,15.140845070422536,29.36857562408104,58.72556507622826,1,0,0,1,-1.0,False
WCT,2026-07-12T16:01:08.994Z,2026-07-12T16:01:08.994819Z,2026-07-12T18:01:08.994819Z,7733.979771,7,0.044115,11.334013374136106,3.5368326199594393,-1.443,10.56338028169014,11.334013374136106,60.687217504694566,1,0,0,1,-1.0,False
XVG,2026-07-12T16:01:16.785Z,2026-07-12T16:01:16.785938Z,2026-07-12T18:01:16.785938Z,7726.188652,7,0.0021555,32.47506379030416,4.591836734693884,-3.707,2.112676056338028,32.47506379030416,37.761558519849714,61,30,19,12,0.2623,False
1INCH,2026-07-12T16:06:57.887Z,2026-07-12T16:06:57.887345Z,2026-07-12T18:06:57.887345Z,7385.087245,7,0.07350000000000001,54.42176870748266,4.87144790257105,0.136,0.704225352112676,54.42176870748266,42.61934331851148,0,0,0,0,,
ALLO,2026-07-12T16:07:10.457Z,2026-07-12T16:07:10.457792Z,2026-07-12T18:07:10.457792Z,7372.516798,7,0.38144999999999996,7.864726700747738,15.239633817985995,-3.357,88.02816901408451,7.864726700747738,59.96632351628953,64,5,56,3,-0.375,False
ARB,2026-07-12T16:07:16.237Z,2026-07-12T16:07:16.237583Z,2026-07-12T18:07:16.237583Z,7366.737007,7,0.09384999999999999,10.655301012253904,7.756813417190781,-1.446,95.4225352112676,10.655301012253904,56.49388182427804,32,17,9,6,0.6562,False
BCH,2026-07-12T16:07:25.481Z,2026-07-12T16:07:25.481379Z,2026-07-12T18:07:25.481379Z,7357.493211,7,244.35000000000002,4.092490280335351,2.775510204081637,-1.329,90.84507042253522,4.092490280335351,48.934773821865704,8,7,1,0,0.375,False
BTC,2026-07-12T16:07:34.966Z,2026-07-12T16:07:34.966923Z,2026-07-12T18:07:34.966923Z,7348.007667,7,64001.345,0.0015624671640943276,1.2928197830738164,-0.397,99.64788732394366,0.0015624671640943276,63.294675387142675,34,14,11,9,0.2353,False
DOGE,2026-07-12T16:07:46.490Z,2026-07-12T16:07:46.490706Z,2026-07-12T18:07:46.490706Z,7336.483884,7,0.07333500000000001,1.3636053726046393,4.454705962243639,-2.283,96.47887323943662,1.3636053726046393,67.39536647210949,31,26,5,0,0.8065,False
DOLO,2026-07-12T16:07:53.508Z,2026-07-12T16:07:53.508642Z,2026-07-12T18:07:53.508642Z,7329.465948,7,0.022285,13.461969934933265,2.458649977648645,-2.186,1.056338028169014,13.461969934933265,41.087471802393466,0,0,0,0,,
ETH,2026-07-12T16:08:02.472Z,2026-07-12T16:08:02.472314Z,2026-07-12T18:08:02.472314Z,7320.502276,7,1815.3049999999998,0.05508716166148887,2.788187842753667,0.084,100.0,0.05508716166148887,68.16767459216643,48,24,16,8,0.375,False
FDUSD,2026-07-12T16:08:08.463Z,2026-07-12T16:08:08.463864Z,2026-07-12T18:08:08.463864Z,7314.510726,7,0.99735,1.002657041158961,0.07018951168154355,-0.05,94.01408450704226,1.002657041158961,67.19068538400231,0,0,0,0,,
HBAR,2026-07-12T16:08:13.911Z,2026-07-12T16:08:13.911521Z,2026-07-12T18:08:13.911521Z,7309.063069,7,0.067495,1.4815912289814062,4.51194337953405,-2.683,92.95774647887323,1.4815912289814062,46.79023046342612,26,14,7,5,0.2692,False
LDO,2026-07-12T16:08:18.983Z,2026-07-12T16:08:18.983379Z,2026-07-12T18:08:18.983379Z,7303.991211,7,0.309,6.4724919093843996,8.486608583414002,-0.673,87.67605633802818,6.4724919093843996,48.1598235527323,1,1,0,0,1.0,False
LINK,2026-07-12T16:08:25.352Z,2026-07-12T16:08:25.353205Z,2026-07-12T18:08:25.353205Z,7297.621385,7,8.0215,1.2466496291210447,3.2606000495908845,-0.012,93.66197183098592,1.2466496291210447,67.67696224603522,23,12,11,0,0.913,False
NEAR,2026-07-12T16:08:34.942Z,2026-07-12T16:08:34.942442Z,2026-07-12T18:08:34.942442Z,7288.032148,7,1.8965,5.2728710783027255,3.205465055176035,-0.366,94.36619718309859,5.2728710783027255,67.22329949724546,19,2,16,1,1.0,False
PENGU,2026-07-12T16:08:39.857Z,2026-07-12T16:08:39.857534Z,2026-07-12T18:08:39.857534Z,7283.117056,7,0.0060535,4.955810688030942,4.904855643044616,-2.992,90.49295774647888,4.955810688030942,52.17413408340067,2,1,1,0,1.0,False
PEPE,2026-07-12T16:08:45.663Z,2026-07-12T16:08:45.664131Z,2026-07-12T18:08:45.664131Z,7277.310459,7,2.8050000000000002e-06,35.65062388591917,5.017921146953403,-0.712,92.25352112676056,35.65062388591917,72.8096959316275,26,24,1,1,0.7692,False
SUI,2026-07-12T16:08:54.930Z,2026-07-12T16:08:54.931125Z,2026-07-12T18:08:54.931125Z,7268.043465,7,0.73695,1.3569441617475946,3.9181365288810963,-0.576,98.2394366197183,1.3569441617475946,59.59898123893003,17,6,9,2,0.6471,False
TAO,2026-07-12T16:09:08.795Z,2026-07-12T16:09:08.796115Z,2026-07-12T18:09:08.796115Z,7254.178475,7,211.35000000000002,4.731488052992397,4.777517564402805,0.047,91.90140845070422,4.731488052992397,66.5743225101388,41,20,19,2,0.7317,False
TRX,2026-07-12T16:09:18.220Z,2026-07-12T16:09:18.220898Z,2026-07-12T18:09:18.220898Z,7244.753692,7,0.33125,3.01886792452797,0.8154636061612914,-0.091,91.19718309859155,3.01886792452797,65.9570258535005,36,23,13,0,0.9444,False
UNI,2026-07-12T16:09:27.594Z,2026-07-12T16:09:27.594820Z,2026-07-12T18:09:27.594820Z,7235.37977,7,3.6505,2.739350773866292,7.487791644058607,-1.206,92.6056338028169,2.739350773866292,57.598304626057036,42,29,11,2,0.5952,False
USD1,2026-07-12T16:09:31.053Z,2026-07-12T16:09:31.053767Z,2026-07-12T18:09:31.053767Z,7231.920823,7,0.99935,1.0006504227746935,0.040024014408651894,0.0,98.94366197183099,1.0006504227746935,63.11348194598282,0,0,0,0,,
VANRY,2026-07-12T16:09:36.944Z,2026-07-12T16:09:36.944411Z,2026-07-12T18:09:36.944411Z,7226.030179,7,0.0067095,58.12653699977639,27.30655915645836,15.079,90.14084507042253,58.12653699977639,74.17702137915096,11,9,1,1,0.8182,False
VIRTUAL,2026-07-12T16:09:42.810Z,2026-07-12T16:09:42.810731Z,2026-07-12T18:09:42.810731Z,7220.163859,7,0.5871500000000001,8.515711487695748,5.979173664763197,-4.215,89.43661971830986,8.515711487695748,64.06798239483273,9,6,3,0,0.5556,False
WLD,2026-07-12T16:09:48.072Z,2026-07-12T16:09:48.072286Z,2026-07-12T18:09:48.072286Z,7214.902304,7,0.4239,4.718093890067893,9.334889148191362,4.793,96.12676056338029,4.718093890067893,69.3074905551538,18,9,8,1,0.6111,False
XAI,2026-07-12T16:09:55.171Z,2026-07-12T16:09:55.171475Z,2026-07-12T18:09:55.171475Z,7207.803115,7,0.007045,70.97232079488957,4.261363636363635,-0.845,1.408450704225352,70.97232079488957,44.73934841952544,2,2,0,0,1.0,False
XLM,2026-07-12T16:10:00.193Z,2026-07-12T16:10:00.193945Z,2026-07-12T18:10:00.193945Z,7202.780645,7,0.18875,5.2980132450325295,5.66737288135594,-1.871,95.07042253521126,5.2980132450325295,70.07639393494726,22,8,12,2,0.5,False
ZEC,2026-07-12T16:10:11.370Z,2026-07-12T16:10:11.370543Z,2026-07-12T18:10:11.370543Z,7791.948612,7,543.755,1.655157193955332,6.765828616559183,5.295,97.53521126760563,1.655157193955332,75.29798734070907,47,31,13,3,0.6809,False
ASTER,2026-07-12T16:15:43.598Z,2026-07-12T16:15:43.598631Z,2026-07-12T18:15:43.598631Z,7459.720524,7,0.6234999999999999,16.038492381716132,3.3600000000000034,-0.951,86.97183098591549,16.038492381716132,65.63225738409116,10,4,6,0,0.8,False
JUP,2026-07-12T16:15:49.376Z,2026-07-12T16:15:49.376878Z,2026-07-12T18:15:49.376878Z,7453.942277,7,0.20274999999999999,4.932182490752984,6.450024618414574,-3.47,86.61971830985915,4.932182490752984,59.80001786330586,21,14,7,0,0.9048,False
XPL,2026-07-12T16:15:59.264Z,2026-07-12T16:15:59.264902Z,2026-07-12T18:15:59.264902Z,7444.054253,7,0.09071499999999999,7.716474673427837,6.204063986165148,0.13,87.32394366197182,7.716474673427837,58.86606725798142,0,0,0,0,,
1MBABYDOGE,2026-07-12T16:21:33.219Z,2026-07-12T16:21:33.219824Z,2026-07-12T18:21:33.219824Z,7710.054998,7,0.0003181,18.861993083934625,11.821284517530254,-0.709,72.1830985915493,18.861993083934625,61.85192787257608,0,0,0,0,,
ALGO,2026-07-12T16:21:38.730Z,2026-07-12T16:21:38.730669Z,2026-07-12T18:21:38.730669Z,7704.544153,7,0.08395,11.911852293031908,4.637336504161714,-3.333,76.7605633802817,11.911852293031908,53.03115516530908,6,1,4,1,1.0,False
APT,2026-07-12T16:21:44.245Z,2026-07-12T16:21:44.246091Z,2026-07-12T18:21:44.246091Z,7699.028731,7,0.6174999999999999,16.194331983805686,4.9679487179487225,-2.804,85.21126760563381,16.194331983805686,59.15419929356107,7,3,3,1,0.1429,False
BONK,2026-07-12T16:21:49.740Z,2026-07-12T16:21:49.740294Z,2026-07-12T18:21:49.740294Z,7693.534528,7,3.995e-06,25.031289111389,4.962779156327558,-2.421,82.3943661971831,25.031289111389,58.803508592139444,50,28,22,0,0.96,False
CAKE,2026-07-12T16:21:57.068Z,2026-07-12T16:21:57.068871Z,2026-07-12T18:21:57.068871Z,7686.205951,7,1.4115,7.084661707402691,4.1432584269663035,-1.18,75.0,7.084661707402691,67.82979938794976,5,2,3,0,0.6,False
CHZ,2026-07-12T16:22:02.951Z,2026-07-12T16:22:02.951750Z,2026-07-12T18:22:02.951750Z,7680.323072,7,0.017095,5.849663644340213,5.899363794100636,-1.538,76.05633802816901,5.849663644340213,52.60122728558183,1,1,0,0,1.0,False
EGLD,2026-07-12T16:22:22.609Z,2026-07-12T16:22:22.609455Z,2026-07-12T18:22:22.609455Z,7660.665367,7,2.975,33.613445378150544,8.970099667774088,5.986,76.40845070422536,33.613445378150544,74.23361263526498,3,0,2,1,0.3333,False
EIGEN,2026-07-12T16:22:28.234Z,2026-07-12T16:22:28.234497Z,2026-07-12T18:22:28.234497Z,7655.040325,7,0.23199999999999998,8.620689655172662,8.312020460358053,-2.736,73.94366197183099,8.620689655172662,61.7302134404032,3,2,1,0,1.0,False
ETHFI,2026-07-12T16:22:35.158Z,2026-07-12T16:22:35.159001Z,2026-07-12T18:22:35.159001Z,7648.115821,7,0.4225,23.66863905325446,6.993006993006999,0.704,73.59154929577464,23.66863905325446,70.80621853767553,1,0,1,0,1.0,False
FET,2026-07-12T16:22:40.629Z,2026-07-12T16:22:40.629708Z,2026-07-12T18:22:40.629708Z,7642.645114,7,0.15895,6.291286568102484,3.7429819089207594,-1.837,77.8169014084507,6.291286568102484,61.65515242478871,2,2,0,0,1.0,False
JTO,2026-07-12T16:23:05.625Z,2026-07-12T16:23:05.625246Z,2026-07-12T18:23:05.625246Z,7617.649576,7,0.6084,3.2873109796201345,7.766199934874628,-2.322,80.63380281690141,3.2873109796201345,54.22646308899226,3,3,0,0,0.6667,False
MMT,2026-07-12T16:23:24.533Z,2026-07-12T16:23:24.533462Z,2026-07-12T18:23:24.533462Z,7598.74136,7,0.17359999999999998,11.520737327189272,12.755102040816322,-6.617,84.15492957746478,11.520737327189272,52.209066783443284,13,9,3,1,1.0,False
OP,2026-07-12T16:23:35.511Z,2026-07-12T16:23:35.512284Z,2026-07-12T18:23:35.512284Z,7587.762538,7,0.10164999999999999,9.837678307919614,6.913339824732239,-2.746,74.64788732394366,9.837678307919614,62.99595110428037,66,25,32,9,0.5606,False
PENDLE,2026-07-12T16:23:46.649Z,2026-07-12T16:23:46.649585Z,2026-07-12T18:23:46.649585Z,7576.625237,7,1.5345,6.51678071032838,4.684450227716335,-2.413,83.80281690140845,6.51678071032838,62.21007609842135,0,0,0,0,,
TRUMP,2026-07-12T16:24:30.664Z,2026-07-12T16:24:30.664495Z,2026-07-12T18:24:30.664495Z,7532.610327,7,1.5745,6.351222610351794,5.611601513240855,-2.4,83.45070422535211,6.351222610351794,59.90450036734877,22,15,6,1,0.8182,False
WLFI,2026-07-12T16:24:40.804Z,2026-07-12T16:24:40.804271Z,2026-07-12T18:24:40.804271Z,7522.470551,7,0.057800000000000004,34.60207612456726,3.6082474226804084,0.0,79.92957746478874,34.60207612456726,68.59859403239832,1,1,0,0,1.0,False
2Z,2026-07-12T16:30:36.624Z,2026-07-12T16:30:36.625169Z,2026-07-12T18:30:36.625169Z,7766.406449,7,0.07361000000000001,5.434044287460721,9.156241682193237,4.798,65.14084507042253,5.434044287460721,70.94289751920354,0,0,0,0,,
ALT,2026-07-12T16:30:49.490Z,2026-07-12T16:30:49.490769Z,2026-07-12T18:30:49.490769Z,7753.540849,7,0.006515,15.349194167305592,9.161490683229816,-2.572,64.43661971830986,15.349194167305592,64.06953192453214,1,1,0,0,-1.0,False
APE,2026-07-12T16:30:55.403Z,2026-07-12T16:30:55.403816Z,2026-07-12T18:30:55.403816Z,7747.627802,7,0.15635,6.395906619764423,4.404145077720208,-1.089,66.54929577464789,6.395906619764423,57.35696991837816,16,14,2,0,0.75,False
ATOM,2026-07-12T16:31:02.759Z,2026-07-12T16:31:02.759862Z,2026-07-12T18:31:02.759862Z,7740.271756,7,1.5845,6.311139160617797,3.21158690176322,-0.376,69.71830985915493,6.311139160617797,69.12361741584077,50,19,28,3,0.64,False
BIO,2026-07-12T16:31:15.621Z,2026-07-12T16:31:15.622048Z,2026-07-12T18:31:15.622048Z,7727.40957,7,0.02867,13.951866062086445,4.715672676837725,0.663,67.25352112676056,13.951866062086445,62.5154258254489,0,0,0,0,,
CFX,2026-07-12T16:31:22.589Z,2026-07-12T16:31:22.589688Z,2026-07-12T18:31:22.589688Z,7720.44193,7,0.04511,8.867213478165663,4.820372896771253,-0.565,61.267605633802816,8.867213478165663,65.68594186713727,1,1,0,0,1.0,False
ENSO,2026-07-12T16:31:29.692Z,2026-07-12T16:31:29.692946Z,2026-07-12T18:31:29.692946Z,7713.338672,7,0.7055,14.17434443656982,7.5104311543810764,2.568,62.32394366197183,14.17434443656982,63.78388671515416,0,0,0,0,,
EPIC,2026-07-12T16:31:35.350Z,2026-07-12T16:31:35.350400Z,2026-07-12T18:31:35.350400Z,7707.681218,7,0.3855,25.94033722438394,9.898477157360414,-0.253,71.83098591549296,25.94033722438394,70.49060313810976,0,0,0,0,,
ERA,2026-07-12T16:31:40.549Z,2026-07-12T16:31:40.550218Z,2026-07-12T18:31:40.550218Z,7702.4814,7,0.08085,12.36858379715558,10.07194244604317,1.091,58.098591549295776,12.36858379715558,70.8273292314494,4,1,2,1,1.0,False
FIL,2026-07-12T16:31:46.179Z,2026-07-12T16:31:46.179946Z,2026-07-12T18:31:46.179946Z,7696.851672,7,0.7755000000000001,12.894906511927799,4.086845466155815,-1.509,65.84507042253522,12.894906511927799,70.18994986815854,5,1,2,2,0.2,False
GIGGLE,2026-07-12T16:31:57.264Z,2026-07-12T16:31:57.264939Z,2026-07-12T18:31:57.264939Z,7685.766679,7,26.770000000000003,7.471049682480229,8.420268256333836,2.404,58.80281690140845,7.471049682480229,73.85082668394026,0,0,0,0,,
IOTA,2026-07-12T16:32:02.724Z,2026-07-12T16:32:02.724334Z,2026-07-12T18:32:02.724334Z,7680.307284,7,0.03905,25.60819462227986,6.1381074168797936,-2.25,66.19718309859155,25.60819462227986,51.81689485503941,5,3,2,0,1.0,False
ORDI,2026-07-12T16:32:43.496Z,2026-07-12T16:32:43.496892Z,2026-07-12T18:32:43.496892Z,7639.534726,7,3.535,11.315417256011326,7.180925666199152,0.906,70.07042253521126,11.315417256011326,62.5172674251922,13,9,2,2,0.3077,False
S,2026-07-12T16:33:18.317Z,2026-07-12T16:33:18.317358Z,2026-07-12T18:33:18.317358Z,7604.71426,7,0.025544999999999998,3.9146604032098624,3.965785381026439,-2.943,62.67605633802817,3.9146604032098624,62.8608406114181,0,0,0,0,,
SNX,2026-07-12T16:33:27.735Z,2026-07-12T16:33:27.735747Z,2026-07-12T18:33:27.735747Z,7595.295871,7,0.2445,40.89979550102253,10.460251046025103,2.137,68.30985915492958,40.89979550102253,63.611233159563156,0,0,0,0,,
STRK,2026-07-12T16:33:33.014Z,2026-07-12T16:33:33.015066Z,2026-07-12T18:33:33.015066Z,7590.016552,7,0.03015,33.16749585406397,4.605263157894743,-1.935,69.36619718309859,33.16749585406397,58.37849788459396,4,2,2,0,0.0,False
STX,2026-07-12T16:33:40.238Z,2026-07-12T16:33:40.238818Z,2026-07-12T18:33:40.238818Z,7582.7928,7,0.17295,5.782017924254928,4.802259887005654,1.201,59.15492957746479,5.782017924254928,63.80555535295303,62,30,27,5,0.5161,False
TRB,2026-07-12T16:33:47.638Z,2026-07-12T16:33:47.638673Z,2026-07-12T18:33:47.638673Z,7575.392945,7,15.075,6.633499170812462,6.419589675711454,-3.45,64.08450704225352,6.633499170812462,60.79822721136041,0,0,0,0,,
W,2026-07-12T16:34:05.418Z,2026-07-12T16:34:05.418375Z,2026-07-12T18:34:05.418375Z,7557.613243,7,0.009635,10.37882719252682,8.913934426229519,-2.886,61.971830985915496,10.37882719252682,59.63455520926425,14,5,9,0,0.0,False
XTZ,2026-07-12T16:34:16.333Z,2026-07-12T16:34:16.333268Z,2026-07-12T18:34:16.333268Z,7546.69835,7,0.22875,4.371584699454284,4.181184668989546,-3.081,67.95774647887323,4.371584699454284,64.2220380449383,3,1,1,1,-0.3333,False
AR,2026-07-12T16:39:53.888Z,2026-07-12T16:39:53.888869Z,2026-07-12T18:39:53.888869Z,7209.142749,7,1.9780000000000002,10.11122345803843,2.478502781992915,-1.199,52.816901408450704,10.11122345803843,58.02797489119406,10,7,3,0,1.0,False
BANANAS31,2026-07-12T16:40:07.243Z,2026-07-12T16:40:07.243655Z,2026-07-12T18:40:07.243655Z,7796.286732,7,0.007705999999999999,5.190760446404962,4.8096976016683985,-2.861,49.647887323943664,5.190760446404962,56.57691942257797,0,0,0,0,,
BERA,2026-07-12T16:40:13.822Z,2026-07-12T16:40:13.822373Z,2026-07-12T18:40:13.822373Z,7789.708014,7,0.1925,51.94805194805199,5.128205128205133,-3.465,52.46478873239437,51.94805194805199,57.91993770700087,0,0,0,0,,
CYBER,2026-07-12T16:40:27.779Z,2026-07-12T16:40:27.779582Z,2026-07-12T18:40:27.779582Z,7775.750805,7,0.359,55.71030640668529,7.756232686980617,0.557,57.04225352112676,55.71030640668529,61.72301636575825,1,0,0,1,-1.0,False
DASH,2026-07-12T16:40:32.990Z,2026-07-12T16:40:32.990255Z,2026-07-12T18:40:32.990255Z,7770.540132,7,34.92,11.454753722794715,4.822043628013776,0.057,55.985915492957744,11.454753722794715,50.632332341574866,0,0,0,0,,
HEI,2026-07-12T16:40:57.456Z,2026-07-12T16:40:57.457180Z,2026-07-12T18:40:57.457180Z,7746.073207,7,0.1043,19.175455417066704,12.432915921288023,7.191,53.521126760563384,19.175455417066704,72.92287669772018,2,2,0,0,1.0,False
KITE,2026-07-12T16:41:19.759Z,2026-07-12T16:41:19.759730Z,2026-07-12T18:41:19.759730Z,7723.770657,7,0.11505,8.691873098651802,3.979238754325266,-0.858,54.57746478873239,8.691873098651802,65.57061448567788,2,2,0,0,1.0,False
MANTA,2026-07-12T16:41:34.209Z,2026-07-12T16:41:34.210172Z,2026-07-12T18:41:34.210172Z,7709.320215,7,0.058955,11.873462810618374,7.165217391304345,-0.845,50.0,11.873462810618374,51.847752417706786,0,0,0,0,,
PHA,2026-07-12T16:41:48.568Z,2026-07-12T16:41:48.568856Z,2026-07-12T18:41:48.568856Z,7694.961531,7,0.02475,40.40404040404016,6.800000000000001,-3.475,44.71830985915493,40.40404040404016,53.96606808979851,0,0,0,0,,
RED,2026-07-12T16:42:08.890Z,2026-07-12T16:42:08.890252Z,2026-07-12T18:42:08.890252Z,7674.640135,7,0.11505,8.691873098651802,8.680555555555552,3.69,46.83098591549296,8.691873098651802,60.39008603638808,0,0,0,0,,
RSR,2026-07-12T16:42:16.402Z,2026-07-12T16:42:16.402899Z,2026-07-12T18:42:16.402899Z,7667.127488,7,0.0012404999999999998,8.061265618701459,5.76923076923077,-4.514,46.478873239436616,8.061265618701459,58.17702721044663,0,0,0,0,,
SAGA,2026-07-12T16:42:23.374Z,2026-07-12T16:42:23.374786Z,2026-07-12T18:42:23.374786Z,7660.155601,7,0.012775,7.8277886497061395,5.598755832037326,-2.502,45.42253521126761,7.8277886497061395,65.34248406719333,1,1,0,0,1.0,False
SKL,2026-07-12T16:42:39.922Z,2026-07-12T16:42:39.922384Z,2026-07-12T18:42:39.922384Z,7643.608003,7,0.004484999999999999,66.88963210702263,10.307017543859647,-5.59,55.63380281690141,66.88963210702263,52.91117774360832,1,0,0,1,-1.0,False
TST,2026-07-12T16:42:59.297Z,2026-07-12T16:42:59.297242Z,2026-07-12T18:42:59.297242Z,7624.233145,7,0.01074,55.86592178770884,9.40409683426442,2.286,47.183098591549296,55.86592178770884,56.650508423204926,2,1,1,0,0.0,False
USUAL,2026-07-12T16:43:14.289Z,2026-07-12T16:43:14.290017Z,2026-07-12T18:43:14.290017Z,7609.24037,7,0.00927,21.574973031284703,10.61394380853278,1.909,53.16901408450704,21.574973031284703,52.18959775557369,0,0,0,0,,
API3,2026-07-12T16:49:14.981Z,2026-07-12T16:49:14.981807Z,2026-07-12T18:49:14.981807Z,7248.54858,7,0.2257,8.861320336730426,5.351614329942503,-0.877,41.19718309859155,8.861320336730426,59.706701910157975,0,0,0,0,,
BEAMX,2026-07-12T16:49:28.191Z,2026-07-12T16:49:28.192108Z,2026-07-12T18:49:28.192108Z,7235.338279,7,0.0016020000000000001,12.48439450686672,6.913580246913574,0.809,31.690140845070424,12.48439450686672,63.079220106395816,0,0,0,0,,
F,2026-07-12T16:50:09.954Z,2026-07-12T16:50:09.955268Z,2026-07-12T18:50:09.955268Z,7793.483298,7,0.003445,29.027576197387592,4.956268221574344,-2.279,30.633802816901408,29.027576197387592,61.12547417503172,0,0,0,0,,
LA,2026-07-12T16:50:44.845Z,2026-07-12T16:50:44.845912Z,2026-07-12T18:50:44.845912Z,7758.592654,7,0.0579,69.08462867012048,10.580204778157004,-2.98,36.61971830985915,69.08462867012048,42.561797989156474,0,0,0,0,,
MET,2026-07-12T16:51:03.155Z,2026-07-12T16:51:03.156106Z,2026-07-12T18:51:03.156106Z,7740.28246,7,0.15034999999999998,19.95344196873926,5.718085106382976,-3.713,30.281690140845072,19.95344196873926,53.403232464095325,10,5,4,1,0.7,False
MIRA,2026-07-12T16:51:14.346Z,2026-07-12T16:51:14.346347Z,2026-07-12T18:51:14.346347Z,7729.092219,7,0.04325,23.121387283236054,4.166666666666673,-2.921,35.91549295774648,23.121387283236054,55.862661043554006,1,1,0,0,1.0,False
MOVE,2026-07-12T16:51:21.261Z,2026-07-12T16:51:21.261634Z,2026-07-12T18:51:21.261634Z,7722.176932,7,0.01105,90.4977375565621,4.545454545454549,-2.655,30.985915492957748,90.4977375565621,52.66256959402338,0,0,0,0,,
OSMO,2026-07-12T16:51:51.300Z,2026-07-12T16:51:51.300824Z,2026-07-12T18:51:51.300824Z,7692.137742,7,0.03485,28.694404591105556,8.00000000000001,-1.961,36.971830985915496,28.694404591105556,47.698426753076625,4,4,0,0,0.5,False
QNT,2026-07-12T16:51:57.673Z,2026-07-12T16:51:57.673544Z,2026-07-12T18:51:57.673544Z,7685.765022,7,65.66999999999999,12.182122734886297,2.4213075060532603,-1.476,40.49295774647887,12.182122734886297,48.910332693353006,64,9,50,5,0.0625,False
SHELL,2026-07-12T16:52:24.234Z,2026-07-12T16:52:24.234571Z,2026-07-12T18:52:24.234571Z,7659.203995,7,0.02105,47.50593824228,5.213270142180096,-4.525,40.140845070422536,47.50593824228,38.79603019511629,0,0,0,0,,
SPK,2026-07-12T16:52:37.228Z,2026-07-12T16:52:37.228741Z,2026-07-12T18:52:37.228741Z,7646.209825,7,0.017029000000000002,10.570203770039729,3.787390973482399,-2.372,34.15492957746479,10.570203770039729,47.32596091203253,13,7,6,0,0.9231,False
STEEM,2026-07-12T16:52:44.135Z,2026-07-12T16:52:44.135288Z,2026-07-12T18:52:44.135288Z,7639.303278,7,0.041010000000000005,48.7685930260909,11.573061026015075,-1.978,41.54929577464789,48.7685930260909,46.369588668705646,1,1,0,0,1.0,False
UMA,2026-07-12T16:53:03.251Z,2026-07-12T16:53:03.251651Z,2026-07-12T18:53:03.251651Z,7620.186915,7,0.3745,26.702269692923924,16.666666666666664,-2.828,32.394366197183096,26.702269692923924,55.42775749466483,1,0,1,0,1.0,False
CETUS,2026-07-12T16:59:26.914Z,2026-07-12T16:59:26.914679Z,2026-07-12T18:59:26.914679Z,7236.523887,7,0.018154999999999998,5.508124483613106,3.0054644808743083,-0.218,17.95774647887324,5.508124483613106,57.14437723606642,0,0,0,0,,
ENS,2026-07-12T17:00:00.283Z,2026-07-12T17:00:00.283627Z,2026-07-12T19:00:00.283627Z,7203.154939,7,4.135,24.183796856105896,3.381642512077309,-1.663,28.52112676056338,24.183796856105896,61.42042727083189,0,0,0,0,,
FLUX,2026-07-12T17:00:19.908Z,2026-07-12T17:00:19.909250Z,2026-07-12T19:00:19.909250Z,7783.524077,7,0.04455,22.446689113356424,9.192825112107622,-3.879,22.183098591549296,22.446689113356424,56.52824965263212,0,0,0,0,,
GPS,2026-07-12T17:00:33.319Z,2026-07-12T17:00:33.319293Z,2026-07-12T19:00:33.319293Z,7770.114034,7,0.01027,19.47419668938577,5.620155038759696,2.178,21.830985915492956,19.47419668938577,41.34684336361469,0,0,0,0,,
HIVE,2026-07-12T17:00:40.391Z,2026-07-12T17:00:40.391299Z,2026-07-12T19:00:40.391299Z,7763.042028,7,0.04915,61.037639877923645,4.251012145748984,-1.397,20.070422535211268,61.037639877923645,42.796364775440345,0,0,0,0,,
KERNEL,2026-07-12T17:00:57.323Z,2026-07-12T17:00:57.324066Z,2026-07-12T19:00:57.324066Z,7746.109261,7,0.04015,24.906600249066717,3.20197044334976,-0.733,15.845070422535212,24.906600249066717,57.256500599194865,0,0,0,0,,
NEO,2026-07-12T17:01:17.014Z,2026-07-12T17:01:17.014312Z,2026-07-12T19:01:17.014312Z,7726.419015,7,1.9595,5.103342689461035,2.4898373983739917,-1.155,27.112676056338028,5.103342689461035,57.01448993237902,0,0,0,0,,
NIL,2026-07-12T17:01:24.186Z,2026-07-12T17:01:24.186836Z,2026-07-12T19:01:24.186836Z,7719.246491,7,0.036545,19.15446709536205,3.4383954154727787,-0.655,23.591549295774648,19.15446709536205,62.31284845786995,10,10,0,0,1.0,False
REZ,2026-07-12T17:01:35.731Z,2026-07-12T17:01:35.731846Z,2026-07-12T19:01:35.731846Z,7707.701481,7,0.0025875,3.8647342995174214,5.8081773022544985,-2.424,20.422535211267604,3.8647342995174214,57.53989326938535,15,1,14,0,0.4,False
TNSR,2026-07-12T17:02:04.486Z,2026-07-12T17:02:04.486629Z,2026-07-12T19:02:04.486629Z,7678.946698,7,0.03135,31.89792663476744,5.750798722044727,-3.988,25.704225352112676,31.89792663476744,49.53441743287531,1,0,1,0,-1.0,False
YB,2026-07-12T17:02:29.606Z,2026-07-12T17:02:29.606930Z,2026-07-12T19:02:29.606930Z,7653.826397,7,0.0743,26.91790040376741,7.228915662650605,-4.598,21.12676056338028,26.91790040376741,58.91205551105302,0,0,0,0,,
1000CAT,2026-07-12T17:08:08.674Z,2026-07-12T17:08:08.674765Z,2026-07-12T19:08:08.674765Z,7314.758562,7,0.001305,76.62835249042166,4.580152671755737,-2.239,7.042253521126761,76.62835249042166,49.05664584496855,66,19,37,10,0.3333,False
A,2026-07-12T17:08:16.141Z,2026-07-12T17:08:16.142076Z,2026-07-12T19:08:16.142076Z,7307.291251,7,0.0731,54.71956224350172,6.097560975609761,-2.767,13.732394366197184,54.71956224350172,43.67139652380499,0,0,0,0,,
BB,2026-07-12T17:08:56.248Z,2026-07-12T17:08:56.248975Z,2026-07-12T19:08:56.248975Z,7267.184352,7,0.019049999999999997,52.49343832020966,3.6649214659685825,-1.036,14.43661971830986,52.49343832020966,53.7953615716269,15,9,5,1,0.8667,False
BOME,2026-07-12T17:09:15.003Z,2026-07-12T17:09:15.004023Z,2026-07-12T19:09:15.004023Z,7248.429304,7,0.00041454999999999997,7.2367627547945315,4.835217705075776,-2.737,13.380281690140846,7.2367627547945315,50.09089313107367,3,2,1,0,1.0,False
HAEDAL,2026-07-12T17:09:58.580Z,2026-07-12T17:09:58.580538Z,2026-07-12T19:09:58.580538Z,7204.852789,7,0.0165,12.121212121211627,3.9109506618531964,-1.599,10.211267605633802,12.121212121211627,60.548010943060504,0,0,0,0,,
MAGIC,2026-07-12T17:10:29.667Z,2026-07-12T17:10:29.668023Z,2026-07-12T19:10:29.668023Z,7773.856602,7,0.043050000000000005,69.68641114982616,3.91705069124424,-0.686,4.929577464788732,69.68641114982616,44.93568824607416,13,3,10,0,0.8462,False
ONT,2026-07-12T17:10:57.423Z,2026-07-12T17:10:57.423978Z,2026-07-12T19:10:57.423978Z,7746.100647,7,0.04535,8.820286659316068,3.2906360424028382,-2.645,9.507042253521126,8.820286659316068,57.49391721888286,11,2,8,1,0.0909,False
PEOPLE,2026-07-12T17:11:03.127Z,2026-07-12T17:11:03.128017Z,2026-07-12T19:11:03.128017Z,7740.396608,7,0.005485,18.231540565178594,5.100182149362475,-3.175,14.084507042253522,18.231540565178594,53.896719354166436,0,0,0,0,,
PIXEL,2026-07-12T17:11:10.739Z,2026-07-12T17:11:10.739823Z,2026-07-12T19:11:10.739823Z,7732.784802,7,0.004739999999999999,42.19409282700434,5.307855626326969,-2.484,15.492957746478874,42.19409282700434,46.671379779105926,61,18,40,3,0.1148,False
PROVE,2026-07-12T17:11:18.614Z,2026-07-12T17:11:18.614342Z,2026-07-12T19:11:18.614342Z,7724.910283,7,0.19955,35.07892758707122,1.99302441454908,-0.644,6.338028169014085,35.07892758707122,51.32408741395464,0,0,0,0,,
SUSHI,2026-07-12T17:11:33.344Z,2026-07-12T17:11:33.344998Z,2026-07-12T19:11:33.344998Z,7710.179627,7,0.16415000000000002,42.64392324093854,4.960195958358846,-2.04,11.971830985915492,42.64392324093854,55.57490488243931,0,0,0,0,,
VELODROME,2026-07-12T17:11:44.580Z,2026-07-12T17:11:44.580611Z,2026-07-12T19:11:44.580611Z,7698.944014,7,0.02144,27.985074626866147,4.343764595983187,-3.034,8.80281690140845,27.985074626866147,43.832008229166185,0,0,0,0,,
AAVE,2026-07-12T17:17:45.418Z,2026-07-12T17:17:45.418851Z,2026-07-12T19:17:45.418851Z,7338.105774,7,98.22999999999999,2.0360378703039825,5.634373733279289,0.591,95.77464788732394,2.0360378703039825,48.898238508268356,13,10,2,1,0.8462,False
ADA,2026-07-12T17:17:50.768Z,2026-07-12T17:17:50.768591Z,2026-07-12T19:17:50.768591Z,7332.756034,7,0.16425,6.08828006088213,7.4074074074074,-3.288,96.83098591549296,6.08828006088213,58.89715001542111,35,15,17,3,0.6,False
AVAX,2026-07-12T17:18:05.687Z,2026-07-12T17:18:05.687861Z,2026-07-12T19:18:05.687861Z,7317.836764,7,6.4565,1.5488267637256186,7.809110629067238,-4.625,91.54929577464789,1.5488267637256186,55.298856416396376,18,11,6,1,0.7778,False
BNB,2026-07-12T17:18:15.658Z,2026-07-12T17:18:15.658757Z,2026-07-12T19:18:15.658757Z,7307.865868,7,578.825,0.17276378870972928,2.5161568289530414,-0.077,98.59154929577464,0.17276378870972928,51.415941264277556,30,24,5,1,0.8333,False
COTI,2026-07-12T17:18:27.096Z,2026-07-12T17:18:27.096939Z,2026-07-12T19:18:27.096939Z,7296.427686,7,0.008029999999999999,24.90660024906715,3.584672435105072,-1.939,0.352112676056338,24.90660024906715,43.617113000486405,0,0,0,0,,
ENA,2026-07-12T17:18:45.098Z,2026-07-12T17:18:45.098850Z,2026-07-12T19:18:45.098850Z,7278.425775,7,0.08115,12.322858903264201,6.127450980392145,-2.041,93.30985915492958,12.322858903264201,63.83281573138292,6,3,3,0,0.6667,False
EUR,2026-07-12T17:18:54.350Z,2026-07-12T17:18:54.351022Z,2026-07-12T19:18:54.351022Z,7269.173603,7,1.14135,0.8761554299731807,0.08761938140715761,-0.009,97.1830985915493,0.8761554299731807,67.77406546988625,0,0,0,0,,
LTC,2026-07-12T17:19:15.730Z,2026-07-12T17:19:15.731065Z,2026-07-12T19:19:15.731065Z,7247.79356,7,44.655,2.2393908856786497,2.7461486939048987,-0.885,88.38028169014085,2.2393908856786497,56.686172714112985,27,14,12,1,0.6667,False
SOL,2026-07-12T17:19:37.400Z,2026-07-12T17:19:37.400787Z,2026-07-12T19:19:37.400787Z,7226.123838,7,77.495,1.2904058326350236,4.186587414394636,-1.452,99.29577464788733,1.2904058326350236,50.763655964335044,35,20,10,5,0.7714,False
SXT,2026-07-12T17:19:47.271Z,2026-07-12T17:19:47.272020Z,2026-07-12T19:19:47.272020Z,7216.252605,7,0.009264999999999999,10.793308148949086,40.80962800875273,23.514,88.73239436619718,10.793308148949086,61.65073756366523,9,6,3,0,0.6667,False
SYN,2026-07-12T17:19:54.917Z,2026-07-12T17:19:54.917817Z,2026-07-12T19:19:54.917817Z,7208.606808,7,0.31806500000000004,11.004040054706332,13.507701065814864,2.0,89.78873239436619,11.004040054706332,69.28590606722527,4,3,1,0,1.0,False
TLM,2026-07-12T17:20:06.014Z,2026-07-12T17:20:06.014333Z,2026-07-12T19:20:06.014333Z,7798.024893,7,0.001985,30.226700251891,22.97430830039525,10.722,89.08450704225352,30.226700251891,58.291101295193634,1,0,0,1,1.0,False
XRP,2026-07-12T17:20:50.531Z,2026-07-12T17:20:50.531885Z,2026-07-12T19:20:50.531885Z,7753.507341,7,1.1001500000000002,0.9089669590509383,2.942512033421123,-1.3,97.88732394366197,0.9089669590509383,50.56002203093621,38,20,11,7,0.4737,False
TREE,2026-07-12T17:26:44.492Z,2026-07-12T17:26:44.492806Z,2026-07-12T19:26:44.492806Z,7399.54642,7,0.04385,22.80501710376348,6.849315068493158,-0.905,86.61971830985915,22.80501710376348,53.80843166051546,0,0,0,0,,
CRV,2026-07-12T17:32:43.202Z,2026-07-12T17:32:43.203565Z,2026-07-12T19:32:43.203565Z,7640.441851,7,0.21015,4.758505829169117,6.436119116234401,-0.43,85.56338028169014,4.758505829169117,59.269785085711774,1,1,0,0,1.0,False
DOT,2026-07-12T17:32:48.462Z,2026-07-12T17:32:48.462297Z,2026-07-12T19:32:48.462297Z,7635.183119,7,0.8434999999999999,11.855364552460001,5.363528009535166,-4.659,82.04225352112677,11.855364552460001,52.5415396498098,5,4,1,0,0.6,False
DYDX,2026-07-12T17:32:55.409Z,2026-07-12T17:32:55.409392Z,2026-07-12T19:32:55.409392Z,7628.236024,7,0.13269999999999998,12.057272042202055,5.900996076064007,3.008,80.28169014084507,12.057272042202055,57.731467066788234,0,0,0,0,,
GALA,2026-07-12T17:33:23.968Z,2026-07-12T17:33:23.968540Z,2026-07-12T19:33:23.968540Z,7599.676876,7,0.0020625,4.848484848485492,3.7234042553191604,-2.13,73.2394366197183,4.848484848485492,55.69927167248426,2,1,1,0,-0.5,False
HMSTR,2026-07-12T17:33:37.323Z,2026-07-12T17:33:37.323568Z,2026-07-12T19:33:37.323568Z,7586.321848,7,0.00021255,14.114326040930614,7.570831398049228,3.212,75.0,14.114326040930614,71.69315352793319,0,0,0,0,,
ICP,2026-07-12T17:33:43.114Z,2026-07-12T17:33:43.115086Z,2026-07-12T19:33:43.115086Z,7580.53033,7,2.2615,4.421843908909529,3.468208092485562,-1.446,79.92957746478874,4.421843908909529,58.928564989357334,11,5,4,2,0.4545,False
INJ,2026-07-12T17:33:48.472Z,2026-07-12T17:33:48.473208Z,2026-07-12T19:33:48.473208Z,7575.172208,7,4.88,4.098360655739074,4.952109231709809,-2.251,83.45070422535211,4.098360655739074,57.74083294292984,16,11,5,0,0.625,False
KAITO,2026-07-12T17:33:59.867Z,2026-07-12T17:33:59.867199Z,2026-07-12T19:33:59.867199Z,7563.778217,7,0.6649,9.023913370432318,6.271567891972986,0.256,79.22535211267606,9.023913370432318,43.144274816227565,1,1,0,0,-1.0,False
MORPHO,2026-07-12T17:34:16.475Z,2026-07-12T17:34:16.476181Z,2026-07-12T19:34:16.476181Z,7547.169235,7,2.0205,4.949269982677009,9.556993529118973,-5.459,78.16901408450704,4.949269982677009,43.457791774095256,3,1,1,1,-0.3333,False
ONDO,2026-07-12T17:34:23.729Z,2026-07-12T17:34:23.729366Z,2026-07-12T19:34:23.729366Z,7539.91605,7,0.32535000000000003,3.073613032120624,4.217603911980434,-2.007,85.91549295774648,3.073613032120624,57.68704776957796,10,5,4,1,0.8,False
POL,2026-07-12T17:34:45.802Z,2026-07-12T17:34:45.803062Z,2026-07-12T19:34:45.803062Z,7517.842354,7,0.08063999999999999,4.960317460317258,2.3510386864037676,1.145,73.94366197183099,4.960317460317258,63.418413139552634,6,3,3,0,1.0,False
PUMP,2026-07-12T17:34:51.030Z,2026-07-12T17:34:51.031094Z,2026-07-12T19:34:51.031094Z,7512.614322,7,0.00145,13.793103448276199,5.470914127423828,0.347,81.33802816901408,13.793103448276199,64.61222295955548,45,45,0,0,1.0,False
RUNE,2026-07-12T17:34:58.578Z,2026-07-12T17:34:58.578820Z,2026-07-12T19:34:58.578820Z,7505.066596,7,0.4055,24.66091245376081,2.2222222222222103,-1.22,73.59154929577464,24.66091245376081,49.948781969906484,3,2,0,1,0.3333,False
SEI,2026-07-12T17:35:05.526Z,2026-07-12T17:35:05.527167Z,2026-07-12T19:35:05.527167Z,7498.118249,7,0.049085000000000004,6.111846796372681,4.448507007921994,-2.765,77.46478873239437,6.111846796372681,55.88884042645119,3,1,1,1,0.3333,False
SHIB,2026-07-12T17:35:11.089Z,2026-07-12T17:35:11.089926Z,2026-07-12T19:35:11.089926Z,7492.55549,7,4.285e-06,23.33722287047819,3.729603729603734,-2.941,75.35211267605634,23.33722287047819,56.682828939856904,23,12,9,2,0.4783,False
SKY,2026-07-12T17:35:17.127Z,2026-07-12T17:35:17.127348Z,2026-07-12T19:35:17.127348Z,7486.518068,7,0.06104,6.55307994757623,8.72691616277169,0.46,74.64788732394366,6.55307994757623,67.44652782630385,66,15,48,3,-0.4091,False
SYRUP,2026-07-12T17:35:23.074Z,2026-07-12T17:35:23.074222Z,2026-07-12T19:35:23.074222Z,7480.571194,7,0.18885000000000002,5.295207836908484,6.279683377308704,-2.37,83.09859154929578,5.295207836908484,54.881485399378874,1,1,0,0,1.0,False
TIA,2026-07-12T17:35:28.836Z,2026-07-12T17:35:28.836815Z,2026-07-12T19:35:28.836815Z,7474.808601,7,0.4028,4.9652432969210025,5.981633159592954,-2.422,78.52112676056338,4.9652432969210025,54.84558095021605,2,1,1,0,1.0,False
WIF,2026-07-12T17:35:38.503Z,2026-07-12T17:35:38.503855Z,2026-07-12T19:35:38.503855Z,7465.141561,7,0.15075,6.633499170811873,4.269513008672441,-2.345,75.70422535211267,6.633499170811873,63.619475901859474,8,6,2,0,0.0,False
ZK,2026-07-12T17:35:51.253Z,2026-07-12T17:35:51.254057Z,2026-07-12T19:35:51.254057Z,7452.391359,7,0.010525,9.50118764845567,3.8204393505253202,-2.332,76.7605633802817,9.50118764845567,63.40832275673056,1,1,0,0,-1.0,False
ZRO,2026-07-12T17:35:57.916Z,2026-07-12T17:35:57.916491Z,2026-07-12T19:35:57.916491Z,7445.728925,7,0.8775,11.396011396011406,6.6210045662100505,-4.783,81.69014084507042,11.396011396011406,57.032098095271984,3,1,0,2,-1.0,False
0G,2026-07-12T17:41:39.834Z,2026-07-12T17:41:39.834746Z,2026-07-12T19:41:39.834746Z,7704.416566,7,0.1865,53.619302949061705,7.065217391304354,-5.155,66.54929577464789,53.619302949061705,55.3064058563141,0,0,0,0,,
KMNO,2026-07-12T17:43:09.257Z,2026-07-12T17:43:09.258131Z,2026-07-12T19:43:09.258131Z,7614.993181,7,0.018575,5.3835800807534815,4.938271604938275,-0.852,65.84507042253522,5.3835800807534815,57.158399833176276,4,4,0,0,1.0,False
MITO,2026-07-12T17:43:17.333Z,2026-07-12T17:43:17.334054Z,2026-07-12T19:43:17.334054Z,7606.917258,7,0.021135,14.19446415897742,18.346007604562732,-5.225,64.08450704225352,14.19446415897742,58.07821865161457,0,0,0,0,,
NEIRO,2026-07-12T17:43:24.611Z,2026-07-12T17:43:24.611608Z,2026-07-12T19:43:24.611608Z,7599.639704,7,6.19e-05,9.693053311792575,6.11093195743309,-3.063,60.91549295774648,9.693053311792575,64.10759244411925,32,17,0,15,0.9375,False
ORCA,2026-07-12T17:43:37.774Z,2026-07-12T17:43:37.774999Z,2026-07-12T19:43:37.774999Z,7586.476313,7,1.1665,8.572653236177555,4.455869751499575,-2.179,58.098591549295776,8.572653236177555,51.4463381853393,46,34,12,0,0.9783,False
PARTI,2026-07-12T17:43:47.479Z,2026-07-12T17:43:47.479343Z,2026-07-12T19:43:47.479343Z,7576.771969,7,0.031149999999999997,32.10272873194202,8.945686900958467,-5.723,70.07042253521126,32.10272873194202,43.28497908885153,0,0,0,0,,
PYTH,2026-07-12T17:43:54.561Z,2026-07-12T17:43:54.561803Z,2026-07-12T19:43:54.561803Z,7569.689509,7,0.048435,14.452358831423686,6.268343815513626,-1.71,69.71830985915493,14.452358831423686,71.37355829318669,6,2,4,0,1.0,False
RENDER,2026-07-12T17:44:13.817Z,2026-07-12T17:44:13.818148Z,2026-07-12T19:44:13.818148Z,7550.433164,7,1.5545,6.432936635573432,4.067140090380888,-1.776,68.30985915492958,6.432936635573432,65.4665975083749,5,2,0,3,1.0,False
RESOLV,2026-07-12T17:44:21.372Z,2026-07-12T17:44:21.372888Z,2026-07-12T19:44:21.372888Z,7542.878424,7,0.02005,49.87531172069796,11.822660098522165,3.046,64.43661971830986,49.87531172069796,70.53891144016522,1,1,0,0,0.0,False
RPL,2026-07-12T17:44:33.203Z,2026-07-12T17:44:33.203973Z,2026-07-12T19:44:33.203973Z,7531.047339,7,1.7850000000000001,56.02240896358548,10.555555555555554,3.448,64.78873239436619,56.02240896358548,64.43818583950025,0,0,0,0,,
TURBO,2026-07-12T17:45:10.613Z,2026-07-12T17:45:10.613629Z,2026-07-12T19:45:10.613629Z,7493.637683,7,0.0008455,11.82732111176719,12.69276393831554,-4.313,60.563380281690144,11.82732111176719,57.822271940510795,1,1,0,0,1.0,False
TUT,2026-07-12T17:45:18.265Z,2026-07-12T17:45:18.265958Z,2026-07-12T19:45:18.265958Z,7485.985354,7,0.012369999999999999,32.33629749393703,12.905844155844164,-2.067,58.45070422535211,32.33629749393703,52.87303026250803,0,0,0,0,,
ANIME,2026-07-12T17:51:03.511Z,2026-07-12T17:51:03.512153Z,2026-07-12T19:51:03.512153Z,7740.029766,7,0.002815,35.52397868561289,3.8869257950529987,-0.352,45.070422535211264,35.52397868561289,62.52288583165711,0,0,0,0,,
AVNT,2026-07-12T17:51:15.186Z,2026-07-12T17:51:15.186442Z,2026-07-12T19:51:15.186442Z,7728.355477,7,0.09695000000000001,10.314595152140575,6.275303643724707,-1.299,55.985915492957744,10.314595152140575,72.84791596703482,0,0,0,0,,
BANK,2026-07-12T17:51:28.810Z,2026-07-12T17:51:28.811185Z,2026-07-12T19:51:28.811185Z,7714.730734,7,0.040999999999999995,48.780487804877765,12.34567901234569,-2.41,56.33802816901409,48.780487804877765,61.350570764087,7,6,1,0,1.0,False
FLOKI,2026-07-12T17:52:08.291Z,2026-07-12T17:52:08.291986Z,2026-07-12T19:52:08.291986Z,7675.249933,7,2.2695e-05,4.406256884775594,4.238410596026494,-3.205,47.88732394366197,4.406256884775594,60.98514448991726,0,0,0,0,,
GUN,2026-07-12T17:52:14.841Z,2026-07-12T17:52:14.841209Z,2026-07-12T19:52:14.841209Z,7668.70071,7,0.004065,24.600246002459023,5.940594059405956,-1.222,48.943661971830984,24.600246002459023,52.22596427086849,1,0,0,1,0.0,False
HEMI,2026-07-12T17:52:29.475Z,2026-07-12T17:52:29.475982Z,2026-07-12T19:52:29.475982Z,7654.065937,7,0.004465,22.39641657334735,5.555555555555561,-1.747,53.87323943661972,22.39641657334735,67.74488844557747,1,1,0,0,1.0,False
HOME,2026-07-12T17:52:37.641Z,2026-07-12T17:52:37.641256Z,2026-07-12T19:52:37.641256Z,7645.900663,7,0.014505,6.894174422612611,5.886379192334027,-4.26,48.59154929577465,6.894174422612611,60.121804417016754,37,19,17,1,0.9459,False
HUMA,2026-07-12T17:52:45.053Z,2026-07-12T17:52:45.053363Z,2026-07-12T19:52:45.053363Z,7638.488556,7,0.022585,13.283152534867734,3.4407665505226586,1.593,51.40845070422535,13.283152534867734,54.14242019031439,0,0,0,0,,
MEME,2026-07-12T17:53:07.622Z,2026-07-12T17:53:07.622715Z,2026-07-12T19:53:07.622715Z,7615.919204,7,0.0005585,17.905102954342425,6.249999999999998,-3.448,55.63380281690141,17.905102954342425,65.81097982744141,59,41,16,2,0.7797,False
PAXG,2026-07-12T17:53:14.806Z,2026-07-12T17:53:14.806362Z,2026-07-12T19:53:14.806362Z,7608.735557,7,4094.6549999999997,0.024422081957487338,0.30460569671229804,-0.219,56.690140845070424,0.024422081957487338,63.28310630809979,2,2,0,0,1.0,False
PLUME,2026-07-12T17:53:26.941Z,2026-07-12T17:53:26.941648Z,2026-07-12T19:53:26.941648Z,7596.600271,7,0.010069999999999999,19.86097318768711,5.964214711729621,-3.824,55.28169014084507,19.86097318768711,57.79498368408696,0,0,0,0,,
PNUT,2026-07-12T17:53:34.634Z,2026-07-12T17:53:34.634568Z,2026-07-12T19:53:34.634568Z,7588.907351,7,0.04265,23.446658851114385,4.225352112676063,-2.961,48.23943661971831,23.446658851114385,57.61410937450245,64,15,43,6,0.2812,False
RAY,2026-07-12T17:53:40.095Z,2026-07-12T17:53:40.095631Z,2026-07-12T19:53:40.095631Z,7583.446288,7,0.6887,5.8080441411348325,4.564616950138099,-1.206,50.352112676056336,5.8080441411348325,53.29313670659183,8,5,3,0,0.75,False
SAPIEN,2026-07-12T17:53:53.096Z,2026-07-12T17:53:53.097124Z,2026-07-12T19:53:53.097124Z,7570.444795,7,0.07930000000000001,25.220680958384843,8.322824716267332,1.148,51.76056338028169,25.220680958384843,52.06830661906953,0,0,0,0,,
SOMI,2026-07-12T17:54:08.208Z,2026-07-12T17:54:08.208488Z,2026-07-12T19:54:08.208488Z,7555.333431,7,0.10364999999999999,9.647853352629317,5.1257253384912955,-2.268,52.11267605633803,9.647853352629317,55.542647295864725,1,1,0,0,1.0,False
SSV,2026-07-12T17:54:15.347Z,2026-07-12T17:54:15.347761Z,2026-07-12T19:54:15.347761Z,7548.194158,7,2.077,19.258545979778543,5.632458233890208,-2.649,54.225352112676056,19.258545979778543,64.27270880685344,0,0,0,0,,
THETA,2026-07-12T17:54:20.826Z,2026-07-12T17:54:20.826758Z,2026-07-12T19:54:20.826758Z,7542.715161,7,0.15195,6.581112207962421,6.666666666666661,-3.32,44.71830985915493,6.581112207962421,53.29769147158615,1,1,0,0,1.0,False
USDE,2026-07-12T17:54:30.614Z,2026-07-12T17:54:30.614631Z,2026-07-12T19:54:30.614631Z,7532.927288,7,1.0000499999999999,0.999950002499765,0.019999999999997797,-0.01,46.478873239436616,0.999950002499765,63.737862437021676,0,0,0,0,,
ZBT,2026-07-12T17:54:54.709Z,2026-07-12T17:54:54.709867Z,2026-07-12T19:54:54.709867Z,7508.832052,7,0.11785000000000001,8.485362749257773,6.769494430162815,-4.344,44.36619718309859,8.485362749257773,61.33688368072873,0,0,0,0,,
ZEN,2026-07-12T17:55:00.035Z,2026-07-12T17:55:00.035744Z,2026-07-12T19:55:00.035744Z,7503.506175,7,4.2145,7.118282121248342,4.600141542816709,1.218,53.16901408450704,7.118282121248342,54.61204859802706,1,1,0,0,1.0,False
ZKC,2026-07-12T17:55:07.051Z,2026-07-12T17:55:07.051559Z,2026-07-12T19:55:07.051559Z,7496.49036,7,0.04445,22.497187851517644,6.51685393258427,-1.111,49.29577464788732,22.497187851517644,61.848548153272375,0,0,0,0,,
1000CHEEMS,2026-07-12T18:00:37.573Z,2026-07-12T18:00:37.573345Z,2026-07-12T20:00:37.573345Z,7766.493674,7,0.0004665,107.18113612004315,5.161290322580654,-4.124,41.54929577464789,107.18113612004315,45.52749160958816,0,0,0,0,,
BABY,2026-07-12T18:00:51.258Z,2026-07-12T18:00:51.258256Z,2026-07-12T20:00:51.258256Z,7752.808763,7,0.012969999999999999,15.420200462606724,4.6047582501918765,-2.47,34.859154929577464,15.420200462606724,50.14131341953733,0,0,0,0,,
BROCCOLI714,2026-07-12T18:01:04.826Z,2026-07-12T18:01:04.826579Z,2026-07-12T20:01:04.826579Z,7739.24044,7,0.012655,23.706045041485986,7.221350078492941,-3.994,32.04225352112676,23.706045041485986,32.53089381967012,0,0,0,0,,
DOGS,2026-07-12T18:01:17.353Z,2026-07-12T18:01:17.354187Z,2026-07-12T20:01:17.354187Z,7726.712832,7,3.8755000000000004e-05,7.74093665333629,5.40818954416689,-3.456,36.971830985915496,7.74093665333629,59.02233278608938,2,2,0,0,1.0,False
EDEN,2026-07-12T18:01:24.477Z,2026-07-12T18:01:24.477578Z,2026-07-12T20:01:24.477578Z,7719.589441,7,0.043815,15.976263836585785,8.419362239045652,1.278,39.7887323943662,15.976263836585785,54.82800326292947,0,0,0,0,,
ENJ,2026-07-12T18:01:31.524Z,2026-07-12T18:01:31.524444Z,2026-07-12T20:01:31.524444Z,7712.542575,7,0.028444999999999998,10.546669010370463,3.4301715085754227,-0.07,30.985915492957748,10.546669010370463,64.97595433715918,29,7,15,7,-0.1724,False
FF,2026-07-12T18:01:37.300Z,2026-07-12T18:01:37.300565Z,2026-07-12T20:01:37.300565Z,7706.766454,7,0.06147,9.760858955587695,6.524221171097694,5.253,34.15492957746479,9.760858955587695,66.91039057251535,4,4,0,0,0.25,False
GRT,2026-07-12T18:02:01.224Z,2026-07-12T18:02:01.224659Z,2026-07-12T20:02:01.224659Z,7682.84236,7,0.01757,11.383039271485023,3.6889897843359694,-2.274,33.098591549295776,11.383039271485023,47.93744901998432,2,1,0,1,0.0,False
HYPER,2026-07-12T18:02:07.306Z,2026-07-12T18:02:07.307040Z,2026-07-12T20:02:07.307040Z,7676.759979,7,0.06875,14.54545454545496,4.499274310595073,-2.131,43.309859154929576,14.54545454545496,65.40414315147854,1,1,0,0,1.0,False
IO,2026-07-12T18:02:14.938Z,2026-07-12T18:02:14.938443Z,2026-07-12T20:02:14.938443Z,7669.128576,7,0.16399999999999998,12.195121951219864,7.19557195571955,-4.912,38.732394366197184,12.195121951219864,59.18727504957208,1,1,0,0,1.0,False
KAIA,2026-07-12T18:02:22.780Z,2026-07-12T18:02:22.781014Z,2026-07-12T20:02:22.781014Z,7661.286005,7,0.035750000000000004,27.972027972026826,3.4188034188034178,0.0,32.74647887323944,27.972027972026826,67.38200470161041,1,0,0,1,-1.0,False
LAYER,2026-07-12T18:02:35.243Z,2026-07-12T18:02:35.243877Z,2026-07-12T20:02:35.243877Z,7648.823142,7,0.06620000000000001,30.211480362536527,3.0211480362537793,-2.071,37.67605633802817,30.211480362536527,39.44606718592297,1,1,0,0,1.0,False
LINEA,2026-07-12T18:02:40.750Z,2026-07-12T18:02:40.750205Z,2026-07-12T20:02:40.750205Z,7643.316814,7,0.0023935,4.177982034675994,4.220643543669033,-3.039,38.028169014084504,4.177982034675994,61.24383938568267,0,0,0,0,,
MINA,2026-07-12T18:02:52.828Z,2026-07-12T18:02:52.828811Z,2026-07-12T20:02:52.828811Z,7631.238208,7,0.04365,22.909507445590577,3.7122969837586943,-2.928,35.2112676056338,22.909507445590577,30.887378902326716,1,1,0,0,1.0,False
MUBARAK,2026-07-12T18:03:13.204Z,2026-07-12T18:03:13.204334Z,2026-07-12T20:03:13.204334Z,7610.862685,7,0.01264,15.822784810125938,13.66508688783571,-4.74,39.08450704225352,15.822784810125938,57.89455836161659,0,0,0,0,,
NOT,2026-07-12T18:03:32.776Z,2026-07-12T18:03:32.776979Z,2026-07-12T20:03:32.776979Z,7591.29004,7,0.0003805,26.281208935610255,4.712041884816755,-4.261,31.690140845070424,26.281208935610255,55.77340125470738,1,0,1,0,1.0,False
OPEN,2026-07-12T18:03:37.988Z,2026-07-12T18:03:37.989071Z,2026-07-12T20:03:37.989071Z,7586.077948,7,0.1472,13.586956521737633,5.140186915887841,-2.027,40.84507042253521,13.586956521737633,50.284484454960264,3,2,1,0,1.0,False
RARE,2026-07-12T18:03:49.343Z,2026-07-12T18:03:49.343771Z,2026-07-12T20:03:49.343771Z,7574.723248,7,0.012750000000000001,78.4313725490205,7.0866141732283445,-0.781,41.901408450704224,78.4313725490205,59.01816581253081,0,0,0,0,,
SAHARA,2026-07-12T18:04:01.207Z,2026-07-12T18:04:01.208199Z,2026-07-12T20:04:01.208199Z,7562.85882,7,0.010165,9.83767830791893,5.211406096361841,-1.834,34.50704225352113,9.83767830791893,61.94016174828197,0,0,0,0,,
SAND,2026-07-12T18:04:09.497Z,2026-07-12T18:04:09.497748Z,2026-07-12T20:04:09.497748Z,7554.569271,7,0.04826,4.14421881475325,3.498240529911,-3.167,42.25352112676056,4.14421881475325,40.33850419842065,48,19,25,4,0.0625,False
THE,2026-07-12T18:04:34.868Z,2026-07-12T18:04:34.868361Z,2026-07-12T20:04:34.868361Z,7529.198658,7,0.05335,18.744142455483196,5.794392523364497,-3.255,36.61971830985915,18.744142455483196,44.58562212624988,30,14,12,4,0.4,False
TOWNS,2026-07-12T18:04:40.169Z,2026-07-12T18:04:40.170025Z,2026-07-12T20:04:40.170025Z,7523.896994,7,0.001915,52.2193211488252,5.6994818652849775,-3.015,33.45070422535211,52.2193211488252,40.47477400608915,1,1,0,0,1.0,False
TWT,2026-07-12T18:04:47.954Z,2026-07-12T18:04:47.954255Z,2026-07-12T20:04:47.954255Z,7516.112764,7,0.35185,19.894841551798603,3.479010925819436,-1.277,42.605633802816904,19.894841551798603,39.29814090547089,3,0,2,1,-0.3333,False
1000SATS,2026-07-12T18:10:23.158Z,2026-07-12T18:10:23.158636Z,2026-07-12T20:10:23.158636Z,7782.625385,7,9.565e-06,31.36434918975401,4.248704663212429,0.104,22.535211267605632,31.36434918975401,67.50859428399272,60,12,44,4,0.95,False
ACH,2026-07-12T18:10:35.133Z,2026-07-12T18:10:35.133923Z,2026-07-12T20:10:35.133923Z,7770.650098,7,0.004405,22.70147559591281,5.816554809843396,0.676,27.112676056338028,22.70147559591281,66.15894464951961,1,1,0,0,1.0,False
AIXBT,2026-07-12T18:10:42.712Z,2026-07-12T18:10:42.713552Z,2026-07-12T20:10:42.713552Z,7763.070469,7,0.01915,31.33159268929376,3.8040646169880223,-2.291,16.901408450704224,31.33159268929376,59.04568958569748,3,3,0,0,1.0,False
ARKM,2026-07-12T18:10:47.606Z,2026-07-12T18:10:47.606723Z,2026-07-12T20:10:47.606723Z,7758.177298,7,0.1122,17.825311942958276,3.9929015084294623,-1.658,29.225352112676056,17.825311942958276,63.43212485152192,29,11,15,3,0.0,False
AXS,2026-07-12T18:10:54.153Z,2026-07-12T18:10:54.153273Z,2026-07-12T20:10:54.153273Z,7751.630748,7,0.9944999999999999,10.055304172951242,2.808425275827485,-1.091,27.464788732394368,10.055304172951242,61.329649553463014,3,2,1,0,1.0,False
BANANA,2026-07-12T18:11:00.518Z,2026-07-12T18:11:00.518633Z,2026-07-12T20:11:00.518633Z,7745.265388,7,3.4775,8.626887131560355,6.317636735887692,2.765,29.577464788732396,8.626887131560355,48.10193660864433,1,1,0,0,1.0,False
BLUR,2026-07-12T18:11:07.589Z,2026-07-12T18:11:07.589261Z,2026-07-12T20:11:07.589261Z,7738.19476,7,0.016989999999999998,58.85815185403143,6.979472140762464,-3.125,23.591549295774648,58.85815185403143,44.161673468430834,0,0,0,0,,
C,2026-07-12T18:11:12.947Z,2026-07-12T18:11:12.947932Z,2026-07-12T20:11:12.947932Z,7732.836089,7,0.06615,15.117157974299166,4.078549848942589,-3.358,17.6056338028169,15.117157974299166,53.480246173097576,1,1,0,0,1.0,False
CGPT,2026-07-12T18:11:25.299Z,2026-07-12T18:11:25.299767Z,2026-07-12T20:11:25.299767Z,7720.484254,7,0.018805000000000002,5.317734645040995,3.6663124335812944,-2.487,23.943661971830984,5.317734645040995,59.960222951120315,1,1,0,0,1.0,False
CKB,2026-07-12T18:11:32.428Z,2026-07-12T18:11:32.428312Z,2026-07-12T20:11:32.428312Z,7713.355709,7,0.0009195,32.62642740619982,3.2573289902280096,-1.497,23.239436619718308,32.62642740619982,62.169413053704424,0,0,0,0,,
COMP,2026-07-12T18:11:39.169Z,2026-07-12T18:11:39.170105Z,2026-07-12T20:11:39.170105Z,7706.613916,7,17.0,23.529411764705383,2.949852507374631,-0.528,19.718309859154928,23.529411764705383,42.22165738658975,65,27,30,8,0.0923,False
COOKIE,2026-07-12T18:11:45.843Z,2026-07-12T18:11:45.843402Z,2026-07-12T20:11:45.843402Z,7699.940619,7,0.00925,108.10810810810746,4.301075268817197,-2.105,28.87323943661972,108.10810810810746,56.18744702937584,1,1,0,0,1.0,False
CVX,2026-07-12T18:11:52.750Z,2026-07-12T18:11:52.750808Z,2026-07-12T20:11:52.750808Z,7693.033213,7,1.2934999999999999,54.11673753382215,3.8338658146964715,-0.556,16.197183098591548,54.11673753382215,63.465023083832754,5,2,1,2,0.2,False
ETC,2026-07-12T18:12:03.524Z,2026-07-12T18:12:03.524712Z,2026-07-12T20:12:03.524712Z,7682.259309,7,6.905,14.482259232439953,4.184704184704185,-2.394,25.35211267605634,14.482259232439953,63.43042206257381,1,1,0,0,1.0,False
EUL,2026-07-12T18:12:09.974Z,2026-07-12T18:12:09.974998Z,2026-07-12T20:12:09.974998Z,7675.809023,7,1.0175,29.484029484028415,6.329113924050639,2.291,17.253521126760564,29.484029484028415,68.51549831944003,18,6,12,0,0.4444,False
HOLO,2026-07-12T18:12:28.414Z,2026-07-12T18:12:28.414888Z,2026-07-12T20:12:28.414888Z,7657.369133,7,0.07385,13.540961408258497,5.922865013774121,-1.493,19.014084507042252,13.540961408258497,62.2815171219487,0,0,0,0,,
IMX,2026-07-12T18:12:35.094Z,2026-07-12T18:12:35.094593Z,2026-07-12T20:12:35.094593Z,7650.689428,7,0.13465,7.426661715558039,4.444444444444448,-0.148,26.056338028169016,7.426661715558039,69.00937684668074,12,7,3,2,0.8333,False
NOM,2026-07-12T18:13:04.865Z,2026-07-12T18:13:04.865729Z,2026-07-12T20:13:04.865729Z,7620.918292,7,0.001585,63.09148264984243,6.250000000000003,1.911,25.0,63.09148264984243,65.24956300185326,0,0,0,0,,
ROSE,2026-07-12T18:13:18.962Z,2026-07-12T18:13:18.963047Z,2026-07-12T20:13:18.963047Z,7606.820974,7,0.005775000000000001,17.316017316018108,4.6712802768166135,-3.02,24.295774647887324,17.316017316018108,54.4163329246693,64,9,50,5,0.375,False
RVN,2026-07-12T18:13:26.117Z,2026-07-12T18:13:26.117894Z,2026-07-12T20:13:26.117894Z,7599.666127,7,0.0037749999999999997,79.4701986754969,4.485488126649089,-3.069,20.422535211267604,79.4701986754969,52.48189544524854,1,1,0,0,1.0,False
SIGN,2026-07-12T18:13:32.636Z,2026-07-12T18:13:32.637004Z,2026-07-12T20:13:32.637004Z,7593.147017,7,0.008695,11.500862564691884,5.740528128587834,-3.115,26.760563380281692,11.500862564691884,43.74233882340222,0,0,0,0,,
SOLV,2026-07-12T18:13:39.246Z,2026-07-12T18:13:39.247010Z,2026-07-12T20:13:39.247010Z,7586.537011,7,0.0026950000000000003,37.105751391465766,4.797047970479701,-3.901,18.661971830985916,37.105751391465766,37.08836439407314,2,2,0,0,1.0,False
STO,2026-07-12T18:13:46.114Z,2026-07-12T18:13:46.114815Z,2026-07-12T20:13:46.114815Z,7579.669206,7,0.04425,22.598870056496256,3.8202247191011245,-1.549,26.408450704225352,22.598870056496256,61.53066609634348,0,0,0,0,,
TURTLE,2026-07-12T18:13:58.602Z,2026-07-12T18:13:58.602297Z,2026-07-12T20:13:58.602297Z,7567.181724,7,0.03395,29.455081001473594,3.2448377581121055,-1.739,20.774647887323944,29.455081001473594,58.43083037254671,0,0,0,0,,
VANA,2026-07-12T18:14:05.426Z,2026-07-12T18:14:05.426319Z,2026-07-12T20:14:05.426319Z,7560.357702,7,1.197,16.708437761069355,4.900332225913616,0.083,21.12676056338028,16.708437761069355,51.08153615255229,0,0,0,0,,
WAL,2026-07-12T18:14:12.540Z,2026-07-12T18:14:12.540750Z,2026-07-12T20:14:12.540750Z,7553.243271,7,0.03125,32.00000000000092,3.19488817891373,-2.492,21.830985915492956,32.00000000000092,52.488806813187225,1,1,0,0,1.0,False
YGG,2026-07-12T18:14:22.697Z,2026-07-12T18:14:22.697427Z,2026-07-12T20:14:22.697427Z,7543.086594,7,0.021984999999999998,13.645667500568013,4.497955474784195,-1.785,15.845070422535212,13.645667500568013,44.71349143525331,0,0,0,0,,
ACT,2026-07-12T18:19:58.904Z,2026-07-12T18:19:58.904576Z,2026-07-12T20:19:58.904576Z,7206.879445,7,0.008820000000000001,45.351473922902606,4.166666666666672,-1.878,5.985915492957746,45.351473922902606,60.30425982767293,2,0,0,2,1.0,False
ACX,2026-07-12T18:20:07.061Z,2026-07-12T18:20:07.062028Z,2026-07-12T20:20:07.062028Z,7796.38503,7,0.04152,67.4373795761085,3.929604628736739,-3.129,4.929577464788732,67.4373795761085,40.41665193980952,64,27,27,10,0.0938,False
AT,2026-07-12T18:20:13.963Z,2026-07-12T18:20:13.964162Z,2026-07-12T20:20:13.964162Z,7789.482896,7,0.15785,31.675641431739024,5.212968849332493,2.945,9.154929577464788,31.675641431739024,66.17858163175002,4,4,0,0,1.0,False
AUCTION,2026-07-12T18:20:20.455Z,2026-07-12T18:20:20.456078Z,2026-07-12T20:20:20.456078Z,7782.99098,7,3.325,30.075187969925505,0.6006006006006012,0.0,9.507042253521126,30.075187969925505,56.53124542588081,0,0,0,0,,
BARD,2026-07-12T18:20:27.678Z,2026-07-12T18:20:27.678304Z,2026-07-12T20:20:27.678304Z,7775.768754,7,0.12885,7.760962359331703,3.9969254419677256,-3.127,8.450704225352112,7.760962359331703,54.85330973284809,0,0,0,0,,
BFUSD,2026-07-12T18:20:38.186Z,2026-07-12T18:20:38.186217Z,2026-07-12T20:20:38.186217Z,7765.260841,7,0.99905,3.0028527100742406,0.04004404845329422,0.01,1.7605633802816902,3.0028527100742406,57.79660011253722,0,0,0,0,,
BMT,2026-07-12T18:20:44.802Z,2026-07-12T18:20:44.802396Z,2026-07-12T20:20:44.802396Z,7758.644662,7,0.011945,8.371703641692195,4.2713567839195985,-3.787,7.746478873239437,8.371703641692195,53.79988810997725,0,0,0,0,,
CATI,2026-07-12T18:20:56.505Z,2026-07-12T18:20:56.505421Z,2026-07-12T20:20:56.505421Z,7746.941637,7,0.040105,7.480364044384053,6.5557486962999665,-3.683,13.380281690140846,7.480364044384053,47.92408843418787,1,0,1,0,1.0,False
COW,2026-07-12T18:21:03.217Z,2026-07-12T18:21:03.217383Z,2026-07-12T20:21:03.217383Z,7740.229675,7,0.14135,7.074637424831198,3.2670454545454497,-1.607,3.1690140845070425,7.074637424831198,60.36088667409509,1,1,0,0,1.0,False
CVC,2026-07-12T18:21:09.660Z,2026-07-12T18:21:09.660462Z,2026-07-12T20:21:09.660462Z,7733.786596,7,0.020315,34.45729756337712,3.9158100832109577,-1.873,6.690140845070423,34.45729756337712,34.81662217814459,62,10,43,9,0.0645,False
DOLO,2026-07-12T18:21:16.666Z,2026-07-12T18:21:16.666479Z,2026-07-12T20:21:16.666479Z,7726.780579,7,0.022295000000000002,13.455931823278211,2.3193577163247086,-1.839,2.112676056338028,13.455931823278211,57.009888836699716,0,0,0,0,,
DYM,2026-07-12T18:21:23.305Z,2026-07-12T18:21:23.305295Z,2026-07-12T20:21:23.305295Z,7720.141763,7,0.01559,12.828736369467084,3.887826641172718,-1.815,3.5211267605633805,12.828736369467084,57.380532055726874,0,0,0,0,,
EURI,2026-07-12T18:21:28.625Z,2026-07-12T18:21:28.625447Z,2026-07-12T20:21:28.625447Z,7714.821611,7,1.1402999999999999,12.27747084100735,0.23682133146216536,-0.184,4.225352112676056,12.27747084100735,61.59142784152853,0,0,0,0,,
FORM,2026-07-12T18:21:40.432Z,2026-07-12T18:21:40.432427Z,2026-07-12T20:21:40.432427Z,7703.014631,7,0.20345000000000002,14.745637748832376,3.7273173124080414,-1.782,10.56338028169014,14.745637748832376,53.404903970450576,0,0,0,0,,
GMT,2026-07-12T18:21:47.646Z,2026-07-12T18:21:47.646636Z,2026-07-12T20:21:47.646636Z,7695.800422,7,0.007639999999999999,26.17801047120426,3.2594524119947765,-1.793,8.80281690140845,26.17801047120426,55.34730079227144,1,0,1,0,0.0,False
ILV,2026-07-12T18:21:57.921Z,2026-07-12T18:21:57.922028Z,2026-07-12T20:21:57.922028Z,7685.52503,7,3.125,31.999999999999318,2.857142857142867,-0.631,5.28169014084507,31.999999999999318,42.595439915359215,0,0,0,0,,
INIT,2026-07-12T18:22:03.008Z,2026-07-12T18:22:03.008355Z,2026-07-12T20:22:03.008355Z,7680.438703,7,0.05585,17.90510295434126,4.293381037567083,-2.951,13.732394366197184,17.90510295434126,58.012020010411916,0,0,0,0,,
LISTA,2026-07-12T18:22:10.166Z,2026-07-12T18:22:10.166496Z,2026-07-12T20:22:10.166496Z,7673.280562,7,0.04815,20.76843198338585,3.5051546391752577,-2.218,5.633802816901408,20.76843198338585,57.32484309312293,1,1,0,0,1.0,False
LPT,2026-07-12T18:22:17.703Z,2026-07-12T18:22:17.703402Z,2026-07-12T20:22:17.703402Z,7665.743656,7,1.5535,19.31123270035334,3.486120077469338,-2.945,11.971830985915492,19.31123270035334,42.2692421030698,0,0,0,0,,
MASK,2026-07-12T18:22:29.727Z,2026-07-12T18:22:29.727896Z,2026-07-12T20:22:29.727896Z,7653.719162,7,0.4025,24.844720496894432,5.679012345679004,1.25,3.8732394366197185,24.844720496894432,61.362871125670026,4,3,1,0,1.0,False
NEWT,2026-07-12T18:22:37.050Z,2026-07-12T18:22:37.050595Z,2026-07-12T20:22:37.050595Z,7646.396463,7,0.0475,84.21052631578897,4.402515723270451,-2.053,2.464788732394366,84.21052631578897,46.513010485755494,35,11,23,1,0.9429,False
NMR,2026-07-12T18:22:43.896Z,2026-07-12T18:22:43.897195Z,2026-07-12T20:22:43.897195Z,7639.549863,7,9.535,10.487676979548807,2.612330198537095,-2.047,12.32394366197183,10.487676979548807,41.52871150342443,1,1,0,0,1.0,False
NXPC,2026-07-12T18:22:50.562Z,2026-07-12T18:22:50.562546Z,2026-07-12T20:22:50.562546Z,7632.884512,7,0.26095,26.82506227246516,3.1874039938555967,-1.773,2.816901408450704,26.82506227246516,39.669688740157795,1,1,0,0,1.0,False
SOPH,2026-07-12T18:23:20.173Z,2026-07-12T18:23:20.173286Z,2026-07-12T20:23:20.173286Z,7603.273772,7,0.004805,20.811654526535815,3.933747412008283,-1.227,13.028169014084508,20.811654526535815,62.44832700178477,1,1,0,0,1.0,False
VET,2026-07-12T18:23:44.521Z,2026-07-12T18:23:44.521876Z,2026-07-12T20:23:44.521876Z,7578.925182,7,0.0049065,10.190563538163245,3.200163065633918,-1.486,15.140845070422536,10.190563538163245,55.561549341524334,1,1,0,0,1.0,False
WCT,2026-07-12T18:23:49.451Z,2026-07-12T18:23:49.451972Z,2026-07-12T20:23:49.451972Z,7573.995086,7,0.04421,9.04772675865152,3.551232752770855,-2.104,11.267605633802816,9.04772675865152,61.23606116163619,0,0,0,0,,
1INCH,2026-07-12T18:29:29.730Z,2026-07-12T18:29:29.730562Z,2026-07-12T20:29:29.730562Z,7233.716496,7,0.07369999999999999,54.274084124830075,4.87144790257105,-0.672,0.704225352112676,54.274084124830075,42.124749236822105,0,0,0,0,,
ALLO,2026-07-12T18:29:43.397Z,2026-07-12T18:29:43.397382Z,2026-07-12T20:29:43.397382Z,7220.049676,7,0.3936,10.16260162601514,14.871255911718334,-0.704,88.73239436619718,10.16260162601514,72.93979231146093,62,2,59,1,-0.2581,False
ARB,2026-07-12T18:29:48.625Z,2026-07-12T18:29:48.625642Z,2026-07-12T20:29:48.625642Z,7214.821416,7,0.09345,10.700909577314377,7.8224101479915475,-2.474,94.01408450704226,10.700909577314377,57.40305454274922,32,18,12,2,0.25,False
BCH,2026-07-12T18:29:57.754Z,2026-07-12T18:29:57.754845Z,2026-07-12T20:29:57.754845Z,7205.692213,7,246.05,4.064214590530149,2.783462955382731,-1.492,90.84507042253522,4.064214590530149,59.7228174791387,29,3,24,2,0.931,False
BTC,2026-07-12T18:30:09.186Z,2026-07-12T18:30:09.186576Z,2026-07-12T20:30:09.186576Z,7795.650647,7,64172.835,0.0015582917592406992,1.286204682965027,-0.208,99.64788732394366,0.0015582917592406992,60.37993430976514,38,18,15,5,0.4737,False
DOGE,2026-07-12T18:30:20.047Z,2026-07-12T18:30:20.047646Z,2026-07-12T20:30:20.047646Z,7784.789577,7,0.073505,1.3604516699557856,4.436581382689166,-2.235,96.47887323943662,1.3604516699557856,53.23446644167579,50,21,25,4,0.7,False
ETH,2026-07-12T18:30:29.251Z,2026-07-12T18:30:29.251528Z,2026-07-12T20:30:29.251528Z,7775.585695,7,1820.6550000000002,0.05492528787711513,2.7909176915799314,-0.119,100.0,0.05492528787711513,60.09183830517499,56,23,30,3,0.6964,False
FDUSD,2026-07-12T18:30:35.066Z,2026-07-12T18:30:35.066729Z,2026-07-12T20:30:35.066729Z,7769.770494,7,0.99735,1.002657041158961,0.07018951168154355,-0.05,95.07042253521126,1.002657041158961,63.09639358473118,0,0,0,0,,
HBAR,2026-07-12T18:30:39.883Z,2026-07-12T18:30:39.883542Z,2026-07-12T20:30:39.883542Z,7764.953681,7,0.06789500000000001,1.4728625082842803,4.532661827877341,-2.961,92.95774647887323,1.4728625082842803,58.05448485284572,43,15,21,7,0.5581,False
LINK,2026-07-12T18:30:45.386Z,2026-07-12T18:30:45.386754Z,2026-07-12T20:30:45.386754Z,7759.450469,7,8.0755,1.2383134171273882,3.2703307634916787,-0.507,93.66197183098592,1.2383134171273882,65.90354411205911,44,14,24,6,0.7273,False
NEAR,2026-07-12T18:30:55.357Z,2026-07-12T18:30:55.357892Z,2026-07-12T20:30:55.357892Z,7749.479331,7,1.9144999999999999,5.223295899713303,3.210526315789471,0.053,94.36619718309859,5.223295899713303,68.30308400674525,14,5,8,1,0.7143,False
PENGU,2026-07-12T18:31:00.284Z,2026-07-12T18:31:00.284911Z,2026-07-12T20:31:00.284911Z,7744.552312,7,0.006062,3.2992411745288655,4.675666776424109,-2.847,89.43661971830986,3.2992411745288655,54.615203114116234,9,6,1,2,0.3333,False
PEPE,2026-07-12T18:31:06.024Z,2026-07-12T18:31:06.024485Z,2026-07-12T20:31:06.024485Z,7738.812738,7,2.795e-06,35.77817531305869,5.054151624548734,-1.071,92.25352112676056,35.77817531305869,66.02236463863893,57,39,1,17,0.8947,False
SUI,2026-07-12T18:31:15.363Z,2026-07-12T18:31:15.363685Z,2026-07-12T20:31:15.363685Z,7729.473538,7,0.74215,1.3474365020546923,3.931369900027007,-0.751,97.88732394366197,1.3474365020546923,54.5647476359103,31,12,12,7,0.2903,False
TAO,2026-07-12T18:31:29.206Z,2026-07-12T18:31:29.207036Z,2026-07-12T20:31:29.207036Z,7715.630187,7,211.95,4.718093890068144,4.806786050895377,-0.702,92.6056338028169,4.718093890068144,64.51546774638393,38,23,15,0,0.8158,False
TRX,2026-07-12T18:31:38.744Z,2026-07-12T18:31:38.744348Z,2026-07-12T20:31:38.744348Z,7706.092875,7,0.33145,3.017046311662226,0.8157099697885304,0.091,91.54929577464789,3.017046311662226,69.90192346247038,34,22,9,3,0.7353,False
UNI,2026-07-12T18:31:47.397Z,2026-07-12T18:31:47.398166Z,2026-07-12T20:31:47.398166Z,7697.439057,7,3.6905,2.709659937677523,7.55543388995347,-1.03,91.19718309859155,2.709659937677523,58.79785716866117,28,13,12,3,0.6429,False
USD1,2026-07-12T18:31:51.054Z,2026-07-12T18:31:51.054297Z,2026-07-12T20:31:51.054297Z,7693.782926,7,0.99935,1.0006504227746935,0.040024014408651894,-0.01,99.29577464788733,1.0006504227746935,67.93893279968972,1,0,0,1,1.0,False
VANRY,2026-07-12T18:31:58.719Z,2026-07-12T18:31:58.719234Z,2026-07-12T20:31:58.719234Z,7686.117989,7,0.0064045,51.52627059099078,27.293862368257898,15.07,90.49295774647888,51.52627059099078,70.51143771797337,7,6,1,0,0.7143,False
VIRTUAL,2026-07-12T18:32:04.137Z,2026-07-12T18:32:04.137580Z,2026-07-12T20:32:04.137580Z,7680.699643,7,0.5879,6.803878210579282,4.474576271186438,-3.215,88.38028169014085,6.803878210579282,62.66355984587216,4,4,0,0,1.0,False
WLD,2026-07-12T18:32:09.696Z,2026-07-12T18:32:09.696298Z,2026-07-12T20:32:09.696298Z,7675.140925,7,0.42735,7.020007020006247,9.367681498829034,4.452,96.12676056338029,7.020007020006247,70.13558581812278,9,3,5,1,1.0,False
XAI,2026-07-12T18:32:16.615Z,2026-07-12T18:32:16.615444Z,2026-07-12T20:32:16.615444Z,7668.221779,7,0.00697,57.38880918220962,4.243281471004242,-2.078,1.408450704225352,57.38880918220962,37.785921755647244,0,0,0,0,,
XLM,2026-07-12T18:32:22.698Z,2026-07-12T18:32:22.698451Z,2026-07-12T20:32:22.698451Z,7662.138772,7,0.18945,5.278437582475005,5.658381808566904,-1.15,95.4225352112676,5.278437582475005,67.7557870290994,21,7,13,1,0.8095,False
XPL,2026-07-12T18:32:27.698Z,2026-07-12T18:32:27.699131Z,2026-07-12T20:32:27.699131Z,7657.138092,7,0.09088,6.602112676056833,6.313242410910686,-1.793,87.67605633802818,6.602112676056833,57.40531627775669,2,2,0,0,1.0,False
XVG,2026-07-12T18:32:38.439Z,2026-07-12T18:32:38.439846Z,2026-07-12T20:32:38.439846Z,7646.397377,7,0.0021555,32.47506379030416,1.5306122448979613,0.139,1.056338028169014,32.47506379030416,42.850065980553644,64,30,28,6,-0.0625,False
ZEC,2026-07-12T18:32:43.654Z,2026-07-12T18:32:43.654752Z,2026-07-12T20:32:43.654752Z,7641.182471,7,538.3050000000001,0.9288414560531336,8.581403895626595,7.52,98.94366197183099,0.9288414560531336,66.67593490654703,44,24,13,7,0.75,False
ASTER,2026-07-12T18:38:18.486Z,2026-07-12T18:38:18.487005Z,2026-07-12T20:38:18.487005Z,7306.350218,7,0.6234999999999999,16.038492381716132,3.3600000000000034,-0.951,86.97183098591549,16.038492381716132,68.56485008913634,4,1,3,0,1.0,False
JUP,2026-07-12T18:38:24.604Z,2026-07-12T18:38:24.605038Z,2026-07-12T20:38:24.605038Z,7300.232185,7,0.2031,9.847365829639486,5.931372549019608,-2.299,87.32394366197182,9.847365829639486,54.41081977788701,27,17,10,0,0.8148,False
LDO,2026-07-12T18:38:29.633Z,2026-07-12T18:38:29.633367Z,2026-07-12T20:38:29.633367Z,7295.203856,7,0.3099,6.453694740238075,8.541734329327701,-2.285,86.26760563380282,6.453694740238075,47.51383622874269,1,1,0,0,1.0,False
ALGO,2026-07-12T18:44:08.995Z,2026-07-12T18:44:08.995972Z,2026-07-12T20:44:08.995972Z,7555.266622,7,0.08435000000000001,11.855364552460326,4.64839094159714,-3.674,77.11267605633803,11.855364552460326,62.48418344743014,14,6,7,1,0.5714,False
APT,2026-07-12T18:44:15.423Z,2026-07-12T18:44:15.423268Z,2026-07-12T20:44:15.423268Z,7548.839326,7,0.6205,16.116035455278013,5.000000000000004,-3.876,84.15492957746478,16.116035455278013,64.30437153338332,6,4,2,0,1.0,False
BONK,2026-07-12T18:44:22.844Z,2026-07-12T18:44:22.844756Z,2026-07-12T20:44:22.844756Z,7541.417838,7,3.995e-06,25.031289111389,4.499999999999999,-2.2,80.98591549295774,25.031289111389,66.12457184964597,34,20,14,0,0.9412,False
CAKE,2026-07-12T18:44:27.753Z,2026-07-12T18:44:27.753682Z,2026-07-12T20:44:27.753682Z,7536.508912,7,1.4125,7.079646017699907,4.152005629838153,-1.182,76.40845070422536,7.079646017699907,49.91891104153288,4,3,1,0,0.0,False
CHZ,2026-07-12T18:44:34.757Z,2026-07-12T18:44:34.757865Z,2026-07-12T20:44:34.757865Z,7529.504729,7,0.017044999999999998,5.866823115282836,4.492415402567094,-3.654,72.1830985915493,5.866823115282836,61.68631779306148,1,0,1,0,0.0,False
EGLD,2026-07-12T18:44:55.207Z,2026-07-12T18:44:55.207837Z,2026-07-12T20:44:55.207837Z,7509.054757,7,2.995,33.388981636059384,7.718120805369128,3.472,77.8169014084507,33.388981636059384,57.34957444528721,8,5,3,0,1.0,False
EIGEN,2026-07-12T18:45:03.113Z,2026-07-12T18:45:03.113955Z,2026-07-12T20:45:03.113955Z,7501.148639,7,0.23245,4.3020004302007635,7.866609662248825,-3.307,74.29577464788733,4.3020004302007635,71.56290163535994,1,1,0,0,1.0,False
ETHFI,2026-07-12T18:45:10.009Z,2026-07-12T18:45:10.010188Z,2026-07-12T20:45:10.010188Z,7494.252406,7,0.4225,23.66863905325446,7.075471698113215,-1.166,72.88732394366197,23.66863905325446,65.0178889207428,0,0,0,0,,
FET,2026-07-12T18:45:16.078Z,2026-07-12T18:45:16.078840Z,2026-07-12T20:45:16.078840Z,7488.183754,7,0.15925,6.279434850862731,3.5736677115987354,-2.327,78.87323943661971,6.279434850862731,56.85955153204228,4,3,1,0,1.0,False
JTO,2026-07-12T18:45:42.907Z,2026-07-12T18:45:42.907964Z,2026-07-12T20:45:42.907964Z,7461.35463,7,0.6114999999999999,6.541291905152363,7.092431456246924,-1.948,82.3943661971831,6.541291905152363,73.98298400186201,3,1,1,1,1.0,False
MMT,2026-07-12T18:45:58.648Z,2026-07-12T18:45:58.648294Z,2026-07-12T20:45:58.648294Z,7445.6143,7,0.17045,5.866823115284056,12.96829971181556,-7.417,83.80281690140845,5.866823115284056,48.90129646869779,0,0,0,0,,
OP,2026-07-12T18:46:13.316Z,2026-07-12T18:46:13.316983Z,2026-07-12T20:46:13.316983Z,7430.945611,7,0.10195,9.808729769493771,6.9744597249508935,-3.69,72.53521126760563,9.808729769493771,58.76372479880672,8,8,0,0,0.625,False
PENDLE,2026-07-12T18:46:26.904Z,2026-07-12T18:46:26.905162Z,2026-07-12T20:46:26.905162Z,7417.357432,7,1.5465,6.466214031683737,4.693611473272495,-2.665,84.50704225352112,6.466214031683737,54.685982598574114,0,0,0,0,,
TRUMP,2026-07-12T18:47:10.603Z,2026-07-12T18:47:10.603705Z,2026-07-12T20:47:10.603705Z,7373.658889,7,1.5715,6.36334712058614,5.63647878404053,-2.891,84.85915492957747,6.36334712058614,60.99160211859224,47,25,9,13,0.8723,False
WLFI,2026-07-12T18:47:22.792Z,2026-07-12T18:47:22.792909Z,2026-07-12T20:47:22.792909Z,7361.469685,7,0.05795,17.256255392580304,3.633217993079581,-0.687,80.63380281690141,17.256255392580304,59.967457764389096,31,8,19,4,0.6774,False
1MBABYDOGE,2026-07-12T18:53:23.764Z,2026-07-12T18:53:23.765240Z,2026-07-12T20:53:23.765240Z,7599.580516,7,0.00031755,15.745551881593833,11.869158878504676,-2.343,71.12676056338029,15.745551881593833,61.15343379094061,0,0,0,0,,
2Z,2026-07-12T18:53:30.541Z,2026-07-12T18:53:30.542128Z,2026-07-12T20:53:30.542128Z,7592.803628,7,0.07366500000000001,9.502477431616184,9.30358350236646,3.731,67.25352112676056,9.502477431616184,65.66543366970123,0,0,0,0,,
ALT,2026-07-12T18:53:43.671Z,2026-07-12T18:53:43.671789Z,2026-07-12T20:53:43.671789Z,7579.673967,7,0.006495,15.396458814472044,8.966565349544076,-0.303,62.32394366197183,15.396458814472044,45.17138231878587,1,1,0,0,1.0,False
APE,2026-07-12T18:53:48.942Z,2026-07-12T18:53:48.942995Z,2026-07-12T20:53:48.942995Z,7574.402761,7,0.15525,6.441223832527472,4.34227330779055,0.449,65.49295774647888,6.441223832527472,60.010512977518374,5,5,0,0,0.6,False
ATOM,2026-07-12T18:53:54.818Z,2026-07-12T18:53:54.819105Z,2026-07-12T20:53:54.819105Z,7568.526651,7,1.5825,6.319115323853965,3.2176656151419523,-0.814,69.01408450704226,6.319115323853965,67.29925830562021,44,17,24,3,0.4091,False
BIO,2026-07-12T18:53:59.836Z,2026-07-12T18:53:59.836847Z,2026-07-12T20:53:59.836847Z,7563.508909,7,0.028515,10.520778537611356,4.741980474198048,-0.313,66.19718309859155,10.520778537611356,66.68032839086538,1,1,0,0,1.0,False
CFX,2026-07-12T18:54:05.524Z,2026-07-12T18:54:05.525015Z,2026-07-12T20:54:05.525015Z,7557.820741,7,0.044935,6.676310225880784,4.762974612446634,-0.647,59.859154929577464,6.676310225880784,51.76960401330545,0,0,0,0,,
DASH,2026-07-12T18:54:10.769Z,2026-07-12T18:54:10.769555Z,2026-07-12T20:54:10.769555Z,7552.576201,7,34.739999999999995,11.51410477835324,5.084261639531566,0.806,61.971830985915496,11.51410477835324,73.0230832481031,3,2,1,0,1.0,False
ENSO,2026-07-12T18:54:18.130Z,2026-07-12T18:54:18.130952Z,2026-07-12T20:54:18.130952Z,7545.214804,7,0.7064999999999999,14.15428167020525,7.627118644067789,1.288,62.67605633802817,14.15428167020525,70.30300023381369,0,0,0,0,,
EPIC,2026-07-12T18:54:23.434Z,2026-07-12T18:54:23.434529Z,2026-07-12T20:54:23.434529Z,7539.911227,7,0.3925,25.477707006369446,10.209424083769642,-3.046,71.47887323943662,25.477707006369446,71.4125624324021,0,0,0,0,,
ERA,2026-07-12T18:54:32.901Z,2026-07-12T18:54:32.901762Z,2026-07-12T20:54:32.901762Z,7530.443994,7,0.08045,12.430080795525528,10.306748466257675,-0.731,59.15492957746479,12.430080795525528,69.73761154476985,0,0,0,0,,
FIL,2026-07-12T18:54:40.195Z,2026-07-12T18:54:40.195243Z,2026-07-12T20:54:40.195243Z,7523.150513,7,0.7795000000000001,12.828736369467617,4.12903225806452,-2.393,67.6056338028169,12.828736369467617,63.77046227808151,9,3,5,1,1.0,False
GIGGLE,2026-07-12T18:54:45.994Z,2026-07-12T18:54:45.994410Z,2026-07-12T20:54:45.994410Z,7517.351346,7,26.78,7.468259895444201,8.454919566030682,2.532,59.50704225352113,7.468259895444201,55.18014030730356,0,0,0,0,,
IOTA,2026-07-12T18:54:51.094Z,2026-07-12T18:54:51.094364Z,2026-07-12T20:54:51.094364Z,7512.251392,7,0.03895,25.67394094993655,5.867346938775501,-2.0,70.77464788732394,25.67394094993655,63.3139199178377,3,2,1,0,0.6667,False
ORDI,2026-07-12T18:55:34.726Z,2026-07-12T18:55:34.726725Z,2026-07-12T20:55:34.726725Z,7468.619031,7,3.5119999999999996,11.389521640091129,7.916313259824705,0.884,71.83098591549296,11.389521640091129,73.38600035200537,10,6,3,1,0.0,False
RED,2026-07-12T18:55:55.915Z,2026-07-12T18:55:55.915490Z,2026-07-12T20:55:55.915490Z,7447.430266,7,0.11460000000000001,17.45200698080208,9.114583333333341,3.784,58.80281690140845,17.45200698080208,52.34144606570435,0,0,0,0,,
S,2026-07-12T18:56:23.524Z,2026-07-12T18:56:23.524328Z,2026-07-12T20:56:23.524328Z,7419.821428,7,0.025555,3.9131285462725853,3.955021326095386,-2.088,63.732394366197184,3.9131285462725853,67.59083392401811,0,0,0,0,,
SNX,2026-07-12T18:56:30.715Z,2026-07-12T18:56:30.715281Z,2026-07-12T20:56:30.715281Z,7412.630475,7,0.2395,41.753653444676445,10.330578512396691,5.217,67.95774647887323,41.753653444676445,68.52495490631922,1,1,0,0,1.0,False
STRK,2026-07-12T18:56:36.620Z,2026-07-12T18:56:36.621003Z,2026-07-12T20:56:36.621003Z,7406.724753,7,0.03015,33.16749585406397,5.298013245033126,-2.581,68.66197183098592,33.16749585406397,61.910268992163864,4,2,2,0,0.0,False
STX,2026-07-12T18:56:43.860Z,2026-07-12T18:56:43.861046Z,2026-07-12T20:56:43.861046Z,7399.48471,7,0.173,11.56069364161883,4.913294797687866,-0.803,61.61971830985915,11.56069364161883,68.1961922423769,65,28,34,3,0.6,False
TRB,2026-07-12T18:56:50.553Z,2026-07-12T18:56:50.554186Z,2026-07-12T20:56:50.554186Z,7392.79157,7,15.08,13.262599469495738,6.428098078197486,-3.517,61.267605633802816,13.262599469495738,61.31378878334103,1,0,1,0,1.0,False
W,2026-07-12T18:57:09.364Z,2026-07-12T18:57:09.364962Z,2026-07-12T20:57:09.364962Z,7373.980794,7,0.009649999999999999,20.725388601037228,8.969072164948463,-3.96,63.028169014084504,20.725388601037228,55.76729722122246,10,8,2,0,1.0,False
XTZ,2026-07-12T18:57:16.388Z,2026-07-12T18:57:16.388414Z,2026-07-12T20:57:16.388414Z,7366.957342,7,0.22925,4.362050163577611,4.19397116644823,-3.418,66.90140845070422,4.362050163577611,49.27840199241355,5,2,3,0,0.6,False
AR,2026-07-12T18:57:48.068Z,2026-07-12T18:57:48.068478Z,2026-07-12T20:57:48.068478Z,7335.277278,7,1.9735,5.067139599695413,2.482269503546096,-1.399,50.70422535211268,5.067139599695413,64.29597901375278,2,1,1,0,1.0,False
BANANAS31,2026-07-12T18:58:00.649Z,2026-07-12T18:58:00.649758Z,2026-07-12T20:58:00.649758Z,7322.695998,7,0.007667,20.868657884440314,4.794698544698539,-3.085,51.056338028169016,20.868657884440314,59.286557168248585,0,0,0,0,,
BERA,2026-07-12T18:58:13.849Z,2026-07-12T18:58:13.849986Z,2026-07-12T20:58:13.849986Z,7309.49577,7,0.1915,52.21932114882511,5.699481865284979,-3.98,49.647887323943664,52.21932114882511,40.43670708717247,3,2,1,0,0.3333,False
CYBER,2026-07-12T18:58:33.475Z,2026-07-12T18:58:33.475590Z,2026-07-12T20:58:33.475590Z,7289.870166,7,0.3595,27.81641168289293,7.777777777777785,-2.703,57.04225352112676,27.81641168289293,42.99864300586542,0,0,0,0,,
HEI,2026-07-12T18:58:53.899Z,2026-07-12T18:58:53.899374Z,2026-07-12T20:58:53.899374Z,7269.446382,7,0.1028,19.455252918288494,13.250714966634899,0.962,57.394366197183096,19.455252918288494,68.78289091719537,0,0,0,0,,
KITE,2026-07-12T18:59:18.276Z,2026-07-12T18:59:18.276655Z,2026-07-12T20:59:18.276655Z,7245.069101,7,0.11765,8.499787505312609,3.9826839826839886,-1.028,52.46478873239437,8.499787505312609,69.89153155414864,0,0,0,0,,
MANTA,2026-07-12T18:59:30.781Z,2026-07-12T18:59:30.781248Z,2026-07-12T20:59:30.781248Z,7232.564508,7,0.059015,11.861391171736104,7.094885483037711,-0.548,46.12676056338028,11.861391171736104,51.97020909147215,0,0,0,0,,
PHA,2026-07-12T18:59:46.444Z,2026-07-12T18:59:46.444955Z,2026-07-12T20:59:46.444955Z,7216.900801,7,0.02465,40.56795131845818,7.287449392712548,-3.891,44.014084507042256,40.56795131845818,52.26079551213934,0,0,0,0,,
SAGA,2026-07-12T19:00:13.591Z,2026-07-12T19:00:13.591357Z,2026-07-12T21:00:13.591357Z,7789.306822,7,0.012805,7.809449433814597,5.625000000000001,-3.396,45.774647887323944,7.809449433814597,59.87783546654426,0,0,0,0,,
SKL,2026-07-12T19:00:29.811Z,2026-07-12T19:00:29.811704Z,2026-07-12T21:00:29.811704Z,7773.086475,7,0.004425,67.79661016949268,7.439824945295405,-3.178,53.521126760563384,67.79661016949268,56.05102262757057,1,0,1,0,-1.0,False
TST,2026-07-12T19:00:52.913Z,2026-07-12T19:00:52.914109Z,2026-07-12T21:00:52.914109Z,7749.98407,7,0.010884999999999999,27.560863573725783,9.609895337773537,0.864,47.53521126760563,27.560863573725783,50.946136579030785,11,2,9,0,0.6364,False
USUAL,2026-07-12T19:01:04.719Z,2026-07-12T19:01:04.719336Z,2026-07-12T21:01:04.719336Z,7738.178843,7,0.009245,10.81665765278485,11.003236245954692,-0.536,52.816901408450704,10.81665765278485,64.5367541246982,2,2,0,0,1.0,False
API3,2026-07-12T19:07:09.663Z,2026-07-12T19:07:09.663313Z,2026-07-12T21:07:09.663313Z,7373.234866,7,0.2259,8.85347498893341,5.34452296819788,-1.222,40.140845070422536,8.85347498893341,46.35775777106002,0,0,0,0,,
BEAMX,2026-07-12T19:07:23.305Z,2026-07-12T19:07:23.306045Z,2026-07-12T21:07:23.306045Z,7359.592134,7,0.001593,12.554927809164042,6.913580246913574,-0.123,32.394366197183096,12.554927809164042,33.94509607516916,0,0,0,0,,
LA,2026-07-12T19:08:44.873Z,2026-07-12T19:08:44.874035Z,2026-07-12T21:08:44.874035Z,7278.024144,7,0.058249999999999996,51.50214592274707,10.580204778157004,-5.178,35.91549295774648,51.50214592274707,41.2909879479385,0,0,0,0,,
MET,2026-07-12T19:09:00.824Z,2026-07-12T19:09:00.825219Z,2026-07-12T21:09:00.825219Z,7262.07296,7,0.1482,26.990553306343553,5.702917771883287,-3.271,31.338028169014084,26.990553306343553,51.83342593766235,10,8,2,0,0.8,False
MIRA,2026-07-12T19:09:13.213Z,2026-07-12T19:09:13.213778Z,2026-07-12T21:09:13.213778Z,7249.684401,7,0.043,46.511627906976464,4.166666666666673,-3.139,36.267605633802816,46.511627906976464,42.39908331808891,0,0,0,0,,
MOVE,2026-07-12T19:09:20.255Z,2026-07-12T19:09:20.255549Z,2026-07-12T21:09:20.255549Z,7242.64263,7,0.01105,90.4977375565621,4.545454545454549,-1.786,30.633802816901408,90.4977375565621,53.53203422215664,1,1,0,0,1.0,False
QNT,2026-07-12T19:09:56.659Z,2026-07-12T19:09:56.659316Z,2026-07-12T21:09:56.659316Z,7206.238863,7,65.725,10.650437428681233,2.4349414092223323,-1.514,42.95774647887324,10.650437428681233,59.5030989297051,63,13,49,1,-0.0317,False
RSR,2026-07-12T19:10:09.253Z,2026-07-12T19:10:09.253874Z,2026-07-12T21:10:09.253874Z,7794.154629,7,0.001239,16.142050040355517,4.677419354838701,-2.973,41.19718309859155,16.142050040355517,61.75655984490903,1,0,1,0,1.0,False
SHELL,2026-07-12T19:10:25.655Z,2026-07-12T19:10:25.656177Z,2026-07-12T21:10:25.656177Z,7777.752326,7,0.02105,47.50593824228,5.213270142180096,-4.525,39.436619718309856,47.50593824228,48.57121566881442,2,1,0,1,1.0,False
SPK,2026-07-12T19:10:33.820Z,2026-07-12T19:10:33.821072Z,2026-07-12T21:10:33.821072Z,7769.587431,7,0.017006,12.936610608021395,3.6915696483940774,-1.555,33.80281690140845,12.936610608021395,61.918510556726986,68,26,40,2,0.3088,False
STEEM,2026-07-12T19:10:40.985Z,2026-07-12T19:10:40.985307Z,2026-07-12T21:10:40.985307Z,7762.423196,7,0.040929999999999994,29.31834839970732,11.573061026015075,-3.699,40.49295774647887,29.31834839970732,41.63826821861007,0,0,0,0,,
A,2026-07-12T19:16:35.068Z,2026-07-12T19:16:35.069148Z,2026-07-12T21:16:35.069148Z,7408.339355,7,0.07285,41.18050789292995,6.147540983606563,-3.303,16.549295774647888,41.18050789292995,39.75301349477306,0,0,0,0,,
CETUS,2026-07-12T19:17:23.354Z,2026-07-12T19:17:23.354651Z,2026-07-12T21:17:23.354651Z,7360.053852,7,0.01815,11.019283746556026,3.015350877192974,-0.545,17.95774647887324,11.019283746556026,70.17507694990474,0,0,0,0,,
ENS,2026-07-12T19:17:58.408Z,2026-07-12T19:17:58.408312Z,2026-07-12T21:17:58.408312Z,7325.000191,7,4.135,24.183796856105896,3.398058252427198,-2.138,27.816901408450704,24.183796856105896,46.42807061379874,3,2,1,0,1.0,False
F,2026-07-12T19:18:15.211Z,2026-07-12T19:18:15.211821Z,2026-07-12T21:18:15.211821Z,7308.196682,7,0.003425,29.197080291970877,4.913294797687861,-0.86,19.366197183098592,29.197080291970877,64.58151762744052,0,0,0,0,,
HIVE,2026-07-12T19:18:22.961Z,2026-07-12T19:18:22.962055Z,2026-07-12T21:18:22.962055Z,7300.446448,7,0.049100000000000005,40.7331975560079,2.8397565922920864,-1.988,21.47887323943662,40.7331975560079,40.03466023000006,2,2,0,0,1.0,False
KERNEL,2026-07-12T19:18:39.730Z,2026-07-12T19:18:39.730837Z,2026-07-12T21:18:39.730837Z,7283.677666,7,0.04005,24.968789013731815,3.209876543209883,-1.699,20.070422535211268,24.968789013731815,45.00441536598924,0,0,0,0,,
NIL,2026-07-12T19:18:56.742Z,2026-07-12T19:18:56.742294Z,2026-07-12T21:18:56.742294Z,7266.666209,7,0.035615,19.654639898919168,4.545454545454536,1.394,28.52112676056338,19.654639898919168,58.06813379996423,2,2,0,0,1.0,False
OSMO,2026-07-12T19:19:07.960Z,2026-07-12T19:19:07.960664Z,2026-07-12T21:19:07.960664Z,7255.447839,7,0.03495,28.6123032904157,4.285714285714289,-1.685,25.704225352112676,28.6123032904157,64.32561452744045,16,9,7,0,0.0625,False
REZ,2026-07-12T19:19:13.840Z,2026-07-12T19:19:13.841071Z,2026-07-12T21:19:13.841071Z,7249.567432,7,0.002584,7.739938080496383,5.859676175790294,-3.173,22.887323943661972,7.739938080496383,58.93541331020476,13,2,10,1,0.4615,False
TNSR,2026-07-12T19:19:49.313Z,2026-07-12T19:19:49.313216Z,2026-07-12T21:19:49.313216Z,7214.095287,7,0.031299999999999994,63.897763578274386,5.769230769230768,-4.587,24.64788732394366,63.897763578274386,48.60131629189636,17,6,9,2,0.5882,False
YB,2026-07-12T19:20:15.452Z,2026-07-12T19:20:15.452829Z,2026-07-12T21:20:15.452829Z,7788.5516,7,0.0742,26.954177897574898,6.29183400267737,-4.231,18.309859154929576,26.954177897574898,57.40759055764541,0,0,0,0,,
1000CAT,2026-07-12T19:25:54.400Z,2026-07-12T19:25:54.400999Z,2026-07-12T21:25:54.400999Z,7449.60343,7,0.001295,77.22007722007743,4.615384615384627,-2.985,6.338028169014085,77.22007722007743,32.866150148818896,12,1,2,9,0.8333,False
BB,2026-07-12T19:26:29.650Z,2026-07-12T19:26:29.650358Z,2026-07-12T21:26:29.650358Z,7414.354071,7,0.019049999999999997,52.49343832020966,3.6458333333333295,-1.031,15.492957746478874,52.49343832020966,53.43618377875897,13,5,8,0,0.8462,False
BOME,2026-07-12T19:26:47.143Z,2026-07-12T19:26:47.143293Z,2026-07-12T21:26:47.143293Z,7396.861136,7,0.00041325,7.259528130671683,4.567423876268736,-2.887,14.084507042253522,7.259528130671683,59.71902752038495,1,1,0,0,1.0,False
FLUX,2026-07-12T19:27:24.000Z,2026-07-12T19:27:24.000568Z,2026-07-12T21:27:24.000568Z,7360.003861,7,0.0445,44.94382022471883,9.192825112107622,-5.106,14.43661971830986,44.94382022471883,53.77032573195334,0,0,0,0,,
HAEDAL,2026-07-12T19:27:41.616Z,2026-07-12T19:27:41.616331Z,2026-07-12T21:27:41.616331Z,7342.388098,7,0.01645,12.158054711245704,3.922751961375988,-1.895,9.859154929577464,12.158054711245704,58.8179609514886,0,0,0,0,,
MAGIC,2026-07-12T19:28:12.998Z,2026-07-12T19:28:12.998942Z,2026-07-12T21:28:12.998942Z,7311.005487,7,0.04295,69.8486612339934,3.935185185185185,-2.041,4.577464788732394,69.8486612339934,43.5512498751211,68,31,30,7,0.4853,False
ONT,2026-07-12T19:28:43.227Z,2026-07-12T19:28:43.228029Z,2026-07-12T21:28:43.228029Z,7280.7764,7,0.045195,15.4884389866137,2.850828729281767,-2.478,10.211267605633802,15.4884389866137,43.93284740573142,13,8,5,0,-0.4615,False
PEOPLE,2026-07-12T19:28:50.171Z,2026-07-12T19:28:50.171618Z,2026-07-12T21:28:50.171618Z,7273.832811,7,0.0054800000000000005,36.4963503649636,4.159132007233276,-2.297,11.619718309859154,36.4963503649636,45.54059432153326,0,0,0,0,,
PIXEL,2026-07-12T19:28:57.997Z,2026-07-12T19:28:57.997521Z,2026-07-12T21:28:57.997521Z,7266.006908,7,0.0047150000000000004,21.2089077412523,5.307855626326969,-2.079,14.788732394366198,21.2089077412523,49.212066984773045,64,15,46,3,0.0781,False
PROVE,2026-07-12T19:29:05.238Z,2026-07-12T19:29:05.239064Z,2026-07-12T21:29:05.239064Z,7258.765365,7,0.1999,50.02501250625317,1.9529293940911443,-1.188,7.394366197183099,50.02501250625317,44.04201559413057,0,0,0,0,,
SUSHI,2026-07-12T19:29:18.567Z,2026-07-12T19:29:18.567779Z,2026-07-12T21:29:18.567779Z,7245.43665,7,0.16335,55.0964187327831,4.9390243902439,-3.529,12.67605633802817,55.0964187327831,43.04850490398634,1,1,0,0,1.0,False
UMA,2026-07-12T19:29:26.338Z,2026-07-12T19:29:26.339037Z,2026-07-12T21:29:26.339037Z,7237.665392,7,0.3725,26.845637583892643,6.666666666666672,-5.779,7.042253521126761,26.845637583892643,48.60261626307352,0,0,0,0,,
VELODROME,2026-07-12T19:29:33.669Z,2026-07-12T19:29:33.670209Z,2026-07-12T21:29:33.670209Z,7230.33422,7,0.021339999999999998,28.116213683224476,4.20364315740309,-2.814,8.098591549295774,28.116213683224476,43.7491303795446,0,0,0,0,,
AAVE,2026-07-12T19:35:37.945Z,2026-07-12T19:35:37.945388Z,2026-07-12T21:35:37.945388Z,7465.926504,7,97.97,4.082882515054817,5.6653759934787065,-2.822,95.77464788732394,4.082882515054817,59.93108240829658,4,3,0,1,1.0,False
ADA,2026-07-12T19:35:43.733Z,2026-07-12T19:35:43.734223Z,2026-07-12T21:35:43.734223Z,7460.137669,7,0.16365000000000002,6.110601894287609,5.918242830994501,-4.264,96.83098591549296,6.110601894287609,61.521784657053125,38,24,12,2,0.7895,False
AVAX,2026-07-12T19:36:00.743Z,2026-07-12T19:36:00.743695Z,2026-07-12T21:36:00.743695Z,7443.128197,7,6.4335,1.5543638765840273,7.408555486670797,-4.344,92.6056338028169,1.5543638765840273,49.941369360068464,19,10,7,2,0.4737,False
BNB,2026-07-12T19:36:10.939Z,2026-07-12T19:36:10.939419Z,2026-07-12T21:36:10.939419Z,7432.932473,7,577.185,0.17325467571237288,2.522852551364245,-0.246,98.2394366197183,0.17325467571237288,61.216512146895155,23,12,7,4,0.8261,False
COTI,2026-07-12T19:36:22.990Z,2026-07-12T19:36:22.990280Z,2026-07-12T21:36:22.990280Z,7420.881612,7,0.007980000000000001,25.06265664160516,2.3631840796020014,-1.951,0.352112676056338,25.06265664160516,40.984376511612595,2,1,0,1,0.0,False
ENA,2026-07-12T19:36:33.151Z,2026-07-12T19:36:33.151374Z,2026-07-12T21:36:33.151374Z,7410.720518,7,0.0807,24.78314745972638,6.034482758620674,-2.754,92.25352112676056,24.78314745972638,63.16442790754594,10,7,2,1,1.0,False
EUR,2026-07-12T19:36:40.699Z,2026-07-12T19:36:40.699632Z,2026-07-12T21:36:40.699632Z,7403.17226,7,1.14045,0.8768468586960322,0.07008936393901453,0.009,97.1830985915493,0.8768468586960322,68.02661747050705,0,0,0,0,,
LTC,2026-07-12T19:37:03.274Z,2026-07-12T19:37:03.274438Z,2026-07-12T21:37:03.274438Z,7380.597454,7,44.39,4.505519261093944,2.76094276094277,-1.764,87.67605633802818,4.505519261093944,55.35679724756365,26,15,10,1,0.7308,False
SOL,2026-07-12T19:37:20.538Z,2026-07-12T19:37:20.538770Z,2026-07-12T21:37:20.538770Z,7363.333122,7,77.205,1.2952528981271816,3.461190752938146,-0.591,98.59154929577464,1.2952528981271816,62.60636178613112,35,18,15,2,0.9429,False
SXT,2026-07-12T19:37:30.609Z,2026-07-12T19:37:30.609961Z,2026-07-12T21:37:30.609961Z,7353.261931,7,0.008400000000000001,23.8095238095249,20.983606557377048,-8.683,89.08450704225352,23.8095238095249,47.48751059494787,5,4,0,1,-0.2,False
SYN,2026-07-12T19:37:37.165Z,2026-07-12T19:37:37.165767Z,2026-07-12T21:37:37.165767Z,7346.706125,7,0.31513,7.615904547328482,13.449003369335902,5.54,90.14084507042253,7.615904547328482,59.469486908412684,12,12,0,0,1.0,False
TLM,2026-07-12T19:37:46.847Z,2026-07-12T19:37:46.848177Z,2026-07-12T21:37:46.848177Z,7337.023715,7,0.001925,31.1688311688308,23.472993437657745,8.133,89.78873239436619,31.1688311688308,60.78132248193694,2,0,0,2,-1.0,False
XRP,2026-07-12T19:38:26.894Z,2026-07-12T19:38:26.894535Z,2026-07-12T21:38:26.894535Z,7296.977357,7,1.09545,0.9128668583686063,2.7221412964311757,-1.436,97.88732394366197,0.9128668583686063,51.91717587864792,30,13,13,4,0.5333,False
ONDO,2026-07-12T19:44:09.026Z,2026-07-12T19:44:09.026529Z,2026-07-12T21:44:09.026529Z,7557.279162,7,0.32494999999999996,9.232189567626481,3.9088950446291135,-3.015,86.97183098591549,9.232189567626481,53.825191520231805,24,16,6,2,0.9167,False
TREE,2026-07-12T19:44:16.603Z,2026-07-12T19:44:16.603979Z,2026-07-12T21:44:16.603979Z,7549.701712,7,0.043899999999999995,45.558086560364195,7.289293849658317,-0.679,87.32394366197182,45.558086560364195,55.07519647467613,0,0,0,0,,
CRV,2026-07-12T19:50:31.814Z,2026-07-12T19:50:31.814385Z,2026-07-12T21:50:31.814385Z,7772.562145,7,0.20835,23.998080153587736,6.223277909738718,-1.819,81.69014084507042,23.998080153587736,63.96639432824581,2,1,1,0,0.0,False
DOT,2026-07-12T19:50:38.106Z,2026-07-12T19:50:38.106794Z,2026-07-12T21:50:38.106794Z,7766.269736,7,0.8485,11.785503830288755,5.931198102016612,-3.986,82.3943661971831,11.785503830288755,56.010099680065984,4,3,1,0,0.0,False
DYDX,2026-07-12T19:50:43.709Z,2026-07-12T19:50:43.710073Z,2026-07-12T21:50:43.710073Z,7760.666457,7,0.131875,15.924170616112834,5.891215910803091,2.061,80.98591549295774,15.924170616112834,74.58963503821023,2,2,0,0,1.0,False
HMSTR,2026-07-12T19:51:16.545Z,2026-07-12T19:51:16.545940Z,2026-07-12T21:51:16.545940Z,7727.83059,7,0.00021030000000000002,57.06134094151222,9.981343283582092,4.79,75.35211267605634,57.06134094151222,56.37824680035766,2,1,0,1,0.0,False
ICP,2026-07-12T19:51:23.474Z,2026-07-12T19:51:23.475118Z,2026-07-12T21:51:23.475118Z,7720.901412,7,2.2415000000000003,4.461298237786704,3.271441202475698,-1.695,76.7605633802817,4.461298237786704,58.828924090204644,11,8,2,1,1.0,False
INJ,2026-07-12T19:51:28.923Z,2026-07-12T19:51:28.923429Z,2026-07-12T21:51:28.923429Z,7715.453101,7,4.8675,10.272213662043951,4.9744114636642855,-2.767,84.85915492957747,10.272213662043951,58.06745378499686,16,7,8,1,0.75,False
KAITO,2026-07-12T19:51:44.433Z,2026-07-12T19:51:44.433946Z,2026-07-12T21:51:44.433946Z,7699.942584,7,0.6705000000000001,17.89709172259476,4.791948325071343,-0.449,73.94366197183099,17.89709172259476,48.78153933779835,1,1,0,0,1.0,False
MORPHO,2026-07-12T19:52:10.434Z,2026-07-12T19:52:10.434619Z,2026-07-12T21:52:10.434619Z,7673.941911,7,1.9965000000000002,15.026296018031012,9.509658246656768,-5.256,78.52112676056338,15.026296018031012,51.849694128538985,4,4,0,0,0.5,False
POL,2026-07-12T19:52:33.730Z,2026-07-12T19:52:33.730458Z,2026-07-12T21:52:33.730458Z,7650.646072,7,0.080645,1.2400024800044793,2.717458741779374,0.712,75.70422535211267,1.2400024800044793,74.28821671570321,14,8,6,0,0.5,False
PUMP,2026-07-12T19:52:39.428Z,2026-07-12T19:52:39.429142Z,2026-07-12T21:52:39.429142Z,7644.947388,7,0.0014565,20.597322348095997,6.060606060606059,1.255,83.45070422535211,20.597322348095997,72.80507477300179,50,50,0,0,1.0,False
RUNE,2026-07-12T19:52:45.720Z,2026-07-12T19:52:45.720770Z,2026-07-12T21:52:45.720770Z,7638.65576,7,0.4035,24.783147459727406,2.2222222222222103,-1.22,73.59154929577464,24.783147459727406,66.41870617558273,6,2,3,1,1.0,False
SEI,2026-07-12T19:52:53.616Z,2026-07-12T19:52:53.616363Z,2026-07-12T21:52:53.616363Z,7630.760167,7,0.049005,2.0406081012133708,4.4639217284957144,-2.62,74.64788732394366,2.0406081012133708,41.735530352726165,1,1,0,0,1.0,False
SHIB,2026-07-12T19:52:58.942Z,2026-07-12T19:52:58.942488Z,2026-07-12T21:52:58.942488Z,7625.434042,7,4.245e-06,23.557126030624037,3.504672897196268,-2.727,77.46478873239437,23.557126030624037,59.9462825073359,13,9,4,0,0.5385,False
SKY,2026-07-12T19:53:05.098Z,2026-07-12T19:53:05.098222Z,2026-07-12T21:53:05.098222Z,7619.278308,7,0.060125,11.642411642411746,8.736910994764393,-1.372,73.2394366197183,11.642411642411746,75.41630734484248,64,14,43,7,-0.125,False
SYRUP,2026-07-12T19:53:10.623Z,2026-07-12T19:53:10.623780Z,2026-07-12T21:53:10.623780Z,7613.75275,7,0.1885,10.61007957559565,4.9840933191940575,-2.934,81.33802816901408,10.61007957559565,60.751982182455315,0,0,0,0,,
TIA,2026-07-12T19:53:16.803Z,2026-07-12T19:53:16.803777Z,2026-07-12T21:53:16.803777Z,7607.572753,7,0.4012,9.97008973080648,5.65055762081784,-1.849,77.11267605633803,9.97008973080648,57.97230018542157,10,2,5,3,0.1,False
WIF,2026-07-12T19:53:28.097Z,2026-07-12T19:53:28.098040Z,2026-07-12T21:53:28.098040Z,7596.27849,7,0.14995,6.668889629875891,4.246848042468473,-1.696,76.05633802816901,6.668889629875891,66.04361937674697,7,5,1,1,0.4286,False
ZK,2026-07-12T19:53:40.588Z,2026-07-12T19:53:40.589004Z,2026-07-12T21:53:40.589004Z,7583.787526,7,0.01038,19.267822736030045,3.7950664136622487,-1.771,77.8169014084507,19.267822736030045,66.66299664217655,2,1,0,1,0.0,False
ZRO,2026-07-12T19:53:48.158Z,2026-07-12T19:53:48.159065Z,2026-07-12T21:53:48.159065Z,7576.217465,7,0.868,23.0414746543779,7.2976054732041105,-4.777,82.04225352112677,23.0414746543779,58.646685679992636,2,1,0,1,0.0,False
0G,2026-07-12T19:59:33.238Z,2026-07-12T19:59:33.239013Z,2026-07-12T21:59:33.239013Z,7231.137517,7,0.1855,53.908355795148296,6.486486486486492,-4.639,67.25352112676056,53.908355795148296,59.42361097617763,0,0,0,0,,
GALA,2026-07-12T20:00:50.350Z,2026-07-12T20:00:50.351163Z,2026-07-12T22:00:50.351163Z,7753.177842,7,0.002039,9.808729769496152,4.406779661016946,-3.097,70.77464788732394,9.808729769496152,64.07361915782634,1,1,0,0,1.0,False
KMNO,2026-07-12T20:01:19.972Z,2026-07-12T20:01:19.973045Z,2026-07-12T22:01:19.973045Z,7723.55596,7,0.01831,10.922992900054169,4.948897256589568,-1.17,65.49295774647888,10.922992900054169,66.1781278596248,5,5,0,0,1.0,False
MITO,2026-07-12T20:01:27.645Z,2026-07-12T20:01:27.645808Z,2026-07-12T22:01:27.645808Z,7715.883197,7,0.021015,33.30954080418778,18.55524079320113,-5.15,63.732394366197184,33.30954080418778,58.90852504332724,0,0,0,0,,
NEIRO,2026-07-12T20:01:33.125Z,2026-07-12T20:01:33.125828Z,2026-07-12T22:01:33.125828Z,7710.403177,7,6.1005e-05,21.309728710760375,4.891041162227608,-2.778,59.859154929577464,21.309728710760375,67.1525057647328,8,5,1,2,0.75,False
ORCA,2026-07-12T20:01:45.311Z,2026-07-12T20:01:45.312057Z,2026-07-12T22:01:45.312057Z,7698.216948,7,1.157,17.286084701815053,4.455869751499575,-2.425,58.098591549295776,17.286084701815053,61.050050541999084,44,31,13,0,1.0,False
PARTI,2026-07-12T20:01:57.258Z,2026-07-12T20:01:57.258840Z,2026-07-12T22:01:57.258840Z,7686.270165,7,0.0316,63.291139240505935,11.974110032362455,-6.079,69.71830985915493,63.291139240505935,55.63299466585443,4,3,1,0,0.75,False
PYTH,2026-07-12T20:02:04.428Z,2026-07-12T20:02:04.428555Z,2026-07-12T22:02:04.428555Z,7679.10045,7,0.048045,14.569674263711233,6.097560975609744,-1.507,69.36619718309859,14.569674263711233,54.87278631156393,2,1,1,0,1.0,False
RENDER,2026-07-12T20:02:20.039Z,2026-07-12T20:02:20.040073Z,2026-07-12T22:02:20.040073Z,7663.488932,7,1.532,13.054830287206277,4.05405405405405,-1.396,67.95774647887323,13.054830287206277,45.90524209773966,1,0,0,1,-1.0,False
RESOLV,2026-07-12T20:02:28.092Z,2026-07-12T20:02:28.093057Z,2026-07-12T22:02:28.093057Z,7655.435948,7,0.019950000000000002,50.12531328320772,12.060301507537686,1.015,63.38028169014085,50.12531328320772,53.945697745482285,1,0,1,0,1.0,False
RPL,2026-07-12T20:02:40.757Z,2026-07-12T20:02:40.757362Z,2026-07-12T22:02:40.757362Z,7642.771643,7,1.7650000000000001,56.65722379603404,10.674157303370784,2.89,65.14084507042253,56.65722379603404,65.89194840668338,2,1,1,0,1.0,False
TURBO,2026-07-12T20:03:10.745Z,2026-07-12T20:03:10.745257Z,2026-07-12T22:03:10.745257Z,7612.783748,7,0.000839,23.837902264601293,13.136094674556212,-4.52,60.563380281690144,23.837902264601293,58.88867700652623,3,3,0,0,1.0,False
ANIME,2026-07-12T20:08:53.146Z,2026-07-12T20:08:53.147312Z,2026-07-12T22:08:53.147312Z,7270.381693,7,0.002785,35.90664272890494,3.9007092198581503,-0.704,44.014084507042256,35.90664272890494,61.016655316451825,0,0,0,0,,
AVNT,2026-07-12T20:09:03.648Z,2026-07-12T20:09:03.648416Z,2026-07-12T22:09:03.648416Z,7259.880589,7,0.0952,21.008403361343678,6.198347107438022,-3.103,55.63380281690141,21.008403361343678,66.90453470246766,0,0,0,0,,
BANK,2026-07-12T20:09:14.885Z,2026-07-12T20:09:14.885529Z,2026-07-12T22:09:14.885529Z,7248.643476,7,0.0403,49.62779156327513,10.565110565110562,-1.453,48.23943661971831,49.62779156327513,63.61886685047469,3,2,1,0,0.6667,False
FLOKI,2026-07-12T20:09:58.181Z,2026-07-12T20:09:58.181448Z,2026-07-12T22:09:58.181448Z,7205.347557,7,2.2400000000000002e-05,8.928571428571342,3.7593984962406033,-3.045,50.0,8.928571428571342,49.67464613263131,4,4,0,0,1.0,False
HEMI,2026-07-12T20:10:06.730Z,2026-07-12T20:10:06.731017Z,2026-07-12T22:10:06.731017Z,7796.667803,7,0.0044150000000000005,22.6500566251426,5.5928411633109665,-2.402,52.46478873239437,22.6500566251426,65.91077886185053,1,1,0,0,1.0,False
HOME,2026-07-12T20:10:13.017Z,2026-07-12T20:10:13.017395Z,2026-07-12T22:10:13.017395Z,7790.381425,7,0.014085,7.099751508696906,4.614325068870526,-3.714,45.774647887323944,7.099751508696906,36.518700900421756,31,20,11,0,1.0,False
HUMA,2026-07-12T20:10:20.176Z,2026-07-12T20:10:20.177127Z,2026-07-12T22:10:20.177127Z,7783.221693,7,0.02244,17.82531194295982,3.555555555555565,-0.354,51.76056338028169,17.82531194295982,56.74565856280211,2,2,0,0,1.0,False
MEME,2026-07-12T20:10:33.493Z,2026-07-12T20:10:33.493342Z,2026-07-12T22:10:33.493342Z,7769.905478,7,0.0005525,18.099547511312657,6.082289803220028,-4.117,54.929577464788736,18.099547511312657,58.99519323255143,50,38,9,3,0.8,False
OPEN,2026-07-12T20:10:44.883Z,2026-07-12T20:10:44.883221Z,2026-07-12T22:10:44.883221Z,7758.515599,7,0.14555,6.870491240124818,5.291723202170965,-3.534,46.478873239436616,6.870491240124818,59.51244261271591,16,4,10,2,0.5625,False
PAXG,2026-07-12T20:10:52.987Z,2026-07-12T20:10:52.987477Z,2026-07-12T22:10:52.987477Z,7750.411343,7,4080.025,0.024509653740401784,0.29086806166109486,-0.245,55.28169014084507,0.024509653740401784,44.172033104477705,4,4,0,0,0.0,False
PLUME,2026-07-12T20:10:58.227Z,2026-07-12T20:10:58.227699Z,2026-07-12T22:10:58.227699Z,7745.171121,7,0.009885,10.11633788568497,6.0696517412935265,-4.286,55.985915492957744,10.11633788568497,53.02253042193314,0,0,0,0,,
PNUT,2026-07-12T20:11:05.702Z,2026-07-12T20:11:05.703097Z,2026-07-12T22:11:05.703097Z,7737.695723,7,0.041749999999999995,23.95209580838226,3.0444964871194435,-2.288,49.29577464788732,23.95209580838226,57.294482705627566,63,25,34,4,0.1429,False
RAY,2026-07-12T20:11:09.486Z,2026-07-12T20:11:09.487120Z,2026-07-12T22:11:09.487120Z,7733.9117,7,0.6788000000000001,8.83912787271722,4.55803116353575,-1.76,49.647887323943664,8.83912787271722,70.17574236377999,7,3,4,0,0.7143,False
SAPIEN,2026-07-12T20:11:16.095Z,2026-07-12T20:11:16.095422Z,2026-07-12T22:11:16.095422Z,7727.303398,7,0.0784,25.510204081633383,8.322824716267332,1.797,53.16901408450704,25.510204081633383,71.19353038292952,0,0,0,0,,
SOMI,2026-07-12T20:11:29.925Z,2026-07-12T20:11:29.925557Z,2026-07-12T22:11:29.925557Z,7713.473263,7,0.1018,19.64636542239742,4.633204633204632,-2.632,52.11267605633803,19.64636542239742,62.71247772066928,0,0,0,0,,
SSV,2026-07-12T20:11:37.831Z,2026-07-12T20:11:37.831192Z,2026-07-12T22:11:37.831192Z,7705.567628,7,2.0335,34.423407917384395,5.689488910318221,-3.4,53.521126760563384,34.423407917384395,50.80809039823427,1,1,0,0,1.0,False
TUT,2026-07-12T20:11:56.165Z,2026-07-12T20:11:56.165623Z,2026-07-12T22:11:56.165623Z,7687.233197,7,0.01211,49.54582989265012,12.93734743694061,-3.759,57.04225352112676,49.54582989265012,52.082303948946375,1,1,0,0,1.0,False
TWT,2026-07-12T20:12:03.395Z,2026-07-12T20:12:03.395824Z,2026-07-12T22:12:03.395824Z,7680.002996,7,0.3554,28.137310073157032,3.4531963470319638,-0.539,48.59154929577465,28.137310073157032,38.81505697260759,0,0,0,0,,
USDE,2026-07-12T20:12:09.031Z,2026-07-12T20:12:09.031588Z,2026-07-12T22:12:09.031588Z,7674.367232,7,1.0000499999999999,0.999950002499765,0.019999999999997797,-0.02,47.183098591549296,0.999950002499765,49.96804538301067,1,1,0,0,1.0,False
ZBT,2026-07-12T20:12:39.316Z,2026-07-12T20:12:39.317080Z,2026-07-12T22:12:39.317080Z,7644.08174,7,0.11645,8.587376556462248,6.615776081424937,-3.361,44.36619718309859,8.587376556462248,62.045987311275525,0,0,0,0,,
ZEN,2026-07-12T20:12:46.929Z,2026-07-12T20:12:46.929878Z,2026-07-12T22:12:46.929878Z,7636.468942,7,4.116,9.718172983480194,4.625237191650861,-0.118,54.225352112676056,9.718172983480194,69.70425976821898,0,0,0,0,,
ZKC,2026-07-12T20:12:54.122Z,2026-07-12T20:12:54.122739Z,2026-07-12T22:12:54.122739Z,7629.276081,7,0.04385,22.80501710376348,6.531531531531531,-1.333,50.352112676056336,22.80501710376348,61.089756931124455,0,0,0,0,,
BABY,2026-07-12T20:18:54.475Z,2026-07-12T20:18:54.475832Z,2026-07-12T22:18:54.475832Z,7268.922988,7,0.012795,7.815552950372275,4.31100846805236,-3.276,34.15492957746479,7.815552950372275,58.95269430804061,0,0,0,0,,
BROCCOLI714,2026-07-12T20:19:13.729Z,2026-07-12T20:19:13.729545Z,2026-07-12T22:19:13.729545Z,7249.669275,7,0.01248,16.025641025640372,6.877470355731219,-5.385,36.61971830985915,16.025641025640372,61.31437696551716,0,0,0,0,,
FF,2026-07-12T20:19:29.277Z,2026-07-12T20:19:29.277903Z,2026-07-12T22:19:29.277903Z,7234.120917,7,0.060795,14.80384900074016,6.401694086984857,5.626,36.267605633802816,14.80384900074016,75.46803967864481,0,0,0,0,,
GPS,2026-07-12T20:19:44.515Z,2026-07-12T20:19:44.515546Z,2026-07-12T22:19:44.515546Z,7218.883274,7,0.010284999999999999,9.722897423433473,5.664062500000006,2.503,31.690140845070424,9.722897423433473,69.23213466883301,0,0,0,0,,
GRT,2026-07-12T20:19:51.517Z,2026-07-12T20:19:51.517783Z,2026-07-12T22:19:51.517783Z,7211.881037,7,0.01738,11.507479861909774,3.293583191368544,-1.785,33.45070422535211,11.507479861909774,62.3562078715531,11,6,4,1,-0.0909,False
GUN,2026-07-12T20:20:00.161Z,2026-07-12T20:20:00.162171Z,2026-07-12T22:20:00.162171Z,7203.236649,7,0.004025,24.844720496893395,5.9259259259259425,-2.174,41.54929577464789,24.844720496893395,59.431542782556924,1,1,0,0,1.0,False
HYPER,2026-07-12T20:20:08.776Z,2026-07-12T20:20:08.776816Z,2026-07-12T22:20:08.776816Z,7795.370628,7,0.06805,14.695077149153414,4.499274310595073,-2.131,37.67605633802817,14.695077149153414,50.68978667137437,0,0,0,0,,
IO,2026-07-12T20:20:14.347Z,2026-07-12T20:20:14.347481Z,2026-07-12T22:20:14.347481Z,7789.799963,7,0.16135,6.197706848465385,6.53634697617594,-4.045,41.901408450704224,6.197706848465385,57.26060305456286,0,0,0,0,,
KAIA,2026-07-12T20:20:21.262Z,2026-07-12T20:20:21.263020Z,2026-07-12T22:20:21.263020Z,7782.884424,7,0.03505,28.530670470754902,3.6619718309859035,1.429,35.563380281690144,28.530670470754902,73.67482617478424,0,0,0,0,,
LAYER,2026-07-12T20:20:28.949Z,2026-07-12T20:20:28.949317Z,2026-07-12T22:20:28.949317Z,7775.198127,7,0.06534999999999999,15.302218821729591,3.0257186081694427,-2.507,39.7887323943662,15.302218821729591,59.402310271050034,2,2,0,0,1.0,False
LINEA,2026-07-12T20:20:36.562Z,2026-07-12T20:20:36.563100Z,2026-07-12T22:20:36.563100Z,7767.584344,7,0.0023680000000000003,8.445945945945233,3.804347826086954,-2.487,32.394366197183096,8.445945945945233,64.65914647292091,0,0,0,0,,
MINA,2026-07-12T20:20:55.213Z,2026-07-12T20:20:55.214223Z,2026-07-12T22:20:55.214223Z,7748.933221,7,0.04325,23.121387283236054,3.9260969976905313,-1.814,38.732394366197184,23.121387283236054,58.4736002331403,1,1,0,0,1.0,False
MUBARAK,2026-07-12T20:21:14.324Z,2026-07-12T20:21:14.324551Z,2026-07-12T22:21:14.324551Z,7729.822893,7,0.012629999999999999,15.835312747427492,13.697545526524152,-6.583,34.859154929577464,15.835312747427492,57.194430208971994,0,0,0,0,,
NEO,2026-07-12T20:21:21.182Z,2026-07-12T20:21:21.182369Z,2026-07-12T22:21:21.182369Z,7722.965075,7,1.9355,5.166623611469335,2.400408580183869,-1.608,39.436619718309856,5.166623611469335,64.1016605569068,0,0,0,0,,
NOT,2026-07-12T20:21:35.405Z,2026-07-12T20:21:35.405234Z,2026-07-12T22:21:35.405234Z,7708.74221,7,0.0003745,26.70226969292455,3.926701570680624,-3.535,30.633802816901408,26.70226969292455,52.93790449956944,1,0,1,0,-1.0,False
RARE,2026-07-12T20:21:52.877Z,2026-07-12T20:21:52.877534Z,2026-07-12T22:21:52.877534Z,7691.26991,7,0.01265,79.05138339920902,7.0866141732283445,-0.781,42.25352112676056,79.05138339920902,45.528193258026164,0,0,0,0,,
SAHARA,2026-07-12T20:22:10.985Z,2026-07-12T20:22:10.985748Z,2026-07-12T22:22:10.985748Z,7673.161696,7,0.009985,10.015022533802028,5.216535433070859,-2.495,35.91549295774648,10.015022533802028,62.18873858028859,0,0,0,0,,
SAND,2026-07-12T20:22:18.913Z,2026-07-12T20:22:18.913346Z,2026-07-12T22:22:18.913346Z,7665.234098,7,0.047850000000000004,8.359456635319814,3.360298693217181,-2.802,43.66197183098591,8.359456635319814,57.16890111685841,9,6,3,0,0.7778,False
THE,2026-07-12T20:22:38.845Z,2026-07-12T20:22:38.845589Z,2026-07-12T22:22:38.845589Z,7645.301855,7,0.05285,18.9214758751188,5.617977528089879,-4.129,38.028169014084504,18.9214758751188,57.83042184670483,17,9,7,1,0.5294,False
THETA,2026-07-12T20:22:44.784Z,2026-07-12T20:22:44.784671Z,2026-07-12T22:22:44.784671Z,7639.362773,7,0.14675,6.814310051108467,6.591211717709715,-2.531,42.605633802816904,6.814310051108467,51.24949017861493,1,1,0,0,1.0,False
TOWNS,2026-07-12T20:22:51.749Z,2026-07-12T20:22:51.749693Z,2026-07-12T22:22:51.749693Z,7632.397751,7,0.001895,52.7704485488128,5.7291666666666705,-4.478,33.098591549295776,52.7704485488128,53.621189122817626,0,0,0,0,,
1000SATS,2026-07-12T20:28:24.233Z,2026-07-12T20:28:24.233363Z,2026-07-12T22:28:24.233363Z,7299.914081,7,9.465e-06,31.695721077656,4.266389177939641,-0.208,21.47887323943662,31.695721077656,65.30227011091324,60,13,44,3,0.9833,False
AIXBT,2026-07-12T20:28:37.415Z,2026-07-12T20:28:37.415432Z,2026-07-12T22:28:37.415432Z,7286.732012,7,0.01891,31.729243786355134,3.277835587929233,-1.436,17.95774647887324,31.729243786355134,61.899148784473766,2,2,0,0,1.0,False
BLUR,2026-07-12T20:28:44.671Z,2026-07-12T20:28:44.672034Z,2026-07-12T22:28:44.672034Z,7279.47541,7,0.016735,17.926501344488944,7.000000000000001,-4.063,22.183098591549296,17.926501344488944,53.7830449078439,1,1,0,0,1.0,False
C,2026-07-12T20:28:52.975Z,2026-07-12T20:28:52.976001Z,2026-07-12T22:28:52.976001Z,7271.171443,7,0.06575,15.209125475285607,4.242424242424258,-2.798,17.6056338028169,15.209125475285607,56.58549315300459,1,1,0,0,1.0,False
CGPT,2026-07-12T20:29:04.324Z,2026-07-12T20:29:04.325114Z,2026-07-12T22:29:04.325114Z,7259.82233,7,0.01864,10.729613733905142,3.188097768331561,-2.386,26.408450704225352,10.729613733905142,63.16533252018692,0,0,0,0,,
CKB,2026-07-12T20:29:11.294Z,2026-07-12T20:29:11.295055Z,2026-07-12T22:29:11.295055Z,7252.852389,7,0.000911,21.953896816685496,3.2644178454842185,-1.711,24.64788732394366,21.953896816685496,45.70396690725397,0,0,0,0,,
COMP,2026-07-12T20:29:19.364Z,2026-07-12T20:29:19.364484Z,2026-07-12T22:29:19.364484Z,7244.78296,7,16.990000000000002,23.5432607416143,2.939447383891828,-0.526,17.253521126760564,23.5432607416143,44.309155818312426,64,21,39,4,0.1719,False
COOKIE,2026-07-12T20:29:27.272Z,2026-07-12T20:29:27.273287Z,2026-07-12T22:29:27.273287Z,7236.874157,7,0.00915,109.28961748633814,3.2258064516129026,-1.064,26.056338028169016,109.28961748633814,45.94961086640664,0,0,0,0,,
CVX,2026-07-12T20:29:35.514Z,2026-07-12T20:29:35.514846Z,2026-07-12T22:29:35.514846Z,7228.632598,7,1.249,48.038430744595715,3.8155802861685073,-0.867,19.366197183098592,48.038430744595715,63.39865369035879,16,7,9,0,1.0,False
DOGS,2026-07-12T20:29:43.372Z,2026-07-12T20:29:43.373093Z,2026-07-12T22:29:43.373093Z,7220.774351,7,3.8385e-05,7.815552950370723,4.594734124935467,-3.464,28.87323943661972,7.815552950370723,43.61379878178852,0,0,0,0,,
ENJ,2026-07-12T20:29:50.320Z,2026-07-12T20:29:50.321567Z,2026-07-12T22:29:50.321567Z,7213.825877,7,0.02828,14.144271570013569,3.5327037425673327,0.105,21.830985915492956,14.144271570013569,62.305980785501156,19,2,16,1,0.1579,False
EUL,2026-07-12T20:30:12.646Z,2026-07-12T20:30:12.646538Z,2026-07-12T22:30:12.646538Z,7790.946794,7,1.0095,9.905894006935233,6.410256410256415,1.097,19.718309859154928,9.905894006935233,51.50387062668051,1,1,0,0,1.0,False
HOLO,2026-07-12T20:30:35.408Z,2026-07-12T20:30:35.408603Z,2026-07-12T22:30:35.408603Z,7768.184729,7,0.07250000000000001,27.5862068965506,5.882352941176487,-1.083,20.422535211267604,27.5862068965506,61.60783140189382,2,1,1,0,0.0,False
IMX,2026-07-12T20:30:42.784Z,2026-07-12T20:30:42.785001Z,2026-07-12T22:30:42.785001Z,7760.808331,7,0.13245,7.55001887504845,4.4477390659748,-0.148,28.52112676056338,7.55001887504845,67.9152460894286,11,6,5,0,0.4545,False
INIT,2026-07-12T20:30:49.547Z,2026-07-12T20:30:49.547273Z,2026-07-12T22:30:49.547273Z,7754.046059,7,0.055150000000000005,18.13236627379799,3.041144901610018,-2.613,21.12676056338028,18.13236627379799,38.36212641082435,0,0,0,0,,
NOM,2026-07-12T20:31:14.947Z,2026-07-12T20:31:14.948145Z,2026-07-12T22:31:14.948145Z,7728.645187,7,0.001575,63.49206349206366,6.329113924050636,0.637,20.070422535211268,63.49206349206366,61.064634222652145,2,1,1,0,1.0,False
ROSE,2026-07-12T20:31:31.060Z,2026-07-12T20:31:31.060943Z,2026-07-12T22:31:31.060943Z,7712.532389,7,0.005665,17.652250661958682,4.332755632582326,-3.35,23.591549295774648,17.652250661958682,54.34582168473991,66,12,53,1,0.1364,False
RVN,2026-07-12T20:31:38.133Z,2026-07-12T20:31:38.133724Z,2026-07-12T22:31:38.133724Z,7705.459608,7,0.00372,53.763440860214025,3.1662269129287566,-2.571,16.197183098591548,53.763440860214025,49.418182569937684,1,1,0,0,1.0,False
SIGN,2026-07-12T20:31:45.224Z,2026-07-12T20:31:45.224897Z,2026-07-12T22:31:45.224897Z,7698.368435,7,0.008575,11.661807580176475,5.160550458715585,-4.176,27.112676056338028,11.661807580176475,57.30042228247604,0,0,0,0,,
SOLV,2026-07-12T20:31:52.705Z,2026-07-12T20:31:52.705888Z,2026-07-12T22:31:52.705888Z,7690.887444,7,0.002665,37.5234521575986,4.832713754646837,-4.27,18.661971830985916,37.5234521575986,51.90160350903127,0,0,0,0,,
STO,2026-07-12T20:32:05.098Z,2026-07-12T20:32:05.098394Z,2026-07-12T22:32:05.098394Z,7678.494938,7,0.04395,22.753128555175408,3.8374717832957117,-1.991,27.816901408450704,22.753128555175408,46.36117401341557,1,1,0,0,1.0,False
TURTLE,2026-07-12T20:32:18.105Z,2026-07-12T20:32:18.105789Z,2026-07-12T22:32:18.105789Z,7665.487543,7,0.03325,30.075187969925672,3.2448377581121055,-2.305,23.943661971830984,30.075187969925672,45.48091089610798,1,1,0,0,1.0,False
VANA,2026-07-12T20:32:24.876Z,2026-07-12T20:32:24.876839Z,2026-07-12T22:32:24.876839Z,7658.716493,7,1.194,16.750418760469028,4.92487479131886,-0.167,22.535211267605632,16.750418760469028,38.028352835406125,0,0,0,0,,
WAL,2026-07-12T20:32:32.759Z,2026-07-12T20:32:32.759871Z,2026-07-12T22:32:32.759871Z,7650.833461,7,0.03075,32.520325203251836,2.875399361022369,-2.188,16.901408450704224,32.520325203251836,57.986486519705515,1,1,0,0,1.0,False
YGG,2026-07-12T20:32:43.314Z,2026-07-12T20:32:43.314867Z,2026-07-12T22:32:43.314867Z,7640.278465,7,0.021795000000000002,13.764624913970533,4.23304506144743,-2.269,16.549295774647888,13.764624913970533,64.38081999595403,0,0,0,0,,
ACT,2026-07-12T20:38:21.411Z,2026-07-12T20:38:21.412004Z,2026-07-12T22:38:21.412004Z,7302.181328,7,0.008629999999999999,23.17497103128728,4.152637485970826,-2.195,6.690140845070423,23.17497103128728,48.58888333903048,3,2,1,0,1.0,False
ACX,2026-07-12T20:38:29.095Z,2026-07-12T20:38:29.096021Z,2026-07-12T22:38:29.096021Z,7294.497311,7,0.041249999999999995,48.4848484848482,3.7849566055930617,-2.812,3.5211267605633805,48.4848484848482,38.807271986763105,62,26,28,8,0.1452,False
AT,2026-07-12T20:38:36.691Z,2026-07-12T20:38:36.691280Z,2026-07-12T22:38:36.691280Z,7286.902052,7,0.15775,31.695721077654543,5.199746353836407,3.75,8.450704225352112,31.695721077654543,66.22070365667166,2,2,0,0,1.0,False
AUCTION,2026-07-12T20:38:44.124Z,2026-07-12T20:38:44.124377Z,2026-07-12T22:38:44.124377Z,7279.468955,7,3.3200000000000003,60.24096385542173,0.6024096385542175,0.0,10.56338028169014,60.24096385542173,49.76404812485853,0,0,0,0,,
BARD,2026-07-12T20:38:51.242Z,2026-07-12T20:38:51.243110Z,2026-07-12T22:38:51.243110Z,7272.350222,7,0.12755,7.840062720500901,4.320987654321005,-3.571,9.154929577464788,7.840062720500901,57.00132145165291,0,0,0,0,,
BFUSD,2026-07-12T20:39:03.443Z,2026-07-12T20:39:03.444038Z,2026-07-12T22:39:03.444038Z,7260.149294,7,0.99905,3.0028527100742406,0.04004404845329422,0.01,2.112676056338028,3.0028527100742406,44.78733602556001,0,0,0,0,,
BMT,2026-07-12T20:39:11.240Z,2026-07-12T20:39:11.240903Z,2026-07-12T22:39:11.240903Z,7252.352429,7,0.011775,8.492569002124268,4.177109440267325,-3.546,7.394366197183099,8.492569002124268,44.776056391150846,2,2,0,0,1.0,False
CATI,2026-07-12T20:39:24.732Z,2026-07-12T20:39:24.732238Z,2026-07-12T22:39:24.732238Z,7238.861094,7,0.038015,13.152702880440481,5.661782964986335,-2.043,15.492957746478874,13.152702880440481,61.713301424235624,0,0,0,0,,
COW,2026-07-12T20:39:29.987Z,2026-07-12T20:39:29.987601Z,2026-07-12T22:39:29.987601Z,7233.605731,7,0.13915,7.186489399927344,3.1294452347083834,-1.125,3.8732394366197185,7.186489399927344,62.29773751160732,1,1,0,0,1.0,False
CVC,2026-07-12T20:39:37.552Z,2026-07-12T20:39:37.552172Z,2026-07-12T22:39:37.552172Z,7226.04116,7,0.02015,29.77667493796577,3.9158100832109577,-1.257,7.042253521126761,29.77667493796577,35.63339384076938,64,14,44,6,0.2031,False
DOLO,2026-07-12T20:39:44.911Z,2026-07-12T20:39:44.911356Z,2026-07-12T22:39:44.911356Z,7218.681976,7,0.022095,13.577732518670398,2.2869955156950676,-2.15,3.1690140845070425,13.577732518670398,40.09939172748059,0,0,0,0,,
DYM,2026-07-12T20:39:53.363Z,2026-07-12T20:39:53.364033Z,2026-07-12T22:39:53.364033Z,7210.229299,7,0.01541,12.978585334198042,3.0749519538757286,-2.376,4.577464788732394,12.978585334198042,55.42806841869553,1,1,0,0,1.0,False
EURI,2026-07-12T20:39:58.898Z,2026-07-12T20:39:58.899171Z,2026-07-12T22:39:58.899171Z,7204.694161,7,1.1395,8.775778850372005,0.23665527215357582,-0.114,4.929577464788732,8.775778850372005,50.52266463176383,0,0,0,0,,
FORM,2026-07-12T20:40:12.771Z,2026-07-12T20:40:12.771541Z,2026-07-12T22:40:12.771541Z,7790.635642,7,0.20174999999999998,14.86988847583617,3.587223587223588,-1.833,11.619718309859154,14.86988847583617,55.293225091665526,0,0,0,0,,
GMT,2026-07-12T20:40:19.461Z,2026-07-12T20:40:19.461979Z,2026-07-12T22:40:19.461979Z,7783.945204,7,0.007509999999999999,26.63115845539288,3.263707571801558,-2.171,9.859154929577464,26.63115845539288,43.165430200901035,0,0,0,0,,
ILV,2026-07-12T20:40:32.798Z,2026-07-12T20:40:32.798467Z,2026-07-12T22:40:32.798467Z,7770.608716,7,3.105,32.20611916264021,2.8753993610223736,-1.572,5.985915492957746,32.20611916264021,60.605015903319085,0,0,0,0,,
LISTA,2026-07-12T20:40:44.873Z,2026-07-12T20:40:44.873502Z,2026-07-12T22:40:44.873502Z,7758.533681,7,0.0475,42.10526315789594,3.105590062111804,-2.227,5.633802816901408,42.10526315789594,46.15812391227932,1,1,0,0,1.0,False
LPT,2026-07-12T20:40:52.970Z,2026-07-12T20:40:52.970389Z,2026-07-12T22:40:52.970389Z,7750.436794,7,1.527,26.195153896529163,2.9051000645577747,-2.394,13.028169014084508,26.195153896529163,45.32428817067497,0,0,0,0,,
MASK,2026-07-12T20:41:06.329Z,2026-07-12T20:41:06.329616Z,2026-07-12T22:41:06.329616Z,7737.077567,7,0.3985,25.09410288582185,5.707196029776665,0.75,4.225352112676056,25.09410288582185,63.06716105588887,2,2,0,0,1.0,False
NEWT,2026-07-12T20:41:13.569Z,2026-07-12T20:41:13.569454Z,2026-07-12T22:41:13.569454Z,7729.837729,7,0.04735,21.119324181625327,3.571428571428571,-2.058,2.816901408450704,21.119324181625327,42.4194984506311,31,13,17,1,1.0,False
NMR,2026-07-12T20:41:20.602Z,2026-07-12T20:41:20.602472Z,2026-07-12T22:41:20.602472Z,7722.804711,7,9.434999999999999,10.598834128245668,2.5130890052355856,-2.352,13.380281690140846,10.598834128245668,52.737858035920134,2,2,0,0,1.0,False
NXPC,2026-07-12T20:41:28.225Z,2026-07-12T20:41:28.225281Z,2026-07-12T22:41:28.225281Z,7715.181902,7,0.2581,30.995738086014065,3.1874039938555967,-2.545,1.7605633802816902,30.995738086014065,39.39321143680712,0,0,0,0,,
SOPH,2026-07-12T20:41:59.023Z,2026-07-12T20:41:59.023863Z,2026-07-12T22:41:59.023863Z,7684.38332,7,0.004775,20.942408376964316,3.5343035343035343,-1.837,14.43661971830986,20.942408376964316,61.61838708403044,0,0,0,0,,
VET,2026-07-12T20:42:24.208Z,2026-07-12T20:42:24.208315Z,2026-07-12T22:42:24.208315Z,7659.198868,7,0.0048415,10.327377878756163,2.888527257933274,-2.402,15.140845070422536,10.327377878756163,56.42714003574119,15,10,5,0,1.0,False
WCT,2026-07-12T20:42:31.037Z,2026-07-12T20:42:31.037415Z,2026-07-12T22:42:31.037415Z,7652.369768,7,0.044175000000000006,11.31861912846665,3.5746606334841586,-2.471,12.32394366197183,11.31861912846665,54.35031312514322,1,1,0,0,1.0,False
1INCH,2026-07-12T20:48:12.894Z,2026-07-12T20:48:12.894232Z,2026-07-12T22:48:12.894232Z,7310.512951,7,0.07264999999999999,41.29387474191447,4.87144790257105,-1.467,0.704225352112676,41.29387474191447,53.387275564785256,0,0,0,0,,
ALLO,2026-07-12T20:48:27.206Z,2026-07-12T20:48:27.206652Z,2026-07-12T22:48:27.206652Z,7296.200531,7,0.38070000000000004,10.506960861571091,14.755784061696659,5.506,88.73239436619718,10.506960861571091,71.53122744480777,64,7,53,4,-0.2656,False
ARB,2026-07-12T20:48:33.043Z,2026-07-12T20:48:33.043445Z,2026-07-12T22:48:33.043445Z,7290.363738,7,0.09255,10.804970286332022,8.519701810436644,-3.096,94.01408450704226,10.804970286332022,43.44340173574045,21,13,7,1,0.8095,False
ASTER,2026-07-12T20:48:39.804Z,2026-07-12T20:48:39.804803Z,2026-07-12T22:48:39.804803Z,7283.60238,7,0.6194999999999999,16.14205004035514,3.3707865168539355,-1.268,88.38028169014085,16.14205004035514,68.28259920472205,3,3,0,0,0.3333,False
BCH,2026-07-12T20:48:49.252Z,2026-07-12T20:48:49.252336Z,2026-07-12T22:48:49.252336Z,7274.154847,7,240.2,8.32639467110812,2.11296221048355,-0.766,90.49295774647888,8.32639467110812,57.104712208045335,3,2,0,1,1.0,False
BTC,2026-07-12T20:48:58.643Z,2026-07-12T20:48:58.643383Z,2026-07-12T22:48:58.643383Z,7264.7638,7,63699.755000000005,0.0015698647509770276,1.285482956113435,-0.113,100.0,0.0015698647509770276,68.74209808638032,44,17,22,5,0.0455,False
DOGE,2026-07-12T20:49:09.368Z,2026-07-12T20:49:09.368206Z,2026-07-12T22:49:09.368206Z,7254.038977,7,0.072405,1.3811200883911503,4.260242275758805,-2.314,96.12676056338029,1.3811200883911503,59.27705340194378,39,24,14,1,0.5128,False
ETH,2026-07-12T20:49:18.935Z,2026-07-12T20:49:18.936136Z,2026-07-12T22:49:18.936136Z,7244.471047,7,1798.685,0.05559617164756978,2.7320752227713148,-0.005,99.64788732394366,0.05559617164756978,65.15216679844058,40,18,11,11,0.325,False
FDUSD,2026-07-12T20:49:27.008Z,2026-07-12T20:49:27.008395Z,2026-07-12T22:49:27.008395Z,7236.398788,7,0.9973,2.005414619472355,0.05013536548682001,-0.02,94.71830985915493,2.005414619472355,66.23300697960457,0,0,0,0,,
HBAR,2026-07-12T20:49:33.035Z,2026-07-12T20:49:33.035316Z,2026-07-12T22:49:33.035316Z,7230.371867,7,0.06720000000000001,2.976190476191387,4.259724892767332,-2.985,92.95774647887323,2.976190476191387,61.93129474149792,24,14,8,2,0.6667,False
JUP,2026-07-12T20:49:38.054Z,2026-07-12T20:49:38.054593Z,2026-07-12T22:49:38.054593Z,7225.35259,7,0.20024999999999998,4.993757802747403,5.948869223205507,-3.143,88.02816901408451,4.993757802747403,58.36184101016868,26,18,8,0,0.9231,False
LINK,2026-07-12T20:49:43.794Z,2026-07-12T20:49:43.794399Z,2026-07-12T22:49:43.794399Z,7219.612784,7,7.9475,1.2582573136210558,2.968575332256861,-0.235,93.66197183098592,1.2582573136210558,70.69185778299173,14,5,9,0,0.9286,False
NEAR,2026-07-12T20:49:52.774Z,2026-07-12T20:49:52.775038Z,2026-07-12T22:49:52.775038Z,7210.632145,7,1.8885,5.29520783690819,3.8481539261570497,1.264,94.36619718309859,5.29520783690819,61.211892751879816,11,8,3,0,1.0,False
PENGU,2026-07-12T20:49:59.940Z,2026-07-12T20:49:59.940764Z,2026-07-12T22:49:59.940764Z,7203.466419,7,0.0059465,5.044984444631965,4.6818331684800585,-2.897,89.43661971830986,5.044984444631965,42.33250543815831,9,4,5,0,1.0,False
PEPE,2026-07-12T20:50:07.828Z,2026-07-12T20:50:07.828774Z,2026-07-12T22:50:07.828774Z,7795.259686,7,2.7649999999999998e-06,36.16636528029052,5.017921146953403,0.0,93.30985915492958,36.16636528029052,66.95236049382785,18,16,1,1,0.3333,False
SUI,2026-07-12T20:50:17.447Z,2026-07-12T20:50:17.447384Z,2026-07-12T22:50:17.447384Z,7785.641076,7,0.73645,1.357865435535189,3.900325027085582,-1.005,97.53521126760563,1.357865435535189,64.33140325053607,9,3,6,0,0.6667,False
TAO,2026-07-12T20:50:30.590Z,2026-07-12T20:50:30.590971Z,2026-07-12T22:50:30.590971Z,7772.497489,7,209.85000000000002,4.765308553728582,4.804521902967493,-0.655,91.54929577464789,4.765308553728582,71.50411536162855,21,16,4,1,0.9048,False
TRX,2026-07-12T20:50:40.457Z,2026-07-12T20:50:40.458128Z,2026-07-12T22:50:40.458128Z,7762.630332,7,0.33145,3.017046311662226,0.8144796380090605,0.242,91.90140845070422,3.017046311662226,75.00448198406932,34,21,10,3,0.6176,False
UNI,2026-07-12T20:50:50.139Z,2026-07-12T20:50:50.140106Z,2026-07-12T22:50:50.140106Z,7752.948354,7,3.6235,2.759762660410901,7.540983606557383,-1.824,91.19718309859155,2.759762660410901,57.09196055039709,45,32,12,1,0.7778,False
USD1,2026-07-12T20:50:54.036Z,2026-07-12T20:50:54.036820Z,2026-07-12T22:50:54.036820Z,7749.05164,7,0.99935,1.0006504227746935,0.04002801961373631,-0.01,99.29577464788733,1.0006504227746935,63.13899397480948,0,0,0,0,,
VANRY,2026-07-12T20:50:59.359Z,2026-07-12T20:50:59.359291Z,2026-07-12T22:50:59.359291Z,7743.729169,7,0.0061825000000000005,63.081277800242574,25.785498489425983,18.405,90.84507042253522,63.081277800242574,55.96237187112173,6,6,0,0,1.0,False
WLD,2026-07-12T20:51:05.182Z,2026-07-12T20:51:05.182438Z,2026-07-12T22:51:05.182438Z,7737.906022,7,0.41925,7.155635062612342,10.213449621299056,6.01,96.47887323943662,7.155635062612342,75.8841498106231,24,18,5,1,0.7917,False
XAI,2026-07-12T20:51:11.807Z,2026-07-12T20:51:11.807963Z,2026-07-12T22:51:11.807963Z,7731.280497,7,0.006895,72.51631617113807,2.9829545454545348,-1.401,1.056338028169014,72.51631617113807,45.355741357942165,1,1,0,0,1.0,False
XLM,2026-07-12T20:51:17.480Z,2026-07-12T20:51:17.481155Z,2026-07-12T22:51:17.481155Z,7725.607305,7,0.18675,5.35475234270356,5.65240359218173,-1.097,95.07042253521126,5.35475234270356,71.8141432993158,13,10,3,0,0.8462,False
XVG,2026-07-12T20:51:28.198Z,2026-07-12T20:51:28.198236Z,2026-07-12T22:51:28.198236Z,7714.890224,7,0.0021314999999999997,51.60684963640704,1.5306122448979613,0.139,1.408450704225352,51.60684963640704,43.74124010068844,68,20,39,9,-0.1912,False
ZEC,2026-07-12T20:51:33.534Z,2026-07-12T20:51:33.534267Z,2026-07-12T22:51:33.534267Z,7709.554193,7,535.69,3.360152326904552,8.660176170607313,4.782,98.94366197183099,3.360152326904552,81.59086365111925,43,31,10,2,0.8605,False
TRUMP,2026-07-12T20:57:16.421Z,2026-07-12T20:57:16.422145Z,2026-07-12T22:57:16.422145Z,7366.666315,7,1.5554999999999999,6.428801028608884,5.576679340937886,-2.713,86.61971830985915,6.428801028608884,66.11207718945906,22,18,3,1,0.8636,False
XPL,2026-07-12T20:57:23.292Z,2026-07-12T20:57:23.292404Z,2026-07-12T22:57:23.292404Z,7359.796056,7,0.08863,6.769716800181033,6.296621325142601,-1.81,86.26760563380282,6.769716800181033,51.417060416930624,2,2,0,0,1.0,False
ALGO,2026-07-12T21:02:55.576Z,2026-07-12T21:02:55.576403Z,2026-07-12T23:02:55.576403Z,7627.8962,7,0.08315,12.02645820805807,3.9239001189060616,-2.887,79.22535211267606,12.02645820805807,60.27880133507782,11,5,6,0,0.9091,False
APT,2026-07-12T21:03:00.324Z,2026-07-12T21:03:00.324804Z,2026-07-12T23:03:00.324804Z,7623.147799,7,0.6065,16.48804616652928,5.000000000000004,-3.876,84.50704225352112,16.48804616652928,64.23018146474712,8,4,4,0,0.75,False
ATOM,2026-07-12T21:03:07.498Z,2026-07-12T21:03:07.498699Z,2026-07-12T23:03:07.498699Z,7615.973904,7,1.5635,6.395906619764068,3.213610586011338,-1.06,72.1830985915493,6.395906619764068,72.47510731083834,60,25,30,5,0.3667,False
BONK,2026-07-12T21:03:13.033Z,2026-07-12T21:03:13.033613Z,2026-07-12T23:03:13.033613Z,7610.43899,7,3.945e-06,25.348542458808375,4.511278195488721,-2.445,79.92957746478874,25.348542458808375,60.66282039023149,30,22,8,0,1.0,False
CAKE,2026-07-12T21:03:18.887Z,2026-07-12T21:03:18.887636Z,2026-07-12T23:03:18.887636Z,7604.584967,7,1.4005,7.140307033203226,4.1725601131541845,-2.281,74.29577464788733,7.140307033203226,60.78740222895421,5,1,3,1,0.2,False
EGLD,2026-07-12T21:03:36.643Z,2026-07-12T21:03:36.643677Z,2026-07-12T23:03:36.643677Z,7586.828926,7,3.035,32.948929159803065,7.6158940397351,4.861,78.16901408450704,32.948929159803065,73.12471683406989,3,2,1,0,1.0,False
EIGEN,2026-07-12T21:03:43.342Z,2026-07-12T21:03:43.342737Z,2026-07-12T23:03:43.342737Z,7580.129866,7,0.22835,4.379242391065863,7.577054794520545,-2.788,72.53521126760563,4.379242391065863,70.75383746076264,1,1,0,0,1.0,False
ETHFI,2026-07-12T21:03:50.334Z,2026-07-12T21:03:50.334966Z,2026-07-12T23:03:50.334966Z,7573.137637,7,0.4205,23.78121284185496,7.0921985815602895,-0.937,72.88732394366197,23.78121284185496,64.53049905515806,0,0,0,0,,
FET,2026-07-12T21:03:56.750Z,2026-07-12T21:03:56.750498Z,2026-07-12T23:03:56.750498Z,7566.722105,7,0.15785,6.33512828634886,3.266331658291446,-2.031,80.28169014084507,6.33512828634886,57.4550545797716,8,7,1,0,0.75,False
IOTA,2026-07-12T21:04:23.905Z,2026-07-12T21:04:23.905266Z,2026-07-12T23:04:23.905266Z,7539.567337,7,0.03845,26.007802340702955,5.912596401028269,-2.75,75.0,26.007802340702955,64.76157067586689,2,2,0,0,1.0,False
JTO,2026-07-12T21:04:30.410Z,2026-07-12T21:04:30.410388Z,2026-07-12T23:04:30.410388Z,7533.062215,7,0.6024,3.320053120851411,6.369115491122336,-0.984,83.09859154929578,3.320053120851411,68.42413057792217,2,1,1,0,1.0,False
LDO,2026-07-12T21:04:42.593Z,2026-07-12T21:04:42.593439Z,2026-07-12T23:04:42.593439Z,7520.879164,7,0.30745,16.262806960481395,8.53341985723556,-4.404,85.56338028169014,16.262806960481395,61.22290052076265,3,2,1,0,0.3333,False
MMT,2026-07-12T21:04:52.859Z,2026-07-12T21:04:52.859827Z,2026-07-12T23:04:52.859827Z,7510.612776,7,0.16885,5.922416345868463,13.081395348837205,-8.218,83.80281690140845,5.922416345868463,59.08829056288952,24,18,5,1,1.0,False
OP,2026-07-12T21:05:03.199Z,2026-07-12T21:05:03.199462Z,2026-07-12T23:05:03.199462Z,7500.273141,7,0.09995000000000001,10.00500250125091,6.940371456500498,-3.033,76.40845070422536,10.00500250125091,39.38500482022333,64,32,24,8,0.3594,False
PENDLE,2026-07-12T21:05:15.537Z,2026-07-12T21:05:15.537348Z,2026-07-12T23:05:15.537348Z,7487.935255,7,1.5405,6.491398896461473,4.610389610389607,-2.47,85.21126760563381,6.491398896461473,58.684090674130154,0,0,0,0,,
VIRTUAL,2026-07-12T21:05:55.417Z,2026-07-12T21:05:55.417691Z,2026-07-12T23:05:55.417691Z,7448.054912,7,0.5743,6.965000870624341,5.174163003043619,-3.618,85.91549295774648,6.965000870624341,64.98187509408604,7,6,1,0,1.0,False
WLFI,2026-07-12T21:06:04.403Z,2026-07-12T21:06:04.403557Z,2026-07-12T23:06:04.403557Z,7439.069046,7,0.05765,17.346053772767192,3.633217993079581,-1.027,80.63380281690141,17.346053772767192,59.80333550266681,3,3,0,0,1.0,False
1MBABYDOGE,2026-07-12T21:12:04.296Z,2026-07-12T21:12:04.297159Z,2026-07-12T23:12:04.297159Z,7678.943579,7,0.00031345,22.33211038443014,11.996221662468514,-4.882,66.90140845070422,22.33211038443014,61.58600769500456,0,0,0,0,,
2Z,2026-07-12T21:12:09.580Z,2026-07-12T21:12:09.580975Z,2026-07-12T23:12:09.580975Z,7673.659763,7,0.07213,8.318314154998543,9.321230185611702,2.343,68.30985915492958,8.318314154998543,62.634164788883474,0,0,0,0,,
ALT,2026-07-12T21:12:23.338Z,2026-07-12T21:12:23.339279Z,2026-07-12T23:12:23.339279Z,7659.901459,7,0.006455,15.491866769945148,9.104938271604942,-1.22,63.028169014084504,15.491866769945148,66.34634112861022,1,1,0,0,1.0,False
APE,2026-07-12T21:12:30.294Z,2026-07-12T21:12:30.294450Z,2026-07-12T23:12:30.294450Z,7652.946288,7,0.15215,6.572461386788629,4.381443298969073,-1.398,65.84507042253522,6.572461386788629,61.87188691692283,10,9,1,0,1.0,False
BIO,2026-07-12T21:12:37.688Z,2026-07-12T21:12:37.688628Z,2026-07-12T23:12:37.688628Z,7645.55211,7,0.028225,10.628875110718246,4.76858345021038,-1.858,64.78873239436619,10.628875110718246,48.165252078875554,2,2,0,0,1.0,False
CFX,2026-07-12T21:12:42.789Z,2026-07-12T21:12:42.789331Z,2026-07-12T23:12:42.789331Z,7640.451407,7,0.04432,4.512635379061188,4.834377797672326,-0.379,64.43661971830986,4.512635379061188,58.395214357445994,1,1,0,0,1.0,False
CHZ,2026-07-12T21:12:47.639Z,2026-07-12T21:12:47.639966Z,2026-07-12T23:12:47.639966Z,7635.600772,7,0.016875,5.925925925925684,3.870967741935489,-3.345,71.83098591549296,5.925925925925684,51.33206465073714,1,1,0,0,1.0,False
DASH,2026-07-12T21:12:52.746Z,2026-07-12T21:12:52.746526Z,2026-07-12T23:12:52.746526Z,7630.494212,7,34.33,5.825808330906825,5.103211009174315,-0.909,62.67605633802817,5.825808330906825,73.72619933229973,3,1,2,0,0.3333,False
ENSO,2026-07-12T21:12:59.226Z,2026-07-12T21:12:59.226905Z,2026-07-12T23:12:59.226905Z,7624.013833,7,0.698,28.653295128939856,7.648725212464582,0.284,61.971830985915496,28.653295128939856,69.7980335591675,1,1,0,0,1.0,False
EPIC,2026-07-12T21:13:04.902Z,2026-07-12T21:13:04.902550Z,2026-07-12T23:13:04.902550Z,7618.338188,7,0.3985,25.09410288582185,10.07751937984497,0.519,70.07042253521126,25.09410288582185,72.29932866525718,1,1,0,0,1.0,False
ERA,2026-07-12T21:13:09.945Z,2026-07-12T21:13:09.945755Z,2026-07-12T23:13:09.945755Z,7613.294983,7,0.08024999999999999,12.461059190031511,10.408921933085509,-1.345,59.50704225352113,12.461059190031511,68.5424684496759,0,0,0,0,,
FIL,2026-07-12T21:13:17.394Z,2026-07-12T21:13:17.394866Z,2026-07-12T23:13:17.394866Z,7605.845872,7,0.7685,13.012361743656486,4.118404118404122,-1.894,68.66197183098592,13.012361743656486,64.92968911183125,51,39,10,2,0.8431,False
GIGGLE,2026-07-12T21:13:28.159Z,2026-07-12T21:13:28.159531Z,2026-07-12T23:13:28.159531Z,7595.081207,7,26.865000000000002,11.166945840311774,8.454919566030682,2.453,59.15492957746479,11.166945840311774,68.25243191093693,0,0,0,0,,
HEI,2026-07-12T21:13:33.172Z,2026-07-12T21:13:33.173184Z,2026-07-12T23:13:33.173184Z,7590.067554,7,0.10285,29.168692270296035,13.314176245210737,1.163,61.61971830985915,29.168692270296035,36.76731866866423,0,0,0,0,,
KITE,2026-07-12T21:13:45.010Z,2026-07-12T21:13:45.010201Z,2026-07-12T23:13:45.010201Z,7578.230537,7,0.11895,8.406893652794366,5.299145299145296,0.949,62.32394366197183,8.406893652794366,73.45046946381265,0,0,0,0,,
ORDI,2026-07-12T21:14:14.816Z,2026-07-12T21:14:14.816357Z,2026-07-12T23:14:14.816357Z,7548.424381,7,3.537,11.30901894260674,7.970395673213772,-0.312,71.12676056338029,11.30901894260674,72.44472420107107,9,2,6,1,0.3333,False
RED,2026-07-12T21:14:34.458Z,2026-07-12T21:14:34.458826Z,2026-07-12T23:14:34.458826Z,7528.781912,7,0.1153,17.346053772767192,9.067357512953377,2.297,60.91549295774648,17.346053772767192,69.0197497223388,1,1,0,0,1.0,False
S,2026-07-12T21:14:59.318Z,2026-07-12T21:14:59.318905Z,2026-07-12T23:14:59.318905Z,7503.921833,7,0.02532,7.898894154818004,4.014029618082618,-2.545,60.2112676056338,7.898894154818004,59.066626489149535,0,0,0,0,,
SKL,2026-07-12T21:15:07.199Z,2026-07-12T21:15:07.199252Z,2026-07-12T23:15:07.199252Z,7496.041486,7,0.004359999999999999,45.871559633027644,9.354120267260583,-4.873,61.267605633802816,45.871559633027644,27.80613071191685,0,0,0,0,,
SNX,2026-07-12T21:15:12.940Z,2026-07-12T21:15:12.940742Z,2026-07-12T23:15:12.940742Z,7490.299996,7,0.2445,40.89979550102253,10.373443983402488,5.24,70.4225352112676,40.89979550102253,74.95399669960428,0,0,0,0,,
STRK,2026-07-12T21:15:19.840Z,2026-07-12T21:15:19.840214Z,2026-07-12T23:15:19.840214Z,7483.400524,7,0.02975,33.613445378151056,5.315614617940214,-3.834,67.6056338028169,33.613445378151056,58.865255969338484,1,0,1,0,0.0,False
TRB,2026-07-12T21:15:26.042Z,2026-07-12T21:15:26.043139Z,2026-07-12T23:15:26.043139Z,7477.197599,7,14.995000000000001,6.6688896298764835,5.305039787798413,-3.271,58.45070422535211,6.6688896298764835,65.85608568184686,0,0,0,0,,
XTZ,2026-07-12T21:15:36.891Z,2026-07-12T21:15:36.891612Z,2026-07-12T23:15:36.891612Z,7466.349126,7,0.22665000000000002,4.412089124201047,4.024496937882758,-2.765,66.54929577464789,4.412089124201047,46.7838002093006,24,11,11,2,0.5,False
1000CHEEMS,2026-07-12T21:21:07.021Z,2026-07-12T21:21:07.022149Z,2026-07-12T23:21:07.022149Z,7736.485009,7,0.000457,87.52735229759276,4.751619870410366,-4.339,50.70422535211268,87.52735229759276,46.84139009284365,0,0,0,0,,
AR,2026-07-12T21:21:17.952Z,2026-07-12T21:21:17.952791Z,2026-07-12T23:21:17.952791Z,7725.554367,7,1.9449999999999998,10.282776349614405,2.482269503546096,-1.448,51.056338028169016,10.282776349614405,45.01865197086508,2,2,0,0,1.0,False
BANANAS31,2026-07-12T21:21:28.573Z,2026-07-12T21:21:28.573721Z,2026-07-12T23:21:28.573721Z,7714.933437,7,0.007672,15.641293013555602,3.154205607476638,-2.456,48.943661971830984,15.641293013555602,46.56459178501309,0,0,0,0,,
BERA,2026-07-12T21:21:40.068Z,2026-07-12T21:21:40.068328Z,2026-07-12T23:21:40.068328Z,7703.43883,7,0.1925,51.94805194805199,5.729166666666671,-4.95,44.71830985915493,51.94805194805199,49.627024904618075,2,1,0,1,0.0,False
CYBER,2026-07-12T21:21:59.437Z,2026-07-12T21:21:59.437825Z,2026-07-12T23:21:59.437825Z,7684.069333,7,0.3525,28.36879432624116,7.777777777777785,-2.965,53.87323943661972,28.36879432624116,44.441031499982664,0,0,0,0,,
EDEN,2026-07-12T21:22:07.357Z,2026-07-12T21:22:07.358168Z,2026-07-12T23:22:07.358168Z,7676.14899,7,0.043295,16.168148746968615,8.356102003642986,2.617,45.070422535211264,16.168148746968615,69.83689209725586,2,2,0,0,1.0,False
MANTA,2026-07-12T21:22:36.813Z,2026-07-12T21:22:36.813220Z,2026-07-12T23:22:36.813220Z,7646.693938,7,0.059475,15.13240857503266,6.957109084768656,1.823,47.88732394366197,15.13240857503266,71.60665852386543,2,1,0,1,0.0,False
NIL,2026-07-12T21:22:48.184Z,2026-07-12T21:22:48.184832Z,2026-07-12T23:22:48.184832Z,7635.322326,7,0.03523,17.03093954016394,9.012178619756428,5.301,56.33802816901409,17.03093954016394,56.81845849225346,10,8,2,0,0.8,False
STX,2026-07-12T21:23:38.309Z,2026-07-12T21:23:38.309746Z,2026-07-12T23:23:38.309746Z,7585.197412,7,0.16955,5.8979652020046585,4.916136495083868,-0.632,57.74647887323944,5.8979652020046585,68.07768036621314,63,26,33,4,0.5079,False
TST,2026-07-12T21:23:45.669Z,2026-07-12T21:23:45.669470Z,2026-07-12T23:23:45.669470Z,7577.837688,7,0.010655,9.385265133739646,9.421641791044765,2.584,47.53521126760563,9.385265133739646,55.09188994877079,2,0,2,0,0.0,False
USUAL,2026-07-12T21:24:06.704Z,2026-07-12T21:24:06.705109Z,2026-07-12T23:24:06.705109Z,7556.802049,7,0.00904,22.123893805310754,10.99137931034483,-1.066,54.57746478873239,22.123893805310754,66.5448024998243,2,1,0,1,1.0,False
W,2026-07-12T21:24:13.720Z,2026-07-12T21:24:13.721173Z,2026-07-12T23:24:13.721173Z,7549.785985,7,0.009565,10.45478306325101,5.693581780538304,-4.734,57.394366197183096,10.45478306325101,59.70935375826972,1,1,0,0,-1.0,False
ACH,2026-07-12T21:30:17.272Z,2026-07-12T21:30:17.272814Z,2026-07-12T23:30:17.272814Z,7786.159604,7,0.004335,23.068050749712707,5.8956916099773204,0.0,30.281690140845072,23.068050749712707,62.30887148061553,2,2,0,0,1.0,False
API3,2026-07-12T21:30:24.072Z,2026-07-12T21:30:24.072742Z,2026-07-12T23:30:24.072742Z,7779.359676,7,0.22285,13.461969934933574,5.373001776198934,-1.959,40.84507042253521,13.461969934933574,49.76098274106615,0,0,0,0,,
ARKM,2026-07-12T21:30:32.647Z,2026-07-12T21:30:32.647298Z,2026-07-12T23:30:32.647298Z,7770.78512,7,0.11035,9.062075215224546,3.197158081705144,-1.401,29.929577464788732,9.062075215224546,61.87280934099899,37,11,23,3,0.4595,False
AXS,2026-07-12T21:30:39.542Z,2026-07-12T21:30:39.543216Z,2026-07-12T23:30:39.543216Z,7763.889202,7,0.9875,10.126582278481022,2.8112449799196813,-1.386,30.985915492957748,10.126582278481022,62.43952947441703,1,1,0,0,1.0,False
BANANA,2026-07-12T21:30:52.789Z,2026-07-12T21:30:52.789363Z,2026-07-12T23:30:52.789363Z,7750.643055,7,3.4495,8.696912596028739,6.250000000000005,3.195,32.74647887323944,8.696912596028739,71.16003765248834,1,1,0,0,1.0,False
BEAMX,2026-07-12T21:30:59.499Z,2026-07-12T21:30:59.500156Z,2026-07-12T23:30:59.500156Z,7743.932262,7,0.0015805,18.981335020562888,7.004377736085048,-1.661,33.80281690140845,18.981335020562888,58.23585227367508,0,0,0,0,,
MET,2026-07-12T21:32:21.986Z,2026-07-12T21:32:21.986223Z,2026-07-12T23:32:21.986223Z,7661.446195,7,0.14755,33.88681802778723,5.725699067909452,-4.331,32.04225352112676,33.88681802778723,54.14958001502631,21,16,5,0,0.9048,False
MIRA,2026-07-12T21:32:32.676Z,2026-07-12T21:32:32.676594Z,2026-07-12T23:32:32.676594Z,7650.755824,7,0.042749999999999996,23.391812865496128,3.7122969837587103,-3.146,38.38028169014085,23.391812865496128,39.087332182903864,1,1,0,0,1.0,False
MOVE,2026-07-12T21:32:39.375Z,2026-07-12T21:32:39.375423Z,2026-07-12T23:32:39.375423Z,7644.056995,7,0.01085,92.16589861751096,4.545454545454549,-1.786,31.338028169014084,92.16589861751096,53.121642741916524,0,0,0,0,,
PHA,2026-07-12T21:33:08.336Z,2026-07-12T21:33:08.336646Z,2026-07-12T23:33:08.336646Z,7615.095772,7,0.02465,40.56795131845818,7.25806451612903,-3.876,43.309859154929576,40.56795131845818,57.189935756765315,0,0,0,0,,
QNT,2026-07-12T21:33:15.508Z,2026-07-12T21:33:15.508795Z,2026-07-12T23:33:15.508795Z,7607.923623,7,65.36500000000001,10.709095081466746,2.439024390243894,-1.855,40.140845070422536,10.709095081466746,44.51329579512205,66,10,52,4,0.0758,False
RSR,2026-07-12T21:33:26.886Z,2026-07-12T21:33:26.886326Z,2026-07-12T23:33:26.886326Z,7596.546092,7,0.0012265000000000002,8.153281695881907,4.431909750201444,-3.123,34.50704225352113,8.153281695881907,59.549089901739876,0,0,0,0,,
SAGA,2026-07-12T21:33:34.279Z,2026-07-12T21:33:34.279980Z,2026-07-12T23:33:34.279980Z,7589.152438,7,0.0127,15.748031496063716,4.769351055512129,-3.253,42.95774647887324,15.748031496063716,64.44294638730487,1,1,0,0,1.0,False
SHELL,2026-07-12T21:33:53.024Z,2026-07-12T21:33:53.024734Z,2026-07-12T23:33:53.024734Z,7570.407684,7,0.02065,48.42615012106507,5.213270142180096,-4.091,37.32394366197183,48.42615012106507,53.877592293014835,1,1,0,0,1.0,False
STEEM,2026-07-12T21:33:59.967Z,2026-07-12T21:33:59.968178Z,2026-07-12T23:33:59.968178Z,7563.46424,7,0.040725,51.56537753222712,11.573061026015075,-3.767,40.49295774647887,51.56537753222712,45.911347978796016,0,0,0,0,,
A,2026-07-12T21:40:11.230Z,2026-07-12T21:40:11.230701Z,2026-07-12T23:40:11.230701Z,7792.366633,7,0.07135,42.04625087596282,6.155950752393986,-2.273,16.197183098591548,42.04625087596282,52.95268823196071,0,0,0,0,,
CETUS,2026-07-12T21:40:34.390Z,2026-07-12T21:40:34.391006Z,2026-07-12T23:40:34.391006Z,7769.206328,7,0.01796,11.135857461024045,2.8761061946902635,-1.579,18.309859154929576,11.135857461024045,58.55102023204713,0,0,0,0,,
ENS,2026-07-12T21:41:17.926Z,2026-07-12T21:41:17.926651Z,2026-07-12T23:41:17.926651Z,7725.670683,7,4.085,24.479804161566186,3.1476997578692467,-1.9,28.169014084507044,24.479804161566186,60.455480866344224,2,1,1,0,1.0,False
ETC,2026-07-12T21:41:25.123Z,2026-07-12T21:41:25.125079Z,2026-07-12T23:41:25.125079Z,7718.472255,7,6.835,14.630577907827048,3.4782608695652204,-2.405,27.816901408450704,14.630577907827048,58.792928001729685,1,0,1,0,1.0,False
F,2026-07-12T21:41:36.555Z,2026-07-12T21:41:36.555298Z,2026-07-12T23:41:36.555298Z,7707.042036,7,0.003385,29.54209748892051,4.970760233918129,-0.581,17.6056338028169,29.54209748892051,57.83256067478135,0,0,0,0,,
HIVE,2026-07-12T21:41:50.731Z,2026-07-12T21:41:50.732041Z,2026-07-12T23:41:50.732041Z,7692.865293,7,0.0487,41.067761806982695,2.6422764227642186,-1.205,24.295774647887324,41.067761806982695,54.79100163140696,0,0,0,0,,
KERNEL,2026-07-12T21:42:14.695Z,2026-07-12T21:42:14.696213Z,2026-07-12T23:42:14.696213Z,7668.901121,7,0.039650000000000005,25.220680958384843,2.743142144638396,-2.433,21.830985915492956,25.220680958384843,42.10288491904017,0,0,0,0,,
OSMO,2026-07-12T21:42:31.034Z,2026-07-12T21:42:31.034459Z,2026-07-12T23:42:31.034459Z,7652.562875,7,0.03455,28.943560057885943,3.724928366762185,-1.69,26.056338028169016,28.943560057885943,64.17677324158508,10,2,8,0,0.0,False
REZ,2026-07-12T21:42:37.077Z,2026-07-12T21:42:37.077467Z,2026-07-12T23:42:37.077467Z,7646.519867,7,0.002543,7.864726700746488,5.467235362543624,-3.553,25.0,7.864726700746488,57.63314899593357,12,1,11,0,-0.5,False
SPK,2026-07-12T21:43:08.757Z,2026-07-12T21:43:08.757597Z,2026-07-12T23:43:08.757597Z,7614.839737,7,0.016988,12.95031787143936,2.782352941176457,-1.87,29.577464788732396,12.95031787143936,47.728387040087505,64,20,39,5,0.375,False
TNSR,2026-07-12T21:43:23.095Z,2026-07-12T21:43:23.096212Z,2026-07-12T23:43:23.096212Z,7600.501122,7,0.0311,64.30868167202533,4.7923322683706,-3.988,26.408450704225352,64.30868167202533,37.64179448202794,13,5,6,2,0.4615,False
YB,2026-07-12T21:43:45.360Z,2026-07-12T21:43:45.361241Z,2026-07-12T23:43:45.361241Z,7578.236093,7,0.07405,13.504388926401468,5.5256064690026845,-4.627,19.014084507042252,13.504388926401468,55.60857603052044,0,0,0,0,,
1000CAT,2026-07-12T21:49:24.876Z,2026-07-12T21:49:24.877187Z,2026-07-12T23:49:24.877187Z,7238.720147,7,0.0012850000000000001,77.82101167315027,3.076923076923085,-2.985,6.338028169014085,77.82101167315027,48.55468688368232,64,15,42,7,0.0469,False
BB,2026-07-12T21:50:00.827Z,2026-07-12T21:50:00.828248Z,2026-07-12T23:50:00.828248Z,7202.769086,7,0.01885,53.05039787798377,2.6315789473684235,-2.564,8.450704225352112,53.05039787798377,31.795448678914045,1,1,0,0,1.0,False
