symbol,snapshot_ts,meta_added_ts,meta_expires_ts,meta_duration_sec,meta_archive_schema_version,spot_mid,spot_spread_bps,spot_range_pct_24h,spot_ticker24_chg,derived_liq_global_pct,derived_spread_bps,score_final,sentiment_posts_total,sentiment_posts_pos,sentiment_posts_neu,sentiment_posts_neg,sentiment_mean_score,sentiment_is_silent
LINEA,2026-03-28T21:55:14.555Z,2026-03-28T21:55:14.555971Z,2026-03-28T23:55:14.555971Z,7790.227606,7,0.002935,34.071550255536714,4.98338870431895,1.689,47.93103448275862,34.071550255536714,72.11819989460075,0,0,0,0,,
MET,2026-03-28T21:55:21.327Z,2026-03-28T21:55:21.327369Z,2026-03-28T23:55:21.327369Z,7783.456208,7,0.1401,28.55103497501866,9.35302390998594,-5.64,54.48275862068966,28.55103497501866,55.301179397304274,1,0,1,0,1.0,False
MMT,2026-03-28T21:55:26.739Z,2026-03-28T21:55:26.739392Z,2026-03-28T23:55:26.739392Z,7778.044185,7,0.10635,28.20874471085987,4.456824512534831,-2.002,52.758620689655174,28.20874471085987,40.723417344874235,0,0,0,0,,
NEWT,2026-03-28T21:55:31.534Z,2026-03-28T21:55:31.534318Z,2026-03-28T23:55:31.534318Z,7773.249259,7,0.0711,28.12939521800362,7.757404795486587,-1.391,49.310344827586206,28.12939521800362,60.9188006310157,0,0,0,0,,
PEOPLE,2026-03-28T21:55:55.461Z,2026-03-28T21:55:55.462079Z,2026-03-28T23:55:55.462079Z,7749.321498,7,0.006385,15.661707126076104,6.2499999999999964,-1.205,53.44827586206897,15.661707126076104,46.53886531727578,0,0,0,0,,
SHELL,2026-03-28T21:56:46.213Z,2026-03-28T21:56:46.213583Z,2026-03-28T23:56:46.213583Z,7698.569994,7,0.02715,36.83241252302003,3.260869565217397,0.364,51.03448275862069,36.83241252302003,65.08897699575908,0,0,0,0,,
SPK,2026-03-28T21:56:52.928Z,2026-03-28T21:56:52.928760Z,2026-03-28T23:56:52.928760Z,7691.854817,7,0.020307,14.773230905598455,2.8329872441412074,-2.091,45.172413793103445,14.773230905598455,54.090793165583065,64,18,41,5,0.2969,False
STEEM,2026-03-28T21:56:59.961Z,2026-03-28T21:56:59.962184Z,2026-03-28T23:56:59.962184Z,7684.821393,7,0.06161,100.63301412108466,8.722741433021799,2.793,53.793103448275865,100.63301412108466,69.05676403965005,0,0,0,0,,
TST,2026-03-28T21:57:10.566Z,2026-03-28T21:57:10.566851Z,2026-03-28T23:57:10.566851Z,7674.216726,7,0.008150000000000001,24.53987730061462,5.352798053527994,-0.844,51.37931034482759,24.53987730061462,52.96492248305278,1,0,1,0,1.0,False
W,2026-03-28T21:57:15.789Z,2026-03-28T21:57:15.790162Z,2026-03-28T23:57:15.790162Z,7668.993415,7,0.01475,67.7966101694923,3.9735099337748334,0.0,50.3448275862069,67.7966101694923,65.40176263647214,3,2,1,0,0.3333,False
ZEN,2026-03-28T21:57:20.720Z,2026-03-28T21:57:20.721271Z,2026-03-28T23:57:20.721271Z,7664.062306,7,5.1645,13.55407106205937,4.6880979716800635,0.597,54.13793103448276,13.55407106205937,48.753775757973905,4,2,2,0,1.0,False
BANANA,2026-03-28T22:03:17.056Z,2026-03-28T22:03:17.056609Z,2026-03-29T00:03:17.056609Z,7307.726968,7,3.2300000000000004,61.919504643962895,3.98773006134969,-1.807,36.89655172413793,61.919504643962895,67.62683435071462,2,2,0,0,1.0,False
DOLO,2026-03-28T22:03:35.114Z,2026-03-28T22:03:35.115034Z,2026-03-29T00:03:35.115034Z,7289.668543,7,0.03028,178.33553500660577,4.308093994778062,0.558,42.06896551724138,178.33553500660577,60.48787179749509,0,0,0,0,,
GPS,2026-03-28T22:04:02.843Z,2026-03-28T22:04:02.843704Z,2026-03-29T00:04:02.843704Z,7261.939873,7,0.007715,38.885288399221835,3.641092327698319,-2.535,36.55172413793103,38.885288399221835,57.18214606294326,0,0,0,0,,
NEIRO,2026-03-28T22:04:55.553Z,2026-03-28T22:04:55.553797Z,2026-03-29T00:04:55.553797Z,7209.22978,7,5.5209999999999995e-05,21.735192899836782,4.7720042417815565,-0.035,42.758620689655174,21.735192899836782,69.4790372605077,0,0,0,0,,
TRB,2026-03-28T22:05:51.954Z,2026-03-28T22:05:51.954650Z,2026-03-29T00:05:51.954650Z,7752.47894,7,14.84,13.477088948786774,3.253652058432936,-0.331,38.275862068965516,13.477088948786774,41.09146443443523,1,0,1,0,1.0,False
VET,2026-03-28T22:06:14.762Z,2026-03-28T22:06:14.763477Z,2026-03-29T00:06:14.763477Z,7729.670113,7,0.006659,27.031085748611886,4.11443739861377,1.512,44.13793103448276,27.031085748611886,71.5282593929847,3,0,3,0,0.3333,False
XVG,2026-03-28T22:06:21.754Z,2026-03-28T22:06:21.754432Z,2026-03-29T00:06:21.754432Z,7722.679158,7,0.0044715,29.073018002907283,2.7063599458728085,-2.356,39.6551724137931,29.073018002907283,39.74607731889042,65,21,29,15,-0.3692,False
ZK,2026-03-28T22:06:42.023Z,2026-03-28T22:06:42.023891Z,2026-03-29T00:06:42.023891Z,7702.409699,7,0.017070000000000002,11.716461628589721,3.5158501440922154,0.0,41.37931034482759,11.716461628589721,67.15957004200096,1,0,1,0,-1.0,False
AUCTION,2026-03-28T22:12:55.203Z,2026-03-28T22:12:55.204304Z,2026-03-29T00:12:55.204304Z,7329.229286,7,4.415,67.95016987542324,3.595505617977531,0.679,21.379310344827587,67.95016987542324,48.62080526128045,0,0,0,0,,
COW,2026-03-28T22:13:41.975Z,2026-03-28T22:13:41.975877Z,2026-03-29T00:13:41.975877Z,7282.457713,7,0.19605,45.906656465188064,5.5278884462151385,2.24,27.24137931034483,45.906656465188064,69.76530172003275,0,0,0,0,,
ERA,2026-03-28T22:13:59.103Z,2026-03-28T22:13:59.104092Z,2026-03-29T00:13:59.104092Z,7265.329498,7,0.12475,24.04809619238435,3.154574132492106,1.929,30.689655172413794,24.04809619238435,70.90025750921676,0,0,0,0,,
NXPC,2026-03-28T22:15:08.819Z,2026-03-28T22:15:08.819286Z,2026-03-29T00:15:08.819286Z,7795.954817,7,0.27185000000000004,25.749494206363003,1.5026833631484926,1.268,22.06896551724138,25.749494206363003,61.59636165509862,0,0,0,0,,
SXT,2026-03-28T22:15:34.824Z,2026-03-28T22:15:34.824590Z,2026-03-29T00:15:34.824590Z,7769.949513,7,0.015349999999999999,65.146579804561,6.962025316455697,-5.952,24.137931034482758,65.146579804561,52.897091610349506,0,0,0,0,,
WAL,2026-03-28T22:15:53.024Z,2026-03-28T22:15:53.024878Z,2026-03-29T00:15:53.024878Z,7751.749225,7,0.06825,14.65201465201507,3.5460992907801456,0.714,28.275862068965516,14.65201465201507,44.32942334290551,0,0,0,0,,
1000CAT,2026-03-28T22:21:45.294Z,2026-03-28T22:21:45.294798Z,2026-03-29T00:21:45.294798Z,7399.479305,7,0.001575,63.49206349206366,5.063291139240506,1.935,11.03448275862069,63.49206349206366,67.0924336281834,62,14,42,6,0.1452,False
1MBABYDOGE,2026-03-28T22:22:01.803Z,2026-03-28T22:22:01.803523Z,2026-03-29T00:22:01.803523Z,7382.97058,7,0.00038495,23.379659696063584,3.64238410596027,3.126,11.724137931034482,23.379659696063584,72.66420007198644,0,0,0,0,,
MAGIC,2026-03-28T22:23:28.467Z,2026-03-28T22:23:28.468178Z,2026-03-29T00:23:28.468178Z,7296.305925,7,0.057300000000000004,34.90401396160537,2.753872633390701,1.396,7.241379310344827,34.90401396160537,50.72472021120041,69,12,52,5,0.6522,False
ME,2026-03-28T22:23:53.101Z,2026-03-28T22:23:53.101801Z,2026-03-29T00:23:53.101801Z,7271.672302,7,0.0978,20.449897750511834,2.0161290322580667,1.121,4.827586206896552,20.449897750511834,69.56269821170744,24,9,14,1,0.8333,False
T,2026-03-28T22:24:38.662Z,2026-03-28T22:24:38.663049Z,2026-03-29T00:24:38.663049Z,7226.111054,7,0.006025,49.7925311203328,2.4630541871921174,0.164,8.275862068965518,49.7925311203328,46.00281347167424,0,0,0,0,,
1INCH,2026-03-28T22:31:01.127Z,2026-03-28T22:31:01.127835Z,2026-03-29T00:31:01.127835Z,7443.57273,7,0.087,22.9885057471255,2.70574971815107,1.487,2.0689655172413794,22.9885057471255,69.28630104504015,0,0,0,0,,
AAVE,2026-03-28T22:31:06.760Z,2026-03-28T22:31:06.761138Z,2026-03-29T00:31:06.761138Z,7437.939427,7,96.565,1.0355718945778394,2.402769293422928,0.092,90.6896551724138,1.0355718945778394,60.17439060027653,1,1,0,0,1.0,False
ADA,2026-03-28T22:31:11.963Z,2026-03-28T22:31:11.963814Z,2026-03-29T00:31:11.963814Z,7432.736751,7,0.24545,4.074149521286983,3.521408563425382,1.585,94.82758620689656,4.074149521286983,67.3193048402209,47,28,16,3,0.5106,False
AVAX,2026-03-28T22:31:17.864Z,2026-03-28T22:31:17.864459Z,2026-03-29T00:31:17.864459Z,7426.836106,7,8.735,11.44819690898659,3.265765765765776,1.37,90.34482758620689,11.44819690898659,71.23939425726837,13,2,10,1,0.8462,False
BCH,2026-03-28T22:31:23.190Z,2026-03-28T22:31:23.190882Z,2026-03-29T00:31:23.190882Z,7421.509683,7,481.9,4.150238638721491,3.401783862269234,3.123,95.86206896551724,4.150238638721491,68.39331481790686,7,5,2,0,0.7143,False
BIGTIME,2026-03-28T22:31:35.928Z,2026-03-28T22:31:35.928290Z,2026-03-29T00:31:35.928290Z,7408.772275,7,0.011905,8.39983200335959,2.9629629629629566,0.663,3.4482758620689653,8.39983200335959,49.23632353506066,68,21,37,10,0.0294,False
BNB,2026-03-28T22:31:47.425Z,2026-03-28T22:31:47.425921Z,2026-03-29T00:31:47.425921Z,7397.274644,7,610.955,0.16367817597025813,1.4919570394129242,1.16,96.89655172413794,0.16367817597025813,74.57421565566537,37,30,2,5,0.4324,False
BTC,2026-03-28T22:31:52.758Z,2026-03-28T22:31:52.758214Z,2026-03-29T00:31:52.758214Z,7391.942351,7,66398.66500000001,0.0015060543754548844,2.0643961822464085,1.366,100.0,0.0015060543754548844,76.87056170516732,32,9,13,10,0.1875,False
NOM,2026-03-28T22:33:16.964Z,2026-03-28T22:33:16.965165Z,2026-03-29T00:33:16.965165Z,7307.7354,7,0.00316,63.291139240506496,46.88644688644688,43.684,91.37931034482759,63.291139240506496,72.25306504415946,13,7,4,2,0.4615,False
PEPE,2026-03-28T22:33:22.191Z,2026-03-28T22:33:22.191855Z,2026-03-29T00:33:22.191855Z,7302.50871,7,3.275e-06,30.534351145037878,4.4910179640718635,1.829,96.20689655172414,30.534351145037878,63.25536690215047,7,6,0,1,0.4286,False
BANANAS31,2026-03-28T22:39:46.680Z,2026-03-28T22:39:46.680998Z,2026-03-29T00:39:46.680998Z,7519.271215,7,0.0132005,8.333017688724361,8.616965815148582,0.675,86.89655172413794,8.333017688724361,64.54694238725662,0,0,0,0,,
ONT,2026-03-28T22:40:18.070Z,2026-03-28T22:40:18.071006Z,2026-03-29T00:40:18.071006Z,7487.881207,7,0.060065,34.962124365271265,37.96220213640099,19.08,87.93103448275862,34.962124365271265,70.72844733087301,17,7,10,0,0.3529,False
WIF,2026-03-28T22:40:25.013Z,2026-03-28T22:40:25.014039Z,2026-03-29T00:40:25.014039Z,7480.938174,7,0.1745,57.30659025787971,7.262569832402225,2.874,89.3103448275862,57.30659025787971,67.2142149860501,5,4,1,0,0.6,False
WLFI,2026-03-28T22:40:30.388Z,2026-03-28T22:40:30.389170Z,2026-03-29T00:40:30.389170Z,7475.563043,7,0.09725,10.28277634961469,4.55005055611728,2.275,88.27586206896552,10.28277634961469,70.43919733201155,2,2,0,0,1.0,False
BARD,2026-03-28T22:46:38.920Z,2026-03-28T22:46:38.920992Z,2026-03-29T00:46:38.920992Z,7707.279064,7,0.35805,13.964530093562365,9.734273318872013,-2.691,76.20689655172414,13.964530093562365,71.09614048088518,0,0,0,0,,
HEMI,2026-03-28T22:47:12.653Z,2026-03-28T22:47:12.653514Z,2026-03-29T00:47:12.653514Z,7673.546542,7,0.00601,33.27787021630624,20.613287904599662,5.009,77.58620689655173,33.27787021630624,62.46212439427744,0,0,0,0,,
PAXG,2026-03-28T22:47:46.922Z,2026-03-28T22:47:46.922909Z,2026-03-29T00:47:46.922909Z,7639.277147,7,4496.110000000001,2.17966197446342,0.4662103032699287,0.094,75.17241379310344,2.17966197446342,75.80692326764276,4,1,3,0,1.0,False
TRUMP,2026-03-28T22:48:58.869Z,2026-03-28T22:48:58.869267Z,2026-03-29T00:48:58.869267Z,7567.330789,7,2.9335,3.4088972217499025,2.910672465707601,-0.234,85.51724137931035,3.4088972217499025,60.37357557942445,16,7,6,3,0.5,False
XPL,2026-03-28T22:49:26.454Z,2026-03-28T22:49:26.455021Z,2026-03-29T00:49:26.455021Z,7539.745035,7,0.08845,11.305822498585528,5.856353591160221,2.144,86.20689655172414,11.305822498585528,61.61634567195731,20,4,15,1,0.2,False
AVNT,2026-03-28T22:55:36.675Z,2026-03-28T22:55:36.675655Z,2026-03-29T00:55:36.675655Z,7769.122024,7,0.13335,7.499062617172028,4.814814814814819,0.223,64.13793103448276,7.499062617172028,57.79517357956828,1,0,1,0,-1.0,False
BONK,2026-03-28T22:55:56.734Z,2026-03-28T22:55:56.734865Z,2026-03-29T00:55:56.734865Z,7749.062814,7,5.725e-06,17.467248908296774,5.699481865284964,1.401,70.6896551724138,17.467248908296774,69.13433844422991,5,4,1,0,1.0,False
CFX,2026-03-28T22:56:04.950Z,2026-03-28T22:56:04.950715Z,2026-03-29T00:56:04.950715Z,7740.846964,7,0.056514999999999996,5.30832522339119,4.161609155540141,0.47,66.55172413793103,5.30832522339119,72.84814892984714,1,1,0,0,1.0,False
EIGEN,2026-03-28T22:56:21.760Z,2026-03-28T22:56:21.760885Z,2026-03-29T00:56:21.760885Z,7724.036794,7,0.1705,58.65102639296193,3.508771929824548,-2.286,71.37931034482759,58.65102639296193,57.91551489384702,1,1,0,0,1.0,False
FLUX,2026-03-28T22:56:45.154Z,2026-03-28T22:56:45.154638Z,2026-03-29T00:56:45.154638Z,7700.643041,7,0.048299999999999996,41.40786749482377,11.475409836065573,-0.408,67.93103448275862,41.40786749482377,67.61989413641045,1,0,0,1,-1.0,False
GIGGLE,2026-03-28T22:56:54.975Z,2026-03-28T22:56:54.975707Z,2026-03-29T00:56:54.975707Z,7690.821972,7,22.425,13.377926421405189,6.145251396648044,-4.631,63.10344827586207,13.377926421405189,60.66044088225275,2,0,2,0,-1.0,False
JUP,2026-03-28T22:57:07.556Z,2026-03-28T22:57:07.556416Z,2026-03-29T00:57:07.556416Z,7678.241263,7,0.14385,6.951685783801806,4.5267489711934115,2.676,60.3448275862069,6.951685783801806,70.32792463624276,66,19,42,5,0.197,False
KERNEL,2026-03-28T22:57:14.840Z,2026-03-28T22:57:14.840524Z,2026-03-29T00:57:14.840524Z,7670.957155,7,0.07715,12.961762799741136,5.391527599486533,-2.747,63.44827586206897,12.961762799741136,65.35701351720323,0,0,0,0,,
KMNO,2026-03-28T22:57:20.290Z,2026-03-28T22:57:20.290540Z,2026-03-29T00:57:20.290540Z,7665.507139,7,0.016985,5.887547836327973,8.357021034678809,3.531,71.72413793103448,5.887547836327973,62.42436192965278,10,3,6,1,1.0,False
NEO,2026-03-28T22:57:26.096Z,2026-03-28T22:57:26.096494Z,2026-03-29T00:57:26.096494Z,7659.701185,7,2.5709999999999997,15.558148580318957,3.8505968425105923,0.387,61.03448275862069,15.558148580318957,70.43002612799785,0,0,0,0,,
PHA,2026-03-28T22:57:42.128Z,2026-03-28T22:57:42.129040Z,2026-03-29T00:57:42.129040Z,7643.668639,7,0.03485,28.694404591105556,8.659217877094969,6.548,59.310344827586206,28.694404591105556,69.18552925479109,0,0,0,0,,
PNUT,2026-03-28T22:57:49.912Z,2026-03-28T22:57:49.913169Z,2026-03-29T00:57:49.913169Z,7635.88451,7,0.03855,25.940337224384656,3.856041131105402,0.517,59.6551724137931,25.940337224384656,63.49864240037476,66,14,50,2,0.2273,False
S,2026-03-28T22:58:06.703Z,2026-03-28T22:58:06.704015Z,2026-03-29T00:58:06.704015Z,7619.093664,7,0.041115,2.4322023592353457,6.237911025145065,2.554,61.37931034482759,2.4322023592353457,77.25591542389002,1,0,0,1,1.0,False
SIGN,2026-03-28T22:58:13.866Z,2026-03-28T22:58:13.866328Z,2026-03-29T00:58:13.866328Z,7611.931351,7,0.03162,12.650221378873615,17.968015051740352,-2.298,64.82758620689656,12.650221378873615,58.797726748109795,51,24,25,2,0.9216,False
SKY,2026-03-28T22:58:21.986Z,2026-03-28T22:58:21.986665Z,2026-03-29T00:58:21.986665Z,7603.811014,7,0.07036,2.842524161456242,2.281802624073004,0.675,65.86206896551724,2.842524161456242,54.84103174439941,70,11,56,3,0.1,False
TURBO,2026-03-28T22:58:51.493Z,2026-03-28T22:58:51.493705Z,2026-03-29T00:58:51.493705Z,7574.303974,7,0.0010275,29.197080291970458,17.805582290664095,3.075,66.20689655172414,29.197080291970458,56.24550584213664,1,1,0,0,1.0,False
FLOKI,2026-03-28T23:05:20.164Z,2026-03-28T23:05:20.164420Z,2026-03-29T01:05:20.164420Z,7785.161294,7,2.7595e-05,3.6238448994388834,4.744787922358019,0.578,50.689655172413794,3.6238448994388834,59.050110771748614,3,2,1,0,1.0,False
IMX,2026-03-28T23:05:37.150Z,2026-03-28T23:05:37.150433Z,2026-03-29T01:05:37.150433Z,7768.175281,7,0.14579999999999999,13.717421124828926,5.223880597014915,1.376,58.62068965517241,13.717421124828926,76.17471732263984,14,7,7,0,0.5714,False
IO,2026-03-28T23:05:44.969Z,2026-03-28T23:05:44.969402Z,2026-03-29T01:05:44.969402Z,7760.356312,7,0.1045,95.6937799043063,3.7735849056603805,-1.852,50.0,95.6937799043063,42.18615056963439,0,0,0,0,,
IOTA,2026-03-28T23:05:49.887Z,2026-03-28T23:05:49.887677Z,2026-03-29T01:05:49.887677Z,7755.438037,7,0.055150000000000005,18.13236627379799,2.8880866425992733,0.544,56.206896551724135,18.13236627379799,64.96687933998032,0,0,0,0,,
NIL,2026-03-28T23:06:10.389Z,2026-03-28T23:06:10.389817Z,2026-03-29T01:06:10.389817Z,7734.935897,7,0.032299999999999995,61.919504643962476,16.510903426791266,0.0,46.89655172413793,61.919504643962476,62.78629924156271,1,0,1,0,-1.0,False
OPEN,2026-03-28T23:06:15.824Z,2026-03-28T23:06:15.824642Z,2026-03-29T01:06:15.824642Z,7729.501072,7,0.16555,6.040471156749561,9.09627879503839,3.295,56.89655172413793,6.040471156749561,69.31622181824717,2,0,2,0,1.0,False
PLUME,2026-03-28T23:06:31.770Z,2026-03-28T23:06:31.770947Z,2026-03-29T01:06:31.770947Z,7713.554767,7,0.010405000000000001,9.610764055743706,6.089438629876308,1.35,54.827586206896555,9.610764055743706,71.51479998880971,2,2,0,0,1.0,False
PYTH,2026-03-28T23:06:40.051Z,2026-03-28T23:06:40.051699Z,2026-03-29T01:06:40.051699Z,7705.274015,7,0.037500000000000006,53.333333333333,5.277044854881253,1.609,55.172413793103445,53.333333333333,67.23824646172575,0,0,0,0,,
RAY,2026-03-28T23:06:45.305Z,2026-03-28T23:06:45.305687Z,2026-03-29T01:06:45.305687Z,7700.020027,7,0.5674999999999999,17.62114537444936,2.456140350877176,0.707,53.793103448275865,17.62114537444936,69.13596657221562,29,8,19,2,0.4483,False
ROSE,2026-03-28T23:06:50.394Z,2026-03-28T23:06:50.394252Z,2026-03-29T01:06:50.394252Z,7694.931462,7,0.01047,19.102196752625773,4.933586337760907,0.0,57.93103448275862,19.102196752625773,64.72001728180209,67,13,53,1,0.3433,False
RSR,2026-03-28T23:06:57.156Z,2026-03-28T23:06:57.156403Z,2026-03-29T01:06:57.156403Z,7688.169311,7,0.0015525,6.441223832527639,7.225063938618928,-3.813,48.62068965517241,6.441223832527639,59.08730418629637,0,0,0,0,,
SAGA,2026-03-28T23:07:04.830Z,2026-03-28T23:07:04.831005Z,2026-03-29T01:07:04.831005Z,7680.494709,7,0.028650000000000002,34.90401396160537,5.17241379310344,0.346,48.96551724137931,34.90401396160537,67.85248599331312,0,0,0,0,,
SAHARA,2026-03-28T23:07:10.068Z,2026-03-28T23:07:10.068700Z,2026-03-29T01:07:10.068700Z,7675.257014,7,0.024945000000000002,20.044097013428726,11.614401858304294,2.704,52.06896551724138,20.044097013428726,72.50366221340634,0,0,0,0,,
SAND,2026-03-28T23:07:17.468Z,2026-03-28T23:07:17.469019Z,2026-03-29T01:07:17.469019Z,7667.856695,7,0.07345,13.614703880189106,4.999999999999993,1.37,58.275862068965516,13.614703880189106,71.32013401019016,61,18,40,3,0.459,False
TOWNS,2026-03-28T23:07:46.130Z,2026-03-28T23:07:46.131084Z,2026-03-29T01:07:46.131084Z,7639.19463,7,0.003405,29.368575624082307,12.034383954154734,-9.819,50.3448275862069,29.368575624082307,52.71141766219373,0,0,0,0,,
TUT,2026-03-28T23:07:59.530Z,2026-03-28T23:07:59.530800Z,2026-03-29T01:07:59.530800Z,7625.794914,7,0.008765,11.409013120364623,6.480446927374309,3.949,47.58620689655172,11.409013120364623,71.35989957974776,3,2,0,1,1.0,False
ACH,2026-03-28T23:13:59.573Z,2026-03-28T23:13:59.574091Z,2026-03-29T01:13:59.574091Z,7265.751623,7,0.006285,15.910898965790919,2.5117739403453756,0.0,31.379310344827587,15.910898965790919,64.52578167490543,1,0,1,0,1.0,False
ALT,2026-03-28T23:14:06.843Z,2026-03-28T23:14:06.843388Z,2026-03-29T01:14:06.843388Z,7258.482326,7,0.006215,16.09010458567915,3.360000000000002,-1.575,35.172413793103445,16.09010458567915,46.551229595552975,0,0,0,0,,
BABY,2026-03-28T23:14:14.973Z,2026-03-28T23:14:14.974039Z,2026-03-29T01:14:14.974039Z,7250.351675,7,0.012865000000000001,23.319082782744275,7.473035439137137,1.012,37.93103448275862,23.319082782744275,67.43313460203882,2,1,0,1,1.0,False
BOME,2026-03-28T23:14:26.740Z,2026-03-28T23:14:26.740402Z,2026-03-29T01:14:26.740402Z,7238.585312,7,0.0003765,26.560424966800113,4.485488126649071,-1.044,40.3448275862069,26.560424966800113,61.01691292810977,0,0,0,0,,
BROCCOLI714,2026-03-28T23:14:32.036Z,2026-03-28T23:14:32.036816Z,2026-03-29T01:14:32.036816Z,7233.288898,7,0.01204,16.611295681062444,4.125412541254114,1.934,38.62068965517241,16.611295681062444,66.70952582894986,3,2,1,0,0.3333,True
ENS,2026-03-28T23:14:46.103Z,2026-03-28T23:14:46.103825Z,2026-03-29T01:14:46.103825Z,7219.221889,7,5.625,17.7777777777774,3.356890459363949,0.355,34.13793103448276,17.7777777777774,39.94651853461726,0,0,0,0,,
ETC,2026-03-28T23:14:51.413Z,2026-03-28T23:14:51.413840Z,2026-03-29T01:14:51.413840Z,7213.911874,7,8.045,12.430080795527115,2.843016069221266,0.372,40.0,12.430080795527115,59.7918750238508,1,0,1,0,1.0,False
EUL,2026-03-28T23:14:58.996Z,2026-03-28T23:14:58.997020Z,2026-03-29T01:14:58.997020Z,7206.328694,7,0.7455,40.24144869215295,5.882352941176476,-3.732,42.758620689655174,40.24144869215295,46.15162094753724,19,4,14,1,0.2105,False
GMX,2026-03-28T23:15:07.425Z,2026-03-28T23:15:07.425951Z,2026-03-29T01:15:07.425951Z,7798.160212,7,6.26,31.948881789136703,4.799999999999997,-2.038,32.41379310344828,31.948881789136703,55.94700555755749,0,0,0,0,,
GRT,2026-03-28T23:15:18.473Z,2026-03-28T23:15:18.473819Z,2026-03-29T01:15:18.473819Z,7787.112344,7,0.023719999999999998,8.431703204048338,3.632567849686859,1.055,38.275862068965516,8.431703204048338,61.25132199598327,16,3,11,2,0.0,False
HOME,2026-03-28T23:15:25.493Z,2026-03-28T23:15:25.493333Z,2026-03-29T01:15:25.493333Z,7780.09283,7,0.01968,20.325203252031695,6.007067137809187,2.219,36.206896551724135,20.325203252031695,48.71054192146235,0,0,0,0,,
INIT,2026-03-28T23:15:32.115Z,2026-03-28T23:15:32.115744Z,2026-03-29T01:15:32.115744Z,7773.470419,7,0.07995,12.507817385866526,5.95690747782002,2.335,44.48275862068966,12.507817385866526,58.5545722403412,0,0,0,0,,
MEME,2026-03-28T23:15:48.569Z,2026-03-28T23:15:48.570021Z,2026-03-29T01:15:48.570021Z,7757.016142,7,0.0005095,19.627085377821874,6.525911708253352,-2.434,39.6551724137931,19.627085377821874,62.01191476793754,40,27,12,1,0.9,False
MINA,2026-03-28T23:15:59.361Z,2026-03-28T23:15:59.361754Z,2026-03-29T01:15:59.361754Z,7746.224409,7,0.0533,37.52345215759957,3.3519553072625627,0.562,33.10344827586207,37.52345215759957,66.20029816415489,0,0,0,0,,
MOVE,2026-03-28T23:16:06.577Z,2026-03-28T23:16:06.577257Z,2026-03-29T01:16:06.577257Z,7739.008906,7,0.017849999999999998,56.02240896358511,4.494382022471902,0.0,35.86206896551724,56.02240896358511,60.951937725381704,1,0,0,1,1.0,False
MUBARAK,2026-03-28T23:16:13.195Z,2026-03-28T23:16:13.195444Z,2026-03-29T01:16:13.195444Z,7732.390719,7,0.011,18.18181818181902,3.315412186379918,-2.277,37.58620689655172,18.18181818181902,60.4620792298444,0,0,0,0,,
ORCA,2026-03-28T23:16:28.547Z,2026-03-28T23:16:28.547379Z,2026-03-29T01:16:28.547379Z,7717.038784,7,0.8405,11.89767995240929,3.686087990487518,-1.752,44.13793103448276,11.89767995240929,55.08644292620111,7,1,6,0,0.7143,False
ORDI,2026-03-28T23:16:34.540Z,2026-03-28T23:16:34.540793Z,2026-03-29T01:16:34.540793Z,7711.04537,7,2.2015000000000002,13.627072450600359,4.860486048604865,1.554,34.827586206896555,13.627072450600359,65.87934395787872,12,7,5,0,0.5,False
QNT,2026-03-28T23:16:41.089Z,2026-03-28T23:16:41.089819Z,2026-03-29T01:16:41.089819Z,7704.496344,7,70.185,15.672864572201956,2.6713780918727923,-0.085,43.10344827586207,15.672864572201956,48.09247889674135,67,21,45,1,0.3582,False
QTUM,2026-03-28T23:16:46.810Z,2026-03-28T23:16:46.810482Z,2026-03-29T01:16:46.810482Z,7698.775681,7,0.8154999999999999,36.787247087676306,4.854368932038826,0.733,33.44827586206897,36.787247087676306,62.62750423931634,0,0,0,0,,
REZ,2026-03-28T23:16:53.571Z,2026-03-28T23:16:53.571461Z,2026-03-29T01:16:53.571461Z,7692.014702,7,0.003275,30.534351145038247,5.405405405405406,0.301,36.55172413793103,30.534351145038247,50.93810336664755,63,13,48,2,0.3175,False
RVN,2026-03-28T23:16:59.463Z,2026-03-28T23:16:59.463462Z,2026-03-29T01:16:59.463462Z,7686.122701,7,0.00574,34.843205574912986,8.127208480565361,2.722,42.06896551724138,34.843205574912986,63.02275211994056,0,0,0,0,,
STX,2026-03-28T23:17:06.316Z,2026-03-28T23:17:06.317202Z,2026-03-29T01:17:06.317202Z,7679.268961,7,0.22035,4.5382346267309615,2.4674742036787696,-0.268,34.48275862068966,4.5382346267309615,47.459061802968385,68,24,38,6,0.5294,False
THETA,2026-03-28T23:17:11.123Z,2026-03-28T23:17:11.123952Z,2026-03-29T01:17:11.123952Z,7674.462211,7,0.1525,65.57377049180334,3.921568627450984,0.0,37.241379310344826,65.57377049180334,59.50839068561868,0,0,0,0,,
TREE,2026-03-28T23:17:24.543Z,2026-03-28T23:17:24.543364Z,2026-03-29T01:17:24.543364Z,7661.042799,7,0.05965,16.764459346186566,4.4925124792013325,0.502,32.758620689655174,16.764459346186566,68.26090043353075,2,2,0,0,1.0,False
YB,2026-03-28T23:17:36.791Z,2026-03-28T23:17:36.791210Z,2026-03-29T01:17:36.791210Z,7648.794953,7,0.10425000000000001,28.776978417267006,9.201877934272304,-8.11,32.06896551724138,28.776978417267006,55.647303872432985,0,0,0,0,,
YGG,2026-03-28T23:17:44.909Z,2026-03-28T23:17:44.909828Z,2026-03-29T01:17:44.909828Z,7640.676335,7,0.03499,22.8636753358093,4.431818181818198,0.228,31.724137931034484,22.8636753358093,68.81672819760986,0,0,0,0,,
ZKC,2026-03-28T23:18:05.197Z,2026-03-28T23:18:05.197759Z,2026-03-29T01:18:05.197759Z,7620.388404,7,0.06905,14.482259232438667,4.741379310344824,-0.287,42.41379310344828,14.482259232438667,63.435006194002135,1,1,0,0,1.0,False
A,2026-03-28T23:23:40.865Z,2026-03-28T23:23:40.865483Z,2026-03-29T01:23:40.865483Z,7284.72068,7,0.07405,13.504388926401468,3.748326639892901,1.633,23.79310344827586,13.504388926401468,66.36313854495054,0,0,0,0,,
ACT,2026-03-28T23:23:46.719Z,2026-03-28T23:23:46.720162Z,2026-03-29T01:23:46.720162Z,7278.866001,7,0.01195,83.68200836820033,5.042016806722687,-2.459,26.20689655172414,83.68200836820033,53.65305503542106,0,0,0,0,,
ACX,2026-03-28T23:23:54.818Z,2026-03-28T23:23:54.818725Z,2026-03-29T01:23:54.818725Z,7270.767438,7,0.043,46.511627906976464,2.6004728132387633,-1.628,25.17241379310345,46.511627906976464,55.43106484373261,63,21,36,6,-0.0476,False
AEVO,2026-03-28T23:24:01.445Z,2026-03-28T23:24:01.445746Z,2026-03-29T01:24:01.445746Z,7264.140417,7,0.022449999999999998,44.54342984409773,6.167400881057277,-5.021,23.448275862068964,44.54342984409773,52.8904708049226,0,0,0,0,,
AT,2026-03-28T23:24:09.454Z,2026-03-28T23:24:09.454498Z,2026-03-29T01:24:09.454498Z,7256.131665,7,0.14115,63.76195536663209,3.974449964513855,-0.283,24.482758620689655,63.76195536663209,58.601644939921286,0,0,0,0,,
BANK,2026-03-28T23:24:23.250Z,2026-03-28T23:24:23.250510Z,2026-03-29T01:24:23.250510Z,7242.335653,7,0.041999999999999996,47.619047619047336,6.601466992665039,0.245,24.137931034482758,47.619047619047336,49.851952582315064,0,0,0,0,,
BB,2026-03-28T23:24:31.138Z,2026-03-28T23:24:31.139135Z,2026-03-29T01:24:31.139135Z,7234.447028,7,0.02345,42.643923240937916,4.680851063829788,1.293,24.82758620689655,42.643923240937916,61.65277016849776,1,1,0,0,1.0,False
BEAMX,2026-03-28T23:24:39.572Z,2026-03-28T23:24:39.572476Z,2026-03-29T01:24:39.572476Z,7226.013687,7,0.0016250000000000001,12.307692307692605,2.9250457038391273,-1.204,18.275862068965516,12.307692307692605,34.389771235380046,0,0,0,0,,
CATI,2026-03-28T23:24:54.638Z,2026-03-28T23:24:54.638746Z,2026-03-29T01:24:54.638746Z,7210.947417,7,0.05135,175.2677702044787,8.349514563106792,4.462,30.344827586206897,175.2677702044787,66.35690801304534,3,2,0,1,1.0,False
CKB,2026-03-28T23:25:01.330Z,2026-03-28T23:25:01.330855Z,2026-03-29T01:25:01.330855Z,7204.255308,7,0.0013785,7.254261878853217,3.1999999999999993,0.512,19.655172413793103,7.254261878853217,62.99148615202955,0,0,0,0,,
COOKIE,2026-03-28T23:25:09.451Z,2026-03-28T23:25:09.451425Z,2026-03-29T01:25:09.451425Z,7796.42004,7,0.01515,66.00660066006562,1.96078431372549,-0.649,27.24137931034483,66.00660066006562,62.4400944109572,0,0,0,0,,
DOGS,2026-03-28T23:25:21.741Z,2026-03-28T23:25:21.741327Z,2026-03-29T01:25:21.741327Z,7784.130138,7,2.59e-05,77.22007722007649,2.3076923076923115,-0.383,26.551724137931036,77.22007722007649,57.522981892811465,0,0,0,0,,
DYM,2026-03-28T23:25:29.058Z,2026-03-28T23:25:29.058322Z,2026-03-29T01:25:29.058322Z,7776.813143,7,0.025599999999999998,78.12500000000088,17.30769230769231,-1.141,20.344827586206897,78.12500000000088,56.141210498327155,2,2,0,0,0.5,False
EDEN,2026-03-28T23:25:36.015Z,2026-03-28T23:25:36.015777Z,2026-03-29T01:25:36.015777Z,7769.855688,7,0.0276,72.46376811594159,7.117437722419935,-1.748,22.06896551724138,72.46376811594159,66.41395079299754,1,1,0,0,1.0,False
FF,2026-03-28T23:25:47.547Z,2026-03-28T23:25:47.547836Z,2026-03-29T01:25:47.547836Z,7758.323629,7,0.070625,29.734513274336546,2.046326559613467,-1.166,19.310344827586206,29.734513274336546,43.73014383563439,0,0,0,0,,
HAEDAL,2026-03-28T23:25:54.455Z,2026-03-28T23:25:54.455727Z,2026-03-29T01:25:54.455727Z,7751.415738,7,0.029150000000000002,34.30531732418504,4.697986577181203,0.0,17.93103448275862,34.30531732418504,70.68720980650906,0,0,0,0,,
HOLO,2026-03-28T23:26:00.941Z,2026-03-28T23:26:00.941559Z,2026-03-29T01:26:00.941559Z,7744.929906,7,0.052500000000000005,38.09523809523786,4.519774011299433,0.378,18.96551724137931,38.09523809523786,68.41161888933519,2,1,1,0,0.0,False
ILV,2026-03-28T23:26:06.300Z,2026-03-28T23:26:06.300301Z,2026-03-29T01:26:06.300301Z,7739.571164,7,3.37,59.34718100890213,3.4883720930232593,0.292,25.517241379310345,59.34718100890213,69.3929793571159,0,0,0,0,,
JTO,2026-03-28T23:26:12.842Z,2026-03-28T23:26:12.842553Z,2026-03-29T01:26:12.842553Z,7733.028912,7,0.29579999999999995,13.52265043948653,4.714142427281846,-2.223,30.689655172413794,13.52265043948653,45.28638272531589,12,1,10,1,0.6667,False
KAITO,2026-03-28T23:26:20.147Z,2026-03-28T23:26:20.147411Z,2026-03-29T01:26:20.147411Z,7725.724054,7,0.38815,12.881617931212173,4.631525076765611,3.059,29.655172413793103,12.881617931212173,68.69679842543933,0,0,0,0,,
LA,2026-03-28T23:26:26.708Z,2026-03-28T23:26:26.708947Z,2026-03-29T01:26:26.708947Z,7719.162518,7,0.1731,23.108030040439715,5.383734249713626,-0.569,23.103448275862068,23.108030040439715,60.164223855953956,0,0,0,0,,
LISTA,2026-03-28T23:26:33.156Z,2026-03-28T23:26:33.156982Z,2026-03-29T01:26:33.156982Z,7712.714483,7,0.08255000000000001,12.113870381587262,3.1400966183574943,-2.243,28.620689655172413,12.113870381587262,45.52339541914207,0,0,0,0,,
LPT,2026-03-28T23:26:40.122Z,2026-03-28T23:26:40.122998Z,2026-03-29T01:26:40.122998Z,7705.748467,7,2.0625,14.545454545455097,2.931283037001439,0.0,21.379310344827587,14.545454545455097,63.50773432383151,0,0,0,0,,
MIRA,2026-03-28T23:26:46.569Z,2026-03-28T23:26:46.569666Z,2026-03-29T01:26:46.569666Z,7699.301799,7,0.0755,26.490066225166323,3.5156249999999925,1.587,20.0,26.490066225166323,45.971517713339594,0,0,0,0,,
NOT,2026-03-28T23:26:54.657Z,2026-03-28T23:26:54.657982Z,2026-03-29T01:26:54.657982Z,7691.213483,7,0.0003485,28.69440459110543,4.261363636363632,0.571,28.96551724137931,28.69440459110543,69.07619278280633,2,1,1,0,1.0,False
RED,2026-03-28T23:27:06.632Z,2026-03-28T23:27:06.633207Z,2026-03-29T01:27:06.633207Z,7679.238258,7,0.10785,9.272137227629948,3.1307550644567224,-1.093,17.586206896551722,9.272137227629948,64.64785432722499,1,0,1,0,1.0,False
SAPIEN,2026-03-28T23:27:13.200Z,2026-03-28T23:27:13.200728Z,2026-03-29T01:27:13.200728Z,7672.670737,7,0.06634999999999999,15.071590052750999,5.208333333333318,0.299,25.862068965517242,15.071590052750999,60.732203485849304,0,0,0,0,,
SNX,2026-03-28T23:27:20.842Z,2026-03-28T23:27:20.843111Z,2026-03-29T01:27:20.843111Z,7665.028354,7,0.2785,35.90664272890488,4.659498207885289,1.087,27.93103448275862,35.90664272890488,41.975251752221126,2,1,1,0,-1.0,False
SYN,2026-03-28T23:27:35.000Z,2026-03-28T23:27:35.000347Z,2026-03-29T01:27:35.000347Z,7650.871118,7,0.04615,21.668472372696844,4.516129032258075,-3.527,26.896551724137932,21.668472372696844,46.6392633952523,15,4,11,0,-0.0667,False
TURTLE,2026-03-28T23:27:42.079Z,2026-03-28T23:27:42.079769Z,2026-03-29T01:27:42.079769Z,7643.791696,7,0.039599999999999996,50.50505050505021,6.265664160401007,1.527,29.310344827586206,50.50505050505021,59.450568811816545,0,0,0,0,,
USUAL,2026-03-28T23:27:49.247Z,2026-03-28T23:27:49.247216Z,2026-03-29T01:27:49.247216Z,7636.624249,7,0.011955,8.36470096194027,3.1456953642384113,-1.146,20.689655172413794,8.36470096194027,37.30365711440009,0,0,0,0,,
ZBT,2026-03-28T23:28:00.212Z,2026-03-28T23:28:00.213079Z,2026-03-29T01:28:00.213079Z,7625.658386,7,0.07035,14.214641080313129,8.953168044077144,6.608,22.413793103448278,14.214641080313129,79.58342587918966,4,0,0,4,1.0,False
1000CHEEMS,2026-03-28T23:33:45.889Z,2026-03-28T23:33:45.889544Z,2026-03-29T01:33:45.889544Z,7279.981921,7,0.000414,48.30917874396122,5.741626794258369,-0.948,10.344827586206897,48.30917874396122,50.785285830323005,12,4,7,1,-0.25,False
1000SATS,2026-03-28T23:33:49.060Z,2026-03-28T23:33:49.060725Z,2026-03-29T01:33:49.060725Z,7276.81074,7,1.047e-05,57.30659025787911,4.54976303317536,0.0,13.10344827586207,57.30659025787911,41.85805999802455,20,10,7,3,0.65,False
ANIME,2026-03-28T23:34:01.640Z,2026-03-28T23:34:01.640325Z,2026-03-29T01:34:01.640325Z,7264.23114,7,0.004535,22.050716648290173,2.826086956521737,-1.499,16.551724137931036,22.050716648290173,62.65890432580469,0,0,0,0,,
API3,2026-03-28T23:34:09.476Z,2026-03-28T23:34:09.477187Z,2026-03-29T01:34:09.477187Z,7256.394278,7,0.26744999999999997,18.695083193120226,2.9684601113172566,0.597,5.517241379310345,18.695083193120226,46.355127277353425,0,0,0,0,,
BMT,2026-03-28T23:34:16.715Z,2026-03-28T23:34:16.715387Z,2026-03-29T01:34:16.715387Z,7249.156078,7,0.014105,7.089684509039059,2.74068868587491,-0.21,6.896551724137931,7.089684509039059,61.86748876846107,0,0,0,0,,
CGPT,2026-03-28T23:34:24.649Z,2026-03-28T23:34:24.650247Z,2026-03-29T01:34:24.650247Z,7241.221218,7,0.019084999999999998,26.19858527639401,1.5104166666666594,-0.156,15.172413793103448,26.19858527639401,46.705435177962755,0,0,0,0,,
COMP,2026-03-28T23:34:31.727Z,2026-03-28T23:34:31.728121Z,2026-03-29T01:34:31.728121Z,7234.143344,7,18.305,16.388964763726378,3.367734926670274,0.546,12.758620689655173,16.388964763726378,47.77596936974526,63,21,39,3,0.3016,False
CVC,2026-03-28T23:34:39.298Z,2026-03-28T23:34:39.298514Z,2026-03-29T01:34:39.298514Z,7226.572951,7,0.03,26.66666666666674,3.9344262295081958,1.127,14.482758620689655,26.66666666666674,39.26444169140829,66,17,43,6,0.303,False
CYBER,2026-03-28T23:34:46.084Z,2026-03-28T23:34:46.084704Z,2026-03-29T01:34:46.084704Z,7219.786761,7,0.484,41.322314049586815,3.9094650205761354,-1.42,15.517241379310345,41.322314049586815,37.507455569314615,1,1,0,0,1.0,False
FORM,2026-03-28T23:34:52.747Z,2026-03-28T23:34:52.747907Z,2026-03-29T01:34:52.747907Z,7213.123558,7,0.2486,32.18020917135942,4.0647198105761655,2.177,11.724137931034482,32.18020917135942,74.41448747500606,0,0,0,0,,
FUN,2026-03-28T23:35:00.257Z,2026-03-28T23:35:00.257542Z,2026-03-29T01:35:00.257542Z,7205.613923,7,0.0012790000000000002,62.5488663017981,9.849086576648132,-4.476,9.310344827586206,62.5488663017981,58.55290469775094,0,0,0,0,,
GMT,2026-03-28T23:35:07.846Z,2026-03-28T23:35:07.847063Z,2026-03-29T01:35:07.847063Z,7797.035474,7,0.00975,20.512820512819676,3.658536585365863,0.511,10.0,20.512820512819676,46.797154445876345,0,0,0,0,,
HIVE,2026-03-28T23:35:15.224Z,2026-03-28T23:35:15.224824Z,2026-03-29T01:35:15.224824Z,7789.657713,7,0.057800000000000004,34.60207612456726,3.236797274275978,0.859,6.206896551724138,34.60207612456726,70.56384602184174,0,0,0,0,,
HMSTR,2026-03-28T23:35:21.770Z,2026-03-28T23:35:21.770519Z,2026-03-29T01:35:21.770519Z,7783.112018,7,0.00013245,7.550018875047372,2.449888641425389,-0.296,16.896551724137932,7.550018875047372,62.49927398036522,0,0,0,0,,
KAIA,2026-03-28T23:35:29.043Z,2026-03-28T23:35:29.043954Z,2026-03-29T01:35:29.043954Z,7775.838583,7,0.045950000000000005,21.76278563656059,2.4017467248908226,-2.345,12.413793103448276,21.76278563656059,51.31323057503054,0,0,0,0,,
MANTA,2026-03-28T23:35:46.906Z,2026-03-28T23:35:46.906645Z,2026-03-29T01:35:46.906645Z,7757.975892,7,0.061509999999999995,26.012030564135983,2.8757108042242203,-0.726,11.379310344827585,26.012030564135983,60.40601541978054,0,0,0,0,,
MASK,2026-03-28T23:35:54.608Z,2026-03-28T23:35:54.608545Z,2026-03-29T01:35:54.608545Z,7750.273992,7,0.4035,24.783147459727406,3.201970443349743,-1.456,7.241379310344827,24.783147459727406,47.716430885734596,36,11,25,0,0.8333,False
MAV,2026-03-28T23:36:01.302Z,2026-03-28T23:36:01.303204Z,2026-03-29T01:36:01.303204Z,7743.579333,7,0.012915,38.71467286101409,3.0000000000000115,-1.366,3.793103448275862,38.71467286101409,43.23474880349091,0,0,0,0,,
MITO,2026-03-28T23:36:12.722Z,2026-03-28T23:36:12.723030Z,2026-03-29T01:36:12.723030Z,7732.159507,7,0.03512,51.25284738040991,2.547770700636954,-1.312,5.172413793103448,51.25284738040991,59.09876737299358,0,0,0,0,,
OSMO,2026-03-28T23:36:18.424Z,2026-03-28T23:36:18.424465Z,2026-03-29T01:36:18.424465Z,7726.458072,7,0.02975,100.84033613445318,1.6611295681063138,0.669,16.20689655172414,100.84033613445318,62.48579789431738,17,7,10,0,-0.1765,False
RARE,2026-03-28T23:36:25.652Z,2026-03-28T23:36:25.652998Z,2026-03-29T01:36:25.652998Z,7719.229539,7,0.01395,71.68458781362088,2.1126760563380276,-0.699,4.827586206896552,71.68458781362088,57.479865391352945,0,0,0,0,,
RPL,2026-03-28T23:36:32.608Z,2026-03-28T23:36:32.608471Z,2026-03-29T01:36:32.608471Z,7712.274066,7,1.565,63.89776357827482,2.5157232704402537,0.633,15.862068965517242,63.89776357827482,63.622309767907744,1,1,0,0,1.0,False
SKL,2026-03-28T23:36:38.039Z,2026-03-28T23:36:38.039465Z,2026-03-29T01:36:38.039465Z,7706.843072,7,0.005745,52.21932114882596,3.7735849056603725,0.517,13.793103448275861,52.21932114882596,66.8997956770828,0,0,0,0,,
SOLV,2026-03-28T23:36:44.719Z,2026-03-28T23:36:44.719752Z,2026-03-29T01:36:44.719752Z,7700.162785,7,0.00303,66.00660066006618,4.290429042904287,-2.885,14.137931034482758,66.00660066006618,56.89498582411413,0,0,0,0,,
SOPH,2026-03-28T23:36:51.667Z,2026-03-28T23:36:51.667856Z,2026-03-29T01:36:51.667856Z,7693.214681,7,0.008065,12.39925604463897,3.349875930521106,-1.707,4.482758620689655,12.39925604463897,47.785110809668765,0,0,0,0,,
SUSHI,2026-03-28T23:36:58.901Z,2026-03-28T23:36:58.901286Z,2026-03-29T01:36:58.901286Z,7685.981251,7,0.1885,10.61007957559565,2.315789473684218,-0.315,10.689655172413794,10.61007957559565,60.944980144922106,1,1,0,0,1.0,False
TLM,2026-03-28T23:37:11.478Z,2026-03-28T23:37:11.478448Z,2026-03-29T01:37:11.478448Z,7673.404089,7,0.0016255,18.45585973546579,3.345498783454983,1.107,9.655172413793103,18.45585973546579,69.4922786404976,0,0,0,0,,
TNSR,2026-03-28T23:37:18.618Z,2026-03-28T23:37:18.618448Z,2026-03-29T01:37:18.618448Z,7666.264089,7,0.038349999999999995,26.07561929595722,3.886010362694304,1.047,17.24137931034483,26.07561929595722,45.50143177896003,23,3,14,6,0.4783,False
UMA,2026-03-28T23:37:25.431Z,2026-03-28T23:37:25.431809Z,2026-03-29T01:37:25.431809Z,7659.450728,7,0.399,50.12531328320806,5.679012345679004,2.792,7.931034482758621,50.12531328320806,52.138760750797346,0,0,0,0,,
VANA,2026-03-28T23:37:32.328Z,2026-03-28T23:37:32.328904Z,2026-03-29T01:37:32.328904Z,7652.553633,7,1.3115,22.874571101791012,4.0663900414937695,-1.953,7.586206896551724,22.874571101791012,40.84403529986227,0,0,0,0,,
VANRY,2026-03-28T23:37:39.779Z,2026-03-28T23:37:39.779963Z,2026-03-29T01:37:39.779963Z,7645.102574,7,0.0051389999999999995,11.675423234092099,2.6407093292212793,-1.219,13.448275862068966,11.675423234092099,36.43573398497085,65,6,56,3,-0.5846,False
VELODROME,2026-03-28T23:37:46.672Z,2026-03-28T23:37:46.672640Z,2026-03-29T01:37:46.672640Z,7638.209897,7,0.013989999999999999,14.295925661187221,3.96600566572239,1.437,14.827586206896552,14.295925661187221,63.82403209433804,0,0,0,0,,
WCT,2026-03-28T23:37:55.055Z,2026-03-28T23:37:55.056245Z,2026-03-29T01:37:55.056245Z,7629.826292,7,0.05595,17.873100983021065,2.3049645390070967,-0.529,8.620689655172415,17.873100983021065,59.587508911681695,0,0,0,0,,
XAI,2026-03-28T23:38:01.856Z,2026-03-28T23:38:01.856591Z,2026-03-29T01:38:01.856591Z,7623.025946,7,0.009080000000000001,66.07929515418424,2.941176470588229,-0.864,8.96551724137931,66.07929515418424,62.48605294150252,0,0,0,0,,
BFUSD,2026-03-28T23:43:55.815Z,2026-03-28T23:43:55.815317Z,2026-03-29T01:43:55.815317Z,7269.06722,7,0.9993000000000001,8.00560392274615,0.08008809690659956,0.0,1.7241379310344827,8.00560392274615,33.75030838234481,0,0,0,0,,
BLUR,2026-03-28T23:44:08.962Z,2026-03-28T23:44:08.962410Z,2026-03-29T01:44:08.962410Z,7255.920127,7,0.017294999999999998,28.910089621276654,4.1379310344827696,0.173,2.0689655172413794,28.910089621276654,48.9085347879871,0,0,0,0,,
C,2026-03-28T23:44:24.830Z,2026-03-28T23:44:24.831300Z,2026-03-29T01:44:24.831300Z,7240.051237,7,0.08524999999999999,35.19061583577814,32.13399503722085,-6.821,91.37931034482759,35.19061583577814,61.426503307939306,0,0,0,0,,
CHZ,2026-03-28T23:44:30.156Z,2026-03-28T23:44:30.156737Z,2026-03-29T01:44:30.156737Z,7234.7258,7,0.040665,12.29558588466605,16.51489047501846,14.677,90.0,12.29558588466605,69.89972822987654,20,10,9,1,0.6,False
DOGE,2026-03-28T23:44:35.505Z,2026-03-28T23:44:35.505776Z,2026-03-29T01:44:35.505776Z,7229.376761,7,0.09103,2.1970778864102214,6.122448979591841,1.822,97.24137931034483,2.1970778864102214,59.585904842559,33,20,12,1,0.697,False
ENA,2026-03-28T23:44:40.703Z,2026-03-28T23:44:40.703935Z,2026-03-29T01:44:40.703935Z,7224.178602,7,0.09104999999999999,10.982976386601083,7.559395248380121,3.928,94.48275862068965,10.982976386601083,69.65970232159643,4,1,3,0,0.5,False
ETH,2026-03-28T23:44:46.274Z,2026-03-28T23:44:46.274458Z,2026-03-29T01:44:46.274458Z,7218.608079,7,2001.045,0.04997388864313849,3.3471325219675774,1.291,99.65517241379311,0.04997388864313849,56.6201610605383,39,18,16,5,0.2051,False
EUR,2026-03-28T23:44:49.980Z,2026-03-28T23:44:49.980685Z,2026-03-29T01:44:49.980685Z,7214.901852,7,1.14975,0.8697542944117328,0.21739130434782145,-0.035,97.93103448275862,0.8697542944117328,58.561036981329785,0,0,0,0,,
F,2026-03-28T23:44:56.940Z,2026-03-28T23:44:56.941012Z,2026-03-29T01:44:56.941012Z,7207.941525,7,0.00503,39.76143141153092,2.524271844660192,1.578,1.0344827586206897,39.76143141153092,55.88866967223001,0,0,0,0,,
FDUSD,2026-03-28T23:45:00.437Z,2026-03-28T23:45:00.437326Z,2026-03-29T01:45:00.437326Z,7204.445211,7,0.9989,2.002202422664711,0.04004805766919863,0.0,93.44827586206897,2.002202422664711,53.79024000533786,0,0,0,0,,
FET,2026-03-28T23:45:07.331Z,2026-03-28T23:45:07.331783Z,2026-03-29T01:45:07.331783Z,7797.421637,7,0.24004999999999999,4.165798791919048,13.372093023255818,5.846,96.55172413793103,4.165798791919048,75.24261241061913,13,6,6,1,0.6923,False
HBAR,2026-03-28T23:45:12.430Z,2026-03-28T23:45:12.431069Z,2026-03-29T01:45:12.431069Z,7792.322351,7,0.08972,2.2291573785116054,3.8712531799579724,1.744,93.10344827586206,2.2291573785116054,49.4065932667101,11,5,5,1,0.5455,False
HEI,2026-03-28T23:45:19.858Z,2026-03-28T23:45:19.858402Z,2026-03-29T01:45:19.858402Z,7784.895018,7,0.07314999999999999,95.69377990430517,3.2301480484522194,-0.535,1.3793103448275863,95.69377990430517,54.95606169850825,0,0,0,0,,
LAYER,2026-03-28T23:45:26.613Z,2026-03-28T23:45:26.613732Z,2026-03-29T01:45:26.613732Z,7778.139688,7,0.07725,38.834951456309994,4.568527918781716,1.94,2.413793103448276,38.834951456309994,49.800579522863124,0,0,0,0,,
LINK,2026-03-28T23:45:31.657Z,2026-03-28T23:45:31.657875Z,2026-03-29T01:45:31.657875Z,7773.095545,7,8.475000000000001,11.79941002949827,2.567094515752612,0.705,95.51724137931035,11.79941002949827,61.094127907573665,33,17,12,4,0.7576,False
LSK,2026-03-28T23:45:38.954Z,2026-03-28T23:45:38.954533Z,2026-03-29T01:45:38.954533Z,7765.798887,7,0.121,165.28925619834726,1.6528925619834725,0.0,0.6896551724137931,165.28925619834726,32.022075471870096,0,0,0,0,,
LTC,2026-03-28T23:45:44.505Z,2026-03-28T23:45:44.506226Z,2026-03-29T01:45:44.506226Z,7760.247194,7,53.965,1.8530529046600592,3.0549898167006084,0.84,91.72413793103448,1.8530529046600592,67.4607673639051,26,14,11,1,0.6923,False
NMR,2026-03-28T23:45:56.548Z,2026-03-28T23:45:56.548333Z,2026-03-29T01:45:56.548333Z,7748.205087,7,6.625,45.28301886792356,3.945371775417296,1.541,3.103448275862069,45.28301886792356,47.82477014033126,0,0,0,0,,
PUNDIX,2026-03-28T23:46:11.923Z,2026-03-28T23:46:11.923788Z,2026-03-29T01:46:11.923788Z,7732.829632,7,0.1398,100.14306151645296,0.2816901408450785,-0.281,0.3448275862068966,100.14306151645296,39.97861351943173,0,0,0,0,,
RENDER,2026-03-28T23:46:17.268Z,2026-03-28T23:46:17.269018Z,2026-03-29T01:46:17.269018Z,7727.484402,7,1.6585,6.029544769370587,7.343283582089552,1.948,92.06896551724138,6.029544769370587,67.01469183636898,4,1,0,3,-0.5,False
SOL,2026-03-28T23:46:21.993Z,2026-03-28T23:46:21.993636Z,2026-03-29T01:46:21.993636Z,7722.759784,7,82.345,1.2144028174134318,2.477640802513913,0.097,98.96551724137932,1.2144028174134318,63.24799426041465,34,13,19,2,0.5882,False
SUI,2026-03-28T23:46:27.540Z,2026-03-28T23:46:27.540914Z,2026-03-29T01:46:27.540914Z,7717.212506,7,0.86245,1.1594875065219894,3.274013232945477,-0.023,97.58620689655173,1.1594875065219894,54.38717183677623,17,6,7,4,0.1765,False
TAO,2026-03-28T23:46:32.285Z,2026-03-28T23:46:32.286143Z,2026-03-29T01:46:32.286143Z,7712.467277,7,318.25,3.142183817754053,5.464824120603009,1.304,98.62068965517241,3.142183817754053,61.94766344249299,50,22,27,1,0.58,False
TRX,2026-03-28T23:46:37.562Z,2026-03-28T23:46:37.562575Z,2026-03-29T01:46:37.562575Z,7707.190845,7,0.31645,3.1600568810235106,2.8128950695322437,1.966,92.75862068965517,3.1600568810235106,73.91973923966557,19,9,9,1,0.7895,False
USD1,2026-03-28T23:46:45.033Z,2026-03-28T23:46:45.033947Z,2026-03-29T01:46:45.033947Z,7699.719473,7,0.99975,1.0002500625155186,0.04001600640255661,-0.02,99.3103448275862,1.0002500625155186,70.6865372084315,0,0,0,0,,
WLD,2026-03-28T23:46:49.984Z,2026-03-28T23:46:49.984636Z,2026-03-29T01:46:49.984636Z,7694.768784,7,0.27085,3.6920804873542177,12.265193370165754,6.764,95.17241379310344,3.6920804873542177,83.51834737789882,19,10,5,4,0.3684,False
XRP,2026-03-28T23:46:54.970Z,2026-03-28T23:46:54.970539Z,2026-03-29T01:46:54.970539Z,7689.782881,7,1.3343500000000001,0.7494285607223665,2.9253731343283507,1.193,98.27586206896552,0.7494285607223665,62.165890567936266,34,19,9,6,0.0588,False
ZEC,2026-03-28T23:47:00.015Z,2026-03-28T23:47:00.015953Z,2026-03-29T01:47:00.015953Z,7684.737467,7,213.81,4.677049717039556,6.7279275951237505,0.819,94.13793103448276,4.677049717039556,52.574479782685295,17,5,11,1,0.0588,False
APT,2026-03-28T23:52:35.475Z,2026-03-28T23:52:35.476178Z,2026-03-29T01:52:35.476178Z,7349.277242,7,0.9365000000000001,10.678056593699955,5.5614973262032015,-4.786,88.96551724137932,10.678056593699955,55.494090517141416,14,5,9,0,0.7143,False
DOT,2026-03-28T23:52:49.556Z,2026-03-28T23:52:49.556266Z,2026-03-29T01:52:49.556266Z,7335.197154,7,1.2635,7.9145231499810995,3.3938437253354325,-1.401,86.55172413793103,7.9145231499810995,47.5547257037963,14,4,6,4,0.8571,False
NEAR,2026-03-28T23:52:54.765Z,2026-03-28T23:52:54.766204Z,2026-03-29T01:52:54.766204Z,7329.987216,7,1.1665,8.572653236177555,2.4597116200169564,0.17,89.3103448275862,8.572653236177555,68.05676470452475,4,2,1,1,0.5,False
ONDO,2026-03-28T23:53:00.060Z,2026-03-28T23:53:00.060884Z,2026-03-29T01:53:00.060884Z,7324.692536,7,0.2701,7.404664938910698,6.849816849816867,0.812,87.58620689655173,7.404664938910698,64.82631213719267,6,5,1,0,0.5,False
XLM,2026-03-28T23:53:18.331Z,2026-03-28T23:53:18.331729Z,2026-03-29T01:53:18.331729Z,7306.421691,7,0.16775,5.961251862892205,4.294117647058824,1.493,89.65517241379311,5.961251862892205,74.38973443359103,64,21,40,3,0.4844,False
0G,2026-03-28T23:58:52.071Z,2026-03-28T23:58:52.071890Z,2026-03-29T01:58:52.071890Z,7572.626163,7,0.4725,21.164021164021182,12.8099173553719,3.198,77.93103448275862,21.164021164021182,61.797155209875555,25,12,11,2,-0.04,False
ALGO,2026-03-28T23:58:57.197Z,2026-03-28T23:58:57.197293Z,2026-03-29T01:58:57.197293Z,7567.50076,7,0.08195,12.202562538133359,3.030303030303033,1.351,79.3103448275862,12.202562538133359,71.61192089696296,7,5,1,1,0.7143,False
ARB,2026-03-28T23:59:04.352Z,2026-03-28T23:59:04.352651Z,2026-03-29T01:59:04.352651Z,7560.345402,7,0.08995,11.11728738187914,3.9647577092510926,1.001,84.48275862068965,11.11728738187914,69.8236770465886,10,4,5,1,1.0,False
ASTER,2026-03-28T23:59:09.026Z,2026-03-28T23:59:09.027099Z,2026-03-29T01:59:09.027099Z,7555.670954,7,0.6585000000000001,15.186028853454832,1.3615733736762492,0.152,82.75862068965517,15.186028853454832,47.59468488348676,3,1,2,0,0.3333,False
AXS,2026-03-28T23:59:15.305Z,2026-03-28T23:59:15.305714Z,2026-03-29T01:59:15.305714Z,7549.392339,7,1.125,17.77777777777582,8.219178082191789,5.51,74.82758620689656,17.77777777777582,63.68697968433135,6,4,2,0,1.0,False
CETUS,2026-03-28T23:59:25.942Z,2026-03-28T23:59:25.942971Z,2026-03-29T01:59:25.942971Z,7538.755082,7,0.02732,7.320644216690771,12.15656755739556,8.983,79.65517241379311,7.320644216690771,70.76203812786675,2,2,0,0,1.0,False
CRV,2026-03-28T23:59:32.248Z,2026-03-28T23:59:32.248727Z,2026-03-29T01:59:32.248727Z,7532.449326,7,0.2106,9.496676163343102,5.776515151515146,0.0,85.86206896551724,9.496676163343102,67.33444625357616,4,3,0,1,0.5,False
CVX,2026-03-28T23:59:39.344Z,2026-03-28T23:59:39.344967Z,2026-03-29T01:59:39.344967Z,7525.353086,7,1.6215000000000002,30.83564600678455,4.366282595512436,-0.483,73.44827586206897,30.83564600678455,53.007300679378616,14,6,8,0,0.7143,False
DYDX,2026-03-28T23:59:46.317Z,2026-03-28T23:59:46.317369Z,2026-03-29T01:59:46.317369Z,7518.380684,7,0.09355,10.689470871192183,8.595387840670874,3.696,83.10344827586206,10.689470871192183,70.14133631314358,0,0,0,0,,
ENSO,2026-03-28T23:59:52.676Z,2026-03-28T23:59:52.676952Z,2026-03-29T01:59:52.676952Z,7512.021101,7,1.049,19.065776930409932,8.325537885874667,4.293,81.72413793103448,19.065776930409932,52.361445860688825,1,1,0,0,1.0,False
FIL,2026-03-28T23:59:57.934Z,2026-03-28T23:59:57.934534Z,2026-03-29T01:59:57.934534Z,7506.763519,7,0.8055000000000001,12.414649286157674,5.816831683168308,-3.001,84.13793103448276,12.414649286157674,56.06792091821286,4,4,0,0,1.0,False
GUN,2026-03-29T00:00:03.122Z,2026-03-29T00:00:03.122295Z,2026-03-29T02:00:03.122295Z,7501.575758,7,0.016704999999999998,17.95869500149583,13.415384615384623,-10.37,72.75862068965517,17.95869500149583,28.172313975710967,0,0,0,0,,
HUMA,2026-03-29T00:00:15.324Z,2026-03-29T00:00:15.324739Z,2026-03-29T02:00:15.324739Z,7489.373314,7,0.015835000000000002,18.945374171139107,18.3944374209861,1.475,82.41379310344827,18.945374171139107,80.89184192228737,1,1,0,0,1.0,False
ICP,2026-03-29T00:00:20.759Z,2026-03-29T00:00:20.759268Z,2026-03-29T02:00:20.759268Z,7483.938785,7,2.2285000000000004,4.48732331164411,4.60438086723289,0.539,83.79310344827586,4.48732331164411,62.78182059814013,13,6,6,1,0.8462,False
INJ,2026-03-29T00:00:27.133Z,2026-03-29T00:00:27.133541Z,2026-03-29T02:00:27.133541Z,7477.564512,7,2.8335,3.5292041644605257,3.2392894461859973,-0.104,78.62068965517241,3.5292041644605257,48.503375873936065,9,5,3,1,1.0,False
KITE,2026-03-29T00:00:37.698Z,2026-03-29T00:00:37.699094Z,2026-03-29T02:00:37.699094Z,7466.998959,7,0.1696,11.79245283018738,13.713592233009713,-11.919,85.51724137931035,11.79245283018738,49.56903280308304,1,0,0,1,0.0,False
LDO,2026-03-29T00:00:42.835Z,2026-03-29T00:00:42.836124Z,2026-03-29T02:00:42.836124Z,7461.861929,7,0.30585,9.80872976949377,7.704758821625117,3.902,75.86206896551724,9.80872976949377,64.08251017755178,1,0,1,0,1.0,False
PENGU,2026-03-29T00:00:53.522Z,2026-03-29T00:00:53.523153Z,2026-03-29T02:00:53.523153Z,7451.1749,7,0.0063675,7.852375343541102,4.292577095924368,-0.662,83.44827586206897,7.852375343541102,58.34938004040637,9,5,4,0,0.6667,False
PIXEL,2026-03-29T00:00:58.882Z,2026-03-29T00:00:58.882240Z,2026-03-29T02:00:58.882240Z,7445.815813,7,0.008425,11.869436201779932,11.999999999999995,-8.231,80.34482758620689,11.869436201779932,58.38042173060218,11,6,4,1,0.8182,False
PROVE,2026-03-29T00:01:04.547Z,2026-03-29T00:01:04.548246Z,2026-03-29T02:01:04.548246Z,7440.149807,7,0.2409,8.302200083022239,8.732394366197182,-6.297,73.79310344827586,8.302200083022239,45.71250310186931,0,0,0,0,,
PUMP,2026-03-29T00:01:09.433Z,2026-03-29T00:01:09.433588Z,2026-03-29T02:01:09.433588Z,7435.264465,7,0.0017055,5.8633831720910745,4.9275362318840585,1.471,77.58620689655173,5.8633831720910745,71.4595168430726,6,5,1,0,0.6667,False
RUNE,2026-03-29T00:01:21.271Z,2026-03-29T00:01:21.271964Z,2026-03-29T02:01:21.271964Z,7423.426089,7,0.3965,25.2206809583859,2.2613065326633186,1.272,74.48275862068965,25.2206809583859,70.0004242138325,9,2,5,2,0.7778,False
SEI,2026-03-29T00:01:27.197Z,2026-03-29T00:01:27.197827Z,2026-03-29T02:01:27.197827Z,7417.500226,7,0.05385,18.570102135562276,2.952029520295211,-1.095,76.20689655172414,18.570102135562276,59.13731289474196,1,0,1,0,1.0,False
SHIB,2026-03-29T00:01:32.214Z,2026-03-29T00:01:32.214811Z,2026-03-29T02:01:32.214811Z,7412.483242,7,5.825e-06,17.167381974248762,4.591836734693877,1.906,81.37931034482759,17.167381974248762,74.13402006279033,19,13,5,1,0.8421,False
STO,2026-03-29T00:01:37.488Z,2026-03-29T00:01:37.488662Z,2026-03-29T02:01:37.488662Z,7407.209391,7,0.1274,15.698587127159003,12.33822260569457,9.754,76.89655172413794,15.698587127159003,75.49191208198008,0,0,0,0,,
SYRUP,2026-03-29T00:01:42.366Z,2026-03-29T00:01:42.367056Z,2026-03-29T02:01:42.367056Z,7402.330997,7,0.20415,4.898359049717804,5.754352030947772,0.437,75.17241379310344,4.898359049717804,74.48161668474508,2,2,0,0,0.5,False
TIA,2026-03-29T00:01:48.819Z,2026-03-29T00:01:48.819423Z,2026-03-29T02:01:48.819423Z,7395.87863,7,0.29445,3.3961623365593137,5.352960856473741,-0.367,75.51724137931035,3.3961623365593137,58.70184042206508,51,9,39,3,-0.0392,False
TON,2026-03-29T00:01:54.469Z,2026-03-29T00:01:54.470243Z,2026-03-29T02:01:54.470243Z,7390.22781,7,1.2345000000000002,8.100445524504753,4.4979919678714895,2.385,77.24137931034483,8.100445524504753,64.58541471296057,5,2,2,1,0.6,False
TWT,2026-03-29T00:02:04.851Z,2026-03-29T00:02:04.851702Z,2026-03-29T02:02:04.851702Z,7379.846351,7,0.44055,34.04834865509026,6.844626967830246,-2.902,81.03448275862068,34.04834865509026,69.14193898392895,7,3,4,0,0.1429,False
UNI,2026-03-29T00:02:11.259Z,2026-03-29T00:02:11.260136Z,2026-03-29T02:02:11.260136Z,7373.437917,7,3.3845,2.9546461811194855,2.691632533645409,1.304,78.96551724137932,2.9546461811194855,49.65552735467936,15,7,8,0,0.8667,False
VIRTUAL,2026-03-29T00:02:17.397Z,2026-03-29T00:02:17.397518Z,2026-03-29T02:02:17.397518Z,7367.300535,7,0.6574,3.0422878004255853,5.841613971695281,2.012,80.6896551724138,3.0422878004255853,46.140206743415696,4,4,0,0,1.0,False
ZRO,2026-03-29T00:02:33.057Z,2026-03-29T00:02:33.057545Z,2026-03-29T02:02:33.057545Z,7351.640508,7,1.9995,5.001250312577593,5.234567901234562,0.696,82.06896551724138,5.001250312577593,48.995724631164265,0,0,0,0,,
A2Z,2026-03-29T00:08:05.154Z,2026-03-29T00:08:05.154959Z,2026-03-29T02:08:05.154959Z,7619.633201,7,0.000226,88.4955752212387,31.41592920353982,-3.83,62.06896551724138,88.4955752212387,58.73189340360688,7,2,1,4,-0.2857,True
APE,2026-03-29T00:08:10.261Z,2026-03-29T00:08:10.261226Z,2026-03-29T02:08:10.261226Z,7614.526934,7,0.08625,11.594202898551059,2.9919447640966523,-0.458,58.96551724137931,11.594202898551059,51.53568187076555,4,2,2,0,1.0,False
ARKM,2026-03-29T00:08:14.845Z,2026-03-29T00:08:14.845649Z,2026-03-29T02:08:14.845649Z,7609.942511,7,0.0965,103.62694300518143,6.185567010309283,1.042,61.724137931034484,103.62694300518143,60.890077134188736,58,12,37,9,0.1552,False
ATOM,2026-03-29T00:08:19.358Z,2026-03-29T00:08:19.358257Z,2026-03-29T02:08:19.358257Z,7605.429903,7,1.6564999999999999,6.036824630245167,2.623732856290998,0.179,64.48275862068965,6.036824630245167,65.60067467411363,63,9,53,1,0.5873,False
BERA,2026-03-29T00:08:31.281Z,2026-03-29T00:08:31.281758Z,2026-03-29T02:08:31.281758Z,7593.506402,7,0.4415,22.65005662514158,6.067415730337085,0.0,66.89655172413794,22.65005662514158,65.33613403940699,2,1,0,1,0.0,False
BIO,2026-03-29T00:08:36.202Z,2026-03-29T00:08:36.203141Z,2026-03-29T02:08:36.203141Z,7588.585019,7,0.016149999999999998,61.919504643962476,5.521472392638025,0.0,72.06896551724138,61.919504643962476,61.920007656708655,0,0,0,0,,
DASH,2026-03-29T00:08:48.420Z,2026-03-29T00:08:48.420509Z,2026-03-29T02:08:48.420509Z,7576.367651,7,31.950000000000003,6.259780907668098,5.251641137855579,1.652,68.96551724137932,6.259780907668098,69.6836394215604,1,0,1,0,1.0,False
EGLD,2026-03-29T00:08:54.927Z,2026-03-29T00:08:54.927642Z,2026-03-29T02:08:54.927642Z,7569.860518,7,3.785,26.42007926023839,3.3942558746736378,0.0,62.758620689655174,26.42007926023839,69.61008997561179,5,1,3,1,0.0,False
ENJ,2026-03-29T00:09:05.393Z,2026-03-29T00:09:05.393456Z,2026-03-29T02:09:05.393456Z,7559.394704,7,0.0203,39.408866995074,9.63371801304565,-1.532,71.03448275862068,39.408866995074,61.40887947120201,42,8,28,6,0.1905,False
ETHFI,2026-03-29T00:09:16.973Z,2026-03-29T00:09:16.973613Z,2026-03-29T02:09:16.973613Z,7547.814547,7,0.4565,21.905805038335174,4.525862068965509,0.0,67.58620689655173,21.905805038335174,60.26062272014334,1,1,0,0,0.0,False
GALA,2026-03-29T00:09:28.204Z,2026-03-29T00:09:28.204819Z,2026-03-29T02:09:28.204819Z,7536.583341,7,0.0028450000000000003,35.14938488576459,4.1666666666666625,-2.703,67.24137931034483,35.14938488576459,59.10588066499232,1,1,0,0,1.0,False
HYPER,2026-03-29T00:09:40.079Z,2026-03-29T00:09:40.079289Z,2026-03-29T02:09:40.079289Z,7524.708871,7,0.07894999999999999,12.666244458518413,6.775407779171898,-4.436,60.689655172413794,12.666244458518413,62.0631536081563,0,0,0,0,,
OP,2026-03-29T00:10:04.639Z,2026-03-29T00:10:04.639347Z,2026-03-29T02:10:04.639347Z,7500.148813,7,0.10275000000000001,9.732360097323879,4.142581888246626,-0.096,68.62068965517241,9.732360097323879,68.70322218276138,64,20,37,7,0.0,False
PARTI,2026-03-29T00:10:11.143Z,2026-03-29T00:10:11.143739Z,2026-03-29T02:10:11.143739Z,7493.644421,7,0.08804999999999999,11.357183418512536,20.02275312855518,-12.537,69.3103448275862,11.357183418512536,58.455226578921774,3,3,0,0,1.0,False
PENDLE,2026-03-29T00:10:17.617Z,2026-03-29T00:10:17.617506Z,2026-03-29T02:10:17.617506Z,7487.170654,7,1.1465,8.722197993895437,3.022452504317802,-0.686,72.41379310344827,8.722197993895437,58.654663533133466,1,0,1,0,1.0,False
POL,2026-03-29T00:10:34.559Z,2026-03-29T00:10:34.559811Z,2026-03-29T02:10:34.559811Z,7470.228349,7,0.09195,10.875475802066651,4.017372421281226,2.333,65.17241379310344,10.875475802066651,69.77175877519906,5,3,2,0,0.6,False
RESOLV,2026-03-29T00:10:40.979Z,2026-03-29T00:10:40.979964Z,2026-03-29T02:10:40.979964Z,7463.808196,7,0.03775,26.490066225166323,8.785529715762275,-4.914,70.34482758620689,26.490066225166323,50.471661420319386,0,0,0,0,,
SOMI,2026-03-29T00:11:00.799Z,2026-03-29T00:11:00.800101Z,2026-03-29T02:11:00.800101Z,7443.988059,7,0.1523,13.131976362442924,6.286454957874281,-0.835,68.27586206896552,13.131976362442924,63.69026777391845,0,0,0,0,,
SSV,2026-03-29T00:11:07.412Z,2026-03-29T00:11:07.412300Z,2026-03-29T02:11:07.412300Z,7437.37586,7,2.237,26.821636119804324,4.770318021201418,1.071,60.0,26.821636119804324,71.76530767716358,1,0,1,0,1.0,False
STRK,2026-03-29T00:11:12.192Z,2026-03-29T00:11:12.193141Z,2026-03-29T02:11:12.193141Z,7432.595019,7,0.03415,29.282576866765112,5.2478134110787265,1.18,63.793103448275865,29.282576866765112,71.10337067458669,14,5,6,3,0.5714,False
THE,2026-03-29T00:11:19.489Z,2026-03-29T00:11:19.489447Z,2026-03-29T02:11:19.489447Z,7425.298713,7,0.105,19.047619047619595,5.203405865657526,-3.028,65.51724137931035,19.047619047619595,60.13382808912697,15,8,6,1,0.6,False
USDE,2026-03-29T00:11:28.015Z,2026-03-29T00:11:28.016022Z,2026-03-29T02:11:28.016022Z,7416.772138,7,0.99925,1.0007505629220814,0.020014009806873713,-0.01,70.0,1.0007505629220814,62.8218776225015,0,0,0,0,,
XTZ,2026-03-29T00:11:34.869Z,2026-03-29T00:11:34.869458Z,2026-03-29T02:11:34.869458Z,7409.918702,7,0.34295,14.579384749963564,3.485023041474654,-0.885,62.41379310344828,14.579384749963564,60.220264676843115,7,4,3,0,0.4286,False
2Z,2026-03-29T00:17:07.876Z,2026-03-29T00:17:07.876706Z,2026-03-29T02:17:07.876706Z,7677.794825,7,0.068745,7.2732562368164215,3.6978869217590074,-0.483,45.172413793103445,7.2732562368164215,67.99517653018108,1,1,0,0,1.0,True
AIXBT,2026-03-29T00:17:14.992Z,2026-03-29T00:17:14.992175Z,2026-03-29T02:17:14.992175Z,7670.679356,7,0.0236,84.7457627118639,8.403361344537807,0.0,46.206896551724135,84.7457627118639,63.82130394217571,1,1,0,0,1.0,False
ALLO,2026-03-29T00:17:19.671Z,2026-03-29T00:17:19.671430Z,2026-03-29T02:17:19.671430Z,7666.000101,7,0.10635,9.402914903619086,3.9010466222645026,-1.867,49.310344827586206,9.402914903619086,62.10137599777215,43,1,40,2,-0.3721,False
AR,2026-03-29T00:17:26.570Z,2026-03-29T00:17:26.570942Z,2026-03-29T02:17:26.570942Z,7659.100589,7,1.705,58.65102639296193,4.117647058823533,0.592,51.03448275862069,58.65102639296193,63.014807876827454,1,1,0,0,1.0,False
CAKE,2026-03-29T00:17:33.136Z,2026-03-29T00:17:33.136830Z,2026-03-29T02:17:33.136830Z,7652.534701,7,1.3755,7.270083605960668,2.538071065989842,1.397,57.241379310344826,7.270083605960668,66.67999188577458,20,7,11,2,0.75,False
COTI,2026-03-29T00:17:40.465Z,2026-03-29T00:17:40.465261Z,2026-03-29T02:17:40.465261Z,7645.20627,7,0.012645,23.724792408065465,7.898894154818333,3.686,46.55172413793103,23.724792408065465,71.13821361314416,1,0,1,0,1.0,False
EPIC,2026-03-29T00:17:47.202Z,2026-03-29T00:17:47.203161Z,2026-03-29T02:17:47.203161Z,7638.46837,7,0.2455,40.733197556008186,4.400000000000004,-1.186,53.44827586206897,40.733197556008186,65.37249855804228,1,1,0,0,1.0,False
EURI,2026-03-29T00:17:51.878Z,2026-03-29T00:17:51.878428Z,2026-03-29T02:17:51.878428Z,7633.793103,7,1.14975,0.8697542944117328,0.5914072012523846,-0.035,55.86206896551724,0.8697542944117328,68.08833415385972,0,0,0,0,,
IDEX,2026-03-29T00:18:07.875Z,2026-03-29T00:18:07.876007Z,2026-03-29T02:18:07.876007Z,7617.795524,7,0.0036249999999999998,248.2758620689662,43.28358208955222,8.065,56.55172413793103,248.2758620689662,52.811578897275425,1,0,0,1,1.0,False
LINEA,2026-03-29T00:18:31.222Z,2026-03-29T00:18:31.222398Z,2026-03-29T02:18:31.222398Z,7594.449133,7,0.0029249999999999996,34.18803418803429,5.067567567567581,1.024,51.37931034482759,34.18803418803429,65.44140325145297,1,0,0,1,-1.0,False
MMT,2026-03-29T00:18:36.376Z,2026-03-29T00:18:36.376811Z,2026-03-29T02:18:36.376811Z,7589.29472,7,0.10644999999999999,9.394081728511308,3.831775700934586,-2.194,54.13793103448276,9.394081728511308,51.43954817952045,1,1,0,0,1.0,False
MORPHO,2026-03-29T00:18:42.903Z,2026-03-29T00:18:42.903325Z,2026-03-29T02:18:42.903325Z,7582.768206,7,1.4945,6.69120107059292,4.621567314132615,0.269,57.58620689655172,6.69120107059292,53.55487573691501,3,2,1,0,0.6667,False
PEOPLE,2026-03-29T00:19:05.926Z,2026-03-29T00:19:05.926466Z,2026-03-29T02:19:05.926466Z,7559.745065,7,0.006395,15.637216575450289,4.018547140649147,-1.221,48.275862068965516,15.637216575450289,66.72034575589973,1,1,0,0,1.0,False
SHELL,2026-03-29T00:19:55.542Z,2026-03-29T00:19:55.543041Z,2026-03-29T02:19:55.543041Z,7510.12849,7,0.02735,36.56307129798881,2.9197080291970754,-0.364,52.41379310344828,36.56307129798881,66.89982809364437,0,0,0,0,,
SPK,2026-03-29T00:20:00.490Z,2026-03-29T00:20:00.491105Z,2026-03-29T02:20:00.491105Z,7505.180426,7,0.020236999999999998,12.847754113752888,2.6652821045344472,-1.534,45.86206896551724,12.847754113752888,57.06943748171384,63,24,38,1,0.2381,False
STEEM,2026-03-29T00:20:06.357Z,2026-03-29T00:20:06.357587Z,2026-03-29T02:20:06.357587Z,7499.313944,7,0.06074,75.73263088574285,8.791208791208783,2.138,53.10344827586207,75.73263088574285,50.69695657410857,0,0,0,0,,
TST,2026-03-29T00:20:21.638Z,2026-03-29T00:20:21.638518Z,2026-03-29T02:20:21.638518Z,7484.033013,7,0.008255,12.113870381586421,5.326876513317205,0.487,52.758620689655174,12.113870381586421,54.202677476231415,0,0,0,0,,
VET,2026-03-29T00:20:34.594Z,2026-03-29T00:20:34.595174Z,2026-03-29T02:20:34.595174Z,7471.076357,7,0.0066665,7.500187504687312,4.149933065595713,0.946,45.51724137931034,7.500187504687312,67.40620102033176,6,3,1,2,0.6667,False
W,2026-03-29T00:20:41.160Z,2026-03-29T00:20:41.160974Z,2026-03-29T02:20:41.160974Z,7464.510557,7,0.01485,67.34006734006692,4.026845637583891,-0.667,47.93103448275862,67.34006734006692,44.53755679573054,12,4,7,1,-0.25,False
ZEN,2026-03-29T00:20:48.982Z,2026-03-29T00:20:48.982415Z,2026-03-29T02:20:48.982415Z,7456.689116,7,5.1725,5.799903334944637,4.707012487992317,1.324,54.48275862068966,5.799903334944637,57.66164898350836,0,0,0,0,,
BANANA,2026-03-29T00:26:48.888Z,2026-03-29T00:26:48.888327Z,2026-03-29T02:26:48.888327Z,7696.925534,7,3.2649999999999997,30.627871362940983,3.658536585365857,0.0,36.89655172413793,30.627871362940983,68.61218914660105,1,0,1,0,1.0,False
DOLO,2026-03-29T00:27:04.819Z,2026-03-29T00:27:04.819792Z,2026-03-29T02:27:04.819792Z,7680.994069,7,0.030324999999999998,49.464138499588074,4.363636363636358,0.733,41.724137931034484,49.464138499588074,45.27394752718523,0,0,0,0,,
GPS,2026-03-29T00:27:34.518Z,2026-03-29T00:27:34.518178Z,2026-03-29T02:27:34.518178Z,7651.295683,7,0.0077350000000000006,12.928248222366463,3.636363636363646,-2.778,33.793103448275865,12.928248222366463,59.86774175638827,0,0,0,0,,
MET,2026-03-29T00:28:16.192Z,2026-03-29T00:28:16.192275Z,2026-03-29T02:28:16.192275Z,7609.621586,7,0.1401,28.55103497501866,7.323943661971827,-6.64,40.689655172413794,28.55103497501866,39.02932709962513,0,0,0,0,,
NEIRO,2026-03-29T00:28:34.798Z,2026-03-29T00:28:34.798492Z,2026-03-29T02:28:34.798492Z,7591.015369,7,5.536e-05,14.450867052022984,4.843049327354269,-0.197,44.827586206896555,14.450867052022984,67.34691772772746,1,0,0,1,-1.0,False
NEWT,2026-03-29T00:28:39.727Z,2026-03-29T00:28:39.728132Z,2026-03-29T02:28:39.728132Z,7586.085729,7,0.06975,43.01075268817328,6.8917018284106915,-3.134,43.44827586206897,43.01075268817328,65.82222083171766,0,0,0,0,,
TRB,2026-03-29T00:29:28.958Z,2026-03-29T00:29:28.958629Z,2026-03-29T02:29:28.958629Z,7536.855232,7,14.89,13.43183344526499,3.2688458972648444,-0.2,39.310344827586206,13.43183344526499,38.68796461479081,3,2,1,0,0.3333,False
XVG,2026-03-29T00:29:41.789Z,2026-03-29T00:29:41.789804Z,2026-03-29T02:29:41.789804Z,7524.024057,7,0.004479500000000001,29.021096104475923,2.8033191298497444,-1.589,41.03448275862069,29.021096104475923,45.708996524173756,69,21,39,9,-0.0435,False
ZK,2026-03-29T00:30:07.699Z,2026-03-29T00:30:07.699561Z,2026-03-29T02:30:07.699561Z,7498.1143,7,0.017215,5.808887598024741,3.5465116279069737,-0.521,41.37931034482759,5.808887598024741,63.059204280373606,8,1,5,2,-0.375,False
AUCTION,2026-03-29T00:36:15.333Z,2026-03-29T00:36:15.333755Z,2026-03-29T02:36:15.333755Z,7729.672664,7,4.445,22.49718785151808,3.595505617977531,0.907,21.724137931034484,22.49718785151808,64.79407574739459,0,0,0,0,,
COW,2026-03-29T00:37:02.873Z,2026-03-29T00:37:02.873386Z,2026-03-29T02:37:02.873386Z,7682.133033,7,0.19755,15.186028853454554,5.611729019211324,2.169,27.586206896551722,15.186028853454554,56.18066880864387,2,2,0,0,1.0,False
ERA,2026-03-29T00:37:25.974Z,2026-03-29T00:37:25.974720Z,2026-03-29T02:37:25.974720Z,7659.031699,7,0.1255,15.936254980077926,3.1645569620253076,1.608,30.0,15.936254980077926,64.68820551611361,0,0,0,0,,
NXPC,2026-03-29T00:38:35.072Z,2026-03-29T00:38:35.073012Z,2026-03-29T02:38:35.073012Z,7589.933407,7,0.272,29.41176470588115,1.5053763440860346,0.36,21.03448275862069,29.41176470588115,71.67286387711441,0,0,0,0,,
SXT,2026-03-29T00:38:52.131Z,2026-03-29T00:38:52.131664Z,2026-03-29T02:38:52.131664Z,7572.874755,7,0.01545,64.72491909385073,7.69230769230769,-6.587,22.75862068965517,64.72491909385073,32.27727988882629,0,0,0,0,,
WAL,2026-03-29T00:39:15.294Z,2026-03-29T00:39:15.295090Z,2026-03-29T02:39:15.295090Z,7549.711329,7,0.06845000000000001,14.609203798393404,3.5663338088445116,0.574,28.275862068965516,14.609203798393404,46.637252144895456,1,0,1,0,1.0,True
1000CAT,2026-03-29T00:45:00.966Z,2026-03-29T00:45:00.966377Z,2026-03-29T02:45:00.966377Z,7204.040042,7,0.001605,62.30529595015592,6.250000000000003,3.226,11.03448275862069,62.30529595015592,55.93293495658086,65,13,49,3,0.0615,False
1MBABYDOGE,2026-03-29T00:45:17.689Z,2026-03-29T00:45:17.689647Z,2026-03-29T02:45:17.689647Z,7787.153296,7,0.0003885,25.740025740026365,3.9426523297491025,2.844,12.068965517241379,25.740025740026365,70.37507027128517,1,1,0,0,1.0,True
MAGIC,2026-03-29T00:46:45.060Z,2026-03-29T00:46:45.060780Z,2026-03-29T02:46:45.060780Z,7699.782163,7,0.05745,52.21932114882535,2.753872633390701,1.396,6.551724137931035,52.21932114882535,53.586793233304356,75,14,50,11,0.2933,False
ME,2026-03-29T00:47:10.602Z,2026-03-29T00:47:10.603124Z,2026-03-29T02:47:10.603124Z,7674.239819,7,0.09964999999999999,10.035122930256183,2.0263424518743687,0.612,4.137931034482759,10.035122930256183,52.44738500580314,5,2,1,2,0.2,False
T,2026-03-29T00:48:01.309Z,2026-03-29T00:48:01.309383Z,2026-03-29T02:48:01.309383Z,7623.53356,7,0.006045,49.62779156327628,2.4630541871921174,0.828,8.275862068965518,49.62779156327628,53.593886579361666,0,0,0,0,,
1INCH,2026-03-29T00:54:23.169Z,2026-03-29T00:54:23.169801Z,2026-03-29T02:54:23.169801Z,7241.673142,7,0.08735,34.3445907269599,2.7210884353741487,1.496,2.7586206896551726,34.3445907269599,53.0609334309207,3,1,1,1,1.0,True
AAVE,2026-03-29T00:54:29.922Z,2026-03-29T00:54:29.922894Z,2026-03-29T02:54:29.922894Z,7234.920049,7,97.245,3.0849915162734467,2.419024190241902,-0.51,90.34482758620689,3.0849915162734467,64.70429730874358,3,3,0,0,1.0,False
ADA,2026-03-29T00:54:36.311Z,2026-03-29T00:54:36.311589Z,2026-03-29T02:54:36.311589Z,7228.531354,7,0.24615,4.062563477553889,3.5455278001611723,1.059,94.82758620689656,4.062563477553889,62.83519637402915,40,18,17,5,0.25,False
AVAX,2026-03-29T00:54:42.288Z,2026-03-29T00:54:42.288432Z,2026-03-29T02:54:42.288432Z,7222.554511,7,8.774999999999999,11.396011396011154,3.28054298642535,0.913,90.6896551724138,11.396011396011154,67.9159427271812,13,8,4,1,0.6154,False
BCH,2026-03-29T00:54:48.587Z,2026-03-29T00:54:48.587973Z,2026-03-29T02:54:48.587973Z,7216.25497,7,483.75,2.06718346253277,2.796188898094449,2.418,95.86206896551724,2.06718346253277,71.23748428569621,8,2,5,1,0.5,False
BIGTIME,2026-03-29T00:55:01.401Z,2026-03-29T00:55:01.401390Z,2026-03-29T02:55:01.401390Z,7203.441553,7,0.011975,8.350730688934942,2.9727497935590357,0.331,3.4482758620689653,8.350730688934942,61.96850740376803,69,24,37,8,0.2174,False
BNB,2026-03-29T00:55:15.072Z,2026-03-29T00:55:15.072853Z,2026-03-29T02:55:15.072853Z,7789.858345,7,613.415,0.16302177155744327,1.4775922885612442,0.77,96.89655172413794,0.16302177155744327,59.463204870688394,27,13,6,8,0.1852,False
BTC,2026-03-29T00:55:20.449Z,2026-03-29T00:55:20.449943Z,2026-03-29T02:55:20.449943Z,7784.481255,7,66770.67499999999,0.001497663457013324,2.0396901160999823,1.051,100.0,0.001497663457013324,62.174071395221766,35,12,16,7,0.2857,False
NOM,2026-03-29T00:56:43.283Z,2026-03-29T00:56:43.283740Z,2026-03-29T02:56:43.283740Z,7701.647458,7,0.0027749999999999997,36.03603603603614,47.13375796178344,69.73,92.41379310344827,36.03603603603614,78.72896114025293,16,10,5,1,0.875,False
PEPE,2026-03-29T00:56:49.922Z,2026-03-29T00:56:49.922841Z,2026-03-29T02:56:49.922841Z,7695.008357,7,3.305e-06,30.257186081694112,4.531722054380672,1.223,96.20689655172414,30.257186081694112,67.40665437424227,20,18,1,1,0.4,False
BANANAS31,2026-03-29T01:03:22.953Z,2026-03-29T01:03:22.953308Z,2026-03-29T03:03:22.953308Z,7301.97789,7,0.0133775,8.222762100542397,8.820614469772051,1.352,86.89655172413794,8.222762100542397,71.24311414908175,0,0,0,0,,
ONT,2026-03-29T01:03:49.561Z,2026-03-29T01:03:49.561482Z,2026-03-29T03:03:49.561482Z,7275.369716,7,0.060995,40.98696614476601,38.093667546174146,23.002,89.65517241379311,40.98696614476601,71.77836302413634,6,5,0,1,0.5,False
WIF,2026-03-29T01:03:57.306Z,2026-03-29T01:03:57.306305Z,2026-03-29T03:03:57.306305Z,7267.624893,7,0.1745,57.30659025787971,6.896551724137921,0.578,86.55172413793103,57.30659025787971,64.973033738207,7,4,2,1,0.4286,False
WLFI,2026-03-29T01:04:02.981Z,2026-03-29T01:04:02.981715Z,2026-03-29T03:04:02.981715Z,7261.949483,7,0.09734999999999999,10.272213662044466,4.62962962962962,0.725,88.62068965517241,10.272213662044466,60.85537017637688,1,0,1,0,1.0,False
BARD,2026-03-29T01:09:59.450Z,2026-03-29T01:09:59.450638Z,2026-03-29T03:09:59.450638Z,7506.421041,7,0.3621,5.523336095002306,10.011154489682095,-2.581,76.89655172413794,5.523336095002306,64.25066563914993,2,0,1,1,-1.0,False
EIGEN,2026-03-29T01:10:25.247Z,2026-03-29T01:10:25.247577Z,2026-03-29T03:10:25.247577Z,7480.624102,7,0.1705,58.65102639296193,4.705882352941164,-2.299,73.10344827586206,58.65102639296193,58.38913725353671,0,0,0,0,,
HEMI,2026-03-29T01:10:43.288Z,2026-03-29T01:10:43.288852Z,2026-03-29T03:10:43.288852Z,7462.582827,7,0.00638,31.34796238244522,19.836065573770494,10.909,79.65517241379311,31.34796238244522,80.46349498007496,0,0,0,0,,
KMNO,2026-03-29T01:11:13.101Z,2026-03-29T01:11:13.101284Z,2026-03-29T03:11:13.101284Z,7432.770395,7,0.01721,11.621150493898423,8.631826189078112,-0.7,72.75862068965517,11.621150493898423,60.96484348142677,6,2,4,0,0.8333,False
PAXG,2026-03-29T01:11:23.247Z,2026-03-29T01:11:23.247580Z,2026-03-29T03:11:23.247580Z,7422.624099,7,4495.405,0.02224493677481401,0.46684281698161745,-0.095,74.13793103448276,0.02224493677481401,70.50607218610952,5,3,1,1,0.4,False
TRUMP,2026-03-29T01:12:15.264Z,2026-03-29T01:12:15.265203Z,2026-03-29T03:12:15.265203Z,7370.606476,7,2.9405,3.4007821799010025,4.048996257230358,-1.508,85.51724137931035,3.4007821799010025,56.36909924177489,10,3,7,0,-0.2,False
XPL,2026-03-29T01:12:40.491Z,2026-03-29T01:12:40.491351Z,2026-03-29T03:12:40.491351Z,7345.380328,7,0.08915000000000001,11.217049915872447,5.961754780652417,0.794,86.20689655172414,11.217049915872447,60.038095659766626,22,3,18,1,0.6364,False
AVNT,2026-03-29T01:18:35.048Z,2026-03-29T01:18:35.048916Z,2026-03-29T03:18:35.048916Z,7590.573034,7,0.133,15.037593984962836,4.876219054763696,-0.075,63.10344827586207,15.037593984962836,49.77498995676672,0,0,0,0,,
BONK,2026-03-29T01:18:52.981Z,2026-03-29T01:18:52.981386Z,2026-03-29T03:18:52.981386Z,7572.640564,7,5.755e-06,17.376194613379504,5.7692307692307585,0.0,72.06896551724138,17.376194613379504,60.84619715545647,7,6,0,1,1.0,False
CFX,2026-03-29T01:19:05.246Z,2026-03-29T01:19:05.247176Z,2026-03-29T03:19:05.247176Z,7560.374774,7,0.056944999999999996,5.26824128545005,4.262877442273534,-1.228,71.37931034482759,5.26824128545005,59.81495923973789,2,2,0,0,1.0,False
FLUX,2026-03-29T01:19:42.623Z,2026-03-29T01:19:42.624202Z,2026-03-29T03:19:42.624202Z,7522.997748,7,0.04895,20.42900919305472,11.61825726141079,-1.23,67.93103448275862,20.42900919305472,65.78102999759557,4,4,0,0,1.0,False
GIGGLE,2026-03-29T01:19:52.881Z,2026-03-29T01:19:52.882132Z,2026-03-29T03:19:52.882132Z,7512.739818,7,22.915,13.091861226271499,9.337483325922639,-7.563,70.34482758620689,13.091861226271499,62.8675549981849,0,0,0,0,,
JUP,2026-03-29T01:20:07.536Z,2026-03-29T01:20:07.536917Z,2026-03-29T03:20:07.536917Z,7498.085033,7,0.14505,6.894174422614046,4.592901878914402,0.842,58.96551724137931,6.894174422614046,53.60146899680035,70,14,50,6,0.5143,False
KERNEL,2026-03-29T01:20:16.287Z,2026-03-29T01:20:16.287528Z,2026-03-29T03:20:16.287528Z,7489.334422,7,0.07925,12.618296529967065,5.461638491547476,-1.157,62.06896551724138,12.618296529967065,61.18332190533692,0,0,0,0,,
NEO,2026-03-29T01:20:30.775Z,2026-03-29T01:20:30.775625Z,2026-03-29T03:20:30.775625Z,7474.846325,7,2.5780000000000003,7.757951900699083,3.900156006240253,-0.156,60.3448275862069,7.757951900699083,59.20606756756105,4,3,0,1,1.0,False
S,2026-03-29T01:21:06.372Z,2026-03-29T01:21:06.372365Z,2026-03-29T03:21:06.372365Z,7439.249585,7,0.041175,12.14329083181577,6.271268838113755,2.517,61.37931034482759,12.14329083181577,66.48063225240887,0,0,0,0,,
SAND,2026-03-29T01:21:15.120Z,2026-03-29T01:21:15.121347Z,2026-03-29T03:21:15.121347Z,7430.500603,7,0.07375000000000001,13.559322033898692,5.054644808743163,0.412,59.6551724137931,13.559322033898692,66.55234693843198,64,20,42,2,0.3906,False
SIGN,2026-03-29T01:21:20.584Z,2026-03-29T01:21:20.584930Z,2026-03-29T03:21:20.584930Z,7425.03702,7,0.03241,12.341869793273178,18.18470326880355,-2.747,64.82758620689656,12.341869793273178,53.316449423256586,34,12,22,0,0.6471,False
SKY,2026-03-29T01:21:27.659Z,2026-03-29T01:21:27.659944Z,2026-03-29T03:21:27.659944Z,7417.962006,7,0.070155,4.276245456489523,2.233603642054349,0.386,65.17241379310344,4.276245456489523,58.64351396208098,71,11,56,4,0.2394,False
TURBO,2026-03-29T01:22:05.723Z,2026-03-29T01:22:05.723427Z,2026-03-29T03:22:05.723427Z,7379.898523,7,0.0010295,9.713453132589924,13.560975609756099,2.193,64.48275862068965,9.713453132589924,65.72845356454502,4,4,0,0,1.0,False
CKB,2026-03-29T01:28:12.942Z,2026-03-29T01:28:12.943144Z,2026-03-29T03:28:12.943144Z,7612.376926,7,0.0013635,22.002200220021745,6.0825488776249,1.321,53.44827586206897,22.002200220021745,55.35969705822402,5,5,0,0,1.0,False
FLOKI,2026-03-29T01:28:34.952Z,2026-03-29T01:28:34.952512Z,2026-03-29T03:28:34.952512Z,7590.367558,7,2.7615e-05,3.621220351257726,4.865649963689181,-0.109,51.724137931034484,3.621220351257726,62.29142174219946,8,8,0,0,0.875,False
IMX,2026-03-29T01:28:45.106Z,2026-03-29T01:28:45.106856Z,2026-03-29T03:28:45.106856Z,7580.213214,7,0.14550000000000002,13.745704467354344,5.299380591878861,0.903,58.275862068965516,13.745704467354344,69.46783159633193,13,6,5,2,0.6923,False
IO,2026-03-29T01:28:52.576Z,2026-03-29T01:28:52.576670Z,2026-03-29T03:28:52.576670Z,7572.7434,7,0.1055,94.78672985781999,5.7692307692307745,-2.804,51.37931034482759,94.78672985781999,53.731817371661265,8,4,2,2,0.75,False
IOTA,2026-03-29T01:28:58.932Z,2026-03-29T01:28:58.933063Z,2026-03-29T03:28:58.933063Z,7566.387007,7,0.05525,18.099547511312736,2.9090909090909043,0.182,56.89655172413793,18.099547511312736,40.438212782403596,4,2,2,0,1.0,False
NIL,2026-03-29T01:29:25.078Z,2026-03-29T01:29:25.078271Z,2026-03-29T03:29:25.078271Z,7540.241799,7,0.03265,91.88361408882133,16.459627329192532,1.258,46.55172413793103,91.88361408882133,70.02584413996105,0,0,0,0,,
OPEN,2026-03-29T01:29:32.373Z,2026-03-29T01:29:32.373455Z,2026-03-29T03:29:32.373455Z,7532.946615,7,0.1647,12.14329083181577,9.338993329290478,1.104,55.86206896551724,12.14329083181577,52.15118246705966,11,4,7,0,0.8182,False
PHA,2026-03-29T01:29:51.376Z,2026-03-29T01:29:51.376328Z,2026-03-29T03:29:51.376328Z,7513.943742,7,0.035250000000000004,28.368794326239975,8.00000000000001,3.245,56.55172413793103,28.368794326239975,69.90649507713285,5,3,1,1,1.0,False
PLUME,2026-03-29T01:29:59.558Z,2026-03-29T01:29:59.558975Z,2026-03-29T03:29:59.558975Z,7505.761095,7,0.010365,9.647853352630321,6.112702960840496,2.047,54.13793103448276,9.647853352630321,69.68326800100336,4,2,2,0,0.5,False
PNUT,2026-03-29T01:30:06.199Z,2026-03-29T01:30:06.199986Z,2026-03-29T03:30:06.199986Z,7499.120084,7,0.038650000000000004,25.873221216040342,3.8961038961038996,-0.259,57.241379310344826,25.873221216040342,62.55241990483538,64,16,40,8,0.1094,False
PYTH,2026-03-29T01:30:14.986Z,2026-03-29T01:30:14.986796Z,2026-03-29T03:30:14.986796Z,7490.333274,7,0.03755,26.63115845539357,5.33333333333332,1.078,55.172413793103445,26.63115845539357,66.44840503705078,4,2,1,1,0.5,False
RAY,2026-03-29T01:30:20.435Z,2026-03-29T01:30:20.435749Z,2026-03-29T03:30:20.435749Z,7484.884321,7,0.5725,17.46724890829696,2.4822695035460822,-0.177,52.41379310344828,17.46724890829696,64.33849516247928,16,4,11,1,0.25,False
ROSE,2026-03-29T01:30:27.633Z,2026-03-29T01:30:27.633797Z,2026-03-29T03:30:27.633797Z,7477.686273,7,0.010415,9.601536245798936,4.995196926032657,0.97,56.206896551724135,9.601536245798936,66.8868628512774,70,13,53,4,0.3143,False
RSR,2026-03-29T01:30:35.736Z,2026-03-29T01:30:35.737278Z,2026-03-29T03:30:35.737278Z,7469.582792,7,0.001539,12.995451591941727,8.031088082901553,-7.156,49.310344827586206,12.995451591941727,55.667829016395416,3,3,0,0,1.0,False
SAGA,2026-03-29T01:30:42.655Z,2026-03-29T01:30:42.655932Z,2026-03-29T03:30:42.655932Z,7462.664138,7,0.02895,34.54231433506144,5.2631578947368345,-0.35,50.0,34.54231433506144,63.51605392876594,2,2,0,0,1.0,False
SAHARA,2026-03-29T01:30:50.135Z,2026-03-29T01:30:50.135498Z,2026-03-29T03:30:50.135498Z,7455.184572,7,0.02491,16.057808109193832,12.116316639741514,1.061,49.6551724137931,16.057808109193832,64.19775904882059,4,1,3,0,1.0,False
TOWNS,2026-03-29T01:31:20.783Z,2026-03-29T01:31:20.784197Z,2026-03-29T03:31:20.784197Z,7424.535873,7,0.00346,57.80346820809264,9.734513274336285,-8.625,47.58620689655172,57.80346820809264,52.67521053810681,0,0,0,0,,
TUT,2026-03-29T01:31:31.456Z,2026-03-29T01:31:31.456709Z,2026-03-29T03:31:31.456709Z,7413.863361,7,0.00877,22.8050171037619,6.628571428571435,2.7,50.3448275862069,22.8050171037619,55.67045027970506,0,0,0,0,,
ACH,2026-03-29T01:37:37.015Z,2026-03-29T01:37:37.015323Z,2026-03-29T03:37:37.015323Z,7649.430113,7,0.0063750000000000005,15.68627450980464,2.547770700636949,-0.946,32.41379310344828,15.68627450980464,42.223914820180994,4,2,2,0,1.0,False
ALT,2026-03-29T01:37:44.855Z,2026-03-29T01:37:44.856138Z,2026-03-29T03:37:44.856138Z,7641.589298,7,0.0062450000000000006,16.012810248199294,4.038772213247176,-2.52,34.827586206896555,16.012810248199294,34.81734663997748,6,4,1,1,0.8333,False
BABY,2026-03-29T01:37:51.692Z,2026-03-29T01:37:51.692963Z,2026-03-29T03:37:51.692963Z,7634.752473,7,0.013015,7.6834421820972665,7.548638132295722,1.341,37.93103448275862,7.6834421820972665,67.00686159187306,1,1,0,0,0.0,False
BOME,2026-03-29T01:38:05.841Z,2026-03-29T01:38:05.841896Z,2026-03-29T03:38:05.841896Z,7620.60354,7,0.0003795,26.350461133070468,4.787234042553193,-2.083,41.03448275862069,26.350461133070468,60.58594279694698,4,3,0,1,0.75,False
BROCCOLI714,2026-03-29T01:38:20.172Z,2026-03-29T01:38:20.172319Z,2026-03-29T03:38:20.172319Z,7606.273117,7,0.012015,8.322929671243939,4.405652535328339,1.348,38.275862068965516,8.322929671243939,54.07378273896317,0,0,0,0,,
ENS,2026-03-29T01:38:33.115Z,2026-03-29T01:38:33.115461Z,2026-03-29T03:38:33.115461Z,7593.329975,7,5.635,17.746228926352774,3.3868092691622014,0.0,34.48275862068966,17.746228926352774,61.00655974993582,4,3,1,0,1.0,False
ETC,2026-03-29T01:38:40.858Z,2026-03-29T01:38:40.858828Z,2026-03-29T03:38:40.858828Z,7585.586608,7,8.065000000000001,12.399256044637054,3.3707865168539275,-0.743,41.37931034482759,12.399256044637054,60.85690814248608,3,2,1,0,1.0,False
EUL,2026-03-29T01:38:48.623Z,2026-03-29T01:38:48.623513Z,2026-03-29T03:38:48.623513Z,7577.821923,7,0.7525,13.289036544850513,6.929347826086962,-5.52,42.06896551724138,13.289036544850513,56.58023011985656,0,0,0,0,,
GRT,2026-03-29T01:39:07.205Z,2026-03-29T01:39:07.205425Z,2026-03-29T03:39:07.205425Z,7559.240011,7,0.02373,8.428150021070032,3.6786469344608994,0.042,38.96551724137931,8.428150021070032,60.25619865336056,3,3,0,0,1.0,False
HOME,2026-03-29T01:39:12.324Z,2026-03-29T01:39:12.325076Z,2026-03-29T03:39:12.325076Z,7554.12036,7,0.01948,20.533880903489923,6.108829568788502,-1.016,34.13793103448276,20.533880903489923,49.4953876644515,0,0,0,0,,
INIT,2026-03-29T01:39:18.256Z,2026-03-29T01:39:18.256628Z,2026-03-29T03:39:18.256628Z,7548.188808,7,0.08024999999999999,12.461059190031511,5.934343434343429,3.394,43.44827586206897,12.461059190031511,61.356246626165785,0,0,0,0,,
MEME,2026-03-29T01:39:38.002Z,2026-03-29T01:39:38.002921Z,2026-03-29T03:39:38.002921Z,7528.442515,7,0.0005105,19.588638589616373,6.201550387596903,-1.714,38.62068965517241,19.588638589616373,66.17410042458314,30,19,10,1,0.8333,False
MINA,2026-03-29T01:39:49.125Z,2026-03-29T01:39:49.125634Z,2026-03-29T03:39:49.125634Z,7517.319802,7,0.0533,37.52345215759957,3.383458646616534,0.188,33.793103448275865,37.52345215759957,50.47718788234562,4,2,2,0,1.0,False
MOVE,2026-03-29T01:39:55.099Z,2026-03-29T01:39:55.100138Z,2026-03-29T03:39:55.100138Z,7511.345298,7,0.017750000000000002,56.33802816901374,4.494382022471902,0.565,37.241379310344826,56.33802816901374,49.78029791632432,3,3,0,0,1.0,False
MUBARAK,2026-03-29T01:40:02.893Z,2026-03-29T01:40:02.893687Z,2026-03-29T03:40:02.893687Z,7503.551749,7,0.01111,18.00180018001727,3.7272727272727333,-3.593,37.58620689655172,18.00180018001727,58.16412343067341,1,1,0,0,1.0,False
ORCA,2026-03-29T01:40:15.094Z,2026-03-29T01:40:15.094336Z,2026-03-29T03:40:15.094336Z,7491.3511,7,0.8505,11.757789535567325,4.1567695961995295,-0.941,44.827586206896555,11.757789535567325,59.709073538957796,12,9,2,1,0.5833,False
ORDI,2026-03-29T01:40:22.122Z,2026-03-29T01:40:22.122668Z,2026-03-29T03:40:22.122668Z,7484.322768,7,2.201,9.086778736936754,4.945054945054949,0.878,33.44827586206897,9.086778736936754,50.30742906086845,13,9,4,0,0.9231,False
QNT,2026-03-29T01:40:30.403Z,2026-03-29T01:40:30.403216Z,2026-03-29T03:40:30.403216Z,7476.04222,7,70.49000000000001,14.186409419777062,2.688860435339309,-0.678,42.41379310344828,14.186409419777062,59.36807039508897,64,15,46,3,0.5625,False
QTUM,2026-03-29T01:40:37.300Z,2026-03-29T01:40:37.300980Z,2026-03-29T03:40:37.300980Z,7469.144456,7,0.816,49.0196078431373,4.920049200491996,-0.123,33.10344827586207,49.0196078431373,45.776267014308964,0,0,0,0,,
REZ,2026-03-29T01:40:45.283Z,2026-03-29T01:40:45.283409Z,2026-03-29T03:40:45.283409Z,7461.162027,7,0.003255,30.72196620583725,5.521472392638039,-1.511,35.172413793103445,30.72196620583725,45.2914689438911,63,7,52,4,0.1111,False
STX,2026-03-29T01:40:52.827Z,2026-03-29T01:40:52.828101Z,2026-03-29T03:40:52.828101Z,7453.617335,7,0.22060000000000002,9.066183136899625,3.7795992714025513,-2.4,36.55172413793103,9.066183136899625,59.6518564701928,68,23,33,12,0.1324,False
THETA,2026-03-29T01:41:00.656Z,2026-03-29T01:41:00.656674Z,2026-03-29T03:41:00.656674Z,7445.788762,7,0.1525,65.57377049180334,3.921568627450984,0.658,36.89655172413793,65.57377049180334,43.27092381182645,2,1,0,1,1.0,False
TREE,2026-03-29T01:41:12.146Z,2026-03-29T01:41:12.146615Z,2026-03-29T03:41:12.146615Z,7434.298821,7,0.05985,16.708437761069817,4.500000000000002,0.84,31.379310344827587,16.708437761069817,68.44041821715543,0,0,0,0,,
YB,2026-03-29T01:41:28.901Z,2026-03-29T01:41:28.901387Z,2026-03-29T03:41:28.901387Z,7417.544049,7,0.10385,28.887818969667283,10.038610038610045,-8.319,31.724137931034484,28.887818969667283,58.04843102422921,0,0,0,0,,
ZKC,2026-03-29T01:41:45.722Z,2026-03-29T01:41:45.722421Z,2026-03-29T03:41:45.722421Z,7400.723015,7,0.06875,14.54545454545496,3.160919540229876,-0.429,39.6551724137931,14.54545454545496,60.40389417505715,4,4,0,0,0.0,True
A,2026-03-29T01:47:21.510Z,2026-03-29T01:47:21.510354Z,2026-03-29T03:47:21.510354Z,7664.2606,7,0.07450000000000001,53.6912751677849,3.7889039242219176,0.408,23.79310344827586,53.6912751677849,59.67268609139124,0,0,0,0,,
ACT,2026-03-29T01:47:28.628Z,2026-03-29T01:47:28.628780Z,2026-03-29T03:47:28.628780Z,7657.142174,7,0.01205,82.98755186721941,5.882352941176464,-2.459,25.17241379310345,82.98755186721941,52.31949682659768,3,3,0,0,1.0,False
ACX,2026-03-29T01:47:33.410Z,2026-03-29T01:47:33.410805Z,2026-03-29T03:47:33.410805Z,7652.360149,7,0.04335,23.06805074971231,2.594339622641502,-0.703,24.482758620689655,23.06805074971231,64.67381316510843,65,15,44,6,-0.1385,False
AEVO,2026-03-29T01:47:40.661Z,2026-03-29T01:47:40.661483Z,2026-03-29T03:47:40.661483Z,7645.109471,7,0.022449999999999998,44.54342984409773,5.82959641255605,-5.508,23.448275862068964,44.54342984409773,50.17231601309674,4,1,1,2,0.0,False
ANIME,2026-03-29T01:47:46.313Z,2026-03-29T01:47:46.313234Z,2026-03-29T03:47:46.313234Z,7639.45772,7,0.004555,21.95389681668407,4.212860310421288,-0.879,19.655172413793103,21.95389681668407,57.66906589805839,0,0,0,0,,
AT,2026-03-29T01:47:53.064Z,2026-03-29T01:47:53.064669Z,2026-03-29T03:47:53.064669Z,7632.706285,7,0.1407,56.85856432125055,3.920171062009982,-0.848,21.379310344827587,56.85856432125055,57.78050103996343,3,3,0,0,0.3333,False
BANK,2026-03-29T01:48:05.977Z,2026-03-29T01:48:05.977970Z,2026-03-29T03:48:05.977970Z,7619.792984,7,0.04125,24.242424242424935,6.4903846153846185,0.483,23.103448275862068,24.242424242424935,54.13351845948891,0,0,0,0,,
BB,2026-03-29T01:48:12.590Z,2026-03-29T01:48:12.590403Z,2026-03-29T03:48:12.590403Z,7613.180551,7,0.02345,42.643923240937916,4.700854700854702,1.739,24.82758620689655,42.643923240937916,64.70880076902722,1,1,0,0,1.0,False
BEAMX,2026-03-29T01:48:19.878Z,2026-03-29T01:48:19.878897Z,2026-03-29T03:48:19.878897Z,7605.892057,7,0.001621,12.338062924121212,4.593420235878341,-2.482,19.310344827586206,12.338062924121212,34.528018697218535,0,0,0,0,,
CATI,2026-03-29T01:48:26.804Z,2026-03-29T01:48:26.805209Z,2026-03-29T03:48:26.805209Z,7598.965745,7,0.05185,135.00482160077266,8.431372549019606,4.508,24.137931034482758,135.00482160077266,47.357867194494055,3,2,1,0,1.0,False
COOKIE,2026-03-29T01:48:34.495Z,2026-03-29T01:48:34.495339Z,2026-03-29T03:48:34.495339Z,7591.275615,7,0.015349999999999999,65.146579804561,2.649006622516563,-1.307,30.0,65.146579804561,56.25055091414736,4,4,0,0,1.0,False
DOGS,2026-03-29T01:48:45.469Z,2026-03-29T01:48:45.469944Z,2026-03-29T03:48:45.469944Z,7580.30101,7,2.615e-05,38.2409177820264,2.3255813953488413,-0.769,27.24137931034483,38.2409177820264,58.54524277726142,2,2,0,0,1.0,False
DYM,2026-03-29T01:48:52.070Z,2026-03-29T01:48:52.070802Z,2026-03-29T03:48:52.070802Z,7573.700152,7,0.025500000000000002,78.4313725490205,18.972332015810274,-2.692,22.75862068965517,78.4313725490205,41.129854199145946,2,1,1,0,1.0,False
EDEN,2026-03-29T01:48:59.372Z,2026-03-29T01:48:59.372794Z,2026-03-29T03:48:59.372794Z,7566.39816,7,0.028450000000000003,35.149384885764285,7.220216606498202,-2.12,21.03448275862069,35.149384885764285,61.664646489515476,0,0,0,0,,
FF,2026-03-29T01:49:10.396Z,2026-03-29T01:49:10.396318Z,2026-03-29T03:49:10.396318Z,7555.374636,7,0.070685,41.0270920280114,2.03619909502262,-0.24,18.96551724137931,41.0270920280114,46.55273490536245,0,0,0,0,,
GMX,2026-03-29T01:49:17.473Z,2026-03-29T01:49:17.473232Z,2026-03-29T03:49:17.473232Z,7548.297722,7,6.24,32.05128205128136,5.296950240770451,-2.656,30.689655172413794,32.05128205128136,42.350029048275395,4,4,0,0,1.0,False
HOLO,2026-03-29T01:49:22.421Z,2026-03-29T01:49:22.421411Z,2026-03-29T03:49:22.421411Z,7543.349543,7,0.05305,18.85014137606086,4.5889101338432114,-0.191,17.93103448275862,18.85014137606086,40.21757636293388,0,0,0,0,,
ILV,2026-03-29T01:49:29.983Z,2026-03-29T01:49:29.983627Z,2026-03-29T03:49:29.983627Z,7535.787327,7,3.385,29.542097488922398,3.529411764705886,1.19,25.862068965517242,29.542097488922398,63.358453990191315,6,5,1,0,1.0,False
JTO,2026-03-29T01:49:35.307Z,2026-03-29T01:49:35.307418Z,2026-03-29T03:49:35.307418Z,7530.463536,7,0.2928,13.661202185790845,4.489795918367344,-2.0,30.344827586206897,13.661202185790845,35.135224045945776,8,5,2,1,0.75,False
KAITO,2026-03-29T01:49:40.168Z,2026-03-29T01:49:40.169124Z,2026-03-29T03:49:40.169124Z,7525.60183,7,0.39095,17.905102954341434,4.049522826928035,1.122,27.586206896551722,17.905102954341434,66.32495376091305,0,0,0,0,,
LISTA,2026-03-29T01:49:46.828Z,2026-03-29T01:49:46.828380Z,2026-03-29T03:49:46.828380Z,7518.942574,7,0.08324999999999999,12.012012012012358,3.052503052503055,-1.563,28.275862068965516,12.012012012012358,58.634722817143604,5,3,1,1,1.0,False
LPT,2026-03-29T01:49:54.600Z,2026-03-29T01:49:54.600466Z,2026-03-29T03:49:54.600466Z,7511.170488,7,2.0655,14.524328249818995,2.9669260700389075,-0.484,20.689655172413794,14.524328249818995,46.336926089025866,3,2,0,1,1.0,False
MIRA,2026-03-29T01:50:01.545Z,2026-03-29T01:50:01.545373Z,2026-03-29T03:50:01.545373Z,7504.225581,7,0.0756,26.455026455027213,3.58565737051792,0.0,22.06896551724138,26.455026455027213,59.493764339968614,0,0,0,0,,
NOT,2026-03-29T01:50:09.319Z,2026-03-29T01:50:09.319994Z,2026-03-29T03:50:09.319994Z,7496.45096,7,0.0003505,28.530670470756757,4.335260115606932,-0.288,27.93103448275862,28.530670470756757,48.712013522396234,5,3,2,0,0.6,False
RED,2026-03-29T01:50:20.785Z,2026-03-29T01:50:20.785497Z,2026-03-29T03:50:20.785497Z,7484.985457,7,0.1079,18.53568118628284,2.801120448179261,-1.833,17.586206896551722,18.53568118628284,61.75744733148207,4,2,2,0,0.0,False
RVN,2026-03-29T01:50:27.602Z,2026-03-29T01:50:27.602789Z,2026-03-29T03:50:27.602789Z,7478.168165,7,0.005745,52.21932114882596,3.6777583187390563,2.883,29.655172413793103,52.21932114882596,43.54887873859495,12,5,7,0,1.0,False
SAPIEN,2026-03-29T01:50:34.684Z,2026-03-29T01:50:34.684640Z,2026-03-29T03:50:34.684640Z,7471.086314,7,0.06655,15.026296018031985,5.287009063444093,-0.451,26.20689655172414,15.026296018031985,60.05940954834226,0,0,0,0,,
SNX,2026-03-29T01:50:41.185Z,2026-03-29T01:50:41.186019Z,2026-03-29T03:50:41.186019Z,7464.584935,7,0.2775,36.036036036036066,4.69314079422381,0.362,28.96551724137931,36.036036036036066,61.37519867408852,4,4,0,0,1.0,False
SYN,2026-03-29T01:50:55.196Z,2026-03-29T01:50:55.196795Z,2026-03-29T03:50:55.196795Z,7450.574159,7,0.04635,64.72491909385148,4.130434782608694,-3.967,26.896551724137932,64.72491909385148,37.45588545361593,0,0,0,0,,
TURTLE,2026-03-29T01:51:00.329Z,2026-03-29T01:51:00.329910Z,2026-03-29T03:51:00.329910Z,7445.441044,7,0.039900000000000005,50.12531328320772,6.345177664974626,0.254,29.310344827586206,50.12531328320772,58.344391138442575,0,0,0,0,,
USUAL,2026-03-29T01:51:05.532Z,2026-03-29T01:51:05.532813Z,2026-03-29T03:51:05.532813Z,7440.238141,7,0.012015,8.322929671243939,4.1107382550335645,-2.054,18.620689655172413,8.322929671243939,61.516802808476655,5,4,1,0,1.0,False
YGG,2026-03-29T01:51:16.361Z,2026-03-29T01:51:16.361860Z,2026-03-29T03:51:16.361860Z,7429.409094,7,0.035015,19.991432243324468,4.480183802412424,-0.201,31.03448275862069,19.991432243324468,52.43947088560061,7,6,0,1,1.0,False
ZBT,2026-03-29T01:51:22.973Z,2026-03-29T01:51:22.973794Z,2026-03-29T03:51:22.973794Z,7422.79716,7,0.07064999999999999,14.154281670205645,9.206798866855532,5.216,22.413793103448278,14.154281670205645,74.71096618310133,0,0,0,0,,
1000CHEEMS,2026-03-29T01:57:06.904Z,2026-03-29T01:57:06.904840Z,2026-03-29T03:57:06.904840Z,7678.458414,7,0.0004235,70.83825265643364,5.811138014527842,-2.133,11.03448275862069,70.83825265643364,57.57889524328121,24,5,19,0,0.0833,False
1000SATS,2026-03-29T01:57:11.721Z,2026-03-29T01:57:11.721554Z,2026-03-29T03:57:11.721554Z,7673.6417,7,1.0515e-05,47.55111745126126,4.606525911708258,-1.232,13.448275862068966,47.55111745126126,59.596389450962825,21,11,9,1,0.5238,False
API3,2026-03-29T01:57:25.310Z,2026-03-29T01:57:25.310667Z,2026-03-29T03:57:25.310667Z,7660.052587,7,0.26855,11.171104077451757,3.0030030030030055,-0.187,5.517241379310345,11.171104077451757,58.2623928114452,0,0,0,0,,
BMT,2026-03-29T01:57:35.784Z,2026-03-29T01:57:35.784728Z,2026-03-29T03:57:35.784728Z,7649.578526,7,0.014125,7.079646017698827,2.7738264580369822,-0.566,6.551724137931035,7.079646017698827,50.03217862728489,0,0,0,0,,
CGPT,2026-03-29T01:57:42.256Z,2026-03-29T01:57:42.256164Z,2026-03-29T03:57:42.256164Z,7643.10709,7,0.01917,20.865936358893254,2.0010531858873004,-1.351,15.172413793103448,20.865936358893254,51.46070996852945,2,2,0,0,1.0,False
COMP,2026-03-29T01:57:49.638Z,2026-03-29T01:57:49.638408Z,2026-03-29T03:57:49.638408Z,7635.724846,7,18.345,16.35322976287879,3.3935413245757933,0.164,12.413793103448276,16.35322976287879,44.093458321841645,10,5,5,0,0.8,False
CVC,2026-03-29T01:57:56.665Z,2026-03-29T01:57:56.665755Z,2026-03-29T03:57:56.665755Z,7628.697499,7,0.02993,33.41129301703956,3.6852589641434257,1.244,12.068965517241379,33.41129301703956,63.5980147480573,72,11,57,4,0.0972,False
CYBER,2026-03-29T01:58:03.272Z,2026-03-29T01:58:03.272612Z,2026-03-29T03:58:03.272612Z,7622.090642,7,0.4865,20.55498458376158,3.9256198347107474,-1.022,14.482758620689655,20.55498458376158,58.60969351271972,0,0,0,0,,
FORM,2026-03-29T01:58:08.785Z,2026-03-29T01:58:08.785375Z,2026-03-29T03:58:08.785375Z,7616.577879,7,0.2505,31.936127744511893,4.129911788291902,-0.08,11.724137931034482,31.936127744511893,58.953880789043446,1,0,1,0,1.0,False
FUN,2026-03-29T01:58:15.619Z,2026-03-29T01:58:15.619546Z,2026-03-29T03:58:15.619546Z,7609.743708,7,0.0012829999999999999,62.353858144972556,9.849086576648132,-4.04,11.379310344827585,62.353858144972556,56.86314607145294,1,1,0,0,1.0,False
GMT,2026-03-29T01:58:22.228Z,2026-03-29T01:58:22.228450Z,2026-03-29T03:58:22.228450Z,7603.134804,7,0.009774999999999999,10.230179028134351,3.703703703703714,-0.205,10.0,10.230179028134351,58.17422536673209,3,3,0,0,1.0,False
HAEDAL,2026-03-29T01:58:28.874Z,2026-03-29T01:58:28.874481Z,2026-03-29T03:58:28.874481Z,7596.488773,7,0.02905,34.423407917383614,4.467353951890031,-0.342,15.862068965517242,34.423407917383614,49.36838813224166,0,0,0,0,,
HIVE,2026-03-29T01:58:36.205Z,2026-03-29T01:58:36.205959Z,2026-03-29T03:58:36.205959Z,7589.157295,7,0.05815,17.1969045571802,3.3101045296167224,0.35,9.310344827586206,17.1969045571802,45.22933622709367,0,0,0,0,,
HMSTR,2026-03-29T01:58:42.734Z,2026-03-29T01:58:42.734640Z,2026-03-29T03:58:42.734640Z,7582.628614,7,0.00013295,7.521624670929103,3.4039334341906216,-2.074,15.517241379310345,7.521624670929103,39.35390149167455,1,1,0,0,1.0,False
KAIA,2026-03-29T01:58:48.459Z,2026-03-29T01:58:48.460250Z,2026-03-29T03:58:48.460250Z,7576.903004,7,0.046299999999999994,43.19654427645762,3.05010893246187,-1.078,14.827586206896552,43.19654427645762,52.75242538549746,5,5,0,0,1.0,False
LA,2026-03-29T01:58:56.080Z,2026-03-29T01:58:56.080830Z,2026-03-29T03:58:56.080830Z,7569.282424,7,0.1764,34.01360544217627,3.5630841121495296,-0.811,13.10344827586207,34.01360544217627,41.6568358227084,1,0,1,0,1.0,False
MANTA,2026-03-29T01:59:14.537Z,2026-03-29T01:59:14.537996Z,2026-03-29T03:59:14.537996Z,7550.825258,7,0.06214,22.52977148374658,2.894995093228668,-1.052,10.344827586206897,22.52977148374658,55.330131319518664,6,5,1,0,1.0,False
MASK,2026-03-29T01:59:21.023Z,2026-03-29T01:59:21.024104Z,2026-03-29T03:59:21.024104Z,7544.33915,7,0.4075,73.6196319018392,4.228855721393025,-0.741,6.206896551724138,73.6196319018392,57.595366397433445,10,9,1,0,1.0,False
MITO,2026-03-29T01:59:34.645Z,2026-03-29T01:59:34.646307Z,2026-03-29T03:59:34.646307Z,7530.716947,7,0.035205,48.288595369976846,4.5274476513865425,-2.564,5.862068965517241,48.288595369976846,54.74998878431808,0,0,0,0,,
OSMO,2026-03-29T01:59:39.563Z,2026-03-29T01:59:39.563804Z,2026-03-29T03:59:39.563804Z,7525.79945,7,0.02985,33.50083752093782,2.0134228187919456,-0.997,13.793103448275861,33.50083752093782,37.43915984015541,5,3,0,2,1.0,False
RARE,2026-03-29T01:59:46.223Z,2026-03-29T01:59:46.224051Z,2026-03-29T03:59:46.224051Z,7519.139203,7,0.01415,70.67137809187359,3.623188405797105,-3.497,4.137931034482759,70.67137809187359,37.94965816456185,1,0,1,0,1.0,False
RPL,2026-03-29T01:59:52.834Z,2026-03-29T01:59:52.834489Z,2026-03-29T03:59:52.834489Z,7512.528765,7,1.585,63.09148264984233,3.2258064516129057,-1.274,16.896551724137932,63.09148264984233,38.320107968579734,4,4,0,0,1.0,False
SKL,2026-03-29T01:59:59.390Z,2026-03-29T01:59:59.390544Z,2026-03-29T03:59:59.390544Z,7505.97271,7,0.0058449999999999995,51.325919589392036,3.852889667250433,-1.211,14.137931034482758,51.325919589392036,53.75205108013806,4,2,2,0,1.0,False
SOLV,2026-03-29T02:00:06.707Z,2026-03-29T02:00:06.707713Z,2026-03-29T04:00:06.707713Z,7498.655541,7,0.003055,32.73322422258459,3.311258278145689,-2.265,16.20689655172414,32.73322422258459,47.86706421300864,1,1,0,0,1.0,False
SOPH,2026-03-29T02:00:14.599Z,2026-03-29T02:00:14.599618Z,2026-03-29T04:00:14.599618Z,7490.763636,7,0.008075,12.383900928792064,3.3540372670807597,-0.862,5.172413793103448,12.383900928792064,64.05056491294191,2,0,0,2,-1.0,False
SUSHI,2026-03-29T02:00:21.841Z,2026-03-29T02:00:21.842001Z,2026-03-29T04:00:21.842001Z,7483.521253,7,0.18965,26.3643553915107,2.33669676048859,-0.843,8.620689655172415,26.3643553915107,42.579319922067924,5,5,0,0,1.0,False
TLM,2026-03-29T02:00:35.546Z,2026-03-29T02:00:35.547213Z,2026-03-29T04:00:35.547213Z,7469.816041,7,0.0016345,18.354236769655436,3.3971587399629355,0.372,8.96551724137931,18.354236769655436,48.4468011898767,0,0,0,0,,
TNSR,2026-03-29T02:00:42.796Z,2026-03-29T02:00:42.796239Z,2026-03-29T04:00:42.796239Z,7462.567015,7,0.03855,25.940337224384656,3.9473684210526354,0.529,17.24137931034483,25.940337224384656,46.35885512434091,3,2,1,0,1.0,False
UMA,2026-03-29T02:00:50.322Z,2026-03-29T02:00:50.322798Z,2026-03-29T04:00:50.322798Z,7455.040456,7,0.401,49.8753117206983,5.837563451776641,0.254,7.931034482758621,49.8753117206983,45.98265420376075,0,0,0,0,,
VANRY,2026-03-29T02:00:57.775Z,2026-03-29T02:00:57.776044Z,2026-03-29T04:00:57.776044Z,7447.58721,7,0.0051389999999999995,7.78361548939417,4.049295774647882,-1.408,12.758620689655173,7.78361548939417,41.54216352003484,8,4,2,2,0.375,False
VELODROME,2026-03-29T02:01:05.689Z,2026-03-29T02:01:05.689348Z,2026-03-29T04:01:05.689348Z,7439.673906,7,0.014105,21.26905352711841,4.0057224606580935,0.287,16.551724137931036,21.26905352711841,46.50102061949641,0,0,0,0,,
WCT,2026-03-29T02:01:12.811Z,2026-03-29T02:01:12.811647Z,2026-03-29T04:01:12.811647Z,7432.551607,7,0.05625,17.777777777778287,2.3172905525846748,-0.178,8.275862068965518,17.777777777778287,43.31381061480245,0,0,0,0,,
XAI,2026-03-29T02:01:20.423Z,2026-03-29T02:01:20.424154Z,2026-03-29T04:01:20.424154Z,7424.9391,7,0.00907,22.050716648290173,2.9702970297029636,-0.656,4.827586206896552,22.050716648290173,42.455140734739544,4,4,0,0,1.0,False
BFUSD,2026-03-29T02:07:18.118Z,2026-03-29T02:07:18.118560Z,2026-03-29T04:07:18.118560Z,7666.935281,7,0.9993000000000001,8.00560392274615,0.08008809690659956,0.0,1.7241379310344827,8.00560392274615,35.665477142761404,0,0,0,0,,
BLUR,2026-03-29T02:07:25.088Z,2026-03-29T02:07:25.088840Z,2026-03-29T04:07:25.088840Z,7659.965001,7,0.017390000000000003,34.50258769407764,4.186046511627918,-0.75,2.413793103448276,34.50258769407764,39.906858736487145,1,1,0,0,1.0,False
CHZ,2026-03-29T02:07:38.101Z,2026-03-29T02:07:38.101724Z,2026-03-29T04:07:38.101724Z,7646.952117,7,0.040315000000000004,7.441398983007641,16.259960159362553,13.414,90.6896551724138,7.441398983007641,71.52621766797536,17,12,3,2,0.8824,False
DOGE,2026-03-29T02:07:42.846Z,2026-03-29T02:07:42.846505Z,2026-03-29T04:07:42.846505Z,7642.207336,7,0.09118499999999999,1.0966716016884492,6.183862433862439,0.554,97.24137931034483,1.0966716016884492,55.324481693505156,35,21,11,3,0.6857,False
ENA,2026-03-29T02:07:48.426Z,2026-03-29T02:07:48.426531Z,2026-03-29T04:07:48.426531Z,7636.62731,7,0.09085,11.007154650521628,7.717750826901866,1.568,94.48275862068965,11.007154650521628,69.59299796358403,7,2,4,1,0.8571,False
ETH,2026-03-29T02:07:53.107Z,2026-03-29T02:07:53.107255Z,2026-03-29T04:07:53.107255Z,7631.946586,7,2010.6550000000002,0.049735036592507935,3.234493252712936,0.367,99.65517241379311,0.049735036592507935,62.212674054044776,40,13,19,8,0.55,False
EUR,2026-03-29T02:07:56.865Z,2026-03-29T02:07:56.865850Z,2026-03-29T04:07:56.865850Z,7628.187991,7,1.1496499999999998,0.8698299482450224,0.2174102095834374,-0.087,97.58620689655173,0.8698299482450224,65.93770350883334,0,0,0,0,,
F,2026-03-29T02:08:03.265Z,2026-03-29T02:08:03.265510Z,2026-03-29T04:08:03.265510Z,7621.788331,7,0.0050550000000000005,59.347181008901366,2.5540275049115895,1.193,1.0344827586206897,59.347181008901366,50.81511720479914,0,0,0,0,,
FDUSD,2026-03-29T02:08:08.973Z,2026-03-29T02:08:08.973519Z,2026-03-29T04:08:08.973519Z,7616.080322,7,0.9989,2.002202422664711,0.030030030030026723,0.02,92.41379310344827,2.002202422664711,57.574533832897885,0,0,0,0,,
FET,2026-03-29T02:08:14.598Z,2026-03-29T02:08:14.598912Z,2026-03-29T04:08:14.598912Z,7610.454929,7,0.24315,4.112687641373185,13.529411764705888,4.112,96.55172413793103,4.112687641373185,57.63655699008577,8,7,1,0,0.625,False
HBAR,2026-03-29T02:08:19.299Z,2026-03-29T02:08:19.299590Z,2026-03-29T04:08:19.299590Z,7605.754251,7,0.08995500000000001,1.1116669445829717,3.8962484693309625,1.035,93.44827586206897,1.1116669445829717,55.026416765881976,18,8,8,2,0.7222,False
HEI,2026-03-29T02:08:25.916Z,2026-03-29T02:08:25.916366Z,2026-03-29T04:08:25.916366Z,7599.137475,7,0.0732,136.61202185792362,3.434065934065937,-2.544,1.3793103448275863,136.61202185792362,45.23292841759496,0,0,0,0,,
LAYER,2026-03-29T02:08:32.456Z,2026-03-29T02:08:32.456320Z,2026-03-29T04:08:32.456320Z,7592.597521,7,0.07780000000000001,77.12082262210838,4.6391752577319485,0.91,2.0689655172413794,77.12082262210838,47.35416866025307,0,0,0,0,,
LINK,2026-03-29T02:08:37.789Z,2026-03-29T02:08:37.789795Z,2026-03-29T04:08:37.789795Z,7587.264046,7,8.524999999999999,11.730205278592129,3.900709219858157,-1.053,95.86206896551724,11.730205278592129,65.5078259788003,27,13,12,2,0.7407,False
LSK,2026-03-29T02:08:44.621Z,2026-03-29T02:08:44.621551Z,2026-03-29T04:08:44.621551Z,7580.43229,7,0.1215,82.30452674897127,1.6528925619834725,0.0,0.6896551724137931,82.30452674897127,45.03534049558255,0,0,0,0,,
LTC,2026-03-29T02:08:49.885Z,2026-03-29T02:08:49.885375Z,2026-03-29T04:08:49.885375Z,7575.168466,7,54.195,1.845188670542507,3.0623608017817343,0.41,91.72413793103448,1.845188670542507,58.32048354655316,21,2,14,5,0.5714,False
MAV,2026-03-29T02:08:56.385Z,2026-03-29T02:08:56.385951Z,2026-03-29T04:08:56.385951Z,7568.66789,7,0.013015,69.15097963887807,3.0000000000000115,-0.154,3.4482758620689653,69.15097963887807,42.23407848564156,0,0,0,0,,
NMR,2026-03-29T02:09:08.665Z,2026-03-29T02:09:08.666163Z,2026-03-29T04:09:08.666163Z,7556.387678,7,6.640000000000001,30.120481927711534,3.9694656488549587,0.769,2.7586206896551726,30.120481927711534,48.12835512372986,0,0,0,0,,
PUNDIX,2026-03-29T02:09:24.427Z,2026-03-29T02:09:24.428151Z,2026-03-29T04:09:24.428151Z,7540.62569,7,0.1402,71.32667617689023,1.7142857142857035,-1.685,0.3448275862068966,71.32667617689023,35.1192398810404,0,0,0,0,,
RENDER,2026-03-29T02:09:29.103Z,2026-03-29T02:09:29.103896Z,2026-03-29T04:09:29.103896Z,7535.949945,7,1.6785,5.957700327674185,7.423053711526856,0.975,92.06896551724138,5.957700327674185,66.4357921687632,1,1,0,0,1.0,False
SOL,2026-03-29T02:09:34.320Z,2026-03-29T02:09:34.321124Z,2026-03-29T04:09:34.321124Z,7530.732717,7,82.91499999999999,1.206054393053744,3.126520681265216,-0.689,98.96551724137932,1.206054393053744,51.13079973204052,39,23,15,1,0.7179,False
SUI,2026-03-29T02:09:39.450Z,2026-03-29T02:09:39.451130Z,2026-03-29T04:09:39.451130Z,7525.602711,7,0.8694500000000001,1.150152395193513,7.413853115210589,-1.867,98.27586206896552,1.150152395193513,58.7408586296474,15,8,6,1,0.7333,False
TAO,2026-03-29T02:09:44.678Z,2026-03-29T02:09:44.679014Z,2026-03-29T04:09:44.679014Z,7520.374827,7,321.0,6.230529595016993,5.485498108448921,0.73,98.62068965517241,6.230529595016993,55.473960730774905,39,20,14,5,0.1538,False
TRX,2026-03-29T02:09:49.378Z,2026-03-29T02:09:49.378439Z,2026-03-29T04:09:49.378439Z,7515.675402,7,0.31525000000000003,3.1720856463138616,2.8182393920202715,1.838,92.75862068965517,3.1720856463138616,69.41482827125493,71,13,48,10,0.3239,False
USD1,2026-03-29T02:09:57.608Z,2026-03-29T02:09:57.608350Z,2026-03-29T04:09:57.608350Z,7507.445491,7,0.99965,1.0003501225427798,0.040012003601075916,0.0,99.3103448275862,1.0003501225427798,66.67560789430182,6,2,3,1,0.5,True
WLD,2026-03-29T02:10:02.445Z,2026-03-29T02:10:02.446198Z,2026-03-29T04:10:02.446198Z,7502.607643,7,0.27155,3.6825630638920632,12.260677466863042,8.901,95.17241379310344,3.6825630638920632,75.25674124667276,16,7,8,1,0.25,False
XLM,2026-03-29T02:10:07.880Z,2026-03-29T02:10:07.880932Z,2026-03-29T04:10:07.880932Z,7497.172909,7,0.16875,5.925925925926918,4.353011329755517,0.903,90.34482758620689,5.925925925926918,63.12325905365591,71,21,47,3,0.507,False
XRP,2026-03-29T02:10:12.728Z,2026-03-29T02:10:12.728677Z,2026-03-29T04:10:12.728677Z,7492.325164,7,1.33635,0.7483069555130691,2.9416178898394043,0.513,97.93103448275862,0.7483069555130691,55.72117719401011,43,20,17,6,0.4884,False
ZEC,2026-03-29T02:10:17.946Z,2026-03-29T02:10:17.947090Z,2026-03-29T04:10:17.947090Z,7487.106751,7,217.97,3.67022984814351,6.807774974301465,-0.121,94.13793103448276,3.67022984814351,57.48875294687637,17,7,10,0,0.8824,False
APT,2026-03-29T02:15:50.533Z,2026-03-29T02:15:50.533259Z,2026-03-29T04:15:50.533259Z,7754.321078,7,0.9345000000000001,10.70090957731408,4.946236559139777,-4.025,89.3103448275862,10.70090957731408,56.703832478274904,14,6,7,1,0.9286,False
C,2026-03-29T02:15:58.996Z,2026-03-29T02:15:58.996367Z,2026-03-29T04:15:58.996367Z,7745.85797,7,0.08045,12.430080795525528,17.31234866828088,-7.709,88.27586206896552,12.430080795525528,52.64729683939433,1,1,0,0,1.0,False
DOT,2026-03-29T02:16:08.841Z,2026-03-29T02:16:08.842181Z,2026-03-29T04:16:08.842181Z,7736.012156,7,1.2675,7.889546351085695,4.523809523809518,-1.563,87.58620689655173,7.889546351085695,58.074357013889475,16,7,8,1,0.6875,False
NEAR,2026-03-29T02:16:13.457Z,2026-03-29T02:16:13.457448Z,2026-03-29T04:16:13.457448Z,7731.396889,7,1.1695,8.550662676356476,2.487135506003423,-0.597,88.96551724137932,8.550662676356476,49.14081716262849,9,3,2,4,0.2222,False
ONDO,2026-03-29T02:16:19.054Z,2026-03-29T02:16:19.054218Z,2026-03-29T04:16:19.054218Z,7725.800119,7,0.26955,3.7098868484507133,6.9620253164557155,0.637,87.24137931034483,3.7098868484507133,60.328240079265505,7,3,4,0,0.4286,False
0G,2026-03-29T02:22:06.043Z,2026-03-29T02:22:06.043621Z,2026-03-29T04:22:06.043621Z,7378.810716,7,0.4715,21.208907741251345,13.163481953290871,1.29,78.62068965517241,21.208907741251345,60.16578296365766,11,2,7,2,0.4545,False
ALGO,2026-03-29T02:22:10.838Z,2026-03-29T02:22:10.839092Z,2026-03-29T04:22:10.839092Z,7374.015245,7,0.08195,12.202562538133359,3.0562347188264085,0.491,77.93103448275862,12.202562538133359,65.98599554283598,7,6,1,0,0.4286,False
ARB,2026-03-29T02:22:17.763Z,2026-03-29T02:22:17.763745Z,2026-03-29T04:22:17.763745Z,7367.090592,7,0.09015000000000001,11.092623405435702,4.017857142857134,0.0,84.13793103448276,11.092623405435702,52.038954012963515,16,8,8,0,0.6875,False
ASTER,2026-03-29T02:22:24.904Z,2026-03-29T02:22:24.905259Z,2026-03-29T04:22:24.905259Z,7359.949078,7,0.6615,15.117157974300845,2.124430955993932,-0.303,83.79310344827586,15.117157974300845,64.49163684781534,5,2,2,1,0.6,False
AXS,2026-03-29T02:22:31.490Z,2026-03-29T02:22:31.490236Z,2026-03-29T04:22:31.490236Z,7353.364101,7,1.1360000000000001,17.605633802816914,8.480565371024744,2.722,75.17241379310344,17.605633802816914,75.22928211110302,8,3,4,1,1.0,False
CETUS,2026-03-29T02:22:40.587Z,2026-03-29T02:22:40.587859Z,2026-03-29T04:22:40.587859Z,7344.266478,7,0.027354999999999997,10.966916468652451,12.008978675645347,8.614,79.3103448275862,10.966916468652451,67.80545614222694,3,3,0,0,1.0,False
CRV,2026-03-29T02:22:47.443Z,2026-03-29T02:22:47.443399Z,2026-03-29T04:22:47.443399Z,7337.410938,7,0.21189999999999998,9.438414346390077,5.4415274463007135,0.0,84.82758620689656,9.438414346390077,54.09687103977238,1,1,0,0,1.0,False
CVX,2026-03-29T02:22:54.429Z,2026-03-29T02:22:54.430052Z,2026-03-29T04:22:54.430052Z,7330.424285,7,1.6284999999999998,30.703101013203046,4.419889502762435,-1.273,74.48275862068965,30.703101013203046,56.43187179470585,6,1,5,0,1.0,False
DYDX,2026-03-29T02:23:00.944Z,2026-03-29T02:23:00.945189Z,2026-03-29T04:23:00.945189Z,7323.909148,7,0.09445,10.587612493383045,8.742004264392337,2.514,82.75862068965517,10.587612493383045,71.28976977711628,2,2,0,0,1.0,False
ENSO,2026-03-29T02:23:12.313Z,2026-03-29T02:23:12.313824Z,2026-03-29T04:23:12.313824Z,7312.540513,7,1.0385,9.629272989888202,8.476190476190494,2.24,82.41379310344827,9.629272989888202,59.93582788508139,1,0,0,1,-1.0,False
FIL,2026-03-29T02:23:17.493Z,2026-03-29T02:23:17.493634Z,2026-03-29T04:23:17.493634Z,7307.360703,7,0.8115000000000001,12.322858903265567,6.109725685785527,-4.182,84.48275862068965,12.322858903265567,64.75405757502773,9,4,4,1,0.5556,False
GUN,2026-03-29T02:23:22.411Z,2026-03-29T02:23:22.412116Z,2026-03-29T04:23:22.412116Z,7302.442221,7,0.017535000000000002,17.108639863130183,9.625996321275302,-7.224,73.44827586206897,17.108639863130183,56.452379442357824,0,0,0,0,,
HUMA,2026-03-29T02:23:31.254Z,2026-03-29T02:23:31.254983Z,2026-03-29T04:23:31.254983Z,7293.599354,7,0.0158,12.658227848102944,18.38281743524953,9.474,81.37931034482759,12.658227848102944,60.87673465538377,2,0,2,0,1.0,False
ICP,2026-03-29T02:23:36.398Z,2026-03-29T02:23:36.398529Z,2026-03-29T04:23:36.398529Z,7288.455808,7,2.2405,4.463289444319973,4.633378317588834,0.045,83.44827586206897,4.463289444319973,59.104739147533486,13,5,6,2,0.0769,False
INJ,2026-03-29T02:23:41.280Z,2026-03-29T02:23:41.280667Z,2026-03-29T04:23:41.280667Z,7283.57367,7,2.842,7.037297677690991,4.583921015514806,-1.15,78.96551724137932,7.037297677690991,58.229672132141,7,2,4,1,1.0,False
KITE,2026-03-29T02:23:51.834Z,2026-03-29T02:23:51.835028Z,2026-03-29T04:23:51.835028Z,7273.019309,7,0.16149999999999998,12.383900928792926,14.113389626055492,-7.374,85.86206896551724,12.383900928792926,45.196914335604745,3,2,1,0,1.0,False
LDO,2026-03-29T02:24:02.438Z,2026-03-29T02:24:02.438484Z,2026-03-29T04:24:02.438484Z,7262.415853,7,0.30855,16.204829039053653,7.7981651376146734,2.934,75.86206896551724,16.204829039053653,63.10877031958155,6,2,3,1,0.3333,False
PENGU,2026-03-29T02:24:12.310Z,2026-03-29T02:24:12.310846Z,2026-03-29T04:24:12.310846Z,7252.543491,7,0.0064115000000000005,4.679092256102937,5.397324940991338,-2.065,83.10344827586206,4.679092256102937,35.8662812348492,5,3,2,0,0.2,False
PIXEL,2026-03-29T02:24:19.583Z,2026-03-29T02:24:19.583386Z,2026-03-29T04:24:19.583386Z,7245.270951,7,0.008375,11.940298507462199,10.672853828306273,-2.709,80.0,11.940298507462199,68.00931378227165,24,10,14,0,0.9167,False
PUMP,2026-03-29T02:24:24.721Z,2026-03-29T02:24:24.721449Z,2026-03-29T04:24:24.721449Z,7240.132888,7,0.0017235,5.802146794314666,4.979496192149971,0.0,78.27586206896552,5.802146794314666,62.90944714328191,4,1,2,1,-0.5,False
RUNE,2026-03-29T02:24:36.420Z,2026-03-29T02:24:36.420995Z,2026-03-29T04:24:36.420995Z,7228.433342,7,0.3995,25.03128911138926,2.2727272727272747,0.508,76.55172413793103,25.03128911138926,68.10036256098753,4,0,2,2,1.0,False
SEI,2026-03-29T02:24:42.927Z,2026-03-29T02:24:42.927831Z,2026-03-29T04:24:42.927831Z,7221.926506,7,0.05375,18.60465116279123,3.910614525139674,-1.648,77.24137931034483,18.60465116279123,64.33780305297392,3,1,2,0,1.0,False
SHIB,2026-03-29T02:24:48.453Z,2026-03-29T02:24:48.453640Z,2026-03-29T04:24:48.453640Z,7216.400697,7,5.845e-06,17.10863986313072,4.639175257731957,0.867,81.72413793103448,17.10863986313072,70.31458471012856,18,7,10,1,0.5,False
STO,2026-03-29T02:24:54.638Z,2026-03-29T02:24:54.638937Z,2026-03-29T04:24:54.638937Z,7210.2154,7,0.14305,20.971688220901413,13.961038961038966,6.39,75.51724137931035,20.971688220901413,66.6991302227975,2,2,0,0,1.0,False
SYRUP,2026-03-29T02:25:01.379Z,2026-03-29T02:25:01.380027Z,2026-03-29T04:25:01.380027Z,7203.47431,7,0.20365,4.910385465258482,5.83333333333333,-2.346,74.82758620689656,4.910385465258482,56.830424344728954,1,1,0,0,1.0,False
TON,2026-03-29T02:25:07.209Z,2026-03-29T02:25:07.209494Z,2026-03-29T04:25:07.209494Z,7797.489241,7,1.2365,8.08734330772432,4.541768045417684,1.817,76.20689655172414,8.08734330772432,56.24465507933466,8,3,2,3,1.0,False
TWT,2026-03-29T02:25:16.213Z,2026-03-29T02:25:16.213998Z,2026-03-29T04:25:16.213998Z,7788.484737,7,0.44105,20.40584967690765,6.548305280147564,-3.985,82.06896551724138,20.40584967690765,65.12790153855806,8,4,4,0,0.5,False
UNI,2026-03-29T02:25:20.761Z,2026-03-29T02:25:20.762053Z,2026-03-29T04:25:20.762053Z,7783.936682,7,3.4005,2.940744008233759,2.7226990233797004,-0.089,77.58620689655173,2.940744008233759,65.19475734971081,22,8,11,3,0.1818,False
VIRTUAL,2026-03-29T02:25:26.432Z,2026-03-29T02:25:26.433052Z,2026-03-29T04:25:26.433052Z,7778.265683,7,0.66015,1.514807240778444,5.922759883987186,0.445,80.6896551724138,1.514807240778444,57.36834274274031,3,2,1,0,1.0,False
ZRO,2026-03-29T02:25:40.364Z,2026-03-29T02:25:40.364635Z,2026-03-29T04:25:40.364635Z,7764.3341,7,2.0035,4.991265285749388,5.315947843530585,-0.598,80.34482758620689,4.991265285749388,43.97338545872232,11,10,1,0,0.8182,False
A2Z,2026-03-29T02:31:12.159Z,2026-03-29T02:31:12.159664Z,2026-03-29T04:31:12.159664Z,7432.539071,7,0.0002235,134.2281879194627,32.568807339449535,-3.54,60.689655172413794,134.2281879194627,45.53458838345147,4,1,0,3,-0.5,True
ARKM,2026-03-29T02:31:19.804Z,2026-03-29T02:31:19.805007Z,2026-03-29T04:31:19.805007Z,7424.893728,7,0.0965,103.62694300518143,6.250000000000005,0.0,61.724137931034484,103.62694300518143,59.60377125592557,6,3,2,1,0.8333,False
ATOM,2026-03-29T02:31:24.849Z,2026-03-29T02:31:24.850162Z,2026-03-29T04:31:24.850162Z,7419.848573,7,1.6615,6.018657839301173,2.710843373493972,-0.42,63.793103448275865,6.018657839301173,47.49210763495706,63,11,51,1,0.5079,False
BERA,2026-03-29T02:31:33.199Z,2026-03-29T02:31:33.199412Z,2026-03-29T04:31:33.199412Z,7411.499323,7,0.4455,22.4466891133558,6.108597285067878,0.455,66.89655172413794,22.4466891133558,56.1220858496222,2,2,0,0,1.0,False
BIO,2026-03-29T02:31:40.493Z,2026-03-29T02:31:40.493377Z,2026-03-29T04:31:40.493377Z,7404.205358,7,0.01625,61.53846153846116,5.555555555555544,0.621,71.03448275862068,61.53846153846116,59.49055091415825,0,0,0,0,,
CAKE,2026-03-29T02:31:49.261Z,2026-03-29T02:31:49.261495Z,2026-03-29T04:31:49.261495Z,7395.43724,7,1.3775,7.259528130670707,2.556610664718767,0.44,60.0,7.259528130670707,66.39610973748135,9,5,4,0,0.5556,False
DASH,2026-03-29T02:32:01.598Z,2026-03-29T02:32:01.598936Z,2026-03-29T04:32:01.598936Z,7383.099799,7,32.15,6.220839813373568,5.309734513274336,0.829,68.27586206896552,6.220839813373568,64.40936680603927,6,3,3,0,0.6667,False
EGLD,2026-03-29T02:32:09.685Z,2026-03-29T02:32:09.685303Z,2026-03-29T04:32:09.685303Z,7375.013432,7,3.785,26.42007926023839,3.4574468085106473,-1.053,62.758620689655174,26.42007926023839,60.541802062205846,7,3,2,2,0.5714,False
ENJ,2026-03-29T02:32:16.396Z,2026-03-29T02:32:16.397127Z,2026-03-29T04:32:16.397127Z,7368.301608,7,0.020285,54.22726152329257,9.6192384769539,-2.634,69.3103448275862,54.22726152329257,67.04202472135663,6,4,2,0,1.0,False
ETHFI,2026-03-29T02:32:28.569Z,2026-03-29T02:32:28.569760Z,2026-03-29T04:32:28.569760Z,7356.128975,7,0.4615,21.668472372697742,4.595185995623624,-0.652,65.86206896551724,21.668472372697742,65.38638273472027,7,5,1,1,1.0,False
GALA,2026-03-29T02:32:38.056Z,2026-03-29T02:32:38.057058Z,2026-03-29T04:32:38.057058Z,7346.641677,7,0.002835,35.273368606702036,6.007067137809187,-3.741,66.20689655172414,35.273368606702036,58.32392985089599,7,4,2,1,1.0,False
HYPER,2026-03-29T02:32:48.657Z,2026-03-29T02:32:48.657438Z,2026-03-29T04:32:48.657438Z,7336.041297,7,0.07905000000000001,12.650221378874491,6.590621039290236,-3.898,59.310344827586206,12.650221378874491,62.896686253562265,0,0,0,0,,
MMT,2026-03-29T02:33:05.497Z,2026-03-29T02:33:05.497778Z,2026-03-29T04:33:05.497778Z,7319.200957,7,0.10655,9.385265133740297,3.4905660377358574,-2.841,61.03448275862069,9.385265133740297,59.61003362156066,1,1,0,0,1.0,False
OP,2026-03-29T02:33:15.768Z,2026-03-29T02:33:15.768623Z,2026-03-29T04:33:15.768623Z,7308.930112,7,0.10305,9.704027171276357,4.390243902439028,-1.062,67.58620689655173,9.704027171276357,62.08435864540064,63,21,37,5,0.2222,False
PARTI,2026-03-29T02:33:22.175Z,2026-03-29T02:33:22.175410Z,2026-03-29T04:33:22.175410Z,7302.523325,7,0.08915000000000001,33.65114974761734,20.137299771167054,-12.337,69.65517241379311,33.65114974761734,58.51358382340383,0,0,0,0,,
PENDLE,2026-03-29T02:33:27.765Z,2026-03-29T02:33:27.765370Z,2026-03-29T04:33:27.765370Z,7296.933365,7,1.1425,8.75273522976028,3.937007874015761,-1.381,72.41379310344827,8.75273522976028,62.77850136099005,8,6,0,2,0.75,False
POL,2026-03-29T02:33:34.844Z,2026-03-29T02:33:34.844299Z,2026-03-29T04:33:34.844299Z,7289.854436,7,0.09234999999999999,10.828370330265608,3.9344262295082033,0.993,65.51724137931035,10.828370330265608,63.14638437450327,13,8,2,3,0.6923,False
PROVE,2026-03-29T02:33:39.685Z,2026-03-29T02:33:39.686276Z,2026-03-29T04:33:39.686276Z,7285.012459,7,0.239,16.736401673639484,5.972625466611363,-5.228,71.72413793103448,16.736401673639484,60.84871424066327,0,0,0,0,,
RESOLV,2026-03-29T02:33:44.659Z,2026-03-29T02:33:44.659494Z,2026-03-29T04:33:44.659494Z,7280.039241,7,0.03725,26.84563758389339,10.677083333333332,-5.651,70.6896551724138,26.84563758389339,56.92905747340137,0,0,0,0,,
SOMI,2026-03-29T02:34:09.185Z,2026-03-29T02:34:09.185645Z,2026-03-29T04:34:09.185645Z,7255.51309,7,0.15215,6.572461386788629,6.352324819908326,0.197,67.24137931034483,6.572461386788629,51.64943873438593,0,0,0,0,,
STEEM,2026-03-29T02:34:16.085Z,2026-03-29T02:34:16.085785Z,2026-03-29T04:34:16.085785Z,7248.61295,7,0.061024999999999996,14.74805407619825,18.23434991974318,12.333,70.0,14.74805407619825,61.410944200967634,5,2,3,0,0.6,False
STRK,2026-03-29T02:34:21.464Z,2026-03-29T02:34:21.464987Z,2026-03-29T04:34:21.464987Z,7243.233748,7,0.03425,29.197080291969613,5.294117647058831,1.19,63.44827586206897,29.197080291969613,64.36899732553046,17,13,3,1,1.0,False
THE,2026-03-29T02:34:26.708Z,2026-03-29T02:34:26.709180Z,2026-03-29T04:34:26.709180Z,7237.989555,7,0.10295,29.140359397765394,4.861773117254522,-3.585,64.13793103448276,29.140359397765394,32.38960067595224,12,8,3,1,0.5,False
TIA,2026-03-29T02:34:31.843Z,2026-03-29T02:34:31.843720Z,2026-03-29T04:34:31.843720Z,7232.855015,7,0.29455,3.3950093362753013,3.805640502888205,-1.076,66.55172413793103,3.3950093362753013,42.507634683638855,10,4,6,0,1.0,False
USDE,2026-03-29T02:34:42.919Z,2026-03-29T02:34:42.919782Z,2026-03-29T04:34:42.919782Z,7221.778953,7,0.99925,1.0007505629220814,0.020014009806873713,-0.01,68.96551724137932,1.0007505629220814,45.9013522885537,7,6,0,1,1.0,False
XTZ,2026-03-29T02:34:48.432Z,2026-03-29T02:34:48.433004Z,2026-03-29T04:34:48.433004Z,7216.265731,7,0.3433,23.30323332362432,4.269532384548357,-1.769,62.41379310344828,23.30323332362432,55.627683890999194,7,5,1,1,0.7143,False
AIXBT,2026-03-29T02:40:24.721Z,2026-03-29T02:40:24.722125Z,2026-03-29T04:40:24.722125Z,7479.790323,7,0.0238,84.0336134453791,8.547008547008538,-0.847,45.51724137931034,84.0336134453791,44.904067845430966,3,2,0,1,0.3333,False
ALLO,2026-03-29T02:40:29.609Z,2026-03-29T02:40:29.609920Z,2026-03-29T04:40:29.609920Z,7474.902528,7,0.1062,18.832391713748184,3.0534351145038117,-1.964,47.93103448275862,18.832391713748184,52.123990095015046,52,1,48,3,-0.3077,False
APE,2026-03-29T02:40:35.253Z,2026-03-29T02:40:35.253895Z,2026-03-29T04:40:35.253895Z,7469.258553,7,0.08654999999999999,11.55401502021986,3.0373831775700832,-1.04,57.93103448275862,11.55401502021986,62.09975704279021,7,6,0,1,0.7143,False
AR,2026-03-29T02:40:39.987Z,2026-03-29T02:40:39.987723Z,2026-03-29T04:40:39.987723Z,7464.524725,7,1.705,58.65102639296193,4.14201183431953,0.0,51.03448275862069,58.65102639296193,62.30696256904128,6,4,2,0,1.0,False
COTI,2026-03-29T02:40:50.330Z,2026-03-29T02:40:50.330802Z,2026-03-29T04:40:50.330802Z,7454.181646,7,0.012825,23.391812865497474,8.000000000000007,3.648,45.172413793103445,23.391812865497474,70.78168954136505,0,0,0,0,,
EPIC,2026-03-29T02:40:57.105Z,2026-03-29T02:40:57.105839Z,2026-03-29T04:40:57.105839Z,7447.406609,7,0.2475,40.40404040404044,4.453441295546563,-1.594,53.10344827586207,40.40404040404044,64.27194186983914,0,0,0,0,,
EURI,2026-03-29T02:41:02.163Z,2026-03-29T02:41:02.163773Z,2026-03-29T04:41:02.163773Z,7442.348675,7,1.14995,4.348015131092177,0.5914586413847018,-0.052,54.827586206896555,4.348015131092177,69.74652948171581,0,0,0,0,,
IDEX,2026-03-29T02:41:10.255Z,2026-03-29T02:41:10.256114Z,2026-03-29T04:41:10.256114Z,7434.256334,7,0.0034349999999999997,29.11208151382832,40.05524861878452,16.774,58.62068965517241,29.11208151382832,45.84227637533448,3,2,1,0,1.0,False
LINEA,2026-03-29T02:41:32.125Z,2026-03-29T02:41:32.125306Z,2026-03-29T04:41:32.125306Z,7412.387142,7,0.0029249999999999996,34.18803418803429,5.136986301369877,-0.341,48.275862068965516,34.18803418803429,59.39175947408551,0,0,0,0,,
MORPHO,2026-03-29T02:41:37.187Z,2026-03-29T02:41:37.187829Z,2026-03-29T04:41:37.187829Z,7407.324619,7,1.4935,6.6956812855700685,4.6246648793565655,0.134,55.51724137931034,6.6956812855700685,65.82994514794822,4,4,0,0,1.0,False
NEIRO,2026-03-29T02:41:43.924Z,2026-03-29T02:41:43.924964Z,2026-03-29T04:41:43.924964Z,7400.587484,7,5.5825e-05,16.12180922525765,4.8975149646290665,-0.361,45.86206896551724,16.12180922525765,63.06557268381256,6,6,0,0,1.0,False
PEOPLE,2026-03-29T02:42:08.408Z,2026-03-29T02:42:08.408580Z,2026-03-29T04:42:08.408580Z,7376.103868,7,0.0063750000000000005,15.68627450980464,4.100946372239744,-3.058,47.241379310344826,15.68627450980464,61.54760435975815,4,4,0,0,1.0,False
SHELL,2026-03-29T02:43:05.908Z,2026-03-29T02:43:05.908906Z,2026-03-29T04:43:05.908906Z,7318.603542,7,0.02725,36.69724770642307,3.3457249070631896,-1.825,52.06896551724138,36.69724770642307,43.82937563582849,1,1,0,0,-1.0,False
SPK,2026-03-29T02:43:12.519Z,2026-03-29T02:43:12.519783Z,2026-03-29T04:43:12.519783Z,7311.992665,7,0.020116000000000002,5.965400676079534,2.423431460005946,-2.01,46.89655172413793,5.965400676079534,32.32383722030688,64,15,42,7,-0.0312,False
SSV,2026-03-29T02:43:19.929Z,2026-03-29T02:43:19.929529Z,2026-03-29T04:43:19.929529Z,7304.582919,7,2.2275,31.425364758696624,4.847396768402159,1.596,57.58620689655172,31.425364758696624,67.41035343250635,5,3,2,0,1.0,False
TST,2026-03-29T02:43:32.414Z,2026-03-29T02:43:32.414868Z,2026-03-29T04:43:32.414868Z,7292.09758,7,0.008265,12.099213551118684,5.372405372405387,-2.151,48.96551724137931,12.099213551118684,61.4019835791645,1,1,0,0,1.0,False
VET,2026-03-29T02:43:43.471Z,2026-03-29T02:43:43.471809Z,2026-03-29T04:43:43.471809Z,7281.040639,7,0.006673,8.991458114790841,4.188560276234796,0.362,46.206896551724135,8.991458114790841,53.83787128688112,12,7,5,0,0.8333,False
W,2026-03-29T02:43:50.641Z,2026-03-29T02:43:50.641876Z,2026-03-29T04:43:50.641876Z,7273.870572,7,0.01495,66.889632107023,4.054054054054053,-0.671,52.758620689655174,66.889632107023,53.65838384854223,12,2,10,0,-0.25,False
ZEN,2026-03-29T02:43:57.443Z,2026-03-29T02:43:57.443434Z,2026-03-29T04:43:57.443434Z,7267.069014,7,5.188,11.56515034695495,4.773967264224476,0.176,53.793103448275865,11.56515034695495,45.75520276107339,6,3,3,0,1.0,False
2Z,2026-03-29T02:49:41.010Z,2026-03-29T02:49:41.010820Z,2026-03-29T04:49:41.010820Z,7525.142202,7,0.069415,10.084275732910841,4.271137026239071,-1.21,44.48275862068966,10.084275732910841,57.22596737278949,1,0,1,0,1.0,True
BANANA,2026-03-29T02:50:05.076Z,2026-03-29T02:50:05.077051Z,2026-03-29T04:50:05.077051Z,7501.075971,7,3.285,30.441400304414703,3.7151702786377743,-0.92,35.51724137931034,30.441400304414703,61.603955736716124,5,3,1,1,1.0,False
DOLO,2026-03-29T02:50:31.015Z,2026-03-29T02:50:31.015906Z,2026-03-29T04:50:31.015906Z,7475.137116,7,0.030365000000000003,55.98550963280092,4.373757455268384,1.072,41.724137931034484,55.98550963280092,61.8585783194315,2,1,1,0,1.0,False
GPS,2026-03-29T02:50:58.696Z,2026-03-29T02:50:58.696348Z,2026-03-29T04:50:58.696348Z,7447.456674,7,0.00781,25.60819462228031,3.1290743155149903,-2.417,32.758620689655174,25.60819462228031,58.34847723635677,0,0,0,0,,
MET,2026-03-29T02:51:41.016Z,2026-03-29T02:51:41.016682Z,2026-03-29T04:51:41.016682Z,7405.13634,7,0.1395,28.673835125446857,4.387827317763631,-3.086,36.206896551724135,28.673835125446857,42.115667528854694,1,0,1,0,1.0,False
NEWT,2026-03-29T02:52:05.494Z,2026-03-29T02:52:05.494456Z,2026-03-29T04:52:05.494456Z,7380.658566,7,0.0698,28.65329512894065,5.390070921985813,-2.355,42.758620689655174,28.65329512894065,51.31902679113707,0,0,0,0,,
TRB,2026-03-29T02:52:46.262Z,2026-03-29T02:52:46.262248Z,2026-03-29T04:52:46.262248Z,7339.890774,7,14.885000000000002,6.718172657037142,3.441295546558703,-0.604,39.310344827586206,6.718172657037142,60.71674848905664,0,0,0,0,,
VANA,2026-03-29T02:52:57.589Z,2026-03-29T02:52:57.589705Z,2026-03-29T04:52:57.589705Z,7328.563317,7,1.3275000000000001,22.598870056496356,17.58832565284177,5.425,43.793103448275865,22.598870056496356,46.986892296635794,7,5,1,1,1.0,False
XVG,2026-03-29T02:53:05.626Z,2026-03-29T02:53:05.626460Z,2026-03-29T04:53:05.626460Z,7320.526562,7,0.0044505,20.222446916075633,2.7796308650211277,0.178,40.3448275862069,20.222446916075633,51.56701879465814,65,17,37,11,-0.4154,False
ZK,2026-03-29T02:53:24.731Z,2026-03-29T02:53:24.731900Z,2026-03-29T04:53:24.731900Z,7301.421122,7,0.017365,5.758710048948801,3.5610040863981283,-0.117,40.689655172413794,5.758710048948801,62.38751034587112,9,6,1,2,0.5556,False
AUCTION,2026-03-29T02:59:41.642Z,2026-03-29T02:59:41.642745Z,2026-03-29T04:59:41.642745Z,7523.60912,7,4.465,22.39641657334779,3.6199095022624466,0.455,21.724137931034484,22.39641657334779,65.05640147699023,2,1,1,0,1.0,True
COW,2026-03-29T03:00:18.550Z,2026-03-29T03:00:18.550420Z,2026-03-29T05:00:18.550420Z,7486.701445,7,0.1976,20.242914979757668,5.611729019211324,2.117,25.517241379310345,20.242914979757668,68.59549235026103,4,1,2,1,0.75,False
ERA,2026-03-29T03:00:39.119Z,2026-03-29T03:00:39.120099Z,2026-03-29T05:00:39.120099Z,7466.131766,7,0.12514999999999998,7.990411506193908,3.1821797931583053,1.126,28.620689655172413,7.990411506193908,69.63794358458456,0,0,0,0,,
NXPC,2026-03-29T03:01:44.972Z,2026-03-29T03:01:44.973364Z,2026-03-29T05:01:44.973364Z,7400.278501,7,0.2734,21.945866861740654,2.9465930018416233,-1.488,20.344827586206897,21.945866861740654,44.434103305216816,0,0,0,0,,
SXT,2026-03-29T03:02:15.329Z,2026-03-29T03:02:15.329564Z,2026-03-29T05:02:15.329564Z,7369.922301,7,0.01545,64.72491909385073,9.210526315789474,-8.434,20.0,64.72491909385073,47.711949078764064,1,0,0,1,1.0,False
WAL,2026-03-29T03:02:38.590Z,2026-03-29T03:02:38.590746Z,2026-03-29T05:02:38.590746Z,7346.661119,7,0.06875,14.54545454545496,5.270863836017558,-2.149,26.551724137931036,14.54545454545496,60.64191888369672,2,1,0,1,0.0,False
1000CAT,2026-03-29T03:08:49.150Z,2026-03-29T03:08:49.150360Z,2026-03-29T05:08:49.150360Z,7576.445276,7,0.00162,123.45679012345578,6.832298136645953,5.229,9.310344827586206,123.45679012345578,67.46182237856284,63,17,38,8,0.127,False
1MBABYDOGE,2026-03-29T03:09:04.899Z,2026-03-29T03:09:04.899919Z,2026-03-29T05:09:04.899919Z,7560.695717,7,0.00038705,18.08551866683795,3.969072164948452,2.456,13.448275862068966,18.08551866683795,67.24792919672586,0,0,0,0,,
BIGTIME,2026-03-29T03:09:17.512Z,2026-03-29T03:09:17.512957Z,2026-03-29T05:09:17.512957Z,7548.082679,7,0.011904999999999999,25.199496010080228,2.938706968933666,-0.501,3.793103448275862,25.199496010080228,44.31697951992416,73,28,39,6,0.1096,False
MAGIC,2026-03-29T03:10:41.681Z,2026-03-29T03:10:41.681631Z,2026-03-29T05:10:41.681631Z,7463.914005,7,0.057249999999999995,52.401746724891126,2.782608695652169,1.232,4.482758620689655,52.401746724891126,45.64926628686518,14,1,11,2,0.7857,False
ME,2026-03-29T03:10:59.629Z,2026-03-29T03:10:59.629429Z,2026-03-29T05:10:59.629429Z,7445.966207,7,0.0996,20.080321285139746,2.908726178535607,2.256,13.793103448275861,20.080321285139746,49.42717350311426,4,2,0,2,0.5,False
T,2026-03-29T03:11:50.768Z,2026-03-29T03:11:50.768464Z,2026-03-29T05:11:50.768464Z,7394.827172,7,0.006025,49.7925311203328,2.1523178807947003,-0.165,8.275862068965518,49.7925311203328,43.8946063308855,0,0,0,0,,
1INCH,2026-03-29T03:17:58.346Z,2026-03-29T03:17:58.346429Z,2026-03-29T05:17:58.346429Z,7626.848793,7,0.08725,34.383954154728784,2.520045819014884,0.46,3.4482758620689653,34.383954154728784,48.37149009022338,0,0,0,0,,
AAVE,2026-03-29T03:18:04.862Z,2026-03-29T03:18:04.863001Z,2026-03-29T05:18:04.863001Z,7620.332221,7,97.1,2.059732234809065,2.6860142019141704,0.093,90.6896551724138,2.059732234809065,65.42596804715994,9,8,1,0,0.7778,False
ADA,2026-03-29T03:18:10.156Z,2026-03-29T03:18:10.157143Z,2026-03-29T05:18:10.157143Z,7615.038079,7,0.24445,4.090816117815054,3.5786905246035094,0.408,94.82758620689656,4.090816117815054,68.02019424738577,39,19,17,3,0.2051,False
AVAX,2026-03-29T03:18:15.812Z,2026-03-29T03:18:15.812848Z,2026-03-29T05:18:15.812848Z,7609.382374,7,8.754999999999999,11.422044545973487,3.192702394526789,0.458,91.03448275862068,11.422044545973487,62.0148676312592,63,18,39,6,0.381,False
BCH,2026-03-29T03:18:21.131Z,2026-03-29T03:18:21.131309Z,2026-03-29T05:18:21.131309Z,7604.063913,7,482.85,2.071036553794468,2.7927182457592057,1.983,95.51724137931035,2.071036553794468,64.5849937527299,10,6,3,1,0.6,False
BNB,2026-03-29T03:18:37.454Z,2026-03-29T03:18:37.454708Z,2026-03-29T05:18:37.454708Z,7587.740514,7,612.295,0.1633199683157776,1.4853099422832197,0.409,96.89655172413794,0.1633199683157776,63.71962922384449,17,9,6,2,0.3529,False
BTC,2026-03-29T03:18:42.824Z,2026-03-29T03:18:42.824932Z,2026-03-29T05:18:42.824932Z,7582.37029,7,66685.005,0.0014995875001825836,1.7724115442620278,0.936,100.0,0.0014995875001825836,70.79208171671164,33,10,12,11,0.1515,False
NOM,2026-03-29T03:20:11.041Z,2026-03-29T03:20:11.041385Z,2026-03-29T05:20:11.041385Z,7494.153837,7,0.002855,35.0262697022768,55.755395683453244,52.747,93.79310344827586,35.0262697022768,71.7445168805554,6,5,1,0,1.0,False
ONT,2026-03-29T03:20:17.529Z,2026-03-29T03:20:17.529707Z,2026-03-29T05:20:17.529707Z,7487.665515,7,0.06056,19.815059445178672,36.74778033541599,22.03,90.0,19.815059445178672,73.00698706207588,5,4,1,0,1.0,False
PEPE,2026-03-29T03:20:22.805Z,2026-03-29T03:20:22.806172Z,2026-03-29T05:20:22.806172Z,7482.38905,7,3.305e-06,30.257186081694112,4.545454545454553,1.227,95.86206896551724,30.257186081694112,65.62765220463857,21,21,0,0,0.8095,False
BANANAS31,2026-03-29T03:26:48.709Z,2026-03-29T03:26:48.709225Z,2026-03-29T05:26:48.709225Z,7696.457362,7,0.0131695,11.389954060518157,8.658883400688518,2.69,87.93103448275862,11.389954060518157,59.82053830013425,0,0,0,0,,
WIF,2026-03-29T03:27:16.883Z,2026-03-29T03:27:16.883646Z,2026-03-29T05:27:16.883646Z,7668.282941,7,0.1755,56.980056980057036,6.857142857142848,2.339,86.55172413793103,56.980056980057036,65.87837181798356,12,9,2,1,0.9167,False
WLFI,2026-03-29T03:27:22.145Z,2026-03-29T03:27:22.145702Z,2026-03-29T05:27:22.145702Z,7663.020885,7,0.09745000000000001,10.261672652642673,4.531410916580845,0.726,89.3103448275862,10.261672652642673,65.11384696417696,10,7,2,1,0.3,False
XPL,2026-03-29T03:27:28.629Z,2026-03-29T03:27:28.630037Z,2026-03-29T05:27:28.630037Z,7656.53655,7,0.08925,11.20448179271741,5.257270693512299,1.591,87.58620689655173,11.20448179271741,66.47849616400228,35,2,33,0,0.7714,False
BARD,2026-03-29T03:33:26.399Z,2026-03-29T03:33:26.399912Z,2026-03-29T05:33:26.399912Z,7298.766675,7,0.37860000000000005,15.847860538826977,9.911651021535059,0.166,76.20689655172414,15.847860538826977,60.432097025349364,0,0,0,0,,
HEMI,2026-03-29T03:34:09.325Z,2026-03-29T03:34:09.325714Z,2026-03-29T05:34:09.325714Z,7255.840873,7,0.006305,15.860428231561606,19.115323854660353,16.79,81.03448275862068,15.860428231561606,72.06051038275065,0,0,0,0,,
KMNO,2026-03-29T03:34:35.541Z,2026-03-29T03:34:35.542335Z,2026-03-29T05:34:35.542335Z,7229.624252,7,0.01744,11.467889908256414,8.581436077057807,-0.696,73.44827586206897,11.467889908256414,65.69780784983362,6,2,4,0,0.3333,False
PAXG,2026-03-29T03:34:49.052Z,2026-03-29T03:34:49.052657Z,2026-03-29T05:34:49.052657Z,7216.11393,7,4494.139999999999,0.8010431361721545,0.46691135580026005,0.118,86.20689655172414,0.8010431361721545,70.98587352970327,6,5,1,0,0.8333,False
TRUMP,2026-03-29T03:35:47.499Z,2026-03-29T03:35:47.499507Z,2026-03-29T05:35:47.499507Z,7757.845577,7,2.9435000000000002,3.3973161202646165,4.0462427745664815,-0.575,84.82758620689656,3.3973161202646165,69.04345421758413,19,8,7,4,0.0526,False
AVNT,2026-03-29T03:42:00.829Z,2026-03-29T03:42:00.829716Z,2026-03-29T05:42:00.829716Z,7384.515368,7,0.13225,7.56143667296703,4.459561602418736,-0.451,63.793103448275865,7.56143667296703,55.14113214043796,1,0,1,0,1.0,False
BONK,2026-03-29T03:42:17.751Z,2026-03-29T03:42:17.751797Z,2026-03-29T05:42:17.751797Z,7367.593287,7,5.765e-06,17.34605377276653,5.749128919860616,0.879,71.72413793103448,17.34605377276653,69.31047537384882,13,7,4,2,0.6923,False
CFX,2026-03-29T03:42:28.939Z,2026-03-29T03:42:28.939835Z,2026-03-29T05:42:28.939835Z,7356.405249,7,0.05659,3.5341933203744804,4.233550890809665,0.0,72.06896551724138,3.5341933203744804,61.7678052425136,3,3,0,0,1.0,False
EIGEN,2026-03-29T03:42:47.931Z,2026-03-29T03:42:47.931720Z,2026-03-29T05:42:47.931720Z,7337.413364,7,0.17149999999999999,58.30903790087307,4.6783625730994025,0.0,72.41379310344827,58.30903790087307,63.38488916301234,9,6,3,0,0.8889,False
FLUX,2026-03-29T03:43:09.559Z,2026-03-29T03:43:09.560147Z,2026-03-29T05:43:09.560147Z,7315.784937,7,0.04925,20.304568527917954,11.475409836065573,0.826,68.27586206896552,20.304568527917954,66.13840992698465,4,3,1,0,1.0,False
GIGGLE,2026-03-29T03:43:21.081Z,2026-03-29T03:43:21.082073Z,2026-03-29T05:43:21.082073Z,7304.263011,7,22.68,26.45502645502746,8.318739054290727,-4.952,69.3103448275862,26.45502645502746,65.44348132657359,2,0,2,0,0.0,False
JUP,2026-03-29T03:43:35.274Z,2026-03-29T03:43:35.275243Z,2026-03-29T05:43:35.275243Z,7290.069841,7,0.14445,6.922810661127657,4.359861591695502,1.976,58.96551724137931,6.922810661127657,65.32088689393568,65,12,48,5,0.0923,False
KERNEL,2026-03-29T03:43:40.573Z,2026-03-29T03:43:40.574056Z,2026-03-29T05:43:40.574056Z,7284.771028,7,0.07894999999999999,12.666244458518413,5.329949238578692,1.416,61.724137931034484,12.666244458518413,68.75132881781198,2,1,0,1,-1.0,False
NEO,2026-03-29T03:43:51.241Z,2026-03-29T03:43:51.241936Z,2026-03-29T05:43:51.241936Z,7274.103148,7,2.5755,11.648223645894443,3.644823575029093,0.742,60.0,11.648223645894443,65.63879125569812,4,2,1,1,0.5,False
S,2026-03-29T03:44:22.046Z,2026-03-29T03:44:22.047092Z,2026-03-29T05:44:22.047092Z,7243.297992,7,0.041014999999999996,12.190661952944394,6.288081891299048,2.549,61.03448275862069,12.190661952944394,74.90453347103676,0,0,0,0,,
SIGN,2026-03-29T03:44:28.019Z,2026-03-29T03:44:28.019679Z,2026-03-29T05:44:28.019679Z,7237.325405,7,0.032560000000000006,18.427518427517672,17.598280098280096,1.181,65.51724137931035,18.427518427517672,66.73301098358503,53,23,25,5,0.6792,False
SKY,2026-03-29T03:44:35.509Z,2026-03-29T03:44:35.510048Z,2026-03-29T05:44:35.510048Z,7229.835036,7,0.06994500000000001,4.289084280504448,2.215868477483911,-0.271,64.82758620689656,4.289084280504448,59.8877409881664,72,18,48,6,-0.0833,False
TURBO,2026-03-29T03:45:09.725Z,2026-03-29T03:45:09.726177Z,2026-03-29T05:45:09.726177Z,7796.545903,7,0.0010255,9.751340809360467,13.242453748782848,2.7,66.20689655172414,9.751340809360467,68.3117892621952,3,3,0,0,1.0,False
CKB,2026-03-29T03:51:18.759Z,2026-03-29T03:51:18.759308Z,2026-03-29T05:51:18.759308Z,7427.512772,7,0.0013565,22.115739034279134,6.098457016899336,0.0,53.793103448275865,22.115739034279134,62.576054168074094,7,5,1,1,1.0,False
FLOKI,2026-03-29T03:51:35.197Z,2026-03-29T03:51:35.198143Z,2026-03-29T05:51:35.198143Z,7411.073937,7,2.761e-05,7.243752263672513,4.858593183466282,0.291,49.310344827586206,7.243752263672513,61.78436252223008,7,5,1,1,0.8571,False
IMX,2026-03-29T03:51:42.565Z,2026-03-29T03:51:42.566083Z,2026-03-29T05:51:42.566083Z,7403.705997,7,0.14495000000000002,20.696791997240062,5.292096219931261,1.394,58.62068965517241,20.696791997240062,70.30044535107014,10,5,4,1,0.8,False
IO,2026-03-29T03:51:50.465Z,2026-03-29T03:51:50.465695Z,2026-03-29T05:51:50.465695Z,7395.806385,7,0.1055,94.78672985781999,5.71428571428572,0.0,51.724137931034484,94.78672985781999,45.104941958713404,6,4,2,0,1.0,False
IOTA,2026-03-29T03:51:58.343Z,2026-03-29T03:51:58.343764Z,2026-03-29T05:51:58.343764Z,7387.928316,7,0.05525,18.099547511312736,2.722323049001817,0.547,56.55172413793103,18.099547511312736,63.854003338571125,4,2,0,2,0.75,False
NIL,2026-03-29T03:52:21.231Z,2026-03-29T03:52:21.231224Z,2026-03-29T05:52:21.231224Z,7365.040856,7,0.0327,61.16207951070512,16.207951070336378,5.484,47.58620689655172,61.16207951070512,68.67507994236803,0,0,0,0,,
OPEN,2026-03-29T03:52:28.427Z,2026-03-29T03:52:28.427547Z,2026-03-29T05:52:28.427547Z,7357.844533,7,0.16505,6.058770069675188,7.912355447352411,0.428,56.206896551724135,6.058770069675188,64.61562622088972,0,0,0,0,,
ORCA,2026-03-29T03:52:40.866Z,2026-03-29T03:52:40.867138Z,2026-03-29T05:52:40.867138Z,7345.404942,7,0.8505,11.757789535567325,4.132231404958682,-0.47,45.86206896551724,11.757789535567325,63.74754610523955,40,30,8,2,0.775,False
PHA,2026-03-29T03:52:53.779Z,2026-03-29T03:52:53.779967Z,2026-03-29T05:52:53.779967Z,7332.492113,7,0.03535,28.288543140029102,7.977207977207988,2.035,57.58620689655172,28.288543140029102,54.15900885213304,6,4,1,1,1.0,False
PLUME,2026-03-29T03:53:02.257Z,2026-03-29T03:53:02.258153Z,2026-03-29T05:53:02.258153Z,7324.013927,7,0.010255,9.75134080936089,6.177606177606178,2.473,54.48275862068966,9.75134080936089,69.13869888137141,0,0,0,0,,
PNUT,2026-03-29T03:53:08.822Z,2026-03-29T03:53:08.822543Z,2026-03-29T05:53:08.822543Z,7317.449537,7,0.03875,25.806451612903963,3.8759689922480653,0.781,57.93103448275862,25.806451612903963,61.79237158712059,67,22,39,6,0.3284,False
PYTH,2026-03-29T03:53:16.578Z,2026-03-29T03:53:16.578611Z,2026-03-29T05:53:16.578611Z,7309.693469,7,0.03755,26.63115845539357,4.79999999999999,1.626,55.172413793103445,26.63115845539357,65.74356086265301,5,2,3,0,1.0,False
RAY,2026-03-29T03:53:22.185Z,2026-03-29T03:53:22.185554Z,2026-03-29T05:53:22.185554Z,7304.086526,7,0.5705,17.528483786152513,2.456140350877176,1.243,52.06896551724138,17.528483786152513,72.01101468313904,18,8,10,0,0.8889,False
ROSE,2026-03-29T03:53:30.260Z,2026-03-29T03:53:30.260702Z,2026-03-29T05:53:30.260702Z,7296.011378,7,0.01047,19.102196752625773,3.431839847473777,0.479,53.44827586206897,19.102196752625773,52.09685436750428,18,4,13,1,1.0,False
RSR,2026-03-29T03:53:37.889Z,2026-03-29T03:53:37.889395Z,2026-03-29T05:53:37.889395Z,7288.382685,7,0.0015305,6.5338124795827035,7.142857142857134,-5.81,52.41379310344828,6.5338124795827035,57.35790205929226,6,2,2,2,0.8333,False
SAGA,2026-03-29T03:53:45.188Z,2026-03-29T03:53:45.188687Z,2026-03-29T05:53:45.188687Z,7281.083393,7,0.02885,34.66204506065837,5.190311418685114,2.12,51.03448275862069,34.66204506065837,65.83100583559523,5,4,1,0,1.0,False
SAHARA,2026-03-29T03:53:52.386Z,2026-03-29T03:53:52.386735Z,2026-03-29T05:53:52.386735Z,7273.885345,7,0.02487,16.08363490148708,10.180360721442888,2.003,53.10344827586207,16.08363490148708,64.68769341029063,0,0,0,0,,
SAND,2026-03-29T03:53:58.968Z,2026-03-29T03:53:58.968440Z,2026-03-29T05:53:58.968440Z,7267.30364,7,0.07355,13.596193065941925,4.217687074829921,1.379,57.241379310344826,13.596193065941925,69.34636878324869,63,16,41,6,-0.0159,False
TOWNS,2026-03-29T03:54:26.398Z,2026-03-29T03:54:26.399168Z,2026-03-29T05:54:26.399168Z,7239.872912,7,0.0035050000000000003,28.53067047075613,8.720930232558137,-6.011,48.62068965517241,28.53067047075613,59.13487142953123,0,0,0,0,,
TUT,2026-03-29T03:54:33.693Z,2026-03-29T03:54:33.694186Z,2026-03-29T05:54:33.694186Z,7232.577894,7,0.008775,11.39601139601093,6.6059225512528545,1.036,51.37931034482759,11.39601139601093,68.37219624598593,0,0,0,0,,
ALT,2026-03-29T04:00:46.644Z,2026-03-29T04:00:46.644858Z,2026-03-29T06:00:46.644858Z,7458.89878,7,0.006235,16.038492381715464,3.9936102236421758,-0.477,35.51724137931034,16.038492381715464,66.84919657821527,5,5,0,0,1.0,False
BABY,2026-03-29T04:00:53.567Z,2026-03-29T04:00:53.567693Z,2026-03-29T06:00:53.567693Z,7451.975945,7,0.01303,15.349194167305592,7.490347490347493,3.517,38.275862068965516,15.349194167305592,69.98704587835635,0,0,0,0,,
BOME,2026-03-29T04:01:07.518Z,2026-03-29T04:01:07.518870Z,2026-03-29T06:01:07.518870Z,7438.024768,7,0.0003795,26.350461133070468,4.774535809018569,-0.265,41.03448275862069,26.350461133070468,59.979474859611955,3,2,1,0,1.0,False
BROCCOLI714,2026-03-29T04:01:21.584Z,2026-03-29T04:01:21.585034Z,2026-03-29T06:01:21.585034Z,7423.958604,7,0.012085,8.274720728175087,4.40931780366056,1.951,38.62068965517241,8.274720728175087,67.39798146204468,0,0,0,0,,
COOKIE,2026-03-29T04:01:29.522Z,2026-03-29T04:01:29.522482Z,2026-03-29T06:01:29.522482Z,7416.021156,7,0.015850000000000003,63.09148264984188,2.631578947368428,0.0,32.41379310344828,63.09148264984188,45.08045845635405,3,2,1,0,1.0,False
ENS,2026-03-29T04:01:48.438Z,2026-03-29T04:01:48.438183Z,2026-03-29T06:01:48.438183Z,7397.105455,7,5.625,17.7777777777774,3.197158081705146,0.716,35.172413793103445,17.7777777777774,62.51509902937862,2,2,0,0,1.0,False
ETC,2026-03-29T04:01:55.686Z,2026-03-29T04:01:55.686802Z,2026-03-29T06:01:55.686802Z,7389.856836,7,8.045,12.430080795527115,3.3540372670807397,-0.494,42.06896551724138,12.430080795527115,63.70289267969001,6,2,3,1,0.3333,False
EUL,2026-03-29T04:02:02.633Z,2026-03-29T04:02:02.633993Z,2026-03-29T06:02:02.633993Z,7382.909645,7,0.7615000000000001,13.131976362442558,6.542056074766362,-3.851,42.41379310344828,13.131976362442558,62.887330010151224,21,0,19,2,-0.3333,False
GRT,2026-03-29T04:02:20.477Z,2026-03-29T04:02:20.477834Z,2026-03-29T06:02:20.477834Z,7365.065804,7,0.023629999999999998,16.927634363098537,3.4976822587442093,1.022,39.6551724137931,16.927634363098537,50.78018792742481,24,9,11,4,0.0417,False
HOME,2026-03-29T04:02:26.897Z,2026-03-29T04:02:26.897989Z,2026-03-29T06:02:26.897989Z,7358.645649,7,0.019785,25.271670457417958,6.093189964157706,-0.762,36.206896551724135,25.271670457417958,65.59060074957245,0,0,0,0,,
INIT,2026-03-29T04:02:34.813Z,2026-03-29T04:02:34.813395Z,2026-03-29T06:02:34.813395Z,7350.730243,7,0.07925,12.618296529967065,4.2341220423412205,4.15,43.793103448275865,12.618296529967065,77.22199209218611,0,0,0,0,,
MEME,2026-03-29T04:02:55.107Z,2026-03-29T04:02:55.107975Z,2026-03-29T06:02:55.107975Z,7330.435663,7,0.0005135000000000001,19.474196689387036,6.274509803921571,-0.971,35.86206896551724,19.474196689387036,59.636117349201314,39,24,13,2,0.7949,False
MINA,2026-03-29T04:03:07.255Z,2026-03-29T04:03:07.255746Z,2026-03-29T06:03:07.255746Z,7318.287892,7,0.0534,37.45318352059902,3.383458646616534,1.141,33.793103448275865,37.45318352059902,39.95980078853383,4,4,0,0,1.0,False
MOVE,2026-03-29T04:03:14.850Z,2026-03-29T04:03:14.851184Z,2026-03-29T06:03:14.851184Z,7310.692454,7,0.017849999999999998,56.02240896358511,3.932584269662917,1.136,37.58620689655172,56.02240896358511,60.50293160257364,3,3,0,0,1.0,False
MUBARAK,2026-03-29T04:03:20.037Z,2026-03-29T04:03:20.038031Z,2026-03-29T06:03:20.038031Z,7305.505607,7,0.011279999999999998,35.46099290780152,3.887884267631101,-1.689,39.310344827586206,35.46099290780152,62.6442714822099,0,0,0,0,,
ORDI,2026-03-29T04:03:32.749Z,2026-03-29T04:03:32.750108Z,2026-03-29T06:03:32.750108Z,7292.79353,7,2.202,9.082652134422252,4.592996816734879,1.806,34.13793103448276,9.082652134422252,67.29581579545314,9,4,4,1,1.0,False
QNT,2026-03-29T04:03:40.487Z,2026-03-29T04:03:40.487288Z,2026-03-29T06:03:40.487288Z,7285.05635,7,70.35,17.057569296373895,2.934089298369961,0.213,43.10344827586207,17.057569296373895,37.49235344221801,13,8,5,0,1.0,False
QTUM,2026-03-29T04:03:48.325Z,2026-03-29T04:03:48.325630Z,2026-03-29T06:03:48.325630Z,7277.218008,7,0.8140000000000001,49.14004914004782,3.9167686658506633,0.989,33.10344827586207,49.14004914004782,44.20619967323317,0,0,0,0,,
REZ,2026-03-29T04:03:54.936Z,2026-03-29T04:03:54.936811Z,2026-03-29T06:03:54.936811Z,7270.606827,7,0.0033550000000000003,29.80625931445611,5.5045871559633035,-1.208,37.93103448275862,29.80625931445611,59.22319946505591,65,11,50,4,-0.1846,False
RVN,2026-03-29T04:04:00.392Z,2026-03-29T04:04:00.392694Z,2026-03-29T06:04:00.392694Z,7265.150944,7,0.005745,52.21932114882596,3.620689655172401,3.203,31.724137931034484,52.21932114882596,69.11519802712859,6,4,2,0,1.0,False
STX,2026-03-29T04:04:06.647Z,2026-03-29T04:04:06.647457Z,2026-03-29T06:04:06.647457Z,7258.896181,7,0.22010000000000002,9.086778736938015,3.7710131758291694,-0.811,34.827586206896555,9.086778736938015,62.84777079179162,64,21,40,3,0.125,False
THETA,2026-03-29T04:04:14.908Z,2026-03-29T04:04:14.909117Z,2026-03-29T06:04:14.909117Z,7250.634521,7,0.1525,65.57377049180334,3.9473684210526354,0.0,33.44827586206897,65.57377049180334,56.282520113855256,7,4,3,0,1.0,False
YB,2026-03-29T04:04:40.809Z,2026-03-29T04:04:40.809913Z,2026-03-29T06:04:40.809913Z,7224.733725,7,0.1065,18.779342723005232,8.775313404050141,-7.411,31.379310344827587,18.779342723005232,56.72499091871249,0,0,0,0,,
ZKC,2026-03-29T04:04:59.017Z,2026-03-29T04:04:59.018149Z,2026-03-29T06:04:59.018149Z,7206.525489,7,0.06885,14.524328249818863,3.0567685589519518,0.292,38.96551724137931,14.524328249818863,59.083310107295546,1,1,0,0,1.0,False
A,2026-03-29T04:10:35.515Z,2026-03-29T04:10:35.515278Z,2026-03-29T06:10:35.515278Z,7470.328106,7,0.07450000000000001,53.6912751677849,3.4759358288770117,1.218,22.413793103448278,53.6912751677849,48.54707970827026,0,0,0,0,,
ACH,2026-03-29T04:10:42.684Z,2026-03-29T04:10:42.684201Z,2026-03-29T06:10:42.684201Z,7463.159183,7,0.00645,31.007751937983233,2.6813880126182967,0.795,30.344827586206897,31.007751937983233,62.431759968102526,6,4,1,1,0.8333,False
ACT,2026-03-29T04:10:48.551Z,2026-03-29T04:10:48.551974Z,2026-03-29T06:10:48.551974Z,7457.29141,7,0.01205,82.98755186721941,5.833333333333327,-1.639,26.551724137931036,82.98755186721941,58.21172541067015,3,2,0,1,1.0,False
ACX,2026-03-29T04:10:54.796Z,2026-03-29T04:10:54.797005Z,2026-03-29T06:10:54.797005Z,7451.046379,7,0.042899999999999994,46.620046620046345,3.26340326340326,1.418,26.20689655172414,46.620046620046345,44.6552584261993,61,5,55,1,0.6885,False
AEVO,2026-03-29T04:11:01.544Z,2026-03-29T04:11:01.544460Z,2026-03-29T06:11:01.544460Z,7444.298924,7,0.02225,44.94382022471883,5.333333333333332,-3.846,23.103448275862068,44.94382022471883,58.28302660299302,3,2,1,0,1.0,False
ANIME,2026-03-29T04:11:07.416Z,2026-03-29T04:11:07.416558Z,2026-03-29T06:11:07.416558Z,7438.426826,7,0.004555,21.95389681668407,4.175824175824177,-0.438,18.620689655172413,21.95389681668407,63.30727233274005,0,0,0,0,,
AT,2026-03-29T04:11:14.101Z,2026-03-29T04:11:14.101972Z,2026-03-29T06:11:14.101972Z,7431.741412,7,0.1412,42.49291784702474,3.884180790960455,0.283,21.379310344827587,42.49291784702474,59.72876586773181,2,1,1,0,1.0,False
BANK,2026-03-29T04:11:27.295Z,2026-03-29T04:11:27.295700Z,2026-03-29T06:11:27.295700Z,7418.547684,7,0.0416,48.07692307692278,6.443914081145587,-0.946,23.448275862068964,48.07692307692278,67.02089098260299,1,1,0,0,1.0,False
BB,2026-03-29T04:11:34.754Z,2026-03-29T04:11:34.755263Z,2026-03-29T06:11:34.755263Z,7411.088121,7,0.02345,42.643923240937916,4.700854700854702,2.632,26.896551724137932,42.643923240937916,65.52268911979132,0,0,0,0,,
BEAMX,2026-03-29T04:11:41.456Z,2026-03-29T04:11:41.456716Z,2026-03-29T06:11:41.456716Z,7404.386668,7,0.0016125,18.60465116279048,5.541718555417192,-2.726,25.862068965517242,18.60465116279048,44.42941336222637,0,0,0,0,,
CATI,2026-03-29T04:11:48.582Z,2026-03-29T04:11:48.582288Z,2026-03-29T06:11:48.582288Z,7397.261096,7,0.052250000000000005,57.41626794258404,8.349514563106792,4.675,23.79310344827586,57.41626794258404,54.21293398227156,4,2,2,0,1.0,False
DOGS,2026-03-29T04:12:01.075Z,2026-03-29T04:12:01.075432Z,2026-03-29T06:12:01.075432Z,7384.767952,7,2.615e-05,38.2409177820264,2.316602316602321,0.0,28.275862068965516,38.2409177820264,58.66737937270013,4,3,1,0,1.0,False
DYM,2026-03-29T04:12:08.892Z,2026-03-29T04:12:08.893241Z,2026-03-29T06:12:08.893241Z,7376.950143,7,0.02545,39.292730844793475,18.972332015810274,-3.435,22.06896551724138,39.292730844793475,37.556165400357386,2,1,0,1,1.0,False
EDEN,2026-03-29T04:12:16.474Z,2026-03-29T04:12:16.474666Z,2026-03-29T06:12:16.474666Z,7369.368718,7,0.028,71.42857142857099,7.1684587813620135,-1.413,20.344827586206897,71.42857142857099,66.12141789363986,0,0,0,0,,
FF,2026-03-29T04:12:29.312Z,2026-03-29T04:12:29.312487Z,2026-03-29T06:12:29.312487Z,7356.530897,7,0.07067,39.62077260506615,2.04197390811117,-0.099,19.310344827586206,39.62077260506615,35.76293034783331,0,0,0,0,,
GMX,2026-03-29T04:12:36.616Z,2026-03-29T04:12:36.617170Z,2026-03-29T06:12:36.617170Z,7349.226214,7,6.29,31.796502384737,5.279999999999987,0.0,27.586206896551722,31.796502384737,31.88648863325988,5,4,0,1,0.6,False
HOLO,2026-03-29T04:12:44.990Z,2026-03-29T04:12:44.990907Z,2026-03-29T06:12:44.990907Z,7340.852477,7,0.052599999999999994,38.0228136882127,3.213610586011342,0.954,20.689655172413794,38.0228136882127,62.3315913776963,1,0,1,0,1.0,False
ILV,2026-03-29T04:12:50.224Z,2026-03-29T04:12:50.224795Z,2026-03-29T06:12:50.224795Z,7335.618589,7,3.375,29.629629629629,2.976190476190479,-0.297,24.137931034482758,29.629629629629,59.79131420034739,2,1,1,0,1.0,False
JTO,2026-03-29T04:12:55.741Z,2026-03-29T04:12:55.741767Z,2026-03-29T06:12:55.741767Z,7330.101617,7,0.29025,10.33591731266036,5.112474437627798,-1.511,30.689655172413794,10.33591731266036,58.72815442025332,8,4,3,1,0.75,False
KAIA,2026-03-29T04:13:02.397Z,2026-03-29T04:13:02.397842Z,2026-03-29T06:13:02.397842Z,7323.445542,7,0.04655,21.482277121375482,3.0172413793103416,0.216,18.96551724137931,21.482277121375482,66.07072054508036,1,0,1,0,1.0,False
KAITO,2026-03-29T04:13:10.417Z,2026-03-29T04:13:10.417993Z,2026-03-29T06:13:10.417993Z,7315.425391,7,0.38995,12.822156686754724,3.8854805725971353,1.981,30.0,12.822156686754724,70.16537251834497,0,0,0,0,,
LISTA,2026-03-29T04:13:17.482Z,2026-03-29T04:13:17.482309Z,2026-03-29T06:13:17.482309Z,7308.361075,7,0.08274999999999999,12.084592145015453,3.0084235860409176,-0.479,29.655172413793103,12.084592145015453,64.8065163531488,2,2,0,0,1.0,False
MIRA,2026-03-29T04:13:25.839Z,2026-03-29T04:13:25.840080Z,2026-03-29T06:13:25.840080Z,7300.003304,7,0.075,26.66666666666743,2.7777777777777657,1.07,20.0,26.66666666666743,62.800869424140835,0,0,0,0,,
NOT,2026-03-29T04:13:32.625Z,2026-03-29T04:13:32.625579Z,2026-03-29T06:13:32.625579Z,7293.217805,7,0.00035150000000000003,28.449502133711807,4.285714285714281,1.449,24.82758620689655,28.449502133711807,68.0456832641592,7,5,2,0,0.4286,False
SAPIEN,2026-03-29T04:13:45.854Z,2026-03-29T04:13:45.854958Z,2026-03-29T06:13:45.854958Z,7279.988426,7,0.06675,14.981273408240128,4.8192771084337265,-0.747,25.517241379310345,14.981273408240128,59.644383969845606,1,0,0,1,1.0,True
SNX,2026-03-29T04:13:53.037Z,2026-03-29T04:13:53.037802Z,2026-03-29T06:13:53.037802Z,7272.805582,7,0.2775,36.036036036036066,3.5971223021582563,0.725,29.310344827586206,36.036036036036066,46.38384425260442,6,5,1,0,1.0,False
SYN,2026-03-29T04:14:07.122Z,2026-03-29T04:14:07.122463Z,2026-03-29T06:14:07.122463Z,7258.720921,7,0.045649999999999996,21.905805038334268,4.11255411255411,-2.532,27.24137931034483,21.905805038334268,37.4835369856336,10,3,7,0,0.8,False
TNSR,2026-03-29T04:14:14.795Z,2026-03-29T04:14:14.795960Z,2026-03-29T06:14:14.795960Z,7251.047424,7,0.03845,26.007802340702955,3.6553524804177506,0.789,17.586206896551722,26.007802340702955,60.76517632292116,36,10,22,4,-0.25,False
TREE,2026-03-29T04:14:21.665Z,2026-03-29T04:14:21.665376Z,2026-03-29T06:14:21.665376Z,7244.178008,7,0.05965,16.764459346186566,4.5226130653266345,1.015,28.620689655172413,16.764459346186566,66.34086903461343,1,0,0,1,-1.0,False
TURTLE,2026-03-29T04:14:27.838Z,2026-03-29T04:14:27.838652Z,2026-03-29T06:14:27.838652Z,7238.004732,7,0.039900000000000005,50.12531328320772,6.313131313131318,1.538,28.96551724137931,50.12531328320772,63.10717012203026,0,0,0,0,,
USUAL,2026-03-29T04:14:35.827Z,2026-03-29T04:14:35.828151Z,2026-03-29T06:14:35.828151Z,7230.015233,7,0.012045,8.302200083021663,4.086738949124277,0.0,18.275862068965516,8.302200083021663,63.01365247949088,4,3,0,1,0.5,False
VELODROME,2026-03-29T04:14:43.010Z,2026-03-29T04:14:43.010693Z,2026-03-29T06:14:43.010693Z,7222.832691,7,0.01403,14.255167498218759,3.988603988603999,1.226,17.93103448275862,14.255167498218759,49.13158364865427,0,0,0,0,,
YGG,2026-03-29T04:14:56.576Z,2026-03-29T04:14:56.576430Z,2026-03-29T06:14:56.576430Z,7209.266954,7,0.03475,23.021582733814007,3.7353863701169256,1.329,31.03448275862069,23.021582733814007,55.60583416916021,4,3,1,0,1.0,False
1000CHEEMS,2026-03-29T04:20:46.458Z,2026-03-29T04:20:46.458761Z,2026-03-29T06:20:46.458761Z,7459.67956,7,0.000429,46.62004662004649,5.7692307692307665,1.217,12.068965517241379,46.62004662004649,46.50412495862488,38,7,31,0,0.3947,False
1000SATS,2026-03-29T04:20:49.609Z,2026-03-29T04:20:49.609530Z,2026-03-29T06:20:49.609530Z,7456.528791,7,1.046e-05,38.2409177820264,4.5757864632983845,0.865,9.655172413793103,38.2409177820264,62.73634246101413,28,18,10,0,0.7143,False
API3,2026-03-29T04:21:01.976Z,2026-03-29T04:21:01.976506Z,2026-03-29T06:21:01.976506Z,7444.161815,7,0.26855,11.171104077451757,2.8068862275449127,0.754,6.896551724137931,11.171104077451757,49.609694836061685,0,0,0,0,,
BMT,2026-03-29T04:21:14.958Z,2026-03-29T04:21:14.958180Z,2026-03-29T06:21:14.958180Z,7431.180141,7,0.014065,7.109847138286237,2.763997165131111,0.858,5.517241379310345,7.109847138286237,63.86105084603926,0,0,0,0,,
CGPT,2026-03-29T04:21:21.532Z,2026-03-29T04:21:21.532508Z,2026-03-29T06:21:21.532508Z,7424.605813,7,0.0191,10.471204188481249,1.9957983193277227,-0.262,14.827586206896552,10.471204188481249,43.24408689216487,3,2,0,1,1.0,False
COMP,2026-03-29T04:21:29.131Z,2026-03-29T04:21:29.131544Z,2026-03-29T06:21:29.131544Z,7417.006777,7,18.265,16.424856282508152,3.2715376226826494,0.164,12.413793103448276,16.424856282508152,45.50694234684873,65,29,27,9,0.2769,False
CVC,2026-03-29T04:21:35.710Z,2026-03-29T04:21:35.711110Z,2026-03-29T06:21:35.711110Z,7410.427211,7,0.029815,23.478115042763914,3.15648085963734,0.202,11.379310344827585,23.478115042763914,43.06478124594807,69,20,42,7,-0.0435,False
CYBER,2026-03-29T04:21:42.956Z,2026-03-29T04:21:42.956471Z,2026-03-29T06:21:42.956471Z,7403.18185,7,0.4885,20.470829068577295,3.703703703703707,1.04,14.482758620689655,20.470829068577295,61.99498031423144,0,0,0,0,,
FORM,2026-03-29T04:21:51.807Z,2026-03-29T04:21:51.808032Z,2026-03-29T06:21:51.808032Z,7394.330289,7,0.24995,52.01040208041591,4.09705648369133,0.6,11.03448275862069,52.01040208041591,69.074961685629,0,0,0,0,,
FUN,2026-03-29T04:21:59.439Z,2026-03-29T04:21:59.439476Z,2026-03-29T06:21:59.439476Z,7386.698845,7,0.0012845,54.495912806539984,9.748427672955975,-1.624,11.724137931034482,54.495912806539984,57.78466248884983,15,6,6,3,-0.0667,False
GMT,2026-03-29T04:22:04.833Z,2026-03-29T04:22:04.833275Z,2026-03-29T06:22:04.833275Z,7381.305046,7,0.009745,10.26167265264196,3.381147540983611,0.412,10.344827586206897,10.26167265264196,57.007543659278475,4,3,0,1,1.0,False
HAEDAL,2026-03-29T04:22:11.634Z,2026-03-29T04:22:11.634708Z,2026-03-29T06:22:11.634708Z,7374.503613,7,0.02885,34.66204506065837,4.467353951890031,1.394,16.551724137931036,34.66204506065837,46.96453526975535,0,0,0,0,,
HIVE,2026-03-29T04:22:18.952Z,2026-03-29T04:22:18.952654Z,2026-03-29T06:22:18.952654Z,7367.185667,7,0.0576,34.722222222222015,2.763385146804843,0.696,8.620689655172415,34.722222222222015,60.587531991157945,0,0,0,0,,
HMSTR,2026-03-29T04:22:25.575Z,2026-03-29T04:22:25.575510Z,2026-03-29T06:22:25.575510Z,7360.562811,7,0.00013245,7.550018875047372,3.391107761868878,-1.118,16.896551724137932,7.550018875047372,60.68832323127708,3,2,1,0,1.0,False
LA,2026-03-29T04:22:32.533Z,2026-03-29T04:22:32.533800Z,2026-03-29T06:22:32.533800Z,7353.604521,7,0.1774,22.54791431792624,3.40843443096477,0.464,15.517241379310345,22.54791431792624,41.42327221085898,0,0,0,0,,
LPT,2026-03-29T04:22:39.826Z,2026-03-29T04:22:39.827076Z,2026-03-29T06:22:39.827076Z,7346.311245,7,2.072,19.30501930501932,2.9611650485436862,-0.531,15.862068965517242,19.30501930501932,45.72305052541645,4,2,2,0,1.0,False
MANTA,2026-03-29T04:22:56.325Z,2026-03-29T04:22:56.325997Z,2026-03-29T06:22:56.325997Z,7329.812324,7,0.061795,17.800792944412816,2.865932642487059,0.783,10.689655172413794,17.800792944412816,61.09927777010649,9,6,3,0,1.0,False
MASK,2026-03-29T04:23:02.814Z,2026-03-29T04:23:02.814622Z,2026-03-29T06:23:02.814622Z,7323.323699,7,0.406,49.26108374384104,4.2079207920791974,0.0,6.551724137931035,49.26108374384104,46.97282973430798,5,1,4,0,0.6,False
MITO,2026-03-29T04:23:16.067Z,2026-03-29T04:23:16.067280Z,2026-03-29T06:23:16.067280Z,7310.071041,7,0.035035,65.6486370772088,5.161106358711167,-3.388,7.241379310344827,65.6486370772088,39.95469580465019,0,0,0,0,,
OSMO,2026-03-29T04:23:19.409Z,2026-03-29T04:23:19.409491Z,2026-03-29T06:23:19.409491Z,7306.72883,7,0.02985,33.50083752093782,2.006688963210702,0.0,10.0,33.50083752093782,62.26886394099502,9,6,3,0,0.6667,False
RARE,2026-03-29T04:23:26.404Z,2026-03-29T04:23:26.404626Z,2026-03-29T06:23:26.404626Z,7299.733695,7,0.01415,70.67137809187359,3.5714285714285747,-1.408,4.827586206896552,70.67137809187359,58.65132587550536,25,14,7,4,0.2,False
RED,2026-03-29T04:23:34.670Z,2026-03-29T04:23:34.671074Z,2026-03-29T06:23:34.671074Z,7291.467247,7,0.10725000000000001,9.32400932400959,2.7829313543599152,0.372,16.20689655172414,9.32400932400959,50.4874198111882,0,0,0,0,,
RPL,2026-03-29T04:23:41.251Z,2026-03-29T04:23:41.251899Z,2026-03-29T06:23:41.251899Z,7284.886422,7,1.585,63.09148264984233,3.184713375796181,0.0,17.24137931034483,63.09148264984233,45.44833091267636,4,1,1,2,0.5,False
SKL,2026-03-29T04:23:48.266Z,2026-03-29T04:23:48.267163Z,2026-03-29T06:23:48.267163Z,7277.871158,7,0.0059050000000000005,50.80440304826358,3.826086956521734,0.877,14.137931034482758,50.80440304826358,46.93635771011963,2,2,0,0,1.0,False
SOLV,2026-03-29T04:23:55.393Z,2026-03-29T04:23:55.393857Z,2026-03-29T06:23:55.393857Z,7270.744464,7,0.00319,62.69592476489044,2.9702970297029636,0.0,15.172413793103448,62.69592476489044,60.29389021296589,0,0,0,0,,
SOPH,2026-03-29T04:24:00.200Z,2026-03-29T04:24:00.200806Z,2026-03-29T06:24:00.200806Z,7265.937515,7,0.008025000000000001,12.461059190032806,3.3457249070632105,0.749,4.137931034482759,12.461059190032806,62.065548016128346,0,0,0,0,,
SUSHI,2026-03-29T04:24:07.088Z,2026-03-29T04:24:07.088360Z,2026-03-29T06:24:07.088360Z,7259.049961,7,0.1897,52.714812862414384,2.33669676048859,-0.212,7.586206896551724,52.714812862414384,41.67027917127151,5,5,0,0,1.0,False
TLM,2026-03-29T04:24:20.093Z,2026-03-29T04:24:20.093240Z,2026-03-29T06:24:20.093240Z,7246.045081,7,0.0016275,18.433179723502086,3.132678132678136,1.814,8.96551724137931,18.433179723502086,51.47074845971903,0,0,0,0,,
UMA,2026-03-29T04:24:26.957Z,2026-03-29T04:24:26.957334Z,2026-03-29T06:24:26.957334Z,7239.180987,7,0.3985,75.28230865746555,5.837563451776641,0.51,7.931034482758621,75.28230865746555,57.00767745877356,0,0,0,0,,
VANRY,2026-03-29T04:24:33.965Z,2026-03-29T04:24:33.966019Z,2026-03-29T06:24:33.966019Z,7232.172302,7,0.005118,7.815552950372275,4.030373831775695,-2.041,13.10344827586207,7.815552950372275,45.62026614711534,68,8,56,4,-0.3529,False
WCT,2026-03-29T04:24:41.972Z,2026-03-29T04:24:41.972451Z,2026-03-29T06:24:41.972451Z,7224.16587,7,0.05635,17.74622892635243,2.3172905525846748,0.358,6.206896551724138,17.74622892635243,41.28112685167486,0,0,0,0,,
XAI,2026-03-29T04:24:49.326Z,2026-03-29T04:24:49.326314Z,2026-03-29T06:24:49.326314Z,7216.812007,7,0.009075,55.09641873278204,2.8634361233480154,0.0,5.172413793103448,55.09641873278204,41.24660148110405,3,3,0,0,1.0,False
BFUSD,2026-03-29T04:30:54.826Z,2026-03-29T04:30:54.827236Z,2026-03-29T06:30:54.827236Z,7449.946009,7,0.99945,5.0027515133328935,0.08008809690659956,0.0,1.3793103448275863,5.0027515133328935,37.69719726255935,0,0,0,0,,
BLUR,2026-03-29T04:31:01.448Z,2026-03-29T04:31:01.448405Z,2026-03-29T06:31:01.448405Z,7443.32484,7,0.017294999999999998,17.34605377276599,4.104046242774579,0.757,2.7586206896551726,17.34605377276599,52.208757842385396,6,4,2,0,1.0,False
CHZ,2026-03-29T04:31:15.575Z,2026-03-29T04:31:15.576056Z,2026-03-29T06:31:15.576056Z,7429.197189,7,0.040940000000000004,9.770395701027187,15.607080528546485,11.541,91.37931034482759,9.770395701027187,63.73749374320572,10,7,1,2,0.6,False
DOGE,2026-03-29T04:31:20.473Z,2026-03-29T04:31:20.473761Z,2026-03-29T06:31:20.473761Z,7424.299484,7,0.091015,1.098719991211339,6.162126537785594,1.099,97.24137931034483,1.098719991211339,51.14001669205281,35,12,18,5,0.3714,False
ENA,2026-03-29T04:31:26.104Z,2026-03-29T04:31:26.105080Z,2026-03-29T06:31:26.105080Z,7418.668165,7,0.09054999999999999,11.04362230811738,7.158590308370035,2.137,94.48275862068965,11.04362230811738,61.21157063977413,16,6,7,3,0.5,False
ETH,2026-03-29T04:31:30.904Z,2026-03-29T04:31:30.904437Z,2026-03-29T06:31:30.904437Z,7413.868808,7,2001.2350000000001,0.04996914405350148,3.0036374507947565,0.964,99.65517241379311,0.04996914405350148,54.4675320583925,47,18,22,7,0.5106,False
EUR,2026-03-29T04:31:35.092Z,2026-03-29T04:31:35.092744Z,2026-03-29T06:31:35.092744Z,7409.680501,7,1.1498499999999998,0.8696786537373484,0.2000347886588945,-0.087,97.58620689655173,0.8696786537373484,62.49681913513725,1,1,0,0,-1.0,False
F,2026-03-29T04:31:42.007Z,2026-03-29T04:31:42.007326Z,2026-03-29T06:31:42.007326Z,7402.765919,7,0.005085,58.99705014749363,2.380952380952387,0.199,1.0344827586206897,58.99705014749363,54.493702368133356,0,0,0,0,,
FDUSD,2026-03-29T04:31:47.293Z,2026-03-29T04:31:47.293716Z,2026-03-29T06:31:47.293716Z,7397.479529,7,0.9989,2.002202422664711,0.030036043251898976,-0.02,92.06896551724138,2.002202422664711,58.92885063565426,0,0,0,0,,
FET,2026-03-29T04:31:52.080Z,2026-03-29T04:31:52.080643Z,2026-03-29T06:31:52.080643Z,7392.692602,7,0.24115,4.146796599626332,13.338856669428337,6.484,96.55172413793103,4.146796599626332,76.22654246792014,8,5,1,2,0.75,False
HBAR,2026-03-29T04:31:57.788Z,2026-03-29T04:31:57.789127Z,2026-03-29T06:31:57.789127Z,7386.984118,7,0.089435,1.1181304858288144,3.7333333333333356,1.408,93.10344827586206,1.1181304858288144,50.49113899968946,14,6,7,1,0.7143,False
HEI,2026-03-29T04:32:04.846Z,2026-03-29T04:32:04.846532Z,2026-03-29T06:32:04.846532Z,7379.926713,7,0.0732,136.61202185792362,3.4106412005457054,-1.611,1.7241379310344827,136.61202185792362,37.88354405169428,0,0,0,0,,
LAYER,2026-03-29T04:32:11.653Z,2026-03-29T04:32:11.653465Z,2026-03-29T06:32:11.653465Z,7373.11978,7,0.07769999999999999,77.22007722007766,4.603580562659836,2.222,2.0689655172413794,77.22007722007766,48.1512707296233,1,0,0,1,-1.0,False
LINK,2026-03-29T04:32:17.721Z,2026-03-29T04:32:17.721739Z,2026-03-29T06:32:17.721739Z,7367.051506,7,8.515,11.743981209629812,3.8823529411764715,-0.118,96.20689655172414,11.743981209629812,65.16495067670479,24,11,13,0,0.5417,False
LSK,2026-03-29T04:32:22.453Z,2026-03-29T04:32:22.453521Z,2026-03-29T06:32:22.453521Z,7362.319724,7,0.121,165.28925619834726,1.6528925619834725,0.0,0.6896551724137931,165.28925619834726,42.99311602366649,0,0,0,0,,
LTC,2026-03-29T04:32:27.803Z,2026-03-29T04:32:27.804182Z,2026-03-29T06:32:27.804182Z,7356.969063,7,54.045,1.8503099269123897,2.8640059127863955,1.405,91.72413793103448,1.8503099269123897,63.5258680874239,21,7,12,2,0.4286,False
MAV,2026-03-29T04:32:34.485Z,2026-03-29T04:32:34.485584Z,2026-03-29T06:32:34.485584Z,7350.287661,7,0.0129,46.511627906977544,3.0000000000000115,1.404,3.103448275862069,46.511627906977544,57.78274418184735,0,0,0,0,,
NMR,2026-03-29T04:32:46.600Z,2026-03-29T04:32:46.600297Z,2026-03-29T06:32:46.600297Z,7338.172948,7,6.605,15.140045420137282,3.9393939393939363,2.326,2.413793103448276,15.140045420137282,59.13720420814398,0,0,0,0,,
PUNDIX,2026-03-29T04:33:06.228Z,2026-03-29T04:33:06.228822Z,2026-03-29T06:33:06.228822Z,7318.544423,7,0.13985,64.35466571326506,1.7142857142857035,-1.685,0.3448275862068966,64.35466571326506,37.28032776945656,0,0,0,0,,
RENDER,2026-03-29T04:33:11.054Z,2026-03-29T04:33:11.055006Z,2026-03-29T06:33:11.055006Z,7313.718239,7,1.6764999999999999,5.9648076349544406,7.374100719424461,1.956,92.41379310344827,5.9648076349544406,52.44952620347731,0,0,0,0,,
SOL,2026-03-29T04:33:17.077Z,2026-03-29T04:33:17.077277Z,2026-03-29T06:33:17.077277Z,7307.695968,7,82.36500000000001,1.2141079341959709,3.1072421714423983,0.194,98.96551724137932,1.2141079341959709,45.063282065607815,40,15,19,6,0.725,False
SUI,2026-03-29T04:33:21.936Z,2026-03-29T04:33:21.936559Z,2026-03-29T06:33:21.936559Z,7302.836686,7,0.86625,1.1544011544010273,7.385575589459092,-1.143,98.27586206896552,1.1544011544010273,52.68632858551936,19,9,9,1,0.3684,False
TAO,2026-03-29T04:33:27.728Z,2026-03-29T04:33:27.728456Z,2026-03-29T06:33:27.728456Z,7297.044789,7,318.6,6.277463904582191,4.6497015394281975,0.664,98.62068965517241,6.277463904582191,61.711137781095,40,21,18,1,0.4,False
TRX,2026-03-29T04:33:32.557Z,2026-03-29T04:33:32.558196Z,2026-03-29T06:33:32.558196Z,7292.215049,7,0.31535,3.1710797526554297,2.7249683143219254,1.675,92.75862068965517,3.1710797526554297,58.781673939302735,20,8,10,2,0.8,False
USD1,2026-03-29T04:33:36.490Z,2026-03-29T04:33:36.490432Z,2026-03-29T06:33:36.490432Z,7288.282813,7,0.99965,1.0003501225427798,0.030012004801917458,0.0,99.3103448275862,1.0003501225427798,63.517185642901026,9,3,5,1,0.5556,True
WLD,2026-03-29T04:33:41.319Z,2026-03-29T04:33:41.319737Z,2026-03-29T06:33:41.319737Z,7283.453508,7,0.27355,3.655638822883896,11.494674990818957,10.377,95.17241379310344,3.655638822883896,77.81158586697347,32,9,18,5,0.4375,False
XLM,2026-03-29T04:33:47.153Z,2026-03-29T04:33:47.153565Z,2026-03-29T06:33:47.153565Z,7277.61968,7,0.16795,5.9541530217336565,4.345238095238096,1.695,90.34482758620689,5.9541530217336565,68.57928670211504,63,18,40,5,0.6984,False
XRP,2026-03-29T04:33:51.936Z,2026-03-29T04:33:51.936850Z,2026-03-29T06:33:51.936850Z,7272.836395,7,1.3373499999999998,0.7477474109245074,2.5159116435791726,0.846,97.93103448275862,0.7477474109245074,47.41716134363553,30,7,14,9,0.2333,False
ZEC,2026-03-29T04:33:57.337Z,2026-03-29T04:33:57.337709Z,2026-03-29T06:33:57.337709Z,7267.435536,7,217.85500000000002,1.3770627252071852,5.825876211782252,1.117,93.44827586206897,1.3770627252071852,56.44139638695187,23,11,11,1,0.5217,False
APT,2026-03-29T04:39:31.678Z,2026-03-29T04:39:31.678785Z,2026-03-29T06:39:31.678785Z,7535.549509,7,0.9295,10.758472296933846,4.487179487179479,-1.681,88.62068965517241,10.758472296933846,59.438378845808245,15,1,13,1,0.4667,False
DOT,2026-03-29T04:39:42.349Z,2026-03-29T04:39:42.349455Z,2026-03-29T06:39:42.349455Z,7524.878839,7,1.2685,7.883326763893495,4.505928853754936,-0.784,88.27586206896552,7.883326763893495,63.43393167135008,14,6,6,2,0.5714,False
FIL,2026-03-29T04:39:49.283Z,2026-03-29T04:39:49.283632Z,2026-03-29T06:39:49.283632Z,7517.944662,7,0.8095000000000001,12.353304508956155,6.049382716049374,-1.937,86.89655172413794,12.353304508956155,66.24415391419626,9,6,1,2,0.1111,False
KITE,2026-03-29T04:39:54.404Z,2026-03-29T04:39:54.404259Z,2026-03-29T06:39:54.404259Z,7512.824035,7,0.15845,6.311139160617796,12.06060606060606,-7.042,87.24137931034483,6.311139160617796,63.87229934754598,7,1,5,1,1.0,False
NEAR,2026-03-29T04:39:59.591Z,2026-03-29T04:39:59.592041Z,2026-03-29T06:39:59.592041Z,7507.636253,7,1.1715,8.536064874092103,2.4807527801539706,0.43,88.96551724137932,8.536064874092103,61.783090854545534,8,5,3,0,0.25,False
0G,2026-03-29T04:45:54.802Z,2026-03-29T04:45:54.802947Z,2026-03-29T06:45:54.802947Z,7751.721182,7,0.4735,21.119324181626208,12.711864406779661,1.505,78.27586206896552,21.119324181626208,66.25922916036251,0,0,0,0,,
ALGO,2026-03-29T04:46:01.018Z,2026-03-29T04:46:01.018588Z,2026-03-29T06:46:01.018588Z,7745.505541,7,0.08174999999999999,12.232415902141025,2.682926829268285,0.985,76.89655172413794,12.232415902141025,48.77229730852453,16,9,3,4,0.4375,False
ARB,2026-03-29T04:46:07.563Z,2026-03-29T04:46:07.564203Z,2026-03-29T06:46:07.564203Z,7738.959926,7,0.08995,11.11728738187914,3.6585365853658507,1.121,83.44827586206897,11.11728738187914,60.86048032543195,18,7,11,0,0.7778,False
ASTER,2026-03-29T04:46:12.544Z,2026-03-29T04:46:12.544389Z,2026-03-29T06:46:12.544389Z,7733.97974,7,0.6585000000000001,15.186028853454832,2.124430955993932,-0.453,84.48275862068965,15.186028853454832,70.02877058165723,6,2,3,1,0.3333,False
AXS,2026-03-29T04:46:19.970Z,2026-03-29T04:46:19.971062Z,2026-03-29T06:46:19.971062Z,7726.553067,7,1.1484999999999999,8.707009142360574,5.777777777777773,0.089,74.82758620689656,8.707009142360574,65.9739577570315,3,2,0,1,0.6667,False
C,2026-03-29T04:46:28.452Z,2026-03-29T04:46:28.453074Z,2026-03-29T06:46:28.453074Z,7718.071055,7,0.0801,49.937578027465364,17.146282973621112,-3.36,85.51724137931035,49.937578027465364,39.81647399036529,1,1,0,0,1.0,False
CETUS,2026-03-29T04:46:33.052Z,2026-03-29T04:46:33.052401Z,2026-03-29T06:46:33.052401Z,7713.471728,7,0.02735,7.312614259597509,10.186881641626973,7.823,78.62068965517241,7.312614259597509,77.2983486270775,5,5,0,0,1.0,False
CRV,2026-03-29T04:46:44.331Z,2026-03-29T04:46:44.331809Z,2026-03-29T06:46:44.331809Z,7702.19232,7,0.21139999999999998,9.460737937559403,5.080721747388408,1.056,85.17241379310344,9.460737937559403,61.59087173877858,4,3,0,1,0.75,False
CVX,2026-03-29T04:46:51.088Z,2026-03-29T04:46:51.088827Z,2026-03-29T06:46:51.088827Z,7695.435302,7,1.642,36.540803897685784,4.433497536945817,-2.404,75.51724137931035,36.540803897685784,58.19376757043358,6,3,3,0,0.3333,False
DYDX,2026-03-29T04:46:57.828Z,2026-03-29T04:46:57.829084Z,2026-03-29T06:46:57.829084Z,7688.695045,7,0.09275,10.781671159028463,8.53788687299894,4.576,82.75862068965517,10.781671159028463,73.61707235498939,5,2,1,2,0.8,False
ENSO,2026-03-29T04:47:04.413Z,2026-03-29T04:47:04.413757Z,2026-03-29T06:47:04.413757Z,7682.110372,7,1.0394999999999999,9.620009620010698,5.5662188099808105,-0.478,80.34482758620689,9.620009620010698,64.37807101164287,1,0,1,0,1.0,False
GUN,2026-03-29T04:47:10.755Z,2026-03-29T04:47:10.755743Z,2026-03-29T06:47:10.755743Z,7675.768386,7,0.017355000000000002,28.810141169690553,9.30094786729859,-1.229,74.13793103448276,28.810141169690553,47.62394546967521,22,13,5,4,0.2727,False
HUMA,2026-03-29T04:47:21.271Z,2026-03-29T04:47:21.271747Z,2026-03-29T06:47:21.271747Z,7665.252382,7,0.015754999999999998,19.041574103458448,13.316423589093224,11.449,79.3103448275862,19.041574103458448,83.07305171778913,1,1,0,0,1.0,False
ICP,2026-03-29T04:47:27.846Z,2026-03-29T04:47:27.846762Z,2026-03-29T06:47:27.846762Z,7658.677367,7,2.2335000000000003,4.477277815087932,4.116331096196872,0.314,83.10344827586206,4.477277815087932,51.22589147448781,13,6,5,2,1.0,False
INJ,2026-03-29T04:47:32.440Z,2026-03-29T04:47:32.440482Z,2026-03-29T06:47:32.440482Z,7654.083647,7,2.8354999999999997,3.526714865102768,4.592016955139523,-0.562,78.96551724137932,3.526714865102768,59.939547431200225,6,4,1,1,0.6667,False
LDO,2026-03-29T04:47:46.952Z,2026-03-29T04:47:46.952309Z,2026-03-29T06:47:46.952309Z,7639.57182,7,0.3067,13.042060645582376,6.7466753162504,3.041,75.17241379310344,13.042060645582376,68.33402362513642,6,2,4,0,0.6667,False
ONDO,2026-03-29T04:47:51.699Z,2026-03-29T04:47:51.699634Z,2026-03-29T06:47:51.699634Z,7634.824495,7,0.2704,7.396449704143251,6.931060044477409,2.547,85.86206896551724,7.396449704143251,60.7851487106261,10,8,2,0,0.8,False
PENDLE,2026-03-29T04:48:00.393Z,2026-03-29T04:48:00.393802Z,2026-03-29T06:48:00.393802Z,7626.130327,7,1.1364999999999998,8.79894412670578,3.9335664335664466,-0.867,72.75862068965517,8.79894412670578,62.513336732125545,1,0,1,0,1.0,False
PENGU,2026-03-29T04:48:05.394Z,2026-03-29T04:48:05.394618Z,2026-03-29T06:48:05.394618Z,7621.129511,7,0.006409,3.120611639881831,5.364404128870809,-0.56,84.13793103448276,3.120611639881831,40.270763142362114,12,6,6,0,0.1667,False
PIXEL,2026-03-29T04:48:10.158Z,2026-03-29T04:48:10.158404Z,2026-03-29T06:48:10.158404Z,7616.365725,7,0.008225,12.158054711245704,10.798122065727709,-4.162,79.65517241379311,12.158054711245704,68.94014133832708,13,7,5,1,0.8462,False
PUMP,2026-03-29T04:48:15.376Z,2026-03-29T04:48:15.376180Z,2026-03-29T06:48:15.376180Z,7611.147949,7,0.001718,11.64144353899912,4.834012813046009,1.418,77.24137931034483,11.64144353899912,66.56959173766984,8,7,1,0,0.25,False
RUNE,2026-03-29T04:48:26.712Z,2026-03-29T04:48:26.712740Z,2026-03-29T06:48:26.712740Z,7599.811389,7,0.3985,25.09410288582185,2.0151133501259464,1.018,77.58620689655173,25.09410288582185,64.00108770442297,14,8,3,3,0.7143,False
SEI,2026-03-29T04:48:31.465Z,2026-03-29T04:48:31.466024Z,2026-03-29T06:48:31.466024Z,7595.058105,7,0.054150000000000004,18.467220683286413,3.9033457249070715,0.0,75.86206896551724,18.467220683286413,67.77765720454666,5,4,1,0,1.0,False
SHIB,2026-03-29T04:48:36.750Z,2026-03-29T04:48:36.750359Z,2026-03-29T06:48:36.750359Z,7589.77377,7,5.825e-06,17.167381974248762,4.631217838765007,1.568,81.72413793103448,17.167381974248762,64.09217272550377,10,4,5,1,0.2,False
STO,2026-03-29T04:48:41.380Z,2026-03-29T04:48:41.380254Z,2026-03-29T06:48:41.380254Z,7585.143875,7,0.14650000000000002,13.65187713310619,20.402084884586753,20.557,77.93103448275862,13.65187713310619,64.98892054891095,1,0,0,1,-1.0,False
SYRUP,2026-03-29T04:48:46.364Z,2026-03-29T04:48:46.364610Z,2026-03-29T06:48:46.364610Z,7580.159519,7,0.20295000000000002,4.9273220004935565,5.841924398625427,-1.973,74.48275862068965,4.9273220004935565,53.34752773657295,1,0,1,0,1.0,False
TON,2026-03-29T04:48:50.964Z,2026-03-29T04:48:50.964396Z,2026-03-29T06:48:50.964396Z,7575.559733,7,1.2405,8.061265618703038,3.6378334680679005,1.727,73.79310344827586,8.061265618703038,52.65537537271057,8,7,1,0,1.0,False
TWT,2026-03-29T04:49:01.422Z,2026-03-29T04:49:01.422485Z,2026-03-29T06:49:01.422485Z,7565.101644,7,0.43975,25.014212620808312,6.021650879566982,0.956,81.37931034482759,25.014212620808312,61.87123241380217,6,4,2,0,1.0,False
UNI,2026-03-29T04:49:06.869Z,2026-03-29T04:49:06.869647Z,2026-03-29T06:49:06.869647Z,7559.654482,7,3.4,5.882352941175823,2.6215022091310742,0.892,76.55172413793103,5.882352941175823,67.93898411487824,8,4,4,0,0.5,False
VIRTUAL,2026-03-29T04:49:12.061Z,2026-03-29T04:49:12.061462Z,2026-03-29T06:49:12.061462Z,7554.462667,7,0.65835,1.5189488873697725,5.785876993166291,1.214,80.6896551724138,1.5189488873697725,40.19529058331118,6,3,2,1,1.0,False
ZRO,2026-03-29T04:49:24.750Z,2026-03-29T04:49:24.750238Z,2026-03-29T06:49:24.750238Z,7541.773891,7,2.0155000000000003,4.961548002976381,4.565756823821332,1.003,80.0,4.961548002976381,59.89089832357972,5,3,2,0,1.0,False
A2Z,2026-03-29T04:54:56.469Z,2026-03-29T04:54:56.469630Z,2026-03-29T06:54:56.469630Z,7210.054499,7,0.000224,178.57142857142807,26.271186440677962,7.273,63.44827586206897,178.57142857142807,68.29670256708093,0,0,0,0,,
ARKM,2026-03-29T04:55:03.575Z,2026-03-29T04:55:03.575833Z,2026-03-29T06:55:03.575833Z,7202.948296,7,0.0965,103.62694300518143,6.250000000000005,3.226,61.37931034482759,103.62694300518143,47.80557560651968,13,3,4,6,0.3077,False
ATOM,2026-03-29T04:55:09.807Z,2026-03-29T04:55:09.807799Z,2026-03-29T06:55:09.807799Z,7794.744891,7,1.6575,6.033182503770075,2.767749699157644,-0.3,70.34482758620689,6.033182503770075,61.130626303201815,64,13,45,6,0.4844,False
BERA,2026-03-29T04:55:18.533Z,2026-03-29T04:55:18.533624Z,2026-03-29T06:55:18.533624Z,7786.019066,7,0.4435,22.547914317925613,5.630630630630636,-0.671,67.58620689655173,22.547914317925613,66.3129900807583,5,2,2,1,0.6,False
BIO,2026-03-29T04:55:23.218Z,2026-03-29T04:55:23.218962Z,2026-03-29T06:55:23.218962Z,7781.333728,7,0.016149999999999998,61.919504643962476,4.938271604938263,1.25,70.0,61.919504643962476,59.23437748890341,0,0,0,0,,
CAKE,2026-03-29T04:55:33.926Z,2026-03-29T04:55:33.926911Z,2026-03-29T06:55:33.926911Z,7770.625779,7,1.3795,7.24900326205067,2.3255813953488396,1.102,59.6551724137931,7.24900326205067,70.04398268204503,8,5,3,0,0.875,False
DASH,2026-03-29T04:55:43.090Z,2026-03-29T04:55:43.090852Z,2026-03-29T06:55:43.090852Z,7761.461838,7,32.01,12.49609497032262,5.084217092950725,2.461,66.55172413793103,12.49609497032262,75.01730573119502,3,3,0,0,1.0,False
EGLD,2026-03-29T04:55:49.937Z,2026-03-29T04:55:49.938137Z,2026-03-29T06:55:49.938137Z,7754.614553,7,3.775,26.490066225165,3.4210526315789567,0.529,62.41379310344828,26.490066225165,52.7452493736293,5,1,4,0,0.6,False
ENJ,2026-03-29T04:56:02.198Z,2026-03-29T04:56:02.198538Z,2026-03-29T06:56:02.198538Z,7742.354152,7,0.019935,5.016302984700071,9.500247402276091,2.485,68.96551724137932,5.016302984700071,46.123411309717376,8,2,5,1,0.75,False
ETHFI,2026-03-29T04:56:17.193Z,2026-03-29T04:56:17.193867Z,2026-03-29T06:56:17.193867Z,7727.358823,7,0.4645,21.528525296017243,4.3478260869565135,1.099,64.48275862068965,21.528525296017243,70.77610545117503,6,5,0,1,0.6667,False
GALA,2026-03-29T04:56:28.247Z,2026-03-29T04:56:28.248031Z,2026-03-29T06:56:28.248031Z,7716.304659,7,0.0028450000000000003,35.14938488576459,5.985915492957747,-2.74,67.24137931034483,35.14938488576459,56.47869690708343,29,17,8,4,0.3103,False
HYPER,2026-03-29T04:56:38.987Z,2026-03-29T04:56:38.987566Z,2026-03-29T06:56:38.987566Z,7705.565124,7,0.0797,25.09410288582081,6.56565656565656,-2.941,59.310344827586206,25.09410288582081,65.09355211407144,1,1,0,0,1.0,False
IDEX,2026-03-29T04:56:42.292Z,2026-03-29T04:56:42.292486Z,2026-03-29T06:56:42.292486Z,7702.260204,7,0.0034149999999999996,146.41288433382178,43.026706231453986,7.325,62.758620689655174,146.41288433382178,67.01852620462934,3,3,0,0,1.0,False
MMT,2026-03-29T04:56:58.844Z,2026-03-29T04:56:58.844848Z,2026-03-29T06:56:58.844848Z,7685.707842,7,0.10625000000000001,9.411764705882621,3.3866415804327428,-1.756,60.689655172413794,9.411764705882621,63.66418610608956,0,0,0,0,,
OP,2026-03-29T04:57:10.081Z,2026-03-29T04:57:10.081307Z,2026-03-29T06:57:10.081307Z,7674.471383,7,0.10225000000000001,9.779951100244778,4.356243949661185,0.097,65.17241379310344,9.779951100244778,60.71353087642214,63,26,34,3,0.381,False
PARTI,2026-03-29T04:57:14.976Z,2026-03-29T04:57:14.976812Z,2026-03-29T06:57:14.976812Z,7669.575878,7,0.08905,33.68893879842726,19.592298980747447,-12.747,69.65517241379311,33.68893879842726,63.53100602523769,0,0,0,0,,
POL,2026-03-29T04:57:20.337Z,2026-03-29T04:57:20.337402Z,2026-03-29T06:57:20.337402Z,7664.215288,7,0.09255,10.804970286332022,3.917301414581073,1.659,66.89655172413794,10.804970286332022,65.7765103208167,7,3,3,1,0.8571,False
PROVE,2026-03-29T04:57:25.019Z,2026-03-29T04:57:25.019461Z,2026-03-29T06:57:25.019461Z,7659.533229,7,0.23504999999999998,12.763241863433088,6.023102310231024,-4.19,70.6896551724138,12.763241863433088,54.245391287674714,0,0,0,0,,
RESOLV,2026-03-29T04:57:29.914Z,2026-03-29T04:57:29.914832Z,2026-03-29T06:57:29.914832Z,7654.637858,7,0.03725,26.84563758389339,11.640211640211644,-5.97,71.37931034482759,26.84563758389339,56.09668428151904,1,0,1,0,-1.0,False
SOMI,2026-03-29T04:57:51.902Z,2026-03-29T04:57:51.902620Z,2026-03-29T06:57:51.902620Z,7632.65007,7,0.15105000000000002,6.620324395896506,5.727452271231082,0.863,67.93103448275862,6.620324395896506,60.92422760951179,0,0,0,0,,
STEEM,2026-03-29T04:57:58.966Z,2026-03-29T04:57:58.967127Z,2026-03-29T06:57:58.967127Z,7625.585563,7,0.059045,49.11508171733399,18.510672967247842,11.379,71.03448275862068,49.11508171733399,77.17234530994293,1,1,0,0,1.0,False
STRK,2026-03-29T04:58:06.329Z,2026-03-29T04:58:06.329887Z,2026-03-29T06:58:06.329887Z,7618.222803,7,0.03425,29.197080291969613,4.970760233918129,2.703,64.13793103448276,29.197080291969613,69.26057060859583,7,3,2,2,0.7143,False
THE,2026-03-29T04:58:12.861Z,2026-03-29T04:58:12.861790Z,2026-03-29T06:58:12.861790Z,7611.6909,7,0.1013,19.743336623890006,4.875717017208406,-3.949,63.10344827586207,19.743336623890006,34.683992246607936,14,4,8,2,0.5,False
TIA,2026-03-29T04:58:20.077Z,2026-03-29T04:58:20.077274Z,2026-03-29T06:58:20.077274Z,7604.475416,7,0.2935,6.814310051108467,3.7978975924042007,-0.271,65.86206896551724,6.814310051108467,65.58532212361877,4,3,0,1,1.0,False
USDE,2026-03-29T04:58:30.628Z,2026-03-29T04:58:30.628456Z,2026-03-29T06:58:30.628456Z,7593.924234,7,0.99925,1.0007505629220814,0.020014009806873713,-0.01,68.62068965517241,1.0007505629220814,44.5041768848485,6,3,3,0,0.6667,False
XTZ,2026-03-29T04:58:35.744Z,2026-03-29T04:58:35.744406Z,2026-03-29T06:58:35.744406Z,7588.808284,7,0.3453,17.37619461338097,4.567937154495197,-2.496,62.06896551724138,17.37619461338097,61.38141559791584,12,7,4,1,0.8333,False
2Z,2026-03-29T05:04:10.201Z,2026-03-29T05:04:10.201927Z,2026-03-29T07:04:10.201927Z,7254.350763,7,0.06909,8.684324793747937,4.334589736155417,-0.145,45.51724137931034,8.684324793747937,52.86764673983566,3,0,3,0,1.0,True
ALLO,2026-03-29T05:04:15.378Z,2026-03-29T05:04:15.378784Z,2026-03-29T07:04:15.378784Z,7249.173906,7,0.1052,19.011406844107007,3.001876172607875,0.851,48.275862068965516,19.011406844107007,71.85745069960133,16,1,13,2,-0.5,False
APE,2026-03-29T05:04:20.197Z,2026-03-29T05:04:20.197835Z,2026-03-29T07:04:20.197835Z,7244.354855,7,0.08654999999999999,11.55401502021986,2.8968713789107627,0.7,55.51724137931034,11.55401502021986,59.13113642381663,8,5,3,0,1.0,False
AR,2026-03-29T05:04:27.050Z,2026-03-29T05:04:27.050809Z,2026-03-29T07:04:27.050809Z,7237.501881,7,1.7149999999999999,58.30903790087469,4.117647058823533,1.19,50.689655172413794,58.30903790087469,63.6557646426547,10,7,3,0,1.0,False
EPIC,2026-03-29T05:04:39.925Z,2026-03-29T05:04:39.925967Z,2026-03-29T07:04:39.925967Z,7224.626723,7,0.2455,40.733197556008186,4.453441295546563,-0.803,54.13793103448276,40.733197556008186,51.87031444431277,0,0,0,0,,
EURI,2026-03-29T05:04:43.335Z,2026-03-29T05:04:43.335581Z,2026-03-29T07:04:43.335581Z,7221.217109,7,1.1501000000000001,3.4779584383982085,0.5914072012523846,-0.087,55.86206896551724,3.4779584383982085,67.01352099325936,0,0,0,0,,
LINEA,2026-03-29T05:05:12.234Z,2026-03-29T05:05:12.234569Z,2026-03-29T07:05:12.234569Z,7792.673776,7,0.0029249999999999996,34.18803418803429,4.794520547945218,0.0,49.6551724137931,34.18803418803429,58.59792423319521,1,0,1,0,1.0,False
MORPHO,2026-03-29T05:05:19.473Z,2026-03-29T05:05:19.473271Z,2026-03-29T07:05:19.473271Z,7785.435074,7,1.4935,6.6956812855700685,4.010695187165765,0.538,54.827586206896555,6.6956812855700685,54.883822102810335,3,2,1,0,1.0,False
NEIRO,2026-03-29T05:05:26.186Z,2026-03-29T05:05:26.186586Z,2026-03-29T07:05:26.186586Z,7778.721759,7,5.5444999999999995e-05,12.625123996753114,4.8639884705458565,1.13,46.206896551724135,12.625123996753114,41.59321212291963,3,2,1,0,1.0,False
PEOPLE,2026-03-29T05:05:50.226Z,2026-03-29T05:05:50.226439Z,2026-03-29T07:05:50.226439Z,7754.681906,7,0.006345,15.760441292355543,3.9123630672926484,-0.622,47.241379310344826,15.760441292355543,65.91829481515016,5,4,0,1,1.0,False
SHELL,2026-03-29T05:06:51.721Z,2026-03-29T05:06:51.721616Z,2026-03-29T07:06:51.721616Z,7693.186729,7,0.02725,36.69724770642307,3.296703296703289,-0.365,47.93103448275862,36.69724770642307,48.41107753975493,0,0,0,0,,
SPK,2026-03-29T05:06:59.244Z,2026-03-29T05:06:59.244621Z,2026-03-29T07:06:59.244621Z,7685.663724,7,0.0202795,14.30015532927402,2.160585385147829,-1.481,46.89655172413793,14.30015532927402,36.016168160085,65,21,38,6,0.4462,False
SSV,2026-03-29T05:07:06.124Z,2026-03-29T05:07:06.124398Z,2026-03-29T07:07:06.124398Z,7678.783947,7,2.237,35.76218149307111,4.355635383924562,0.769,56.89655172413793,35.76218149307111,52.8215455789472,3,3,0,0,1.0,False
VANA,2026-03-29T05:07:20.584Z,2026-03-29T05:07:20.584206Z,2026-03-29T07:07:20.584206Z,7664.324139,7,1.2765,39.169604386994855,17.36163760424563,8.203,48.96551724137931,39.169604386994855,72.94601715180235,4,3,1,0,1.0,False
VET,2026-03-29T05:07:27.342Z,2026-03-29T05:07:27.342350Z,2026-03-29T07:07:27.342350Z,7657.565995,7,0.006646,12.03731567860266,4.016184624606624,1.106,46.55172413793103,12.03731567860266,65.05597468409469,4,3,1,0,1.0,False
W,2026-03-29T05:07:34.787Z,2026-03-29T05:07:34.787751Z,2026-03-29T07:07:34.787751Z,7650.120594,7,0.01495,66.889632107023,4.026845637583891,0.676,52.758620689655174,66.889632107023,44.20273230524364,18,3,12,3,-0.1111,False
ZEN,2026-03-29T05:07:41.605Z,2026-03-29T05:07:41.606108Z,2026-03-29T07:07:41.606108Z,7643.302237,7,5.170999999999999,7.73544768903587,4.28985507246376,1.97,45.172413793103445,7.73544768903587,69.64487995407706,7,6,0,1,1.0,False
COTI,2026-03-29T05:13:04.667Z,2026-03-29T05:13:04.668056Z,2026-03-29T07:13:04.668056Z,7320.240289,7,0.012865000000000001,23.319082782744275,6.5369649805447505,5.848,45.172413793103445,23.319082782744275,75.05825321559486,2,1,1,0,1.0,False
AIXBT,2026-03-29T05:13:36.583Z,2026-03-29T05:13:36.583854Z,2026-03-29T07:13:36.583854Z,7288.324491,7,0.0236,84.7457627118639,7.563025210084032,3.03,44.48275862068966,84.7457627118639,63.26610088028159,6,6,0,0,1.0,False
BANANA,2026-03-29T05:13:52.820Z,2026-03-29T05:13:52.820633Z,2026-03-29T07:13:52.820633Z,7272.087712,7,3.245,30.816640986131855,3.98773006134969,0.929,41.37931034482759,30.816640986131855,39.17840941627472,4,2,1,1,1.0,False
DOLO,2026-03-29T05:14:21.981Z,2026-03-29T05:14:21.981740Z,2026-03-29T07:14:21.981740Z,7242.926605,7,0.03003,46.620046620045876,3.761134938964034,1.168,44.13793103448276,46.620046620045876,47.71957431676033,0,0,0,0,,
GPS,2026-03-29T05:14:50.256Z,2026-03-29T05:14:50.256313Z,2026-03-29T07:14:50.256313Z,7214.652032,7,0.007745,12.911555842478494,3.2010243277848827,1.166,34.827586206896555,12.911555842478494,69.44886901489986,0,0,0,0,,
MET,2026-03-29T05:15:36.296Z,2026-03-29T05:15:36.296702Z,2026-03-29T07:15:36.296702Z,7768.97435,7,0.1389,28.797696184306083,4.496788008565311,-2.505,32.758620689655174,28.797696184306083,39.417783506152844,0,0,0,0,,
NEWT,2026-03-29T05:15:58.091Z,2026-03-29T05:15:58.092115Z,2026-03-29T07:15:58.092115Z,7747.178937,7,0.06985,42.94917680744576,4.584527220630365,-0.852,42.06896551724138,42.94917680744576,51.234215072349535,0,0,0,0,,
TRB,2026-03-29T05:16:36.362Z,2026-03-29T05:16:36.362407Z,2026-03-29T07:16:36.362407Z,7708.908645,7,14.864999999999998,6.7272115708037585,3.429724277067921,0.337,40.0,6.7272115708037585,62.077570933423885,0,0,0,0,,
TST,2026-03-29T05:16:43.115Z,2026-03-29T05:16:43.115984Z,2026-03-29T07:16:43.115984Z,7702.155068,7,0.008335,11.99760047990353,5.301204819277122,-0.955,43.793103448275865,11.99760047990353,52.72729563847182,1,1,0,0,1.0,False
XVG,2026-03-29T05:16:50.990Z,2026-03-29T05:16:50.990778Z,2026-03-29T07:16:50.990778Z,7694.280274,7,0.004432,18.050541516245925,2.8064660978895404,-1.504,41.03448275862069,18.050541516245925,57.97965237884129,64,17,32,15,-0.5625,False
ZK,2026-03-29T05:17:03.293Z,2026-03-29T05:17:03.293282Z,2026-03-29T07:17:03.293282Z,7681.97777,7,0.017195000000000002,5.815644082581908,3.235124205661476,0.933,41.724137931034484,5.815644082581908,66.61292940039027,13,10,3,0,0.8462,False
AUCTION,2026-03-29T05:23:17.671Z,2026-03-29T05:23:17.672001Z,2026-03-29T07:23:17.672001Z,7307.599051,7,4.445,22.49718785151808,2.4719101123595575,1.367,19.655172413793103,22.49718785151808,65.42576396499493,0,0,0,0,,
COW,2026-03-29T05:23:47.699Z,2026-03-29T05:23:47.699694Z,2026-03-29T07:23:47.699694Z,7277.571358,7,0.19655,25.438819638768784,5.017739483020776,2.122,25.862068965517242,25.438819638768784,55.19091517498371,5,5,0,0,1.0,False
ERA,2026-03-29T05:24:09.746Z,2026-03-29T05:24:09.746795Z,2026-03-29T07:24:09.746795Z,7255.524257,7,0.12514999999999998,7.990411506193908,3.0399999999999983,1.133,28.96551724137931,7.990411506193908,66.49172627171775,2,2,0,0,1.0,False
NXPC,2026-03-29T05:25:12.430Z,2026-03-29T05:25:12.431045Z,2026-03-29T07:25:12.431045Z,7792.484658,7,0.2744,29.154518950436135,2.998171846435115,-0.978,21.724137931034484,29.154518950436135,48.99225512525404,0,0,0,0,,
SXT,2026-03-29T05:25:34.911Z,2026-03-29T05:25:34.911668Z,2026-03-29T07:25:34.911668Z,7770.004035,7,0.015349999999999999,65.146579804561,7.096774193548377,-4.321,25.517241379310345,65.146579804561,54.39758968004166,0,0,0,0,,
WAL,2026-03-29T05:26:08.469Z,2026-03-29T05:26:08.469762Z,2026-03-29T07:26:08.469762Z,7736.445941,7,0.06825,14.65201465201507,5.240174672489071,-2.276,25.17241379310345,14.65201465201507,61.08451244724577,1,0,0,1,-1.0,False
ZBT,2026-03-29T05:26:26.782Z,2026-03-29T05:26:26.782632Z,2026-03-29T07:26:26.782632Z,7718.133071,7,0.06985,14.316392269148587,8.028169014084503,5.812,21.03448275862069,14.316392269148587,75.11581568936253,0,0,0,0,,
1000CAT,2026-03-29T05:32:00.465Z,2026-03-29T05:32:00.465411Z,2026-03-29T07:32:00.465411Z,7384.450292,7,0.001655,60.42296072507568,6.7901234567901145,7.285,8.275862068965518,60.42296072507568,59.768880534803316,64,10,52,2,0.1094,False
1MBABYDOGE,2026-03-29T05:32:16.617Z,2026-03-29T05:32:16.617406Z,2026-03-29T07:32:16.617406Z,7368.298297,7,0.00038585,18.141764934560502,3.1306132922761027,2.042,16.551724137931036,18.141764934560502,54.4934061445817,0,0,0,0,,
BIGTIME,2026-03-29T05:32:30.661Z,2026-03-29T05:32:30.661229Z,2026-03-29T07:32:30.661229Z,7354.254474,7,0.011915,25.178346621904137,2.931323283082074,-0.251,4.137931034482759,25.178346621904137,46.902701776912586,70,25,35,10,-0.2,False
MAGIC,2026-03-29T05:33:55.128Z,2026-03-29T05:33:55.128951Z,2026-03-29T07:33:55.128951Z,7269.786752,7,0.0574,34.84320557491389,2.6178010471204214,0.703,4.482758620689655,34.84320557491389,44.285554225382164,75,16,52,7,0.6267,False
ME,2026-03-29T05:34:15.793Z,2026-03-29T05:34:15.794008Z,2026-03-29T07:34:15.794008Z,7249.121695,7,0.0996,20.080321285139746,2.908726178535607,2.256,13.793103448275861,20.080321285139746,55.379206804057894,5,4,1,0,1.0,False
T,2026-03-29T05:35:11.237Z,2026-03-29T05:35:11.237541Z,2026-03-29T07:35:11.237541Z,7793.419437,7,0.006005,49.958368026645324,2.1523178807947003,-1.146,7.586206896551724,49.958368026645324,47.205552158704066,0,0,0,0,,
1INCH,2026-03-29T05:41:24.892Z,2026-03-29T05:41:24.892906Z,2026-03-29T07:41:24.892906Z,7419.764072,7,0.0873,22.909507445590577,2.511415525114148,0.806,3.4482758620689653,22.909507445590577,58.171044719166574,1,1,0,0,-1.0,True
AAVE,2026-03-29T05:41:30.216Z,2026-03-29T05:41:30.216325Z,2026-03-29T07:41:30.216325Z,7414.440653,7,96.605,3.1054293256043826,2.687673772011121,0.393,90.6896551724138,3.1054293256043826,57.80331223050432,20,2,18,0,1.0,False
ADA,2026-03-29T05:41:35.886Z,2026-03-29T05:41:35.887247Z,2026-03-29T07:41:35.887247Z,7408.769731,7,0.24495,4.082465809348397,3.307472437729695,0.082,94.82758620689656,4.082465809348397,42.21719814712841,35,17,15,3,0.4,False
AVAX,2026-03-29T05:41:43.262Z,2026-03-29T05:41:43.262409Z,2026-03-29T07:41:43.262409Z,7401.394569,7,8.735,11.44819690898659,3.085714285714281,0.229,91.37931034482759,11.44819690898659,62.19566962256138,67,16,43,8,0.0448,False
BCH,2026-03-29T05:41:49.070Z,2026-03-29T05:41:49.071055Z,2026-03-29T07:41:49.071055Z,7395.585923,7,482.55,2.0723241114915085,2.531120331950205,1.989,95.17241379310344,2.0723241114915085,66.84791755153742,5,3,1,1,1.0,False
BNB,2026-03-29T05:42:05.371Z,2026-03-29T05:42:05.371872Z,2026-03-29T07:42:05.371872Z,7379.285106,7,612.915,0.1631547604478746,1.4887810298900002,0.192,96.89655172413794,0.1631547604478746,56.44719426006847,16,11,3,2,0.75,False
BTC,2026-03-29T05:42:10.815Z,2026-03-29T05:42:10.815205Z,2026-03-29T07:42:10.815205Z,7373.841773,7,66601.85500000001,0.0015014596807793581,1.7504652644767453,0.712,100.0,0.0015014596807793581,58.88255266090272,22,9,7,6,0.2273,False
NOM,2026-03-29T05:43:30.565Z,2026-03-29T05:43:30.565756Z,2026-03-29T07:43:30.565756Z,7294.091222,7,0.0027349999999999996,36.56307129798913,52.90102389078499,62.778,93.79310344827586,36.56307129798913,83.62722352716114,7,7,0,0,1.0,False
PEPE,2026-03-29T05:43:36.502Z,2026-03-29T05:43:36.502426Z,2026-03-29T07:43:36.502426Z,7288.154552,7,3.305e-06,30.257186081694112,4.2424242424242395,1.227,95.86206896551724,30.257186081694112,67.41644501112776,19,16,0,3,0.5789,False
WLFI,2026-03-29T05:44:16.962Z,2026-03-29T05:44:16.962555Z,2026-03-29T07:44:16.962555Z,7247.694423,7,0.09775,10.230179028133284,3.9877300613496938,0.929,90.34482758620689,10.230179028133284,63.31018978819921,3,1,2,0,1.0,False
BANANAS31,2026-03-29T05:50:09.981Z,2026-03-29T05:50:09.981272Z,2026-03-29T07:50:09.981272Z,7495.037001,7,0.0131755,8.348829266441951,8.774457758228424,0.557,87.24137931034483,8.348829266441951,68.17760689302169,1,1,0,0,1.0,True
ONT,2026-03-29T05:50:29.972Z,2026-03-29T05:50:29.972465Z,2026-03-29T07:50:29.972465Z,7475.045808,7,0.059054999999999996,18.62670392007551,26.78278015116662,7.755,89.65517241379311,18.62670392007551,62.202954283152025,7,3,0,4,-0.1429,False
PAXG,2026-03-29T05:50:36.156Z,2026-03-29T05:50:36.156204Z,2026-03-29T07:50:36.156204Z,7468.862069,7,4493.385,1.7581400213869134,0.40365649588778457,-0.05,86.89655172413794,1.7581400213869134,68.77277040283386,5,2,0,3,1.0,False
WIF,2026-03-29T05:50:47.002Z,2026-03-29T05:50:47.002797Z,2026-03-29T07:50:47.002797Z,7458.015476,7,0.1755,56.980056980057036,6.857142857142848,2.941,87.58620689655173,56.980056980057036,66.22311084811216,4,4,0,0,1.0,False
XPL,2026-03-29T05:50:52.391Z,2026-03-29T05:50:52.391291Z,2026-03-29T07:50:52.391291Z,7452.626982,7,0.08875,11.267605633803141,4.7991071428571415,1.587,87.93103448275862,11.267605633803141,64.30585615583216,0,0,0,0,,
BARD,2026-03-29T05:56:50.800Z,2026-03-29T05:56:50.801059Z,2026-03-29T07:56:50.801059Z,7695.259796,7,0.3745,16.02136181575554,9.103114930182596,5.645,76.55172413793103,16.02136181575554,67.11222874711585,1,0,0,1,1.0,False
HEMI,2026-03-29T05:57:42.068Z,2026-03-29T05:57:42.068787Z,2026-03-29T07:57:42.068787Z,7643.992068,7,0.006105,16.380016380015714,18.927444794952674,17.407,82.41379310344827,16.380016380015714,78.55086940231882,1,1,0,0,1.0,False
KMNO,2026-03-29T05:58:08.408Z,2026-03-29T05:58:08.408851Z,2026-03-29T07:58:08.408851Z,7617.652004,7,0.0175,11.428571428572946,8.319185059422765,2.257,74.13793103448276,11.428571428572946,65.74422080930749,2,1,1,0,1.0,False
TRUMP,2026-03-29T05:59:18.527Z,2026-03-29T05:59:18.527824Z,2026-03-29T07:59:18.527824Z,7547.533031,7,2.9234999999999998,3.420557550880417,4.021628928692133,-0.135,85.17241379310344,3.420557550880417,50.74038829440317,1,0,0,1,-1.0,False
AVNT,2026-03-29T06:05:34.960Z,2026-03-29T06:05:34.960356Z,2026-03-29T08:05:34.960356Z,7770.370817,7,0.13265,7.5386355069745,4.531722054380669,-0.526,64.82758620689656,7.5386355069745,52.512935032624966,0,0,0,0,,
BONK,2026-03-29T06:05:50.405Z,2026-03-29T06:05:50.405819Z,2026-03-29T08:05:50.405819Z,7754.925354,7,5.725e-06,17.467248908296774,5.729166666666656,2.128,71.72413793103448,17.467248908296774,69.6824656848229,10,7,2,1,0.9,False
CFX,2026-03-29T06:06:00.167Z,2026-03-29T06:06:00.167448Z,2026-03-29T08:06:00.167448Z,7745.163725,7,0.056545,8.842514811212562,4.244782454899186,-0.053,72.06896551724138,8.842514811212562,56.773791593901095,5,4,1,0,1.0,False
EIGEN,2026-03-29T06:06:20.302Z,2026-03-29T06:06:20.302579Z,2026-03-29T08:06:20.302579Z,7725.028594,7,0.1695,58.99705014749268,4.6783625730994025,-0.581,71.03448275862068,58.99705014749268,64.0809997177809,5,4,1,0,1.0,False
GIGGLE,2026-03-29T06:06:47.551Z,2026-03-29T06:06:47.552038Z,2026-03-29T08:06:47.552038Z,7697.779135,7,22.854999999999997,21.87705097352908,8.355321020228681,-4.774,67.93103448275862,21.87705097352908,41.9575374498529,0,0,0,0,,
IMX,2026-03-29T06:07:02.081Z,2026-03-29T06:07:02.081271Z,2026-03-29T08:07:02.081271Z,7683.249902,7,0.14329999999999998,13.956734124215336,5.292096219931261,1.891,58.96551724137931,13.956734124215336,70.41327089169818,13,7,5,1,1.0,False
JUP,2026-03-29T06:07:08.001Z,2026-03-29T06:07:08.001723Z,2026-03-29T08:07:08.001723Z,7677.32945,7,0.14305,6.990562740301764,4.149377593360999,1.831,61.37931034482759,6.990562740301764,67.13901911147774,51,6,44,1,1.0,False
KERNEL,2026-03-29T06:07:15.012Z,2026-03-29T06:07:15.012234Z,2026-03-29T08:07:15.012234Z,7670.318939,7,0.08115,12.322858903264201,5.750000000000009,3.896,63.10344827586207,12.322858903264201,67.49877817983717,0,0,0,0,,
S,2026-03-29T06:07:40.272Z,2026-03-29T06:07:40.272856Z,2026-03-29T08:07:40.272856Z,7645.058317,7,0.04093,9.772782799901874,5.865102639296187,2.045,61.03448275862069,9.772782799901874,71.48527703799121,0,0,0,0,,
SAND,2026-03-29T06:07:47.400Z,2026-03-29T06:07:47.400610Z,2026-03-29T08:07:47.400610Z,7637.930563,7,0.07345,13.614703880189106,3.542234332425056,0.686,59.310344827586206,13.614703880189106,64.89052191811155,10,3,5,2,0.7,False
SIGN,2026-03-29T06:07:55.566Z,2026-03-29T06:07:55.567071Z,2026-03-29T08:07:55.567071Z,7629.764102,7,0.032225000000000004,9.309542280836402,17.565910484365414,1.367,65.51724137931035,9.309542280836402,46.37678213195154,49,32,15,2,0.9184,False
SKY,2026-03-29T06:08:00.856Z,2026-03-29T06:08:00.857071Z,2026-03-29T08:08:00.857071Z,7624.474102,7,0.06998,2.857959416975171,2.2108115818000225,-0.114,64.48275862068965,2.857959416975171,61.96501963973705,65,15,46,4,0.3231,False
TURBO,2026-03-29T06:08:35.454Z,2026-03-29T06:08:35.455380Z,2026-03-29T08:08:35.455380Z,7589.875793,7,0.0010215,29.368575624081885,13.03501945525292,2.39,66.55172413793103,29.368575624081885,67.93650973606755,6,5,1,0,1.0,False
CKB,2026-03-29T06:14:52.391Z,2026-03-29T06:14:52.392120Z,2026-03-29T08:14:52.392120Z,7212.939053,7,0.0013615,22.034520749173442,5.813097866077988,-0.367,55.172413793103445,22.034520749173442,46.488232424157204,4,3,0,1,1.0,False
FLOKI,2026-03-29T06:15:11.642Z,2026-03-29T06:15:11.642662Z,2026-03-29T08:15:11.642662Z,7794.01902,7,2.7585e-05,3.625158600688131,4.858593183466282,0.51,50.0,3.625158600688131,47.322954668921305,3,3,0,0,1.0,False
FLUX,2026-03-29T06:15:17.651Z,2026-03-29T06:15:17.651623Z,2026-03-29T08:15:17.651623Z,7788.010059,7,0.04915,20.345879959308824,6.924643584521386,0.204,54.13793103448276,20.345879959308824,68.74973174502078,5,5,0,0,1.0,False
IO,2026-03-29T06:15:25.214Z,2026-03-29T06:15:25.215007Z,2026-03-29T08:15:25.215007Z,7780.446675,7,0.1055,94.78672985781999,5.71428571428572,0.0,52.06896551724138,94.78672985781999,58.69040911536293,5,5,0,0,1.0,False
IOTA,2026-03-29T06:15:32.104Z,2026-03-29T06:15:32.105042Z,2026-03-29T08:15:32.105042Z,7773.55664,7,0.054849999999999996,18.231540565177017,2.7173913043478284,-0.719,56.206896551724135,18.231540565177017,63.88031088575641,8,3,4,1,1.0,False
NEO,2026-03-29T06:15:58.802Z,2026-03-29T06:15:58.802403Z,2026-03-29T08:15:58.802403Z,7746.859279,7,2.5725,11.661807580173644,3.2646715895841463,0.078,55.51724137931034,11.661807580173644,58.43451384433734,3,2,1,0,1.0,False
NIL,2026-03-29T06:16:06.222Z,2026-03-29T06:16:06.222806Z,2026-03-29T08:16:06.222806Z,7739.438876,7,0.0319,62.69592476488991,16.109422492401205,7.869,48.62068965517241,62.69592476488991,51.929773355745795,2,1,1,0,0.0,False
OPEN,2026-03-29T06:16:11.852Z,2026-03-29T06:16:11.852955Z,2026-03-29T08:16:11.852955Z,7733.808727,7,0.16425,6.08828006088213,7.6456310679611645,-1.199,55.86206896551724,6.08828006088213,48.95107350765107,1,0,1,0,1.0,False
ORCA,2026-03-29T06:16:26.551Z,2026-03-29T06:16:26.551913Z,2026-03-29T08:16:26.551913Z,7719.109769,7,0.8494999999999999,11.771630370806369,4.1079812206572806,-0.351,46.55172413793103,11.771630370806369,67.64092233712832,18,8,8,2,0.5,False
PHA,2026-03-29T06:16:37.267Z,2026-03-29T06:16:37.268066Z,2026-03-29T08:16:37.268066Z,7708.393616,7,0.03465,28.86002886002969,7.8873239436619835,3.499,57.58620689655172,28.86002886002969,69.97871731613267,6,5,1,0,1.0,False
PLUME,2026-03-29T06:16:45.209Z,2026-03-29T06:16:45.209326Z,2026-03-29T08:16:45.209326Z,7700.452356,7,0.01013,19.743336623888634,5.468749999999997,0.688,56.89655172413793,19.743336623888634,62.22968441945138,1,1,0,0,1.0,False
PNUT,2026-03-29T06:16:50.508Z,2026-03-29T06:16:50.508459Z,2026-03-29T08:16:50.508459Z,7695.153223,7,0.038650000000000004,25.873221216040342,3.6082474226804258,1.571,57.241379310344826,25.873221216040342,63.1587249661781,65,23,38,4,0.2154,False
PYTH,2026-03-29T06:16:56.291Z,2026-03-29T06:16:56.291866Z,2026-03-29T08:16:56.291866Z,7689.369816,7,0.03735,26.773761713521516,4.533333333333333,1.078,52.758620689655174,26.773761713521516,62.15841257912096,10,7,3,0,1.0,False
RAY,2026-03-29T06:17:00.027Z,2026-03-29T06:17:00.027472Z,2026-03-29T08:17:00.027472Z,7685.63421,7,0.5685,17.590149516270905,2.2767075306479687,1.601,50.689655172413794,17.590149516270905,69.88278558448401,17,9,7,1,0.5882,False
ROSE,2026-03-29T06:17:05.871Z,2026-03-29T06:17:05.871712Z,2026-03-29T08:17:05.871712Z,7679.78997,7,0.010445,9.573958831976633,3.431839847473777,0.0,53.44827586206897,9.573958831976633,65.26293771237057,69,10,54,5,0.2464,False
RSR,2026-03-29T06:17:11.635Z,2026-03-29T06:17:11.635613Z,2026-03-29T08:17:11.635613Z,7674.026069,7,0.0015435000000000002,6.478781988985525,7.455853499018963,-5.266,54.48275862068966,6.478781988985525,56.30515218919673,6,5,1,0,1.0,False
SAGA,2026-03-29T06:17:19.108Z,2026-03-29T06:17:19.108219Z,2026-03-29T08:17:19.108219Z,7666.553463,7,0.028650000000000002,34.90401396160537,4.498269896193769,2.482,51.37931034482759,34.90401396160537,64.95110873977309,4,4,0,0,1.0,False
SAHARA,2026-03-29T06:17:27.026Z,2026-03-29T06:17:27.026430Z,2026-03-29T08:17:27.026430Z,7658.635252,7,0.02464,8.116883116882788,9.79049153908138,0.853,53.10344827586207,8.116883116882788,58.79228374246054,0,0,0,0,,
TOWNS,2026-03-29T06:17:56.567Z,2026-03-29T06:17:56.567314Z,2026-03-29T08:17:56.567314Z,7629.094368,7,0.00347,57.636887608069316,8.670520231213871,-5.464,49.310344827586206,57.636887608069316,56.54258523149703,0,0,0,0,,
TUT,2026-03-29T06:18:01.954Z,2026-03-29T06:18:01.955115Z,2026-03-29T08:18:01.955115Z,7623.706567,7,0.00881,22.70147559591281,6.516853932584277,2.89,51.03448275862069,22.70147559591281,66.85919009891161,0,0,0,0,,
ACH,2026-03-29T06:23:55.341Z,2026-03-29T06:23:55.341853Z,2026-03-29T08:23:55.341853Z,7270.319829,7,0.00638,31.34796238244522,2.64797507788162,1.422,32.06896551724138,31.34796238244522,70.36986300754785,9,9,0,0,1.0,False
ALT,2026-03-29T06:24:08.263Z,2026-03-29T06:24:08.264124Z,2026-03-29T08:24:08.264124Z,7257.397558,7,0.0062450000000000006,16.012810248199294,4.01284109149278,-0.479,35.172413793103445,16.012810248199294,64.83711446703992,7,5,2,0,1.0,False
BABY,2026-03-29T06:24:15.522Z,2026-03-29T06:24:15.522589Z,2026-03-29T08:24:15.522589Z,7250.139093,7,0.012915,7.742934572202549,6.759906759906769,2.305,39.6551724137931,7.742934572202549,53.83072750764562,1,1,0,0,1.0,False
BOME,2026-03-29T06:24:27.146Z,2026-03-29T06:24:27.147265Z,2026-03-29T08:24:27.147265Z,7238.514417,7,0.00037549999999999997,26.63115845539202,4.736842105263158,1.064,40.689655172413794,26.63115845539202,63.33189853112259,8,7,1,0,0.75,False
BROCCOLI714,2026-03-29T06:24:41.374Z,2026-03-29T06:24:41.374794Z,2026-03-29T08:24:41.374794Z,7224.286888,7,0.012285,8.14000814000922,4.380165289256192,2.282,37.93103448275862,8.14000814000922,72.47577793342106,0,0,0,0,,
COOKIE,2026-03-29T06:24:47.822Z,2026-03-29T06:24:47.822283Z,2026-03-29T08:24:47.822283Z,7217.839399,7,0.015649999999999997,63.897763578274386,3.2258064516129057,1.307,33.10344827586207,63.897763578274386,71.79127203814963,5,4,0,1,1.0,False
ENS,2026-03-29T06:25:00.785Z,2026-03-29T06:25:00.786144Z,2026-03-29T08:25:00.786144Z,7204.875538,7,5.605,17.84121320249897,3.0195381882770858,0.716,35.51724137931034,17.84121320249897,48.364026974052884,3,2,0,1,1.0,False
ETC,2026-03-29T06:25:09.258Z,2026-03-29T06:25:09.258465Z,2026-03-29T08:25:09.258465Z,7795.789956,7,8.015,12.476606363068978,3.366583541147127,-0.743,43.44827586206897,12.476606363068978,60.391614397252106,7,6,0,1,1.0,False
EUL,2026-03-29T06:25:15.942Z,2026-03-29T06:25:15.942701Z,2026-03-29T08:25:15.942701Z,7789.10572,7,0.7635000000000001,13.097576948264582,6.430446194225728,-1.804,42.758620689655174,13.097576948264582,60.04909339198549,12,3,9,0,-0.3333,False
GRT,2026-03-29T06:25:35.530Z,2026-03-29T06:25:35.530971Z,2026-03-29T08:25:35.530971Z,7769.51745,7,0.02364,8.460236886632481,3.123680878007603,0.339,39.310344827586206,8.460236886632481,59.22957032971068,17,5,10,2,-0.1765,False
HOME,2026-03-29T06:25:42.432Z,2026-03-29T06:25:42.433235Z,2026-03-29T08:25:42.433235Z,7762.615186,7,0.01969,30.472320975114794,6.071428571428572,0.668,37.241379310344826,30.472320975114794,57.58905034887273,0,0,0,0,,
INIT,2026-03-29T06:25:49.764Z,2026-03-29T06:25:49.765071Z,2026-03-29T08:25:49.765071Z,7755.28335,7,0.07905000000000001,12.650221378874491,4.419191919191922,1.02,36.89655172413793,12.650221378874491,56.752443984752404,1,0,0,1,-1.0,False
JTO,2026-03-29T06:25:56.706Z,2026-03-29T06:25:56.706535Z,2026-03-29T08:25:56.706535Z,7748.341886,7,0.29045,10.328800137718108,5.823569951757398,-1.326,31.724137931034484,10.328800137718108,59.45692627824808,9,5,4,0,1.0,False
MEME,2026-03-29T06:26:15.697Z,2026-03-29T06:26:15.698273Z,2026-03-29T08:26:15.698273Z,7729.350148,7,0.0005095,19.627085377821874,5.859375000000016,1.992,34.13793103448276,19.627085377821874,64.06851752475919,42,28,11,3,0.7381,False
MINA,2026-03-29T06:26:26.884Z,2026-03-29T06:26:26.884491Z,2026-03-29T08:26:26.884491Z,7718.16393,7,0.0529,37.80718336483909,3.2015065913371,1.143,34.48275862068966,37.80718336483909,35.114496936330305,5,3,2,0,1.0,False
MOVE,2026-03-29T06:26:31.720Z,2026-03-29T06:26:31.720947Z,2026-03-29T08:26:31.720947Z,7713.327474,7,0.017750000000000002,56.33802816901374,3.932584269662917,1.136,37.58620689655172,56.33802816901374,59.69529751084936,4,4,0,0,1.0,False
MUBARAK,2026-03-29T06:26:37.339Z,2026-03-29T06:26:37.339957Z,2026-03-29T08:26:37.339957Z,7707.708464,7,0.01141,35.05696757230356,3.8461538461538445,-1.411,38.96551724137931,35.05696757230356,59.1484409308346,0,0,0,0,,
ORDI,2026-03-29T06:26:47.162Z,2026-03-29T06:26:47.162516Z,2026-03-29T08:26:47.162516Z,7697.885905,7,2.1925,13.683010262258216,3.9126478616924616,1.244,33.793103448275865,13.683010262258216,61.993878712370844,10,8,2,0,0.6,False
QNT,2026-03-29T06:26:52.179Z,2026-03-29T06:26:52.179839Z,2026-03-29T08:26:52.179839Z,7692.868582,7,69.995,12.858061290092635,2.9436860068259496,-1.208,43.10344827586207,12.858061290092635,34.870647447519396,15,7,6,2,0.8667,False
REZ,2026-03-29T06:26:59.523Z,2026-03-29T06:26:59.523932Z,2026-03-29T08:26:59.523932Z,7685.524489,7,0.003365,29.717682020802453,5.487804878048782,-1.502,38.62068965517241,29.717682020802453,58.87793423216839,66,8,57,1,-0.3788,False
RVN,2026-03-29T06:27:07.159Z,2026-03-29T06:27:07.159457Z,2026-03-29T08:27:07.159457Z,7677.888964,7,0.00576,69.44444444444463,3.6332179930795716,2.847,31.379310344827587,69.44444444444463,57.028802378465336,3,2,1,0,1.0,False
STX,2026-03-29T06:27:14.672Z,2026-03-29T06:27:14.672656Z,2026-03-29T08:27:14.672656Z,7670.375765,7,0.21885,4.5693397304097205,3.7916857012334404,-1.662,35.86206896551724,4.5693397304097205,62.18750974402654,64,22,36,6,0.1406,False
THETA,2026-03-29T06:27:21.434Z,2026-03-29T06:27:21.434678Z,2026-03-29T08:27:21.434678Z,7663.613743,7,0.1515,66.00660066006607,3.2894736842105297,-0.654,33.44827586206897,66.00660066006607,49.987573532714144,4,2,2,0,1.0,False
ZKC,2026-03-29T06:28:03.334Z,2026-03-29T06:28:03.334828Z,2026-03-29T08:28:03.334828Z,7621.713593,7,0.06795000000000001,14.716703458425732,2.6162790697674363,0.146,36.206896551724135,14.716703458425732,59.185827472997374,0,0,0,0,,
A,2026-03-29T06:33:39.358Z,2026-03-29T06:33:39.358891Z,2026-03-29T08:33:39.358891Z,7285.68953,7,0.07465,66.97923643670468,3.4852546916890152,0.811,23.448275862068964,66.97923643670468,50.045821924964976,0,0,0,0,,
ACT,2026-03-29T06:33:46.396Z,2026-03-29T06:33:46.397123Z,2026-03-29T08:33:46.397123Z,7278.651298,7,0.012150000000000001,82.30452674897212,5.785123966942143,-0.82,26.551724137931036,82.30452674897212,59.539075377495315,3,2,1,0,1.0,False
ACX,2026-03-29T06:33:53.166Z,2026-03-29T06:33:53.166672Z,2026-03-29T08:33:53.166672Z,7271.881749,7,0.042749999999999996,23.391812865496128,3.2558139534883686,2.381,28.275862068965516,23.391812865496128,69.16329466890211,69,29,32,8,0.1739,False
AEVO,2026-03-29T06:33:59.267Z,2026-03-29T06:33:59.267806Z,2026-03-29T08:33:59.267806Z,7265.780615,7,0.02185,45.76659038901574,4.9327354260089695,-3.879,20.689655172413794,45.76659038901574,52.644762816080934,6,4,2,0,1.0,False
ANIME,2026-03-29T06:34:04.949Z,2026-03-29T06:34:04.949711Z,2026-03-29T08:34:04.949711Z,7260.09871,7,0.004515,22.148394241416593,4.175824175824177,-1.087,20.0,22.148394241416593,60.12736061190801,0,0,0,0,,
AT,2026-03-29T06:34:11.848Z,2026-03-29T06:34:11.848644Z,2026-03-29T08:34:11.848644Z,7253.199777,7,0.14305,20.971688220901413,3.9145907473309642,-0.142,19.310344827586206,20.971688220901413,58.50397246080465,5,5,0,0,1.0,False
BANK,2026-03-29T06:34:25.108Z,2026-03-29T06:34:25.108373Z,2026-03-29T08:34:25.108373Z,7239.940048,7,0.042300000000000004,47.28132387706827,6.569343065693434,-2.607,23.79310344827586,47.28132387706827,48.79003191999602,0,0,0,0,,
BB,2026-03-29T06:34:32.047Z,2026-03-29T06:34:32.048002Z,2026-03-29T08:34:32.048002Z,7233.000419,7,0.02345,42.643923240937916,3.4188034188034275,1.739,27.586206896551722,42.643923240937916,60.67611481203423,0,0,0,0,,
BEAMX,2026-03-29T06:34:39.772Z,2026-03-29T06:34:39.772727Z,2026-03-29T08:34:39.772727Z,7225.275694,7,0.001618,12.360939431397087,5.521091811414398,-2.833,27.93103448275862,12.360939431397087,44.70932454135192,0,0,0,0,,
CATI,2026-03-29T06:34:45.002Z,2026-03-29T06:34:45.002562Z,2026-03-29T08:34:45.002562Z,7220.045859,7,0.05185,57.859209257472465,8.349514563106792,7.292,23.103448275862068,57.859209257472465,70.15845018786412,4,2,1,1,1.0,False
DOGS,2026-03-29T06:34:57.420Z,2026-03-29T06:34:57.420988Z,2026-03-29T08:34:57.420988Z,7207.627433,7,2.615e-05,38.2409177820264,2.2900763358778664,0.769,27.24137931034483,38.2409177820264,66.84655907332271,3,1,1,1,0.3333,False
EDEN,2026-03-29T06:35:12.275Z,2026-03-29T06:35:12.275490Z,2026-03-29T08:35:12.275490Z,7793.53726,7,0.028,71.42857142857099,7.117437722419935,-1.404,21.379310344827587,71.42857142857099,63.329865021093205,0,0,0,0,,
FF,2026-03-29T06:35:24.588Z,2026-03-29T06:35:24.589289Z,2026-03-29T08:35:24.589289Z,7781.223461,7,0.07064999999999999,45.29370134465688,2.0428429564477186,0.27,18.620689655172413,45.29370134465688,44.6273491651247,1,1,0,0,1.0,False
GMX,2026-03-29T06:35:31.146Z,2026-03-29T06:35:31.146349Z,2026-03-29T08:35:31.146349Z,7774.666401,7,6.24,32.05128205128136,5.238095238095225,0.639,30.689655172413794,32.05128205128136,62.73608073098324,5,5,0,0,1.0,False
HMSTR,2026-03-29T06:35:36.978Z,2026-03-29T06:35:36.979204Z,2026-03-29T08:35:36.979204Z,7768.833546,7,0.00013185,7.584376185058963,3.39622641509434,-0.898,17.586206896551722,7.584376185058963,60.156000502701765,4,3,1,0,1.0,False
HOLO,2026-03-29T06:35:44.459Z,2026-03-29T06:35:44.460274Z,2026-03-29T08:35:44.460274Z,7761.352476,7,0.05275,18.957345971564525,3.2319391634980987,-0.567,22.413793103448278,18.957345971564525,40.97729153842345,1,0,1,0,1.0,False
ILV,2026-03-29T06:35:50.965Z,2026-03-29T06:35:50.965472Z,2026-03-29T08:35:50.965472Z,7754.847278,7,3.3600000000000003,59.523809523809575,2.9585798816568074,-0.588,24.137931034482758,59.523809523809575,47.72121057798781,4,3,0,1,1.0,False
KAIA,2026-03-29T06:35:57.475Z,2026-03-29T06:35:57.475621Z,2026-03-29T08:35:57.475621Z,7748.337129,7,0.04605,21.715526601520708,3.043478260869562,-1.075,20.344827586206897,21.715526601520708,39.694311325498475,1,1,0,0,1.0,False
KAITO,2026-03-29T06:36:04.869Z,2026-03-29T06:36:04.869763Z,2026-03-29T08:36:04.869763Z,7740.942987,7,0.38749999999999996,15.483870967741664,3.9094650205761297,1.356,30.0,15.483870967741664,52.57568147794088,0,0,0,0,,
LISTA,2026-03-29T06:36:11.305Z,2026-03-29T06:36:11.305890Z,2026-03-29T08:36:11.305890Z,7734.50686,7,0.08295,12.055455093430124,3.0266343825665882,-0.84,28.620689655172413,12.055455093430124,60.99818711551618,6,4,1,1,0.6667,False
MIRA,2026-03-29T06:36:18.083Z,2026-03-29T06:36:18.083952Z,2026-03-29T08:36:18.083952Z,7727.728798,7,0.07525000000000001,13.289036544850877,2.666666666666669,0.134,22.75862068965517,13.289036544850877,56.91352268668708,0,0,0,0,,
NOT,2026-03-29T06:36:24.588Z,2026-03-29T06:36:24.588872Z,2026-03-29T08:36:24.588872Z,7721.223878,7,0.0003505,28.530670470756757,4.000000000000004,2.041,24.482758620689655,28.530670470756757,64.64191903552089,5,5,0,0,1.0,False
RPL,2026-03-29T06:36:36.568Z,2026-03-29T06:36:36.568483Z,2026-03-29T08:36:36.568483Z,7709.244267,7,1.585,63.09148264984233,3.184713375796181,0.0,18.275862068965516,63.09148264984233,44.340092809435795,4,3,1,0,1.0,False
SAPIEN,2026-03-29T06:36:41.397Z,2026-03-29T06:36:41.397298Z,2026-03-29T08:36:41.397298Z,7704.415452,7,0.06634999999999999,15.071590052750999,4.797601199400292,0.452,26.20689655172414,15.071590052750999,47.023972234750765,2,0,0,2,1.0,True
SNX,2026-03-29T06:36:48.552Z,2026-03-29T06:36:48.552819Z,2026-03-29T08:36:48.552819Z,7697.259931,7,0.2765,36.16636528028936,3.6231884057970842,-1.075,24.82758620689655,36.16636528028936,41.76874738514241,0,0,0,0,,
SYN,2026-03-29T06:37:00.937Z,2026-03-29T06:37:00.938165Z,2026-03-29T08:37:00.938165Z,7684.874585,7,0.045899999999999996,43.57298474945508,4.814004376367617,-3.383,29.655172413793103,43.57298474945508,38.13418033555822,0,0,0,0,,
TNSR,2026-03-29T06:37:07.878Z,2026-03-29T06:37:07.878433Z,2026-03-29T08:37:07.878433Z,7677.934317,7,0.03845,26.007802340702955,3.6363636363636327,1.852,17.93103448275862,26.007802340702955,64.8994657997364,22,8,12,2,0.1818,False
TREE,2026-03-29T06:37:14.475Z,2026-03-29T06:37:14.476151Z,2026-03-29T08:37:14.476151Z,7671.336599,7,0.05915,16.90617075232508,3.3444816053511737,1.528,26.896551724137932,16.90617075232508,64.60882124682968,0,0,0,0,,
TURTLE,2026-03-29T06:37:21.135Z,2026-03-29T06:37:21.136200Z,2026-03-29T08:37:21.136200Z,7664.67655,7,0.03955,25.284450063211846,6.265664160401007,2.308,29.310344827586206,25.284450063211846,62.54050820643574,0,0,0,0,,
USUAL,2026-03-29T06:37:27.801Z,2026-03-29T06:37:27.801551Z,2026-03-29T08:37:27.801551Z,7658.011199,7,0.012135,8.240626287597522,4.052936311000834,0.582,18.96551724137931,8.240626287597522,67.5707437861407,2,2,0,0,1.0,False
YB,2026-03-29T06:37:40.004Z,2026-03-29T06:37:40.004807Z,2026-03-29T08:37:40.004807Z,7645.807943,7,0.10725,46.620046620046665,7.957813998082443,-4.923,31.03448275862069,46.620046620046665,59.57403084566054,0,0,0,0,,
YGG,2026-03-29T06:37:46.501Z,2026-03-29T06:37:46.501710Z,2026-03-29T08:37:46.501710Z,7639.31104,7,0.034775,14.37814521926513,3.7460680583357324,1.216,30.344827586206897,14.37814521926513,50.03888113931848,5,3,1,1,1.0,False
1000CHEEMS,2026-03-29T06:43:28.214Z,2026-03-29T06:43:28.214860Z,2026-03-29T08:43:28.214860Z,7297.59789,7,0.00043000000000000004,46.511627906976614,5.82750582750583,4.38,12.758620689655173,46.511627906976614,70.66730642388194,7,1,5,1,0.4286,False
1000SATS,2026-03-29T06:43:33.100Z,2026-03-29T06:43:33.101104Z,2026-03-29T08:43:33.101104Z,7292.711646,7,1.0455e-05,47.824007651840766,4.588910133843218,1.455,9.655172413793103,47.824007651840766,62.71394690739765,25,16,9,0,0.68,False
API3,2026-03-29T06:43:46.215Z,2026-03-29T06:43:46.215863Z,2026-03-29T08:43:46.215863Z,7279.596887,7,0.26839999999999997,7.451564828615257,2.531645569620243,0.599,6.551724137931035,7.451564828615257,50.64811995076298,0,0,0,0,,
BMT,2026-03-29T06:43:59.421Z,2026-03-29T06:43:59.421452Z,2026-03-29T08:43:59.421452Z,7266.391298,7,0.014085,7.099751508696906,2.7659574468085086,1.148,6.206896551724138,7.099751508696906,61.5004603685281,0,0,0,0,,
CGPT,2026-03-29T06:44:06.745Z,2026-03-29T06:44:06.746180Z,2026-03-29T08:44:06.746180Z,7259.06657,7,0.019095,36.6588112071226,1.98952879581151,-0.052,15.862068965517242,36.6588112071226,41.428495241733344,2,1,1,0,1.0,False
COMP,2026-03-29T06:44:14.571Z,2026-03-29T06:44:14.572134Z,2026-03-29T08:44:14.572134Z,7251.240616,7,18.29,10.934937124111304,3.257328990228001,0.327,12.413793103448276,10.934937124111304,61.3488647171835,61,23,32,6,0.2787,False
CVC,2026-03-29T06:44:21.233Z,2026-03-29T06:44:21.233780Z,2026-03-29T08:44:21.233780Z,7244.57897,7,0.029720000000000003,26.917900403768577,2.9214237743451954,-0.634,11.724137931034482,26.917900403768577,40.54050722661277,65,15,35,15,-0.2,False
CYBER,2026-03-29T06:44:28.979Z,2026-03-29T06:44:28.979370Z,2026-03-29T08:44:28.979370Z,7236.83338,7,0.487,41.06776180698156,3.7113402061855707,0.832,16.20689655172414,41.06776180698156,44.766117608483604,1,1,0,0,1.0,False
FORM,2026-03-29T06:44:35.871Z,2026-03-29T06:44:35.871653Z,2026-03-29T08:44:35.871653Z,7229.941097,7,0.2522,31.720856463123216,4.118352658936427,0.725,10.689655172413794,31.720856463123216,68.82906276602255,1,1,0,0,1.0,False
FUN,2026-03-29T06:44:42.625Z,2026-03-29T06:44:42.625704Z,2026-03-29T08:44:42.625704Z,7223.187046,7,0.001282,46.80187207488244,9.794628751974722,-2.088,13.448275862068966,46.80187207488244,45.3837643446444,16,12,4,0,0.5,False
GMT,2026-03-29T06:44:48.687Z,2026-03-29T06:44:48.687787Z,2026-03-29T08:44:48.687787Z,7217.124963,7,0.00972,20.576131687243745,3.3880903490759797,0.103,11.379310344827585,20.576131687243745,56.038227610808725,5,4,0,1,1.0,False
HAEDAL,2026-03-29T06:44:55.721Z,2026-03-29T06:44:55.722003Z,2026-03-29T08:44:55.722003Z,7210.090747,7,0.0287,69.68641114982536,4.467353951890031,0.692,16.896551724137932,69.68641114982536,50.559473461999076,0,0,0,0,,
HIVE,2026-03-29T06:45:02.429Z,2026-03-29T06:45:02.430061Z,2026-03-29T08:45:02.430061Z,7203.382689,7,0.05685,52.77044854881296,2.7444253859348273,0.517,5.862068965517241,52.77044854881296,51.30393401943549,0,0,0,0,,
LA,2026-03-29T06:45:11.135Z,2026-03-29T06:45:11.135706Z,2026-03-29T08:45:11.135706Z,7794.276621,7,0.17755,28.161081385525225,3.5087719298245674,1.377,13.10344827586207,28.161081385525225,68.1589350681004,0,0,0,0,,
LPT,2026-03-29T06:45:18.411Z,2026-03-29T06:45:18.411388Z,2026-03-29T08:45:18.411388Z,7787.000939,7,2.06,9.7087378640766,2.9582929194956327,-0.435,15.517241379310345,9.7087378640766,50.331386966292264,4,4,0,0,1.0,False
MANTA,2026-03-29T06:45:35.004Z,2026-03-29T06:45:35.004338Z,2026-03-29T08:45:35.004338Z,7770.407989,7,0.061625,17.84989858012154,2.854838709677432,1.109,10.0,17.84989858012154,65.64750169781475,5,3,1,1,1.0,False
MASK,2026-03-29T06:45:41.704Z,2026-03-29T06:45:41.704471Z,2026-03-29T08:45:41.704471Z,7763.707856,7,0.404,49.50495049504955,4.166666666666656,0.246,5.517241379310345,49.50495049504955,48.258957366362075,7,7,0,0,0.7143,False
MITO,2026-03-29T06:45:55.013Z,2026-03-29T06:45:55.014134Z,2026-03-29T08:45:55.014134Z,7750.398193,7,0.035280000000000006,34.01360544217744,5.3607071571143425,-3.495,6.896551724137931,34.01360544217744,41.627357715938835,0,0,0,0,,
OSMO,2026-03-29T06:45:58.182Z,2026-03-29T06:45:58.182949Z,2026-03-29T08:45:58.182949Z,7747.229378,7,0.0298,67.11409395973114,2.006688963210702,-0.333,9.310344827586206,67.11409395973114,57.89632349964972,28,11,16,1,0.2143,False
QTUM,2026-03-29T06:46:03.313Z,2026-03-29T06:46:03.313542Z,2026-03-29T08:46:03.313542Z,7742.098785,7,0.8125,36.92307692307559,3.91198044009779,-0.122,11.03448275862069,36.92307692307559,60.71652925333806,0,0,0,0,,
RARE,2026-03-29T06:46:11.754Z,2026-03-29T06:46:11.755252Z,2026-03-29T08:46:11.755252Z,7733.657075,7,0.01425,70.1754385964908,3.5460992907801447,-0.704,5.172413793103448,70.1754385964908,62.15990009222465,14,11,3,0,0.5714,False
RED,2026-03-29T06:46:19.464Z,2026-03-29T06:46:19.465133Z,2026-03-29T08:46:19.465133Z,7725.947194,7,0.1074,18.621973929235743,2.509293680297392,-0.37,8.96551724137931,18.621973929235743,46.07172405323553,0,0,0,0,,
SKL,2026-03-29T06:46:26.462Z,2026-03-29T06:46:26.462220Z,2026-03-29T08:46:26.462220Z,7718.950107,7,0.005885,50.977060322854115,3.826086956521734,1.232,14.137931034482758,50.977060322854115,55.9387326802974,3,3,0,0,1.0,False
SOLV,2026-03-29T06:46:34.570Z,2026-03-29T06:46:34.571248Z,2026-03-29T08:46:34.571248Z,7710.841079,7,0.0031450000000000002,31.79650238473776,3.87096774193548,1.974,17.24137931034483,31.79650238473776,70.38581758496035,0,0,0,0,,
SOPH,2026-03-29T06:46:41.238Z,2026-03-29T06:46:41.238708Z,2026-03-29T08:46:41.238708Z,7704.173619,7,0.00802,24.937655860350276,2.8535980148883504,1.003,3.793103448275862,24.937655860350276,49.838026897392254,0,0,0,0,,
SUSHI,2026-03-29T06:46:48.803Z,2026-03-29T06:46:48.803966Z,2026-03-29T08:46:48.803966Z,7696.608361,7,0.18945,15.835312747426482,2.2175290390707545,0.159,7.241379310344827,15.835312747426482,45.90168155720159,7,6,1,0,1.0,False
TLM,2026-03-29T06:47:01.275Z,2026-03-29T06:47:01.276171Z,2026-03-29T08:47:01.276171Z,7684.136156,7,0.0016255,18.45585973546579,2.9357798165137665,1.996,7.931034482758621,18.45585973546579,66.210638107454,0,0,0,0,,
UMA,2026-03-29T06:47:09.414Z,2026-03-29T06:47:09.414356Z,2026-03-29T08:47:09.414356Z,7675.997971,7,0.398,50.25125628140708,5.735660847880291,2.036,8.620689655172415,50.25125628140708,48.56790764835995,0,0,0,0,,
VANRY,2026-03-29T06:47:14.827Z,2026-03-29T06:47:14.827265Z,2026-03-29T08:47:14.827265Z,7670.585062,7,0.0051535,9.702144173862028,4.031158714703014,-2.967,14.482758620689655,9.702144173862028,61.98534246604344,29,11,17,1,-0.2069,False
VELODROME,2026-03-29T06:47:21.387Z,2026-03-29T06:47:21.387685Z,2026-03-29T08:47:21.387685Z,7664.024642,7,0.01405,14.234875444839277,3.8979447200566986,2.395,14.827586206896552,14.234875444839277,36.46417786382838,0,0,0,0,,
WCT,2026-03-29T06:47:28.875Z,2026-03-29T06:47:28.875429Z,2026-03-29T08:47:28.875429Z,7656.536898,7,0.055999999999999994,35.7142857142855,2.3090586145648357,0.716,12.068965517241379,35.7142857142855,44.96785551492256,0,0,0,0,,
XAI,2026-03-29T06:47:36.393Z,2026-03-29T06:47:36.393250Z,2026-03-29T08:47:36.393250Z,7649.019077,7,0.009065,55.15719801434245,3.097345132743371,-2.059,4.827586206896552,55.15719801434245,40.04251237109046,6,6,0,0,1.0,False
BFUSD,2026-03-29T06:53:36.914Z,2026-03-29T06:53:36.914373Z,2026-03-29T08:53:36.914373Z,7288.497954,7,0.99945,5.0027515133328935,0.08002400720216293,0.08,1.3793103448275863,5.0027515133328935,65.7400133274475,0,0,0,0,,
BLUR,2026-03-29T06:53:45.283Z,2026-03-29T06:53:45.283695Z,2026-03-29T08:53:45.283695Z,7280.128632,7,0.01724,23.20185614849295,4.089861751152086,0.231,2.0689655172413794,23.20185614849295,42.4486802424783,3,1,1,1,0.3333,False
CHZ,2026-03-29T06:53:58.690Z,2026-03-29T06:53:58.690254Z,2026-03-29T08:53:58.690254Z,7266.722073,7,0.040545,12.33197681588394,15.561097256857845,12.325,91.03448275862068,12.33197681588394,73.01893325093259,10,6,3,1,0.8,False
DOGE,2026-03-29T06:54:05.122Z,2026-03-29T06:54:05.123223Z,2026-03-29T08:54:05.123223Z,7260.289104,7,0.09110499999999999,1.0976345974420858,6.009244992295832,1.158,97.24137931034483,1.0976345974420858,61.97323570860966,50,30,16,4,0.5,False
ENA,2026-03-29T06:54:10.810Z,2026-03-29T06:54:10.810440Z,2026-03-29T08:54:10.810440Z,7254.601887,7,0.09065000000000001,11.03143960286849,6.5121412803532035,1.798,94.48275862068965,11.03143960286849,63.343553678736264,7,3,3,1,0.7143,False
ETH,2026-03-29T06:54:16.887Z,2026-03-29T06:54:16.887484Z,2026-03-29T08:54:16.887484Z,7248.524843,7,2003.145,0.04992149844365188,2.9247862137213048,0.628,99.65517241379311,0.04992149844365188,61.90264218349459,50,30,12,8,0.68,False
EUR,2026-03-29T06:54:20.478Z,2026-03-29T06:54:20.478861Z,2026-03-29T08:54:20.478861Z,7244.933466,7,1.14995,0.8696030262184354,0.1739735560194852,-0.078,97.58620689655173,0.8696030262184354,50.65934206641877,1,0,1,0,1.0,False
F,2026-03-29T06:54:27.580Z,2026-03-29T06:54:27.580836Z,2026-03-29T08:54:27.580836Z,7237.831491,7,0.00506,39.52569169960484,2.1825396825396797,-0.198,1.0344827586206897,39.52569169960484,48.75776508465288,0,0,0,0,,
FDUSD,2026-03-29T06:54:31.067Z,2026-03-29T06:54:31.067788Z,2026-03-29T08:54:31.067788Z,7234.344539,7,0.9989,2.002202422664711,0.030033036339970662,-0.01,92.06896551724138,2.002202422664711,59.65912454758648,0,0,0,0,,
FET,2026-03-29T06:54:37.457Z,2026-03-29T06:54:37.457930Z,2026-03-29T08:54:37.457930Z,7227.954397,7,0.24035,4.160599126273725,12.4643584521385,8.484,96.55172413793103,4.160599126273725,67.57889515528517,19,11,6,2,0.7895,False
HBAR,2026-03-29T06:54:42.842Z,2026-03-29T06:54:42.842287Z,2026-03-29T08:54:42.842287Z,7222.57004,7,0.089205,1.121013396109649,3.331476323119769,0.979,93.10344827586206,1.121013396109649,52.55385845254412,15,7,6,2,0.5333,False
HEI,2026-03-29T06:54:50.475Z,2026-03-29T06:54:50.475394Z,2026-03-29T08:54:50.475394Z,7214.936933,7,0.0732,81.96721311475264,3.40136054421769,-1.342,1.7241379310344827,81.96721311475264,49.18345914788514,0,0,0,0,,
LAYER,2026-03-29T06:54:57.548Z,2026-03-29T06:54:57.548589Z,2026-03-29T08:54:57.548589Z,7207.863738,7,0.07725,64.72491909385118,4.615384615384605,2.497,2.7586206896551726,64.72491909385118,46.453791209481935,0,0,0,0,,
LINK,2026-03-29T06:55:03.087Z,2026-03-29T06:55:03.088014Z,2026-03-29T08:55:03.088014Z,7202.324313,7,8.515,11.743981209629812,3.8823529411764715,-0.235,96.20689655172414,11.743981209629812,56.82042807034803,23,11,11,1,0.6087,False
LSK,2026-03-29T06:55:11.120Z,2026-03-29T06:55:11.120353Z,2026-03-29T08:55:11.120353Z,7793.711011,7,0.121,165.28925619834726,1.6528925619834725,0.0,0.6896551724137931,165.28925619834726,32.049731408947316,0,0,0,0,,
LTC,2026-03-29T06:55:16.513Z,2026-03-29T06:55:16.513777Z,2026-03-29T08:55:16.513777Z,7788.317587,7,54.004999999999995,1.8516803999625981,2.5351591413767536,0.84,91.72413793103448,1.8516803999625981,67.62738423189647,26,11,13,2,0.6923,False
MAV,2026-03-29T06:55:22.975Z,2026-03-29T06:55:22.975521Z,2026-03-29T08:55:22.975521Z,7781.855843,7,0.012815,54.62348809988343,2.995391705069135,0.696,2.413793103448276,54.62348809988343,44.930797126932646,0,0,0,0,,
NMR,2026-03-29T06:55:36.070Z,2026-03-29T06:55:36.070628Z,2026-03-29T08:55:36.070628Z,7768.760736,7,6.54,30.581039755351032,3.6199095022624466,2.632,3.103448275862069,30.581039755351032,53.657973801631435,0,0,0,0,,
PUNDIX,2026-03-29T06:55:50.434Z,2026-03-29T06:55:50.434387Z,2026-03-29T08:55:50.434387Z,7754.396977,7,0.1399,71.47962830593288,1.7142857142857035,-1.685,0.3448275862068966,71.47962830593288,42.37100449668105,0,0,0,0,,
RENDER,2026-03-29T06:55:55.604Z,2026-03-29T06:55:55.604652Z,2026-03-29T08:55:55.604652Z,7749.226712,7,1.67,11.976047904191628,6.00475624256837,2.624,92.41379310344827,11.976047904191628,55.58866986936964,2,0,2,0,1.0,False
SOL,2026-03-29T06:56:00.448Z,2026-03-29T06:56:00.448365Z,2026-03-29T08:56:00.448365Z,7744.382999,7,82.41499999999999,1.213371352302993,3.1159068865179527,0.097,98.96551724137932,1.213371352302993,56.239135390438086,47,23,20,4,0.8298,False
SUI,2026-03-29T06:56:05.580Z,2026-03-29T06:56:05.580767Z,2026-03-29T08:56:05.580767Z,7739.250597,7,0.86265,1.1592186866051004,7.376197622070885,-0.938,98.27586206896552,1.1592186866051004,66.14412546405903,19,10,7,2,0.7368,False
TAO,2026-03-29T06:56:10.376Z,2026-03-29T06:56:10.376660Z,2026-03-29T08:56:10.376660Z,7734.454704,7,319.55,3.1294007197628773,4.586303067864876,0.97,98.62068965517241,3.1294007197628773,53.68509802421559,34,21,12,1,0.7941,False
TRX,2026-03-29T06:56:15.730Z,2026-03-29T06:56:15.730711Z,2026-03-29T08:56:15.730711Z,7729.100653,7,0.31945,3.1303803412111124,2.669208770257394,1.483,92.75862068965517,3.1303803412111124,62.86861587338957,18,6,10,2,0.7222,False
USD1,2026-03-29T06:56:18.866Z,2026-03-29T06:56:18.866330Z,2026-03-29T08:56:18.866330Z,7725.965034,7,0.99965,1.0003501225427798,0.030009002700806937,0.01,99.3103448275862,1.0003501225427798,71.50746631531409,14,4,10,0,0.8571,True
WLD,2026-03-29T06:56:23.628Z,2026-03-29T06:56:23.628616Z,2026-03-29T08:56:23.628616Z,7721.202748,7,0.2743,7.29128691213919,10.593841642228744,10.133,95.51724137931035,7.29128691213919,78.44383394284485,23,8,13,2,0.1304,False
XLM,2026-03-29T06:56:34.799Z,2026-03-29T06:56:34.799507Z,2026-03-29T08:56:34.799507Z,7710.031857,7,0.16805,5.95060993751794,4.329774614472124,2.492,90.0,5.95060993751794,74.77348205234209,11,3,8,0,0.4545,False
XRP,2026-03-29T06:56:39.598Z,2026-03-29T06:56:39.598511Z,2026-03-29T08:56:39.598511Z,7705.232853,7,1.33575,0.7486430844094253,2.1318120402341973,0.188,97.93103448275862,0.7486430844094253,45.2140697969231,33,17,13,3,0.3636,False
ZEC,2026-03-29T06:56:44.766Z,2026-03-29T06:56:44.766877Z,2026-03-29T08:56:44.766877Z,7700.064487,7,216.79,2.767655334655762,5.394688306897819,1.941,93.44827586206897,2.767655334655762,54.25510169260952,21,6,13,2,0.6667,False
APT,2026-03-29T07:02:18.220Z,2026-03-29T07:02:18.220750Z,2026-03-29T09:02:18.220750Z,7366.610614,7,0.9285000000000001,10.770059235325803,4.506437768240335,-1.895,88.62068965517241,10.770059235325803,54.27117643920223,11,4,4,3,0.3636,False
DOT,2026-03-29T07:02:27.417Z,2026-03-29T07:02:27.417533Z,2026-03-29T09:02:27.417533Z,7357.413831,7,1.2725,7.8585461689578775,4.509493670886071,-1.711,88.27586206896552,7.8585461689578775,58.17926810256543,13,7,5,1,0.9231,False
KITE,2026-03-29T07:02:32.323Z,2026-03-29T07:02:32.323788Z,2026-03-29T09:02:32.323788Z,7352.507576,7,0.1602,12.484394506866774,12.352576039726879,-6.337,86.55172413793103,12.484394506866774,55.941052172267305,6,2,4,0,0.3333,False
NEAR,2026-03-29T07:02:38.050Z,2026-03-29T07:02:38.050766Z,2026-03-29T09:02:38.050766Z,7346.780598,7,1.1615,8.609556607833747,2.4850042844901385,0.086,89.3103448275862,8.609556607833747,53.518829163663064,11,9,2,0,0.6364,False
0G,2026-03-29T07:08:31.148Z,2026-03-29T07:08:31.148616Z,2026-03-29T09:08:31.148616Z,7593.581533,7,0.4735,21.119324181626208,12.26215644820296,1.502,79.65517241379311,21.119324181626208,63.27073657356512,10,2,8,0,0.7,False
ALGO,2026-03-29T07:08:36.471Z,2026-03-29T07:08:36.471633Z,2026-03-29T09:08:36.471633Z,7588.258516,7,0.08155000000000001,12.26241569589244,2.442002442002444,0.368,75.86206896551724,12.26241569589244,67.12063658076714,7,2,4,1,0.4286,False
ARB,2026-03-29T07:08:41.251Z,2026-03-29T07:08:41.251253Z,2026-03-29T09:08:41.251253Z,7583.478896,7,0.08965000000000001,11.154489682097363,3.670745272525025,0.785,84.48275862068965,11.154489682097363,58.95396481135611,15,8,6,1,0.6,False
ASTER,2026-03-29T07:08:48.887Z,2026-03-29T07:08:48.887800Z,2026-03-29T09:08:48.887800Z,7575.842349,7,0.6595,15.163002274450356,2.1180030257186098,0.0,83.79310344827586,15.163002274450356,71.71958834090968,3,3,0,0,1.0,False
AXS,2026-03-29T07:08:54.341Z,2026-03-29T07:08:54.341696Z,2026-03-29T09:08:54.341696Z,7570.388453,7,1.1364999999999998,8.79894412670578,5.726872246696031,0.177,74.48275862068965,8.79894412670578,66.83954965427756,5,4,0,1,1.0,False
C,2026-03-29T07:09:02.990Z,2026-03-29T07:09:02.991219Z,2026-03-29T09:09:02.991219Z,7561.73893,7,0.07835,12.763241863433677,17.254408060453404,-13.319,84.13793103448276,12.763241863433677,59.872505380597,1,1,0,0,1.0,False
CETUS,2026-03-29T07:09:10.244Z,2026-03-29T07:09:10.244209Z,2026-03-29T09:09:10.244209Z,7554.48594,7,0.026869999999999998,7.443245254932138,9.781021897810213,6.989,78.27586206896552,7.443245254932138,74.94865686318302,5,3,1,1,0.8,False
CRV,2026-03-29T07:09:19.995Z,2026-03-29T07:09:19.995275Z,2026-03-29T09:09:19.995275Z,7544.734874,7,0.21134999999999998,14.19446415897775,5.049551675318541,1.728,85.51724137931035,14.19446415897775,66.46265828600279,5,3,2,0,0.6,False
CVX,2026-03-29T07:09:25.165Z,2026-03-29T07:09:25.166034Z,2026-03-29T09:09:25.166034Z,7539.564115,7,1.626,24.600246002458682,4.400977995110029,-2.503,75.51724137931035,24.600246002458682,65.02036817371837,4,4,0,0,1.0,False
DYDX,2026-03-29T07:09:30.188Z,2026-03-29T07:09:30.188705Z,2026-03-29T09:09:30.188705Z,7534.541444,7,0.09185,10.887316276536634,8.279569892473132,3.448,83.10344827586206,10.887316276536634,53.77985144236444,6,5,1,0,1.0,False
ENSO,2026-03-29T07:09:36.685Z,2026-03-29T07:09:36.685464Z,2026-03-29T09:09:36.685464Z,7528.044685,7,1.0459999999999998,19.120458891013406,6.340057636887614,-0.951,80.34482758620689,19.120458891013406,65.1682461785551,0,0,0,0,,
FIL,2026-03-29T07:09:41.618Z,2026-03-29T07:09:41.618847Z,2026-03-29T09:09:41.618847Z,7523.111302,7,0.8134999999999999,12.292562999385384,6.056860321384416,-1.341,86.20689655172414,12.292562999385384,62.50054759030754,7,5,2,0,1.0,False
GUN,2026-03-29T07:09:47.370Z,2026-03-29T07:09:47.370500Z,2026-03-29T09:09:47.370500Z,7517.359649,7,0.01716,23.31002331002438,10.33314511575382,4.979,75.17241379310344,23.31002331002438,71.19069251875149,15,12,3,0,0.6,False
HUMA,2026-03-29T07:09:56.807Z,2026-03-29T07:09:56.807660Z,2026-03-29T09:09:56.807660Z,7507.922489,7,0.014835000000000001,20.22244691607719,12.913287585776672,3.419,77.93103448275862,20.22244691607719,73.01305496462986,1,1,0,0,1.0,False
ICP,2026-03-29T07:10:01.485Z,2026-03-29T07:10:01.485834Z,2026-03-29T09:10:01.485834Z,7503.244315,7,2.2295,4.485310607759094,4.120017913121365,0.495,83.44827586206897,4.485310607759094,64.52461024396835,11,7,1,3,0.6364,False
INJ,2026-03-29T07:10:07.662Z,2026-03-29T07:10:07.662873Z,2026-03-29T09:10:07.662873Z,7497.067276,7,2.8289999999999997,7.069635913751234,4.5887751500176455,-0.246,78.96551724137932,7.069635913751234,55.805382804049685,12,9,3,0,0.75,False
LDO,2026-03-29T07:10:21.523Z,2026-03-29T07:10:21.524053Z,2026-03-29T09:10:21.524053Z,7483.206096,7,0.30569999999999997,13.084723585214638,6.786296900489392,3.477,76.20689655172414,13.084723585214638,69.94810153604921,7,5,1,1,0.7143,False
ONDO,2026-03-29T07:10:28.564Z,2026-03-29T07:10:28.564364Z,2026-03-29T09:10:28.564364Z,7476.165785,7,0.2673,7.48222970445318,6.787833827893189,2.744,85.86206896551724,7.48222970445318,44.77912356615396,10,4,4,2,0.8,False
PENDLE,2026-03-29T07:10:35.363Z,2026-03-29T07:10:35.363658Z,2026-03-29T09:10:35.363658Z,7469.366491,7,1.133,17.652250661959414,4.045734388742308,-1.216,73.10344827586206,17.652250661959414,48.50144365225391,7,5,1,1,0.5714,False
PENGU,2026-03-29T07:10:40.066Z,2026-03-29T07:10:40.066808Z,2026-03-29T09:10:40.066808Z,7464.663341,7,0.00637,3.1397174254321283,5.365243234788043,0.094,82.75862068965517,3.1397174254321283,53.047427887366695,10,5,4,1,0.5,False
PIXEL,2026-03-29T07:10:45.103Z,2026-03-29T07:10:45.103728Z,2026-03-29T09:10:45.103728Z,7459.626421,7,0.008255,12.113870381586421,7.942238267148004,-5.461,79.3103448275862,12.113870381586421,45.55141833089979,17,12,5,0,0.6471,False
PUMP,2026-03-29T07:10:49.780Z,2026-03-29T07:10:49.780302Z,2026-03-29T09:10:49.780302Z,7454.949847,7,0.0017105,5.846243788366751,4.5428072218986575,1.598,77.58620689655173,5.846243788366751,66.64106920244409,9,6,2,1,0.7778,False
RESOLV,2026-03-29T07:10:54.741Z,2026-03-29T07:10:54.742243Z,2026-03-29T09:10:54.742243Z,7449.987906,7,0.0385,51.94805194805344,13.13672922252011,-7.901,74.82758620689656,51.94805194805344,50.481213198831774,2,1,1,0,0.5,False
RUNE,2026-03-29T07:11:07.097Z,2026-03-29T07:11:07.097754Z,2026-03-29T09:11:07.097754Z,7437.632395,7,0.3985,25.09410288582185,1.7543859649122824,1.269,78.62068965517241,25.09410288582185,65.25868356482579,5,4,1,0,1.0,False
SEI,2026-03-29T07:11:12.092Z,2026-03-29T07:11:12.095835Z,2026-03-29T09:11:12.095835Z,7432.634314,7,0.05385,18.570102135562276,3.910614525139674,-0.739,76.89655172413794,18.570102135562276,66.2414646097882,4,2,2,0,0.5,False
SHIB,2026-03-29T07:11:17.626Z,2026-03-29T07:11:17.627042Z,2026-03-29T09:11:17.627042Z,7427.103107,7,5.7949999999999996e-06,17.256255392581107,4.467353951890035,1.748,81.72413793103448,17.256255392581107,53.82057018316296,27,7,18,2,0.5926,False
STO,2026-03-29T07:11:22.286Z,2026-03-29T07:11:22.286871Z,2026-03-29T09:11:22.286871Z,7422.443278,7,0.16049999999999998,12.461059190031511,30.57371096586783,23.166,80.0,12.461059190031511,80.04686256923831,12,8,2,2,0.75,False
SYRUP,2026-03-29T07:11:28.200Z,2026-03-29T07:11:28.200666Z,2026-03-29T09:11:28.200666Z,7416.529483,7,0.20445,4.891171435558277,5.856299212598422,-0.878,73.44827586206897,4.891171435558277,50.14119491244416,1,1,0,0,1.0,False
TWT,2026-03-29T07:11:38.671Z,2026-03-29T07:11:38.671352Z,2026-03-29T09:11:38.671352Z,7406.058797,7,0.4439,22.527596305474223,6.044826805524112,3.661,80.6896551724138,22.527596305474223,68.94321585245082,12,3,6,3,0.1667,False
UNI,2026-03-29T07:11:43.312Z,2026-03-29T07:11:43.312642Z,2026-03-29T09:11:43.312642Z,7401.417507,7,3.3964999999999996,2.9442072721916386,2.390791027154662,0.594,77.24137931034483,2.9442072721916386,65.97701278208328,17,8,7,2,0.6471,False
VIRTUAL,2026-03-29T07:11:48.962Z,2026-03-29T07:11:48.962204Z,2026-03-29T09:11:48.962204Z,7395.767945,7,0.65415,1.528701368187556,5.5150410209662715,1.464,81.03448275862068,1.528701368187556,61.77355876997103,3,1,2,0,1.0,False
ZRO,2026-03-29T07:12:01.026Z,2026-03-29T07:12:01.026577Z,2026-03-29T09:12:01.026577Z,7383.703572,7,2.0004999999999997,4.998750312421344,4.57939273270283,-0.888,73.79310344827586,4.998750312421344,47.88826775089084,11,8,3,0,1.0,False
A2Z,2026-03-29T07:17:50.150Z,2026-03-29T07:17:50.150273Z,2026-03-29T09:17:50.150273Z,7635.791044,7,0.00022150000000000002,135.44018058690708,18.421052631578945,-3.797,61.03448275862069,135.44018058690708,59.117542836586686,1,1,0,0,1.0,True
ARKM,2026-03-29T07:17:56.528Z,2026-03-29T07:17:56.528333Z,2026-03-29T09:17:56.528333Z,7629.412984,7,0.0965,103.62694300518143,4.123711340206189,0.0,61.37931034482759,103.62694300518143,45.10069588690713,4,2,2,0,0.0,False
ATOM,2026-03-29T07:18:01.415Z,2026-03-29T07:18:01.415955Z,2026-03-29T09:18:01.415955Z,7624.525362,7,1.6564999999999999,6.036824630245167,2.776101388050696,-1.251,70.34482758620689,6.036824630245167,58.84747041837557,67,16,49,2,0.3881,False
BERA,2026-03-29T07:18:14.941Z,2026-03-29T07:18:14.941951Z,2026-03-29T09:18:14.941951Z,7610.999366,7,0.4475,22.34636871508382,5.643340857787815,-2.423,64.48275862068965,22.34636871508382,57.96272686081493,0,0,0,0,,
BIO,2026-03-29T07:18:21.761Z,2026-03-29T07:18:21.762053Z,2026-03-29T09:18:21.762053Z,7604.179264,7,0.016050000000000002,62.30529595015538,4.968944099378874,-1.227,70.6896551724138,62.30529595015538,57.10250709016359,0,0,0,0,,
CAKE,2026-03-29T07:18:27.109Z,2026-03-29T07:18:27.109499Z,2026-03-29T09:18:27.109499Z,7598.831818,7,1.3775,7.259528130670707,2.0304568527918803,0.51,62.06896551724138,7.259528130670707,69.86316610204344,8,5,3,0,0.75,False
DASH,2026-03-29T07:18:33.462Z,2026-03-29T07:18:33.462860Z,2026-03-29T09:18:33.462860Z,7592.478457,7,31.880000000000003,6.273525721455324,3.913587977457733,0.535,67.24137931034483,6.273525721455324,57.51901486198389,4,2,2,0,1.0,False
EGLD,2026-03-29T07:18:39.054Z,2026-03-29T07:18:39.054336Z,2026-03-29T09:18:39.054336Z,7586.886981,7,3.795,26.350461133069267,3.4482758620689746,-1.309,63.44827586206897,26.350461133069267,58.40799430181375,7,7,0,0,1.0,False
ENJ,2026-03-29T07:18:46.014Z,2026-03-29T07:18:46.015011Z,2026-03-29T09:18:46.015011Z,7579.926306,7,0.019950000000000002,30.07518796992532,8.890005022601693,-0.251,68.27586206896552,30.07518796992532,49.89016597071893,13,6,5,2,0.7692,False
ETHFI,2026-03-29T07:18:58.207Z,2026-03-29T07:18:58.207854Z,2026-03-29T09:18:58.207854Z,7567.733463,7,0.4605,21.715526601520104,3.225806451612894,0.649,62.41379310344828,21.715526601520104,70.33418273206631,8,7,1,0,1.0,False
GALA,2026-03-29T07:19:03.109Z,2026-03-29T07:19:03.109958Z,2026-03-29T09:19:03.109958Z,7562.831359,7,0.0028250000000000003,35.398230088495666,5.964912280701755,-2.397,66.55172413793103,35.398230088495666,58.997489290225325,19,15,4,0,0.6842,False
HYPER,2026-03-29T07:19:16.543Z,2026-03-29T07:19:16.543304Z,2026-03-29T09:19:16.543304Z,7549.398013,7,0.07875,12.6984126984113,6.273525721455464,-3.976,62.758620689655174,12.6984126984113,65.43789915268387,0,0,0,0,,
IDEX,2026-03-29T07:19:19.599Z,2026-03-29T07:19:19.600033Z,2026-03-29T09:19:19.600033Z,7546.341284,7,0.00342,175.43859649122854,38.41642228739002,-10.499,61.724137931034484,175.43859649122854,52.50899901921042,4,2,1,1,1.0,False
OP,2026-03-29T07:19:37.190Z,2026-03-29T07:19:37.190171Z,2026-03-29T09:19:37.190171Z,7528.751146,7,0.10255,9.751340809361567,4.390243902439028,-1.347,69.65517241379311,9.751340809361567,65.90071975376885,12,7,4,1,0.9167,False
PARTI,2026-03-29T07:19:41.960Z,2026-03-29T07:19:41.961101Z,2026-03-29T09:19:41.961101Z,7523.980216,7,0.0889,22.497187851517644,17.945823927765232,-11.133,71.72413793103448,22.497187851517644,60.154292257616326,0,0,0,0,,
POL,2026-03-29T07:19:55.281Z,2026-03-29T07:19:55.281277Z,2026-03-29T09:19:55.281277Z,7510.66004,7,0.09275,10.781671159028463,3.1283710895361376,1.98,70.0,10.781671159028463,74.65148207128799,11,6,4,1,0.7273,False
PROVE,2026-03-29T07:19:59.883Z,2026-03-29T07:19:59.883949Z,2026-03-29T09:19:59.883949Z,7506.057368,7,0.23120000000000002,17.30103806228303,8.816013628620102,-7.413,71.37931034482759,17.30103806228303,42.95621895690204,0,0,0,0,,
SOMI,2026-03-29T07:20:25.643Z,2026-03-29T07:20:25.643619Z,2026-03-29T09:20:25.643619Z,7480.297698,7,0.15215,6.572461386788629,5.287508261731664,-0.787,68.96551724137932,6.572461386788629,51.18833380677683,1,0,1,0,1.0,False
SSV,2026-03-29T07:20:32.221Z,2026-03-29T07:20:32.221951Z,2026-03-29T09:20:32.221951Z,7473.719366,7,2.239,26.7976775346127,4.355635383924562,0.135,60.0,26.7976775346127,52.7667057064689,5,5,0,0,1.0,False
STEEM,2026-03-29T07:20:39.186Z,2026-03-29T07:20:39.186315Z,2026-03-29T09:20:39.186315Z,7466.755002,7,0.05925,30.379746835442972,16.138814016172514,3.885,71.03448275862068,30.379746835442972,60.218678577302626,1,1,0,0,1.0,False
STRK,2026-03-29T07:20:46.105Z,2026-03-29T07:20:46.105819Z,2026-03-29T09:20:46.105819Z,7459.835498,7,0.03415,29.282576866765112,3.216374269005859,0.885,65.51724137931035,29.282576866765112,63.964193017518696,8,7,0,1,1.0,False
THE,2026-03-29T07:20:50.883Z,2026-03-29T07:20:50.883417Z,2026-03-29T09:20:50.883417Z,7455.0579,7,0.1023,19.55034213098785,9.341199606686327,-5.571,68.62068965517241,19.55034213098785,56.418434065391374,19,10,8,1,0.5789,False
TIA,2026-03-29T07:20:57.640Z,2026-03-29T07:20:57.641180Z,2026-03-29T09:20:57.641180Z,7448.300137,7,0.29345,3.407735559720191,3.8173142467620957,-1.61,65.86206896551724,3.407735559720191,51.241405958022405,11,5,6,0,1.0,False
TON,2026-03-29T07:21:02.432Z,2026-03-29T07:21:02.433160Z,2026-03-29T09:21:02.433160Z,7443.508157,7,1.2525,7.984031936126866,3.0595813204508886,0.0,72.41379310344827,7.984031936126866,54.577900718621905,6,3,2,1,0.6667,False
USDE,2026-03-29T07:21:13.401Z,2026-03-29T07:21:13.401760Z,2026-03-29T09:21:13.401760Z,7432.539557,7,0.99925,1.0007505629220814,0.0300240192153801,-0.02,67.58620689655173,1.0007505629220814,45.27604271265768,7,6,0,1,1.0,False
XTZ,2026-03-29T07:21:18.854Z,2026-03-29T07:21:18.854990Z,2026-03-29T09:21:18.854990Z,7427.086327,7,0.3437,11.638056444572475,4.812989272252812,-2.598,63.10344827586207,11.638056444572475,62.888852363115554,7,2,4,1,1.0,False
2Z,2026-03-29T07:26:59.611Z,2026-03-29T07:26:59.611886Z,2026-03-29T09:26:59.611886Z,7684.927172,7,0.06846,8.764241893074878,4.324558866068855,-0.375,47.58620689655172,8.764241893074878,47.62446339299833,5,0,5,0,0.6,True
ALLO,2026-03-29T07:27:04.915Z,2026-03-29T07:27:04.915261Z,2026-03-29T09:27:04.915261Z,7679.623797,7,0.10455,9.564801530368518,3.0389363722697,-0.473,50.0,9.564801530368518,56.2234430640309,20,1,19,0,-0.5,False
APE,2026-03-29T07:27:11.574Z,2026-03-29T07:27:11.574876Z,2026-03-29T09:27:11.574876Z,7672.964182,7,0.08615,11.607661056297488,2.7713625866050804,0.464,55.51724137931034,11.607661056297488,64.3170354347053,7,3,2,2,1.0,False
AR,2026-03-29T07:27:18.785Z,2026-03-29T07:27:18.786180Z,2026-03-29T09:27:18.786180Z,7665.752878,7,1.705,58.65102639296193,4.093567251461992,1.183,50.689655172413794,58.65102639296193,65.84344052183393,10,7,2,1,0.9,False
COTI,2026-03-29T07:27:30.316Z,2026-03-29T07:27:30.316875Z,2026-03-29T09:27:30.316875Z,7654.222183,7,0.012885,23.28288707799807,6.993006993006991,4.295,46.206896551724135,23.28288707799807,51.078745512678864,1,0,0,1,-1.0,False
EPIC,2026-03-29T07:27:37.251Z,2026-03-29T07:27:37.251855Z,2026-03-29T09:27:37.251855Z,7647.287203,7,0.2445,40.89979550102253,4.489795918367351,-0.81,49.6551724137931,40.89979550102253,61.27106118895643,0,0,0,0,,
EURI,2026-03-29T07:27:48.203Z,2026-03-29T07:27:48.203355Z,2026-03-29T09:27:48.203355Z,7636.335703,7,1.1495,1.7398869073508307,0.5913557700669552,-0.017,58.62068965517241,1.7398869073508307,43.832393010343395,0,0,0,0,,
LINEA,2026-03-29T07:28:14.538Z,2026-03-29T07:28:14.538348Z,2026-03-29T09:28:14.538348Z,7610.00071,7,0.0029249999999999996,34.18803418803429,4.794520547945218,-2.013,52.06896551724138,34.18803418803429,58.814329670178154,2,2,0,0,0.0,False
MMT,2026-03-29T07:28:19.387Z,2026-03-29T07:28:19.388216Z,2026-03-29T09:28:19.388216Z,7605.150842,7,0.10735,9.315323707497809,3.380281690140851,-0.187,57.93103448275862,9.315323707497809,68.53747611359664,0,0,0,0,,
MORPHO,2026-03-29T07:28:26.343Z,2026-03-29T07:28:26.344110Z,2026-03-29T09:28:26.344110Z,7598.194948,7,1.4865,6.727211570804656,4.016064257028101,-1.451,54.827586206896555,6.727211570804656,58.537792007899434,6,3,2,1,1.0,False
NEIRO,2026-03-29T07:28:33.138Z,2026-03-29T07:28:33.138642Z,2026-03-29T09:28:33.138642Z,7591.400416,7,5.5375000000000004e-05,12.641083521444267,4.437229437229438,-0.072,48.275862068965516,12.641083521444267,64.95895092286493,5,4,1,0,0.8,False
PEOPLE,2026-03-29T07:29:06.710Z,2026-03-29T07:29:06.710893Z,2026-03-29T09:29:06.710893Z,7557.828165,7,0.006325,15.810276679841254,3.9370078740157513,-0.314,45.51724137931034,15.810276679841254,62.34900195830079,4,3,1,0,1.0,False
SHELL,2026-03-29T07:30:03.543Z,2026-03-29T07:30:03.544316Z,2026-03-29T09:30:03.544316Z,7500.994742,7,0.02715,36.83241252302003,3.3210332103320956,-0.733,46.89655172413793,36.83241252302003,34.84333816506914,0,0,0,0,,
SPK,2026-03-29T07:30:11.846Z,2026-03-29T07:30:11.847184Z,2026-03-29T09:30:11.847184Z,7492.691874,7,0.0202515,13.332345752166134,2.1520732788338415,-1.004,48.62068965517241,13.332345752166134,58.62867199675927,63,22,39,2,0.3333,False
VANA,2026-03-29T07:30:30.484Z,2026-03-29T07:30:30.484446Z,2026-03-29T09:30:30.484446Z,7474.054612,7,1.276,31.34796238244517,17.876658860265408,3.893,52.758620689655174,31.34796238244517,74.38090287296752,2,1,0,1,1.0,False
VET,2026-03-29T07:30:37.313Z,2026-03-29T07:30:37.314011Z,2026-03-29T09:30:37.314011Z,7467.225047,7,0.006626,12.073649260487967,3.3984962406014985,-0.672,48.96551724137931,12.073649260487967,60.63074655885163,0,0,0,0,,
W,2026-03-29T07:30:44.871Z,2026-03-29T07:30:44.872134Z,2026-03-29T09:30:44.872134Z,7459.666924,7,0.01485,67.34006734006692,4.026845637583891,-0.667,54.13793103448276,67.34006734006692,56.946109921542224,17,5,11,1,0.2353,False
AIXBT,2026-03-29T07:36:28.715Z,2026-03-29T07:36:28.715694Z,2026-03-29T09:36:28.715694Z,7716.998338,7,0.0234,85.47008547008495,6.779661016949142,0.855,42.06896551724138,85.47008547008495,55.644148480431525,6,6,0,0,1.0,False
DOLO,2026-03-29T07:37:09.548Z,2026-03-29T07:37:09.548861Z,2026-03-29T09:37:09.548861Z,7676.165171,7,0.029615000000000002,64.15667735944595,3.596172880237548,-1.142,44.48275862068966,64.15667735944595,45.15887630893955,0,0,0,0,,
GPS,2026-03-29T07:37:40.866Z,2026-03-29T07:37:40.866929Z,2026-03-29T09:37:40.866929Z,7644.847103,7,0.007835,12.763241863432793,3.2216494845360737,0.91,34.48275862068966,12.763241863432793,66.08833974863991,0,0,0,0,,
MET,2026-03-29T07:38:27.249Z,2026-03-29T07:38:27.249787Z,2026-03-29T09:38:27.249787Z,7598.464245,7,0.1377,29.04865649963571,5.772005772005777,-2.6,32.758620689655174,29.04865649963571,52.12571943978851,0,0,0,0,,
NEWT,2026-03-29T07:38:49.085Z,2026-03-29T07:38:49.085261Z,2026-03-29T09:38:49.085261Z,7576.628771,7,0.07055,42.52303330970868,4.59770114942528,-1.972,43.793103448275865,42.52303330970868,48.82477106360529,0,0,0,0,,
TRB,2026-03-29T07:39:30.185Z,2026-03-29T07:39:30.185993Z,2026-03-29T09:39:30.185993Z,7535.528039,7,14.815000000000001,6.74991562605453,3.429724277067921,-0.469,37.241379310344826,6.74991562605453,61.683876425081245,0,0,0,0,,
TST,2026-03-29T07:39:36.832Z,2026-03-29T07:39:36.832647Z,2026-03-29T09:39:36.832647Z,7528.881385,7,0.008355,11.968880909634462,5.3140096618357635,-2.243,40.3448275862069,11.968880909634462,62.189667095867534,3,2,0,1,0.3333,False
XVG,2026-03-29T07:39:44.586Z,2026-03-29T07:39:44.586636Z,2026-03-29T09:39:44.586636Z,7521.127396,7,0.0044345,15.785319652723107,2.8134143596668943,-2.115,39.310344827586206,15.785319652723107,43.368606432151516,65,22,28,15,-0.2923,False
ZEN,2026-03-29T07:39:56.688Z,2026-03-29T07:39:56.689068Z,2026-03-29T09:39:56.689068Z,7509.024964,7,5.1705,5.802146794314116,3.2095901005413667,-0.672,44.827586206896555,5.802146794314116,63.928155214677794,2,1,0,1,1.0,False
ZK,2026-03-29T07:40:03.366Z,2026-03-29T07:40:03.366334Z,2026-03-29T09:40:03.366334Z,7502.347698,7,0.01722,11.614401858303825,3.2596041909196822,-1.264,43.10344827586207,11.614401858303825,54.69966166647925,6,4,2,0,0.8333,False
AUCTION,2026-03-29T07:46:11.056Z,2026-03-29T07:46:11.056921Z,2026-03-29T09:46:11.056921Z,7733.615415,7,4.425,22.598870056496693,1.8018018018018032,0.0,20.344827586206897,22.598870056496693,47.99458989446462,0,0,0,0,,
BANANA,2026-03-29T07:46:18.269Z,2026-03-29T07:46:18.269800Z,2026-03-29T09:46:18.269800Z,7726.402536,7,3.245,30.816640986131855,2.7692307692307647,0.0,31.03448275862069,30.816640986131855,62.02789044047219,49,28,19,2,0.9796,False
COW,2026-03-29T07:46:47.194Z,2026-03-29T07:46:47.194791Z,2026-03-29T09:46:47.194791Z,7697.477545,7,0.1974,30.395136778114967,3.29447541814496,-1.694,18.96551724137931,30.395136778114967,46.98601197122643,3,2,0,1,1.0,False
DYM,2026-03-29T07:46:58.542Z,2026-03-29T07:46:58.542912Z,2026-03-29T09:46:58.542912Z,7686.129424,7,0.0253,79.05138339920902,18.677042801556414,-0.772,23.448275862068964,79.05138339920902,60.10909104139126,3,3,0,0,1.0,False
ERA,2026-03-29T07:47:09.291Z,2026-03-29T07:47:09.291869Z,2026-03-29T09:47:09.291869Z,7675.380467,7,0.12484999999999999,8.009611533840838,2.8799999999999937,0.644,29.655172413793103,8.009611533840838,64.78172152589424,0,0,0,0,,
NXPC,2026-03-29T07:48:11.859Z,2026-03-29T07:48:11.859922Z,2026-03-29T09:48:11.859922Z,7612.812414,7,0.27605,18.11266074986417,2.9916089018606495,-1.225,22.75862068965517,18.11266074986417,64.21610499156986,0,0,0,0,,
SXT,2026-03-29T07:48:30.866Z,2026-03-29T07:48:30.866220Z,2026-03-29T09:48:30.866220Z,7593.806116,7,0.01525,65.57377049180288,7.189542483660122,-5.556,28.620689655172413,65.57377049180288,54.267360309958086,1,0,1,0,1.0,False
WAL,2026-03-29T07:48:59.771Z,2026-03-29T07:48:59.771527Z,2026-03-29T09:48:59.771527Z,7564.900809,7,0.06755,14.803849000738563,5.270863836017558,-3.395,24.82758620689655,14.803849000738563,59.83414113226162,1,1,0,0,1.0,False
ZBT,2026-03-29T07:49:18.319Z,2026-03-29T07:49:18.319693Z,2026-03-29T09:49:18.319693Z,7546.352643,7,0.07455,13.413816230718023,6.827880512091037,3.382,21.379310344827587,13.413816230718023,70.19916290362464,0,0,0,0,,
1000CAT,2026-03-29T07:54:50.824Z,2026-03-29T07:54:50.824457Z,2026-03-29T09:54:50.824457Z,7213.847879,7,0.00162,123.45679012345578,9.090909090909088,8.553,10.0,123.45679012345578,66.54049613716123,69,10,56,3,0.2174,False
1MBABYDOGE,2026-03-29T07:55:06.671Z,2026-03-29T07:55:06.671552Z,2026-03-29T09:55:06.671552Z,7798.683557,7,0.00038505,18.17945721334795,3.027970233512949,0.75,15.517241379310345,18.17945721334795,67.65794436758972,0,0,0,0,,
BIGTIME,2026-03-29T07:55:25.999Z,2026-03-29T07:55:26.000133Z,2026-03-29T09:55:26.000133Z,7779.354976,7,0.011880000000000002,33.67003367003375,2.931323283082074,-0.748,5.172413793103448,33.67003367003375,45.718351968508095,66,33,27,6,0.0,False
MAGIC,2026-03-29T07:56:35.654Z,2026-03-29T07:56:35.654346Z,2026-03-29T09:56:35.654346Z,7709.700763,7,0.056749999999999995,52.86343612334831,2.4390243902438997,0.0,5.862068965517241,52.86343612334831,44.2448499245435,74,14,50,10,0.4324,False
ME,2026-03-29T07:56:55.145Z,2026-03-29T07:56:55.146346Z,2026-03-29T09:56:55.146346Z,7690.208763,7,0.0995,20.10050251256199,2.799999999999997,2.459,14.482758620689655,20.10050251256199,57.52087180695785,7,6,0,1,0.4286,False
T,2026-03-29T07:57:51.416Z,2026-03-29T07:57:51.416822Z,2026-03-29T09:57:51.416822Z,7633.938287,7,0.005985,50.125313283208875,1.82119205298013,-1.307,3.793103448275862,50.125313283208875,43.272739342381236,1,1,0,0,1.0,True
1INCH,2026-03-29T08:04:15.548Z,2026-03-29T08:04:15.549100Z,2026-03-29T10:04:15.549100Z,7249.806009,7,0.08715,34.42340791738481,2.517162471395874,-0.569,3.4482758620689653,34.42340791738481,58.48604393172136,0,0,0,0,,
AAVE,2026-03-29T08:04:20.755Z,2026-03-29T08:04:20.755588Z,2026-03-29T10:04:20.755588Z,7244.599521,7,96.09,2.0813820376726007,2.703822645809592,-0.954,90.0,2.0813820376726007,56.01470161989473,7,6,1,0,0.7143,False
ADA,2026-03-29T08:04:26.963Z,2026-03-29T08:04:26.963865Z,2026-03-29T10:04:26.963865Z,7238.391244,7,0.24395,4.099200655871654,4.120767033863739,-0.769,94.82758620689656,4.099200655871654,46.272183348459514,45,24,19,2,0.7333,False
AVAX,2026-03-29T08:04:32.200Z,2026-03-29T08:04:32.200993Z,2026-03-29T10:04:32.200993Z,7233.154116,7,8.695,11.500862564692108,3.092783505154634,-0.795,91.03448275862068,11.500862564692108,63.117708131386934,13,6,7,0,0.8462,False
BCH,2026-03-29T08:04:38.240Z,2026-03-29T08:04:38.240972Z,2026-03-29T10:04:38.240972Z,7227.114137,7,482.15,2.0740433475052558,2.1139896373056972,1.089,95.51724137931035,2.0740433475052558,71.19836442612963,5,4,1,0,1.0,False
BNB,2026-03-29T08:04:55.012Z,2026-03-29T08:04:55.012530Z,2026-03-29T10:04:55.012530Z,7210.342579,7,612.755,0.16319736273046984,1.4864004960106871,-0.117,96.89655172413794,0.16319736273046984,52.0199592485071,23,12,8,3,0.5652,False
BTC,2026-03-29T08:05:00.497Z,2026-03-29T08:05:00.497227Z,2026-03-29T10:05:00.497227Z,7204.857882,7,66508.005,0.0015035784030450635,1.7533805033690535,0.253,100.0,0.0015035784030450635,49.157513733456824,38,10,22,6,0.2632,False
NOM,2026-03-29T08:06:25.882Z,2026-03-29T08:06:25.882453Z,2026-03-29T10:06:25.882453Z,7718.954661,7,0.002935,34.071550255536714,55.27272727272729,51.099,94.13793103448276,34.071550255536714,80.91219106705745,12,7,2,3,0.3333,False
PEPE,2026-03-29T08:06:31.009Z,2026-03-29T08:06:31.009805Z,2026-03-29T10:06:31.009805Z,7713.827309,7,3.285e-06,30.441400304413712,3.93939393939394,-0.302,95.86206896551724,30.441400304413712,51.88395101780459,25,23,0,2,0.68,False
WLFI,2026-03-29T08:07:09.640Z,2026-03-29T08:07:09.640202Z,2026-03-29T10:07:09.640202Z,7675.196912,7,0.09815,10.188487009677939,3.9755351681957194,1.03,90.34482758620689,10.188487009677939,66.07576323453651,2,2,0,0,1.0,False
BANANAS31,2026-03-29T08:13:01.106Z,2026-03-29T08:13:01.106243Z,2026-03-29T10:13:01.106243Z,7323.730871,7,0.0131125,11.439466158245484,8.76581559209031,4.596,86.55172413793103,11.439466158245484,77.21722122935668,2,1,1,0,1.0,True
ONT,2026-03-29T08:13:20.257Z,2026-03-29T08:13:20.257719Z,2026-03-29T10:13:20.257719Z,7304.579395,7,0.05816,27.51031636863831,21.675375021068604,-6.434,88.27586206896552,27.51031636863831,37.42139508875505,3,0,1,2,1.0,False
PAXG,2026-03-29T08:13:26.503Z,2026-03-29T08:13:26.504126Z,2026-03-29T10:13:26.504126Z,7298.332988,7,4489.655,0.02227342635507245,0.39032336310086685,-0.25,86.89655172413794,0.02227342635507245,62.293678007823885,3,3,0,0,1.0,False
WIF,2026-03-29T08:13:37.573Z,2026-03-29T08:13:37.573679Z,2026-03-29T10:13:37.573679Z,7287.263435,7,0.1745,57.30659025787971,5.142857142857148,1.156,87.24137931034483,57.30659025787971,57.079818689418055,8,8,0,0,1.0,False
XPL,2026-03-29T08:13:42.886Z,2026-03-29T08:13:42.886505Z,2026-03-29T10:13:42.886505Z,7281.950609,7,0.08825,11.331444759207123,4.84234234234234,-1.003,87.93103448275862,11.331444759207123,59.06321356938637,18,6,12,0,0.8333,False
BARD,2026-03-29T08:19:39.264Z,2026-03-29T08:19:39.264278Z,2026-03-29T10:19:39.264278Z,7525.954654,7,0.36385,13.741926618111872,10.352187833511206,3.737,81.72413793103448,13.741926618111872,59.507819167193205,8,3,3,2,1.0,False
BONK,2026-03-29T08:19:46.964Z,2026-03-29T08:19:46.964572Z,2026-03-29T10:19:46.964572Z,7518.25436,7,5.695e-06,17.55926251097437,4.7120418848167525,0.175,73.10344827586206,17.55926251097437,58.41973270221845,8,5,2,1,0.875,False
CFX,2026-03-29T08:20:06.443Z,2026-03-29T08:20:06.443844Z,2026-03-29T10:20:06.443844Z,7498.775088,7,0.05604,10.706638115632494,4.2365401588702545,-0.194,74.82758620689656,10.706638115632494,44.032371563313816,3,3,0,0,1.0,False
EIGEN,2026-03-29T08:20:25.099Z,2026-03-29T08:20:25.100102Z,2026-03-29T10:20:25.100102Z,7480.11883,7,0.1695,58.99705014749268,4.6783625730994025,-0.581,72.75862068965517,58.99705014749268,64.29720731927739,5,4,1,0,1.0,False
HEMI,2026-03-29T08:20:45.225Z,2026-03-29T08:20:45.225696Z,2026-03-29T10:20:45.225696Z,7459.993236,7,0.00635,31.496062992126067,18.985270049099828,11.496,84.13793103448276,31.496062992126067,67.1812732178909,9,9,0,0,1.0,False
KMNO,2026-03-29T08:21:09.436Z,2026-03-29T08:21:09.436339Z,2026-03-29T10:21:09.436339Z,7435.782593,7,0.01731,11.554015020219055,8.295711060948095,2.784,75.17241379310344,11.554015020219055,70.82155037334735,14,2,12,0,0.5714,False
TRUMP,2026-03-29T08:22:18.080Z,2026-03-29T08:22:18.080611Z,2026-03-29T10:22:18.080611Z,7367.138321,7,2.8665000000000003,3.4885749171459612,4.054514480408866,-1.51,85.51724137931035,3.4885749171459612,44.50244287485397,19,15,3,1,0.5789,False
AVNT,2026-03-29T08:28:26.766Z,2026-03-29T08:28:26.766777Z,2026-03-29T10:28:26.766777Z,7599.001465,7,0.13105,7.630675314764516,5.071915215745656,-1.491,66.20689655172414,7.630675314764516,65.53343362462378,0,0,0,0,,
GIGGLE,2026-03-29T08:29:31.011Z,2026-03-29T08:29:31.011733Z,2026-03-29T10:29:31.011733Z,7534.756509,7,22.755000000000003,21.97319270490033,8.253692441355351,-4.043,67.93103448275862,21.97319270490033,60.49375649346368,2,2,0,0,-1.0,False
JUP,2026-03-29T08:29:49.539Z,2026-03-29T08:29:49.539681Z,2026-03-29T10:29:49.539681Z,7516.228561,7,0.14245,7.020007020006248,3.131524008350733,-0.554,63.793103448275865,7.020007020006248,41.81463651435994,67,18,44,5,0.4328,False
KERNEL,2026-03-29T08:29:57.054Z,2026-03-29T08:29:57.054564Z,2026-03-29T10:29:57.054564Z,7508.713678,7,0.07974999999999999,12.539184952978417,5.778894472361817,1.531,64.13793103448276,12.539184952978417,66.85393742267686,0,0,0,0,,
PHA,2026-03-29T08:30:12.853Z,2026-03-29T08:30:12.853767Z,2026-03-29T10:30:12.853767Z,7492.914475,7,0.03435,29.11208151382907,8.09248554913296,1.17,58.96551724137931,29.11208151382907,52.29657336166593,3,2,1,0,1.0,False
S,2026-03-29T08:30:27.239Z,2026-03-29T08:30:27.240151Z,2026-03-29T10:30:27.240151Z,7478.528091,7,0.040485,12.350253180188835,5.222059541239619,1.511,60.3448275862069,12.350253180188835,73.50832354865634,0,0,0,0,,
SAND,2026-03-29T08:30:34.976Z,2026-03-29T08:30:34.976248Z,2026-03-29T10:30:34.976248Z,7470.791994,7,0.07305,13.689253935660899,3.5278154681139635,0.136,59.6551724137931,13.689253935660899,57.2738739487821,47,14,29,4,0.3617,False
SIGN,2026-03-29T08:30:41.980Z,2026-03-29T08:30:41.980674Z,2026-03-29T10:30:41.980674Z,7463.787568,7,0.03209,12.464942349641126,17.878315132605298,0.031,64.82758620689656,12.464942349641126,62.95757414857826,51,27,21,3,0.9216,False
SKY,2026-03-29T08:30:49.100Z,2026-03-29T08:30:49.100981Z,2026-03-29T10:30:49.100981Z,7456.667261,7,0.07028000000000001,5.691519635742511,2.213969432938146,-0.356,65.17241379310344,5.691519635742511,43.27779005322409,65,15,45,5,0.1846,False
TURBO,2026-03-29T08:31:28.690Z,2026-03-29T08:31:28.690435Z,2026-03-29T10:31:28.690435Z,7417.077807,7,0.0010119999999999999,19.762845849802854,11.121951219512189,0.196,66.89655172413794,19.762845849802854,63.923611228320254,7,5,2,0,0.7143,False
CKB,2026-03-29T08:37:51.959Z,2026-03-29T08:37:51.959657Z,2026-03-29T10:37:51.959657Z,7634.268667,7,0.001361,14.695077149153796,5.9558823529411695,-1.449,55.86206896551724,14.695077149153796,55.262471140517086,3,2,1,0,1.0,False
ETC,2026-03-29T08:38:11.333Z,2026-03-29T08:38:11.334197Z,2026-03-29T10:38:11.334197Z,7614.894127,7,7.995,12.5078173858659,3.49127182044887,-1.595,45.172413793103445,12.5078173858659,61.69147500414498,4,2,2,0,1.0,False
FLOKI,2026-03-29T08:38:19.666Z,2026-03-29T08:38:19.667125Z,2026-03-29T10:38:19.667125Z,7606.561199,7,2.7459999999999998e-05,7.283321194464607,4.860355458832067,-0.505,50.3448275862069,7.283321194464607,51.01192207312856,5,3,1,1,0.6,False
IMX,2026-03-29T08:38:25.797Z,2026-03-29T08:38:25.798073Z,2026-03-29T10:38:25.798073Z,7600.430251,7,0.1424,14.044943820223173,4.3841336116910234,-1.169,57.58620689655172,14.044943820223173,41.97463966353385,61,27,30,4,0.7705,False
IO,2026-03-29T08:38:32.791Z,2026-03-29T08:38:32.791686Z,2026-03-29T10:38:32.791686Z,7593.436638,7,0.1055,94.78672985781999,5.71428571428572,-0.943,53.10344827586207,94.78672985781999,58.02871048284424,4,4,0,0,1.0,False
IOTA,2026-03-29T08:38:41.084Z,2026-03-29T08:38:41.085134Z,2026-03-29T10:38:41.085134Z,7585.14319,7,0.054150000000000004,18.467220683286413,2.722323049001817,-1.431,54.48275862068966,18.467220683286413,62.24958181766951,7,4,2,1,0.4286,False
NEO,2026-03-29T08:39:06.675Z,2026-03-29T08:39:06.675901Z,2026-03-29T10:39:06.675901Z,7559.552423,7,2.559,7.815552950372113,3.2621359223300996,-1.605,46.55172413793103,7.815552950372113,62.17153454727189,4,4,0,0,1.0,False
NIL,2026-03-29T08:39:14.944Z,2026-03-29T08:39:14.945220Z,2026-03-29T10:39:14.945220Z,7551.283104,7,0.03165,31.595576619272016,14.106583072100307,2.244,47.241379310344826,31.595576619272016,46.34953729230048,0,0,0,0,,
OPEN,2026-03-29T08:39:21.994Z,2026-03-29T08:39:21.994237Z,2026-03-29T10:39:21.994237Z,7544.234087,7,0.1619,12.3533045089565,8.048780487804889,-2.671,56.89655172413793,12.3533045089565,37.68620940888565,0,0,0,0,,
ORCA,2026-03-29T08:39:37.139Z,2026-03-29T08:39:37.139933Z,2026-03-29T10:39:37.139933Z,7529.088391,7,0.8405,11.89767995240929,4.146919431279625,-2.088,49.310344827586206,11.89767995240929,62.93525462037856,22,14,8,0,0.8182,False
PLUME,2026-03-29T08:39:50.799Z,2026-03-29T08:39:50.799704Z,2026-03-29T10:39:50.799704Z,7515.42862,7,0.01008,19.841269841269032,5.610236220472434,-1.55,57.241379310344826,19.841269841269032,59.22808491982186,2,1,1,0,1.0,False
PNUT,2026-03-29T08:39:58.639Z,2026-03-29T08:39:58.639908Z,2026-03-29T10:39:58.639908Z,7507.588416,7,0.038349999999999995,26.07561929595722,3.3678756476684004,0.26,58.275862068965516,26.07561929595722,61.30558760064062,70,10,54,6,0.3571,False
PYTH,2026-03-29T08:40:05.536Z,2026-03-29T08:40:05.536625Z,2026-03-29T10:40:05.536625Z,7500.691699,7,0.03715,26.91790040376741,3.7333333333333294,0.0,56.206896551724135,26.91790040376741,59.7223373718337,3,1,2,0,1.0,False
RAY,2026-03-29T08:40:11.165Z,2026-03-29T08:40:11.165731Z,2026-03-29T10:40:11.165731Z,7495.062593,7,0.5645,17.714791851195763,2.1126760563380302,0.176,52.41379310344828,17.714791851195763,67.3640735393025,14,5,9,0,0.6429,False
ROSE,2026-03-29T08:40:17.127Z,2026-03-29T08:40:17.127448Z,2026-03-29T10:40:17.127448Z,7489.100876,7,0.010355,9.657170449058032,3.4416826003824017,-1.321,53.44827586206897,9.657170449058032,63.516138442992236,67,16,49,2,0.4179,False
RSR,2026-03-29T08:40:22.425Z,2026-03-29T08:40:22.426076Z,2026-03-29T10:40:22.426076Z,7483.802248,7,0.0015140000000000002,13.210039630119208,7.392996108949414,-5.224,55.172413793103445,13.210039630119208,59.686016987433845,2,1,1,0,1.0,False
SAGA,2026-03-29T08:40:28.979Z,2026-03-29T08:40:28.980058Z,2026-03-29T10:40:28.980058Z,7477.248266,7,0.028249999999999997,35.39823008849536,4.482758620689651,2.113,51.724137931034484,35.39823008849536,65.08435222773758,3,3,0,0,1.0,False
SAHARA,2026-03-29T08:40:36.682Z,2026-03-29T08:40:36.682278Z,2026-03-29T10:40:36.682278Z,7469.546046,7,0.024544999999999997,12.222448563861798,8.999598232221771,-0.797,51.03448275862069,12.222448563861798,58.516420729098215,2,0,2,0,1.0,False
TOWNS,2026-03-29T08:41:02.521Z,2026-03-29T08:41:02.521510Z,2026-03-29T10:41:02.521510Z,7443.706814,7,0.0034850000000000003,28.69440459110481,8.595988538681947,-4.905,53.793103448275865,28.69440459110481,62.647527407156275,0,0,0,0,,
TUT,2026-03-29T08:41:10.732Z,2026-03-29T08:41:10.732777Z,2026-03-29T10:41:10.732777Z,7435.495547,7,0.008725,11.461318051575464,6.546275395033868,2.191,51.37931034482759,11.461318051575464,70.70480412682052,1,1,0,0,1.0,False
ACH,2026-03-29T08:47:06.018Z,2026-03-29T08:47:06.018771Z,2026-03-29T10:47:06.018771Z,7679.401188,7,0.0063,31.74603174603183,2.795031055900615,1.577,33.44827586206897,31.74603174603183,58.58650247738113,1,1,0,0,1.0,False
ALT,2026-03-29T08:47:16.588Z,2026-03-29T08:47:16.588829Z,2026-03-29T10:47:16.588829Z,7668.83113,7,0.006225,16.06425702811319,4.01284109149278,-0.638,34.827586206896555,16.06425702811319,64.79053740597838,4,4,0,0,1.0,False
BABY,2026-03-29T08:47:23.204Z,2026-03-29T08:47:23.205031Z,2026-03-29T10:47:23.205031Z,7662.214928,7,0.012695000000000001,23.631350925561648,6.47648419429453,2.53,43.44827586206897,23.631350925561648,55.572969489267,2,0,2,0,1.0,False
BOME,2026-03-29T08:47:30.958Z,2026-03-29T08:47:30.959025Z,2026-03-29T10:47:30.959025Z,7654.460934,7,0.0003715,26.917900403767703,4.787234042553193,-0.529,41.724137931034484,26.917900403767703,56.699792534033264,3,2,0,1,1.0,False
BROCCOLI714,2026-03-29T08:47:41.566Z,2026-03-29T08:47:41.567081Z,2026-03-29T10:47:41.567081Z,7643.852878,7,0.012325,8.11359026369276,4.358552631578941,2.185,40.0,8.11359026369276,72.87483594212809,0,0,0,0,,
COOKIE,2026-03-29T08:47:49.291Z,2026-03-29T08:47:49.291788Z,2026-03-29T10:47:49.291788Z,7636.128171,7,0.015349999999999999,65.146579804561,5.128205128205142,1.961,38.275862068965516,65.146579804561,64.62685866065056,2,2,0,0,1.0,False
ENS,2026-03-29T08:48:02.169Z,2026-03-29T08:48:02.170237Z,2026-03-29T10:48:02.170237Z,7623.249722,7,5.575,17.93721973094132,3.030303030303029,-1.232,33.10344827586207,17.93721973094132,45.20716772495677,4,3,1,0,1.0,False
EUL,2026-03-29T08:48:10.587Z,2026-03-29T08:48:10.588135Z,2026-03-29T10:48:10.588135Z,7614.831824,7,0.7535000000000001,13.271400132714012,6.167979002624677,-2.308,44.13793103448276,13.271400132714012,67.84991512031004,0,0,0,0,,
FLUX,2026-03-29T08:48:17.745Z,2026-03-29T08:48:17.745341Z,2026-03-29T10:48:17.745341Z,7607.674618,7,0.05045,19.821605550050123,6.827309236947792,4.622,33.793103448275865,19.821605550050123,75.45094518095873,5,4,1,0,1.0,False
GMX,2026-03-29T08:48:32.119Z,2026-03-29T08:48:32.119711Z,2026-03-29T10:48:32.119711Z,7593.300248,7,6.225,16.064257028113534,5.271565495207655,0.0,31.724137931034484,16.064257028113534,58.82701518906641,4,3,1,0,0.5,False
GRT,2026-03-29T08:48:44.961Z,2026-03-29T08:48:44.961949Z,2026-03-29T10:48:44.961949Z,7580.45801,7,0.023535,12.746972594009877,3.123680878007603,-0.337,42.41379310344828,12.746972594009877,47.94288571800262,4,3,0,1,1.0,False
HOME,2026-03-29T08:48:51.773Z,2026-03-29T08:48:51.773617Z,2026-03-29T10:48:51.773617Z,7573.646342,7,0.01933,20.693222969476654,6.111967128916281,0.103,39.6551724137931,20.693222969476654,55.9798242634416,0,0,0,0,,
INIT,2026-03-29T08:48:59.594Z,2026-03-29T08:48:59.594977Z,2026-03-29T10:48:59.594977Z,7565.824982,7,0.07815,12.79590531030107,4.42477876106195,1.933,37.58620689655172,12.79590531030107,70.09980719210857,0,0,0,0,,
JTO,2026-03-29T08:49:04.943Z,2026-03-29T08:49:04.944148Z,2026-03-29T10:49:04.944148Z,7560.475811,7,0.28864999999999996,10.393209769617963,6.958942240779388,-4.2,35.172413793103445,10.393209769617963,46.4304375200911,7,5,2,0,0.7143,False
MEME,2026-03-29T08:49:25.243Z,2026-03-29T08:49:25.243615Z,2026-03-29T10:49:25.243615Z,7540.176344,7,0.0005024999999999999,19.9004975124383,4.687500000000008,0.196,35.51724137931034,19.9004975124383,60.120217686202096,43,32,9,2,0.814,False
MINA,2026-03-29T08:49:36.346Z,2026-03-29T08:49:36.346480Z,2026-03-29T10:49:36.346480Z,7529.073479,7,0.05285,18.9214758751188,3.195488721804512,0.377,34.13793103448276,18.9214758751188,41.370183950449785,6,4,1,1,1.0,False
MOVE,2026-03-29T08:49:45.005Z,2026-03-29T08:49:45.005424Z,2026-03-29T10:49:45.005424Z,7520.414535,7,0.01765,56.65722379603366,3.932584269662917,0.565,41.37931034482759,56.65722379603366,61.74475803749939,2,2,0,0,1.0,False
MUBARAK,2026-03-29T08:49:51.826Z,2026-03-29T08:49:51.826309Z,2026-03-29T10:49:51.826309Z,7513.59365,7,0.01143,34.99562554680674,4.549431321084862,1.15,38.96551724137931,34.99562554680674,71.76820663620752,1,1,0,0,1.0,False
ORDI,2026-03-29T08:50:05.462Z,2026-03-29T08:50:05.462440Z,2026-03-29T10:50:05.462440Z,7499.957519,7,2.1769999999999996,18.373909049150225,3.3196907685311485,-0.453,32.06896551724138,18.373909049150225,62.71328213343646,7,5,2,0,0.1429,False
QNT,2026-03-29T08:50:12.714Z,2026-03-29T08:50:12.714900Z,2026-03-29T10:50:12.714900Z,7492.705059,7,69.95,14.295925661185748,2.9482979632531086,-2.242,40.689655172413794,14.295925661185748,57.49252200009932,18,7,10,1,0.5,False
REZ,2026-03-29T08:50:18.735Z,2026-03-29T08:50:18.736211Z,2026-03-29T10:50:18.736211Z,7486.683748,7,0.003385,29.54209748892051,5.389221556886229,0.906,36.89655172413793,29.54209748892051,66.99183176483925,62,10,45,7,0.2419,False
RVN,2026-03-29T08:50:25.625Z,2026-03-29T08:50:25.625836Z,2026-03-29T10:50:25.625836Z,7479.794123,7,0.005775000000000001,51.94805194805132,3.652173913043465,1.77,31.379310344827587,51.94805194805132,67.26608768029105,4,3,1,0,1.0,False
STX,2026-03-29T08:50:32.579Z,2026-03-29T08:50:32.579505Z,2026-03-29T10:50:32.579505Z,7472.840454,7,0.21715,13.815335021874038,3.776160145586898,-1.655,36.55172413793103,13.815335021874038,64.04782176315608,63,13,43,7,0.0,False
THETA,2026-03-29T08:50:40.147Z,2026-03-29T08:50:40.147780Z,2026-03-29T10:50:40.147780Z,7465.272179,7,0.1505,66.44518272425256,3.973509933774838,-1.948,36.206896551724135,66.44518272425256,49.59995844999925,5,4,0,1,0.4,False
ZKC,2026-03-29T08:51:15.038Z,2026-03-29T08:51:15.038461Z,2026-03-29T10:51:15.038461Z,7430.381498,7,0.06785,14.738393515107276,3.823529411764693,-1.876,37.93103448275862,14.738393515107276,52.123887076857706,0,0,0,0,,
ACT,2026-03-29T08:56:48.473Z,2026-03-29T08:56:48.473787Z,2026-03-29T10:56:48.473787Z,7696.666092,7,0.0119,168.06722689075676,5.833333333333327,-2.439,26.551724137931036,168.06722689075676,54.75968744543065,3,2,1,0,1.0,False
ACX,2026-03-29T08:56:54.537Z,2026-03-29T08:56:54.537622Z,2026-03-29T10:56:54.537622Z,7690.602257,7,0.042749999999999996,23.391812865496128,3.2558139534883686,1.415,28.96551724137931,23.391812865496128,56.0251880837641,62,14,38,10,-0.0323,False
AEVO,2026-03-29T08:57:01.533Z,2026-03-29T08:57:01.533319Z,2026-03-29T10:57:01.533319Z,7683.60656,7,0.021650000000000003,46.18937644341773,5.381165919282509,-4.701,23.103448275862068,46.18937644341773,56.416565973146334,6,3,2,1,0.8333,False
ANIME,2026-03-29T08:57:09.327Z,2026-03-29T08:57:09.328010Z,2026-03-29T10:57:09.328010Z,7675.811869,7,0.004495,22.246941045605322,4.185022026431719,-2.366,20.0,22.246941045605322,59.512575231080866,0,0,0,0,,
AT,2026-03-29T08:57:16.205Z,2026-03-29T08:57:16.205566Z,2026-03-29T10:57:16.205566Z,7668.934313,7,0.14250000000000002,56.14035087719264,3.786816269284704,0.14,18.620689655172413,56.14035087719264,51.547304253184414,6,1,4,1,0.6667,False
BANK,2026-03-29T08:57:32.214Z,2026-03-29T08:57:32.214663Z,2026-03-29T10:57:32.214663Z,7652.925216,7,0.042300000000000004,47.28132387706827,6.4903846153846185,0.971,23.79310344827586,47.28132387706827,65.86052335710735,0,0,0,0,,
BB,2026-03-29T08:57:39.557Z,2026-03-29T08:57:39.557585Z,2026-03-29T10:57:39.557585Z,7645.582294,7,0.023350000000000003,42.8265524625265,3.4334763948497944,0.0,27.586206896551722,42.8265524625265,58.17841887525383,0,0,0,0,,
BEAMX,2026-03-29T08:57:46.307Z,2026-03-29T08:57:46.307915Z,2026-03-29T10:57:46.307915Z,7638.831964,7,0.0016099999999999999,12.422360248447507,5.524518932340168,-3.533,27.24137931034483,12.422360248447507,58.30649492192815,1,0,1,0,1.0,False
CATI,2026-03-29T08:57:52.962Z,2026-03-29T08:57:52.962232Z,2026-03-29T10:57:52.962232Z,7632.177647,7,0.05355,56.022408963584446,7.722007722007729,5.071,21.03448275862069,56.022408963584446,58.32138604993281,7,6,0,1,0.8571,False
DOGS,2026-03-29T08:58:06.815Z,2026-03-29T08:58:06.815484Z,2026-03-29T10:58:06.815484Z,7618.324395,7,2.605e-05,38.38771593090305,2.2813688212927796,0.382,26.896551724137932,38.38771593090305,68.9905253461254,6,3,2,1,0.8333,False
EDEN,2026-03-29T08:58:20.080Z,2026-03-29T08:58:20.081175Z,2026-03-29T10:58:20.081175Z,7605.058704,7,0.0275,72.72727272727228,7.1428571428571495,-2.098,22.413793103448278,72.72727272727228,48.67167739350812,0,0,0,0,,
FF,2026-03-29T08:58:31.661Z,2026-03-29T08:58:31.661761Z,2026-03-29T10:58:31.661761Z,7593.478118,7,0.070515,38.28972559030084,2.0425531914893575,0.043,18.275862068965516,38.28972559030084,43.89215476582201,0,0,0,0,,
HAEDAL,2026-03-29T08:58:39.038Z,2026-03-29T08:58:39.038550Z,2026-03-29T10:58:39.038550Z,7586.101329,7,0.0284,70.4225352112684,4.513888888888886,-0.346,17.586206896551722,70.4225352112684,59.101407875253756,2,2,0,0,1.0,False
HMSTR,2026-03-29T08:58:45.915Z,2026-03-29T08:58:45.915212Z,2026-03-29T10:58:45.915212Z,7579.224667,7,0.0001307,15.302218821729522,3.401360544217688,-1.489,17.93103448275862,15.302218821729522,57.32806019191616,0,0,0,0,,
HOLO,2026-03-29T08:58:52.742Z,2026-03-29T08:58:52.742548Z,2026-03-29T10:58:52.742548Z,7572.397331,7,0.0523,38.240917782026536,3.2442748091603053,-1.132,21.724137931034484,38.240917782026536,43.508547649702976,1,0,1,0,1.0,False
ILV,2026-03-29T08:58:59.973Z,2026-03-29T08:58:59.974124Z,2026-03-29T10:58:59.974124Z,7565.165755,7,3.34,59.88023952095814,2.976190476190479,-1.466,24.137931034482758,59.88023952095814,57.27865575199969,2,2,0,0,1.0,False
KAIA,2026-03-29T08:59:07.176Z,2026-03-29T08:59:07.176349Z,2026-03-29T10:59:07.176349Z,7557.96353,7,0.04575,21.857923497268384,3.0237580993520483,-1.279,19.310344827586206,21.857923497268384,64.06280267531822,5,4,1,0,1.0,False
KAITO,2026-03-29T08:59:15.010Z,2026-03-29T08:59:15.010937Z,2026-03-29T10:59:15.010937Z,7550.128942,7,0.38639999999999997,15.527950310558735,3.9094650205761297,1.092,30.689655172413794,15.527950310558735,53.21383374400873,0,0,0,0,,
LISTA,2026-03-29T08:59:21.707Z,2026-03-29T08:59:21.707660Z,2026-03-29T10:59:21.707660Z,7543.432219,7,0.08224999999999999,12.158054711246551,3.0193236714975873,-1.546,25.862068965517242,12.158054711246551,64.49821868840021,6,3,1,2,0.6667,False
LPT,2026-03-29T08:59:29.757Z,2026-03-29T08:59:29.758025Z,2026-03-29T10:59:29.758025Z,7535.381854,7,2.0540000000000003,19.474196689386577,3.1630170316301673,-2.189,20.689655172413794,19.474196689386577,58.711798858161046,8,6,2,0,1.0,False
MIRA,2026-03-29T08:59:37.826Z,2026-03-29T08:59:37.826965Z,2026-03-29T10:59:37.826965Z,7527.312914,7,0.0747,26.773761713521516,2.666666666666669,-0.398,27.93103448275862,26.773761713521516,54.30451205535646,0,0,0,0,,
NOT,2026-03-29T08:59:45.298Z,2026-03-29T08:59:45.298411Z,2026-03-29T10:59:45.298411Z,7519.841468,7,0.0003475,28.776978417266886,3.1428571428571415,0.575,24.482758620689655,28.776978417266886,51.22019061207924,7,5,2,0,0.4286,False
SAPIEN,2026-03-29T08:59:56.427Z,2026-03-29T08:59:56.427857Z,2026-03-29T10:59:56.427857Z,7508.712022,7,0.06545000000000001,15.278838808251008,4.804804804804796,-0.745,26.20689655172414,15.278838808251008,58.817426065431675,0,0,0,0,,
SNX,2026-03-29T09:00:03.127Z,2026-03-29T09:00:03.127763Z,2026-03-29T11:00:03.127763Z,7502.012116,7,0.2765,36.16636528028936,3.61010830324908,-0.717,25.17241379310345,36.16636528028936,43.51978779666467,3,2,1,0,1.0,False
SOLV,2026-03-29T09:00:09.704Z,2026-03-29T09:00:09.704425Z,2026-03-29T11:00:09.704425Z,7495.435454,7,0.0032050000000000004,31.201248049922075,7.716049382716044,6.931,29.310344827586206,31.201248049922075,77.69527353943062,0,0,0,0,,
SYN,2026-03-29T09:00:22.261Z,2026-03-29T09:00:22.262203Z,2026-03-29T11:00:22.262203Z,7482.877676,7,0.045950000000000005,21.76278563656059,4.814004376367617,-2.972,30.344827586206897,21.76278563656059,38.490786103985826,1,1,0,0,1.0,False
TREE,2026-03-29T09:00:29.971Z,2026-03-29T09:00:29.971822Z,2026-03-29T11:00:29.971822Z,7475.168057,7,0.05895,16.9635284139094,2.861952861952862,-0.168,25.517241379310345,16.9635284139094,57.79571524591452,0,0,0,0,,
TURTLE,2026-03-29T09:00:36.744Z,2026-03-29T09:00:36.744305Z,2026-03-29T11:00:36.744305Z,7468.395574,7,0.03945,25.348542458809344,6.265664160401007,1.786,30.0,25.348542458809344,65.00354372374814,0,0,0,0,,
USUAL,2026-03-29T09:00:44.595Z,2026-03-29T09:00:44.596032Z,2026-03-29T11:00:44.596032Z,7460.543847,7,0.012075,8.281573498964464,4.073150457190365,-1.15,19.655172413793103,8.281573498964464,62.441961334017996,5,4,1,0,1.0,False
YB,2026-03-29T09:00:56.010Z,2026-03-29T09:00:56.010440Z,2026-03-29T11:00:56.010440Z,7449.129439,7,0.1056,37.87878787878896,7.764265668849381,-1.293,22.06896551724138,37.87878787878896,66.66798254197606,0,0,0,0,,
YGG,2026-03-29T09:01:02.759Z,2026-03-29T09:01:02.759499Z,2026-03-29T11:01:02.759499Z,7442.38038,7,0.03455,17.366136034731564,3.5173005433228535,-0.114,28.275862068965516,17.366136034731564,64.80634577555597,4,3,1,0,0.5,False
1000CHEEMS,2026-03-29T09:06:46.522Z,2026-03-29T09:06:46.523117Z,2026-03-29T11:06:46.523117Z,7698.484472,7,0.0004255,70.50528789659269,6.49651972157772,5.122,16.20689655172414,70.50528789659269,56.2772566902888,16,1,15,0,0.5,False
1000SATS,2026-03-29T09:06:51.341Z,2026-03-29T09:06:51.341847Z,2026-03-29T11:06:51.341847Z,7693.665742,7,1.041e-05,57.63688760806861,4.02298850574712,0.772,9.310344827586206,57.63688760806861,30.811235535866057,17,12,4,1,0.6471,False
A,2026-03-29T09:07:05.231Z,2026-03-29T09:07:05.231676Z,2026-03-29T11:07:05.231676Z,7679.775913,7,0.07435,67.24949562878285,3.4993270524899125,-2.237,17.24137931034483,67.24949562878285,45.802185290810364,0,0,0,0,,
API3,2026-03-29T09:07:11.736Z,2026-03-29T09:07:11.736688Z,2026-03-29T11:07:11.736688Z,7673.270901,7,0.2679,22.396416573347864,2.53447633246365,-0.777,7.586206896551724,22.396416573347864,49.53561442809223,0,0,0,0,,
BMT,2026-03-29T09:07:22.640Z,2026-03-29T09:07:22.640317Z,2026-03-29T11:07:22.640317Z,7662.367272,7,0.014025,7.130124777184547,2.562277580071169,0.286,7.241379310344827,7.130124777184547,58.05420757709223,0,0,0,0,,
CGPT,2026-03-29T09:07:28.165Z,2026-03-29T09:07:28.165520Z,2026-03-29T11:07:28.165520Z,7656.842069,7,0.01882,21.25398512220955,1.9916142557651908,-0.986,15.862068965517242,21.25398512220955,32.564944186538355,3,1,1,1,0.3333,False
COMP,2026-03-29T09:07:35.323Z,2026-03-29T09:07:35.323378Z,2026-03-29T11:07:35.323378Z,7649.684211,7,18.175,16.50618982118357,3.287671232876701,-2.563,10.344827586206897,16.50618982118357,41.20626780632871,68,30,31,7,0.1324,False
CVC,2026-03-29T09:07:41.852Z,2026-03-29T09:07:41.852672Z,2026-03-29T11:07:41.852672Z,7643.154917,7,0.029495,30.513646380742433,2.9135967849966486,-1.744,9.655172413793103,30.513646380742433,42.329979751065565,72,23,47,2,0.0556,False
CYBER,2026-03-29T09:07:49.288Z,2026-03-29T09:07:49.288951Z,2026-03-29T11:07:49.288951Z,7635.718638,7,0.4835,20.682523267838697,3.06748466257669,-0.407,13.793103448275861,20.682523267838697,45.011065098278095,0,0,0,0,,
FORM,2026-03-29T09:07:54.578Z,2026-03-29T09:07:54.578933Z,2026-03-29T11:07:54.578933Z,7630.428656,7,0.24785,20.17349203147067,4.0856802856009535,1.286,11.724137931034482,20.17349203147067,45.6995847272763,2,0,1,1,1.0,False
FUN,2026-03-29T09:08:01.412Z,2026-03-29T09:08:01.412346Z,2026-03-29T11:08:01.412346Z,7623.595243,7,0.001262,79.23930269413476,9.794628751974722,-3.58,14.827586206896552,79.23930269413476,44.452723782005535,0,0,0,0,,
GMT,2026-03-29T09:08:09.439Z,2026-03-29T09:08:09.439919Z,2026-03-29T11:08:09.439919Z,7615.56767,7,0.009680000000000001,20.661157024794335,3.391572456320662,-1.218,13.448275862068966,20.661157024794335,36.22858151433799,1,1,0,0,1.0,False
HIVE,2026-03-29T09:08:17.136Z,2026-03-29T09:08:17.136353Z,2026-03-29T11:08:17.136353Z,7607.871236,7,0.056900000000000006,35.149384885764285,2.7444253859348273,-0.512,6.206896551724138,35.149384885764285,50.19752564094075,1,1,0,0,1.0,False
LA,2026-03-29T09:08:24.902Z,2026-03-29T09:08:24.902905Z,2026-03-29T11:08:24.902905Z,7600.104684,7,0.18345,38.15753611338121,3.520726859738791,0.342,5.517241379310345,38.15753611338121,65.28693092002888,2,0,1,1,0.0,False
MANTA,2026-03-29T09:08:39.290Z,2026-03-29T09:08:39.290645Z,2026-03-29T11:08:39.290645Z,7585.716944,7,0.060950000000000004,9.84413453650493,2.861299709020381,-0.194,12.758620689655173,9.84413453650493,51.47009650996457,9,4,5,0,0.7778,False
MASK,2026-03-29T09:08:46.201Z,2026-03-29T09:08:46.202092Z,2026-03-29T11:08:46.202092Z,7578.805497,7,0.3995,25.03128911138926,4.166666666666656,-0.73,4.482758620689655,25.03128911138926,50.20156252800355,7,6,0,1,0.7143,False
MITO,2026-03-29T09:08:58.805Z,2026-03-29T09:08:58.805727Z,2026-03-29T11:08:58.805727Z,7566.201862,7,0.03492,11.454753722794495,5.350028457598179,-2.901,4.827586206896552,11.454753722794495,42.19815055584882,0,0,0,0,,
OSMO,2026-03-29T09:09:03.808Z,2026-03-29T09:09:03.809103Z,2026-03-29T11:09:03.809103Z,7561.198486,7,0.02955,33.84094754653227,2.0134228187919456,-0.997,8.275862068965518,33.84094754653227,53.883791407118146,6,3,1,2,1.0,False
QTUM,2026-03-29T09:09:09.781Z,2026-03-29T09:09:09.781358Z,2026-03-29T11:09:09.781358Z,7555.226231,7,0.8095000000000001,37.05991352686846,3.9263803680981493,-1.451,11.379310344827585,37.05991352686846,40.3054523931384,0,0,0,0,,
RARE,2026-03-29T09:09:16.766Z,2026-03-29T09:09:16.766409Z,2026-03-29T11:09:16.766409Z,7548.24118,7,0.01415,70.67137809187359,3.5460992907801447,-0.704,8.96551724137931,70.67137809187359,49.52524460267071,0,0,0,0,,
RED,2026-03-29T09:09:24.613Z,2026-03-29T09:09:24.614226Z,2026-03-29T11:09:24.614226Z,7540.393363,7,0.10685,9.35891436593252,2.511627906976739,-1.013,10.689655172413794,9.35891436593252,43.680358445399214,0,0,0,0,,
RPL,2026-03-29T09:09:31.243Z,2026-03-29T09:09:31.243438Z,2026-03-29T11:09:31.243438Z,7533.764151,7,1.5750000000000002,63.492063492063544,3.1446540880503173,0.633,16.551724137931036,63.492063492063544,48.743886915482726,3,3,0,0,1.0,False
SKL,2026-03-29T09:09:37.144Z,2026-03-29T09:09:37.144484Z,2026-03-29T11:09:37.144484Z,7527.863105,7,0.005765,52.03816131830097,4.530201342281884,3.652,11.03448275862069,52.03816131830097,70.2234509673546,6,5,1,0,1.0,False
SOPH,2026-03-29T09:09:44.593Z,2026-03-29T09:09:44.593547Z,2026-03-29T11:09:44.593547Z,7520.414042,7,0.008025000000000001,12.461059190032806,2.1144278606965177,-0.124,4.137931034482759,12.461059190032806,57.93294049131632,0,0,0,0,,
SUSHI,2026-03-29T09:09:51.598Z,2026-03-29T09:09:51.598422Z,2026-03-29T11:09:51.598422Z,7513.409167,7,0.18875,5.2980132450325295,2.218700475435821,-0.734,6.551724137931035,5.2980132450325295,46.05719068140736,5,4,1,0,0.6,False
TLM,2026-03-29T09:10:05.156Z,2026-03-29T09:10:05.156888Z,2026-03-29T11:10:05.156888Z,7499.850701,7,0.00162,12.34567901234598,2.950215119852494,0.868,7.931034482758621,12.34567901234598,50.01409492030944,0,0,0,0,,
TNSR,2026-03-29T09:10:11.854Z,2026-03-29T09:10:11.854352Z,2026-03-29T11:10:11.854352Z,7493.153237,7,0.03815,26.21231979030037,3.124999999999999,0.261,16.896551724137932,26.21231979030037,47.67473744832147,47,15,29,3,0.0638,False
UMA,2026-03-29T09:10:19.436Z,2026-03-29T09:10:19.436984Z,2026-03-29T11:10:19.436984Z,7485.570605,7,0.392,51.020408163265344,5.749999999999991,1.266,8.620689655172415,51.020408163265344,46.26703138537149,0,0,0,0,,
VANRY,2026-03-29T09:10:26.400Z,2026-03-29T09:10:26.400721Z,2026-03-29T11:10:26.400721Z,7478.606868,7,0.005136999999999999,11.679968853416254,4.039812646370018,-3.175,15.172413793103448,11.679968853416254,53.02814258180318,67,22,42,3,0.0,False
VELODROME,2026-03-29T09:10:33.028Z,2026-03-29T09:10:33.028912Z,2026-03-29T11:10:33.028912Z,7471.978677,7,0.014,14.285714285713702,2.7220630372492844,-0.711,13.10344827586207,14.285714285713702,52.22811795825729,0,0,0,0,,
WCT,2026-03-29T09:10:40.368Z,2026-03-29T09:10:40.369045Z,2026-03-29T11:10:40.369045Z,7464.638544,7,0.055,36.363636363637404,2.3131672597864816,0.178,12.068965517241379,36.363636363637404,43.319221412803124,0,0,0,0,,
XAI,2026-03-29T09:10:47.251Z,2026-03-29T09:10:47.251863Z,2026-03-29T11:10:47.251863Z,7457.755726,7,0.00902,88.6917960088694,3.087100330760758,-1.733,6.896551724137931,88.6917960088694,39.742038410955814,4,1,1,2,0.5,False
BFUSD,2026-03-29T09:16:50.479Z,2026-03-29T09:16:50.479546Z,2026-03-29T11:16:50.479546Z,7695.239251,7,0.99945,5.0027515133328935,0.08006405124099508,0.03,1.3793103448275863,5.0027515133328935,44.13364504538239,0,0,0,0,,
BLUR,2026-03-29T09:16:56.988Z,2026-03-29T09:16:56.988822Z,2026-03-29T11:16:56.988822Z,7688.729975,7,0.017095,29.24831822170309,4.089861751152086,-0.8,2.0689655172413794,29.24831822170309,42.4103921372965,7,6,0,1,1.0,False
CHZ,2026-03-29T09:17:09.102Z,2026-03-29T09:17:09.102747Z,2026-03-29T11:17:09.102747Z,7676.61605,7,0.038935,7.705149608320357,14.168530947054428,10.888,91.37931034482759,7.705149608320357,60.20292987613116,18,7,11,0,0.9444,False
DOGE,2026-03-29T09:17:14.527Z,2026-03-29T09:17:14.527831Z,2026-03-29T11:17:14.527831Z,7671.190966,7,0.09095,2.1990104453002886,5.397383752885564,0.608,97.24137931034483,2.1990104453002886,56.67371418331727,48,16,30,2,0.9167,False
ENA,2026-03-29T09:17:19.318Z,2026-03-29T09:17:19.319046Z,2026-03-29T11:17:19.319046Z,7666.399751,7,0.09154999999999999,10.922992900054929,5.7585825027685456,-0.769,94.48275862068965,10.922992900054929,61.22349747464608,13,10,3,0,0.7692,False
ETH,2026-03-29T09:17:24.410Z,2026-03-29T09:17:24.411105Z,2026-03-29T11:17:24.411105Z,7661.307692,7,2001.8850000000002,0.049952919373445044,2.9242308403415924,-0.134,99.65517241379311,0.049952919373445044,60.69078721290694,40,21,13,6,0.475,False
EUR,2026-03-29T09:17:27.488Z,2026-03-29T09:17:27.488990Z,2026-03-29T11:17:27.488990Z,7658.229807,7,1.1498499999999998,0.8696786537373484,0.1739281676667538,-0.035,97.58620689655173,0.8696786537373484,68.27249715527861,0,0,0,0,,
F,2026-03-29T09:17:34.696Z,2026-03-29T09:17:34.696911Z,2026-03-29T11:17:34.696911Z,7651.021886,7,0.005039999999999999,39.68253968253979,2.169625246548321,-0.588,1.0344827586206897,39.68253968253979,41.34109740358547,0,0,0,0,,
FDUSD,2026-03-29T09:17:39.436Z,2026-03-29T09:17:39.437135Z,2026-03-29T11:17:39.437135Z,7646.281662,7,0.9989,2.002202422664711,0.030033036339970662,-0.01,91.72413793103448,2.002202422664711,64.1588899451157,0,0,0,0,,
FET,2026-03-29T09:17:44.591Z,2026-03-29T09:17:44.591274Z,2026-03-29T11:17:44.591274Z,7641.127523,7,0.244,8.196721311475645,10.843373493975909,4.516,96.55172413793103,8.196721311475645,69.35677269406028,13,9,3,1,0.8462,False
HBAR,2026-03-29T09:17:49.370Z,2026-03-29T09:17:49.370328Z,2026-03-29T11:17:49.370328Z,7636.348469,7,0.089505,1.1172560192179208,2.9009856630824316,-0.767,93.10344827586206,1.1172560192179208,52.203073942744965,9,7,2,0,0.7778,False
HEI,2026-03-29T09:17:55.969Z,2026-03-29T09:17:55.969284Z,2026-03-29T11:17:55.969284Z,7629.749513,7,0.0726,55.09641873278204,3.3921302578019024,-1.733,1.7241379310344827,55.09641873278204,55.09572010925598,0,0,0,0,,
LAYER,2026-03-29T09:18:02.379Z,2026-03-29T09:18:02.379358Z,2026-03-29T11:18:02.379358Z,7623.339439,7,0.0765,78.43137254901823,4.510309278350501,1.438,3.103448275862069,78.43137254901823,45.63649814737503,0,0,0,0,,
LINK,2026-03-29T09:18:08.034Z,2026-03-29T09:18:08.035151Z,2026-03-29T11:18:08.035151Z,7617.683646,7,8.495000000000001,11.771630370806104,3.8823529411764715,-0.932,96.20689655172414,11.771630370806104,57.02638316112144,14,7,6,1,0.8571,False
LSK,2026-03-29T09:18:15.300Z,2026-03-29T09:18:15.301008Z,2026-03-29T11:18:15.301008Z,7610.417789,7,0.1205,82.98755186721999,1.6528925619834725,0.0,0.6896551724137931,82.98755186721999,32.0007680780399,1,0,1,0,1.0,False
LTC,2026-03-29T09:18:20.119Z,2026-03-29T09:18:20.119202Z,2026-03-29T11:18:20.119202Z,7605.599595,7,53.845,1.857182653913643,2.5384472855289926,0.241,92.06896551724138,1.857182653913643,70.5749367400992,8,4,3,1,1.0,False
MAV,2026-03-29T09:18:26.666Z,2026-03-29T09:18:26.667083Z,2026-03-29T11:18:26.667083Z,7599.051714,7,0.012539999999999999,47.846889952152544,3.0468750000000115,-1.005,2.7586206896551726,47.846889952152544,37.7317773069362,0,0,0,0,,
NMR,2026-03-29T09:18:38.761Z,2026-03-29T09:18:38.761564Z,2026-03-29T11:18:38.761564Z,7586.957233,7,6.42,31.15264797507722,2.2624434389140324,0.607,2.413793103448276,31.15264797507722,45.80240280133227,0,0,0,0,,
PUNDIX,2026-03-29T09:18:54.464Z,2026-03-29T09:18:54.464802Z,2026-03-29T11:18:54.464802Z,7571.253995,7,0.13915,50.30542579949739,1.7142857142857035,-1.685,0.3448275862068966,50.30542579949739,38.04862243428296,0,0,0,0,,
RENDER,2026-03-29T09:18:59.203Z,2026-03-29T09:18:59.203307Z,2026-03-29T11:18:59.203307Z,7566.51549,7,1.6764999999999999,5.9648076349544406,5.861244019138762,-0.06,92.41379310344827,5.9648076349544406,63.052208972817,3,2,1,0,1.0,False
SOL,2026-03-29T09:19:04.701Z,2026-03-29T09:19:04.701702Z,2026-03-29T11:19:04.701702Z,7561.017095,7,82.515,1.2119008665080173,3.1238604594627537,-1.272,98.96551724137932,1.2119008665080173,49.270931210475425,29,16,13,0,0.931,False
SUI,2026-03-29T09:19:10.012Z,2026-03-29T09:19:10.012278Z,2026-03-29T11:19:10.012278Z,7555.706519,7,0.86105,1.1613727425816038,7.391555812608451,-1.661,98.27586206896552,1.1613727425816038,59.4376862435224,10,4,3,3,0.2,False
TAO,2026-03-29T09:19:15.079Z,2026-03-29T09:19:15.079467Z,2026-03-29T11:19:15.079467Z,7550.63933,7,319.85,3.1264655307164575,4.6497015394281975,-1.21,98.62068965517241,3.1264655307164575,55.39827806882042,40,22,14,4,0.55,False
TRX,2026-03-29T09:19:19.811Z,2026-03-29T09:19:19.811645Z,2026-03-29T11:19:19.811645Z,7545.907152,7,0.31905,3.1343049678730286,2.53807106598985,1.188,92.75862068965517,3.1343049678730286,67.93722276832997,21,12,9,0,0.9048,False
USD1,2026-03-29T09:19:23.269Z,2026-03-29T09:19:23.269396Z,2026-03-29T11:19:23.269396Z,7542.449401,7,0.99965,1.0003501225427798,0.030015007503748567,0.0,99.3103448275862,1.0003501225427798,61.592344276357366,10,2,7,1,0.1,False
WLD,2026-03-29T09:19:28.949Z,2026-03-29T09:19:28.950189Z,2026-03-29T11:19:28.950189Z,7536.768608,7,0.2754,7.26216412491044,7.344428364688873,5.9,95.17241379310344,7.26216412491044,74.39676214544974,14,5,6,3,0.2857,False
XLM,2026-03-29T09:19:40.205Z,2026-03-29T09:19:40.205608Z,2026-03-29T11:19:40.205608Z,7525.513189,7,0.16765,5.964807634953116,3.930911256700414,1.696,90.6896551724138,5.964807634953116,64.31785072476974,13,7,6,0,0.9231,False
XRP,2026-03-29T09:19:45.383Z,2026-03-29T09:19:45.383496Z,2026-03-29T11:19:45.383496Z,7520.335301,7,1.3367499999999999,0.7480830372170488,2.2573871306434525,-0.217,97.93103448275862,0.7480830372170488,50.21746657301786,30,11,12,7,0.3333,False
ZEC,2026-03-29T09:19:50.126Z,2026-03-29T09:19:50.126921Z,2026-03-29T11:19:50.126921Z,7515.591876,7,215.84500000000003,1.3898862609743627,5.402659770964162,-0.441,93.44827586206897,1.3898862609743627,58.809417306058634,7,6,0,1,-0.1429,False
APT,2026-03-29T09:25:27.539Z,2026-03-29T09:25:27.540121Z,2026-03-29T11:25:27.540121Z,7777.947665,7,0.9285000000000001,10.770059235325803,4.511278195488714,-1.897,88.96551724137932,10.770059235325803,63.627653837335494,23,10,11,2,0.8261,False
DOT,2026-03-29T09:25:32.235Z,2026-03-29T09:25:32.235750Z,2026-03-29T11:25:32.235750Z,7773.252036,7,1.2725,7.8585461689578775,4.484657749803301,-1.853,88.27586206896552,7.8585461689578775,53.3606597071706,15,5,8,2,0.4667,False
KITE,2026-03-29T09:25:46.629Z,2026-03-29T09:25:46.629681Z,2026-03-29T11:25:46.629681Z,7758.858105,7,0.16060000000000002,12.453300124533357,12.616532007458039,-7.794,88.62068965517241,12.453300124533357,49.87928641717991,1,0,1,0,1.0,False
NEAR,2026-03-29T09:25:51.329Z,2026-03-29T09:25:51.329697Z,2026-03-29T11:25:51.329697Z,7754.158089,7,1.1644999999999999,8.587376556462964,2.497846683893188,-0.684,89.65517241379311,8.587376556462964,59.2085087923692,5,3,2,0,1.0,False
0G,2026-03-29T09:31:44.918Z,2026-03-29T09:31:44.918768Z,2026-03-29T11:31:44.918768Z,7400.569018,7,0.4725,21.164021164021182,11.20507399577168,-0.211,79.65517241379311,21.164021164021182,63.41255086513374,0,0,0,0,,
ALGO,2026-03-29T09:31:49.732Z,2026-03-29T09:31:49.732965Z,2026-03-29T11:31:49.732965Z,7395.754821,7,0.08135,12.292562999385723,2.453987730061352,-0.972,75.51724137931035,12.292562999385723,61.35585847842467,10,4,5,1,0.4,False
ARB,2026-03-29T09:31:54.654Z,2026-03-29T09:31:54.654886Z,2026-03-29T11:31:54.654886Z,7390.8329,7,0.08945,11.179429849078016,3.2366071428571423,-0.555,81.37931034482759,11.179429849078016,61.08718864374149,9,3,5,1,0.7778,False
ASTER,2026-03-29T09:31:59.423Z,2026-03-29T09:31:59.423648Z,2026-03-29T11:31:59.423648Z,7386.064138,7,0.6585000000000001,15.186028853454832,2.121212121212123,-0.151,84.82758620689656,15.186028853454832,71.57327148915658,12,2,6,4,0.6667,False
C,2026-03-29T09:32:18.340Z,2026-03-29T09:32:18.341021Z,2026-03-29T11:32:18.341021Z,7367.146765,7,0.07694999999999999,12.995451591943194,16.02564102564104,-9.618,80.6896551724138,12.995451591943194,47.48707285638406,0,0,0,0,,
CRV,2026-03-29T09:32:34.625Z,2026-03-29T09:32:34.626018Z,2026-03-29T11:32:34.626018Z,7350.861768,7,0.2103,9.510223490252294,5.066287878787873,0.0,82.41379310344827,9.510223490252294,57.20640850223279,4,1,2,1,1.0,False
DYDX,2026-03-29T09:32:39.550Z,2026-03-29T09:32:39.550961Z,2026-03-29T11:32:39.550961Z,7345.936825,7,0.09125,10.958904109589355,6.847826086956522,-2.954,81.72413793103448,10.958904109589355,58.17312131636768,5,3,2,0,1.0,False
ENSO,2026-03-29T09:32:49.822Z,2026-03-29T09:32:49.822463Z,2026-03-29T11:32:49.822463Z,7335.665323,7,1.0415,9.601536245800402,6.327900287631838,-1.137,78.27586206896552,9.601536245800402,65.04003677686958,0,0,0,0,,
FIL,2026-03-29T09:32:54.487Z,2026-03-29T09:32:54.487869Z,2026-03-29T11:32:54.487869Z,7330.999917,7,0.8115000000000001,12.322858903265567,6.019656019656012,-0.973,85.86206896551724,12.322858903265567,66.63081928607315,3,2,0,1,1.0,False
GUN,2026-03-29T09:32:59.428Z,2026-03-29T09:32:59.428185Z,2026-03-29T11:32:59.428185Z,7326.059601,7,0.01693,23.626698168929927,12.748538011695915,4.587,78.96551724137932,23.626698168929927,72.65501585178393,4,2,0,2,1.0,False
HUMA,2026-03-29T09:33:04.650Z,2026-03-29T09:33:04.650935Z,2026-03-29T11:33:04.650935Z,7320.836851,7,0.01418,14.104372355429609,15.836177474402739,-4.56,80.0,14.104372355429609,66.5757815902618,2,2,0,0,1.0,False
ICP,2026-03-29T09:33:12.151Z,2026-03-29T09:33:12.152017Z,2026-03-29T11:33:12.152017Z,7313.335769,7,2.2264999999999997,4.4913541432737025,4.127411395244508,-0.845,84.48275862068965,4.4913541432737025,53.97904382526199,8,4,4,0,1.0,False
INJ,2026-03-29T09:33:17.880Z,2026-03-29T09:33:17.880365Z,2026-03-29T11:33:17.880365Z,7307.607421,7,2.8225,3.5429583702387597,4.598514326140782,-1.464,77.93103448275862,3.5429583702387597,61.73546241030519,8,4,3,1,0.5,False
LDO,2026-03-29T09:33:28.776Z,2026-03-29T09:33:28.776710Z,2026-03-29T11:33:28.776710Z,7296.711076,7,0.30485,9.840905363292338,5.173542894564499,1.126,76.55172413793103,9.840905363292338,62.36844352802478,5,4,1,0,1.0,False
ONDO,2026-03-29T09:33:34.618Z,2026-03-29T09:33:34.618712Z,2026-03-29T11:33:34.618712Z,7290.869074,7,0.26845,3.725088470850772,5.842696629213484,0.945,83.79310344827586,3.725088470850772,64.12155765854631,11,5,4,2,0.6364,False
PARTI,2026-03-29T09:33:43.023Z,2026-03-29T09:33:43.023988Z,2026-03-29T11:33:43.023988Z,7282.463798,7,0.09004999999999999,11.1049416990564,16.441441441441444,-8.075,73.10344827586206,11.1049416990564,61.0968036676982,0,0,0,0,,
PENDLE,2026-03-29T09:33:48.659Z,2026-03-29T09:33:48.659965Z,2026-03-29T11:33:48.659965Z,7276.827821,7,1.1284999999999998,8.861320336731167,5.039787798408502,-3.251,73.44827586206897,8.861320336731167,63.12583166242048,4,2,1,1,0.5,False
PENGU,2026-03-29T09:33:55.454Z,2026-03-29T09:33:55.454634Z,2026-03-29T11:33:55.454634Z,7270.033152,7,0.0063325,4.737465455981679,5.393081761006282,-1.334,82.75862068965517,4.737465455981679,37.6663342422306,5,2,3,0,0.6,False
PROVE,2026-03-29T09:34:01.934Z,2026-03-29T09:34:01.934398Z,2026-03-29T11:34:01.934398Z,7263.553388,7,0.22935,13.080444735121972,10.549070471249461,-8.032,72.75862068965517,13.080444735121972,38.52052251640525,0,0,0,0,,
PUMP,2026-03-29T09:34:07.398Z,2026-03-29T09:34:07.398903Z,2026-03-29T11:34:07.398903Z,7258.088883,7,0.0017115,5.842827928717008,4.09596255119953,-0.175,77.58620689655173,5.842827928717008,40.222983849838435,2,1,0,1,-1.0,False
RESOLV,2026-03-29T09:34:12.187Z,2026-03-29T09:34:12.187356Z,2026-03-29T11:34:12.187356Z,7253.30043,7,0.03805,26.28120893561179,11.197916666666663,-6.569,79.3103448275862,26.28120893561179,60.19044010855642,0,0,0,0,,
RUNE,2026-03-29T09:34:23.242Z,2026-03-29T09:34:23.243060Z,2026-03-29T11:34:23.243060Z,7242.244726,7,0.3985,25.09410288582185,1.7543859649122824,1.013,78.62068965517241,25.09410288582185,64.615897713749,0,0,0,0,,
SEI,2026-03-29T09:34:29.505Z,2026-03-29T09:34:29.505742Z,2026-03-29T11:34:29.505742Z,7235.982044,7,0.05375,18.60465116279123,3.8961038961039045,-1.642,77.24137931034483,18.60465116279123,62.903791455342365,4,3,1,0,0.75,False
SHIB,2026-03-29T09:34:34.706Z,2026-03-29T09:34:34.706538Z,2026-03-29T11:34:34.706538Z,7230.781248,7,5.785e-06,17.286084701814875,3.633217993079594,-0.516,83.10344827586206,17.286084701814875,59.37578313738064,18,10,8,0,0.7778,False
STO,2026-03-29T09:34:39.464Z,2026-03-29T09:34:39.464193Z,2026-03-29T11:34:39.464193Z,7226.023593,7,0.16035,6.236357966946616,33.99627097576135,46.14,86.20689655172414,6.236357966946616,72.9928423355593,12,9,3,0,0.6667,False
SYRUP,2026-03-29T09:34:44.663Z,2026-03-29T09:34:44.663851Z,2026-03-29T11:34:44.663851Z,7220.823935,7,0.20395,4.903162539837656,5.813385442110403,0.887,74.82758620689656,4.903162539837656,57.34715538758673,1,1,0,0,1.0,False
TWT,2026-03-29T09:34:53.303Z,2026-03-29T09:34:53.303256Z,2026-03-29T11:34:53.303256Z,7212.18453,7,0.44035,29.521971159305625,4.679023508137431,3.051,76.20689655172414,29.521971159305625,54.938413497079736,7,5,2,0,0.7143,False
UNI,2026-03-29T09:34:59.004Z,2026-03-29T09:34:59.004742Z,2026-03-29T11:34:59.004742Z,7206.483044,7,3.3765,2.9616466755512807,2.387267904509283,0.355,75.17241379310344,2.9616466755512807,43.23301411746675,18,9,8,1,0.5556,False
A2Z,2026-03-29T09:40:41.553Z,2026-03-29T09:40:41.553818Z,2026-03-29T11:40:41.553818Z,7463.907543,7,0.000214,186.91588785046676,18.918918918918916,-5.532,61.03448275862069,186.91588785046676,46.692153811415395,0,0,0,0,,
ARKM,2026-03-29T09:40:49.153Z,2026-03-29T09:40:49.153809Z,2026-03-29T11:40:49.153809Z,7456.307552,7,0.0965,103.62694300518143,4.1666666666666705,-1.031,60.689655172413794,103.62694300518143,40.884043603045335,35,12,20,3,0.4,False
ATOM,2026-03-29T09:40:54.395Z,2026-03-29T09:40:54.395547Z,2026-03-29T11:40:54.395547Z,7451.065814,7,1.6535,6.047777441789477,2.655401327700666,-2.415,69.3103448275862,6.047777441789477,53.22897813047917,62,14,45,3,0.4677,False
BERA,2026-03-29T09:41:04.696Z,2026-03-29T09:41:04.697017Z,2026-03-29T11:41:04.697017Z,7440.764344,7,0.4505,22.197558268590473,5.580357142857148,-2.397,63.44827586206897,22.197558268590473,48.86318513902253,2,2,0,0,1.0,False
BIO,2026-03-29T09:41:11.258Z,2026-03-29T09:41:11.259015Z,2026-03-29T11:41:11.259015Z,7434.202346,7,0.016050000000000002,62.30529595015538,4.999999999999991,-1.235,70.0,62.30529595015538,55.53369930827648,1,1,0,0,1.0,False
CAKE,2026-03-29T09:41:17.438Z,2026-03-29T09:41:17.438629Z,2026-03-29T11:41:17.438629Z,7428.022732,7,1.3745,7.27537286285842,2.0304568527918803,0.804,63.793103448275865,7.27537286285842,69.9148842985534,11,9,2,0,0.8182,False
CETUS,2026-03-29T09:41:24.426Z,2026-03-29T09:41:24.426388Z,2026-03-29T11:41:24.426388Z,7421.034973,7,0.027110000000000002,14.754703061601562,9.436777321894805,2.211,72.41379310344827,14.754703061601562,53.13817798956769,3,1,1,1,0.3333,False
CVX,2026-03-29T09:41:30.964Z,2026-03-29T09:41:30.965014Z,2026-03-29T11:41:30.965014Z,7414.496347,7,1.615,24.767801857585162,4.409063074096759,-1.09,66.55172413793103,24.767801857585162,60.202586847740285,33,13,18,2,0.4545,False
DASH,2026-03-29T09:41:37.574Z,2026-03-29T09:41:37.574201Z,2026-03-29T11:41:37.574201Z,7407.88716,7,31.925,9.397024275646402,3.917267314321529,0.821,67.93103448275862,9.397024275646402,44.29624962596487,6,3,1,2,1.0,False
EGLD,2026-03-29T09:41:44.089Z,2026-03-29T09:41:44.089480Z,2026-03-29T11:41:44.089480Z,7401.371881,7,3.785,26.42007926023839,3.430079155672832,-1.813,62.41379310344828,26.42007926023839,59.53596775408837,10,5,3,2,0.8,False
ENJ,2026-03-29T09:41:49.656Z,2026-03-29T09:41:49.657009Z,2026-03-29T11:41:49.657009Z,7395.804352,7,0.021574999999999997,69.52491309385903,8.898944193061824,-0.5,67.24137931034483,69.52491309385903,62.1448535442416,6,4,1,1,1.0,False
ETHFI,2026-03-29T09:42:03.093Z,2026-03-29T09:42:03.093325Z,2026-03-29T11:42:03.093325Z,7382.368036,7,0.4585,21.810250817884423,3.2608695652173822,-0.217,62.758620689655174,21.810250817884423,59.36373539231078,5,3,1,1,1.0,False
EURI,2026-03-29T09:42:06.978Z,2026-03-29T09:42:06.978453Z,2026-03-29T11:42:06.978453Z,7378.482908,7,1.1492499999999999,2.6103980857077835,0.5913557700669552,0.009,59.6551724137931,2.6103980857077835,55.12375466881527,0,0,0,0,,
GALA,2026-03-29T09:42:11.958Z,2026-03-29T09:42:11.958197Z,2026-03-29T11:42:11.958197Z,7373.503164,7,0.002835,35.273368606702036,6.028368794326242,-3.093,65.51724137931035,35.273368606702036,33.761304055112404,3,3,0,0,1.0,False
IDEX,2026-03-29T09:42:22.671Z,2026-03-29T09:42:22.671822Z,2026-03-29T11:42:22.671822Z,7362.789539,7,0.0032,62.500000000000156,38.64306784660766,-2.865,60.3448275862069,62.500000000000156,60.766387589104426,1,1,0,0,1.0,False
MMT,2026-03-29T09:42:36.221Z,2026-03-29T09:42:36.221809Z,2026-03-29T11:42:36.221809Z,7349.239552,7,0.10725000000000001,9.32400932400959,3.3834586466165475,-0.188,58.96551724137931,9.32400932400959,66.85478879938444,0,0,0,0,,
OP,2026-03-29T09:42:42.854Z,2026-03-29T09:42:42.855157Z,2026-03-29T11:42:42.855157Z,7342.606204,7,0.10264999999999999,9.74184120798859,4.385964912280706,-2.099,72.06896551724138,9.74184120798859,54.64632918381124,63,25,34,4,0.3651,False
PIXEL,2026-03-29T09:42:50.268Z,2026-03-29T09:42:50.268242Z,2026-03-29T11:42:50.268242Z,7335.193119,7,0.008005,12.492192379762141,6.424242424242414,-0.602,71.72413793103448,12.492192379762141,65.17339106845318,63,24,35,4,0.4921,False
POL,2026-03-29T09:42:55.405Z,2026-03-29T09:42:55.406145Z,2026-03-29T11:42:55.406145Z,7330.055216,7,0.09245,10.816657652785597,2.80172413793104,1.421,69.65517241379311,10.816657652785597,70.99118033079196,22,13,9,0,0.6818,False
SOMI,2026-03-29T09:43:24.748Z,2026-03-29T09:43:24.749061Z,2026-03-29T11:43:24.749061Z,7300.7123,7,0.15050000000000002,13.289036544850877,5.256241787122212,0.0,68.27586206896552,13.289036544850877,42.81182068991626,2,2,0,0,1.0,False
SSV,2026-03-29T09:43:31.453Z,2026-03-29T09:43:31.453618Z,2026-03-29T11:43:31.453618Z,7294.007743,7,2.271,17.61338617349187,4.340044742729305,0.766,63.10344827586207,17.61338617349187,52.95099086179636,4,3,0,1,1.0,False
STEEM,2026-03-29T09:43:38.697Z,2026-03-29T09:43:38.697557Z,2026-03-29T11:43:38.697557Z,7286.763804,7,0.05795,24.15875754961195,16.174236029039346,-0.353,68.96551724137932,24.15875754961195,64.26585224035833,0,0,0,0,,
STRK,2026-03-29T09:43:44.621Z,2026-03-29T09:43:44.622344Z,2026-03-29T11:43:44.622344Z,7280.839017,7,0.03395,29.455081001473594,2.9325513196480966,-0.583,66.20689655172414,29.455081001473594,58.11531528212321,6,4,1,1,1.0,False
THE,2026-03-29T09:43:49.306Z,2026-03-29T09:43:49.307113Z,2026-03-29T11:43:49.307113Z,7276.154248,7,0.1016,19.685039370077938,8.60215053763441,-5.102,71.37931034482759,19.685039370077938,48.7947368098927,18,7,7,4,0.8889,False
TIA,2026-03-29T09:43:55.998Z,2026-03-29T09:43:55.998552Z,2026-03-29T11:43:55.998552Z,7269.462809,7,0.2948,6.7842605156030515,4.088586030664399,-1.872,64.48275862068965,6.7842605156030515,43.91037643186088,7,2,5,0,1.0,False
TON,2026-03-29T09:44:00.980Z,2026-03-29T09:44:00.980591Z,2026-03-29T11:44:00.980591Z,7264.48077,7,1.242,16.103059581320466,2.3923444976076578,1.374,70.6896551724138,16.103059581320466,63.75331998435017,9,6,2,1,1.0,False
USDE,2026-03-29T09:44:12.789Z,2026-03-29T09:44:12.789413Z,2026-03-29T11:44:12.789413Z,7252.671948,7,0.99925,1.0007505629220814,0.030021014710305015,-0.01,70.34482758620689,1.0007505629220814,53.841299223026645,7,6,1,0,1.0,False
XTZ,2026-03-29T09:44:18.978Z,2026-03-29T09:44:18.978832Z,2026-03-29T11:44:18.978832Z,7246.482529,7,0.34375,26.181818181818528,4.8326055312954725,-2.664,61.724137931034484,26.181818181818528,44.98529843792504,9,6,2,1,0.5556,False
ZRO,2026-03-29T09:44:26.038Z,2026-03-29T09:44:26.038448Z,2026-03-29T11:44:26.038448Z,7239.422913,7,2.0105,4.973887092764656,3.9039039039039074,-3.198,71.03448275862068,4.973887092764656,47.51406882198287,9,8,1,0,1.0,False
2Z,2026-03-29T09:50:09.443Z,2026-03-29T09:50:09.443456Z,2026-03-29T11:50:09.443456Z,7495.290303,7,0.06813,14.677821811243632,4.3668760040893915,-1.934,47.58620689655172,14.677821811243632,45.80318308778099,5,1,2,2,0.8,True
AIXBT,2026-03-29T09:50:14.810Z,2026-03-29T09:50:14.810509Z,2026-03-29T11:50:14.810509Z,7489.92325,7,0.0232,86.20689655172512,7.264957264957266,-0.426,45.86206896551724,86.20689655172512,52.268023070489505,3,3,0,0,1.0,False
ALLO,2026-03-29T09:50:21.516Z,2026-03-29T09:50:21.516982Z,2026-03-29T11:50:21.516982Z,7483.216777,7,0.10425000000000001,9.592326139089003,3.0476190476190426,-0.38,48.62068965517241,9.592326139089003,62.2398001733646,63,6,56,1,-0.4127,False
APE,2026-03-29T09:50:27.112Z,2026-03-29T09:50:27.112429Z,2026-03-29T11:50:27.112429Z,7477.62133,7,0.08535000000000001,11.716461628588501,2.7874564459930307,-0.347,57.93103448275862,11.716461628588501,53.91595855500431,8,7,0,1,0.75,False
AR,2026-03-29T09:50:34.709Z,2026-03-29T09:50:34.710179Z,2026-03-29T11:50:34.710179Z,7470.02358,7,1.685,59.34718100890213,4.093567251461992,1.786,49.6551724137931,59.34718100890213,52.645646124927715,6,4,1,1,0.6667,False
AXS,2026-03-29T09:50:39.518Z,2026-03-29T09:50:39.518545Z,2026-03-29T11:50:39.518545Z,7465.215214,7,1.1385,26.350461133068876,5.696757230499557,-2.562,54.48275862068966,26.350461133068876,61.469991879036755,3,1,2,0,1.0,False
COTI,2026-03-29T09:50:51.756Z,2026-03-29T09:50:51.756967Z,2026-03-29T11:50:51.756967Z,7452.976792,7,0.012645,23.724792408065465,7.047768206734532,4.844,53.793103448275865,23.724792408065465,69.07925986479745,0,0,0,0,,
EPIC,2026-03-29T09:50:59.209Z,2026-03-29T09:50:59.209737Z,2026-03-29T11:50:59.209737Z,7445.524022,7,0.2435,41.06776180698156,4.50819672131148,-0.813,49.310344827586206,41.06776180698156,59.97318561547776,0,0,0,0,,
HYPER,2026-03-29T09:51:15.827Z,2026-03-29T09:51:15.827888Z,2026-03-29T11:51:15.827888Z,7428.905871,7,0.07844999999999999,12.74697259400929,4.822335025380726,-4.6,56.55172413793103,12.74697259400929,55.49734940186484,0,0,0,0,,
LINEA,2026-03-29T09:51:38.316Z,2026-03-29T09:51:38.316756Z,2026-03-29T11:51:38.316756Z,7406.417003,7,0.0029249999999999996,34.18803418803429,4.794520547945218,-1.684,53.10344827586207,34.18803418803429,56.80986927638456,5,3,2,0,0.8,False
MORPHO,2026-03-29T09:51:45.275Z,2026-03-29T09:51:45.275210Z,2026-03-29T11:51:45.275210Z,7399.458549,7,1.4925000000000002,6.700167504188355,4.0376850605652645,-1.785,55.172413793103445,6.700167504188355,49.381951946719575,1,1,0,0,1.0,False
NEIRO,2026-03-29T09:51:51.780Z,2026-03-29T09:51:51.780897Z,2026-03-29T11:51:51.780897Z,7392.952862,7,5.5055e-05,9.081827263645666,4.438029947681761,-0.929,47.241379310344826,9.081827263645666,62.7731844803117,4,1,2,1,0.5,False
SHELL,2026-03-29T09:53:09.453Z,2026-03-29T09:53:09.453854Z,2026-03-29T11:53:09.453854Z,7315.279905,7,0.02695,37.10575139146545,3.308823529411758,-0.366,46.89655172413793,37.10575139146545,58.460971225016024,0,0,0,0,,
SPK,2026-03-29T09:53:16.392Z,2026-03-29T09:53:16.393141Z,2026-03-29T11:53:16.393141Z,7308.340618,7,0.020249,9.877030964491672,2.0724365933089914,-1.084,45.51724137931034,9.877030964491672,42.25245973248489,64,16,44,4,0.1562,False
VANA,2026-03-29T09:53:32.346Z,2026-03-29T09:53:32.347168Z,2026-03-29T11:53:32.347168Z,7292.386591,7,1.25,15.999999999998238,18.04570527974782,4.016,53.44827586206897,15.999999999998238,58.6621457475979,2,2,0,0,1.0,False
VET,2026-03-29T09:53:40.294Z,2026-03-29T09:53:40.295133Z,2026-03-29T11:53:40.295133Z,7284.438626,7,0.0066285,7.543184732593794,3.6182722749886898,-0.837,48.275862068965516,7.543184732593794,37.63930653364328,15,4,7,4,0.7333,False
W,2026-03-29T09:53:47.115Z,2026-03-29T09:53:47.115445Z,2026-03-29T11:53:47.115445Z,7277.618314,7,0.01475,67.7966101694923,4.026845637583891,0.0,54.13793103448276,67.7966101694923,57.33983353362407,1,0,1,0,1.0,False
ZEN,2026-03-29T09:53:54.651Z,2026-03-29T09:53:54.651481Z,2026-03-29T11:53:54.651481Z,7270.082278,7,5.1434999999999995,5.832604257799603,3.204633204633195,0.213,45.172413793103445,5.832604257799603,39.78308743762505,3,2,0,1,0.3333,False
DOLO,2026-03-29T10:00:15.508Z,2026-03-29T10:00:15.508515Z,2026-03-29T12:00:15.508515Z,7489.740933,7,0.029595,43.92633890859881,3.7345781927309085,-2.185,44.48275862068966,43.92633890859881,49.39585095751349,0,0,0,0,,
NEWT,2026-03-29T10:01:55.453Z,2026-03-29T10:01:55.453533Z,2026-03-29T12:01:55.453533Z,7389.795915,7,0.07075000000000001,42.402826855124886,5.233380480905226,-0.282,44.827586206896555,42.402826855124886,64.14451058706206,1,1,0,0,1.0,False
PEOPLE,2026-03-29T10:02:00.420Z,2026-03-29T10:02:00.420188Z,2026-03-29T12:02:00.420188Z,7384.82926,7,0.006305,15.860428231561606,4.1009463722397586,-1.092,41.724137931034484,15.860428231561606,59.16968984931438,2,1,1,0,1.0,False
TRB,2026-03-29T10:02:36.362Z,2026-03-29T10:02:36.362183Z,2026-03-29T12:02:36.362183Z,7348.887265,7,14.735,6.786562606039896,3.441295546558703,-1.134,36.206896551724135,6.786562606039896,39.839687125893654,1,0,1,0,-1.0,False
TST,2026-03-29T10:02:44.809Z,2026-03-29T10:02:44.810091Z,2026-03-29T12:02:44.810091Z,7340.439357,7,0.008375,11.940298507462199,3.3532934131736614,0.12,37.93103448275862,11.940298507462199,71.51237121349156,4,4,0,0,0.5,False
XVG,2026-03-29T10:02:51.679Z,2026-03-29T10:02:51.680106Z,2026-03-29T12:02:51.680106Z,7333.569342,7,0.0043774999999999994,20.559680182751478,2.725839152962369,-1.835,40.0,20.559680182751478,32.33501446699829,66,22,27,17,-0.2576,False
ZK,2026-03-29T10:03:02.851Z,2026-03-29T10:03:02.852225Z,2026-03-29T12:03:02.852225Z,7322.397223,7,0.01715,11.661807580176475,3.2539221382916996,-0.921,43.10344827586207,11.661807580176475,47.11341598839697,8,3,1,4,0.0,False
1MBABYDOGE,2026-03-29T10:08:51.672Z,2026-03-29T10:08:51.672961Z,2026-03-29T12:08:51.672961Z,7572.960511,7,0.00038295,28.724376550462786,3.053040103492875,0.809,17.93103448275862,28.724376550462786,61.68236035649636,0,0,0,0,,
AUCTION,2026-03-29T10:09:21.737Z,2026-03-29T10:09:21.737563Z,2026-03-29T12:09:21.737563Z,7542.895909,7,4.405,22.701475595913248,2.040816326530609,-0.676,22.75862068965517,22.701475595913248,43.21443028408072,0,0,0,0,,
BANANA,2026-03-29T10:09:27.682Z,2026-03-29T10:09:27.682649Z,2026-03-29T12:09:27.682649Z,7536.950823,7,3.2699999999999996,61.16207951070343,3.0959752321981315,-0.309,30.0,61.16207951070343,55.30563964506758,23,11,11,1,0.7826,False
DYM,2026-03-29T10:09:57.069Z,2026-03-29T10:09:57.069840Z,2026-03-29T12:09:57.069840Z,7507.563632,7,0.0251,79.68127490039792,19.04761904761904,-1.946,26.896551724137932,79.68127490039792,58.107670276929035,5,4,0,1,1.0,False
ERA,2026-03-29T10:10:08.570Z,2026-03-29T10:10:08.570393Z,2026-03-29T12:10:08.570393Z,7496.063079,7,0.12415,24.16431735803421,2.8799999999999937,0.806,29.310344827586206,24.16431735803421,58.22012500636947,0,0,0,0,,
GPS,2026-03-29T10:10:21.791Z,2026-03-29T10:10:21.791758Z,2026-03-29T12:10:21.791758Z,7482.841714,7,0.007825,12.77955271565443,3.2051282051281973,1.299,28.275862068965516,12.77955271565443,68.46146056321352,0,0,0,0,,
MET,2026-03-29T10:11:10.009Z,2026-03-29T10:11:10.009627Z,2026-03-29T12:11:10.009627Z,7434.623845,7,0.136,44.11764705882479,6.318082788671034,-5.034,28.620689655172413,44.11764705882479,52.533213430354365,0,0,0,0,,
SXT,2026-03-29T10:11:38.559Z,2026-03-29T10:11:38.559359Z,2026-03-29T12:11:38.559359Z,7406.074113,7,0.01525,65.57377049180288,7.189542483660122,-4.375,29.655172413793103,65.57377049180288,51.20441283131701,0,0,0,0,,
WAL,2026-03-29T10:12:05.300Z,2026-03-29T10:12:05.300363Z,2026-03-29T12:12:05.300363Z,7379.333109,7,0.06675,14.981273408240128,5.604719764011796,-4.102,25.17241379310345,14.981273408240128,57.60488213800977,7,3,4,0,0.1429,False
ZBT,2026-03-29T10:12:22.802Z,2026-03-29T10:12:22.803018Z,2026-03-29T12:12:22.803018Z,7361.830454,7,0.07365,13.577732518669771,6.099290780141843,2.92,23.103448275862068,13.577732518669771,47.643917732135435,1,1,0,0,1.0,False
1000CAT,2026-03-29T10:17:55.798Z,2026-03-29T10:17:55.799150Z,2026-03-29T12:17:55.799150Z,7629.008322,7,0.00159,125.7861635220129,9.20245398773006,7.947,13.448275862068966,125.7861635220129,67.82598922379474,67,14,44,9,0.209,False
1INCH,2026-03-29T10:18:10.935Z,2026-03-29T10:18:10.935285Z,2026-03-29T12:18:10.935285Z,7613.872187,7,0.0869,23.014959723819544,2.520045819014884,-0.456,3.793103448275862,23.014959723819544,44.061595191167065,1,1,0,0,1.0,True
BIGTIME,2026-03-29T10:18:30.458Z,2026-03-29T10:18:30.458624Z,2026-03-29T12:18:30.458624Z,7594.348848,7,0.011745,25.542784163472778,2.938706968933666,-0.998,5.517241379310345,25.542784163472778,45.29500954026352,61,28,33,0,0.1148,False
COW,2026-03-29T10:18:51.827Z,2026-03-29T10:18:51.827291Z,2026-03-29T12:18:51.827291Z,7572.980181,7,0.1993,30.10536879076716,3.29447541814496,-1.251,10.344827586206897,30.10536879076716,44.70116679213409,3,1,2,0,1.0,False
MAGIC,2026-03-29T10:19:36.468Z,2026-03-29T10:19:36.468926Z,2026-03-29T12:19:36.468926Z,7528.338546,7,0.056400000000000006,35.4609929078012,2.6362038664323397,-0.175,5.862068965517241,35.4609929078012,50.66763852309058,76,16,46,14,0.3684,False
ME,2026-03-29T10:19:55.265Z,2026-03-29T10:19:55.265515Z,2026-03-29T12:19:55.265515Z,7509.541957,7,0.09795000000000001,30.62787136294115,2.799999999999997,2.459,14.137931034482758,30.62787136294115,56.20055659536144,9,6,2,1,0.7778,False
NXPC,2026-03-29T10:20:06.712Z,2026-03-29T10:20:06.712785Z,2026-03-29T12:20:06.712785Z,7498.094687,7,0.27165,25.768452052274395,2.9992684711046236,-1.442,15.517241379310345,25.768452052274395,58.600257318877276,2,0,1,1,0.0,False
AAVE,2026-03-29T10:27:16.544Z,2026-03-29T10:27:16.544448Z,2026-03-29T12:27:16.544448Z,7668.639581,7,95.725,3.1339775398277503,2.707468879668049,-0.925,90.0,3.1339775398277503,49.329860346695256,3,3,0,0,0.6667,False
ADA,2026-03-29T10:27:21.828Z,2026-03-29T10:27:21.828326Z,2026-03-29T12:27:21.828326Z,7663.355703,7,0.24225,4.127966976263735,4.1359541359541465,-1.493,95.17241379310344,4.127966976263735,38.35194533190534,47,25,16,6,0.4681,False
AVAX,2026-03-29T10:27:27.987Z,2026-03-29T10:27:27.987946Z,2026-03-29T12:27:27.987946Z,7657.196083,7,8.684999999999999,11.51410477835324,3.092783505154634,-0.795,91.37931034482759,11.51410477835324,52.572133225478005,31,17,11,3,0.8065,False
BCH,2026-03-29T10:27:34.855Z,2026-03-29T10:27:34.856042Z,2026-03-29T12:27:34.856042Z,7650.327987,7,482.25,2.073613271125407,2.1109271523178785,1.236,95.51724137931035,2.073613271125407,57.03900177810854,7,6,0,1,1.0,False
BNB,2026-03-29T10:27:49.710Z,2026-03-29T10:27:49.710941Z,2026-03-29T12:27:49.710941Z,7635.473088,7,611.755,0.16346413188271292,1.4856975113343391,0.285,96.89655172413794,0.16346413188271292,50.434651727243434,23,12,7,4,0.3913,False
BTC,2026-03-29T10:27:55.604Z,2026-03-29T10:27:55.604531Z,2026-03-29T12:27:55.604531Z,7629.579498,7,66692.455,0.0014994199882600251,1.752341727956444,0.429,100.0,0.0014994199882600251,63.23196814041605,28,9,10,9,0.4286,False
NOM,2026-03-29T10:29:19.668Z,2026-03-29T10:29:19.668947Z,2026-03-29T12:29:19.668947Z,7545.515082,7,0.002495,40.08016032064139,54.81481481481482,44.385,94.48275862068965,40.08016032064139,74.14479226120046,17,10,2,5,-0.0588,False
PEPE,2026-03-29T10:29:25.494Z,2026-03-29T10:29:25.494522Z,2026-03-29T12:29:25.494522Z,7539.689507,7,3.265e-06,30.62787136293998,3.93939393939394,-0.602,95.86206896551724,30.62787136293998,59.970965276902376,16,16,0,0,0.625,False
T,2026-03-29T10:29:51.176Z,2026-03-29T10:29:51.176747Z,2026-03-29T12:29:51.176747Z,7514.007282,7,0.005934999999999999,117.94439764111164,1.1589403973509893,-0.821,1.7241379310344827,117.94439764111164,53.53907411984707,0,0,0,0,,
WLFI,2026-03-29T10:30:15.216Z,2026-03-29T10:30:15.216580Z,2026-03-29T12:30:15.216580Z,7489.967449,7,0.09755,10.251153254741453,3.6809815950920166,0.514,90.34482758620689,10.251153254741453,55.81332340790223,4,3,1,0,0.75,False
HEMI,2026-03-29T10:36:10.947Z,2026-03-29T10:36:10.947311Z,2026-03-29T12:36:10.947311Z,7734.82812,7,0.005955,16.792611251048854,18.44197138314785,14.991,86.89655172413794,16.792611251048854,57.81541550985348,4,4,0,0,1.0,False
PAXG,2026-03-29T10:36:35.628Z,2026-03-29T10:36:35.628830Z,2026-03-29T12:36:35.628830Z,7710.146601,7,4507.085,2.1077925089070377,0.3904423975033048,-0.224,87.24137931034483,2.1077925089070377,46.656654081066534,2,1,0,1,0.0,False
WIF,2026-03-29T10:36:46.294Z,2026-03-29T10:36:46.294826Z,2026-03-29T12:36:46.294826Z,7699.480605,7,0.1725,57.971014492753675,5.172413793103453,-0.571,87.58620689655173,57.971014492753675,59.368150288436794,8,4,3,1,0.75,False
XPL,2026-03-29T10:36:51.776Z,2026-03-29T10:36:51.776964Z,2026-03-29T12:36:51.776964Z,7693.998467,7,0.08754999999999999,11.422044545974057,4.847801578354001,-0.672,87.93103448275862,11.422044545974057,60.173492029187024,45,3,40,2,0.6444,False
BANANAS31,2026-03-29T10:42:50.744Z,2026-03-29T10:42:50.744855Z,2026-03-29T12:42:50.744855Z,7335.030576,7,0.0129465,6.951685783802825,5.7752380952380955,3.403,85.51724137931035,6.951685783802825,51.23788680779921,2,2,0,0,1.0,False
BARD,2026-03-29T10:42:56.747Z,2026-03-29T10:42:56.747936Z,2026-03-29T12:42:56.747936Z,7329.027495,7,0.35819999999999996,5.583472920157273,10.475161987041037,1.842,82.06896551724138,5.583472920157273,55.18021993037831,0,0,0,0,,
BONK,2026-03-29T10:43:02.447Z,2026-03-29T10:43:02.448171Z,2026-03-29T12:43:02.448171Z,7323.32726,7,5.685e-06,17.59014951627072,4.7120418848167525,-0.174,74.48275862068965,17.59014951627072,48.85827736001783,13,12,0,1,0.8462,False
CFX,2026-03-29T10:43:22.056Z,2026-03-29T10:43:22.056884Z,2026-03-29T12:43:22.056884Z,7303.718547,7,0.05499,21.822149481724324,4.247787610619468,-0.265,75.86206896551724,21.822149481724324,48.00105886342948,2,1,0,1,1.0,False
EIGEN,2026-03-29T10:43:38.616Z,2026-03-29T10:43:38.616417Z,2026-03-29T12:43:38.616417Z,7287.159014,7,0.1685,59.347181008902126,4.6783625730994025,-1.156,73.79310344827586,59.347181008902126,61.4002451331086,6,4,1,1,0.6667,False
KMNO,2026-03-29T10:44:11.975Z,2026-03-29T10:44:11.976113Z,2026-03-29T12:44:11.976113Z,7253.799318,7,0.01716,11.655011655013201,8.137535816618916,0.172,76.89655172413794,11.655011655013201,73.89515160544754,9,4,5,0,0.6667,False
ONT,2026-03-29T10:44:28.820Z,2026-03-29T10:44:28.820730Z,2026-03-29T12:44:28.820730Z,7236.954701,7,0.057319999999999996,27.913468248429943,17.12538226299694,-8.631,84.13793103448276,27.913468248429943,45.87381785221265,8,3,2,3,0.25,False
TRUMP,2026-03-29T10:45:33.327Z,2026-03-29T10:45:33.327303Z,2026-03-29T12:45:33.327303Z,7771.694925,7,2.8545,3.503240497459765,5.108733172247157,-2.883,85.17241379310344,3.503240497459765,53.880159293937865,22,8,7,7,0.6818,False
VIRTUAL,2026-03-29T10:45:51.937Z,2026-03-29T10:45:51.938017Z,2026-03-29T12:45:51.938017Z,7753.084211,7,0.65465,4.582601390056946,5.178489351922791,-0.775,80.34482758620689,4.582601390056946,45.2065021485095,5,3,1,1,1.0,False
AVNT,2026-03-29T10:51:49.324Z,2026-03-29T10:51:49.324925Z,2026-03-29T12:51:49.324925Z,7395.697303,7,0.13055,7.659900421293679,5.018726591760307,0.075,67.58620689655173,7.659900421293679,51.12726344430731,1,1,0,0,1.0,False
GIGGLE,2026-03-29T10:52:56.530Z,2026-03-29T10:52:56.530254Z,2026-03-29T12:52:56.530254Z,7328.491974,7,22.765,21.963540522732576,7.834507042253526,-4.977,68.62068965517241,21.963540522732576,53.02643296885725,2,1,0,1,-1.0,False
JUP,2026-03-29T10:53:07.841Z,2026-03-29T10:53:07.841501Z,2026-03-29T12:53:07.841501Z,7317.180727,7,0.14355,6.966213862766753,3.4891835310537362,-0.968,64.13793103448276,6.966213862766753,59.358959947698786,12,2,9,1,0.6667,False
KERNEL,2026-03-29T10:53:15.192Z,2026-03-29T10:53:15.192865Z,2026-03-29T12:53:15.192865Z,7309.829363,7,0.08005000000000001,12.492192379763006,6.064356435643567,4.528,65.17241379310344,12.492192379763006,68.89035309590825,0,0,0,0,,
S,2026-03-29T10:53:37.545Z,2026-03-29T10:53:37.545852Z,2026-03-29T12:53:37.545852Z,7287.476376,7,0.040215,12.433171702101562,4.335047759000736,-0.56,60.0,12.433171702101562,45.50159451539463,0,0,0,0,,
SAND,2026-03-29T10:53:45.814Z,2026-03-29T10:53:45.815325Z,2026-03-29T12:53:45.815325Z,7279.206903,7,0.07275000000000001,13.745704467354344,3.537414965986383,-0.271,61.37931034482759,13.745704467354344,57.637197118640124,39,9,28,2,0.359,False
SIGN,2026-03-29T10:53:53.020Z,2026-03-29T10:53:53.020812Z,2026-03-29T12:53:53.020812Z,7272.001416,7,0.03186,12.554927809164587,17.95675336884989,-0.962,65.86206896551724,12.554927809164587,40.00853524801741,55,29,25,1,0.8909,False
SKY,2026-03-29T10:54:00.850Z,2026-03-29T10:54:00.850248Z,2026-03-29T12:54:00.850248Z,7264.17198,7,0.070725,7.069635913749663,2.018765993744675,-0.014,64.82758620689656,7.069635913749663,57.677478379239155,68,5,59,4,0.0294,False
TURBO,2026-03-29T10:54:42.543Z,2026-03-29T10:54:42.543461Z,2026-03-29T12:54:42.543461Z,7222.478767,7,0.0010115,9.886307464163446,11.121951219512189,-4.917,66.89655172413794,9.886307464163446,40.99822174098955,8,6,1,1,0.75,False
CKB,2026-03-29T11:01:08.381Z,2026-03-29T11:01:08.381537Z,2026-03-29T13:01:08.381537Z,7437.083094,7,0.0013485,22.246941045605965,5.8780841799709656,0.073,57.241379310344826,22.246941045605965,60.26538690650219,5,3,1,1,1.0,False
ETC,2026-03-29T11:01:27.352Z,2026-03-29T11:01:27.352628Z,2026-03-29T13:01:27.352628Z,7418.112003,7,7.995,12.5078173858659,3.4956304619225884,-1.838,46.206896551724135,12.5078173858659,60.702270723535,4,3,1,0,1.0,False
FLOKI,2026-03-29T11:01:32.892Z,2026-03-29T11:01:32.892394Z,2026-03-29T13:01:32.892394Z,7412.572237,7,2.7385e-05,3.651634106263136,4.860355458832067,-1.289,48.96551724137931,3.651634106263136,62.52689778989596,7,6,1,0,1.0,False
IMX,2026-03-29T11:01:46.834Z,2026-03-29T11:01:46.834482Z,2026-03-29T13:01:46.834482Z,7398.630149,7,0.14265,21.030494216615665,4.874651810584963,-1.644,51.724137931034484,21.030494216615665,63.66492919140395,61,24,32,5,0.6393,False
IO,2026-03-29T11:01:52.148Z,2026-03-29T11:01:52.148639Z,2026-03-29T13:01:52.148639Z,7393.315992,7,0.1045,95.6937799043063,5.71428571428572,-0.943,52.41379310344828,95.6937799043063,59.87427409850821,5,4,0,1,1.0,False
IOTA,2026-03-29T11:01:59.659Z,2026-03-29T11:01:59.659826Z,2026-03-29T13:01:59.659826Z,7385.804805,7,0.05455,18.33180568286029,2.74223034734918,-1.085,55.51724137931034,18.33180568286029,39.18462675129337,5,4,1,0,1.0,False
NIL,2026-03-29T11:02:21.718Z,2026-03-29T11:02:21.718209Z,2026-03-29T13:02:21.718209Z,7363.746422,7,0.0316,63.291139240505935,14.150943396226404,2.251,47.93103448275862,63.291139240505935,64.80722224765941,0,0,0,0,,
OPEN,2026-03-29T11:02:27.995Z,2026-03-29T11:02:27.996088Z,2026-03-29T13:02:27.996088Z,7357.468543,7,0.16135,6.197706848465385,8.058608058608069,-3.134,55.86206896551724,6.197706848465385,47.29864031577543,0,0,0,0,,
ORCA,2026-03-29T11:02:42.646Z,2026-03-29T11:02:42.646576Z,2026-03-29T13:02:42.646576Z,7342.818055,7,0.8394999999999999,11.911852293031579,3.855140186915891,-0.926,50.0,11.911852293031579,62.91943767281363,0,0,0,0,,
PHA,2026-03-29T11:02:49.076Z,2026-03-29T11:02:49.076984Z,2026-03-29T13:02:49.076984Z,7336.387647,7,0.03435,29.11208151382907,7.428571428571443,3.245,57.58620689655172,29.11208151382907,53.16160755453484,3,2,1,0,1.0,False
PLUME,2026-03-29T11:02:55.417Z,2026-03-29T11:02:55.418241Z,2026-03-29T13:02:55.418241Z,7330.04639,7,0.010075,9.925558312654681,6.330365974282888,-1.654,58.62068965517241,9.925558312654681,62.23424296308285,2,1,1,0,1.0,False
PNUT,2026-03-29T11:03:02.980Z,2026-03-29T11:03:02.981170Z,2026-03-29T13:03:02.981170Z,7322.483461,7,0.03805,26.28120893561179,3.3678756476684004,0.521,58.275862068965516,26.28120893561179,61.639829709154746,64,16,44,4,0.2656,False
PYTH,2026-03-29T11:03:11.391Z,2026-03-29T11:03:11.391488Z,2026-03-29T13:03:11.391488Z,7314.073143,7,0.03705,26.990553306343553,4.010695187165779,-0.532,56.89655172413793,26.990553306343553,60.84416738190795,3,2,1,0,1.0,False
RAY,2026-03-29T11:03:16.261Z,2026-03-29T11:03:16.261442Z,2026-03-29T13:03:16.261442Z,7309.203189,7,0.5674999999999999,17.62114537444936,2.1126760563380302,0.531,52.758620689655174,17.62114537444936,69.16157211292557,14,9,4,1,1.0,False
ROSE,2026-03-29T11:03:25.283Z,2026-03-29T11:03:25.283285Z,2026-03-29T13:03:25.283285Z,7300.181346,7,0.010335,9.67585873246211,3.431839847473777,0.0,50.3448275862069,9.67585873246211,64.10965367183901,14,6,8,0,0.9286,False
RSR,2026-03-29T11:03:32.933Z,2026-03-29T11:03:32.934158Z,2026-03-29T13:03:32.934158Z,7292.530473,7,0.0015055,6.642311524409937,6.744487678339828,-4.402,56.206896551724135,6.642311524409937,59.44764963898521,4,3,1,0,1.0,False
SAGA,2026-03-29T11:03:41.578Z,2026-03-29T11:03:41.578977Z,2026-03-29T13:03:41.578977Z,7283.885654,7,0.027950000000000003,35.77817531305881,4.561403508771926,0.707,51.03448275862069,35.77817531305881,62.87149101699067,3,3,0,0,1.0,False
SAHARA,2026-03-29T11:03:49.518Z,2026-03-29T11:03:49.518289Z,2026-03-29T13:03:49.518289Z,7275.946342,7,0.02465,16.227180527384114,10.36290322580645,-1.274,52.06896551724138,16.227180527384114,60.74330050541073,0,0,0,0,,
TOWNS,2026-03-29T11:04:11.707Z,2026-03-29T11:04:11.707791Z,2026-03-29T13:04:11.707791Z,7253.75684,7,0.003425,29.197080291970877,7.977207977207973,-3.571,54.827586206896555,29.197080291970877,51.20026848353735,0,0,0,0,,
TUT,2026-03-29T11:04:20.517Z,2026-03-29T11:04:20.517504Z,2026-03-29T13:04:20.517504Z,7244.947127,7,0.008660000000000001,23.094688221710065,6.553672316384188,2.787,50.689655172413794,23.094688221710065,72.44030112081536,1,0,1,0,1.0,False
ACH,2026-03-29T11:10:22.367Z,2026-03-29T11:10:22.367750Z,2026-03-29T13:10:22.367750Z,7483.73862,7,0.006240000000000001,32.05128205128213,2.821316614420056,1.27,35.51724137931034,32.05128205128213,47.98744146961499,5,4,0,1,1.0,False
ACX,2026-03-29T11:10:30.425Z,2026-03-29T11:10:30.425964Z,2026-03-29T13:10:30.425964Z,7475.680406,7,0.04215,23.724792408067106,3.2863849765258184,0.472,31.379310344827587,23.724792408067106,63.80430538178716,62,21,37,4,0.2742,False
ALT,2026-03-29T11:10:35.780Z,2026-03-29T11:10:35.780452Z,2026-03-29T13:10:35.780452Z,7470.325918,7,0.006135,16.299918500406832,3.9872408293460957,-0.476,35.172413793103445,16.299918500406832,68.43861372015432,6,3,3,0,1.0,False
BABY,2026-03-29T11:10:42.986Z,2026-03-29T11:10:42.986902Z,2026-03-29T13:10:42.986902Z,7463.119468,7,0.01265,15.810276679841254,5.832037325038886,1.26,42.41379310344828,15.810276679841254,63.246090129940924,1,1,0,0,1.0,False
BOME,2026-03-29T11:10:51.013Z,2026-03-29T11:10:51.013350Z,2026-03-29T13:10:51.013350Z,7455.09302,7,0.00036950000000000004,27.063599458727197,5.080213903743309,-1.837,40.689655172413794,27.063599458727197,54.61707697512243,3,2,1,0,0.3333,False
BROCCOLI714,2026-03-29T11:11:06.380Z,2026-03-29T11:11:06.380803Z,2026-03-29T13:11:06.380803Z,7439.725567,7,0.01209,16.542597187757803,5.483870967741923,5.263,39.6551724137931,16.542597187757803,57.10945624511268,0,0,0,0,,
COOKIE,2026-03-29T11:11:13.342Z,2026-03-29T11:11:13.342726Z,2026-03-29T13:11:13.342726Z,7432.763644,7,0.015050000000000001,66.44518272425324,5.128205128205142,2.632,40.3448275862069,66.44518272425324,66.94068509132576,3,2,0,1,0.3333,False
ENS,2026-03-29T11:11:26.980Z,2026-03-29T11:11:26.980472Z,2026-03-29T13:11:26.980472Z,7419.125898,7,5.545,18.03426510369664,3.0411449016100165,-1.062,33.44827586206897,18.03426510369664,57.21183301195576,5,4,0,1,0.8,False
EUL,2026-03-29T11:11:34.997Z,2026-03-29T11:11:34.998325Z,2026-03-29T13:11:34.998325Z,7411.108045,7,0.7435,13.449899125756568,4.479578392621875,-1.043,43.793103448275865,13.449899125756568,68.42107829446566,2,0,2,0,1.0,False
FLUX,2026-03-29T11:11:40.268Z,2026-03-29T11:11:40.269146Z,2026-03-29T13:11:40.269146Z,7405.837224,7,0.04995,20.020020020020592,6.8686868686868685,5.319,34.827586206896555,20.020020020020592,66.41557203261543,4,3,0,1,0.5,False
GMX,2026-03-29T11:11:54.818Z,2026-03-29T11:11:54.819114Z,2026-03-29T13:11:54.819114Z,7391.287256,7,6.23,32.10272873194295,5.288461538461525,0.161,32.06896551724138,32.10272873194295,57.897878160876765,4,4,0,0,1.0,False
GRT,2026-03-29T11:12:01.823Z,2026-03-29T11:12:01.824111Z,2026-03-29T13:12:01.824111Z,7384.282259,7,0.02343,8.536064874092695,3.1342651418890344,-1.172,41.03448275862069,8.536064874092695,53.718143598758324,4,2,2,0,1.0,False
HOME,2026-03-29T11:12:10.819Z,2026-03-29T11:12:10.819415Z,2026-03-29T13:12:10.819415Z,7375.286955,7,0.01935,31.00775193798503,6.102564102564103,1.828,39.310344827586206,31.00775193798503,56.310035543463194,0,0,0,0,,
INIT,2026-03-29T11:12:17.072Z,2026-03-29T11:12:17.072805Z,2026-03-29T13:12:17.072805Z,7369.033565,7,0.07769999999999999,25.740025740024695,4.441624365482237,2.471,36.55172413793103,25.740025740024695,68.94117268910269,0,0,0,0,,
JTO,2026-03-29T11:12:24.849Z,2026-03-29T11:12:24.850238Z,2026-03-29T13:12:24.850238Z,7361.256132,7,0.2854,14.015416958654923,6.875214850464065,-2.054,35.86206896551724,14.015416958654923,60.415095037790444,9,8,0,1,1.0,False
KAITO,2026-03-29T11:12:31.913Z,2026-03-29T11:12:31.913775Z,2026-03-29T13:12:31.913775Z,7354.192595,7,0.3804,26.288117770767634,3.9104708001029045,1.727,31.724137931034484,26.288117770767634,53.90511463189118,0,0,0,0,,
MEME,2026-03-29T11:12:51.771Z,2026-03-29T11:12:51.771959Z,2026-03-29T13:12:51.771959Z,7334.334411,7,0.0004975,20.100502512561125,4.9309664694280215,-1.362,34.13793103448276,20.100502512561125,59.13106105292602,39,22,16,1,0.7692,False
MINA,2026-03-29T11:12:57.839Z,2026-03-29T11:12:57.840037Z,2026-03-29T13:12:57.840037Z,7328.266333,7,0.052750000000000005,56.87203791469225,3.225806451612904,-0.94,36.89655172413793,56.87203791469225,45.102680254308034,5,4,0,1,0.8,False
MOVE,2026-03-29T11:13:03.234Z,2026-03-29T11:13:03.235181Z,2026-03-29T13:13:03.235181Z,7322.871189,7,0.01745,57.3065902578813,3.932584269662917,0.0,42.758620689655174,57.3065902578813,58.343884355000306,4,4,0,0,1.0,False
MUBARAK,2026-03-29T11:13:11.928Z,2026-03-29T11:13:11.928308Z,2026-03-29T13:13:11.928308Z,7314.178062,7,0.011200000000000002,35.71428571428581,4.895104895104892,2.785,41.37931034482759,35.71428571428581,75.77705186561244,0,0,0,0,,
NEO,2026-03-29T11:13:20.064Z,2026-03-29T11:13:20.065098Z,2026-03-29T13:13:20.065098Z,7306.041272,7,2.552,7.8369905956104216,2.6448852586542224,-1.87,43.44827586206897,7.8369905956104216,63.28704268762036,5,3,1,1,0.8,False
QNT,2026-03-29T11:13:39.640Z,2026-03-29T11:13:39.640662Z,2026-03-29T13:13:39.640662Z,7286.465708,7,69.70500000000001,15.78079047414094,2.9617971097438938,-1.619,37.58620689655172,15.78079047414094,56.63740662218433,62,11,48,3,0.0806,False
REZ,2026-03-29T11:13:45.171Z,2026-03-29T11:13:45.171912Z,2026-03-29T13:13:45.171912Z,7280.934458,7,0.0033550000000000003,29.80625931445611,5.309734513274337,2.727,34.48275862068966,29.80625931445611,69.32727406264715,70,8,58,4,-0.1286,False
RVN,2026-03-29T11:13:50.584Z,2026-03-29T11:13:50.584635Z,2026-03-29T13:13:50.584635Z,7275.521735,7,0.00578,69.20415224913363,4.819277108433733,3.565,44.13793103448276,69.20415224913363,70.62914249837301,3,3,0,0,1.0,False
SOLV,2026-03-29T11:13:57.807Z,2026-03-29T11:13:57.807568Z,2026-03-29T13:13:57.807568Z,7268.298802,7,0.00304,65.78947368421069,8.888888888888886,4.651,32.41379310344828,65.78947368421069,50.72647522058578,2,0,0,2,1.0,False
STX,2026-03-29T11:14:05.258Z,2026-03-29T11:14:05.259126Z,2026-03-29T13:14:05.259126Z,7260.847244,7,0.21665,4.615739672283256,4.118993135011433,-2.455,37.241379310344826,4.615739672283256,55.817485216154466,18,12,4,2,0.7778,False
THETA,2026-03-29T11:14:12.671Z,2026-03-29T11:14:12.671650Z,2026-03-29T13:14:12.671650Z,7253.43472,7,0.1495,66.88963210702347,3.973509933774838,-1.948,33.793103448275865,66.88963210702347,52.229145842797244,6,4,1,1,1.0,False
ZKC,2026-03-29T11:14:48.844Z,2026-03-29T11:14:48.844985Z,2026-03-29T13:14:48.844985Z,7217.261385,7,0.06634999999999999,15.071590052750999,4.289940828402368,-2.312,38.275862068965516,15.071590052750999,57.11071025964387,0,0,0,0,,
ACT,2026-03-29T11:20:30.346Z,2026-03-29T11:20:30.346874Z,2026-03-29T13:20:30.346874Z,7474.815806,7,0.011800000000000001,169.49152542372923,5.785123966942143,-0.82,27.93103448275862,169.49152542372923,58.451439700730006,2,1,1,0,1.0,False
AEVO,2026-03-29T11:20:35.938Z,2026-03-29T11:20:35.938481Z,2026-03-29T13:20:35.938481Z,7469.224199,7,0.0215,93.02325581395455,7.407407407407394,-6.897,24.137931034482758,93.02325581395455,56.2855601529295,7,4,3,0,1.0,False
ANIME,2026-03-29T11:20:40.989Z,2026-03-29T11:20:40.989642Z,2026-03-29T13:20:40.989642Z,7464.173038,7,0.004435,22.547914317926633,4.000000000000011,-2.808,20.0,22.547914317926633,60.02857023954732,0,0,0,0,,
AT,2026-03-29T11:20:48.200Z,2026-03-29T11:20:48.200959Z,2026-03-29T13:20:48.200959Z,7456.961721,7,0.14350000000000002,27.87456445992917,3.7841625788367126,-0.696,19.310344827586206,27.87456445992917,47.43122105348314,6,4,1,1,1.0,False
BANK,2026-03-29T11:21:05.215Z,2026-03-29T11:21:05.216176Z,2026-03-29T13:21:05.216176Z,7439.946504,7,0.042899999999999994,46.620046620046345,5.854800936768155,6.219,18.96551724137931,46.620046620046345,73.07386993925074,0,0,0,0,,
BB,2026-03-29T11:21:12.329Z,2026-03-29T11:21:12.330010Z,2026-03-29T13:21:12.330010Z,7432.83267,7,0.0231,86.58008658008606,3.4188034188034275,0.862,27.586206896551722,86.58008658008606,47.81754105383419,0,0,0,0,,
BEAMX,2026-03-29T11:21:18.080Z,2026-03-29T11:21:18.080541Z,2026-03-29T13:21:18.080541Z,7427.082139,7,0.0015955,18.802883108743117,5.507425742574264,-2.061,30.344827586206897,18.802883108743117,57.03287989266938,0,0,0,0,,
CATI,2026-03-29T11:21:24.925Z,2026-03-29T11:21:24.925667Z,2026-03-29T13:21:24.925667Z,7420.237013,7,0.05345,56.127221702526036,8.477842003853567,5.488,23.448275862068964,56.127221702526036,67.94193923486678,7,4,3,0,1.0,False
DOGS,2026-03-29T11:21:31.817Z,2026-03-29T11:21:31.817853Z,2026-03-29T13:21:31.817853Z,7413.344827,7,2.5849999999999998e-05,38.684719535782996,2.2900763358778664,0.0,25.862068965517242,38.684719535782996,67.49389390141235,7,5,1,1,0.7143,False
EDEN,2026-03-29T11:21:44.826Z,2026-03-29T11:21:44.826541Z,2026-03-29T13:21:44.826541Z,7400.336139,7,0.0271,73.80073800737964,7.1684587813620135,-0.712,20.689655172413794,73.80073800737964,60.55888796552157,0,0,0,0,,
FF,2026-03-29T11:21:56.008Z,2026-03-29T11:21:56.008613Z,2026-03-29T13:21:56.008613Z,7389.154067,7,0.070575,58.09422600070758,2.043712744819752,-0.142,18.620689655172413,58.09422600070758,44.430307031699634,0,0,0,0,,
HMSTR,2026-03-29T11:22:07.243Z,2026-03-29T11:22:07.243746Z,2026-03-29T13:22:07.243746Z,7377.918934,7,0.00013035,7.67165324127368,3.8694992412746703,-1.347,17.586206896551722,7.67165324127368,48.290787046490074,1,0,1,0,1.0,False
HOLO,2026-03-29T11:22:14.975Z,2026-03-29T11:22:14.975966Z,2026-03-29T13:22:14.975966Z,7370.186714,7,0.0521,38.38771593090321,3.2319391634980987,-0.755,21.379310344827587,38.38771593090321,47.677999416376466,0,0,0,0,,
ILV,2026-03-29T11:22:21.756Z,2026-03-29T11:22:21.756877Z,2026-03-29T13:22:21.756877Z,7363.405803,7,3.325,30.075187969925505,3.5928143712574885,-1.183,24.82758620689655,30.075187969925505,56.005410357028154,1,1,0,0,1.0,False
KAIA,2026-03-29T11:22:29.011Z,2026-03-29T11:22:29.011537Z,2026-03-29T13:22:29.011537Z,7356.151143,7,0.045649999999999996,21.905805038334268,2.6030368763557474,-1.285,20.344827586206897,21.905805038334268,62.9133758379831,4,4,0,0,1.0,False
LA,2026-03-29T11:22:35.823Z,2026-03-29T11:22:35.823302Z,2026-03-29T13:22:35.823302Z,7349.339378,7,0.18105,27.61668047500693,4.126625211984172,0.798,19.655172413793103,27.61668047500693,53.17637685940619,0,0,0,0,,
LISTA,2026-03-29T11:22:41.283Z,2026-03-29T11:22:41.283313Z,2026-03-29T13:22:41.283313Z,7343.879367,7,0.08135,12.292562999385723,2.764423076923073,-0.24,26.20689655172414,12.292562999385723,69.81333396788739,3,1,1,1,0.6667,False
LPT,2026-03-29T11:22:48.321Z,2026-03-29T11:22:48.321488Z,2026-03-29T13:22:48.321488Z,7336.841192,7,2.0455,24.443901246638443,3.3527696793002897,-1.625,23.79310344827586,24.443901246638443,61.2411499742606,2,0,2,0,1.0,False
MIRA,2026-03-29T11:23:05.201Z,2026-03-29T11:23:05.201477Z,2026-03-29T13:23:05.201477Z,7319.961203,7,0.0741,26.990553306343553,2.6595744680851086,0.133,28.96551724137931,26.990553306343553,56.699165427246804,0,0,0,0,,
NOT,2026-03-29T11:23:10.209Z,2026-03-29T11:23:10.210101Z,2026-03-29T13:23:10.210101Z,7314.952579,7,0.0003435,29.112081513828947,3.1339031339031327,0.286,21.03448275862069,29.112081513828947,59.45882747795261,25,5,14,6,0.0,False
ORDI,2026-03-29T11:23:18.027Z,2026-03-29T11:23:18.028108Z,2026-03-29T13:23:18.028108Z,7307.134572,7,2.1665,4.615739672281975,3.330291970802917,-0.409,30.689655172413794,4.615739672281975,59.92104749759152,10,4,5,1,0.8,False
SAPIEN,2026-03-29T11:23:24.959Z,2026-03-29T11:23:24.959421Z,2026-03-29T13:23:24.959421Z,7300.203259,7,0.06545000000000001,15.278838808251008,4.8192771084337265,-0.15,26.551724137931036,15.278838808251008,57.565057417287214,0,0,0,0,,
SNX,2026-03-29T11:23:31.694Z,2026-03-29T11:23:31.695011Z,2026-03-29T13:23:31.695011Z,7293.467669,7,0.2765,36.16636528028936,3.6231884057970842,-1.779,24.482758620689655,36.16636528028936,54.7063871303304,2,1,1,0,0.0,False
SYN,2026-03-29T11:23:43.170Z,2026-03-29T11:23:43.170448Z,2026-03-29T13:23:43.170448Z,7281.992232,7,0.04585,65.43075245365357,4.803493449781661,-1.927,27.24137931034483,65.43075245365357,52.8272776409193,2,1,0,1,0.0,False
TREE,2026-03-29T11:23:48.990Z,2026-03-29T11:23:48.990955Z,2026-03-29T13:23:48.990955Z,7276.171725,7,0.05865,17.05029838022214,3.2148900169204837,-0.337,25.517241379310345,17.05029838022214,54.84839095268778,0,0,0,0,,
TURTLE,2026-03-29T11:23:56.417Z,2026-03-29T11:23:56.417795Z,2026-03-29T13:23:56.417795Z,7268.744885,7,0.039650000000000005,25.220680958384843,6.313131313131318,1.538,31.03448275862069,25.220680958384843,46.914202139562626,0,0,0,0,,
USUAL,2026-03-29T11:24:03.210Z,2026-03-29T11:24:03.210443Z,2026-03-29T13:24:03.210443Z,7261.952237,7,0.01204,16.611295681062444,4.0098199672667825,0.493,22.413793103448278,16.611295681062444,70.98129208427817,4,3,0,1,1.0,False
YB,2026-03-29T11:24:15.721Z,2026-03-29T11:24:15.721899Z,2026-03-29T13:24:15.721899Z,7249.440781,7,0.1018,39.292730844793475,7.800751879699237,-3.448,21.724137931034484,39.292730844793475,64.06003470066284,0,0,0,0,,
YGG,2026-03-29T11:24:22.541Z,2026-03-29T11:24:22.541258Z,2026-03-29T13:24:22.541258Z,7242.621422,7,0.034089999999999995,17.60046934584851,3.5354987065248684,-0.628,22.06896551724138,17.60046934584851,61.46096392863167,5,5,0,0,1.0,False
MANTA,2026-03-29T11:29:41.879Z,2026-03-29T11:29:41.879496Z,2026-03-29T13:29:41.879496Z,7523.275505,7,0.06063,9.8960910440372,4.4344793223717085,-2.018,17.586206896551722,9.8960910440372,36.01679278027761,7,5,1,1,1.0,False
RED,2026-03-29T11:29:49.126Z,2026-03-29T11:29:49.126631Z,2026-03-29T13:29:49.126631Z,7516.02837,7,0.10425000000000001,9.592326139089003,3.1775700934579447,-1.2,19.310344827586206,9.592326139089003,61.6238673419636,2,1,1,0,0.0,False
RPL,2026-03-29T11:29:56.138Z,2026-03-29T11:29:56.138686Z,2026-03-29T13:29:56.138686Z,7509.016315,7,1.5750000000000002,63.492063492063544,3.184713375796181,0.0,17.93103448275862,63.492063492063544,44.59775081069402,2,1,1,0,0.0,False
1000CHEEMS,2026-03-29T11:30:25.527Z,2026-03-29T11:30:25.527176Z,2026-03-29T13:30:25.527176Z,7479.627825,7,0.0004175,119.76047904191648,6.557377049180321,4.914,14.482758620689655,119.76047904191648,51.47587370761256,2,0,2,0,1.0,False
1000SATS,2026-03-29T11:30:30.315Z,2026-03-29T11:30:30.315996Z,2026-03-29T13:30:30.315996Z,7474.839005,7,1.028e-05,58.36575875486326,4.42307692307693,-1.235,9.655172413793103,58.36575875486326,57.1134219569425,21,11,9,1,0.619,False
A,2026-03-29T11:30:43.039Z,2026-03-29T11:30:43.039580Z,2026-03-29T13:30:43.039580Z,7462.115421,7,0.07300000000000001,54.79452054794487,2.5641025641025625,-0.936,14.827586206896552,54.79452054794487,43.24335407081458,0,0,0,0,,
API3,2026-03-29T11:30:48.837Z,2026-03-29T11:30:48.838031Z,2026-03-29T13:30:48.838031Z,7456.31697,7,0.26644999999999996,18.765246762994952,2.5487256371813993,-1.222,8.620689655172415,18.765246762994952,54.71347237779664,0,0,0,0,,
BMT,2026-03-29T11:31:01.147Z,2026-03-29T11:31:01.147399Z,2026-03-29T13:31:01.147399Z,7444.007602,7,0.014035,7.125044531528031,2.562277580071169,0.286,7.241379310344827,7.125044531528031,58.18582549629664,0,0,0,0,,
CGPT,2026-03-29T11:31:09.104Z,2026-03-29T11:31:09.104282Z,2026-03-29T13:31:09.104282Z,7436.050719,7,0.018770000000000002,21.31060202450817,3.0319148936170084,-2.591,15.862068965517242,21.31060202450817,50.2181765060897,5,4,0,1,1.0,False
COMP,2026-03-29T11:31:15.922Z,2026-03-29T11:31:15.923225Z,2026-03-29T13:31:15.923225Z,7429.231776,7,18.055,16.615895873719822,3.8631346578366603,-2.528,6.206896551724138,16.615895873719822,41.38983694191023,60,31,24,5,0.5833,False
CVC,2026-03-29T11:31:29.393Z,2026-03-29T11:31:29.394000Z,2026-03-29T13:31:29.394000Z,7415.761001,7,0.02932,34.10641200545682,3.8983050847457688,-2.801,5.517241379310345,34.10641200545682,39.18868316301144,64,13,47,4,0.25,False
CYBER,2026-03-29T11:31:36.328Z,2026-03-29T11:31:36.328756Z,2026-03-29T13:31:36.328756Z,7408.826245,7,0.4815,20.768431983385277,3.305785123966945,-1.022,10.0,20.768431983385277,55.86899916768704,0,0,0,0,,
FORM,2026-03-29T11:31:41.701Z,2026-03-29T11:31:41.701742Z,2026-03-29T13:31:41.701742Z,7403.453259,7,0.2495,16.032064128256973,3.821138211382122,-1.006,11.724137931034482,16.032064128256973,40.77136556249039,0,0,0,0,,
FUN,2026-03-29T11:31:48.946Z,2026-03-29T11:31:48.946367Z,2026-03-29T13:31:48.946367Z,7396.208634,7,0.0012599999999999998,63.492063492063316,7.4074074074074,-1.856,15.172413793103448,63.492063492063316,50.267927672306364,2,1,1,0,1.0,False
GMT,2026-03-29T11:31:54.610Z,2026-03-29T11:31:54.611171Z,2026-03-29T13:31:54.611171Z,7390.54383,7,0.00962,20.79002079001994,4.554865424430654,-2.028,10.689655172413794,20.79002079001994,56.154269196134884,4,3,0,1,0.5,False
HAEDAL,2026-03-29T11:32:01.216Z,2026-03-29T11:32:01.216667Z,2026-03-29T13:32:01.216667Z,7383.938334,7,0.02765,36.166365280289114,4.929577464788727,-1.389,11.379310344827585,36.166365280289114,41.00180479588996,0,0,0,0,,
HIVE,2026-03-29T11:32:10.129Z,2026-03-29T11:32:10.129870Z,2026-03-29T13:32:10.129870Z,7375.025131,7,0.056499999999999995,35.39823008849536,4.06360424028268,-2.582,8.96551724137931,35.39823008849536,27.923656410723126,1,0,1,0,1.0,False
LAYER,2026-03-29T11:32:17.153Z,2026-03-29T11:32:17.153219Z,2026-03-29T13:32:17.153219Z,7368.001782,7,0.07565,92.53139458030302,4.0469973890339315,-1.669,4.137931034482759,92.53139458030302,35.01957559348173,0,0,0,0,,
MITO,2026-03-29T11:32:36.338Z,2026-03-29T11:32:36.338431Z,2026-03-29T13:32:36.338431Z,7348.81657,7,0.034765000000000004,14.382281029771733,5.819954128440378,-3.486,5.862068965517241,14.382281029771733,57.25561487570364,0,0,0,0,,
OSMO,2026-03-29T11:32:46.702Z,2026-03-29T11:32:46.702561Z,2026-03-29T13:32:46.702561Z,7338.45244,7,0.02935,102.21465076660927,2.693602693602701,-1.656,6.551724137931035,102.21465076660927,52.0090812118973,7,6,0,1,1.0,False
QTUM,2026-03-29T11:32:54.575Z,2026-03-29T11:32:54.576084Z,2026-03-29T13:32:54.576084Z,7330.578917,7,0.8045,37.29024238657555,4.702970297029693,-2.885,5.172413793103448,37.29024238657555,52.868405800051214,1,0,1,0,1.0,True
RARE,2026-03-29T11:33:01.326Z,2026-03-29T11:33:01.326679Z,2026-03-29T13:33:01.326679Z,7323.828322,7,0.01395,71.68458781362088,3.5714285714285747,-1.408,12.068965517241379,71.68458781362088,59.206199351602606,0,0,0,0,,
SKL,2026-03-29T11:33:09.301Z,2026-03-29T11:33:09.301280Z,2026-03-29T13:33:09.301280Z,7315.853721,7,0.0057350000000000005,52.31037489101943,4.703832752613245,-0.174,10.344827586206897,52.31037489101943,42.8268558060433,4,4,0,0,1.0,False
SOPH,2026-03-29T11:33:16.320Z,2026-03-29T11:33:16.321155Z,2026-03-29T13:33:16.321155Z,7308.833846,7,0.007995,12.507817385865657,2.9850746268656794,-0.124,4.482758620689655,12.507817385865657,62.524436202098265,1,0,0,1,-1.0,True
SUSHI,2026-03-29T11:33:23.238Z,2026-03-29T11:33:23.238321Z,2026-03-29T13:33:23.238321Z,7301.91668,7,0.18830000000000002,10.621348911312039,2.222222222222227,-0.683,4.827586206896552,10.621348911312039,44.84500989927162,4,3,1,0,1.0,False
TLM,2026-03-29T11:33:30.798Z,2026-03-29T11:33:30.798496Z,2026-03-29T13:33:30.798496Z,7294.356505,7,0.001624,24.630541871921782,2.6559604694255756,0.747,7.931034482758621,24.630541871921782,59.34877459545276,0,0,0,0,,
TNSR,2026-03-29T11:33:37.782Z,2026-03-29T11:33:37.783014Z,2026-03-29T13:33:37.783014Z,7287.371987,7,0.03805,26.28120893561179,3.1331592689295027,0.262,17.24137931034483,26.28120893561179,60.16893553247565,2,0,2,0,1.0,False
UMA,2026-03-29T11:33:42.958Z,2026-03-29T11:33:42.958782Z,2026-03-29T13:33:42.958782Z,7282.196219,7,0.392,51.020408163265344,5.882352941176461,-1.013,9.310344827586206,51.020408163265344,51.70069656711155,0,0,0,0,,
VANRY,2026-03-29T11:33:50.344Z,2026-03-29T11:33:50.344661Z,2026-03-29T13:33:50.344661Z,7274.81034,7,0.0051129999999999995,7.823195775473624,4.907497565725406,-1.364,15.517241379310345,7.823195775473624,34.84385740535154,66,7,55,4,-0.4242,False
VELODROME,2026-03-29T11:33:57.461Z,2026-03-29T11:33:57.461348Z,2026-03-29T13:33:57.461348Z,7267.693653,7,0.013995,35.72704537334741,2.720114531138154,-0.569,13.10344827586207,35.72704537334741,37.751848727643754,0,0,0,0,,
WCT,2026-03-29T11:34:05.074Z,2026-03-29T11:34:05.074325Z,2026-03-29T13:34:05.074325Z,7260.080676,7,0.054849999999999996,18.231540565177017,4.371584699453551,-2.66,12.758620689655173,18.231540565177017,43.22838709118865,0,0,0,0,,
XAI,2026-03-29T11:34:11.928Z,2026-03-29T11:34:11.928702Z,2026-03-29T13:34:11.928702Z,7253.226299,7,0.00912,65.78947368420975,4.444444444444437,-2.28,8.275862068965518,65.78947368420975,39.90688175916342,3,3,0,0,1.0,False
BFUSD,2026-03-29T11:40:12.658Z,2026-03-29T11:40:12.658274Z,2026-03-29T13:40:12.658274Z,7492.534122,7,0.99935,3.001951268325191,0.08006405124099508,-0.01,3.103448275862069,3.001951268325191,44.06221741212601,0,0,0,0,,
BLUR,2026-03-29T11:40:19.850Z,2026-03-29T11:40:19.850916Z,2026-03-29T13:40:19.850916Z,7485.34148,7,0.01702,35.25264394829468,4.895104895104898,-1.943,2.413793103448276,35.25264394829468,39.069601794946124,5,3,1,1,0.6,False
CHZ,2026-03-29T11:40:32.168Z,2026-03-29T11:40:32.169248Z,2026-03-29T13:40:32.169248Z,7473.023148,7,0.038745,12.90489095367181,12.487153134635138,4.764,92.75862068965517,12.90489095367181,56.95414235316173,7,4,2,1,1.0,False
DOGE,2026-03-29T11:40:37.923Z,2026-03-29T11:40:37.923367Z,2026-03-29T13:40:37.923367Z,7467.269029,7,0.090435,1.1057665726776138,5.395604395604393,-0.11,97.24137931034483,1.1057665726776138,52.70724351204957,38,22,13,3,0.6842,False
ENA,2026-03-29T11:40:43.024Z,2026-03-29T11:40:43.025022Z,2026-03-29T13:40:43.025022Z,7462.167374,7,0.09035,11.068068622024237,5.683060109289614,0.439,94.13793103448276,11.068068622024237,55.537608935792115,8,7,1,0,1.0,False
ETH,2026-03-29T11:40:48.787Z,2026-03-29T11:40:48.787695Z,2026-03-29T13:40:48.787695Z,7456.404701,7,1991.0549999999998,0.050224629656091396,2.922069816097348,0.313,99.65517241379311,0.050224629656091396,58.355856043339486,47,23,18,6,0.5957,False
EUR,2026-03-29T11:40:51.904Z,2026-03-29T11:40:51.904816Z,2026-03-29T13:40:51.904816Z,7453.28758,7,1.15025,0.8693762225621476,0.14785180031308165,-0.017,97.58620689655173,0.8693762225621476,55.6077663662488,3,2,1,0,-0.3333,False
F,2026-03-29T11:40:59.075Z,2026-03-29T11:40:59.075556Z,2026-03-29T13:40:59.075556Z,7446.11684,7,0.0050100000000000006,39.920159680638825,2.1825396825396797,-2.136,1.0344827586206897,39.920159680638825,34.57915750107745,0,0,0,0,,
FDUSD,2026-03-29T11:41:04.794Z,2026-03-29T11:41:04.794583Z,2026-03-29T13:41:04.794583Z,7440.397813,7,0.99885,1.0011513240225156,0.030030030030026723,0.0,91.03448275862068,1.0011513240225156,68.31764163821722,0,0,0,0,,
FET,2026-03-29T11:41:10.316Z,2026-03-29T11:41:10.316955Z,2026-03-29T13:41:10.316955Z,7434.875441,7,0.23615,4.234596654668176,9.45171849427169,4.668,96.55172413793103,4.234596654668176,69.83018690673276,11,7,2,2,0.6364,False
HBAR,2026-03-29T11:41:15.359Z,2026-03-29T11:41:15.359491Z,2026-03-29T13:41:15.359491Z,7429.832905,7,0.089085,1.122523432676222,3.3735478105451238,-0.389,93.79310344827586,1.122523432676222,43.433524927919436,14,11,3,0,0.7143,False
HEI,2026-03-29T11:41:21.702Z,2026-03-29T11:41:21.703180Z,2026-03-29T13:41:21.703180Z,7423.489216,7,0.07215,69.30006930006935,3.576341127922978,-1.624,1.7241379310344827,69.30006930006935,49.00197762608865,0,0,0,0,,
LINK,2026-03-29T11:41:26.782Z,2026-03-29T11:41:26.782295Z,2026-03-29T13:41:26.782295Z,7418.410101,7,8.445,11.841326228537344,3.8823529411764715,-0.352,96.20689655172414,11.841326228537344,59.1671959865297,30,12,17,1,0.7,False
LSK,2026-03-29T11:41:33.242Z,2026-03-29T11:41:33.243204Z,2026-03-29T13:41:33.243204Z,7411.949192,7,0.1195,83.68200836820091,1.6528925619834725,-0.82,0.3448275862068966,83.68200836820091,34.618185643246974,2,0,1,1,0.0,False
LTC,2026-03-29T11:41:38.954Z,2026-03-29T11:41:38.954369Z,2026-03-29T13:41:38.954369Z,7406.238027,7,53.765,1.8599460615651662,2.5431594579543297,-0.185,92.41379310344827,1.8599460615651662,56.6509087285851,21,12,6,3,0.7143,False
MASK,2026-03-29T11:41:44.740Z,2026-03-29T11:41:44.740981Z,2026-03-29T13:41:44.740981Z,7400.451415,7,0.396,50.50505050505054,4.271356783919587,-2.451,3.4482758620689653,50.50505050505054,54.234694144636606,6,4,1,1,0.6667,False
MAV,2026-03-29T11:41:51.283Z,2026-03-29T11:41:51.283566Z,2026-03-29T13:41:51.283566Z,7393.90883,7,0.012545,55.79912315663522,3.0468750000000115,-0.929,2.0689655172413794,55.79912315663522,39.076475445629626,0,0,0,0,,
NMR,2026-03-29T11:42:01.619Z,2026-03-29T11:42:01.619745Z,2026-03-29T13:42:01.619745Z,7383.572651,7,6.46,30.959752321980762,4.354587869362368,-3.598,2.7586206896551726,30.959752321980762,53.95214836661504,0,0,0,0,,
PUNDIX,2026-03-29T11:42:16.933Z,2026-03-29T11:42:16.933345Z,2026-03-29T13:42:16.933345Z,7368.259051,7,0.13824999999999998,50.63291139240552,2.152080344332857,-2.107,0.6896551724137931,50.63291139240552,40.976957362601986,0,0,0,0,,
RENDER,2026-03-29T11:42:21.968Z,2026-03-29T11:42:21.969179Z,2026-03-29T13:42:21.969179Z,7363.223217,7,1.6684999999999999,5.993407252023446,5.84028605482718,-0.238,91.37931034482759,5.993407252023446,59.86306813237191,0,0,0,0,,
SOL,2026-03-29T11:42:27.650Z,2026-03-29T11:42:27.650685Z,2026-03-29T13:42:27.650685Z,7357.541711,7,81.975,1.2198841110100782,3.1140191445535046,-0.578,98.96551724137932,1.2198841110100782,49.99503128950086,32,18,12,2,0.9375,False
SUI,2026-03-29T11:42:32.411Z,2026-03-29T11:42:32.411586Z,2026-03-29T13:42:32.411586Z,7352.78081,7,0.84965,1.176955216853869,7.414713390577868,-2.401,98.62068965517241,1.176955216853869,50.72195584801878,24,12,9,3,0.5417,False
TAO,2026-03-29T11:42:44.532Z,2026-03-29T11:42:44.533157Z,2026-03-29T13:42:44.533157Z,7340.659239,7,318.45,3.1402103940971187,4.095029696780251,0.819,97.93103448275862,3.1402103940971187,59.34548668482543,44,26,15,3,0.7045,False
TRX,2026-03-29T11:42:49.581Z,2026-03-29T11:42:49.581956Z,2026-03-29T13:42:49.581956Z,7335.61044,7,0.31845,3.140210394096058,2.351097178683388,2.047,93.44827586206897,3.140210394096058,75.54846239354785,18,7,10,1,0.8333,False
USD1,2026-03-29T11:42:52.596Z,2026-03-29T11:42:52.596535Z,2026-03-29T13:42:52.596535Z,7332.595861,7,0.99955,1.0004502025910558,0.030012004801917458,0.01,99.3103448275862,1.0004502025910558,65.39016316327833,6,5,1,0,0.3333,True
WLD,2026-03-29T11:42:58.599Z,2026-03-29T11:42:58.599727Z,2026-03-29T13:42:58.599727Z,7326.592669,7,0.2734,7.315288953914905,4.249909189974569,1.213,94.48275862068965,7.315288953914905,67.66888777803722,17,7,8,2,0.7647,False
XLM,2026-03-29T11:43:08.675Z,2026-03-29T11:43:08.676047Z,2026-03-29T13:43:08.676047Z,7316.516349,7,0.16635,6.01142170123168,3.4029850746268555,0.904,90.6896551724138,6.01142170123168,57.82796685942203,62,19,42,1,0.7097,False
XRP,2026-03-29T11:43:14.646Z,2026-03-29T11:43:14.647018Z,2026-03-29T13:43:14.647018Z,7310.545378,7,1.32775,0.7531538316700357,2.251814169222697,-0.112,98.27586206896552,0.7531538316700357,51.508915123600204,33,14,14,5,0.697,False
ZEC,2026-03-29T11:43:19.557Z,2026-03-29T11:43:19.557513Z,2026-03-29T13:43:19.557513Z,7305.634883,7,214.45,0.932618325950582,5.415162454873641,-1.085,91.72413793103448,0.932618325950582,48.49444147398535,20,10,9,1,0.5,False
APT,2026-03-29T11:48:53.089Z,2026-03-29T11:48:53.089671Z,2026-03-29T13:48:53.089671Z,7572.522039,7,0.9225000000000001,10.84010840108402,4.741379310344819,-2.521,88.96551724137932,10.84010840108402,46.215587489965635,21,6,12,3,0.7143,False
DOT,2026-03-29T11:48:58.741Z,2026-03-29T11:48:58.741852Z,2026-03-29T13:48:58.741852Z,7566.869858,7,1.2654999999999998,7.902015013829412,4.477611940298503,-1.699,87.93103448275862,7.902015013829412,55.04655700879062,20,9,10,1,0.8,False
NEAR,2026-03-29T11:49:13.229Z,2026-03-29T11:49:13.230053Z,2026-03-29T13:49:13.230053Z,7552.381657,7,1.1595,8.62440707201285,3.009458297506442,-0.683,89.65517241379311,8.62440707201285,45.53076247289826,15,5,5,5,0.4,False
STO,2026-03-29T11:49:22.564Z,2026-03-29T11:49:22.565150Z,2026-03-29T13:49:22.565150Z,7543.04656,7,0.15760000000000002,12.6903553299496,33.70577281191807,43.2,88.62068965517241,12.6903553299496,81.861687536824,12,10,1,1,0.8333,False
0G,2026-03-29T11:55:11.600Z,2026-03-29T11:55:11.600466Z,2026-03-29T13:55:11.600466Z,7793.423003,7,0.4685,21.344717182496165,11.440677966101706,-0.422,80.34482758620689,21.344717182496165,59.80719932430458,11,3,3,5,0.5455,False
ALGO,2026-03-29T11:55:18.630Z,2026-03-29T11:55:18.630609Z,2026-03-29T13:55:18.630609Z,7786.39286,7,0.08085,12.36858379715558,2.952029520295202,-0.854,75.86206896551724,12.36858379715558,64.31793988188862,10,7,3,0,0.8,False
ARB,2026-03-29T11:55:25.301Z,2026-03-29T11:55:25.301234Z,2026-03-29T13:55:25.301234Z,7779.722235,7,0.08835000000000001,11.31861912846665,4.031354983202679,-1.107,81.37931034482759,11.31861912846665,52.29997796435149,18,8,10,0,0.6667,False
ASTER,2026-03-29T11:55:31.481Z,2026-03-29T11:55:31.481365Z,2026-03-29T13:55:31.481365Z,7773.542104,7,0.6575,15.209125475285186,2.121212121212123,-0.302,83.79310344827586,15.209125475285186,69.11748094723696,14,7,5,2,0.5714,False
C,2026-03-29T11:55:51.547Z,2026-03-29T11:55:51.547869Z,2026-03-29T13:55:51.547869Z,7753.4756,7,0.07780000000000001,51.41388174807167,14.28571428571428,-8.005,77.93103448275862,51.41388174807167,55.40442275341413,0,0,0,0,,
CRV,2026-03-29T11:56:09.481Z,2026-03-29T11:56:09.482132Z,2026-03-29T13:56:09.482132Z,7735.541337,7,0.20745,4.820438659917522,5.085551330798474,-1.035,79.65517241379311,4.820438659917522,63.249802894638954,3,3,0,0,1.0,False
DYDX,2026-03-29T11:56:16.148Z,2026-03-29T11:56:16.149013Z,2026-03-29T13:56:16.149013Z,7728.874456,7,0.09075,11.01928374655679,7.6923076923077,-4.712,80.0,11.01928374655679,43.40952445560793,2,1,1,0,1.0,False
ENSO,2026-03-29T11:56:26.429Z,2026-03-29T11:56:26.430170Z,2026-03-29T13:56:26.430170Z,7718.593299,7,1.0265,9.741841207987237,6.321839080459775,-3.512,75.17241379310344,9.741841207987237,63.66657410154977,0,0,0,0,,
FIL,2026-03-29T11:56:33.035Z,2026-03-29T11:56:33.035916Z,2026-03-29T13:56:33.035916Z,7711.987553,7,0.8005,12.49219237976266,6.049382716049374,-1.46,85.17241379310344,12.49219237976266,68.79323908376733,57,16,31,10,0.8421,False
GUN,2026-03-29T11:56:39.980Z,2026-03-29T11:56:39.980971Z,2026-03-29T13:56:39.980971Z,7705.042498,7,0.016704999999999998,17.95869500149583,12.759643916913962,3.121,78.96551724137932,17.95869500149583,62.98016008184406,0,0,0,0,,
HUMA,2026-03-29T11:56:44.677Z,2026-03-29T11:56:44.677304Z,2026-03-29T13:56:44.677304Z,7700.346165,7,0.014345,20.913210177761435,16.899441340782126,-2.186,80.6896551724138,20.913210177761435,44.42387196637006,3,0,3,0,1.0,False
ICP,2026-03-29T11:56:49.328Z,2026-03-29T11:56:49.328588Z,2026-03-29T13:56:49.328588Z,7695.694881,7,2.2135,4.5177320984860625,4.131118096093403,-1.022,84.48275862068965,4.5177320984860625,58.83748498854748,21,9,7,5,0.5238,False
INJ,2026-03-29T11:56:54.368Z,2026-03-29T11:56:54.368795Z,2026-03-29T13:56:54.368795Z,7690.654674,7,2.7925,3.5810205908695933,4.609929078014181,-1.433,78.27586206896552,3.5810205908695933,49.96444775326067,9,4,5,0,1.0,False
KITE,2026-03-29T11:57:00.590Z,2026-03-29T11:57:00.590202Z,2026-03-29T13:57:00.590202Z,7684.433267,7,0.1583,12.634238787113437,12.671660424469403,-8.77,86.20689655172414,12.634238787113437,47.373389810322045,0,0,0,0,,
LDO,2026-03-29T11:57:12.825Z,2026-03-29T11:57:12.825502Z,2026-03-29T13:57:12.825502Z,7672.197967,7,0.3013,19.9137072685028,5.149229255493601,1.094,76.55172413793103,19.9137072685028,65.24847344262393,5,2,2,1,1.0,False
ONDO,2026-03-29T11:57:17.979Z,2026-03-29T11:57:17.980151Z,2026-03-29T13:57:17.980151Z,7667.043318,7,0.26335,3.7972280235445037,5.470785262374413,1.358,83.44827586206897,3.7972280235445037,51.60505186370477,18,9,3,6,0.5,False
PENDLE,2026-03-29T11:57:28.576Z,2026-03-29T11:57:28.576405Z,2026-03-29T13:57:28.576405Z,7656.447064,7,1.1185,8.940545373266785,5.32386867790595,-3.428,73.79310344827586,8.940545373266785,62.734151862278864,6,4,0,2,0.8333,False
PENGU,2026-03-29T11:57:33.315Z,2026-03-29T11:57:33.315444Z,2026-03-29T13:57:33.315444Z,7651.708025,7,0.006252000000000001,6.397952655149813,6.30815328812489,-1.69,83.10344827586206,6.397952655149813,53.14220243884648,11,6,3,2,0.6364,False
PROVE,2026-03-29T11:57:38.584Z,2026-03-29T11:57:38.584644Z,2026-03-29T13:57:38.584644Z,7646.438825,7,0.22415000000000002,13.383894713361352,11.857018308631213,-9.578,72.75862068965517,13.383894713361352,52.76398009948283,0,0,0,0,,
PUMP,2026-03-29T11:57:43.182Z,2026-03-29T11:57:43.182987Z,2026-03-29T13:57:43.182987Z,7641.840482,7,0.0017005,5.880623346075464,4.556074766355137,-0.638,77.24137931034483,5.880623346075464,55.54625922891473,3,2,0,1,0.3333,False
RESOLV,2026-03-29T11:57:48.132Z,2026-03-29T11:57:48.132321Z,2026-03-29T13:57:48.132321Z,7636.891148,7,0.03735,26.773761713521516,11.111111111111118,-6.667,81.03448275862068,26.773761713521516,59.16876649821373,1,0,1,0,1.0,False
RUNE,2026-03-29T11:58:02.258Z,2026-03-29T11:58:02.258376Z,2026-03-29T13:58:02.258376Z,7622.765093,7,0.3955,25.284450063211146,1.7543859649122824,1.013,78.62068965517241,25.284450063211146,72.33092121491707,11,5,4,2,0.9091,False
SEI,2026-03-29T11:58:09.512Z,2026-03-29T11:58:09.513086Z,2026-03-29T13:58:09.513086Z,7615.510383,7,0.05325,18.779342723005232,3.9033457249070715,-1.284,76.20689655172414,18.779342723005232,65.40605087437923,9,4,4,1,0.6667,False
SHIB,2026-03-29T11:58:19.663Z,2026-03-29T11:58:19.664149Z,2026-03-29T13:58:19.664149Z,7605.35932,7,5.765e-06,17.34605377276653,3.979238754325266,-0.516,82.06896551724138,17.34605377276653,64.94901204361528,19,8,11,0,0.6842,False
SYRUP,2026-03-29T11:58:24.721Z,2026-03-29T11:58:24.721701Z,2026-03-29T13:58:24.721701Z,7600.301768,7,0.20325,4.920049200492829,5.844793713163061,1.243,73.44827586206897,4.920049200492829,67.15828701758898,0,0,0,0,,
TWT,2026-03-29T11:58:35.028Z,2026-03-29T11:58:35.028907Z,2026-03-29T13:58:35.028907Z,7589.994562,7,0.4349,22.993791676247433,4.5340624287992775,0.827,75.51724137931035,22.993791676247433,60.575540491940465,9,4,2,3,-0.1111,False
UNI,2026-03-29T11:58:41.356Z,2026-03-29T11:58:41.356986Z,2026-03-29T13:58:41.356986Z,7583.666483,7,3.351,5.9683676514466715,2.7563722584469463,-0.207,76.89655172413794,5.9683676514466715,61.48328246577409,13,5,6,2,0.3077,False
A2Z,2026-03-29T12:04:22.573Z,2026-03-29T12:04:22.573345Z,2026-03-29T14:04:22.573345Z,7242.450124,7,0.00021700000000000002,92.16589861751251,19.266055045871553,-5.217,60.689655172413794,92.16589861751251,30.796036570523892,0,0,0,0,,
ARKM,2026-03-29T12:04:27.992Z,2026-03-29T12:04:27.992378Z,2026-03-29T14:04:27.992378Z,7237.031091,7,0.0955,104.71204188481684,4.1666666666666705,0.0,61.03448275862069,104.71204188481684,53.55930170940895,7,5,2,0,1.0,False
ATOM,2026-03-29T12:04:32.895Z,2026-03-29T12:04:32.895622Z,2026-03-29T14:04:32.895622Z,7232.127847,7,1.6395,6.099420555046599,2.9055690072639253,-1.608,67.24137931034483,6.099420555046599,51.23408198783978,70,13,48,9,0.3429,False
BERA,2026-03-29T12:04:42.862Z,2026-03-29T12:04:42.862339Z,2026-03-29T14:04:42.862339Z,7222.16113,7,0.4415,22.65005662514158,5.543237250554329,-0.661,62.41379310344828,22.65005662514158,57.99980863958061,1,0,1,0,1.0,False
BIO,2026-03-29T12:04:50.075Z,2026-03-29T12:04:50.075753Z,2026-03-29T14:04:50.075753Z,7214.947716,7,0.016050000000000002,62.30529595015538,5.624999999999988,-1.235,67.93103448275862,62.30529595015538,56.91417888093916,0,0,0,0,,
CAKE,2026-03-29T12:04:55.141Z,2026-03-29T12:04:55.141379Z,2026-03-29T14:04:55.141379Z,7209.88209,7,1.3610000000000002,14.695077149155043,1.8195050946142581,0.365,64.48275862068965,14.695077149155043,56.128603703387974,15,7,7,1,0.7333,False
CETUS,2026-03-29T12:05:01.687Z,2026-03-29T12:05:01.687626Z,2026-03-29T14:05:01.687626Z,7203.335843,7,0.027165,11.043622308116612,9.31174089068825,6.05,71.37931034482759,11.043622308116612,55.95440515647866,4,4,0,0,1.0,False
DASH,2026-03-29T12:05:10.682Z,2026-03-29T12:05:10.682862Z,2026-03-29T14:05:10.682862Z,7794.817624,7,31.72,12.610340479192669,3.9209535759096616,0.631,67.58620689655173,12.610340479192669,64.41799882924904,12,9,0,3,0.5833,False
EGLD,2026-03-29T12:05:18.123Z,2026-03-29T12:05:18.123250Z,2026-03-29T14:05:18.123250Z,7787.377236,7,3.745,26.70226969292333,3.703703703703707,-1.305,62.758620689655174,26.70226969292333,62.20702163203025,7,4,2,1,0.7143,False
ENJ,2026-03-29T12:05:23.003Z,2026-03-29T12:05:23.003887Z,2026-03-29T14:05:23.003887Z,7782.496599,7,0.020319999999999998,68.89763779527449,19.350215002388904,5.282,72.06896551724138,68.89763779527449,52.026127580152085,16,8,8,0,1.0,False
ETHFI,2026-03-29T12:05:33.341Z,2026-03-29T12:05:33.341289Z,2026-03-29T14:05:33.341289Z,7772.159197,7,0.4585,21.810250817884423,3.275109170305668,0.219,63.10344827586207,21.810250817884423,66.92881473127572,2,1,0,1,1.0,False
EURI,2026-03-29T12:05:36.717Z,2026-03-29T12:05:36.717854Z,2026-03-29T14:05:36.717854Z,7768.782632,7,1.1498499999999998,4.348393268686742,0.5915100904662419,-0.035,60.3448275862069,4.348393268686742,69.80041015586428,1,0,1,0,1.0,False
GALA,2026-03-29T12:05:43.273Z,2026-03-29T12:05:43.273913Z,2026-03-29T14:05:43.273913Z,7762.226573,7,0.002785,35.90664272890494,6.713780918727917,-2.076,65.86206896551724,35.90664272890494,57.14564878033079,4,4,0,0,1.0,False
IDEX,2026-03-29T12:05:54.355Z,2026-03-29T12:05:54.356150Z,2026-03-29T14:05:54.356150Z,7751.144336,7,0.003225,93.02325581395239,41.61490683229812,-1.829,59.310344827586206,93.02325581395239,62.590867714110814,0,0,0,0,,
MMT,2026-03-29T12:06:08.889Z,2026-03-29T12:06:08.889326Z,2026-03-29T14:06:08.889326Z,7736.61116,7,0.10615,9.420631182289483,3.3613445378151314,0.563,61.724137931034484,9.420631182289483,69.33959268708311,1,0,1,0,1.0,False
OP,2026-03-29T12:06:14.360Z,2026-03-29T12:06:14.360232Z,2026-03-29T14:06:14.360232Z,7731.140254,7,0.10135,9.866798223976602,4.780487804878051,-2.008,72.41379310344827,9.866798223976602,64.09064161757132,12,2,7,3,0.5,False
PARTI,2026-03-29T12:06:19.025Z,2026-03-29T12:06:19.025541Z,2026-03-29T14:06:19.025541Z,7726.474945,7,0.0873,22.909507445590577,16.276477146042364,1.014,69.65517241379311,22.909507445590577,65.8466002763207,0,0,0,0,,
PIXEL,2026-03-29T12:06:24.435Z,2026-03-29T12:06:24.435221Z,2026-03-29T14:06:24.435221Z,7721.065265,7,0.007835,12.763241863432793,8.760951188986223,-2.798,69.3103448275862,12.763241863432793,65.74210085074719,63,17,43,3,0.4286,False
POL,2026-03-29T12:06:38.212Z,2026-03-29T12:06:38.212929Z,2026-03-29T14:06:38.212929Z,7707.287557,7,0.09225,10.840108401082817,2.7085590465872182,0.985,70.0,10.840108401082817,67.37385497913284,25,14,9,2,0.76,False
SOMI,2026-03-29T12:07:00.620Z,2026-03-29T12:07:00.620696Z,2026-03-29T14:07:00.620696Z,7684.87979,7,0.1498,13.351134846462333,6.241699867197869,-1.44,68.96551724137932,13.351134846462333,64.90188908091802,0,0,0,0,,
SSV,2026-03-29T12:07:07.786Z,2026-03-29T12:07:07.787134Z,2026-03-29T14:07:07.787134Z,7677.713352,7,2.2235,22.487069934787016,4.320712694877504,1.722,63.44827586206897,22.487069934787016,58.34197692629644,4,2,2,0,1.0,False
STEEM,2026-03-29T12:07:14.870Z,2026-03-29T12:07:14.870687Z,2026-03-29T14:07:14.870687Z,7670.629799,7,0.05735,17.436791630340515,16.583001557902033,-1.968,68.27586206896552,17.436791630340515,61.58922415692762,2,1,1,0,1.0,False
STRK,2026-03-29T12:07:21.248Z,2026-03-29T12:07:21.248441Z,2026-03-29T14:07:21.248441Z,7664.252045,7,0.03375,29.629629629628422,3.846153846153854,-1.17,64.13793103448276,29.629629629628422,59.57328907110383,17,12,4,1,1.0,False
THE,2026-03-29T12:07:26.340Z,2026-03-29T12:07:26.340547Z,2026-03-29T14:07:26.340547Z,7659.159939,7,0.1006,19.880715705764597,8.635917566241416,-3.959,71.72413793103448,19.880715705764597,48.37733209652595,26,6,16,4,0.8462,False
TIA,2026-03-29T12:07:31.190Z,2026-03-29T12:07:31.190848Z,2026-03-29T14:07:31.190848Z,7654.309638,7,0.29165,3.428767358134373,4.393732970027255,-1.674,65.51724137931035,3.428767358134373,50.802045085093326,23,5,13,5,0.4783,False
TON,2026-03-29T12:07:36.378Z,2026-03-29T12:07:36.378221Z,2026-03-29T14:07:36.378221Z,7649.122265,7,1.2345000000000002,8.100445524504753,2.4174053182917024,0.405,71.03448275862068,8.100445524504753,63.66093524871164,12,4,4,4,0.75,False
USDE,2026-03-29T12:07:41.630Z,2026-03-29T12:07:41.630616Z,2026-03-29T14:07:41.630616Z,7643.86987,7,0.99925,1.0007505629220814,0.0300240192153801,-0.02,70.34482758620689,1.0007505629220814,58.234855656982674,0,0,0,0,,
XTZ,2026-03-29T12:07:48.798Z,2026-03-29T12:07:48.799255Z,2026-03-29T14:07:48.799255Z,7636.701231,7,0.3437,11.638056444572475,5.578271028037369,-3.331,62.06896551724138,11.638056444572475,62.3960889845839,11,9,2,0,0.8182,False
ZRO,2026-03-29T12:07:55.930Z,2026-03-29T12:07:55.930637Z,2026-03-29T14:07:55.930637Z,7629.569849,7,1.9895,5.026388539833576,3.8863976083707055,-1.858,70.6896551724138,5.026388539833576,56.146980786103114,13,9,3,1,0.6923,False
2Z,2026-03-29T12:08:27.338Z,2026-03-29T12:08:27.338692Z,2026-03-29T14:08:27.338692Z,7598.161794,7,0.06736,11.876484560569587,5.544117647058837,-2.635,48.62068965517241,11.876484560569587,59.523331036105105,14,0,14,0,1.0,True
AIXBT,2026-03-29T12:08:34.417Z,2026-03-29T12:08:34.417444Z,2026-03-29T14:08:34.417444Z,7591.083042,7,0.023149999999999997,43.19654427645762,7.296137339055794,-1.271,46.206896551724135,43.19654427645762,53.43525075820806,8,4,4,0,0.5,False
ALLO,2026-03-29T12:08:40.876Z,2026-03-29T12:08:40.876443Z,2026-03-29T14:08:40.876443Z,7584.624043,7,0.1041,19.21229586935694,3.7392138063279003,-2.432,49.6551724137931,19.21229586935694,60.534749233613056,65,2,61,2,-0.5538,False
APE,2026-03-29T12:08:46.212Z,2026-03-29T12:08:46.212437Z,2026-03-29T14:08:46.212437Z,7579.288049,7,0.08535000000000001,11.716461628588501,3.629976580796243,-0.466,57.58620689655172,11.716461628588501,55.60865108857928,4,3,1,0,1.0,False
AR,2026-03-29T12:08:52.657Z,2026-03-29T12:08:52.657357Z,2026-03-29T14:08:52.657357Z,7572.843129,7,1.685,59.34718100890213,4.14201183431953,1.198,58.62068965517241,59.34718100890213,61.68148554058208,6,6,0,0,0.6667,False
AXS,2026-03-29T12:08:59.991Z,2026-03-29T12:08:59.991503Z,2026-03-29T14:08:59.991503Z,7565.508983,7,1.137,35.18029903254181,5.013192612137198,-3.152,50.689655172413794,35.18029903254181,43.392925550835,5,3,1,1,1.0,False
COTI,2026-03-29T12:09:12.274Z,2026-03-29T12:09:12.274658Z,2026-03-29T14:09:12.274658Z,7553.225828,7,0.01251,15.987210231813897,5.942142298670839,4.238,56.206896551724135,15.987210231813897,70.42490278186014,0,0,0,0,,
CVX,2026-03-29T12:09:17.900Z,2026-03-29T12:09:17.900501Z,2026-03-29T14:09:17.900501Z,7547.599985,7,1.607,24.891101431238354,5.102675793403863,-1.047,51.03448275862069,24.891101431238354,56.47785185007893,33,9,21,3,0.2121,False
DOLO,2026-03-29T12:09:24.844Z,2026-03-29T12:09:24.844310Z,2026-03-29T14:09:24.844310Z,7540.656176,7,0.029665,70.79049384796961,5.991875423155046,-3.653,45.86206896551724,70.79049384796961,42.782153774831464,0,0,0,0,,
EPIC,2026-03-29T12:09:29.682Z,2026-03-29T12:09:29.683142Z,2026-03-29T14:09:29.683142Z,7535.817344,7,0.2415,41.40786749482405,4.9180327868852505,-0.813,50.0,41.40786749482405,57.93678579109327,1,0,1,0,1.0,False
HYPER,2026-03-29T12:09:46.673Z,2026-03-29T12:09:46.673406Z,2026-03-29T14:09:46.673406Z,7518.82708,7,0.07855000000000001,12.730744748568155,5.5908513341804325,-3.672,54.48275862068966,12.730744748568155,61.21694250867136,2,1,1,0,0.0,False
LINEA,2026-03-29T12:10:09.231Z,2026-03-29T12:10:09.231417Z,2026-03-29T14:10:09.231417Z,7496.269069,7,0.0029049999999999996,34.42340791738392,5.136986301369877,-3.311,56.55172413793103,34.42340791738392,56.58847502138223,2,1,1,0,1.0,False
MORPHO,2026-03-29T12:10:16.490Z,2026-03-29T12:10:16.490915Z,2026-03-29T14:10:16.490915Z,7489.009571,7,1.4835,6.740815638691539,4.016064257028101,-0.797,51.724137931034484,6.740815638691539,62.71785377023848,5,3,1,1,0.6,False
NEIRO,2026-03-29T12:10:23.220Z,2026-03-29T12:10:23.220476Z,2026-03-29T14:10:23.220476Z,7482.28001,7,5.464e-05,10.98096632503588,4.476797088262057,-1.857,47.58620689655172,10.98096632503588,59.26648620363894,10,9,1,0,1.0,False
SHELL,2026-03-29T12:11:29.213Z,2026-03-29T12:11:29.213807Z,2026-03-29T14:11:29.213807Z,7416.286679,7,0.026750000000000003,37.38317757009323,3.3333333333333264,-0.369,47.93103448275862,37.38317757009323,59.10580035670238,0,0,0,0,,
VANA,2026-03-29T12:11:51.638Z,2026-03-29T12:11:51.638837Z,2026-03-29T14:11:51.638837Z,7393.861649,7,1.23,32.520325203252064,18.27613727055067,2.369,54.827586206896555,32.520325203252064,69.07985867330983,4,3,1,0,1.0,False
VET,2026-03-29T12:11:57.297Z,2026-03-29T12:11:57.297283Z,2026-03-29T14:11:57.297283Z,7388.203203,7,0.0065835,7.594744436849391,4.147187452872871,-1.059,48.275862068965516,7.594744436849391,63.64527987286174,9,6,3,0,0.7778,False
W,2026-03-29T12:12:02.128Z,2026-03-29T12:12:02.128549Z,2026-03-29T14:12:02.128549Z,7383.371937,7,0.01465,68.2593856655286,4.7297297297297245,-1.987,55.51724137931034,68.2593856655286,55.800159911808066,12,2,10,0,0.0,False
XVG,2026-03-29T12:12:10.137Z,2026-03-29T12:12:10.137933Z,2026-03-29T14:12:10.137933Z,7375.362553,7,0.0042985,25.590322205419856,6.167800453514731,-2.196,45.172413793103445,25.590322205419856,48.41830600713009,68,15,41,12,-0.2353,False
ZEN,2026-03-29T12:12:16.717Z,2026-03-29T12:12:16.717928Z,2026-03-29T14:12:16.717928Z,7368.782558,7,5.1125,5.867970660146922,3.4965034965034913,-0.714,46.89655172413793,5.867970660146922,52.78126635840826,7,6,1,0,1.0,False
BANANA,2026-03-29T12:18:12.110Z,2026-03-29T12:18:12.110977Z,2026-03-29T14:18:12.110977Z,7613.502014,7,3.3099999999999996,60.42296072507559,3.0487804878048674,0.306,33.44827586206897,60.42296072507559,66.14536841450827,11,8,3,0,0.8182,False
NEWT,2026-03-29T12:20:03.098Z,2026-03-29T12:20:03.099147Z,2026-03-29T14:20:03.099147Z,7502.513844,7,0.06965,43.07250538406241,5.270655270655263,-1.404,44.48275862068966,43.07250538406241,60.87400187120006,0,0,0,0,,
PEOPLE,2026-03-29T12:20:15.624Z,2026-03-29T12:20:15.625072Z,2026-03-29T14:20:15.625072Z,7489.987919,7,0.006265,15.961691939346304,4.588607594936714,-1.095,38.96551724137931,15.961691939346304,63.18010229289509,2,1,1,0,1.0,False
SPK,2026-03-29T12:20:44.737Z,2026-03-29T12:20:44.738265Z,2026-03-29T14:20:44.738265Z,7460.874726,7,0.0200105,10.494490392544007,1.7549063226061479,-0.906,44.827586206896555,10.494490392544007,50.407548964057305,63,23,37,3,0.3651,False
TRB,2026-03-29T12:20:58.948Z,2026-03-29T12:20:58.948989Z,2026-03-29T14:20:58.948989Z,7446.664002,7,14.645,6.828269033799787,3.9295392953929547,-1.469,35.51724137931034,6.828269033799787,60.93032317893409,0,0,0,0,,
TST,2026-03-29T12:21:06.170Z,2026-03-29T12:21:06.170284Z,2026-03-29T14:21:06.170284Z,7439.442707,7,0.008199999999999999,24.390243902440147,3.827751196172259,2.2,35.86206896551724,24.390243902440147,58.108202686204564,2,1,0,1,-0.5,False
ZBT,2026-03-29T12:21:18.533Z,2026-03-29T12:21:18.533252Z,2026-03-29T14:21:18.533252Z,7427.079739,7,0.07535,13.27140013271254,9.327846364883403,5.043,37.93103448275862,13.27140013271254,77.24820362730708,3,2,1,0,0.3333,False
ZK,2026-03-29T12:21:23.456Z,2026-03-29T12:21:23.456714Z,2026-03-29T14:21:23.456714Z,7422.156277,7,0.017085,29.265437518291737,3.3236151603498603,-0.637,42.41379310344828,29.265437518291737,63.92364910907754,0,0,0,0,,
1MBABYDOGE,2026-03-29T12:27:05.251Z,2026-03-29T12:27:05.251182Z,2026-03-29T14:27:05.251182Z,7679.567267,7,0.00038060000000000004,21.019442984759987,3.0617540217955272,0.706,18.275862068965516,21.019442984759987,45.92972827337337,0,0,0,0,,
AUCTION,2026-03-29T12:27:31.989Z,2026-03-29T12:27:31.989522Z,2026-03-29T14:27:31.989522Z,7652.828927,7,4.405,22.701475595913248,2.7334851936218705,-1.348,23.103448275862068,22.701475595913248,43.44030841605794,1,1,0,0,1.0,True
DYM,2026-03-29T12:27:56.724Z,2026-03-29T12:27:56.724586Z,2026-03-29T14:27:56.724586Z,7628.093863,7,0.0252,79.3650793650789,19.04761904761904,-1.176,27.93103448275862,79.3650793650789,58.99094464317677,2,2,0,0,1.0,False
ERA,2026-03-29T12:28:09.396Z,2026-03-29T12:28:09.396528Z,2026-03-29T14:28:09.396528Z,7615.421921,7,0.12335,8.107012565868585,2.8203062046736527,-0.561,29.655172413793103,8.107012565868585,63.83536593577123,0,0,0,0,,
GPS,2026-03-29T12:28:27.550Z,2026-03-29T12:28:27.550685Z,2026-03-29T14:28:27.550685Z,7597.267764,7,0.007785,12.845215157354477,3.2051282051281973,0.645,28.275862068965516,12.845215157354477,61.08650821273149,0,0,0,0,,
MET,2026-03-29T12:29:21.010Z,2026-03-29T12:29:21.010582Z,2026-03-29T14:29:21.010582Z,7543.807867,7,0.13555,22.132054592400937,6.8613138686131325,-5.387,24.82758620689655,22.132054592400937,36.57588166288022,0,0,0,0,,
SXT,2026-03-29T12:30:09.468Z,2026-03-29T12:30:09.468852Z,2026-03-29T14:30:09.468852Z,7495.349597,7,0.015050000000000001,66.44518272425324,7.89473684210525,-4.403,25.862068965517242,66.44518272425324,52.61244779985727,0,0,0,0,,
WAL,2026-03-29T12:30:40.172Z,2026-03-29T12:30:40.172464Z,2026-03-29T14:30:40.172464Z,7464.645985,7,0.06584999999999999,15.186028853455259,6.973293768545988,-4.533,27.586206896551722,15.186028853455259,36.454160253943016,1,0,1,0,1.0,False
1000CAT,2026-03-29T12:36:22.541Z,2026-03-29T12:36:22.541398Z,2026-03-29T14:36:22.541398Z,7722.37075,7,0.001585,63.09148264984243,8.641975308641973,6.579,13.793103448275861,63.09148264984243,68.12786207217925,64,13,43,8,0.0469,False
1INCH,2026-03-29T12:36:34.772Z,2026-03-29T12:36:34.772281Z,2026-03-29T14:36:34.772281Z,7710.139867,7,0.08675,34.58213256484249,2.6345933562428367,-0.908,3.793103448275862,34.58213256484249,59.99697379576041,1,1,0,0,1.0,True
BIGTIME,2026-03-29T12:36:55.076Z,2026-03-29T12:36:55.077345Z,2026-03-29T14:36:55.077345Z,7689.834803,7,0.0117,17.094017094016397,4.074702886247874,-2.159,6.896551724137931,17.094017094016397,59.903124621000686,63,20,42,1,0.0,False
COW,2026-03-29T12:37:16.996Z,2026-03-29T12:37:16.996568Z,2026-03-29T14:37:16.996568Z,7667.91558,7,0.1981,30.28773346794495,3.299492385786805,-1.697,11.03448275862069,30.28773346794495,54.158063303172085,4,3,1,0,0.5,False
MAGIC,2026-03-29T12:38:16.788Z,2026-03-29T12:38:16.788783Z,2026-03-29T14:38:16.788783Z,7608.123365,7,0.0558,35.84229390680982,3.900709219858157,-1.053,7.586206896551724,35.84229390680982,40.92906989137161,68,14,44,10,0.5735,False
ME,2026-03-29T12:38:24.870Z,2026-03-29T12:38:24.871110Z,2026-03-29T14:38:24.871110Z,7600.041038,7,0.09755,30.753459764222935,2.5432349949135324,0.0,14.137931034482758,30.753459764222935,57.86284155781481,4,2,2,0,1.0,False
NXPC,2026-03-29T12:38:37.462Z,2026-03-29T12:38:37.462864Z,2026-03-29T14:38:37.462864Z,7587.449284,7,0.27054999999999996,25.873221216040605,3.0091743119266203,-1.518,16.20689655172414,25.873221216040605,59.136808683835305,0,0,0,0,,
AAVE,2026-03-29T12:45:27.961Z,2026-03-29T12:45:27.961608Z,2026-03-29T14:45:27.961608Z,7777.455982,7,95.46000000000001,2.0951183741877246,3.4274403583706703,-0.847,90.0,2.0951183741877246,48.42849682556112,5,3,2,0,0.6,False
ADA,2026-03-29T12:45:33.255Z,2026-03-29T12:45:33.255491Z,2026-03-29T14:45:33.255491Z,7772.162099,7,0.24175,4.13650465356728,4.677882642593361,-1.853,95.51724137931035,4.13650465356728,43.48441606808341,42,21,17,4,0.0714,False
AVAX,2026-03-29T12:45:39.170Z,2026-03-29T12:45:39.171032Z,2026-03-29T14:45:39.171032Z,7766.246558,7,8.675,11.527377521613586,3.784403669724771,-0.909,92.06896551724138,11.527377521613586,62.19813999619158,23,12,10,1,0.5652,False
BCH,2026-03-29T12:45:44.865Z,2026-03-29T12:45:44.865830Z,2026-03-29T14:45:44.865830Z,7760.55176,7,458.85,2.1793614470952574,1.7184265010351873,1.3,95.17241379310344,2.1793614470952574,70.15841059965375,10,6,3,1,0.8,False
BNB,2026-03-29T12:46:00.084Z,2026-03-29T12:46:00.085091Z,2026-03-29T14:46:00.085091Z,7745.332499,7,608.755,0.16426969799001087,1.485261510369098,0.234,96.89655172413794,0.16426969799001087,54.90012988363585,21,14,6,1,0.8095,False
BTC,2026-03-29T12:46:06.878Z,2026-03-29T12:46:06.878486Z,2026-03-29T14:46:06.878486Z,7738.539104,7,66519.805,0.00150331168210149,1.5836576318244855,0.76,100.0,0.00150331168210149,60.85748731548998,25,9,11,5,0.36,False
NOM,2026-03-29T12:47:28.588Z,2026-03-29T12:47:28.588974Z,2026-03-29T14:47:28.588974Z,7656.828616,7,0.00262,76.33587786259562,44.64944649446495,27.23,94.82758620689656,76.33587786259562,66.3842685336753,18,14,2,2,0.5556,False
PEPE,2026-03-29T12:47:34.950Z,2026-03-29T12:47:34.951104Z,2026-03-29T14:47:34.951104Z,7650.466486,7,3.265e-06,30.62787136293998,3.9513677811550165,-0.904,95.86206896551724,30.62787136293998,47.44578324523365,20,16,1,3,0.6,False
T,2026-03-29T12:48:00.534Z,2026-03-29T12:48:00.534327Z,2026-03-29T14:48:00.534327Z,7624.883263,7,0.00596,33.5570469798644,1.6694490818030094,-0.663,1.3793103448275863,33.5570469798644,36.032776195180546,0,0,0,0,,
WLFI,2026-03-29T12:48:21.246Z,2026-03-29T12:48:21.246353Z,2026-03-29T14:48:21.246353Z,7604.171237,7,0.09715,10.293360782294286,3.6772216547497365,-0.508,90.34482758620689,10.293360782294286,46.47546846958245,2,0,2,0,1.0,False
HEMI,2026-03-29T12:54:16.971Z,2026-03-29T12:54:16.971568Z,2026-03-29T14:54:16.971568Z,7248.446022,7,0.006035,16.570008285004903,18.032786885245905,10.708,87.24137931034483,16.570008285004903,63.7918687800446,4,2,1,1,0.5,False
PAXG,2026-03-29T12:54:32.016Z,2026-03-29T12:54:32.017070Z,2026-03-29T14:54:32.017070Z,7233.40052,7,4506.195,0.022191671688016782,0.403328124791322,-0.162,86.89655172413794,0.022191671688016782,63.77077056462236,1,0,1,0,1.0,False
XPL,2026-03-29T12:54:50.681Z,2026-03-29T12:54:50.681743Z,2026-03-29T14:54:50.681743Z,7214.735847,7,0.08704999999999999,11.487650775416757,5.988700564971751,-0.896,87.58620689655173,11.487650775416757,55.836695427597405,36,7,29,0,0.6111,False
BANANAS31,2026-03-29T13:00:49.232Z,2026-03-29T13:00:49.232936Z,2026-03-29T15:00:49.232936Z,7456.170626,7,0.012949,7.722604062089422,3.5090419392073864,-1.478,82.75862068965517,7.722604062089422,54.4331574405352,2,2,0,0,1.0,True
BARD,2026-03-29T13:00:55.156Z,2026-03-29T13:00:55.157097Z,2026-03-29T15:00:55.157097Z,7450.246465,7,0.3583,5.581914596706056,10.72415699281371,-0.741,82.41379310344827,5.581914596706056,44.83699349733809,0,0,0,0,,
BONK,2026-03-29T13:01:00.598Z,2026-03-29T13:01:00.598839Z,2026-03-29T15:01:00.598839Z,7444.804723,7,5.675e-06,17.62114537444917,5.069930069930066,-0.348,74.48275862068965,17.62114537444917,64.7362946617655,5,5,0,0,1.0,False
CFX,2026-03-29T13:01:16.869Z,2026-03-29T13:01:16.869488Z,2026-03-29T15:01:16.869488Z,7428.534074,7,0.05506,10.89720305121641,4.6785714285714235,-0.674,73.10344827586206,10.89720305121641,42.36482545360531,5,4,1,0,0.6,False
EIGEN,2026-03-29T13:01:35.013Z,2026-03-29T13:01:35.013675Z,2026-03-29T15:01:35.013675Z,7410.389887,7,0.1695,58.99705014749268,4.705882352941164,-2.299,74.82758620689656,58.99705014749268,61.0542786943049,10,5,4,1,0.8,False
KMNO,2026-03-29T13:02:11.380Z,2026-03-29T13:02:11.380925Z,2026-03-29T15:02:11.380925Z,7374.022637,7,0.01722,11.614401858303825,8.338226658837353,-0.584,77.58620689655173,11.614401858303825,66.92108380111934,6,1,5,0,0.0,False
ONT,2026-03-29T13:02:25.879Z,2026-03-29T13:02:25.879631Z,2026-03-29T15:02:25.879631Z,7359.523931,7,0.05888,27.17391304347833,14.63329857490442,-12.005,79.3103448275862,27.17391304347833,39.36026166600076,14,3,8,3,0.0,False
TRUMP,2026-03-29T13:03:21.813Z,2026-03-29T13:03:21.814223Z,2026-03-29T15:03:21.814223Z,7303.589339,7,2.8615000000000004,3.4946706272929924,6.31542219120726,-3.502,85.86206896551724,3.4946706272929924,59.01841069019219,17,12,4,1,0.7647,False
VIRTUAL,2026-03-29T13:03:39.147Z,2026-03-29T13:03:39.148013Z,2026-03-29T15:03:39.148013Z,7286.255549,7,0.65125,4.606525911707746,5.693787208059838,-0.092,81.72413793103448,4.606525911707746,49.69686486492405,2,2,0,0,1.0,False
WIF,2026-03-29T13:03:46.579Z,2026-03-29T13:03:46.580101Z,2026-03-29T15:03:46.580101Z,7278.823461,7,0.1725,57.971014492753675,5.142857142857148,0.0,85.51724137931035,57.971014492753675,55.115698682557124,9,9,0,0,1.0,False
AVNT,2026-03-29T13:09:32.823Z,2026-03-29T13:09:32.823303Z,2026-03-29T15:09:32.823303Z,7533.059192,7,0.13195,7.578628268284709,5.303030303030307,-2.295,66.89655172413794,7.578628268284709,38.701378153941604,2,1,1,0,-1.0,False
GIGGLE,2026-03-29T13:10:26.791Z,2026-03-29T13:10:26.791459Z,2026-03-29T15:10:26.791459Z,7479.091036,7,23.284999999999997,38.651492377066724,7.7458659704090564,-3.729,68.62068965517241,38.651492377066724,59.632259822545024,2,2,0,0,-1.0,False
JUP,2026-03-29T13:10:35.299Z,2026-03-29T13:10:35.299968Z,2026-03-29T15:10:35.299968Z,7470.582527,7,0.14285,7.000350017500104,3.824756606397778,-0.416,66.55172413793103,7.000350017500104,51.13625454085008,10,2,7,1,1.0,False
KERNEL,2026-03-29T13:10:40.832Z,2026-03-29T13:10:40.833040Z,2026-03-29T15:10:40.833040Z,7465.049455,7,0.0769,26.007802340702955,5.992509363295878,3.622,64.82758620689656,26.007802340702955,61.58718078364118,0,0,0,0,,
PNUT,2026-03-29T13:11:05.332Z,2026-03-29T13:11:05.332588Z,2026-03-29T15:11:05.332588Z,7440.549907,7,0.03815,26.21231979030037,3.6458333333333472,-0.518,58.96551724137931,26.21231979030037,50.94531764155004,66,15,48,3,0.4697,False
PYTH,2026-03-29T13:11:15.484Z,2026-03-29T13:11:15.485331Z,2026-03-29T15:11:15.485331Z,7430.397164,7,0.03695,27.063599458726912,4.825737265415539,-0.267,60.0,27.063599458726912,64.91618608666103,4,4,0,0,1.0,False
SAND,2026-03-29T13:11:21.347Z,2026-03-29T13:11:21.348050Z,2026-03-29T15:11:21.348050Z,7424.534445,7,0.07285,13.72683596431062,3.5230352303522916,-0.405,61.37931034482759,13.72683596431062,68.0725296575568,44,36,8,0,1.0,False
SIGN,2026-03-29T13:11:28.911Z,2026-03-29T13:11:28.911721Z,2026-03-29T15:11:28.911721Z,7416.970774,7,0.031735,9.453285016543957,17.99623115577889,-0.593,63.793103448275865,9.453285016543957,58.90170678378481,53,16,33,4,0.9623,False
SKY,2026-03-29T13:11:35.115Z,2026-03-29T13:11:35.115939Z,2026-03-29T15:11:35.115939Z,7410.766556,7,0.07099,8.45189463304754,2.010761823845942,0.17,65.17241379310344,8.45189463304754,65.84014715137499,69,10,47,12,-0.2029,False
CKB,2026-03-29T13:18:31.555Z,2026-03-29T13:18:31.555294Z,2026-03-29T15:18:31.555294Z,7594.598187,7,0.0013455,22.29654403567582,6.067251461988301,-0.364,57.241379310344826,22.29654403567582,61.753210444044484,3,2,0,1,0.3333,False
ETC,2026-03-29T13:18:57.411Z,2026-03-29T13:18:57.412084Z,2026-03-29T15:18:57.412084Z,7568.741397,7,7.955,12.57071024512858,3.49127182044887,-1.474,47.241379310344826,12.57071024512858,35.754660157146006,4,3,0,1,1.0,False
FLOKI,2026-03-29T13:19:02.856Z,2026-03-29T13:19:02.856532Z,2026-03-29T15:19:02.856532Z,7563.296949,7,2.7360000000000002e-05,7.309941520467765,4.9311094996374205,-1.112,48.96551724137931,7.309941520467765,47.393807825157594,9,6,2,1,1.0,False
IMX,2026-03-29T13:19:15.225Z,2026-03-29T13:19:15.225450Z,2026-03-29T15:19:15.225450Z,7550.928031,7,0.1426,14.025245441795633,5.874125874125868,-2.055,49.310344827586206,14.025245441795633,60.629027407586975,13,6,5,2,0.6923,False
IO,2026-03-29T13:19:22.338Z,2026-03-29T13:19:22.338731Z,2026-03-29T15:19:22.338731Z,7543.81475,7,0.1025,97.56097560975618,5.71428571428572,-1.869,46.55172413793103,97.56097560975618,56.255269263008685,5,4,1,0,1.0,False
IOTA,2026-03-29T13:19:28.695Z,2026-03-29T13:19:28.695625Z,2026-03-29T15:19:28.695625Z,7537.457856,7,0.05395,18.53568118628284,4.036697247706423,-1.089,53.10344827586207,18.53568118628284,52.68178052250051,6,3,2,1,0.6667,False
OPEN,2026-03-29T13:19:50.036Z,2026-03-29T13:19:50.036916Z,2026-03-29T15:19:50.036916Z,7516.116565,7,0.1582,12.642225031605923,9.309494451294698,-4.25,55.86206896551724,12.642225031605923,48.633785295461756,0,0,0,0,,
ORCA,2026-03-29T13:20:02.082Z,2026-03-29T13:20:02.082381Z,2026-03-29T15:20:02.082381Z,7504.0711,7,0.8294999999999999,12.05545509342979,3.9145907473309642,-1.748,52.41379310344828,12.05545509342979,53.10690931033164,13,2,10,1,0.7692,False
PHA,2026-03-29T13:20:09.980Z,2026-03-29T13:20:09.980566Z,2026-03-29T15:20:09.980566Z,7496.172915,7,0.03495,28.6123032904157,6.647398843930646,-2.535,53.793103448275865,28.6123032904157,60.380567770005946,5,4,1,0,1.0,False
PLUME,2026-03-29T13:20:16.219Z,2026-03-29T13:20:16.220005Z,2026-03-29T15:20:16.220005Z,7489.933476,7,0.009995,10.005002501250218,6.838453914767093,-2.418,57.93103448275862,10.005002501250218,55.230675105477275,1,1,0,0,-1.0,False
RAY,2026-03-29T13:20:21.593Z,2026-03-29T13:20:21.594015Z,2026-03-29T15:20:21.594015Z,7484.559466,7,0.5634999999999999,17.74622892635317,2.1164021164021185,0.532,52.758620689655174,17.74622892635317,66.67109740623117,26,15,10,1,0.5,False
ROSE,2026-03-29T13:20:29.747Z,2026-03-29T13:20:29.747911Z,2026-03-29T15:20:29.747911Z,7476.40557,7,0.01037,19.28640308582538,3.9385206532180654,-1.327,51.37931034482759,19.28640308582538,36.33687997334237,65,18,39,8,0.3692,False
RSR,2026-03-29T13:20:35.698Z,2026-03-29T13:20:35.699155Z,2026-03-29T15:20:35.699155Z,7470.454326,7,0.001543,25.923525599480755,8.222811671087547,-5.514,56.89655172413793,25.923525599480755,43.60661885434823,2,1,0,1,1.0,False
S,2026-03-29T13:20:42.671Z,2026-03-29T13:20:42.671639Z,2026-03-29T15:20:42.671639Z,7463.481842,7,0.040095000000000006,12.470382840753565,5.074257425742565,-2.815,58.275862068965516,12.470382840753565,53.008521185774995,0,0,0,0,,
SAGA,2026-03-29T13:20:50.230Z,2026-03-29T13:20:50.230416Z,2026-03-29T15:20:50.230416Z,7455.923065,7,0.027549999999999998,36.29764065335731,4.609929078014181,-0.704,53.44827586206897,36.29764065335731,57.79785134036322,3,3,0,0,1.0,False
SAHARA,2026-03-29T13:20:57.517Z,2026-03-29T13:20:57.517385Z,2026-03-29T15:20:57.517385Z,7448.636096,7,0.024725,20.222446916077423,10.459910459910457,-5.934,50.3448275862069,20.222446916077423,36.09414055096574,0,0,0,0,,
TOWNS,2026-03-29T13:21:10.892Z,2026-03-29T13:21:10.892685Z,2026-03-29T15:21:10.892685Z,7435.260796,7,0.0033949999999999996,29.455081001472834,7.7809798270893324,-3.878,55.172413793103445,29.455081001472834,62.93189332517641,0,0,0,0,,
TURBO,2026-03-29T13:21:18.246Z,2026-03-29T13:21:18.247200Z,2026-03-29T15:21:18.247200Z,7427.906281,7,0.0010084999999999998,9.915716410509827,8.055009823182715,-5.915,54.13793103448276,9.915716410509827,58.76084593137868,5,4,0,1,1.0,False
TUT,2026-03-29T13:21:23.353Z,2026-03-29T13:21:23.353592Z,2026-03-29T15:21:23.353592Z,7422.799889,7,0.00851,23.501762632196456,6.292906178489704,2.222,52.06896551724138,23.501762632196456,55.87693973568276,0,0,0,0,,
ACH,2026-03-29T13:27:25.643Z,2026-03-29T13:27:25.644099Z,2026-03-29T15:27:25.644099Z,7659.884261,7,0.00622,32.15434083601295,2.857142857142851,0.0,34.48275862068966,32.15434083601295,56.2764720895866,2,1,0,1,0.5,False
ALT,2026-03-29T13:27:30.820Z,2026-03-29T13:27:30.820621Z,2026-03-29T15:27:30.820621Z,7654.707739,7,0.006115,16.353229762877504,4.0192926045016115,-0.797,35.172413793103445,16.353229762877504,55.80417226832161,6,3,2,1,1.0,False
BABY,2026-03-29T13:27:37.722Z,2026-03-29T13:27:37.722553Z,2026-03-29T15:27:37.722553Z,7647.805807,7,0.012845,7.785130400933898,5.960784313725492,-0.778,43.10344827586207,7.785130400933898,59.42142014650433,0,0,0,0,,
BOME,2026-03-29T13:27:48.821Z,2026-03-29T13:27:48.822062Z,2026-03-29T15:27:48.822062Z,7636.706298,7,0.0003675,27.21088435374216,6.182795698924721,-2.618,39.310344827586206,27.21088435374216,58.34075350816158,5,4,1,0,1.0,False
BROCCOLI714,2026-03-29T13:27:59.462Z,2026-03-29T13:27:59.462511Z,2026-03-29T15:27:59.462511Z,7626.065849,7,0.012015,8.322929671243939,6.229508196721313,3.39,41.03448275862069,8.322929671243939,70.22141183080348,0,0,0,0,,
CATI,2026-03-29T13:28:05.368Z,2026-03-29T13:28:05.369048Z,2026-03-29T15:28:05.369048Z,7620.159312,7,0.052199999999999996,38.3141762452105,9.380863039399632,8.554,40.3448275862069,38.3141762452105,71.41845831839116,4,3,1,0,1.0,False
COOKIE,2026-03-29T13:28:12.907Z,2026-03-29T13:28:12.907694Z,2026-03-29T15:28:12.907694Z,7612.620666,7,0.015050000000000001,66.44518272425324,5.228758169934655,0.658,40.0,66.44518272425324,60.473602308376,4,2,1,1,1.0,False
ENS,2026-03-29T13:28:20.721Z,2026-03-29T13:28:20.722158Z,2026-03-29T15:28:20.722158Z,7604.806202,7,5.545,18.03426510369664,3.577817531305907,-1.411,33.793103448275865,18.03426510369664,51.06363376773144,4,4,0,0,1.0,False
EUL,2026-03-29T13:28:29.159Z,2026-03-29T13:28:29.159546Z,2026-03-29T15:28:29.159546Z,7596.368814,7,0.7455,13.41381623071765,4.533333333333337,-1.575,42.06896551724138,13.41381623071765,65.53374956674561,10,0,8,2,-0.2,False
FLUX,2026-03-29T13:28:34.902Z,2026-03-29T13:28:34.902239Z,2026-03-29T15:28:34.902239Z,7590.626121,7,0.05035,19.860973187686763,7.421874999999996,7.338,34.827586206896555,19.860973187686763,69.90175187433086,3,2,1,0,1.0,False
GRT,2026-03-29T13:28:49.221Z,2026-03-29T13:28:49.221409Z,2026-03-29T15:28:49.221409Z,7576.306951,7,0.02343,17.07212974818539,3.5532994923857886,-1.088,41.37931034482759,17.07212974818539,35.1315888783018,7,4,3,0,1.0,False
HOME,2026-03-29T13:28:56.702Z,2026-03-29T13:28:56.702966Z,2026-03-29T15:28:56.702966Z,7568.825394,7,0.019295,25.913449080073303,6.159420289855073,0.416,38.275862068965516,25.913449080073303,68.38720268862077,0,0,0,0,,
INIT,2026-03-29T13:29:05.371Z,2026-03-29T13:29:05.372088Z,2026-03-29T15:29:05.372088Z,7560.156272,7,0.0781,25.60819462227986,3.0690537084398968,-2.005,33.10344827586207,25.60819462227986,58.8013516423555,1,0,0,1,-1.0,False
JTO,2026-03-29T13:29:12.544Z,2026-03-29T13:29:12.544375Z,2026-03-29T15:29:12.544375Z,7552.983985,7,0.28464999999999996,10.539258738802829,7.044673539518888,-2.283,34.13793103448276,10.539258738802829,61.9032308105965,10,9,0,1,1.0,False
MEME,2026-03-29T13:29:31.257Z,2026-03-29T13:29:31.257447Z,2026-03-29T15:29:31.257447Z,7534.270913,7,0.0004955000000000001,20.18163471241219,5.964214711729638,-2.708,32.758620689655174,20.18163471241219,56.824128979853654,43,17,21,5,0.6977,False
MINA,2026-03-29T13:29:37.080Z,2026-03-29T13:29:37.080674Z,2026-03-29T15:29:37.080674Z,7528.447686,7,0.052750000000000005,56.87203791469225,3.2015065913371,0.0,36.89655172413793,56.87203791469225,43.021027833063286,3,3,0,0,1.0,False
MOVE,2026-03-29T13:29:45.228Z,2026-03-29T13:29:45.229121Z,2026-03-29T15:29:45.229121Z,7520.299239,7,0.01745,57.3065902578813,4.545454545454537,-1.124,41.724137931034484,57.3065902578813,57.0633183902343,6,5,0,1,1.0,False
MUBARAK,2026-03-29T13:29:52.154Z,2026-03-29T13:29:52.155106Z,2026-03-29T15:29:52.155106Z,7513.373254,7,0.011185,26.821636119803767,5.263157894736841,1.786,42.758620689655174,26.821636119803767,71.50244509702169,0,0,0,0,,
NEO,2026-03-29T13:30:00.041Z,2026-03-29T13:30:00.041942Z,2026-03-29T15:30:00.041942Z,7505.486418,7,2.5475000000000003,3.925417075563846,2.805923616523775,-2.396,37.241379310344826,3.925417075563846,63.14796467405735,6,4,1,1,0.6667,False
NIL,2026-03-29T13:30:14.814Z,2026-03-29T13:30:14.814580Z,2026-03-29T15:30:14.814580Z,7490.71378,7,0.03145,31.79650238473859,13.291139240506315,-1.863,44.13793103448276,31.79650238473859,59.215719448791745,0,0,0,0,,
QNT,2026-03-29T13:30:25.206Z,2026-03-29T13:30:25.206735Z,2026-03-29T15:30:25.206735Z,7480.321625,7,69.73500000000001,15.774001577400073,3.2608695652173947,-0.267,36.206896551724135,15.774001577400073,68.16240285193011,12,10,2,0,0.5,False
REZ,2026-03-29T13:30:30.365Z,2026-03-29T13:30:30.366075Z,2026-03-29T15:30:30.366075Z,7475.162285,7,0.0033750000000000004,29.6296296296297,5.27859237536657,3.963,31.379310344827587,29.6296296296297,75.27289997348534,63,12,48,3,0.3333,False
RVN,2026-03-29T13:30:37.290Z,2026-03-29T13:30:37.290353Z,2026-03-29T15:30:37.290353Z,7468.238007,7,0.005865,51.15089514066435,4.819277108433733,1.573,39.6551724137931,51.15089514066435,53.96194210622229,5,5,0,0,1.0,False
SOLV,2026-03-29T13:30:45.833Z,2026-03-29T13:30:45.833949Z,2026-03-29T15:30:45.833949Z,7459.694411,7,0.003055,32.73322422258459,8.544303797468348,4.983,31.724137931034484,32.73322422258459,68.65201387097412,1,1,0,0,1.0,False
STX,2026-03-29T13:30:59.400Z,2026-03-29T13:30:59.400691Z,2026-03-29T15:30:59.400691Z,7446.127669,7,0.21639999999999998,9.242144177449434,4.853479853479852,-2.194,38.62068965517241,9.242144177449434,61.85237006262662,12,8,1,3,0.4167,False
THETA,2026-03-29T13:31:07.177Z,2026-03-29T13:31:07.177646Z,2026-03-29T15:31:07.177646Z,7438.350714,7,0.1495,66.88963210702347,4.605263157894741,-1.299,32.41379310344828,66.88963210702347,54.33773540925872,8,5,3,0,0.75,False
ZKC,2026-03-29T13:31:41.675Z,2026-03-29T13:31:41.675342Z,2026-03-29T15:31:41.675342Z,7403.853018,7,0.06655,15.026296018031985,4.572271386430666,-2.865,40.689655172413794,15.026296018031985,39.961710883847125,0,0,0,0,,
BEAMX,2026-03-29T13:37:01.436Z,2026-03-29T13:37:01.436342Z,2026-03-29T15:37:01.436342Z,7684.352114,7,0.001597,12.523481527865052,5.948653725735757,-4.026,38.275862068965516,12.523481527865052,52.505104362487906,0,0,0,0,,
A,2026-03-29T13:37:34.935Z,2026-03-29T13:37:34.936478Z,2026-03-29T15:37:34.936478Z,7650.851978,7,0.0728,54.94505494505461,4.264099037138916,-3.324,21.03448275862069,54.94505494505461,34.26550005843291,0,0,0,0,,
ACT,2026-03-29T13:37:40.032Z,2026-03-29T13:37:40.032814Z,2026-03-29T15:37:40.032814Z,7645.755642,7,0.011800000000000001,169.49152542372923,5.932203389830502,-2.479,25.517241379310345,169.49152542372923,48.23179543112715,2,2,0,0,1.0,False
ACX,2026-03-29T13:37:45.251Z,2026-03-29T13:37:45.251878Z,2026-03-29T15:37:45.251878Z,7640.536578,7,0.04165,24.009603841537302,3.3254156769596164,-0.473,24.482758620689655,24.009603841537302,55.04640953459307,65,20,36,9,0.3385,False
AEVO,2026-03-29T13:37:52.044Z,2026-03-29T13:37:52.044432Z,2026-03-29T15:37:52.044432Z,7633.744024,7,0.0213,93.8967136150229,9.677419354838698,-6.466,29.310344827586206,93.8967136150229,55.10612620314147,5,4,0,1,0.6,False
ANIME,2026-03-29T13:37:59.479Z,2026-03-29T13:37:59.479807Z,2026-03-29T15:37:59.479807Z,7626.308649,7,0.004425,22.598870056496253,5.191873589164789,-4.32,19.310344827586206,22.598870056496253,54.98113920556594,1,0,1,0,1.0,False
BANK,2026-03-29T13:38:10.152Z,2026-03-29T13:38:10.152368Z,2026-03-29T15:38:10.152368Z,7615.636088,7,0.042499999999999996,47.058823529411484,5.399061032863858,3.148,28.620689655172413,47.058823529411484,54.27862175304917,0,0,0,0,,
BB,2026-03-29T13:38:17.077Z,2026-03-29T13:38:17.077702Z,2026-03-29T15:38:17.077702Z,7608.710754,7,0.02275,43.956043956043686,3.9130434782608763,-1.709,27.93103448275862,43.956043956043686,44.78777582936031,0,0,0,0,,
DOGS,2026-03-29T13:38:22.407Z,2026-03-29T13:38:22.407862Z,2026-03-29T15:38:22.407862Z,7603.380594,7,2.5849999999999998e-05,38.684719535782996,2.316602316602321,-1.145,20.689655172413794,38.684719535782996,55.34004372075874,4,2,1,1,1.0,False
EDEN,2026-03-29T13:38:35.893Z,2026-03-29T13:38:35.893404Z,2026-03-29T15:38:35.893404Z,7589.895052,7,0.026750000000000003,37.38317757009323,7.749077490774912,-2.867,18.275862068965516,37.38317757009323,53.77873870346498,0,0,0,0,,
GMX,2026-03-29T13:38:46.300Z,2026-03-29T13:38:46.300580Z,2026-03-29T15:38:46.300580Z,7579.487876,7,6.195,16.14205004035478,5.30546623794211,-2.964,30.689655172413794,16.14205004035478,48.01500681707184,4,4,0,0,1.0,False
HAEDAL,2026-03-29T13:38:56.817Z,2026-03-29T13:38:56.818027Z,2026-03-29T15:38:56.818027Z,7568.970429,7,0.027450000000000002,36.42987249544605,11.23188405797101,-5.479,22.75862068965517,36.42987249544605,51.395535803189105,0,0,0,0,,
HOLO,2026-03-29T13:39:04.020Z,2026-03-29T13:39:04.020990Z,2026-03-29T15:39:04.020990Z,7561.767466,7,0.051750000000000004,19.323671497583753,3.256704980842912,-1.88,21.724137931034484,19.323671497583753,41.06655237659065,0,0,0,0,,
ILV,2026-03-29T13:39:09.921Z,2026-03-29T13:39:09.921278Z,2026-03-29T15:39:09.921278Z,7555.867178,7,3.315,30.165912518853055,5.105105105105103,-3.478,22.06896551724138,30.165912518853055,57.24022790979652,4,3,0,1,1.0,False
KAIA,2026-03-29T13:39:16.816Z,2026-03-29T13:39:16.816774Z,2026-03-29T15:39:16.816774Z,7548.971682,7,0.04555,21.953896816685592,2.6258205689277894,-1.931,18.96551724137931,21.953896816685592,57.13006594193051,2,1,1,0,1.0,False
KAITO,2026-03-29T13:39:23.427Z,2026-03-29T13:39:23.428106Z,2026-03-29T15:39:23.428106Z,7542.36035,7,0.38065000000000004,18.389596742413723,4.407135362014686,-2.231,29.655172413793103,18.389596742413723,55.90337571851011,0,0,0,0,,
LA,2026-03-29T13:39:29.359Z,2026-03-29T13:39:29.359832Z,2026-03-29T15:39:29.359832Z,7536.428624,7,0.1834,32.71537622682603,8.006448146157979,6.525,31.03448275862069,32.71537622682603,73.00727102720543,1,0,1,0,1.0,False
LISTA,2026-03-29T13:39:36.684Z,2026-03-29T13:39:36.684458Z,2026-03-29T15:39:36.684458Z,7529.103998,7,0.08065,12.399256044635957,2.8290282902828987,-1.93,23.448275862068964,12.399256044635957,55.47829711499185,4,4,0,0,1.0,False
LPT,2026-03-29T13:39:44.664Z,2026-03-29T13:39:44.664875Z,2026-03-29T15:39:44.664875Z,7521.123581,7,2.0435,14.680694886225172,3.8085937499999925,-2.43,27.586206896551722,14.680694886225172,57.63101340552481,4,3,0,1,1.0,False
MIRA,2026-03-29T13:40:00.429Z,2026-03-29T13:40:00.429619Z,2026-03-29T15:40:00.429619Z,7505.358837,7,0.0738,27.100271002708922,4.054054054054058,-3.646,25.862068965517242,27.100271002708922,54.69080093908835,0,0,0,0,,
NOT,2026-03-29T13:40:07.180Z,2026-03-29T13:40:07.181100Z,2026-03-29T15:40:07.181100Z,7498.607356,7,0.0003415,29.282576866764987,4.637681159420293,-2.542,22.413793103448278,29.282576866764987,61.440318726850236,6,6,0,0,0.6667,False
ORDI,2026-03-29T13:40:14.911Z,2026-03-29T13:40:14.911336Z,2026-03-29T15:40:14.911336Z,7490.87712,7,2.165,9.237875288682586,4.924068108605624,-3.034,26.896551724137932,9.237875288682586,59.882427317685824,12,4,7,1,0.8333,False
RED,2026-03-29T13:40:21.506Z,2026-03-29T13:40:21.506315Z,2026-03-29T15:40:21.506315Z,7484.282141,7,0.1031,19.3986420950539,5.667627281460123,-4.144,19.655172413793103,19.3986420950539,37.43804240119431,0,0,0,0,,
SAPIEN,2026-03-29T13:40:27.205Z,2026-03-29T13:40:27.205441Z,2026-03-29T15:40:27.205441Z,7478.583015,7,0.06484999999999999,15.420200462606457,6.717557251908398,-3.25,27.24137931034483,15.420200462606457,46.24879316700813,0,0,0,0,,
SNX,2026-03-29T13:40:32.142Z,2026-03-29T13:40:32.142370Z,2026-03-29T15:40:32.142370Z,7473.646086,7,0.2775,36.036036036036066,4.301075268817188,-1.413,30.0,36.036036036036066,59.68510099543795,1,1,0,0,1.0,False
SYN,2026-03-29T13:40:44.673Z,2026-03-29T13:40:44.673911Z,2026-03-29T15:40:44.673911Z,7461.114545,7,0.04575,65.57377049180364,4.793028322440088,-2.34,21.379310344827587,65.57377049180364,50.869388952164705,3,1,2,0,1.0,False
TREE,2026-03-29T13:40:51.452Z,2026-03-29T13:40:51.452516Z,2026-03-29T15:40:51.452516Z,7454.33594,7,0.058050000000000004,17.226528854435127,3.9249146757679236,-2.819,24.137931034482758,17.226528854435127,54.80467711720117,0,0,0,0,,
TURTLE,2026-03-29T13:40:57.695Z,2026-03-29T13:40:57.695850Z,2026-03-29T15:40:57.695850Z,7448.092606,7,0.0392,51.020408163264996,2.020202020202008,-0.503,24.82758620689655,51.020408163264996,34.10366058509293,1,1,0,0,1.0,False
USUAL,2026-03-29T13:41:04.950Z,2026-03-29T13:41:04.950981Z,2026-03-29T15:41:04.950981Z,7440.837475,7,0.012065,8.288437629507937,4.412989175686936,-1.718,23.79310344827586,8.288437629507937,58.772765799280855,1,0,0,1,1.0,False
YB,2026-03-29T13:41:14.858Z,2026-03-29T13:41:14.859214Z,2026-03-29T15:41:14.859214Z,7430.929242,7,0.1005,39.80099502487538,8.487804878048781,-6.221,20.344827586206897,39.80099502487538,32.958373552493704,0,0,0,0,,
YGG,2026-03-29T13:41:22.150Z,2026-03-29T13:41:22.150933Z,2026-03-29T15:41:22.150933Z,7423.637523,7,0.033745,20.743813898355498,5.59481743227328,-4.284,17.93103448275862,20.743813898355498,43.55645627586625,5,4,0,1,1.0,False
1000CHEEMS,2026-03-29T13:46:58.978Z,2026-03-29T13:46:58.978204Z,2026-03-29T15:46:58.978204Z,7686.4547,7,0.000414,48.30917874396122,5.502392344497598,2.2,12.413793103448276,48.30917874396122,42.53687685199956,22,3,15,4,0.6364,False
1000SATS,2026-03-29T13:47:04.811Z,2026-03-29T13:47:04.812227Z,2026-03-29T15:47:04.812227Z,7680.620677,7,1.0235e-05,68.3927699071806,5.258033106134371,-2.93,10.0,68.3927699071806,40.37535380648537,25,11,11,3,0.64,False
API3,2026-03-29T13:47:12.055Z,2026-03-29T13:47:12.056011Z,2026-03-29T15:47:12.056011Z,7673.376893,7,0.2647,30.222893842086247,2.8248587570621493,-1.885,8.275862068965518,30.222893842086247,54.39447616785223,2,2,0,0,1.0,True
AT,2026-03-29T13:47:19.737Z,2026-03-29T13:47:19.737197Z,2026-03-29T15:47:19.737197Z,7665.695707,7,0.14385,34.75842891901289,3.2145352900069835,-0.418,11.379310344827585,34.75842891901289,53.203868083356866,3,3,0,0,1.0,False
BMT,2026-03-29T13:47:30.258Z,2026-03-29T13:47:30.258452Z,2026-03-29T15:47:30.258452Z,7655.174452,7,0.013935,7.176175098672116,2.991452991452993,-0.707,8.620689655172415,7.176175098672116,61.53367309441953,0,0,0,0,,
CGPT,2026-03-29T13:47:36.985Z,2026-03-29T13:47:36.985859Z,2026-03-29T15:47:36.985859Z,7648.447045,7,0.018705,37.42314889067127,4.669887278582927,-3.721,15.862068965517242,37.42314889067127,24.452519995727727,2,1,0,1,1.0,False
CVC,2026-03-29T13:47:48.311Z,2026-03-29T13:47:48.311403Z,2026-03-29T15:47:48.311403Z,7637.121501,7,0.029105,30.92252190345295,3.8983050847457688,-2.801,4.827586206896552,30.92252190345295,53.619787534957425,68,14,47,7,-0.2794,False
CYBER,2026-03-29T13:47:55.945Z,2026-03-29T13:47:55.946160Z,2026-03-29T15:47:55.946160Z,7629.486744,7,0.4765,20.98635886673664,3.7344398340249,-3.407,10.689655172413794,20.98635886673664,42.59685464656642,0,0,0,0,,
FF,2026-03-29T13:48:02.517Z,2026-03-29T13:48:02.517424Z,2026-03-29T15:48:02.517424Z,7622.91548,7,0.069505,44.60110783396946,2.0440028388928275,-1.081,16.551724137931036,44.60110783396946,61.50968340178674,0,0,0,0,,
FORM,2026-03-29T13:48:09.868Z,2026-03-29T13:48:09.868899Z,2026-03-29T15:48:09.868899Z,7615.564005,7,0.2484,24.15458937198137,3.7735849056603854,-1.268,11.03448275862069,24.15458937198137,63.17395991671299,0,0,0,0,,
FUN,2026-03-29T13:48:16.638Z,2026-03-29T13:48:16.638667Z,2026-03-29T15:48:16.638667Z,7608.794237,7,0.001264,63.291139240506155,7.4074074074074,-1.932,13.793103448275861,63.291139240506155,49.1465222444861,0,0,0,0,,
GMT,2026-03-29T13:48:24.673Z,2026-03-29T13:48:24.673260Z,2026-03-29T15:48:24.673260Z,7600.759644,7,0.00959,20.855057351406867,4.979253112033191,-2.528,10.344827586206897,20.855057351406867,58.83333791280327,4,4,0,0,0.75,False
HIVE,2026-03-29T13:48:31.550Z,2026-03-29T13:48:31.550360Z,2026-03-29T15:48:31.550360Z,7593.882544,7,0.0563,35.523978685612576,4.255319148936169,-3.754,9.655172413793103,35.523978685612576,39.15148658489482,1,0,0,1,-1.0,False
HMSTR,2026-03-29T13:48:37.138Z,2026-03-29T13:48:37.138959Z,2026-03-29T15:48:37.138959Z,7588.293945,7,0.00013125,7.619047619047804,5.279265493496561,-3.257,15.517241379310345,7.619047619047804,58.01494833186492,3,2,0,1,1.0,False
LAYER,2026-03-29T13:48:45.109Z,2026-03-29T13:48:45.110178Z,2026-03-29T15:48:45.110178Z,7580.322726,7,0.07555,66.18133686300469,4.730617608409977,-3.304,3.793103448275862,66.18133686300469,35.54408079231718,0,0,0,0,,
MANTA,2026-03-29T13:48:56.831Z,2026-03-29T13:48:56.832134Z,2026-03-29T15:48:56.832134Z,7568.60077,7,0.060005,8.332638946754676,4.931552036945417,-2.759,16.20689655172414,8.332638946754676,50.6830524441188,5,5,0,0,1.0,False
MASK,2026-03-29T13:49:05.118Z,2026-03-29T13:49:05.118714Z,2026-03-29T15:49:05.118714Z,7560.31419,7,0.3965,25.2206809583859,5.569620253164548,-4.358,4.137931034482759,25.2206809583859,53.83601897418327,7,6,0,1,1.0,False
MITO,2026-03-29T13:49:17.963Z,2026-03-29T13:49:17.963343Z,2026-03-29T15:49:17.963343Z,7547.469561,7,0.034665,37.50180297129617,6.903523974581177,-4.89,7.586206896551724,37.50180297129617,45.49451011482475,1,0,1,0,-1.0,False
NMR,2026-03-29T13:49:25.546Z,2026-03-29T13:49:25.546978Z,2026-03-29T15:49:25.546978Z,7539.885926,7,6.4350000000000005,15.540015540016586,4.341085271317833,-3.731,5.172413793103448,15.540015540016586,52.87274099334971,3,1,2,0,1.0,False
OSMO,2026-03-29T13:49:37.130Z,2026-03-29T13:49:37.130357Z,2026-03-29T15:49:37.130357Z,7528.302547,7,0.0294,68.02721088435334,3.767123287671234,-3.311,7.241379310344827,68.02721088435334,46.798376820247114,7,5,2,0,0.4286,False
QTUM,2026-03-29T13:49:44.789Z,2026-03-29T13:49:44.789726Z,2026-03-29T15:49:44.789726Z,7520.643178,7,0.8025,37.38317757009349,5.223880597014916,-3.365,4.482758620689655,37.38317757009349,43.89025359493043,0,0,0,0,,
RARE,2026-03-29T13:49:51.598Z,2026-03-29T13:49:51.598563Z,2026-03-29T15:49:51.598563Z,7513.834341,7,0.01385,72.20216606498151,3.5971223021582768,-2.113,13.448275862068966,72.20216606498151,42.60901310510842,0,0,0,0,,
RPL,2026-03-29T13:49:58.774Z,2026-03-29T13:49:58.774342Z,2026-03-29T15:49:58.774342Z,7506.658562,7,1.565,63.89776357827482,3.184713375796181,-0.633,16.896551724137932,63.89776357827482,57.996941880597774,3,2,0,1,0.3333,False
SKL,2026-03-29T13:50:06.266Z,2026-03-29T13:50:06.266318Z,2026-03-29T15:50:06.266318Z,7499.166586,7,0.00571,35.0262697022768,4.9122807017543835,-1.724,5.517241379310345,35.0262697022768,41.72939792657541,6,6,0,0,1.0,False
SOPH,2026-03-29T13:50:11.827Z,2026-03-29T13:50:11.827691Z,2026-03-29T15:50:11.827691Z,7493.605213,7,0.008055,12.414649286157161,3.000000000000008,-2.081,5.862068965517241,12.414649286157161,60.6442489338803,0,0,0,0,,
SUSHI,2026-03-29T13:50:19.293Z,2026-03-29T13:50:19.293656Z,2026-03-29T15:50:19.293656Z,7486.139248,7,0.1881,21.265284423178294,3.0432461292044906,-2.549,6.206896551724138,21.265284423178294,48.56939482703106,7,5,2,0,1.0,False
TLM,2026-03-29T13:50:26.495Z,2026-03-29T13:50:26.495715Z,2026-03-29T15:50:26.495715Z,7478.937189,7,0.0016055,18.685767673621704,2.3471278567016576,-1.461,6.896551724137931,18.685767673621704,57.45150965100511,0,0,0,0,,
TNSR,2026-03-29T13:50:34.697Z,2026-03-29T13:50:34.697616Z,2026-03-29T15:50:34.697616Z,7470.735288,7,0.03765,26.560424966798383,3.7037037037036993,-3.571,15.172413793103448,26.560424966798383,52.842552203296094,3,2,0,1,1.0,False
UMA,2026-03-29T13:50:41.507Z,2026-03-29T13:50:41.507658Z,2026-03-29T15:50:41.507658Z,7463.925246,7,0.393,50.89058524173033,5.912596401028269,-2.015,9.310344827586206,50.89058524173033,41.265446893389694,1,1,0,0,-1.0,False
VANRY,2026-03-29T13:50:47.364Z,2026-03-29T13:50:47.364725Z,2026-03-29T15:50:47.364725Z,7458.068179,7,0.0050609999999999995,3.9517881841521407,5.3990610328638535,-2.387,14.482758620689655,3.9517881841521407,49.17702936427225,66,13,48,5,-0.1061,False
VELODROME,2026-03-29T13:50:55.364Z,2026-03-29T13:50:55.364505Z,2026-03-29T15:50:55.364505Z,7450.068399,7,0.0139,28.776978417266267,3.075822603719611,-0.851,12.068965517241379,28.776978417266267,31.088602974050517,0,0,0,0,,
WCT,2026-03-29T13:51:02.135Z,2026-03-29T13:51:02.136186Z,2026-03-29T15:51:02.136186Z,7443.296718,7,0.0543,36.83241252302003,5.147058823529419,-4.895,11.724137931034482,36.83241252302003,52.50585435246942,0,0,0,0,,
XAI,2026-03-29T13:51:10.269Z,2026-03-29T13:51:10.270068Z,2026-03-29T15:51:10.270068Z,7435.162836,7,0.00896,66.96428571428493,4.444444444444437,-1.961,7.931034482758621,66.96428571428493,40.47354065666297,3,2,1,0,0.0,False
BFUSD,2026-03-29T13:57:07.106Z,2026-03-29T13:57:07.106524Z,2026-03-29T15:57:07.106524Z,7678.435996,7,0.99935,3.001951268325191,0.08006405124099508,-0.01,2.7586206896551726,3.001951268325191,55.96295574161135,0,0,0,0,,
BLUR,2026-03-29T13:57:15.080Z,2026-03-29T13:57:15.081161Z,2026-03-29T15:57:15.081161Z,7670.461359,7,0.01691,23.654642223537454,5.493207324276433,-4.994,2.0689655172413794,23.654642223537454,33.42362962968086,4,4,0,0,1.0,False
CHZ,2026-03-29T13:57:28.480Z,2026-03-29T13:57:28.480265Z,2026-03-29T15:57:28.480265Z,7657.062255,7,0.03971,10.073029463610771,8.913434369380942,1.064,92.41379310344827,10.073029463610771,54.66882202634284,11,8,2,1,0.8182,False
COMP,2026-03-29T13:57:35.802Z,2026-03-29T13:57:35.802742Z,2026-03-29T15:57:35.802742Z,7649.739778,7,17.96,11.135857461024262,4.376731301939072,-3.009,3.4482758620689653,11.135857461024262,38.814355578805966,60,26,34,0,0.2667,False
DOGE,2026-03-29T13:57:40.819Z,2026-03-29T13:57:40.819625Z,2026-03-29T15:57:40.819625Z,7644.722895,7,0.09007499999999999,1.1101859561472245,5.628040689960192,-1.299,96.89655172413794,1.1101859561472245,41.04970368780875,47,19,23,5,0.8298,False
ENA,2026-03-29T13:57:46.735Z,2026-03-29T13:57:46.735400Z,2026-03-29T15:57:46.735400Z,7638.80712,7,0.0901,22.19755826859109,5.622932745314215,0.221,94.13793103448276,22.19755826859109,53.92332774042842,10,6,3,1,0.8,False
ETH,2026-03-29T13:57:52.180Z,2026-03-29T13:57:52.180782Z,2026-03-29T15:57:52.180782Z,7633.361738,7,1991.3449999999998,0.05021731543248863,3.209405144694539,-0.72,99.65517241379311,0.05021731543248863,52.18130734260167,41,16,22,3,0.561,False
EUR,2026-03-29T13:57:56.263Z,2026-03-29T13:57:56.263453Z,2026-03-29T15:57:56.263453Z,7629.279067,7,1.14995,0.8696030262184354,0.1478003825421503,0.017,97.93103448275862,0.8696030262184354,67.38467635794855,2,1,1,0,0.0,False
F,2026-03-29T13:58:01.723Z,2026-03-29T13:58:01.723834Z,2026-03-29T15:58:01.723834Z,7623.818686,7,0.004975,60.301507537687726,2.999999999999999,-2.913,1.0344827586206897,60.301507537687726,46.44372717753544,0,0,0,0,,
FDUSD,2026-03-29T13:58:06.095Z,2026-03-29T13:58:06.095674Z,2026-03-29T15:58:06.095674Z,7619.446846,7,0.9988,2.0024028834599314,0.030033036339970662,-0.01,93.10344827586206,2.0024028834599314,53.394123012923686,0,0,0,0,,
FET,2026-03-29T13:58:11.538Z,2026-03-29T13:58:11.539113Z,2026-03-29T15:58:11.539113Z,7614.003407,7,0.23375,4.2780748663108765,9.067796610169506,-4.723,96.55172413793103,4.2780748663108765,41.11587900587512,15,10,3,2,0.6,False
HBAR,2026-03-29T13:58:17.102Z,2026-03-29T13:58:17.102575Z,2026-03-29T15:58:17.102575Z,7608.439945,7,0.08874499999999999,1.1268240464247141,3.432417274256863,-1.339,93.44827586206897,1.1268240464247141,42.039957223416806,16,13,2,1,0.4375,False
HEI,2026-03-29T13:58:24.921Z,2026-03-29T13:58:24.921618Z,2026-03-29T15:58:24.921618Z,7600.620902,7,0.07145,41.9874037788656,4.85436893203884,-3.351,1.7241379310344827,41.9874037788656,31.158921320407163,0,0,0,0,,
LINK,2026-03-29T13:58:30.192Z,2026-03-29T13:58:30.193294Z,2026-03-29T15:58:30.193294Z,7595.349226,7,8.415,11.883541295305749,3.909952606635072,-1.287,95.86206896551724,11.883541295305749,50.52883739342487,17,9,5,3,0.8824,False
LSK,2026-03-29T13:58:37.136Z,2026-03-29T13:58:37.136869Z,2026-03-29T15:58:37.136869Z,7588.405651,7,0.1195,83.68200836820091,1.6528925619834725,-1.626,0.6896551724137931,83.68200836820091,34.08138289015318,0,0,0,0,,
LTC,2026-03-29T13:58:42.497Z,2026-03-29T13:58:42.497547Z,2026-03-29T15:58:42.497547Z,7583.044973,7,53.405,1.8724838498264227,2.547889157522777,-1.158,91.72413793103448,1.8724838498264227,47.24987849125026,9,4,3,2,0.6667,False
MAV,2026-03-29T13:58:49.780Z,2026-03-29T13:58:49.780822Z,2026-03-29T15:58:49.780822Z,7575.761698,7,0.012504999999999999,39.98400639744079,6.1452513966480575,-3.094,2.413793103448276,39.98400639744079,35.332810109234366,0,0,0,0,,
PUNDIX,2026-03-29T13:59:10.891Z,2026-03-29T13:59:10.891348Z,2026-03-29T15:59:10.891348Z,7554.651172,7,0.1382,57.8871201157739,2.5936599423631064,-2.528,0.3448275862068966,57.8871201157739,39.40906939564372,0,0,0,0,,
RENDER,2026-03-29T13:59:16.639Z,2026-03-29T13:59:16.639360Z,2026-03-29T15:59:16.639360Z,7548.90316,7,1.6615,6.018657839301173,5.871779508687842,-2.283,91.03448275862068,6.018657839301173,45.56871190780451,3,1,1,1,0.3333,False
SOL,2026-03-29T13:59:21.885Z,2026-03-29T13:59:21.885698Z,2026-03-29T15:59:21.885698Z,7543.656822,7,81.705,1.2239153050597769,3.1840917408808096,-1.265,98.96551724137932,1.2239153050597769,45.62561977087966,24,16,4,4,0.9167,False
STO,2026-03-29T13:59:27.884Z,2026-03-29T13:59:27.884909Z,2026-03-29T15:59:27.884909Z,7537.657611,7,0.15105000000000002,6.620324395896506,37.271004421983584,41.339,90.34482758620689,6.620324395896506,72.1591969527704,8,4,3,1,0.125,False
SUI,2026-03-29T13:59:32.889Z,2026-03-29T13:59:32.889209Z,2026-03-29T15:59:32.889209Z,7532.653311,7,0.84295,1.1863099827983747,7.530936947554516,-4.394,98.62068965517241,1.1863099827983747,50.573992518255125,11,5,5,1,0.0909,False
TAO,2026-03-29T13:59:45.064Z,2026-03-29T13:59:45.065304Z,2026-03-29T15:59:45.065304Z,7520.477216,7,314.95,3.1751071598673675,4.109159347553332,-0.994,97.58620689655173,3.1751071598673675,54.749536944501955,40,20,17,3,0.55,False
TRX,2026-03-29T13:59:50.260Z,2026-03-29T13:59:50.260905Z,2026-03-29T15:59:50.260905Z,7515.281615,7,0.31785,3.1461381154629224,1.6959798994974924,1.079,93.79310344827586,3.1461381154629224,53.20834472089192,15,7,8,0,0.8667,False
USD1,2026-03-29T13:59:55.652Z,2026-03-29T13:59:55.652779Z,2026-03-29T15:59:55.652779Z,7509.889741,7,0.99965,1.0003501225427798,0.030012004801917458,-0.02,99.3103448275862,1.0003501225427798,68.95639569201401,5,1,3,1,0.4,True
WLD,2026-03-29T14:00:00.788Z,2026-03-29T14:00:00.789017Z,2026-03-29T16:00:00.789017Z,7504.753503,7,0.27355,3.655638822883896,4.281009879253563,1.072,94.48275862068965,3.655638822883896,53.72478990662894,16,6,7,3,0.0625,False
XLM,2026-03-29T14:00:13.004Z,2026-03-29T14:00:13.004968Z,2026-03-29T16:00:13.004968Z,7492.537552,7,0.16515000000000002,6.055101422949848,3.5499398315282726,-0.598,90.6896551724138,6.055101422949848,59.03892806277703,65,12,52,1,0.7692,False
XRP,2026-03-29T14:00:19.069Z,2026-03-29T14:00:19.069898Z,2026-03-29T16:00:19.069898Z,7486.472622,7,1.32395,0.7553155330638542,2.3804143126176913,-1.132,98.27586206896552,0.7553155330638542,48.57160761840256,37,14,15,8,0.5946,False
ZEC,2026-03-29T14:00:25.723Z,2026-03-29T14:00:25.723684Z,2026-03-29T16:00:25.723684Z,7479.818836,7,214.10000000000002,1.8682858477343314,5.458871833154475,-2.847,91.37931034482759,1.8682858477343314,56.576748681373665,18,9,7,2,0.3333,False
APT,2026-03-29T14:06:06.746Z,2026-03-29T14:06:06.746622Z,2026-03-29T16:06:06.746622Z,7738.300814,7,0.9165000000000001,10.911074740861983,5.428881650380014,-3.56,88.27586206896552,10.911074740861983,46.140356432849266,12,7,5,0,0.6667,False
DOT,2026-03-29T14:06:11.842Z,2026-03-29T14:06:11.842382Z,2026-03-29T16:06:11.842382Z,7733.205054,7,1.2555,7.9649542015142325,4.513064133016623,-2.245,86.89655172413794,7.9649542015142325,52.67260550559611,19,10,7,2,0.8947,False
NEAR,2026-03-29T14:06:23.057Z,2026-03-29T14:06:23.057971Z,2026-03-29T16:06:23.057971Z,7721.989465,7,1.1555,8.65426222414444,3.3649698015530563,-0.94,88.96551724137932,8.65426222414444,47.04602959849611,14,5,7,2,0.5714,False
ALGO,2026-03-29T14:12:31.032Z,2026-03-29T14:12:31.032185Z,2026-03-29T16:12:31.032185Z,7354.015251,7,0.08095,12.3533045089565,3.078817733990151,-1.456,78.27586206896552,12.3533045089565,61.73757719688027,6,3,3,0,1.0,False
ARB,2026-03-29T14:12:37.365Z,2026-03-29T14:12:37.365848Z,2026-03-29T16:12:37.365848Z,7347.681588,7,0.08865,11.28031584884409,4.847801578354001,-2.527,81.03448275862068,11.28031584884409,46.587392414494914,22,15,6,1,0.8182,False
ASTER,2026-03-29T14:12:42.392Z,2026-03-29T14:12:42.393076Z,2026-03-29T16:12:42.393076Z,7342.65436,7,0.6595,15.163002274450356,2.124430955993932,-0.603,84.13793103448276,15.163002274450356,69.09922735897025,53,6,44,3,0.5094,False
C,2026-03-29T14:13:00.371Z,2026-03-29T14:13:00.371207Z,2026-03-29T16:13:00.371207Z,7324.676229,7,0.07880000000000001,50.76142131979664,14.359637774902975,-5.501,75.86206896551724,50.76142131979664,46.75566846774592,0,0,0,0,,
CRV,2026-03-29T14:13:16.971Z,2026-03-29T14:13:16.971284Z,2026-03-29T16:13:16.971284Z,7308.076152,7,0.20729999999999998,9.647853352629317,5.374280230326289,-2.662,78.96551724137932,9.647853352629317,53.54003295844442,3,1,1,1,0.3333,False
DYDX,2026-03-29T14:13:21.824Z,2026-03-29T14:13:21.824930Z,2026-03-29T16:13:21.824930Z,7303.222506,7,0.09115000000000001,10.970927043335475,8.259911894273134,-4.722,79.3103448275862,10.970927043335475,50.874253232522975,4,4,0,0,1.0,False
FIL,2026-03-29T14:13:35.318Z,2026-03-29T14:13:35.318242Z,2026-03-29T16:13:35.318242Z,7289.729194,7,0.8015000000000001,12.476606363069253,6.102117061021161,-3.253,84.48275862068965,12.476606363069253,57.25057222778594,15,6,8,1,1.0,False
GUN,2026-03-29T14:13:40.247Z,2026-03-29T14:13:40.247748Z,2026-03-29T16:13:40.247748Z,7284.799688,7,0.01626,12.300123001229512,12.858851674641164,0.12,79.65517241379311,12.300123001229512,70.45377097038609,0,0,0,0,,
HUMA,2026-03-29T14:13:49.749Z,2026-03-29T14:13:49.749444Z,2026-03-29T16:13:49.749444Z,7275.297992,7,0.015045,19.940179461615497,18.043025676613464,-0.552,80.34482758620689,19.940179461615497,60.10718688938828,1,1,0,0,1.0,False
ICP,2026-03-29T14:13:55.586Z,2026-03-29T14:13:55.587040Z,2026-03-29T16:13:55.587040Z,7269.460396,7,2.2215,4.501462975466532,4.273504273504263,-2.07,83.10344827586206,4.501462975466532,53.890920954369626,19,14,5,0,0.8421,False
INJ,2026-03-29T14:14:00.527Z,2026-03-29T14:14:00.527805Z,2026-03-29T16:14:00.527805Z,7264.519631,7,2.795,7.155635062611019,5.105319528739728,-2.472,77.58620689655173,7.155635062611019,48.801505021628024,21,13,6,2,0.7619,False
KITE,2026-03-29T14:14:06.426Z,2026-03-29T14:14:06.426532Z,2026-03-29T16:14:06.426532Z,7258.620904,7,0.1612,12.406947890819215,12.29404309252218,-9.983,84.82758620689656,12.406947890819215,53.142475160186166,0,0,0,0,,
LDO,2026-03-29T14:14:15.683Z,2026-03-29T14:14:15.683176Z,2026-03-29T16:14:15.683176Z,7249.36426,7,0.3032,13.192612137203543,4.943968358602509,-0.882,76.20689655172414,13.192612137203543,40.1780477465379,7,5,1,1,1.0,False
ONDO,2026-03-29T14:14:20.723Z,2026-03-29T14:14:20.723523Z,2026-03-29T16:14:20.723523Z,7244.323913,7,0.2619,7.636502481864584,6.05601816805451,-2.365,82.41379310344827,7.636502481864584,55.988924127021804,11,7,3,1,1.0,False
PENDLE,2026-03-29T14:14:34.824Z,2026-03-29T14:14:34.824819Z,2026-03-29T16:14:34.824819Z,7230.222617,7,1.1165,8.956560680697624,6.0714285714285765,-3.945,73.10344827586206,8.956560680697624,62.53123748338566,5,2,3,0,1.0,False
PENGU,2026-03-29T14:14:39.714Z,2026-03-29T14:14:39.714397Z,2026-03-29T16:14:39.714397Z,7225.333039,7,0.0062535,4.797313504438152,6.818543890393494,-3.845,83.79310344827586,4.797313504438152,56.729155339592594,7,4,2,1,0.2857,False
PROVE,2026-03-29T14:14:45.348Z,2026-03-29T14:14:45.348705Z,2026-03-29T16:14:45.348705Z,7219.698731,7,0.22985,13.051990428541329,13.124171453822361,-10.518,72.75862068965517,13.051990428541329,48.94410620496928,0,0,0,0,,
PUMP,2026-03-29T14:14:50.589Z,2026-03-29T14:14:50.590159Z,2026-03-29T16:14:50.590159Z,7214.457277,7,0.0017115,5.842827928717008,4.574780058651023,-2.011,77.93103448275862,5.842827928717008,57.71670194935594,20,18,0,2,0.3,False
RESOLV,2026-03-29T14:14:56.088Z,2026-03-29T14:14:56.088200Z,2026-03-29T16:14:56.088200Z,7208.959236,7,0.03765,26.560424966798383,10.106382978723397,-6.468,80.6896551724138,26.560424966798383,58.96596580131704,0,0,0,0,,
RUNE,2026-03-29T14:15:07.353Z,2026-03-29T14:15:07.353728Z,2026-03-29T16:15:07.353728Z,7797.881707,7,0.3955,25.284450063211146,1.763224181360203,0.0,80.0,25.284450063211146,57.485962070887744,7,6,1,0,0.5714,False
SEI,2026-03-29T14:15:12.029Z,2026-03-29T14:15:12.029930Z,2026-03-29T16:15:12.029930Z,7793.205505,7,0.05335,18.744142455483196,3.9179104477612023,-2.368,76.55172413793103,18.744142455483196,61.44074808731667,8,6,2,0,0.75,False
SHIB,2026-03-29T14:15:17.296Z,2026-03-29T14:15:17.296936Z,2026-03-29T16:15:17.296936Z,7787.938499,7,5.755e-06,17.376194613379504,3.979238754325266,-0.858,82.06896551724138,17.376194613379504,61.3380412366744,63,16,43,4,0.6032,False
SYRUP,2026-03-29T14:15:21.943Z,2026-03-29T14:15:21.943342Z,2026-03-29T16:15:21.943342Z,7783.292093,7,0.2039,9.808729769493771,4.424778761061951,0.544,74.82758620689656,9.808729769493771,62.29558652412105,2,0,2,0,-1.0,False
TWT,2026-03-29T14:15:27.097Z,2026-03-29T14:15:27.097870Z,2026-03-29T16:15:27.097870Z,7778.137565,7,0.43535,25.267026530377624,4.562127464465848,-1.602,75.17241379310344,25.267026530377624,59.920373493556106,11,4,5,2,0.6364,False
UNI,2026-03-29T14:15:31.797Z,2026-03-29T14:15:31.797916Z,2026-03-29T16:15:31.797916Z,7773.437519,7,3.3689999999999998,5.936479667557803,3.241153731787094,-0.738,77.24137931034483,5.936479667557803,45.34726568862664,21,13,6,2,0.5714,False
0G,2026-03-29T14:21:17.346Z,2026-03-29T14:21:17.346994Z,2026-03-29T16:21:17.346994Z,7427.888441,7,0.4695,21.299254526091605,7.249466950959484,-3.498,72.41379310344827,21.299254526091605,57.5350032360289,11,6,5,0,0.6364,False
A2Z,2026-03-29T14:21:22.077Z,2026-03-29T14:21:22.077313Z,2026-03-29T16:21:22.077313Z,7423.158122,7,0.00022600000000000002,176.99115044247856,26.222222222222236,1.81,66.55172413793103,176.99115044247856,42.30883131041137,11,2,9,0,0.0,True
AR,2026-03-29T14:21:29.259Z,2026-03-29T14:21:29.259551Z,2026-03-29T16:21:29.259551Z,7415.975884,7,1.685,59.34718100890213,4.1666666666666705,-1.754,60.689655172413794,59.34718100890213,57.68151818427812,0,0,0,0,,
ARKM,2026-03-29T14:21:36.215Z,2026-03-29T14:21:36.215796Z,2026-03-29T16:21:36.215796Z,7409.019639,7,0.0955,104.71204188481684,5.263157894736847,-1.042,61.724137931034484,104.71204188481684,55.255185522767086,12,5,5,2,0.5833,False
ATOM,2026-03-29T14:21:40.997Z,2026-03-29T14:21:40.997720Z,2026-03-29T16:21:40.997720Z,7404.237715,7,1.6475,6.069802731410562,3.7735849056603805,-1.91,69.3103448275862,6.069802731410562,56.37648000450064,12,4,7,1,1.0,False
BERA,2026-03-29T14:21:53.196Z,2026-03-29T14:21:53.196472Z,2026-03-29T16:21:53.196472Z,7392.038963,7,0.4475,22.34636871508382,5.630630630630636,-3.268,61.03448275862069,22.34636871508382,62.512535435620485,1,1,0,0,1.0,False
BIO,2026-03-29T14:22:00.399Z,2026-03-29T14:22:00.400099Z,2026-03-29T16:22:00.400099Z,7384.835336,7,0.016050000000000002,62.30529595015538,5.624999999999988,-1.84,66.89655172413794,62.30529595015538,55.65358066869966,0,0,0,0,,
CAKE,2026-03-29T14:22:07.336Z,2026-03-29T14:22:07.336903Z,2026-03-29T16:22:07.336903Z,7377.898532,7,1.3655,7.323324789455232,2.342606149341144,-0.943,64.82758620689656,7.323324789455232,59.96477855485389,21,9,10,2,0.8095,False
CETUS,2026-03-29T14:22:12.035Z,2026-03-29T14:22:12.035269Z,2026-03-29T16:22:12.035269Z,7373.200166,7,0.025715000000000002,11.666342601593925,9.230207953301706,7.364,71.03448275862068,11.666342601593925,69.11756154140244,7,5,2,0,1.0,False
DASH,2026-03-29T14:22:17.427Z,2026-03-29T14:22:17.427932Z,2026-03-29T16:22:17.427932Z,7367.807503,7,31.759999999999998,12.594458438288006,3.9506953223767383,-1.218,67.58620689655173,12.594458438288006,58.405500583203946,5,4,0,1,0.8,False
EGLD,2026-03-29T14:22:24.423Z,2026-03-29T14:22:24.423256Z,2026-03-29T16:22:24.423256Z,7360.812179,7,3.7350000000000003,26.773761713521363,4.266666666666671,-2.597,63.10344827586207,26.773761713521363,60.75617824798076,15,8,5,2,0.8667,False
ENSO,2026-03-29T14:22:29.197Z,2026-03-29T14:22:29.197889Z,2026-03-29T16:22:29.197889Z,7356.037546,7,1.0375,9.638554216868549,6.498545101842888,-4.537,70.6896551724138,9.638554216868549,61.87625111497885,0,0,0,0,,
ETHFI,2026-03-29T14:22:42.842Z,2026-03-29T14:22:42.842579Z,2026-03-29T16:22:42.842579Z,7342.392856,7,0.4585,21.810250817884423,4.157549234135659,-1.509,62.41379310344828,21.810250817884423,65.63214207931367,6,5,1,0,1.0,False
GALA,2026-03-29T14:22:48.493Z,2026-03-29T14:22:48.493903Z,2026-03-29T16:22:48.493903Z,7336.741532,7,0.0027949999999999997,35.77817531305913,7.142857142857147,-5.085,65.17241379310344,35.77817531305913,59.74506814209815,8,8,0,0,1.0,False
IDEX,2026-03-29T14:22:59.194Z,2026-03-29T14:22:59.194680Z,2026-03-29T16:22:59.194680Z,7326.040755,7,0.0032300000000000002,61.919504643961666,41.61490683229812,-0.31,59.6551724137931,61.919504643961666,58.152944789908894,3,2,1,0,0.0,False
MMT,2026-03-29T14:23:16.179Z,2026-03-29T14:23:16.179867Z,2026-03-29T16:23:16.179867Z,7309.055568,7,0.10594999999999999,9.438414346390077,4.150943396226416,-0.842,61.37931034482759,9.438414346390077,65.63805031567168,1,0,1,0,1.0,False
PARTI,2026-03-29T14:23:20.842Z,2026-03-29T14:23:20.842864Z,2026-03-29T16:23:20.842864Z,7304.392571,7,0.08779999999999999,45.558086560364195,13.265306122448983,-3.077,68.96551724137932,45.558086560364195,45.99759864200071,2,1,1,0,1.0,False
PIXEL,2026-03-29T14:23:26.106Z,2026-03-29T14:23:26.106395Z,2026-03-29T16:23:26.106395Z,7299.12904,7,0.007775,12.86173633440462,11.308767471410409,-5.409,69.65517241379311,12.86173633440462,60.528354162416775,61,24,35,2,0.5574,False
POL,2026-03-29T14:23:34.879Z,2026-03-29T14:23:34.879306Z,2026-03-29T16:23:34.879306Z,7290.356129,7,0.09195,10.875475802066651,2.7085590465872182,0.217,67.24137931034483,10.875475802066651,63.68135645357226,19,10,8,1,1.0,False
SOMI,2026-03-29T14:24:00.787Z,2026-03-29T14:24:00.787309Z,2026-03-29T16:24:00.787309Z,7264.448126,7,0.14989999999999998,13.342228152101786,7.214428857715434,-4.589,62.06896551724138,13.342228152101786,47.523023627747186,6,0,5,1,0.6667,False
SSV,2026-03-29T14:24:08.455Z,2026-03-29T14:24:08.456018Z,2026-03-29T16:24:08.456018Z,7256.779417,7,2.225,26.966292134832482,3.1682284694332963,0.268,64.48275862068965,26.966292134832482,48.54754487876941,7,5,1,1,1.0,False
STEEM,2026-03-29T14:24:15.628Z,2026-03-29T14:24:15.628623Z,2026-03-29T16:24:15.628623Z,7249.606812,7,0.058155,32.67130943169163,16.631944444444454,-0.017,68.62068965517241,32.67130943169163,63.12366362583064,0,0,0,0,,
STRK,2026-03-29T14:24:22.168Z,2026-03-29T14:24:22.168223Z,2026-03-29T16:24:22.168223Z,7243.067212,7,0.03375,29.629629629628422,4.424778761061951,-2.023,65.51724137931035,29.629629629628422,63.07662594010563,21,6,13,2,0.8095,False
THE,2026-03-29T14:24:27.914Z,2026-03-29T14:24:27.914424Z,2026-03-29T16:24:27.914424Z,7237.321011,7,0.1009,19.821605550050123,8.483033932135722,-7.05,70.34482758620689,19.821605550050123,56.57334483911907,20,5,11,4,0.8,False
TIA,2026-03-29T14:24:38.331Z,2026-03-29T14:24:38.331706Z,2026-03-29T16:24:38.331706Z,7226.903729,7,0.2927,6.8329347454724285,4.931506849315077,-2.472,63.44827586206897,6.8329347454724285,55.497938197291646,9,5,3,1,1.0,False
TON,2026-03-29T14:24:43.099Z,2026-03-29T14:24:43.100233Z,2026-03-29T16:24:43.100233Z,7222.135202,7,1.2205,8.193363375666628,2.4193548387096793,-0.721,71.37931034482759,8.193363375666628,55.6431609011589,9,9,0,0,1.0,False
USDE,2026-03-29T14:24:48.638Z,2026-03-29T14:24:48.639130Z,2026-03-29T16:24:48.639130Z,7216.596305,7,0.99925,1.0007505629220814,0.0300240192153801,-0.01,70.0,1.0007505629220814,42.91042598900186,8,5,3,0,1.0,False
XTZ,2026-03-29T14:24:56.285Z,2026-03-29T14:24:56.285361Z,2026-03-29T16:24:56.285361Z,7208.950074,7,0.34195,14.622020763269498,5.552325581395335,-3.235,60.3448275862069,14.622020763269498,63.58249284078423,16,9,6,1,0.375,False
ZRO,2026-03-29T14:25:01.269Z,2026-03-29T14:25:01.269968Z,2026-03-29T16:25:01.269968Z,7203.965467,7,1.9925000000000002,5.018820577164927,4.273504273504272,-2.786,68.27586206896552,5.018820577164927,54.26427503734975,8,5,3,0,0.75,False
2Z,2026-03-29T14:25:35.239Z,2026-03-29T14:25:35.239499Z,2026-03-29T16:25:35.239499Z,7770.902008,7,0.06734000000000001,5.940005940005697,6.562500000000017,-4.613,48.62068965517241,5.940005940005697,55.63370478180789,5,0,5,0,1.0,True
AIXBT,2026-03-29T14:25:39.898Z,2026-03-29T14:25:39.899009Z,2026-03-29T16:25:39.899009Z,7766.242498,7,0.02305,43.38394793926221,8.154506437768235,-1.271,45.86206896551724,43.38394793926221,59.600399810757,4,4,0,0,1.0,False
ALLO,2026-03-29T14:25:44.941Z,2026-03-29T14:25:44.942150Z,2026-03-29T16:25:44.942150Z,7761.199357,7,0.10389999999999999,19.249278152068513,4.042348411934548,-2.806,50.0,19.249278152068513,41.20205459428552,62,3,57,2,-0.4516,False
APE,2026-03-29T14:25:49.606Z,2026-03-29T14:25:49.606494Z,2026-03-29T16:25:49.606494Z,7756.535013,7,0.08505,11.757789535566019,4.215456674473058,-1.157,58.62068965517241,11.757789535566019,57.31817318213418,41,35,4,2,0.8049,False
AXS,2026-03-29T14:25:54.729Z,2026-03-29T14:25:54.729551Z,2026-03-29T16:25:54.729551Z,7751.411956,7,1.1230000000000002,17.80943900267143,5.1464063886424185,-2.593,48.275862068965516,17.80943900267143,64.3930624915989,4,2,2,0,0.5,False
COTI,2026-03-29T14:26:06.738Z,2026-03-29T14:26:06.738312Z,2026-03-29T16:26:06.738312Z,7739.403195,7,0.01239,32.28410008070893,4.437400950871631,0.96,56.206896551724135,32.28410008070893,64.2073623583803,4,1,2,1,1.0,False
DOLO,2026-03-29T14:26:13.210Z,2026-03-29T14:26:13.210556Z,2026-03-29T16:26:13.210556Z,7732.930951,7,0.03007,59.8603259062187,5.993904503894347,-4.03,45.172413793103445,59.8603259062187,55.86099701870121,0,0,0,0,,
EPIC,2026-03-29T14:26:18.887Z,2026-03-29T14:26:18.887948Z,2026-03-29T16:26:18.887948Z,7727.253559,7,0.2395,41.753653444676445,6.666666666666673,-4.0,52.41379310344828,41.753653444676445,55.674563059927266,2,1,1,0,0.0,False
EURI,2026-03-29T14:26:29.154Z,2026-03-29T14:26:29.154425Z,2026-03-29T16:26:29.154425Z,7716.987082,7,1.14975,0.8697542944117328,0.34779584383966644,0.009,54.827586206896555,0.8697542944117328,74.65971867425044,0,0,0,0,,
HYPER,2026-03-29T14:26:40.065Z,2026-03-29T14:26:40.065649Z,2026-03-29T16:26:40.065649Z,7706.075858,7,0.07880000000000001,25.38071065989744,5.597964376590332,-3.321,54.48275862068966,25.38071065989744,58.09602695861717,0,0,0,0,,
LINEA,2026-03-29T14:26:55.382Z,2026-03-29T14:26:55.382167Z,2026-03-29T16:26:55.382167Z,7690.75934,7,0.002895,34.54231433505904,5.517241379310345,-4.29,57.58620689655172,34.54231433505904,53.97948070960157,0,0,0,0,,
MORPHO,2026-03-29T14:27:07.236Z,2026-03-29T14:27:07.236952Z,2026-03-29T16:27:07.236952Z,7678.904555,7,1.4820000000000002,13.4952766531714,4.312668463611849,-2.368,51.03448275862069,13.4952766531714,63.61441644054895,5,3,2,0,1.0,False
NEIRO,2026-03-29T14:27:14.668Z,2026-03-29T14:27:14.669120Z,2026-03-29T16:27:14.669120Z,7671.472387,7,5.4515e-05,16.509217646519456,5.503748400073139,-2.946,49.6551724137931,16.509217646519456,38.35258236875108,6,4,0,2,1.0,False
SHELL,2026-03-29T14:28:17.803Z,2026-03-29T14:28:17.804151Z,2026-03-29T16:28:17.804151Z,7608.337356,7,0.02695,37.10575139146545,4.511278195488721,-2.564,49.310344827586206,37.10575139146545,55.424999574126225,0,0,0,0,,
SPK,2026-03-29T14:28:22.586Z,2026-03-29T14:28:22.587040Z,2026-03-29T16:28:22.587040Z,7603.554467,7,0.0200135,6.495615459564355,2.3486586217213485,-1.226,46.89655172413793,6.495615459564355,48.200916799548885,64,19,43,2,0.2031,False
VANA,2026-03-29T14:28:42.682Z,2026-03-29T14:28:42.682924Z,2026-03-29T16:28:42.682924Z,7583.458583,7,1.236,32.36245954692559,18.527508090614877,0.081,55.172413793103445,32.36245954692559,66.24638932552598,4,4,0,0,1.0,False
VET,2026-03-29T14:28:49.895Z,2026-03-29T14:28:49.895845Z,2026-03-29T16:28:49.895845Z,7576.245662,7,0.0065775,4.561003420751852,4.9658314350797275,-2.155,56.55172413793103,4.561003420751852,57.87121366263073,12,7,4,1,1.0,False
W,2026-03-29T14:28:56.717Z,2026-03-29T14:28:56.718127Z,2026-03-29T16:28:56.718127Z,7569.42338,7,0.01455,68.72852233676934,4.794520547945201,-3.947,58.275862068965516,68.72852233676934,53.062324871948334,16,7,9,0,0.0625,False
ZEN,2026-03-29T14:29:03.152Z,2026-03-29T14:29:03.152324Z,2026-03-29T16:29:03.152324Z,7562.989183,7,5.116,7.818608287725661,3.899395593682966,-1.422,50.689655172413794,7.818608287725661,58.69314769672337,2,2,0,0,1.0,False
BANANA,2026-03-29T14:34:51.294Z,2026-03-29T14:34:51.294989Z,2026-03-29T16:34:51.294989Z,7214.846518,7,3.2800000000000002,60.975609756097604,3.0674846625766765,-0.61,32.758620689655174,60.975609756097604,63.353056669201486,7,4,2,1,1.0,False
CVX,2026-03-29T14:35:32.295Z,2026-03-29T14:35:32.296042Z,2026-03-29T16:35:32.296042Z,7772.603313,7,1.619,49.41321803582463,5.603985056039855,-2.785,36.89655172413793,49.41321803582463,55.82922667750659,64,15,44,5,0.2188,False
NEWT,2026-03-29T14:37:04.691Z,2026-03-29T14:37:04.691927Z,2026-03-29T16:37:04.691927Z,7680.207428,7,0.06975,43.01075268817328,5.248226950354604,-1.261,43.44827586206897,43.01075268817328,59.0200466123146,0,0,0,0,,
PEOPLE,2026-03-29T14:37:16.760Z,2026-03-29T14:37:16.760823Z,2026-03-29T16:37:16.760823Z,7668.138532,7,0.006235,16.038492381715464,5.891719745222939,-2.333,36.206896551724135,16.038492381715464,62.72546662014743,2,2,0,0,1.0,False
TRB,2026-03-29T14:37:49.280Z,2026-03-29T14:37:49.280927Z,2026-03-29T16:37:49.280927Z,7635.618428,7,14.575,6.861063464836904,4.7195622435020494,-3.179,34.48275862068966,6.861063464836904,56.084796568595706,0,0,0,0,,
XVG,2026-03-29T14:37:55.839Z,2026-03-29T14:37:55.839580Z,2026-03-29T16:37:55.839580Z,7629.059775,7,0.0042655,21.099519399836655,6.280304779496645,-3.862,42.06896551724138,21.099519399836655,57.147796584377595,63,20,31,12,-0.2857,False
ZBT,2026-03-29T14:38:08.801Z,2026-03-29T14:38:08.801928Z,2026-03-29T16:38:08.801928Z,7616.097427,7,0.07285,13.72683596431062,9.103078982597056,7.02,39.6551724137931,13.72683596431062,73.05731370419763,5,4,1,0,1.0,False
ZK,2026-03-29T14:38:17.589Z,2026-03-29T14:38:17.590099Z,2026-03-29T16:38:17.590099Z,7607.309256,7,0.017044999999999998,17.60046934584851,3.918128654970763,-1.724,44.827586206896555,17.60046934584851,51.60279654136301,13,5,6,2,0.5385,False
1MBABYDOGE,2026-03-29T14:38:46.574Z,2026-03-29T14:38:46.575144Z,2026-03-29T16:38:46.575144Z,7578.324211,7,0.00037955,23.71229087076859,3.113553113553104,-0.933,17.586206896551722,23.71229087076859,54.16721474517398,0,0,0,0,,
AUCTION,2026-03-29T14:39:21.619Z,2026-03-29T14:39:21.620142Z,2026-03-29T16:39:21.620142Z,7543.279213,7,4.395,22.753128555177874,2.7334851936218705,-2.009,18.620689655172413,22.753128555177874,57.712369997688945,1,1,0,0,1.0,True
DYM,2026-03-29T14:39:42.726Z,2026-03-29T14:39:42.726458Z,2026-03-29T16:39:42.726458Z,7522.172897,7,0.02485,120.72434607645943,20.080321285140567,-3.861,26.551724137931036,120.72434607645943,38.68220828692019,3,3,0,0,0.3333,False
ERA,2026-03-29T14:39:56.361Z,2026-03-29T14:39:56.361638Z,2026-03-29T16:39:56.361638Z,7508.537717,7,0.12345,8.10044552450408,3.8866396761133593,-1.828,28.275862068965516,8.10044552450408,61.632863356248826,0,0,0,0,,
GPS,2026-03-29T14:40:05.507Z,2026-03-29T14:40:05.508176Z,2026-03-29T16:40:05.508176Z,7499.391179,7,0.007755,12.894906511928383,3.2051282051281973,-1.015,26.20689655172414,12.894906511928383,60.047781930180236,0,0,0,0,,
MET,2026-03-29T14:40:59.312Z,2026-03-29T14:40:59.312566Z,2026-03-29T16:40:59.312566Z,7445.586789,7,0.13390000000000002,29.873039581776226,6.8613138686131325,-5.19,23.103448275862068,29.873039581776226,51.15316860781914,0,0,0,0,,
SXT,2026-03-29T14:41:37.470Z,2026-03-29T14:41:37.470473Z,2026-03-29T16:41:37.470473Z,7407.428882,7,0.01495,66.889632107023,7.947019867549655,-4.43,25.17241379310345,66.889632107023,52.256190228462664,0,0,0,0,,
TST,2026-03-29T14:41:54.845Z,2026-03-29T14:41:54.845996Z,2026-03-29T16:41:54.845996Z,7390.053359,7,0.008175,12.232415902140175,3.757575757575773,0.61,30.344827586206897,12.232415902140175,65.5546968721583,1,0,1,0,1.0,False
WAL,2026-03-29T14:42:10.944Z,2026-03-29T14:42:10.945098Z,2026-03-29T16:42:10.945098Z,7373.954257,7,0.06575,15.209125475285607,9.726443768996965,-7.193,28.96551724137931,15.209125475285607,33.28534049588197,4,1,3,0,0.5,False
1000CAT,2026-03-29T14:47:55.160Z,2026-03-29T14:47:55.160966Z,2026-03-29T16:47:55.160966Z,7630.347975,7,0.001575,63.49206349206366,7.500000000000005,3.226,14.827586206896552,63.49206349206366,60.649582407871705,70,18,45,7,-0.0714,False
BIGTIME,2026-03-29T14:48:22.473Z,2026-03-29T14:48:22.473207Z,2026-03-29T16:48:22.473207Z,7603.035734,7,0.01166,34.30531732418534,4.7863247863247835,-4.098,6.551724137931035,34.30531732418534,42.89300349958744,63,13,38,12,0.2063,False
COW,2026-03-29T14:48:38.622Z,2026-03-29T14:48:38.622548Z,2026-03-29T16:48:38.622548Z,7586.886393,7,0.19725,25.348542458808637,3.2418952618453893,0.3,17.24137931034483,25.348542458808637,65.10136800298609,3,1,1,1,1.0,False
MAGIC,2026-03-29T14:49:32.126Z,2026-03-29T14:49:32.126309Z,2026-03-29T16:49:32.126309Z,7533.382632,7,0.0557,35.90664272890588,4.838709677419357,-4.452,8.96551724137931,35.90664272890588,52.624057102773136,75,22,43,10,0.4667,False
ME,2026-03-29T14:49:51.179Z,2026-03-29T14:49:51.179441Z,2026-03-29T16:49:51.179441Z,7514.3295,7,0.0973,20.554984583762153,3.0769230769230793,-1.714,14.137931034482758,20.554984583762153,41.84004851641937,7,6,1,0,1.0,False
NXPC,2026-03-29T14:50:09.295Z,2026-03-29T14:50:09.295378Z,2026-03-29T16:50:09.295378Z,7496.213563,7,0.2703,22.197558268590065,3.0202578268876756,-2.827,13.10344827586207,22.197558268590065,43.07929897167625,3,1,1,1,0.6667,False
1INCH,2026-03-29T14:57:12.297Z,2026-03-29T14:57:12.297405Z,2026-03-29T16:57:12.297405Z,7672.602231,7,0.08685000000000001,11.514104778353811,2.6467203682393516,-2.25,3.103448275862069,11.514104778353811,48.50436182381879,0,0,0,0,,
ADA,2026-03-29T14:57:18.100Z,2026-03-29T14:57:18.100973Z,2026-03-29T16:57:18.100973Z,7666.798663,7,0.24105,4.148516905207083,5.2609776304888225,-3.013,95.51724137931035,4.148516905207083,43.437394250123596,39,18,15,6,0.4103,False
AVAX,2026-03-29T14:57:25.608Z,2026-03-29T14:57:25.608896Z,2026-03-29T16:57:25.608896Z,7659.29074,7,8.635000000000002,11.580775911985855,4.382929642445223,-1.701,92.06896551724138,11.580775911985855,55.13251048025066,13,5,8,0,0.6923,False
BCH,2026-03-29T14:57:30.645Z,2026-03-29T14:57:30.646132Z,2026-03-29T16:57:30.646132Z,7654.253504,7,451.35,2.2155754957342615,1.3144168579177873,-0.125,95.17241379310344,2.2155754957342615,43.92895056809708,5,4,1,0,0.6,False
BNB,2026-03-29T14:57:46.145Z,2026-03-29T14:57:46.145431Z,2026-03-29T16:57:46.145431Z,7638.754205,7,609.325,0.16411603003308423,1.4923417151281675,-0.521,97.24137931034483,0.16411603003308423,41.761701636836094,30,21,5,4,0.5333,False
BTC,2026-03-29T14:57:51.190Z,2026-03-29T14:57:51.190889Z,2026-03-29T16:57:51.190889Z,7633.708747,7,66448.195,0.001504931773505858,1.529412524370088,-0.089,100.0,0.001504931773505858,56.76263039021187,35,15,14,6,0.6286,False
NOM,2026-03-29T14:59:04.910Z,2026-03-29T14:59:04.910996Z,2026-03-29T16:59:04.910996Z,7559.98864,7,0.0024549999999999997,40.73319755600826,44.89795918367348,-0.407,94.82758620689656,40.73319755600826,60.14266700621396,18,8,5,5,0.4444,False
PEPE,2026-03-29T14:59:10.184Z,2026-03-29T14:59:10.184531Z,2026-03-29T16:59:10.184531Z,7554.715105,7,3.255e-06,30.72196620583818,5.21472392638037,-1.807,96.20689655172414,30.72196620583818,53.88929214141583,19,16,0,3,0.7368,False
T,2026-03-29T14:59:39.485Z,2026-03-29T14:59:39.485613Z,2026-03-29T16:59:39.485613Z,7525.414023,7,0.00599,66.77796327212037,1.6694490818030094,-0.498,1.3793103448275863,66.77796327212037,44.32468581542204,0,0,0,0,,
WLFI,2026-03-29T14:59:58.764Z,2026-03-29T14:59:58.764921Z,2026-03-29T16:59:58.764921Z,7506.134715,7,0.09755,10.251153254741453,3.8065843621399127,-0.917,90.0,10.251153254741453,42.28302425395733,2,1,1,0,0.0,False
AAVE,2026-03-29T15:05:48.761Z,2026-03-29T15:05:48.761776Z,2026-03-29T17:05:48.761776Z,7756.056777,7,95.145,3.153082137789809,3.971571906354512,-1.391,89.65517241379311,3.153082137789809,49.44589969247837,7,6,1,0,0.1429,False
PAXG,2026-03-29T15:06:12.892Z,2026-03-29T15:06:12.892324Z,2026-03-29T17:06:12.892324Z,7731.926229,7,4512.975,0.46532497964211267,0.603148617682738,0.093,86.55172413793103,0.46532497964211267,54.36442560406908,7,5,1,1,1.0,False
TRUMP,2026-03-29T15:06:25.098Z,2026-03-29T15:06:25.098302Z,2026-03-29T17:06:25.098302Z,7719.720251,7,2.8775,3.4752389226770943,7.117934403349622,-4.467,88.62068965517241,3.4752389226770943,47.41316089757267,23,12,5,6,0.2609,False
BANANAS31,2026-03-29T15:12:19.165Z,2026-03-29T15:12:19.165272Z,2026-03-29T17:12:19.165272Z,7365.653281,7,0.01296,7.716049382717074,4.8331415420022905,-1.153,83.44827586206897,7.716049382717074,52.35413842321586,2,2,0,0,0.0,True
BARD,2026-03-29T15:12:25.274Z,2026-03-29T15:12:25.275180Z,2026-03-29T17:12:25.275180Z,7359.543373,7,0.35855000000000004,8.367033886487866,10.897435897435903,-1.211,82.75862068965517,8.367033886487866,50.21543688160413,0,0,0,0,,
BONK,2026-03-29T15:12:30.876Z,2026-03-29T15:12:30.876279Z,2026-03-29T17:12:30.876279Z,7353.942274,7,5.635e-06,17.74622892635298,5.633802816901399,-2.238,74.48275862068965,17.74622892635298,60.452449646262764,10,8,2,0,0.9,False
CFX,2026-03-29T15:12:45.722Z,2026-03-29T15:12:45.722394Z,2026-03-29T17:12:45.722394Z,7339.096159,7,0.054435,5.51116009920002,7.706190218372128,-2.413,81.72413793103448,5.51116009920002,61.50080505224483,5,4,1,0,1.0,False
EIGEN,2026-03-29T15:13:02.157Z,2026-03-29T15:13:02.157208Z,2026-03-29T17:13:02.157208Z,7322.661345,7,0.1685,59.347181008902126,4.733727810650875,-1.744,75.51724137931035,59.347181008902126,59.19029303468077,8,1,4,3,0.875,False
ENJ,2026-03-29T15:13:10.366Z,2026-03-29T15:13:10.366620Z,2026-03-29T17:13:10.366620Z,7314.451933,7,0.02044,48.923679060666764,19.669742593491975,2.847,73.44827586206897,48.923679060666764,62.64098768604657,18,4,14,0,0.8889,False
HEMI,2026-03-29T15:13:25.515Z,2026-03-29T15:13:25.516005Z,2026-03-29T17:13:25.516005Z,7299.302548,7,0.005925,16.877637130802466,17.83333333333333,6.195,86.20689655172414,16.877637130802466,74.11868058638268,4,1,2,1,1.0,False
KMNO,2026-03-29T15:13:47.450Z,2026-03-29T15:13:47.450344Z,2026-03-29T17:13:47.450344Z,7277.368209,7,0.016925000000000003,5.908419497784101,8.217592592592599,2.796,76.89655172413794,5.908419497784101,65.72405807099886,25,5,19,1,0.36,False
ONT,2026-03-29T15:14:02.738Z,2026-03-29T15:14:02.738457Z,2026-03-29T17:14:02.738457Z,7262.080096,7,0.058745,49.36590348114709,15.01934576151952,-8.585,78.62068965517241,49.36590348114709,51.95297993013066,3,1,2,0,0.3333,False
OP,2026-03-29T15:14:09.494Z,2026-03-29T15:14:09.494549Z,2026-03-29T17:14:09.494549Z,7255.324004,7,0.10145000000000001,9.857072449482784,5.830039525691702,-3.711,74.13793103448276,9.857072449482784,59.84739199463623,67,27,32,8,0.3582,False
VIRTUAL,2026-03-29T15:15:15.277Z,2026-03-29T15:15:15.277835Z,2026-03-29T17:15:15.277835Z,7790.380291,7,0.64785,1.543567183761503,5.830769230769238,-1.872,81.37931034482759,1.543567183761503,50.4516242436149,5,4,0,1,0.6,False
WIF,2026-03-29T15:15:21.316Z,2026-03-29T15:15:21.316879Z,2026-03-29T17:15:21.316879Z,7784.341247,7,0.17149999999999999,58.30903790087307,6.395348837209293,-3.371,85.17241379310344,58.30903790087307,45.26130501768668,11,5,3,3,0.6364,False
XPL,2026-03-29T15:15:27.497Z,2026-03-29T15:15:27.497917Z,2026-03-29T17:15:27.497917Z,7778.160209,7,0.08665,11.540680900173442,6.385404789053585,-2.987,85.86206896551724,11.540680900173442,58.01934342260632,36,7,29,0,0.7222,False
AVNT,2026-03-29T15:21:30.788Z,2026-03-29T15:21:30.788701Z,2026-03-29T17:21:30.788701Z,7414.869425,7,0.13035,7.67165324127265,6.483600305110608,-3.744,66.20689655172414,7.67165324127265,54.32974548936597,0,0,0,0,,
GIGGLE,2026-03-29T15:22:26.751Z,2026-03-29T15:22:26.751264Z,2026-03-29T17:22:26.751264Z,7358.906862,7,23.369999999999997,25.67394094993527,7.8035949145111845,-4.039,67.93103448275862,25.67394094993527,58.55358429207298,1,0,1,0,1.0,False
JUP,2026-03-29T15:22:35.139Z,2026-03-29T15:22:35.140093Z,2026-03-29T17:22:35.140093Z,7350.518033,7,0.14185,7.049700387732745,4.131652661064437,-1.721,65.86206896551724,7.049700387732745,60.550663018007306,65,14,46,5,0.3077,False
KERNEL,2026-03-29T15:22:40.581Z,2026-03-29T15:22:40.582117Z,2026-03-29T17:22:40.582117Z,7345.076009,7,0.0748,26.737967914437412,7.860824742268052,-0.894,71.72413793103448,26.737967914437412,64.55580745419142,0,0,0,0,,
PNUT,2026-03-29T15:23:06.257Z,2026-03-29T15:23:06.258295Z,2026-03-29T17:23:06.258295Z,7319.399831,7,0.03785,26.420079260238534,4.724409448818905,-2.057,58.96551724137931,26.420079260238534,59.32689940943491,66,24,39,3,0.2273,False
PYTH,2026-03-29T15:23:15.570Z,2026-03-29T15:23:15.570807Z,2026-03-29T17:23:15.570807Z,7310.087319,7,0.03685,27.137042062415976,5.405405405405392,-1.857,59.310344827586206,27.137042062415976,60.188304670549655,4,4,0,0,0.5,False
SAND,2026-03-29T15:23:22.756Z,2026-03-29T15:23:22.757094Z,2026-03-29T17:23:22.757094Z,7302.901032,7,0.07235,13.821700069108896,4.258241758241747,-2.544,62.758620689655174,13.821700069108896,62.16885207877241,60,4,53,3,-0.4333,False
SIGN,2026-03-29T15:23:30.499Z,2026-03-29T15:23:30.499960Z,2026-03-29T17:23:30.499960Z,7295.158166,7,0.031715,9.459246413369776,17.9905808477237,-1.056,64.13793103448276,9.459246413369776,50.35195069971145,55,21,34,0,0.9455,False
SKY,2026-03-29T15:23:36.923Z,2026-03-29T15:23:36.923848Z,2026-03-29T17:23:36.923848Z,7288.734278,7,0.071975,6.946856547411532,2.0127569099929192,0.256,63.793103448275865,6.946856547411532,69.48521767925065,66,9,53,4,0.1667,False
CKB,2026-03-29T15:30:33.246Z,2026-03-29T15:30:33.246556Z,2026-03-29T17:30:33.246556Z,7471.70279,7,0.0013445,22.31312755671227,6.983655274888552,-2.534,57.241379310344826,22.31312755671227,50.411144536814035,4,2,2,0,1.0,False
ETC,2026-03-29T15:30:57.058Z,2026-03-29T15:30:57.058239Z,2026-03-29T17:30:57.058239Z,7447.891107,7,7.915,12.634238787112807,4.140526976160603,-2.448,47.93103448275862,12.634238787112807,47.342711113971674,4,3,0,1,1.0,False
FLOKI,2026-03-29T15:31:07.534Z,2026-03-29T15:31:07.534909Z,2026-03-29T17:31:07.534909Z,7437.414437,7,2.7230000000000002e-05,7.344840249724498,5.585980284775468,-2.561,51.37931034482759,7.344840249724498,37.24965968080305,11,10,1,0,1.0,False
IO,2026-03-29T15:31:20.878Z,2026-03-29T15:31:20.878493Z,2026-03-29T17:31:20.878493Z,7424.070853,7,0.1035,96.6183574879228,5.825242718446607,-2.83,47.241379310344826,96.6183574879228,50.265394352233926,4,4,0,0,1.0,False
IOTA,2026-03-29T15:31:28.772Z,2026-03-29T15:31:28.772343Z,2026-03-29T17:31:28.772343Z,7416.177003,7,0.05325,18.779342723005232,4.02930402930403,-2.151,53.793103448275865,18.779342723005232,62.17019735400642,5,4,1,0,1.0,False
OPEN,2026-03-29T15:31:55.833Z,2026-03-29T15:31:55.834173Z,2026-03-29T17:31:55.834173Z,7389.115173,7,0.15815,6.3231109705985915,11.264946507237255,-5.809,55.86206896551724,6.3231109705985915,41.72096501169318,1,0,1,0,1.0,False
ORCA,2026-03-29T15:32:09.340Z,2026-03-29T15:32:09.340352Z,2026-03-29T17:32:09.340352Z,7375.608994,7,0.8245,12.128562765312322,4.0572792362768535,-2.331,53.44827586206897,12.128562765312322,59.05900112643238,20,13,6,1,0.8,False
PHA,2026-03-29T15:32:16.819Z,2026-03-29T15:32:16.819537Z,2026-03-29T17:32:16.819537Z,7368.129809,7,0.03505,28.530670470754902,6.666666666666677,-4.696,46.206896551724135,28.530670470754902,57.55231715572188,4,4,0,0,1.0,False
PLUME,2026-03-29T15:32:25.230Z,2026-03-29T15:32:25.230360Z,2026-03-29T17:32:25.230360Z,7359.718986,7,0.00996,20.080321285139746,7.470119521912356,-4.563,56.89655172413793,20.080321285139746,59.64811020453657,1,1,0,0,0.0,False
RAY,2026-03-29T15:32:29.228Z,2026-03-29T15:32:29.228953Z,2026-03-29T17:32:29.228953Z,7355.720393,7,0.5605,17.841213202497787,1.9469026548672588,0.0,52.06896551724138,17.841213202497787,54.838448941980865,18,6,11,1,0.6111,False
ROSE,2026-03-29T15:32:35.636Z,2026-03-29T15:32:35.636574Z,2026-03-29T17:32:35.636574Z,7349.312772,7,0.010325,9.68523002421436,4.716073147256986,-2.441,51.724137931034484,9.68523002421436,55.98289898068009,12,2,8,2,0.5833,False
RSR,2026-03-29T15:32:43.174Z,2026-03-29T15:32:43.174333Z,2026-03-29T17:32:43.174333Z,7341.775013,7,0.0015195,19.743336623889203,9.096901779828617,-5.424,57.93103448275862,19.743336623889203,45.94191533276415,5,4,1,0,0.6,False
S,2026-03-29T15:32:53.762Z,2026-03-29T15:32:53.762646Z,2026-03-29T17:32:53.762646Z,7331.1867,7,0.040084999999999996,12.473493825620913,6.337325349301399,-4.389,53.10344827586207,12.473493825620913,46.220726022170346,0,0,0,0,,
SAGA,2026-03-29T15:33:02.442Z,2026-03-29T15:33:02.442550Z,2026-03-29T17:33:02.442550Z,7322.506796,7,0.027549999999999998,36.29764065335731,6.071428571428572,-2.439,54.13793103448276,36.29764065335731,56.08857080175405,3,3,0,0,1.0,False
SAHARA,2026-03-29T15:33:09.455Z,2026-03-29T15:33:09.455206Z,2026-03-29T17:33:09.455206Z,7315.49414,7,0.024685,12.153129430827944,10.346215780998387,-7.001,50.3448275862069,12.153129430827944,60.35741112264071,0,0,0,0,,
TOWNS,2026-03-29T15:33:27.245Z,2026-03-29T15:33:27.245675Z,2026-03-29T17:33:27.245675Z,7297.703671,7,0.00344,58.13953488372108,7.941176470588231,-5.817,55.51724137931034,58.13953488372108,42.82254229237168,0,0,0,0,,
TURBO,2026-03-29T15:33:35.368Z,2026-03-29T15:33:35.368814Z,2026-03-29T17:33:35.368814Z,7289.580532,7,0.0010025,9.975062344138813,8.704253214638968,-5.602,48.96551724137931,9.975062344138813,42.32596999795228,3,3,0,0,1.0,False
TUT,2026-03-29T15:33:43.231Z,2026-03-29T15:33:43.231698Z,2026-03-29T17:33:43.231698Z,7281.717648,7,0.008435,35.56609365737852,6.351039260969979,-0.115,52.758620689655174,35.56609365737852,41.12980153961229,1,1,0,0,1.0,False
CATI,2026-03-29T15:39:25.104Z,2026-03-29T15:39:25.104975Z,2026-03-29T17:39:25.104975Z,7540.915712,7,0.05295,56.65722379603431,12.571428571428575,6.061,47.241379310344826,56.65722379603431,42.91651485468894,6,3,1,2,1.0,False
IMX,2026-03-29T15:39:30.797Z,2026-03-29T15:39:30.797658Z,2026-03-29T17:39:30.797658Z,7535.223029,7,0.1436,13.927576601671708,5.907172995780584,-4.5,45.86206896551724,13.927576601671708,59.031561043657845,66,21,39,6,0.4697,False
ACH,2026-03-29T15:40:02.062Z,2026-03-29T15:40:02.062518Z,2026-03-29T17:40:02.062518Z,7503.958169,7,0.006229999999999999,32.1027287319423,3.8647342995169045,-2.512,35.51724137931034,32.1027287319423,54.87227497478794,3,2,1,0,1.0,False
ALT,2026-03-29T15:40:10.864Z,2026-03-29T15:40:10.864826Z,2026-03-29T17:40:10.864826Z,7495.155861,7,0.006115,16.353229762877504,3.600654664484447,-2.396,33.10344827586207,16.353229762877504,59.70497024935648,5,2,1,2,0.6,False
BABY,2026-03-29T15:40:16.968Z,2026-03-29T15:40:16.968470Z,2026-03-29T17:40:16.968470Z,7489.052217,7,0.01307,15.302218821728529,6.759906759906769,-4.312,36.206896551724135,15.302218821728529,54.39664125968282,2,1,1,0,0.0,False
BOME,2026-03-29T15:40:36.119Z,2026-03-29T15:40:36.120065Z,2026-03-29T17:40:36.120065Z,7469.900622,7,0.0003645,27.434842249656242,6.284153005464485,-5.67,31.724137931034484,27.434842249656242,47.2162095511789,5,3,1,1,1.0,False
BROCCOLI714,2026-03-29T15:40:47.323Z,2026-03-29T15:40:47.324173Z,2026-03-29T17:40:47.324173Z,7458.696514,7,0.011855000000000001,8.435259384227184,4.916666666666669,0.251,41.37931034482759,8.435259384227184,47.76397234357903,2,2,0,0,1.0,True
COOKIE,2026-03-29T15:40:52.878Z,2026-03-29T15:40:52.878467Z,2026-03-29T17:40:52.878467Z,7453.14222,7,0.015050000000000001,66.44518272425324,5.333333333333347,-0.662,42.06896551724138,66.44518272425324,47.575229674480504,5,4,0,1,1.0,False
ENS,2026-03-29T15:41:05.990Z,2026-03-29T15:41:05.990786Z,2026-03-29T17:41:05.990786Z,7440.029901,7,5.545,18.03426510369664,3.610108303249101,-3.316,31.379310344827587,18.03426510369664,56.54150239113849,3,1,2,0,1.0,False
EUL,2026-03-29T15:41:11.358Z,2026-03-29T15:41:11.359111Z,2026-03-29T17:41:11.359111Z,7434.661576,7,0.741,26.990553306342804,4.557640750670245,-0.401,43.793103448275865,26.990553306342804,66.05409964263555,29,0,29,0,0.3448,False
FLUX,2026-03-29T15:41:17.991Z,2026-03-29T15:41:17.991669Z,2026-03-29T17:41:17.991669Z,7428.029018,7,0.05065,19.743336623890006,6.972111553784867,2.24,34.13793103448276,19.743336623890006,71.75335805745088,7,2,4,1,0.7143,False
GRT,2026-03-29T15:41:34.978Z,2026-03-29T15:41:34.978228Z,2026-03-29T17:41:34.978228Z,7411.042459,7,0.02346,17.050298380222436,3.627827571489543,-3.062,38.96551724137931,17.050298380222436,56.415041655249574,36,12,21,3,0.1111,False
HOME,2026-03-29T15:41:41.989Z,2026-03-29T15:41:41.989211Z,2026-03-29T17:41:41.989211Z,7404.031476,7,0.01915,31.33159268929376,5.958549222797918,3.043,37.58620689655172,31.33159268929376,48.92861708531255,0,0,0,0,,
INIT,2026-03-29T15:41:50.065Z,2026-03-29T15:41:50.065319Z,2026-03-29T17:41:50.065319Z,7395.955368,7,0.07755000000000001,12.894906511928157,3.984575835475586,-1.144,34.827586206896555,12.894906511928157,56.172854711682845,0,0,0,0,,
JTO,2026-03-29T15:41:57.610Z,2026-03-29T15:41:57.610420Z,2026-03-29T17:41:57.610420Z,7388.410267,7,0.28325,10.591350397174473,6.990773598296663,-6.098,36.55172413793103,10.591350397174473,31.678343399008455,9,4,3,2,1.0,False
MEME,2026-03-29T15:42:18.999Z,2026-03-29T15:42:18.999708Z,2026-03-29T17:42:18.999708Z,7367.020979,7,0.0004944999999999999,20.22244691607734,7.661290322580657,-4.615,32.758620689655174,20.22244691607734,56.00067766724982,51,32,16,3,0.7255,False
MINA,2026-03-29T15:42:25.139Z,2026-03-29T15:42:25.140097Z,2026-03-29T17:42:25.140097Z,7360.88059,7,0.05285,18.9214758751188,3.2319391634980987,-0.567,37.241379310344826,18.9214758751188,34.168042378793324,6,2,2,2,0.6667,False
MOVE,2026-03-29T15:42:32.432Z,2026-03-29T15:42:32.432891Z,2026-03-29T17:42:32.432891Z,7353.587796,7,0.017550000000000003,56.98005698005663,3.448275862068965,-3.333,40.689655172413794,56.98005698005663,54.06229147320008,3,2,1,0,0.6667,False
MUBARAK,2026-03-29T15:42:39.954Z,2026-03-29T15:42:39.954334Z,2026-03-29T17:42:39.954334Z,7346.066353,7,0.011099999999999999,18.01801801801885,5.371530886302596,-0.089,44.13793103448276,18.01801801801885,63.28982935219625,0,0,0,0,,
NEO,2026-03-29T15:42:47.297Z,2026-03-29T15:42:47.298067Z,2026-03-29T17:42:47.298067Z,7338.72262,7,2.558,7.818608287725661,3.413103177716742,-2.524,34.48275862068966,7.818608287725661,63.44213953753905,6,5,1,0,1.0,False
NIL,2026-03-29T15:43:00.687Z,2026-03-29T15:43:00.687956Z,2026-03-29T17:43:00.687956Z,7325.332731,7,0.031549999999999995,95.08716323296409,13.694267515923563,-4.268,40.0,95.08716323296409,60.393178422177684,0,0,0,0,,
QNT,2026-03-29T15:43:15.548Z,2026-03-29T15:43:15.549073Z,2026-03-29T17:43:15.549073Z,7310.471614,7,69.14,5.785363031529077,4.094827586206909,-1.75,38.275862068965516,5.785363031529077,57.89675352845337,63,17,44,2,0.1587,False
SOLV,2026-03-29T15:43:28.708Z,2026-03-29T15:43:28.708862Z,2026-03-29T17:43:28.708862Z,7297.311825,7,0.003055,32.73322422258459,8.881578947368416,0.0,37.93103448275862,32.73322422258459,58.82043597291117,0,0,0,0,,
STX,2026-03-29T15:43:35.376Z,2026-03-29T15:43:35.376859Z,2026-03-29T17:43:35.376859Z,7290.643828,7,0.21615,4.626416840158072,4.532839962997226,-3.697,39.310344827586206,4.626416840158072,58.08757570837354,64,14,45,5,0.2188,False
ZKC,2026-03-29T15:43:55.211Z,2026-03-29T15:43:55.211218Z,2026-03-29T17:43:55.211218Z,7270.809469,7,0.06655,15.026296018031985,6.616541353383439,-4.454,42.758620689655174,15.026296018031985,53.56586548870318,0,0,0,0,,
DOGS,2026-03-29T15:45:12.319Z,2026-03-29T15:45:12.319643Z,2026-03-29T17:45:12.319643Z,7793.232146,7,2.5849999999999998e-05,38.684719535782996,2.3255813953488413,-1.527,22.413793103448278,38.684719535782996,33.50569929646145,3,2,1,0,1.0,False
EDEN,2026-03-29T15:45:23.360Z,2026-03-29T15:45:23.361360Z,2026-03-29T17:45:23.361360Z,7782.190429,7,0.02685,37.24394785847277,9.77443609022557,-4.317,19.310344827586206,37.24394785847277,55.119804024977704,0,0,0,0,,
HAEDAL,2026-03-29T15:45:49.318Z,2026-03-29T15:45:49.318803Z,2026-03-29T17:45:49.318803Z,7756.232986,7,0.027299999999999998,73.2600732600741,11.23188405797101,-4.167,23.448275862068964,73.2600732600741,59.593751923336825,0,0,0,0,,
HOLO,2026-03-29T15:45:56.693Z,2026-03-29T15:45:56.693981Z,2026-03-29T17:45:56.693981Z,7748.857808,7,0.052250000000000005,19.138755980860463,3.660886319845855,-1.518,20.344827586206897,19.138755980860463,42.77954296396384,0,0,0,0,,
ILV,2026-03-29T15:46:05.067Z,2026-03-29T15:46:05.067950Z,2026-03-29T17:46:05.067950Z,7740.483839,7,3.375,29.629629629629,5.135951661631418,-2.933,22.06896551724138,29.629629629629,58.46090844137747,3,2,1,0,1.0,False
KAIA,2026-03-29T15:46:12.111Z,2026-03-29T15:46:12.111786Z,2026-03-29T17:46:12.111786Z,7733.440003,7,0.04585,21.81025081788503,2.6315789473684204,-1.512,22.75862068965517,21.81025081788503,57.71641615004318,6,4,0,2,1.0,False
KAITO,2026-03-29T15:46:21.628Z,2026-03-29T15:46:21.628510Z,2026-03-29T17:46:21.628510Z,7723.923279,7,0.3806,21.019442984761508,4.4059795436664,-4.003,26.551724137931036,21.019442984761508,54.74224649375763,0,0,0,0,,
LISTA,2026-03-29T15:46:30.213Z,2026-03-29T15:46:30.214241Z,2026-03-29T17:46:30.214241Z,7715.337548,7,0.08085,12.36858379715558,3.0902348578491994,-1.582,21.379310344827587,12.36858379715558,57.68432719836825,6,3,2,1,1.0,False
LPT,2026-03-29T15:46:37.300Z,2026-03-29T15:46:37.301051Z,2026-03-29T17:46:37.301051Z,7708.250738,7,2.0460000000000003,19.550342130987307,3.334968121628252,-3.043,27.93103448275862,19.550342130987307,34.289941605517335,3,2,1,0,1.0,False
MIRA,2026-03-29T15:47:01.348Z,2026-03-29T15:47:01.348515Z,2026-03-29T17:47:01.348515Z,7684.203274,7,0.0738,27.100271002708922,4.341926729986424,-2.125,25.517241379310345,27.100271002708922,54.88458385660099,0,0,0,0,,
NOT,2026-03-29T15:47:09.285Z,2026-03-29T15:47:09.285460Z,2026-03-29T17:47:09.285460Z,7676.266329,7,0.00034250000000000003,29.197080291969925,4.678362573099418,-2.841,23.103448275862068,29.197080291969925,56.69315539841332,7,6,1,0,0.1429,False
ORDI,2026-03-29T15:47:16.889Z,2026-03-29T15:47:16.889222Z,2026-03-29T17:47:16.889222Z,7668.662567,7,2.1635,4.6221400508450845,4.610419548178888,-3.213,26.20689655172414,4.6221400508450845,59.19142949624123,22,14,6,2,0.4545,False
RED,2026-03-29T15:47:24.813Z,2026-03-29T15:47:24.814149Z,2026-03-29T17:47:24.814149Z,7660.73764,7,0.10289999999999999,19.436345966957422,6.304558680892343,-5.152,19.655172413793103,19.436345966957422,40.85941666698604,0,0,0,0,,
REZ,2026-03-29T15:47:31.872Z,2026-03-29T15:47:31.872372Z,2026-03-29T17:47:31.872372Z,7653.679417,7,0.003345,29.89536621823625,5.3571428571428585,-1.754,30.689655172413794,29.89536621823625,39.891191804617655,64,11,50,3,-0.0312,False
SAPIEN,2026-03-29T15:47:40.012Z,2026-03-29T15:47:40.012561Z,2026-03-29T17:47:40.012561Z,7645.539228,7,0.06534999999999999,15.302218821729591,6.779661016949154,-3.994,28.275862068965516,15.302218821729591,31.226241594870448,0,0,0,0,,
SYN,2026-03-29T15:47:53.100Z,2026-03-29T15:47:53.100917Z,2026-03-29T17:47:53.100917Z,7632.450872,7,0.0458,87.33624454148419,5.043859649122799,-1.299,18.96551724137931,87.33624454148419,36.48255906753983,5,2,3,0,0.2,False
THETA,2026-03-29T15:48:01.099Z,2026-03-29T15:48:01.099277Z,2026-03-29T17:48:01.099277Z,7624.452512,7,0.1495,66.88963210702347,5.333333333333338,-3.846,30.0,66.88963210702347,52.84716845546953,3,2,1,0,1.0,False
TREE,2026-03-29T15:48:09.948Z,2026-03-29T15:48:09.948458Z,2026-03-29T17:48:09.948458Z,7615.603331,7,0.05815,17.1969045571802,4.655172413793105,-3.494,27.24137931034483,17.1969045571802,55.9615045021081,0,0,0,0,,
TURTLE,2026-03-29T15:48:22.642Z,2026-03-29T15:48:22.642662Z,2026-03-29T17:48:22.642662Z,7602.909127,7,0.0393,50.89058524172997,2.0253164556961902,-0.754,25.17241379310345,50.89058524172997,56.36542686534105,0,0,0,0,,
USUAL,2026-03-29T15:48:30.109Z,2026-03-29T15:48:30.109569Z,2026-03-29T17:48:30.109569Z,7595.44222,7,0.011995,8.336807002917542,3.488372093023258,-0.742,23.79310344827586,8.336807002917542,44.32784051283736,3,2,1,0,1.0,False
YB,2026-03-29T15:48:44.918Z,2026-03-29T15:48:44.919329Z,2026-03-29T17:48:44.919329Z,7580.63246,7,0.10115,29.658922392485884,8.531746031746042,-7.608,21.724137931034484,29.658922392485884,55.566206689995624,1,0,1,0,0.0,False
CGPT,2026-03-29T15:55:07.249Z,2026-03-29T15:55:07.249427Z,2026-03-29T17:55:07.249427Z,7797.973941,7,0.018465,37.909558624424925,4.652406417112295,-2.299,15.517241379310345,37.909558624424925,43.322285600004214,3,2,1,0,1.0,False
CVC,2026-03-29T15:55:18.076Z,2026-03-29T15:55:18.076389Z,2026-03-29T17:55:18.076389Z,7787.146979,7,0.029179999999999998,27.41603838245381,4.5205479452054735,-4.325,5.862068965517241,27.41603838245381,37.94333833972366,67,18,48,1,0.2388,False
CYBER,2026-03-29T15:55:25.792Z,2026-03-29T15:55:25.793258Z,2026-03-29T17:55:25.793258Z,7779.43011,7,0.483,41.40786749482405,3.54166666666667,-2.24,12.068965517241379,41.40786749482405,44.49695088611607,1,0,1,0,1.0,False
FORM,2026-03-29T15:55:32.620Z,2026-03-29T15:55:32.620986Z,2026-03-29T17:55:32.620986Z,7772.602382,7,0.2468,24.311183144245927,3.790322580645169,-1.195,11.724137931034482,24.311183144245927,47.803287758147725,0,0,0,0,,
FUN,2026-03-29T15:55:38.726Z,2026-03-29T15:55:38.726634Z,2026-03-29T17:55:38.726634Z,7766.496734,7,0.0012395,56.474384832594296,7.519999999999992,0.888,14.137931034482758,56.474384832594296,61.014606376301145,2,1,1,0,0.5,False
GMT,2026-03-29T15:55:45.677Z,2026-03-29T15:55:45.677636Z,2026-03-29T17:55:45.677636Z,7759.545732,7,0.009525,10.498687664041567,4.388714733542304,-3.722,10.689655172413794,10.498687664041567,53.860249988137795,0,0,0,0,,
HIVE,2026-03-29T15:55:52.443Z,2026-03-29T15:55:52.443764Z,2026-03-29T17:55:52.443764Z,7752.779604,7,0.056400000000000006,35.4609929078012,4.626334519572951,-2.936,9.310344827586206,35.4609929078012,41.622931767784436,0,0,0,0,,
HMSTR,2026-03-29T15:55:59.620Z,2026-03-29T15:55:59.620240Z,2026-03-29T17:55:59.620240Z,7745.603128,7,0.00013215,7.567158531969378,4.420731707317078,-2.671,15.172413793103448,7.567158531969378,55.25727912940141,2,1,0,1,1.0,False
LAYER,2026-03-29T15:56:06.937Z,2026-03-29T15:56:06.938043Z,2026-03-29T17:56:06.938043Z,7738.285325,7,0.07545,39.76143141153012,4.730617608409977,-3.181,3.793103448275862,39.76143141153012,35.71356084141774,0,0,0,0,,
MASK,2026-03-29T15:56:20.564Z,2026-03-29T15:56:20.564737Z,2026-03-29T17:56:20.564737Z,7724.658631,7,0.395,50.632911392405106,4.04040404040403,-2.463,6.896551724137931,50.632911392405106,56.641886180928275,7,5,0,2,1.0,False
MITO,2026-03-29T15:56:33.725Z,2026-03-29T15:56:33.725961Z,2026-03-29T17:56:33.725961Z,7711.497407,7,0.03465,51.948051948051834,5.138568129330245,-4.494,7.931034482758621,51.948051948051834,56.46445085533904,0,0,0,0,,
NMR,2026-03-29T15:56:41.598Z,2026-03-29T15:56:41.598801Z,2026-03-29T17:56:41.598801Z,7703.624567,7,6.45,31.007751937983834,3.593749999999993,-2.883,4.482758620689655,31.007751937983834,51.75208290906717,0,0,0,0,,
OSMO,2026-03-29T15:56:52.880Z,2026-03-29T15:56:52.880698Z,2026-03-29T17:56:52.880698Z,7692.34267,7,0.029449999999999997,33.95585738539878,3.3898305084745797,-2.318,10.0,33.95585738539878,56.45035067490066,6,4,2,0,0.5,False
RARE,2026-03-29T15:57:01.372Z,2026-03-29T15:57:01.372526Z,2026-03-29T17:57:01.372526Z,7683.850842,7,0.01385,72.20216606498151,3.623188405797105,-2.817,13.10344827586207,72.20216606498151,38.97439811117627,0,0,0,0,,
RPL,2026-03-29T15:57:09.619Z,2026-03-29T15:57:09.619977Z,2026-03-29T17:57:09.619977Z,7675.603391,7,1.565,63.89776357827482,3.184713375796181,-1.258,15.862068965517242,63.89776357827482,44.38629227017175,3,3,0,0,1.0,False
SKL,2026-03-29T15:57:16.881Z,2026-03-29T15:57:16.881764Z,2026-03-29T17:57:16.881764Z,7668.341604,7,0.005765,52.03816131830097,5.096660808435859,-2.234,5.517241379310345,52.03816131830097,39.728669723178236,6,3,1,2,0.3333,False
SOPH,2026-03-29T15:57:24.735Z,2026-03-29T15:57:24.735587Z,2026-03-29T17:57:24.735587Z,7660.487781,7,0.00818,24.44987775061025,2.981366459627337,-1.469,4.827586206896552,24.44987775061025,62.3234607095985,1,0,0,1,-1.0,True
SUSHI,2026-03-29T15:57:31.872Z,2026-03-29T15:57:31.873137Z,2026-03-29T17:57:31.873137Z,7653.350231,7,0.1875,42.66666666666789,3.0367607884922805,-2.24,7.241379310344827,42.66666666666789,42.96681724681959,4,2,1,1,1.0,False
TLM,2026-03-29T15:57:39.728Z,2026-03-29T15:57:39.728395Z,2026-03-29T17:57:39.728395Z,7645.494973,7,0.001596,12.53132832080095,2.682470368059892,-2.017,8.620689655172415,12.53132832080095,40.33806321809137,0,0,0,0,,
TNSR,2026-03-29T15:57:46.775Z,2026-03-29T15:57:46.776005Z,2026-03-29T17:57:46.776005Z,7638.447363,7,0.03785,26.420079260238534,3.4574468085106265,-2.338,13.793103448275861,26.420079260238534,53.570519210881066,3,2,1,0,1.0,False
UMA,2026-03-29T15:57:51.896Z,2026-03-29T15:57:51.896924Z,2026-03-29T17:57:51.896924Z,7633.326444,7,0.392,51.020408163265344,5.912596401028269,-0.512,9.655172413793103,51.020408163265344,57.58648040592654,0,0,0,0,,
VANRY,2026-03-29T15:57:59.645Z,2026-03-29T15:57:59.645633Z,2026-03-29T17:57:59.645633Z,7625.577735,7,0.005046500000000001,5.944714158328342,6.030051403716879,-3.363,16.20689655172414,5.944714158328342,53.950042302865945,69,10,54,5,-0.087,False
VELODROME,2026-03-29T15:58:05.153Z,2026-03-29T15:58:05.153677Z,2026-03-29T17:58:05.153677Z,7620.069691,7,0.013850000000000001,28.880866425992853,3.0107526881720448,-2.037,11.379310344827585,28.880866425992853,33.01837435729338,0,0,0,0,,
WCT,2026-03-29T15:58:12.536Z,2026-03-29T15:58:12.536792Z,2026-03-29T17:58:12.536792Z,7612.686576,7,0.0539,37.10575139146545,4.419889502762429,-3.894,12.413793103448276,37.10575139146545,51.62289001481263,0,0,0,0,,
XAI,2026-03-29T15:58:20.300Z,2026-03-29T15:58:20.300495Z,2026-03-29T17:58:20.300495Z,7604.922873,7,0.00892,44.84304932735437,4.444444444444437,-2.174,7.586206896551724,44.84304932735437,40.32777815505133,2,1,1,0,1.0,False
YGG,2026-03-29T15:58:27.568Z,2026-03-29T15:58:27.568275Z,2026-03-29T17:58:27.568275Z,7597.655093,7,0.03386,5.906674542232482,5.241338466094168,-4.253,17.24137931034483,5.906674542232482,57.31035864237416,6,5,1,0,1.0,False
ETH,2026-03-29T16:05:07.198Z,2026-03-29T16:05:07.198666Z,2026-03-29T18:05:07.198666Z,7797.734493,7,1992.545,0.050187072311997497,2.3333702113108155,-1.832,99.65517241379311,0.050187072311997497,57.65055197617928,44,23,18,3,0.3864,False
EUR,2026-03-29T16:05:10.530Z,2026-03-29T16:05:10.530852Z,2026-03-29T18:05:10.530852Z,7794.402307,7,1.14995,0.8696030262184354,0.15652173913043688,0.026,98.27586206896552,0.8696030262184354,64.83939444816251,0,0,0,0,,
F,2026-03-29T16:05:17.703Z,2026-03-29T16:05:17.703508Z,2026-03-29T18:05:17.703508Z,7787.229651,7,0.004975,60.301507537687726,2.204408817635268,-1.772,1.3793103448275863,60.301507537687726,36.5063220421368,0,0,0,0,,
FDUSD,2026-03-29T16:05:21.053Z,2026-03-29T16:05:21.053852Z,2026-03-29T18:05:21.053852Z,7783.879307,7,0.99875,1.0012515644554592,0.04005206768798998,-0.01,93.44827586206897,1.0012515644554592,56.96920738613969,0,0,0,0,,
FET,2026-03-29T16:05:26.761Z,2026-03-29T16:05:26.761201Z,2026-03-29T18:05:26.761201Z,7778.171958,7,0.23075,4.333694474540271,8.322663252240723,-5.448,96.20689655172414,4.333694474540271,52.82429222448588,13,9,3,1,0.6923,False
HBAR,2026-03-29T16:05:31.656Z,2026-03-29T16:05:31.656696Z,2026-03-29T18:05:31.656696Z,7773.276463,7,0.088425,1.1309018942602345,3.287021348695353,-3.045,92.41379310344827,1.1309018942602345,47.00980810009082,11,7,4,0,0.6364,False
HEI,2026-03-29T16:05:38.994Z,2026-03-29T16:05:38.994980Z,2026-03-29T18:05:38.994980Z,7765.938179,7,0.0716,139.66480446927386,3.472222222222226,-2.307,1.7241379310344827,139.66480446927386,39.85283002553797,0,0,0,0,,
LINK,2026-03-29T16:05:44.759Z,2026-03-29T16:05:44.759630Z,2026-03-29T18:05:44.759630Z,7760.173529,7,8.425,11.869436201780161,3.452380952380963,-2.778,95.51724137931035,11.869436201780161,51.87394031334959,28,13,12,3,0.5714,False
LSK,2026-03-29T16:05:51.302Z,2026-03-29T16:05:51.303063Z,2026-03-29T18:05:51.303063Z,7753.630096,7,0.1185,84.38818565400852,0.8264462809917362,-0.82,0.3448275862068966,84.38818565400852,33.4140867225791,0,0,0,0,,
LTC,2026-03-29T16:05:56.916Z,2026-03-29T16:05:56.917065Z,2026-03-29T18:05:56.917065Z,7748.016094,7,53.224999999999994,1.878816345701834,2.6000748222970453,-1.98,91.03448275862068,1.878816345701834,47.47556004350606,23,13,9,1,0.6957,False
MAV,2026-03-29T16:06:04.983Z,2026-03-29T16:06:04.983511Z,2026-03-29T18:06:04.983511Z,7739.949648,7,0.012400000000000001,32.25806451612912,6.1452513966480575,-2.033,2.413793103448276,32.25806451612912,38.927198330439296,0,0,0,0,,
PUNDIX,2026-03-29T16:06:25.143Z,2026-03-29T16:06:25.143957Z,2026-03-29T18:06:25.143957Z,7719.789202,7,0.13815,65.14657980456113,3.2350826743349934,-2.042,0.6896551724137931,65.14657980456113,43.94283550215924,0,0,0,0,,
QTUM,2026-03-29T16:06:31.781Z,2026-03-29T16:06:31.782058Z,2026-03-29T18:06:31.782058Z,7713.151101,7,0.8035000000000001,37.33665214685753,4.6077210460772005,-2.549,2.7586206896551726,37.33665214685753,55.87830692762164,0,0,0,0,,
SOL,2026-03-29T16:06:42.762Z,2026-03-29T16:06:42.762799Z,2026-03-29T18:06:42.762799Z,7702.17036,7,81.555,1.2261663907798561,3.1364861553540826,-2.59,98.96551724137932,1.2261663907798561,56.867470430781644,28,13,14,1,0.8571,False
STO,2026-03-29T16:06:48.942Z,2026-03-29T16:06:48.942348Z,2026-03-29T18:06:48.942348Z,7695.990811,7,0.15410000000000001,12.978585334198943,39.544235924932984,33.692,91.72413793103448,12.978585334198943,81.31035756671524,4,3,1,0,1.0,False
SUI,2026-03-29T16:06:54.837Z,2026-03-29T16:06:54.837868Z,2026-03-29T18:06:54.837868Z,7690.095291,7,0.84515,1.1832219132697035,6.433301797540208,-4.592,98.62068965517241,1.1832219132697035,51.19273321291655,27,13,10,4,0.8889,False
TAO,2026-03-29T16:07:05.603Z,2026-03-29T16:07:05.603688Z,2026-03-29T18:07:05.603688Z,7679.329471,7,315.65,3.1680658957695518,3.787396562698911,-1.751,97.58620689655173,3.1680658957695518,48.73430714192818,41,20,16,5,0.6098,False
TRX,2026-03-29T16:07:10.593Z,2026-03-29T16:07:10.593521Z,2026-03-29T18:07:10.593521Z,7674.339638,7,0.31865,3.1382394476695117,1.6975793775542332,0.824,94.13793103448276,3.1382394476695117,67.82737687552537,25,12,13,0,0.64,False
USD1,2026-03-29T16:07:14.793Z,2026-03-29T16:07:14.794233Z,2026-03-29T18:07:14.794233Z,7670.138926,7,0.99955,1.0004502025910558,0.030012004801917458,-0.01,99.3103448275862,1.0004502025910558,67.1234605450208,6,3,2,1,0.6667,False
WLD,2026-03-29T16:07:19.756Z,2026-03-29T16:07:19.756328Z,2026-03-29T18:07:19.756328Z,7665.176831,7,0.27235,3.6717459151822656,4.309392265193365,0.407,94.48275862068965,3.6717459151822656,55.136245009548354,19,6,8,5,0.2105,False
XLM,2026-03-29T16:07:25.305Z,2026-03-29T16:07:25.306079Z,2026-03-29T18:07:25.306079Z,7659.62708,7,0.16435,6.084575600851171,4.121212121212121,-2.77,90.0,6.084575600851171,50.477627549352626,11,5,6,0,1.0,False
XRP,2026-03-29T16:07:30.406Z,2026-03-29T16:07:30.406853Z,2026-03-29T18:07:30.406853Z,7654.526306,7,1.32315,0.7557722102557456,2.524565381708246,-2.253,97.93103448275862,0.7557722102557456,51.18457586870988,38,18,17,3,0.5789,False
ZEC,2026-03-29T16:07:35.799Z,2026-03-29T16:07:35.799761Z,2026-03-29T18:07:35.799761Z,7649.133398,7,216.575,1.385201431374865,3.589455973079083,-2.176,90.34482758620689,1.385201431374865,53.890386062431126,19,6,8,5,0.7368,False
RENDER,2026-03-29T16:13:33.093Z,2026-03-29T16:13:33.093592Z,2026-03-29T18:13:33.093592Z,7291.839567,7,1.6595,6.025911419101476,5.129752564876293,-3.438,89.65517241379311,6.025911419101476,59.19196805018585,1,1,0,0,1.0,False
ALGO,2026-03-29T16:19:28.066Z,2026-03-29T16:19:28.066657Z,2026-03-29T18:19:28.066657Z,7536.914859,7,0.08074999999999999,12.383900928792926,3.2138442521631707,-2.295,77.58620689655173,12.383900928792926,60.45164275392424,11,7,2,2,0.4545,False
APT,2026-03-29T16:19:35.263Z,2026-03-29T16:19:35.263652Z,2026-03-29T18:19:35.263652Z,7529.717864,7,0.9135,10.946907498631646,4.257641921397371,-3.68,86.20689655172414,10.946907498631646,59.6490966702244,15,2,11,2,0.6,False
ARB,2026-03-29T16:19:40.609Z,2026-03-29T16:19:40.610187Z,2026-03-29T18:19:40.610187Z,7524.371329,7,0.08875,11.267605633803141,4.858757062146891,-3.279,80.34482758620689,11.267605633803141,54.98762105660607,18,14,3,1,0.8889,False
ASTER,2026-03-29T16:19:46.304Z,2026-03-29T16:19:46.304809Z,2026-03-29T18:19:46.304809Z,7518.676707,7,0.6585000000000001,15.186028853454832,2.127659574468087,-1.053,84.48275862068965,15.186028853454832,64.22406507941444,68,11,48,9,0.6176,False
C,2026-03-29T16:20:01.219Z,2026-03-29T16:20:01.219377Z,2026-03-29T18:20:01.219377Z,7503.762139,7,0.08745,34.30531732418464,14.910025706940875,-2.628,76.20689655172414,34.30531732418464,38.410704363659505,1,0,1,0,1.0,False
CRV,2026-03-29T16:20:16.123Z,2026-03-29T16:20:16.123442Z,2026-03-29T18:20:16.123442Z,7488.858074,7,0.20845,4.797313504436987,5.164092664092658,-4.472,78.96551724137932,4.797313504436987,54.631698634143376,5,4,1,0,0.6,False
DYDX,2026-03-29T16:20:21.288Z,2026-03-29T16:20:21.288825Z,2026-03-29T18:20:21.288825Z,7483.692691,7,0.09104999999999999,10.982976386601083,8.250825082508259,-3.092,79.3103448275862,10.982976386601083,63.46472423223511,0,0,0,0,,
FIL,2026-03-29T16:20:35.358Z,2026-03-29T16:20:35.358435Z,2026-03-29T18:20:35.358435Z,7469.623081,7,0.8015000000000001,12.476606363069253,4.494382022471901,-2.198,85.17241379310344,12.476606363069253,66.0006874300164,60,12,44,4,1.0,False
GUN,2026-03-29T16:20:42.076Z,2026-03-29T16:20:42.077024Z,2026-03-29T18:20:42.077024Z,7462.904492,7,0.015934999999999998,18.826482585502845,13.190184049079773,-4.79,78.27586206896552,18.826482585502845,55.26197287333929,0,0,0,0,,
HUMA,2026-03-29T16:20:48.134Z,2026-03-29T16:20:48.134827Z,2026-03-29T18:20:48.134827Z,7456.846689,7,0.01477,13.540961408259435,17.484868863483523,0.473,82.06896551724138,13.540961408259435,69.97580969505309,1,0,1,0,1.0,False
ICP,2026-03-29T16:20:54.689Z,2026-03-29T16:20:54.689542Z,2026-03-29T18:20:54.689542Z,7450.291974,7,2.2085,4.527960153950147,3.6117381489841818,-3.106,82.75862068965517,4.527960153950147,62.379289348884654,15,9,4,2,0.4,False
INJ,2026-03-29T16:20:59.737Z,2026-03-29T16:20:59.737725Z,2026-03-29T18:20:59.737725Z,7445.243791,7,2.7945,3.578457684737484,4.610436025732667,-4.014,75.86206896551724,3.578457684737484,56.06627541323644,14,10,4,0,0.8571,False
KITE,2026-03-29T16:21:08.871Z,2026-03-29T16:21:08.872155Z,2026-03-29T18:21:08.872155Z,7436.109361,7,0.16010000000000002,12.492192379763006,13.320707070707074,-9.744,85.86206896551724,12.492192379763006,54.72388435936044,5,4,1,0,0.6,False
LDO,2026-03-29T16:21:18.405Z,2026-03-29T16:21:18.405903Z,2026-03-29T18:21:18.405903Z,7426.575613,7,0.30379999999999996,13.166556945359167,5.12566137566138,-1.85,75.51724137931035,13.166556945359167,62.208114483625494,8,5,1,2,0.5,False
ONDO,2026-03-29T16:21:24.970Z,2026-03-29T16:21:24.971066Z,2026-03-29T18:21:24.971066Z,7420.01045,7,0.2601,7.689350249903036,6.145038167938932,-5.176,80.6896551724138,7.689350249903036,56.2457325652226,5,3,0,2,0.8,False
PENGU,2026-03-29T16:21:42.880Z,2026-03-29T16:21:42.880474Z,2026-03-29T18:21:42.880474Z,7402.101042,7,0.006247,6.403073475268979,5.936949911985915,-5.275,82.41379310344827,6.403073475268979,58.1921204814469,9,7,2,0,1.0,False
PROVE,2026-03-29T16:21:49.348Z,2026-03-29T16:21:49.348299Z,2026-03-29T18:21:49.348299Z,7395.633217,7,0.23465,12.784998934584381,13.684210526315791,-10.165,73.44827586206897,12.784998934584381,47.78182778115833,0,0,0,0,,
PUMP,2026-03-29T16:21:55.161Z,2026-03-29T16:21:55.162107Z,2026-03-29T18:21:55.162107Z,7389.819409,7,0.0017035000000000002,5.870267097152427,3.866432337434087,-2.68,77.24137931034483,5.870267097152427,57.42559403236645,17,16,1,0,0.6471,False
RESOLV,2026-03-29T16:22:01.858Z,2026-03-29T16:22:01.859049Z,2026-03-29T18:22:01.859049Z,7383.122467,7,0.03825,26.14379084967395,9.973753280839889,-4.75,83.10344827586206,26.14379084967395,60.302817676750415,0,0,0,0,,
0G,2026-03-29T16:28:19.528Z,2026-03-29T16:28:19.528951Z,2026-03-29T18:28:19.528951Z,7606.049193,7,0.4705,21.253985122210434,7.264957264957259,-5.263,70.34482758620689,21.253985122210434,61.02308939636538,0,0,0,0,,
A2Z,2026-03-29T16:28:23.085Z,2026-03-29T16:28:23.085617Z,2026-03-29T18:28:23.085617Z,7602.492527,7,0.0002255,133.0376940133034,26.81818181818183,-0.452,67.24137931034483,133.0376940133034,59.975943432403,6,5,1,0,0.6667,True
AR,2026-03-29T16:28:36.203Z,2026-03-29T16:28:36.203859Z,2026-03-29T18:28:36.203859Z,7589.374285,7,1.685,59.34718100890213,3.5714285714285747,-2.89,59.6551724137931,59.34718100890213,57.20112181219988,13,8,4,1,1.0,False
ARKM,2026-03-29T16:28:42.774Z,2026-03-29T16:28:42.774490Z,2026-03-29T18:28:42.774490Z,7582.803654,7,0.0955,104.71204188481684,5.263157894736847,-2.062,60.0,104.71204188481684,54.58479964341124,13,5,6,2,0.6923,False
ATOM,2026-03-29T16:28:48.108Z,2026-03-29T16:28:48.108934Z,2026-03-29T18:28:48.108934Z,7577.46921,7,1.6415,6.0919890344190675,3.593179049939095,-2.667,67.93103448275862,6.0919890344190675,38.06979961642903,15,3,11,1,0.8,False
BERA,2026-03-29T16:29:00.165Z,2026-03-29T16:29:00.165511Z,2026-03-29T18:29:00.165511Z,7565.412633,7,0.4455,22.4466891133558,4.474272930648773,-2.188,62.758620689655174,22.4466891133558,50.13291559034837,1,1,0,0,-1.0,False
BIO,2026-03-29T16:29:06.015Z,2026-03-29T16:29:06.015608Z,2026-03-29T18:29:06.015608Z,7559.562536,7,0.016149999999999998,61.919504643962476,5.624999999999988,-1.84,65.17241379310344,61.919504643962476,58.55194659934313,0,0,0,0,,
CAKE,2026-03-29T16:29:16.509Z,2026-03-29T16:29:16.510018Z,2026-03-29T18:29:16.510018Z,7549.068126,7,1.3559999999999999,14.749262536873172,2.5055268975681675,-2.022,64.82758620689656,14.749262536873172,61.23199116449034,8,3,3,2,0.75,False
DASH,2026-03-29T16:29:23.205Z,2026-03-29T16:29:23.205432Z,2026-03-29T18:29:23.205432Z,7542.372712,7,31.675,9.471191791634139,3.9506953223767383,-2.285,67.58620689655173,9.471191791634139,57.48848020058986,4,3,1,0,1.0,False
EGLD,2026-03-29T16:29:28.626Z,2026-03-29T16:29:28.626486Z,2026-03-29T18:29:28.626486Z,7536.951658,7,3.7350000000000003,26.773761713521363,4.569892473118277,-3.377,63.10344827586207,26.773761713521363,60.327266218017336,13,6,2,5,0.2308,False
ENSO,2026-03-29T16:29:35.330Z,2026-03-29T16:29:35.330407Z,2026-03-29T18:29:35.330407Z,7530.247737,7,1.0314999999999999,9.694619486186253,6.963249516441011,-4.436,68.96551724137932,9.694619486186253,61.51991640172632,0,0,0,0,,
ETHFI,2026-03-29T16:29:47.330Z,2026-03-29T16:29:47.330711Z,2026-03-29T18:29:47.330711Z,7518.247433,7,0.4615,21.668472372697742,4.157549234135659,-1.931,61.724137931034484,21.668472372697742,61.61241214322326,3,3,0,0,1.0,False
GALA,2026-03-29T16:29:54.641Z,2026-03-29T16:29:54.642102Z,2026-03-29T18:29:54.642102Z,7510.936042,7,0.0027749999999999997,36.03603603603614,7.246376811594206,-5.802,66.20689655172414,36.03603603603614,55.842550545189354,4,3,1,0,1.0,False
IDEX,2026-03-29T16:30:05.850Z,2026-03-29T16:30:05.851101Z,2026-03-29T18:30:05.851101Z,7499.727043,7,0.00316,63.291139240506496,41.08761329305135,0.303,62.06896551724138,63.291139240506496,62.287083132755164,3,2,0,1,0.6667,False
MMT,2026-03-29T16:30:25.642Z,2026-03-29T16:30:25.642251Z,2026-03-29T18:30:25.642251Z,7479.935893,7,0.10525000000000001,9.501187648456328,4.170616113744077,-1.86,63.793103448275865,9.501187648456328,63.73168996935703,0,0,0,0,,
PARTI,2026-03-29T16:30:32.168Z,2026-03-29T16:30:32.168401Z,2026-03-29T18:30:32.168401Z,7473.409743,7,0.08635000000000001,11.580775911986434,11.418685121107258,-9.31,68.62068965517241,11.580775911986434,51.19387533588868,0,0,0,0,,
PENDLE,2026-03-29T16:30:37.427Z,2026-03-29T16:30:37.427282Z,2026-03-29T18:30:37.427282Z,7468.150862,7,1.1175000000000002,8.94854586129854,6.362007168458776,-5.183,72.41379310344827,8.94854586129854,51.3803293974121,6,5,1,0,0.6667,False
PIXEL,2026-03-29T16:30:42.490Z,2026-03-29T16:30:42.490564Z,2026-03-29T18:30:42.490564Z,7463.08758,7,0.007875,12.69841269841218,12.371134020618543,-6.954,70.6896551724138,12.69841269841218,51.906270017770275,23,10,12,1,0.7826,False
POL,2026-03-29T16:30:47.833Z,2026-03-29T16:30:47.833769Z,2026-03-29T18:30:47.833769Z,7457.744375,7,0.09234999999999999,10.828370330265608,2.065217391304347,-0.755,69.3103448275862,10.828370330265608,69.7617231154476,28,9,13,6,0.5,False
SOMI,2026-03-29T16:31:14.614Z,2026-03-29T16:31:14.614438Z,2026-03-29T18:31:14.614438Z,7430.963706,7,0.14975,6.677796327211285,7.214428857715434,-3.977,60.689655172413794,6.677796327211285,58.50990233738595,2,0,2,0,-1.0,False
SSV,2026-03-29T16:31:20.321Z,2026-03-29T16:31:20.321276Z,2026-03-29T18:31:20.321276Z,7425.256868,7,2.2119999999999997,18.083182640144685,4.270786006360759,-2.178,65.86206896551724,18.083182640144685,53.35319657776236,3,2,1,0,1.0,False
STEEM,2026-03-29T16:31:27.051Z,2026-03-29T16:31:27.051281Z,2026-03-29T18:31:27.051281Z,7418.526863,7,0.058335,39.42744493014503,16.50870239531278,0.173,68.27586206896552,39.42744493014503,66.42018346724065,0,0,0,0,,
STRK,2026-03-29T16:31:31.997Z,2026-03-29T16:31:31.997537Z,2026-03-29T18:31:31.997537Z,7413.580607,7,0.033549999999999996,29.806259314454827,3.5714285714285707,-2.89,64.13793103448276,29.806259314454827,57.08000203260133,22,12,6,4,0.6818,False
THE,2026-03-29T16:31:39.057Z,2026-03-29T16:31:39.057921Z,2026-03-29T18:31:39.057921Z,7406.520223,7,0.101,19.801980198018995,8.531746031746042,-6.407,70.0,19.801980198018995,44.71533958806016,19,9,7,3,0.7895,False
TIA,2026-03-29T16:31:44.758Z,2026-03-29T16:31:44.758949Z,2026-03-29T18:31:44.758949Z,7400.819195,7,0.2897,6.903693476008905,4.673539518900345,-2.643,63.44827586206897,6.903693476008905,66.68733621973252,12,6,4,2,0.3333,False
TON,2026-03-29T16:31:49.806Z,2026-03-29T16:31:49.806302Z,2026-03-29T18:31:49.806302Z,7395.771842,7,1.2205,8.193363375666628,2.6058631921824125,-1.603,71.03448275862068,8.193363375666628,47.67333351433723,13,11,1,1,0.8462,False
USDE,2026-03-29T16:31:54.764Z,2026-03-29T16:31:54.764796Z,2026-03-29T18:31:54.764796Z,7390.813348,7,0.99925,1.0007505629220814,0.0200140098068626,0.0,62.41379310344828,1.0007505629220814,52.32624921946697,5,5,0,0,1.0,False
ZRO,2026-03-29T16:32:05.966Z,2026-03-29T16:32:05.966266Z,2026-03-29T18:32:05.966266Z,7379.611878,7,1.9625,5.095541401274456,4.314720812182751,-3.479,69.65517241379311,5.095541401274456,40.4962121027745,7,6,1,0,0.7143,False
AIXBT,2026-03-29T16:37:42.477Z,2026-03-29T16:37:42.477516Z,2026-03-29T18:37:42.477516Z,7642.518358,7,0.023149999999999997,43.19654427645762,8.65800865800865,-2.532,46.55172413793103,43.19654427645762,43.0791647556765,6,5,1,0,-0.6667,False
ALLO,2026-03-29T16:37:49.685Z,2026-03-29T16:37:49.685376Z,2026-03-29T18:37:49.685376Z,7635.310498,7,0.10375000000000001,9.638554216867744,3.8572806171648892,-1.613,51.03448275862069,9.638554216867744,59.98346966513228,62,3,57,2,-0.5,False
AXS,2026-03-29T16:37:54.662Z,2026-03-29T16:37:54.662674Z,2026-03-29T18:37:54.662674Z,7630.3332,7,1.1265,8.877052818465263,5.141843971631211,-2.591,49.310344827586206,8.877052818465263,43.46991321437488,6,5,0,1,1.0,False
COTI,2026-03-29T16:38:12.872Z,2026-03-29T16:38:12.872757Z,2026-03-29T18:38:12.872757Z,7612.123117,7,0.01244,32.15434083601295,5.420711974110036,-0.882,56.89655172413793,32.15434083601295,33.132849098383026,8,0,8,0,0.75,False
EPIC,2026-03-29T16:38:20.286Z,2026-03-29T16:38:20.286261Z,2026-03-29T18:38:20.286261Z,7604.709613,7,0.2385,41.92872117400423,6.639004149377599,-0.823,53.793103448275865,41.92872117400423,61.33571049311165,0,0,0,0,,
EURI,2026-03-29T16:38:30.685Z,2026-03-29T16:38:30.685778Z,2026-03-29T18:38:30.685778Z,7594.310096,7,1.1501,1.7389792191981392,0.33046351856681483,0.078,53.44827586206897,1.7389792191981392,76.11029743242959,0,0,0,0,,
HYPER,2026-03-29T16:38:41.928Z,2026-03-29T16:38:41.928533Z,2026-03-29T18:38:41.928533Z,7583.067341,7,0.07955000000000001,12.570710245129208,4.055766793409372,-1.743,54.13793103448276,12.570710245129208,60.36478767391209,0,0,0,0,,
MORPHO,2026-03-29T16:39:06.334Z,2026-03-29T16:39:06.335223Z,2026-03-29T18:39:06.335223Z,7558.660651,7,1.4835,6.740815638691539,3.1799729364005365,-2.442,49.6551724137931,6.740815638691539,62.63616404452211,3,3,0,0,1.0,False
NEIRO,2026-03-29T16:39:12.837Z,2026-03-29T16:39:12.837662Z,2026-03-29T18:39:12.837662Z,7552.158212,7,5.4695000000000004e-05,20.111527561935098,5.093784479588076,-4.328,47.58620689655172,20.111527561935098,43.51794891621376,8,8,0,0,0.75,False
RVN,2026-03-29T16:39:56.241Z,2026-03-29T16:39:56.241383Z,2026-03-29T18:39:56.241383Z,7508.754491,7,0.005795,51.76876617773882,5.631399317406136,3.169,50.3448275862069,51.76876617773882,50.75015010408936,17,6,8,3,1.0,False
SHELL,2026-03-29T16:40:18.739Z,2026-03-29T16:40:18.740211Z,2026-03-29T18:40:18.740211Z,7486.255663,7,0.02685,37.24394785847277,4.477611940298506,-0.741,51.724137931034484,37.24394785847277,47.757129618716355,0,0,0,0,,
SPK,2026-03-29T16:40:24.494Z,2026-03-29T16:40:24.495302Z,2026-03-29T18:40:24.495302Z,7480.500572,7,0.020104,15.91723040190873,2.21945757651158,-0.233,48.275862068965516,15.91723040190873,54.987843843485834,65,17,42,6,0.2308,False
VANA,2026-03-29T16:40:51.922Z,2026-03-29T16:40:51.922819Z,2026-03-29T18:40:51.922819Z,7453.073055,7,1.2455,24.086712163790555,18.557536466774707,2.152,55.172413793103445,24.086712163790555,69.17737734207492,2,2,0,0,1.0,False
VET,2026-03-29T16:40:59.335Z,2026-03-29T16:40:59.335905Z,2026-03-29T18:40:59.335905Z,7445.659969,7,0.0065804999999999995,4.558924093914442,4.535078374676605,-3.792,56.206896551724135,4.558924093914442,34.3798541542864,19,12,6,1,0.6842,False
XTZ,2026-03-29T16:41:06.292Z,2026-03-29T16:41:06.292995Z,2026-03-29T18:41:06.292995Z,7438.702879,7,0.3416,17.564402810304138,4.512159390565476,-3.397,58.62068965517241,17.564402810304138,55.477837791493926,20,10,10,0,0.65,False
ZEN,2026-03-29T16:41:21.934Z,2026-03-29T16:41:21.934459Z,2026-03-29T18:41:21.934459Z,7423.061415,7,5.138,3.892565200468408,3.7728433876989618,-3.324,50.689655172413794,3.892565200468408,60.04736166067947,6,3,1,2,1.0,False
2Z,2026-03-29T16:47:03.101Z,2026-03-29T16:47:03.101645Z,2026-03-29T18:47:03.101645Z,7682.545534,7,0.067465,10.375750389090733,6.605751947273812,-6.13,43.10344827586207,10.375750389090733,50.49133776429415,7,1,3,3,0.5714,True
BANANA,2026-03-29T16:47:24.410Z,2026-03-29T16:47:24.411327Z,2026-03-29T18:47:24.411327Z,7661.235852,7,3.315,30.165912518853055,3.0581039755351576,0.0,35.172413793103445,30.165912518853055,46.25642022310371,6,5,1,0,1.0,False
BEAMX,2026-03-29T16:47:31.008Z,2026-03-29T16:47:31.009046Z,2026-03-29T18:47:31.009046Z,7654.638133,7,0.001606,24.90660024906661,5.325814536340839,-3.565,39.6551724137931,24.90660024906661,62.73628804453892,0,0,0,0,,
CVX,2026-03-29T16:48:00.911Z,2026-03-29T16:48:00.912060Z,2026-03-29T18:48:00.912060Z,7624.735119,7,1.655,48.33836858006047,5.137844611528813,-4.887,33.44827586206897,48.33836858006047,52.36873696605384,8,1,5,2,1.0,False
GMX,2026-03-29T16:48:30.649Z,2026-03-29T16:48:30.649570Z,2026-03-29T18:48:30.649570Z,7594.997609,7,6.27,31.897926634769476,4.361873990306954,-4.031,32.41379310344828,31.897926634769476,48.74764092954615,6,6,0,0,1.0,False
LA,2026-03-29T16:48:58.241Z,2026-03-29T16:48:58.241719Z,2026-03-29T18:48:58.241719Z,7567.40546,7,0.1858,21.52852529601784,8.415300546448085,4.452,35.86206896551724,21.52852529601784,71.61479222969866,0,0,0,0,,
NEWT,2026-03-29T16:49:46.558Z,2026-03-29T16:49:46.558976Z,2026-03-29T18:49:46.558976Z,7519.088203,7,0.0698,28.65329512894065,5.2932761087267455,0.143,42.41379310344828,28.65329512894065,46.39221691610884,0,0,0,0,,
PEOPLE,2026-03-29T16:50:06.426Z,2026-03-29T16:50:06.426966Z,2026-03-29T18:50:06.426966Z,7499.220213,7,0.006215,16.09010458567915,5.901116427432225,-4.421,36.89655172413793,16.09010458567915,60.14629822207009,6,3,2,1,1.0,False
SNX,2026-03-29T16:50:24.966Z,2026-03-29T16:50:24.966902Z,2026-03-29T18:50:24.966902Z,7480.680277,7,0.2765,36.16636528028936,3.2374100719424286,-1.418,33.793103448275865,36.16636528028936,63.038688418895305,4,4,0,0,0.5,False
XVG,2026-03-29T16:50:44.471Z,2026-03-29T16:50:44.471587Z,2026-03-29T18:50:44.471587Z,7461.175592,7,0.0043205,20.830922346949336,5.54256314312442,-4.211,41.724137931034484,20.830922346949336,53.68487136387365,63,15,38,10,-0.381,False
A,2026-03-29T16:56:34.514Z,2026-03-29T16:56:34.514807Z,2026-03-29T18:56:34.514807Z,7712.265173,7,0.07335,68.16632583503755,3.983516483516483,-3.32,20.0,68.16632583503755,43.23589779643615,0,0,0,0,,
ACT,2026-03-29T16:56:41.145Z,2026-03-29T16:56:41.145346Z,2026-03-29T18:56:41.145346Z,7705.634634,7,0.01185,84.3881856540094,5.932203389830502,-2.479,31.03448275862069,84.3881856540094,50.43760866768874,4,2,2,0,1.0,False
ACX,2026-03-29T16:56:48.555Z,2026-03-29T16:56:48.555900Z,2026-03-29T18:56:48.555900Z,7698.22408,7,0.04185,23.89486260454071,4.316546762589935,-2.113,24.137931034482758,23.89486260454071,55.76965835249406,65,21,40,4,0.0,False
AEVO,2026-03-29T16:56:55.764Z,2026-03-29T16:56:55.764628Z,2026-03-29T18:56:55.764628Z,7691.015352,7,0.0214,93.45794392523308,9.859154929577455,-6.167,29.655172413793103,93.45794392523308,52.32032665516395,4,4,0,0,1.0,False
ANIME,2026-03-29T16:57:00.551Z,2026-03-29T16:57:00.551314Z,2026-03-29T18:57:00.551314Z,7686.228666,7,0.0044150000000000005,22.6500566251426,5.1918735891647705,-4.32,21.03448275862069,22.6500566251426,54.47528327070829,1,1,0,0,1.0,False
BANK,2026-03-29T16:57:05.942Z,2026-03-29T16:57:05.942440Z,2026-03-29T18:57:05.942440Z,7680.83754,7,0.0416,48.07692307692278,5.41176470588236,1.675,28.620689655172413,48.07692307692278,39.75657680022186,1,0,0,1,-1.0,False
BB,2026-03-29T16:57:13.292Z,2026-03-29T16:57:13.292696Z,2026-03-29T18:57:13.292696Z,7673.487284,7,0.022949999999999998,43.57298474945508,4.8458149779735695,-3.404,25.862068965517242,43.57298474945508,50.83034233430014,0,0,0,0,,
COW,2026-03-29T16:57:20.731Z,2026-03-29T16:57:20.731561Z,2026-03-29T18:57:20.731561Z,7666.048419,7,0.1981,20.19182231196423,3.304524656837827,-1.846,18.275862068965516,20.19182231196423,44.788605295397204,5,4,0,1,1.0,False
DOLO,2026-03-29T16:57:33.119Z,2026-03-29T16:57:33.119373Z,2026-03-29T18:57:33.119373Z,7653.660607,7,0.029975,83.40283569641258,5.179952909519015,-3.537,18.620689655172413,83.40283569641258,54.42749478792062,0,0,0,0,,
DYM,2026-03-29T16:57:40.528Z,2026-03-29T16:57:40.528766Z,2026-03-29T18:57:40.528766Z,7646.251214,7,0.02495,40.080160320642435,20.080321285140567,-4.598,27.586206896551722,40.080160320642435,36.08392744022665,5,4,1,0,1.0,False
ERA,2026-03-29T16:57:50.989Z,2026-03-29T16:57:50.989746Z,2026-03-29T18:57:50.989746Z,7635.790234,7,0.12355,8.093889113719374,3.80566801619434,-1.828,24.482758620689655,8.093889113719374,55.85794778321538,0,0,0,0,,
FF,2026-03-29T16:57:58.718Z,2026-03-29T16:57:58.718796Z,2026-03-29T18:57:58.718796Z,7628.061184,7,0.07050000000000001,25.531914893616964,3.158350158638589,-2.885,20.689655172413794,25.531914893616964,40.244345394109594,0,0,0,0,,
GPS,2026-03-29T16:58:04.652Z,2026-03-29T16:58:04.652859Z,2026-03-29T18:58:04.652859Z,7622.127121,7,0.007665,13.046314416176898,3.225806451612895,-1.148,26.896551724137932,13.046314416176898,65.2702908480837,0,0,0,0,,
MANTA,2026-03-29T16:58:56.103Z,2026-03-29T16:58:56.103987Z,2026-03-29T18:58:56.103987Z,7570.675993,7,0.06007,23.306142833361285,4.165278240586475,-2.232,17.93103448275862,23.306142833361285,31.253984028817918,7,4,2,1,0.4286,False
MET,2026-03-29T16:59:02.952Z,2026-03-29T16:59:02.953072Z,2026-03-29T18:59:02.953072Z,7563.826908,7,0.13245,22.65005662514116,8.252788104089218,-7.56,17.586206896551722,22.65005662514116,35.351409486426085,2,2,0,0,1.0,False
SXT,2026-03-29T16:59:42.405Z,2026-03-29T16:59:42.405198Z,2026-03-29T18:59:42.405198Z,7524.374782,7,0.01495,66.889632107023,8.66666666666666,-7.407,28.96551724137931,66.889632107023,50.87891426475172,0,0,0,0,,
TST,2026-03-29T17:00:06.712Z,2026-03-29T17:00:06.712324Z,2026-03-29T19:00:06.712324Z,7500.067656,7,0.008095,12.353304508955643,3.8036809815951074,0.493,30.344827586206897,12.353304508955643,57.122067481576245,0,0,0,0,,
WAL,2026-03-29T17:00:26.290Z,2026-03-29T17:00:26.291047Z,2026-03-29T19:00:26.291047Z,7480.488933,7,0.06615,15.117157974299166,8.371385083713859,-6.41,29.310344827586206,15.117157974299166,56.71885267538431,2,1,0,1,0.0,False
1000CAT,2026-03-29T17:06:07.043Z,2026-03-29T17:06:07.043704Z,2026-03-29T19:06:07.043704Z,7738.316134,7,0.001565,63.89776357827493,6.36942675159236,0.641,14.827586206896552,63.89776357827493,55.28392024333272,71,15,48,8,0.3944,False
1000CHEEMS,2026-03-29T17:06:12.147Z,2026-03-29T17:06:12.147245Z,2026-03-29T19:06:12.147245Z,7733.212593,7,0.0004125,72.72727272727187,5.26315789473684,0.966,12.758620689655173,72.72727272727187,46.340029017947494,56,3,47,6,0.3393,False
1000SATS,2026-03-29T17:06:18.191Z,2026-03-29T17:06:18.191871Z,2026-03-29T19:06:18.191871Z,7727.167967,7,1.0330000000000001e-05,58.08325266215016,5.288932419196865,-4.579,8.275862068965518,58.08325266215016,49.702320415455475,23,11,9,3,0.5217,False
1INCH,2026-03-29T17:06:25.545Z,2026-03-29T17:06:25.546223Z,2026-03-29T19:06:25.546223Z,7719.813615,7,0.0869,46.02991944764069,2.890173410404627,-2.37,5.172413793103448,46.02991944764069,57.61578614665692,3,2,1,0,1.0,True
1MBABYDOGE,2026-03-29T17:06:32.663Z,2026-03-29T17:06:32.663250Z,2026-03-29T19:06:32.663250Z,7712.696588,7,0.00037874999999999996,18.481848184818933,3.7085744345081437,-2.862,16.896551724137932,18.481848184818933,39.96661632270175,0,0,0,0,,
API3,2026-03-29T17:06:40.063Z,2026-03-29T17:06:40.063573Z,2026-03-29T19:06:40.063573Z,7705.296265,7,0.26370000000000005,15.168752370117991,2.833396297695507,-1.452,6.551724137931035,15.168752370117991,37.47857792851292,6,5,0,1,1.0,True
AT,2026-03-29T17:06:47.045Z,2026-03-29T17:06:47.045833Z,2026-03-29T19:06:47.045833Z,7698.314005,7,0.14495000000000002,48.292514660228086,2.849200833912434,1.053,11.03448275862069,48.292514660228086,57.00943879090403,4,4,0,0,1.0,False
AUCTION,2026-03-29T17:06:52.017Z,2026-03-29T17:06:52.017754Z,2026-03-29T19:06:52.017754Z,7693.342084,7,4.405,22.701475595913248,2.045454545454542,-1.345,10.344827586206897,22.701475595913248,55.75107559676481,1,0,1,0,1.0,True
BMT,2026-03-29T17:06:57.801Z,2026-03-29T17:06:57.801851Z,2026-03-29T19:06:57.801851Z,7687.557987,7,0.013855,7.217610970769633,3.004291845493564,-0.71,8.96551724137931,7.217610970769633,48.75108427814665,0,0,0,0,,
COMP,2026-03-29T17:07:11.275Z,2026-03-29T17:07:11.275481Z,2026-03-29T19:07:11.275481Z,7674.084357,7,18.015,16.652789342215453,3.8397328881469193,-3.335,4.137931034482759,16.652789342215453,40.133869312399405,61,10,43,8,0.1311,False
MAGIC,2026-03-29T17:08:06.092Z,2026-03-29T17:08:06.092403Z,2026-03-29T19:08:06.092403Z,7619.267435,7,0.055900000000000005,35.77817531305881,4.667863554757627,-4.296,6.206896551724138,35.77817531305881,37.02613249686774,69,12,48,9,0.4638,False
ME,2026-03-29T17:08:19.107Z,2026-03-29T17:08:19.107285Z,2026-03-29T19:08:19.107285Z,7606.252553,7,0.0968,20.66115702479398,3.073770491803281,-1.414,14.482758620689655,20.66115702479398,43.29215695075565,12,9,3,0,0.6667,False
NXPC,2026-03-29T17:08:38.197Z,2026-03-29T17:08:38.197752Z,2026-03-29T19:08:38.197752Z,7587.162086,7,0.269,22.30483271375425,3.6336670374490287,-3.229,13.448275862068966,22.30483271375425,55.57341319244804,0,0,0,0,,
AAVE,2026-03-29T17:15:35.749Z,2026-03-29T17:15:35.749963Z,2026-03-29T19:15:35.749963Z,7769.400878,7,95.14,2.102165230188168,3.9840637450199177,-2.673,90.6896551724138,2.102165230188168,42.10925952052999,10,7,2,1,0.8,False
ADA,2026-03-29T17:15:40.751Z,2026-03-29T17:15:40.751553Z,2026-03-29T19:15:40.751553Z,7764.399288,7,0.24085,4.151961801952117,4.815276048152748,-4.138,95.17241379310344,4.151961801952117,46.47218085612189,44,19,23,2,0.3182,False
AVAX,2026-03-29T17:15:45.994Z,2026-03-29T17:15:45.994658Z,2026-03-29T19:15:45.994658Z,7759.156183,7,8.614999999999998,11.60766105629691,3.8194444444444446,-3.247,91.37931034482759,11.60766105629691,58.40122458804385,15,5,9,1,0.8667,False
BCH,2026-03-29T17:15:51.074Z,2026-03-29T17:15:51.074916Z,2026-03-29T19:15:51.074916Z,7754.075925,7,452.65,2.2092124157730235,5.884917175239756,-4.912,95.86206896551724,2.2092124157730235,50.266369070812125,29,16,8,5,0.3103,False
BFUSD,2026-03-29T17:15:57.169Z,2026-03-29T17:15:57.169790Z,2026-03-29T19:15:57.169790Z,7747.981051,7,0.99935,3.001951268325191,0.08006405124099508,0.03,3.103448275862069,3.001951268325191,55.86901499588986,0,0,0,0,,
BIGTIME,2026-03-29T17:16:04.958Z,2026-03-29T17:16:04.958756Z,2026-03-29T19:16:04.958756Z,7740.192085,7,0.011810000000000001,16.934801016088837,3.842869342442348,-3.621,3.4482758620689653,16.934801016088837,36.335929113058626,67,21,33,13,0.0299,False
BLUR,2026-03-29T17:16:11.759Z,2026-03-29T17:16:11.760009Z,2026-03-29T19:16:11.760009Z,7733.390832,7,0.01694,35.419126328215796,5.166270783847976,-4.912,2.0689655172413794,35.419126328215796,52.49345485860535,4,2,1,1,1.0,False
BNB,2026-03-29T17:16:17.426Z,2026-03-29T17:16:17.426789Z,2026-03-29T19:16:17.426789Z,7727.724052,7,608.895,0.16423192832903713,1.7936481816685828,-1.52,97.24137931034483,0.16423192832903713,39.002027944344086,48,28,15,5,0.6875,False
BTC,2026-03-29T17:16:22.729Z,2026-03-29T17:16:22.729847Z,2026-03-29T19:16:22.729847Z,7722.420994,7,66368.345,0.0015067424100018202,1.2813326558963012,-1.038,100.0,0.0015067424100018202,48.42940342687403,45,14,20,11,0.1111,False
CHZ,2026-03-29T17:16:28.420Z,2026-03-29T17:16:28.420476Z,2026-03-29T19:16:28.420476Z,7716.730365,7,0.0393,10.178117048345642,8.465209746294896,-0.723,92.75862068965517,10.178117048345642,59.425462821523084,8,5,2,1,0.75,False
DOGE,2026-03-29T17:16:33.422Z,2026-03-29T17:16:33.422255Z,2026-03-29T19:16:33.422255Z,7711.728586,7,0.090505,1.1049113308652696,4.982798801464869,-4.625,96.89655172413794,1.1049113308652696,46.50947131509035,39,16,21,2,0.6154,False
ENA,2026-03-29T17:16:39.404Z,2026-03-29T17:16:39.405099Z,2026-03-29T19:16:39.405099Z,7705.745742,7,0.09015000000000001,11.092623405435702,5.784204671857616,-3.02,93.79310344827586,11.092623405435702,50.34442004761427,14,8,6,0,0.7143,False
NOM,2026-03-29T17:17:39.194Z,2026-03-29T17:17:39.194245Z,2026-03-29T19:17:39.194245Z,7645.956596,7,0.0024149999999999996,41.40786749482413,37.848605577689234,1.21,94.82758620689656,41.40786749482413,62.36598666495648,6,5,0,1,1.0,False
PEPE,2026-03-29T17:17:44.967Z,2026-03-29T17:17:44.968220Z,2026-03-29T19:17:44.968220Z,7640.182621,7,3.265e-06,30.62787136293998,4.6153846153846105,-3.561,96.55172413793103,30.62787136293998,57.27633166099713,30,24,0,6,0.6667,False
T,2026-03-29T17:18:22.894Z,2026-03-29T17:18:22.894381Z,2026-03-29T19:18:22.894381Z,7602.25646,7,0.00594,67.34006734006752,1.9966722129783745,-0.988,1.0344827586206897,67.34006734006752,38.83553155219648,0,0,0,0,,
DOT,2026-03-29T17:24:30.638Z,2026-03-29T17:24:30.639102Z,2026-03-29T19:24:30.639102Z,7234.511739,7,1.2525,7.984031936126866,3.34394904458599,-2.409,87.24137931034483,7.984031936126866,63.152590781276146,18,11,4,3,0.5556,False
HEMI,2026-03-29T17:24:36.879Z,2026-03-29T17:24:36.879338Z,2026-03-29T19:24:36.879338Z,7228.271503,7,0.005775000000000001,17.316017316018108,18.10490693739424,6.872,87.58620689655173,17.316017316018108,63.546805511393345,0,0,0,0,,
NEAR,2026-03-29T17:24:47.820Z,2026-03-29T17:24:47.820574Z,2026-03-29T19:24:47.820574Z,7217.330267,7,1.1564999999999999,8.646779074795608,3.37662337662337,-2.284,88.96551724137932,8.646779074795608,54.47487525393906,10,8,2,0,0.8,False
TRUMP,2026-03-29T17:24:58.621Z,2026-03-29T17:24:58.622064Z,2026-03-29T19:24:58.622064Z,7206.528777,7,2.8765,3.4764470710929594,6.578026592022399,-5.018,88.27586206896552,3.4764470710929594,51.84385432559779,24,8,10,6,0.25,False
WLFI,2026-03-29T17:25:09.156Z,2026-03-29T17:25:09.157048Z,2026-03-29T19:25:09.157048Z,7796.167613,7,0.09784999999999999,10.219724067450473,3.8065843621399127,-2.897,89.3103448275862,10.219724067450473,53.82311527252542,9,8,0,1,0.5556,False
BANANAS31,2026-03-29T17:31:09.375Z,2026-03-29T17:31:09.375316Z,2026-03-29T19:31:09.375316Z,7435.949345,7,0.0129525,8.492569002123599,4.864864864864854,-2.411,80.0,8.492569002123599,55.83581768262413,2,2,0,0,1.0,True
BARD,2026-03-29T17:31:15.240Z,2026-03-29T17:31:15.240542Z,2026-03-29T19:31:15.240542Z,7430.084119,7,0.3553,11.25809175344655,10.918737782742257,-3.295,83.79310344827586,11.25809175344655,36.156522757904874,0,0,0,0,,
CETUS,2026-03-29T17:31:26.780Z,2026-03-29T17:31:26.781177Z,2026-03-29T19:31:26.781177Z,7418.543484,7,0.024895,4.016870857601765,9.00621118012422,-1.491,75.17241379310344,4.016870857601765,52.990637859280284,10,8,0,2,0.8,False
CFX,2026-03-29T17:31:32.050Z,2026-03-29T17:31:32.050366Z,2026-03-29T19:31:32.050366Z,7413.274295,7,0.053645,20.505172895889455,7.7919708029197015,-3.809,83.44827586206897,20.505172895889455,61.63122352755419,2,1,1,0,1.0,False
EIGEN,2026-03-29T17:31:50.549Z,2026-03-29T17:31:50.549859Z,2026-03-29T19:31:50.549859Z,7394.774802,7,0.1685,59.347181008902126,4.733727810650875,-2.874,73.10344827586206,59.347181008902126,58.20543197268976,0,0,0,0,,
ENJ,2026-03-29T17:31:56.247Z,2026-03-29T17:31:56.247846Z,2026-03-29T19:31:56.247846Z,7389.076815,7,0.02121,94.29514380009373,20.03958436417614,1.865,77.93103448275862,94.29514380009373,60.43669812086014,21,10,11,0,0.6667,False
KERNEL,2026-03-29T17:32:25.507Z,2026-03-29T17:32:25.508196Z,2026-03-29T19:32:25.508196Z,7359.816465,7,0.07385,13.540961408258497,10.052910052910065,-3.694,73.79310344827586,13.540961408258497,56.42062222815065,0,0,0,0,,
KMNO,2026-03-29T17:32:35.317Z,2026-03-29T17:32:35.318095Z,2026-03-29T19:32:35.318095Z,7350.006566,7,0.016805,5.950609937518353,6.428988895382819,1.664,79.65517241379311,5.950609937518353,53.429199667373354,9,6,3,0,1.0,False
ONT,2026-03-29T17:32:50.314Z,2026-03-29T17:32:50.314611Z,2026-03-29T19:32:50.314611Z,7335.01005,7,0.059245,25.318592286268437,14.888507718696397,-5.08,78.62068965517241,25.318592286268437,49.99570132146996,2,1,1,0,0.0,False
OP,2026-03-29T17:32:56.129Z,2026-03-29T17:32:56.129857Z,2026-03-29T19:32:56.129857Z,7329.194804,7,0.10195,9.808729769493771,5.1434223541048425,-3.346,74.13793103448276,9.808729769493771,61.512486439764174,65,33,28,4,0.4,False
PAXG,2026-03-29T17:33:01.379Z,2026-03-29T17:33:01.380218Z,2026-03-29T19:33:01.380218Z,7323.944443,7,4515.15,2.3033564776363216,0.6034698964180123,0.161,85.51724137931035,2.3033564776363216,65.07865313949154,5,3,1,1,0.6,False
RUNE,2026-03-29T17:33:26.924Z,2026-03-29T17:33:26.924879Z,2026-03-29T19:33:26.924879Z,7298.399782,7,0.3945,25.348542458808637,1.776649746192895,-1.253,81.03448275862068,25.348542458808637,60.26286477904051,7,3,3,1,0.4286,False
SEI,2026-03-29T17:33:35.274Z,2026-03-29T17:33:35.275015Z,2026-03-29T19:33:35.275015Z,7290.049646,7,0.05245,19.06577693040914,3.9548022598870145,-3.102,74.48275862068965,19.06577693040914,59.36910387209332,11,10,1,0,1.0,False
SHIB,2026-03-29T17:33:40.408Z,2026-03-29T17:33:40.408344Z,2026-03-29T19:33:40.408344Z,7284.916317,7,5.765e-06,17.34605377276653,3.9861351819757425,-2.698,81.72413793103448,17.34605377276653,59.28195136712653,12,4,7,1,0.6667,False
SYRUP,2026-03-29T17:33:46.693Z,2026-03-29T17:33:46.693378Z,2026-03-29T19:33:46.693378Z,7278.631283,7,0.20165,4.959087527894321,4.411764705882358,-1.163,72.75862068965517,4.959087527894321,67.13947566542122,2,1,1,0,0.0,False
TWT,2026-03-29T17:33:53.583Z,2026-03-29T17:33:53.584158Z,2026-03-29T19:33:53.584158Z,7271.740503,7,0.4346,23.00966405890476,4.5778697952611065,-0.069,74.82758620689656,23.00966405890476,65.08700033664554,13,5,6,2,0.3846,False
UNI,2026-03-29T17:34:00.249Z,2026-03-29T17:34:00.249489Z,2026-03-29T19:34:00.249489Z,7265.075172,7,3.3594999999999997,2.9766334275930646,3.2508201610498055,-1.816,76.89655172413794,2.9766334275930646,50.85251062720301,27,13,12,2,0.7778,False
VIRTUAL,2026-03-29T17:34:06.369Z,2026-03-29T17:34:06.369559Z,2026-03-29T19:34:06.369559Z,7258.955102,7,0.64815,4.628558204118907,5.290760450408761,-4.381,81.37931034482759,4.628558204118907,41.9767297762882,10,8,1,1,0.8,False
WIF,2026-03-29T17:34:11.694Z,2026-03-29T17:34:11.694247Z,2026-03-29T19:34:11.694247Z,7253.630414,7,0.17149999999999999,58.30903790087307,5.232558139534873,-4.444,84.13793103448276,58.30903790087307,31.94816465095494,15,11,3,1,0.8667,False
XPL,2026-03-29T17:34:17.521Z,2026-03-29T17:34:17.521541Z,2026-03-29T19:34:17.521541Z,7247.80312,7,0.08695,11.500862564691086,6.944444444444434,-6.189,84.82758620689656,11.500862564691086,53.0598280501499,35,6,29,0,0.2857,False
APE,2026-03-29T17:40:19.134Z,2026-03-29T17:40:19.134726Z,2026-03-29T19:40:19.134726Z,7485.992631,7,0.08424999999999999,11.869436201780758,5.119047619047634,-3.78,62.41379310344828,11.869436201780758,48.60303660290154,16,11,2,3,0.5625,False
AVNT,2026-03-29T17:40:37.078Z,2026-03-29T17:40:37.078965Z,2026-03-29T19:40:37.078965Z,7468.048392,7,0.13085,7.6423385555971715,6.120887528691665,-4.668,67.93103448275862,7.6423385555971715,59.51583663739815,0,0,0,0,,
BONK,2026-03-29T17:40:51.925Z,2026-03-29T17:40:51.925556Z,2026-03-29T19:40:51.925556Z,7453.201801,7,5.645e-06,17.714791851195578,4.618117229129648,-3.761,71.03448275862068,17.714791851195578,58.42141413215085,11,9,1,1,1.0,False
GIGGLE,2026-03-29T17:41:30.066Z,2026-03-29T17:41:30.066263Z,2026-03-29T19:41:30.066263Z,7415.061094,7,23.59,25.434506146673282,9.69125214408234,-2.099,72.41379310344827,25.434506146673282,63.99211478839581,2,1,1,0,1.0,False
JUP,2026-03-29T17:41:40.601Z,2026-03-29T17:41:40.601186Z,2026-03-29T19:41:40.601186Z,7404.526171,7,0.14195,7.044734061288411,3.5991531404375596,-3.21,65.86206896551724,7.044734061288411,54.356785611091716,69,14,51,4,0.4203,False
LINEA,2026-03-29T17:41:48.484Z,2026-03-29T17:41:48.484827Z,2026-03-29T19:41:48.484827Z,7396.64253,7,0.0028850000000000004,34.66204506065866,4.844290657439443,-4.62,59.6551724137931,34.66204506065866,50.134967268297295,0,0,0,0,,
RSR,2026-03-29T17:42:11.508Z,2026-03-29T17:42:11.508684Z,2026-03-29T19:42:11.508684Z,7373.618673,7,0.001536,13.020833333333648,6.719367588932812,-4.588,62.06896551724138,13.020833333333648,51.82801784622593,3,2,1,0,1.0,False
SAND,2026-03-29T17:42:17.257Z,2026-03-29T17:42:17.257421Z,2026-03-29T19:42:17.257421Z,7367.869936,7,0.07235,13.821700069108896,3.734439834024888,-3.213,61.03448275862069,13.821700069108896,61.93435218267582,66,17,45,4,-0.2121,False
SIGN,2026-03-29T17:42:25.272Z,2026-03-29T17:42:25.273129Z,2026-03-29T19:42:25.273129Z,7359.854228,7,0.032085,9.350163627862024,18.058619602899462,-1.122,66.55172413793103,9.350163627862024,66.77679242186497,48,17,27,4,0.8542,False
SKY,2026-03-29T17:42:30.796Z,2026-03-29T17:42:30.796418Z,2026-03-29T19:42:30.796418Z,7354.330939,7,0.07170499999999999,6.973014434141047,3.9338337503475103,2.493,67.58620689655173,6.973014434141047,68.4561232507872,64,8,49,7,0.25,False
W,2026-03-29T17:43:07.375Z,2026-03-29T17:43:07.375368Z,2026-03-29T19:43:07.375368Z,7317.751989,7,0.01465,68.2593856655286,4.794520547945201,-3.947,59.310344827586206,68.2593856655286,54.541575031215736,4,2,2,0,0.5,False
CATI,2026-03-29T17:49:10.150Z,2026-03-29T17:49:10.150955Z,2026-03-29T19:49:10.150955Z,7555.01246,7,0.0529,37.80718336483909,12.523719165085392,6.465,47.241379310344826,37.80718336483909,72.66584084462696,4,1,0,3,0.5,False
CKB,2026-03-29T17:49:17.379Z,2026-03-29T17:49:17.379221Z,2026-03-29T19:49:17.379221Z,7547.784194,7,0.00134,14.925373134328721,7.222635889798948,-3.172,58.62068965517241,14.925373134328721,33.06244209945317,5,2,1,2,1.0,False
ETC,2026-03-29T17:49:40.418Z,2026-03-29T17:49:40.418676Z,2026-03-29T19:49:40.418676Z,7524.744739,7,7.945,12.586532410320688,3.6662452591656134,-3.182,51.03448275862069,12.586532410320688,55.386500869977084,7,5,2,0,0.5714,False
EUL,2026-03-29T17:49:46.649Z,2026-03-29T17:49:46.649309Z,2026-03-29T19:49:46.649309Z,7518.514106,7,0.726,27.548209366391212,4.600811907983766,-2.891,46.55172413793103,27.548209366391212,52.238967259047804,31,5,25,1,-0.1935,False
FLOKI,2026-03-29T17:49:51.751Z,2026-03-29T17:49:51.751589Z,2026-03-29T19:49:51.751589Z,7513.411826,7,2.721e-05,7.35023888276362,4.002937936099882,-3.199,47.93103448275862,7.35023888276362,57.20610010196082,7,6,1,0,0.7143,False
IMX,2026-03-29T17:50:06.891Z,2026-03-29T17:50:06.892164Z,2026-03-29T19:50:06.892164Z,7498.271251,7,0.1424,14.044943820223173,5.384615384615374,-3.378,48.96551724137931,14.044943820223173,63.81010735803683,17,6,9,2,0.7059,False
IO,2026-03-29T17:50:14.765Z,2026-03-29T17:50:14.766077Z,2026-03-29T19:50:14.766077Z,7490.397338,7,0.1035,96.6183574879228,4.85436893203884,-2.83,46.89655172413793,96.6183574879228,53.37550309229656,5,4,0,1,1.0,False
IOTA,2026-03-29T17:50:21.628Z,2026-03-29T17:50:21.628968Z,2026-03-29T19:50:21.628968Z,7483.534447,7,0.05295,18.885741265343896,5.440900562851782,-4.309,57.58620689655172,18.885741265343896,57.22793720219273,10,8,1,1,0.8,False
MUBARAK,2026-03-29T17:50:36.674Z,2026-03-29T17:50:36.675362Z,2026-03-29T19:50:36.675362Z,7468.488053,7,0.011019999999999999,36.29764065335763,5.4249547920433985,-0.36,45.86206896551724,36.29764065335763,48.40031642101004,1,0,0,1,-1.0,False
ORCA,2026-03-29T17:50:50.333Z,2026-03-29T17:50:50.333462Z,2026-03-29T19:50:50.333462Z,7454.829953,7,0.8265,12.099213551119187,4.004854368932042,-2.6,49.310344827586206,12.099213551119187,59.33680481514554,18,12,4,2,0.8333,False
PLUME,2026-03-29T17:50:56.018Z,2026-03-29T17:50:56.018629Z,2026-03-29T19:50:56.018629Z,7449.144786,7,0.009965,10.035122930255488,8.433734939759042,-6.567,57.241379310344826,10.035122930255488,51.29662686269954,5,1,4,0,0.4,False
PNUT,2026-03-29T17:51:03.140Z,2026-03-29T17:51:03.141172Z,2026-03-29T19:51:03.141172Z,7442.022243,7,0.03795,26.35046113306876,3.9682539682539715,-3.325,57.93103448275862,26.35046113306876,56.32521062681246,64,12,45,7,0.1875,False
PYTH,2026-03-29T17:51:11.348Z,2026-03-29T17:51:11.348782Z,2026-03-29T19:51:11.348782Z,7433.814633,7,0.03695,27.063599458726912,5.434782608695638,-3.916,56.89655172413793,27.063599458726912,58.203181774988884,4,2,1,1,0.5,False
RAY,2026-03-29T17:51:17.379Z,2026-03-29T17:51:17.379724Z,2026-03-29T19:51:17.379724Z,7427.783691,7,0.5605,17.841213202497787,2.6785714285714106,-2.269,48.275862068965516,17.841213202497787,59.528162550264554,20,6,12,2,0.3,False
S,2026-03-29T17:51:30.420Z,2026-03-29T17:51:30.421100Z,2026-03-29T19:51:30.421100Z,7414.742315,7,0.039975,12.507817385866526,4.607721046077222,-3.601,50.3448275862069,12.507817385866526,47.750903659143574,0,0,0,0,,
SAGA,2026-03-29T17:51:35.810Z,2026-03-29T17:51:35.810864Z,2026-03-29T19:51:35.810864Z,7409.352551,7,0.027049999999999998,36.96857670979645,7.999999999999989,-4.514,54.48275862068966,36.96857670979645,58.12567574281898,3,2,0,1,0.6667,False
SAHARA,2026-03-29T17:51:41.040Z,2026-03-29T17:51:41.040938Z,2026-03-29T19:51:41.040938Z,7404.122477,7,0.024645,12.172854534389225,6.229773462783171,-4.445,53.10344827586207,12.172854534389225,56.44463936591135,1,1,0,0,1.0,False
TOWNS,2026-03-29T17:52:05.541Z,2026-03-29T17:52:05.542091Z,2026-03-29T19:52:05.542091Z,7379.621324,7,0.0033949999999999996,29.455081001472834,6.413994169096202,-4.722,55.172413793103445,29.455081001472834,60.077779230174286,0,0,0,0,,
TRB,2026-03-29T17:52:10.985Z,2026-03-29T17:52:10.985469Z,2026-03-29T19:52:10.985469Z,7374.177946,7,14.53,13.7646249139708,4.3418332184700255,-3.652,48.62068965517241,13.7646249139708,52.71680140625156,3,3,0,0,1.0,False
TURBO,2026-03-29T17:52:19.281Z,2026-03-29T17:52:19.281611Z,2026-03-29T19:52:19.281611Z,7365.881804,7,0.0009980000000000002,20.040080160321125,6.480558325024921,-5.198,45.172413793103445,20.040080160321125,55.296311779935415,7,3,3,1,1.0,False
TUT,2026-03-29T17:52:26.461Z,2026-03-29T17:52:26.461620Z,2026-03-29T19:52:26.461620Z,7358.701795,7,0.00835,23.952095808382257,8.343265792610262,-3.895,51.724137931034484,23.952095808382257,57.17267687509103,0,0,0,0,,
ZBT,2026-03-29T17:52:45.148Z,2026-03-29T17:52:45.149182Z,2026-03-29T19:52:45.149182Z,7340.014233,7,0.07485,13.36005344021229,11.725067385444742,6.456,54.827586206896555,13.36005344021229,53.92000240783223,7,4,0,3,0.4286,False
ZK,2026-03-29T17:52:57.679Z,2026-03-29T17:52:57.679922Z,2026-03-29T19:52:57.679922Z,7327.483493,7,0.017044999999999998,5.866823115282836,2.8739002932551374,-1.955,52.758620689655174,5.866823115282836,57.75758961483674,6,2,3,1,0.6667,False
ACH,2026-03-29T17:58:31.997Z,2026-03-29T17:58:31.997256Z,2026-03-29T19:58:31.997256Z,7593.130751,7,0.00622,32.15434083601295,3.8585209003215395,-2.201,36.55172413793103,32.15434083601295,55.66646591811572,1,1,0,0,1.0,False
ALT,2026-03-29T17:58:43.523Z,2026-03-29T17:58:43.523225Z,2026-03-29T19:58:43.523225Z,7581.604782,7,0.006105,16.380016380015714,3.9408866995073852,-3.333,32.758620689655174,16.380016380015714,59.45746002190449,5,5,0,0,1.0,False
BABY,2026-03-29T17:58:51.772Z,2026-03-29T17:58:51.772447Z,2026-03-29T19:58:51.772447Z,7573.35556,7,0.01336,14.97005988023891,5.065234075211058,-1.063,37.93103448275862,14.97005988023891,53.376981038585896,0,0,0,0,,
BOME,2026-03-29T17:59:09.274Z,2026-03-29T17:59:09.274687Z,2026-03-29T19:59:09.274687Z,7555.85332,7,0.00036649999999999996,27.285129604364805,6.8870523415977996,-6.202,35.51724137931034,27.285129604364805,54.87707437938103,5,3,1,1,1.0,False
BROCCOLI714,2026-03-29T17:59:21.656Z,2026-03-29T17:59:21.656369Z,2026-03-29T19:59:21.656369Z,7543.471638,7,0.011895,8.406893652796409,6.07594936708861,-0.92,43.44827586206897,8.406893652796409,59.13486092099475,1,0,1,0,0.0,True
COOKIE,2026-03-29T17:59:29.301Z,2026-03-29T17:59:29.301494Z,2026-03-29T19:59:29.301494Z,7535.826513,7,0.015050000000000001,66.44518272425324,6.040268456375849,-1.974,43.793103448275865,66.44518272425324,50.80427789212495,5,3,0,2,1.0,False
ENS,2026-03-29T17:59:41.934Z,2026-03-29T17:59:41.935137Z,2026-03-29T19:59:41.935137Z,7523.19287,7,5.555,18.001800180017618,3.985507246376824,-3.497,33.44827586206897,18.001800180017618,56.48139349959849,4,2,0,2,0.5,False
FLUX,2026-03-29T17:59:54.749Z,2026-03-29T17:59:54.749735Z,2026-03-29T19:59:54.749735Z,7510.378272,7,0.05025,19.900497512437,6.94444444444445,1.818,34.13793103448276,19.900497512437,67.24596149978652,6,6,0,0,1.0,False
GRT,2026-03-29T18:00:15.268Z,2026-03-29T18:00:15.268625Z,2026-03-29T20:00:15.268625Z,7489.859382,7,0.0235,17.021276595743988,3.5102739726027457,-3.071,40.0,17.021276595743988,59.238293671154956,39,16,21,2,0.0,False
INIT,2026-03-29T18:00:22.444Z,2026-03-29T18:00:22.445055Z,2026-03-29T20:00:22.445055Z,7482.682952,7,0.07685,13.012361743656845,4.0051679586563385,-3.491,32.06896551724138,13.012361743656845,57.54140199242901,0,0,0,0,,
JTO,2026-03-29T18:00:30.372Z,2026-03-29T18:00:30.373181Z,2026-03-29T20:00:30.373181Z,7474.754826,7,0.2833,14.119308153898904,7.0014144271569965,-5.196,37.58620689655172,14.119308153898904,58.88487984002224,7,3,3,1,0.7143,False
MEME,2026-03-29T18:00:46.084Z,2026-03-29T18:00:46.085194Z,2026-03-29T20:00:46.085194Z,7459.042813,7,0.0004944999999999999,20.22244691607734,8.064516129032256,-5.344,38.96551724137931,20.22244691607734,54.762973754461264,53,36,16,1,0.8302,False
MINA,2026-03-29T18:00:51.379Z,2026-03-29T18:00:51.379477Z,2026-03-29T20:00:51.379477Z,7453.74853,7,0.0533,37.52345215759957,3.213610586011342,-0.75,37.241379310344826,37.52345215759957,45.07397896646983,4,3,1,0,1.0,False
MOVE,2026-03-29T18:01:05.278Z,2026-03-29T18:01:05.279177Z,2026-03-29T20:01:05.279177Z,7439.84883,7,0.017550000000000003,56.98005698005663,3.4285714285714275,-2.778,42.06896551724138,56.98005698005663,56.18593311317131,2,2,0,0,0.0,False
NEO,2026-03-29T18:01:12.574Z,2026-03-29T18:01:12.574499Z,2026-03-29T20:01:12.574499Z,7432.553508,7,2.556,7.824726134584428,3.4104272834182567,-2.819,35.172413793103445,7.824726134584428,62.63874174785601,1,0,1,0,1.0,False
OPEN,2026-03-29T18:01:24.233Z,2026-03-29T18:01:24.234104Z,2026-03-29T20:01:24.234104Z,7420.893903,7,0.15705,6.3673989175414825,9.228824273072062,-6.556,35.86206896551724,6.3673989175414825,52.60598023681424,8,6,2,0,0.75,False
PHA,2026-03-29T18:01:41.562Z,2026-03-29T18:01:41.563124Z,2026-03-29T20:01:41.563124Z,7403.564883,7,0.03485,28.694404591105556,5.698005698005703,-0.567,42.41379310344828,28.694404591105556,61.69551183915286,3,2,1,0,1.0,False
QNT,2026-03-29T18:01:47.778Z,2026-03-29T18:01:47.778741Z,2026-03-29T20:01:47.778741Z,7397.349266,7,68.755,21.816595156714637,3.130409694171959,-2.49,38.275862068965516,21.816595156714637,59.61921354177,10,5,4,1,0.5,False
ROSE,2026-03-29T18:01:53.192Z,2026-03-29T18:01:53.192324Z,2026-03-29T20:01:53.192324Z,7391.935683,7,0.010329999999999999,19.361084220717252,2.8128031037827386,-2.089,43.10344827586207,19.361084220717252,61.79468213754608,72,14,54,4,0.0556,False
SOLV,2026-03-29T18:02:07.675Z,2026-03-29T18:02:07.675435Z,2026-03-29T20:02:07.675435Z,7377.452572,7,0.00301,66.44518272425266,8.823529411764701,0.658,38.62068965517241,66.44518272425266,60.405559594248324,1,0,1,0,1.0,False
STX,2026-03-29T18:02:15.391Z,2026-03-29T18:02:15.391954Z,2026-03-29T20:02:15.391954Z,7369.736053,7,0.216,9.25925925925824,5.153203342618384,-4.096,41.724137931034484,9.25925925925824,61.76388683195952,64,26,35,3,0.25,False
ZKC,2026-03-29T18:02:39.329Z,2026-03-29T18:02:39.329512Z,2026-03-29T20:02:39.329512Z,7345.798495,7,0.06615,15.117157974299166,6.184012066364996,-5.556,44.48275862068966,15.117157974299166,56.27358857150981,0,0,0,0,,
CGPT,2026-03-29T18:08:48.589Z,2026-03-29T18:08:48.590046Z,2026-03-29T20:08:48.590046Z,7577.109734,7,0.018205,49.436967865970786,4.92957746478872,-4.054,20.0,49.436967865970786,37.369143532094114,5,3,2,0,1.0,False
DOGS,2026-03-29T18:08:59.688Z,2026-03-29T18:08:59.688799Z,2026-03-29T20:08:59.688799Z,7566.010981,7,2.5750000000000002e-05,38.83495145631031,3.11284046692608,-1.908,23.103448275862068,38.83495145631031,54.45905872282772,8,4,3,1,0.75,False
HAEDAL,2026-03-29T18:09:29.633Z,2026-03-29T18:09:29.633317Z,2026-03-29T20:09:29.633317Z,7536.066463,7,0.027200000000000002,73.52941176470671,11.397058823529408,-6.529,23.448275862068964,73.52941176470671,56.61844126555686,0,0,0,0,,
HOLO,2026-03-29T18:09:36.893Z,2026-03-29T18:09:36.893955Z,2026-03-29T20:09:36.893955Z,7528.805825,7,0.05185,19.286403085825047,2.6923076923076894,-2.439,20.344827586206897,19.286403085825047,56.069818351908566,1,0,1,0,1.0,False
HOME,2026-03-29T18:09:45.057Z,2026-03-29T18:09:45.058217Z,2026-03-29T20:09:45.058217Z,7520.641563,7,0.01916,31.315240083506033,5.416666666666663,1.911,30.689655172413794,31.315240083506033,50.188150489985816,0,0,0,0,,
ILV,2026-03-29T18:09:50.385Z,2026-03-29T18:09:50.385481Z,2026-03-29T20:09:50.385481Z,7515.314299,7,3.395,29.455081001472124,5.0595238095238075,-1.754,20.689655172413794,29.455081001472124,61.20594261184358,3,2,0,1,0.6667,False
KAIA,2026-03-29T18:09:57.634Z,2026-03-29T18:09:57.634543Z,2026-03-29T20:09:57.634543Z,7508.065237,7,0.045649999999999996,21.905805038334268,2.6200873362445405,-0.866,22.75862068965517,21.905805038334268,47.54238352216278,7,6,1,0,1.0,False
KAITO,2026-03-29T18:10:05.222Z,2026-03-29T18:10:05.222291Z,2026-03-29T20:10:05.222291Z,7500.477489,7,0.3795,10.54018445322677,3.4654765030191625,-3.251,26.20689655172414,10.54018445322677,55.23137308555517,1,0,0,1,1.0,False
LISTA,2026-03-29T18:10:12.590Z,2026-03-29T18:10:12.590337Z,2026-03-29T20:10:12.590337Z,7493.109443,7,0.08035,12.445550715619522,3.703703703703707,-2.527,21.03448275862069,12.445550715619522,60.09380914626888,3,2,0,1,1.0,False
LPT,2026-03-29T18:10:19.099Z,2026-03-29T18:10:19.100250Z,2026-03-29T20:10:19.100250Z,7486.59953,7,2.0425,14.687882496940581,2.8361858190708964,-2.387,27.586206896551722,14.687882496940581,59.755466979585044,6,5,0,1,1.0,False
MIRA,2026-03-29T18:10:43.062Z,2026-03-29T18:10:43.062835Z,2026-03-29T20:10:43.062835Z,7462.636945,7,0.07365,13.577732518669771,4.4836956521739095,-3.285,25.862068965517242,13.577732518669771,54.46341291210268,0,0,0,0,,
NIL,2026-03-29T18:10:49.310Z,2026-03-29T18:10:49.311160Z,2026-03-29T20:10:49.311160Z,7456.38862,7,0.03175,94.48818897637629,8.253968253968248,-6.25,31.03448275862069,94.48818897637629,56.746298391379426,0,0,0,0,,
NOT,2026-03-29T18:10:55.075Z,2026-03-29T18:10:55.075563Z,2026-03-29T20:10:55.075563Z,7450.624217,7,0.00034250000000000003,29.197080291969925,5.263157894736843,-3.39,24.82758620689655,29.197080291969925,55.95877188127238,4,2,1,1,0.0,False
ORDI,2026-03-29T18:11:02.051Z,2026-03-29T18:11:02.052118Z,2026-03-29T20:11:02.052118Z,7443.647662,7,2.1705,13.821700069109022,4.593967517401402,-4.094,25.17241379310345,13.821700069109022,53.89853548443297,17,8,6,3,0.2941,False
RED,2026-03-29T18:11:10.704Z,2026-03-29T18:11:10.704685Z,2026-03-29T20:11:10.704685Z,7434.995095,7,0.10275000000000001,9.732360097323879,6.614785992217899,-5.947,22.06896551724138,9.732360097323879,50.91737823868053,0,0,0,0,,
REZ,2026-03-29T18:11:19.202Z,2026-03-29T18:11:19.202663Z,2026-03-29T20:11:19.202663Z,7426.497117,7,0.0033350000000000003,29.985007496251953,5.389221556886229,-1.765,30.0,29.985007496251953,49.195989411056175,64,9,48,7,0.0625,False
RPL,2026-03-29T18:11:26.651Z,2026-03-29T18:11:26.651509Z,2026-03-29T20:11:26.651509Z,7419.048271,7,1.5750000000000002,63.492063492063544,3.184713375796181,-1.875,18.275862068965516,63.492063492063544,57.068554966741836,1,0,0,1,1.0,False
SAPIEN,2026-03-29T18:11:31.965Z,2026-03-29T18:11:31.965298Z,2026-03-29T20:11:31.965298Z,7413.734482,7,0.06434999999999999,15.540015540015986,5.3846153846153895,-4.552,24.482758620689655,15.540015540015986,46.280341245699184,1,0,1,0,1.0,False
THETA,2026-03-29T18:11:42.659Z,2026-03-29T18:11:42.659792Z,2026-03-29T20:11:42.659792Z,7403.039988,7,0.1505,66.44518272425256,5.369127516778528,-5.096,30.344827586206897,66.44518272425256,52.22830806029426,4,4,0,0,1.0,False
TREE,2026-03-29T18:11:49.259Z,2026-03-29T18:11:49.259221Z,2026-03-29T20:11:49.259221Z,7396.440559,7,0.058249999999999996,17.16738197424823,4.663212435233163,-4.298,25.517241379310345,17.16738197424823,56.69654901412488,0,0,0,0,,
TURTLE,2026-03-29T18:11:56.746Z,2026-03-29T18:11:56.746278Z,2026-03-29T20:11:56.746278Z,7388.953502,7,0.039,51.28205128205275,2.0253164556961902,-0.754,19.655172413793103,51.28205128205275,45.551595151292595,0,0,0,0,,
USUAL,2026-03-29T18:12:02.100Z,2026-03-29T18:12:02.100421Z,2026-03-29T20:12:02.100421Z,7383.599359,7,0.0125,16.000000000000735,3.5058430717863125,-1.642,21.724137931034484,16.000000000000735,64.09495395300802,3,3,0,0,1.0,False
VANRY,2026-03-29T18:12:10.352Z,2026-03-29T18:12:10.352346Z,2026-03-29T20:12:10.352346Z,7375.347434,7,0.005045,7.928642220020874,6.2363888338942814,-3.754,27.93103448275862,7.928642220020874,55.39512227957259,67,12,52,3,-0.2537,False
CVC,2026-03-29T18:18:52.976Z,2026-03-29T18:18:52.976650Z,2026-03-29T20:18:52.976650Z,7572.777389,7,0.02923,41.053711939787405,4.5205479452054735,-4.325,6.896551724137931,41.053711939787405,38.61279625740417,62,12,49,1,0.1129,False
CYBER,2026-03-29T18:19:00.988Z,2026-03-29T18:19:00.988291Z,2026-03-29T20:19:00.988291Z,7564.765748,7,0.483,41.40786749482405,3.7344398340249,-2.429,12.413793103448276,41.40786749482405,58.595014596291726,0,0,0,0,,
EDEN,2026-03-29T18:19:08.692Z,2026-03-29T18:19:08.693056Z,2026-03-29T20:19:08.693056Z,7557.060983,7,0.0265,75.4716981132071,9.737827715355811,-6.316,17.24137931034483,75.4716981132071,57.998992541695024,0,0,0,0,,
FORM,2026-03-29T18:19:19.952Z,2026-03-29T18:19:19.953029Z,2026-03-29T20:19:19.953029Z,7545.80101,7,0.24955,20.03606491685035,3.8010513546300118,-2.484,12.068965517241379,20.03606491685035,57.32586282292165,0,0,0,0,,
FUN,2026-03-29T18:19:27.065Z,2026-03-29T18:19:27.066072Z,2026-03-29T20:19:27.066072Z,7538.687967,7,0.0012425000000000001,40.241448692153014,6.48518815052041,2.293,13.10344827586207,40.241448692153014,47.36053900842803,2,2,0,0,1.0,False
GMT,2026-03-29T18:19:34.811Z,2026-03-29T18:19:34.811664Z,2026-03-29T20:19:34.811664Z,7530.942375,7,0.00961,20.811654526535815,5.263157894736847,-4.427,11.03448275862069,20.811654526535815,43.89606989852576,1,0,1,0,1.0,False
HIVE,2026-03-29T18:19:42.269Z,2026-03-29T18:19:42.269533Z,2026-03-29T20:19:42.269533Z,7523.484506,7,0.05655,53.05039787798438,4.601769911504421,-3.584,9.310344827586206,53.05039787798438,56.27486749242721,1,1,0,0,1.0,False
HMSTR,2026-03-29T18:19:48.047Z,2026-03-29T18:19:48.047236Z,2026-03-29T20:19:48.047236Z,7517.706803,7,0.00013355,7.487832272557277,4.397270659590602,-2.079,16.896551724137932,7.487832272557277,63.869157222727466,2,2,0,0,1.0,False
LAYER,2026-03-29T18:19:55.304Z,2026-03-29T18:19:55.304972Z,2026-03-29T20:19:55.304972Z,7510.449067,7,0.07545,66.26905235255141,3.8107752956636003,-3.671,4.137931034482759,66.26905235255141,35.210694633429824,0,0,0,0,,
MITO,2026-03-29T18:20:15.157Z,2026-03-29T18:20:15.158014Z,2026-03-29T20:20:15.158014Z,7490.596025,7,0.03472,46.08294930875588,5.1594202898550625,-4.88,8.620689655172415,46.08294930875588,57.74783678113535,0,0,0,0,,
NMR,2026-03-29T18:20:22.480Z,2026-03-29T18:20:22.480446Z,2026-03-29T20:20:22.480446Z,7483.273593,7,6.48,30.864197530864907,3.5769828926905065,-2.87,5.172413793103448,30.864197530864907,51.54654830411966,1,0,1,0,1.0,False
OSMO,2026-03-29T18:20:34.910Z,2026-03-29T18:20:34.910252Z,2026-03-29T20:20:34.910252Z,7470.843787,7,0.0295,67.7966101694923,3.40136054421769,-2.649,11.724137931034482,67.7966101694923,58.33966622980848,36,15,20,1,0.1667,False
RARE,2026-03-29T18:20:41.846Z,2026-03-29T18:20:41.846809Z,2026-03-29T20:20:41.846809Z,7463.90723,7,0.01395,71.68458781362088,3.623188405797105,-2.817,14.827586206896552,71.68458781362088,52.305306390499865,0,0,0,0,,
SKL,2026-03-29T18:20:49.424Z,2026-03-29T18:20:49.424769Z,2026-03-29T20:20:49.424769Z,7456.32927,7,0.005775000000000001,51.94805194805132,5.017301038062289,-1.197,5.517241379310345,51.94805194805132,43.3460481877229,4,4,0,0,1.0,False
SOPH,2026-03-29T18:20:56.614Z,2026-03-29T18:20:56.615200Z,2026-03-29T20:20:56.615200Z,7449.138839,7,0.009055,55.21811154058498,2.699386503067481,-0.367,6.206896551724138,55.21811154058498,53.498404877377006,3,2,1,0,0.3333,True
SUSHI,2026-03-29T18:21:04.891Z,2026-03-29T18:21:04.891828Z,2026-03-29T20:21:04.891828Z,7440.862211,7,0.18819999999999998,10.626992561105512,2.7718550106609863,-2.088,7.586206896551724,10.626992561105512,41.08566164069791,6,5,0,1,1.0,False
SYN,2026-03-29T18:21:11.800Z,2026-03-29T18:21:11.800218Z,2026-03-29T20:21:11.800218Z,7433.953821,7,0.04535,66.15214994487357,5.043859649122799,-4.0,15.862068965517242,66.15214994487357,32.320341979875714,12,2,10,0,0.4167,False
TLM,2026-03-29T18:21:21.160Z,2026-03-29T18:21:21.160530Z,2026-03-29T20:21:21.160530Z,7424.593509,7,0.0016055,18.685767673621704,2.6708074534161534,-1.889,8.275862068965518,18.685767673621704,59.15202562855198,0,0,0,0,,
TNSR,2026-03-29T18:21:28.993Z,2026-03-29T18:21:28.994169Z,2026-03-29T20:21:28.994169Z,7416.75987,7,0.03795,26.35046113306876,3.448275862068954,-2.835,14.137931034482758,26.35046113306876,54.6532031774385,22,7,12,3,0.4545,False
UMA,2026-03-29T18:21:36.410Z,2026-03-29T18:21:36.410193Z,2026-03-29T20:21:36.410193Z,7409.343846,7,0.394,50.761421319796995,5.793450881612081,-1.489,8.96551724137931,50.761421319796995,60.370999147998766,0,0,0,0,,
VELODROME,2026-03-29T18:21:45.078Z,2026-03-29T18:21:45.079284Z,2026-03-29T20:21:45.079284Z,7400.674755,7,0.014015,21.405636817695694,2.956020187454931,-2.598,10.689655172413794,21.405636817695694,27.153104833996107,0,0,0,0,,
WCT,2026-03-29T18:21:52.450Z,2026-03-29T18:21:52.451199Z,2026-03-29T20:21:52.451199Z,7393.30284,7,0.054000000000000006,37.03703703703681,5.555555555555561,-4.425,15.517241379310345,37.03703703703681,53.4850856610203,0,0,0,0,,
XAI,2026-03-29T18:21:59.728Z,2026-03-29T18:21:59.728185Z,2026-03-29T20:21:59.728185Z,7386.025854,7,0.00894,89.48545861297563,5.191873589164789,-4.526,7.931034482758621,89.48545861297563,39.120052396496654,6,5,0,1,0.6667,False
YB,2026-03-29T18:22:07.159Z,2026-03-29T18:22:07.159305Z,2026-03-29T20:22:07.159305Z,7378.594734,7,0.1006,19.880715705764597,8.514851485148526,-6.221,15.172413793103448,19.880715705764597,43.25731171150035,2,0,1,1,-1.0,False
YGG,2026-03-29T18:22:14.231Z,2026-03-29T18:22:14.231836Z,2026-03-29T20:22:14.231836Z,7371.522203,7,0.03417,29.265437518291737,4.858657243816251,-3.878,16.20689655172414,29.265437518291737,43.81690154814903,0,0,0,0,,
ETH,2026-03-29T18:28:39.720Z,2026-03-29T18:28:39.720955Z,2026-03-29T20:28:39.720955Z,7586.26642,7,2003.185,0.04992050160115469,2.1370696492936645,-1.461,99.65517241379311,0.04992050160115469,55.90739656070162,46,25,17,4,0.587,False
EUR,2026-03-29T18:28:43.363Z,2026-03-29T18:28:43.363295Z,2026-03-29T20:28:43.363295Z,7582.62408,7,1.1500499999999998,0.869527411851563,0.11305330898339673,0.052,98.27586206896552,0.869527411851563,68.09444514824833,0,0,0,0,,
F,2026-03-29T18:28:51.507Z,2026-03-29T18:28:51.507650Z,2026-03-29T20:28:51.507650Z,7574.479725,7,0.004999999999999999,40.000000000000114,2.204408817635268,-1.772,1.3793103448275863,40.000000000000114,38.0055755900463,1,1,0,0,1.0,False
FDUSD,2026-03-29T18:28:55.613Z,2026-03-29T18:28:55.614126Z,2026-03-29T20:28:55.614126Z,7570.373249,7,0.9988,2.0024028834599314,0.04004805766919863,-0.02,93.79310344827586,2.0024028834599314,65.4743423299393,0,0,0,0,,
FET,2026-03-29T18:29:00.792Z,2026-03-29T18:29:00.792469Z,2026-03-29T20:29:00.792469Z,7565.194906,7,0.23215,4.307559767391298,9.071274298056164,-6.616,95.86206896551724,4.307559767391298,45.857117284437436,11,5,3,3,0.5455,False
HBAR,2026-03-29T18:29:07.366Z,2026-03-29T18:29:07.367057Z,2026-03-29T20:29:07.367057Z,7558.620318,7,0.088535,1.1294968091710762,3.2049830124575305,-2.903,92.41379310344827,1.1294968091710762,42.35659240914727,20,8,11,1,0.8,False
HEI,2026-03-29T18:29:15.619Z,2026-03-29T18:29:15.620231Z,2026-03-29T20:29:15.620231Z,7550.367144,7,0.07195,125.08686587908436,3.477051460361616,-2.706,1.7241379310344827,125.08686587908436,32.356666363446614,0,0,0,0,,
LINK,2026-03-29T18:29:20.862Z,2026-03-29T18:29:20.862380Z,2026-03-29T20:29:20.862380Z,7545.124995,7,8.465,11.813349084465194,2.972651605231867,-2.323,95.51724137931035,11.813349084465194,58.770720320294224,30,15,11,4,0.6333,False
LSK,2026-03-29T18:29:28.933Z,2026-03-29T18:29:28.934074Z,2026-03-29T20:29:28.934074Z,7537.053301,7,0.119,168.06722689075647,4.273504273504265,-4.098,0.3448275862068966,168.06722689075647,33.62980954090604,0,0,0,0,,
LTC,2026-03-29T18:29:34.956Z,2026-03-29T18:29:34.956831Z,2026-03-29T20:29:34.956831Z,7531.030544,7,53.605000000000004,1.8654976214901615,2.933985330073354,-2.619,91.03448275862068,1.8654976214901615,54.83170679541524,50,21,21,8,0.48,False
MASK,2026-03-29T18:29:41.902Z,2026-03-29T18:29:41.902339Z,2026-03-29T20:29:41.902339Z,7524.085036,7,0.398,50.25125628140708,4.04040404040403,-2.941,3.103448275862069,50.25125628140708,48.617165672354595,12,10,0,2,0.6667,False
MAV,2026-03-29T18:29:49.765Z,2026-03-29T18:29:49.765354Z,2026-03-29T20:29:49.765354Z,7516.222021,7,0.01243,64.3604183427194,6.184738955823306,-5.539,2.413793103448276,64.3604183427194,37.955914289150655,0,0,0,0,,
PUNDIX,2026-03-29T18:30:11.251Z,2026-03-29T18:30:11.251772Z,2026-03-29T20:30:11.251772Z,7494.735603,7,0.1381,72.41129616220137,2.0848310567936634,-0.643,0.6896551724137931,72.41129616220137,46.55999080333363,0,0,0,0,,
QTUM,2026-03-29T18:30:18.590Z,2026-03-29T18:30:18.590738Z,2026-03-29T20:30:18.590738Z,7487.396637,7,0.8065,37.197768133912,4.62499999999999,-3.382,2.7586206896551726,37.197768133912,42.00518040881296,0,0,0,0,,
SOL,2026-03-29T18:30:29.429Z,2026-03-29T18:30:29.429922Z,2026-03-29T20:30:29.429922Z,7476.557453,7,81.955,1.2201818070881467,2.901758268781507,-2.318,98.96551724137932,1.2201818070881467,53.93983835158764,39,20,18,1,0.641,False
STO,2026-03-29T18:30:35.207Z,2026-03-29T18:30:35.207823Z,2026-03-29T20:30:35.207823Z,7470.779552,7,0.15050000000000002,13.289036544850877,37.67560664112389,38.462,92.75862068965517,13.289036544850877,82.75110736285085,18,12,4,2,0.5556,False
SUI,2026-03-29T18:30:40.626Z,2026-03-29T18:30:40.626800Z,2026-03-29T20:30:40.626800Z,7465.360575,7,0.84375,1.1851851851850548,6.161867519848329,-4.612,98.62068965517241,1.1851851851850548,49.263144129528435,20,12,6,2,0.45,False
TAO,2026-03-29T18:30:52.515Z,2026-03-29T18:30:52.515227Z,2026-03-29T20:30:52.515227Z,7453.472148,7,318.05,3.144159723314659,3.753943217665608,-0.408,97.58620689655173,3.144159723314659,55.15319525467618,37,18,16,3,0.5405,False
TRX,2026-03-29T18:30:58.717Z,2026-03-29T18:30:58.717481Z,2026-03-29T20:30:58.717481Z,7447.269894,7,0.32325,3.093580819798577,1.6975793775542332,0.252,93.44827586206897,3.093580819798577,63.85783021964886,21,13,8,0,0.619,False
USD1,2026-03-29T18:31:02.406Z,2026-03-29T18:31:02.407209Z,2026-03-29T20:31:02.407209Z,7443.580166,7,0.99955,1.0004502025910558,0.030015007503748567,-0.01,99.3103448275862,1.0004502025910558,60.4864623661372,7,3,4,0,0.8571,False
WLD,2026-03-29T18:31:08.852Z,2026-03-29T18:31:08.853023Z,2026-03-29T20:31:08.853023Z,7437.134352,7,0.2753,7.26480203414377,4.306220095693775,0.037,94.82758620689656,7.26480203414377,57.89076729649959,32,11,16,5,0.1875,False
XLM,2026-03-29T18:31:14.930Z,2026-03-29T18:31:14.931075Z,2026-03-29T20:31:14.931075Z,7431.0563,7,0.16505,6.058770069675188,4.5620437956204425,-4.028,90.0,6.058770069675188,61.32832314388996,67,21,41,5,0.2537,False
XRP,2026-03-29T18:31:20.222Z,2026-03-29T18:31:20.222540Z,2026-03-29T20:31:20.222540Z,7425.764835,7,1.32435,0.7550874013666251,2.187405389040261,-1.937,97.93103448275862,0.7550874013666251,52.23771621044121,28,14,13,1,0.2857,False
ZEC,2026-03-29T18:31:26.157Z,2026-03-29T18:31:26.157659Z,2026-03-29T20:31:26.157659Z,7419.829716,7,219.495,2.2779562176820143,3.4290197526306105,-1.046,90.34482758620689,2.2779562176820143,58.48108182209283,26,14,9,3,0.5,False
KITE,2026-03-29T18:37:17.763Z,2026-03-29T18:37:17.763869Z,2026-03-29T20:37:17.763869Z,7667.986039,7,0.16105,6.209251785159204,12.94919454770756,-6.543,86.89655172413794,6.209251785159204,62.87129720147185,1,0,1,0,1.0,False
RENDER,2026-03-29T18:37:27.707Z,2026-03-29T18:37:27.707447Z,2026-03-29T20:37:27.707447Z,7658.042461,7,1.6604999999999999,6.022282445047347,3.9227519613759907,-2.587,89.3103448275862,6.022282445047347,49.73515078290019,0,0,0,0,,
ALGO,2026-03-29T18:43:22.632Z,2026-03-29T18:43:22.633208Z,2026-03-29T20:43:22.633208Z,7303.1167,7,0.08115,12.322858903264201,3.337453646477125,-2.058,78.62068965517241,12.322858903264201,60.894322900190204,15,9,6,0,0.8667,False
APT,2026-03-29T18:43:29.032Z,2026-03-29T18:43:29.032359Z,2026-03-29T20:43:29.032359Z,7296.717549,7,0.9205000000000001,10.86366105377513,3.9430449069003197,-3.181,85.51724137931035,10.86366105377513,64.59294009803753,14,6,8,0,0.8571,False
ARB,2026-03-29T18:43:35.720Z,2026-03-29T18:43:35.720716Z,2026-03-29T20:43:35.720716Z,7290.029192,7,0.08904999999999999,11.229646266142941,4.638009049773763,-3.599,77.58620689655173,11.229646266142941,57.82303066667209,23,11,8,4,0.4348,False
ASTER,2026-03-29T18:43:41.098Z,2026-03-29T18:43:41.098757Z,2026-03-29T20:43:41.098757Z,7284.651151,7,0.6595,15.163002274450356,1.6691957511380893,-0.453,84.13793103448276,15.163002274450356,71.02947584636631,14,2,11,1,0.7143,False
C,2026-03-29T18:43:55.901Z,2026-03-29T18:43:55.901922Z,2026-03-29T20:43:55.901922Z,7269.847986,7,0.0859,46.56577415599506,21.93763919821827,11.692,85.17241379310344,46.56577415599506,58.953055246721775,2,2,0,0,1.0,False
CRV,2026-03-29T18:44:10.209Z,2026-03-29T18:44:10.209452Z,2026-03-29T20:44:10.209452Z,7255.540456,7,0.21025,4.756242568370463,4.43373493975903,-3.623,75.17241379310344,4.756242568370463,62.80255266541017,1,0,0,1,-1.0,False
DYDX,2026-03-29T18:44:22.239Z,2026-03-29T18:44:22.239400Z,2026-03-29T20:44:22.239400Z,7243.510508,7,0.09295,10.758472296934142,7.268722466960346,-6.101,74.48275862068965,10.758472296934142,54.10566096089921,4,3,1,0,0.5,False
FIL,2026-03-29T18:44:40.116Z,2026-03-29T18:44:40.116889Z,2026-03-29T20:44:40.116889Z,7225.633019,7,0.8085,12.368583797155237,4.488778054862832,-2.552,84.82758620689656,12.368583797155237,66.2425841959406,54,7,34,13,0.963,False
GUN,2026-03-29T18:44:47.311Z,2026-03-29T18:44:47.311802Z,2026-03-29T20:44:47.311802Z,7218.438106,7,0.01585,25.23659305993588,14.223057644110284,-4.144,78.96551724137932,25.23659305993588,52.05950786504602,1,0,0,1,-1.0,False
HUMA,2026-03-29T18:44:52.856Z,2026-03-29T18:44:52.856289Z,2026-03-29T20:44:52.856289Z,7212.893619,7,0.01488,13.44086021505438,17.57944557133198,-5.916,82.06896551724138,13.44086021505438,63.50823834618872,1,1,0,0,1.0,False
ICP,2026-03-29T18:44:59.104Z,2026-03-29T18:44:59.105138Z,2026-03-29T20:44:59.105138Z,7206.64477,7,2.2195,4.505519261096346,2.7576853526220586,-2.124,83.10344827586206,4.505519261096346,62.97044364998831,13,6,5,2,0.3846,False
ONDO,2026-03-29T18:45:23.477Z,2026-03-29T18:45:23.477696Z,2026-03-29T20:45:23.477696Z,7781.508848,7,0.2597,7.70119368502033,6.881968473663985,-5.246,79.65517241379311,7.70119368502033,36.74549560179091,5,3,2,0,0.8,False
PENGU,2026-03-29T18:45:41.690Z,2026-03-29T18:45:41.690515Z,2026-03-29T20:45:41.690515Z,7763.296029,7,0.0063105,1.5846604864909797,5.548428479794739,-4.502,81.37931034482759,1.5846604864909797,57.80256863798113,13,9,3,1,0.7692,False
PIXEL,2026-03-29T18:45:47.437Z,2026-03-29T18:45:47.438138Z,2026-03-29T20:45:47.438138Z,7757.548406,7,0.0077350000000000006,12.928248222366463,12.658227848101253,-4.934,77.24137931034483,12.928248222366463,53.3663299976527,13,8,5,0,0.6154,False
PROVE,2026-03-29T18:45:54.648Z,2026-03-29T18:45:54.648863Z,2026-03-29T20:45:54.648863Z,7750.337681,7,0.23015000000000002,13.03497718878969,13.612565445026181,-9.156,74.82758620689656,13.03497718878969,48.49790929370728,2,1,1,0,0.0,False
PUMP,2026-03-29T18:45:59.732Z,2026-03-29T18:45:59.732267Z,2026-03-29T20:45:59.732267Z,7745.254277,7,0.0017174999999999998,5.822416302765158,2.991202346041046,-1.331,76.20689655172414,5.822416302765158,61.48384659465422,6,4,0,2,0.0,False
RESOLV,2026-03-29T18:46:06.858Z,2026-03-29T18:46:06.859171Z,2026-03-29T20:46:06.859171Z,7738.127373,7,0.03775,26.490066225166323,9.399477806788509,-5.198,83.79310344827586,26.490066225166323,59.35680882015452,0,0,0,0,,
0G,2026-03-29T18:52:33.233Z,2026-03-29T18:52:33.233835Z,2026-03-29T20:52:33.233835Z,7351.752709,7,0.4705,21.253985122210434,5.982905982905976,-4.684,68.96551724137932,21.253985122210434,59.39507706454208,12,3,9,0,0.3333,False
A2Z,2026-03-29T18:52:37.433Z,2026-03-29T18:52:37.433677Z,2026-03-29T20:52:37.433677Z,7347.552867,7,0.000215,186.04651162790645,26.57657657657659,0.452,67.24137931034483,186.04651162790645,59.68658325241872,2,1,1,0,1.0,True
AR,2026-03-29T18:52:48.640Z,2026-03-29T18:52:48.640723Z,2026-03-29T20:52:48.640723Z,7336.345821,7,1.685,59.34718100890213,3.5714285714285747,-1.754,60.3448275862069,59.34718100890213,57.98022853750739,4,0,1,3,0.0,False
ARKM,2026-03-29T18:52:55.009Z,2026-03-29T18:52:55.010252Z,2026-03-29T20:52:55.010252Z,7329.976292,7,0.0965,103.62694300518143,5.263157894736847,-1.042,60.0,103.62694300518143,56.640062574911944,63,14,42,7,0.3333,False
ATOM,2026-03-29T18:53:00.347Z,2026-03-29T18:53:00.347909Z,2026-03-29T20:53:00.347909Z,7324.638635,7,1.6455,6.0771801883919165,3.5409035409035443,-2.616,68.62068965517241,6.0771801883919165,56.726623175602995,65,16,47,2,0.2615,False
BERA,2026-03-29T18:53:11.532Z,2026-03-29T18:53:11.533275Z,2026-03-29T20:53:11.533275Z,7313.453269,7,0.4485,22.296544035674494,4.054054054054058,-2.632,61.37931034482759,22.296544035674494,60.34073710551284,3,1,2,0,0.3333,False
BIO,2026-03-29T18:53:19.558Z,2026-03-29T18:53:19.558769Z,2026-03-29T20:53:19.558769Z,7305.427775,7,0.01625,61.53846153846116,5.624999999999988,-3.03,64.82758620689656,61.53846153846116,48.19377838016963,1,0,1,0,-1.0,False
CAKE,2026-03-29T18:53:30.889Z,2026-03-29T18:53:30.889249Z,2026-03-29T20:53:30.889249Z,7294.097295,7,1.3585,7.361059992638129,2.5092250922509085,-2.025,65.51724137931035,7.361059992638129,61.400359286971785,14,9,3,2,0.8571,False
EGLD,2026-03-29T18:53:36.746Z,2026-03-29T18:53:36.746488Z,2026-03-29T20:53:36.746488Z,7288.240056,7,3.7649999999999997,26.56042496680008,4.3010752688172085,-3.876,63.44827586206897,26.56042496680008,55.07623251161172,11,5,4,2,0.1818,False
ENSO,2026-03-29T18:53:42.558Z,2026-03-29T18:53:42.559145Z,2026-03-29T20:53:42.559145Z,7282.427399,7,1.0314999999999999,9.694619486186253,6.298449612403095,-5.147,66.89655172413794,9.694619486186253,55.37723854208131,0,0,0,0,,
ETHFI,2026-03-29T18:53:53.336Z,2026-03-29T18:53:53.336277Z,2026-03-29T20:53:53.336277Z,7271.650267,7,0.4615,21.668472372697742,4.157549234135659,-1.72,60.689655172413794,21.668472372697742,57.13932323682241,3,2,0,1,1.0,False
GALA,2026-03-29T18:53:59.396Z,2026-03-29T18:53:59.396641Z,2026-03-29T20:53:59.396641Z,7265.589903,7,0.002785,35.90664272890494,6.498194945848377,-5.137,66.20689655172414,35.90664272890494,55.58642305532281,3,2,1,0,0.6667,False
IDEX,2026-03-29T18:54:09.639Z,2026-03-29T18:54:09.640165Z,2026-03-29T20:54:09.640165Z,7255.346379,7,0.00315,380.952380952382,42.499999999999986,-1.84,62.758620689655174,380.952380952382,58.444231078695964,1,1,0,0,1.0,False
LDO,2026-03-29T18:54:22.703Z,2026-03-29T18:54:22.703528Z,2026-03-29T20:54:22.703528Z,7242.283016,7,0.30645,16.315875346710552,4.6550016507098055,-3.872,71.72413793103448,16.315875346710552,38.74530992526655,6,6,0,0,1.0,False
MMT,2026-03-29T18:54:36.699Z,2026-03-29T18:54:36.699734Z,2026-03-29T20:54:36.699734Z,7228.28681,7,0.10594999999999999,9.438414346390077,4.186489058039963,-3.134,64.13793103448276,9.438414346390077,62.37802711585312,0,0,0,0,,
PARTI,2026-03-29T18:54:43.788Z,2026-03-29T18:54:43.788467Z,2026-03-29T20:54:43.788467Z,7221.198077,7,0.08835000000000001,11.31861912846665,5.963302752293574,-3.646,69.3103448275862,11.31861912846665,61.07041339725265,2,0,0,2,-0.5,False
PENDLE,2026-03-29T18:54:49.663Z,2026-03-29T18:54:49.664040Z,2026-03-29T20:54:49.664040Z,7215.322504,7,1.1205,8.924587237839265,5.840071877807722,-5.277,72.06896551724138,8.924587237839265,53.550104236547085,4,3,0,1,1.0,False
POL,2026-03-29T18:54:55.232Z,2026-03-29T18:54:55.232791Z,2026-03-29T20:54:55.232791Z,7209.753753,7,0.09215000000000001,10.851871947911325,2.056277056277055,0.108,70.6896551724138,10.851871947911325,47.088289488022895,20,12,4,4,0.45,False
SSV,2026-03-29T18:55:22.918Z,2026-03-29T18:55:22.918374Z,2026-03-29T20:55:22.918374Z,7782.955175,7,2.2095000000000002,31.68137587689575,4.282460136674274,-3.516,65.17241379310344,31.68137587689575,45.364141025396236,4,4,0,0,1.0,False
STEEM,2026-03-29T18:55:30.639Z,2026-03-29T18:55:30.640190Z,2026-03-29T20:55:30.640190Z,7775.233359,7,0.058075,18.941024537236157,16.505858028945564,0.554,70.34482758620689,18.941024537236157,64.63165944236445,0,0,0,0,,
STRK,2026-03-29T18:55:38.366Z,2026-03-29T18:55:38.367028Z,2026-03-29T20:55:38.367028Z,7767.506521,7,0.03365,29.71768202080323,3.2738095238095144,-2.326,64.48275862068965,29.71768202080323,58.741756035049285,16,10,5,1,0.875,False
THE,2026-03-29T18:55:48.817Z,2026-03-29T18:55:48.817662Z,2026-03-29T20:55:48.817662Z,7757.055887,7,0.11195,26.797677534614433,7.6076076076076165,-5.577,70.0,26.797677534614433,58.31948632894143,22,7,11,4,0.4545,False
TIA,2026-03-29T18:55:54.936Z,2026-03-29T18:55:54.936974Z,2026-03-29T20:55:54.936974Z,7750.936575,7,0.29335,3.408897221748389,5.017301038062288,-3.667,63.793103448275865,3.408897221748389,57.467953567974064,7,4,2,1,0.7143,False
TON,2026-03-29T18:56:00.444Z,2026-03-29T18:56:00.444732Z,2026-03-29T20:56:00.444732Z,7745.428817,7,1.2265000000000001,8.153281695883505,3.355155482815051,-2.24,71.37931034482759,8.153281695883505,56.3363051853891,9,8,1,0,1.0,False
USDE,2026-03-29T18:56:07.130Z,2026-03-29T18:56:07.130537Z,2026-03-29T20:56:07.130537Z,7738.743012,7,0.99925,1.0007505629220814,0.020016012810245995,-0.01,63.10344827586207,1.0007505629220814,42.86523342946558,5,4,1,0,0.6,False
XTZ,2026-03-29T18:56:19.111Z,2026-03-29T18:56:19.111618Z,2026-03-29T20:56:19.111618Z,7726.761931,7,0.3425,5.8394160583951376,3.69935408103347,-3.073,58.96551724137931,5.8394160583951376,61.57183905767941,15,10,5,0,0.8667,False
ZRO,2026-03-29T18:56:25.069Z,2026-03-29T18:56:25.069719Z,2026-03-29T20:56:25.069719Z,7720.80383,7,1.9795,5.051780752714776,3.840323395654363,-1.738,69.65517241379311,5.051780752714776,61.31806778739852,15,6,6,3,0.4667,False
2Z,2026-03-29T19:02:05.688Z,2026-03-29T19:02:05.688329Z,2026-03-29T21:02:05.688329Z,7380.18522,7,0.06743,11.864155420435523,6.479964248473101,-4.726,50.0,11.864155420435523,54.312524341671285,3,0,2,1,1.0,True
AIXBT,2026-03-29T19:02:15.095Z,2026-03-29T19:02:15.095528Z,2026-03-29T21:02:15.095528Z,7370.778021,7,0.023350000000000003,42.8265524625265,7.391304347826087,-5.738,47.58620689655172,42.8265524625265,51.74858551812824,2,1,1,0,1.0,False
ALLO,2026-03-29T19:02:22.603Z,2026-03-29T19:02:22.603389Z,2026-03-29T21:02:22.603389Z,7363.27016,7,0.10189999999999999,19.627085377820595,3.9461020211741986,-1.423,52.06896551724138,19.627085377820595,60.267740561386404,64,2,62,0,-0.3594,False
AXS,2026-03-29T19:02:31.404Z,2026-03-29T19:02:31.404746Z,2026-03-29T21:02:31.404746Z,7354.468803,7,1.1205,8.924587237839265,5.624999999999995,-4.027,52.41379310344828,8.924587237839265,58.89351396924476,4,3,1,0,0.0,False
COTI,2026-03-29T19:02:49.587Z,2026-03-29T19:02:49.587484Z,2026-03-29T21:02:49.587484Z,7336.286065,7,0.012414999999999999,24.16431735803505,5.668016194331978,-3.591,53.793103448275865,24.16431735803505,56.87550279983908,1,1,0,0,1.0,False
DASH,2026-03-29T19:02:56.211Z,2026-03-29T19:02:56.212172Z,2026-03-29T21:02:56.212172Z,7329.661377,7,32.005,9.373535385097544,3.0198175526895277,-1.852,55.86206896551724,9.373535385097544,62.75698814834997,6,3,3,0,0.8333,False
EPIC,2026-03-29T19:03:05.117Z,2026-03-29T19:03:05.117768Z,2026-03-29T21:03:05.117768Z,7320.755781,7,0.2385,41.92872117400423,6.694560669456074,-3.239,53.44827586206897,41.92872117400423,57.87128967543874,0,0,0,0,,
HYPER,2026-03-29T19:03:28.611Z,2026-03-29T19:03:28.611337Z,2026-03-29T21:03:28.611337Z,7297.262212,7,0.07995,12.507817385866526,3.7783375314861494,-1.489,55.51724137931034,12.507817385866526,63.55300346081216,0,0,0,0,,
NEIRO,2026-03-29T19:04:02.690Z,2026-03-29T19:04:02.690979Z,2026-03-29T21:04:02.690979Z,7263.18257,7,5.4905000000000004e-05,12.749294235497246,4.986200551977933,-3.737,46.206896551724135,12.749294235497246,56.14720016043041,5,3,2,0,1.0,False
RVN,2026-03-29T19:04:35.767Z,2026-03-29T19:04:35.768162Z,2026-03-29T21:04:35.768162Z,7230.105387,7,0.005775000000000001,51.94805194805132,5.739130434782601,1.054,54.13793103448276,51.94805194805132,67.15701080429284,14,10,3,1,0.8571,False
SHELL,2026-03-29T19:05:01.109Z,2026-03-29T19:05:01.109798Z,2026-03-29T21:05:01.109798Z,7204.763751,7,0.02695,37.10575139146545,4.494382022471909,-3.261,50.689655172413794,37.10575139146545,44.973372578480856,0,0,0,0,,
SOMI,2026-03-29T19:05:09.457Z,2026-03-29T19:05:09.457976Z,2026-03-29T21:05:09.457976Z,7795.414166,7,0.15145,6.602839220864245,6.8318821165438814,-5.146,58.275862068965516,6.602839220864245,61.66207472228639,2,1,1,0,0.0,False
SPK,2026-03-29T19:05:15.234Z,2026-03-29T19:05:15.234237Z,2026-03-29T21:05:15.234237Z,7789.637905,7,0.020106,11.936735302894519,2.513770655983988,-1.65,49.6551724137931,11.936735302894519,60.95526689214036,65,15,45,5,0.1385,False
VANA,2026-03-29T19:05:45.004Z,2026-03-29T19:05:45.004717Z,2026-03-29T21:05:45.004717Z,7759.867425,7,1.237,32.33629749393697,18.54251012145748,3.347,56.206896551724135,32.33629749393697,68.353764684433,5,3,2,0,1.0,False
VET,2026-03-29T19:05:52.066Z,2026-03-29T19:05:52.066290Z,2026-03-29T21:05:52.066290Z,7752.805852,7,0.006607999999999999,9.079903147699651,4.123396456933419,-3.308,56.55172413793103,9.079903147699651,39.26073158635783,6,3,2,1,0.3333,False
ZEN,2026-03-29T19:06:05.060Z,2026-03-29T19:06:05.060895Z,2026-03-29T21:06:05.060895Z,7739.811247,7,5.1665,5.806638923836473,3.598670056718172,-2.795,51.37931034482759,5.806638923836473,62.54982501373435,6,5,1,0,1.0,False
ACT,2026-03-29T19:11:52.704Z,2026-03-29T19:11:52.704780Z,2026-03-29T21:11:52.704780Z,7392.167362,7,0.01185,84.3881856540094,6.034482758620698,-4.918,31.724137931034484,84.3881856540094,48.30409260137657,3,1,2,0,1.0,False
BANANA,2026-03-29T19:12:08.921Z,2026-03-29T19:12:08.921799Z,2026-03-29T21:12:08.921799Z,7375.950343,7,3.335,29.985007496251235,3.0581039755351576,0.615,34.48275862068966,29.985007496251235,44.21053990307926,4,3,0,1,1.0,False
BEAMX,2026-03-29T19:12:16.510Z,2026-03-29T19:12:16.511098Z,2026-03-29T21:12:16.511098Z,7368.361044,7,0.0016135,18.593120545397984,5.3291536050156605,-4.147,40.3448275862069,18.593120545397984,63.2515772762395,0,0,0,0,,
CVX,2026-03-29T19:12:46.685Z,2026-03-29T19:12:46.686190Z,2026-03-29T21:12:46.686190Z,7338.185952,7,1.6669999999999998,35.992801439712096,4.6353522867737915,-2.53,44.827586206896555,35.992801439712096,52.51348647733436,9,3,5,1,0.5556,False
EURI,2026-03-29T19:12:58.873Z,2026-03-29T19:12:58.873329Z,2026-03-29T21:12:58.873329Z,7325.998813,7,1.1496499999999998,4.349149741225112,0.21746694502435165,0.035,40.689655172413794,4.349149741225112,60.190734518692935,0,0,0,0,,
GMX,2026-03-29T19:13:17.543Z,2026-03-29T19:13:17.543354Z,2026-03-29T21:13:17.543354Z,7307.328788,7,6.205,16.116035455277657,2.8938906752411677,-2.047,32.41379310344828,16.116035455277657,57.21462776800323,6,6,0,0,1.0,False
LA,2026-03-29T19:13:41.703Z,2026-03-29T19:13:41.703573Z,2026-03-29T21:13:41.703573Z,7283.168569,7,0.1849,21.633315305569695,8.31084727468969,6.068,36.89655172413793,21.633315305569695,57.590435705109684,0,0,0,0,,
MORPHO,2026-03-29T19:14:05.595Z,2026-03-29T19:14:05.595338Z,2026-03-29T21:14:05.595338Z,7259.276804,7,1.4725000000000001,6.791171477080556,2.626262626262621,-1.198,44.13793103448276,6.791171477080556,66.58096770976579,4,1,3,0,0.25,False
NEWT,2026-03-29T19:14:21.003Z,2026-03-29T19:14:21.003435Z,2026-03-29T21:14:21.003435Z,7243.868707,7,0.0694,28.818443804035404,4.486251808972512,-2.539,33.10344827586207,28.818443804035404,51.66741552744624,0,0,0,0,,
PEOPLE,2026-03-29T19:14:40.455Z,2026-03-29T19:14:40.455709Z,2026-03-29T21:14:40.455709Z,7224.416433,7,0.006195,16.142050040354466,6.119162640901773,-4.608,36.206896551724135,16.142050040354466,44.70029749231989,4,3,1,0,0.5,False
TST,2026-03-29T19:15:24.684Z,2026-03-29T19:15:24.684347Z,2026-03-29T21:15:24.684347Z,7780.130673,7,0.008115,12.322858903267193,3.567035670356707,-0.974,31.379310344827587,12.322858903267193,55.00561764735424,0,0,0,0,,
XVG,2026-03-29T19:15:31.787Z,2026-03-29T19:15:31.787634Z,2026-03-29T21:15:31.787634Z,7773.027386,7,0.0043630000000000006,22.920009168004718,5.728314238952546,-3.78,42.758620689655174,22.920009168004718,58.44576766735485,62,10,42,10,-0.2742,False
A,2026-03-29T19:21:22.165Z,2026-03-29T19:21:22.166121Z,2026-03-29T21:21:22.166121Z,7422.648899,7,0.0732,54.64480874317096,3.8461538461538414,-2.544,21.379310344827587,54.64480874317096,55.64368640312991,0,0,0,0,,
ACX,2026-03-29T19:21:28.669Z,2026-03-29T19:21:28.669678Z,2026-03-29T21:21:28.669678Z,7416.145342,7,0.041749999999999995,71.85628742515011,4.295942720763731,-0.711,23.79310344827586,71.85628742515011,60.058120870160934,10,4,6,0,0.6,False
AEVO,2026-03-29T19:21:36.074Z,2026-03-29T19:21:36.074177Z,2026-03-29T21:21:36.074177Z,7408.740843,7,0.02155,46.40371229698509,8.837209302325578,-6.522,29.655172413793103,46.40371229698509,58.52135746305115,2,1,1,0,1.0,False
ANIME,2026-03-29T19:21:43.297Z,2026-03-29T19:21:43.298200Z,2026-03-29T21:21:43.298200Z,7401.51682,7,0.004450000000000001,44.94382022471921,5.46697038724373,-5.184,22.413793103448278,44.94382022471921,55.77950242773108,2,1,1,0,0.0,False
BANK,2026-03-29T19:21:51.614Z,2026-03-29T19:21:51.614574Z,2026-03-29T21:21:51.614574Z,7393.200446,7,0.0416,48.07692307692278,5.542168674698803,0.242,29.310344827586206,48.07692307692278,48.39364371415585,1,1,0,0,1.0,False
BB,2026-03-29T19:21:59.692Z,2026-03-29T19:21:59.693223Z,2026-03-29T21:21:59.693223Z,7385.121797,7,0.02325,43.01075268817328,4.782608695652176,-2.954,26.896551724137932,43.01075268817328,46.658455472056914,0,0,0,0,,
COW,2026-03-29T19:22:11.804Z,2026-03-29T19:22:11.805245Z,2026-03-29T21:22:11.805245Z,7373.009775,7,0.19815,35.32677264698492,3.291139240506332,-2.179,17.586206896551722,35.32677264698492,46.45649861373428,6,3,3,0,1.0,False
DOLO,2026-03-29T19:22:25.984Z,2026-03-29T19:22:25.985120Z,2026-03-29T21:22:25.985120Z,7358.8299,7,0.02988,80.3212851405613,5.112881806108907,-2.208,18.620689655172413,80.3212851405613,43.85164359809986,0,0,0,0,,
DYM,2026-03-29T19:22:33.211Z,2026-03-29T19:22:33.211720Z,2026-03-29T21:22:33.211720Z,7351.6033,7,0.02515,39.76143141153058,20.080321285140567,-5.682,27.24137931034483,39.76143141153058,34.86634739485592,4,2,0,2,1.0,False
ERA,2026-03-29T19:22:41.832Z,2026-03-29T19:22:41.832323Z,2026-03-29T21:22:41.832323Z,7342.982697,7,0.12390000000000001,32.284100080710054,3.7367993501218466,-2.918,24.137931034482758,32.284100080710054,59.399853883140636,0,0,0,0,,
GPS,2026-03-29T19:22:48.402Z,2026-03-29T19:22:48.402538Z,2026-03-29T21:22:48.402538Z,7336.412482,7,0.0078,25.64102564102571,3.2425421530479817,-0.259,26.551724137931036,25.64102564102571,56.03343251290976,0,0,0,0,,
MANTA,2026-03-29T19:23:46.540Z,2026-03-29T19:23:46.540176Z,2026-03-29T21:23:46.540176Z,7278.274844,7,0.06049,23.14432137543416,4.138387684158256,-2.312,19.310344827586206,23.14432137543416,45.863677552021095,1,0,1,0,1.0,False
MET,2026-03-29T19:23:54.049Z,2026-03-29T19:23:54.049436Z,2026-03-29T21:23:54.049436Z,7270.765584,7,0.13440000000000002,29.761904761903544,7.462686567164164,-6.685,17.93103448275862,29.761904761903544,37.9373618341612,1,1,0,0,1.0,False
SXT,2026-03-29T19:24:45.577Z,2026-03-29T19:24:45.577351Z,2026-03-29T21:24:45.577351Z,7219.237669,7,0.01495,66.889632107023,7.382550335570472,-6.289,28.275862068965516,66.889632107023,50.481755236479074,0,0,0,0,,
WAL,2026-03-29T19:25:19.266Z,2026-03-29T19:25:19.266623Z,2026-03-29T21:25:19.266623Z,7785.726187,7,0.06655,15.026296018031985,8.358662613981771,-6.534,28.96551724137931,15.026296018031985,55.00652346219418,0,0,0,0,,
1000CAT,2026-03-29T19:30:59.897Z,2026-03-29T19:30:59.897947Z,2026-03-29T21:30:59.897947Z,7445.094863,7,0.001575,63.49206349206366,6.410256410256414,0.0,13.448275862068966,63.49206349206366,52.83337792948611,64,8,50,6,-0.0312,False
1000CHEEMS,2026-03-29T19:31:05.742Z,2026-03-29T19:31:05.742526Z,2026-03-29T21:31:05.742526Z,7439.250284,7,0.00041549999999999996,72.2021660649824,5.339805825242717,-2.83,10.344827586206897,72.2021660649824,37.12895457187914,33,5,26,2,0.2424,False
1000SATS,2026-03-29T19:31:11.180Z,2026-03-29T19:31:11.180978Z,2026-03-29T21:31:11.180978Z,7433.811832,7,1.029e-05,38.87269193391605,4.682926829268281,-3.936,6.551724137931035,38.87269193391605,26.3208103459533,21,10,9,2,0.4286,False
1INCH,2026-03-29T19:31:18.814Z,2026-03-29T19:31:18.814683Z,2026-03-29T21:31:18.814683Z,7426.178127,7,0.0874,22.883295194507077,2.9988465974625202,-2.255,7.241379310344827,22.883295194507077,54.021987970515276,0,0,0,0,,
1MBABYDOGE,2026-03-29T19:31:26.396Z,2026-03-29T19:31:26.396480Z,2026-03-29T21:31:26.396480Z,7418.59633,7,0.0003809,21.002887897086364,4.149048625792813,-3.494,16.551724137931036,21.002887897086364,39.31692761654932,1,1,0,0,1.0,True
API3,2026-03-29T19:31:33.622Z,2026-03-29T19:31:33.622499Z,2026-03-29T21:31:33.622499Z,7411.370311,7,0.2644,37.82148260211803,2.764104505868979,-2.258,4.827586206896552,37.82148260211803,29.98788531275859,0,0,0,0,,
AT,2026-03-29T19:31:41.655Z,2026-03-29T19:31:41.656173Z,2026-03-29T21:31:41.656173Z,7403.336637,7,0.1448,69.06077348066304,2.8691392582225284,1.132,10.0,69.06077348066304,66.80923516253362,6,2,1,3,0.5,False
AUCTION,2026-03-29T19:31:50.382Z,2026-03-29T19:31:50.383189Z,2026-03-29T21:31:50.383189Z,7394.609621,7,4.43,45.14672686230353,1.8181818181818195,-1.345,11.379310344827585,45.14672686230353,47.04578217499622,0,0,0,0,,
BFUSD,2026-03-29T19:31:56.149Z,2026-03-29T19:31:56.149260Z,2026-03-29T21:31:56.149260Z,7388.84355,7,0.9993000000000001,8.00560392274615,0.08006405124099508,0.03,4.482758620689655,8.00560392274615,58.20540309565999,0,0,0,0,,
BMT,2026-03-29T19:32:03.324Z,2026-03-29T19:32:03.325177Z,2026-03-29T21:32:03.325177Z,7381.667633,7,0.013865,7.212405337179655,3.3935018050541514,-2.12,9.655172413793103,7.212405337179655,38.70548447309856,0,0,0,0,,
COMP,2026-03-29T19:32:12.078Z,2026-03-29T19:32:12.078717Z,2026-03-29T21:32:12.078717Z,7372.914093,7,18.02,22.197558268589983,3.5019455252918235,-2.809,5.862068965517241,22.197558268589983,38.69918639533603,64,17,41,6,-0.0781,False
FF,2026-03-29T19:32:37.544Z,2026-03-29T19:32:37.544811Z,2026-03-29T21:32:37.544811Z,7347.447999,7,0.070515,49.63482946890777,2.0963172804532513,0.613,13.793103448275861,49.63482946890777,61.73730861417916,3,2,1,0,0.6667,False
MAGIC,2026-03-29T19:33:20.435Z,2026-03-29T19:33:20.436226Z,2026-03-29T21:33:20.436226Z,7304.556584,7,0.056499999999999995,35.39823008849536,4.856115107913672,-4.631,3.793103448275862,35.39823008849536,51.63750194735915,68,13,51,4,0.5147,False
ME,2026-03-29T19:33:28.763Z,2026-03-29T19:33:28.764096Z,2026-03-29T21:33:28.764096Z,7296.228714,7,0.0979,20.42900919305472,3.073770491803281,-1.91,12.758620689655173,20.42900919305472,43.17759797928729,21,7,13,1,0.619,False
NXPC,2026-03-29T19:33:46.156Z,2026-03-29T19:33:46.156407Z,2026-03-29T21:33:46.156407Z,7278.836403,7,0.27075,25.854108956603287,3.8647342995169156,-3.617,14.482758620689655,25.854108956603287,54.05222566908502,0,0,0,0,,
AAVE,2026-03-29T19:40:39.165Z,2026-03-29T19:40:39.165643Z,2026-03-29T21:40:39.165643Z,7466.580298,7,95.82,4.174493842622235,4.303451178451182,-3.208,91.03448275862068,4.174493842622235,46.31848754145832,7,4,3,0,0.5714,False
ADA,2026-03-29T19:40:44.727Z,2026-03-29T19:40:44.727794Z,2026-03-29T21:40:44.727794Z,7461.018147,7,0.2415,8.281573498965042,4.630788485607009,-3.966,95.17241379310344,8.281573498965042,38.443544815362394,29,11,15,3,0.4483,False
AVAX,2026-03-29T19:40:50.170Z,2026-03-29T19:40:50.170556Z,2026-03-29T21:40:50.170556Z,7455.575385,7,8.645,11.567379988432375,3.9488966318234597,-2.931,92.06896551724138,11.567379988432375,56.503139159822055,16,6,6,4,0.3125,False
BCH,2026-03-29T19:40:55.634Z,2026-03-29T19:40:55.634889Z,2026-03-29T21:40:55.634889Z,7450.111052,7,452.1,4.4238000442377485,7.7515965646333385,-6.042,96.89655172413794,4.4238000442377485,53.204479381720674,22,10,8,4,0.0909,False
BIGTIME,2026-03-29T19:41:02.919Z,2026-03-29T19:41:02.919885Z,2026-03-29T21:41:02.919885Z,7442.826056,7,0.01183,16.90617075232391,4.123711340206182,-3.881,3.103448275862069,16.90617075232391,39.419476112038716,68,15,46,7,-0.1324,False
BLUR,2026-03-29T19:41:11.354Z,2026-03-29T19:41:11.354513Z,2026-03-29T21:41:11.354513Z,7434.391428,7,0.017095,17.548990933020637,4.211150652431785,-3.932,2.0689655172413794,17.548990933020637,30.187485481110055,5,5,0,0,1.0,False
BNB,2026-03-29T19:41:17.372Z,2026-03-29T19:41:17.373141Z,2026-03-29T21:41:17.373141Z,7428.3728,7,609.755,0.1640002952003822,1.7904367680152398,-1.169,97.24137931034483,0.1640002952003822,55.004385006674596,35,27,6,2,0.8286,False
BTC,2026-03-29T19:41:22.663Z,2026-03-29T19:41:22.664169Z,2026-03-29T21:41:22.664169Z,7423.081772,7,66611.475,0.0015012428406308836,1.481937516012837,-0.736,100.0,0.0015012428406308836,70.47835587033752,41,17,16,8,0.3171,False
CHZ,2026-03-29T19:41:29.614Z,2026-03-29T19:41:29.614787Z,2026-03-29T21:41:29.614787Z,7416.131154,7,0.0397,20.151133501258627,8.520859671302143,-2.346,91.72413793103448,20.151133501258627,60.93477577027986,6,2,2,2,0.6667,False
DOGE,2026-03-29T19:41:35.229Z,2026-03-29T19:41:35.229967Z,2026-03-29T21:41:35.229967Z,7410.515974,7,0.09135499999999999,1.0946308357502188,2.815812720848053,-1.789,96.55172413793103,1.0946308357502188,62.0033859896831,47,25,15,7,0.4255,False
ENA,2026-03-29T19:41:40.524Z,2026-03-29T19:41:40.524262Z,2026-03-29T21:41:40.524262Z,7405.221679,7,0.09079999999999999,22.026431718060778,5.233853006681509,-3.648,92.41379310344827,22.026431718060778,39.95517377041272,8,3,4,1,0.0,False
NOM,2026-03-29T19:42:40.413Z,2026-03-29T19:42:40.413856Z,2026-03-29T21:42:40.413856Z,7345.332085,7,0.00237,84.38818565400865,41.35021097046413,-15.357,93.79310344827586,84.38818565400865,40.39681542854962,6,5,0,1,0.6667,False
PEPE,2026-03-29T19:42:46.508Z,2026-03-29T19:42:46.508473Z,2026-03-29T21:42:46.508473Z,7339.237468,7,3.305e-06,30.257186081694112,3.9877300613496938,-2.395,95.86206896551724,30.257186081694112,56.46529161531814,22,20,0,2,0.5909,False
T,2026-03-29T19:43:24.881Z,2026-03-29T19:43:24.882498Z,2026-03-29T21:43:24.882498Z,7300.863443,7,0.00595,33.61344537815135,2.0066889632107077,-1.806,1.0344827586206897,33.61344537815135,32.94511717609368,0,0,0,0,,
NEAR,2026-03-29T19:50:00.743Z,2026-03-29T19:50:00.744169Z,2026-03-29T21:50:00.744169Z,7504.281609,7,1.1735,8.521516829994802,3.5497835497835433,-2.696,87.93103448275862,8.521516829994802,50.910970963459896,12,7,4,1,0.9167,False
TRUMP,2026-03-29T19:50:11.559Z,2026-03-29T19:50:11.559454Z,2026-03-29T21:50:11.559454Z,7493.466324,7,2.9,6.896551724137171,5.640668523676878,-3.753,88.27586206896552,6.896551724137171,52.44331797753756,14,5,7,2,0.1429,False
WLFI,2026-03-29T19:50:20.018Z,2026-03-29T19:50:20.018409Z,2026-03-29T21:50:20.018409Z,7485.007369,7,0.0993,20.140986908359086,2.2517911975434943,-1.413,86.55172413793103,20.140986908359086,42.72953132817174,4,3,1,0,0.25,False
BANANAS31,2026-03-29T19:56:18.872Z,2026-03-29T19:56:18.872479Z,2026-03-29T21:56:18.872479Z,7727.104499,7,0.013372,7.478312892611123,4.871636251159902,-2.73,78.96551724137932,7.478312892611123,52.80323337621126,0,0,0,0,,
BARD,2026-03-29T19:56:26.272Z,2026-03-29T19:56:26.273061Z,2026-03-29T21:56:26.273061Z,7719.703917,7,0.3597,27.800945232137916,11.690140845070433,-4.851,82.06896551724138,27.800945232137916,51.98484602587686,0,0,0,0,,
CETUS,2026-03-29T19:56:31.364Z,2026-03-29T19:56:31.365143Z,2026-03-29T21:56:31.365143Z,7714.611835,7,0.024364999999999998,12.312743689718358,12.011285771866184,-7.906,76.89655172413794,12.312743689718358,38.51678396450879,3,2,0,1,0.6667,False
CFX,2026-03-29T19:56:39.116Z,2026-03-29T19:56:39.116638Z,2026-03-29T21:56:39.116638Z,7706.86034,7,0.05328,15.015015015014404,10.039186415375996,-7.444,85.17241379310344,15.015015015014404,45.63137827696883,4,2,2,0,0.5,False
DOT,2026-03-29T19:56:48.933Z,2026-03-29T19:56:48.933432Z,2026-03-29T21:56:48.933432Z,7697.043546,7,1.2610000000000001,15.860428231562265,2.955271565495201,-2.264,85.86206896551724,15.860428231562265,58.398043855383705,19,12,4,3,0.4211,False
EIGEN,2026-03-29T19:57:00.449Z,2026-03-29T19:57:00.449618Z,2026-03-29T21:57:00.449618Z,7685.52736,7,0.1685,59.347181008902126,4.733727810650875,-2.874,73.44827586206897,59.347181008902126,44.66775869032272,8,4,2,2,0.75,False
ENJ,2026-03-29T19:57:08.475Z,2026-03-29T19:57:08.475809Z,2026-03-29T21:57:08.475809Z,7677.501169,7,0.02069,57.99903334944517,18.424689083371717,9.924,81.72413793103448,57.99903334944517,63.51575210600696,9,4,4,1,1.0,False
GIGGLE,2026-03-29T19:57:20.930Z,2026-03-29T19:57:20.930548Z,2026-03-29T21:57:20.930548Z,7665.04643,7,23.665,38.030847242763514,9.588459906661017,-0.925,73.79310344827586,38.030847242763514,49.18439541277292,1,1,0,0,1.0,False
HEMI,2026-03-29T19:57:31.500Z,2026-03-29T19:57:31.500894Z,2026-03-29T21:57:31.500894Z,7654.476084,7,0.00578,34.60207612456756,13.66782006920415,-6.169,84.82758620689656,34.60207612456756,45.786604195737425,5,4,1,0,1.0,False
INJ,2026-03-29T19:57:46.771Z,2026-03-29T19:57:46.772241Z,2026-03-29T21:57:46.772241Z,7639.204737,7,2.8145,10.65908687155683,4.144337263308328,-3.015,77.93103448275862,10.65908687155683,37.02588729160289,13,8,3,2,0.5385,False
KERNEL,2026-03-29T19:57:54.745Z,2026-03-29T19:57:54.746080Z,2026-03-29T21:57:54.746080Z,7631.230898,7,0.07295,13.708019191225358,12.925170068027223,-6.962,75.51724137931035,13.708019191225358,37.26290439122147,0,0,0,0,,
KMNO,2026-03-29T19:58:01.686Z,2026-03-29T19:58:01.686338Z,2026-03-29T21:58:01.686338Z,7624.29064,7,0.01676,11.933174224343189,6.607142857142858,-2.269,72.75862068965517,11.933174224343189,55.137344026201006,10,2,7,1,0.5,False
OP,2026-03-29T19:58:13.050Z,2026-03-29T19:58:13.050643Z,2026-03-29T21:58:13.050643Z,7612.926335,7,0.10289999999999999,19.436345966957422,4.51866404715127,-2.677,74.82758620689656,19.436345966957422,65.23411032448271,64,20,41,3,0.4219,False
PAXG,2026-03-29T19:58:19.532Z,2026-03-29T19:58:19.533063Z,2026-03-29T21:58:19.533063Z,7606.443915,7,4513.924999999999,6.003644278538161,0.6612569863960376,0.314,86.20689655172414,6.003644278538161,54.81898843803596,10,4,5,1,0.5,False
RUNE,2026-03-29T19:59:00.305Z,2026-03-29T19:59:00.305893Z,2026-03-29T21:59:00.305893Z,7565.671085,7,0.3945,25.348542458808637,2.0253164556962044,-1.003,80.6896551724138,25.348542458808637,64.33168548688083,17,6,10,1,0.7647,False
SEI,2026-03-29T19:59:07.316Z,2026-03-29T19:59:07.316539Z,2026-03-29T21:59:07.316539Z,7558.660439,7,0.05215,19.175455417066704,4.770992366412204,-4.029,78.62068965517241,19.175455417066704,49.363800843755214,7,5,0,2,0.4286,False
SHIB,2026-03-29T19:59:12.534Z,2026-03-29T19:59:12.534720Z,2026-03-29T21:59:12.534720Z,7553.442258,7,5.815e-06,17.196904557179543,3.819444444444437,-2.867,81.37931034482759,17.196904557179543,56.11562246594092,11,6,5,0,0.2727,False
UNI,2026-03-29T19:59:19.266Z,2026-03-29T19:59:19.267181Z,2026-03-29T21:59:19.267181Z,7546.709797,7,3.373,5.929439667952042,3.2498509242695284,-2.386,75.17241379310344,5.929439667952042,60.463947913018615,28,18,8,2,0.6071,False
VIRTUAL,2026-03-29T19:59:25.552Z,2026-03-29T19:59:25.552540Z,2026-03-29T21:59:25.552540Z,7540.424438,7,0.65195,7.669299792929763,4.158936301793433,-3.347,80.0,7.669299792929763,50.26269945756328,4,3,1,0,0.5,False
WIF,2026-03-29T19:59:32.653Z,2026-03-29T19:59:32.653738Z,2026-03-29T21:59:32.653738Z,7533.32324,7,0.1725,57.971014492753675,5.26315789473683,-3.933,83.10344827586206,57.971014492753675,54.37585665016582,14,12,2,0,0.3571,False
XPL,2026-03-29T19:59:38.627Z,2026-03-29T19:59:38.627762Z,2026-03-29T21:59:38.627762Z,7527.349216,7,0.08745,11.435105774727155,5.882352941176463,-5.142,83.79310344827586,11.435105774727155,59.64759211027229,43,12,29,2,0.7442,False
APE,2026-03-29T20:05:26.732Z,2026-03-29T20:05:26.732464Z,2026-03-29T22:05:26.732464Z,7780.115621,7,0.0844,23.696682464455655,4.988123515439441,-3.881,61.03448275862069,23.696682464455655,61.098283432548065,12,10,0,2,0.6667,False
AVNT,2026-03-29T20:05:44.788Z,2026-03-29T20:05:44.789127Z,2026-03-29T22:05:44.789127Z,7762.058958,7,0.13155,22.805017103764538,6.111535523300235,-4.453,68.96551724137932,22.805017103764538,64.1320907669164,1,1,0,0,1.0,False
BONK,2026-03-29T20:05:58.399Z,2026-03-29T20:05:58.400228Z,2026-03-29T22:05:58.400228Z,7748.447857,7,5.665e-06,17.652250661959233,4.255319148936159,-3.259,71.72413793103448,17.652250661959233,61.79244413651123,11,8,2,1,0.9091,False
IOTA,2026-03-29T20:06:40.351Z,2026-03-29T20:06:40.351983Z,2026-03-29T22:06:40.351983Z,7706.496102,7,0.05315,18.814675446847776,6.037735849056607,-5.357,59.310344827586206,18.814675446847776,57.134625074198176,7,4,2,1,0.7143,False
JUP,2026-03-29T20:06:46.251Z,2026-03-29T20:06:46.251829Z,2026-03-29T22:06:46.251829Z,7700.596256,7,0.1421,14.074595355383936,3.7297677691766546,-2.605,66.20689655172414,14.074595355383936,63.69476297872752,70,22,42,6,0.2571,False
ONT,2026-03-29T20:07:02.264Z,2026-03-29T20:07:02.264693Z,2026-03-29T22:07:02.264693Z,7684.583392,7,0.059410000000000004,20.198619760983345,14.684486550499068,-2.184,72.41379310344827,20.198619760983345,53.56842896169558,3,1,2,0,1.0,False
RSR,2026-03-29T20:07:18.166Z,2026-03-29T20:07:18.166970Z,2026-03-29T22:07:18.166970Z,7668.681115,7,0.0015535000000000002,32.18538783392348,5.7366362451108195,-2.541,63.44827586206897,32.18538783392348,67.76874191332927,4,1,2,1,0.75,False
SAND,2026-03-29T20:07:23.631Z,2026-03-29T20:07:23.631356Z,2026-03-29T22:07:23.631356Z,7663.216729,7,0.07255,13.783597518952842,3.729281767955792,-2.688,60.3448275862069,13.783597518952842,61.20991668597202,60,17,41,2,-0.1167,False
SIGN,2026-03-29T20:07:29.626Z,2026-03-29T20:07:29.626447Z,2026-03-29T22:07:29.626447Z,7657.221638,7,0.032545000000000004,15.363343063451046,17.856029915861633,0.533,66.55172413793103,15.363343063451046,61.20681681920077,55,22,31,2,0.9273,False
SKY,2026-03-29T20:07:34.936Z,2026-03-29T20:07:34.936778Z,2026-03-29T22:07:34.936778Z,7651.911307,7,0.071155,4.216147846251458,3.937665228885486,2.51,70.0,4.216147846251458,66.963665356483,67,8,56,3,0.0149,False
SYRUP,2026-03-29T20:07:55.474Z,2026-03-29T20:07:55.474368Z,2026-03-29T22:07:55.474368Z,7631.373717,7,0.20029999999999998,9.985022466300837,3.3730158730158735,-2.562,65.51724137931035,9.985022466300837,59.403259179146055,0,0,0,0,,
TWT,2026-03-29T20:08:14.984Z,2026-03-29T20:08:14.984392Z,2026-03-29T22:08:14.984392Z,7611.863693,7,0.4345,23.014959723820503,3.774453394706565,-1.429,71.03448275862068,23.014959723820503,30.69676929989592,14,8,6,0,0.9286,False
W,2026-03-29T20:08:26.512Z,2026-03-29T20:08:26.512300Z,2026-03-29T22:08:26.512300Z,7600.335785,7,0.01465,68.2593856655286,4.081632653061224,-2.649,59.6551724137931,68.2593856655286,45.27119226816223,12,1,9,2,-0.25,False
CATI,2026-03-29T20:14:35.727Z,2026-03-29T20:14:35.727930Z,2026-03-29T22:14:35.727930Z,7231.120155,7,0.053250000000000006,56.33802816901439,9.297912713472488,5.19,47.58620689655172,56.33802816901439,44.87740139738955,4,3,0,1,1.0,False
CKB,2026-03-29T20:14:42.853Z,2026-03-29T20:14:42.853440Z,2026-03-29T22:14:42.853440Z,7223.994645,7,0.001345,44.609665427508766,7.233407904548835,-3.456,57.93103448275862,44.609665427508766,45.56141174554866,31,12,16,3,-0.1935,False
ETC,2026-03-29T20:15:07.329Z,2026-03-29T20:15:07.330151Z,2026-03-29T22:15:07.330151Z,7799.289807,7,7.99,25.031289111388705,3.6477987421383653,-2.454,52.758620689655174,25.031289111388705,51.50553901098737,6,6,0,0,1.0,False
EUL,2026-03-29T20:15:14.454Z,2026-03-29T20:15:14.454465Z,2026-03-29T22:15:14.454465Z,7792.165493,7,0.7404999999999999,40.513166779203274,5.075445816186561,-3.187,46.89655172413793,40.513166779203274,58.82931146108364,30,4,24,2,0.2,False
FLOKI,2026-03-29T20:15:20.832Z,2026-03-29T20:15:20.833066Z,2026-03-29T22:15:20.833066Z,7785.786892,7,2.7450000000000003e-05,7.285974499089183,3.8193169298567766,-3.062,46.206896551724135,7.285974499089183,37.46326086969883,8,4,3,1,0.5,False
IMX,2026-03-29T20:15:33.907Z,2026-03-29T20:15:33.907925Z,2026-03-29T22:15:33.907925Z,7772.712033,7,0.14415,20.81165452653642,5.411103302881226,-4.111,47.241379310344826,20.81165452653642,47.559509121496916,61,16,44,1,0.8361,False
IO,2026-03-29T20:15:41.770Z,2026-03-29T20:15:41.770308Z,2026-03-29T22:15:41.770308Z,7764.84965,7,0.1045,95.6937799043063,3.8834951456310716,-2.83,45.86206896551724,95.6937799043063,53.75175233491283,3,3,0,0,1.0,False
LINEA,2026-03-29T20:15:49.203Z,2026-03-29T20:15:49.204130Z,2026-03-29T22:15:49.204130Z,7757.415828,7,0.002915,34.30531732418534,4.498269896193769,-4.305,58.62068965517241,34.30531732418534,55.37397219855958,1,0,1,0,-1.0,False
ORCA,2026-03-29T20:16:06.065Z,2026-03-29T20:16:06.066033Z,2026-03-29T22:16:06.066033Z,7740.553925,7,0.8305,12.040939193257085,3.995157384987897,-2.249,48.96551724137931,12.040939193257085,61.4631720124805,10,4,6,0,0.8,False
PLUME,2026-03-29T20:16:11.625Z,2026-03-29T20:16:11.625962Z,2026-03-29T22:16:11.625962Z,7734.993996,7,0.00993,20.14098690835769,7.007007007007015,-4.585,56.89655172413793,20.14098690835769,52.567768407791455,4,4,0,0,0.75,False
PNUT,2026-03-29T20:16:18.666Z,2026-03-29T20:16:18.667129Z,2026-03-29T22:16:18.667129Z,7727.952829,7,0.03825,26.14379084967395,3.6939313984168822,-3.316,56.55172413793103,26.14379084967395,56.610941700799955,67,16,47,4,0.1343,False
PYTH,2026-03-29T20:16:26.055Z,2026-03-29T20:16:26.056384Z,2026-03-29T22:16:26.056384Z,7720.563574,7,0.0374,53.47593582887668,5.39083557951481,-3.636,58.275862068965516,53.47593582887668,60.36753320449673,6,5,1,0,1.0,False
RAY,2026-03-29T20:16:31.342Z,2026-03-29T20:16:31.342463Z,2026-03-29T22:16:31.342463Z,7715.277495,7,0.5615000000000001,17.80943900267143,2.4911032028469573,-2.091,48.62068965517241,17.80943900267143,61.78325270994569,32,23,7,2,0.75,False
S,2026-03-29T20:16:44.735Z,2026-03-29T20:16:44.735235Z,2026-03-29T22:16:44.735235Z,7701.884723,7,0.04027,9.932952570151073,4.308617234468937,-3.854,48.275862068965516,9.932952570151073,60.39944856253421,0,0,0,0,,
SAGA,2026-03-29T20:16:51.412Z,2026-03-29T20:16:51.412345Z,2026-03-29T22:16:51.412345Z,7695.207613,7,0.02735,36.56307129798881,9.293680297397765,-8.503,53.44827586206897,36.56307129798881,52.72702984428204,3,2,0,1,1.0,False
SAHARA,2026-03-29T20:16:56.972Z,2026-03-29T20:16:56.973084Z,2026-03-29T22:16:56.973084Z,7689.646874,7,0.024715,20.230629172567845,6.252537555826228,-4.089,53.10344827586207,20.230629172567845,55.88970486318142,1,1,0,0,-1.0,False
TOWNS,2026-03-29T20:17:18.811Z,2026-03-29T20:17:18.811452Z,2026-03-29T22:17:18.811452Z,7667.808506,7,0.0033550000000000003,29.80625931445611,5.000000000000001,-4.225,54.48275862068966,29.80625931445611,53.358325879919036,0,0,0,0,,
TRB,2026-03-29T20:17:26.626Z,2026-03-29T20:17:26.626846Z,2026-03-29T22:17:26.626846Z,7659.993112,7,14.635,20.49880423642032,4.3418332184700255,-3.716,50.0,20.49880423642032,57.46508891514503,0,0,0,0,,
TUT,2026-03-29T20:17:34.781Z,2026-03-29T20:17:34.782255Z,2026-03-29T22:17:34.782255Z,7651.837703,7,0.008385,59.63029218843343,9.23261390887292,-5.442,50.689655172413794,59.63029218843343,57.639229597833264,0,0,0,0,,
ZBT,2026-03-29T20:17:52.247Z,2026-03-29T20:17:52.247440Z,2026-03-29T22:17:52.247440Z,7634.372518,7,0.0737,27.137042062415976,11.6,5.189,54.827586206896555,27.137042062415976,70.69200907537997,2,1,1,0,1.0,False
ZK,2026-03-29T20:18:05.115Z,2026-03-29T20:18:05.115652Z,2026-03-29T22:18:05.115652Z,7621.504306,7,0.017005,17.641870038223335,2.710665880966403,-2.134,54.13793103448276,17.641870038223335,59.32574324894116,15,4,9,2,0.4667,False
ZKC,2026-03-29T20:18:10.152Z,2026-03-29T20:18:10.152432Z,2026-03-29T22:18:10.152432Z,7616.467526,7,0.0665,30.075187969925672,5.891238670694865,-5.429,45.172413793103445,30.075187969925672,57.72508268894797,0,0,0,0,,
ACH,2026-03-29T20:23:44.865Z,2026-03-29T20:23:44.866960Z,2026-03-29T22:23:44.866960Z,7281.752998,7,0.00626,31.948881789137467,4.1867954911433145,-2.969,36.206896551724135,31.948881789137467,58.064842187843055,3,3,0,0,1.0,False
ALT,2026-03-29T20:23:56.550Z,2026-03-29T20:23:56.550670Z,2026-03-29T22:23:56.550670Z,7270.069288,7,0.006135,16.299918500406832,3.7766830870279176,-3.18,33.10344827586207,16.299918500406832,61.824485715762144,4,4,0,0,0.5,False
BABY,2026-03-29T20:24:01.853Z,2026-03-29T20:24:01.853634Z,2026-03-29T22:24:01.853634Z,7264.766324,7,0.0135,14.814814814814211,5.2193645990922946,0.685,36.89655172413793,14.814814814814211,67.9604676285686,1,1,0,0,1.0,False
BOME,2026-03-29T20:24:14.921Z,2026-03-29T20:24:14.921663Z,2026-03-29T22:24:14.921663Z,7251.698295,7,0.000371,53.9083557951481,6.575342465753422,-5.195,39.6551724137931,53.9083557951481,43.0157499482869,7,5,2,0,1.0,False
BROCCOLI714,2026-03-29T20:24:25.842Z,2026-03-29T20:24:25.842874Z,2026-03-29T22:24:25.842874Z,7240.777084,7,0.011975,41.75365344467616,6.05550883095038,-1.654,41.724137931034484,41.75365344467616,43.64896317876362,0,0,0,0,,
COOKIE,2026-03-29T20:24:32.891Z,2026-03-29T20:24:32.891770Z,2026-03-29T22:24:32.891770Z,7233.728188,7,0.01525,65.57377049180288,6.00000000000001,-1.961,43.10344827586207,65.57377049180288,39.01499623164489,2,2,0,0,1.0,False
ENS,2026-03-29T20:24:45.163Z,2026-03-29T20:24:45.164255Z,2026-03-29T22:24:45.164255Z,7221.455703,7,5.57,35.90664272890567,3.9711191335740184,-2.977,34.48275862068966,35.90664272890567,59.826225199044536,4,2,0,2,0.5,False
FLUX,2026-03-29T20:24:55.147Z,2026-03-29T20:24:55.148280Z,2026-03-29T22:24:55.148280Z,7211.471678,7,0.050699999999999995,39.44773175542383,6.986027944111783,2.245,35.51724137931034,39.44773175542383,68.38077325097652,5,5,0,0,1.0,False
GRT,2026-03-29T20:25:11.853Z,2026-03-29T20:25:11.853355Z,2026-03-29T22:25:11.853355Z,7793.720207,7,0.023565,21.21790791428026,3.4600598035027836,-3.024,40.3448275862069,21.21790791428026,60.24294052678565,18,14,1,3,0.7778,False
JTO,2026-03-29T20:25:19.775Z,2026-03-29T20:25:19.775478Z,2026-03-29T22:25:19.775478Z,7785.798084,7,0.28315,31.785272823592155,7.276580713528791,-5.978,39.310344827586206,31.785272823592155,57.73436483090508,6,5,1,0,1.0,False
MEME,2026-03-29T20:25:38.264Z,2026-03-29T20:25:38.264945Z,2026-03-29T22:25:38.264945Z,7767.308617,7,0.000499,40.08016032064226,7.258064516129034,-5.882,37.93103448275862,40.08016032064226,56.22758567431784,35,21,10,4,0.6,False
MINA,2026-03-29T20:25:43.212Z,2026-03-29T20:25:43.213236Z,2026-03-29T22:25:43.213236Z,7762.360326,7,0.053849999999999995,55.71030640668555,3.01886792452831,-1.487,35.86206896551724,55.71030640668555,55.76725190601354,3,3,0,0,1.0,False
MOVE,2026-03-29T20:25:53.270Z,2026-03-29T20:25:53.270694Z,2026-03-29T22:25:53.270694Z,7752.302868,7,0.01765,56.65722379603366,3.4285714285714275,-2.778,42.06896551724138,56.65722379603366,58.03124887919212,4,3,1,0,1.0,False
MUBARAK,2026-03-29T20:26:00.906Z,2026-03-29T20:26:00.906813Z,2026-03-29T22:26:00.906813Z,7744.666749,7,0.01124,88.96797153024856,5.449591280653949,-1.784,42.758620689655174,88.96797153024856,47.85234436031891,0,0,0,0,,
NEO,2026-03-29T20:26:08.580Z,2026-03-29T20:26:08.580213Z,2026-03-29T22:26:08.580213Z,7736.993349,7,2.5540000000000003,15.661707126076756,3.08835027365128,-2.217,35.172413793103445,15.661707126076756,65.53854361804198,6,5,1,0,1.0,False
OPEN,2026-03-29T20:26:19.717Z,2026-03-29T20:26:19.717504Z,2026-03-29T22:26:19.717504Z,7725.856058,7,0.15735,19.06577693040958,9.247448979591844,-8.25,37.58620689655172,19.06577693040958,54.52077846050336,5,3,1,1,1.0,False
PHA,2026-03-29T20:26:37.599Z,2026-03-29T20:26:37.599428Z,2026-03-29T22:26:37.599428Z,7707.974134,7,0.0353,56.65722379603366,5.763688760806921,-2.801,41.03448275862069,56.65722379603366,59.79520712547877,1,1,0,0,1.0,False
QNT,2026-03-29T20:26:42.693Z,2026-03-29T20:26:42.693515Z,2026-03-29T22:26:42.693515Z,7702.880047,7,68.63,29.14177473408172,3.749455021072516,-3.302,38.62068965517241,29.14177473408172,59.95913762004904,65,12,48,5,0.1846,False
ROSE,2026-03-29T20:26:50.372Z,2026-03-29T20:26:50.372317Z,2026-03-29T22:26:50.372317Z,7695.201245,7,0.010335,29.02757619738801,2.7992277992278027,-1.801,44.827586206896555,29.02757619738801,49.26471055413217,63,11,46,6,0.5556,False
SNX,2026-03-29T20:26:58.394Z,2026-03-29T20:26:58.394580Z,2026-03-29T22:26:58.394580Z,7687.178982,7,0.2755,36.29764065335756,3.260869565217374,-1.779,34.13793103448276,36.29764065335756,58.0650565746143,1,0,0,1,1.0,False
SOLV,2026-03-29T20:27:05.889Z,2026-03-29T20:27:05.889380Z,2026-03-29T22:27:05.889380Z,7679.684182,7,0.002975,33.61344537815135,8.940397350993372,-1.307,37.241379310344826,33.61344537815135,49.44589398548441,2,0,2,0,1.0,False
STX,2026-03-29T20:27:12.932Z,2026-03-29T20:27:12.932280Z,2026-03-29T22:27:12.932280Z,7672.641282,7,0.21589999999999998,18.527095877720413,4.949121184088801,-3.954,42.41379310344828,18.527095877720413,54.041157255693896,64,24,39,1,0.4844,False
THETA,2026-03-29T20:27:19.134Z,2026-03-29T20:27:19.134904Z,2026-03-29T22:27:19.134904Z,7666.438658,7,0.1505,66.44518272425256,4.635761589403978,-2.581,32.758620689655174,66.44518272425256,51.570968409412075,5,4,1,0,1.0,False
TURBO,2026-03-29T20:27:30.021Z,2026-03-29T20:27:30.022061Z,2026-03-29T22:27:30.022061Z,7655.551501,7,0.0010019999999999999,39.92015968063753,6.920762286860587,-5.855,43.44827586206897,39.92015968063753,52.36304134358566,6,4,2,0,1.0,False
DOGS,2026-03-29T20:33:59.678Z,2026-03-29T20:33:59.678267Z,2026-03-29T22:33:59.678267Z,7265.895295,7,2.575e-05,116.50485436893226,3.0888030888030986,-0.766,20.0,116.50485436893226,61.24354666901237,6,6,0,0,1.0,False
HAEDAL,2026-03-29T20:34:25.416Z,2026-03-29T20:34:25.417015Z,2026-03-29T22:34:25.417015Z,7240.156547,7,0.0269,74.3494423791817,11.397058823529408,-8.418,21.724137931034484,74.3494423791817,38.61013761428411,0,0,0,0,,
HMSTR,2026-03-29T20:34:32.843Z,2026-03-29T20:34:32.844133Z,2026-03-29T22:34:32.844133Z,7232.729429,7,0.00013220000000000001,15.128593040845518,4.377358490566042,-1.925,18.620689655172413,15.128593040845518,62.45039131191074,3,0,3,0,0.3333,False
HOLO,2026-03-29T20:34:40.801Z,2026-03-29T20:34:40.802133Z,2026-03-29T22:34:40.802133Z,7224.771429,7,0.0519,38.535645472061425,2.697495183044313,-2.627,21.03448275862069,38.535645472061425,36.699067093043446,3,1,2,0,0.3333,False
HOME,2026-03-29T20:34:48.181Z,2026-03-29T20:34:48.182005Z,2026-03-29T22:34:48.182005Z,7217.391557,7,0.01932,31.05590062111675,4.247509176717347,-2.255,28.620689655172413,31.05590062111675,42.105513937443945,0,0,0,0,,
ILV,2026-03-29T20:34:55.796Z,2026-03-29T20:34:55.797051Z,2026-03-29T22:34:55.797051Z,7209.776511,7,3.4400000000000004,58.13953488372097,5.0595238095238075,-2.609,18.96551724137931,58.13953488372097,63.23046031822519,4,2,2,0,1.0,False
INIT,2026-03-29T20:35:02.687Z,2026-03-29T20:35:02.687758Z,2026-03-29T22:35:02.687758Z,7202.885804,7,0.078,25.641025641026374,4.687500000000008,-2.785,31.03448275862069,25.641025641026374,57.77144881191352,0,0,0,0,,
KAIA,2026-03-29T20:35:11.516Z,2026-03-29T20:35:11.516991Z,2026-03-29T22:35:11.516991Z,7794.681278,7,0.04475,67.03910614525176,2.6315789473684204,-1.085,22.06896551724138,67.03910614525176,57.988923508775564,2,1,1,0,1.0,False
KAITO,2026-03-29T20:35:19.010Z,2026-03-29T20:35:19.010582Z,2026-03-29T22:35:19.010582Z,7787.187687,7,0.37905,29.01991821659385,3.6627140974967123,-3.533,24.82758620689655,29.01991821659385,39.594502011217934,0,0,0,0,,
LISTA,2026-03-29T20:35:26.279Z,2026-03-29T20:35:26.279773Z,2026-03-29T22:35:26.279773Z,7779.918496,7,0.07919999999999999,75.75757575757619,4.25,-3.498,23.79310344827586,75.75757575757619,57.57402702777089,3,3,0,0,1.0,False
LPT,2026-03-29T20:35:32.766Z,2026-03-29T20:35:32.766514Z,2026-03-29T22:35:32.766514Z,7773.431755,7,2.0305,44.32405811376676,2.7941176470588207,-2.486,24.482758620689655,44.32405811376676,39.05859974834444,5,4,1,0,1.0,False
MIRA,2026-03-29T20:35:55.722Z,2026-03-29T20:35:55.723116Z,2026-03-29T22:35:55.723116Z,7750.475153,7,0.0731,27.359781121751812,4.4836956521739095,-3.285,25.862068965517242,27.359781121751812,53.84172615565685,0,0,0,0,,
NIL,2026-03-29T20:36:00.727Z,2026-03-29T20:36:00.727313Z,2026-03-29T22:36:00.727313Z,7745.470956,7,0.03115,96.30818619582718,6.031746031746028,-3.67,30.0,96.30818619582718,54.48070521032449,0,0,0,0,,
NOT,2026-03-29T20:36:06.668Z,2026-03-29T20:36:06.668959Z,2026-03-29T22:36:06.668959Z,7739.52931,7,0.0003395,29.45508100147347,5.27859237536657,-4.482,26.551724137931036,29.45508100147347,52.11541659889733,7,4,2,1,0.4286,False
ORDI,2026-03-29T20:36:13.343Z,2026-03-29T20:36:13.344234Z,2026-03-29T22:36:13.344234Z,7732.854035,7,2.1455,23.304591004429444,4.199353945546848,-3.302,27.586206896551722,23.304591004429444,59.19201507612833,16,7,6,3,0.625,False
RED,2026-03-29T20:36:21.635Z,2026-03-29T20:36:21.636019Z,2026-03-29T22:36:21.636019Z,7724.56225,7,0.10289999999999999,38.872691933916194,6.731707317073174,-6.307,22.413793103448278,38.872691933916194,46.89439972998607,3,1,1,1,-0.3333,False
REZ,2026-03-29T20:36:29.146Z,2026-03-29T20:36:29.147153Z,2026-03-29T22:36:29.147153Z,7717.051116,7,0.00328,60.97560975609772,5.151515151515152,-2.655,29.655172413793103,60.97560975609772,58.897723537678,64,13,50,1,0.1094,False
RPL,2026-03-29T20:36:36.086Z,2026-03-29T20:36:36.086280Z,2026-03-29T22:36:36.086280Z,7710.111989,7,1.605,62.30529595015582,3.2051282051282075,-1.887,19.655172413793103,62.30529595015582,40.85897143508978,3,2,1,0,1.0,False
SAPIEN,2026-03-29T20:36:41.243Z,2026-03-29T20:36:41.243336Z,2026-03-29T22:36:41.243336Z,7704.954933,7,0.0634,31.54574132492204,5.956112852664574,-5.621,26.896551724137932,31.54574132492204,56.057937857369545,0,0,0,0,,
TREE,2026-03-29T20:36:54.567Z,2026-03-29T20:36:54.567368Z,2026-03-29T22:36:54.567368Z,7691.630901,7,0.0577,34.66204506065837,4.655172413793105,-3.974,26.20689655172414,34.66204506065837,56.06599454387227,0,0,0,0,,
USUAL,2026-03-29T20:36:59.382Z,2026-03-29T20:36:59.383075Z,2026-03-29T22:36:59.383075Z,7686.815194,7,0.01225,16.326530612245648,3.527481542247743,0.329,23.448275862068964,16.326530612245648,65.01374164845555,5,5,0,0,1.0,False
VANRY,2026-03-29T20:37:05.140Z,2026-03-29T20:37:05.140546Z,2026-03-29T22:37:05.140546Z,7681.057723,7,0.0048695000000000006,22.58958825341354,6.338168090602022,-4.261,28.96551724137931,22.58958825341354,47.45138648220773,64,11,53,0,0.1562,False
WCT,2026-03-29T20:37:18.661Z,2026-03-29T20:37:18.661515Z,2026-03-29T22:37:18.661515Z,7667.536754,7,0.053500000000000006,37.38317757009323,5.204460966542758,-4.61,17.586206896551722,37.38317757009323,41.67208313235273,0,0,0,0,,
CGPT,2026-03-29T20:43:46.988Z,2026-03-29T20:43:46.988786Z,2026-03-29T22:43:46.988786Z,7279.209483,7,0.017849999999999998,56.02240896358511,5.904866047020216,-5.527,14.137931034482758,56.02240896358511,46.681133156997404,4,1,3,0,1.0,False
CVC,2026-03-29T20:44:06.348Z,2026-03-29T20:44:06.348505Z,2026-03-29T22:44:06.348505Z,7259.849764,7,0.02894,34.55425017277104,4.509736932012293,-4.096,8.275862068965518,34.55425017277104,39.41661880841773,66,13,45,8,-0.0606,False
CYBER,2026-03-29T20:44:13.336Z,2026-03-29T20:44:13.337055Z,2026-03-29T22:44:13.337055Z,7252.861214,7,0.481,41.580041580041616,2.4896265560165998,-0.823,17.24137931034483,41.580041580041616,60.19662661901099,1,1,0,0,1.0,False
EDEN,2026-03-29T20:44:21.231Z,2026-03-29T20:44:21.231907Z,2026-03-29T22:44:21.231907Z,7244.966362,7,0.0263,76.0456273764254,8.582089552238806,-5.634,15.172413793103448,76.0456273764254,57.38279331112257,0,0,0,0,,
FORM,2026-03-29T20:44:32.393Z,2026-03-29T20:44:32.393831Z,2026-03-29T22:44:32.393831Z,7233.804438,7,0.2483,56.38340716874798,3.231017770597741,-2.52,12.068965517241379,56.38340716874798,45.37721313317046,0,0,0,0,,
FUN,2026-03-29T20:44:40.423Z,2026-03-29T20:44:40.424050Z,2026-03-29T22:44:40.424050Z,7225.774219,7,0.0012265000000000002,89.68609865470803,4.403522818254598,0.16,13.793103448275861,89.68609865470803,38.41424155856154,0,0,0,0,,
GMT,2026-03-29T20:44:47.699Z,2026-03-29T20:44:47.699976Z,2026-03-29T22:44:47.699976Z,7218.498293,7,0.00945,21.1640211640203,5.24658971668416,-3.931,11.03448275862069,21.1640211640203,40.09027873258196,2,2,0,0,1.0,False
HIVE,2026-03-29T20:44:54.838Z,2026-03-29T20:44:54.838704Z,2026-03-29T22:44:54.838704Z,7211.359565,7,0.0559,71.55635062611763,4.424778761061951,-3.748,8.96551724137931,71.55635062611763,54.330247578598254,2,2,0,0,-1.0,False
LAYER,2026-03-29T20:45:01.766Z,2026-03-29T20:45:01.766245Z,2026-03-29T22:45:01.766245Z,7204.432024,7,0.07455,67.06908115358826,4.913678618857895,-4.076,3.793103448275862,67.06908115358826,36.00289464634268,0,0,0,0,,
MITO,2026-03-29T20:45:21.273Z,2026-03-29T20:45:21.274427Z,2026-03-29T22:45:21.274427Z,7783.858953,7,0.03436,11.641443538998361,5.014492753623174,-4.06,9.310344827586206,11.641443538998361,41.553845193706806,0,0,0,0,,
NMR,2026-03-29T20:45:27.076Z,2026-03-29T20:45:27.077097Z,2026-03-29T22:45:27.077097Z,7778.056283,7,6.265000000000001,47.8850758180371,3.5769828926905065,-2.723,7.931034482758621,47.8850758180371,50.11332981912905,0,0,0,0,,
OSMO,2026-03-29T20:45:38.532Z,2026-03-29T20:45:38.533020Z,2026-03-29T22:45:38.533020Z,7766.60036,7,0.029150000000000002,34.30531732418504,3.3898305084745797,-2.318,12.758620689655173,34.30531732418504,56.57149178868794,38,12,22,4,0.1579,False
RARE,2026-03-29T20:45:46.052Z,2026-03-29T20:45:46.052535Z,2026-03-29T22:45:46.052535Z,7759.080845,7,0.01375,72.72727272727228,4.347826086956521,-2.817,16.551724137931036,72.72727272727228,55.22675784576844,0,0,0,0,,
SKL,2026-03-29T20:45:52.852Z,2026-03-29T20:45:52.852762Z,2026-03-29T22:45:52.852762Z,7752.280618,7,0.005655,53.05039787798346,5.017301038062289,-1.365,5.517241379310345,53.05039787798346,45.027467049658476,4,3,1,0,1.0,False
SOPH,2026-03-29T20:45:58.716Z,2026-03-29T20:45:58.716895Z,2026-03-29T22:45:58.716895Z,7746.416485,7,0.008535000000000001,58.58230814294047,2.450980392156869,0.741,4.827586206896552,58.58230814294047,52.93361794162705,0,0,0,0,,
SUSHI,2026-03-29T20:46:05.637Z,2026-03-29T20:46:05.638045Z,2026-03-29T22:46:05.638045Z,7739.495335,7,0.1851,10.804970286332022,2.7718550106609863,-2.19,6.896551724137931,10.804970286332022,54.70669364889484,6,4,2,0,1.0,False
SYN,2026-03-29T20:46:12.292Z,2026-03-29T20:46:12.292790Z,2026-03-29T22:46:12.292790Z,7732.84059,7,0.0441,136.05442176870824,4.385964912280706,-4.202,9.655172413793103,136.05442176870824,33.20276161690123,0,0,0,0,,
TLM,2026-03-29T20:46:20.108Z,2026-03-29T20:46:20.108935Z,2026-03-29T22:46:20.108935Z,7725.024445,7,0.0015695000000000001,6.37145587766751,2.9411764705882457,-2.442,8.620689655172415,6.37145587766751,52.98881904232528,0,0,0,0,,
TNSR,2026-03-29T20:46:26.859Z,2026-03-29T20:46:26.859818Z,2026-03-29T22:46:26.859818Z,7718.273562,7,0.03715,80.75370121130595,3.439153439153427,-2.828,12.413793103448276,80.75370121130595,54.979836505910214,8,5,3,0,0.75,False
TURTLE,2026-03-29T20:46:33.476Z,2026-03-29T20:46:33.476398Z,2026-03-29T22:46:33.476398Z,7711.656982,7,0.038599999999999995,51.81347150259036,2.0356234096691987,-1.008,15.862068965517242,51.81347150259036,51.4360004709002,0,0,0,0,,
UMA,2026-03-29T20:46:41.243Z,2026-03-29T20:46:41.243472Z,2026-03-29T22:46:41.243472Z,7703.889908,7,0.386,51.813471502590716,5.8673469387755,-4.854,5.862068965517241,51.813471502590716,41.07611859132661,1,0,1,0,-1.0,False
VELODROME,2026-03-29T20:46:46.766Z,2026-03-29T20:46:46.767160Z,2026-03-29T22:46:46.767160Z,7698.36622,7,0.013735,36.40334910811772,3.2467532467532396,-2.326,10.0,36.40334910811772,38.58984247395667,0,0,0,0,,
XAI,2026-03-29T20:46:54.658Z,2026-03-29T20:46:54.658401Z,2026-03-29T22:46:54.658401Z,7690.474979,7,0.008834999999999999,79.23033389926303,5.162738496071833,-3.467,4.137931034482759,79.23033389926303,54.04286963728513,4,4,0,0,1.0,False
YB,2026-03-29T20:47:01.530Z,2026-03-29T20:47:01.531074Z,2026-03-29T22:47:01.531074Z,7683.602306,7,0.09920000000000001,40.32258064516105,8.506429277942642,-6.302,16.20689655172414,40.32258064516105,43.61079371519188,0,0,0,0,,
YGG,2026-03-29T20:47:09.723Z,2026-03-29T20:47:09.723253Z,2026-03-29T22:47:09.723253Z,7675.410127,7,0.033575,62.546537602383275,4.854368932038831,-3.902,16.896551724137932,62.546537602383275,55.79729803274354,3,2,1,0,1.0,False
ETH,2026-03-29T20:53:35.526Z,2026-03-29T20:53:35.526279Z,2026-03-29T22:53:35.526279Z,7289.607101,7,1958.505,0.05105935394594808,2.135022493718306,-1.236,99.65517241379311,0.05105935394594808,54.06176800106296,45,17,23,5,0.3778,False
EUR,2026-03-29T20:53:38.875Z,2026-03-29T20:53:38.875672Z,2026-03-29T22:53:38.875672Z,7286.257708,7,1.1485500000000002,0.8706630098819291,0.16520302582384253,0.07,98.27586206896552,0.8706630098819291,58.04695430620579,1,0,0,1,1.0,False
F,2026-03-29T20:53:46.275Z,2026-03-29T20:53:46.275562Z,2026-03-29T22:53:46.275562Z,7278.857818,7,0.00492,81.3008130081303,2.204408817635268,-1.772,1.3793103448275863,81.3008130081303,35.02440873343401,0,0,0,0,,
FDUSD,2026-03-29T20:53:51.436Z,2026-03-29T20:53:51.437022Z,2026-03-29T22:53:51.437022Z,7273.696358,7,0.9989,2.002202422664711,0.04005206768798998,-0.03,94.48275862068965,2.002202422664711,59.15256953771565,0,0,0,0,,
FET,2026-03-29T20:53:57.410Z,2026-03-29T20:53:57.410472Z,2026-03-29T22:53:57.410472Z,7267.722908,7,0.22644999999999998,13.247957606535428,9.795385285154559,-7.788,95.51724137931035,13.247957606535428,49.12855503879076,13,9,4,0,0.6923,False
HBAR,2026-03-29T20:54:02.757Z,2026-03-29T20:54:02.757415Z,2026-03-29T22:54:02.757415Z,7262.375965,7,0.087115,3.4437238133504273,3.1969164493821443,-2.595,92.75862068965517,3.4437238133504273,51.016228614445424,17,12,4,1,0.8824,False
HEI,2026-03-29T20:54:10.495Z,2026-03-29T20:54:10.495491Z,2026-03-29T22:54:10.495491Z,7254.637889,7,0.07055,155.91778880226644,3.472222222222226,-2.571,1.7241379310344827,155.91778880226644,31.109087752812435,0,0,0,0,,
LINK,2026-03-29T20:54:16.619Z,2026-03-29T20:54:16.620041Z,2026-03-29T22:54:16.620041Z,7248.513339,7,8.305,12.040939193256818,2.969121140142518,-1.979,96.20689655172414,12.040939193256818,63.39303331033666,27,6,16,5,0.6296,False
LSK,2026-03-29T20:54:24.814Z,2026-03-29T20:54:24.815048Z,2026-03-29T22:54:24.815048Z,7240.318332,7,0.118,169.4915254237278,4.237288135593213,-3.279,0.3448275862068966,169.4915254237278,34.664253476968724,0,0,0,0,,
MASK,2026-03-29T20:54:31.732Z,2026-03-29T20:54:31.732645Z,2026-03-29T22:54:31.732645Z,7233.400735,7,0.3925,25.477707006369446,4.060913705583745,-3.431,3.4482758620689653,25.477707006369446,51.289872760497175,8,7,1,0,1.0,False
MAV,2026-03-29T20:54:40.174Z,2026-03-29T20:54:40.175139Z,2026-03-29T22:54:40.175139Z,7224.958241,7,0.012240000000000001,81.69934640522968,5.416329830234427,-5.138,2.7586206896551726,81.69934640522968,50.46308617098969,0,0,0,0,,
PUNDIX,2026-03-29T20:55:00.183Z,2026-03-29T20:55:00.183528Z,2026-03-29T22:55:00.183528Z,7204.949852,7,0.13535,66.49427410417525,2.3323615160349918,-2.0,0.6896551724137931,66.49427410417525,53.89766064660135,0,0,0,0,,
QTUM,2026-03-29T20:55:07.379Z,2026-03-29T20:55:07.379727Z,2026-03-29T22:55:07.379727Z,7797.747377,7,0.8,50.00000000000004,4.590570719602968,-3.473,2.413793103448276,50.00000000000004,44.50824139824058,0,0,0,0,,
SOL,2026-03-29T20:55:18.175Z,2026-03-29T20:55:18.175666Z,2026-03-29T22:55:18.175666Z,7786.951438,7,81.095,1.2331216474493996,2.867647058823534,-1.947,98.96551724137932,1.2331216474493996,46.97968410088952,38,23,12,3,0.7895,False
STO,2026-03-29T20:55:23.013Z,2026-03-29T20:55:23.013481Z,2026-03-29T22:55:23.013481Z,7782.113623,7,0.15045,19.940179461616648,35.374592833876235,32.785,93.10344827586206,19.940179461616648,73.00187644341223,4,3,0,1,0.5,False
SUI,2026-03-29T20:55:28.555Z,2026-03-29T20:55:28.555527Z,2026-03-29T22:55:28.555527Z,7776.571577,7,0.84315,1.1860285832887267,6.205991168397189,-5.086,98.62068965517241,1.1860285832887267,47.753187706040045,20,13,5,2,0.8,False
TAO,2026-03-29T20:55:39.370Z,2026-03-29T20:55:39.371066Z,2026-03-29T22:55:39.371066Z,7765.756038,7,314.45,3.1801558276362774,3.763440860215047,-1.095,97.58620689655173,3.1801558276362774,54.895581067302366,37,18,16,3,0.7297,False
TRX,2026-03-29T20:55:44.586Z,2026-03-29T20:55:44.586905Z,2026-03-29T22:55:44.586905Z,7760.540199,7,0.32265,3.0993336432663563,1.6885553470919374,0.598,93.44827586206897,3.0993336432663563,72.04930574121242,20,9,11,0,1.0,False
USD1,2026-03-29T20:55:52.810Z,2026-03-29T20:55:52.810845Z,2026-03-29T22:55:52.810845Z,7752.316259,7,0.99955,1.0004502025910558,0.030012004801917458,-0.01,99.3103448275862,1.0004502025910558,68.21931116259476,13,6,5,2,0.5385,False
WLD,2026-03-29T20:55:58.443Z,2026-03-29T20:55:58.444078Z,2026-03-29T22:55:58.444078Z,7746.683026,7,0.2716,7.363770250367377,4.281009879253563,-0.073,94.13793103448276,7.363770250367377,58.68883444172263,19,8,7,4,0.4211,False
XLM,2026-03-29T20:56:03.468Z,2026-03-29T20:56:03.468814Z,2026-03-29T22:56:03.468814Z,7741.65829,7,0.16405,6.0957025297158784,4.7589993898718745,-3.758,90.6896551724138,6.0957025297158784,53.17191537795838,62,22,35,5,0.2581,False
XRP,2026-03-29T20:56:09.293Z,2026-03-29T20:56:09.293274Z,2026-03-29T22:56:09.293274Z,7735.83383,7,1.3209499999999998,0.7570309247131912,2.3545495974479658,-1.995,97.93103448275862,0.7570309247131912,43.355312441880855,34,10,13,11,0.0882,False
ZEC,2026-03-29T20:56:14.213Z,2026-03-29T20:56:14.214173Z,2026-03-29T22:56:14.214173Z,7730.912931,7,212.965,2.3478036297049454,3.3536585365853617,-0.633,90.34482758620689,2.3478036297049454,59.27338386083046,20,8,7,5,0.7,False
C,2026-03-29T21:01:47.818Z,2026-03-29T21:01:47.818338Z,2026-03-29T23:01:47.818338Z,7397.308766,7,0.0869,69.04487917146183,23.20376914016491,4.815,87.58620689655173,69.04487917146183,64.3003597231887,1,1,0,0,1.0,False
KITE,2026-03-29T21:02:03.520Z,2026-03-29T21:02:03.520938Z,2026-03-29T23:02:03.520938Z,7381.606166,7,0.1595,25.07836990595683,13.244613434727503,-7.988,86.89655172413794,25.07836990595683,62.57927272258847,1,1,0,0,1.0,False
LTC,2026-03-29T21:02:09.621Z,2026-03-29T21:02:09.622197Z,2026-03-29T23:02:09.622197Z,7375.504907,7,53.120000000000005,3.7650602409644436,2.455482661668233,-1.55,89.3103448275862,3.7650602409644436,46.91971667710706,30,17,12,1,0.5667,False
RENDER,2026-03-29T21:02:19.437Z,2026-03-29T21:02:19.437562Z,2026-03-29T23:02:19.437562Z,7365.689542,7,1.65,12.121212121212132,3.4524530587522815,-2.365,89.65517241379311,12.121212121212132,59.18385780127742,0,0,0,0,,
ALGO,2026-03-29T21:08:09.099Z,2026-03-29T21:08:09.099634Z,2026-03-29T23:08:09.099634Z,7616.804849,7,0.08085,12.36858379715558,2.962962962962962,-2.41,75.86206896551724,12.36858379715558,65.39921664356206,11,6,3,2,0.3636,False
APT,2026-03-29T21:08:13.977Z,2026-03-29T21:08:13.978188Z,2026-03-29T23:08:13.978188Z,7611.926295,7,0.9145000000000001,10.934937124111544,3.9430449069003197,-2.872,85.51724137931035,10.934937124111544,57.1612461381835,63,10,51,2,0.4286,False
ARB,2026-03-29T21:08:19.561Z,2026-03-29T21:08:19.561883Z,2026-03-29T23:08:19.561883Z,7606.3426,7,0.08825,11.331444759207123,4.401805869074494,-3.381,78.27586206896552,11.331444759207123,63.43590679981604,31,8,21,2,0.8065,False
ASTER,2026-03-29T21:08:25.181Z,2026-03-29T21:08:25.181538Z,2026-03-29T23:08:25.181538Z,7600.722945,7,0.6575,15.209125475285186,1.6717325227963538,-0.454,84.13793103448276,15.209125475285186,59.51218829459004,7,2,3,2,0.4286,False
CRV,2026-03-29T21:08:46.006Z,2026-03-29T21:08:46.006424Z,2026-03-29T23:08:46.006424Z,7579.898059,7,0.20779999999999998,9.624639076034924,4.065040650406495,-2.472,76.20689655172414,9.624639076034924,57.59116391892432,7,2,4,1,0.5714,False
DYDX,2026-03-29T21:08:57.212Z,2026-03-29T21:08:57.212774Z,2026-03-29T23:08:57.212774Z,7568.691709,7,0.09415000000000001,10.621348911312039,6.050605060506056,-4.316,74.13793103448276,10.621348911312039,57.36124692843946,4,3,1,0,1.0,False
FIL,2026-03-29T21:09:12.202Z,2026-03-29T21:09:12.202946Z,2026-03-29T23:09:12.202946Z,7553.701537,7,0.7995000000000001,12.507817385866176,4.228855721393025,-2.19,84.48275862068965,12.507817385866176,64.1592418266257,6,4,1,1,0.6667,False
GUN,2026-03-29T21:09:23.419Z,2026-03-29T21:09:23.419661Z,2026-03-29T23:09:23.419661Z,7542.484822,7,0.01582,12.642225031605047,14.571607254534097,-2.559,77.58620689655173,12.642225031605047,42.004576632490256,0,0,0,0,,
HUMA,2026-03-29T21:09:33.112Z,2026-03-29T21:09:33.112259Z,2026-03-29T23:09:33.112259Z,7532.792224,7,0.014995000000000001,20.006668889630216,17.627118644067796,-7.057,81.03448275862068,20.006668889630216,48.67667308996922,0,0,0,0,,
ICP,2026-03-29T21:09:38.818Z,2026-03-29T21:09:38.818529Z,2026-03-29T23:09:38.818529Z,7527.085954,7,2.1995,4.546487838146551,2.483069977426624,-1.904,82.75862068965517,4.546487838146551,58.78963575795404,18,9,7,2,0.7778,False
ONDO,2026-03-29T21:09:58.339Z,2026-03-29T21:09:58.340142Z,2026-03-29T23:09:58.340142Z,7507.564341,7,0.25880000000000003,7.727975270480428,7.178695484368972,-5.23,76.55172413793103,7.727975270480428,52.47002133300923,11,8,2,1,0.8182,False
PENDLE,2026-03-29T21:10:14.559Z,2026-03-29T21:10:14.559837Z,2026-03-29T23:10:14.559837Z,7491.344646,7,1.1125,8.98876404494283,5.3715308863025815,-4.611,73.10344827586206,8.98876404494283,58.26421781951696,52,2,49,1,0.9615,False
PENGU,2026-03-29T21:10:19.516Z,2026-03-29T21:10:19.516877Z,2026-03-29T23:10:19.516877Z,7486.387606,7,0.0062365,8.017317405595762,5.429575215586075,-3.824,82.41379310344827,8.017317405595762,52.97594672546119,13,6,3,4,0.6154,False
PIXEL,2026-03-29T21:10:24.724Z,2026-03-29T21:10:24.724722Z,2026-03-29T23:10:24.724722Z,7481.179761,7,0.007715,12.961762799741361,12.82051282051281,-7.91,79.65517241379311,12.961762799741361,58.30594918914296,18,8,10,0,0.7222,False
PROVE,2026-03-29T21:10:29.659Z,2026-03-29T21:10:29.659343Z,2026-03-29T23:10:29.659343Z,7476.24514,7,0.22594999999999998,13.277273733126565,13.58885017421603,-8.599,79.3103448275862,13.277273733126565,56.71770149907253,2,1,1,0,0.0,False
PUMP,2026-03-29T21:10:36.579Z,2026-03-29T21:10:36.579947Z,2026-03-29T23:10:36.579947Z,7469.324536,7,0.0016719999999999999,11.96172248803857,2.991202346041046,-1.729,77.24137931034483,11.96172248803857,67.2433617608502,14,13,1,0,0.5714,False
RESOLV,2026-03-29T21:10:43.109Z,2026-03-29T21:10:43.109730Z,2026-03-29T23:10:43.109730Z,7462.794753,7,0.03825,26.14379084967395,8.244680851063825,-5.29,83.44827586206897,26.14379084967395,57.315374720107485,0,0,0,0,,
0G,2026-03-29T21:16:58.702Z,2026-03-29T21:16:58.703125Z,2026-03-29T23:16:58.703125Z,7686.22783,7,0.4685,21.344717182496165,5.543710021321955,-4.675,67.93103448275862,21.344717182496165,60.00797698589145,15,5,9,1,0.1333,False
A2Z,2026-03-29T21:17:04.695Z,2026-03-29T21:17:04.695361Z,2026-03-29T23:17:04.695361Z,7680.235594,7,0.00018649999999999998,160.85790884718455,25.225225225225227,-1.333,67.58620689655173,160.85790884718455,34.492577023595665,4,4,0,0,0.5,True
AR,2026-03-29T21:17:15.502Z,2026-03-29T21:17:15.502726Z,2026-03-29T23:17:15.502726Z,7669.428229,7,1.665,60.06006006006011,3.5714285714285747,-1.754,61.37931034482759,60.06006006006011,58.01644716935122,8,5,1,2,0.75,False
ARKM,2026-03-29T21:17:22.315Z,2026-03-29T21:17:22.315702Z,2026-03-29T23:17:22.315702Z,7662.615253,7,0.0945,105.82010582010592,5.263157894736847,-1.042,60.0,105.82010582010592,54.2490321656583,11,7,3,1,0.6364,False
ATOM,2026-03-29T21:17:29.319Z,2026-03-29T21:17:29.320103Z,2026-03-29T23:17:29.320103Z,7655.610852,7,1.6275,6.144393241166759,3.4083992696287306,-2.319,68.62068965517241,6.144393241166759,62.36926859367426,63,16,44,3,0.4127,False
BANANA,2026-03-29T21:17:40.362Z,2026-03-29T21:17:40.362904Z,2026-03-29T23:17:40.362904Z,7644.568051,7,3.285,30.441400304414703,15.8904109589041,11.963,65.86206896551724,30.441400304414703,67.22878795839105,13,9,4,0,0.8462,False
BIO,2026-03-29T21:17:47.285Z,2026-03-29T21:17:47.286223Z,2026-03-29T23:17:47.286223Z,7637.644732,7,0.016050000000000002,62.30529595015538,4.347826086956517,-2.424,64.13793103448276,62.30529595015538,31.93755571041503,1,1,0,0,1.0,False
CAKE,2026-03-29T21:17:57.742Z,2026-03-29T21:17:57.742489Z,2026-03-29T23:17:57.742489Z,7627.188466,7,1.35,14.814814814814827,2.505526897568151,-2.092,66.89655172413794,14.814814814814827,59.18900673998303,11,4,7,0,0.7273,False
EGLD,2026-03-29T21:18:04.555Z,2026-03-29T21:18:04.555852Z,2026-03-29T23:18:04.555852Z,7620.375103,7,3.715,26.91790040376913,4.278074866310163,-3.109,61.724137931034484,26.91790040376913,61.082856216432276,45,12,29,4,0.0667,False
ENSO,2026-03-29T21:18:11.295Z,2026-03-29T21:18:11.295470Z,2026-03-29T23:18:11.295470Z,7613.635485,7,1.0314999999999999,9.694619486186253,4.956268221574338,-3.471,65.17241379310344,9.694619486186253,61.37386171231381,1,0,0,1,-1.0,False
ETHFI,2026-03-29T21:18:25.342Z,2026-03-29T21:18:25.342521Z,2026-03-29T23:18:25.342521Z,7599.588434,7,0.4575,21.857923497267777,3.7117903930131035,-0.651,60.689655172413794,21.857923497267777,66.24174166980379,5,3,1,1,0.8,False
GALA,2026-03-29T21:18:30.172Z,2026-03-29T21:18:30.172297Z,2026-03-29T23:18:30.172297Z,7594.758658,7,0.002765,36.166365280289426,6.159420289855073,-4.498,67.24137931034483,36.166365280289426,57.43084117192774,5,2,3,0,1.0,False
IDEX,2026-03-29T21:18:35.441Z,2026-03-29T21:18:35.441341Z,2026-03-29T23:18:35.441341Z,7589.489614,7,0.00297,202.02020202020256,45.631067961165044,-8.58,62.758620689655174,202.02020202020256,50.28813713083095,1,1,0,0,1.0,False
LDO,2026-03-29T21:18:48.213Z,2026-03-29T21:18:48.213554Z,2026-03-29T23:18:48.213554Z,7576.717401,7,0.30155,16.580998176090215,4.344963791968414,-3.032,70.34482758620689,16.580998176090215,62.8745218722445,5,3,2,0,1.0,False
MMT,2026-03-29T21:18:55.311Z,2026-03-29T21:18:55.311871Z,2026-03-29T23:18:55.311871Z,7569.619084,7,0.10505,9.519276534983613,3.608736942070273,-2.77,62.06896551724138,9.519276534983613,62.83047137741225,0,0,0,0,,
PARTI,2026-03-29T21:19:05.969Z,2026-03-29T21:19:05.969567Z,2026-03-29T23:19:05.969567Z,7558.961388,7,0.08855,33.879164313946326,4.931192660550457,-2.022,68.27586206896552,33.879164313946326,66.0787991128149,0,0,0,0,,
POL,2026-03-29T21:19:10.879Z,2026-03-29T21:19:10.879992Z,2026-03-29T23:19:10.879992Z,7554.050963,7,0.091,21.978021978022607,2.062975027144407,-0.108,69.3103448275862,21.978021978022607,63.718297390643336,34,20,13,1,0.8824,False
SSV,2026-03-29T21:19:35.464Z,2026-03-29T21:19:35.464332Z,2026-03-29T23:19:35.464332Z,7529.466623,7,2.1630000000000003,27.739251040220907,3.7221970040853516,-2.737,64.82758620689656,27.739251040220907,42.23166617212311,2,2,0,0,1.0,False
STEEM,2026-03-29T21:19:42.526Z,2026-03-29T21:19:42.526730Z,2026-03-29T23:19:42.526730Z,7522.404225,7,0.057874999999999996,39.74082073434143,16.449175824175832,0.779,69.65517241379311,39.74082073434143,51.33767800867901,0,0,0,0,,
STRK,2026-03-29T21:19:50.108Z,2026-03-29T21:19:50.108747Z,2026-03-29T23:19:50.108747Z,7514.822208,7,0.03345,29.89536621823703,3.283582089552229,-3.179,63.793103448275865,29.89536621823703,56.60910783088878,7,3,4,0,1.0,False
THE,2026-03-29T21:19:58.723Z,2026-03-29T21:19:58.723591Z,2026-03-29T23:19:58.723591Z,7506.207364,7,0.1095,18.264840182648925,7.279693486590047,-1.695,72.06896551724138,18.264840182648925,54.188880441434655,17,10,6,1,0.7647,False
TIA,2026-03-29T21:20:04.641Z,2026-03-29T21:20:04.641450Z,2026-03-29T23:20:04.641450Z,7500.289505,7,0.29000000000000004,6.896551724139085,5.013831258644541,-4.207,63.10344827586207,6.896551724139085,58.57424637140111,9,4,4,1,0.7778,False
TON,2026-03-29T21:20:09.785Z,2026-03-29T21:20:09.786026Z,2026-03-29T23:20:09.786026Z,7495.144929,7,1.2225000000000001,8.179959100205414,3.2706459525756184,-2.082,71.37931034482759,8.179959100205414,62.80239945031751,11,7,2,2,0.9091,False
USDE,2026-03-29T21:20:20.583Z,2026-03-29T21:20:20.583729Z,2026-03-29T23:20:20.583729Z,7484.347226,7,0.99925,1.0007505629220814,0.0100070049034313,0.0,62.41379310344828,1.0007505629220814,76.15737157502268,5,3,1,1,0.6,False
XTZ,2026-03-29T21:20:31.449Z,2026-03-29T21:20:31.449229Z,2026-03-29T23:20:31.449229Z,7473.481726,7,0.3402,11.757789535566019,3.1470588235294077,-2.802,58.96551724137931,11.757789535566019,53.39762630177786,16,11,3,2,0.875,False
ZRO,2026-03-29T21:20:38.597Z,2026-03-29T21:20:38.597878Z,2026-03-29T23:20:38.597878Z,7466.333077,7,1.9729999999999999,10.13684744044603,4.429735234215884,-3.204,70.6896551724138,10.13684744044603,61.060376569242614,10,7,2,1,0.8,False
2Z,2026-03-29T21:26:11.304Z,2026-03-29T21:26:11.304892Z,2026-03-29T23:26:11.304892Z,7734.063397,7,0.0669,8.968609865471523,6.278827555423303,-5.017,50.3448275862069,8.968609865471523,64.93851907295085,2,0,1,1,1.0,True
AIXBT,2026-03-29T21:26:21.382Z,2026-03-29T21:26:21.382911Z,2026-03-29T23:26:21.382911Z,7723.985378,7,0.02275,43.956043956043686,6.4935064935065,-4.545,47.93103448275862,43.956043956043686,55.6604806275001,2,2,0,0,1.0,False
ALLO,2026-03-29T21:26:28.475Z,2026-03-29T21:26:28.476149Z,2026-03-29T23:26:28.476149Z,7716.89214,7,0.1021,19.588638589618583,5.604719764011796,-3.235,52.41379310344828,19.588638589618583,53.67709460387709,61,1,60,0,-0.3934,False
AXS,2026-03-29T21:26:34.677Z,2026-03-29T21:26:34.677814Z,2026-03-29T23:26:34.677814Z,7710.690475,7,1.113,35.938903863432195,5.2584670231729,-4.266,52.06896551724138,35.938903863432195,58.13512372082027,4,1,1,2,0.0,False
BERA,2026-03-29T21:26:39.658Z,2026-03-29T21:26:39.658834Z,2026-03-29T23:26:39.658834Z,7705.709455,7,0.4455,22.4466891133558,3.35570469798658,-0.223,57.58620689655172,22.4466891133558,62.68777212752683,0,0,0,0,,
COTI,2026-03-29T21:26:56.392Z,2026-03-29T21:26:56.392853Z,2026-03-29T23:26:56.392853Z,7688.975436,7,0.012345,24.301336573510554,5.622489959839352,-2.2,51.03448275862069,24.301336573510554,51.06788482234438,2,1,1,0,1.0,False
DASH,2026-03-29T21:27:02.899Z,2026-03-29T21:27:02.899281Z,2026-03-29T23:27:02.899281Z,7682.469008,7,31.625,9.486166007905497,2.492113564668767,-1.644,57.241379310344826,9.486166007905497,63.848926171136334,4,3,0,1,0.25,False
EPIC,2026-03-29T21:27:10.426Z,2026-03-29T21:27:10.426791Z,2026-03-29T23:27:10.426791Z,7674.941498,7,0.2335,42.826552462526806,6.722689075630258,-5.179,51.37931034482759,42.826552462526806,55.856101532985456,0,0,0,0,,
HYPER,2026-03-29T21:27:29.970Z,2026-03-29T21:27:29.970402Z,2026-03-29T23:27:29.970402Z,7655.397887,7,0.07944999999999999,12.586532410321317,3.1605562579013933,-1.861,56.206896551724135,12.586532410321317,67.04486859825028,0,0,0,0,,
NEIRO,2026-03-29T21:27:56.671Z,2026-03-29T21:27:56.672106Z,2026-03-29T23:27:56.672106Z,7628.696183,7,5.3705e-05,13.034168140768575,4.743519029233326,-3.905,46.55172413793103,13.034168140768575,59.777255732251334,4,4,0,0,1.0,False
RVN,2026-03-29T21:28:26.047Z,2026-03-29T21:28:26.047949Z,2026-03-29T23:28:26.047949Z,7599.32034,7,0.0057350000000000005,52.31037489101943,5.709342560553625,1.404,53.793103448275865,52.31037489101943,69.08611797317951,8,4,3,1,0.75,False
SHELL,2026-03-29T21:28:47.981Z,2026-03-29T21:28:47.981443Z,2026-03-29T23:28:47.981443Z,7577.386846,7,0.0267,74.90636704119935,4.511278195488721,-2.92,49.6551724137931,74.90636704119935,56.58309159145727,0,0,0,0,,
SOMI,2026-03-29T21:28:52.844Z,2026-03-29T21:28:52.844839Z,2026-03-29T23:28:52.844839Z,7572.52345,7,0.15045,6.646726487204319,5.666666666666672,-4.276,55.172413793103445,6.646726487204319,43.13925365408433,0,0,0,0,,
SPK,2026-03-29T21:28:58.968Z,2026-03-29T21:28:58.968909Z,2026-03-29T23:28:58.968909Z,7566.39938,7,0.0199335,12.541701156343464,2.4807274164854833,-0.178,49.310344827586206,12.541701156343464,67.74263276614232,62,20,37,5,0.3548,False
VANA,2026-03-29T21:29:21.057Z,2026-03-29T21:29:21.057658Z,2026-03-29T23:29:21.057658Z,7544.310631,7,1.2225000000000001,24.53987730061261,18.423169750603368,3.154,55.86206896551724,24.53987730061261,67.33764285039715,2,2,0,0,1.0,False
VET,2026-03-29T21:29:28.052Z,2026-03-29T21:29:28.052810Z,2026-03-29T23:29:28.052810Z,7537.315479,7,0.006529999999999999,6.125574272587541,3.925148334094027,-3.024,55.51724137931034,6.125574272587541,59.33251719320761,5,4,1,0,0.2,False
ZEN,2026-03-29T21:29:38.661Z,2026-03-29T21:29:38.661885Z,2026-03-29T23:29:38.661885Z,7526.706404,7,5.103999999999999,15.673981191222587,3.1060754053526045,-2.272,51.724137931034484,15.673981191222587,42.242127779473634,2,1,0,1,0.5,False
ACT,2026-03-29T21:30:20.930Z,2026-03-29T21:30:20.930748Z,2026-03-29T23:30:20.930748Z,7484.437541,7,0.01165,85.83690987124561,5.0847457627118775,-3.279,32.06896551724138,85.83690987124561,54.290334191408554,3,3,0,0,1.0,False
BEAMX,2026-03-29T21:30:40.304Z,2026-03-29T21:30:40.305055Z,2026-03-29T23:30:40.305055Z,7465.063234,7,0.0015835,18.945374171139655,5.1249999999999885,-3.498,44.48275862068966,18.945374171139655,62.587086789424,0,0,0,0,,
CVX,2026-03-29T21:31:10.729Z,2026-03-29T21:31:10.729466Z,2026-03-29T23:31:10.729466Z,7434.638823,7,1.6349999999999998,36.697247706422054,4.108761329305126,-0.541,41.37931034482759,36.697247706422054,55.13670633631324,61,20,26,15,0.4918,False
EURI,2026-03-29T21:31:21.740Z,2026-03-29T21:31:21.741115Z,2026-03-29T23:31:21.741115Z,7423.627174,7,1.1489500000000001,2.611079681447991,0.15650812972785183,0.043,38.275862068965516,2.611079681447991,58.23196435957382,0,0,0,0,,
GMX,2026-03-29T21:31:41.198Z,2026-03-29T21:31:41.199055Z,2026-03-29T23:31:41.199055Z,7404.169234,7,6.1899999999999995,32.310177705978134,2.4038461538461595,-1.109,31.724137931034484,32.310177705978134,49.166754340340134,5,0,4,1,0.6,False
LA,2026-03-29T21:32:00.702Z,2026-03-29T21:32:00.702683Z,2026-03-29T23:32:00.702683Z,7384.665606,7,0.18359999999999999,21.78649237472678,9.844002151694465,6.472,38.96551724137931,21.78649237472678,60.86610502320494,0,0,0,0,,
MORPHO,2026-03-29T21:32:26.326Z,2026-03-29T21:32:26.327016Z,2026-03-29T23:32:26.327016Z,7359.041273,7,1.4715,6.795786612299625,2.638700947225976,-1.532,40.689655172413794,6.795786612299625,58.50370449793962,5,4,0,1,1.0,False
NEWT,2026-03-29T21:32:52.184Z,2026-03-29T21:32:52.184702Z,2026-03-29T23:32:52.184702Z,7333.183587,7,0.06695000000000001,44.809559372667444,4.454022988505756,-1.834,31.379310344827587,44.809559372667444,44.33532094154429,0,0,0,0,,
PEOPLE,2026-03-29T21:33:12.075Z,2026-03-29T21:33:12.075286Z,2026-03-29T23:33:12.075286Z,7313.293003,7,0.006105,16.380016380015714,6.980519480519493,-5.954,34.827586206896555,16.380016380015714,53.84369086677942,3,3,0,0,1.0,False
TST,2026-03-29T21:33:58.109Z,2026-03-29T21:33:58.110238Z,2026-03-29T23:33:58.110238Z,7267.258051,7,0.007865,12.714558169103105,4.207920792079208,-1.703,32.41379310344828,12.714558169103105,57.86763797010752,0,0,0,0,,
XVG,2026-03-29T21:34:10.786Z,2026-03-29T21:34:10.786616Z,2026-03-29T23:34:10.786616Z,7254.581673,7,0.0042994999999999995,48.84288870798772,5.654281098546051,-2.278,43.793103448275865,48.84288870798772,63.65425359291861,68,17,46,5,-0.3235,False
1MBABYDOGE,2026-03-29T21:39:52.806Z,2026-03-29T21:39:52.806446Z,2026-03-29T23:39:52.806446Z,7512.591864,7,0.0003768,15.923566878981278,4.143573502243337,-3.194,18.275862068965516,15.923566878981278,40.41006113664626,0,0,0,0,,
A,2026-03-29T21:40:01.104Z,2026-03-29T21:40:01.104262Z,2026-03-29T23:40:01.104262Z,7504.294048,7,0.07239999999999999,55.24861878453005,3.8199181446111825,-1.743,20.344827586206897,55.24861878453005,47.13420533220667,0,0,0,0,,
ACX,2026-03-29T21:40:09.248Z,2026-03-29T21:40:09.248696Z,2026-03-29T23:40:09.248696Z,7496.149614,7,0.042050000000000004,23.781212841853964,4.295942720763731,-0.946,23.103448275862068,23.781212841853964,51.01416362750299,64,20,39,5,0.3125,False
AEVO,2026-03-29T21:40:16.474Z,2026-03-29T21:40:16.474690Z,2026-03-29T23:40:16.474690Z,7488.92362,7,0.02105,47.50593824228,8.920187793427225,-7.391,30.344827586206897,47.50593824228,56.275520346492094,3,2,1,0,1.0,False
ANIME,2026-03-29T21:40:23.138Z,2026-03-29T21:40:23.138582Z,2026-03-29T23:40:23.138582Z,7482.259728,7,0.0044150000000000005,22.6500566251426,5.6818181818181674,-4.555,21.379310344827587,22.6500566251426,42.67807711877676,0,0,0,0,,
BANK,2026-03-29T21:40:30.918Z,2026-03-29T21:40:30.919158Z,2026-03-29T23:40:30.919158Z,7474.479152,7,0.041999999999999996,47.619047619047336,5.542168674698803,0.242,30.689655172413794,47.619047619047336,48.177095099857944,0,0,0,0,,
BB,2026-03-29T21:40:38.058Z,2026-03-29T21:40:38.058733Z,2026-03-29T23:40:38.058733Z,7467.339577,7,0.022850000000000002,43.76367614879623,4.803493449781661,-2.966,22.75862068965517,43.76367614879623,38.48055259383681,0,0,0,0,,
DOLO,2026-03-29T21:40:50.777Z,2026-03-29T21:40:50.777990Z,2026-03-29T23:40:50.777990Z,7454.62032,7,0.029804999999999998,50.32712632108734,4.349269588313421,-1.697,17.93103448275862,50.32712632108734,43.13889600767121,0,0,0,0,,
DYM,2026-03-29T21:40:58.780Z,2026-03-29T21:40:58.780792Z,2026-03-29T23:40:58.780792Z,7446.617518,7,0.0253,79.05138339920902,21.544715447154466,-6.818,25.517241379310345,79.05138339920902,50.50483884152972,5,4,0,1,1.0,False
ERA,2026-03-29T21:41:04.734Z,2026-03-29T21:41:04.735324Z,2026-03-29T23:41:04.735324Z,7440.662986,7,0.12329999999999999,16.22060016220534,3.7307380373073746,-2.684,24.137931034482758,16.22060016220534,61.055207806954535,0,0,0,0,,
GPS,2026-03-29T21:41:09.843Z,2026-03-29T21:41:09.843258Z,2026-03-29T23:41:09.843258Z,7435.555052,7,0.007725,12.9449838187697,3.2679738562091423,-0.907,28.275862068965516,12.9449838187697,57.29018923308558,0,0,0,0,,
MANTA,2026-03-29T21:42:20.168Z,2026-03-29T21:42:20.168758Z,2026-03-29T23:42:20.168758Z,7365.229552,7,0.059915,11.683217892013788,4.15213419697725,-2.494,19.310344827586206,11.683217892013788,56.909264067201235,4,1,3,0,0.5,False
MET,2026-03-29T21:42:27.473Z,2026-03-29T21:42:27.473892Z,2026-03-29T23:42:27.473892Z,7357.924418,7,0.13190000000000002,45.48900682335233,7.819548872180467,-6.863,25.17241379310345,45.48900682335233,38.40993869385201,10,3,7,0,0.2,False
SXT,2026-03-29T21:43:19.171Z,2026-03-29T21:43:19.172144Z,2026-03-29T23:43:19.172144Z,7306.226166,7,0.01475,67.7966101694923,7.382550335570472,-6.289,27.24137931034483,67.7966101694923,37.37863103058885,0,0,0,0,,
WAL,2026-03-29T21:43:42.415Z,2026-03-29T21:43:42.415546Z,2026-03-29T23:43:42.415546Z,7282.982764,7,0.06665,15.003750937732782,8.194233687405163,-6.125,29.310344827586206,15.003750937732782,49.93591834628651,3,3,0,0,-0.3333,False
1000CAT,2026-03-29T21:49:38.276Z,2026-03-29T21:49:38.276256Z,2026-03-29T23:49:38.276256Z,7527.637244,7,0.00155,129.03225806451647,6.36942675159236,-1.258,15.517241379310345,129.03225806451647,53.77005324073848,65,17,44,4,0.0615,False
1000CHEEMS,2026-03-29T21:49:43.131Z,2026-03-29T21:49:43.131393Z,2026-03-29T23:49:43.131393Z,7522.782107,7,0.000408,98.03921568627423,5.3140096618357475,-0.957,10.0,98.03921568627423,54.804495384996144,35,6,28,1,-0.0857,False
1000SATS,2026-03-29T21:49:49.093Z,2026-03-29T21:49:49.093417Z,2026-03-29T23:49:49.093417Z,7516.820083,7,1.0085e-05,69.41001487357396,4.576436222005832,-3.387,7.241379310344827,69.41001487357396,58.39655111881909,24,15,9,0,1.0,False
1INCH,2026-03-29T21:49:56.208Z,2026-03-29T21:49:56.208464Z,2026-03-29T23:49:56.208464Z,7509.705036,7,0.08635000000000001,11.580775911986434,2.85714285714286,-0.906,6.551724137931035,11.580775911986434,51.24352778752176,1,1,0,0,-1.0,True
API3,2026-03-29T21:50:03.119Z,2026-03-29T21:50:03.120076Z,2026-03-29T23:50:03.120076Z,7502.793424,7,0.262,7.6335877862587,1.9318181818181794,-1.529,8.620689655172415,7.6335877862587,43.32391384040193,0,0,0,0,,
AT,2026-03-29T21:50:11.574Z,2026-03-29T21:50:11.575143Z,2026-03-29T23:50:11.575143Z,7494.338357,7,0.14495,34.494653328734074,3.9473684210526194,2.776,10.689655172413794,34.494653328734074,55.03184115587886,7,2,2,3,0.8571,False
AUCTION,2026-03-29T21:50:19.121Z,2026-03-29T21:50:19.121490Z,2026-03-29T23:50:19.121490Z,7486.79201,7,4.395,22.753128555177874,1.8058690744921009,-0.449,12.413793103448276,22.753128555177874,50.74678913208078,0,0,0,0,,
BFUSD,2026-03-29T21:50:24.033Z,2026-03-29T21:50:24.033857Z,2026-03-29T23:50:24.033857Z,7481.879643,7,0.9993000000000001,8.00560392274615,0.08006405124099508,0.03,4.482758620689655,8.00560392274615,43.31903529854108,0,0,0,0,,
BMT,2026-03-29T21:50:32.188Z,2026-03-29T21:50:32.188307Z,2026-03-29T23:50:32.188307Z,7473.725193,7,0.013735,7.280669821624555,4.250720461095103,-2.185,10.344827586206897,7.280669821624555,56.598547014723074,0,0,0,0,,
COMP,2026-03-29T21:50:45.304Z,2026-03-29T21:50:45.304490Z,2026-03-29T23:50:45.304490Z,7460.60901,7,17.905,16.7550963418046,2.7176927343316604,-2.17,7.931034482758621,16.7550963418046,57.17076835515823,61,21,37,3,0.0984,False
COW,2026-03-29T21:50:52.475Z,2026-03-29T21:50:52.475693Z,2026-03-29T23:50:52.475693Z,7453.437807,7,0.19605,25.503698036215273,2.1662468513853894,-0.151,14.482758620689655,25.503698036215273,48.140283759004646,7,5,1,1,0.7143,False
FF,2026-03-29T21:51:11.558Z,2026-03-29T21:51:11.559111Z,2026-03-29T23:51:11.559111Z,7434.354389,7,0.07014,51.325919589392534,2.1025713879812407,-0.467,14.827586206896552,51.325919589392534,53.15623403048962,0,0,0,0,,
MAGIC,2026-03-29T21:51:49.391Z,2026-03-29T21:51:49.392158Z,2026-03-29T23:51:49.392158Z,7396.521342,7,0.055749999999999994,53.81165919282542,4.432624113475182,-2.926,4.137931034482759,53.81165919282542,44.48372772728932,63,14,38,11,0.1746,False
ME,2026-03-29T21:51:56.540Z,2026-03-29T21:51:56.540780Z,2026-03-29T23:51:56.540780Z,7389.37272,7,0.09675,31.00775193798395,3.073770491803281,-1.114,12.758620689655173,31.00775193798395,42.398113607254864,6,6,0,0,0.0,False
NXPC,2026-03-29T21:52:16.357Z,2026-03-29T21:52:16.358030Z,2026-03-29T23:52:16.358030Z,7369.55547,7,0.27135,25.796941219826,2.8476331360946694,-1.565,15.862068965517242,25.796941219826,60.691705767716286,2,1,0,1,0.0,False
