symbol,snapshot_ts,meta_added_ts,meta_expires_ts,meta_duration_sec,meta_archive_schema_version,spot_mid,spot_spread_bps,spot_range_pct_24h,spot_ticker24_chg,derived_liq_global_pct,derived_spread_bps,score_final,sentiment_posts_total,sentiment_posts_pos,sentiment_posts_neu,sentiment_posts_neg,sentiment_mean_score,sentiment_is_silent
SEI,2026-08-15T21:50:27.276Z,2026-08-15T21:50:27.277153Z,2026-08-15T23:50:27.277153Z,7778.388359,7,0.039715,7.553820974443472,1.3256628314157146,-0.423,50.0,7.553820974443472,62.06835613351601,0,0,0,0,,False
SOPH,2026-08-15T21:50:40.861Z,2026-08-15T21:50:40.861271Z,2026-08-15T23:50:40.861271Z,7764.804241,7,0.0037150000000000004,26.917900403768577,10.215053763440864,7.205,46.3235294117647,26.917900403768577,72.35222792921077,0,0,0,0,,False
TRB,2026-08-15T21:51:06.084Z,2026-08-15T21:51:06.084452Z,2026-08-15T23:51:06.084452Z,7739.58106,7,13.125,7.61904761904881,1.9622641509433947,0.607,44.11764705882353,7.61904761904881,65.88911282414699,0,0,0,0,,False
ZBT,2026-08-15T21:51:17.379Z,2026-08-15T21:51:17.379388Z,2026-08-15T23:51:17.379388Z,7728.286124,7,0.08485000000000001,11.78550383028908,7.836257309941518,-5.316,50.73529411764706,11.78550383028908,59.37660951832253,1,1,0,0,1.0,False
ZEN,2026-08-15T21:51:25.909Z,2026-08-15T21:51:25.910236Z,2026-08-15T23:51:25.910236Z,7719.755276,7,3.9885,2.5072082236426976,1.4727908137793349,-0.199,51.838235294117645,2.5072082236426976,63.275176109695856,1,1,0,0,1.0,False
BERA,2026-08-15T21:57:37.190Z,2026-08-15T21:57:37.190284Z,2026-08-15T23:57:37.190284Z,7348.475228,7,0.1459,13.708019191225358,7.054794520547948,3.326,41.1764705882353,13.708019191225358,69.89202286622238,0,0,0,0,,False
DOGS,2026-08-15T21:58:15.472Z,2026-08-15T21:58:15.472707Z,2026-08-15T23:58:15.472707Z,7310.192805,7,3.4769999999999994e-05,11.504170261719766,2.556002297530155,2.291,26.83823529411765,11.504170261719766,72.60158108106296,1,1,0,0,1.0,False
HAEDAL,2026-08-15T21:58:57.762Z,2026-08-15T21:58:57.763052Z,2026-08-15T23:58:57.763052Z,7267.90246,7,0.01675,23.880597014926472,10.342789598108736,3.423,29.044117647058822,23.880597014926472,67.72438746555135,0,0,0,0,,False
IO,2026-08-15T21:59:16.811Z,2026-08-15T21:59:16.811797Z,2026-08-15T23:59:16.811797Z,7248.853715,7,0.11265,8.877052818463293,7.098491570541254,2.828,39.705882352941174,8.877052818463293,51.28292784763229,1,1,0,0,1.0,False
PIXEL,2026-08-15T21:59:59.248Z,2026-08-15T21:59:59.249137Z,2026-08-15T23:59:59.249137Z,7206.416375,7,0.0048850000000000005,20.47082906857822,9.504132231404967,3.863,28.676470588235293,20.47082906857822,71.2990651136081,4,1,2,1,1.0,False
PYTH,2026-08-15T22:00:15.405Z,2026-08-15T22:00:15.405794Z,2026-08-16T00:00:15.405794Z,7790.309372,7,0.03937,15.240030480060337,3.6934673366834145,1.79,38.970588235294116,15.240030480060337,67.95234612951201,1,0,1,0,1.0,False
SAHARA,2026-08-15T22:00:22.244Z,2026-08-15T22:00:22.244397Z,2026-08-16T00:00:22.244397Z,7783.470769,7,0.007855000000000001,12.73074474856948,3.19284802043423,0.772,40.0735294117647,12.73074474856948,63.26983867339583,0,0,0,0,,False
STX,2026-08-15T22:00:45.664Z,2026-08-15T22:00:45.665345Z,2026-08-16T00:00:45.665345Z,7760.049821,7,0.12154999999999999,8.227067050596698,2.75974025974026,1.149,36.76470588235294,8.227067050596698,70.6562864012466,8,4,3,1,0.5,False
TOWNS,2026-08-15T22:00:51.156Z,2026-08-15T22:00:51.156441Z,2026-08-16T00:00:51.156441Z,7754.558725,7,0.002195,45.558086560364586,5.855855855855851,4.717,35.661764705882355,45.558086560364586,74.48089024766978,0,0,0,0,,False
WCT,2026-08-15T22:00:59.190Z,2026-08-15T22:00:59.191283Z,2026-08-16T00:00:59.191283Z,7746.523883,7,0.034365,14.54968718172399,11.471103327495632,2.452,37.13235294117647,14.54968718172399,49.71863123105865,0,0,0,0,,False
ALT,2026-08-15T22:07:16.304Z,2026-08-15T22:07:16.304435Z,2026-08-16T00:07:16.304435Z,7369.410731,7,0.005995,16.680567139283504,4.991680532445923,2.735,19.485294117647058,16.680567139283504,60.869345038110275,0,0,0,0,,False
AT,2026-08-15T22:07:23.291Z,2026-08-15T22:07:23.291706Z,2026-08-16T00:07:23.291706Z,7362.42346,7,0.15245,19.67858314201525,10.86092715231788,-6.036,24.63235294117647,19.67858314201525,27.239337467488447,4,2,0,2,0.5,False
F,2026-08-15T22:07:57.603Z,2026-08-15T22:07:57.603276Z,2026-08-16T00:07:57.603276Z,7328.11189,7,0.0027150000000000004,36.83241252302035,7.299270072992704,2.239,14.705882352941176,36.83241252302035,61.422743843954876,0,0,0,0,,False
FF,2026-08-15T22:08:05.330Z,2026-08-15T22:08:05.330570Z,2026-08-16T00:08:05.330570Z,7320.384596,7,0.06577,9.122700319293086,3.3150851581508536,2.526,22.426470588235293,9.122700319293086,62.19429243166951,0,0,0,0,,False
HMSTR,2026-08-15T22:08:24.152Z,2026-08-15T22:08:24.152541Z,2026-08-16T00:08:24.152541Z,7301.562625,7,0.00017335,5.7686760888377515,5.505107832009092,-2.165,23.16176470588235,5.7686760888377515,60.76920194693897,0,0,0,0,,False
HYPER,2026-08-15T22:08:31.764Z,2026-08-15T22:08:31.764906Z,2026-08-16T00:08:31.764906Z,7293.95026,7,0.06395,15.637216575450017,2.9733959311424085,0.948,15.808823529411764,15.637216575450017,46.5722380501824,0,0,0,0,,False
MET,2026-08-15T22:09:27.199Z,2026-08-15T22:09:27.199565Z,2026-08-16T00:09:27.199565Z,7238.515601,7,0.16444999999999999,18.242626938278793,3.2078963602714436,-0.552,12.132352941176471,18.242626938278793,62.08167321873475,1,0,0,1,1.0,False
MINA,2026-08-15T22:09:32.566Z,2026-08-15T22:09:32.566763Z,2026-08-16T00:09:32.566763Z,7233.148403,7,0.03955,25.284450063211846,3.0456852791878166,0.0,25.735294117647058,25.284450063211846,44.387690003485815,1,1,0,0,1.0,False
TNSR,2026-08-15T22:10:01.338Z,2026-08-15T22:10:01.338721Z,2026-08-16T00:10:01.338721Z,7204.376445,7,0.03225,31.007751937985386,3.086419753086423,0.935,16.176470588235293,31.007751937985386,61.22318971321167,0,0,0,0,,False
CVX,2026-08-15T22:15:56.784Z,2026-08-15T22:15:56.784929Z,2026-08-16T00:15:56.784929Z,7448.843582,7,1.5605,44.85741749439357,3.566878980891723,0.448,23.529411764705884,44.85741749439357,47.64056666192807,3,2,0,1,1.0,False
1INCH,2026-08-15T22:16:33.011Z,2026-08-15T22:16:33.011828Z,2026-08-16T00:16:33.011828Z,7412.616683,7,0.0824,24.27184466019487,0.7281553398058292,-0.483,0.36764705882352944,24.27184466019487,38.99998649739612,0,0,0,0,,True
ANIME,2026-08-15T22:16:40.186Z,2026-08-15T22:16:40.186741Z,2026-08-16T00:16:40.186741Z,7405.44177,7,0.002425,41.23711340206196,6.557377049180328,2.521,7.352941176470588,41.23711340206196,62.43735870241618,0,0,0,0,,False
BARD,2026-08-15T22:16:52.215Z,2026-08-15T22:16:52.215645Z,2026-08-16T00:16:52.215645Z,7393.412866,7,0.1054,18.975332068310426,3.1309297912713445,0.381,4.044117647058823,18.975332068310426,68.57119284999293,0,0,0,0,,False
2Z,2026-08-15T22:25:25.266Z,2026-08-15T22:25:25.266984Z,2026-08-16T00:25:25.266984Z,7480.31269,7,0.04926,8.120178643929835,11.050505050505055,-7.735,87.86764705882354,8.120178643929835,58.879640644671895,0,0,0,0,,False
ADA,2026-08-15T22:25:30.782Z,2026-08-15T22:25:30.782267Z,2026-08-16T00:25:30.782267Z,7474.797407,7,0.17675000000000002,5.657708628006604,2.708803611738148,-0.784,91.91176470588235,5.657708628006604,50.305504124080905,26,17,5,4,0.5,False
APT,2026-08-15T22:25:35.889Z,2026-08-15T22:25:35.889508Z,2026-08-16T00:25:35.889508Z,7469.690166,7,0.5385,18.57010213556176,2.4074074074074097,0.935,88.23529411764706,18.57010213556176,65.5125838623078,5,5,0,0,0.6,False
BCH,2026-08-15T22:25:45.356Z,2026-08-15T22:25:45.357080Z,2026-08-16T00:25:45.357080Z,7460.222594,7,203.35000000000002,4.917629702483123,2.0659124446630677,-0.049,93.01470588235294,4.917629702483123,67.82463942056064,2,1,0,1,0.0,False
COW,2026-08-15T22:25:51.398Z,2026-08-15T22:25:51.399035Z,2026-08-16T00:25:51.399035Z,7454.180639,7,0.1422,112.51758087201058,67.35445836403832,33.301,97.05882352941177,112.51758087201058,65.78636274416166,21,3,2,16,-0.4286,False
DOGE,2026-08-15T22:25:56.458Z,2026-08-15T22:25:56.459072Z,2026-08-16T00:25:56.459072Z,7449.120602,7,0.06961500000000001,1.4364720247067615,1.2308573064262196,0.172,87.13235294117646,1.4364720247067615,65.1440023016207,29,21,3,5,0.4483,False
NIL,2026-08-15T22:26:42.794Z,2026-08-15T22:26:42.795077Z,2026-08-16T00:26:42.795077Z,7402.784597,7,0.046145000000000005,19.50373821649145,24.632352941176464,5.958,89.70588235294117,19.50373821649145,71.35286183954177,7,6,1,0,0.7143,False
WAL,2026-08-15T22:27:33.653Z,2026-08-15T22:27:33.653301Z,2026-08-16T00:27:33.653301Z,7351.926373,7,0.02715,36.83241252302003,38.05668016194331,19.324,93.75,36.83241252302003,65.44189544265623,3,3,0,0,-0.3333,False
WLD,2026-08-15T22:27:38.875Z,2026-08-15T22:27:38.875343Z,2026-08-16T00:27:38.875343Z,7346.704331,7,0.34625,2.8880866425989598,5.425471159337526,3.273,90.80882352941177,2.8880866425989598,64.83566392996254,11,7,4,0,0.5455,False
XLM,2026-08-15T22:27:46.207Z,2026-08-15T22:27:46.208093Z,2026-08-16T00:27:46.208093Z,7339.371581,7,0.15755,6.3471913678190415,2.5236593059936934,1.084,89.33823529411765,6.3471913678190415,64.08369821127397,7,6,1,0,1.0,False
XPL,2026-08-15T22:27:52.943Z,2026-08-15T22:27:52.943467Z,2026-08-16T00:27:52.943467Z,7332.636207,7,0.07602,5.261773217574108,4.346113445378161,0.581,85.66176470588235,5.261773217574108,68.30657809749799,0,0,0,0,,False
ALLO,2026-08-15T22:33:34.289Z,2026-08-15T22:33:34.289825Z,2026-08-16T00:33:34.289825Z,7592.136317,7,0.2662,7.513148009014951,4.388951948543323,0.494,79.04411764705883,7.513148009014951,65.5389580334652,0,0,0,0,,False
ARB,2026-08-15T22:33:41.192Z,2026-08-15T22:33:41.192664Z,2026-08-16T00:33:41.192664Z,7585.233478,7,0.07275000000000001,13.745704467354344,3.537414965986383,-0.136,80.1470588235294,13.745704467354344,51.2914872304531,16,6,7,3,0.5,False
ATOM,2026-08-15T22:33:45.856Z,2026-08-15T22:33:45.856633Z,2026-08-16T00:33:45.856633Z,7580.569509,7,1.4785,6.7636117686852355,3.392130257801903,-1.799,78.67647058823529,6.7636117686852355,67.70170381241414,2,0,2,0,0.0,False
AVNT,2026-08-15T22:33:50.963Z,2026-08-15T22:33:50.963376Z,2026-08-16T00:33:50.963376Z,7575.462766,7,0.10095000000000001,9.905894006934409,12.549800796812749,-4.29,70.95588235294117,9.905894006934409,58.71910391666345,0,0,0,0,,False
BANK,2026-08-15T22:33:57.050Z,2026-08-15T22:33:57.050863Z,2026-08-16T00:33:57.050863Z,7569.375279,7,0.036750000000000005,27.210884353740383,7.027027027027041,-3.394,77.57352941176471,27.210884353740383,62.54243337320974,60,25,35,0,1.0,False
BMT,2026-08-15T22:34:01.362Z,2026-08-15T22:34:01.362290Z,2026-08-16T00:34:01.362290Z,7565.063852,7,0.0148,13.513513513514134,34.428383705650454,-1.361,83.82352941176471,13.513513513514134,45.44501131135835,1,1,0,0,1.0,False
BOME,2026-08-15T22:34:06.223Z,2026-08-15T22:34:06.224099Z,2026-08-16T00:34:06.224099Z,7560.202043,7,0.0008452500000000001,43.77403135167152,20.97869890616004,10.006,72.79411764705883,43.77403135167152,73.69272891351973,2,2,0,0,1.0,False
CRV,2026-08-15T22:34:20.063Z,2026-08-15T22:34:20.063943Z,2026-08-16T00:34:20.063943Z,7546.362199,7,0.24035,4.160599126273725,2.575820523473196,0.292,82.3529411764706,4.160599126273725,49.05608368028778,5,3,0,2,0.2,False
DOT,2026-08-15T22:34:24.848Z,2026-08-15T22:34:24.848394Z,2026-08-16T00:34:24.848394Z,7541.577748,7,0.7595000000000001,13.1665569453588,3.7809647979139536,1.455,81.98529411764706,13.1665569453588,66.9322712487187,7,3,2,2,0.1429,False
FDUSD,2026-08-15T22:34:41.423Z,2026-08-15T22:34:41.423420Z,2026-08-16T00:34:41.423420Z,7525.002722,7,0.99695,1.0030593309593157,0.030093289196505862,-0.02,83.45588235294117,1.0030593309593157,67.26537723368287,0,0,0,0,,False
GRAM,2026-08-15T22:34:51.955Z,2026-08-15T22:34:51.955560Z,2026-08-16T00:34:51.955560Z,7514.470582,7,1.3415,7.454342154305717,2.586844050258695,1.959,79.41176470588235,7.454342154305717,72.0960579153739,2,2,0,0,1.0,False
HBAR,2026-08-15T22:34:56.424Z,2026-08-15T22:34:56.424699Z,2026-08-16T00:34:56.424699Z,7510.001443,7,0.06517500000000001,1.534330648254104,1.740192337047782,0.291,75.36764705882354,1.534330648254104,59.22455669404532,14,5,6,3,0.7857,False
JTO,2026-08-15T22:35:21.497Z,2026-08-15T22:35:21.498054Z,2026-08-16T00:35:21.498054Z,7484.928088,7,0.57975,5.17464424320771,7.936780621886277,4.713,76.47058823529412,5.17464424320771,54.34605296629995,1,1,0,0,1.0,False
JUP,2026-08-15T22:35:28.036Z,2026-08-15T22:35:28.037017Z,2026-08-16T00:35:28.037017Z,7478.389125,7,0.16605,6.0222824450460095,1.9654556283502236,0.239,72.42647058823529,6.0222824450460095,63.30352596318758,7,3,4,0,1.0,False
KAITO,2026-08-15T22:35:34.675Z,2026-08-15T22:35:34.676161Z,2026-08-16T00:35:34.676161Z,7471.749981,7,0.37615,7.975541672205836,10.556155507559387,-7.998,78.30882352941177,7.975541672205836,47.02668246965151,23,0,22,1,0.913,False
OP,2026-08-15T22:35:44.699Z,2026-08-15T22:35:44.699529Z,2026-08-16T00:35:44.699529Z,7461.726613,7,0.08524999999999999,11.730205278592711,3.0409356725146095,0.117,80.51470588235294,11.730205278592711,60.410727601380636,1,1,0,0,1.0,False
0G,2026-08-15T22:42:16.611Z,2026-08-15T22:42:16.611315Z,2026-08-16T00:42:16.611315Z,7671.485398,7,0.1655,60.42296072507558,6.060606060606066,3.125,68.75,60.42296072507558,68.59037041591483,0,0,0,0,,False
1000CHEEMS,2026-08-15T22:42:19.348Z,2026-08-15T22:42:19.348541Z,2026-08-16T00:42:19.348541Z,7668.748172,7,0.0004905,20.387359836901613,3.0425963488843784,1.649,57.720588235294116,20.387359836901613,66.38549326701086,1,1,0,0,1.0,False
ALGO,2026-08-15T22:42:31.711Z,2026-08-15T22:42:31.711910Z,2026-08-16T00:42:31.711910Z,7656.384803,7,0.07974999999999999,12.539184952978417,1.7565872020075264,0.886,70.22058823529412,12.539184952978417,63.397388744757635,5,2,1,2,1.0,False
APE,2026-08-15T22:42:37.633Z,2026-08-15T22:42:37.633755Z,2026-08-16T00:42:37.633755Z,7650.462958,7,0.12325,8.113590263691917,1.3776337115072879,0.407,57.35294117647059,8.113590263691917,67.1593485368735,12,5,6,1,0.5,False
BANANAS31,2026-08-15T22:42:51.589Z,2026-08-15T22:42:51.589579Z,2026-08-16T00:42:51.589579Z,7636.507134,7,0.008629000000000001,13.906594043342052,7.068803016022618,-0.376,63.23529411764706,13.906594043342052,60.15833078335345,0,0,0,0,,False
BB,2026-08-15T22:42:58.294Z,2026-08-15T22:42:58.294304Z,2026-08-16T00:42:58.294304Z,7629.802409,7,0.011439999999999999,17.48251748251829,10.87902523933855,-7.264,60.661764705882355,17.48251748251829,58.116036998398684,1,1,0,0,1.0,False
BONK,2026-08-15T22:43:02.625Z,2026-08-15T22:43:02.626073Z,2026-08-16T00:43:02.626073Z,7625.47064,7,2.3249999999999998e-06,43.010752688173454,2.966101694915244,0.0,61.76470588235294,43.010752688173454,61.21018635472199,17,2,15,0,0.8824,False
CHZ,2026-08-15T22:43:07.299Z,2026-08-15T22:43:07.300028Z,2026-08-16T00:43:07.300028Z,7620.796685,7,0.012475,8.01603206412793,2.3052464228934846,1.452,62.86764705882353,8.01603206412793,67.96027932373717,0,0,0,0,,False
COOKIE,2026-08-15T22:43:13.644Z,2026-08-15T22:43:13.644457Z,2026-08-16T00:43:13.644457Z,7614.452256,7,0.011349999999999999,88.10572687224769,15.04424778761062,-9.6,61.029411764705884,88.10572687224769,37.71053386705974,1,1,0,0,1.0,False
DOLO,2026-08-15T22:43:18.747Z,2026-08-15T22:43:18.747367Z,2026-08-16T00:43:18.747367Z,7609.349346,7,0.022995,21.74385736029483,26.237161531279174,-16.099,56.98529411764706,21.74385736029483,54.9658581063743,0,0,0,0,,False
DYDX,2026-08-15T22:43:25.112Z,2026-08-15T22:43:25.112532Z,2026-08-16T00:43:25.112532Z,7602.984181,7,0.109875,11.831626848690897,2.928719473731642,1.761,70.58823529411765,11.831626848690897,74.18231291386596,0,0,0,0,,False
ERA,2026-08-15T22:43:31.949Z,2026-08-15T22:43:31.949239Z,2026-08-16T00:43:31.949239Z,7596.147474,7,0.06075,16.46090534979471,4.440789473684201,-0.328,58.088235294117645,16.46090534979471,52.60987866629199,0,0,0,0,,False
GIGGLE,2026-08-15T22:43:48.831Z,2026-08-15T22:43:48.831839Z,2026-08-16T00:43:48.831839Z,7579.264874,7,30.375,9.876543209876916,8.295231874591767,-3.071,67.6470588235294,9.876543209876916,42.14527233123648,0,0,0,0,,False
KITE,2026-08-15T22:43:54.953Z,2026-08-15T22:43:54.953406Z,2026-08-16T00:43:54.953406Z,7573.143307,7,0.09534999999999999,10.487676979549331,3.1023784901758047,1.682,59.19117647058823,10.487676979549331,67.89516403580768,0,0,0,0,,False
ORDI,2026-08-15T22:44:29.033Z,2026-08-15T22:44:29.033753Z,2026-08-16T00:44:29.033753Z,7539.06296,7,3.4245,8.760402978537345,3.170942634765059,2.029,60.294117647058826,8.760402978537345,60.930210748863956,5,3,1,1,0.6,False
SAPIEN,2026-08-15T22:44:50.000Z,2026-08-15T22:44:50.001139Z,2026-08-16T00:44:50.001139Z,7518.095574,7,0.07744999999999999,12.911555842479391,3.7275064267352187,0.647,64.70588235294117,12.911555842479391,64.85081204892174,12,8,2,2,1.0,False
THE,2026-08-15T22:45:02.610Z,2026-08-15T22:45:02.610431Z,2026-08-16T00:45:02.610431Z,7505.486282,7,0.061649999999999996,16.22060016220534,9.034267912772576,7.538,56.61764705882353,16.22060016220534,67.08575103367427,13,8,3,2,0.6923,False
TIA,2026-08-15T22:45:07.424Z,2026-08-15T22:45:07.425323Z,2026-08-16T00:45:07.425323Z,7500.67139,7,0.30085,3.3239155725440916,3.77792378449409,0.628,58.455882352941174,3.3239155725440916,67.83637897520705,5,1,3,1,1.0,False
TST,2026-08-15T22:45:17.519Z,2026-08-15T22:45:17.519516Z,2026-08-16T00:45:17.519516Z,7490.577197,7,0.013975000000000001,21.466905187835785,11.150070126227204,-1.178,67.27941176470588,21.466905187835785,41.09511980134206,2,1,0,1,-1.0,False
XTZ,2026-08-15T22:45:39.283Z,2026-08-15T22:45:39.283456Z,2026-08-16T00:45:39.283456Z,7468.813257,7,0.19785,5.0543340914828905,3.811434302908724,1.839,65.07352941176471,5.0543340914828905,69.61582607707717,2,1,1,0,0.5,False
BABY,2026-08-15T22:51:11.018Z,2026-08-15T22:51:11.018767Z,2026-08-16T00:51:11.018767Z,7735.400697,7,0.009715,10.293360782295,4.410256410256409,-0.814,53.30882352941177,10.293360782295,61.75724569403104,0,0,0,0,,False
BIO,2026-08-15T22:51:26.775Z,2026-08-15T22:51:26.775688Z,2026-08-16T00:51:26.775688Z,7719.643776,7,0.02458,8.136696501220172,4.898785425101212,0.284,49.63235294117647,8.136696501220172,62.27253137936414,1,1,0,0,1.0,False
CAKE,2026-08-15T22:51:33.064Z,2026-08-15T22:51:33.064481Z,2026-08-16T00:51:33.064481Z,7713.354983,7,1.4285,7.000350017501658,1.2552301255230138,0.773,52.94117647058823,7.000350017501658,69.44794845434502,4,2,2,0,1.0,False
CFX,2026-08-15T22:51:50.081Z,2026-08-15T22:51:50.081284Z,2026-08-16T00:51:50.081284Z,7696.33818,7,0.042215,2.368826246595537,1.9948368927481894,0.212,50.36764705882353,2.368826246595537,63.287556830275,0,0,0,0,,False
GALA,2026-08-15T22:52:06.603Z,2026-08-15T22:52:06.603798Z,2026-08-16T00:52:06.603798Z,7679.815666,7,0.0016415000000000002,6.091989034419226,2.0371479928100635,0.482,55.14705882352941,6.091989034419226,68.33146232103707,2,2,0,0,0.0,False
LINEA,2026-08-15T22:52:18.067Z,2026-08-15T22:52:18.067553Z,2026-08-16T00:52:18.067553Z,7668.351911,7,0.002171,9.212344541685082,6.9216757741348,4.274,43.75,9.212344541685082,73.04190606063787,0,0,0,0,,False
MIRA,2026-08-15T22:52:24.856Z,2026-08-15T22:52:24.857005Z,2026-08-16T00:52:24.857005Z,7661.562459,7,0.039349999999999996,25.412960609910023,3.7783375314861494,1.535,41.911764705882355,25.412960609910023,66.74537408694177,0,0,0,0,,False
MORPHO,2026-08-15T22:52:31.373Z,2026-08-15T22:52:31.374025Z,2026-08-16T00:52:31.374025Z,7655.045439,7,1.9625,5.095541401274456,1.9397651863195524,1.608,49.26470588235294,5.095541401274456,66.40888710029985,0,0,0,0,,False
MUBARAK,2026-08-15T22:52:37.702Z,2026-08-15T22:52:37.702797Z,2026-08-16T00:52:37.702797Z,7648.716667,7,0.0157,25.4777070063706,10.873664362036447,-4.958,47.05882352941177,25.4777070063706,57.575031937763605,0,0,0,0,,False
NEIRO,2026-08-15T22:52:42.370Z,2026-08-15T22:52:42.370802Z,2026-08-16T00:52:42.370802Z,7644.048662,7,6.4935e-05,10.780010780009372,6.358911647814127,1.207,55.88235294117647,10.780010780009372,63.01042333073776,18,17,1,0,0.5556,False
NEO,2026-08-15T22:52:47.616Z,2026-08-15T22:52:47.617292Z,2026-08-16T00:52:47.617292Z,7638.802172,7,1.6724999999999999,17.93721973094106,1.3040901007705998,0.357,42.64705882352941,17.93721973094106,56.60870429540199,0,0,0,0,,False
NOM,2026-08-15T22:52:52.261Z,2026-08-15T22:52:52.261255Z,2026-08-16T00:52:52.261255Z,7634.158209,7,0.001665,60.060060060060216,12.804878048780497,6.494,47.4264705882353,60.060060060060216,64.39140283996869,0,0,0,0,,False
RAY,2026-08-15T22:53:25.628Z,2026-08-15T22:53:25.628434Z,2026-08-16T00:53:25.628434Z,7600.79103,7,0.6194,6.45786244753095,2.053256336220713,0.257,43.38235294117647,6.45786244753095,70.81129089211913,19,8,11,0,0.4737,False
RESOLV,2026-08-15T22:53:30.606Z,2026-08-15T22:53:30.607195Z,2026-08-16T00:53:30.607195Z,7595.812269,7,0.017015000000000002,5.877167205406754,4.418604651162792,0.585,42.279411764705884,5.877167205406754,46.90338448000712,1,1,0,0,1.0,False
RSR,2026-08-15T22:53:37.642Z,2026-08-15T22:53:37.642998Z,2026-08-16T00:53:37.642998Z,7588.776466,7,0.0011524999999999999,8.676789587851765,2.077922077922072,1.494,44.48529411764706,8.676789587851765,73.47003550443962,0,0,0,0,,False
SAGA,2026-08-15T22:53:52.878Z,2026-08-15T22:53:52.878469Z,2026-08-16T00:53:52.878469Z,7573.540995,7,0.012924999999999999,7.736943907157701,4.969418960244645,-1.059,55.51470588235294,7.736943907157701,55.46024133442742,0,0,0,0,,False
SAND,2026-08-15T22:54:03.556Z,2026-08-15T22:54:03.556847Z,2026-08-16T00:54:03.556847Z,7562.862617,7,0.039645,7.5671585319718115,2.2049611626158825,0.63,48.161764705882355,7.5671585319718115,67.24983871510841,3,1,2,0,1.0,False
THETA,2026-08-15T22:54:23.928Z,2026-08-15T22:54:23.928779Z,2026-08-16T00:54:23.928779Z,7542.490685,7,0.13755,7.270083605960668,8.231046931407937,1.763,50.0,7.270083605960668,66.36091301411554,0,0,0,0,,False
TLM,2026-08-15T22:54:30.920Z,2026-08-15T22:54:30.920452Z,2026-08-16T00:54:30.920452Z,7535.499012,7,0.001571,12.7307447485681,4.810126582278488,0.381,54.779411764705884,12.7307447485681,50.7792746010549,0,0,0,0,,False
USDE,2026-08-15T22:54:42.283Z,2026-08-15T22:54:42.283467Z,2026-08-16T00:54:42.283467Z,7524.135997,7,0.99995,1.000050002500015,0.0200020002000178,-0.01,45.955882352941174,1.000050002500015,54.795621517312156,0,0,0,0,,False
ZK,2026-08-15T22:54:59.910Z,2026-08-15T22:54:59.910820Z,2026-08-16T00:54:59.910820Z,7506.508644,7,0.007425,13.468013468012918,2.540106951871659,1.081,46.69117647058823,13.468013468012918,65.62894459038667,2,2,0,0,1.0,False
1000SATS,2026-08-15T23:00:32.152Z,2026-08-15T23:00:32.153179Z,2026-08-16T01:00:32.153179Z,7773.638893,7,1.0405e-05,28.83229216722702,5.461393596986812,3.711,35.294117647058826,28.83229216722702,67.72140387370155,40,19,8,13,0.925,False
ACH,2026-08-15T23:00:38.718Z,2026-08-15T23:00:38.718494Z,2026-08-16T01:00:38.718494Z,7767.073578,7,0.004175,23.952095808382257,4.75059382422802,2.184,34.19117647058823,23.952095808382257,53.55104076359196,0,0,0,0,,False
AR,2026-08-15T23:00:51.520Z,2026-08-15T23:00:51.520990Z,2026-08-16T01:00:51.520990Z,7754.271082,7,1.783,11.217049915872137,4.075935231714124,3.646,38.60294117647059,11.217049915872137,75.94581273333924,2,1,1,0,-1.0,False
ARKM,2026-08-15T23:00:57.749Z,2026-08-15T23:00:57.750231Z,2026-08-16T01:00:57.750231Z,7748.041841,7,0.0905,22.09944751381279,2.6030368763557474,0.986,31.985294117647058,22.09944751381279,66.74306821955732,1,0,0,1,1.0,False
AXS,2026-08-15T23:01:02.408Z,2026-08-15T23:01:02.409120Z,2026-08-16T01:01:02.409120Z,7743.382952,7,0.8634999999999999,11.580775911986116,3.3256880733944985,-1.469,30.88235294117647,11.580775911986116,36.148335523781455,0,0,0,0,,False
BROCCOLI714,2026-08-15T23:01:08.976Z,2026-08-15T23:01:08.977294Z,2026-08-16T01:01:08.977294Z,7736.814778,7,0.015269999999999999,26.195153896529213,6.514864010120175,-0.691,31.61764705882353,26.195153896529213,37.706933868095796,0,0,0,0,,
C,2026-08-15T23:01:15.505Z,2026-08-15T23:01:15.505573Z,2026-08-16T01:01:15.505573Z,7730.286499,7,0.06634999999999999,15.071590052750999,8.245877061469272,1.061,26.83823529411765,15.071590052750999,52.14336695494914,0,0,0,0,,False
CATI,2026-08-15T23:01:21.679Z,2026-08-15T23:01:21.680019Z,2026-08-16T01:01:21.680019Z,7724.112053,7,0.04786,16.71541997492619,6.113902847571188,-0.954,36.76470588235294,16.71541997492619,58.28202655878721,0,0,0,0,,False
CGPT,2026-08-15T23:01:27.798Z,2026-08-15T23:01:27.798559Z,2026-08-16T01:01:27.798559Z,7717.993513,7,0.020515,4.874482086278134,5.802707930367503,1.174,35.661764705882355,4.874482086278134,46.84753999760607,0,0,0,0,,False
DASH,2026-08-15T23:01:32.040Z,2026-08-15T23:01:32.041183Z,2026-08-16T01:01:32.041183Z,7713.750889,7,29.68,13.477088948786774,1.1029411764705823,0.167,38.23529411764706,13.477088948786774,59.84226542529519,1,0,1,0,1.0,False
DYM,2026-08-15T23:01:41.976Z,2026-08-15T23:01:41.976685Z,2026-08-16T01:01:41.976685Z,7703.815387,7,0.014775,20.304568527917954,4.197698036560589,2.144,27.573529411764707,20.304568527917954,52.02711762099929,0,0,0,0,,False
EGLD,2026-08-15T23:01:48.395Z,2026-08-15T23:01:48.395654Z,2026-08-16T01:01:48.395654Z,7697.396418,7,2.625,38.095238095237285,3.4090909090909207,1.149,39.705882352941174,38.095238095237285,63.01008901488009,0,0,0,0,,False
ENJ,2026-08-15T23:01:54.654Z,2026-08-15T23:01:54.654789Z,2026-08-16T01:01:54.654789Z,7691.137283,7,0.024045,20.794343938449337,2.7420024927295423,-2.313,27.941176470588236,20.794343938449337,53.963628416931556,1,1,0,0,1.0,False
EUL,2026-08-15T23:02:01.055Z,2026-08-15T23:02:01.055925Z,2026-08-16T01:02:01.055925Z,7684.736147,7,1.141,17.528483786152513,6.3573883161512095,-3.161,37.13235294117647,17.528483786152513,52.27229203667857,0,0,0,0,,False
GPS,2026-08-15T23:02:06.272Z,2026-08-15T23:02:06.272378Z,2026-08-16T01:02:06.272378Z,7679.519694,7,0.010579999999999999,18.90359168242053,7.400379506641361,2.529,39.338235294117645,18.90359168242053,67.11377137636688,0,0,0,0,,False
GRT,2026-08-15T23:02:12.450Z,2026-08-15T23:02:12.450723Z,2026-08-16T01:02:12.450723Z,7673.341349,7,0.01346,14.858841010400583,2.1323529411764732,0.965,32.35294117647059,14.858841010400583,66.33769961799446,0,0,0,0,,False
GUN,2026-08-15T23:02:18.939Z,2026-08-15T23:02:18.939361Z,2026-08-16T01:02:18.939361Z,7666.852711,7,0.0029449999999999997,33.95585738539907,16.38225255972696,-12.012,40.44117647058823,33.95585738539907,38.99026339444056,1,0,0,1,-1.0,False
ILV,2026-08-15T23:02:30.678Z,2026-08-15T23:02:30.678482Z,2026-08-16T01:02:30.678482Z,7655.11359,7,2.99,66.88963210702346,10.333333333333334,-2.597,29.779411764705884,66.88963210702346,43.21217797007012,0,0,0,0,,False
INIT,2026-08-15T23:02:34.964Z,2026-08-15T23:02:34.964490Z,2026-08-16T01:02:34.964490Z,7650.827582,7,0.05155,19.3986420950539,3.0828516377649406,1.566,29.41176470588235,19.3986420950539,66.54606588208367,0,0,0,0,,False
KMNO,2026-08-15T23:02:49.760Z,2026-08-15T23:02:49.760756Z,2026-08-16T01:02:49.760756Z,7636.031316,7,0.01803,11.092623405434933,2.5966850828729178,-0.275,36.029411764705884,11.092623405434933,58.46926842250244,1,1,0,0,1.0,False
MANTA,2026-08-15T23:03:01.264Z,2026-08-15T23:03:01.264334Z,2026-08-16T01:03:01.264334Z,7624.527738,7,0.05749,10.436597669160635,3.762788278134209,1.747,37.86764705882353,10.436597669160635,55.01129746260645,0,0,0,0,,False
OPEN,2026-08-15T23:03:05.581Z,2026-08-15T23:03:05.581986Z,2026-08-16T01:03:05.581986Z,7620.210086,7,0.176,11.36363636363669,6.983240223463678,-2.293,33.8235294117647,11.36363636363669,46.93807147996373,2,1,1,0,0.0,False
PEOPLE,2026-08-15T23:03:11.666Z,2026-08-15T23:03:11.666329Z,2026-08-16T01:03:11.666329Z,7614.125743,7,0.007475,13.377926421404137,5.92885375494071,-0.524,40.80882352941177,13.377926421404137,64.80413959111924,0,0,0,0,,False
PNUT,2026-08-15T23:03:20.452Z,2026-08-15T23:03:20.452826Z,2026-08-16T01:03:20.452826Z,7605.339246,7,0.0407,49.14004914005054,6.295399515738493,1.474,33.088235294117645,49.14004914005054,65.42578359252096,6,0,5,1,0.6667,False
SKY,2026-08-15T23:03:26.414Z,2026-08-15T23:03:26.414653Z,2026-08-16T01:03:26.414653Z,7599.377419,7,0.050890000000000005,3.9300451955195883,1.8093385214007651,0.784,40.0735294117647,3.9300451955195883,57.592252046170486,1,1,0,0,1.0,False
SOLV,2026-08-15T23:03:32.704Z,2026-08-15T23:03:32.704448Z,2026-08-16T01:03:32.704448Z,7593.087624,7,0.002275,43.95604395604407,6.521739130434781,4.545,34.9264705882353,43.95604395604407,68.25498143993438,0,0,0,0,,False
SPK,2026-08-15T23:03:37.345Z,2026-08-15T23:03:37.345640Z,2026-08-16T01:03:37.345640Z,7588.446432,7,0.014224,12.65466816647965,3.190519598906099,1.084,32.720588235294116,12.65466816647965,66.99248434772643,6,3,3,0,0.6667,False
STO,2026-08-15T23:03:43.933Z,2026-08-15T23:03:43.933418Z,2026-08-16T01:03:43.933418Z,7581.858654,7,0.03845,26.007802340702955,7.772020725388608,1.047,31.25,26.007802340702955,57.03468994782857,0,0,0,0,,False
YGG,2026-08-15T23:04:04.970Z,2026-08-15T23:04:04.970970Z,2026-08-16T01:04:04.970970Z,7560.821102,7,0.020035,34.93885700024987,5.800000000000007,-0.646,33.455882352941174,34.93885700024987,64.38544918341773,0,0,0,0,,False
ZKC,2026-08-15T23:04:12.294Z,2026-08-15T23:04:12.294791Z,2026-08-16T01:04:12.294791Z,7553.497281,7,0.03775,26.490066225166323,3.6745406824147118,2.419,38.970588235294116,26.490066225166323,68.7292087215796,0,0,0,0,,False
1000CAT,2026-08-15T23:09:43.871Z,2026-08-15T23:09:43.871549Z,2026-08-16T01:09:43.871549Z,7221.920523,7,0.001675,59.70149253731359,3.5928143712574814,0.0,22.058823529411764,59.70149253731359,44.40387043390533,1,0,1,0,1.0,False
1MBABYDOGE,2026-08-15T23:09:50.627Z,2026-08-15T23:09:50.627562Z,2026-08-16T01:09:50.627562Z,7215.16451,7,0.00032494999999999996,21.54177565779403,1.676829268292674,0.521,20.955882352941178,21.54177565779403,50.72743974328101,0,0,0,0,,
ACT,2026-08-15T23:09:57.512Z,2026-08-15T23:09:57.512427Z,2026-08-16T01:09:57.512427Z,7208.279645,7,0.009944999999999999,50.27652086475586,6.791338582677161,2.111,12.132352941176471,50.27652086475586,52.98580167356273,1,1,0,0,1.0,False
BEAMX,2026-08-15T23:10:19.461Z,2026-08-15T23:10:19.461370Z,2026-08-16T01:10:19.461370Z,7787.003546,7,0.0013365,22.446689113355514,4.744255003706453,-0.369,20.220588235294116,22.446689113355514,51.151165677480385,0,0,0,0,,
CKB,2026-08-15T23:10:26.011Z,2026-08-15T23:10:26.011708Z,2026-08-16T01:10:26.011708Z,7780.453208,7,0.0008335,35.99280143971293,3.836930455635481,1.337,19.11764705882353,35.99280143971293,64.43869241290851,0,0,0,0,,False
EIGEN,2026-08-15T23:10:37.418Z,2026-08-15T23:10:37.419157Z,2026-08-16T01:10:37.419157Z,7769.045759,7,0.1681,11.89767995240797,1.9457547169811307,0.177,17.279411764705884,11.89767995240797,51.68514116334711,0,0,0,0,,False
EURI,2026-08-15T23:10:41.962Z,2026-08-15T23:10:41.962279Z,2026-08-16T01:10:41.962279Z,7764.502637,7,1.1559,20.763041785621226,0.3116883116882966,-0.104,14.338235294117647,20.763041785621226,45.98572289181782,0,0,0,0,,False
GMT,2026-08-15T23:11:06.932Z,2026-08-15T23:11:06.932811Z,2026-08-16T01:11:06.932811Z,7739.532105,7,0.006144999999999999,16.273393002441757,5.213270142180089,1.28,26.102941176470587,16.273393002441757,63.14944673862523,0,0,0,0,,False
IMX,2026-08-15T23:11:18.904Z,2026-08-15T23:11:18.904272Z,2026-08-16T01:11:18.904272Z,7727.560644,7,0.1085,18.433179723502832,2.463503649635031,1.859,23.897058823529413,18.433179723502832,70.35625170892651,2,2,0,0,1.0,False
IOTA,2026-08-15T23:11:25.091Z,2026-08-15T23:11:25.091842Z,2026-08-16T01:11:25.091842Z,7721.373074,7,0.03245,30.816640986133393,1.83486238532109,-0.608,12.5,30.816640986133393,43.504762183601606,0,0,0,0,,False
KAIA,2026-08-15T23:11:31.436Z,2026-08-15T23:11:31.437007Z,2026-08-16T01:11:31.437007Z,7715.027909,7,0.02435,41.067761806982695,4.065040650406494,-2.767,17.647058823529413,41.067761806982695,42.50644828777104,0,0,0,0,,False
KERNEL,2026-08-15T23:11:37.615Z,2026-08-15T23:11:37.616198Z,2026-08-16T01:11:37.616198Z,7708.848718,7,0.03315,30.165912518854558,3.303303303303314,0.301,15.441176470588236,30.165912518854558,51.20960801133138,0,0,0,0,,False
LA,2026-08-15T23:11:43.965Z,2026-08-15T23:11:43.965277Z,2026-08-16T01:11:43.965277Z,7702.499639,7,0.0503,39.76143141153058,4.462474645030428,-3.333,19.485294117647058,39.76143141153058,41.1672282485019,0,0,0,0,,False
LISTA,2026-08-15T23:11:51.343Z,2026-08-15T23:11:51.344088Z,2026-08-16T01:11:51.344088Z,7695.120828,7,0.05685,17.59014951627017,10.452961672473865,1.954,21.323529411764707,17.59014951627017,66.4313615933792,0,0,0,0,,False
MANTRA,2026-08-15T23:12:03.286Z,2026-08-15T23:12:03.286720Z,2026-08-16T01:12:03.286720Z,7683.178196,7,0.004935,20.26342451874284,2.2088353413654587,0.0,12.867647058823529,20.26342451874284,61.6585071740889,1,1,0,0,1.0,False
MEME,2026-08-15T23:12:09.976Z,2026-08-15T23:12:09.977195Z,2026-08-16T01:12:09.977195Z,7676.487721,7,0.0004795,20.855057351408224,3.7113402061855676,0.414,18.014705882352942,20.855057351408224,45.91479943320688,61,39,20,2,0.918,False
OSMO,2026-08-15T23:12:25.188Z,2026-08-15T23:12:25.189014Z,2026-08-16T01:12:25.189014Z,7661.275902,7,0.030350000000000002,32.948929159802105,2.9508196721311526,2.007,22.426470588235293,32.948929159802105,54.84359714483611,0,0,0,0,,False
PARTI,2026-08-15T23:12:31.809Z,2026-08-15T23:12:31.809487Z,2026-08-16T01:12:31.809487Z,7654.655429,7,0.02255,44.34589800443432,5.726872246696031,1.339,23.16176470588235,44.34589800443432,60.02249632289621,0,0,0,0,,False
PHA,2026-08-15T23:12:38.847Z,2026-08-15T23:12:38.847928Z,2026-08-16T01:12:38.847928Z,7647.616988,7,0.021949999999999997,45.558086560364195,5.42986425339368,2.791,15.808823529411764,45.558086560364195,50.27004295214674,0,0,0,0,,False
PROVE,2026-08-15T23:12:45.346Z,2026-08-15T23:12:45.346304Z,2026-08-16T01:12:45.346304Z,7641.118612,7,0.15355000000000002,19.537609899055337,8.984375000000005,5.64,18.75,19.537609899055337,73.18990370240871,5,3,2,0,1.0,False
SNX,2026-08-15T23:12:49.788Z,2026-08-15T23:12:49.788859Z,2026-08-16T01:12:49.788859Z,7636.676057,7,0.1975,50.632911392405106,1.5075376884422125,1.015,24.264705882352942,50.632911392405106,60.72893485548183,0,0,0,0,,False
TWT,2026-08-15T23:12:59.912Z,2026-08-15T23:12:59.913048Z,2026-08-16T01:12:59.913048Z,7626.551868,7,0.3911,20.455126566096215,3.54049923586348,-2.75,26.470588235294116,20.455126566096215,59.79659870522904,2,2,0,0,1.0,False
USUAL,2026-08-15T23:13:04.814Z,2026-08-15T23:13:04.814408Z,2026-08-16T01:13:04.814408Z,7621.650508,7,0.008910000000000001,44.89337822671167,5.39647577092512,1.68,18.38235294117647,44.89337822671167,41.88859722561902,0,0,0,0,,False
VELODROME,2026-08-15T23:13:11.531Z,2026-08-15T23:13:11.532000Z,2026-08-16T01:13:11.532000Z,7614.932916,7,0.016905,29.577048210589428,2.6004728132387673,-0.177,13.235294117647058,29.577048210589428,53.302661987780645,0,0,0,0,,False
VET,2026-08-15T23:13:16.312Z,2026-08-15T23:13:16.312804Z,2026-08-16T01:13:16.312804Z,7610.152112,7,0.0044825,15.616285554935997,1.3956579530350146,0.356,16.544117647058822,15.616285554935997,51.70911733394941,3,1,1,1,0.3333,False
W,2026-08-15T23:13:21.562Z,2026-08-15T23:13:21.564193Z,2026-08-16T01:13:21.564193Z,7604.900723,7,0.008425,11.869436201779932,3.896103896103901,3.672,19.852941176470587,11.869436201779932,72.69543455077184,0,0,0,0,,False
YB,2026-08-15T23:13:27.111Z,2026-08-15T23:13:27.111466Z,2026-08-16T01:13:27.111466Z,7599.35345,7,0.08035,37.33665214685856,13.106796116504842,5.506,25.735294117647058,37.33665214685856,71.99996915312771,0,0,0,0,,False
AUCTION,2026-08-15T23:19:16.604Z,2026-08-15T23:19:16.605119Z,2026-08-16T01:19:16.605119Z,7249.859797,7,2.824,21.246458923511984,2.7074542897327696,1.066,4.779411764705882,21.246458923511984,45.47655854180847,0,0,0,0,,False
BFUSD,2026-08-15T23:19:27.764Z,2026-08-15T23:19:27.764815Z,2026-08-16T01:19:27.764815Z,7238.700101,7,0.9991000000000001,12.010809728755667,0.12018027040560629,-0.01,1.1029411764705883,12.010809728755667,39.62829917544957,0,0,0,0,,
BLUR,2026-08-15T23:19:35.024Z,2026-08-15T23:19:35.024250Z,2026-08-16T01:19:35.024250Z,7231.440666,7,0.013145,38.037276531000145,1.805869074492091,1.296,3.3088235294117645,38.037276531000145,71.73146251267025,0,0,0,0,,False
BNB,2026-08-15T23:19:39.480Z,2026-08-15T23:19:39.480746Z,2026-08-16T01:19:39.480746Z,7226.98417,7,607.135,0.16470801386826497,1.0411021889419891,0.472,97.79411764705883,0.16470801386826497,48.34537178737068,28,12,15,1,0.7857,False
BTC,2026-08-15T23:19:51.396Z,2026-08-15T23:19:51.397092Z,2026-08-16T01:19:51.397092Z,7215.067824,7,63000.455,0.0015872901238629573,0.6108865534896245,0.484,100.0,0.0015872901238629573,70.90553087223677,37,13,16,8,0.2703,False
COMP,2026-08-15T23:19:57.545Z,2026-08-15T23:19:57.545644Z,2026-08-16T01:19:57.545644Z,7208.919272,7,16.25,49.23076923076818,1.109741060419234,0.558,2.2058823529411766,49.23076923076818,54.087970399317825,2,1,0,1,1.0,False
ETC,2026-08-15T23:20:11.923Z,2026-08-15T23:20:11.923539Z,2026-08-16T01:20:11.923539Z,7794.118839,7,6.195,16.14205004035478,2.076677316293928,1.789,11.764705882352942,16.14205004035478,71.48821714925077,0,0,0,0,,False
ETH,2026-08-15T23:20:17.151Z,2026-08-15T23:20:17.152104Z,2026-08-16T01:20:17.152104Z,7788.890274,7,1878.395,0.053236938982433965,0.5756923975676421,0.378,99.63235294117646,0.053236938982433965,68.18317202207143,41,18,13,10,0.561,False
FLUX,2026-08-15T23:20:21.773Z,2026-08-15T23:20:21.773643Z,2026-08-16T01:20:21.773643Z,7784.268735,7,0.04005,24.968789013731815,4.42260442260443,3.562,6.985294117647059,24.968789013731815,58.938950743449745,0,0,0,0,,False
FORM,2026-08-15T23:20:28.691Z,2026-08-15T23:20:28.692034Z,2026-08-16T01:20:28.692034Z,7777.350344,7,0.20434999999999998,14.680694886224357,2.0250723240115764,0.436,5.882352941176471,14.680694886224357,73.15862608064313,0,0,0,0,,False
HIVE,2026-08-15T23:20:35.362Z,2026-08-15T23:20:35.362287Z,2026-08-16T01:20:35.362287Z,7770.680091,7,0.039099999999999996,51.15089514066465,2.5188916876574328,1.018,1.4705882352941178,51.15089514066465,51.20657893321942,0,0,0,0,,False
LAYER,2026-08-15T23:20:47.177Z,2026-08-15T23:20:47.177603Z,2026-08-16T01:20:47.177603Z,7758.864775,7,0.06005,16.6527893422153,1.8151815181518212,0.498,5.147058823529412,16.6527893422153,59.0657415732323,0,0,0,0,,False
LINK,2026-08-15T23:20:51.716Z,2026-08-15T23:20:51.716827Z,2026-08-16T01:20:51.716827Z,7754.325551,7,9.4545,1.0576973927753408,8.580996232733366,6.938,98.8970588235294,1.0576973927753408,64.72306834278285,37,18,18,1,0.8108,False
MITO,2026-08-15T23:20:58.366Z,2026-08-15T23:20:58.367135Z,2026-08-16T01:20:58.367135Z,7747.675243,7,0.02544,15.723270440250932,5.831363278171797,3.676,10.294117647058824,15.723270440250932,62.55176766195721,0,0,0,0,,False
NEWT,2026-08-15T23:21:05.153Z,2026-08-15T23:21:05.154242Z,2026-08-16T01:21:05.154242Z,7740.888136,7,0.03695,27.063599458726912,6.1497326203208456,0.538,11.397058823529411,27.063599458726912,58.89523799211506,0,0,0,0,,False
NMR,2026-08-15T23:21:11.797Z,2026-08-15T23:21:11.797769Z,2026-08-16T01:21:11.797769Z,7734.244609,7,8.115,36.96857670979807,1.7262638717632406,0.496,8.823529411764707,36.96857670979807,40.31769169173258,0,0,0,0,,False
QNT,2026-08-15T23:21:18.456Z,2026-08-15T23:21:18.456244Z,2026-08-16T01:21:18.456244Z,7727.586134,7,57.72,17.325017325017573,1.6782006920415204,-0.155,6.617647058823529,17.325017325017573,43.23959333439281,9,3,3,3,0.1111,False
REZ,2026-08-15T23:21:24.870Z,2026-08-15T23:21:24.871236Z,2026-08-16T01:21:24.871236Z,7721.171142,7,0.002693,14.853323431118072,3.4959941733430346,0.845,9.191176470588236,14.853323431118072,38.62757938588375,0,0,0,0,,False
SHELL,2026-08-15T23:21:35.147Z,2026-08-15T23:21:35.147756Z,2026-08-16T01:21:35.147756Z,7710.894622,7,0.02065,48.42615012106507,3.92156862745099,3.03,9.926470588235293,48.42615012106507,61.55263536947358,0,0,0,0,,False
SIGN,2026-08-15T23:21:41.430Z,2026-08-15T23:21:41.430692Z,2026-08-16T01:21:41.430692Z,7704.611686,7,0.00645,31.007751937983233,3.495440729483285,3.135,8.455882352941176,31.007751937983233,66.71307652141286,1,1,0,0,1.0,False
SOL,2026-08-15T23:21:46.172Z,2026-08-15T23:21:46.172895Z,2026-08-16T01:21:46.172895Z,7699.869483,7,75.295,1.3281094362163364,0.9927200529450696,0.639,98.52941176470588,1.3281094362163364,58.241493241304035,28,15,11,2,0.7857,False
SSV,2026-08-15T23:21:52.724Z,2026-08-15T23:21:52.724642Z,2026-08-16T01:21:52.724642Z,7693.317736,7,2.1185,14.16096294548083,5.838739573679328,2.469,5.514705882352941,14.16096294548083,39.85203190061815,0,0,0,0,,False
STEEM,2026-08-15T23:21:59.153Z,2026-08-15T23:21:59.153418Z,2026-08-16T01:21:59.153418Z,7686.88896,7,0.035105,65.5177325167358,1.5082527034718347,0.285,1.838235294117647,65.5177325167358,53.51910807299724,0,0,0,0,,False
SXT,2026-08-15T23:22:05.648Z,2026-08-15T23:22:05.648604Z,2026-08-16T01:22:05.648604Z,7680.393774,7,0.006965,71.7875089734382,3.4236804564907244,-0.142,0.7352941176470589,71.7875089734382,43.453778722372,0,0,0,0,,False
TURBO,2026-08-15T23:22:10.599Z,2026-08-15T23:22:10.599817Z,2026-08-16T01:22:10.599817Z,7675.442561,7,0.00079,25.316455696203146,3.629536921151433,2.174,8.088235294117647,25.316455696203146,55.793462931156256,1,0,1,0,1.0,False
TURTLE,2026-08-15T23:22:17.485Z,2026-08-15T23:22:17.485486Z,2026-08-16T01:22:17.485486Z,7668.556892,7,0.0435,45.977011494252594,6.407322654462251,5.556,3.676470588235294,45.977011494252594,58.92304802679127,1,1,0,0,1.0,False
UMA,2026-08-15T23:22:26.971Z,2026-08-15T23:22:26.972126Z,2026-08-16T01:22:26.972126Z,7659.070252,7,0.324,61.72839506172844,1.533742331288345,0.308,4.411764705882353,61.72839506172844,54.58538514112686,0,0,0,0,,False
USD1,2026-08-15T23:22:29.977Z,2026-08-15T23:22:29.978200Z,2026-08-16T01:22:29.978200Z,7656.064178,7,0.99915,1.0008507231145374,0.04003603242918186,-0.01,99.26470588235294,1.0008507231145374,66.43654841185364,3,0,2,1,0.3333,False
VANA,2026-08-15T23:22:36.563Z,2026-08-15T23:22:36.563535Z,2026-08-16T01:22:36.563535Z,7649.478843,7,0.861,69.68641114982584,2.8735632183908075,2.473,2.573529411764706,69.68641114982584,69.37707010296806,0,0,0,0,,False
XRP,2026-08-15T23:22:41.462Z,2026-08-15T23:22:41.462647Z,2026-08-16T01:22:41.462647Z,7644.579731,7,1.0002499999999999,0.999750062484269,2.1418609284717927,0.864,98.16176470588235,0.999750062484269,66.26452284856047,37,17,15,5,0.7297,False
XVG,2026-08-15T23:22:47.862Z,2026-08-15T23:22:47.862544Z,2026-08-16T01:22:47.862544Z,7638.179834,7,0.0020670000000000003,9.675858732461691,2.9836381135707404,-1.236,6.25,9.675858732461691,48.3331826427913,0,0,0,0,,False
AVAX,2026-08-15T23:28:41.352Z,2026-08-15T23:28:41.352442Z,2026-08-16T01:28:41.352442Z,7284.689936,7,6.330500000000001,1.5796540557623155,7.279457125231331,1.297,95.95588235294117,1.5796540557623155,43.19471389406379,18,14,4,0,0.7778,False
ENA,2026-08-15T23:28:58.926Z,2026-08-15T23:28:58.926536Z,2026-08-16T01:28:58.926536Z,7267.115842,7,0.08355,11.968880909633631,2.846975088967971,0.958,86.02941176470588,11.968880909633631,69.98095794350604,13,0,13,0,1.0,False
EUR,2026-08-15T23:29:07.941Z,2026-08-15T23:29:07.942073Z,2026-08-16T01:29:07.942073Z,7258.100305,7,1.15625,0.8648648648666899,0.051885160843992896,-0.026,96.32352941176471,0.8648648648666899,67.19452267983793,0,0,0,0,,False
FET,2026-08-15T23:29:12.640Z,2026-08-15T23:29:12.640281Z,2026-08-16T01:29:12.640281Z,7253.402097,7,0.12495,8.003201280512434,5.928237129485176,-3.391,88.97058823529412,8.003201280512434,56.886267787082474,12,0,0,12,1.0,False
HEMI,2026-08-15T23:29:19.761Z,2026-08-15T23:29:19.761972Z,2026-08-16T01:29:19.761972Z,7246.280406,7,0.00631,31.6957210776546,37.69338959212377,45.399,94.8529411764706,31.6957210776546,83.04861795371203,7,5,0,2,0.2857,False
ICP,2026-08-15T23:29:25.243Z,2026-08-15T23:29:25.243788Z,2026-08-16T01:29:25.243788Z,7240.79859,7,2.2235,4.4974139869590015,4.407836153161164,0.898,92.6470588235294,4.4974139869590015,64.99161611987428,18,18,0,0,0.8889,False
LTC,2026-08-15T23:29:30.100Z,2026-08-15T23:29:30.100704Z,2026-08-16T01:29:30.100704Z,7235.941674,7,44.165,2.2642363862798858,1.7002947177510768,1.193,90.07352941176471,2.2642363862798858,67.9252739262395,6,5,1,0,0.6667,False
NEAR,2026-08-15T23:29:41.790Z,2026-08-15T23:29:41.791193Z,2026-08-16T01:29:41.791193Z,7224.251185,7,1.6085,6.216972334472427,3.1154551007941316,1.112,95.22058823529412,6.216972334472427,47.78232777208153,25,0,24,1,0.92,False
PLUME,2026-08-15T23:29:53.691Z,2026-08-15T23:29:53.691595Z,2026-08-16T01:29:53.691595Z,7212.350783,7,0.013035,7.671653241273182,15.26599845797996,4.681,95.58823529411765,7.671653241273182,63.3894013174226,1,1,0,0,1.0,False
PUMP,2026-08-15T23:29:58.845Z,2026-08-15T23:29:58.846114Z,2026-08-16T01:29:58.846114Z,7207.196264,7,0.0027755,3.602954422625469,5.7504520795659975,-2.982,94.48529411764706,3.602954422625469,54.02921025287209,4,3,0,1,0.0,False
RARE,2026-08-15T23:30:07.173Z,2026-08-15T23:30:07.173767Z,2026-08-16T01:30:07.173767Z,7798.752367,7,0.01149,17.40644038294098,17.169974115616903,0.87,90.44117647058823,17.40644038294098,43.61241289312823,1,1,0,0,1.0,False
SOMI,2026-08-15T23:30:18.164Z,2026-08-15T23:30:18.165037Z,2026-08-16T01:30:18.165037Z,7787.761097,7,0.09415000000000001,10.621348911312039,10.559662090813088,6.404,86.3970588235294,10.621348911312039,64.42246683645014,0,0,0,0,,False
SUI,2026-08-15T23:30:25.396Z,2026-08-15T23:30:25.396371Z,2026-08-16T01:30:25.396371Z,7780.529763,7,0.67435,1.4829094683767923,1.9411764705882337,0.532,91.54411764705883,1.4829094683767923,68.2252685350011,29,2,15,12,0.931,False
TRX,2026-08-15T23:30:30.279Z,2026-08-15T23:30:30.279668Z,2026-08-16T01:30:30.279668Z,7775.646466,7,0.33075,3.0234315948598334,0.7852612503775268,-0.301,96.69117647058823,3.0234315948598334,63.565220841669856,12,7,4,1,1.0,False
TUT,2026-08-15T23:30:36.528Z,2026-08-15T23:30:36.529188Z,2026-08-16T01:30:36.529188Z,7769.396946,7,0.031435,22.268172419278073,28.822652757078977,4.193,91.17647058823529,22.268172419278073,68.88536065203503,5,5,0,0,0.2,False
UNI,2026-08-15T23:30:41.240Z,2026-08-15T23:30:41.240859Z,2026-08-16T01:30:41.240859Z,7764.685275,7,3.2205000000000004,3.10510790249927,4.093567251461988,1.913,94.11764705882354,3.10510790249927,72.11740817982172,45,21,10,14,0.7778,False
ZEC,2026-08-15T23:31:02.844Z,2026-08-15T23:31:02.844321Z,2026-08-16T01:31:02.844321Z,7743.081813,7,484.655,3.0949850924891753,2.74914089347079,-0.188,92.27941176470588,3.0949850924891753,59.36431935679549,12,8,4,0,0.6667,False
AAVE,2026-08-15T23:36:35.310Z,2026-08-15T23:36:35.310539Z,2026-08-16T01:36:35.310539Z,7410.615595,7,86.00999999999999,2.3253110103471717,2.2632794457274756,1.476,79.77941176470588,2.3253110103471717,64.77987322624902,19,2,9,8,0.8947,False
EDEN,2026-08-15T23:37:27.558Z,2026-08-15T23:37:27.558958Z,2026-08-16T01:37:27.558958Z,7358.367176,7,0.043115,16.235648846109385,38.8913624220837,-25.158,81.61764705882354,16.235648846109385,45.409528187174686,4,4,0,0,1.0,False
EPIC,2026-08-15T23:37:35.311Z,2026-08-15T23:37:35.312477Z,2026-08-16T01:37:35.312477Z,7350.613657,7,0.3318,30.13863773357447,27.863961813842476,-10.756,83.08823529411765,30.13863773357447,33.494770956655124,3,2,1,0,-1.0,False
ETHFI,2026-08-15T23:37:41.989Z,2026-08-15T23:37:41.990033Z,2026-08-16T01:37:41.990033Z,7343.936101,7,0.47475,6.319115323853965,9.012965286491003,7.196,73.16176470588235,6.319115323853965,78.53740451484468,0,0,0,0,,False
FIL,2026-08-15T23:37:49.788Z,2026-08-15T23:37:49.788807Z,2026-08-16T01:37:49.788807Z,7336.137327,7,0.67235,10.411244143674022,4.180626365622716,2.31,71.32352941176471,10.411244143674022,47.68389591240079,0,0,0,0,,False
HEI,2026-08-15T23:38:05.197Z,2026-08-15T23:38:05.198386Z,2026-08-16T01:38:05.198386Z,7320.727748,7,0.12585000000000002,23.83790226460029,41.20443740095086,-17.246,77.94117647058823,23.83790226460029,54.51872107060255,1,0,0,1,1.0,False
HOME,2026-08-15T23:38:09.998Z,2026-08-15T23:38:09.999207Z,2026-08-16T01:38:09.999207Z,7315.926927,7,0.008539999999999999,23.41920374707368,21.100917431192656,-11.651,80.88235294117646,23.41920374707368,46.77365930574611,0,0,0,0,,False
WLFI,2026-08-15T23:39:31.685Z,2026-08-15T23:39:31.685406Z,2026-08-16T01:39:31.685406Z,7234.240728,7,0.057749999999999996,17.316017316016612,5.263157894736847,3.825,82.72058823529412,17.316017316016612,56.532879531752464,0,0,0,0,,False
API3,2026-08-15T23:45:52.332Z,2026-08-15T23:45:52.332699Z,2026-08-16T01:45:52.332699Z,7452.815892,7,0.1889,10.587612493383045,9.675732217573216,1.919,63.60294117647059,10.587612493383045,64.55199327179386,0,0,0,0,,False
ASTER,2026-08-15T23:45:58.705Z,2026-08-15T23:45:58.705798Z,2026-08-16T01:45:58.705798Z,7446.442793,7,0.5994999999999999,16.68056713928275,0.6666666666666673,0.0,68.01470588235294,16.68056713928275,58.552441850474345,0,0,0,0,,False
LDO,2026-08-15T23:47:05.556Z,2026-08-15T23:47:05.556276Z,2026-08-16T01:47:05.556276Z,7379.592315,7,0.2966,6.743088334458311,4.938271604938283,1.869,69.8529411764706,6.743088334458311,66.7997677922418,0,0,0,0,,False
MMT,2026-08-15T23:47:12.087Z,2026-08-15T23:47:12.087661Z,2026-08-16T01:47:12.087661Z,7373.06093,7,0.1738,23.014959723819544,7.146941109205267,-2.508,66.54411764705883,23.014959723819544,63.82366907359239,0,0,0,0,,False
NOT,2026-08-15T23:47:25.638Z,2026-08-15T23:47:25.638731Z,2026-08-16T01:47:25.638731Z,7359.50986,7,0.0003925,25.477707006370046,10.653753026634378,9.259,56.25,25.477707006370046,57.047216468348516,2,1,0,1,1.0,False
PENDLE,2026-08-15T23:47:42.335Z,2026-08-15T23:47:42.336115Z,2026-08-16T01:47:42.336115Z,7342.812476,7,1.2965,7.713073659852602,3.582317073170743,1.943,69.48529411764706,7.713073659852602,67.9109781593212,0,0,0,0,,False
ROSE,2026-08-15T23:47:49.776Z,2026-08-15T23:47:49.776741Z,2026-08-16T01:47:49.776741Z,7335.37185,7,0.005295,18.885741265343892,3.925233644859799,1.134,58.8235294117647,18.885741265343892,63.75410594671305,15,11,4,0,1.0,False
RUNE,2026-08-15T23:47:57.023Z,2026-08-15T23:47:57.024284Z,2026-08-16T01:47:57.024284Z,7328.124307,7,0.4185,23.894862604540045,1.18483412322275,0.957,63.970588235294116,23.894862604540045,60.25327634964653,1,0,1,0,1.0,False
STRK,2026-08-15T23:48:05.985Z,2026-08-15T23:48:05.985660Z,2026-08-16T01:48:05.985660Z,7319.162931,7,0.022844999999999997,4.377325454147338,2.714347264110306,1.664,66.91176470588235,4.377325454147338,60.00230469112619,0,0,0,0,,False
SYN,2026-08-15T23:48:12.656Z,2026-08-15T23:48:12.656288Z,2026-08-16T01:48:12.656288Z,7312.492303,7,0.10284,21.392454297938347,3.95851175183176,0.124,68.38235294117646,21.392454297938347,55.78158931371996,1,1,0,0,1.0,False
TREE,2026-08-15T23:48:30.455Z,2026-08-15T23:48:30.455416Z,2026-08-16T01:48:30.455416Z,7294.693175,7,0.03405,29.36857562408104,12.427745664739879,3.284,65.44117647058823,29.36857562408104,65.41233874649147,0,0,0,0,,False
VANRY,2026-08-15T23:48:39.816Z,2026-08-15T23:48:39.816336Z,2026-08-16T01:48:39.816336Z,7285.332255,7,0.00121,165.28925619834757,79.62674961119751,-25.189,64.33823529411765,165.28925619834757,40.96196668887653,3,1,1,1,1.0,False
VIRTUAL,2026-08-15T23:48:47.933Z,2026-08-15T23:48:47.933800Z,2026-08-16T01:48:47.933800Z,7277.214791,7,0.55545,12.602394454945053,2.3948908994145945,0.859,59.9264705882353,12.602394454945053,71.98212882400018,1,1,0,0,1.0,False
WIF,2026-08-15T23:48:56.244Z,2026-08-15T23:48:56.244836Z,2026-08-16T01:48:56.244836Z,7268.903755,7,0.13595000000000002,7.35564545789016,2.4853801169590746,0.367,62.13235294117647,7.35564545789016,57.18835277739873,3,2,1,0,-0.3333,False
BANANA,2026-08-15T23:54:50.580Z,2026-08-15T23:54:50.581213Z,2026-08-16T01:54:50.581213Z,7514.485753,7,3.9160000000000004,30.64351378958123,12.683303318754833,4.097,54.411764705882355,30.64351378958123,65.60668492797778,0,0,0,0,,False
CETUS,2026-08-15T23:55:15.648Z,2026-08-15T23:55:15.648900Z,2026-08-16T01:55:15.648900Z,7489.418066,7,0.0212,18.867924528301117,5.608365019011409,4.21,54.044117647058826,18.867924528301117,50.93688361550256,0,0,0,0,,False
COTI,2026-08-15T23:55:33.883Z,2026-08-15T23:55:33.884094Z,2026-08-16T01:55:33.884094Z,7471.182872,7,0.010454999999999999,9.564801530369515,9.021113243761993,-2.434,44.85294117647059,9.564801530369515,59.96013684172948,0,0,0,0,,False
FLOKI,2026-08-15T23:55:41.724Z,2026-08-15T23:55:41.724552Z,2026-08-16T01:55:41.724552Z,7463.342414,7,2.0295e-05,4.927322000491849,3.2337089661930447,0.89,53.6764705882353,4.927322000491849,64.89271472756893,4,3,1,0,0.0,False
HOLO,2026-08-15T23:55:55.584Z,2026-08-15T23:55:55.585329Z,2026-08-16T01:55:55.585329Z,7449.481637,7,0.061799999999999994,32.36245954692537,10.963455149501652,-7.527,50.73529411764706,32.36245954692537,54.35147145231041,0,0,0,0,,False
NXPC,2026-08-15T23:56:36.345Z,2026-08-15T23:56:36.345539Z,2026-08-16T01:56:36.345539Z,7408.721427,7,0.1938,20.63983488132154,10.376871450696958,7.135,51.470588235294116,20.63983488132154,73.5611930136558,0,0,0,0,,False
ONT,2026-08-15T23:56:43.196Z,2026-08-15T23:56:43.196289Z,2026-08-16T01:56:43.196289Z,7401.870677,7,0.036930000000000004,27.078256160302168,4.183535762483119,3.434,52.5735294117647,27.078256160302168,75.97427149808352,0,0,0,0,,False
ORCA,2026-08-15T23:56:57.411Z,2026-08-15T23:56:57.411977Z,2026-08-16T01:56:57.411977Z,7387.654989,7,1.0375,9.638554216868549,5.062082139446031,2.849,45.588235294117645,9.638554216868549,55.52051094821106,0,0,0,0,,False
DOGS,2026-08-16T00:05:02.108Z,2026-08-16T00:05:02.108519Z,2026-08-16T02:05:02.108519Z,7504.168617,7,3.4305e-05,8.745080891997674,3.518306636155607,2.492,28.676470588235293,8.745080891997674,54.59085600487253,0,0,0,0,,False
HAEDAL,2026-08-16T00:05:46.848Z,2026-08-16T00:05:46.848603Z,2026-08-16T02:05:46.848603Z,7459.428533,7,0.016605,30.111412225232137,10.42287075640261,2.566,30.147058823529413,30.111412225232137,55.31692369009907,1,1,0,0,1.0,False
IO,2026-08-16T00:06:02.952Z,2026-08-16T00:06:02.952596Z,2026-08-16T02:06:02.952596Z,7443.32454,7,0.1118,17.88908765653003,6.519823788546246,2.808,41.1764705882353,17.88908765653003,70.16573897453408,3,1,2,0,1.0,False
PIXEL,2026-08-16T00:06:41.264Z,2026-08-16T00:06:41.264701Z,2026-08-16T02:06:41.264701Z,7405.012435,7,0.005090000000000001,39.292730844793816,9.504132231404967,2.76,29.044117647058822,39.292730844793816,67.96377463501447,1,1,0,0,1.0,False
AIXBT,2026-08-16T00:13:26.377Z,2026-08-16T00:13:26.377504Z,2026-08-16T02:13:26.377504Z,7600.118668,7,0.017605,28.40102243680854,3.8248337028825006,2.617,14.705882352941176,28.40102243680854,53.29166733878108,0,0,0,0,,False
ALT,2026-08-16T00:13:33.435Z,2026-08-16T00:13:33.435272Z,2026-08-16T02:13:33.435272Z,7593.0609,7,0.005965,16.764459346185404,4.643449419568821,2.726,24.63235294117647,16.764459346185404,65.92981552691131,1,1,0,0,1.0,False
AT,2026-08-16T00:13:40.748Z,2026-08-16T00:13:40.748435Z,2026-08-16T02:13:40.748435Z,7585.747737,7,0.154,25.97402597402672,11.713520749665319,-6.45,25.0,25.97402597402672,50.7949417960576,2,2,0,0,0.0,False
F,2026-08-16T00:14:11.943Z,2026-08-16T00:14:11.943623Z,2026-08-16T02:14:11.943623Z,7554.552549,7,0.0027349999999999996,36.56307129798913,7.352941176470591,1.493,13.970588235294118,36.56307129798913,61.87982488065856,0,0,0,0,,False
FF,2026-08-16T00:14:19.636Z,2026-08-16T00:14:19.636957Z,2026-08-16T02:14:19.636957Z,7546.859215,7,0.06541,9.172909341080034,3.1482889733840342,2.255,22.794117647058822,9.172909341080034,55.87178988004596,0,0,0,0,,False
HMSTR,2026-08-16T00:14:39.571Z,2026-08-16T00:14:39.572088Z,2026-08-16T02:14:39.572088Z,7526.924084,7,0.00017375,28.776978417266886,5.293113261240757,-2.767,21.691176470588236,28.776978417266886,52.19332825858106,0,0,0,0,,False
MET,2026-08-16T00:15:39.703Z,2026-08-16T00:15:39.703357Z,2026-08-16T02:15:39.703357Z,7466.792815,7,0.16394999999999998,18.298261665141492,3.1765424557116737,0.429,15.073529411764707,18.298261665141492,66.32171106595555,0,0,0,0,,False
MINA,2026-08-16T00:15:46.718Z,2026-08-16T00:15:46.718706Z,2026-08-16T02:15:46.718706Z,7459.777466,7,0.039349999999999996,25.412960609910023,2.7638190954773787,2.314,25.36764705882353,25.412960609910023,57.75802645279281,1,1,0,0,-1.0,False
TNSR,2026-08-16T00:16:18.840Z,2026-08-16T00:16:18.840642Z,2026-08-16T02:16:18.840642Z,7427.65553,7,0.032049999999999995,31.201248049920732,3.086419753086423,0.0,16.91176470588235,31.201248049920732,47.34078045525619,4,3,0,1,0.0,False
1INCH,2026-08-16T00:22:46.806Z,2026-08-16T00:22:46.806324Z,2026-08-16T02:22:46.806324Z,7639.621995,7,0.08235,12.14329083181577,0.7272727272727313,-0.362,0.36764705882352944,12.14329083181577,39.8920782117744,0,0,0,0,,True
ANIME,2026-08-16T00:22:53.986Z,2026-08-16T00:22:53.986680Z,2026-08-16T02:22:53.986680Z,7632.441639,7,0.0024149999999999996,41.40786749482413,6.6115702479338845,0.833,7.720588235294118,41.40786749482413,59.439392939380895,0,0,0,0,,False
BARD,2026-08-16T00:23:07.336Z,2026-08-16T00:23:07.336617Z,2026-08-16T02:23:07.336617Z,7619.091702,7,0.1052,19.011406844107007,3.7950664136622425,0.861,6.985294117647059,19.011406844107007,63.46311952992192,0,0,0,0,,False
ENS,2026-08-16T00:23:46.698Z,2026-08-16T00:23:46.698719Z,2026-08-16T02:23:46.698719Z,7579.7296,7,4.025,24.844720496896084,1.2406947890818814,-0.983,11.764705882352942,24.844720496896084,50.52896687542385,0,0,0,0,,False
HYPER,2026-08-16T00:24:12.826Z,2026-08-16T00:24:12.826805Z,2026-08-16T02:24:12.826805Z,7553.601514,7,0.06355,15.735641227380468,2.3400936037441515,0.945,8.455882352941176,15.735641227380468,61.02652886748711,0,0,0,0,,False
2Z,2026-08-16T00:31:50.964Z,2026-08-16T00:31:50.964429Z,2026-08-16T02:31:50.964429Z,7695.280961,7,0.049215,14.223305902672074,8.57026807473599,-6.245,88.97058823529412,14.223305902672074,45.78550617245994,0,0,0,0,,False
ADA,2026-08-16T00:31:57.366Z,2026-08-16T00:31:57.366556Z,2026-08-16T02:31:57.366556Z,7688.878834,7,0.17675000000000002,5.657708628006604,3.3408833522083894,-1.78,91.91176470588235,5.657708628006604,66.2299247587843,16,10,5,1,0.8125,False
APT,2026-08-16T00:32:06.170Z,2026-08-16T00:32:06.170614Z,2026-08-16T02:32:06.170614Z,7680.074776,7,0.5325,18.77934272300471,2.044609665427511,-0.555,89.70588235294117,18.77934272300471,60.604010569867555,0,0,0,0,,False
BCH,2026-08-16T00:32:17.424Z,2026-08-16T00:32:17.424778Z,2026-08-16T02:32:17.424778Z,7668.820612,7,203.55,4.912797838368671,2.0679468242245282,-0.782,93.01470588235294,4.912797838368671,59.5373273798861,1,0,1,0,1.0,False
COW,2026-08-16T00:32:25.705Z,2026-08-16T00:32:25.705549Z,2026-08-16T02:32:25.705549Z,7660.539841,7,0.1231,97.48172217709234,64.6808510638298,37.965,95.95588235294117,97.48172217709234,57.23014043291455,17,9,0,8,-0.5294,False
DOGE,2026-08-16T00:32:32.444Z,2026-08-16T00:32:32.445907Z,2026-08-16T02:32:32.445907Z,7653.799483,7,0.06981499999999999,1.4323569433497279,1.4805232140290399,-0.586,87.5,1.4323569433497279,45.15353398673877,19,11,6,2,0.6842,False
ENSO,2026-08-16T00:32:43.301Z,2026-08-16T00:32:43.301541Z,2026-08-16T02:32:43.301541Z,7642.943849,7,0.8285,12.07000603500303,21.301775147929,15.595,88.6029411764706,12.07000603500303,68.51818330304252,0,0,0,0,,False
NIL,2026-08-16T00:33:29.428Z,2026-08-16T00:33:29.433141Z,2026-08-16T02:33:29.433141Z,7596.812249,7,0.04594,17.414018284718487,23.05688232739904,-0.497,89.33823529411765,17.414018284718487,56.51292144261674,3,2,1,0,0.6667,False
PEPE,2026-08-16T00:33:36.332Z,2026-08-16T00:33:36.332991Z,2026-08-16T02:33:36.332991Z,7589.912399,7,2.605e-06,38.38771593090174,2.6717557251908466,-1.504,86.76470588235294,38.38771593090174,55.98545076793039,37,35,0,2,0.8919,False
WAL,2026-08-16T00:34:27.288Z,2026-08-16T00:34:27.289025Z,2026-08-16T02:34:27.289025Z,7538.956365,7,0.025500000000000002,78.4313725490205,34.944237918215606,29.327,94.11764705882354,78.4313725490205,65.04973962143063,4,0,0,4,-1.0,False
WLD,2026-08-16T00:34:33.981Z,2026-08-16T00:34:33.981858Z,2026-08-16T02:34:33.981858Z,7532.263532,7,0.3519,5.683432793406593,4.6451240623196774,0.961,90.80882352941177,5.683432793406593,60.95227318803744,2,2,0,0,1.0,False
XLM,2026-08-16T00:34:40.185Z,2026-08-16T00:34:40.185858Z,2026-08-16T02:34:40.185858Z,7526.059532,7,0.15685,6.375518010839448,1.3324873096446643,-0.19,87.86764705882354,6.375518010839448,65.15598967651967,3,2,1,0,1.0,False
XPL,2026-08-16T00:34:45.877Z,2026-08-16T00:34:45.877733Z,2026-08-16T02:34:45.877733Z,7520.367657,7,0.07616,5.2521008403359195,4.217185028993158,-1.326,85.66176470588235,5.2521008403359195,56.70756260285485,0,0,0,0,,False
ALLO,2026-08-16T00:40:38.300Z,2026-08-16T00:40:38.301067Z,2026-08-16T02:40:38.301067Z,7768.220096,7,0.26285000000000003,3.8044512079149513,4.370761115297663,-0.226,80.1470588235294,3.8044512079149513,61.09378920327788,0,0,0,0,,False
ARB,2026-08-16T00:40:46.142Z,2026-08-16T00:40:46.142562Z,2026-08-16T02:40:46.142562Z,7760.378601,7,0.07275000000000001,13.745704467354344,3.988995873452544,-2.547,78.67647058823529,13.745704467354344,58.364356312588036,8,2,5,1,0.375,False
ATOM,2026-08-16T00:40:52.202Z,2026-08-16T00:40:52.202222Z,2026-08-16T02:40:52.202222Z,7754.318941,7,1.4855,6.731740154829282,3.1228784792939606,-1.931,79.41176470588235,6.731740154829282,53.65735550608616,11,4,6,1,0.2727,False
BANK,2026-08-16T00:40:59.667Z,2026-08-16T00:40:59.668260Z,2026-08-16T02:40:59.668260Z,7746.852903,7,0.03635,27.510316368639028,7.0460704607046205,-3.906,77.20588235294117,27.510316368639028,56.14053084588434,2,0,2,0,1.0,False
BMT,2026-08-16T00:41:05.791Z,2026-08-16T00:41:05.792237Z,2026-08-16T02:41:05.792237Z,7740.728926,7,0.014615,6.842285323297703,38.59649122807017,-4.449,84.19117647058823,6.842285323297703,44.99992523984569,2,1,0,1,0.0,False
BOME,2026-08-16T00:41:11.754Z,2026-08-16T00:41:11.755047Z,2026-08-16T02:41:11.755047Z,7734.766116,7,0.00084825,15.325670498084023,21.84390360868001,5.356,75.36764705882354,15.325670498084023,60.406563867367346,4,2,2,0,0.5,False
CRV,2026-08-16T00:41:23.024Z,2026-08-16T00:41:23.024227Z,2026-08-16T02:41:23.024227Z,7723.496936,7,0.24105,4.148516905207083,2.537437603993342,0.46,82.3529411764706,4.148516905207083,58.86386115455932,3,2,0,1,0.3333,False
DOT,2026-08-16T00:41:30.860Z,2026-08-16T00:41:30.861211Z,2026-08-16T02:41:30.861211Z,7715.659952,7,0.7575000000000001,13.201320132013212,3.4210526315789505,-0.524,83.82352941176471,13.201320132013212,51.5553499714128,8,4,2,2,0.75,False
FDUSD,2026-08-16T00:41:50.682Z,2026-08-16T00:41:50.683050Z,2026-08-16T02:41:50.683050Z,7695.838113,7,0.99695,1.0030593309593157,0.020062192797670575,-0.01,82.72058823529412,1.0030593309593157,62.3176216490444,0,0,0,0,,
GRAM,2026-08-16T00:41:56.478Z,2026-08-16T00:41:56.478651Z,2026-08-16T02:41:56.478651Z,7690.042512,7,1.3405,7.459903021259902,2.309985096870353,0.524,80.88235294117646,7.459903021259902,59.80754313857685,4,3,0,1,1.0,False
HBAR,2026-08-16T00:42:02.136Z,2026-08-16T00:42:02.136987Z,2026-08-16T02:42:02.136987Z,7684.384176,7,0.06503500000000001,1.5376335819168327,1.6360856269113173,-0.759,76.47058823529412,1.5376335819168327,48.261526979580346,6,3,3,0,0.0,False
HUMA,2026-08-16T00:42:21.180Z,2026-08-16T00:42:21.180822Z,2026-08-16T02:42:21.180822Z,7665.340341,7,0.020345000000000002,14.745637748832035,14.320625610948202,7.233,72.05882352941177,14.745637748832035,74.64906641277193,0,0,0,0,,False
INJ,2026-08-16T00:42:28.719Z,2026-08-16T00:42:28.719506Z,2026-08-16T02:42:28.719506Z,7657.801657,7,4.161,4.806536890170103,4.312604241124614,-1.825,81.25,4.806536890170103,58.01057032427204,6,4,1,1,0.6667,False
JTO,2026-08-16T00:42:36.298Z,2026-08-16T00:42:36.298415Z,2026-08-16T02:42:36.298415Z,7650.222748,7,0.58055,5.1675135647225385,6.509385224728765,1.468,75.73529411764706,5.1675135647225385,66.18586207775193,1,0,0,1,-1.0,False
JUP,2026-08-16T00:42:43.259Z,2026-08-16T00:42:43.259408Z,2026-08-16T02:42:43.259408Z,7643.261755,7,0.16605,6.0222824450460095,2.7092113184828444,-1.658,71.69117647058823,6.0222824450460095,56.99603589994155,6,1,4,1,0.8333,False
KAITO,2026-08-16T00:42:49.517Z,2026-08-16T00:42:49.517724Z,2026-08-16T02:42:49.517724Z,7637.003439,7,0.35124999999999995,14.234875444839872,11.528221512247073,-7.851,78.30882352941177,14.234875444839872,56.84276214689777,1,1,0,0,-1.0,False
ONDO,2026-08-16T00:42:55.487Z,2026-08-16T00:42:55.488086Z,2026-08-16T02:42:55.488086Z,7631.033077,7,0.32465,3.0802402587398428,2.5300833076211,-1.459,74.26470588235294,3.0802402587398428,62.066231450054254,0,0,0,0,,False
OP,2026-08-16T00:43:00.758Z,2026-08-16T00:43:00.759074Z,2026-08-16T02:43:00.759074Z,7625.762089,7,0.08505,11.757789535566019,3.6427732079905897,-1.505,79.04411764705883,11.757789535566019,58.88895021968408,1,1,0,0,1.0,False
PAXG,2026-08-16T00:43:06.780Z,2026-08-16T00:43:06.781014Z,2026-08-16T02:43:06.781014Z,7619.740149,7,4373.885,0.022862969648763692,0.16707463962387614,-0.058,73.16176470588235,0.022862969648763692,72.72705273266116,0,0,0,0,,False
PENGU,2026-08-16T00:43:12.200Z,2026-08-16T00:43:12.201210Z,2026-08-16T02:43:12.201210Z,7614.319953,7,0.006004499999999999,4.996252810392869,2.829089698785156,-1.653,84.92647058823529,4.996252810392869,58.460729922079956,2,2,0,0,0.0,False
POL,2026-08-16T00:43:20.843Z,2026-08-16T00:43:20.843993Z,2026-08-16T02:43:20.843993Z,7605.67717,7,0.07489499999999999,1.3352026169966118,1.3290802764486986,0.027,73.52941176470588,1.3352026169966118,51.45862601854051,9,5,4,0,0.7778,False
RED,2026-08-16T00:43:31.626Z,2026-08-16T00:43:31.627199Z,2026-08-16T02:43:31.627199Z,7594.893964,7,0.0881,22.701475595914385,35.13812154696134,3.547,77.94117647058823,22.701475595914385,50.580977488711156,3,0,1,2,-0.3333,False
RENDER,2026-08-16T00:43:39.196Z,2026-08-16T00:43:39.196742Z,2026-08-16T02:43:39.196742Z,7587.324421,7,1.2545,7.971303308089995,1.743264659271,-0.473,73.8970588235294,7.971303308089995,50.36930634370764,0,0,0,0,,False
SHIB,2026-08-16T00:43:45.570Z,2026-08-16T00:43:45.571263Z,2026-08-16T02:43:45.571263Z,7580.9499,7,4.495e-06,22.246941045606018,2.876106194690257,-1.739,76.83823529411765,22.246941045606018,58.193261813936935,9,3,5,1,0.7778,False
SYRUP,2026-08-16T00:43:50.744Z,2026-08-16T00:43:50.745070Z,2026-08-16T02:43:50.745070Z,7575.776093,7,0.15865,6.303183107470327,8.473520249221183,5.039,84.55882352941177,6.303183107470327,66.23527207964317,1,1,0,0,1.0,False
TAO,2026-08-16T00:43:58.702Z,2026-08-16T00:43:58.702711Z,2026-08-16T02:43:58.702711Z,7567.818452,7,196.64999999999998,5.08517670989038,2.5954198473282415,-1.405,85.29411764705883,5.08517670989038,36.71362740292911,12,8,3,1,0.6667,False
TRUMP,2026-08-16T00:44:06.237Z,2026-08-16T00:44:06.238602Z,2026-08-16T02:44:06.238602Z,7560.282561,7,1.3935,7.176175098671617,2.767920511000704,-2.017,76.1029411764706,7.176175098671617,50.39565623932787,19,16,1,2,0.8947,False
ZRO,2026-08-16T00:44:15.629Z,2026-08-16T00:44:15.629638Z,2026-08-16T02:44:15.629638Z,7550.891525,7,0.7715000000000001,12.961762799740775,3.6036036036036063,-1.77,81.61764705882354,12.961762799740775,63.883321667863214,0,0,0,0,,False
AVNT,2026-08-16T00:50:15.597Z,2026-08-16T00:50:15.597940Z,2026-08-16T02:50:15.597940Z,7791.827341,7,0.10205,9.799118079373136,12.562313060817548,-4.202,70.58823529411765,9.799118079373136,63.08391100982576,2,0,1,1,0.0,False
BANANAS31,2026-08-16T00:50:21.963Z,2026-08-16T00:50:21.963575Z,2026-08-16T02:50:21.963575Z,7785.461706,7,0.0086135,5.804841237591915,6.952491309385861,0.442,62.13235294117647,5.804841237591915,57.31952002351069,0,0,0,0,,False
BONK,2026-08-16T00:50:30.028Z,2026-08-16T00:50:30.028899Z,2026-08-16T02:50:30.028899Z,7777.396382,7,2.335e-06,42.82655246252635,3.433476394849789,-2.51,58.455882352941174,42.82655246252635,57.58930096041254,0,0,0,0,,False
CHZ,2026-08-16T00:50:37.403Z,2026-08-16T00:50:37.403869Z,2026-08-16T02:50:37.403869Z,7770.021412,7,0.012455,8.028904054597612,1.7599999999999976,-0.636,59.55882352941177,8.028904054597612,62.35914909630407,2,2,0,0,1.0,False
COOKIE,2026-08-16T00:50:42.574Z,2026-08-16T00:50:42.574190Z,2026-08-16T02:50:42.574190Z,7764.851091,7,0.01115,89.68609865470798,14.03508771929825,-8.065,59.9264705882353,89.68609865470798,48.20626083461762,0,0,0,0,,False
DOLO,2026-08-16T00:50:48.682Z,2026-08-16T00:50:48.682496Z,2026-08-16T02:50:48.682496Z,7758.742785,7,0.023579999999999997,33.92705682782028,23.698384201077197,-5.713,57.720588235294116,33.92705682782028,67.71135247041236,0,0,0,0,,False
DYDX,2026-08-16T00:50:55.820Z,2026-08-16T00:50:55.820574Z,2026-08-16T02:50:55.820574Z,7751.604707,7,0.10916999999999999,10.99203077768573,2.0267199854585076,-0.055,70.22058823529412,10.99203077768573,62.50356202589205,0,0,0,0,,False
GIGGLE,2026-08-16T00:51:21.482Z,2026-08-16T00:51:21.482917Z,2026-08-16T02:51:21.482917Z,7725.942364,7,30.384999999999998,9.873292743129038,8.344283837056501,-4.905,68.38235294117646,9.873292743129038,44.81211144274167,0,0,0,0,,False
KITE,2026-08-16T00:51:29.387Z,2026-08-16T00:51:29.387372Z,2026-08-16T02:51:29.387372Z,7718.037909,7,0.09475,10.55408970976137,2.7168234064785843,0.0,59.19117647058823,10.55408970976137,60.429355315972586,0,0,0,0,,False
ORDI,2026-08-16T00:52:01.175Z,2026-08-16T00:52:01.175581Z,2026-08-16T02:52:01.175581Z,7686.2497,7,3.4050000000000002,11.747430249632904,3.220140515222479,-0.292,60.294117647058826,11.747430249632904,65.77988670257419,5,1,3,1,0.2,False
SAPIEN,2026-08-16T00:52:22.666Z,2026-08-16T00:52:22.667157Z,2026-08-16T02:52:22.667157Z,7664.758124,7,0.07725,12.944983818768799,3.7323037323037314,1.304,64.33823529411765,12.944983818768799,60.17506011879822,0,0,0,0,,False
SEI,2026-08-16T00:52:30.626Z,2026-08-16T00:52:30.626404Z,2026-08-16T02:52:30.626404Z,7656.798877,7,0.039790000000000006,5.026388539833924,2.0403022670025144,-1.391,61.76470588235294,5.026388539833924,61.48677617007096,1,1,0,0,1.0,False
THE,2026-08-16T00:52:47.875Z,2026-08-16T00:52:47.875466Z,2026-08-16T02:52:47.875466Z,7639.549815,7,0.06025,16.59751037344446,9.40032414910858,3.35,62.86764705882353,16.59751037344446,60.060334124350696,7,4,0,3,0.0,False
TIA,2026-08-16T00:52:53.166Z,2026-08-16T00:52:53.166383Z,2026-08-16T02:52:53.166383Z,7634.258898,7,0.2998,6.671114076049966,4.125083166999342,-2.339,56.61764705882353,6.671114076049966,45.429057355155585,3,2,1,0,0.0,False
TST,2026-08-16T00:53:06.136Z,2026-08-16T00:53:06.136641Z,2026-08-16T02:53:06.136641Z,7621.28864,7,0.013614999999999999,22.034520749174085,11.923349893541525,-3.823,67.27941176470588,22.034520749174085,55.88129849335312,1,0,0,1,-1.0,False
XTZ,2026-08-16T00:53:36.664Z,2026-08-16T00:53:36.664724Z,2026-08-16T02:53:36.664724Z,7590.760557,7,0.1971,20.294266869609917,3.6235530951182606,1.12,65.07352941176471,20.294266869609917,58.25699606927897,3,1,2,0,0.3333,False
ZBT,2026-08-16T00:53:42.170Z,2026-08-16T00:53:42.171099Z,2026-08-16T02:53:42.171099Z,7585.254182,7,0.08474999999999999,11.799410029498864,9.433962264150935,-6.402,56.25,11.799410029498864,58.99128188207348,0,0,0,0,,False
ZEN,2026-08-16T00:53:50.685Z,2026-08-16T00:53:50.685426Z,2026-08-16T02:53:50.685426Z,7576.739855,7,3.989,10.027575833542251,1.9769769769769814,-1.114,61.39705882352941,10.027575833542251,65.15935658675382,0,0,0,0,,False
APE,2026-08-16T00:59:32.106Z,2026-08-16T00:59:32.106363Z,2026-08-16T02:59:32.106363Z,7235.318918,7,0.12405,8.061265618702368,1.5422077922077913,-0.645,53.6764705882353,8.061265618702368,62.99907642518243,0,0,0,0,,False
BB,2026-08-16T00:59:47.308Z,2026-08-16T00:59:47.309106Z,2026-08-16T02:59:47.309106Z,7220.116175,7,0.01132,17.667844522967478,9.790209790209785,-7.218,55.14705882352941,17.667844522967478,57.11720821851985,1,0,0,1,-1.0,False
BERA,2026-08-16T00:59:52.925Z,2026-08-16T00:59:52.925632Z,2026-08-16T02:59:52.925632Z,7214.499649,7,0.14675,20.44293015332162,6.752194463200547,4.517,52.205882352941174,20.44293015332162,66.76425405086101,0,0,0,0,,False
CFX,2026-08-16T01:00:22.286Z,2026-08-16T01:00:22.286559Z,2026-08-16T03:00:22.286559Z,7785.330879,7,0.042300000000000004,4.728132387706663,2.3184291459664106,-0.984,50.0,4.728132387706663,50.79026017809642,0,0,0,0,,False
ERA,2026-08-16T01:00:32.295Z,2026-08-16T01:00:32.296116Z,2026-08-16T03:00:32.296116Z,7775.321322,7,0.05975,16.736401673639484,4.470198675496679,-0.494,55.88235294117647,16.736401673639484,64.63106873526361,4,4,0,0,1.0,False
GALA,2026-08-16T01:00:45.744Z,2026-08-16T01:00:45.744612Z,2026-08-16T03:00:45.744612Z,7761.872826,7,0.0016495,6.062443164594822,3.1765424557116653,-2.443,52.94117647058823,6.062443164594822,41.92694466484307,0,0,0,0,,False
LINEA,2026-08-16T01:00:55.626Z,2026-08-16T01:00:55.627198Z,2026-08-16T03:00:55.627198Z,7751.99024,7,0.0021705,4.607233356370111,6.315789473684215,2.92,46.69117647058823,4.607233356370111,74.1400881107801,0,0,0,0,,False
MIRA,2026-08-16T01:01:02.497Z,2026-08-16T01:01:02.497842Z,2026-08-16T03:01:02.497842Z,7745.119596,7,0.039150000000000004,25.542784163472774,3.7783375314861494,1.795,41.911764705882355,25.542784163472774,62.00560896107485,0,0,0,0,,False
MORPHO,2026-08-16T01:01:08.416Z,2026-08-16T01:01:08.416556Z,2026-08-16T03:01:08.416556Z,7739.200882,7,1.9625,5.095541401274456,1.4818599897802716,0.721,49.63235294117647,5.095541401274456,54.13703479539638,0,0,0,0,,False
MUBARAK,2026-08-16T01:01:16.203Z,2026-08-16T01:01:16.203786Z,2026-08-16T03:01:16.203786Z,7731.413652,7,0.015519999999999999,12.886597938144924,10.772104607721039,-4.632,44.48529411764706,12.886597938144924,31.12128400046704,0,0,0,0,,False
NEIRO,2026-08-16T01:01:21.356Z,2026-08-16T01:01:21.356844Z,2026-08-16T03:01:21.356844Z,7726.260594,7,6.500000000000001e-05,12.30769230769219,6.37743369615208,-0.031,54.779411764705884,12.30769230769219,43.239360275664716,6,6,0,0,1.0,False
NEO,2026-08-16T01:01:28.828Z,2026-08-16T01:01:28.828544Z,2026-08-16T03:01:28.828544Z,7718.788894,7,1.6775,5.96125186289055,1.4319809069212424,-1.004,42.64705882352941,5.96125186289055,58.70127094596367,2,1,1,0,1.0,False
NOM,2026-08-16T01:01:36.251Z,2026-08-16T01:01:36.252027Z,2026-08-16T03:01:36.252027Z,7711.365411,7,0.001655,60.42296072507568,12.727272727272734,7.143,47.05882352941177,60.42296072507568,68.50974593879246,0,0,0,0,,False
RAY,2026-08-16T01:02:15.654Z,2026-08-16T01:02:15.656075Z,2026-08-16T03:02:15.656075Z,7671.961363,7,0.6216999999999999,9.650957053241838,2.0621878524246693,-1.084,43.01470588235294,9.650957053241838,64.69159828417804,19,3,16,0,0.5789,False
RESOLV,2026-08-16T01:02:21.128Z,2026-08-16T01:02:21.128396Z,2026-08-16T03:02:21.128396Z,7666.489042,7,0.017365,5.758710048948801,4.569420035149382,-0.524,42.279411764705884,5.758710048948801,55.799350296603414,0,0,0,0,,False
SAGA,2026-08-16T01:02:33.449Z,2026-08-16T01:02:33.449552Z,2026-08-16T03:02:33.449552Z,7654.167886,7,0.012975,7.707129094412017,5.17774343122101,-2.192,54.411764705882355,7.707129094412017,44.13744332104011,1,1,0,0,1.0,False
SAHARA,2026-08-16T01:02:39.618Z,2026-08-16T01:02:39.618609Z,2026-08-16T03:02:39.618609Z,7647.998829,7,0.007745,12.911555842478494,3.1969309462915625,-0.635,43.38235294117647,12.911555842478494,57.60814234836645,0,0,0,0,,False
SAND,2026-08-16T01:02:46.950Z,2026-08-16T01:02:46.950221Z,2026-08-16T03:02:46.950221Z,7640.667217,7,0.039959999999999996,5.005005005004801,1.7193426042983566,-1.347,45.955882352941174,5.005005005004801,61.499320725759894,0,0,0,0,,False
SOPH,2026-08-16T01:03:01.304Z,2026-08-16T01:03:01.304569Z,2026-08-16T03:03:01.304569Z,7626.312869,7,0.0036249999999999998,27.5862068965518,10.326086956521742,6.052,47.794117647058826,27.5862068965518,72.3804770747595,0,0,0,0,,False
THETA,2026-08-16T01:03:07.762Z,2026-08-16T01:03:07.762507Z,2026-08-16T03:03:07.762507Z,7619.854931,7,0.13824999999999998,7.233273056059078,7.318840579710143,0.0,48.161764705882355,7.233273056059078,51.24748476593128,0,0,0,0,,False
TLM,2026-08-16T01:03:15.536Z,2026-08-16T01:03:15.536601Z,2026-08-16T03:03:15.536601Z,7612.080837,7,0.001557,12.845215157352804,4.804045512010121,-2.706,47.4264705882353,12.845215157352804,36.22335916367268,0,0,0,0,,False
USDE,2026-08-16T01:03:21.252Z,2026-08-16T01:03:21.252775Z,2026-08-16T03:03:21.252775Z,7606.364663,7,0.99995,1.000050002500015,0.0200020002000178,-0.01,45.220588235294116,1.000050002500015,50.08068024260493,2,1,1,0,1.0,False
WCT,2026-08-16T01:03:27.428Z,2026-08-16T01:03:27.429251Z,2026-08-16T03:03:27.429251Z,7600.188187,7,0.03425,11.67883211678987,10.149942329873133,1.611,44.85294117647059,11.67883211678987,65.24099513381145,0,0,0,0,,False
ZK,2026-08-16T01:03:35.459Z,2026-08-16T01:03:35.459731Z,2026-08-16T03:03:35.459731Z,7592.157707,7,0.0075049999999999995,13.324450366423,2.553763440860216,-0.535,45.588235294117645,13.324450366423,66.53981826628002,6,6,0,0,0.3333,False
DYM,2026-08-16T01:10:13.430Z,2026-08-16T01:10:13.431420Z,2026-08-16T03:10:13.431420Z,7792.060851,7,0.01482,26.990553306342854,4.1863605671843285,1.857,26.83823529411765,26.990553306342854,51.75107934646803,0,0,0,0,,False
EGLD,2026-08-16T01:10:20.270Z,2026-08-16T01:10:20.270738Z,2026-08-16T03:10:20.270738Z,7785.221533,7,2.625,38.095238095237285,3.0534351145038197,-2.239,40.80882352941177,38.095238095237285,55.88515119865715,2,1,1,0,0.0,False
EUL,2026-08-16T01:10:27.477Z,2026-08-16T01:10:27.477601Z,2026-08-16T03:10:27.477601Z,7778.01467,7,1.1230000000000002,17.80943900267143,7.261592300962376,-5.145,36.029411764705884,17.80943900267143,55.55777121407373,0,0,0,0,,False
GPS,2026-08-16T01:10:36.647Z,2026-08-16T01:10:36.648026Z,2026-08-16T03:10:36.648026Z,7768.844245,7,0.01066,18.761726078800113,7.386363636363631,1.636,41.1764705882353,18.761726078800113,70.3738603545204,0,0,0,0,,False
GRT,2026-08-16T01:10:45.272Z,2026-08-16T01:10:45.272827Z,2026-08-16T03:10:45.272827Z,7760.219444,7,0.013495,7.410151908113815,2.3703703703703636,-0.222,33.088235294117645,7.410151908113815,48.80558828767467,0,0,0,0,,False
GUN,2026-08-16T01:10:51.987Z,2026-08-16T01:10:51.987927Z,2026-08-16T03:10:51.987927Z,7753.504344,7,0.0029649999999999998,33.72681281618896,14.3344709897611,-12.537,36.39705882352941,33.72681281618896,38.272568311964775,1,1,0,0,1.0,False
INIT,2026-08-16T01:11:05.176Z,2026-08-16T01:11:05.176644Z,2026-08-16T03:11:05.176644Z,7740.315627,7,0.051949999999999996,19.249278152068513,3.1067961165048628,0.98,27.941176470588236,19.249278152068513,64.95306417721689,0,0,0,0,,False
KMNO,2026-08-16T01:11:21.385Z,2026-08-16T01:11:21.385241Z,2026-08-16T03:11:21.385241Z,7724.10703,7,0.018005,5.554012774231081,2.5952512424074996,-0.604,36.76470588235294,5.554012774231081,38.33791636063704,2,0,2,0,1.0,False
MANTA,2026-08-16T01:11:31.570Z,2026-08-16T01:11:31.570662Z,2026-08-16T03:11:31.570662Z,7713.921609,7,0.057005,12.279624594333939,3.773913043478258,1.932,38.970588235294116,12.279624594333939,54.21337704737151,0,0,0,0,,False
OPEN,2026-08-16T01:11:36.863Z,2026-08-16T01:11:36.863463Z,2026-08-16T03:11:36.863463Z,7708.628808,7,0.1754,11.402508551880159,8.239277652370204,-4.061,33.8235294117647,11.402508551880159,31.850483757511533,1,0,1,0,1.0,False
PNUT,2026-08-16T01:11:48.243Z,2026-08-16T01:11:48.244071Z,2026-08-16T03:11:48.244071Z,7697.2482,7,0.04105,24.360535931789506,6.372549019607838,-0.488,34.19117647058823,24.360535931789506,32.20776461515931,3,0,2,1,0.3333,False
PYTH,2026-08-16T01:11:55.217Z,2026-08-16T01:11:55.218416Z,2026-08-16T03:11:55.218416Z,7690.273855,7,0.03909,10.23279611153706,3.11629085381301,0.407,40.0735294117647,10.23279611153706,50.80054657140212,0,0,0,0,,False
RSR,2026-08-16T01:12:02.067Z,2026-08-16T01:12:02.067871Z,2026-08-16T03:12:02.067871Z,7683.4244,7,0.0011554999999999998,8.654262224144665,1.650738488271062,0.7,37.5,8.654262224144665,66.30059428805943,0,0,0,0,,False
SOLV,2026-08-16T01:12:09.753Z,2026-08-16T01:12:09.754034Z,2026-08-16T03:12:09.754034Z,7675.738237,7,0.002295,43.57298474945544,6.607929515418501,3.653,35.294117647058826,43.57298474945544,62.23809722340854,2,0,0,2,1.0,False
SPK,2026-08-16T01:12:16.830Z,2026-08-16T01:12:16.831120Z,2026-08-16T03:12:16.831120Z,7668.661151,7,0.014256499999999998,13.327254234910338,3.200619020821601,0.211,32.720588235294116,13.327254234910338,48.52641247007697,0,0,0,0,,False
STO,2026-08-16T01:12:23.625Z,2026-08-16T01:12:23.625598Z,2026-08-16T03:12:23.625598Z,7661.866673,7,0.03855,25.940337224384656,7.291666666666677,-0.26,31.985294117647058,25.940337224384656,41.274944891863356,0,0,0,0,,False
STX,2026-08-16T01:12:30.119Z,2026-08-16T01:12:30.119552Z,2026-08-16T03:12:30.119552Z,7655.372719,7,0.12240000000000001,16.339869281045083,2.7093596059113394,-0.409,38.60294117647059,16.339869281045083,60.9682776229243,4,3,1,0,1.0,False
TOWNS,2026-08-16T01:12:37.268Z,2026-08-16T01:12:37.268563Z,2026-08-16T03:12:37.268563Z,7648.223708,7,0.0022250000000000004,44.94382022471921,4.545454545454537,2.326,34.55882352941177,44.94382022471921,52.68096818962364,0,0,0,0,,False
TRB,2026-08-16T01:12:42.867Z,2026-08-16T01:12:42.868011Z,2026-08-16T03:12:42.868011Z,7642.62426,7,13.105,7.630675314765194,1.9127773527161436,-1.803,38.23529411764706,7.630675314765194,54.39855388968337,0,0,0,0,,False
YGG,2026-08-16T01:13:00.748Z,2026-08-16T01:13:00.748435Z,2026-08-16T03:13:00.748435Z,7624.743836,7,0.019985,45.033775331498525,5.405405405405411,-2.584,29.779411764705884,45.033775331498525,62.391047160935294,0,0,0,0,,False
ZKC,2026-08-16T01:13:07.949Z,2026-08-16T01:13:07.949918Z,2026-08-16T03:13:07.949918Z,7617.542353,7,0.03765,26.560424966798383,3.1746031746031735,1.07,39.705882352941174,26.560424966798383,49.633249155507556,0,0,0,0,,False
1000CAT,2026-08-16T01:18:41.235Z,2026-08-16T01:18:41.236004Z,2026-08-16T03:18:41.236004Z,7284.256267,7,0.001665,60.060060060060216,3.5928143712574814,0.0,20.955882352941178,60.060060060060216,57.6472799983011,0,0,0,0,,False
1MBABYDOGE,2026-08-16T01:18:49.051Z,2026-08-16T01:18:49.051599Z,2026-08-16T03:18:49.051599Z,7276.440672,7,0.0003248,18.472906403941337,1.7479300827966806,-0.184,20.220588235294116,18.472906403941337,44.04151909926098,0,0,0,0,,
ACT,2026-08-16T01:18:56.540Z,2026-08-16T01:18:56.540237Z,2026-08-16T03:18:56.540237Z,7268.952034,7,0.009930000000000001,40.28197381671713,6.899999999999997,-0.1,13.235294117647058,40.28197381671713,47.95534415312162,0,0,0,0,,False
C,2026-08-16T01:19:27.384Z,2026-08-16T01:19:27.384748Z,2026-08-16T03:19:27.384748Z,7238.107523,7,0.06825,14.65201465201507,8.245877061469272,1.988,26.102941176470587,14.65201465201507,67.3673320792082,0,0,0,0,,False
CVX,2026-08-16T01:19:41.048Z,2026-08-16T01:19:41.049199Z,2026-08-16T03:19:41.049199Z,7224.443072,7,1.573,50.85823267641454,3.594351732991017,-0.064,22.794117647058822,50.85823267641454,43.135318773216156,2,1,1,0,1.0,False
ENJ,2026-08-16T01:19:55.560Z,2026-08-16T01:19:55.561114Z,2026-08-16T03:19:55.561114Z,7209.931157,7,0.02404,24.958402662230046,3.130217028380637,-2.957,26.470588235294116,24.958402662230046,37.24005954826299,4,3,1,0,0.5,False
ILV,2026-08-16T01:20:38.230Z,2026-08-16T01:20:38.230670Z,2026-08-16T03:20:38.230670Z,7767.29178,7,3.09,64.7249190938512,9.666666666666668,-5.66,25.735294117647058,64.7249190938512,41.25585363312575,0,0,0,0,,False
IMX,2026-08-16T01:20:43.103Z,2026-08-16T01:20:43.104156Z,2026-08-16T03:20:43.104156Z,7762.418294,7,0.10825,9.237875288682586,2.481617647058818,0.0,25.36764705882353,9.237875288682586,66.2749133666871,2,1,1,0,0.0,False
IOTA,2026-08-16T01:20:50.688Z,2026-08-16T01:20:50.688915Z,2026-08-16T03:20:50.688915Z,7754.833535,7,0.03245,30.816640986133393,1.846153846153835,-1.515,14.705882352941176,30.816640986133393,50.92375652763211,1,1,0,0,-1.0,False
KAIA,2026-08-16T01:20:57.737Z,2026-08-16T01:20:57.737370Z,2026-08-16T03:20:57.737370Z,7747.78508,7,0.02435,41.067761806982695,4.508196721311476,-3.557,16.91176470588235,41.067761806982695,53.306840887339625,1,1,0,0,1.0,False
KERNEL,2026-08-16T01:21:05.594Z,2026-08-16T01:21:05.595344Z,2026-08-16T03:21:05.595344Z,7739.927106,7,0.03325,30.075187969925672,3.293413173652706,1.212,14.338235294117647,30.075187969925672,66.33757120310298,0,0,0,0,,False
LA,2026-08-16T01:21:13.063Z,2026-08-16T01:21:13.063614Z,2026-08-16T03:21:13.063614Z,7732.458836,7,0.04875,20.512820512821097,3.238866396761142,-2.372,18.38235294117647,20.512820512821097,42.4789415035135,0,0,0,0,,False
LISTA,2026-08-16T01:21:20.671Z,2026-08-16T01:21:20.671397Z,2026-08-16T03:21:20.671397Z,7724.851053,7,0.0566,35.335689045936185,10.526315789473681,1.604,21.323529411764707,35.335689045936185,63.842398891903905,0,0,0,0,,False
MEME,2026-08-16T01:21:33.983Z,2026-08-16T01:21:33.983512Z,2026-08-16T03:21:33.983512Z,7711.538938,7,0.0004795,20.855057351408224,4.583333333333331,-0.826,18.014705882352942,20.855057351408224,43.38757635757352,48,31,10,7,0.7917,False
OSMO,2026-08-16T01:21:59.780Z,2026-08-16T01:21:59.780999Z,2026-08-16T03:21:59.780999Z,7685.741451,7,0.03025,33.05785123966922,2.980132450331131,0.0,22.058823529411764,33.05785123966922,62.37127456446525,0,0,0,0,,False
PARTI,2026-08-16T01:22:08.292Z,2026-08-16T01:22:08.292798Z,2026-08-16T03:22:08.292798Z,7677.229652,7,0.022350000000000002,44.74272930648742,5.777777777777774,0.897,23.897058823529413,44.74272930648742,57.12651371562475,0,0,0,0,,False
PROVE,2026-08-16T01:22:15.591Z,2026-08-16T01:22:15.592347Z,2026-08-16T03:22:15.592347Z,7669.930103,7,0.15225,19.7044334975366,9.043250327654,4.808,23.16176470588235,19.7044334975366,70.58013933767103,0,0,0,0,,False
SNX,2026-08-16T01:22:23.199Z,2026-08-16T01:22:23.200306Z,2026-08-16T03:22:23.200306Z,7662.322144,7,0.1975,50.632911392405106,1.0101010101010108,0.0,19.852941176470587,50.632911392405106,51.6347719034421,0,0,0,0,,False
USUAL,2026-08-16T01:22:37.249Z,2026-08-16T01:22:37.249471Z,2026-08-16T03:22:37.249471Z,7648.272979,7,0.008875000000000001,11.267605633804312,5.487122060470334,0.45,19.485294117647058,11.267605633804312,45.76064004115393,0,0,0,0,,False
VELODROME,2026-08-16T01:22:46.070Z,2026-08-16T01:22:46.070294Z,2026-08-16T03:22:46.070294Z,7639.452156,7,0.01696,23.5849056603764,2.423167848699767,0.0,12.5,23.5849056603764,57.078861797308505,0,0,0,0,,False
VET,2026-08-16T01:22:53.816Z,2026-08-16T01:22:53.817074Z,2026-08-16T03:22:53.817074Z,7631.705376,7,0.0044835,15.612802498048538,1.4043691484618936,-0.267,17.279411764705884,15.612802498048538,57.114337924404765,2,2,0,0,1.0,False
W,2026-08-16T01:23:01.934Z,2026-08-16T01:23:01.934427Z,2026-08-16T03:23:01.934427Z,7623.588023,7,0.008395,11.911852293031082,2.8368794326241207,2.051,19.11764705882353,11.911852293031082,71.53797527564817,1,1,0,0,1.0,False
AUCTION,2026-08-16T01:29:00.962Z,2026-08-16T01:29:00.963036Z,2026-08-16T03:29:00.963036Z,7264.559414,7,2.8209999999999997,42.53810705423613,2.7074542897327696,1.174,4.044117647058823,42.53810705423613,55.78898659380694,0,0,0,0,,False
BFUSD,2026-08-16T01:29:11.848Z,2026-08-16T01:29:11.848289Z,2026-08-16T03:29:11.848289Z,7253.674161,7,0.99905,11.010459936939991,0.12018027040560629,-0.01,0.7352941176470589,11.010459936939991,39.313792944271796,0,0,0,0,,
BLUR,2026-08-16T01:29:19.493Z,2026-08-16T01:29:19.494197Z,2026-08-16T03:29:19.494197Z,7246.028253,7,0.013139999999999999,45.662100456620465,1.8264840182648316,0.0,2.573529411764706,45.662100456620465,58.15289427820501,0,0,0,0,,False
BNB,2026-08-16T01:29:25.201Z,2026-08-16T01:29:25.202050Z,2026-08-16T03:29:25.202050Z,7240.3204,7,605.975,0.16502330954232278,0.918972332015817,0.012,98.16176470588235,0.16502330954232278,44.024587693809245,18,11,5,2,0.8333,False
BTC,2026-08-16T01:29:38.229Z,2026-08-16T01:29:38.230109Z,2026-08-16T03:29:38.230109Z,7227.292341,7,63058.994999999995,0.0015858165836669723,0.42847614363853376,0.071,100.0,0.0015858165836669723,56.29924074948325,31,6,11,14,0.3226,False
COMP,2026-08-16T01:29:45.517Z,2026-08-16T01:29:45.517558Z,2026-08-16T03:29:45.517558Z,7220.004892,7,16.29,36.83241252301947,1.109741060419234,0.433,2.2058823529411766,36.83241252301947,50.430147326350756,3,0,1,2,1.0,False
FORM,2026-08-16T01:30:08.398Z,2026-08-16T01:30:08.398627Z,2026-08-16T03:30:08.398627Z,7797.1807,7,0.2007,19.930244145489972,2.0457866536775495,-0.917,2.9411764705882355,19.930244145489972,51.137159463635584,0,0,0,0,,False
HIVE,2026-08-16T01:30:15.566Z,2026-08-16T01:30:15.566797Z,2026-08-16T03:30:15.566797Z,7790.01253,7,0.0393,50.89058524172997,2.5188916876574328,1.018,1.4705882352941178,50.89058524172997,50.36868564407105,0,0,0,0,,False
LAYER,2026-08-16T01:30:27.088Z,2026-08-16T01:30:27.089000Z,2026-08-16T03:30:27.089000Z,7778.490327,7,0.060950000000000004,16.406890894174886,1.9933554817275858,-0.166,6.25,16.406890894174886,41.542745450844826,0,0,0,0,,False
LINK,2026-08-16T01:30:31.840Z,2026-08-16T01:30:31.840457Z,2026-08-16T03:30:31.840457Z,7773.73887,7,9.4345,1.0599395834450391,7.799235993208822,4.502,98.8970588235294,1.0599395834450391,65.10163167339454,32,11,16,5,0.5938,False
MANTRA,2026-08-16T01:30:38.260Z,2026-08-16T01:30:38.260927Z,2026-08-16T03:30:38.260927Z,7767.3184,7,0.004915,20.34587995930741,2.2132796780684076,-0.996,10.294117647058824,20.34587995930741,54.60111297973727,0,0,0,0,,False
MITO,2026-08-16T01:30:45.379Z,2026-08-16T01:30:45.380132Z,2026-08-16T03:30:45.380132Z,7760.199195,7,0.02546,15.710919088766053,4.8559020923805845,2.426,9.926470588235293,15.710919088766053,64.80506857792723,1,1,0,0,1.0,False
NMR,2026-08-16T01:30:51.623Z,2026-08-16T01:30:51.623627Z,2026-08-16T03:30:51.623627Z,7753.9557,7,8.115,36.96857670979807,1.233045622688035,0.123,7.352941176470588,36.96857670979807,37.00388497577486,0,0,0,0,,False
PHA,2026-08-16T01:30:58.979Z,2026-08-16T01:30:58.980088Z,2026-08-16T03:30:58.980088Z,7746.599239,7,0.02185,45.76659038901574,4.545454545454549,1.382,9.558823529411764,45.76659038901574,57.76473472674936,0,0,0,0,,False
QNT,2026-08-16T01:31:05.522Z,2026-08-16T01:31:05.523016Z,2026-08-16T03:31:05.523016Z,7740.056311,7,57.805,22.489404030792397,1.7361111111111112,-0.895,5.514705882352941,22.489404030792397,53.77572885363023,11,3,4,4,0.4545,False
REZ,2026-08-16T01:31:12.059Z,2026-08-16T01:31:12.059341Z,2026-08-16T03:31:12.059341Z,7733.519986,7,0.0027010000000000003,14.809329877823387,4.407407407407398,-1.675,11.029411764705882,14.809329877823387,54.46595131973985,1,0,1,0,-1.0,False
SHELL,2026-08-16T01:31:22.757Z,2026-08-16T01:31:22.757499Z,2026-08-16T03:31:22.757499Z,7722.821828,7,0.020450000000000003,48.89975550122219,3.9408866995073994,2.01,5.147058823529412,48.89975550122219,64.93040281988425,0,0,0,0,,False
SIGN,2026-08-16T01:31:28.362Z,2026-08-16T01:31:28.363126Z,2026-08-16T03:31:28.363126Z,7717.216201,7,0.006505,15.372790161415004,3.5330261136712773,1.719,8.823529411764707,15.372790161415004,68.46505466824222,0,0,0,0,,False
SOL,2026-08-16T01:31:33.109Z,2026-08-16T01:31:33.109513Z,2026-08-16T03:31:33.109513Z,7712.469814,7,75.535,1.3238895876090708,0.9293680297397808,-0.027,98.52941176470588,1.3238895876090708,59.01031698054499,29,18,8,3,0.6552,False
SSV,2026-08-16T01:31:40.053Z,2026-08-16T01:31:40.054243Z,2026-08-16T03:31:40.054243Z,7705.525084,7,2.1325,14.067995310668765,5.896116050538133,2.2,11.397058823529411,14.067995310668765,52.790582866998676,0,0,0,0,,False
STEEM,2026-08-16T01:31:47.176Z,2026-08-16T01:31:47.176687Z,2026-08-16T03:31:47.176687Z,7698.40264,7,0.035025,37.11634546752465,2.0927601809954877,0.856,1.838235294117647,37.11634546752465,64.44618166765707,0,0,0,0,,False
SXT,2026-08-16T01:31:54.886Z,2026-08-16T01:31:54.887147Z,2026-08-16T03:31:54.887147Z,7690.69218,7,0.00696,57.47126436781624,3.4236804564907244,-0.567,1.1029411764705883,57.47126436781624,41.76610427129532,0,0,0,0,,False
TURBO,2026-08-16T01:32:01.301Z,2026-08-16T01:32:01.301621Z,2026-08-16T03:32:01.301621Z,7684.277706,7,0.0007915,12.634238787112013,3.286978508217444,0.636,6.617647058823529,12.634238787112013,61.110432482074884,0,0,0,0,,False
TURTLE,2026-08-16T01:32:08.052Z,2026-08-16T01:32:08.053091Z,2026-08-16T03:32:08.053091Z,7677.526236,7,0.043300000000000005,46.18937644341773,5.96330275229359,4.808,4.411764705882353,46.18937644341773,70.5158817076521,0,0,0,0,,False
UMA,2026-08-16T01:32:18.549Z,2026-08-16T01:32:18.549523Z,2026-08-16T03:32:18.549523Z,7667.029804,7,0.3245,30.816640986132537,1.5384615384615397,0.0,4.779411764705882,30.816640986132537,37.11706052805012,0,0,0,0,,False
USD1,2026-08-16T01:32:21.646Z,2026-08-16T01:32:21.646754Z,2026-08-16T03:32:21.646754Z,7663.932573,7,0.99915,1.0008507231145374,0.030027024321886392,-0.01,99.26470588235294,1.0008507231145374,71.47564839534719,0,0,0,0,,False
VANA,2026-08-16T01:32:28.101Z,2026-08-16T01:32:28.102212Z,2026-08-16T03:32:28.102212Z,7657.477115,7,0.8694999999999999,57.50431282346182,3.4285714285714315,3.062,3.676470588235294,57.50431282346182,55.59644475037223,0,0,0,0,,False
XRP,2026-08-16T01:32:32.796Z,2026-08-16T01:32:32.796788Z,2026-08-16T03:32:32.796788Z,7652.782539,7,1.00195,0.998053795099446,0.9689341724103416,0.26,97.79411764705883,0.998053795099446,56.59421813753168,37,19,11,7,0.5946,False
XVG,2026-08-16T01:32:40.242Z,2026-08-16T01:32:40.242668Z,2026-08-16T03:32:40.242668Z,7645.336659,7,0.0020735,24.113817217266604,2.5591501690004876,-0.767,5.882352941176471,24.113817217266604,62.362053357477116,0,0,0,0,,False
AVAX,2026-08-16T01:38:35.452Z,2026-08-16T01:38:35.452492Z,2026-08-16T03:38:35.452492Z,7290.126835,7,6.3605,1.572203443124669,10.409040267388187,-3.234,97.05882352941177,1.572203443124669,62.00503035025336,3,2,1,0,-0.3333,False
ENA,2026-08-16T01:38:53.465Z,2026-08-16T01:38:53.465280Z,2026-08-16T03:38:53.465280Z,7272.114047,7,0.08395,11.911852293031908,2.5059665871121775,-1.063,86.02941176470588,11.911852293031908,58.241862366633704,5,4,1,0,0.8,False
EUR,2026-08-16T01:39:01.188Z,2026-08-16T01:39:01.188383Z,2026-08-16T03:39:01.188383Z,7264.390944,7,1.15625,0.8648648648666899,0.06053792268443699,-0.035,95.22058823529412,0.8648648648666899,66.67209727431488,0,0,0,0,,False
FET,2026-08-16T01:39:06.279Z,2026-08-16T01:39:06.279963Z,2026-08-16T03:39:06.279963Z,7259.299364,7,0.12455,8.028904054596778,5.910165484633574,-5.369,88.23529411764706,8.028904054596778,58.411679029190275,3,1,0,2,-1.0,False
HEMI,2026-08-16T01:39:11.870Z,2026-08-16T01:39:11.870630Z,2026-08-16T03:39:11.870630Z,7253.708697,7,0.007815,12.795905310301292,39.52802359882006,39.794,95.58823529411765,12.795905310301292,80.72545770348282,3,3,0,0,1.0,False
ICP,2026-08-16T01:39:17.803Z,2026-08-16T01:39:17.803412Z,2026-08-16T03:39:17.803412Z,7247.775915,7,2.2245,4.495392222970959,4.3847874720357884,-0.711,92.6470588235294,4.495392222970959,47.090262492501715,4,3,1,0,0.5,False
LTC,2026-08-16T01:39:23.373Z,2026-08-16T01:39:23.374061Z,2026-08-16T03:39:23.374061Z,7242.205266,7,44.275000000000006,2.2586109542626787,1.5199637023593344,0.8,90.07352941176471,2.2586109542626787,61.37269872841251,16,10,6,0,0.875,False
NEAR,2026-08-16T01:39:35.141Z,2026-08-16T01:39:35.142262Z,2026-08-16T03:39:35.142262Z,7230.437065,7,1.6105,6.209251785159204,3.3477991320520797,-2.064,94.8529411764706,6.209251785159204,40.16829624006058,1,0,1,0,1.0,False
PLUME,2026-08-16T01:39:49.868Z,2026-08-16T01:39:49.869140Z,2026-08-16T03:39:49.869140Z,7215.710187,7,0.012965,7.713073659854475,14.109483423284502,3.347,96.69117647058823,7.713073659854475,62.50875464263885,1,0,1,0,1.0,False
PUMP,2026-08-16T01:39:55.593Z,2026-08-16T01:39:55.593528Z,2026-08-16T03:39:55.593528Z,7209.985799,7,0.0027749999999999997,7.2072072072066025,5.771324863883843,-2.788,94.48529411764706,7.2072072072066025,61.973898320251905,12,12,0,0,0.4167,False
SOMI,2026-08-16T01:40:10.820Z,2026-08-16T01:40:10.820541Z,2026-08-16T03:40:10.820541Z,7795.151648,7,0.09265000000000001,10.793308148947961,9.568874868559407,6.02,87.13235294117646,10.793308148947961,74.16914479162527,0,0,0,0,,False
SUI,2026-08-16T01:40:16.818Z,2026-08-16T01:40:16.818452Z,2026-08-16T03:40:16.818452Z,7789.153737,7,0.67615,1.4789617688381127,1.7447878160579509,-1.053,91.54411764705883,1.4789617688381127,52.120529193709174,5,3,1,1,0.6,False
TRX,2026-08-16T01:40:21.517Z,2026-08-16T01:40:21.518036Z,2026-08-16T03:40:21.518036Z,7784.454153,7,0.33095,3.0216044719742854,0.7857358718646089,-0.361,96.32352941176471,3.0216044719742854,56.30713172042961,29,23,6,0,1.0,False
TUT,2026-08-16T01:40:27.095Z,2026-08-16T01:40:27.095903Z,2026-08-16T03:40:27.095903Z,7778.876286,7,0.031990000000000005,6.251953735542102,28.54191263282172,15.042,91.17647058823529,6.251953735542102,58.91383952719246,6,3,1,2,0.6667,False
UNI,2026-08-16T01:40:31.758Z,2026-08-16T01:40:31.758922Z,2026-08-16T03:40:31.758922Z,7774.213267,7,3.2455,3.0811893390845477,3.126934984520123,0.529,93.75,3.0811893390845477,51.166496048854846,13,11,1,1,0.0769,False
ZEC,2026-08-16T01:40:52.548Z,2026-08-16T01:40:52.548356Z,2026-08-16T03:40:52.548356Z,7753.423833,7,486.695,3.0820123485956765,2.762078957644012,-1.608,92.27941176470588,3.0820123485956765,41.34376091863899,9,4,4,1,0.5556,False
0G,2026-08-16T01:46:25.329Z,2026-08-16T01:46:25.329483Z,2026-08-16T03:46:25.329483Z,7420.642706,7,0.1635,61.162079510703414,6.0975609756097615,0.613,70.95588235294117,61.162079510703414,62.80350900384961,0,0,0,0,,False
AAVE,2026-08-16T01:46:30.574Z,2026-08-16T01:46:30.575041Z,2026-08-16T03:46:30.575041Z,7415.397148,7,86.35499999999999,1.1580105378964876,1.393566368598308,-0.255,81.98529411764706,1.1580105378964876,54.31395441753847,4,0,1,3,-0.5,False
ALGO,2026-08-16T01:46:36.243Z,2026-08-16T01:46:36.243561Z,2026-08-16T03:46:36.243561Z,7409.728628,7,0.07905000000000001,12.650221378874491,1.633165829145723,0.378,71.32352941176471,12.650221378874491,61.85711014766596,5,1,2,2,0.6,False
EDEN,2026-08-16T01:47:20.400Z,2026-08-16T01:47:20.400274Z,2026-08-16T03:47:20.400274Z,7365.571915,7,0.043335,25.383639090803964,42.37596722803823,-27.659,79.77941176470588,25.383639090803964,39.577153813291815,0,0,0,0,,False
EPIC,2026-08-16T01:47:25.713Z,2026-08-16T01:47:25.713553Z,2026-08-16T03:47:25.713553Z,7360.258636,7,0.3287,18.2537268025552,28.821223997588184,-8.32,83.45588235294117,18.2537268025552,52.73535935005664,30,30,0,0,0.2333,False
ETHFI,2026-08-16T01:47:30.494Z,2026-08-16T01:47:30.494789Z,2026-08-16T03:47:30.494789Z,7355.4774,7,0.47835000000000005,10.45259747047142,9.08324552160168,4.955,74.63235294117646,10.45259747047142,67.88637456107665,2,2,0,0,1.0,False
HEI,2026-08-16T01:47:47.925Z,2026-08-16T01:47:47.925514Z,2026-08-16T03:47:47.925514Z,7338.046675,7,0.1245,16.06425702811291,27.962085308056878,-19.721,72.79411764705883,16.06425702811291,40.613915324097064,0,0,0,0,,False
HOME,2026-08-16T01:47:52.948Z,2026-08-16T01:47:52.948833Z,2026-08-16T03:47:52.948833Z,7333.023356,7,0.007945,12.586532410322627,20.909090909090903,-15.14,80.51470588235294,12.586532410322627,46.86722547591369,0,0,0,0,,False
WLFI,2026-08-16T01:49:18.870Z,2026-08-16T01:49:18.870721Z,2026-08-16T03:49:18.870721Z,7247.101468,7,0.05815,17.1969045571802,3.8260869565217397,2.862,83.08823529411765,17.1969045571802,78.23383557115922,1,0,0,1,-1.0,False
1000CHEEMS,2026-08-16T01:54:59.461Z,2026-08-16T01:54:59.461185Z,2026-08-16T03:54:59.461185Z,7506.857669,7,0.0004845,20.639834881321452,3.054989816700608,0.615,56.98529411764706,20.639834881321452,58.2353257193343,0,0,0,0,,False
API3,2026-08-16T01:55:10.840Z,2026-08-16T01:55:10.840406Z,2026-08-16T03:55:10.840406Z,7495.478448,7,0.18845,5.30644733350963,9.396325459317586,0.794,63.23529411764706,5.30644733350963,45.78047408639446,0,0,0,0,,False
ASTER,2026-08-16T01:55:17.401Z,2026-08-16T01:55:17.401431Z,2026-08-16T03:55:17.401431Z,7488.917423,7,0.5985,16.708437761069355,0.6666666666666673,-0.332,67.6470588235294,16.708437761069355,64.4438831221248,0,0,0,0,,False
FIL,2026-08-16T01:55:59.619Z,2026-08-16T01:55:59.619959Z,2026-08-16T03:55:59.619959Z,7446.698895,7,0.67735,7.381708127259835,3.648449039881823,-2.309,69.48529411764706,7.381708127259835,57.82146681493437,1,1,0,0,1.0,False
LDO,2026-08-16T01:56:21.038Z,2026-08-16T01:56:21.039053Z,2026-08-16T03:56:21.039053Z,7425.279801,7,0.29685,10.106114199089337,4.401881720430108,0.677,68.75,10.106114199089337,40.63125186721193,1,1,0,0,-1.0,False
MMT,2026-08-16T01:56:27.515Z,2026-08-16T01:56:27.515304Z,2026-08-16T03:56:27.515304Z,7418.80355,7,0.17545,17.0988885722425,7.155123068116779,-1.633,64.70588235294117,17.0988885722425,55.44916490711386,1,1,0,0,1.0,False
NOT,2026-08-16T01:56:39.443Z,2026-08-16T01:56:39.443707Z,2026-08-16T03:56:39.443707Z,7406.875147,7,0.000387,51.679586563307346,10.972568578553613,5.249,57.35294117647059,51.679586563307346,67.91193152349778,0,0,0,0,,False
PENDLE,2026-08-16T01:56:57.372Z,2026-08-16T01:56:57.372476Z,2026-08-16T03:56:57.372476Z,7388.946378,7,1.2974999999999999,7.707129094413195,2.3846153846153952,-0.154,66.91176470588235,7.707129094413195,51.76160812208682,0,0,0,0,,False
ROSE,2026-08-16T01:57:02.122Z,2026-08-16T01:57:02.122412Z,2026-08-16T03:57:02.122412Z,7384.196442,7,0.005295,18.885741265343892,3.3771106941838576,-0.187,58.088235294117645,18.885741265343892,62.65235636176624,8,1,7,0,0.75,False
RUNE,2026-08-16T01:57:09.303Z,2026-08-16T01:57:09.303364Z,2026-08-16T03:57:09.303364Z,7377.01549,7,0.4195,23.837902264600736,0.9523809523809533,0.239,63.970588235294116,23.837902264600736,65.30420992949463,0,0,0,0,,False
STRK,2026-08-16T01:57:25.443Z,2026-08-16T01:57:25.443384Z,2026-08-16T03:57:25.443384Z,7360.87547,7,0.022824999999999998,4.3811610076668535,2.2589052997393555,-0.562,65.44117647058823,4.3811610076668535,49.32710528204547,0,0,0,0,,False
SYN,2026-08-16T01:57:32.483Z,2026-08-16T01:57:32.483595Z,2026-08-16T03:57:32.483595Z,7353.835259,7,0.10429,15.341835267044525,4.076347592557072,-0.477,69.11764705882354,15.341835267044525,39.31800929129859,0,0,0,0,,False
TREE,2026-08-16T01:57:46.210Z,2026-08-16T01:57:46.210534Z,2026-08-16T03:57:46.210534Z,7340.10832,7,0.03445,29.027576197388345,12.573099415204672,1.786,66.17647058823529,29.027576197388345,64.85531720368569,1,0,1,0,1.0,False
VANRY,2026-08-16T01:57:57.457Z,2026-08-16T01:57:57.457904Z,2026-08-16T03:57:57.457904Z,7328.86095,7,0.001168,222.60273972602724,94.74562135112593,-29.388,66.54411764705883,222.60273972602724,36.466602275523215,3,0,3,0,1.0,False
VIRTUAL,2026-08-16T01:58:02.142Z,2026-08-16T01:58:02.142757Z,2026-08-16T03:58:02.142757Z,7324.176097,7,0.558,7.168458781363206,2.1820783401895882,0.0,58.8235294117647,7.168458781363206,42.80558255889981,1,1,0,0,-1.0,False
WIF,2026-08-16T01:58:09.056Z,2026-08-16T01:58:09.057004Z,2026-08-16T03:58:09.057004Z,7317.26185,7,0.13595000000000002,7.35564545789016,2.86764705882354,-2.017,61.029411764705884,7.35564545789016,62.62828228591509,2,1,1,0,1.0,False
BABY,2026-08-16T02:04:08.724Z,2026-08-16T02:04:08.724774Z,2026-08-16T04:04:08.724774Z,7557.210356,7,0.009595,10.42209484106263,5.675954592363262,-1.624,53.30882352941177,10.42209484106263,47.737142021435126,2,2,0,0,1.0,False
BANANA,2026-08-16T02:04:15.232Z,2026-08-16T02:04:15.232659Z,2026-08-16T04:04:15.232659Z,7550.702471,7,3.9320000000000004,50.864699898270636,12.452639555443302,5.743,55.51470588235294,50.864699898270636,55.81852981839141,1,1,0,0,1.0,False
BIO,2026-08-16T02:04:30.565Z,2026-08-16T02:04:30.565241Z,2026-08-16T04:04:30.565241Z,7535.369889,7,0.02446,8.176614881438752,4.928716904276983,-0.406,48.529411764705884,8.176614881438752,67.69589187628108,1,1,0,0,1.0,False
CAKE,2026-08-16T02:04:35.801Z,2026-08-16T02:04:35.801383Z,2026-08-16T04:04:35.801383Z,7530.133747,7,1.4304999999999999,6.990562740301377,1.188811188811182,0.21,51.10294117647059,6.990562740301377,66.46820428909577,1,1,0,0,1.0,False
CETUS,2026-08-16T02:04:42.229Z,2026-08-16T02:04:42.230155Z,2026-08-16T04:04:42.230155Z,7523.704975,7,0.02146,18.63932898415581,6.9723912026205035,5.949,54.044117647058826,18.63932898415581,66.77677457866018,0,0,0,0,,False
COTI,2026-08-16T02:05:00.455Z,2026-08-16T02:05:00.455576Z,2026-08-16T04:05:00.455576Z,7505.479554,7,0.01039,19.249278152068513,8.986615678776289,-2.243,43.75,19.249278152068513,47.4340884672779,0,0,0,0,,False
FLOKI,2026-08-16T02:05:11.194Z,2026-08-16T02:05:11.194667Z,2026-08-16T04:05:11.194667Z,7494.740463,7,2.0325e-05,4.920049200492792,3.095823095823091,0.098,52.5735294117647,4.920049200492792,57.59251925714821,0,0,0,0,,False
HOLO,2026-08-16T02:05:21.720Z,2026-08-16T02:05:21.720441Z,2026-08-16T04:05:21.720441Z,7484.214689,7,0.05675,17.621145374449842,10.593900481540922,-5.03,50.73529411764706,17.621145374449842,45.365471040667686,4,2,1,1,0.0,False
NXPC,2026-08-16T02:05:59.811Z,2026-08-16T02:05:59.811467Z,2026-08-16T04:05:59.811467Z,7446.123663,7,0.1861,21.493820526597727,9.896907216494842,4.526,51.838235294117645,21.493820526597727,62.86231992859695,1,0,0,1,1.0,False
ONT,2026-08-16T02:06:05.155Z,2026-08-16T02:06:05.155714Z,2026-08-16T04:06:05.155714Z,7440.779416,7,0.037474999999999994,24.01601067378247,4.1040772532188745,2.671,51.470588235294116,24.01601067378247,53.888296270328176,0,0,0,0,,False
ORCA,2026-08-16T02:06:19.375Z,2026-08-16T02:06:19.375989Z,2026-08-16T04:06:19.375989Z,7426.559141,7,1.0415,9.601536245800402,5.000000000000004,2.061,46.3235294117647,9.601536245800402,68.03986506145304,0,0,0,0,,False
PEOPLE,2026-08-16T02:06:26.383Z,2026-08-16T02:06:26.383754Z,2026-08-16T04:06:26.383754Z,7419.551376,7,0.007385,13.540961408259435,6.024096385542167,-1.451,41.544117647058826,13.540961408259435,47.61703844091191,0,0,0,0,,False
SKY,2026-08-16T02:07:01.598Z,2026-08-16T02:07:01.598757Z,2026-08-16T04:07:01.598757Z,7384.336373,7,0.050839999999999996,7.867820613691053,2.678219771563608,-0.646,44.11764705882353,7.867820613691053,62.06466564646987,0,0,0,0,,False
1000SATS,2026-08-16T02:13:05.891Z,2026-08-16T02:13:05.891463Z,2026-08-16T04:13:05.891463Z,7619.291393,7,1.0335e-05,48.3792936623137,5.476864966949948,2.319,33.455882352941174,48.3792936623137,65.50329565648472,5,0,3,2,1.0,False
ACH,2026-08-16T02:13:13.739Z,2026-08-16T02:13:13.739816Z,2026-08-16T04:13:13.739816Z,7611.44304,7,0.004144999999999999,24.125452352232717,4.796163069544356,0.969,34.9264705882353,24.125452352232717,63.02931600196009,0,0,0,0,,False
AR,2026-08-16T02:13:29.052Z,2026-08-16T02:13:29.052445Z,2026-08-16T04:13:29.052445Z,7596.130411,7,1.7974999999999999,5.563282336579204,3.3053221288515373,2.468,40.44117647058823,5.563282336579204,72.8404394761685,0,0,0,0,,False
ARKM,2026-08-16T02:13:35.960Z,2026-08-16T02:13:35.960541Z,2026-08-16T04:13:35.960541Z,7589.222315,7,0.0905,22.09944751381279,2.6344676180021946,0.0,28.676470588235293,22.09944751381279,61.095603818807646,0,0,0,0,,False
AXS,2026-08-16T02:13:41.080Z,2026-08-16T02:13:41.080953Z,2026-08-16T04:13:41.080953Z,7584.101903,7,0.8605,11.621150493898906,3.583815028901737,-3.46,30.88235294117647,11.621150493898906,33.078688137269246,14,14,0,0,0.5,False
BROCCOLI714,2026-08-16T02:13:46.630Z,2026-08-16T02:13:46.630460Z,2026-08-16T04:13:46.630460Z,7578.552396,7,0.015130000000000001,13.218770654329754,6.683971447112262,-3.082,30.147058823529413,13.218770654329754,54.90573150569794,0,0,0,0,,
CATI,2026-08-16T02:13:51.839Z,2026-08-16T02:13:51.840254Z,2026-08-16T04:13:51.840254Z,7573.342602,7,0.04819,24.901431832330786,6.092217817650739,-0.457,35.661764705882355,24.901431832330786,55.384687781608655,5,2,0,3,1.0,False
CGPT,2026-08-16T02:13:59.714Z,2026-08-16T02:13:59.715053Z,2026-08-16T04:13:59.715053Z,7565.467803,7,0.02051,9.75134080936089,5.408015451472716,1.074,37.13235294117647,9.75134080936089,62.96931851181443,1,1,0,0,1.0,False
DASH,2026-08-16T02:14:05.643Z,2026-08-16T02:14:05.644022Z,2026-08-16T04:14:05.644022Z,7559.538834,7,29.630000000000003,6.74991562605453,1.8543492919757272,-1.396,37.86764705882353,6.74991562605453,52.826732692595016,0,0,0,0,,False
DOGS,2026-08-16T02:14:11.260Z,2026-08-16T02:14:11.260453Z,2026-08-16T04:14:11.260453Z,7553.922403,7,3.434e-05,11.648223645895863,3.5107913669064703,1.549,29.044117647058822,11.648223645895863,68.55905911906343,0,0,0,0,,False
GMT,2026-08-16T02:14:31.753Z,2026-08-16T02:14:31.753809Z,2026-08-16T04:14:31.753809Z,7533.429047,7,0.0060999999999999995,32.78688524590173,6.796116504854373,-2.524,30.514705882352942,32.78688524590173,53.66964659307599,0,0,0,0,,False
HAEDAL,2026-08-16T02:14:56.394Z,2026-08-16T02:14:56.394751Z,2026-08-16T04:14:56.394751Z,7508.788105,7,0.016635,18.034265103698374,10.466507177033483,2.577,31.25,18.034265103698374,68.14113115180977,1,1,0,0,1.0,False
IO,2026-08-16T02:15:08.668Z,2026-08-16T02:15:08.669233Z,2026-08-16T04:15:08.669233Z,7496.513623,7,0.1112,17.985611510790633,6.294326241134747,1.897,39.338235294117645,17.985611510790633,55.1329838814091,0,0,0,0,,False
PIXEL,2026-08-16T02:15:42.044Z,2026-08-16T02:15:42.044654Z,2026-08-16T04:15:42.044654Z,7463.138202,7,0.005090000000000001,39.292730844793816,9.465020576131694,6.114,28.308823529411764,39.292730844793816,71.69215418120834,0,0,0,0,,False
TWT,2026-08-16T02:16:37.514Z,2026-08-16T02:16:37.514739Z,2026-08-16T04:16:37.514739Z,7407.668117,7,0.38885000000000003,23.145171660022022,3.5549872122762207,-2.881,31.61764705882353,23.145171660022022,40.42233389416148,2,2,0,0,1.0,False
YB,2026-08-16T02:16:45.865Z,2026-08-16T02:16:45.866001Z,2026-08-16T04:16:45.866001Z,7399.316855,7,0.07919999999999999,25.252525252524226,13.43283582089551,2.551,27.205882352941178,25.252525252524226,66.0223836385655,0,0,0,0,,False
AIXBT,2026-08-16T02:22:47.247Z,2026-08-16T02:22:47.248044Z,2026-08-16T04:22:47.248044Z,7637.522158,7,0.01771,33.879164313945545,3.4231200897867726,0.906,17.647058823529413,33.879164313945545,58.270823258757886,0,0,0,0,,False
ALT,2026-08-16T02:22:55.367Z,2026-08-16T02:22:55.367793Z,2026-08-16T04:22:55.367793Z,7629.402409,7,0.005974999999999999,16.736401673640938,4.666666666666664,2.215,25.0,16.736401673640938,64.64966901171367,0,0,0,0,,False
AT,2026-08-16T02:23:02.274Z,2026-08-16T02:23:02.274800Z,2026-08-16T04:23:02.274800Z,7622.495402,7,0.15675,31.897926634768766,11.415525114155244,-4.842,24.264705882352942,31.897926634768766,53.670085716918564,5,4,0,1,0.2,False
BEAMX,2026-08-16T02:23:09.238Z,2026-08-16T02:23:09.239052Z,2026-08-16T04:23:09.239052Z,7615.53115,7,0.0013305,22.547914317925322,4.701492537313442,-2.616,20.58823529411765,22.547914317925322,61.20333833818451,1,0,0,1,-1.0,False
CKB,2026-08-16T02:23:21.935Z,2026-08-16T02:23:21.935272Z,2026-08-16T04:23:21.935272Z,7602.83493,7,0.0008259999999999999,48.42615012106525,3.836930455635481,0.12,16.176470588235293,48.42615012106525,62.08728168159224,0,0,0,0,,False
EIGEN,2026-08-16T02:23:35.861Z,2026-08-16T02:23:35.861562Z,2026-08-16T04:23:35.861562Z,7588.90864,7,0.16804999999999998,17.851829812555476,2.6237328562910047,-1.757,18.75,17.851829812555476,46.94949876044329,0,0,0,0,,False
EURI,2026-08-16T02:23:49.176Z,2026-08-16T02:23:49.177180Z,2026-08-16T04:23:49.177180Z,7575.593022,7,1.1553499999999999,9.520924395203869,0.28573902502379933,0.026,13.602941176470589,9.520924395203869,56.14520155556549,0,0,0,0,,False
F,2026-08-16T02:23:56.752Z,2026-08-16T02:23:56.752429Z,2026-08-16T04:23:56.752429Z,7568.017773,7,0.0027549999999999996,36.29764065335763,7.352941176470591,1.493,15.073529411764707,36.29764065335763,61.907981175126906,0,0,0,0,,False
FF,2026-08-16T02:24:04.191Z,2026-08-16T02:24:04.191929Z,2026-08-16T04:24:04.191929Z,7560.578273,7,0.06554499999999999,10.67968571210628,2.501525320317271,0.986,21.691176470588236,10.67968571210628,68.92367744408841,0,0,0,0,,False
FLUX,2026-08-16T02:24:11.943Z,2026-08-16T02:24:11.943299Z,2026-08-16T04:24:11.943299Z,7552.826903,7,0.04005,24.968789013731815,4.48877805486285,1.777,12.867647058823529,24.968789013731815,52.24042570255193,0,0,0,0,,False
HMSTR,2026-08-16T02:24:27.099Z,2026-08-16T02:24:27.099418Z,2026-08-16T04:24:27.099418Z,7537.670784,7,0.00017654999999999998,39.648824695553095,5.0201961915753,-3.508,23.529411764705884,39.648824695553095,58.14984142904064,0,0,0,0,,False
MET,2026-08-16T02:25:26.388Z,2026-08-16T02:25:26.389049Z,2026-08-16T04:25:26.389049Z,7478.381153,7,0.16375,18.320610687022576,3.1591737545565066,0.611,16.544117647058822,18.320610687022576,69.14978156013213,1,0,1,0,1.0,False
MINA,2026-08-16T02:25:33.145Z,2026-08-16T02:25:33.145780Z,2026-08-16T04:25:33.145780Z,7471.624422,7,0.0393,50.89058524172997,2.7848101265822702,1.023,24.63235294117647,50.89058524172997,50.33205697661608,1,0,1,0,1.0,False
NEWT,2026-08-16T02:25:39.541Z,2026-08-16T02:25:39.541673Z,2026-08-16T04:25:39.541673Z,7465.228529,7,0.03745,26.702269692922812,6.199460916442039,-0.269,12.132352941176471,26.702269692922812,56.85887574562301,2,1,0,1,0.0,False
TNSR,2026-08-16T02:26:07.050Z,2026-08-16T02:26:07.050735Z,2026-08-16T04:26:07.050735Z,7437.719467,7,0.032100000000000004,62.30529595015538,3.086419753086423,0.621,15.441176470588236,62.30529595015538,57.57290876111692,4,0,4,0,1.0,False
ENS,2026-08-16T02:31:53.884Z,2026-08-16T02:31:53.885175Z,2026-08-16T04:31:53.885175Z,7693.068887,7,4.015,24.906600249065473,1.4925373134328483,-0.985,12.867647058823529,24.906600249065473,50.56701735583963,0,0,0,0,,False
1INCH,2026-08-16T02:32:31.446Z,2026-08-16T02:32:31.446841Z,2026-08-16T04:32:31.446841Z,7655.507221,7,0.0826,24.2130750605317,0.8495145631068035,-0.483,0.36764705882352944,24.2130750605317,51.248628121274216,0,0,0,0,,
ANIME,2026-08-16T02:32:39.158Z,2026-08-16T02:32:39.158713Z,2026-08-16T04:32:39.158713Z,7647.795349,7,0.0024149999999999996,41.40786749482413,6.639004149377594,0.417,7.352941176470588,41.40786749482413,58.34221082513928,0,0,0,0,,False
BARD,2026-08-16T02:32:52.641Z,2026-08-16T02:32:52.641697Z,2026-08-16T04:32:52.641697Z,7634.312365,7,0.10585,28.341993386867713,3.7986704653371355,0.766,9.926470588235293,28.341993386867713,68.11825906843613,1,0,0,1,1.0,False
ETC,2026-08-16T02:33:30.993Z,2026-08-16T02:33:30.993540Z,2026-08-16T04:33:30.993540Z,7595.960522,7,6.175,16.194331983805323,1.782820097244738,-0.963,8.088235294117647,16.194331983805323,56.29958727180817,0,0,0,0,,False
ETH,2026-08-16T02:33:36.510Z,2026-08-16T02:33:36.510787Z,2026-08-16T04:33:36.510787Z,7590.443275,7,1880.995,0.05316335237462569,0.5745325949014181,-0.021,99.63235294117646,0.05316335237462569,69.23908607432165,47,23,20,4,0.4043,False
HYPER,2026-08-16T02:33:56.806Z,2026-08-16T02:33:56.806761Z,2026-08-16T04:33:56.806761Z,7570.147301,7,0.06315000000000001,15.835312747427212,2.362204724409451,-0.314,7.720588235294118,15.835312747427212,42.46896331531592,0,0,0,0,,False
2Z,2026-08-16T02:41:24.416Z,2026-08-16T02:41:24.416189Z,2026-08-16T04:41:24.416189Z,7720.662341,7,0.048335,10.344470880314768,8.584214808787635,-3.037,88.6029411764706,10.344470880314768,52.732016792537685,0,0,0,0,,False
ADA,2026-08-16T02:41:32.941Z,2026-08-16T02:41:32.942035Z,2026-08-16T04:41:32.942035Z,7712.136495,7,0.17685,5.654509471302742,3.337104072398199,-2.05,93.01470588235294,5.654509471302742,46.99692031736308,14,5,8,1,0.8571,False
APT,2026-08-16T02:41:39.283Z,2026-08-16T02:41:39.283900Z,2026-08-16T04:41:39.283900Z,7705.79463,7,0.5315000000000001,18.814675446848554,3.377110694183868,-2.202,90.44117647058823,18.814675446848554,62.816055582620244,1,1,0,0,1.0,False
BCH,2026-08-16T02:41:50.030Z,2026-08-16T02:41:50.030489Z,2026-08-16T04:41:50.030489Z,7695.048041,7,202.95,4.9273220004924525,2.0618556701031014,-0.924,93.75,4.9273220004924525,65.30337828321325,1,0,0,1,-1.0,False
COW,2026-08-16T02:41:56.002Z,2026-08-16T02:41:56.002765Z,2026-08-16T04:41:56.002765Z,7689.075765,7,0.12995,53.86687187379809,74.38825448613379,19.961,96.32352941176471,53.86687187379809,72.85865782807234,5,3,1,1,1.0,False
DOGE,2026-08-16T02:42:01.378Z,2026-08-16T02:42:01.378703Z,2026-08-16T04:42:01.378703Z,7683.699827,7,0.069785,1.4329727018714624,1.47585613984812,-0.655,86.76470588235294,1.4329727018714624,63.97693294751672,22,14,4,4,0.4545,False
ENSO,2026-08-16T02:42:11.672Z,2026-08-16T02:42:11.672733Z,2026-08-16T04:42:11.672733Z,7673.405797,7,0.8095000000000001,12.353304508956155,19.975639464068216,6.072,87.86764705882354,12.353304508956155,64.60155265866238,2,2,0,0,1.0,False
NIL,2026-08-16T02:42:49.930Z,2026-08-16T02:42:49.930853Z,2026-08-16T04:42:49.930853Z,7635.147677,7,0.04395,22.753128555175408,23.031880286271956,5.346,88.23529411764706,22.753128555175408,45.58184140676632,2,1,1,0,1.0,False
PEPE,2026-08-16T02:42:55.962Z,2026-08-16T02:42:55.962495Z,2026-08-16T04:42:55.962495Z,7629.116035,7,2.615e-06,38.2409177820264,3.816793893129783,-1.504,89.33823529411765,38.2409177820264,60.34661208634832,34,31,1,2,0.4412,False
RARE,2026-08-16T02:43:10.284Z,2026-08-16T02:43:10.285084Z,2026-08-16T04:43:10.285084Z,7614.793446,7,0.011495,26.09830361026427,18.35664335664335,-1.887,90.07352941176471,26.09830361026427,59.43449339850854,0,0,0,0,,False
WAL,2026-08-16T02:43:41.847Z,2026-08-16T02:43:41.847485Z,2026-08-16T04:43:41.847485Z,7583.231045,7,0.02565,116.95906432748603,37.00787401574803,22.115,94.11764705882354,116.95906432748603,51.687009309820766,2,0,1,1,0.0,False
WLD,2026-08-16T02:43:48.119Z,2026-08-16T02:43:48.119354Z,2026-08-16T04:43:48.119354Z,7576.959176,7,0.3479,5.748778384592642,4.563492063492065,2.707,91.91176470588235,5.748778384592642,68.80414029663147,1,0,1,0,1.0,False
XLM,2026-08-16T02:43:55.596Z,2026-08-16T02:43:55.596924Z,2026-08-16T04:43:55.596924Z,7569.481606,7,0.15665,6.383657835941062,1.9120458891013399,-1.445,87.5,6.383657835941062,58.986243291712206,4,3,1,0,0.25,False
XPL,2026-08-16T02:44:00.941Z,2026-08-16T02:44:00.942002Z,2026-08-16T04:44:00.942002Z,7564.136528,7,0.077935,6.415602745879049,4.210526315789485,-1.016,85.66176470588235,6.415602745879049,62.96906836098762,7,0,6,1,0.7143,False
PAXG,2026-08-16T02:55:09.607Z,2026-08-16T02:55:09.607319Z,2026-08-16T04:55:09.607319Z,7495.476136,7,4373.735,0.022863753748725697,0.1623220744303742,0.009,69.8529411764706,0.022863753748725697,69.11395049706414,0,0,0,0,,False
APE,2026-08-16T03:02:13.928Z,2026-08-16T03:02:13.928285Z,2026-08-16T05:02:13.928285Z,7671.900886,7,0.12265000000000001,8.153281695882827,1.533494753833736,0.243,51.10294117647059,8.153281695882827,69.07345492776669,3,3,0,0,1.0,False
BB,2026-08-16T03:02:32.787Z,2026-08-16T03:02:32.787719Z,2026-08-16T05:02:32.787719Z,7653.041452,7,0.01136,17.605633802816183,11.02292768959435,-5.342,53.6764705882353,17.605633802816183,50.47474991706453,0,0,0,0,,False
TIA,2026-08-16T03:05:16.285Z,2026-08-16T03:05:16.285942Z,2026-08-16T05:05:16.285942Z,7489.543229,7,0.30075,3.325020781379517,4.891122278056952,-3.398,54.411764705882355,3.325020781379517,61.7144267487583,2,1,1,0,1.0,False
ZBT,2026-08-16T03:05:39.676Z,2026-08-16T03:05:39.676804Z,2026-08-16T05:05:39.676804Z,7466.152367,7,0.08615,11.607661056297488,8.9712918660287,-7.008,54.779411764705884,11.607661056297488,59.056283588317754,0,0,0,0,,False
ACT,2026-08-16T03:24:52.121Z,2026-08-16T03:24:52.121857Z,2026-08-16T05:24:52.121857Z,7513.973104,7,0.00992,40.32258064515965,6.899999999999997,1.317,11.397058823529411,40.32258064515965,61.02784665097214,0,0,0,0,,False
ALLO,2026-08-16T03:41:49.420Z,2026-08-16T03:41:49.420756Z,2026-08-16T05:41:49.420756Z,7696.74022,7,0.26655,3.7516413430871878,4.398938187334092,-0.076,80.1470588235294,3.7516413430871878,59.200556147572236,1,0,0,1,1.0,False
ARB,2026-08-16T03:41:54.974Z,2026-08-16T03:41:54.974419Z,2026-08-16T05:41:54.974419Z,7691.186557,7,0.07285,13.72683596431062,4.395604395604388,-3.191,79.41176470588235,13.72683596431062,64.63863500202616,8,4,2,2,-0.25,False
ATOM,2026-08-16T03:42:00.686Z,2026-08-16T03:42:00.686651Z,2026-08-16T05:42:00.686651Z,7685.474325,7,1.4795,6.759040216288542,3.0831099195710485,-0.267,81.25,6.759040216288542,50.47276719294454,8,1,7,0,1.0,False
BANK,2026-08-16T03:42:07.595Z,2026-08-16T03:42:07.595630Z,2026-08-16T05:42:07.595630Z,7678.565346,7,0.03665,27.2851296043664,8.011049723756905,-5.236,77.20588235294117,27.2851296043664,58.17765299968628,2,1,1,0,1.0,False
BMT,2026-08-16T03:42:12.598Z,2026-08-16T03:42:12.598287Z,2026-08-16T05:42:12.598287Z,7673.562689,7,0.014715,6.7957866123000965,39.82179575051404,-5.871,84.19117647058823,6.7957866123000965,50.05321518040254,1,0,0,1,-1.0,False
BOME,2026-08-16T03:42:18.202Z,2026-08-16T03:42:18.202266Z,2026-08-16T05:42:18.202266Z,7667.95871,7,0.0008587,13.97461278677104,21.513756051481874,3.381,75.36764705882354,13.97461278677104,58.74197570526859,1,0,1,0,-1.0,False
CRV,2026-08-16T03:42:28.809Z,2026-08-16T03:42:28.809750Z,2026-08-16T05:42:28.809750Z,7657.351226,7,0.23970000000000002,8.343763037129984,2.1532091097308417,-0.781,81.61764705882354,8.343763037129984,65.7575418331286,2,2,0,0,0.5,False
DOT,2026-08-16T03:42:35.408Z,2026-08-16T03:42:35.408553Z,2026-08-16T05:42:35.408553Z,7650.752423,7,0.7575000000000001,13.201320132013212,3.6890645586297794,-1.3,83.82352941176471,13.201320132013212,59.910890928179185,9,3,4,2,0.3333,False
FDUSD,2026-08-16T03:42:54.367Z,2026-08-16T03:42:54.368035Z,2026-08-16T05:42:54.368035Z,7631.792941,7,0.99695,1.0030593309593157,0.020060180541622664,0.0,83.08823529411765,1.0030593309593157,76.11003914808805,0,0,0,0,,
GRAM,2026-08-16T03:42:59.352Z,2026-08-16T03:42:59.352354Z,2026-08-16T05:42:59.352354Z,7626.808622,7,1.3375,7.476635514019529,2.3082650781831826,0.826,80.51470588235294,7.476635514019529,48.14857904635847,1,1,0,0,1.0,False
HBAR,2026-08-16T03:43:05.187Z,2026-08-16T03:43:05.188147Z,2026-08-16T05:43:05.188147Z,7620.972829,7,0.065075,1.5366884364189204,2.319864802581038,-1.513,76.83823529411765,1.5366884364189204,59.018834942417634,4,3,1,0,0.5,False
HUMA,2026-08-16T03:43:16.625Z,2026-08-16T03:43:16.625467Z,2026-08-16T05:43:16.625467Z,7609.535509,7,0.020014999999999998,14.98875843117601,14.313629702002942,7.68,72.79411764705883,14.98875843117601,74.17716313512241,5,3,0,2,0.2,False
INJ,2026-08-16T03:43:22.931Z,2026-08-16T03:43:22.931858Z,2026-08-16T05:43:22.931858Z,7603.229118,7,4.1655,2.4006721882135014,3.68773946360153,-1.718,80.88235294117646,2.4006721882135014,70.6336894620793,5,3,2,0,1.0,False
JTO,2026-08-16T03:43:29.667Z,2026-08-16T03:43:29.667278Z,2026-08-16T05:43:29.667278Z,7596.493698,7,0.58635,5.116398055768175,4.829251466022752,0.259,74.26470588235294,5.116398055768175,49.61259099507796,2,1,0,1,1.0,False
JUP,2026-08-16T03:43:36.350Z,2026-08-16T03:43:36.350768Z,2026-08-16T05:43:36.350768Z,7589.810208,7,0.16685,5.993407252022115,2.9553679131483808,-2.009,71.32352941176471,5.993407252022115,41.08252052396995,4,3,0,1,1.0,False
KAITO,2026-08-16T03:43:41.068Z,2026-08-16T03:43:41.068482Z,2026-08-16T05:43:41.068482Z,7585.092494,7,0.35135,19.923153550591547,9.40919037199126,-7.933,78.30882352941177,19.923153550591547,50.44325112064725,1,0,0,1,1.0,False
ONDO,2026-08-16T03:43:53.330Z,2026-08-16T03:43:53.331102Z,2026-08-16T05:43:53.331102Z,7572.829874,7,0.32330000000000003,6.1862047633787025,2.86771507863089,-1.488,75.73529411764706,6.1862047633787025,51.982772384122846,3,1,1,1,1.0,False
OP,2026-08-16T03:43:58.739Z,2026-08-16T03:43:58.740086Z,2026-08-16T05:43:58.740086Z,7567.42089,7,0.08485000000000001,11.78550383028908,3.6427732079905897,-2.52,76.47058823529412,11.78550383028908,53.047980355652584,2,2,0,0,1.0,False
PENGU,2026-08-16T03:44:05.873Z,2026-08-16T03:44:05.873940Z,2026-08-16T05:44:05.873940Z,7560.287036,7,0.0059955,5.003752814610175,2.7773158157325875,-1.652,84.92647058823529,5.003752814610175,67.88454204907765,1,0,1,0,-1.0,False
POL,2026-08-16T03:44:12.563Z,2026-08-16T03:44:12.563859Z,2026-08-16T05:44:12.563859Z,7553.597117,7,0.07481499999999999,1.336630354874841,1.5076717811874478,-0.16,73.16176470588235,1.336630354874841,61.79616699595917,11,9,2,0,0.6364,False
RED,2026-08-16T03:44:25.932Z,2026-08-16T03:44:25.933139Z,2026-08-16T05:44:25.933139Z,7540.227837,7,0.08925,11.20448179271741,35.93220338983052,1.607,77.94117647058823,11.20448179271741,64.90611104328977,1,0,1,0,-1.0,False
RENDER,2026-08-16T03:44:32.893Z,2026-08-16T03:44:32.894194Z,2026-08-16T05:44:32.894194Z,7533.266782,7,1.2545,7.971303308089995,2.4642289348171635,-1.178,72.42647058823529,7.971303308089995,65.5235372865702,1,0,1,0,1.0,False
SHIB,2026-08-16T03:44:39.762Z,2026-08-16T03:44:39.762768Z,2026-08-16T05:44:39.762768Z,7526.398208,7,4.505e-06,22.197558268590242,3.1042128603104104,-1.743,74.63235294117646,22.197558268590242,62.08376946547332,10,2,7,1,0.6,False
SYRUP,2026-08-16T03:44:44.928Z,2026-08-16T03:44:44.928650Z,2026-08-16T05:44:44.928650Z,7521.232326,7,0.15855,6.307158625038725,8.58044164037855,4.345,85.29411764705883,6.307158625038725,50.72468577375218,0,0,0,0,,False
TAO,2026-08-16T03:44:51.276Z,2026-08-16T03:44:51.276710Z,2026-08-16T05:44:51.276710Z,7514.884266,7,195.75,5.108556832695926,2.643619725470268,-2.042,84.55882352941177,5.108556832695926,62.95325602279347,10,5,5,0,1.0,False
TRUMP,2026-08-16T03:44:56.388Z,2026-08-16T03:44:56.388915Z,2026-08-16T05:44:56.388915Z,7509.772061,7,1.3965,7.160759040459089,2.8694404591104763,-2.517,76.1029411764706,7.160759040459089,49.17433843632813,27,27,0,0,0.1852,False
ZRO,2026-08-16T03:45:09.262Z,2026-08-16T03:45:09.263235Z,2026-08-16T05:45:09.263235Z,7496.897741,7,0.7725,12.944983818770238,3.4883720930232585,-2.642,78.67647058823529,12.944983818770238,56.68470936181296,0,0,0,0,,False
AVNT,2026-08-16T03:51:08.845Z,2026-08-16T03:51:08.846123Z,2026-08-16T05:51:08.846123Z,7737.753712,7,0.10145000000000001,9.857072449482784,9.415262636273546,-2.323,68.75,9.857072449482784,56.18369633260638,1,0,1,0,1.0,False
BANANAS31,2026-08-16T03:51:16.293Z,2026-08-16T03:51:16.294151Z,2026-08-16T05:51:16.294151Z,7730.305684,7,0.0086035,3.4869529842500504,6.960556844547562,-1.339,61.029411764705884,3.4869529842500504,45.039488022670575,0,0,0,0,,False
BERA,2026-08-16T03:51:22.265Z,2026-08-16T03:51:22.265504Z,2026-08-16T05:51:22.265504Z,7724.334331,7,0.14529999999999998,13.76462491397149,7.2207084468664835,2.514,56.61764705882353,13.76462491397149,66.64074485299382,0,0,0,0,,False
BONK,2026-08-16T03:51:29.504Z,2026-08-16T03:51:29.505035Z,2026-08-16T05:51:29.505035Z,7717.0948,7,2.335e-06,42.82655246252635,3.8626609442060076,-2.917,59.55882352941177,42.82655246252635,45.6484101220345,1,0,0,1,-1.0,False
CHZ,2026-08-16T03:51:35.597Z,2026-08-16T03:51:35.597735Z,2026-08-16T05:51:35.597735Z,7711.0021,7,0.012445,8.035355564483401,2.0799999999999983,-0.951,60.294117647058826,8.035355564483401,61.860586354914176,0,0,0,0,,False
COOKIE,2026-08-16T03:51:45.596Z,2026-08-16T03:51:45.597032Z,2026-08-16T05:51:45.597032Z,7701.002803,7,0.01145,87.33624454148419,13.392857142857139,-5.882,58.455882352941174,87.33624454148419,53.51172458163731,0,0,0,0,,False
DOLO,2026-08-16T03:51:51.890Z,2026-08-16T03:51:51.891275Z,2026-08-16T05:51:51.891275Z,7694.70856,7,0.02407,16.618196925634333,22.49680443118875,4.311,57.35294117647059,16.618196925634333,74.33067841075918,3,1,0,2,-0.3333,False
DYDX,2026-08-16T03:51:59.231Z,2026-08-16T03:51:59.232147Z,2026-08-16T05:51:59.232147Z,7687.367688,7,0.10847000000000001,11.062966718908003,2.678979610496482,-0.798,69.48529411764706,11.062966718908003,42.16294354239233,0,0,0,0,,False
GIGGLE,2026-08-16T03:52:28.818Z,2026-08-16T03:52:28.818370Z,2026-08-16T05:52:28.818370Z,7657.781465,7,30.115000000000002,9.961813049974293,8.349769888231423,-5.056,69.11764705882354,9.961813049974293,57.628303689096526,2,2,0,0,1.0,False
HEI,2026-08-16T03:52:33.390Z,2026-08-16T03:52:33.390825Z,2026-08-16T05:52:33.390825Z,7653.20901,7,0.12719999999999998,15.723270440252024,28.51500789889416,-13.878,70.58823529411765,15.723270440252024,36.86412610687182,1,0,0,1,-1.0,False
KITE,2026-08-16T03:52:40.665Z,2026-08-16T03:52:40.666155Z,2026-08-16T05:52:40.666155Z,7645.93368,7,0.09384999999999999,10.655301012253904,3.699788583509517,-1.663,59.19117647058823,10.655301012253904,60.62573930043352,0,0,0,0,,False
ORDI,2026-08-16T03:53:16.010Z,2026-08-16T03:53:16.010799Z,2026-08-16T05:53:16.010799Z,7610.589036,7,3.402,17.636684303350332,3.223915592028132,-0.756,58.088235294117645,17.636684303350332,45.61372523713116,4,3,1,0,0.5,False
SAPIEN,2026-08-16T03:53:45.241Z,2026-08-16T03:53:45.242201Z,2026-08-16T05:53:45.242201Z,7581.357634,7,0.07715,12.961762799741136,3.7564766839378234,0.652,62.5,12.961762799741136,38.93899267305083,0,0,0,0,,False
SEI,2026-08-16T03:53:51.483Z,2026-08-16T03:53:51.483460Z,2026-08-16T05:53:51.483460Z,7575.116375,7,0.03981,5.023863350916651,2.1908839083354383,-1.44,63.60294117647059,5.023863350916651,40.31218939346305,2,2,0,0,0.0,False
THE,2026-08-16T03:54:05.729Z,2026-08-16T03:54:05.729609Z,2026-08-16T05:54:05.729609Z,7560.870226,7,0.06185,16.168148746967812,9.57095709570956,2.02,65.07352941176471,16.168148746967812,69.04865569669077,9,3,2,4,0.7778,False
TST,2026-08-16T03:54:17.853Z,2026-08-16T03:54:17.853739Z,2026-08-16T05:54:17.853739Z,7548.746096,7,0.013905,21.574973031284078,13.59011627906977,-8.632,66.91176470588235,21.574973031284078,59.16673672656794,1,1,0,0,1.0,False
XTZ,2026-08-16T03:54:46.727Z,2026-08-16T03:54:46.727958Z,2026-08-16T05:54:46.727958Z,7519.871877,7,0.1965,10.178117048346346,3.304524656837813,-0.051,63.23529411764706,10.178117048346346,59.70667114267882,4,2,2,0,1.0,False
ZEN,2026-08-16T03:54:52.988Z,2026-08-16T03:54:52.988423Z,2026-08-16T05:54:52.988423Z,7513.611412,7,3.983,5.021340697965804,2.162433995473983,-1.705,62.13235294117647,5.021340697965804,48.13821771186768,0,0,0,0,,False
CFX,2026-08-16T04:01:13.890Z,2026-08-16T04:01:13.891086Z,2026-08-16T06:01:13.891086Z,7732.474072,7,0.042205,2.369387513326886,2.8205735956387854,-1.218,49.63235294117647,2.369387513326886,57.62328436643787,0,0,0,0,,False
ERA,2026-08-16T04:01:24.005Z,2026-08-16T04:01:24.005714Z,2026-08-16T06:01:24.005714Z,7722.359444,7,0.060149999999999995,16.62510390689874,4.5075125208681035,0.0,55.14705882352941,16.62510390689874,58.9952811094746,0,0,0,0,,False
GALA,2026-08-16T04:01:33.209Z,2026-08-16T04:01:33.210262Z,2026-08-16T06:01:33.210262Z,7713.154896,7,0.0016545000000000002,6.044122091265735,3.1553398058252404,-2.196,51.838235294117645,6.044122091265735,46.509915678307344,0,0,0,0,,False
LINEA,2026-08-16T04:01:42.097Z,2026-08-16T04:01:42.097761Z,2026-08-16T06:01:42.097761Z,7704.267397,7,0.0021535,4.643603436267159,6.341911764705888,2.352,47.4264705882353,4.643603436267159,48.23167673681009,3,3,0,0,1.0,False
MIRA,2026-08-16T04:01:49.048Z,2026-08-16T04:01:49.049241Z,2026-08-16T06:01:49.049241Z,7697.315917,7,0.03895,25.67394094993655,3.5989717223650346,-0.256,44.85294117647059,25.67394094993655,54.57383490952914,0,0,0,0,,False
MORPHO,2026-08-16T04:01:55.203Z,2026-08-16T04:01:55.204142Z,2026-08-16T06:01:55.204142Z,7691.161016,7,1.9615,5.0981391791990305,1.4803471158754422,0.462,50.0,5.0981391791990305,59.581227808226835,1,1,0,0,0.0,False
NEIRO,2026-08-16T04:01:59.775Z,2026-08-16T04:01:59.775990Z,2026-08-16T06:01:59.775990Z,7686.589168,7,6.541500000000001e-05,10.700909577314745,6.398031374961552,-3.574,52.5735294117647,10.700909577314745,57.86016460131299,1,1,0,0,1.0,False
NEO,2026-08-16T04:02:06.473Z,2026-08-16T04:02:06.473613Z,2026-08-16T06:02:06.473613Z,7679.891545,7,1.6684999999999999,5.993407252023446,2.159568086382725,-0.715,41.911764705882355,5.993407252023446,58.240170105757954,0,0,0,0,,False
NOM,2026-08-16T04:02:12.862Z,2026-08-16T04:02:12.862994Z,2026-08-16T06:02:12.862994Z,7673.502164,7,0.001665,60.060060060060216,12.048192771084343,6.41,48.161764705882355,60.060060060060216,66.49836672209273,4,3,0,1,0.25,False
RAY,2026-08-16T04:02:37.156Z,2026-08-16T04:02:37.156981Z,2026-08-16T06:02:37.156981Z,7649.208177,7,0.61975,8.067769261798224,1.7297122534755789,-1.371,43.38235294117647,8.067769261798224,50.31258508130635,18,9,8,1,0.6667,False
RESOLV,2026-08-16T04:02:41.863Z,2026-08-16T04:02:41.864342Z,2026-08-16T06:02:41.864342Z,7644.500816,7,0.01771,11.29305477131518,4.645760743321731,-0.52,42.64705882352941,11.29305477131518,52.11402324841487,0,0,0,0,,False
SAGA,2026-08-16T04:02:53.591Z,2026-08-16T04:02:53.591339Z,2026-08-16T06:02:53.591339Z,7632.773819,7,0.01312,15.243902439023769,5.3281853281853255,-2.116,53.30882352941177,15.243902439023769,57.86283334633119,0,0,0,0,,False
SAND,2026-08-16T04:02:58.664Z,2026-08-16T04:02:58.664602Z,2026-08-16T06:02:58.664602Z,7627.700556,7,0.039389999999999994,5.077430820004871,1.585703498615652,0.43,43.01470588235294,5.077430820004871,63.27995513957412,1,0,0,1,1.0,False
SOPH,2026-08-16T04:03:09.875Z,2026-08-16T04:03:09.876230Z,2026-08-16T06:03:09.876230Z,7616.488928,7,0.003615,27.662517289073378,10.38251366120219,5.78,48.529411764705884,27.662517289073378,58.220934213891546,0,0,0,0,,False
STX,2026-08-16T04:03:16.327Z,2026-08-16T04:03:16.327291Z,2026-08-16T06:03:16.327291Z,7610.037867,7,0.122,16.39344262295129,2.702702702702712,-0.489,41.544117647058826,16.39344262295129,64.89183009384597,5,1,3,1,0.2,False
THETA,2026-08-16T04:03:22.748Z,2026-08-16T04:03:22.749300Z,2026-08-16T06:03:22.749300Z,7603.615858,7,0.13779999999999998,14.513788098694178,7.630813953488359,-2.342,47.794117647058826,14.513788098694178,39.96015884847281,0,0,0,0,,False
TLM,2026-08-16T04:03:33.442Z,2026-08-16T04:03:33.443085Z,2026-08-16T06:03:33.443085Z,7592.922073,7,0.0015635,6.395906619764201,4.920127795527159,-0.824,44.11764705882353,6.395906619764201,57.40125598210371,1,0,1,0,1.0,False
TRB,2026-08-16T04:03:40.021Z,2026-08-16T04:03:40.021835Z,2026-08-16T06:03:40.021835Z,7586.343323,7,13.114999999999998,7.624857033930453,1.825095057034222,-0.979,43.75,7.624857033930453,63.55644409197102,0,0,0,0,,False
USDE,2026-08-16T04:03:44.919Z,2026-08-16T04:03:44.919747Z,2026-08-16T06:03:44.919747Z,7581.445411,7,0.99995,1.000050002500015,0.0200020002000178,-0.02,45.955882352941174,1.000050002500015,48.054990041550546,0,0,0,0,,False
WCT,2026-08-16T04:03:49.424Z,2026-08-16T04:03:49.424863Z,2026-08-16T06:03:49.424863Z,7576.940295,7,0.033945,8.83782589482849,10.313507178435401,0.294,45.220588235294116,8.83782589482849,61.807263090571396,0,0,0,0,,False
ZK,2026-08-16T04:03:58.550Z,2026-08-16T04:03:58.550238Z,2026-08-16T06:03:58.550238Z,7567.81492,7,0.0075650000000000005,13.218770654329754,2.553763440860216,-0.402,46.3235294117647,13.218770654329754,63.667180309886184,3,0,3,0,1.0,False
C,2026-08-16T04:10:09.320Z,2026-08-16T04:10:09.320347Z,2026-08-16T06:10:09.320347Z,7796.871264,7,0.06835,14.63057790782778,8.13609467455622,3.522,28.676470588235293,14.63057790782778,71.25564257717247,1,1,0,0,1.0,False
DYM,2026-08-16T04:10:39.093Z,2026-08-16T04:10:39.093515Z,2026-08-16T06:10:39.093515Z,7767.098096,7,0.01465,13.651877133105245,3.835800807537008,2.624,27.573529411764707,13.651877133105245,66.25491095078321,1,1,0,0,1.0,False
EGLD,2026-08-16T04:10:45.785Z,2026-08-16T04:10:45.785932Z,2026-08-16T06:10:45.785932Z,7760.405679,7,2.615,38.24091778202765,2.6717557251908333,-1.504,38.60294117647059,38.24091778202765,55.70221145636357,0,0,0,0,,False
EUL,2026-08-16T04:10:52.285Z,2026-08-16T04:10:52.285918Z,2026-08-16T06:10:52.285918Z,7753.905693,7,1.1320000000000001,17.66784452296821,8.429458740017743,-6.24,37.5,17.66784452296821,34.85007789154348,2,1,0,1,1.0,False
GPS,2026-08-16T04:11:04.701Z,2026-08-16T04:11:04.701582Z,2026-08-16T06:11:04.701582Z,7741.490029,7,0.0108,18.518518518519368,7.2088724584103465,2.075,40.0735294117647,18.518518518519368,74.01261602741882,0,0,0,0,,False
GRT,2026-08-16T04:11:11.079Z,2026-08-16T04:11:11.079957Z,2026-08-16T06:11:11.079957Z,7735.111654,7,0.01342,14.90312965722741,2.457185405807896,-1.105,32.35294117647059,14.90312965722741,59.88089424701372,0,0,0,0,,False
GUN,2026-08-16T04:11:17.932Z,2026-08-16T04:11:17.933073Z,2026-08-16T06:11:17.933073Z,7728.258538,7,0.002985,33.50083752093811,8.873720136518779,-6.688,33.455882352941174,33.50083752093811,54.77012641649916,0,0,0,0,,False
INIT,2026-08-16T04:11:30.762Z,2026-08-16T04:11:30.762589Z,2026-08-16T06:11:30.762589Z,7715.429022,7,0.0508,39.37007874015725,3.100775193798458,1.176,29.044117647058822,39.37007874015725,66.00338597002808,0,0,0,0,,False
MANTA,2026-08-16T04:11:53.791Z,2026-08-16T04:11:53.792182Z,2026-08-16T06:11:53.792182Z,7692.399429,7,0.056755,8.809796493700025,3.7801890094504764,1.258,41.1764705882353,8.809796493700025,64.92485024339186,0,0,0,0,,False
MUBARAK,2026-08-16T04:12:00.431Z,2026-08-16T04:12:00.431447Z,2026-08-16T06:12:00.431447Z,7685.760164,7,0.015300000000000001,26.14379084967327,13.277202072538858,-6.651,39.338235294117645,26.14379084967327,59.00578036478636,0,0,0,0,,False
OPEN,2026-08-16T04:12:06.744Z,2026-08-16T04:12:06.744776Z,2026-08-16T06:12:06.744776Z,7679.446835,7,0.173,11.56069364161883,9.070165430690242,-4.625,33.088235294117645,11.56069364161883,56.52335294572267,2,1,1,0,1.0,False
PNUT,2026-08-16T04:12:17.335Z,2026-08-16T04:12:17.335856Z,2026-08-16T06:12:17.335856Z,7668.855755,7,0.04085,24.479804161565713,6.372549019607838,-0.971,34.9264705882353,24.479804161565713,60.15895309479143,5,1,4,0,1.0,False
PYTH,2026-08-16T04:12:24.640Z,2026-08-16T04:12:24.641447Z,2026-08-16T06:12:24.641447Z,7661.550164,7,0.039105,12.78608873545619,3.1895891809135013,-2.147,35.661764705882355,12.78608873545619,45.015063493463536,0,0,0,0,,False
RSR,2026-08-16T04:12:28.977Z,2026-08-16T04:12:28.978194Z,2026-08-16T06:12:28.978194Z,7657.213417,7,0.0011524999999999999,8.676789587851765,1.6421780466724218,0.784,38.23529411764706,8.676789587851765,70.42426989185334,0,0,0,0,,False
SAHARA,2026-08-16T04:12:36.606Z,2026-08-16T04:12:36.606365Z,2026-08-16T06:12:36.606365Z,7649.585246,7,0.007725,12.9449838187697,2.7202072538860005,-1.405,39.705882352941174,12.9449838187697,53.62646973180788,0,0,0,0,,False
SOLV,2026-08-16T04:12:41.708Z,2026-08-16T04:12:41.708460Z,2026-08-16T06:12:41.708460Z,7644.483151,7,0.0022649999999999997,44.15011037527606,6.607929515418501,3.653,37.13235294117647,44.15011037527606,68.87105317932743,0,0,0,0,,False
SPK,2026-08-16T04:12:48.446Z,2026-08-16T04:12:48.446475Z,2026-08-16T06:12:48.446475Z,7637.745136,7,0.0142505,18.94670362443492,3.1952247191011156,0.814,33.8235294117647,18.94670362443492,51.72979350929214,5,2,3,0,1.0,False
STO,2026-08-16T04:12:55.272Z,2026-08-16T04:12:55.272534Z,2026-08-16T06:12:55.272534Z,7630.919077,7,0.03855,25.940337224384656,7.253886010362703,0.0,32.720588235294116,25.940337224384656,56.57652635788501,0,0,0,0,,False
TOWNS,2026-08-16T04:13:01.863Z,2026-08-16T04:13:01.863955Z,2026-08-16T06:13:01.863955Z,7624.327656,7,0.0022449999999999996,44.54342984409812,4.504504504504497,3.256,34.19117647058823,44.54342984409812,70.58422280978908,0,0,0,0,,False
YGG,2026-08-16T04:13:18.476Z,2026-08-16T04:13:18.476794Z,2026-08-16T06:13:18.476794Z,7607.714817,7,0.01958,40.85801838610838,4.319437468608737,2.05,27.941176470588236,40.85801838610838,61.447028082521975,0,0,0,0,,False
ZKC,2026-08-16T04:13:25.876Z,2026-08-16T04:13:25.877052Z,2026-08-16T06:13:25.877052Z,7600.314559,7,0.03755,26.63115845539357,3.1999999999999993,0.0,40.44117647058823,26.63115845539357,58.79201816487668,0,0,0,0,,False
1000CAT,2026-08-16T04:18:58.740Z,2026-08-16T04:18:58.740482Z,2026-08-16T06:18:58.740482Z,7267.451129,7,0.00169,118.34319526627121,3.5928143712574814,1.212,18.75,118.34319526627121,58.101354522920495,5,2,1,2,0.6,False
1MBABYDOGE,2026-08-16T04:19:03.981Z,2026-08-16T04:19:03.981658Z,2026-08-16T06:19:03.981658Z,7262.209953,7,0.00032365,15.448787270199665,2.3406221127194238,-0.915,20.58823529411765,15.448787270199665,54.69216374811047,0,0,0,0,,
CVX,2026-08-16T04:19:39.444Z,2026-08-16T04:19:39.444608Z,2026-08-16T06:19:39.444608Z,7226.747003,7,1.6030000000000002,37.42981908920777,3.5805626598465508,0.321,20.955882352941178,37.42981908920777,45.8309866159226,1,0,1,0,1.0,False
ENJ,2026-08-16T04:19:49.701Z,2026-08-16T04:19:49.702135Z,2026-08-16T06:19:49.702135Z,7216.489476,7,0.023960000000000002,25.0417362270455,1.7954070981210848,-1.115,25.735294117647058,25.0417362270455,50.09465061579799,3,3,0,0,1.0,False
ILV,2026-08-16T04:20:26.531Z,2026-08-16T04:20:26.531812Z,2026-08-16T06:20:26.531812Z,7780.398936,7,3.0300000000000002,66.00660066006606,7.260726072607253,-3.195,19.11764705882353,66.00660066006606,55.75747268519069,0,0,0,0,,False
IMX,2026-08-16T04:20:32.488Z,2026-08-16T04:20:32.488735Z,2026-08-16T06:20:32.488735Z,7774.442013,7,0.10785,27.816411682892415,2.504638218923928,-1.01,26.470588235294116,27.816411682892415,57.14488039568415,3,1,2,0,1.0,False
IOTA,2026-08-16T04:20:39.209Z,2026-08-16T04:20:39.209343Z,2026-08-16T06:20:39.209343Z,7767.721405,7,0.03185,31.39717425431583,1.8461538461538565,-1.515,15.808823529411764,31.39717425431583,56.40827658649343,0,0,0,0,,False
KAIA,2026-08-16T04:20:45.518Z,2026-08-16T04:20:45.519126Z,2026-08-16T06:20:45.519126Z,7761.411622,7,0.02425,41.2371134020616,4.958677685950412,-4.348,16.544117647058822,41.2371134020616,51.56731638695737,0,0,0,0,,False
KERNEL,2026-08-16T04:20:51.563Z,2026-08-16T04:20:51.563922Z,2026-08-16T06:20:51.563922Z,7755.366826,7,0.033049999999999996,30.25718608169317,3.313253012048204,1.22,13.970588235294118,30.25718608169317,63.981720193480975,0,0,0,0,,False
KMNO,2026-08-16T04:20:57.814Z,2026-08-16T04:20:57.814943Z,2026-08-16T06:20:57.814943Z,7749.115805,7,0.017965000000000002,5.5663790704144676,3.1111111111111,-1.854,15.441176470588236,5.5663790704144676,57.46427518837242,2,1,0,1,1.0,False
LA,2026-08-16T04:21:02.905Z,2026-08-16T04:21:02.905774Z,2026-08-16T06:21:02.905774Z,7744.024974,7,0.04815,20.76843198338585,4.089979550102253,-1.807,19.485294117647058,20.76843198338585,54.67724797488231,0,0,0,0,,False
LISTA,2026-08-16T04:21:09.409Z,2026-08-16T04:21:09.409680Z,2026-08-16T06:21:09.409680Z,7737.521068,7,0.05605,17.84121320249704,10.600706713780916,1.071,23.16176470588235,17.84121320249704,59.49750453853163,2,1,1,0,1.0,False
MEME,2026-08-16T04:21:22.388Z,2026-08-16T04:21:22.389010Z,2026-08-16T06:21:22.389010Z,7724.541738,7,0.0004775,20.94240837696386,4.573804573804573,-0.414,15.073529411764707,20.94240837696386,43.857845566624604,56,32,19,5,0.9107,False
OSMO,2026-08-16T04:21:43.906Z,2026-08-16T04:21:43.906223Z,2026-08-16T06:21:43.906223Z,7703.024525,7,0.03025,33.05785123966922,2.970297029702975,1.678,19.852941176470587,33.05785123966922,64.8107625185455,0,0,0,0,,False
PARTI,2026-08-16T04:21:50.338Z,2026-08-16T04:21:50.338811Z,2026-08-16T06:21:50.338811Z,7696.591937,7,0.02225,44.94382022471883,5.82959641255605,-0.446,22.058823529411764,44.94382022471883,55.35807382698351,0,0,0,0,,False
PHA,2026-08-16T04:21:57.331Z,2026-08-16T04:21:57.332009Z,2026-08-16T06:21:57.332009Z,7689.598739,7,0.02175,45.977011494252594,4.60829493087558,-0.459,12.132352941176471,45.977011494252594,52.49584819742663,0,0,0,0,,False
PROVE,2026-08-16T04:22:01.635Z,2026-08-16T04:22:01.636123Z,2026-08-16T06:22:01.636123Z,7685.294625,7,0.1513,13.218770654329527,9.072978303747538,4.608,25.0,13.218770654329527,65.69217160565707,2,0,0,2,-1.0,False
SNX,2026-08-16T04:22:08.253Z,2026-08-16T04:22:08.253713Z,2026-08-16T06:22:08.253713Z,7678.677035,7,0.1975,50.632911392405106,1.0101010101010108,0.0,21.323529411764707,50.632911392405106,52.240454342031775,0,0,0,0,,False
SSV,2026-08-16T04:22:14.588Z,2026-08-16T04:22:14.588471Z,2026-08-16T06:22:14.588471Z,7672.342277,7,2.1285,42.283298097251105,5.949008498583565,1.778,12.5,42.283298097251105,65.12370232559566,0,0,0,0,,False
USUAL,2026-08-16T04:22:26.343Z,2026-08-16T04:22:26.344210Z,2026-08-16T06:22:26.344210Z,7660.586538,7,0.00886,22.57336343115032,5.568181818181827,-0.34,22.426470588235293,22.57336343115032,42.87102765373022,0,0,0,0,,False
VET,2026-08-16T04:22:32.658Z,2026-08-16T04:22:32.658639Z,2026-08-16T06:22:32.658639Z,7654.272109,7,0.004456,8.976660682227404,1.7009847806625011,-0.645,18.014705882352942,8.976660682227404,42.28144872778555,3,2,1,0,1.0,False
W,2026-08-16T04:22:37.750Z,2026-08-16T04:22:37.750512Z,2026-08-16T06:22:37.750512Z,7649.180236,7,0.008285,12.070006035004617,2.8402366863905404,1.685,21.691176470588236,12.070006035004617,71.8209165691768,0,0,0,0,,False
AUCTION,2026-08-16T04:28:33.037Z,2026-08-16T04:28:33.037414Z,2026-08-16T06:28:33.037414Z,7293.893334,7,2.808,35.61253561253644,2.729528535980147,0.32,3.676470588235294,35.61253561253644,55.88058386299535,0,0,0,0,,False
BFUSD,2026-08-16T04:28:43.293Z,2026-08-16T04:28:43.293705Z,2026-08-16T06:28:43.293705Z,7283.637043,7,0.99905,11.010459936939991,0.12018027040560629,-0.01,1.1029411764705883,11.010459936939991,39.528677602660075,0,0,0,0,,False
BLUR,2026-08-16T04:28:50.228Z,2026-08-16T04:28:50.228907Z,2026-08-16T06:28:50.228907Z,7276.701841,7,0.013080000000000001,45.871559633026976,1.8306636155606324,-0.076,2.573529411764706,45.871559633026976,54.977509587200736,0,0,0,0,,False
BNB,2026-08-16T04:28:54.946Z,2026-08-16T04:28:54.947179Z,2026-08-16T06:28:54.947179Z,7271.983569,7,604.455,0.16543828738269853,1.0558914128518897,-0.151,98.16176470588235,0.16543828738269853,48.991873392751245,0,0,0,0,,False
BTC,2026-08-16T04:29:06.407Z,2026-08-16T04:29:06.408298Z,2026-08-16T06:29:06.408298Z,7260.52245,7,63006.005000000005,0.001587150304488797,0.4281565924063415,0.006,100.0,0.001587150304488797,72.71134952737695,0,0,0,0,,False
COMP,2026-08-16T04:29:13.051Z,2026-08-16T04:29:13.051766Z,2026-08-16T06:29:13.051766Z,7253.878982,7,16.195,43.22321704229718,1.109741060419234,0.996,1.838235294117647,43.22321704229718,53.48799716591921,5,2,3,0,0.6,False
FORM,2026-08-16T04:29:35.069Z,2026-08-16T04:29:35.069858Z,2026-08-16T06:29:35.069858Z,7231.86089,7,0.2006,9.97008973080648,2.9747149231532006,-2.04,4.779411764705882,9.97008973080648,58.08536152970583,0,0,0,0,,False
HIVE,2026-08-16T04:29:41.204Z,2026-08-16T04:29:41.204836Z,2026-08-16T06:29:41.204836Z,7225.725912,7,0.039,51.28205128205275,2.5188916876574328,1.535,2.2058823529411766,51.28205128205275,50.022650607835715,0,0,0,0,,False
LAYER,2026-08-16T04:29:53.267Z,2026-08-16T04:29:53.267730Z,2026-08-16T06:29:53.267730Z,7213.663018,7,0.060950000000000004,16.406890894174886,1.9933554817275858,-0.496,5.514705882352941,16.406890894174886,55.021050494795475,0,0,0,0,,False
LINK,2026-08-16T04:29:58.430Z,2026-08-16T04:29:58.430817Z,2026-08-16T06:29:58.430817Z,7208.499931,7,9.3585,1.068547309931555,5.508162190626643,-0.763,98.52941176470588,1.068547309931555,50.162358901922104,27,15,7,5,0.3704,False
MANTRA,2026-08-16T04:30:05.663Z,2026-08-16T04:30:05.663284Z,2026-08-16T06:30:05.663284Z,7201.267464,7,0.004895,20.429009193053304,2.6422764227642257,-1.006,9.191176470588236,20.429009193053304,52.23342523426872,0,0,0,0,,False
MITO,2026-08-16T04:30:11.710Z,2026-08-16T04:30:11.710960Z,2026-08-16T06:30:11.710960Z,7794.762638,7,0.0252,7.936507936507613,4.833005893909634,2.787,9.558823529411764,7.936507936507613,52.60096310137341,0,0,0,0,,False
NMR,2026-08-16T04:30:18.104Z,2026-08-16T04:30:18.104368Z,2026-08-16T06:30:18.104368Z,7788.36923,7,8.075,37.15170278637692,1.233045622688035,0.123,6.985294117647059,37.15170278637692,37.19285504739717,0,0,0,0,,False
QNT,2026-08-16T04:30:24.068Z,2026-08-16T04:30:24.068451Z,2026-08-16T06:30:24.068451Z,7782.405147,7,57.21,10.487676979549427,1.7301038062283738,-0.379,5.882352941176471,10.487676979549427,55.68865563779476,6,2,2,2,0.1667,False
REZ,2026-08-16T04:30:30.419Z,2026-08-16T04:30:30.420227Z,2026-08-16T06:30:30.420227Z,7776.053371,7,0.002693,14.853323431118072,4.594294183030751,-1.496,11.029411764705882,14.853323431118072,54.74794224112868,2,0,2,0,1.0,False
SHELL,2026-08-16T04:30:43.533Z,2026-08-16T04:30:43.534088Z,2026-08-16T06:30:43.534088Z,7762.93951,7,0.020249999999999997,49.38271604938242,4.3689320388349415,3.518,6.25,49.38271604938242,65.71720943336527,0,0,0,0,,False
SIGN,2026-08-16T04:30:49.906Z,2026-08-16T04:30:49.907068Z,2026-08-16T06:30:49.907068Z,7756.56653,7,0.006505,15.372790161415004,3.4003091190108146,1.73,8.455882352941176,15.372790161415004,68.09760469699158,0,0,0,0,,False
SOL,2026-08-16T04:30:54.225Z,2026-08-16T04:30:54.226093Z,2026-08-16T06:30:54.226093Z,7752.247505,7,75.33500000000001,1.3274042609683567,0.9264160931709937,0.04,98.8970588235294,1.3274042609683567,65.0397294400933,0,0,0,0,,False
STEEM,2026-08-16T04:31:01.064Z,2026-08-16T04:31:01.065107Z,2026-08-16T06:31:01.065107Z,7745.408491,7,0.0349,28.65329512894065,2.1076616348618753,1.036,0.7352941176470589,28.65329512894065,51.85576535785527,0,0,0,0,,False
SXT,2026-08-16T04:31:07.092Z,2026-08-16T04:31:07.093183Z,2026-08-16T06:31:07.093183Z,7739.380415,7,0.007025,42.704626334520306,3.4236804564907244,-0.567,1.4705882352941178,42.704626334520306,40.18715289872213,0,0,0,0,,False
TURBO,2026-08-16T04:31:13.452Z,2026-08-16T04:31:13.452304Z,2026-08-16T06:31:13.452304Z,7733.021294,7,0.0007895,12.666244458518355,3.2911392405063267,-0.253,6.617647058823529,12.666244458518355,58.56413835044597,1,1,0,0,1.0,False
TURTLE,2026-08-16T04:31:20.088Z,2026-08-16T04:31:20.088378Z,2026-08-16T06:31:20.088378Z,7726.38522,7,0.042800000000000005,46.728971962616534,4.794520547945217,4.038,4.044117647058823,46.728971962616534,71.19518585022337,0,0,0,0,,False
UMA,2026-08-16T04:31:29.945Z,2026-08-16T04:31:29.946040Z,2026-08-16T06:31:29.946040Z,7716.527558,7,0.3225,31.007751937984523,1.5384615384615397,-0.307,2.9411764705882355,31.007751937984523,38.223154173762474,0,0,0,0,,True
USD1,2026-08-16T04:31:32.595Z,2026-08-16T04:31:32.595468Z,2026-08-16T06:31:32.595468Z,7713.87813,7,0.99925,1.0007505629220814,0.030027024321886392,0.0,99.26470588235294,1.0007505629220814,77.31801898389782,0,0,0,0,,False
VANA,2026-08-16T04:31:39.088Z,2026-08-16T04:31:39.088791Z,2026-08-16T06:31:39.088791Z,7707.384807,7,0.8705,57.43825387708218,3.448275862068969,2.473,4.411764705882353,57.43825387708218,53.047191940753954,0,0,0,0,,False
VELODROME,2026-08-16T04:31:45.708Z,2026-08-16T04:31:45.709073Z,2026-08-16T06:31:45.709073Z,7700.764525,7,0.01672,23.923444976077654,2.423167848699767,0.356,10.661764705882353,23.923444976077654,57.83701028766367,0,0,0,0,,True
XRP,2026-08-16T04:31:50.147Z,2026-08-16T04:31:50.147383Z,2026-08-16T06:31:50.147383Z,7696.326215,7,0.99995,1.000050002500015,0.7980845969672683,-0.249,97.42647058823529,1.000050002500015,53.32550576542921,34,18,6,10,0.5294,False
XVG,2026-08-16T04:32:00.643Z,2026-08-16T04:32:00.644072Z,2026-08-16T06:32:00.644072Z,7685.829526,7,0.0020505000000000002,24.384296513046717,2.4554646124217543,-0.812,5.147058823529412,24.384296513046717,63.5739283131808,0,0,0,0,,False
AVAX,2026-08-16T04:37:57.423Z,2026-08-16T04:37:57.423840Z,2026-08-16T06:37:57.423840Z,7329.049758,7,6.3285,1.5801532748667864,8.225449952636565,-5.646,95.22058823529412,1.5801532748667864,53.03781295654262,10,5,3,2,0.3,False
EUR,2026-08-16T04:38:17.572Z,2026-08-16T04:38:17.573154Z,2026-08-16T06:38:17.573154Z,7308.900444,7,1.15625,0.8648648648666899,0.06053792268443699,-0.026,95.58823529411765,0.8648648648666899,62.61453913946933,0,0,0,0,,False
FET,2026-08-16T04:38:22.189Z,2026-08-16T04:38:22.190117Z,2026-08-16T06:38:22.190117Z,7304.283481,7,0.12375,8.080808080807191,8.380338436744566,-7.25,90.07352941176471,8.080808080807191,55.92000410783351,0,0,0,0,,False
HEMI,2026-08-16T04:38:26.820Z,2026-08-16T04:38:26.821656Z,2026-08-16T06:38:26.821656Z,7299.651942,7,0.008365000000000001,11.954572624030277,42.00244200244201,66.126,97.05882352941177,11.954572624030277,86.71115884615746,11,6,1,4,0.5455,False
ICP,2026-08-16T04:38:31.805Z,2026-08-16T04:38:31.805537Z,2026-08-16T06:38:31.805537Z,7294.668061,7,2.241,8.924587237839265,4.267744833782559,-2.368,91.17647058823529,8.924587237839265,49.431752895984154,5,1,3,1,-0.2,False
LTC,2026-08-16T04:38:38.083Z,2026-08-16T04:38:38.083388Z,2026-08-16T06:38:38.083388Z,7288.39021,7,44.144999999999996,2.265262204099674,0.90415913200723,0.431,88.97058823529412,2.265262204099674,61.12047061263079,5,3,2,0,0.6,False
NEAR,2026-08-16T04:38:50.598Z,2026-08-16T04:38:50.598560Z,2026-08-16T06:38:50.598560Z,7275.875038,7,1.6085,6.216972334472427,2.5465838509316723,-1.829,94.11764705882354,6.216972334472427,47.53248122906863,1,0,1,0,1.0,False
PLUME,2026-08-16T04:39:05.202Z,2026-08-16T04:39:05.202749Z,2026-08-16T06:39:05.202749Z,7261.270849,7,0.013085,7.642338555597702,13.14373558800922,-1.065,95.95588235294117,7.642338555597702,59.538929577958726,1,0,0,1,-1.0,False
PUMP,2026-08-16T04:39:10.651Z,2026-08-16T04:39:10.651223Z,2026-08-16T06:39:10.651223Z,7255.822375,7,0.0027755,3.602954422625469,5.52945428261655,0.181,94.8529411764706,3.602954422625469,53.20205515021204,5,4,0,1,0.6,False
SOMI,2026-08-16T04:39:30.506Z,2026-08-16T04:39:30.506912Z,2026-08-16T06:39:30.506912Z,7235.966686,7,0.09125,10.958904109589355,8.577633007600438,1.098,87.86764705882354,10.958904109589355,58.312618301472774,0,0,0,0,,False
SUI,2026-08-16T04:39:36.227Z,2026-08-16T04:39:36.227681Z,2026-08-16T06:39:36.227681Z,7230.245917,7,0.67475,1.48203038162266,2.0142180094786815,-1.416,91.91176470588235,1.48203038162266,65.3889884696036,8,3,5,0,0.875,False
TRX,2026-08-16T04:39:46.080Z,2026-08-16T04:39:46.080523Z,2026-08-16T06:39:46.080523Z,7220.393075,7,0.33085,3.022517757293169,0.7259528130671379,-0.691,96.32352941176471,3.022517757293169,36.356099130594245,22,7,12,3,0.7727,False
TUT,2026-08-16T04:39:51.025Z,2026-08-16T04:39:51.025783Z,2026-08-16T06:39:51.025783Z,7215.447815,7,0.032655,21.436227224006636,29.01554404145078,3.306,92.27941176470588,21.436227224006636,52.65032168470423,5,4,1,0,1.0,False
UNI,2026-08-16T04:39:57.001Z,2026-08-16T04:39:57.001444Z,2026-08-16T06:39:57.001444Z,7209.472154,7,3.2305,3.095496053242191,3.0265596046942513,-1.819,88.23529411764706,3.095496053242191,49.82625310694517,9,6,1,2,0.1111,False
ZEC,2026-08-16T04:40:22.947Z,2026-08-16T04:40:22.950220Z,2026-08-16T06:40:22.950220Z,7785.208083,7,487.435,4.308266743258821,2.1064096504387497,-1.368,91.54411764705883,4.308266743258821,51.07080762279158,12,8,4,0,0.5833,False
0G,2026-08-16T04:45:56.762Z,2026-08-16T04:45:56.762989Z,2026-08-16T06:45:56.762989Z,7451.395314,7,0.1615,61.9195046439629,6.211180124223608,0.625,72.79411764705883,61.9195046439629,54.31094867447519,0,0,0,0,,False
AAVE,2026-08-16T04:46:01.233Z,2026-08-16T04:46:01.233648Z,2026-08-16T06:46:01.233648Z,7446.924655,7,85.86500000000001,1.1646188784726157,1.4844021802157035,-0.919,77.94117647058823,1.1646188784726157,58.12166311208026,0,0,0,0,,False
ALGO,2026-08-16T04:46:15.223Z,2026-08-16T04:46:15.223961Z,2026-08-16T06:46:15.223961Z,7432.934342,7,0.07894999999999999,12.666244458518413,1.6434892541087174,-0.628,71.32352941176471,12.666244458518413,59.075402754407705,3,2,1,0,0.3333,False
EDEN,2026-08-16T04:47:04.518Z,2026-08-16T04:47:04.519383Z,2026-08-16T06:47:04.519383Z,7383.63892,7,0.04494,22.251891410770554,29.79291917167668,-19.328,77.57352941176471,22.251891410770554,47.89555145437063,2,2,0,0,1.0,False
ENA,2026-08-16T04:47:11.276Z,2026-08-16T04:47:11.276857Z,2026-08-16T06:47:11.276857Z,7376.881446,7,0.08285000000000001,12.070006035003363,2.5029797377830643,-1.986,84.19117647058823,12.070006035003363,63.79770731158917,0,0,0,0,,False
EPIC,2026-08-16T04:47:18.225Z,2026-08-16T04:47:18.226024Z,2026-08-16T06:47:18.226024Z,7369.932279,7,0.3391,23.591860808021906,29.215509467989182,-13.54,84.92647058823529,23.591860808021906,53.91729064211618,1,0,0,1,1.0,False
ETHFI,2026-08-16T04:47:24.802Z,2026-08-16T04:47:24.803102Z,2026-08-16T06:47:24.803102Z,7363.355201,7,0.47665,10.489877268435967,9.06587587375556,5.427,73.8970588235294,10.489877268435967,75.5655289511475,0,0,0,0,,False
HOME,2026-08-16T04:47:41.139Z,2026-08-16T04:47:41.139815Z,2026-08-16T06:47:41.139815Z,7347.018488,7,0.00763,26.21231979030151,23.989898989898986,-15.475,80.1470588235294,26.21231979030151,45.51421877342691,1,0,0,1,1.0,False
NXPC,2026-08-16T04:48:09.308Z,2026-08-16T04:48:09.308553Z,2026-08-16T06:48:09.308553Z,7318.84975,7,0.18675,16.064257028113655,12.90322580645161,1.418,83.45588235294117,16.064257028113655,67.82744208320067,0,0,0,0,,False
SYN,2026-08-16T04:48:55.825Z,2026-08-16T04:48:55.825571Z,2026-08-16T06:48:55.825571Z,7272.332732,7,0.10496,9.527439024390517,4.834894502791184,0.888,70.95588235294117,9.527439024390517,67.18198651355777,1,1,0,0,1.0,False
WLFI,2026-08-16T04:49:09.472Z,2026-08-16T04:49:09.473219Z,2026-08-16T06:49:09.473219Z,7258.685084,7,0.05865,17.05029838022214,4.655172413793105,1.754,81.25,17.05029838022214,74.16230945992187,1,0,1,0,1.0,False
API3,2026-08-16T04:54:53.790Z,2026-08-16T04:54:53.790374Z,2026-08-16T06:54:53.790374Z,7513.198951,7,0.1885,10.61007957559565,9.336870026525187,-0.423,62.5,10.61007957559565,63.36862397868768,0,0,0,0,,False
ASTER,2026-08-16T04:54:58.443Z,2026-08-16T04:54:58.444205Z,2026-08-16T06:54:58.444205Z,7508.54512,7,0.5994999999999999,16.68056713928275,0.8333333333333341,-0.166,67.27941176470588,16.68056713928275,68.60320684638526,2,1,0,1,0.0,False
BANANA,2026-08-16T04:55:09.575Z,2026-08-16T04:55:09.575786Z,2026-08-16T06:55:09.575786Z,7497.413539,7,3.9459999999999997,50.68423720223016,10.989291177970435,3.456,56.25,50.68423720223016,43.350873163809496,0,0,0,0,,False
FIL,2026-08-16T04:56:01.140Z,2026-08-16T04:56:01.140707Z,2026-08-16T06:56:01.140707Z,7445.848618,7,0.67735,10.334391378163769,3.5149904002363077,-2.519,62.13235294117647,10.334391378163769,57.11298953552229,1,0,1,0,1.0,False
LDO,2026-08-16T04:56:35.009Z,2026-08-16T04:56:35.010043Z,2026-08-16T06:56:35.010043Z,7411.979282,7,0.29515,10.16432322547933,4.271779347460492,0.236,69.8529411764706,10.16432322547933,65.21583758449704,0,0,0,0,,False
MMT,2026-08-16T04:56:39.608Z,2026-08-16T04:56:39.608712Z,2026-08-16T06:56:39.608712Z,7407.380613,7,0.17735,28.192839018889227,7.05019740552736,2.545,64.33823529411765,28.192839018889227,60.313376657375294,0,0,0,0,,False
ONT,2026-08-16T04:56:51.436Z,2026-08-16T04:56:51.436668Z,2026-08-16T06:56:51.436668Z,7395.552657,7,0.037885,23.75610399894412,5.421846072467609,5.086,56.98529411764706,23.75610399894412,54.53890275575805,2,1,0,1,1.0,False
PENDLE,2026-08-16T04:57:12.645Z,2026-08-16T04:57:12.646187Z,2026-08-16T06:57:12.646187Z,7374.343138,7,1.2885,7.760962359331702,2.8549382716049494,-0.766,65.80882352941177,7.760962359331702,59.64515027532378,0,0,0,0,,False
ROSE,2026-08-16T04:57:19.423Z,2026-08-16T04:57:19.424099Z,2026-08-16T06:57:19.424099Z,7367.565226,7,0.005275,18.957345971563207,4.15094339622641,-0.749,57.35294117647059,18.957345971563207,57.14430217142655,8,2,5,1,1.0,False
RUNE,2026-08-16T04:57:25.943Z,2026-08-16T04:57:25.943733Z,2026-08-16T06:57:25.943733Z,7361.045592,7,0.4135,24.183796856106433,0.954653937947495,-0.238,69.11764705882354,24.183796856106433,65.00308659902272,0,0,0,0,,False
STRK,2026-08-16T04:57:40.741Z,2026-08-16T04:57:40.741514Z,2026-08-16T06:57:40.741514Z,7346.247811,7,0.022945,4.3582479843116415,2.7086063783311447,-0.694,61.029411764705884,4.3582479843116415,63.1195679871055,1,1,0,0,1.0,False
TREE,2026-08-16T04:57:52.700Z,2026-08-16T04:57:52.700582Z,2026-08-16T06:57:52.700582Z,7334.288743,7,0.03395,29.455081001473594,12.244897959183682,2.695,66.91176470588235,29.455081001473594,65.94180747375837,0,0,0,0,,False
VANRY,2026-08-16T04:58:01.585Z,2026-08-16T04:58:01.585962Z,2026-08-16T06:58:01.585962Z,7325.403363,7,0.001069,149.67259120673484,100.1740644038294,-27.048,63.970588235294116,149.67259120673484,49.423708976586255,1,0,1,0,1.0,False
VIRTUAL,2026-08-16T04:58:08.225Z,2026-08-16T04:58:08.225799Z,2026-08-16T06:58:08.225799Z,7318.763526,7,0.5528,7.235890014472992,2.975977052707074,-0.694,60.294117647058826,7.235890014472992,53.11168647930944,1,0,1,0,1.0,False
1000CHEEMS,2026-08-16T05:03:58.700Z,2026-08-16T05:03:58.700600Z,2026-08-16T07:03:58.700600Z,7567.01183,7,0.00048249999999999996,20.725388601035654,3.0991735537190053,-0.206,55.88235294117647,20.725388601035654,61.999606861124384,2,2,0,0,1.0,False
AR,2026-08-16T05:04:11.974Z,2026-08-16T05:04:11.974812Z,2026-08-16T07:04:11.974812Z,7553.737618,7,1.8075,5.53250345781528,3.3832501386577896,2.677,41.544117647058826,5.53250345781528,71.4860996675375,4,2,2,0,1.0,False
BABY,2026-08-16T05:04:18.781Z,2026-08-16T05:04:18.781347Z,2026-08-16T07:04:18.781347Z,7546.931083,7,0.009545,10.476689366159867,6.589958158995819,-4.591,50.73529411764706,10.476689366159867,55.60227314002908,0,0,0,0,,False
BIO,2026-08-16T05:04:32.045Z,2026-08-16T05:04:32.046078Z,2026-08-16T07:04:32.046078Z,7533.666352,7,0.02457,8.14000814000922,4.985696771557018,-0.891,49.26470588235294,8.14000814000922,46.34761324904424,0,0,0,0,,False
CAKE,2026-08-16T05:04:38.798Z,2026-08-16T05:04:38.799039Z,2026-08-16T07:04:38.799039Z,7526.913391,7,1.4304999999999999,6.990562740301377,1.188811188811182,-0.487,47.4264705882353,6.990562740301377,66.0704776808818,2,2,0,0,1.0,False
CETUS,2026-08-16T05:04:45.026Z,2026-08-16T05:04:45.027061Z,2026-08-16T07:04:45.027061Z,7520.685369,7,0.021685,23.057412958266745,7.241697416974178,6.067,54.411764705882355,23.057412958266745,78.69761477274345,2,1,0,1,0.0,False
COTI,2026-08-16T05:05:00.956Z,2026-08-16T05:05:00.957168Z,2026-08-16T07:05:00.957168Z,7504.755262,7,0.01013,19.743336623888634,9.126213592233007,-1.905,46.3235294117647,19.743336623888634,58.92736971857812,0,0,0,0,,False
FLOKI,2026-08-16T05:05:09.802Z,2026-08-16T05:05:09.802381Z,2026-08-16T07:05:09.802381Z,7495.910049,7,2.0295e-05,4.927322000491849,3.098868666994585,-0.392,53.30882352941177,4.927322000491849,62.776420245497945,3,2,1,0,0.6667,False
HOLO,2026-08-16T05:05:19.097Z,2026-08-16T05:05:19.097684Z,2026-08-16T07:05:19.097684Z,7486.614746,7,0.055499999999999994,36.036036036035824,18.083182640144656,-15.054,54.779411764705884,36.036036036035824,53.401483269755275,3,2,0,1,0.3333,False
NOT,2026-08-16T05:06:00.983Z,2026-08-16T05:06:00.983354Z,2026-08-16T07:06:00.983354Z,7444.729076,7,0.0003895,25.67394094993505,10.824742268041234,3.467,51.470588235294116,25.67394094993505,66.87441366566001,0,0,0,0,,False
ORCA,2026-08-16T05:06:13.199Z,2026-08-16T05:06:13.199418Z,2026-08-16T07:06:13.199418Z,7432.513012,7,1.0379999999999998,19.26782273603085,4.610951008645538,1.462,47.05882352941177,19.26782273603085,66.76936041595673,0,0,0,0,,False
PEOPLE,2026-08-16T05:06:20.211Z,2026-08-16T05:06:20.212215Z,2026-08-16T07:06:20.212215Z,7425.500215,7,0.0075049999999999995,13.324450366423,6.639566395663957,-2.252,43.38235294117647,13.324450366423,54.78977554807973,0,0,0,0,,False
PIXEL,2026-08-16T05:06:25.944Z,2026-08-16T05:06:25.944394Z,2026-08-16T07:06:25.944394Z,7419.768036,7,0.005425,55.299539170507856,17.716535433070877,9.957,44.11764705882353,55.299539170507856,55.11744236802604,4,3,0,1,1.0,False
SKY,2026-08-16T05:06:55.152Z,2026-08-16T05:06:55.153178Z,2026-08-16T07:06:55.153178Z,7390.559252,7,0.05086,3.932363350373414,2.675585284280937,-0.528,43.01470588235294,3.932363350373414,60.42396649302699,1,0,0,1,-1.0,False
WIF,2026-08-16T05:07:29.025Z,2026-08-16T05:07:29.025975Z,2026-08-16T07:07:29.025975Z,7356.686455,7,0.13645000000000002,7.328691828509838,2.49632892804698,-1.873,53.6764705882353,7.328691828509838,64.52169117400591,5,4,1,0,1.0,False
1000SATS,2026-08-16T05:13:05.394Z,2026-08-16T05:13:05.395032Z,2026-08-16T07:13:05.395032Z,7620.828774,7,1.0475e-05,47.73269689737425,5.603864734299513,-1.803,29.044117647058822,47.73269689737425,59.58439040512236,12,2,6,4,0.6667,False
ACH,2026-08-16T05:13:12.687Z,2026-08-16T05:13:12.687292Z,2026-08-16T07:13:12.687292Z,7613.536514,7,0.0041849999999999995,23.894862604541125,4.8076923076922995,0.971,36.39705882352941,23.894862604541125,62.859136764363406,0,0,0,0,,False
BROCCOLI714,2026-08-16T05:13:26.725Z,2026-08-16T05:13:26.726027Z,2026-08-16T07:13:26.726027Z,7599.497779,7,0.01525,26.22950819672138,8.289473684210531,-4.222,29.779411764705884,26.22950819672138,43.59238671596152,0,0,0,0,,
CATI,2026-08-16T05:13:39.470Z,2026-08-16T05:13:39.470501Z,2026-08-16T07:13:39.470501Z,7586.753305,7,0.048935,22.478798406048636,6.054323035455108,-1.128,34.9264705882353,22.478798406048636,57.5503650088837,0,0,0,0,,False
CGPT,2026-08-16T05:13:45.514Z,2026-08-16T05:13:45.514451Z,2026-08-16T07:13:45.514451Z,7580.709355,7,0.020284999999999997,4.929751047571898,6.548498276710986,-1.837,38.23529411764706,4.929751047571898,53.96326810732839,0,0,0,0,,False
DASH,2026-08-16T05:13:52.051Z,2026-08-16T05:13:52.052095Z,2026-08-16T07:13:52.052095Z,7574.171711,7,29.64,13.495276653171102,2.4316109422492365,-1.497,36.76470588235294,13.495276653171102,34.74982167160128,3,1,0,2,-0.3333,False
DOGS,2026-08-16T05:13:59.164Z,2026-08-16T05:13:59.164706Z,2026-08-16T07:13:59.164706Z,7567.0591,7,3.4445e-05,14.515894904921241,3.088578088578089,0.058,30.147058823529413,14.515894904921241,56.85130489490733,0,0,0,0,,False
GMT,2026-08-16T05:14:21.800Z,2026-08-16T05:14:21.800365Z,2026-08-16T07:14:21.800365Z,7544.423441,7,0.006195,16.142050040354466,7.868852459016386,-2.866,33.8235294117647,16.142050040354466,42.59394109204867,0,0,0,0,,False
HAEDAL,2026-08-16T05:14:46.801Z,2026-08-16T05:14:46.801747Z,2026-08-16T07:14:46.801747Z,7519.422059,7,0.017155,29.146021568056796,7.6830732292917165,3.414,28.676470588235293,29.146021568056796,48.0100131109379,0,0,0,0,,False
IO,2026-08-16T05:15:06.798Z,2026-08-16T05:15:06.798546Z,2026-08-16T07:15:06.798546Z,7499.42526,7,0.1116,17.921146953404286,5.650224215246637,-2.45,37.86764705882353,17.921146953404286,58.362087621783104,0,0,0,0,,False
TWT,2026-08-16T05:16:35.101Z,2026-08-16T05:16:35.101932Z,2026-08-16T07:16:35.101932Z,7411.121874,7,0.3892,20.554984583762153,4.176334106728536,-3.627,34.19117647058823,20.554984583762153,41.2272556046569,1,0,0,1,-1.0,False
YB,2026-08-16T05:16:41.767Z,2026-08-16T05:16:41.767360Z,2026-08-16T07:16:41.767360Z,7404.456446,7,0.079,25.316455696203256,13.400758533501895,2.196,26.83823529411765,25.316455696203256,49.619972952022195,0,0,0,0,,False
AIXBT,2026-08-16T05:22:42.371Z,2026-08-16T05:22:42.372269Z,2026-08-16T07:22:42.372269Z,7643.847214,7,0.01786,22.39641657334735,3.599550056242979,0.623,17.647058823529413,22.39641657334735,43.62301320501219,0,0,0,0,,False
ALT,2026-08-16T05:22:51.728Z,2026-08-16T05:22:51.729125Z,2026-08-16T07:22:51.729125Z,7634.490358,7,0.006085,16.433853738701053,4.515050167224085,1.701,26.102941176470587,16.433853738701053,50.164878787053404,2,1,0,1,1.0,False
ARKM,2026-08-16T05:22:58.741Z,2026-08-16T05:22:58.741714Z,2026-08-16T07:22:58.741714Z,7627.477769,7,0.0905,22.09944751381279,2.7593818984547482,-1.522,23.897058823529413,22.09944751381279,57.26175151114503,3,2,1,0,1.0,False
AT,2026-08-16T05:23:06.336Z,2026-08-16T05:23:06.336412Z,2026-08-16T07:23:06.336412Z,7619.883071,7,0.15935,31.377470975839376,7.471264367816086,-1.011,24.63235294117647,31.377470975839376,62.393896290520615,5,3,0,2,0.2,False
AXS,2026-08-16T05:23:13.346Z,2026-08-16T05:23:13.346524Z,2026-08-16T07:23:13.346524Z,7612.872959,7,0.8685,11.514104778353493,4.181184668989551,-2.931,26.470588235294116,11.514104778353493,58.012199200967345,0,0,0,0,,False
BEAMX,2026-08-16T05:23:19.199Z,2026-08-16T05:23:19.199577Z,2026-08-16T07:23:19.199577Z,7607.019906,7,0.0013415,22.363026462914384,3.96706586826348,-0.373,19.485294117647058,22.363026462914384,59.37362546509977,0,0,0,0,,False
CKB,2026-08-16T05:23:26.239Z,2026-08-16T05:23:26.239540Z,2026-08-16T07:23:26.239540Z,7599.979943,7,0.000835,23.952095808383813,3.874092009685219,0.121,16.91176470588235,23.952095808383813,43.76759822500458,0,0,0,0,,False
EIGEN,2026-08-16T05:23:38.994Z,2026-08-16T05:23:38.994551Z,2026-08-16T07:23:38.994551Z,7587.224932,7,0.16870000000000002,11.855364552460326,3.0393325387365873,-2.499,24.264705882352942,11.855364552460326,48.97344509828626,0,0,0,0,,False
ENS,2026-08-16T05:23:51.372Z,2026-08-16T05:23:51.372536Z,2026-08-16T07:23:51.372536Z,7574.846947,7,4.015,24.906600249065473,1.745635910224446,-0.743,12.867647058823529,24.906600249065473,39.88920174746995,1,1,0,0,-1.0,False
EURI,2026-08-16T05:23:56.820Z,2026-08-16T05:23:56.820253Z,2026-08-16T07:23:56.820253Z,7569.39923,7,1.1562000000000001,22.487458917141804,0.28576376861793024,-0.138,14.338235294117647,22.487458917141804,43.31515655313266,0,0,0,0,,False
F,2026-08-16T05:24:03.567Z,2026-08-16T05:24:03.568170Z,2026-08-16T07:24:03.568170Z,7562.651313,7,0.0027949999999999997,35.77817531305913,6.934306569343068,1.481,15.808823529411764,35.77817531305913,63.005219857982986,0,0,0,0,,False
FF,2026-08-16T05:24:11.060Z,2026-08-16T05:24:11.061359Z,2026-08-16T07:24:11.061359Z,7555.158124,7,0.06512,12.285012285011787,1.8804464149212794,0.492,22.058823529411764,12.285012285011787,47.18917674481339,0,0,0,0,,False
FLUX,2026-08-16T05:24:18.850Z,2026-08-16T05:24:18.850713Z,2026-08-16T07:24:18.850713Z,7547.36877,7,0.04085,24.479804161565713,3.7220843672456607,2.025,12.132352941176471,24.479804161565713,59.60887708389001,0,0,0,0,,False
HMSTR,2026-08-16T05:24:32.682Z,2026-08-16T05:24:32.683146Z,2026-08-16T07:24:32.683146Z,7533.536337,7,0.000175,11.428571428571708,4.19977298524405,-0.508,25.0,11.428571428571708,38.33643287064717,0,0,0,0,,False
MET,2026-08-16T05:25:27.113Z,2026-08-16T05:25:27.113337Z,2026-08-16T07:25:27.113337Z,7479.106146,7,0.1636,24.44987775061195,3.180428134556581,0.615,20.220588235294116,24.44987775061195,53.80301529655809,2,0,2,0,0.0,False
MINA,2026-08-16T05:25:35.267Z,2026-08-16T05:25:35.268176Z,2026-08-16T07:25:35.268176Z,7470.951307,7,0.03955,25.284450063211846,2.278481012658223,1.023,21.691176470588236,25.284450063211846,47.298220422867274,0,0,0,0,,False
NEWT,2026-08-16T05:25:42.296Z,2026-08-16T05:25:42.296346Z,2026-08-16T07:25:42.296346Z,7463.923137,7,0.03715,26.91790040376741,6.382978723404253,0.804,12.5,26.91790040376741,46.5576431246279,0,0,0,0,,False
TNSR,2026-08-16T05:26:22.984Z,2026-08-16T05:26:22.984932Z,2026-08-16T07:26:22.984932Z,7423.234551,7,0.03225,31.007751937985386,3.115264797507791,-1.534,15.441176470588236,31.007751937985386,41.915350819781004,3,0,2,1,1.0,False
1INCH,2026-08-16T05:32:20.820Z,2026-08-16T05:32:20.821180Z,2026-08-16T07:32:20.821180Z,7664.661162,7,0.0826,24.2130750605317,0.8495145631068035,-0.483,1.1029411764705883,24.2130750605317,41.14817588272096,0,0,0,0,,
ACT,2026-08-16T05:32:29.284Z,2026-08-16T05:32:29.285234Z,2026-08-16T07:32:29.285234Z,7656.197108,7,0.010100000000000001,39.6039603960397,6.990881458966562,-1.201,10.661764705882353,39.6039603960397,43.28209657982599,0,0,0,0,,False
ANIME,2026-08-16T05:32:38.280Z,2026-08-16T05:32:38.281388Z,2026-08-16T07:32:38.281388Z,7647.200954,7,0.0024349999999999997,41.067761806981636,6.6115702479338845,1.681,6.25,41.067761806981636,59.747147110385285,0,0,0,0,,False
BARD,2026-08-16T05:32:52.784Z,2026-08-16T05:32:52.784490Z,2026-08-16T07:32:52.784490Z,7632.697852,7,0.10505,28.55782960495084,4.528301886792452,1.533,9.558823529411764,28.55782960495084,69.94927143694773,0,0,0,0,,False
ETC,2026-08-16T05:33:40.635Z,2026-08-16T05:33:40.635399Z,2026-08-16T07:33:40.635399Z,7584.846943,7,6.165,16.220600162205656,1.782820097244738,-0.963,9.926470588235293,16.220600162205656,54.18264580689583,0,0,0,0,,False
ETH,2026-08-16T05:33:47.087Z,2026-08-16T05:33:47.087553Z,2026-08-16T07:33:47.087553Z,7578.394789,7,1879.495,0.053205781340152046,0.5677981870863041,-0.107,99.63235294117646,0.053205781340152046,66.3010875363269,53,22,16,15,0.4151,False
HYPER,2026-08-16T05:34:06.839Z,2026-08-16T05:34:06.840362Z,2026-08-16T07:34:06.840362Z,7558.64198,7,0.06334999999999999,15.785319652723423,2.8481012658227782,-1.404,8.088235294117647,15.785319652723423,41.02016816513357,0,0,0,0,,False
2Z,2026-08-16T05:41:56.207Z,2026-08-16T05:41:56.207539Z,2026-08-16T07:41:56.207539Z,7690.043016,7,0.048275,6.214396685655567,10.418392709196352,-4.396,88.6029411764706,6.214396685655567,51.81676776387298,0,0,0,0,,True
ADA,2026-08-16T05:42:01.492Z,2026-08-16T05:42:01.492681Z,2026-08-16T07:42:01.492681Z,7684.757874,7,0.17685,5.654509471302742,2.944507361268409,-2.323,92.6470588235294,5.654509471302742,52.62319364327672,11,3,8,0,0.8182,False
APT,2026-08-16T05:42:09.611Z,2026-08-16T05:42:09.612000Z,2026-08-16T07:42:09.612000Z,7676.638555,7,0.5315000000000001,18.814675446848554,3.383458646616544,-2.026,90.80882352941177,18.814675446848554,64.5480622613141,5,0,1,4,-0.4,False
BCH,2026-08-16T05:42:22.222Z,2026-08-16T05:42:22.225126Z,2026-08-16T07:42:22.225126Z,7664.025429,7,203.55,4.912797838368671,2.069985214391334,-1.505,93.75,4.912797838368671,60.518407237400396,0,0,0,0,,False
COW,2026-08-16T05:42:29.377Z,2026-08-16T05:42:29.377908Z,2026-08-16T07:42:29.377908Z,7656.872647,7,0.12975,84.77842003853486,68.8301886792453,29.648,96.69117647058823,84.77842003853486,56.87561499016664,22,6,6,10,0.0455,False
DOGE,2026-08-16T05:42:35.583Z,2026-08-16T05:42:35.583494Z,2026-08-16T07:42:35.583494Z,7650.667061,7,0.06975500000000001,1.4335889900360006,1.3040985955861395,-0.754,87.13235294117646,1.4335889900360006,67.70013227999418,43,36,4,3,0.8605,False
ENSO,2026-08-16T05:42:42.954Z,2026-08-16T05:42:42.954827Z,2026-08-16T07:42:42.954827Z,7643.295728,7,0.8325,12.012012012012022,19.406674907292956,6.728,86.76470588235294,12.012012012012022,75.30841693377792,1,1,0,0,1.0,False
NIL,2026-08-16T05:43:21.126Z,2026-08-16T05:43:21.126819Z,2026-08-16T07:43:21.126819Z,7605.123736,7,0.04571,26.252461168233452,23.154285714285717,-4.351,89.33823529411765,26.252461168233452,60.84321963805198,1,1,0,0,1.0,False
PEPE,2026-08-16T05:43:27.545Z,2026-08-16T05:43:27.545391Z,2026-08-16T07:43:27.545391Z,7598.705164,7,2.605e-06,38.38771593090174,3.448275862068965,-1.88,89.70588235294117,38.38771593090174,59.50997212003573,30,28,1,1,0.5333,False
RARE,2026-08-16T05:43:41.492Z,2026-08-16T05:43:41.492243Z,2026-08-16T07:43:41.492243Z,7584.758312,7,0.011425,8.752735229758944,18.372703412073488,-3.218,90.44117647058823,8.752735229758944,63.48720296010035,0,0,0,0,,False
WAL,2026-08-16T05:44:19.564Z,2026-08-16T05:44:19.565131Z,2026-08-16T07:44:19.565131Z,7546.685424,7,0.0231,86.58008658008606,36.575875486381314,23.558,94.48529411764706,86.58008658008606,62.95906002147629,7,4,0,3,0.5714,False
WLD,2026-08-16T05:44:25.648Z,2026-08-16T05:44:25.649057Z,2026-08-16T07:44:25.649057Z,7540.601498,7,0.34709999999999996,5.762028233939311,4.003456221198164,1.639,93.38235294117646,5.762028233939311,70.3909692907952,5,2,3,0,0.6,False
XLM,2026-08-16T05:44:32.926Z,2026-08-16T05:44:32.926955Z,2026-08-16T07:44:32.926955Z,7533.3236,7,0.15675,6.379585326953046,1.9144862795149982,-1.447,87.5,6.379585326953046,63.01751866104322,13,5,8,0,1.0,False
XPL,2026-08-16T05:44:38.838Z,2026-08-16T05:44:38.839201Z,2026-08-16T07:44:38.839201Z,7527.411354,7,0.077375,6.462035541194765,4.112053456694948,0.842,85.66176470588235,6.462035541194765,50.67380456774758,2,1,0,1,-1.0,False
ALLO,2026-08-16T05:50:40.505Z,2026-08-16T05:50:40.506203Z,2026-08-16T07:50:40.506203Z,7766.057086,7,0.26544999999999996,18.835938971557752,4.143126177024485,0.797,78.67647058823529,18.835938971557752,70.34411930298143,0,0,0,0,,False
ARB,2026-08-16T05:50:47.680Z,2026-08-16T05:50:47.680569Z,2026-08-16T07:50:47.680569Z,7758.88272,7,0.07355,13.596193065941925,4.2640990371389345,-3.324,80.51470588235294,13.596193065941925,56.5673379982695,9,3,2,4,0.5556,False
ATOM,2026-08-16T05:50:56.287Z,2026-08-16T05:50:56.288113Z,2026-08-16T07:50:56.288113Z,7750.275176,7,1.4875,6.7226890756295115,2.764666217127439,-0.935,82.3529411764706,6.7226890756295115,46.427176567476124,4,1,2,1,0.0,False
BANK,2026-08-16T05:51:02.209Z,2026-08-16T05:51:02.209716Z,2026-08-16T07:51:02.209716Z,7744.353573,7,0.03695,27.063599458726912,7.4175824175824205,-3.448,75.73529411764706,27.063599458726912,49.8431646176692,1,1,0,0,1.0,False
BMT,2026-08-16T05:51:08.588Z,2026-08-16T05:51:08.588447Z,2026-08-16T07:51:08.588447Z,7737.974842,7,0.014595,6.851661527920241,40.136054421768705,-11.125,85.29411764705883,6.851661527920241,48.44517797136109,1,1,0,0,1.0,False
BOME,2026-08-16T05:51:16.090Z,2026-08-16T05:51:16.090723Z,2026-08-16T07:51:16.090723Z,7730.472566,7,0.0008414,28.52388875683325,20.844449599814403,11.354,76.1029411764706,28.52388875683325,58.38428168940366,5,3,2,0,1.0,False
CRV,2026-08-16T05:51:27.681Z,2026-08-16T05:51:27.681392Z,2026-08-16T07:51:27.681392Z,7718.881897,7,0.24125,4.145077720206798,1.744910677191517,-0.455,81.61764705882354,4.145077720206798,67.08441618026623,0,0,0,0,,False
DOT,2026-08-16T05:51:35.780Z,2026-08-16T05:51:35.781244Z,2026-08-16T07:51:35.781244Z,7710.782045,7,0.7595000000000001,13.1665569453588,3.6988110964332925,-1.943,82.72058823529412,13.1665569453588,61.29473265328088,1,1,0,0,-1.0,False
FDUSD,2026-08-16T05:51:57.926Z,2026-08-16T05:51:57.926217Z,2026-08-16T07:51:57.926217Z,7688.637072,7,0.99695,1.0030593309593157,0.020062192797670575,-0.01,79.41176470588235,1.0030593309593157,63.976843671527305,0,0,0,0,,
GRAM,2026-08-16T05:52:03.454Z,2026-08-16T05:52:03.454408Z,2026-08-16T07:52:03.454408Z,7683.108881,7,1.3405,7.459903021259902,2.3255813953488476,0.226,80.88235294117646,7.459903021259902,61.658243045847534,1,1,0,0,1.0,False
HBAR,2026-08-16T05:52:10.092Z,2026-08-16T05:52:10.092907Z,2026-08-16T07:52:10.092907Z,7676.470382,7,0.06503500000000001,1.5376335819168327,2.161913523459053,-1.525,77.20588235294117,1.5376335819168327,64.094769939171,3,0,1,2,0.3333,False
HUMA,2026-08-16T05:52:22.464Z,2026-08-16T05:52:22.464965Z,2026-08-16T07:52:22.464965Z,7664.098324,7,0.020265,14.803849000739591,13.620604259534435,4.938,73.52941176470588,14.803849000739591,72.5972452797498,1,1,0,0,1.0,False
INJ,2026-08-16T05:52:30.446Z,2026-08-16T05:52:30.446490Z,2026-08-16T07:52:30.446490Z,7656.116799,7,4.127000000000001,4.846135207171746,3.2869481765834827,-1.512,79.77941176470588,4.846135207171746,55.876022550001615,8,0,8,0,0.75,False
JTO,2026-08-16T05:52:37.710Z,2026-08-16T05:52:37.710755Z,2026-08-16T07:52:37.710755Z,7648.852534,7,0.58885,5.0946760635130675,4.7838715188791925,0.896,73.16176470588235,5.0946760635130675,62.58549724961232,1,1,0,0,1.0,False
KAITO,2026-08-16T05:52:45.328Z,2026-08-16T05:52:45.328994Z,2026-08-16T07:52:45.328994Z,7641.234295,7,0.36065,19.409399694994548,16.70533642691415,-12.443,81.98529411764706,19.409399694994548,58.05922937279841,5,0,1,4,-0.6,False
ONDO,2026-08-16T05:52:57.506Z,2026-08-16T05:52:57.506271Z,2026-08-16T07:52:57.506271Z,7629.057018,7,0.32415,3.0849915162729906,2.5261860751694347,-1.636,75.36764705882354,3.0849915162729906,48.38408364694906,1,1,0,0,-1.0,False
OP,2026-08-16T05:53:03.380Z,2026-08-16T05:53:03.380618Z,2026-08-16T07:53:03.380618Z,7623.182671,7,0.08505,11.757789535566019,3.651354534746751,-2.749,76.83823529411765,11.757789535566019,61.9061292810225,1,1,0,0,1.0,False
PENGU,2026-08-16T05:53:09.704Z,2026-08-16T05:53:09.704473Z,2026-08-16T07:53:09.704473Z,7616.858816,7,0.006023499999999999,1.6601643562714914,2.363908773098063,-1.282,84.55882352941177,1.6601643562714914,54.20762972426853,4,2,2,0,0.5,False
POL,2026-08-16T05:53:16.435Z,2026-08-16T05:53:16.435410Z,2026-08-16T07:53:16.435410Z,7610.127879,7,0.075095,3.9949397429925093,1.5497661990647889,-0.953,72.05882352941177,3.9949397429925093,51.18188507919924,4,2,2,0,0.75,False
RED,2026-08-16T05:53:29.489Z,2026-08-16T05:53:29.490079Z,2026-08-16T07:53:29.490079Z,7597.07321,7,0.0885,22.598870056496256,35.891647855530486,2.191,79.04411764705883,22.598870056496256,65.91207736533632,0,0,0,0,,False
RENDER,2026-08-16T05:53:38.195Z,2026-08-16T05:53:38.195168Z,2026-08-16T07:53:38.195168Z,7588.368121,7,1.2595,7.939658594681316,2.305246422893475,-1.719,72.42647058823529,7.939658594681316,65.47608663711662,0,0,0,0,,False
SHIB,2026-08-16T05:53:43.393Z,2026-08-16T05:53:43.393673Z,2026-08-16T07:53:43.393673Z,7583.169616,7,4.505e-06,22.197558268590242,3.1042128603104104,-1.957,74.26470588235294,22.197558268590242,60.83578586157087,14,7,7,0,0.9286,False
TAO,2026-08-16T05:53:53.687Z,2026-08-16T05:53:53.687465Z,2026-08-16T07:53:53.687465Z,7572.875824,7,196.14999999999998,5.098139179199303,1.5784114052953273,-1.207,83.08823529411765,5.098139179199303,67.58799746770893,12,7,4,1,0.5833,False
TRUMP,2026-08-16T05:53:59.866Z,2026-08-16T05:53:59.866485Z,2026-08-16T07:53:59.866485Z,7566.696804,7,1.396,14.326647564469928,2.4390243902439046,-1.969,76.47058823529412,14.326647564469928,39.3745941541001,15,13,2,0,0.7333,False
ZRO,2026-08-16T05:54:09.525Z,2026-08-16T05:54:09.526101Z,2026-08-16T07:54:09.526101Z,7557.037188,7,0.7725,12.944983818770238,3.5064935064935097,-2.16,78.30882352941177,12.944983818770238,62.8097442140175,4,1,2,1,0.5,False
BANANAS31,2026-08-16T06:00:12.331Z,2026-08-16T06:00:12.332101Z,2026-08-16T08:00:12.332101Z,7793.396537,7,0.008531,11.721955222130573,6.937218175511618,-2.481,61.39705882352941,11.721955222130573,48.01207324581221,0,0,0,0,,False
BERA,2026-08-16T06:00:19.408Z,2026-08-16T06:00:19.409101Z,2026-08-16T08:00:19.409101Z,7786.319537,7,0.14565,6.865774116030826,7.345807345807344,0.418,56.61764705882353,6.865774116030826,60.89393155818918,1,0,1,0,1.0,False
BONK,2026-08-16T06:00:25.449Z,2026-08-16T06:00:25.449822Z,2026-08-16T08:00:25.449822Z,7780.278816,7,2.345e-06,42.64392324093776,3.8793103448275854,-2.521,59.9264705882353,42.64392324093776,60.17677452383104,1,0,0,1,-1.0,False
CHZ,2026-08-16T06:00:30.688Z,2026-08-16T06:00:30.688314Z,2026-08-16T08:00:30.688314Z,7775.040324,7,0.012465,8.02246289610878,1.848874598070734,-1.426,60.661764705882355,8.02246289610878,60.08447431550417,0,0,0,0,,False
COOKIE,2026-08-16T06:00:37.749Z,2026-08-16T06:00:37.750071Z,2026-08-16T08:00:37.750071Z,7767.978567,7,0.01145,87.33624454148419,13.27433628318584,-5.042,58.455882352941174,87.33624454148419,54.16480995265259,0,0,0,0,,False
DOLO,2026-08-16T06:00:43.048Z,2026-08-16T06:00:43.048332Z,2026-08-16T08:00:43.048332Z,7762.680306,7,0.023835000000000002,62.93266205160512,21.854304635761586,2.33,58.088235294117645,62.93266205160512,72.08800567087209,2,0,0,2,0.0,False
DYDX,2026-08-16T06:00:49.141Z,2026-08-16T06:00:49.142205Z,2026-08-16T08:00:49.142205Z,7756.586433,7,0.107585,12.083468885066807,2.828634199926763,-1.532,68.75,12.083468885066807,60.1465470992105,0,0,0,0,,False
GIGGLE,2026-08-16T06:01:13.705Z,2026-08-16T06:01:13.705544Z,2026-08-16T08:01:13.705544Z,7732.023094,7,30.4,13.157894736842994,7.86776859504133,-5.291,68.01470588235294,13.157894736842994,60.92648476611798,1,1,0,0,1.0,False
HEI,2026-08-16T06:01:21.690Z,2026-08-16T06:01:21.690832Z,2026-08-16T08:01:21.690832Z,7724.037806,7,0.13065,22.962112514350917,29.27024859663192,-17.961,68.38235294117646,22.962112514350917,51.08819172345818,0,0,0,0,,False
JUP,2026-08-16T06:01:29.383Z,2026-08-16T06:01:29.383487Z,2026-08-16T08:01:29.383487Z,7716.345151,7,0.16795,5.9541530217336565,2.946482260974152,-2.061,70.58823529411765,5.9541530217336565,64.34556980565823,10,7,3,0,0.9,False
KITE,2026-08-16T06:01:35.752Z,2026-08-16T06:01:35.752434Z,2026-08-16T08:01:35.752434Z,7709.976204,7,0.09455,10.576414595452444,3.703703703703707,-2.174,58.8235294117647,10.576414595452444,54.57617101297424,0,0,0,0,,False
ORDI,2026-08-16T06:02:09.631Z,2026-08-16T06:02:09.631860Z,2026-08-16T08:02:09.631860Z,7676.096778,7,3.409,17.600469345848587,3.228646903434103,-1.074,57.720588235294116,17.600469345848587,64.34674510461004,3,1,2,0,1.0,False
PAXG,2026-08-16T06:02:16.061Z,2026-08-16T06:02:16.061423Z,2026-08-16T08:02:16.061423Z,7669.667215,7,4375.6849999999995,0.022853564640299254,0.16096910719307747,-0.071,70.22058823529412,0.022853564640299254,68.53648949725549,1,1,0,0,1.0,False
SAPIEN,2026-08-16T06:02:35.556Z,2026-08-16T06:02:35.556548Z,2026-08-16T08:02:35.556548Z,7650.17209,7,0.0775,25.806451612903963,3.7467700258397936,1.575,63.60294117647059,25.806451612903963,66.31607250309004,2,1,1,0,1.0,False
SEI,2026-08-16T06:02:42.545Z,2026-08-16T06:02:42.546044Z,2026-08-16T08:02:42.546044Z,7643.182594,7,0.03991,5.0112753695813534,2.1335341365461935,-0.846,65.44117647058823,5.0112753695813534,69.97600490415589,2,0,0,2,-1.0,False
THE,2026-08-16T06:02:52.603Z,2026-08-16T06:02:52.603974Z,2026-08-16T08:02:52.603974Z,7633.124664,7,0.06135,16.299918500407962,8.595041322314044,0.498,66.17647058823529,16.299918500407962,58.34507165308818,13,9,3,1,0.6923,False
TST,2026-08-16T06:03:06.416Z,2026-08-16T06:03:06.416433Z,2026-08-16T08:03:06.416433Z,7619.312205,7,0.013795,21.74700978615352,13.037037037037033,-10.832,63.23529411764706,21.74700978615352,58.492899063427956,1,0,0,1,-1.0,False
XTZ,2026-08-16T06:03:26.121Z,2026-08-16T06:03:26.122179Z,2026-08-16T08:03:26.122179Z,7599.606459,7,0.1972,10.141987829614894,3.3028455284552733,-0.455,64.70588235294117,10.141987829614894,59.58213456409553,2,1,0,1,1.0,False
ZBT,2026-08-16T06:03:33.477Z,2026-08-16T06:03:33.478057Z,2026-08-16T08:03:33.478057Z,7592.250581,7,0.08524999999999999,11.730205278592711,7.98122065727698,-4.698,62.86764705882353,11.730205278592711,62.4620360759173,0,0,0,0,,False
ZEN,2026-08-16T06:03:40.791Z,2026-08-16T06:03:40.791945Z,2026-08-16T08:03:40.791945Z,7584.936693,7,3.9845,7.529175555276982,1.830032589621469,-1.287,61.76470588235294,7.529175555276982,64.70533657670512,1,1,0,0,-1.0,False
APE,2026-08-16T06:09:17.669Z,2026-08-16T06:09:17.669396Z,2026-08-16T08:09:17.669396Z,7248.059242,7,0.12304999999999999,8.126777732629245,1.5510204081632644,-0.97,52.205882352941174,8.126777732629245,59.17513689527648,3,3,0,0,0.3333,False
BB,2026-08-16T06:09:33.304Z,2026-08-16T06:09:33.304817Z,2026-08-16T08:09:33.304817Z,7232.423821,7,0.011585,8.631851532153295,11.55202821869489,-4.626,51.838235294117645,8.631851532153295,52.63457800773219,0,0,0,0,,False
ERA,2026-08-16T06:10:12.355Z,2026-08-16T06:10:12.356074Z,2026-08-16T08:10:12.356074Z,7793.350033,7,0.06035,16.570008285004615,4.682274247491634,0.0,54.044117647058826,16.570008285004615,53.0778492477488,0,0,0,0,,False
GALA,2026-08-16T06:10:25.840Z,2026-08-16T06:10:25.840671Z,2026-08-16T08:10:25.840671Z,7779.865436,7,0.0016755,5.968367651446828,2.914389799635693,-2.081,55.14705882352941,5.968367651446828,65.75968258409279,0,0,0,0,,False
LINEA,2026-08-16T06:10:38.982Z,2026-08-16T06:10:38.983091Z,2026-08-16T08:10:38.983091Z,7766.723016,7,0.002153,9.28936367858925,6.3977746870653736,1.41,47.794117647058826,9.28936367858925,62.24947064347114,3,2,1,0,1.0,False
MIRA,2026-08-16T06:10:47.148Z,2026-08-16T06:10:47.148261Z,2026-08-16T08:10:47.148261Z,7758.557846,7,0.038650000000000004,25.873221216040342,3.6082474226804084,-0.767,44.85294117647059,25.873221216040342,55.13969268673959,0,0,0,0,,False
MORPHO,2026-08-16T06:10:55.594Z,2026-08-16T06:10:55.594984Z,2026-08-16T08:10:55.594984Z,7750.111123,7,1.9735,5.067139599695413,1.4765784114052911,0.666,50.0,5.067139599695413,76.29360905354241,0,0,0,0,,False
NEIRO,2026-08-16T06:11:05.556Z,2026-08-16T06:11:05.556626Z,2026-08-16T08:11:05.556626Z,7740.149481,7,6.5265e-05,19.91879261472465,6.332010985657602,-0.982,50.36764705882353,19.91879261472465,47.67697168036085,26,26,0,0,0.6154,False
NEO,2026-08-16T06:11:15.460Z,2026-08-16T06:11:15.461039Z,2026-08-16T08:11:15.461039Z,7730.245068,7,1.6764999999999999,5.9648076349544406,2.1582733812949657,-0.95,42.64705882352941,5.9648076349544406,59.77335729026876,0,0,0,0,,False
NOM,2026-08-16T06:11:22.837Z,2026-08-16T06:11:22.838122Z,2026-08-16T08:11:22.838122Z,7722.867985,7,0.001655,60.42296072507568,12.048192771084343,7.097,48.89705882352941,60.42296072507568,53.92796256887306,1,1,0,0,1.0,False
RAY,2026-08-16T06:11:55.948Z,2026-08-16T06:11:55.948252Z,2026-08-16T08:11:55.948252Z,7689.757855,7,0.62175,8.041817450742982,1.366779224955773,-0.464,41.911764705882355,8.041817450742982,69.55995079126376,16,4,10,2,0.625,False
RESOLV,2026-08-16T06:12:01.418Z,2026-08-16T06:12:01.418382Z,2026-08-16T08:12:01.418382Z,7684.287725,7,0.01769,11.305822498586311,4.610951008645546,0.755,43.75,11.305822498586311,48.73113609266065,0,0,0,0,,False
SAGA,2026-08-16T06:12:14.142Z,2026-08-16T06:12:14.142733Z,2026-08-16T08:12:14.142733Z,7671.563374,7,0.013185,7.58437618505847,5.311778290993069,-1.591,52.5735294117647,7.58437618505847,53.49601394861782,0,0,0,0,,False
SAND,2026-08-16T06:12:21.616Z,2026-08-16T06:12:21.616437Z,2026-08-16T08:12:21.616437Z,7664.08967,7,0.039265,2.5467974022656623,1.5953405925550737,-0.679,44.48529411764706,2.5467974022656623,48.72040266138909,1,0,1,0,1.0,False
SOPH,2026-08-16T06:12:35.580Z,2026-08-16T06:12:35.581073Z,2026-08-16T08:12:35.581073Z,7650.125034,7,0.003635,27.51031636863831,10.000000000000002,3.746,48.161764705882355,27.51031636863831,50.43103963626061,0,0,0,0,,False
TIA,2026-08-16T06:12:42.730Z,2026-08-16T06:12:42.730853Z,2026-08-16T08:12:42.730853Z,7642.975254,7,0.30105,3.321707357581431,3.676470588235297,-3.203,51.10294117647059,3.321707357581431,60.57910142635609,2,0,0,2,0.0,False
TRB,2026-08-16T06:12:48.942Z,2026-08-16T06:12:48.942586Z,2026-08-16T08:12:48.942586Z,7636.763521,7,13.094999999999999,7.636502481863144,2.059496567505731,-1.131,45.955882352941174,7.636502481863144,58.25322290762444,0,0,0,0,,False
USDE,2026-08-16T06:12:54.317Z,2026-08-16T06:12:54.317763Z,2026-08-16T08:12:54.317763Z,7631.388344,7,0.99995,1.000050002500015,0.019999999999997797,0.0,45.220588235294116,1.000050002500015,65.4300572491284,0,0,0,0,,False
WCT,2026-08-16T06:13:02.367Z,2026-08-16T06:13:02.367637Z,2026-08-16T08:13:02.367637Z,7623.33847,7,0.034235,14.60493646852678,10.272168568920105,1.065,45.588235294117645,14.60493646852678,63.92164693304076,0,0,0,0,,False
ZK,2026-08-16T06:13:13.908Z,2026-08-16T06:13:13.909196Z,2026-08-16T08:13:13.909196Z,7611.796911,7,0.007605,13.149243918474152,3.6505867014341575,1.589,52.94117647058823,13.149243918474152,68.57538563022761,1,0,1,0,1.0,False
GRT,2026-08-16T06:20:08.688Z,2026-08-16T06:20:08.688776Z,2026-08-16T08:20:08.688776Z,7797.613409,7,0.01352,14.792899408284704,2.609992542878446,-1.614,32.720588235294116,14.792899408284704,54.81388712463839,1,1,0,0,-1.0,False
GUN,2026-08-16T06:20:15.728Z,2026-08-16T06:20:15.729046Z,2026-08-16T08:20:15.729046Z,7790.573139,7,0.003005,33.27787021630624,8.843537414965995,-5.466,31.25,33.27787021630624,54.48222091935352,1,0,0,1,-1.0,False
INIT,2026-08-16T06:20:32.615Z,2026-08-16T06:20:32.616040Z,2026-08-16T08:20:32.616040Z,7773.686145,7,0.0537,37.24394785847277,3.1067961165048628,1.378,29.41176470588235,37.24394785847277,62.115676100053776,0,0,0,0,,False
MANTA,2026-08-16T06:20:56.948Z,2026-08-16T06:20:56.948767Z,2026-08-16T08:20:56.948767Z,7749.353418,7,0.05703,7.013852358407569,3.7629681730262057,0.566,39.338235294117645,7.013852358407569,62.344277036137356,0,0,0,0,,False
OPEN,2026-08-16T06:21:05.434Z,2026-08-16T06:21:05.435247Z,2026-08-16T08:21:05.435247Z,7740.866938,7,0.17465,5.72573718866241,9.122006841505122,-4.57,31.61764705882353,5.72573718866241,40.84855310618799,0,0,0,0,,False
PNUT,2026-08-16T06:21:12.731Z,2026-08-16T06:21:12.732010Z,2026-08-16T08:21:12.732010Z,7733.570175,7,0.0412,48.54368932038974,6.35696821515892,0.0,35.661764705882355,48.54368932038974,62.34329147964742,2,0,2,0,1.0,False
PYTH,2026-08-16T06:21:18.781Z,2026-08-16T06:21:18.781272Z,2026-08-16T08:21:18.781272Z,7727.520913,7,0.039185,12.75998468801874,3.0504998718277276,-2.67,33.455882352941174,12.75998468801874,54.45126625230243,0,0,0,0,,False
RSR,2026-08-16T06:21:23.956Z,2026-08-16T06:21:23.956526Z,2026-08-16T08:21:23.956526Z,7722.345659,7,0.0011535,8.669267446901888,1.6478751084128291,0.523,37.5,8.669267446901888,69.40849120461803,1,0,1,0,-1.0,False
SAHARA,2026-08-16T06:21:32.042Z,2026-08-16T06:21:32.042310Z,2026-08-16T08:21:32.042310Z,7714.259875,7,0.007725,12.9449838187697,2.716688227684337,-1.024,38.60294117647059,12.9449838187697,40.97283854361789,0,0,0,0,,False
SOLV,2026-08-16T06:21:40.222Z,2026-08-16T06:21:40.223064Z,2026-08-16T08:21:40.223064Z,7706.079121,7,0.002295,43.57298474945544,6.086956521739128,4.545,37.13235294117647,43.57298474945544,71.3025902580185,0,0,0,0,,False
SPK,2026-08-16T06:21:47.216Z,2026-08-16T06:21:47.216587Z,2026-08-16T08:21:47.216587Z,7699.085598,7,0.014356500000000001,13.234423431894903,3.194327436113443,1.05,32.35294117647059,13.234423431894903,36.76097911863442,7,1,6,0,1.0,False
STO,2026-08-16T06:21:55.421Z,2026-08-16T06:21:55.422236Z,2026-08-16T08:21:55.422236Z,7690.879949,7,0.038650000000000004,25.873221216040342,7.272727272727283,-0.773,27.573529411764707,25.873221216040342,54.19648027201015,1,1,0,0,1.0,False
STX,2026-08-16T06:22:02.887Z,2026-08-16T06:22:02.887471Z,2026-08-16T08:22:02.887471Z,7683.414714,7,0.12240000000000001,16.339869281045083,2.7049180327868947,-0.813,39.705882352941174,16.339869281045083,61.54479190894899,6,5,1,0,0.6667,False
THETA,2026-08-16T06:22:10.562Z,2026-08-16T06:22:10.562824Z,2026-08-16T08:22:10.562824Z,7675.739361,7,0.1392,14.367816091954435,6.526468455402451,-5.093,41.1764705882353,14.367816091954435,59.105301214443905,0,0,0,0,,False
TLM,2026-08-16T06:22:18.269Z,2026-08-16T06:22:18.270079Z,2026-08-16T08:22:18.270079Z,7668.032106,7,0.001555,12.861736334405457,5.6591639871382755,-1.582,40.44117647058823,12.861736334405457,46.90476831468303,2,0,2,0,1.0,False
TOWNS,2026-08-16T06:22:25.802Z,2026-08-16T06:22:25.802838Z,2026-08-16T08:22:25.802838Z,7660.499347,7,0.0022849999999999997,43.76367614879662,5.726872246696031,5.581,35.294117647058826,43.76367614879662,70.22230858243717,1,0,0,1,1.0,False
YGG,2026-08-16T06:22:42.466Z,2026-08-16T06:22:42.466612Z,2026-08-16T08:22:42.466612Z,7643.835573,7,0.01985,40.302267002518995,4.389994895354771,-0.356,28.308823529411764,40.302267002518995,48.910918397664815,0,0,0,0,,False
ZKC,2026-08-16T06:22:59.444Z,2026-08-16T06:22:59.445049Z,2026-08-16T08:22:59.445049Z,7626.857136,7,0.03775,26.490066225166323,3.1914893617021267,0.535,40.0735294117647,26.490066225166323,60.22213450200971,0,0,0,0,,False
1000CAT,2026-08-16T06:28:32.047Z,2026-08-16T06:28:32.047440Z,2026-08-16T08:28:32.047440Z,7294.254745,7,0.001695,58.99705014749151,2.994011976047899,-0.595,18.38235294117647,58.99705014749151,37.41561564377824,4,0,3,1,1.0,False
1MBABYDOGE,2026-08-16T06:28:39.763Z,2026-08-16T06:28:39.764125Z,2026-08-16T08:28:39.764125Z,7286.53806,7,0.00032315,15.472690700913263,2.560937982104284,-0.917,18.014705882352942,15.472690700913263,57.24976620330394,0,0,0,0,,
CVX,2026-08-16T06:29:26.003Z,2026-08-16T06:29:26.004177Z,2026-08-16T08:29:26.004177Z,7240.298008,7,1.5985,31.279324366593016,3.331238214959155,2.249,19.852941176470587,31.279324366593016,56.079125803606,1,0,1,0,1.0,False
ENJ,2026-08-16T06:29:39.251Z,2026-08-16T06:29:39.251456Z,2026-08-16T08:29:39.251456Z,7227.050729,7,0.02399,8.336807002917542,1.8379281537176249,-0.457,25.735294117647058,8.336807002917542,38.887134837637,11,10,1,0,1.0,False
IOTA,2026-08-16T06:30:26.265Z,2026-08-16T06:30:26.265314Z,2026-08-16T08:30:26.265314Z,7779.597677,7,0.03195,31.298904538342057,2.4844720496894475,-2.424,18.75,31.298904538342057,51.37829786213371,0,0,0,0,,False
KAIA,2026-08-16T06:30:33.234Z,2026-08-16T06:30:33.235221Z,2026-08-16T08:30:33.235221Z,7772.62777,7,0.024550000000000002,40.7331975560079,4.526748971193417,-3.953,16.544117647058822,40.7331975560079,53.126597127748354,0,0,0,0,,False
KERNEL,2026-08-16T06:30:40.572Z,2026-08-16T06:30:40.572518Z,2026-08-16T08:30:40.572518Z,7765.290473,7,0.033350000000000005,29.98500749625065,2.694610778443108,1.829,16.176470588235293,29.98500749625065,65.7240426027895,0,0,0,0,,False
KMNO,2026-08-16T06:30:47.660Z,2026-08-16T06:30:47.660573Z,2026-08-16T08:30:47.660573Z,7758.202418,7,0.017994999999999997,5.557099194220391,3.1180400890868483,-2.603,15.073529411764707,5.557099194220391,46.2304913243913,0,0,0,0,,False
LA,2026-08-16T06:30:55.909Z,2026-08-16T06:30:55.910010Z,2026-08-16T08:30:55.910010Z,7749.952981,7,0.04815,20.76843198338585,5.601659751037347,-3.018,20.58823529411765,20.76843198338585,37.24774144952366,1,0,0,1,-1.0,False
LISTA,2026-08-16T06:31:01.534Z,2026-08-16T06:31:01.534455Z,2026-08-16T08:31:01.534455Z,7744.328536,7,0.05625,17.777777777778287,9.946714031971581,-0.354,23.16176470588235,17.777777777778287,61.372240520812205,0,0,0,0,,False
MEME,2026-08-16T06:31:16.238Z,2026-08-16T06:31:16.238442Z,2026-08-16T08:31:16.238442Z,7729.624549,7,0.0004805,20.811654526534237,4.583333333333331,-0.621,13.602941176470589,20.811654526534237,56.1736675262134,59,39,20,0,0.7119,False
OSMO,2026-08-16T06:31:39.322Z,2026-08-16T06:31:39.322655Z,2026-08-16T08:31:39.322655Z,7706.540336,7,0.03055,32.733224222585726,2.980132450331131,1.003,19.11764705882353,32.733224222585726,62.4718374597316,0,0,0,0,,False
PARTI,2026-08-16T06:31:46.492Z,2026-08-16T06:31:46.492739Z,2026-08-16T08:31:46.492739Z,7699.370252,7,0.022949999999999998,43.57298474945508,5.803571428571424,0.901,21.323529411764707,43.57298474945508,44.40384656531426,0,0,0,0,,False
PHA,2026-08-16T06:31:53.184Z,2026-08-16T06:31:53.184720Z,2026-08-16T08:31:53.184720Z,7692.678271,7,0.02175,45.977011494252594,4.587155963302757,0.0,13.970588235294118,45.977011494252594,54.86248923105547,1,1,0,0,1.0,False
PROVE,2026-08-16T06:31:58.853Z,2026-08-16T06:31:58.854131Z,2026-08-16T08:31:58.854131Z,7687.00886,7,0.15185,32.927230819888074,9.169435215946848,3.793,25.36764705882353,32.927230819888074,69.97353225941823,0,0,0,0,,False
SNX,2026-08-16T06:32:13.804Z,2026-08-16T06:32:13.805170Z,2026-08-16T08:32:13.805170Z,7672.057821,7,0.1975,50.632911392405106,1.0101010101010108,-0.503,20.955882352941178,50.632911392405106,47.82586611811962,0,0,0,0,,False
USUAL,2026-08-16T06:32:28.689Z,2026-08-16T06:32:28.689520Z,2026-08-16T08:32:28.689520Z,7657.173471,7,0.008895,11.242270938729167,5.417607223476293,0.226,23.529411764705884,11.242270938729167,59.30741911824406,0,0,0,0,,False
VET,2026-08-16T06:32:35.762Z,2026-08-16T06:32:35.763114Z,2026-08-16T08:32:35.763114Z,7650.099877,7,0.0044645,6.719677455483029,1.6934046345811173,-0.311,14.705882352941176,6.719677455483029,58.47238767110407,2,1,1,0,1.0,False
W,2026-08-16T06:32:42.511Z,2026-08-16T06:32:42.511524Z,2026-08-16T08:32:42.511524Z,7643.351467,7,0.008345,11.983223487117547,2.5179856115107926,0.482,22.794117647058822,11.983223487117547,61.52623458443865,0,0,0,0,,False
MANTRA,2026-08-16T06:37:57.136Z,2026-08-16T06:37:57.136666Z,2026-08-16T08:37:57.136666Z,7328.726325,7,0.0049499999999999995,40.404040404040515,3.0612244897959178,-1.01,12.132352941176471,40.404040404040515,58.3170535438049,1,0,0,1,-1.0,False
AUCTION,2026-08-16T06:38:52.746Z,2026-08-16T06:38:52.746285Z,2026-08-16T08:38:52.746285Z,7273.116706,7,2.8205,60.27300124091597,2.4866785079928895,-0.071,3.3088235294117645,60.27300124091597,38.52664860598741,0,0,0,0,,False
BFUSD,2026-08-16T06:39:04.089Z,2026-08-16T06:39:04.089853Z,2026-08-16T08:39:04.089853Z,7261.773138,7,0.99905,11.010459936939991,0.12003601080323885,0.11,1.4705882352941178,11.010459936939991,55.314685649651054,0,0,0,0,,False
BLUR,2026-08-16T06:39:11.784Z,2026-08-16T06:39:11.784965Z,2026-08-16T08:39:11.784965Z,7254.078026,7,0.013139999999999999,45.662100456620465,1.8334606569900607,-0.153,2.9411764705882355,45.662100456620465,42.36373130646108,0,0,0,0,,False
BNB,2026-08-16T06:39:17.372Z,2026-08-16T06:39:17.372246Z,2026-08-16T08:39:17.372246Z,7248.490745,7,605.845,0.16505871963936164,1.3931401909363093,-1.1,97.79411764705883,0.16505871963936164,42.455351973874194,9,4,3,2,0.1111,False
BTC,2026-08-16T06:39:29.837Z,2026-08-16T06:39:29.837835Z,2026-08-16T08:39:29.837835Z,7236.025156,7,63022.505000000005,0.001586734770704095,0.39997460478699765,0.002,100.0,0.001586734770704095,60.89222493255617,37,22,13,2,0.4324,False
COMP,2026-08-16T06:39:36.003Z,2026-08-16T06:39:36.003235Z,2026-08-16T08:39:36.003235Z,7229.859756,7,16.259999999999998,36.900369003689256,1.1685116851168589,0.994,2.2058823529411766,36.900369003689256,66.78610853352549,2,1,1,0,0.0,False
FORM,2026-08-16T06:39:53.386Z,2026-08-16T06:39:53.386961Z,2026-08-16T08:39:53.386961Z,7212.47603,7,0.20600000000000002,19.417475728154546,3.3797216699801194,-2.092,4.411764705882353,19.417475728154546,45.45521521685795,0,0,0,0,,False
HIVE,2026-08-16T06:40:00.990Z,2026-08-16T06:40:00.990400Z,2026-08-16T08:40:00.990400Z,7204.872591,7,0.0393,50.89058524172997,2.051282051282057,-0.51,0.36764705882352944,50.89058524172997,47.334296295409715,0,0,0,0,,False
ILV,2026-08-16T06:40:15.005Z,2026-08-16T06:40:15.006288Z,2026-08-16T08:40:15.006288Z,7790.929199,7,3.08,64.93506493506499,5.573770491803277,1.667,6.617647058823529,64.93506493506499,63.93329415710373,0,0,0,0,,False
LAYER,2026-08-16T06:40:21.691Z,2026-08-16T06:40:21.692053Z,2026-08-16T08:40:21.692053Z,7784.243434,7,0.06125,16.326530612245367,1.9639934533551662,0.992,7.720588235294118,16.326530612245367,67.68845649266036,1,1,0,0,1.0,False
LINK,2026-08-16T06:40:27.239Z,2026-08-16T06:40:27.239643Z,2026-08-16T08:40:27.239643Z,7778.695844,7,9.3995,1.0638863769362437,4.35062151735961,-0.66,98.52941176470588,1.0638863769362437,51.366356963509546,34,9,21,4,0.6176,False
NMR,2026-08-16T06:40:35.070Z,2026-08-16T06:40:35.070979Z,2026-08-16T08:40:35.070979Z,7770.864508,7,8.125,12.307692307694232,1.4851485148514756,-0.737,6.25,12.307692307694232,51.42684002228098,0,0,0,0,,False
REZ,2026-08-16T06:40:43.001Z,2026-08-16T06:40:43.001306Z,2026-08-16T08:40:43.001306Z,7762.934181,7,0.0027155,11.047689191677277,4.585798816568047,-2.594,11.029411764705882,11.047689191677277,42.6335624301783,2,1,1,0,1.0,False
SHELL,2026-08-16T06:40:50.225Z,2026-08-16T06:40:50.225741Z,2026-08-16T08:40:50.225741Z,7755.709746,7,0.020749999999999998,48.19277108433707,3.9215686274509736,2.0,5.882352941176471,48.19277108433707,46.92121346764882,0,0,0,0,,False
SIGN,2026-08-16T06:40:55.301Z,2026-08-16T06:40:55.301423Z,2026-08-16T08:40:55.301423Z,7750.634064,7,0.0066,30.303030303030383,3.3794162826420844,2.358,7.352941176470588,30.303030303030383,72.25239406536912,0,0,0,0,,False
SOL,2026-08-16T06:41:00.049Z,2026-08-16T06:41:00.050168Z,2026-08-16T08:41:00.050168Z,7745.885319,7,75.375,1.326699834161314,0.9296148738379852,-0.013,98.8970588235294,1.326699834161314,51.41919874914045,29,16,7,6,0.8621,False
SSV,2026-08-16T06:41:07.023Z,2026-08-16T06:41:07.023822Z,2026-08-16T08:41:07.023822Z,7738.911665,7,2.1305,14.081201595870047,4.697040864255523,1.092,11.397058823529411,14.081201595870047,43.9551725250383,0,0,0,0,,False
STEEM,2026-08-16T06:41:13.530Z,2026-08-16T06:41:13.531218Z,2026-08-16T08:41:13.531218Z,7732.404269,7,0.035,39.99999999999837,2.1076616348618753,1.036,1.1029411764705883,39.99999999999837,51.05143962922745,0,0,0,0,,False
SXT,2026-08-16T06:41:20.891Z,2026-08-16T06:41:20.891344Z,2026-08-16T08:41:20.891344Z,7725.044143,7,0.007065,42.46284501061644,3.4236804564907244,-0.567,1.838235294117647,42.46284501061644,44.77386355199366,0,0,0,0,,False
TURBO,2026-08-16T06:41:27.648Z,2026-08-16T06:41:27.648320Z,2026-08-16T08:41:27.648320Z,7718.287167,7,0.000797,50.188205771643524,3.28282828282828,0.892,5.147058823529412,50.188205771643524,46.97053034341673,1,0,1,0,1.0,False
TURTLE,2026-08-16T06:41:34.936Z,2026-08-16T06:41:34.936983Z,2026-08-16T08:41:34.936983Z,7710.998504,7,0.043399999999999994,46.08294930875549,4.918032786885256,0.708,4.044117647058823,46.08294930875549,58.482903836438766,2,2,0,0,0.0,False
UMA,2026-08-16T06:41:45.980Z,2026-08-16T06:41:45.980365Z,2026-08-16T08:41:45.980365Z,7699.955122,7,0.323,61.9195046439629,1.5384615384615397,-0.307,3.676470588235294,61.9195046439629,40.707450841867384,0,0,0,0,,True
USD1,2026-08-16T06:41:49.303Z,2026-08-16T06:41:49.303893Z,2026-08-16T08:41:49.303893Z,7696.631594,7,0.99915,1.0008507231145374,0.04003202562049199,0.0,99.26470588235294,1.0008507231145374,75.5281214429428,1,1,0,0,1.0,False
VANA,2026-08-16T06:41:55.962Z,2026-08-16T06:41:55.962246Z,2026-08-16T08:41:55.962246Z,7689.973241,7,0.888,45.045045045045086,3.448275862068969,2.959,2.573529411764706,45.045045045045086,53.531510682356924,0,0,0,0,,False
VELODROME,2026-08-16T06:42:00.876Z,2026-08-16T06:42:00.876916Z,2026-08-16T08:42:00.876916Z,7685.058571,7,0.0167,23.952095808382257,2.4433849821215774,0.0,9.926470588235293,23.952095808382257,60.58797988436792,0,0,0,0,,True
XRP,2026-08-16T06:42:06.230Z,2026-08-16T06:42:06.231057Z,2026-08-16T08:42:06.231057Z,7679.70443,7,1.0006499999999998,0.9993504222254435,0.7102841136454576,-0.488,97.42647058823529,0.9993504222254435,47.10646413466146,40,28,10,2,0.725,False
XVG,2026-08-16T06:42:12.847Z,2026-08-16T06:42:12.848086Z,2026-08-16T08:42:12.848086Z,7673.087401,7,0.0020565,24.31315341599917,2.4829600778967786,-1.203,5.514705882352941,24.31315341599917,42.04852365385548,1,1,0,0,1.0,False
AVAX,2026-08-16T06:48:03.910Z,2026-08-16T06:48:03.910742Z,2026-08-16T08:48:03.910742Z,7322.024745,7,6.334,3.157562361856299,7.131562302340299,-4.859,94.48529411764706,3.157562361856299,56.70523679054757,6,1,3,2,0.0,False
EUR,2026-08-16T06:48:33.756Z,2026-08-16T06:48:33.756764Z,2026-08-16T08:48:33.756764Z,7292.178723,7,1.1563500000000002,0.8647900722098756,0.06053792268443699,-0.035,95.58823529411765,0.8647900722098756,66.33520596832635,0,0,0,0,,False
FET,2026-08-16T06:48:39.800Z,2026-08-16T06:48:39.800270Z,2026-08-16T08:48:39.800270Z,7286.135217,7,0.12434999999999999,8.041817450744098,8.326596604688755,-6.922,90.80882352941177,8.041817450744098,52.811890375524,0,0,0,0,,False
HEMI,2026-08-16T06:48:45.517Z,2026-08-16T06:48:45.517969Z,2026-08-16T08:48:45.517969Z,7280.417518,7,0.00824,24.27184466019529,38.99521531100479,55.97,97.05882352941177,24.27184466019529,83.63901535633376,18,13,4,1,0.5556,False
ICP,2026-08-16T06:48:50.661Z,2026-08-16T06:48:50.662025Z,2026-08-16T08:48:50.662025Z,7275.273462,7,2.2755,4.39463854097952,4.14808206958073,-2.606,91.54411764705883,4.39463854097952,54.16169369600986,5,3,2,0,0.2,False
LTC,2026-08-16T06:48:55.905Z,2026-08-16T06:48:55.906006Z,2026-08-16T08:48:55.906006Z,7270.029481,7,44.315,2.256572266726393,0.9066183136899334,0.296,89.33823529411765,2.256572266726393,54.89987191373692,6,3,2,1,1.0,False
NEAR,2026-08-16T06:49:06.587Z,2026-08-16T06:49:06.588234Z,2026-08-16T08:49:06.588234Z,7259.347253,7,1.6165,6.1862047633769865,2.5513378967019245,-1.833,94.11764705882354,6.1862047633769865,59.87274396667834,4,3,1,0,0.5,False
PLUME,2026-08-16T06:49:20.064Z,2026-08-16T06:49:20.065555Z,2026-08-16T08:49:20.065555Z,7245.869932,7,0.012835,7.7911959485791416,13.053435114503815,-1.799,95.95588235294117,7.7911959485791416,64.2385950256672,1,1,0,0,1.0,False
PUMP,2026-08-16T06:49:25.712Z,2026-08-16T06:49:25.712956Z,2026-08-16T08:49:25.712956Z,7240.222531,7,0.0027735,3.6055525509289086,5.5135135135135105,0.289,94.8529411764706,3.6055525509289086,50.1408194843139,11,10,0,1,0.5455,False
SOMI,2026-08-16T06:49:42.163Z,2026-08-16T06:49:42.163493Z,2026-08-16T08:49:42.163493Z,7223.771994,7,0.09234999999999999,10.828370330265608,8.55263157894737,-0.219,88.6029411764706,10.828370330265608,62.057420201776345,1,0,1,0,1.0,False
SUI,2026-08-16T06:49:48.316Z,2026-08-16T06:49:48.316999Z,2026-08-16T08:49:48.316999Z,7217.618488,7,0.6769499999999999,1.4772139744456756,1.913662661326216,-1.534,91.91176470588235,1.4772139744456756,52.34683561126609,3,1,2,0,1.0,False
SYRUP,2026-08-16T06:49:53.639Z,2026-08-16T06:49:53.639822Z,2026-08-16T08:49:53.639822Z,7212.295665,7,0.15944999999999998,6.271558482283898,8.564231738035264,5.096,87.5,6.271558482283898,58.88315345384359,0,0,0,0,,False
TRX,2026-08-16T06:49:59.776Z,2026-08-16T06:49:59.776477Z,2026-08-16T08:49:59.776477Z,7206.15901,7,0.33065,3.024345985180372,0.6646525679758246,-0.421,96.32352941176471,3.024345985180372,52.80426308802611,13,8,5,0,0.8462,False
TUT,2026-08-16T06:50:06.554Z,2026-08-16T06:50:06.554721Z,2026-08-16T08:50:06.554721Z,7799.528141,7,0.03357,23.830801310695165,29.077580940745268,-2.56,93.01470588235294,23.830801310695165,63.718636104409924,1,1,0,0,1.0,False
UNI,2026-08-16T06:50:12.631Z,2026-08-16T06:50:12.632146Z,2026-08-16T08:50:12.632146Z,7793.450716,7,3.2935,3.036283588886868,2.384639207184885,-1.405,86.3970588235294,3.036283588886868,59.99660635049524,9,3,5,1,0.5556,False
ZEC,2026-08-16T06:50:30.815Z,2026-08-16T06:50:30.815830Z,2026-08-16T08:50:30.815830Z,7775.267032,7,487.26,2.0522924106231324,1.8124280782508617,-1.053,92.27941176470588,2.0522924106231324,55.693041641303196,7,5,2,0,0.7143,False
0G,2026-08-16T06:56:05.295Z,2026-08-16T06:56:05.295518Z,2026-08-16T08:56:05.295518Z,7440.787344,7,0.1625,61.53846153846159,6.172839506172845,1.887,72.42647058823529,61.53846153846159,63.59879949202284,0,0,0,0,,False
AAVE,2026-08-16T06:56:10.205Z,2026-08-16T06:56:10.206181Z,2026-08-16T08:56:10.206181Z,7435.876681,7,85.955,1.1633994532011989,1.7597016664724285,-1.141,77.94117647058823,1.1633994532011989,60.14330883778292,0,0,0,0,,False
ALGO,2026-08-16T06:56:20.589Z,2026-08-16T06:56:20.589943Z,2026-08-16T08:56:20.589943Z,7425.492919,7,0.07925,12.618296529967065,1.6455696202531591,-0.629,72.05882352941177,12.618296529967065,54.43184513454739,0,0,0,0,,False
EDEN,2026-08-16T06:57:06.349Z,2026-08-16T06:57:06.350167Z,2026-08-16T08:57:06.350167Z,7379.732695,7,0.044270000000000004,22.588660492431877,25.207877461706772,-15.402,77.57352941176471,22.588660492431877,39.59356672628585,0,0,0,0,,False
ENA,2026-08-16T06:57:12.493Z,2026-08-16T06:57:12.493248Z,2026-08-16T08:57:12.493248Z,7373.589614,7,0.08305,12.040939193255749,2.761104441776723,-1.885,81.98529411764706,12.040939193255749,41.55179019784244,4,2,2,0,1.0,False
EPIC,2026-08-16T06:57:20.568Z,2026-08-16T06:57:20.568839Z,2026-08-16T08:57:20.568839Z,7365.514023,7,0.34240000000000004,35.04672897196362,20.545934840035223,-13.264,78.30882352941177,35.04672897196362,51.65495354797131,0,0,0,0,,False
ETHFI,2026-08-16T06:57:25.577Z,2026-08-16T06:57:25.577246Z,2026-08-16T08:57:25.577246Z,7360.505616,7,0.47995,10.417751849150962,8.709338929695694,6.671,75.0,10.417751849150962,79.29772396259652,4,3,1,0,1.0,False
HOME,2026-08-16T06:57:42.904Z,2026-08-16T06:57:42.904749Z,2026-08-16T08:57:42.904749Z,7343.178113,7,0.0078049999999999994,12.812299807816094,27.320261437908496,-17.742,83.82352941176471,12.812299807816094,49.6609938382495,1,0,0,1,-1.0,False
NXPC,2026-08-16T06:58:11.983Z,2026-08-16T06:58:11.983312Z,2026-08-16T08:58:11.983312Z,7314.09955,7,0.18835000000000002,15.927794000530644,12.748789671866595,0.978,84.19117647058823,15.927794000530644,53.97202165848973,0,0,0,0,,False
WLFI,2026-08-16T06:59:15.740Z,2026-08-16T06:59:15.740503Z,2026-08-16T08:59:15.740503Z,7250.342359,7,0.058249999999999996,17.16738197424823,4.599659284497446,3.527,81.25,17.16738197424823,75.44521320501056,2,1,1,0,0.0,False
API3,2026-08-16T07:05:03.909Z,2026-08-16T07:05:03.910283Z,2026-08-16T09:05:03.910283Z,7503.028167,7,0.1908,20.964360587002695,9.686003193187862,-0.74,63.23529411764706,20.964360587002695,57.015963459924855,0,0,0,0,,False
ASTER,2026-08-16T07:05:12.373Z,2026-08-16T07:05:12.373518Z,2026-08-16T09:05:12.373518Z,7494.564932,7,0.6005,16.652789342214835,0.8347245409015034,-0.498,68.38235294117646,16.652789342214835,63.98970294476992,2,1,0,1,1.0,False
AVNT,2026-08-16T07:05:18.317Z,2026-08-16T07:05:18.317954Z,2026-08-16T09:05:18.317954Z,7488.620496,7,0.0988,20.242914979757668,5.900000000000002,-1.768,67.6470588235294,20.242914979757668,68.29554253377256,0,0,0,0,,False
BANANA,2026-08-16T07:05:25.293Z,2026-08-16T07:05:25.293677Z,2026-08-16T09:05:25.293677Z,7481.644773,7,3.8405,23.43444863950095,10.799080929282628,3.106,56.25,23.43444863950095,63.98939286646569,0,0,0,0,,False
FIL,2026-08-16T07:06:07.376Z,2026-08-16T07:06:07.376688Z,2026-08-16T09:06:07.376688Z,7439.561762,7,0.6784,8.844339622640534,3.3978431082877862,-2.041,57.720588235294116,8.844339622640534,47.71805748755313,4,1,2,1,0.5,False
LDO,2026-08-16T07:06:39.630Z,2026-08-16T07:06:39.630912Z,2026-08-16T09:06:39.630912Z,7407.307538,7,0.2962,13.504388926401468,4.574720433751275,-1.633,69.11764705882354,13.504388926401468,60.291255080538974,0,0,0,0,,False
MMT,2026-08-16T07:06:47.219Z,2026-08-16T07:06:47.219922Z,2026-08-16T09:06:47.219922Z,7399.718528,7,0.17715,28.224668360146794,6.871095968199886,2.146,65.07352941176471,28.224668360146794,63.66813891589002,0,0,0,0,,False
ONT,2026-08-16T07:07:00.274Z,2026-08-16T07:07:00.275188Z,2026-08-16T09:07:00.275188Z,7386.663262,7,0.037955,28.98168884204953,4.601957154192008,2.912,60.294117647058826,28.98168884204953,64.23334415869988,2,0,2,0,1.0,False
PENDLE,2026-08-16T07:07:29.986Z,2026-08-16T07:07:29.986627Z,2026-08-16T09:07:29.986627Z,7356.951823,7,1.2915,7.7429345722037315,3.335919317300245,-1.377,64.33823529411765,7.7429345722037315,52.63299111808121,1,1,0,0,1.0,False
STRK,2026-08-16T07:07:48.816Z,2026-08-16T07:07:48.817142Z,2026-08-16T09:07:48.817142Z,7338.121308,7,0.023075,4.333694474539369,2.7097902097902056,-0.694,58.8235294117647,4.333694474539369,49.067021921564475,0,0,0,0,,False
SYN,2026-08-16T07:07:56.028Z,2026-08-16T07:07:56.028323Z,2026-08-16T09:07:56.028323Z,7330.910127,7,0.10499,17.14448995142523,4.871306005719736,-0.474,66.91176470588235,17.14448995142523,66.3466377493605,1,1,0,0,-1.0,False
TREE,2026-08-16T07:08:05.759Z,2026-08-16T07:08:05.760171Z,2026-08-16T09:08:05.760171Z,7321.178279,7,0.03435,29.11208151382907,12.058823529411763,1.19,67.27941176470588,29.11208151382907,61.64281108106733,0,0,0,0,,False
VANRY,2026-08-16T07:08:15.959Z,2026-08-16T07:08:15.960229Z,2026-08-16T09:08:15.960229Z,7310.978221,7,0.0012109999999999998,181.66804293972012,123.6943907156673,-31.974,66.54411764705883,181.66804293972012,40.38510304657506,1,0,1,0,1.0,False
VIRTUAL,2026-08-16T07:08:22.735Z,2026-08-16T07:08:22.735944Z,2026-08-16T09:08:22.735944Z,7304.202506,7,0.5561,7.192950908111255,2.9893751125517842,-0.52,62.5,7.192950908111255,38.37947906745917,1,1,0,0,1.0,False
1000CHEEMS,2026-08-16T07:14:28.056Z,2026-08-16T07:14:28.090010Z,2026-08-16T09:14:28.090010Z,7538.212767,7,0.00048550000000000004,20.59732234809413,2.6970954356846453,-0.823,52.94117647058823,20.59732234809413,56.67591057397209,3,1,2,0,0.6667,False
AR,2026-08-16T07:14:39.807Z,2026-08-16T07:14:39.813499Z,2026-08-16T09:14:39.813499Z,7526.489278,7,1.8085,5.5294442908481605,3.730512249443204,2.629,43.01470588235294,5.5294442908481605,68.72440968497096,0,0,0,0,,False
BABY,2026-08-16T07:14:49.117Z,2026-08-16T07:14:49.118744Z,2026-08-16T09:14:49.118744Z,7517.184033,7,0.009685,10.325245224575454,5.456453305351536,-4.795,52.5735294117647,10.325245224575454,54.4951963413972,0,0,0,0,,False
BIO,2026-08-16T07:15:03.608Z,2026-08-16T07:15:03.608615Z,2026-08-16T09:15:03.608615Z,7502.694162,7,0.024655,12.167917258163556,4.997951659156093,-0.449,50.36764705882353,12.167917258163556,62.8426705168514,1,1,0,0,1.0,False
CAKE,2026-08-16T07:15:13.078Z,2026-08-16T07:15:13.079099Z,2026-08-16T09:15:13.079099Z,7493.223678,7,1.4335,6.975933031042133,1.1913104414856275,-0.21,47.4264705882353,6.975933031042133,61.89154923610824,3,0,2,1,0.3333,False
CETUS,2026-08-16T07:15:20.458Z,2026-08-16T07:15:20.458824Z,2026-08-16T09:15:20.458824Z,7485.843953,7,0.021315,14.074595355382957,8.659217877094976,6.337,54.411764705882355,14.074595355382957,59.532571069032834,0,0,0,0,,False
CFX,2026-08-16T07:15:33.421Z,2026-08-16T07:15:33.426230Z,2026-08-16T09:15:33.426230Z,7472.876547,7,0.042115,2.374450908226552,2.8266033254156855,-2.07,46.3235294117647,2.374450908226552,58.00221384999187,2,2,0,0,1.0,False
COTI,2026-08-16T07:15:47.259Z,2026-08-16T07:15:47.259770Z,2026-08-16T09:15:47.259770Z,7459.043007,7,0.010950000000000001,36.52968036529689,11.630218687872755,-4.282,48.529411764705884,36.52968036529689,44.94652781183562,0,0,0,0,,False
FLOKI,2026-08-16T07:16:13.581Z,2026-08-16T07:16:13.581470Z,2026-08-16T09:16:13.581470Z,7432.721307,7,2.0345e-05,4.915212582944998,3.1019202363367753,-0.147,53.6764705882353,4.915212582944998,52.67718249295539,0,0,0,0,,False
GPS,2026-08-16T07:16:25.969Z,2026-08-16T07:16:25.969537Z,2026-08-16T09:16:25.969537Z,7420.33324,7,0.01111,18.00180018001727,7.235621521335803,-1.553,41.544117647058826,18.00180018001727,68.6188939827861,0,0,0,0,,False
HOLO,2026-08-16T07:16:32.686Z,2026-08-16T07:16:32.686574Z,2026-08-16T09:16:32.686574Z,7413.616203,7,0.0561,35.65062388591779,14.828209764918634,-11.661,55.14705882352941,35.65062388591779,50.40958227045798,4,1,0,3,0.0,False
NOT,2026-08-16T07:17:12.417Z,2026-08-16T07:17:12.418149Z,2026-08-16T09:17:12.418149Z,7373.884628,7,0.00039150000000000003,25.54278416347305,10.256410256410255,3.448,52.205882352941174,25.54278416347305,64.78366866928489,1,1,0,0,-1.0,False
ORCA,2026-08-16T07:17:19.947Z,2026-08-16T07:17:19.948014Z,2026-08-16T09:17:19.948014Z,7366.354763,7,1.0394999999999999,9.620009620010698,4.6466602129719305,0.584,47.05882352941177,9.620009620010698,61.9001307062249,0,0,0,0,,False
PEOPLE,2026-08-16T07:17:26.948Z,2026-08-16T07:17:26.948842Z,2026-08-16T09:17:26.948842Z,7359.353935,7,0.007464999999999999,13.395847287341542,6.5595716198125835,0.134,42.279411764705884,13.395847287341542,61.28786025641949,0,0,0,0,,False
PIXEL,2026-08-16T07:17:32.251Z,2026-08-16T07:17:32.251499Z,2026-08-16T09:17:32.251499Z,7354.051278,7,0.0049250000000000006,60.913705583755615,17.27447216890596,12.284,46.69117647058823,60.913705583755615,64.04443128004411,2,1,1,0,1.0,False
ROSE,2026-08-16T07:17:43.713Z,2026-08-16T07:17:43.713315Z,2026-08-16T09:17:43.713315Z,7342.589462,7,0.005365,18.63932898415581,4.364326375711562,-2.045,54.779411764705884,18.63932898415581,55.949551787421974,15,2,13,0,0.9333,False
SKY,2026-08-16T07:18:07.262Z,2026-08-16T07:18:07.263065Z,2026-08-16T09:18:07.263065Z,7319.039712,7,0.051845,5.786478927573006,2.680331099724084,-0.412,43.38235294117647,5.786478927573006,61.92678483547838,1,1,0,0,1.0,False
WIF,2026-08-16T07:18:40.745Z,2026-08-16T07:18:40.746184Z,2026-08-16T09:18:40.746184Z,7285.556593,7,0.13685,7.307270734379904,2.351212343864791,-1.662,53.30882352941177,7.307270734379904,66.07708162368436,6,5,1,0,1.0,False
ACH,2026-08-16T07:24:15.456Z,2026-08-16T07:24:15.456840Z,2026-08-16T09:24:15.456840Z,7550.934309,7,0.004225,23.668639053255525,4.567307692307694,0.971,36.76470588235294,23.668639053255525,56.89555032295449,1,1,0,0,1.0,False
BROCCOLI714,2026-08-16T07:24:30.411Z,2026-08-16T07:24:30.412144Z,2026-08-16T09:24:30.412144Z,7535.979005,7,0.015390000000000001,25.99090318388571,8.256880733944959,-3.844,29.044117647058822,25.99090318388571,37.615584492487386,0,0,0,0,,
C,2026-08-16T07:24:38.373Z,2026-08-16T07:24:38.373637Z,2026-08-16T09:24:38.373637Z,7528.017512,7,0.06764999999999999,14.781966001478622,7.511045655375563,4.946,33.455882352941174,14.781966001478622,72.85029902163079,0,0,0,0,,False
CATI,2026-08-16T07:24:45.477Z,2026-08-16T07:24:45.478056Z,2026-08-16T09:24:45.478056Z,7520.913093,7,0.04834,12.412081092264065,6.0057589469354165,0.767,34.55882352941177,12.412081092264065,42.09663121825685,0,0,0,0,,False
CGPT,2026-08-16T07:24:50.817Z,2026-08-16T07:24:50.817992Z,2026-08-16T09:24:50.817992Z,7515.573157,7,0.02043,9.789525208027012,7.196029776674936,-2.704,39.338235294117645,9.789525208027012,55.66944751642215,0,0,0,0,,False
DOGS,2026-08-16T07:24:56.295Z,2026-08-16T07:24:56.295927Z,2026-08-16T09:24:56.295927Z,7510.095222,7,3.4380000000000006e-05,11.634671320535082,3.305059959052347,-0.726,31.25,11.634671320535082,54.727779529581454,0,0,0,0,,False
DYM,2026-08-16T07:25:06.929Z,2026-08-16T07:25:06.929524Z,2026-08-16T09:25:06.929524Z,7499.461625,7,0.014974999999999999,33.3889816360599,3.6684782608695574,-0.675,28.676470588235293,33.3889816360599,56.47685279618305,0,0,0,0,,False
EGLD,2026-08-16T07:25:15.409Z,2026-08-16T07:25:15.409482Z,2026-08-16T09:25:15.409482Z,7490.981667,7,2.615,38.24091778202765,3.0769230769230793,-2.256,41.1764705882353,38.24091778202765,56.14446470443779,0,0,0,0,,False
EUL,2026-08-16T07:25:20.636Z,2026-08-16T07:25:20.636714Z,2026-08-16T09:25:20.636714Z,7485.754435,7,1.129,17.714791851195763,8.4938704028021,-4.114,33.8235294117647,17.714791851195763,50.43780351281505,0,0,0,0,,False
GMT,2026-08-16T07:25:26.168Z,2026-08-16T07:25:26.168341Z,2026-08-16T09:25:26.168341Z,7480.222808,7,0.006225,16.06425702811319,7.766990291262128,-2.215,33.088235294117645,16.06425702811319,62.41292270449598,0,0,0,0,,False
HAEDAL,2026-08-16T07:25:43.202Z,2026-08-16T07:25:43.202728Z,2026-08-16T09:25:43.202728Z,7463.188421,7,0.017015000000000002,29.385836027033765,6.033452807646358,1.949,29.41176470588235,29.385836027033765,60.64441304089704,0,0,0,0,,False
IMX,2026-08-16T07:25:51.024Z,2026-08-16T07:25:51.024726Z,2026-08-16T09:25:51.024726Z,7455.366423,7,0.10825,9.237875288682586,2.504638218923928,-0.828,29.779411764705884,9.237875288682586,57.58849096248549,1,0,1,0,-1.0,False
IO,2026-08-16T07:26:01.884Z,2026-08-16T07:26:01.884844Z,2026-08-16T09:26:01.884844Z,7444.506305,7,0.1117,17.90510295434126,6.329113924050627,-4.491,36.39705882352941,17.90510295434126,55.52704739844514,0,0,0,0,,False
MUBARAK,2026-08-16T07:26:26.881Z,2026-08-16T07:26:26.881548Z,2026-08-16T09:26:26.881548Z,7419.509601,7,0.016155000000000003,18.570102135560987,14.973958333333332,-6.227,40.0735294117647,18.570102135560987,60.09244312447762,0,0,0,0,,False
TWT,2026-08-16T07:27:45.850Z,2026-08-16T07:27:45.850441Z,2026-08-16T09:27:45.850441Z,7340.540708,7,0.39895,27.572377490914786,4.203197524497173,-4.034,35.294117647058826,27.572377490914786,42.12361824551428,3,3,0,0,1.0,False
YB,2026-08-16T07:27:52.876Z,2026-08-16T07:27:52.876488Z,2026-08-16T09:27:52.876488Z,7333.514661,7,0.08105,37.01418877236209,12.244897959183671,-2.609,28.308823529411764,37.01418877236209,43.593246546745426,0,0,0,0,,False
1000SATS,2026-08-16T07:33:52.396Z,2026-08-16T07:33:52.396519Z,2026-08-16T09:33:52.396519Z,7573.932257,7,1.0504999999999999e-05,28.557829604949756,5.620155038759686,-1.901,23.897058823529413,28.557829604949756,55.92455514323934,16,9,0,7,0.9375,False
AIXBT,2026-08-16T07:34:06.324Z,2026-08-16T07:34:06.324282Z,2026-08-16T09:34:06.324282Z,7560.004494,7,0.017825,28.050490883591266,3.599550056242979,0.623,17.647058823529413,28.050490883591266,46.998672371841074,0,0,0,0,,False
ALT,2026-08-16T07:34:11.655Z,2026-08-16T07:34:11.655525Z,2026-08-16T09:34:11.655525Z,7554.673251,7,0.0060750000000000005,16.460905349794995,1.6666666666666565,-0.498,13.970588235294118,16.460905349794995,61.919748251132994,0,0,0,0,,False
ARKM,2026-08-16T07:34:17.640Z,2026-08-16T07:34:17.640900Z,2026-08-16T09:34:17.640900Z,7548.687876,7,0.09045,11.055831951354655,2.8729281767955857,-1.416,21.691176470588236,11.055831951354655,52.25863610031666,3,2,1,0,1.0,False
AT,2026-08-16T07:34:22.975Z,2026-08-16T07:34:22.975895Z,2026-08-16T09:34:22.975895Z,7543.352881,7,0.16094999999999998,18.639328984156244,5.844980940279533,-0.506,20.955882352941178,18.639328984156244,66.84861260795572,5,3,1,1,0.6,False
AXS,2026-08-16T07:34:31.218Z,2026-08-16T07:34:31.219067Z,2026-08-16T09:34:31.219067Z,7535.109709,7,0.8734999999999999,11.448196908986844,3.0267753201397003,-2.608,26.470588235294116,11.448196908986844,56.50713342413335,1,1,0,0,1.0,False
BEAMX,2026-08-16T07:34:39.275Z,2026-08-16T07:34:39.276149Z,2026-08-16T09:34:39.276149Z,7527.052627,7,0.0013305,22.547914317925322,4.006046863189728,-1.489,18.014705882352942,22.547914317925322,55.10330678832365,0,0,0,0,,False
CKB,2026-08-16T07:34:47.280Z,2026-08-16T07:34:47.280902Z,2026-08-16T09:34:47.280902Z,7519.047874,7,0.00083,24.096385542169262,3.874092009685219,0.121,15.808823529411764,24.096385542169262,58.118097779726035,0,0,0,0,,False
EIGEN,2026-08-16T07:35:03.697Z,2026-08-16T07:35:03.698045Z,2026-08-16T09:35:03.698045Z,7502.630731,7,0.16915000000000002,17.735737511084523,3.0393325387365873,-2.043,25.36764705882353,17.735737511084523,49.770570835843024,2,2,0,0,1.0,False
ENS,2026-08-16T07:35:16.586Z,2026-08-16T07:35:16.587313Z,2026-08-16T09:35:16.587313Z,7489.741463,7,4.025,24.844720496896084,2.0000000000000018,-0.99,12.867647058823529,24.844720496896084,53.83006305644827,0,0,0,0,,False
EURI,2026-08-16T07:35:20.398Z,2026-08-16T07:35:20.398320Z,2026-08-16T09:35:20.398320Z,7485.930456,7,1.1561,3.4599083124312604,0.28573902502379933,0.026,13.235294117647058,3.4599083124312604,55.113108864216635,0,0,0,0,,False
F,2026-08-16T07:35:26.097Z,2026-08-16T07:35:26.097373Z,2026-08-16T09:35:26.097373Z,7480.231403,7,0.002765,36.166365280289426,6.8100358422939085,3.717,19.11764705882353,36.166365280289426,67.79535909353831,0,0,0,0,,False
FF,2026-08-16T07:35:35.473Z,2026-08-16T07:35:35.474395Z,2026-08-16T09:35:35.474395Z,7470.854381,7,0.06552,9.157509157507727,1.8518518518518563,0.092,22.058823529411764,9.157509157507727,59.18815795229301,0,0,0,0,,False
HMSTR,2026-08-16T07:35:42.611Z,2026-08-16T07:35:42.611562Z,2026-08-16T09:35:42.611562Z,7463.717214,7,0.00017515,5.70939194975749,3.676048248133268,-2.081,25.735294117647058,5.70939194975749,57.532978568754366,0,0,0,0,,False
MET,2026-08-16T07:36:40.923Z,2026-08-16T07:36:40.923287Z,2026-08-16T09:36:40.923287Z,7405.405489,7,0.16294999999999998,18.41055538508713,3.192142418661762,0.246,20.58823529411765,18.41055538508713,51.877125113960965,0,0,0,0,,False
MINA,2026-08-16T07:36:48.939Z,2026-08-16T07:36:48.939769Z,2026-08-16T09:36:48.939769Z,7397.389007,7,0.03955,25.284450063211846,2.0253164556961902,0.765,20.220588235294116,25.284450063211846,48.61033405800067,1,1,0,0,1.0,False
MITO,2026-08-16T07:36:56.386Z,2026-08-16T07:36:56.386527Z,2026-08-16T09:36:56.386527Z,7389.942249,7,0.025335,19.735543714229895,4.727850615812476,1.166,19.852941176470587,19.735543714229895,37.75739945371544,0,0,0,0,,False
QNT,2026-08-16T07:37:17.680Z,2026-08-16T07:37:17.680408Z,2026-08-16T09:37:17.680408Z,7368.648368,7,57.545,15.639933964723852,2.7811789400035045,-1.397,15.073529411764707,15.639933964723852,43.29276708691902,4,2,1,1,1.0,False
TNSR,2026-08-16T07:37:35.692Z,2026-08-16T07:37:35.692432Z,2026-08-16T09:37:35.692432Z,7350.636344,7,0.03215,31.104199066874923,3.095975232198145,0.311,16.176470588235293,31.104199066874923,59.42585262740682,1,0,0,1,-1.0,False
1INCH,2026-08-16T07:43:29.264Z,2026-08-16T07:43:29.264590Z,2026-08-16T09:43:29.264590Z,7597.453857,7,0.0824,24.27184466019487,0.8505467800729116,-0.604,0.7352941176470589,24.27184466019487,37.8450111789739,0,0,0,0,,
ACT,2026-08-16T07:43:36.936Z,2026-08-16T07:43:36.936916Z,2026-08-16T09:43:36.936916Z,7589.781531,7,0.01015,39.408866995074,6.990881458966562,-1.693,8.455882352941176,39.408866995074,57.35288056367569,0,0,0,0,,False
ANIME,2026-08-16T07:43:45.871Z,2026-08-16T07:43:45.872183Z,2026-08-16T09:43:45.872183Z,7580.846264,7,0.0024349999999999997,41.067761806981636,6.557377049180328,2.521,6.985294117647059,41.067761806981636,62.45621334272096,0,0,0,0,,False
BARD,2026-08-16T07:43:59.001Z,2026-08-16T07:43:59.001308Z,2026-08-16T09:43:59.001308Z,7567.717139,7,0.1036,19.305019305019858,4.597701149425286,0.0,10.294117647058824,19.305019305019858,60.945500867649734,0,0,0,0,,False
ETC,2026-08-16T07:44:40.888Z,2026-08-16T07:44:40.888672Z,2026-08-16T09:44:40.888672Z,7525.829775,7,6.175,16.194331983805323,1.9480519480519498,-1.124,9.558823529411764,16.194331983805323,43.41741336087335,1,1,0,0,1.0,False
ETH,2026-08-16T07:44:46.763Z,2026-08-16T07:44:46.763590Z,2026-08-16T09:44:46.763590Z,7519.954857,7,1879.105,0.05321682396668044,0.5685599143965884,-0.022,99.63235294117646,0.05321682396668044,58.20861397451684,46,30,12,4,0.8261,False
FLUX,2026-08-16T07:44:55.670Z,2026-08-16T07:44:55.671059Z,2026-08-16T09:44:55.671059Z,7511.047388,7,0.04025,24.84472049689512,3.258145363408528,0.504,8.823529411764707,24.84472049689512,36.484651513324174,0,0,0,0,,False
HYPER,2026-08-16T07:45:23.177Z,2026-08-16T07:45:23.177679Z,2026-08-16T09:45:23.177679Z,7483.540768,7,0.06315000000000001,15.835312747427212,3.174603174603177,-1.408,8.088235294117647,15.835312747427212,55.00196443420498,0,0,0,0,,False
NEWT,2026-08-16T07:45:45.626Z,2026-08-16T07:45:45.627021Z,2026-08-16T09:45:45.627021Z,7461.091426,7,0.0372,53.763440860214736,6.399999999999999,0.536,10.661764705882353,53.763440860214736,54.53852518739032,1,1,0,0,1.0,False
2Z,2026-08-16T07:52:52.676Z,2026-08-16T07:52:52.676399Z,2026-08-16T09:52:52.676399Z,7633.282373,7,0.048085,18.71685556826449,10.50323658383796,-5.037,87.86764705882354,18.71685556826449,47.600585371426305,0,0,0,0,,True
ADA,2026-08-16T07:52:59.019Z,2026-08-16T07:52:59.019235Z,2026-08-16T09:52:59.019235Z,7626.939537,7,0.17685,5.654509471302742,2.3216308040770057,-1.561,93.38235294117646,5.654509471302742,67.33303081877622,18,6,9,3,0.3333,False
APT,2026-08-16T07:53:05.696Z,2026-08-16T07:53:05.697163Z,2026-08-16T09:53:05.697163Z,7620.261609,7,0.5315000000000001,18.814675446848554,3.4026465028355415,-2.399,91.17647058823529,18.814675446848554,54.72865372803745,6,4,2,0,0.6667,False
BCH,2026-08-16T07:53:15.918Z,2026-08-16T07:53:15.919462Z,2026-08-16T09:53:15.919462Z,7610.03931,7,203.95,4.9031625398379175,2.0689655172413874,-1.265,93.75,4.9031625398379175,56.140941209064216,1,0,1,0,1.0,False
COW,2026-08-16T07:53:27.397Z,2026-08-16T07:53:27.397932Z,2026-08-16T09:53:27.397932Z,7598.56084,7,0.1232,81.16883116883123,68.81150643451932,29.13,96.69117647058823,81.16883116883123,67.59644521596361,6,5,0,1,0.6667,False
DOGE,2026-08-16T07:53:32.970Z,2026-08-16T07:53:32.970934Z,2026-08-16T09:53:32.970934Z,7592.987838,7,0.069715,1.434411532670157,0.9912368912512515,-0.6,86.76470588235294,1.434411532670157,59.600028935062376,18,11,4,3,0.2222,False
ENSO,2026-08-16T07:53:39.836Z,2026-08-16T07:53:39.836751Z,2026-08-16T09:53:39.836751Z,7586.122021,7,0.8174999999999999,12.232415902140685,18.750000000000007,7.912,87.13235294117646,12.232415902140685,75.48088052331013,1,1,0,0,1.0,False
NIL,2026-08-16T07:54:20.310Z,2026-08-16T07:54:20.310933Z,2026-08-16T09:54:20.310933Z,7545.647839,7,0.04889,28.635712824707362,23.146270002253765,-11.1,88.97058823529412,28.635712824707362,57.16181702763916,1,1,0,0,1.0,False
PEPE,2026-08-16T07:54:26.060Z,2026-08-16T07:54:26.060558Z,2026-08-16T09:54:26.060558Z,7539.898214,7,2.605e-06,38.38771593090174,3.0888030888030915,-2.264,89.70588235294117,38.38771593090174,56.334906688161034,22,22,0,0,0.7273,False
RARE,2026-08-16T07:54:40.445Z,2026-08-16T07:54:40.445592Z,2026-08-16T09:54:40.445592Z,7525.51318,7,0.01141,17.52848378615178,18.6619718309859,-2.405,90.07352941176471,17.52848378615178,57.87419097002028,0,0,0,0,,False
WAL,2026-08-16T07:55:20.253Z,2026-08-16T07:55:20.254212Z,2026-08-16T09:55:20.254212Z,7485.70456,7,0.022850000000000002,43.76367614879623,39.495798319327726,15.534,95.22058823529412,43.76367614879623,64.09654843714677,6,4,2,0,-0.3333,False
WLD,2026-08-16T07:55:26.522Z,2026-08-16T07:55:26.522424Z,2026-08-16T09:55:26.522424Z,7479.436348,7,0.34704999999999997,2.8814291888789656,3.9850917431192725,0.259,92.6470588235294,2.8814291888789656,71.10239585787696,3,1,1,1,0.3333,False
XLM,2026-08-16T07:55:35.801Z,2026-08-16T07:55:35.801402Z,2026-08-16T09:55:35.801402Z,7470.15737,7,0.15695,6.371455877667344,1.979565772669216,-1.323,88.23529411764706,6.371455877667344,55.747094664244486,12,5,6,1,0.6667,False
ALLO,2026-08-16T08:01:35.716Z,2026-08-16T08:01:35.716535Z,2026-08-16T10:01:35.716535Z,7710.817892,7,0.26549999999999996,15.065913370998551,5.176294073518393,2.028,80.88235294117646,15.065913370998551,62.60343454690742,0,0,0,0,,False
ARB,2026-08-16T08:01:42.039Z,2026-08-16T08:01:42.042355Z,2026-08-16T10:01:42.042355Z,7704.492072,7,0.07385,13.540961408258497,4.120879120879124,-3.063,80.51470588235294,13.540961408258497,60.962280883867145,9,7,1,1,1.0,False
ATOM,2026-08-16T08:01:49.302Z,2026-08-16T08:01:49.302756Z,2026-08-16T10:01:49.302756Z,7697.231671,7,1.495,13.377926421404693,2.63513513513513,-0.471,82.72058823529412,13.377926421404693,61.68508906582483,6,2,4,0,0.3333,False
BANK,2026-08-16T08:01:57.617Z,2026-08-16T08:01:57.617670Z,2026-08-16T10:01:57.617670Z,7688.916757,7,0.03715,26.91790040376741,7.3369565217391335,-1.075,75.36764705882354,26.91790040376741,56.204628843807136,2,0,2,0,1.0,False
BMT,2026-08-16T08:02:06.798Z,2026-08-16T08:02:06.801065Z,2026-08-16T10:02:06.801065Z,7679.733362,7,0.015130000000000001,13.218770654329754,40.43865661411925,-8.869,84.55882352941177,13.218770654329754,51.498848774048895,3,3,0,0,1.0,False
BOME,2026-08-16T08:02:13.985Z,2026-08-16T08:02:13.985942Z,2026-08-16T10:02:13.985942Z,7672.548485,7,0.00088095,26.108178670753183,19.333716255025852,11.147,76.83823529411765,26.108178670753183,61.364878678344844,1,1,0,0,1.0,False
CRV,2026-08-16T08:02:22.293Z,2026-08-16T08:02:22.294236Z,2026-08-16T10:02:22.294236Z,7664.240191,7,0.24895,4.016870857601486,1.707621824239897,-0.539,79.41176470588235,4.016870857601486,65.26459227209567,0,0,0,0,,False
DOT,2026-08-16T08:02:29.695Z,2026-08-16T08:02:29.695605Z,2026-08-16T10:02:29.695605Z,7656.838822,7,0.7585,13.183915622940026,3.703703703703707,-1.946,83.08823529411765,13.183915622940026,62.14335846900502,6,2,2,2,0.0,False
FDUSD,2026-08-16T08:02:57.412Z,2026-08-16T08:02:57.412370Z,2026-08-16T10:02:57.412370Z,7629.122057,7,0.99695,1.0030593309593157,0.020062192797670575,0.0,79.77941176470588,1.0030593309593157,67.5260263819219,0,0,0,0,,
GRAM,2026-08-16T08:03:06.908Z,2026-08-16T08:03:06.909976Z,2026-08-16T10:03:06.909976Z,7619.624451,7,1.3385,7.471049682479566,2.322097378277164,0.0,81.61764705882354,7.471049682479566,61.43101644607581,2,2,0,0,1.0,False
HBAR,2026-08-16T08:03:16.313Z,2026-08-16T08:03:16.313629Z,2026-08-16T10:03:16.313629Z,7610.220798,7,0.06500500000000001,1.538343204368298,1.7376595417499707,-1.305,77.20588235294117,1.538343204368298,66.59311456209917,4,3,1,0,1.0,False
HUMA,2026-08-16T08:03:29.074Z,2026-08-16T08:03:29.075358Z,2026-08-16T10:03:29.075358Z,7597.459069,7,0.020625,24.242424242424935,13.69521912350599,4.692,73.8970588235294,24.242424242424935,70.62897534631631,0,0,0,0,,False
INJ,2026-08-16T08:03:35.913Z,2026-08-16T08:03:35.915598Z,2026-08-16T10:03:35.915598Z,7590.618829,7,4.103,4.874482086277796,4.09356725146197,-1.889,80.1470588235294,4.874482086277796,54.79394337632979,2,2,0,0,1.0,False
JTO,2026-08-16T08:03:47.025Z,2026-08-16T08:03:47.025646Z,2026-08-16T10:03:47.025646Z,7579.508781,7,0.5917,3.3800912624637145,4.774083546462048,0.739,73.52941176470588,3.3800912624637145,70.26355742679321,2,1,1,0,1.0,False
KAITO,2026-08-16T08:03:57.210Z,2026-08-16T08:03:57.213143Z,2026-08-16T10:03:57.213143Z,7569.321284,7,0.35565,14.058765640376787,16.438356164383556,-11.381,82.3529411764706,14.058765640376787,56.59730891327318,3,1,2,0,0.3333,False
ONDO,2026-08-16T08:04:13.190Z,2026-08-16T08:04:13.191083Z,2026-08-16T10:04:13.191083Z,7553.343344,7,0.3257,6.1406202026397905,2.35148514851485,-1.493,75.73529411764706,6.1406202026397905,64.23925667405896,5,4,1,0,1.0,False
OP,2026-08-16T08:04:21.854Z,2026-08-16T08:04:21.855100Z,2026-08-16T10:04:21.855100Z,7544.679327,7,0.08505,11.757789535566019,2.951593860684756,-2.532,74.26470588235294,11.757789535566019,34.790918091680126,0,0,0,0,,False
PENGU,2026-08-16T08:04:30.160Z,2026-08-16T08:04:30.160923Z,2026-08-16T10:04:30.160923Z,7536.373504,7,0.0059985,5.001250312578808,1.6898109419441258,-1.141,83.45588235294117,5.001250312578808,56.3260702399919,2,1,1,0,1.0,False
POL,2026-08-16T08:04:40.410Z,2026-08-16T08:04:40.410534Z,2026-08-16T10:04:40.410534Z,7526.123893,7,0.075275,3.9853869146465954,1.7766497461928907,-0.808,70.95588235294117,3.9853869146465954,55.371774508031514,5,2,3,0,0.6,False
RED,2026-08-16T08:04:52.968Z,2026-08-16T08:04:52.969246Z,2026-08-16T10:04:52.969246Z,7513.565181,7,0.08775,11.396011396011723,36.0135900339751,2.199,79.04411764705883,11.396011396011723,48.970650322683845,0,0,0,0,,False
RENDER,2026-08-16T08:04:59.919Z,2026-08-16T08:04:59.919701Z,2026-08-16T10:04:59.919701Z,7506.614726,7,1.2614999999999998,7.927070947285866,1.6733067729083593,-1.181,71.69117647058823,7.927070947285866,61.77476767066798,0,0,0,0,,False
RUNE,2026-08-16T08:05:09.110Z,2026-08-16T08:05:09.110712Z,2026-08-16T10:05:09.110712Z,7497.423715,7,0.4135,24.183796856106433,2.173913043478263,-1.429,72.79411764705883,24.183796856106433,55.92222266485234,1,0,1,0,1.0,False
SHIB,2026-08-16T08:05:17.210Z,2026-08-16T08:05:17.210997Z,2026-08-16T10:05:17.210997Z,7489.32343,7,4.4650000000000004e-06,22.396416573349942,2.439024390243898,-1.743,74.63235294117646,22.396416573349942,61.075618587291245,19,4,14,1,0.8421,False
TAO,2026-08-16T08:05:23.575Z,2026-08-16T08:05:23.578400Z,2026-08-16T10:05:23.578400Z,7482.956027,7,196.05,5.100739607242759,1.6871165644171837,-1.012,85.29411764705883,5.100739607242759,54.22468731788369,7,5,2,0,0.7143,False
TRUMP,2026-08-16T08:05:36.445Z,2026-08-16T08:05:36.446111Z,2026-08-16T10:05:36.446111Z,7470.088316,7,1.3915,7.186489399927344,2.297200287150038,-1.415,76.47058823529412,7.186489399927344,62.30686983602026,32,32,0,0,0.625,False
XPL,2026-08-16T08:05:49.219Z,2026-08-16T08:05:49.220019Z,2026-08-16T10:05:49.220019Z,7457.314408,7,0.078335,6.382842918235079,4.135435513052479,-0.142,84.92647058823529,6.382842918235079,60.47710794456914,1,0,1,0,-1.0,False
ZRO,2026-08-16T08:05:59.933Z,2026-08-16T08:05:59.934047Z,2026-08-16T10:05:59.934047Z,7446.60038,7,0.7705,12.978585334198584,3.63636363636364,-1.408,78.67647058823529,12.978585334198584,57.762885555605294,0,0,0,0,,False
BANANAS31,2026-08-16T08:12:05.455Z,2026-08-16T08:12:05.455544Z,2026-08-16T10:12:05.455544Z,7680.238961,7,0.008535000000000001,4.686584651433855,6.9589422407794,-3.015,61.39705882352941,4.686584651433855,47.37873804322485,0,0,0,0,,True
BERA,2026-08-16T08:12:12.693Z,2026-08-16T08:12:12.693593Z,2026-08-16T10:12:12.693593Z,7673.000912,7,0.14525,6.884681583477917,7.330567081604425,1.331,58.088235294117645,6.884681583477917,54.40330560380094,0,0,0,0,,False
BONK,2026-08-16T08:12:19.967Z,2026-08-16T08:12:19.967830Z,2026-08-16T10:12:19.967830Z,7665.726675,7,2.345e-06,42.64392324093776,3.0042918454935696,-1.688,59.9264705882353,42.64392324093776,54.67344911670836,3,3,0,0,1.0,False
CHZ,2026-08-16T08:12:26.875Z,2026-08-16T08:12:26.875461Z,2026-08-16T10:12:26.875461Z,7658.819044,7,0.012445,8.035355564483401,1.932367149758445,-1.115,58.455882352941174,8.035355564483401,49.793899601814395,0,0,0,0,,False
DOLO,2026-08-16T08:12:32.833Z,2026-08-16T08:12:32.833831Z,2026-08-16T10:12:32.833831Z,7652.860674,7,0.024415,53.24595535531361,18.923687692986334,0.577,62.86764705882353,53.24595535531361,55.40583054544845,8,3,1,4,0.5,False
DYDX,2026-08-16T08:12:39.437Z,2026-08-16T08:12:39.437551Z,2026-08-16T10:12:39.437551Z,7646.256954,7,0.10705,11.209715086407764,4.579656293543896,-2.957,70.58823529411765,11.209715086407764,59.82603419301096,1,1,0,0,-1.0,False
GIGGLE,2026-08-16T08:13:03.314Z,2026-08-16T08:13:03.315103Z,2026-08-16T10:13:03.315103Z,7622.379402,7,30.66,6.523157208089735,5.343760182469862,0.393,61.029411764705884,6.523157208089735,70.26272000994896,2,2,0,0,1.0,False
HEI,2026-08-16T08:13:10.328Z,2026-08-16T08:13:10.328537Z,2026-08-16T10:13:10.328537Z,7615.365968,7,0.13390000000000002,14.936519790889148,22.660479505027066,-11.861,65.44117647058823,14.936519790889148,60.1728647891429,0,0,0,0,,False
JUP,2026-08-16T08:13:17.381Z,2026-08-16T08:13:17.381480Z,2026-08-16T10:13:17.381480Z,7608.313025,7,0.16775,5.961251862892205,2.946482260974152,-1.656,69.8529411764706,5.961251862892205,64.16651369940102,8,2,3,3,0.75,False
KITE,2026-08-16T08:13:25.805Z,2026-08-16T08:13:25.805460Z,2026-08-16T10:13:25.805460Z,7599.889045,7,0.09455,10.576414595452444,4.579339723109705,-1.778,57.35294117647059,10.576414595452444,57.39787649676783,0,0,0,0,,False
ORDI,2026-08-16T08:14:06.942Z,2026-08-16T08:14:06.942506Z,2026-08-16T10:14:06.942506Z,7558.751999,7,3.3949999999999996,11.782032400589115,3.2381513099793904,-0.088,59.55882352941177,11.782032400589115,62.64407667782986,6,1,5,0,0.6667,False
PAXG,2026-08-16T08:14:15.448Z,2026-08-16T08:14:15.448855Z,2026-08-16T10:14:15.448855Z,7550.24565,7,4374.425,0.022860147334148553,0.1790976584808714,0.125,69.48529411764706,0.022860147334148553,75.74877455903754,0,0,0,0,,False
SAPIEN,2026-08-16T08:14:27.619Z,2026-08-16T08:14:27.619564Z,2026-08-16T10:14:27.619564Z,7538.074941,7,0.07755000000000001,12.894906511928157,3.7711313394018204,0.919,64.70588235294117,12.894906511928157,59.90618432016442,0,0,0,0,,False
SEI,2026-08-16T08:14:35.990Z,2026-08-16T08:14:35.990760Z,2026-08-16T10:14:35.990760Z,7529.703745,7,0.039805,2.51224720512401,2.1356783919598077,-0.575,66.17647058823529,2.51224720512401,69.37011759333052,1,0,0,1,-1.0,False
THE,2026-08-16T08:14:51.079Z,2026-08-16T08:14:51.079449Z,2026-08-16T10:14:51.079449Z,7514.615056,7,0.06245,16.012810248199017,8.496732026143786,0.658,63.970588235294116,16.012810248199017,63.78030763875848,19,13,5,1,0.4211,False
TST,2026-08-16T08:15:03.064Z,2026-08-16T08:15:03.064936Z,2026-08-16T10:15:03.064936Z,7502.629569,7,0.013944999999999999,21.51308712800324,9.10415149308084,-4.917,61.76470588235294,21.51308712800324,57.218065178580446,2,2,0,0,1.0,False
XTZ,2026-08-16T08:15:25.985Z,2026-08-16T08:15:25.985418Z,2026-08-16T10:15:25.985418Z,7479.709087,7,0.197,10.152284263959682,3.4096692111959204,-0.456,65.80882352941177,10.152284263959682,49.48681596934796,4,1,2,1,0.0,False
ZBT,2026-08-16T08:15:31.542Z,2026-08-16T08:15:31.542256Z,2026-08-16T10:15:31.542256Z,7474.152249,7,0.08415,11.88354129530634,7.459207459207446,-2.721,63.60294117647059,11.88354129530634,66.53884887637678,0,0,0,0,,False
ZEN,2026-08-16T08:15:39.067Z,2026-08-16T08:15:39.067521Z,2026-08-16T10:15:39.067521Z,7466.626984,7,3.9779999999999998,10.055304172951242,1.5315089128797374,-1.117,62.13235294117647,10.055304172951242,50.93074518264068,0,0,0,0,,False
APE,2026-08-16T08:21:25.549Z,2026-08-16T08:21:25.549278Z,2026-08-16T10:21:25.549278Z,7720.00148,7,0.12275,8.146639511201863,1.7959183673469337,-0.81,51.470588235294116,8.146639511201863,58.644736665115076,2,2,0,0,1.0,False
BB,2026-08-16T08:21:41.129Z,2026-08-16T08:21:41.129904Z,2026-08-16T10:21:41.129904Z,7704.420854,7,0.01136,17.605633802816183,11.411149825783976,-3.041,51.10294117647059,17.605633802816183,61.8054277274557,0,0,0,0,,False
COOKIE,2026-08-16T08:22:15.663Z,2026-08-16T08:22:15.663908Z,2026-08-16T10:22:15.663908Z,7669.88685,7,0.01165,85.83690987124561,11.40350877192983,-6.557,55.51470588235294,85.83690987124561,55.544931163780255,0,0,0,0,,False
DASH,2026-08-16T08:22:27.233Z,2026-08-16T08:22:27.233711Z,2026-08-16T10:22:27.233711Z,7658.317047,7,29.695,10.102710894090297,2.429969625379679,-1.134,41.911764705882355,10.102710894090297,63.843833099172684,0,0,0,0,,False
ERA,2026-08-16T08:22:32.959Z,2026-08-16T08:22:32.959960Z,2026-08-16T10:22:32.959960Z,7652.590798,7,0.05985,16.708437761069817,4.643449419568817,0.836,54.044117647058826,16.708437761069817,64.58911998020893,0,0,0,0,,False
GALA,2026-08-16T08:22:46.553Z,2026-08-16T08:22:46.553866Z,2026-08-16T10:22:46.553866Z,7638.996892,7,0.0016825,5.943536404161264,2.298850574712647,-1.136,55.88235294117647,5.943536404161264,61.98908494474897,0,0,0,0,,False
LINEA,2026-08-16T08:22:59.712Z,2026-08-16T08:22:59.713090Z,2026-08-16T10:22:59.713090Z,7625.837668,7,0.0021495,4.652244708072263,6.229660622966062,1.224,48.161764705882355,4.652244708072263,68.51861545092906,1,1,0,0,1.0,False
MIRA,2026-08-16T08:23:06.828Z,2026-08-16T08:23:06.829089Z,2026-08-16T10:23:06.829089Z,7618.721669,7,0.03895,25.67394094993655,3.856041131105402,0.258,44.11764705882353,25.67394094993655,59.650673072111566,0,0,0,0,,False
MORPHO,2026-08-16T08:23:12.126Z,2026-08-16T08:23:12.127227Z,2026-08-16T10:23:12.127227Z,7613.423531,7,2.0015,4.996252810391655,1.478083588175327,1.03,50.0,4.996252810391655,60.598732641360854,1,1,0,0,1.0,False
NEIRO,2026-08-16T08:23:18.199Z,2026-08-16T08:23:18.200267Z,2026-08-16T10:23:18.200267Z,7607.350491,7,6.539999999999999e-05,18.348623853211873,6.385597784274492,-0.505,48.89705882352941,18.348623853211873,49.71336568880345,12,12,0,0,0.8333,False
NEO,2026-08-16T08:23:26.241Z,2026-08-16T08:23:26.241983Z,2026-08-16T10:23:26.241983Z,7599.308775,7,1.6724999999999999,5.979073243647904,2.1634615384615405,-1.655,42.64705882352941,5.979073243647904,61.27053755647026,0,0,0,0,,False
NOM,2026-08-16T08:23:31.295Z,2026-08-16T08:23:31.295209Z,2026-08-16T10:23:31.295209Z,7594.255549,7,0.001655,60.42296072507568,10.714285714285717,7.006,49.63235294117647,60.42296072507568,69.55913740220886,0,0,0,0,,False
RESOLV,2026-08-16T08:24:01.222Z,2026-08-16T08:24:01.222681Z,2026-08-16T10:24:01.222681Z,7564.328077,7,0.01785,11.204481792716628,4.606741573033715,3.972,44.85294117647059,11.204481792716628,70.13073776079025,0,0,0,0,,False
SAGA,2026-08-16T08:24:18.972Z,2026-08-16T08:24:18.973138Z,2026-08-16T10:24:18.973138Z,7546.57762,7,0.013125,7.6190476190473095,4.144282425172683,-2.616,50.73529411764706,7.6190476190473095,55.06648294336668,0,0,0,0,,False
SAND,2026-08-16T08:24:26.574Z,2026-08-16T08:24:26.574352Z,2026-08-16T10:24:26.574352Z,7538.976406,7,0.03927,5.09294626941665,2.1135727018079895,-0.883,45.955882352941174,5.09294626941665,40.271027305000366,1,0,0,1,1.0,False
SOPH,2026-08-16T08:24:40.575Z,2026-08-16T08:24:40.575731Z,2026-08-16T10:24:40.575731Z,7524.975027,7,0.0036750000000000003,27.210884353741562,10.000000000000002,4.046,47.794117647058826,27.210884353741562,66.31947114992334,0,0,0,0,,False
TIA,2026-08-16T08:24:48.149Z,2026-08-16T08:24:48.150093Z,2026-08-16T10:24:48.150093Z,7517.400665,7,0.30065,3.3261267254297193,3.5738142952571765,-2.95,51.838235294117645,3.3261267254297193,49.13310725234283,4,1,2,1,1.0,False
TRB,2026-08-16T08:24:53.803Z,2026-08-16T08:24:53.803811Z,2026-08-16T10:24:53.803811Z,7511.746947,7,13.085,7.642338555597849,1.9862490450725863,-1.058,43.75,7.642338555597849,58.13217404810538,1,1,0,0,1.0,False
USDE,2026-08-16T08:24:59.847Z,2026-08-16T08:24:59.847649Z,2026-08-16T10:24:59.847649Z,7505.703109,7,0.99995,1.000050002500015,0.019999999999997797,0.0,44.48529411764706,1.000050002500015,54.46417909010348,0,0,0,0,,False
WCT,2026-08-16T08:25:07.453Z,2026-08-16T08:25:07.453816Z,2026-08-16T10:25:07.453816Z,7498.096942,7,0.03436,11.641443538998361,10.273770974389167,0.059,45.220588235294116,11.641443538998361,62.01186023266695,0,0,0,0,,False
GRT,2026-08-16T08:31:45.575Z,2026-08-16T08:31:45.576284Z,2026-08-16T10:31:45.576284Z,7699.975838,7,0.013479999999999999,14.836795252226203,2.609992542878446,-1.83,32.35294117647059,14.836795252226203,54.26260989596657,2,1,1,0,1.0,False
GUN,2026-08-16T08:31:52.497Z,2026-08-16T08:31:52.497984Z,2026-08-16T10:31:52.497984Z,7693.054138,7,0.0030150000000000003,33.1674958540631,8.754208754208763,-5.714,30.514705882352942,33.1674958540631,56.04039910268987,0,0,0,0,,False
INIT,2026-08-16T08:32:10.135Z,2026-08-16T08:32:10.135864Z,2026-08-16T10:32:10.135864Z,7675.416258,7,0.05215,19.175455417066704,3.346456692913386,-0.392,31.61764705882353,19.175455417066704,38.15847463713989,0,0,0,0,,False
MANTA,2026-08-16T08:32:36.335Z,2026-08-16T08:32:36.336149Z,2026-08-16T10:32:36.336149Z,7649.215973,7,0.057374999999999995,8.714596949891318,3.7629681730262057,0.762,40.80882352941177,8.714596949891318,63.09990544250409,0,0,0,0,,False
OPEN,2026-08-16T08:32:47.113Z,2026-08-16T08:32:47.113684Z,2026-08-16T10:32:47.113684Z,7638.438438,7,0.17254999999999998,5.795421616923602,11.72732524552281,-6.985,30.88235294117647,5.795421616923602,56.648039135762616,0,0,0,0,,False
PNUT,2026-08-16T08:32:55.408Z,2026-08-16T08:32:55.408704Z,2026-08-16T10:32:55.408704Z,7630.143418,7,0.04115,24.301336573512238,6.372549019607838,0.246,36.029411764705884,24.301336573512238,59.27274988608037,3,2,1,0,1.0,False
PYTH,2026-08-16T08:33:07.975Z,2026-08-16T08:33:07.975523Z,2026-08-16T10:33:07.975523Z,7617.576599,7,0.039245,17.836667091349373,3.039591315453376,-1.633,32.720588235294116,17.836667091349373,58.99752836690283,0,0,0,0,,False
RAY,2026-08-16T08:33:11.481Z,2026-08-16T08:33:11.482243Z,2026-08-16T10:33:11.482243Z,7614.069879,7,0.6205499999999999,8.057368463460737,1.2108492089118426,-0.434,40.44117647058823,8.057368463460737,63.8021085679123,2,2,0,0,1.0,False
RSR,2026-08-16T08:33:17.142Z,2026-08-16T08:33:17.142708Z,2026-08-16T10:33:17.142708Z,7608.409414,7,0.0011524999999999999,8.676789587851765,1.6464471403812755,0.786,37.86764705882353,8.676789587851765,70.07097666676287,0,0,0,0,,False
SAHARA,2026-08-16T08:33:25.855Z,2026-08-16T08:33:25.856122Z,2026-08-16T10:33:25.856122Z,7599.696,7,0.0076749999999999995,13.029315960912651,2.7202072538860005,-0.387,38.970588235294116,13.029315960912651,58.66262717007666,0,0,0,0,,False
SOLV,2026-08-16T08:33:33.231Z,2026-08-16T08:33:33.232009Z,2026-08-16T10:33:33.232009Z,7592.320113,7,0.0022849999999999997,43.76367614879662,5.286343612334797,2.252,37.13235294117647,43.76367614879662,66.13957948149223,0,0,0,0,,False
SPK,2026-08-16T08:33:41.015Z,2026-08-16T08:33:41.015266Z,2026-08-16T10:33:41.015266Z,7584.536856,7,0.0143865,14.597018037743846,3.196122506321992,0.986,27.941176470588236,14.597018037743846,64.33578965108914,4,2,1,1,1.0,False
STO,2026-08-16T08:33:48.206Z,2026-08-16T08:33:48.206864Z,2026-08-16T10:33:48.206864Z,7577.345258,7,0.038650000000000004,25.873221216040342,7.23514211886306,-1.023,27.573529411764707,25.873221216040342,56.0949470490123,0,0,0,0,,False
STX,2026-08-16T08:33:56.333Z,2026-08-16T08:33:56.334153Z,2026-08-16T10:33:56.334153Z,7569.217969,7,0.12225,8.179959100204734,2.7115858668857937,-0.815,38.60294117647059,8.179959100204734,61.57173908394922,3,0,3,0,0.6667,False
THETA,2026-08-16T08:34:03.111Z,2026-08-16T08:34:03.112209Z,2026-08-16T10:34:03.112209Z,7562.439913,7,0.13845000000000002,7.222824124233783,3.483309143686501,-2.615,37.5,7.222824124233783,58.475539482473515,0,0,0,0,,False
TLM,2026-08-16T08:34:10.000Z,2026-08-16T08:34:10.000449Z,2026-08-16T10:34:10.000449Z,7555.551673,7,0.001568,12.755102040816638,5.626598465473157,-1.2,38.23529411764706,12.755102040816638,56.37866960222431,0,0,0,0,,False
TOWNS,2026-08-16T08:34:15.482Z,2026-08-16T08:34:15.483070Z,2026-08-16T10:34:15.483070Z,7550.069052,7,0.002345,42.64392324093828,6.726457399103136,3.241,35.661764705882355,42.64392324093828,60.42155386243828,3,2,1,0,1.0,False
YGG,2026-08-16T08:34:32.113Z,2026-08-16T08:34:32.114031Z,2026-08-16T10:34:32.114031Z,7533.438091,7,0.01997,50.0751126690032,4.40348182283666,-0.611,26.83823529411765,50.0751126690032,52.806879019477876,0,0,0,0,,False
ZKC,2026-08-16T08:34:45.752Z,2026-08-16T08:34:45.752698Z,2026-08-16T10:34:45.752698Z,7519.799424,7,0.03775,26.490066225166323,3.1914893617021267,0.535,39.705882352941174,26.490066225166323,57.48831080059001,0,0,0,0,,False
1000CAT,2026-08-16T08:40:22.704Z,2026-08-16T08:40:22.704289Z,2026-08-16T10:40:22.704289Z,7783.260958,7,0.001695,58.99705014749151,2.9585798816567994,1.807,20.58823529411765,58.99705014749151,61.330487166316054,7,6,1,0,0.5714,False
1MBABYDOGE,2026-08-16T08:40:32.146Z,2026-08-16T08:40:32.146623Z,2026-08-16T10:40:32.146623Z,7773.818624,7,0.00032474999999999995,15.396458814473048,2.6909990720692836,-1.643,17.279411764705884,15.396458814473048,53.023587541824604,0,0,0,0,,
CVX,2026-08-16T08:41:19.047Z,2026-08-16T08:41:19.047865Z,2026-08-16T10:41:19.047865Z,7726.917382,7,1.6505,54.528930627083426,3.2055311125078525,0.888,17.647058823529413,54.528930627083426,52.054610643195645,0,0,0,0,,False
ENJ,2026-08-16T08:41:30.040Z,2026-08-16T08:41:30.044044Z,2026-08-16T10:41:30.044044Z,7715.921203,7,0.023825,12.59181532004146,1.82800166181969,-0.537,22.794117647058822,12.59181532004146,41.3256483241748,2,2,0,0,1.0,False
IOTA,2026-08-16T08:42:00.138Z,2026-08-16T08:42:00.138359Z,2026-08-16T10:42:00.138359Z,7685.826888,7,0.032049999999999995,31.201248049920732,3.7617554858934166,-2.147,26.102941176470587,31.201248049920732,59.28138294074812,1,0,0,1,-1.0,False
KAIA,2026-08-16T08:42:07.280Z,2026-08-16T08:42:07.280637Z,2026-08-16T10:42:07.280637Z,7678.68461,7,0.02445,40.89979550102225,4.489795918367348,-3.162,15.073529411764707,40.89979550102225,56.3319418350995,0,0,0,0,,False
KERNEL,2026-08-16T08:42:15.710Z,2026-08-16T08:42:15.710700Z,2026-08-16T10:42:15.710700Z,7670.254547,7,0.03345,29.89536621823703,2.0958083832335306,0.602,24.63235294117647,29.89536621823703,48.47149669617967,0,0,0,0,,False
KMNO,2026-08-16T08:42:22.572Z,2026-08-16T08:42:22.573138Z,2026-08-16T10:42:22.573138Z,7663.392109,7,0.017884999999999998,5.591277606932956,2.9460811561978835,-1.908,16.544117647058822,5.591277606932956,57.58330968828439,1,0,1,0,1.0,False
LA,2026-08-16T08:42:30.386Z,2026-08-16T08:42:30.386438Z,2026-08-16T10:42:30.386438Z,7655.578809,7,0.04815,20.76843198338585,5.197505197505203,-4.374,13.970588235294118,20.76843198338585,35.12851724086664,0,0,0,0,,False
LISTA,2026-08-16T08:42:36.011Z,2026-08-16T08:42:36.011985Z,2026-08-16T10:42:36.011985Z,7649.953262,7,0.05695,17.559262510975042,10.479573712255776,-2.257,23.897058823529413,17.559262510975042,59.37765861695545,0,0,0,0,,False
MEME,2026-08-16T08:42:48.955Z,2026-08-16T08:42:48.955719Z,2026-08-16T10:42:48.955719Z,7637.009528,7,0.0004795,20.855057351408224,4.573804573804573,-0.414,13.602941176470589,20.855057351408224,55.440654373763735,49,38,9,2,0.8571,False
OSMO,2026-08-16T08:43:16.684Z,2026-08-16T08:43:16.684651Z,2026-08-16T10:43:16.684651Z,7609.280596,7,0.030350000000000002,32.948929159802105,4.248366013071893,2.341,21.691176470588236,32.948929159802105,38.332223495162715,1,1,0,0,1.0,False
PARTI,2026-08-16T08:43:22.040Z,2026-08-16T08:43:22.040626Z,2026-08-16T10:43:22.040626Z,7603.924621,7,0.023149999999999997,43.19654427645762,5.240174672489081,2.691,23.529411764705884,43.19654427645762,60.36088998386967,1,0,1,0,1.0,False
PHA,2026-08-16T08:43:30.305Z,2026-08-16T08:43:30.305417Z,2026-08-16T10:43:30.305417Z,7595.65983,7,0.02185,45.76659038901574,5.022831050228311,0.0,18.38235294117647,45.76659038901574,44.84381602466266,0,0,0,0,,False
SNX,2026-08-16T08:43:48.182Z,2026-08-16T08:43:48.183070Z,2026-08-16T10:43:48.183070Z,7577.782177,7,0.1975,50.632911392405106,1.5151515151515165,-1.0,23.16176470588235,50.632911392405106,55.17118894653667,0,0,0,0,,False
USUAL,2026-08-16T08:43:55.558Z,2026-08-16T08:43:55.558655Z,2026-08-16T10:43:55.558655Z,7570.406592,7,0.00893,22.39641657334735,5.393258426966287,-1.111,24.264705882352942,22.39641657334735,59.94146097855486,0,0,0,0,,False
VET,2026-08-16T08:44:00.682Z,2026-08-16T08:44:00.682741Z,2026-08-16T10:44:00.682741Z,7565.282506,7,0.0044485,6.743846240304666,2.1286130405556904,-1.064,15.441176470588236,6.743846240304666,55.18328064971838,0,0,0,0,,False
W,2026-08-16T08:44:09.208Z,2026-08-16T08:44:09.208657Z,2026-08-16T10:44:09.208657Z,7556.75659,7,0.008415,11.883541295305516,2.39520958083833,-1.765,19.852941176470587,11.883541295305516,57.09553257687719,2,2,0,0,1.0,False
AUCTION,2026-08-16T08:49:59.325Z,2026-08-16T08:49:59.325936Z,2026-08-16T10:49:59.325936Z,7206.639311,7,2.8195,39.014009576166416,2.451154529307281,-0.495,3.676470588235294,39.014009576166416,37.37216018309585,0,0,0,0,,False
BFUSD,2026-08-16T08:50:11.389Z,2026-08-16T08:50:11.389810Z,2026-08-16T10:50:11.389810Z,7794.757617,7,0.99905,11.010459936939991,0.12018027040560629,0.0,2.2058823529411766,11.010459936939991,39.70462835073416,0,0,0,0,,False
BLUR,2026-08-16T08:50:17.321Z,2026-08-16T08:50:17.321653Z,2026-08-16T10:50:17.321653Z,7788.825774,7,0.01313,15.232292460015932,1.6768292682926806,0.306,3.3088235294117645,15.232292460015932,53.44474306554891,0,0,0,0,,False
BNB,2026-08-16T08:50:22.764Z,2026-08-16T08:50:22.764697Z,2026-08-16T10:50:22.764697Z,7783.38273,7,606.185,0.16496614070134683,1.389576525728613,-0.721,97.79411764705883,0.16496614070134683,62.09410054527123,10,7,2,1,0.3,False
BTC,2026-08-16T08:50:35.616Z,2026-08-16T08:50:35.616718Z,2026-08-16T10:50:35.616718Z,7770.530709,7,62951.475000000006,0.0015885251301954826,0.39985719385933594,0.087,100.0,0.0015885251301954826,76.46707095673132,41,18,15,8,0.0976,False
COMP,2026-08-16T08:50:42.284Z,2026-08-16T08:50:42.285036Z,2026-08-16T10:50:42.285036Z,7763.862391,7,16.255000000000003,30.759766225777117,0.8626001232285925,0.62,1.838235294117647,30.759766225777117,50.92977907036145,4,2,1,1,0.5,False
FORM,2026-08-16T08:51:03.860Z,2026-08-16T08:51:03.860315Z,2026-08-16T10:51:03.860315Z,7742.287112,7,0.20775,14.440433212996135,3.4233365477338453,1.319,4.411764705882353,14.440433212996135,69.06960085339773,0,0,0,0,,False
HEMI,2026-08-16T08:51:09.558Z,2026-08-16T08:51:09.558773Z,2026-08-16T10:51:09.558773Z,7736.588654,7,0.00818,24.44987775061025,45.574162679425825,41.216,97.42647058823529,24.44987775061025,76.94950475102746,23,16,2,5,0.3913,False
HIVE,2026-08-16T08:51:17.147Z,2026-08-16T08:51:17.148035Z,2026-08-16T10:51:17.148035Z,7728.999392,7,0.0393,50.89058524172997,2.0304568527918834,0.254,1.1029411764705883,50.89058524172997,44.1018460628478,0,0,0,0,,False
ILV,2026-08-16T08:51:32.018Z,2026-08-16T08:51:32.020109Z,2026-08-16T10:51:32.020109Z,7714.127318,7,3.1100000000000003,64.30868167202577,7.6923076923076845,4.348,7.720588235294118,64.30868167202577,67.75755081314377,2,2,0,0,1.0,False
LAYER,2026-08-16T08:51:40.154Z,2026-08-16T08:51:40.154724Z,2026-08-16T10:51:40.154724Z,7705.992703,7,0.060950000000000004,16.406890894174886,2.446982055464929,1.322,9.926470588235293,16.406890894174886,68.04169052243343,0,0,0,0,,False
LINK,2026-08-16T08:51:46.870Z,2026-08-16T08:51:46.870898Z,2026-08-16T10:51:46.870898Z,7699.276529,7,9.3965,1.0642260416106486,4.317311782220319,1.489,98.52941176470588,1.0642260416106486,66.61788183192294,32,22,9,1,0.625,False
MANTRA,2026-08-16T08:51:55.648Z,2026-08-16T08:51:55.649146Z,2026-08-16T10:51:55.649146Z,7690.498281,7,0.004920000000000001,40.65040650406514,3.2323232323232234,0.202,11.397058823529411,40.65040650406514,46.82475477907786,0,0,0,0,,False
NMR,2026-08-16T08:52:03.790Z,2026-08-16T08:52:03.790375Z,2026-08-16T10:52:03.790375Z,7682.357052,7,8.105,12.33806292412065,1.1138613861386122,-0.737,1.4705882352941178,12.33806292412065,49.08997838922581,1,0,1,0,1.0,False
REZ,2026-08-16T08:52:15.602Z,2026-08-16T08:52:15.602281Z,2026-08-16T10:52:15.602281Z,7670.545146,7,0.0027175000000000003,18.399264029439667,4.612546125461242,-3.662,8.823529411764707,18.399264029439667,29.49137637929465,0,0,0,0,,False
SHELL,2026-08-16T08:52:23.130Z,2026-08-16T08:52:23.130908Z,2026-08-16T10:52:23.130908Z,7663.016519,7,0.020749999999999998,48.19277108433707,4.807692307692312,2.97,8.455882352941176,48.19277108433707,65.9654348869375,0,0,0,0,,False
SIGN,2026-08-16T08:52:31.333Z,2026-08-16T08:52:31.333672Z,2026-08-16T10:52:31.333672Z,7654.813755,7,0.0068,58.82352941176486,3.7707390648567025,3.918,6.985294117647059,58.82352941176486,75.22084928783626,0,0,0,0,,False
SOL,2026-08-16T08:52:37.665Z,2026-08-16T08:52:37.665489Z,2026-08-16T10:52:37.665489Z,7648.481938,7,75.195,1.3298756566267858,0.9285051067780911,0.413,98.8970588235294,1.3298756566267858,53.430645737748165,19,11,5,3,0.7368,False
SSV,2026-08-16T08:52:45.851Z,2026-08-16T08:52:45.851637Z,2026-08-16T10:52:45.851637Z,7640.29579,7,2.144,18.656716417910463,4.409005628517817,0.047,10.661764705882353,18.656716417910463,46.575853136120294,0,0,0,0,,False
STEEM,2026-08-16T08:52:56.141Z,2026-08-16T08:52:56.143950Z,2026-08-16T10:52:56.143950Z,7630.003477,7,0.035074999999999995,48.46756949394057,1.8228424950156696,1.123,0.36764705882352944,48.46756949394057,49.79963525717842,0,0,0,0,,False
SXT,2026-08-16T08:53:03.651Z,2026-08-16T08:53:03.651916Z,2026-08-16T10:53:03.651916Z,7622.495511,7,0.007050000000000001,28.368794326241208,3.409090909090905,-0.283,2.573529411764706,28.368794326241208,57.40550779912409,0,0,0,0,,False
TURBO,2026-08-16T08:53:18.853Z,2026-08-16T08:53:18.854116Z,2026-08-16T10:53:18.854116Z,7607.293311,7,0.0007925,12.618296529968761,3.148614609571783,1.146,5.514705882352941,12.618296529968761,46.2996996234154,0,0,0,0,,False
TURTLE,2026-08-16T08:53:26.328Z,2026-08-16T08:53:26.328789Z,2026-08-16T10:53:26.328789Z,7599.818638,7,0.04335,23.06805074971231,4.838709677419365,2.118,5.882352941176471,23.06805074971231,54.04491814913977,0,0,0,0,,False
UMA,2026-08-16T08:53:37.595Z,2026-08-16T08:53:37.595374Z,2026-08-16T10:53:37.595374Z,7588.552053,7,0.323,61.9195046439629,2.173913043478263,-1.227,4.044117647058823,61.9195046439629,34.058419012400826,0,0,0,0,,True
USD1,2026-08-16T08:53:41.954Z,2026-08-16T08:53:41.954638Z,2026-08-16T10:53:41.954638Z,7584.192789,7,0.99915,1.0008507231145374,0.04003202562049199,0.01,99.26470588235294,1.0008507231145374,77.71476844545732,0,0,0,0,,False
VANA,2026-08-16T08:53:51.076Z,2026-08-16T08:53:51.080867Z,2026-08-16T10:53:51.080867Z,7575.06656,7,0.869,46.02991944764101,5.145413870246089,4.807,2.9411764705882355,46.02991944764101,68.21414561454867,1,1,0,0,1.0,False
VELODROME,2026-08-16T08:54:00.725Z,2026-08-16T08:54:00.726065Z,2026-08-16T10:54:00.726065Z,7565.421362,7,0.016704999999999998,29.93115833582638,2.449223416965356,-0.357,7.352941176470588,29.93115833582638,48.20945615733168,0,0,0,0,,True
XVG,2026-08-16T08:54:08.846Z,2026-08-16T08:54:08.846347Z,2026-08-16T10:54:08.846347Z,7557.30108,7,0.0020615,24.25418384671257,2.48175182481751,0.342,5.147058823529412,24.25418384671257,44.83795405906873,0,0,0,0,,False
AVAX,2026-08-16T09:00:07.687Z,2026-08-16T09:00:07.687539Z,2026-08-16T11:00:07.687539Z,7798.489847,7,6.3685,1.5702284682412588,6.137582833701487,-3.897,94.48529411764706,1.5702284682412588,59.006420121596875,10,6,2,2,0.4,False
EUR,2026-08-16T09:00:31.827Z,2026-08-16T09:00:31.828132Z,2026-08-16T11:00:31.828132Z,7774.349254,7,1.15645,0.8647152924898525,0.060532687651344244,-0.009,95.58823529411765,0.8647152924898525,67.49013294840465,0,0,0,0,,False
FET,2026-08-16T09:00:37.090Z,2026-08-16T09:00:37.090353Z,2026-08-16T11:00:37.090353Z,7769.087033,7,0.12445,8.035355564483957,8.266452648475111,-5.891,90.80882352941177,8.035355564483957,56.8512293384799,3,0,1,2,-0.3333,False
HOME,2026-08-16T09:00:42.701Z,2026-08-16T09:00:42.701624Z,2026-08-16T11:00:42.701624Z,7763.475762,7,0.0076500000000000005,26.14379084967327,26.86375321336761,-17.41,86.76470588235294,26.14379084967327,55.63141363435399,0,0,0,0,,False
ICP,2026-08-16T09:00:48.840Z,2026-08-16T09:00:48.840441Z,2026-08-16T11:00:48.840441Z,7757.336945,7,2.2744999999999997,4.396570674873115,3.258476442095986,-0.395,91.17647058823529,4.396570674873115,65.09230182157685,6,2,1,3,0.0,False
LTC,2026-08-16T09:01:00.232Z,2026-08-16T09:01:00.232386Z,2026-08-16T11:01:00.232386Z,7745.945,7,44.325,2.2560631697683045,0.9474396571170803,0.819,88.97058823529412,2.2560631697683045,68.45761927875247,8,6,0,2,0.625,False
NEAR,2026-08-16T09:01:05.614Z,2026-08-16T09:01:05.614766Z,2026-08-16T11:01:05.614766Z,7740.56262,7,1.6165,6.1862047633769865,2.602230483271364,-1.103,93.75,6.1862047633769865,60.35811841519461,3,2,0,1,-0.3333,False
PLUME,2026-08-16T09:01:17.694Z,2026-08-16T09:01:17.694922Z,2026-08-16T11:01:17.694922Z,7728.482464,7,0.013205,7.572889057175004,13.34894613583138,-1.157,95.95588235294117,7.572889057175004,60.43514173360548,1,0,0,1,-1.0,False
PUMP,2026-08-16T09:01:22.893Z,2026-08-16T09:01:22.893671Z,2026-08-16T11:01:22.893671Z,7723.283715,7,0.0027465,3.640997633350443,5.519480519480516,0.398,94.8529411764706,3.640997633350443,46.61709374449329,4,4,0,0,0.0,False
SOMI,2026-08-16T09:01:40.627Z,2026-08-16T09:01:40.627413Z,2026-08-16T11:01:40.627413Z,7705.549973,7,0.09215000000000001,10.851871947911325,8.342361863488623,1.095,88.6029411764706,10.851871947911325,68.09645447780454,0,0,0,0,,False
SUI,2026-08-16T09:01:46.487Z,2026-08-16T09:01:46.487233Z,2026-08-16T11:01:46.487233Z,7699.690153,7,0.67725,1.4765596160943373,1.728468015955096,-0.66,91.91176470588235,1.4765596160943373,64.06919860176808,10,5,5,0,0.4,False
SYRUP,2026-08-16T09:01:52.430Z,2026-08-16T09:01:52.430674Z,2026-08-16T11:01:52.430674Z,7693.746712,7,0.16165000000000002,6.1862047633787025,8.531994981179423,5.703,87.86764705882354,6.1862047633787025,68.95217818398928,1,1,0,0,1.0,False
TRX,2026-08-16T09:02:03.584Z,2026-08-16T09:02:03.584329Z,2026-08-16T11:02:03.584329Z,7682.593057,7,0.33115,3.0197795560920726,0.5139056831922549,-0.361,96.32352941176471,3.0197795560920726,60.41396331619318,30,23,7,0,0.7333,False
TUT,2026-08-16T09:02:09.425Z,2026-08-16T09:02:09.425488Z,2026-08-16T11:02:09.425488Z,7676.751898,7,0.03284,18.270401948844242,28.22413281944856,2.71,92.6470588235294,18.270401948844242,63.13149541356424,6,4,1,1,0.6667,False
XRP,2026-08-16T09:02:33.246Z,2026-08-16T09:02:33.247094Z,2026-08-16T11:02:33.247094Z,7652.930292,7,0.99905,1.0009509033580801,0.7092907092907089,0.0,97.05882352941177,1.0009509033580801,53.56719749978777,41,26,10,5,0.6829,False
ZEC,2026-08-16T09:02:40.790Z,2026-08-16T09:02:40.790559Z,2026-08-16T11:02:40.790559Z,7645.386827,7,485.485,1.0298979371146662,1.8109395532194466,-0.492,93.01470588235294,1.0298979371146662,50.383358928686775,9,2,6,1,0.7778,False
0G,2026-08-16T09:08:18.738Z,2026-08-16T09:08:18.738575Z,2026-08-16T11:08:18.738575Z,7307.438811,7,0.1605,62.305295950155816,4.938271604938276,-1.22,72.42647058823529,62.305295950155816,56.4203257652769,0,0,0,0,,False
AAVE,2026-08-16T09:08:25.366Z,2026-08-16T09:08:25.366707Z,2026-08-16T11:08:25.366707Z,7300.810679,7,85.94999999999999,2.3269342641065762,1.7558139534883614,-0.75,78.30882352941177,2.3269342641065762,57.539480163315275,4,4,0,0,0.5,False
ALGO,2026-08-16T09:08:37.683Z,2026-08-16T09:08:37.684000Z,2026-08-16T11:08:37.684000Z,7288.493386,7,0.07905000000000001,12.650221378874491,2.1464646464646377,0.0,74.26470588235294,12.650221378874491,65.03091012174218,1,1,0,0,1.0,False
EDEN,2026-08-16T09:09:25.314Z,2026-08-16T09:09:25.314942Z,2026-08-16T11:09:25.314942Z,7240.862444,7,0.044969999999999996,13.342228152100859,19.15035587188612,-11.583,75.36764705882354,13.342228152100859,62.23776211901323,0,0,0,0,,False
ENA,2026-08-16T09:09:30.384Z,2026-08-16T09:09:30.384521Z,2026-08-16T11:09:30.384521Z,7235.792865,7,0.08305,12.040939193255749,3.373493975903627,-1.659,83.08823529411765,12.040939193255749,60.23574239989341,5,3,0,2,1.0,False
EPIC,2026-08-16T09:09:37.572Z,2026-08-16T09:09:37.572410Z,2026-08-16T11:09:37.572410Z,7228.604976,7,0.3503,22.837567799030058,15.29959278650379,-8.831,76.83823529411765,22.837567799030058,38.02430075920047,0,0,0,0,,False
ETHFI,2026-08-16T09:09:45.499Z,2026-08-16T09:09:45.499563Z,2026-08-16T11:09:45.499563Z,7220.677823,7,0.4806,12.484394506866195,3.784235835249844,0.907,72.79411764705883,12.484394506866195,69.44113759703275,6,5,0,1,0.5,False
NXPC,2026-08-16T09:10:29.287Z,2026-08-16T09:10:29.287716Z,2026-08-16T11:10:29.287716Z,7776.90137,7,0.19055,15.743899239044593,11.968085106382976,1.348,83.82352941176471,15.743899239044593,63.87142372317996,0,0,0,0,,False
UNI,2026-08-16T09:11:26.938Z,2026-08-16T09:11:26.938736Z,2026-08-16T11:11:26.938736Z,7719.25035,7,3.268,6.119951040392363,2.3191943851083328,0.583,82.72058823529412,6.119951040392363,70.94924999579916,12,5,4,3,0.4167,False
WLFI,2026-08-16T09:11:32.058Z,2026-08-16T09:11:32.058742Z,2026-08-16T11:11:32.058742Z,7714.130344,7,0.05925,16.877637130801002,4.794520547945201,3.546,80.88235294117646,16.877637130801002,70.02539659281807,3,1,1,1,1.0,False
API3,2026-08-16T09:17:20.942Z,2026-08-16T09:17:20.942824Z,2026-08-16T11:17:20.942824Z,7365.246262,7,0.18930000000000002,10.565240359218475,9.533787323205864,0.052,62.86764705882353,10.565240359218475,60.98144021586001,0,0,0,0,,False
ASTER,2026-08-16T09:17:29.357Z,2026-08-16T09:17:29.357778Z,2026-08-16T11:17:29.357778Z,7356.831308,7,0.6014999999999999,16.625103906899437,0.8333333333333341,-0.332,67.27941176470588,16.625103906899437,67.40216808707473,6,2,4,0,0.5,False
AVNT,2026-08-16T09:17:36.124Z,2026-08-16T09:17:36.124682Z,2026-08-16T11:17:36.124682Z,7350.064404,7,0.10114999999999999,9.88630746416242,5.995934959349595,-1.006,66.91176470588235,9.88630746416242,62.88619012503562,0,0,0,0,,False
LDO,2026-08-16T09:18:55.855Z,2026-08-16T09:18:55.855597Z,2026-08-16T11:18:55.855597Z,7270.333489,7,0.29755,10.082339102672575,3.479729729729722,-2.439,64.70588235294117,10.082339102672575,63.14146347262846,1,1,0,0,1.0,False
ONT,2026-08-16T09:19:08.700Z,2026-08-16T09:19:08.700440Z,2026-08-16T11:19:08.700440Z,7257.488646,7,0.038965,23.09765173873984,4.649933949801861,3.642,59.19117647058823,23.09765173873984,61.58412881128563,1,1,0,0,1.0,False
PENDLE,2026-08-16T09:19:28.099Z,2026-08-16T09:19:28.099737Z,2026-08-16T11:19:28.099737Z,7238.089349,7,1.2875,7.766990291263005,3.3281733746130144,-1.599,62.5,7.766990291263005,62.17666670093558,1,1,0,0,1.0,False
STRK,2026-08-16T09:19:51.846Z,2026-08-16T09:19:51.846784Z,2026-08-16T11:19:51.846784Z,7214.342302,7,0.023135000000000003,4.322455154527595,2.6886383347788336,0.217,60.661764705882355,4.322455154527595,50.109963236894544,1,0,0,1,-1.0,False
SYN,2026-08-16T09:19:59.593Z,2026-08-16T09:19:59.593296Z,2026-08-16T11:19:59.593296Z,7206.59579,7,0.10483,9.5392540303351,4.838098844915739,-1.012,61.39705882352941,9.5392540303351,42.53408692804595,0,0,0,0,,False
TREE,2026-08-16T09:20:13.222Z,2026-08-16T09:20:13.222824Z,2026-08-16T11:20:13.222824Z,7793.166594,7,0.03425,29.197080291969613,11.9533527696793,-1.153,66.54411764705883,29.197080291969613,62.998526587813714,0,0,0,0,,False
VANRY,2026-08-16T09:20:22.980Z,2026-08-16T09:20:22.981235Z,2026-08-16T11:20:22.981235Z,7783.408183,7,0.0011710000000000002,187.87361229718275,58.17584223500412,-24.877,68.38235294117646,187.87361229718275,47.37116724498629,3,2,0,1,-0.3333,False
VIRTUAL,2026-08-16T09:20:31.124Z,2026-08-16T09:20:31.124607Z,2026-08-16T11:20:31.124607Z,7775.264811,7,0.5585,7.162041181736006,3.016699586999468,-0.642,62.13235294117647,7.162041181736006,51.52676868876075,0,0,0,0,,False
ZK,2026-08-16T09:21:02.284Z,2026-08-16T09:21:02.284548Z,2026-08-16T11:21:02.284548Z,7744.10487,7,0.007545,13.253810470510881,5.423280423280421,1.75,59.55882352941177,13.253810470510881,71.69360041965783,2,1,0,1,0.0,False
1000CHEEMS,2026-08-16T09:26:33.906Z,2026-08-16T09:26:33.907074Z,2026-08-16T11:26:33.907074Z,7412.482344,7,0.0004865,20.55498458376206,2.8925619834710776,0.0,51.10294117647059,20.55498458376206,58.63682282517331,2,1,1,0,0.5,False
AR,2026-08-16T09:26:47.388Z,2026-08-16T09:26:47.388484Z,2026-08-16T11:26:47.388484Z,7399.000934,7,1.8035,5.544774050458064,5.073649754500817,4.743,53.6764705882353,5.544774050458064,50.9534728834036,2,1,1,0,1.0,False
BABY,2026-08-16T09:26:55.737Z,2026-08-16T09:26:55.738246Z,2026-08-16T11:26:55.738246Z,7390.651172,7,0.00983,20.34587995930741,5.411030176899077,-4.187,52.5735294117647,20.34587995930741,51.1338699797213,0,0,0,0,,False
BANANA,2026-08-16T09:27:01.535Z,2026-08-16T09:27:01.536227Z,2026-08-16T11:27:01.536227Z,7384.853191,7,3.768,21.231422505307876,8.606245239908617,0.025,55.88235294117647,21.231422505307876,64.73321833443447,1,0,1,0,1.0,False
BIO,2026-08-16T09:27:15.581Z,2026-08-16T09:27:15.582416Z,2026-08-16T11:27:15.582416Z,7370.807002,7,0.024814999999999997,4.029820672979889,4.9633848657445165,0.367,49.63235294117647,4.029820672979889,62.214050712706154,1,1,0,0,1.0,False
CAKE,2026-08-16T09:27:20.747Z,2026-08-16T09:27:20.747681Z,2026-08-16T11:27:20.747681Z,7365.641737,7,1.4585,6.856359273226685,1.0474860335195462,0.28,44.11764705882353,6.856359273226685,63.477518861662716,1,1,0,0,1.0,False
CFX,2026-08-16T09:27:33.674Z,2026-08-16T09:27:33.674867Z,2026-08-16T11:27:33.674867Z,7352.714551,7,0.042105000000000004,2.375014843843501,2.8179019654274295,-2.041,42.64705882352941,2.375014843843501,63.05555168784595,1,1,0,0,1.0,False
COTI,2026-08-16T09:27:46.234Z,2026-08-16T09:27:46.235074Z,2026-08-16T11:27:46.235074Z,7340.154344,7,0.01048,19.083969465648078,13.563829787234043,10.588,54.411764705882355,19.083969465648078,78.49775189852743,5,3,0,2,0.6,False
FIL,2026-08-16T09:28:07.968Z,2026-08-16T09:28:07.968358Z,2026-08-16T11:28:07.968358Z,7318.42106,7,0.68075,7.344840249725391,3.390830016217016,-1.309,51.470588235294116,7.344840249725391,50.55917403159326,1,0,0,1,-1.0,False
HOLO,2026-08-16T09:28:15.682Z,2026-08-16T09:28:15.682961Z,2026-08-16T11:28:15.682961Z,7310.706457,7,0.0561,35.65062388591779,14.748201438848932,-9.887,50.36764705882353,35.65062388591779,57.51980784709782,3,2,0,1,0.3333,False
MMT,2026-08-16T09:28:32.192Z,2026-08-16T09:28:32.192471Z,2026-08-16T11:28:32.192471Z,7294.196947,7,0.1814,22.050716648291697,6.711787930062038,-1.555,54.779411764705884,22.050716648291697,63.62160102069374,0,0,0,0,,False
NOT,2026-08-16T09:29:07.155Z,2026-08-16T09:29:07.156188Z,2026-08-16T11:29:07.156188Z,7259.23323,7,0.0003875,25.806451612903853,9.97442455242966,2.625,51.838235294117645,25.806451612903853,58.34803482720915,1,0,1,0,1.0,False
ORCA,2026-08-16T09:29:14.199Z,2026-08-16T09:29:14.199642Z,2026-08-16T11:29:14.199642Z,7252.189776,7,1.0354999999999999,9.657170449059507,4.615384615384619,1.365,45.955882352941174,9.657170449059507,64.63377811259181,1,0,1,0,1.0,False
PEOPLE,2026-08-16T09:29:26.249Z,2026-08-16T09:29:26.249452Z,2026-08-16T11:29:26.249452Z,7240.139966,7,0.0075049999999999995,13.324450366423,6.550802139037433,0.809,44.85294117647059,13.324450366423,50.206216006465496,0,0,0,0,,False
ROSE,2026-08-16T09:29:37.025Z,2026-08-16T09:29:37.026209Z,2026-08-16T11:29:37.026209Z,7229.363209,7,0.005365,18.63932898415581,4.27509293680296,0.749,55.51470588235294,18.63932898415581,52.16268426241448,10,7,3,0,1.0,False
SKY,2026-08-16T09:30:01.017Z,2026-08-16T09:30:01.017414Z,2026-08-16T11:30:01.017414Z,7205.372004,7,0.05179,7.723498744932479,2.9184383455740326,1.371,44.48529411764706,7.723498744932479,74.00233727227936,1,0,1,0,1.0,False
WIF,2026-08-16T09:30:32.876Z,2026-08-16T09:30:32.877157Z,2026-08-16T11:30:32.877157Z,7773.309389,7,0.13724999999999998,7.285974499090474,2.188183807439827,-0.868,52.94117647058823,7.285974499090474,63.448347025120924,3,2,1,0,1.0,False
ACH,2026-08-16T09:36:07.397Z,2026-08-16T09:36:07.397609Z,2026-08-16T11:36:07.397609Z,7438.788937,7,0.004215,23.724792408065465,4.038004750593824,0.959,36.029411764705884,23.724792408065465,66.28767572198082,0,0,0,0,,False
BROCCOLI714,2026-08-16T09:36:21.369Z,2026-08-16T09:36:21.369347Z,2026-08-16T11:36:21.369347Z,7424.817199,7,0.015685,44.62862607586906,8.333333333333332,-3.518,30.514705882352942,44.62862607586906,57.955178907776954,0,0,0,0,,
C,2026-08-16T09:36:26.707Z,2026-08-16T09:36:26.707354Z,2026-08-16T11:36:26.707354Z,7419.479192,7,0.06745000000000001,14.825796886583076,5.760709010339736,2.576,32.720588235294116,14.825796886583076,68.02583956594893,0,0,0,0,,False
CATI,2026-08-16T09:36:33.514Z,2026-08-16T09:36:33.515248Z,2026-08-16T11:36:33.515248Z,7412.671298,7,0.04758,12.610340479192423,6.015657189946434,-0.756,31.985294117647058,12.610340479192423,49.679650383903265,0,0,0,0,,False
CGPT,2026-08-16T09:36:41.341Z,2026-08-16T09:36:41.342006Z,2026-08-16T11:36:41.342006Z,7404.84454,7,0.020354999999999998,14.738393515106255,7.139340226489413,-3.286,39.705882352941174,14.738393515106255,37.329523258553415,0,0,0,0,,False
DOGS,2026-08-16T09:36:52.669Z,2026-08-16T09:36:52.669854Z,2026-08-16T11:36:52.669854Z,7393.516692,7,3.439e-05,11.63128816516418,3.2935004371903167,-0.32,31.61764705882353,11.63128816516418,33.263527386487176,0,0,0,0,,False
DYM,2026-08-16T09:37:00.546Z,2026-08-16T09:37:00.546692Z,2026-08-16T11:37:00.546692Z,7385.639854,7,0.014935,46.86976899899606,3.6314727639542626,-0.933,28.308823529411764,46.86976899899606,61.983821360534286,0,0,0,0,,False
EUL,2026-08-16T09:37:08.065Z,2026-08-16T09:37:08.065490Z,2026-08-16T11:37:08.065490Z,7378.121056,7,1.1284999999999998,8.861320336731167,8.591674047829937,-4.645,34.55882352941177,8.861320336731167,56.945821642383294,4,1,3,0,1.0,False
GMT,2026-08-16T09:37:16.707Z,2026-08-16T09:37:16.707999Z,2026-08-16T11:37:16.707999Z,7369.478547,7,0.006225,16.06425702811319,7.717041800643079,-0.955,33.455882352941174,16.06425702811319,62.59453983415362,0,0,0,0,,False
GPS,2026-08-16T09:37:23.268Z,2026-08-16T09:37:23.268892Z,2026-08-16T11:37:23.268892Z,7362.917654,7,0.010284999999999999,29.168692270297047,9.605026929982044,6.91,38.23529411764706,29.168692270297047,79.0564165086962,0,0,0,0,,False
HAEDAL,2026-08-16T09:37:35.479Z,2026-08-16T09:37:35.479342Z,2026-08-16T11:37:35.479342Z,7350.707204,7,0.01693,23.626698168929927,5.058823529411762,2.843,34.19117647058823,23.626698168929927,50.940005293300295,0,0,0,0,,False
IMX,2026-08-16T09:37:48.387Z,2026-08-16T09:37:48.387621Z,2026-08-16T11:37:48.387621Z,7337.798925,7,0.10835,9.229349330872438,2.4953789279112697,0.093,31.25,9.229349330872438,59.35279367229896,3,1,0,2,-0.3333,False
IO,2026-08-16T09:38:01.150Z,2026-08-16T09:38:01.150551Z,2026-08-16T11:38:01.150551Z,7325.035995,7,0.11195,8.932559178204812,6.261180679785324,-3.787,33.088235294117645,8.932559178204812,53.89647206077582,0,0,0,0,,False
PROVE,2026-08-16T09:38:36.385Z,2026-08-16T09:38:36.385428Z,2026-08-16T11:38:36.385428Z,7289.801118,7,0.15184999999999998,19.756338491932482,9.096901779828613,4.838,29.41176470588235,19.756338491932482,54.86770173863051,0,0,0,0,,False
TWT,2026-08-16T09:39:43.658Z,2026-08-16T09:39:43.659048Z,2026-08-16T11:39:43.659048Z,7222.527498,7,0.39405,27.91523918284456,3.2470826991375024,-1.598,36.76470588235294,27.91523918284456,65.38272082983914,3,1,0,2,-1.0,False
YB,2026-08-16T09:39:50.152Z,2026-08-16T09:39:50.153100Z,2026-08-16T11:39:50.153100Z,7216.033446,7,0.08125,36.92307692307627,12.060301507537686,1.015,27.205882352941178,36.92307692307627,53.32548921522931,0,0,0,0,,False
1000SATS,2026-08-16T09:45:57.905Z,2026-08-16T09:45:57.905615Z,2026-08-16T11:45:57.905615Z,7448.21237,7,1.0405e-05,28.83229216722702,5.5449330783938775,-0.853,15.808823529411764,28.83229216722702,62.720875198607594,10,5,5,0,0.6,False
AIXBT,2026-08-16T09:46:12.286Z,2026-08-16T09:46:12.287320Z,2026-08-16T11:46:12.287320Z,7433.830665,7,0.017910000000000002,33.50083752093859,3.5794183445190253,0.393,12.132352941176471,33.50083752093859,47.01585690594474,0,0,0,0,,False
ALT,2026-08-16T09:46:21.563Z,2026-08-16T09:46:21.563286Z,2026-08-16T11:46:21.563286Z,7424.554699,7,0.006035,16.570008285004903,2.479338842975206,0.666,14.338235294117647,16.570008285004903,65.33736980167531,0,0,0,0,,False
ARKM,2026-08-16T09:46:30.947Z,2026-08-16T09:46:30.947995Z,2026-08-16T11:46:30.947995Z,7415.16999,7,0.09054999999999999,11.04362230811738,3.7527593818984553,-1.307,21.323529411764707,11.04362230811738,61.31446726983089,3,2,1,0,1.0,False
AT,2026-08-16T09:46:40.259Z,2026-08-16T09:46:40.260112Z,2026-08-16T11:46:40.260112Z,7405.857873,7,0.15889999999999999,25.173064820640892,7.965152457996269,1.709,20.955882352941178,25.173064820640892,68.17445220370604,10,4,1,5,0.0,False
AXS,2026-08-16T09:46:47.467Z,2026-08-16T09:46:47.467608Z,2026-08-16T11:46:47.467608Z,7398.650377,7,0.8725,11.461318051575942,2.517162471395883,0.115,26.470588235294116,11.461318051575942,71.54584443103415,0,0,0,0,,False
BEAMX,2026-08-16T09:46:55.743Z,2026-08-16T09:46:55.743268Z,2026-08-16T11:46:55.743268Z,7390.374717,7,0.0013325,22.514071294558835,3.2330827067669223,0.302,19.485294117647058,22.514071294558835,58.74070596390803,0,0,0,0,,False
CKB,2026-08-16T09:47:03.240Z,2026-08-16T09:47:03.240189Z,2026-08-16T11:47:03.240189Z,7382.877796,7,0.0008320000000000001,48.07692307692294,3.485576923076917,1.217,12.5,48.07692307692294,62.04612086230916,0,0,0,0,,False
EIGEN,2026-08-16T09:47:16.924Z,2026-08-16T09:47:16.924704Z,2026-08-16T11:47:16.924704Z,7369.193281,7,0.1701,11.757789535566019,3.014184397163117,-0.646,25.36764705882353,11.757789535566019,67.88081438592305,1,1,0,0,1.0,False
ENS,2026-08-16T09:47:31.601Z,2026-08-16T09:47:31.602106Z,2026-08-16T11:47:31.602106Z,7354.515879,7,4.025,24.844720496896084,1.9900497512437831,-0.495,13.235294117647058,24.844720496896084,41.99667247586188,0,0,0,0,,False
EURI,2026-08-16T09:47:38.164Z,2026-08-16T09:47:38.164803Z,2026-08-16T11:47:38.164803Z,7347.953182,7,1.15625,0.8648648648666899,0.285393064083703,0.147,14.705882352941176,0.8648648648666899,65.88311406714628,0,0,0,0,,False
F,2026-08-16T09:47:45.828Z,2026-08-16T09:47:45.828742Z,2026-08-16T11:47:45.828742Z,7340.289243,7,0.0027749999999999997,36.03603603603614,6.521739130434784,2.222,22.426470588235293,36.03603603603614,51.703943786092296,0,0,0,0,,False
FF,2026-08-16T09:47:53.068Z,2026-08-16T09:47:53.068513Z,2026-08-16T11:47:53.068513Z,7333.049472,7,0.066185,10.576414595452235,1.834862385321111,-0.608,16.176470588235293,10.576414595452235,45.57046667252459,0,0,0,0,,False
MET,2026-08-16T09:48:58.588Z,2026-08-16T09:48:58.588752Z,2026-08-16T11:48:58.588752Z,7267.529233,7,0.16265,30.740854595757792,2.578268876611424,-0.792,20.220588235294116,30.740854595757792,61.47458368263063,1,1,0,0,1.0,False
MINA,2026-08-16T09:49:05.591Z,2026-08-16T09:49:05.591739Z,2026-08-16T11:49:05.591739Z,7260.526246,7,0.039400000000000004,50.76142131979664,1.5189873417721427,-0.253,18.014705882352942,50.76142131979664,57.82056263792571,0,0,0,0,,False
MITO,2026-08-16T09:49:13.174Z,2026-08-16T09:49:13.174604Z,2026-08-16T11:49:13.174604Z,7252.943381,7,0.025134999999999998,11.935548040580379,4.6758349705304525,1.394,22.058823529411764,11.935548040580379,66.07808718702363,1,0,1,0,1.0,False
QNT,2026-08-16T09:49:42.180Z,2026-08-16T09:49:42.180628Z,2026-08-16T11:49:42.180628Z,7223.937357,7,57.44,10.445682451253877,2.7777777777777835,-1.191,18.75,10.445682451253877,44.763365539824676,4,1,3,0,0.0,False
1INCH,2026-08-16T09:55:47.606Z,2026-08-16T09:55:47.606330Z,2026-08-16T11:55:47.606330Z,7458.972285,7,0.0824,24.27184466019487,0.9732360097323712,-0.725,0.7352941176470589,24.27184466019487,37.68414662733125,0,0,0,0,,
ACT,2026-08-16T09:55:55.919Z,2026-08-16T09:55:55.919431Z,2026-08-16T11:55:55.919431Z,7450.659184,7,0.010255,29.25402242808267,6.845238095238091,1.818,11.764705882352942,29.25402242808267,63.266323292861365,0,0,0,0,,False
ANIME,2026-08-16T09:56:03.245Z,2026-08-16T09:56:03.245646Z,2026-08-16T11:56:03.245646Z,7443.332969,7,0.002445,40.8997955010226,6.1728395061728385,2.101,6.25,40.8997955010226,60.431079565362516,0,0,0,0,,False
BARD,2026-08-16T09:56:16.108Z,2026-08-16T09:56:16.109083Z,2026-08-16T11:56:16.109083Z,7430.469532,7,0.10364999999999999,28.94356005788795,4.606525911708252,0.871,9.558823529411764,28.94356005788795,49.53149882159691,0,0,0,0,,False
ETC,2026-08-16T09:56:53.204Z,2026-08-16T09:56:53.204965Z,2026-08-16T11:56:53.204965Z,7393.37365,7,6.175,16.194331983805323,1.94489465153971,-1.122,8.088235294117647,16.194331983805323,58.00784905021643,1,1,0,0,0.0,False
ETH,2026-08-16T09:56:59.973Z,2026-08-16T09:56:59.973237Z,2026-08-16T11:56:59.973237Z,7386.605378,7,1879.085,0.053217390378779594,0.5682573971895647,0.073,99.63235294117646,0.053217390378779594,56.150487207295775,44,25,16,3,0.75,False
FLUX,2026-08-16T09:57:07.784Z,2026-08-16T09:57:07.784433Z,2026-08-16T11:57:07.784433Z,7378.794182,7,0.0402,49.75124378109595,3.1784841075794685,2.764,10.294117647058824,49.75124378109595,56.97771078654564,0,0,0,0,,False
HYPER,2026-08-16T09:57:32.456Z,2026-08-16T09:57:32.456765Z,2026-08-16T11:57:32.456765Z,7354.12185,7,0.06315000000000001,15.835312747427212,3.1695721077654544,-1.866,6.617647058823529,15.835312747427212,55.115992813317874,0,0,0,0,,False
TNSR,2026-08-16T09:58:45.821Z,2026-08-16T09:58:45.821845Z,2026-08-16T11:58:45.821845Z,7280.75677,7,0.03215,31.104199066874923,3.1250000000000027,-1.235,11.029411764705882,31.104199066874923,51.20341384948073,3,1,2,0,1.0,False
2Z,2026-08-16T10:05:07.769Z,2026-08-16T10:05:07.769393Z,2026-08-16T12:05:07.769393Z,7500.752273,7,0.048385,14.467293582722046,10.68893528183716,-5.467,87.13235294117646,14.467293582722046,46.32843836240725,0,0,0,0,,True
ADA,2026-08-16T10:05:15.785Z,2026-08-16T10:05:15.786209Z,2026-08-16T12:05:15.786209Z,7492.735457,7,0.17685,5.654509471302742,2.0821609454136234,-0.615,93.38235294117646,5.654509471302742,68.01139675985506,18,5,9,4,0.1111,False
APT,2026-08-16T10:05:21.552Z,2026-08-16T10:05:21.552410Z,2026-08-16T12:05:21.552410Z,7486.969256,7,0.5335000000000001,18.744142455482674,3.9325842696629247,-0.928,91.54411764705883,18.744142455482674,64.46356044949525,2,0,1,1,0.0,False
BCH,2026-08-16T10:05:32.536Z,2026-08-16T10:05:32.536237Z,2026-08-16T12:05:32.536237Z,7475.985429,7,203.75,4.907975460123815,2.0618556701031014,-0.924,94.11764705882354,4.907975460123815,62.290696757635814,2,1,0,1,0.0,False
COW,2026-08-16T10:05:44.115Z,2026-08-16T10:05:44.115190Z,2026-08-16T12:05:44.115190Z,7464.406476,7,0.1241,96.69621273166854,70.9105560032232,17.966,96.69117647058823,96.69621273166854,52.640615565166954,12,9,2,1,0.6667,False
ENSO,2026-08-16T10:05:52.269Z,2026-08-16T10:05:52.269617Z,2026-08-16T12:05:52.269617Z,7456.252049,7,0.809,24.72187886279359,18.909090909090914,6.589,87.5,24.72187886279359,57.29786732528313,0,0,0,0,,False
PEPE,2026-08-16T10:06:31.468Z,2026-08-16T10:06:31.468543Z,2026-08-16T12:06:31.468543Z,7417.053123,7,2.605e-06,38.38771593090174,3.0769230769230798,-1.887,90.44117647058823,38.38771593090174,60.91660914229494,10,7,1,2,0.4,False
RARE,2026-08-16T10:06:49.172Z,2026-08-16T10:06:49.172427Z,2026-08-16T12:06:49.172427Z,7399.349239,7,0.01142,35.0262697022768,18.65148861646235,-1.296,90.07352941176471,35.0262697022768,66.95857431649374,0,0,0,0,,False
WAL,2026-08-16T10:07:32.769Z,2026-08-16T10:07:32.769759Z,2026-08-16T12:07:32.769759Z,7355.751907,7,0.022600000000000002,88.49557522123993,40.78947368421052,10.145,95.22058823529412,88.49557522123993,64.04151887400346,2,2,0,0,1.0,False
WLD,2026-08-16T10:07:39.616Z,2026-08-16T10:07:39.617024Z,2026-08-16T12:07:39.617024Z,7348.904642,7,0.34685,2.883090673201355,4.023154848046317,-0.202,92.27941176470588,2.883090673201355,59.02199324979344,4,4,0,0,-0.25,False
XLM,2026-08-16T10:07:45.651Z,2026-08-16T10:07:45.651523Z,2026-08-16T12:07:45.651523Z,7342.870143,7,0.15685,6.375518010839448,1.9757807520713777,-0.633,88.23529411764706,6.375518010839448,45.25766316329167,9,2,7,0,1.0,False
ALLO,2026-08-16T10:13:54.545Z,2026-08-16T10:13:54.545701Z,2026-08-16T12:13:54.545701Z,7572.131235,7,0.2748,7.278020378456259,5.235204855842198,2.012,84.19117647058823,7.278020378456259,74.04047064211349,0,0,0,0,,False
ARB,2026-08-16T10:14:01.210Z,2026-08-16T10:14:01.210583Z,2026-08-16T12:14:01.210583Z,7565.466353,7,0.07355,13.596193065941925,3.116531165311648,-0.405,80.51470588235294,13.596193065941925,71.96392445075999,7,3,3,1,0.0,False
ATOM,2026-08-16T10:14:09.441Z,2026-08-16T10:14:09.442134Z,2026-08-16T12:14:09.442134Z,7557.234802,7,1.4955,6.686726847207555,2.605210420841678,1.012,81.98529411764706,6.686726847207555,70.33966626949497,5,1,3,1,0.6,False
BANK,2026-08-16T10:14:17.068Z,2026-08-16T10:14:17.069059Z,2026-08-16T12:14:17.069059Z,7549.607877,7,0.03685,27.137042062415976,7.3369565217391335,-0.271,71.69117647058823,27.137042062415976,66.24449887844519,3,3,0,0,-0.3333,False
BMT,2026-08-16T10:14:22.547Z,2026-08-16T10:14:22.547842Z,2026-08-16T12:14:22.547842Z,7544.129094,7,0.014965,6.6822586034088385,39.70390309555854,-7.125,84.55882352941177,6.6822586034088385,52.01997425767321,3,2,0,1,0.3333,False
BOME,2026-08-16T10:14:29.816Z,2026-08-16T10:14:29.816866Z,2026-08-16T12:14:29.816866Z,7536.86007,7,0.0008577000000000001,16.322723563017767,19.549308862817984,8.672,77.20588235294117,16.322723563017767,57.4251331397366,1,1,0,0,1.0,False
CRV,2026-08-16T10:14:36.142Z,2026-08-16T10:14:36.142245Z,2026-08-16T12:14:36.142245Z,7530.534691,7,0.25085,3.9864460833162836,3.110929185427751,1.159,79.77941176470588,3.9864460833162836,62.66796081730513,5,2,1,2,0.0,False
DOGE,2026-08-16T10:14:41.418Z,2026-08-16T10:14:41.418548Z,2026-08-16T12:14:41.418548Z,7525.258388,7,0.06972500000000001,1.4342058085329683,0.9021910353716247,-0.114,85.29411764705883,1.4342058085329683,54.866192557393475,21,13,5,3,0.381,False
DOT,2026-08-16T10:14:49.111Z,2026-08-16T10:14:49.111264Z,2026-08-16T12:14:49.111264Z,7517.565672,7,0.7605,13.1492439184747,3.6890645586297794,-1.429,82.3529411764706,13.1492439184747,62.99775870024956,9,5,3,1,0.0,False
FDUSD,2026-08-16T10:15:13.165Z,2026-08-16T10:15:13.165389Z,2026-08-16T12:15:13.165389Z,7493.511547,7,0.99705,1.0029587282482222,0.020062192797670575,0.0,79.41176470588235,1.0029587282482222,69.82614384249916,0,0,0,0,,
GRAM,2026-08-16T10:15:19.637Z,2026-08-16T10:15:19.637557Z,2026-08-16T12:15:19.637557Z,7487.039379,7,1.3435000000000001,7.443245254931982,2.242152466367715,0.45,81.25,7.443245254931982,65.19705222349155,1,1,0,0,1.0,False
HBAR,2026-08-16T10:15:25.736Z,2026-08-16T10:15:25.736919Z,2026-08-16T12:15:25.736919Z,7480.940017,7,0.064995,1.5385798907602313,1.5975422427035317,-0.717,77.57352941176471,1.5385798907602313,58.317165709910135,3,2,1,0,0.6667,False
HUMA,2026-08-16T10:15:32.703Z,2026-08-16T10:15:32.704079Z,2026-08-16T12:15:32.704079Z,7473.972857,7,0.020645,24.218939210463272,11.257953989231522,1.743,74.63235294117646,24.218939210463272,50.81152667382464,2,0,0,2,-1.0,False
INJ,2026-08-16T10:15:38.633Z,2026-08-16T10:15:38.634203Z,2026-08-16T12:15:38.634203Z,7468.042733,7,4.1105,2.432794063981136,4.086596935052281,-1.979,78.67647058823529,2.432794063981136,56.76810891961439,9,6,1,2,0.7778,False
JTO,2026-08-16T10:15:45.485Z,2026-08-16T10:15:45.485622Z,2026-08-16T12:15:45.485622Z,7461.191314,7,0.59125,5.073995771671508,4.560925799863842,-0.71,70.95588235294117,5.073995771671508,61.389061234206274,0,0,0,0,,False
NIL,2026-08-16T10:15:56.834Z,2026-08-16T10:15:56.834992Z,2026-08-16T12:15:56.834992Z,7449.841944,7,0.049315,18.250025347257388,21.239705244906798,-9.102,84.92647058823529,18.250025347257388,41.92575392177339,4,4,0,0,0.5,False
ONDO,2026-08-16T10:16:07.611Z,2026-08-16T10:16:07.611211Z,2026-08-16T12:16:07.611211Z,7439.065725,7,0.326,6.134969325152698,2.344231955582972,-0.856,75.73529411764706,6.134969325152698,66.33718881470925,6,4,1,1,0.3333,False
OP,2026-08-16T10:16:16.365Z,2026-08-16T10:16:16.365796Z,2026-08-16T12:16:16.365796Z,7430.31114,7,0.08485000000000001,11.78550383028908,2.3474178403755728,-1.045,73.52941176470588,11.78550383028908,67.20743539375536,2,0,1,1,-1.0,False
PENGU,2026-08-16T10:16:29.368Z,2026-08-16T10:16:29.368744Z,2026-08-16T12:16:29.368744Z,7417.308192,7,0.005999,3.3338889814973585,1.6603021749958535,-0.033,81.61764705882354,3.3338889814973585,66.75440318322185,4,4,0,0,0.5,False
RED,2026-08-16T10:16:40.267Z,2026-08-16T10:16:40.267460Z,2026-08-16T12:16:40.267460Z,7406.409476,7,0.08795,11.370096645820238,36.18721461187215,1.624,79.04411764705883,11.370096645820238,63.39165975537236,0,0,0,0,,False
RENDER,2026-08-16T10:16:47.599Z,2026-08-16T10:16:47.600197Z,2026-08-16T12:16:47.600197Z,7399.076739,7,1.2635,7.9145231499810995,1.6653449643140292,-0.316,72.05882352941177,7.9145231499810995,69.38751357383404,1,1,0,0,0.0,False
RUNE,2026-08-16T10:16:55.566Z,2026-08-16T10:16:55.566464Z,2026-08-16T12:16:55.566464Z,7391.110472,7,0.4165,24.009603841536638,2.168674698795183,-0.955,73.16176470588235,24.009603841536638,57.09444583572427,0,0,0,0,,False
SHIB,2026-08-16T10:17:00.894Z,2026-08-16T10:17:00.894568Z,2026-08-16T12:17:00.894568Z,7385.782368,7,4.4650000000000004e-06,22.396416573349942,2.4498886414253853,-1.965,75.0,22.396416573349942,42.19493526468012,13,4,6,3,0.6923,False
TRUMP,2026-08-16T10:17:09.044Z,2026-08-16T10:17:09.045080Z,2026-08-16T12:17:09.045080Z,7377.631856,7,1.3955,7.1658903618766745,2.295552367288381,-0.783,76.47058823529412,7.1658903618766745,53.299289685492155,7,7,0,0,0.8571,False
ZRO,2026-08-16T10:17:28.844Z,2026-08-16T10:17:28.844672Z,2026-08-16T12:17:28.844672Z,7357.832264,7,0.7675000000000001,13.029315960912063,3.6222509702457986,-1.403,80.1470588235294,13.029315960912063,62.7840470046472,62,0,60,2,0.9677,False
BANANAS31,2026-08-16T10:23:25.982Z,2026-08-16T10:23:25.982572Z,2026-08-16T12:23:25.982572Z,7600.252737,7,0.0085915,8.14758773206083,6.950750960530895,-3.851,58.8235294117647,8.14758773206083,50.4123664395614,0,0,0,0,,True
BERA,2026-08-16T10:23:33.076Z,2026-08-16T10:23:33.076621Z,2026-08-16T12:23:33.076621Z,7593.158688,7,0.14679999999999999,13.62397820163527,7.251381215469619,1.472,57.35294117647059,13.62397820163527,67.09648459835579,2,0,1,1,0.0,False
BONK,2026-08-16T10:23:41.370Z,2026-08-16T10:23:41.370639Z,2026-08-16T12:23:41.370639Z,7584.86467,7,2.3650000000000002e-06,42.28329809725297,2.553191489361714,-0.424,61.029411764705884,42.28329809725297,65.16013752620542,2,1,1,0,1.0,False
CETUS,2026-08-16T10:23:48.676Z,2026-08-16T10:23:48.676822Z,2026-08-16T12:23:48.676822Z,7577.558487,7,0.021355,14.048232264106195,8.545797922568472,4.8,57.720588235294116,14.048232264106195,63.47321000755878,0,0,0,0,,False
CHZ,2026-08-16T10:23:53.891Z,2026-08-16T10:23:53.891777Z,2026-08-16T12:23:53.891777Z,7572.343532,7,0.012465,8.02246289610878,1.9230769230769142,-0.558,56.25,8.02246289610878,59.92443391176185,4,0,0,4,0.75,False
DOLO,2026-08-16T10:24:00.160Z,2026-08-16T10:24:00.160551Z,2026-08-16T12:24:00.160551Z,7566.074758,7,0.02351,17.014036580177955,28.747252747252748,6.908,70.58823529411765,17.014036580177955,57.59433197867321,4,3,0,1,0.5,False
DYDX,2026-08-16T10:24:07.609Z,2026-08-16T10:24:07.609733Z,2026-08-16T12:24:07.609733Z,7558.625576,7,0.10767499999999999,8.358486185279114,4.665427509293677,-2.43,69.8529411764706,8.358486185279114,59.986518443273035,0,0,0,0,,False
FLOKI,2026-08-16T10:24:18.576Z,2026-08-16T10:24:18.576287Z,2026-08-16T12:24:18.576287Z,7547.659022,7,2.0305e-05,4.924895345974686,3.0927835051546344,0.147,56.61764705882353,4.924895345974686,61.38884160769142,5,2,0,3,1.0,False
GIGGLE,2026-08-16T10:24:36.050Z,2026-08-16T10:24:36.050636Z,2026-08-16T12:24:36.050636Z,7530.184673,7,30.884999999999998,9.713453132587853,5.321219987021417,-0.581,60.294117647058826,9.713453132587853,58.20165650984117,3,3,0,0,1.0,False
HEI,2026-08-16T10:24:43.014Z,2026-08-16T10:24:43.014931Z,2026-08-16T12:24:43.014931Z,7523.220378,7,0.1387,14.41961067051231,14.817629179331298,-5.187,61.76470588235294,14.41961067051231,65.18276834993544,2,2,0,0,1.0,False
JUP,2026-08-16T10:24:51.346Z,2026-08-16T10:24:51.346952Z,2026-08-16T12:24:51.346952Z,7514.888357,7,0.16795,5.9541530217336565,2.921884317233164,-1.062,68.01470588235294,5.9541530217336565,65.8849375599724,6,2,3,1,1.0,False
KITE,2026-08-16T10:24:58.227Z,2026-08-16T10:24:58.227290Z,2026-08-16T12:24:58.227290Z,7508.008019,7,0.09445,10.587612493383045,4.555084745762724,-1.255,58.455882352941174,10.587612493383045,64.71474284550752,0,0,0,0,,False
PAXG,2026-08-16T10:25:29.503Z,2026-08-16T10:25:29.504181Z,2026-08-16T12:25:29.504181Z,7476.731128,7,4373.165,0.02286673381914078,0.1792188435812713,-0.057,69.11764705882354,0.02286673381914078,71.27417939910927,0,0,0,0,,False
PIXEL,2026-08-16T10:25:39.442Z,2026-08-16T10:25:39.442459Z,2026-08-16T12:25:39.442459Z,7466.79285,7,0.004805,62.43496357960384,37.75510204081633,6.987,69.48529411764706,62.43496357960384,69.02263833879852,17,11,4,2,1.0,False
POL,2026-08-16T10:25:45.753Z,2026-08-16T10:25:45.753606Z,2026-08-16T12:25:45.753606Z,7460.481703,7,0.07507,5.3283601971491095,1.771207883872683,-0.358,70.22058823529412,5.3283601971491095,61.33313173642974,8,1,6,1,-0.25,False
SAPIEN,2026-08-16T10:25:52.770Z,2026-08-16T10:25:52.770994Z,2026-08-16T12:25:52.770994Z,7453.464315,7,0.0779,25.67394094993655,3.088803088803088,0.778,65.80882352941177,25.67394094993655,65.8417939365833,2,2,0,0,1.0,False
SEI,2026-08-16T10:26:00.593Z,2026-08-16T10:26:00.593478Z,2026-08-16T12:26:00.593478Z,7445.641831,7,0.039875,2.507836990594639,2.1297920320721713,-0.075,66.17647058823529,2.507836990594639,71.5744085798785,1,0,1,0,1.0,False
THE,2026-08-16T10:26:17.351Z,2026-08-16T10:26:17.351804Z,2026-08-16T12:26:17.351804Z,7428.883505,7,0.06175,16.19433198380613,8.400646203554114,2.314,65.07352941176471,16.19433198380613,66.54050765226853,17,12,2,3,0.7647,False
TST,2026-08-16T10:26:27.091Z,2026-08-16T10:26:27.091354Z,2026-08-16T12:26:27.091354Z,7419.143955,7,0.01423,28.10962754743507,8.967001434720226,-2.857,58.088235294117645,28.10962754743507,61.75146382498437,1,0,0,1,1.0,False
XTZ,2026-08-16T10:26:47.767Z,2026-08-16T10:26:47.767927Z,2026-08-16T12:26:47.767927Z,7398.467382,7,0.1976,10.121457489877429,3.3906882591093037,0.254,65.44117647058823,10.121457489877429,61.00153744981641,3,1,1,1,1.0,False
ZBT,2026-08-16T10:26:55.804Z,2026-08-16T10:26:55.804703Z,2026-08-16T12:26:55.804703Z,7390.430606,7,0.08505,11.757789535566019,6.941176470588221,-3.737,63.60294117647059,11.757789535566019,65.58784798163602,0,0,0,0,,False
ZEN,2026-08-16T10:27:06.092Z,2026-08-16T10:27:06.092383Z,2026-08-16T12:27:06.092383Z,7380.142926,7,3.9885,7.521624670929206,1.5071590052750468,-0.995,63.23529411764706,7.521624670929206,62.957917106577014,0,0,0,0,,False
APE,2026-08-16T10:32:57.414Z,2026-08-16T10:32:57.415362Z,2026-08-16T12:32:57.415362Z,7628.591244,7,0.12265000000000001,8.153281695882827,1.790073230268506,0.0,42.279411764705884,8.153281695882827,63.909394107109605,0,0,0,0,,False
BB,2026-08-16T10:33:25.915Z,2026-08-16T10:33:25.915907Z,2026-08-16T12:33:25.915907Z,7600.090699,7,0.01146,17.452006980802082,11.332179930795851,-2.857,50.73529411764706,17.452006980802082,60.8179221879361,2,2,0,0,1.0,False
COOKIE,2026-08-16T10:33:57.858Z,2026-08-16T10:33:57.859144Z,2026-08-16T12:33:57.859144Z,7568.147462,7,0.01185,84.3881856540094,8.620689655172423,-2.521,53.30882352941177,84.3881856540094,60.020079732876845,0,0,0,0,,False
EGLD,2026-08-16T10:34:12.571Z,2026-08-16T10:34:12.572407Z,2026-08-16T12:34:12.572407Z,7553.434199,7,2.625,38.095238095237285,3.065134099616861,-1.509,41.544117647058826,38.095238095237285,58.46672688303429,0,0,0,0,,False
ERA,2026-08-16T10:34:21.419Z,2026-08-16T10:34:21.420240Z,2026-08-16T12:34:21.420240Z,7544.586366,7,0.05985,16.708437761069817,4.643449419568817,0.333,54.044117647058826,16.708437761069817,67.4246465126229,0,0,0,0,,False
LINEA,2026-08-16T10:34:43.617Z,2026-08-16T10:34:43.618202Z,2026-08-16T12:34:43.618202Z,7522.388404,7,0.0021525,4.645760743322336,6.116774791473594,1.362,47.4264705882353,4.645760743322336,65.4240817129857,0,0,0,0,,False
MIRA,2026-08-16T10:34:53.455Z,2026-08-16T10:34:53.455698Z,2026-08-16T12:34:53.455698Z,7512.550908,7,0.03895,25.67394094993655,3.8759689922480653,-1.527,45.588235294117645,25.67394094993655,41.55438359745169,6,2,4,0,0.8333,False
MORPHO,2026-08-16T10:35:12.478Z,2026-08-16T10:35:12.478330Z,2026-08-16T12:35:12.478330Z,7493.528276,7,1.9925000000000002,5.018820577164927,1.9338422391857524,0.873,47.794117647058826,5.018820577164927,67.02722826032196,0,0,0,0,,False
MUBARAK,2026-08-16T10:35:20.419Z,2026-08-16T10:35:20.419556Z,2026-08-16T12:35:20.419556Z,7485.58705,7,0.01682,11.890606420929045,14.411027568922307,-5.169,43.01470588235294,11.890606420929045,61.460502112136304,0,0,0,0,,False
NEIRO,2026-08-16T10:35:28.625Z,2026-08-16T10:35:28.625569Z,2026-08-16T12:35:28.625569Z,7477.381037,7,6.564e-05,18.28153564899331,6.334910700656376,0.276,49.26470588235294,18.28153564899331,65.30533535190608,6,6,0,0,0.8333,False
NEO,2026-08-16T10:35:38.433Z,2026-08-16T10:35:38.433731Z,2026-08-16T12:35:38.433731Z,7467.572875,7,1.6735,5.975500448161875,2.1505376344086042,-0.476,43.75,5.975500448161875,65.18879078028843,2,2,0,0,1.0,False
NOM,2026-08-16T10:35:47.888Z,2026-08-16T10:35:47.895371Z,2026-08-16T12:35:47.895371Z,7458.111235,7,0.0016150000000000001,61.919504643961666,9.696969696969695,0.61,48.161764705882355,61.919504643961666,59.69769321836133,0,0,0,0,,False
ORDI,2026-08-16T10:36:07.088Z,2026-08-16T10:36:07.088408Z,2026-08-16T12:36:07.088408Z,7438.918198,7,3.402,11.757789535567325,3.0516431924882657,0.147,55.14705882352941,11.757789535567325,47.38276044604726,5,4,1,0,0.2,False
RESOLV,2026-08-16T10:36:21.149Z,2026-08-16T10:36:21.150073Z,2026-08-16T12:36:21.150073Z,7424.856533,7,0.01763,11.34429948950606,5.221785513756318,3.667,45.220588235294116,11.34429948950606,64.1659760882083,2,2,0,0,1.0,False
SAGA,2026-08-16T10:36:39.336Z,2026-08-16T10:36:39.336974Z,2026-08-16T12:36:39.336974Z,7406.669632,7,0.013105,7.630675314765046,3.557910673732021,-0.076,50.0,7.630675314765046,64.55110613493781,0,0,0,0,,False
SAND,2026-08-16T10:36:47.023Z,2026-08-16T10:36:47.023705Z,2026-08-16T12:36:47.023705Z,7398.982901,7,0.039415,7.61131548902759,3.07809717629101,-0.707,46.3235294117647,7.61131548902759,63.86489070436494,8,1,4,3,0.75,False
SOPH,2026-08-16T10:37:01.114Z,2026-08-16T10:37:01.114814Z,2026-08-16T12:37:01.114814Z,7384.891792,7,0.00366,54.644808743169534,8.79120879120879,4.598,48.89705882352941,54.644808743169534,68.35245419400353,0,0,0,0,,False
TIA,2026-08-16T10:37:07.327Z,2026-08-16T10:37:07.327735Z,2026-08-16T12:37:07.327735Z,7378.678871,7,0.30295,3.3008747318035647,3.5524568393094245,-2.081,52.205882352941174,3.3008747318035647,54.31987681812235,1,0,1,0,0.0,False
TRB,2026-08-16T10:37:14.345Z,2026-08-16T10:37:14.345828Z,2026-08-16T12:37:14.345828Z,7371.660778,7,13.114999999999998,7.624857033930453,1.9847328244274927,-0.304,41.911764705882355,7.624857033930453,60.03179923260835,0,0,0,0,,False
USDE,2026-08-16T10:37:19.264Z,2026-08-16T10:37:19.264363Z,2026-08-16T12:37:19.264363Z,7366.742243,7,0.99995,1.000050002500015,0.0200020002000178,-0.02,43.38235294117647,1.000050002500015,57.53124326474875,0,0,0,0,,False
WCT,2026-08-16T10:37:26.781Z,2026-08-16T10:37:26.781757Z,2026-08-16T12:37:26.781757Z,7359.224849,7,0.034175,8.778346744695043,10.216627634660421,0.975,46.69117647058823,8.778346744695043,42.396465370956264,0,0,0,0,,False
DASH,2026-08-16T10:42:45.859Z,2026-08-16T10:42:45.859616Z,2026-08-16T12:42:45.859616Z,7641.566597,7,29.805,3.35514175473847,2.420168067226887,-0.965,45.588235294117645,3.35514175473847,65.14530094657609,0,0,0,0,,False
INIT,2026-08-16T10:42:56.891Z,2026-08-16T10:42:56.891982Z,2026-08-16T12:42:56.891982Z,7630.534231,7,0.05235,19.102196752627098,6.321839080459765,2.153,43.75,19.102196752627098,68.05858661780853,2,0,1,1,1.0,False
GUN,2026-08-16T10:44:23.218Z,2026-08-16T10:44:23.218851Z,2026-08-16T12:44:23.218851Z,7544.207362,7,0.003,66.66666666666684,5.647840531561462,0.333,29.779411764705884,66.66666666666684,51.39220879575153,0,0,0,0,,False
HMSTR,2026-08-16T10:44:36.683Z,2026-08-16T10:44:36.684161Z,2026-08-16T12:44:36.684161Z,7530.742052,7,0.0001752,11.415525114155528,3.025114155251153,-0.114,31.61764705882353,11.415525114155528,56.14066719179723,0,0,0,0,,False
MANTA,2026-08-16T10:45:15.647Z,2026-08-16T10:45:15.647362Z,2026-08-16T12:45:15.647362Z,7491.778851,7,0.057484999999999994,8.697921196834207,3.0683403068340267,-0.052,38.23529411764706,8.697921196834207,37.42865206934922,0,0,0,0,,False
PNUT,2026-08-16T10:45:33.199Z,2026-08-16T10:45:33.199412Z,2026-08-16T12:45:33.199412Z,7474.226801,7,0.04115,24.301336573512238,6.310679611650481,1.728,36.029411764705884,24.301336573512238,64.69152487774234,4,2,2,0,1.0,False
PYTH,2026-08-16T10:45:48.409Z,2026-08-16T10:45:48.409459Z,2026-08-16T12:45:48.409459Z,7459.016754,7,0.03918,15.313935681471285,3.0287604988546617,-1.083,26.83823529411765,15.313935681471285,46.747093821802075,0,0,0,0,,False
RAY,2026-08-16T10:45:53.734Z,2026-08-16T10:45:53.735152Z,2026-08-16T12:45:53.735152Z,7453.691061,7,0.6206,6.44537544312064,1.207729468599026,0.177,36.39705882352941,6.44537544312064,56.27945514408495,5,1,3,1,0.8,False
RSR,2026-08-16T10:46:01.599Z,2026-08-16T10:46:01.599847Z,2026-08-16T12:46:01.599847Z,7445.826366,7,0.0011524999999999999,8.676789587851765,1.1255411255411247,0.873,39.705882352941174,8.676789587851765,68.43686162459895,0,0,0,0,,False
SAHARA,2026-08-16T10:46:08.979Z,2026-08-16T10:46:08.979776Z,2026-08-16T12:46:08.979776Z,7438.446437,7,0.0076950000000000005,12.995451591943418,3.2594524119947876,-2.788,38.60294117647059,12.995451591943418,54.94766747090856,0,0,0,0,,False
SOLV,2026-08-16T10:46:20.499Z,2026-08-16T10:46:20.499743Z,2026-08-16T12:46:20.499743Z,7426.92647,7,0.0023049999999999998,43.38394793926259,4.385964912280714,0.885,37.5,43.38394793926259,64.04864192225038,0,0,0,0,,False
SPK,2026-08-16T10:46:27.552Z,2026-08-16T10:46:27.552488Z,2026-08-16T12:46:27.552488Z,7419.873725,7,0.0143165,11.874410645059655,2.490461325008671,0.811,29.41176470588235,11.874410645059655,53.27303550358642,12,2,10,0,1.0,False
STX,2026-08-16T10:46:35.401Z,2026-08-16T10:46:35.401648Z,2026-08-16T12:46:35.401648Z,7412.024565,7,0.12245,8.16659861167847,2.7138157894736934,-1.299,37.13235294117647,8.16659861167847,34.82886904868285,4,3,1,0,0.0,False
THETA,2026-08-16T10:46:42.404Z,2026-08-16T10:46:42.404966Z,2026-08-16T12:46:42.404966Z,7405.021247,7,0.13905,7.191657677093778,2.5289017341040485,-0.86,34.55882352941177,7.191657677093778,61.25690905615039,0,0,0,0,,False
TLM,2026-08-16T10:46:49.222Z,2026-08-16T10:46:49.223182Z,2026-08-16T12:46:49.223182Z,7398.203031,7,0.0015885,18.88574126534444,5.597964376590343,0.383,39.338235294117645,18.88574126534444,52.28226751483257,0,0,0,0,,False
TOWNS,2026-08-16T10:46:55.424Z,2026-08-16T10:46:55.424862Z,2026-08-16T12:46:55.424862Z,7392.001351,7,0.0023750000000000004,42.10526315789484,8.936170212765962,7.306,40.80882352941177,42.10526315789484,72.22441321995821,4,2,1,1,1.0,False
ZKC,2026-08-16T10:47:13.908Z,2026-08-16T10:47:13.908864Z,2026-08-16T12:47:13.908864Z,7373.517349,7,0.03765,26.560424966798383,2.3809523809523756,-1.305,35.661764705882355,26.560424966798383,58.78217417133906,0,0,0,0,,False
1000CAT,2026-08-16T10:52:53.538Z,2026-08-16T10:52:53.538252Z,2026-08-16T12:52:53.538252Z,7633.44138,7,0.001715,58.30903790087479,2.3668639053254372,0.595,18.014705882352942,58.30903790087479,60.08411198209038,1,1,0,0,1.0,False
1MBABYDOGE,2026-08-16T10:53:03.213Z,2026-08-16T10:53:03.213798Z,2026-08-16T12:53:03.213798Z,7623.765834,7,0.00032525,15.37279016141467,2.680221811460257,-0.946,18.38235294117647,15.37279016141467,35.71024429507242,0,0,0,0,,
CVX,2026-08-16T10:53:57.475Z,2026-08-16T10:53:57.475313Z,2026-08-16T12:53:57.475313Z,7569.504319,7,1.6165,18.558614290133708,5.182926829268291,2.95,20.58823529411765,18.558614290133708,58.56305201794676,0,0,0,0,,False
ENJ,2026-08-16T10:54:15.265Z,2026-08-16T10:54:15.266333Z,2026-08-16T12:54:15.266333Z,7551.713299,7,0.023895,12.554927809166037,1.9230769230769174,-0.829,24.264705882352942,12.554927809166037,37.107205890590656,4,3,1,0,1.0,False
GRT,2026-08-16T10:54:37.035Z,2026-08-16T10:54:37.036129Z,2026-08-16T12:54:37.036129Z,7529.943503,7,0.01353,14.781966001477594,2.596439169139463,-1.39,25.0,14.781966001477594,61.318888560303364,9,8,1,0,1.0,False
IOTA,2026-08-16T10:54:45.978Z,2026-08-16T10:54:45.978531Z,2026-08-16T12:54:45.978531Z,7521.001101,7,0.03195,31.298904538342057,3.749999999999999,-2.439,23.897058823529413,31.298904538342057,54.78265412854354,0,0,0,0,,False
KAIA,2026-08-16T10:54:51.828Z,2026-08-16T10:54:51.828357Z,2026-08-16T12:54:51.828357Z,7515.151275,7,0.02445,40.89979550102225,4.508196721311476,-3.557,16.91176470588235,40.89979550102225,52.81248181574289,0,0,0,0,,False
KERNEL,2026-08-16T10:54:59.265Z,2026-08-16T10:54:59.265668Z,2026-08-16T12:54:59.265668Z,7507.713964,7,0.033549999999999996,29.806259314454827,2.0958083832335306,0.602,25.735294117647058,29.806259314454827,62.123965585835066,0,0,0,0,,False
LA,2026-08-16T10:55:07.752Z,2026-08-16T10:55:07.752940Z,2026-08-16T12:55:07.752940Z,7499.226692,7,0.04815,20.76843198338585,5.4166666666666625,-3.614,15.073529411764707,20.76843198338585,54.015542493361515,2,1,0,1,0.0,False
MEME,2026-08-16T10:55:35.882Z,2026-08-16T10:55:35.882967Z,2026-08-16T12:55:35.882967Z,7471.096665,7,0.0004805,20.811654526534237,4.583333333333331,-0.826,17.279411764705884,20.811654526534237,56.8713122728489,48,35,11,2,0.8542,False
OPEN,2026-08-16T10:55:53.409Z,2026-08-16T10:55:53.409686Z,2026-08-16T12:55:53.409686Z,7453.569946,7,0.1733,11.540680900173442,8.289855072463757,-6.046,22.426470588235293,11.540680900173442,42.38809740481879,0,0,0,0,,False
OSMO,2026-08-16T10:55:59.308Z,2026-08-16T10:55:59.309107Z,2026-08-16T12:55:59.309107Z,7447.670525,7,0.03025,33.05785123966922,4.248366013071893,2.341,23.529411764705884,33.05785123966922,67.78582938175047,1,0,1,0,1.0,False
PHA,2026-08-16T10:56:06.594Z,2026-08-16T10:56:06.594658Z,2026-08-16T12:56:06.594658Z,7440.384974,7,0.021949999999999997,45.558086560364195,5.022831050228311,0.0,16.544117647058822,45.558086560364195,45.1067241276708,1,1,0,0,1.0,False
STO,2026-08-16T10:56:32.048Z,2026-08-16T10:56:32.048447Z,2026-08-16T12:56:32.048447Z,7414.931185,7,0.038650000000000004,25.873221216040342,7.23514211886306,-1.276,26.102941176470587,25.873221216040342,54.91752861312498,0,0,0,0,,False
USUAL,2026-08-16T10:56:38.406Z,2026-08-16T10:56:38.407026Z,2026-08-16T12:56:38.407026Z,7408.572606,7,0.009055,33.13086692435175,5.387205387205382,-1.11,24.63235294117647,33.13086692435175,61.819484133212285,0,0,0,0,,False
VET,2026-08-16T10:56:46.731Z,2026-08-16T10:56:46.731426Z,2026-08-16T12:56:46.731426Z,7400.248206,7,0.004446,8.996851102113503,2.3192974555280492,-1.791,13.235294117647058,8.996851102113503,55.05354858757413,5,2,3,0,1.0,False
W,2026-08-16T10:56:53.669Z,2026-08-16T10:56:53.669622Z,2026-08-16T12:56:53.669622Z,7393.31001,7,0.008585,11.648223645893527,2.2619047619047525,0.719,17.647058823529413,11.648223645893527,62.943853488984246,0,0,0,0,,False
YGG,2026-08-16T10:56:59.615Z,2026-08-16T10:56:59.616061Z,2026-08-16T12:56:59.616061Z,7387.363571,7,0.020194999999999998,14.855162168853074,4.299999999999998,1.885,25.36764705882353,14.855162168853074,54.510246584463374,0,0,0,0,,False
AUCTION,2026-08-16T11:02:47.118Z,2026-08-16T11:02:47.118397Z,2026-08-16T13:02:47.118397Z,7639.187499,7,2.8365,31.729243786357628,2.2348350478893124,-1.606,1.4705882352941178,31.729243786357628,37.44330199420313,0,0,0,0,,False
BFUSD,2026-08-16T11:03:00.166Z,2026-08-16T11:03:00.166581Z,2026-08-16T13:03:00.166581Z,7626.139315,7,0.99905,11.010459936939991,0.12018027040560629,0.0,3.3088235294117645,11.010459936939991,39.79388510005444,0,0,0,0,,False
BLUR,2026-08-16T11:03:07.239Z,2026-08-16T11:03:07.240065Z,2026-08-16T13:03:07.240065Z,7619.065831,7,0.013165,7.5958982149636105,1.6781083142639184,-0.607,2.573529411764706,7.5958982149636105,59.5739892293597,0,0,0,0,,False
BNB,2026-08-16T11:03:13.053Z,2026-08-16T11:03:13.053737Z,2026-08-16T13:03:13.053737Z,7613.252159,7,607.625,0.16457519028991408,1.3892326222178155,-0.844,97.79411764705883,0.16457519028991408,54.10261354766737,8,2,5,1,1.0,False
BTC,2026-08-16T11:03:25.801Z,2026-08-16T11:03:25.801910Z,2026-08-16T13:03:25.801910Z,7600.503986,7,63001.994999999995,0.001587251324666349,0.35228769372685304,-0.041,100.0,0.001587251324666349,75.56813683187339,42,18,16,8,0.1429,False
COMP,2026-08-16T11:03:38.750Z,2026-08-16T11:03:38.750817Z,2026-08-16T13:03:38.750817Z,7587.555079,7,16.28,24.570024570024046,0.43130006161429624,0.247,1.1029411764705883,24.570024570024046,40.99715195068869,4,3,1,0,1.0,False
HIVE,2026-08-16T11:04:12.352Z,2026-08-16T11:04:12.353358Z,2026-08-16T13:04:12.353358Z,7553.952538,7,0.039400000000000004,50.76142131979664,2.0408163265306176,-1.508,2.9411764705882355,50.76142131979664,39.27501733413827,0,0,0,0,,False
ILV,2026-08-16T11:04:25.886Z,2026-08-16T11:04:25.886768Z,2026-08-16T13:04:25.886768Z,7540.419128,7,3.1100000000000003,64.30868167202577,7.717041800643079,4.013,11.029411764705882,64.30868167202577,54.15180263226562,0,0,0,0,,False
KMNO,2026-08-16T11:04:31.206Z,2026-08-16T11:04:31.206364Z,2026-08-16T13:04:31.206364Z,7535.099532,7,0.017915,5.581914596706443,2.3437500000000013,-2.183,9.926470588235293,5.581914596706443,40.91542765057905,1,0,1,0,1.0,False
LINK,2026-08-16T11:04:36.834Z,2026-08-16T11:04:36.834522Z,2026-08-16T13:04:36.834522Z,7529.471374,7,9.3445,1.0701482155291584,3.7896529699808377,0.697,98.52941176470588,1.0701482155291584,59.320992371012906,20,12,6,2,0.25,False
NEWT,2026-08-16T11:04:43.685Z,2026-08-16T11:04:43.685385Z,2026-08-16T13:04:43.685385Z,7522.620511,7,0.0372,53.763440860214736,3.773584905660373,-3.385,4.779411764705882,53.763440860214736,38.15528641335813,0,0,0,0,,False
NMR,2026-08-16T11:04:51.328Z,2026-08-16T11:04:51.328526Z,2026-08-16T13:04:51.328526Z,7514.97737,7,8.094999999999999,12.353304508955885,1.1111111111111094,-0.857,2.2058823529411766,12.353304508955885,34.322967027867804,0,0,0,0,,False
REZ,2026-08-16T11:04:59.102Z,2026-08-16T11:04:59.102921Z,2026-08-16T13:04:59.102921Z,7507.202975,7,0.0027375000000000003,10.95890410958891,3.4926470588235143,-2.404,9.558823529411764,10.95890410958891,58.230681800652874,0,0,0,0,,False
SHELL,2026-08-16T11:05:06.833Z,2026-08-16T11:05:06.833263Z,2026-08-16T13:05:06.833263Z,7499.472633,7,0.02085,47.961630695443354,4.807692307692312,2.97,8.455882352941176,47.961630695443354,65.88909986343506,0,0,0,0,,False
SIGN,2026-08-16T11:05:15.370Z,2026-08-16T11:05:15.370995Z,2026-08-16T13:05:15.370995Z,7490.934901,7,0.00672,29.761904761904837,3.7593984962406046,2.941,6.985294117647059,29.761904761904837,71.57812205159982,0,0,0,0,,False
SOL,2026-08-16T11:05:20.732Z,2026-08-16T11:05:20.732646Z,2026-08-16T13:05:20.732646Z,7485.57325,7,75.245,1.3289919595993243,0.758382118147961,-0.08,98.8970588235294,1.3289919595993243,56.311413942783055,32,22,7,3,0.75,False
STEEM,2026-08-16T11:05:27.574Z,2026-08-16T11:05:27.574603Z,2026-08-16T13:05:27.574603Z,7478.731293,7,0.03517,28.433323855559532,0.7120478496154947,0.0,0.36764705882352944,28.433323855559532,36.022271428278344,0,0,0,0,,False
SXT,2026-08-16T11:05:35.504Z,2026-08-16T11:05:35.505236Z,2026-08-16T13:05:35.505236Z,7470.80066,7,0.00699,28.612303290414957,3.409090909090905,0.571,1.838235294117647,28.612303290414957,44.347310806193825,0,0,0,0,,False
TURBO,2026-08-16T11:05:48.885Z,2026-08-16T11:05:48.885650Z,2026-08-16T13:05:48.885650Z,7457.420246,7,0.0007945000000000001,12.586532410321261,2.7707808564231726,0.126,4.411764705882353,12.586532410321261,35.60817876470431,0,0,0,0,,False
TURTLE,2026-08-16T11:05:56.694Z,2026-08-16T11:05:56.694435Z,2026-08-16T13:05:56.694435Z,7449.611461,7,0.04325,23.121387283236054,4.60829493087558,2.6,5.147058823529412,23.121387283236054,53.91733751569975,0,0,0,0,,False
UMA,2026-08-16T11:06:08.449Z,2026-08-16T11:06:08.449698Z,2026-08-16T13:06:08.449698Z,7437.856198,7,0.322,62.11180124223608,1.552795031055902,-1.529,4.044117647058823,62.11180124223608,33.15744648195607,0,0,0,0,,True
USD1,2026-08-16T11:06:12.980Z,2026-08-16T11:06:12.981103Z,2026-08-16T13:06:12.981103Z,7433.324793,7,0.99915,1.0008507231145374,0.04003202562049199,0.01,99.26470588235294,1.0008507231145374,57.680350464249706,2,2,0,0,1.0,False
VANA,2026-08-16T11:06:21.530Z,2026-08-16T11:06:21.530729Z,2026-08-16T13:06:21.530729Z,7424.775167,7,0.8674999999999999,57.63688760806922,4.822043628013781,0.461,3.676470588235294,57.63688760806922,44.86023915183328,0,0,0,0,,False
VELODROME,2026-08-16T11:06:30.457Z,2026-08-16T11:06:30.457787Z,2026-08-16T13:06:30.457787Z,7415.848109,7,0.01676,23.866348448686377,2.449223416965356,-0.357,8.823529411764707,23.866348448686377,48.958788733584726,0,0,0,0,,True
XVG,2026-08-16T11:06:42.656Z,2026-08-16T11:06:42.656335Z,2026-08-16T13:06:42.656335Z,7403.649561,7,0.002064,29.069767441860122,2.48175182481751,-0.194,5.882352941176471,29.069767441860122,54.69205376149288,0,0,0,0,,False
AVAX,2026-08-16T11:12:40.463Z,2026-08-16T11:12:40.463206Z,2026-08-16T13:12:40.463206Z,7647.13894,7,6.3795,1.5675209655934381,5.922086082312281,-3.282,94.48529411764706,1.5675209655934381,56.20529386155959,10,7,1,2,-0.4,False
EUR,2026-08-16T11:13:10.878Z,2026-08-16T11:13:10.879112Z,2026-08-16T13:13:10.879112Z,7616.723034,7,1.1563500000000002,0.8647900722098756,0.04323389537398763,-0.009,96.32352941176471,0.8647900722098756,73.81014095283749,0,0,0,0,,False
FET,2026-08-16T11:13:16.244Z,2026-08-16T11:13:16.245106Z,2026-08-16T13:13:16.245106Z,7611.35704,7,0.12285,8.140008140007243,7.741935483870954,-6.274,90.80882352941177,8.140008140007243,62.94382841205403,3,1,2,0,-1.0,False
HEMI,2026-08-16T11:13:21.382Z,2026-08-16T11:13:21.382567Z,2026-08-16T13:13:21.382567Z,7606.219579,7,0.00656,30.48780487804886,45.41120381406436,58.601,97.05882352941177,30.48780487804886,64.24934785778419,15,7,5,3,0.2667,False
HOME,2026-08-16T11:13:26.938Z,2026-08-16T11:13:26.939008Z,2026-08-16T13:13:26.939008Z,7600.663138,7,0.007645,13.080444735120462,26.932989690721648,-18.998,87.86764705882354,13.080444735120462,47.137598939728434,1,1,0,0,1.0,False
ICP,2026-08-16T11:13:32.210Z,2026-08-16T11:13:32.210474Z,2026-08-16T13:13:32.210474Z,7595.391672,7,2.2605,4.423800044239478,3.248463564530283,0.53,91.91176470588235,4.423800044239478,65.6166353268102,5,0,2,3,0.2,False
LTC,2026-08-16T11:13:38.043Z,2026-08-16T11:13:38.043991Z,2026-08-16T13:13:38.043991Z,7589.558155,7,44.285,2.2581009371114398,0.9921082299887369,0.704,89.33823529411765,2.2581009371114398,69.1653983957718,9,7,1,1,0.7778,False
NEAR,2026-08-16T11:13:45.514Z,2026-08-16T11:13:45.514782Z,2026-08-16T13:13:45.514782Z,7582.087364,7,1.6245,6.155740227761711,2.5974025974025863,-1.282,93.75,6.155740227761711,58.98138836665108,0,0,0,0,,False
PLUME,2026-08-16T11:13:56.993Z,2026-08-16T11:13:56.993792Z,2026-08-16T13:13:56.993792Z,7570.608354,7,0.013045000000000001,7.665772326562918,13.13364055299539,-7.528,95.95588235294117,7.665772326562918,58.754665744113765,1,1,0,0,1.0,False
PUMP,2026-08-16T11:14:02.230Z,2026-08-16T11:14:02.230401Z,2026-08-16T13:14:02.230401Z,7565.371745,7,0.0027264999999999998,3.667705849989727,5.567685589519647,-0.615,95.22058823529412,3.667705849989727,52.01155963915106,8,8,0,0,0.5,False
SOMI,2026-08-16T11:14:21.028Z,2026-08-16T11:14:21.028785Z,2026-08-16T13:14:21.028785Z,7546.573361,7,0.09195,10.875475802066651,8.37867247007617,-0.97,86.76470588235294,10.875475802066651,66.19328700185025,0,0,0,0,,False
SUI,2026-08-16T11:14:28.044Z,2026-08-16T11:14:28.044950Z,2026-08-16T13:14:28.044950Z,7539.557196,7,0.67815,1.4746000147458378,1.6701152822938186,-0.908,92.27941176470588,1.4746000147458378,71.07626308331447,5,2,2,1,0.4,False
SYRUP,2026-08-16T11:14:33.543Z,2026-08-16T11:14:33.543829Z,2026-08-16T13:14:33.543829Z,7534.058317,7,0.16485,6.066120715801577,8.333333333333348,6.631,88.23529411764706,6.066120715801577,69.86296877869177,0,0,0,0,,False
TAO,2026-08-16T11:14:39.688Z,2026-08-16T11:14:39.689025Z,2026-08-16T13:14:39.689025Z,7527.913121,7,196.55,5.087763927753462,1.6862544711292855,-0.66,86.02941176470588,5.087763927753462,68.11549530220381,8,6,2,0,0.875,False
TRX,2026-08-16T11:14:44.876Z,2026-08-16T11:14:44.876564Z,2026-08-16T13:14:44.876564Z,7522.725582,7,0.33145,3.017046311662226,0.513440048323763,-0.211,96.69117647058823,3.017046311662226,62.94648494664502,25,21,4,0,0.96,False
TUT,2026-08-16T11:14:50.528Z,2026-08-16T11:14:50.528376Z,2026-08-16T13:14:50.528376Z,7517.07377,7,0.032409999999999994,18.51280468990977,29.042098840756562,-6.663,91.54411764705883,18.51280468990977,59.88455748003467,1,1,0,0,1.0,False
XPL,2026-08-16T11:15:10.268Z,2026-08-16T11:15:10.268280Z,2026-08-16T13:15:10.268280Z,7497.333866,7,0.07749,7.742934572203445,4.778420038535646,-0.333,89.70588235294117,7.742934572203445,63.58002625902716,1,1,0,0,1.0,False
ZEC,2026-08-16T11:15:16.066Z,2026-08-16T11:15:16.067214Z,2026-08-16T13:15:16.067214Z,7491.534932,7,486.96000000000004,2.0535567603081546,1.816534168142685,-0.386,93.01470588235294,2.0535567603081546,53.76701131001218,12,5,4,3,0.1667,False
AAVE,2026-08-16T11:20:53.876Z,2026-08-16T11:20:53.876928Z,2026-08-16T13:20:53.876928Z,7751.554802,7,85.89500000000001,1.164212119448759,1.8092681218629594,-1.483,78.67647058823529,1.164212119448759,54.20745216217373,0,0,0,0,,False
ALGO,2026-08-16T11:21:10.735Z,2026-08-16T11:21:10.736187Z,2026-08-16T13:21:10.736187Z,7734.695543,7,0.07875,12.6984126984113,2.1518987341772067,-0.504,74.26470588235294,12.6984126984113,63.104315182188884,3,3,0,0,1.0,False
EDEN,2026-08-16T11:22:17.368Z,2026-08-16T11:22:17.369065Z,2026-08-16T13:22:17.369065Z,7668.062665,7,0.04776,12.562814070351248,12.779767233661593,-3.206,73.52941176470588,12.562814070351248,56.09971156835614,0,0,0,0,,False
ENA,2026-08-16T11:22:27.769Z,2026-08-16T11:22:27.769550Z,2026-08-16T13:22:27.769550Z,7657.66218,7,0.08345,11.983223487118378,3.373493975903627,-2.238,84.19117647058823,11.983223487118378,60.73570143240417,3,3,0,0,1.0,False
EPIC,2026-08-16T11:22:37.758Z,2026-08-16T11:22:37.758838Z,2026-08-16T13:22:37.758838Z,7647.672892,7,0.3593,33.39827442248758,10.602131950446557,-4.354,77.57352941176471,33.39827442248758,47.228886291604915,0,0,0,0,,False
KAITO,2026-08-16T11:23:07.147Z,2026-08-16T11:23:07.147954Z,2026-08-16T13:23:07.147954Z,7618.283776,7,0.35545000000000004,14.066676044450707,14.492342597844576,-9.006,85.29411764705883,14.066676044450707,59.5694310092252,7,3,1,3,0.1429,False
NXPC,2026-08-16T11:23:27.442Z,2026-08-16T11:23:27.442517Z,2026-08-16T13:23:27.442517Z,7597.989213,7,0.1911,31.397174254316557,11.755485893416925,0.578,84.92647058823529,31.397174254316557,68.86474023090616,0,0,0,0,,False
UNI,2026-08-16T11:24:43.115Z,2026-08-16T11:24:43.115485Z,2026-08-16T13:24:43.115485Z,7522.316245,7,3.269,6.1180789232187935,2.638036809815947,-0.061,82.72058823529412,6.1180789232187935,49.81902650346293,21,12,7,2,0.4762,False
WLFI,2026-08-16T11:24:50.016Z,2026-08-16T11:24:50.016623Z,2026-08-16T13:24:50.016623Z,7515.415107,7,0.06185,16.168148746967812,4.778156996587025,2.807,80.1470588235294,16.168148746967812,65.36987858508353,3,2,1,0,1.0,False
0G,2026-08-16T11:30:45.221Z,2026-08-16T11:30:45.221577Z,2026-08-16T13:30:45.221577Z,7761.680476,7,0.1605,62.305295950155816,5.625000000000005,-4.192,70.22058823529412,62.305295950155816,53.887326868103216,0,0,0,0,,False
AR,2026-08-16T11:30:51.885Z,2026-08-16T11:30:51.886211Z,2026-08-16T13:30:51.886211Z,7755.015842,7,1.8039999999999998,11.086474501108658,3.4368070953436836,1.064,61.39705882352941,11.086474501108658,64.29742241947991,1,1,0,0,1.0,False
ASTER,2026-08-16T11:30:59.179Z,2026-08-16T11:30:59.180183Z,2026-08-16T13:30:59.180183Z,7747.72187,7,0.6005,16.652789342214835,0.6644518272425255,0.166,59.55882352941177,16.652789342214835,73.2999440866333,1,1,0,0,1.0,False
AVNT,2026-08-16T11:31:06.191Z,2026-08-16T11:31:06.192099Z,2026-08-16T13:31:06.192099Z,7740.709954,7,0.09885,10.116337885685672,6.568627450980389,2.926,66.91176470588235,10.116337885685672,74.97546400199225,0,0,0,0,,False
BABY,2026-08-16T11:31:11.308Z,2026-08-16T11:31:11.308954Z,2026-08-16T13:31:11.308954Z,7735.593099,7,0.00983,20.34587995930741,4.954499494438836,0.0,56.25,20.34587995930741,68.98235577304017,0,0,0,0,,False
BANANA,2026-08-16T11:31:17.274Z,2026-08-16T11:31:17.274493Z,2026-08-16T13:31:17.274493Z,7729.62756,7,3.753,15.987210231813972,12.048832271762224,-6.756,59.19117647058823,15.987210231813972,59.51783385079086,0,0,0,0,,False
CAKE,2026-08-16T11:31:36.153Z,2026-08-16T11:31:36.153565Z,2026-08-16T13:31:36.153565Z,7710.748488,7,1.4605000000000001,6.846970215680328,2.06327372764787,1.607,62.5,6.846970215680328,72.68512586101217,3,0,2,1,1.0,False
ETHFI,2026-08-16T11:31:54.769Z,2026-08-16T11:31:54.769980Z,2026-08-16T13:31:54.769980Z,7692.132073,7,0.4894,8.173273395994196,3.4905464367338532,0.375,69.48529411764706,8.173273395994196,66.52026596420833,0,0,0,0,,False
GALA,2026-08-16T11:32:06.525Z,2026-08-16T11:32:06.525844Z,2026-08-16T13:32:06.525844Z,7680.376209,7,0.0016675000000000001,5.99700149924987,3.628792385484822,0.9,68.01470588235294,5.99700149924987,75.70521855093844,0,0,0,0,,False
PENDLE,2026-08-16T11:33:09.336Z,2026-08-16T11:33:09.336572Z,2026-08-16T13:33:09.336572Z,7617.565481,7,1.2835,7.791195948578978,2.9571984435797694,-2.799,62.13235294117647,7.791195948578978,57.62921294743255,0,0,0,0,,False
STRK,2026-08-16T11:33:35.691Z,2026-08-16T11:33:35.692010Z,2026-08-16T13:33:35.692010Z,7591.210043,7,0.023195,4.311273981461346,2.6874729085392244,0.435,63.23529411764706,4.311273981461346,66.91898786571944,1,0,1,0,-1.0,False
SYN,2026-08-16T11:33:41.097Z,2026-08-16T11:33:41.097754Z,2026-08-16T13:33:41.097754Z,7585.804299,7,0.10444500000000001,12.446742304562699,4.860186418109191,-0.765,58.455882352941174,12.446742304562699,67.14629344453535,0,0,0,0,,False
VANRY,2026-08-16T11:33:56.742Z,2026-08-16T11:33:56.742304Z,2026-08-16T13:33:56.742304Z,7570.159749,7,0.0011819999999999999,135.3637901861267,60.981912144702854,-23.214,67.27941176470588,135.3637901861267,52.11791573419415,2,1,1,0,1.0,False
VIRTUAL,2026-08-16T11:34:02.144Z,2026-08-16T11:34:02.145070Z,2026-08-16T13:34:02.145070Z,7564.756983,7,0.55935,8.938946992043352,3.026481715006312,-0.999,63.970588235294116,8.938946992043352,64.682435901521,1,0,1,0,1.0,False
ZK,2026-08-16T11:34:30.012Z,2026-08-16T11:34:30.013242Z,2026-08-16T13:34:30.013242Z,7536.888811,7,0.007555,13.236267372600386,5.444887118193888,0.803,61.76470588235294,13.236267372600386,52.01292143076802,1,0,1,0,1.0,False
1000CHEEMS,2026-08-16T11:40:01.128Z,2026-08-16T11:40:01.128464Z,2026-08-16T13:40:01.128464Z,7205.773589,7,0.0004875,20.5128205128199,2.880658436213995,0.0,51.470588235294116,20.5128205128199,60.98401341461442,1,1,0,0,1.0,False
API3,2026-08-16T11:40:13.141Z,2026-08-16T11:40:13.141466Z,2026-08-16T13:40:13.141466Z,7792.743435,7,0.18955,36.92957003429207,4.708994708994719,-3.027,47.794117647058826,36.92957003429207,45.0514054400563,0,0,0,0,,False
BIO,2026-08-16T11:40:31.305Z,2026-08-16T11:40:31.306020Z,2026-08-16T13:40:31.306020Z,7774.578881,7,0.02471,8.093889113718813,4.929292929292939,0.04,49.63235294117647,8.093889113718813,67.21036892141673,0,0,0,0,,False
CFX,2026-08-16T11:40:42.792Z,2026-08-16T11:40:42.792353Z,2026-08-16T13:40:42.792353Z,7763.092548,7,0.041925000000000004,2.3852116875379994,1.9482062247564607,-1.636,42.64705882352941,2.3852116875379994,62.65114393255568,1,0,1,0,0.0,False
FIL,2026-08-16T11:41:15.456Z,2026-08-16T11:41:15.456350Z,2026-08-16T13:41:15.456350Z,7730.428551,7,0.6798500000000001,10.29638890931873,3.372928581903508,-1.331,48.529411764705884,10.29638890931873,67.04495258767508,3,1,1,1,-0.3333,False
GPS,2026-08-16T11:41:21.311Z,2026-08-16T11:41:21.312098Z,2026-08-16T13:41:21.312098Z,7724.572803,7,0.010005,29.985007496250656,9.62230215827338,7.336,44.11764705882353,29.985007496250656,61.46848455129376,0,0,0,0,,False
HOLO,2026-08-16T11:41:26.731Z,2026-08-16T11:41:26.732013Z,2026-08-16T13:41:26.732013Z,7719.152888,7,0.0566,35.335689045936185,14.539007092198592,-9.76,49.26470588235294,35.335689045936185,56.946990285937645,3,0,2,1,0.3333,False
LDO,2026-08-16T11:41:37.744Z,2026-08-16T11:41:37.744927Z,2026-08-16T13:41:37.744927Z,7708.139974,7,0.3024,6.613756613755885,2.46288798920377,-1.724,53.30882352941177,6.613756613755885,65.56246102462094,0,0,0,0,,False
MMT,2026-08-16T11:41:55.156Z,2026-08-16T11:41:55.156590Z,2026-08-16T13:41:55.156590Z,7690.728311,7,0.18330000000000002,21.82214948172306,4.886174347584676,-0.387,52.5735294117647,21.82214948172306,71.60051682397082,2,2,0,0,1.0,False
NOT,2026-08-16T11:42:18.814Z,2026-08-16T11:42:18.814389Z,2026-08-16T13:42:18.814389Z,7667.070512,7,0.0003885,25.740025740026365,9.97442455242966,2.895,52.94117647058823,25.740025740026365,48.916962153130264,0,0,0,0,,False
ONT,2026-08-16T11:42:25.517Z,2026-08-16T11:42:25.518035Z,2026-08-16T13:42:25.518035Z,7660.366866,7,0.03864,20.703933747411163,5.940594059405952,4.921,54.779411764705884,20.703933747411163,70.89277354879268,3,3,0,0,1.0,False
ORCA,2026-08-16T11:42:32.749Z,2026-08-16T11:42:32.749841Z,2026-08-16T13:42:32.749841Z,7653.13506,7,1.0375,9.638554216868549,2.61121856866539,-1.242,41.911764705882355,9.638554216868549,57.11902961028556,0,0,0,0,,False
PEOPLE,2026-08-16T11:42:41.642Z,2026-08-16T11:42:41.642434Z,2026-08-16T13:42:41.642434Z,7644.242467,7,0.007415,13.486176668914982,6.586021505376344,0.541,44.85294117647059,13.486176668914982,60.775464382918,0,0,0,0,,False
ROSE,2026-08-16T11:42:53.361Z,2026-08-16T11:42:53.361219Z,2026-08-16T13:42:53.361219Z,7632.523682,7,0.005385,18.57010213556099,4.283054003724382,0.187,51.10294117647059,18.57010213556099,49.06854229318668,26,4,21,1,1.0,False
SKY,2026-08-16T11:43:11.865Z,2026-08-16T11:43:11.866225Z,2026-08-16T13:43:11.866225Z,7614.018676,7,0.052074999999999996,5.7609217474786965,2.9882398303450985,0.64,44.48529411764706,5.7609217474786965,56.58362037713077,1,0,1,0,1.0,False
TWT,2026-08-16T11:43:35.411Z,2026-08-16T11:43:35.411974Z,2026-08-16T13:43:35.411974Z,7590.472927,7,0.3959,25.258903763576683,3.166160081053701,-0.177,50.73529411764706,25.258903763576683,54.464759422372396,3,2,1,0,1.0,False
WIF,2026-08-16T11:43:45.681Z,2026-08-16T11:43:45.681446Z,2026-08-16T13:43:45.681446Z,7580.203455,7,0.13724999999999998,7.285974499090474,1.973684210526301,-1.013,54.411764705882355,7.285974499090474,69.89582740499596,6,5,1,0,1.0,False
ACH,2026-08-16T11:49:18.694Z,2026-08-16T11:49:18.694764Z,2026-08-16T13:49:18.694764Z,7247.190137,7,0.004235,23.612750885477194,4.0189125295508275,1.439,35.294117647058826,23.612750885477194,65.9289037239225,0,0,0,0,,False
C,2026-08-16T11:49:38.743Z,2026-08-16T11:49:38.744014Z,2026-08-16T13:49:38.744014Z,7227.140887,7,0.06825,14.65201465201507,5.294117647058831,2.102,31.985294117647058,14.65201465201507,43.069785202220494,0,0,0,0,,False
CGPT,2026-08-16T11:49:51.066Z,2026-08-16T11:49:51.066837Z,2026-08-16T13:49:51.066837Z,7214.818064,7,0.02035,9.828009828009426,7.114818449460255,-2.113,40.44117647058823,9.828009828009426,45.77717468779135,1,0,0,1,-1.0,False
EUL,2026-08-16T11:49:56.726Z,2026-08-16T11:49:56.727219Z,2026-08-16T13:49:56.727219Z,7209.157682,7,1.1295,8.85347498893218,6.755555555555542,-5.383,33.088235294117645,8.85347498893218,53.601787308429074,3,1,2,0,1.0,False
FORM,2026-08-16T11:50:11.497Z,2026-08-16T11:50:11.497808Z,2026-08-16T13:50:11.497808Z,7794.253507,7,0.2129,18.788163457022616,7.537205952952468,1.412,27.941176470588236,18.788163457022616,70.19390514927358,0,0,0,0,,False
GMT,2026-08-16T11:50:19.157Z,2026-08-16T11:50:19.157411Z,2026-08-16T13:50:19.157411Z,7786.593904,7,0.006225,16.06425702811319,7.729468599033809,-1.429,33.8235294117647,16.06425702811319,61.872282929293156,1,1,0,0,1.0,False
HAEDAL,2026-08-16T11:50:29.801Z,2026-08-16T11:50:29.801961Z,2026-08-16T13:50:29.801961Z,7775.949354,7,0.0171,23.39181286549612,4.658018867924523,1.74,33.455882352941174,23.39181286549612,64.216618868765,0,0,0,0,,False
IMX,2026-08-16T11:50:43.121Z,2026-08-16T11:50:43.121818Z,2026-08-16T13:50:43.121818Z,7762.629497,7,0.10830000000000001,18.467220683286413,2.220166512488436,-1.188,29.044117647058822,18.467220683286413,48.080540771643534,5,3,2,0,0.2,False
IO,2026-08-16T11:50:49.093Z,2026-08-16T11:50:49.093566Z,2026-08-16T13:50:49.093566Z,7756.657749,7,0.1125,17.777777777778287,3.7567084078711948,-2.358,31.25,17.777777777778287,57.685670097703195,0,0,0,0,,False
LISTA,2026-08-16T11:51:01.136Z,2026-08-16T11:51:01.136705Z,2026-08-16T13:51:01.136705Z,7744.61461,7,0.05795,17.256255392580304,10.369068541300532,-0.871,40.0735294117647,17.256255392580304,62.48402693421094,0,0,0,0,,False
MINA,2026-08-16T11:51:20.015Z,2026-08-16T11:51:20.015764Z,2026-08-16T13:51:20.015764Z,7725.735551,7,0.039400000000000004,50.76142131979664,1.5228426395938994,-0.505,32.720588235294116,50.76142131979664,40.76932035792454,0,0,0,0,,False
PARTI,2026-08-16T11:51:32.491Z,2026-08-16T11:51:32.491540Z,2026-08-16T13:51:32.491540Z,7713.259775,7,0.02355,42.46284501061545,5.194805194805194,4.054,28.308823529411764,42.46284501061545,66.38942177724877,0,0,0,0,,False
PROVE,2026-08-16T11:51:46.005Z,2026-08-16T11:51:46.005445Z,2026-08-16T13:51:46.005445Z,7699.74587,7,0.1514,26.420079260238534,7.133421400264203,2.505,28.676470588235293,26.420079260238534,51.1009203454207,0,0,0,0,,False
SNX,2026-08-16T11:52:15.258Z,2026-08-16T11:52:15.258733Z,2026-08-16T13:52:15.258733Z,7670.492582,7,0.1985,50.37783375314866,1.5151515151515165,-0.503,27.205882352941178,50.37783375314866,57.53400098053703,1,1,0,0,1.0,False
TREE,2026-08-16T11:52:55.404Z,2026-08-16T11:52:55.405343Z,2026-08-16T13:52:55.405343Z,7630.345972,7,0.03415,29.282576866765112,4.373177842565601,1.479,37.86764705882353,29.282576866765112,66.28837001193835,0,0,0,0,,False
YB,2026-08-16T11:53:04.676Z,2026-08-16T11:53:04.677091Z,2026-08-16T13:53:04.677091Z,7621.074224,7,0.0814,24.57002457002527,11.9106699751861,0.75,30.88235294117647,24.57002457002527,59.00721833741614,0,0,0,0,,False
1000SATS,2026-08-16T11:58:56.092Z,2026-08-16T11:58:56.093001Z,2026-08-16T13:58:56.093001Z,7269.658314,7,1.041e-05,38.42459173871241,5.550239234449756,0.966,12.5,38.42459173871241,61.28212728618181,14,3,8,3,0.7143,False
AIXBT,2026-08-16T11:59:15.895Z,2026-08-16T11:59:15.895241Z,2026-08-16T13:59:15.895241Z,7249.856074,7,0.017825,28.050490883591266,3.6036036036036125,0.339,12.867647058823529,28.050490883591266,42.66587503175103,0,0,0,0,,False
ALT,2026-08-16T11:59:22.921Z,2026-08-16T11:59:22.922095Z,2026-08-16T13:59:22.922095Z,7242.82922,7,0.006025,16.597510373443306,2.6533996683250343,0.166,15.441176470588236,16.597510373443306,63.7754723347488,0,0,0,0,,False
ARKM,2026-08-16T11:59:30.720Z,2026-08-16T11:59:30.720536Z,2026-08-16T13:59:30.720536Z,7235.030779,7,0.09075,11.01928374655679,3.7652270210409746,-2.378,19.485294117647058,11.01928374655679,59.20672055101141,2,2,0,0,0.0,False
AT,2026-08-16T11:59:36.556Z,2026-08-16T11:59:36.557414Z,2026-08-16T13:59:36.557414Z,7229.193901,7,0.15710000000000002,25.461489497134544,7.9950031230480985,3.157,21.691176470588236,25.461489497134544,66.63555499896722,3,3,0,0,1.0,False
BEAMX,2026-08-16T11:59:43.751Z,2026-08-16T11:59:43.751214Z,2026-08-16T13:59:43.751214Z,7222.000101,7,0.001337,14.958863126402756,3.2330827067669223,-1.917,13.602941176470589,14.958863126402756,43.08663608863304,0,0,0,0,,False
BROCCOLI714,2026-08-16T11:59:51.759Z,2026-08-16T11:59:51.759517Z,2026-08-16T13:59:51.759517Z,7213.991798,7,0.015870000000000002,37.80718336483996,6.127770534550195,-1.54,23.16176470588235,37.80718336483996,55.70823621922435,0,0,0,0,,
CATI,2026-08-16T11:59:57.556Z,2026-08-16T11:59:57.556674Z,2026-08-16T13:59:57.556674Z,7208.194641,7,0.04757,12.612991381123502,5.3902185223725185,-2.278,26.470588235294116,12.612991381123502,55.92481401563878,0,0,0,0,,False
DYM,2026-08-16T12:00:13.143Z,2026-08-16T12:00:13.143311Z,2026-08-16T14:00:13.143311Z,7793.458451,7,0.01497,53.44021376085518,3.607214428857707,1.012,22.058823529411764,53.44021376085518,66.21694985013727,0,0,0,0,,False
EIGEN,2026-08-16T12:00:20.678Z,2026-08-16T12:00:20.678653Z,2026-08-16T14:00:20.678653Z,7785.923109,7,0.1709,11.702750146284712,2.132701421800943,-0.939,19.11764705882353,11.702750146284712,68.68895083997991,0,0,0,0,,False
EURI,2026-08-16T12:00:29.886Z,2026-08-16T12:00:29.886992Z,2026-08-16T14:00:29.886992Z,7776.71477,7,1.155,10.389610389609246,0.30279435937363414,0.078,21.323529411764707,10.389610389609246,62.89011547384331,0,0,0,0,,False
F,2026-08-16T12:00:37.224Z,2026-08-16T12:00:37.224626Z,2026-08-16T14:00:37.224626Z,7769.377136,7,0.0028250000000000003,35.398230088495666,6.498194945848377,-1.773,20.955882352941178,35.398230088495666,47.124910690065626,0,0,0,0,,False
FF,2026-08-16T12:00:43.144Z,2026-08-16T12:00:43.144732Z,2026-08-16T14:00:43.144732Z,7763.45703,7,0.06601,6.0596879260736625,1.3899495952344707,-0.758,15.808823529411764,6.0596879260736625,59.17096501162874,0,0,0,0,,False
LAYER,2026-08-16T12:01:18.001Z,2026-08-16T12:01:18.002142Z,2026-08-16T14:01:18.002142Z,7728.59962,7,0.06085,16.433853738702194,2.6143790849673274,-0.326,14.338235294117647,16.433853738702194,67.0875368555012,0,0,0,0,,False
MANTRA,2026-08-16T12:01:32.635Z,2026-08-16T12:01:32.636164Z,2026-08-16T14:01:32.636164Z,7713.965598,7,0.004935,20.26342451874284,3.252032520325194,-1.403,14.705882352941176,20.26342451874284,59.487791210392196,1,0,0,1,-1.0,False
MET,2026-08-16T12:01:46.731Z,2026-08-16T12:01:46.731704Z,2026-08-16T14:01:46.731704Z,7699.870058,7,0.16265000000000002,18.44451275745433,2.5798525798525858,-0.671,16.176470588235293,18.44451275745433,47.38169135610873,0,0,0,0,,False
MITO,2026-08-16T12:01:55.809Z,2026-08-16T12:01:55.810013Z,2026-08-16T14:01:55.810013Z,7690.791749,7,0.02529,23.724792408065465,4.679512386944554,1.194,22.794117647058822,23.724792408065465,52.79492367970099,0,0,0,0,,False
QNT,2026-08-16T12:02:22.314Z,2026-08-16T12:02:22.314346Z,2026-08-16T14:02:22.314346Z,7664.287416,7,57.39,10.454783063251835,2.7714833536691708,-1.511,18.75,10.454783063251835,45.43254951238623,4,4,0,0,1.0,False
SSV,2026-08-16T12:02:36.537Z,2026-08-16T12:02:36.537890Z,2026-08-16T14:02:36.537890Z,7650.063872,7,2.143,37.33084461035934,4.394576905095833,0.849,12.132352941176471,37.33084461035934,61.77068496889052,0,0,0,0,,False
1INCH,2026-08-16T12:08:40.164Z,2026-08-16T12:08:40.164282Z,2026-08-16T14:08:40.164282Z,7286.43748,7,0.0823,24.301336573512238,0.7263922518159845,-0.242,0.7352941176470589,24.301336573512238,62.09733951933428,0,0,0,0,,
ANIME,2026-08-16T12:08:47.380Z,2026-08-16T12:08:47.381151Z,2026-08-16T14:08:47.381151Z,7279.220611,7,0.002445,40.8997955010226,4.918032786885259,0.412,6.25,40.8997955010226,44.87304871181574,0,0,0,0,,False
BARD,2026-08-16T12:09:02.904Z,2026-08-16T12:09:02.904981Z,2026-08-16T14:09:02.904981Z,7263.696781,7,0.10364999999999999,28.94356005788795,4.633204633204632,-0.289,9.191176470588236,28.94356005788795,46.87192994482532,0,0,0,0,,False
CKB,2026-08-16T12:09:36.317Z,2026-08-16T12:09:36.317332Z,2026-08-16T14:09:36.317332Z,7230.28443,7,0.000833,24.0096038415372,2.8880866425992697,0.12,8.088235294117647,24.0096038415372,56.280676314989535,0,0,0,0,,False
DOGS,2026-08-16T12:09:48.154Z,2026-08-16T12:09:48.155158Z,2026-08-16T14:09:48.155158Z,7218.446604,7,3.452e-05,11.587485515642994,3.288707799767164,-0.232,7.720588235294118,11.587485515642994,42.123439819679206,0,0,0,0,,False
ENS,2026-08-16T12:09:55.907Z,2026-08-16T12:09:55.907736Z,2026-08-16T14:09:55.907736Z,7210.694026,7,4.025,24.844720496896084,1.9900497512437831,-1.471,11.397058823529411,24.844720496896084,54.318859728623124,0,0,0,0,,False
ETC,2026-08-16T12:10:03.196Z,2026-08-16T12:10:03.196957Z,2026-08-16T14:10:03.196957Z,7203.404805,7,6.1850000000000005,16.16814874696956,1.94489465153971,-1.752,7.352941176470588,16.16814874696956,44.16630392083158,0,0,0,0,,False
ETH,2026-08-16T12:10:10.136Z,2026-08-16T12:10:10.136714Z,2026-08-16T14:10:10.136714Z,7796.471373,7,1881.4850000000001,0.053149506905401336,0.5114395346485596,0.031,99.63235294117646,0.053149506905401336,60.4520401981587,44,22,14,8,0.4091,False
FLUX,2026-08-16T12:10:17.375Z,2026-08-16T12:10:17.375745Z,2026-08-16T14:10:17.375745Z,7789.232342,7,0.04035,24.78314745972638,2.6894865525672462,1.995,10.294117647058824,24.78314745972638,56.03368101529032,0,0,0,0,,False
HYPER,2026-08-16T12:10:30.927Z,2026-08-16T12:10:30.927412Z,2026-08-16T14:10:30.927412Z,7775.680675,7,0.06295,15.885623510723251,2.861685214626385,-2.329,6.617647058823529,15.885623510723251,40.324767135184686,0,0,0,0,,False
TNSR,2026-08-16T12:11:42.354Z,2026-08-16T12:11:42.355099Z,2026-08-16T14:11:42.355099Z,7704.252988,7,0.032549999999999996,30.721966205835926,3.115264797507791,-0.926,11.764705882352942,30.721966205835926,41.92003945122824,0,0,0,0,,False
XRP,2026-08-16T12:12:38.929Z,2026-08-16T12:12:38.929629Z,2026-08-16T14:12:38.929629Z,7647.678458,7,0.99975,1.0002500625155186,0.9511413696435788,-0.27,97.42647058823529,1.0002500625155186,51.543216252611536,42,22,13,7,0.7143,False
2Z,2026-08-16T12:18:28.048Z,2026-08-16T12:18:28.048427Z,2026-08-16T14:18:28.048427Z,7298.55966,7,0.04857,8.235536339303762,10.644490644490643,-1.917,86.3970588235294,8.235536339303762,48.36291839692852,0,0,0,0,,True
ADA,2026-08-16T12:18:33.706Z,2026-08-16T12:18:33.706860Z,2026-08-16T14:18:33.706860Z,7292.901227,7,0.17604999999999998,5.680204487362497,2.0466173962478793,-1.622,93.38235294117646,5.680204487362497,61.496311794876966,23,9,10,4,0.3913,False
APT,2026-08-16T12:18:42.068Z,2026-08-16T12:18:42.068368Z,2026-08-16T14:18:42.068368Z,7284.539719,7,0.5325,18.77934272300471,3.9548022598870087,-1.848,91.17647058823529,18.77934272300471,66.08488531703499,2,1,1,0,1.0,False
BCH,2026-08-16T12:18:55.866Z,2026-08-16T12:18:55.866620Z,2026-08-16T14:18:55.866620Z,7270.741467,7,204.35000000000002,4.893564962074593,2.0638820638820725,-0.635,94.11764705882354,4.893564962074593,64.02701602236938,7,1,2,4,-0.4286,False
COW,2026-08-16T12:19:06.630Z,2026-08-16T12:19:06.630391Z,2026-08-16T14:19:06.630391Z,7259.977696,7,0.1228,81.4332247557004,58.5483870967742,-20.0,95.58823529411765,81.4332247557004,44.05565576808909,7,4,1,2,0.1429,False
ENSO,2026-08-16T12:19:16.546Z,2026-08-16T12:19:16.546308Z,2026-08-16T14:19:16.546308Z,7250.061779,7,0.81,24.69135802469138,17.70451770451771,6.919,87.5,24.69135802469138,73.52799246373311,0,0,0,0,,False
PEPE,2026-08-16T12:19:50.009Z,2026-08-16T12:19:50.010371Z,2026-08-16T14:19:50.010371Z,7216.597716,7,2.615e-06,38.2409177820264,3.0769230769230798,-1.515,90.44117647058823,38.2409177820264,60.270126389629496,52,48,3,1,0.8269,False
RARE,2026-08-16T12:20:08.731Z,2026-08-16T12:20:08.731605Z,2026-08-16T14:20:08.731605Z,7796.854898,7,0.011735,8.521516829995392,18.602620087336245,-1.463,90.07352941176471,8.521516829995392,54.99356705775052,0,0,0,0,,False
WAL,2026-08-16T12:20:49.397Z,2026-08-16T12:20:49.397407Z,2026-08-16T14:20:49.397407Z,7756.189096,7,0.022449999999999998,44.54342984409773,31.41592920353982,-15.672,94.8529411764706,44.54342984409773,50.034365707700815,2,2,0,0,1.0,False
WLD,2026-08-16T12:20:55.449Z,2026-08-16T12:20:55.449926Z,2026-08-16T14:20:55.449926Z,7750.136577,7,0.34665,2.8847540747148126,4.023154848046317,0.729,92.6470588235294,2.8847540747148126,61.320524371425556,0,0,0,0,,False
XLM,2026-08-16T12:21:00.989Z,2026-08-16T12:21:00.990103Z,2026-08-16T14:21:00.990103Z,7744.5964,7,0.15705,6.3673989175414825,1.9783024888321579,-0.886,88.97058823529412,6.3673989175414825,32.440134619167715,18,7,8,3,0.7778,False
ALLO,2026-08-16T12:27:01.604Z,2026-08-16T12:27:01.604531Z,2026-08-16T14:27:01.604531Z,7383.981972,7,0.26890000000000003,7.437709185572088,5.174353205849282,1.484,81.98529411764706,7.437709185572088,63.518171358110614,0,0,0,0,,False
ARB,2026-08-16T12:27:09.608Z,2026-08-16T12:27:09.608320Z,2026-08-16T14:27:09.608320Z,7375.978183,7,0.07394999999999999,13.52265043948653,3.1292517006802676,-1.21,81.25,13.52265043948653,69.84517451102306,5,2,1,2,0.6,False
ATOM,2026-08-16T12:27:16.256Z,2026-08-16T12:27:16.256456Z,2026-08-16T14:27:16.256456Z,7369.330047,7,1.4755,6.777363605556691,2.7424749163879545,0.741,84.55882352941177,6.777363605556691,57.10882504910923,17,2,14,1,0.8824,False
BANK,2026-08-16T12:27:21.630Z,2026-08-16T12:27:21.630534Z,2026-08-16T14:27:21.630534Z,7363.955969,7,0.037000000000000005,54.05405405405372,7.258064516129036,1.087,70.95588235294117,54.05405405405372,67.44406475334179,3,0,2,1,0.3333,False
BMT,2026-08-16T12:27:27.862Z,2026-08-16T12:27:27.862740Z,2026-08-16T14:27:27.862740Z,7357.723763,7,0.01559,12.828736369467084,32.89212442091329,-21.138,76.1029411764706,12.828736369467084,47.08083762663586,0,0,0,0,,False
BOME,2026-08-16T12:27:33.534Z,2026-08-16T12:27:33.535112Z,2026-08-16T14:27:33.535112Z,7352.051391,7,0.00084045,13.088226545302785,19.223300970873787,10.851,77.94117647058823,13.088226545302785,70.40193716792707,1,0,1,0,1.0,False
COTI,2026-08-16T12:27:41.113Z,2026-08-16T12:27:41.113347Z,2026-08-16T14:27:41.113347Z,7344.473156,7,0.010690000000000002,37.41814780168391,24.465116279069758,1.703,71.69117647058823,37.41814780168391,73.37720084230602,2,1,1,0,1.0,False
CRV,2026-08-16T12:27:47.326Z,2026-08-16T12:27:47.327008Z,2026-08-16T14:27:47.327008Z,7338.259495,7,0.24655,4.055972419388228,4.262163248894249,2.811,83.82352941176471,4.055972419388228,73.15890265220311,3,2,0,1,1.0,False
DOT,2026-08-16T12:28:01.392Z,2026-08-16T12:28:01.393073Z,2026-08-16T14:28:01.393073Z,7324.19343,7,0.7625,13.114754098360669,3.6890645586297794,-2.567,80.51470588235294,13.114754098360669,62.125315389939146,5,2,2,1,1.0,False
FDUSD,2026-08-16T12:28:21.343Z,2026-08-16T12:28:21.343681Z,2026-08-16T14:28:21.343681Z,7304.242822,7,0.99695,1.0030593309593157,0.020060180541622664,0.01,78.30882352941177,1.0030593309593157,73.18777358839365,0,0,0,0,,
GRAM,2026-08-16T12:28:28.040Z,2026-08-16T12:28:28.041071Z,2026-08-16T14:28:28.041071Z,7297.545432,7,1.3485,7.41564701520126,2.2404779686333103,0.375,80.88235294117646,7.41564701520126,67.78000690331493,3,1,2,0,1.0,False
HBAR,2026-08-16T12:28:35.474Z,2026-08-16T12:28:35.474622Z,2026-08-16T14:28:35.474622Z,7290.111881,7,0.065075,1.5366884364189204,1.5997538840178422,-0.945,77.20588235294117,1.5366884364189204,48.51888790307506,4,1,3,0,0.5,False
HUMA,2026-08-16T12:28:43.152Z,2026-08-16T12:28:43.153027Z,2026-08-16T14:28:43.153027Z,7282.433476,7,0.020444999999999998,24.45585717779309,9.235209235209243,3.587,73.8970588235294,24.45585717779309,66.7526592931942,0,0,0,0,,False
INJ,2026-08-16T12:28:49.561Z,2026-08-16T12:28:49.562220Z,2026-08-16T14:28:49.562220Z,7276.024283,7,4.111000000000001,4.864996351252199,4.4783464566929005,-3.33,79.04411764705883,4.864996351252199,60.48934666783424,6,1,5,0,0.6667,False
NIL,2026-08-16T12:29:06.366Z,2026-08-16T12:29:06.367059Z,2026-08-16T14:29:06.367059Z,7259.219444,7,0.047880000000000006,25.062656641604434,17.597879282218596,-1.368,81.61764705882354,25.062656641604434,70.7745587125058,1,1,0,0,1.0,False
ONDO,2026-08-16T12:29:19.798Z,2026-08-16T12:29:19.799151Z,2026-08-16T14:29:19.799151Z,7245.787352,7,0.3282,6.093845216330834,2.334869431643624,-0.276,75.73529411764706,6.093845216330834,46.758056320840765,7,5,1,1,1.0,False
OP,2026-08-16T12:29:27.002Z,2026-08-16T12:29:27.002454Z,2026-08-16T14:29:27.002454Z,7238.584049,7,0.08515,11.7439812096304,2.3612750885478015,-1.626,73.16176470588235,11.7439812096304,58.659661121210256,1,1,0,0,1.0,False
PENGU,2026-08-16T12:29:38.177Z,2026-08-16T12:29:38.177618Z,2026-08-16T14:29:38.177618Z,7227.408885,7,0.006030499999999999,1.658237293756957,1.671122994652411,-0.697,83.08823529411765,1.658237293756957,61.1718773885732,3,2,1,0,0.6667,False
RED,2026-08-16T12:29:53.808Z,2026-08-16T12:29:53.808791Z,2026-08-16T14:29:53.808791Z,7211.777712,7,0.08735000000000001,11.44819690898716,35.62428407789233,0.576,79.41176470588235,11.44819690898716,68.85727682993968,0,0,0,0,,False
RENDER,2026-08-16T12:30:00.829Z,2026-08-16T12:30:00.830102Z,2026-08-16T14:30:00.830102Z,7204.756401,7,1.2625,7.9207920792070485,1.6666666666666594,-0.395,71.32352941176471,7.9207920792070485,53.37944705523461,0,0,0,0,,False
RUNE,2026-08-16T12:30:08.915Z,2026-08-16T12:30:08.915464Z,2026-08-16T14:30:08.915464Z,7796.898791,7,0.4195,23.837902264600736,2.173913043478263,-1.193,75.0,23.837902264600736,61.470709829771195,1,0,1,0,1.0,False
SHIB,2026-08-16T12:30:15.814Z,2026-08-16T12:30:15.814717Z,2026-08-16T14:30:15.814717Z,7789.999538,7,4.475e-06,22.346368715083585,3.1390134529148064,-2.407,75.36764705882354,22.346368715083585,61.53781930681431,13,3,9,1,0.5385,False
TRUMP,2026-08-16T12:30:21.107Z,2026-08-16T12:30:21.107941Z,2026-08-16T14:30:21.107941Z,7784.706314,7,1.4295,6.995452955578103,2.3672883787661347,-0.783,76.47058823529412,6.995452955578103,65.96062747089226,24,23,1,0,0.9167,False
ZRO,2026-08-16T12:30:35.363Z,2026-08-16T12:30:35.364209Z,2026-08-16T14:30:35.364209Z,7770.450046,7,0.7675000000000001,13.029315960912063,3.641092327698313,-2.287,79.77941176470588,13.029315960912063,45.295569768123535,0,0,0,0,,False
BERA,2026-08-16T12:36:55.709Z,2026-08-16T12:36:55.710016Z,2026-08-16T14:36:55.710016Z,7390.104239,7,0.14700000000000002,13.605442176871135,6.194081211286997,-1.625,56.61764705882353,13.605442176871135,63.52925649603173,1,0,1,0,1.0,False
BONK,2026-08-16T12:37:03.059Z,2026-08-16T12:37:03.059748Z,2026-08-16T14:37:03.059748Z,7382.754507,7,2.355e-06,42.462845010615304,2.553191489361714,0.0,62.86764705882353,42.462845010615304,65.41224660868852,7,2,4,1,0.4286,False
DYDX,2026-08-16T12:37:13.935Z,2026-08-16T12:37:13.935693Z,2026-08-16T14:37:13.935693Z,7371.878562,7,0.107535,2.7897893709027053,4.684146682840344,-3.485,70.58823529411765,2.7897893709027053,49.527212070289394,2,2,0,0,0.0,False
FLOKI,2026-08-16T12:37:36.192Z,2026-08-16T12:37:36.192634Z,2026-08-16T14:37:36.192634Z,7349.621621,7,2.0274999999999998e-05,4.932182490751275,3.1034482758620645,-0.098,57.720588235294116,4.932182490751275,62.453023649163654,1,0,1,0,1.0,False
GIGGLE,2026-08-16T12:37:55.803Z,2026-08-16T12:37:55.804039Z,2026-08-16T14:37:55.804039Z,7330.010216,7,33.28,12.019230769230512,4.391672088484064,0.13,58.088235294117645,12.019230769230512,48.60479951684871,1,1,0,0,1.0,False
HEI,2026-08-16T12:38:01.589Z,2026-08-16T12:38:01.589328Z,2026-08-16T14:38:01.589328Z,7324.224927,7,0.1338,14.94768310911644,10.45321637426901,1.937,58.8235294117647,14.94768310911644,56.52424736400847,2,1,0,1,1.0,False
JTO,2026-08-16T12:38:08.080Z,2026-08-16T12:38:08.081121Z,2026-08-16T14:38:08.081121Z,7317.733134,7,0.5912999999999999,6.764755623204246,3.43070652173913,0.017,66.54411764705883,6.764755623204246,67.01636031843925,3,2,1,0,1.0,False
JUP,2026-08-16T12:38:15.433Z,2026-08-16T12:38:15.433305Z,2026-08-16T14:38:15.433305Z,7310.38095,7,0.16815,5.9470710674986025,2.921884317233164,-1.353,66.17647058823529,5.9470710674986025,65.71467169657586,6,3,2,1,1.0,False
KITE,2026-08-16T12:38:22.452Z,2026-08-16T12:38:22.453168Z,2026-08-16T14:38:22.453168Z,7303.361087,7,0.09395,10.643959552954003,4.559915164369048,-1.975,61.029411764705884,10.643959552954003,64.4719561919956,0,0,0,0,,False
PAXG,2026-08-16T12:38:51.247Z,2026-08-16T12:38:51.248662Z,2026-08-16T14:38:51.248662Z,7274.565593,7,4371.985,0.022872905557128582,0.17927170868347672,-0.035,68.38235294117646,0.022872905557128582,66.92996873315894,0,0,0,0,,False
POL,2026-08-16T12:39:03.891Z,2026-08-16T12:39:03.891535Z,2026-08-16T14:39:03.891535Z,7261.92272,7,0.075345,1.3272280841457462,1.7690875232774645,-0.529,69.11764705882354,1.3272280841457462,54.11092738290392,8,6,1,1,0.5,False
SAPIEN,2026-08-16T12:39:19.632Z,2026-08-16T12:39:19.633171Z,2026-08-16T14:39:19.633171Z,7246.181084,7,0.07780000000000001,25.706940874034938,3.072983354673495,0.904,65.80882352941177,25.706940874034938,67.7832798163554,0,0,0,0,,False
SEI,2026-08-16T12:39:25.741Z,2026-08-16T12:39:25.741833Z,2026-08-16T14:39:25.741833Z,7240.072422,7,0.039900000000000005,5.0125313283205974,2.1346057257659554,-0.772,65.44117647058823,5.0125313283205974,66.62910495834917,1,0,0,1,1.0,False
THE,2026-08-16T12:39:43.110Z,2026-08-16T12:39:43.110272Z,2026-08-16T14:39:43.110272Z,7222.703983,7,0.06225,16.06425702811291,8.090614886731387,1.311,68.75,16.06425702811291,68.25651909861415,9,6,1,2,0.5556,False
TST,2026-08-16T12:39:51.139Z,2026-08-16T12:39:51.139499Z,2026-08-16T14:39:51.139499Z,7214.674756,7,0.014544999999999999,20.625644551392586,8.877840909090905,-2.358,57.35294117647059,20.625644551392586,47.49501094122398,0,0,0,0,,False
XTZ,2026-08-16T12:40:15.549Z,2026-08-16T12:40:15.550113Z,2026-08-16T14:40:15.550113Z,7790.215689,7,0.19724999999999998,15.209125475284905,3.395843892549409,-0.454,64.70588235294117,15.209125475284905,62.40416363485099,2,2,0,0,0.0,False
ZBT,2026-08-16T12:40:22.491Z,2026-08-16T12:40:22.491444Z,2026-08-16T14:40:22.491444Z,7783.274358,7,0.08535000000000001,11.716461628588501,5.931198102016596,-2.431,63.60294117647059,11.716461628588501,65.62492257819665,0,0,0,0,,False
ZEN,2026-08-16T12:40:29.812Z,2026-08-16T12:40:29.812579Z,2026-08-16T14:40:29.812579Z,7775.953223,7,4.0120000000000005,4.985044865403238,1.3329979879275637,-0.922,65.07352941176471,4.985044865403238,63.44469576740359,1,0,0,1,1.0,False
CETUS,2026-08-16T12:45:53.551Z,2026-08-16T12:45:53.552183Z,2026-08-16T14:45:53.552183Z,7452.213619,7,0.022115,31.65272439520715,7.645687645687657,2.779,56.98529411764706,31.65272439520715,66.31256635251556,1,0,1,0,1.0,False
BANANAS31,2026-08-16T12:46:30.037Z,2026-08-16T12:46:30.038054Z,2026-08-16T14:46:30.038054Z,7415.727748,7,0.008727,4.5834765669766595,3.4051424600416857,0.232,51.470588235294116,4.5834765669766595,70.74530100968308,0,0,0,0,,True
BB,2026-08-16T12:46:35.714Z,2026-08-16T12:46:35.715173Z,2026-08-16T14:46:35.715173Z,7410.050629,7,0.01143,17.497812773404128,7.174103237095375,-4.111,48.161764705882355,17.497812773404128,41.11443566886949,2,1,0,1,0.0,False
CHZ,2026-08-16T12:46:59.510Z,2026-08-16T12:46:59.510837Z,2026-08-16T14:46:59.510837Z,7386.254965,7,0.012465,8.02246289610878,1.9261637239165237,-0.717,54.044117647058826,8.02246289610878,60.01947225326532,6,0,0,6,0.8333,False
COOKIE,2026-08-16T12:47:07.013Z,2026-08-16T12:47:07.013678Z,2026-08-16T14:47:07.013678Z,7378.752124,7,0.01155,86.58008658008606,6.837606837606841,4.464,50.73529411764706,86.58008658008606,49.65222936930141,1,0,0,1,-1.0,False
EGLD,2026-08-16T12:47:21.228Z,2026-08-16T12:47:21.228605Z,2026-08-16T14:47:21.228605Z,7364.537197,7,2.635,37.950664136623274,2.6819923371647447,-1.136,42.279411764705884,37.950664136623274,56.6161014332101,4,2,2,0,1.0,False
ERA,2026-08-16T12:47:28.799Z,2026-08-16T12:47:28.799771Z,2026-08-16T14:47:28.799771Z,7356.966031,7,0.05935,16.84919966301649,4.682274247491634,-0.664,52.205882352941174,16.84919966301649,62.231724999207856,0,0,0,0,,False
LINEA,2026-08-16T12:47:55.748Z,2026-08-16T12:47:55.748827Z,2026-08-16T14:47:55.748827Z,7330.016975,7,0.00216,9.259259259260489,5.441860465116275,0.42,46.3235294117647,9.259259259260489,62.911623243829396,1,1,0,0,1.0,False
MIRA,2026-08-16T12:48:15.941Z,2026-08-16T12:48:15.941424Z,2026-08-16T14:48:15.941424Z,7309.824378,7,0.03895,25.67394094993655,3.856041131105402,-1.018,43.38235294117647,25.67394094993655,43.60016749218291,0,0,0,0,,False
MORPHO,2026-08-16T12:48:21.405Z,2026-08-16T12:48:21.405582Z,2026-08-16T14:48:21.405582Z,7304.36022,7,1.9955,5.011275369581007,3.4119417962869965,2.626,55.14705882352941,5.011275369581007,76.90636251959066,0,0,0,0,,False
MUBARAK,2026-08-16T12:48:29.968Z,2026-08-16T12:48:29.968338Z,2026-08-16T14:48:29.968338Z,7295.797464,7,0.017095,17.548990933020637,11.715481171548118,3.399,44.11764705882353,17.548990933020637,55.13061476719184,0,0,0,0,,False
NEIRO,2026-08-16T12:48:35.593Z,2026-08-16T12:48:35.593789Z,2026-08-16T14:48:35.593789Z,7290.172013,7,6.5555e-05,16.779803218670924,6.347506882838777,2.092,49.63235294117647,16.779803218670924,51.85535026232844,29,25,2,2,0.7586,False
NEO,2026-08-16T12:48:42.849Z,2026-08-16T12:48:42.850126Z,2026-08-16T14:48:42.850126Z,7282.915676,7,1.6735,5.975500448161875,2.0298507462686586,-1.296,47.4264705882353,5.975500448161875,65.03993447093403,6,6,0,0,1.0,False
RESOLV,2026-08-16T12:49:01.153Z,2026-08-16T12:49:01.154211Z,2026-08-16T14:49:01.154211Z,7264.611591,7,0.017335000000000003,5.768676088837376,5.266138165345415,0.341,48.529411764705884,5.768676088837376,69.60891269138023,0,0,0,0,,False
SAGA,2026-08-16T12:49:09.543Z,2026-08-16T12:49:09.543403Z,2026-08-16T14:49:09.543403Z,7256.222399,7,0.013135,7.613247049867778,3.5823170731707314,1.235,49.26470588235294,7.613247049867778,67.8368012122482,0,0,0,0,,False
SAND,2026-08-16T12:49:17.076Z,2026-08-16T12:49:17.076833Z,2026-08-16T14:49:17.076833Z,7248.688969,7,0.03956,5.055611729019006,3.069507864028402,-0.98,47.05882352941177,5.055611729019006,64.33454107326624,7,3,3,1,0.4286,False
SOPH,2026-08-16T12:49:32.040Z,2026-08-16T12:49:32.040401Z,2026-08-16T14:49:32.040401Z,7233.725401,7,0.003685,27.13704206241527,6.57534246575343,2.528,51.10294117647059,27.13704206241527,52.169585328049486,0,0,0,0,,False
TIA,2026-08-16T12:49:39.655Z,2026-08-16T12:49:39.655765Z,2026-08-16T14:49:39.655765Z,7226.110037,7,0.30535,3.274930407728475,2.3447820343461014,-0.624,54.779411764705884,3.274930407728475,68.60305426188363,1,0,1,0,1.0,False
TRB,2026-08-16T12:49:49.465Z,2026-08-16T12:49:49.466212Z,2026-08-16T14:49:49.466212Z,7216.29959,7,13.105,7.630675314765194,1.981707317073183,-0.228,43.01470588235294,7.630675314765194,62.09837853472061,1,0,0,1,1.0,False
USDE,2026-08-16T12:49:59.312Z,2026-08-16T12:49:59.312897Z,2026-08-16T14:49:59.312897Z,7206.452905,7,0.99995,1.000050002500015,0.0100010001000089,-0.01,47.794117647058826,1.000050002500015,48.654379890151546,0,0,0,0,,False
ACT,2026-08-16T12:55:51.679Z,2026-08-16T12:55:51.679980Z,2026-08-16T14:55:51.679980Z,7454.985823,7,0.010215,29.368575624081032,7.71484374999999,4.703,27.941176470588236,29.368575624081032,68.06223568740661,0,0,0,0,,False
APE,2026-08-16T12:56:06.566Z,2026-08-16T12:56:06.566449Z,2026-08-16T14:56:06.566449Z,7440.099354,7,0.12329999999999999,16.22060016220534,1.6313213703099527,-1.209,34.55882352941177,16.22060016220534,59.02943403284822,1,1,0,0,1.0,False
AXS,2026-08-16T12:56:21.042Z,2026-08-16T12:56:21.042777Z,2026-08-16T14:56:21.042777Z,7425.623026,7,0.8825000000000001,11.331444759206809,2.508551881413913,0.114,30.514705882352942,11.331444759206809,72.7343664019006,0,0,0,0,,False
GUN,2026-08-16T12:57:08.381Z,2026-08-16T12:57:08.381970Z,2026-08-16T14:57:08.381970Z,7378.283833,7,0.003005,33.27787021630624,5.704697986577181,1.017,28.308823529411764,33.27787021630624,44.86841844105592,1,0,0,1,1.0,False
NOM,2026-08-16T12:57:46.150Z,2026-08-16T12:57:46.150508Z,2026-08-16T14:57:46.150508Z,7340.515295,7,0.001655,60.42296072507568,7.3170731707317,3.145,41.1764705882353,60.42296072507568,58.6368632173799,1,1,0,0,1.0,False
PNUT,2026-08-16T12:58:05.559Z,2026-08-16T12:58:05.559617Z,2026-08-16T14:58:05.559617Z,7321.106186,7,0.04105,24.360535931789506,6.097560975609744,1.737,38.970588235294116,24.360535931789506,61.49055937391587,9,1,8,0,0.7778,False
PYTH,2026-08-16T12:58:18.601Z,2026-08-16T12:58:18.601826Z,2026-08-16T14:58:18.601826Z,7308.063977,7,0.03937,10.160020320040225,3.0380393158029015,-2.562,27.573529411764707,10.160020320040225,36.377758193463336,2,1,1,0,1.0,False
RAY,2026-08-16T12:58:25.597Z,2026-08-16T12:58:25.597928Z,2026-08-16T14:58:25.597928Z,7301.067875,7,0.62175,4.825090470445789,1.2083131947800791,0.502,37.5,4.825090470445789,69.8293865895519,14,7,7,0,1.0,False
RSR,2026-08-16T12:58:38.062Z,2026-08-16T12:58:38.062411Z,2026-08-16T14:58:38.062411Z,7288.603392,7,0.0011495,8.69943453675438,0.6944444444444425,-0.173,40.44117647058823,8.69943453675438,64.74226082020527,1,0,1,0,1.0,False
SAHARA,2026-08-16T12:58:45.693Z,2026-08-16T12:58:45.693655Z,2026-08-16T14:58:45.693655Z,7280.972148,7,0.007685,13.012361743655942,2.8608582574772394,-2.535,32.720588235294116,13.012361743655942,54.09569596326375,0,0,0,0,,False
SOLV,2026-08-16T12:58:51.290Z,2026-08-16T12:58:51.290326Z,2026-08-16T14:58:51.290326Z,7275.375477,7,0.002295,43.57298474945544,3.9130434782608794,1.77,35.294117647058826,43.57298474945544,62.470459679221385,0,0,0,0,,False
STX,2026-08-16T12:58:58.851Z,2026-08-16T12:58:58.851512Z,2026-08-16T14:58:58.851512Z,7267.814291,7,0.12215000000000001,8.1866557511259,2.6938775510204174,-0.89,37.86764705882353,8.1866557511259,65.76235631846973,7,2,2,3,0.4286,False
THETA,2026-08-16T12:59:05.832Z,2026-08-16T12:59:05.833124Z,2026-08-16T14:59:05.833124Z,7260.832679,7,0.1387,14.41961067051231,2.5179856115107935,0.289,34.19117647058823,14.41961067051231,66.62542208966289,0,0,0,0,,False
TLM,2026-08-16T12:59:11.435Z,2026-08-16T12:59:11.435238Z,2026-08-16T14:59:11.435238Z,7255.230565,7,0.0015845,6.311139160619329,5.555555555555568,-0.814,40.0735294117647,6.311139160619329,62.35251299293313,2,1,1,0,1.0,False
WCT,2026-08-16T12:59:23.386Z,2026-08-16T12:59:23.386605Z,2026-08-16T14:59:23.386605Z,7243.279198,7,0.034390000000000004,11.631288165165836,10.09362200117028,0.559,36.76470588235294,11.631288165165836,59.00628662051446,0,0,0,0,,False
ZKC,2026-08-16T12:59:48.478Z,2026-08-16T12:59:48.478381Z,2026-08-16T14:59:48.478381Z,7218.187422,7,0.03775,26.490066225166323,2.1276595744680904,-0.792,30.88235294117647,26.490066225166323,58.22617189264164,1,1,0,0,1.0,False
1000CAT,2026-08-16T13:05:37.819Z,2026-08-16T13:05:37.819530Z,2026-08-16T15:05:37.819530Z,7469.827885,7,0.001705,58.65102639296203,4.046242774566472,2.976,23.16176470588235,58.65102639296203,67.15661804953005,3,1,2,0,1.0,False
1MBABYDOGE,2026-08-16T13:05:52.770Z,2026-08-16T13:05:52.770840Z,2026-08-16T15:05:52.770840Z,7454.876575,7,0.0003266,18.371096142068595,2.6777469990766374,-1.156,16.176470588235293,18.371096142068595,59.03100230890888,0,0,0,0,,
ENJ,2026-08-16T13:06:57.120Z,2026-08-16T13:06:57.121280Z,2026-08-16T15:06:57.121280Z,7390.526135,7,0.024055,54.04281854084314,2.761506276150617,-1.525,25.735294117647058,54.04281854084314,60.986567346467865,5,5,0,0,1.0,False
GRT,2026-08-16T13:07:32.108Z,2026-08-16T13:07:32.108528Z,2026-08-16T15:07:32.108528Z,7355.538887,7,0.013444999999999999,22.313127556712917,2.446256486286141,-1.389,23.529411764705884,22.313127556712917,61.517095349039664,1,0,1,0,1.0,False
HMSTR,2026-08-16T13:07:39.865Z,2026-08-16T13:07:39.865305Z,2026-08-16T15:07:39.865305Z,7347.78211,7,0.0001749,11.435105774728694,2.6841804683038295,0.286,22.058823529411764,11.435105774728694,58.717134081732965,0,0,0,0,,False
IOTA,2026-08-16T13:07:47.374Z,2026-08-16T13:07:47.374868Z,2026-08-16T15:07:47.374868Z,7340.272547,7,0.03185,31.39717425431583,3.7735849056603756,-3.049,20.955882352941178,31.39717425431583,28.74118040854178,2,0,2,0,0.0,False
KAIA,2026-08-16T13:07:55.805Z,2026-08-16T13:07:55.805500Z,2026-08-16T15:07:55.805500Z,7331.841915,7,0.02445,40.89979550102225,4.489795918367348,-2.778,15.808823529411764,40.89979550102225,56.85217043887106,1,0,1,0,1.0,False
LA,2026-08-16T13:08:17.052Z,2026-08-16T13:08:17.052768Z,2026-08-16T15:08:17.052768Z,7310.594647,7,0.048049999999999995,20.81165452653401,5.371900826446277,-2.419,14.705882352941176,20.81165452653401,55.654483522243375,0,0,0,0,,False
MEME,2026-08-16T13:08:38.732Z,2026-08-16T13:08:38.732260Z,2026-08-16T15:08:38.732260Z,7288.915155,7,0.0004775,20.94240837696386,4.602510460251044,-1.035,18.38235294117647,20.94240837696386,55.5505239142838,55,40,12,3,0.7818,False
OPEN,2026-08-16T13:08:55.811Z,2026-08-16T13:08:55.812079Z,2026-08-16T15:08:55.812079Z,7271.835336,7,0.17270000000000002,11.580775911986434,8.246828143021903,-5.658,21.691176470588236,11.580775911986434,59.62513372220027,2,0,2,0,1.0,False
OSMO,2026-08-16T13:09:01.503Z,2026-08-16T13:09:01.503661Z,2026-08-16T15:09:01.503661Z,7266.143754,7,0.03025,33.05785123966922,3.960396039603959,1.338,25.0,33.05785123966922,61.64262636014468,0,0,0,0,,False
PHA,2026-08-16T13:09:07.590Z,2026-08-16T13:09:07.591028Z,2026-08-16T15:09:07.591028Z,7260.056387,7,0.021949999999999997,45.558086560364195,5.000000000000002,0.0,17.647058823529413,45.558086560364195,57.355620647882496,0,0,0,0,,False
SPK,2026-08-16T13:09:41.140Z,2026-08-16T13:09:41.140538Z,2026-08-16T15:09:41.140538Z,7226.506877,7,0.014333,12.558431591432814,2.079698513504092,-0.174,25.36764705882353,12.558431591432814,50.86334467984875,11,3,7,1,0.8182,False
USUAL,2026-08-16T13:10:01.520Z,2026-08-16T13:10:01.520586Z,2026-08-16T15:10:01.520586Z,7206.126829,7,0.00898,22.27171492204809,5.327413984461703,1.693,26.102941176470587,22.27171492204809,63.84574154990721,0,0,0,0,,False
VET,2026-08-16T13:10:09.423Z,2026-08-16T13:10:09.423341Z,2026-08-16T15:10:09.423341Z,7796.682238,7,0.004431,9.027307605507856,2.632763276327631,-1.66,16.91176470588235,9.027307605507856,57.25558153702518,2,1,1,0,1.0,False
W,2026-08-16T13:10:16.587Z,2026-08-16T13:10:16.587752Z,2026-08-16T15:10:16.587752Z,7789.517827,7,0.008664999999999999,11.540680900174642,3.733955659276536,2.024,24.264705882352942,11.540680900174642,63.21404370573252,1,0,1,0,1.0,False
AUCTION,2026-08-16T13:16:07.067Z,2026-08-16T13:16:07.067578Z,2026-08-16T15:16:07.067578Z,7439.038001,7,2.8360000000000003,49.3653032440049,1.868829337094497,-0.908,1.4705882352941178,49.3653032440049,42.413850619797884,0,0,0,0,,False
BFUSD,2026-08-16T13:16:25.806Z,2026-08-16T13:16:25.806436Z,2026-08-16T15:16:25.806436Z,7420.299143,7,0.99905,11.010459936939991,0.12018027040560629,0.0,2.573529411764706,11.010459936939991,39.75069356934388,0,0,0,0,,False
BLUR,2026-08-16T13:16:31.184Z,2026-08-16T13:16:31.184241Z,2026-08-16T15:16:31.184241Z,7414.921338,7,0.01318,15.17450682852877,1.674277016742768,-0.303,3.3088235294117645,15.17450682852877,54.203353025721874,0,0,0,0,,False
BNB,2026-08-16T13:16:36.932Z,2026-08-16T13:16:36.932523Z,2026-08-16T15:16:36.932523Z,7409.173056,7,607.195,0.16469173823880143,1.260102259607453,-0.774,97.79411764705883,0.16469173823880143,56.19733624468197,17,7,9,1,,False
BTC,2026-08-16T13:16:50.486Z,2026-08-16T13:16:50.486714Z,2026-08-16T15:16:50.486714Z,7395.618865,7,63051.015,0.0015860172900882422,0.35236264260064953,0.076,100.0,0.0015860172900882422,75.91805559834268,37,21,9,7,,False
COMP,2026-08-16T13:17:03.741Z,2026-08-16T13:17:03.741906Z,2026-08-16T15:17:03.741906Z,7382.363673,7,16.23,24.645717806530588,0.6760909649661919,0.494,2.9411764705882355,24.645717806530588,60.507766362296806,8,3,3,2,,False
HIVE,2026-08-16T13:17:42.424Z,2026-08-16T13:17:42.424907Z,2026-08-16T15:17:42.424907Z,7343.680672,7,0.039400000000000004,50.76142131979664,1.7857142857142838,-1.259,2.2058823529411766,50.76142131979664,53.43787069167978,0,0,0,0,,False
ILV,2026-08-16T13:17:55.622Z,2026-08-16T13:17:55.622898Z,2026-08-16T15:17:55.622898Z,7330.482681,7,3.1100000000000003,64.30868167202577,7.766990291262128,5.102,8.455882352941176,64.30868167202577,66.88617513430358,0,0,0,0,,False
LINK,2026-08-16T13:18:01.652Z,2026-08-16T13:18:01.652865Z,2026-08-16T15:18:01.652865Z,7324.452714,7,9.349499999999999,1.0695759131498432,3.3941997851772174,-1.262,98.52941176470588,1.0695759131498432,51.09944483311395,25,15,9,1,,False
NEWT,2026-08-16T13:18:16.201Z,2026-08-16T13:18:16.201976Z,2026-08-16T15:18:16.201976Z,7309.903603,7,0.03725,26.84563758389339,2.425876010781684,-2.111,5.147058823529412,26.84563758389339,51.678958932985,3,0,2,1,,False
NMR,2026-08-16T13:18:23.061Z,2026-08-16T13:18:23.061619Z,2026-08-16T15:18:23.061619Z,7303.04396,7,8.105,12.33806292412065,0.990099009900991,-0.737,1.1029411764705883,12.33806292412065,50.46628471403924,0,0,0,0,,False
REZ,2026-08-16T13:18:31.132Z,2026-08-16T13:18:31.132565Z,2026-08-16T15:18:31.132565Z,7294.973014,7,0.0027295,10.99102399706893,2.783882783882772,-0.763,7.720588235294118,10.99102399706893,62.31998156630748,0,0,0,0,,False
SHELL,2026-08-16T13:18:38.860Z,2026-08-16T13:18:38.861081Z,2026-08-16T15:18:38.861081Z,7287.244498,7,0.02105,47.50593824228,5.213270142180096,5.5,11.029411764705882,47.50593824228,45.32464634424253,1,1,0,0,,False
SOL,2026-08-16T13:18:45.567Z,2026-08-16T13:18:45.567809Z,2026-08-16T15:18:45.567809Z,7280.53777,7,75.39500000000001,1.326347901055125,0.758382118147961,-0.04,98.8970588235294,1.326347901055125,63.736726298586184,34,26,8,0,,False
STEEM,2026-08-16T13:18:53.042Z,2026-08-16T13:18:53.042598Z,2026-08-16T15:18:53.042598Z,7273.062981,7,0.035225000000000006,25.55003548616034,0.7120478496154947,0.0,0.36764705882352944,25.55003548616034,39.70897496204937,0,0,0,0,,False
STO,2026-08-16T13:19:00.639Z,2026-08-16T13:19:00.639365Z,2026-08-16T15:19:00.639365Z,7265.466214,7,0.03875,25.806451612903963,1.5544041450777286,0.0,4.411764705882353,25.806451612903963,55.4396138812844,0,0,0,0,,False
SXT,2026-08-16T13:19:08.531Z,2026-08-16T13:19:08.531240Z,2026-08-16T15:19:08.531240Z,7257.574339,7,0.006999999999999999,28.57142857142865,3.409090909090905,0.715,1.838235294117647,28.57142857142865,46.27358937937469,0,0,0,0,,False
TURBO,2026-08-16T13:19:15.440Z,2026-08-16T13:19:15.440462Z,2026-08-16T15:19:15.440462Z,7250.665117,7,0.0007945000000000001,12.586532410321261,3.7783375314861423,0.126,11.397058823529411,12.586532410321261,64.1845814711527,1,1,0,0,,False
TURTLE,2026-08-16T13:19:22.386Z,2026-08-16T13:19:22.387050Z,2026-08-16T15:19:22.387050Z,7243.718529,7,0.0432,46.29629629629601,4.398148148148161,2.128,8.823529411764707,46.29629629629601,62.63561093938685,0,0,0,0,,False
UMA,2026-08-16T13:19:33.920Z,2026-08-16T13:19:33.921191Z,2026-08-16T15:19:33.921191Z,7232.184388,7,0.3225,31.007751937984523,1.552795031055902,-1.529,4.779411764705882,31.007751937984523,32.61611688218462,0,0,0,0,,True
USD1,2026-08-16T13:19:38.108Z,2026-08-16T13:19:38.108400Z,2026-08-16T15:19:38.108400Z,7227.997179,7,0.99925,1.0007505629220814,0.04003603242918186,0.0,99.26470588235294,1.0007505629220814,75.40321511160491,0,0,0,0,,False
VANA,2026-08-16T13:19:45.497Z,2026-08-16T13:19:45.497795Z,2026-08-16T15:19:45.497795Z,7220.607784,7,0.8654999999999999,34.66204506065861,4.822043628013781,0.461,3.676470588235294,34.66204506065861,43.50764985534394,1,1,0,0,,False
VELODROME,2026-08-16T13:19:52.938Z,2026-08-16T13:19:52.938923Z,2026-08-16T15:19:52.938923Z,7213.166656,7,0.016710000000000003,35.90664272890545,2.3837902264600777,1.574,4.044117647058823,35.90664272890545,50.61509744610502,0,0,0,0,,True
XVG,2026-08-16T13:20:00.877Z,2026-08-16T13:20:00.877819Z,2026-08-16T15:20:00.877819Z,7205.22776,7,0.0020585,24.28953121204662,2.3334953816237176,0.538,6.25,24.28953121204662,44.01492220273314,3,0,0,3,,False
AVAX,2026-08-16T13:26:01.619Z,2026-08-16T13:26:01.619575Z,2026-08-16T15:26:01.619575Z,7444.766412,7,6.423500000000001,1.556783684907502,5.913809374016992,-3.52,94.8529411764706,1.556783684907502,64.21951309595327,13,8,5,0,,False
DOGE,2026-08-16T13:26:22.463Z,2026-08-16T13:26:22.463569Z,2026-08-16T15:26:22.463569Z,7423.922418,7,0.06997500000000001,1.4290818149333508,0.9032258064516208,-0.257,87.86764705882354,1.4290818149333508,57.059935347660215,25,17,4,4,,False
EUR,2026-08-16T13:26:31.623Z,2026-08-16T13:26:31.623220Z,2026-08-16T15:26:31.623220Z,7414.762767,7,1.15645,0.8647152924898525,0.043237634036679955,-0.017,96.69117647058823,0.8647152924898525,65.8314125442185,0,0,0,0,,False
FET,2026-08-16T13:26:41.643Z,2026-08-16T13:26:41.643342Z,2026-08-16T15:26:41.643342Z,7404.742645,7,0.12384999999999999,8.07428340734783,7.692307692307689,-6.226,90.44117647058823,8.07428340734783,57.637346088171,5,2,2,1,,False
HOME,2026-08-16T13:26:47.609Z,2026-08-16T13:26:47.609615Z,2026-08-16T15:26:47.609615Z,7398.776372,7,0.007520000000000001,26.595744680851134,22.076215505913286,-16.374,87.5,26.595744680851134,59.2165898954175,1,0,0,1,,False
ICP,2026-08-16T13:26:53.195Z,2026-08-16T13:26:53.195315Z,2026-08-16T15:26:53.195315Z,7393.190672,7,2.2815000000000003,4.383081306157746,3.2613486117232195,0.8,91.91176470588235,4.383081306157746,61.93052272124049,7,6,1,0,,False
LTC,2026-08-16T13:27:04.656Z,2026-08-16T13:27:04.657115Z,2026-08-16T15:27:04.657115Z,7381.728872,7,44.754999999999995,2.2343872193046614,0.8357804382200238,0.522,89.33823529411765,2.2343872193046614,60.66300970249945,19,11,8,0,,False
NEAR,2026-08-16T13:27:13.957Z,2026-08-16T13:27:13.958187Z,2026-08-16T15:27:13.958187Z,7372.4278,7,1.6235,6.159531875578145,2.5862068965517127,-0.673,95.22058823529412,6.159531875578145,52.841044432947186,2,2,0,0,,False
PLUME,2026-08-16T13:27:23.911Z,2026-08-16T13:27:23.911960Z,2026-08-16T15:27:23.911960Z,7362.474027,7,0.013264999999999999,7.538635506974239,11.325115562403692,-7.55,96.32352941176471,7.538635506974239,56.09266176206591,2,2,0,0,,False
PUMP,2026-08-16T13:27:29.924Z,2026-08-16T13:27:29.924296Z,2026-08-16T15:27:29.924296Z,7356.461691,7,0.0027080000000000003,7.385524372229806,6.580882352941172,-2.369,95.58823529411765,7.385524372229806,51.94522682627613,10,8,0,2,,False
SUI,2026-08-16T13:27:35.992Z,2026-08-16T13:27:35.992673Z,2026-08-16T15:27:35.992673Z,7350.393314,7,0.67885,1.4730794726373868,1.6693750923326898,-0.733,93.01470588235294,1.4730794726373868,61.19837439886671,24,18,5,1,,False
SYRUP,2026-08-16T13:27:41.673Z,2026-08-16T13:27:41.673801Z,2026-08-16T15:27:41.673801Z,7344.712186,7,0.16244999999999998,6.1557402277634194,8.930741190765486,7.161,90.80882352941177,6.1557402277634194,73.4720514770066,1,1,0,0,,False
TAO,2026-08-16T13:27:48.149Z,2026-08-16T13:27:48.149502Z,2026-08-16T15:27:48.149502Z,7338.236485,7,197.25,5.069708491762876,1.684532924961721,-0.153,86.3970588235294,5.069708491762876,66.41188385067022,23,16,6,1,,False
TRX,2026-08-16T13:27:53.552Z,2026-08-16T13:27:53.552493Z,2026-08-16T15:27:53.552493Z,7332.833494,7,0.33165,3.0152268958235786,0.4825090470446292,0.242,95.95588235294117,3.0152268958235786,60.549209135021464,25,19,4,2,,False
TUT,2026-08-16T13:27:59.958Z,2026-08-16T13:27:59.958743Z,2026-08-16T15:27:59.958743Z,7326.427244,7,0.03238,12.353304508955643,29.52853598014889,-7.143,91.17647058823529,12.353304508955643,40.64250707064331,2,1,0,1,,False
XPL,2026-08-16T13:28:26.320Z,2026-08-16T13:28:26.320510Z,2026-08-16T15:28:26.320510Z,7300.065477,7,0.07680000000000001,7.812499999998778,4.803719008264465,-0.155,89.70588235294117,7.812499999998778,64.27186199961288,2,1,1,0,,False
ZEC,2026-08-16T13:28:38.567Z,2026-08-16T13:28:38.568150Z,2026-08-16T15:28:38.568150Z,7287.817837,7,492.555,1.8272071139270096,1.8200953383272445,-1.039,92.27941176470588,1.8272071139270096,64.47205587926827,16,9,4,3,,False
AAVE,2026-08-16T13:34:18.582Z,2026-08-16T13:34:18.583185Z,2026-08-16T15:34:18.583185Z,7546.861275,7,86.725,1.153070049006067,1.921733053808532,-0.51,78.30882352941177,1.153070049006067,39.568747681148984,2,1,0,1,,False
ALGO,2026-08-16T13:34:32.793Z,2026-08-16T13:34:32.793642Z,2026-08-16T15:34:32.793642Z,7532.650818,7,0.07885,12.682308180089139,2.157360406091362,-0.756,75.0,12.682308180089139,64.43837904206471,14,4,10,0,,False
DOLO,2026-08-16T13:35:11.094Z,2026-08-16T13:35:11.095004Z,2026-08-16T15:35:11.095004Z,7494.349456,7,0.026845,40.97597317936263,28.299437472955436,11.213,72.79411764705883,40.97597317936263,67.23743280303003,4,4,0,0,,False
EDEN,2026-08-16T13:35:30.788Z,2026-08-16T13:35:30.788272Z,2026-08-16T15:35:30.788272Z,7474.656188,7,0.046225,15.143320713899538,12.359307359307358,0.304,71.32352941176471,15.143320713899538,70.87202408747257,0,0,0,0,,False
ENA,2026-08-16T13:35:38.250Z,2026-08-16T13:35:38.250797Z,2026-08-16T15:35:38.250797Z,7467.193663,7,0.08415,11.88354129530634,3.361344537815139,-2.23,81.98529411764706,11.88354129530634,63.92329445271683,3,1,1,1,,False
EPIC,2026-08-16T13:35:45.912Z,2026-08-16T13:35:45.912978Z,2026-08-16T15:35:45.912978Z,7459.531482,7,0.3585,33.47280334727975,8.096710711273543,1.978,75.73529411764706,33.47280334727975,60.648095998711575,0,0,0,0,,False
NXPC,2026-08-16T13:36:21.589Z,2026-08-16T13:36:21.590095Z,2026-08-16T15:36:21.590095Z,7423.854365,7,0.19255,15.580368735394572,11.84210526315789,-3.111,83.45588235294117,15.580368735394572,66.21755599810275,1,1,0,0,,False
PIXEL,2026-08-16T13:36:57.375Z,2026-08-16T13:36:57.375798Z,2026-08-16T15:36:57.375798Z,7388.068662,7,0.00482,41.493775933610074,35.74380165289256,2.326,73.8970588235294,41.493775933610074,67.79189981865953,13,9,2,2,,False
SOMI,2026-08-16T13:37:41.332Z,2026-08-16T13:37:41.333244Z,2026-08-16T15:37:41.333244Z,7344.111216,7,0.09175,10.899182561308214,8.369565217391303,-2.646,84.92647058823529,10.899182561308214,47.89153201998334,0,0,0,0,,False
UNI,2026-08-16T13:37:51.477Z,2026-08-16T13:37:51.478090Z,2026-08-16T15:37:51.478090Z,7333.96637,7,3.311,6.040471156749562,2.624351541043633,0.738,80.1470588235294,6.040471156749562,66.81898639722687,13,8,4,1,,False
0G,2026-08-16T13:43:36.249Z,2026-08-16T13:43:36.250243Z,2026-08-16T15:43:36.250243Z,7591.111479,7,0.1595,62.69592476489034,5.625000000000005,-4.762,69.11764705882354,62.69592476489034,51.633724726981704,0,0,0,0,,False
AR,2026-08-16T13:43:43.467Z,2026-08-16T13:43:43.468087Z,2026-08-16T15:43:43.468087Z,7583.893635,7,1.81,11.049723756906086,3.4463590883824375,-0.056,60.294117647058826,11.049723756906086,65.67814118664276,6,2,4,0,,False
ASTER,2026-08-16T13:43:51.319Z,2026-08-16T13:43:51.319543Z,2026-08-16T15:43:51.319543Z,7576.042179,7,0.6005,16.652789342214835,0.6644518272425255,0.166,56.25,16.652789342214835,76.49110194091834,2,1,1,0,,False
AVNT,2026-08-16T13:43:57.572Z,2026-08-16T13:43:57.572803Z,2026-08-16T15:43:57.572803Z,7569.788919,7,0.09845000000000001,10.15744032503838,6.243705941591135,1.846,68.75,10.15744032503838,63.38455670244128,0,0,0,0,,False
CAKE,2026-08-16T13:44:20.469Z,2026-08-16T13:44:20.470203Z,2026-08-16T15:44:20.470203Z,7546.891519,7,1.4585,6.856359273226685,2.8727770177838603,1.953,67.6470588235294,6.856359273226685,69.69204317608957,7,2,4,1,,False
ETHFI,2026-08-16T13:44:36.992Z,2026-08-16T13:44:36.993208Z,2026-08-16T15:44:36.993208Z,7530.368514,7,0.51115,13.694610192701221,3.5073068893528263,-0.063,68.01470588235294,13.694610192701221,43.437267692606866,1,0,1,0,,False
GALA,2026-08-16T13:44:50.960Z,2026-08-16T13:44:50.960554Z,2026-08-16T15:44:50.960554Z,7516.401168,7,0.0016645,6.007810153199956,3.6417910447761104,1.025,69.48529411764706,6.007810153199956,66.42994682812515,1,1,0,0,,False
ORDI,2026-08-16T13:45:56.592Z,2026-08-16T13:45:56.593203Z,2026-08-16T15:45:56.593203Z,7450.768519,7,3.4154999999999998,20.494803103499102,3.0579241399588386,-0.176,57.35294117647059,20.494803103499102,48.83644049527928,8,4,4,0,,False
PENDLE,2026-08-16T13:46:08.655Z,2026-08-16T13:46:08.656222Z,2026-08-16T15:46:08.656222Z,7438.7055,7,1.2974999999999999,7.707129094413195,3.1152647975077907,-2.357,60.661764705882355,7.707129094413195,53.70863152667528,1,0,1,0,,False
STRK,2026-08-16T13:46:40.410Z,2026-08-16T13:46:40.410698Z,2026-08-16T15:46:40.410698Z,7406.951024,7,0.023434999999999997,4.267121826327968,2.682821289485067,0.785,61.76470588235294,4.267121826327968,65.50258301269196,4,2,1,1,,False
VANRY,2026-08-16T13:46:59.835Z,2026-08-16T13:46:59.836178Z,2026-08-16T15:46:59.836178Z,7387.525544,7,0.0011385000000000002,131.75230566534947,56.899488926746166,-21.208,66.91176470588235,131.75230566534947,53.99250861267482,1,0,0,1,,False
VIRTUAL,2026-08-16T13:47:06.484Z,2026-08-16T13:47:06.484549Z,2026-08-16T15:47:06.484549Z,7380.877173,7,0.5590999999999999,7.154355213737561,3.0042918454935688,0.143,64.70588235294117,7.154355213737561,46.02158894490467,2,2,0,0,,False
ZK,2026-08-16T13:47:36.619Z,2026-08-16T13:47:36.619394Z,2026-08-16T15:47:36.619394Z,7350.742328,7,0.007535,13.271400132713461,5.459387483355522,-0.133,61.029411764705884,13.271400132713461,63.52246716750382,7,4,1,2,,False
1000CHEEMS,2026-08-16T13:53:09.877Z,2026-08-16T13:53:09.877697Z,2026-08-16T15:53:09.877697Z,7615.684289,7,0.0004875,20.5128205128199,2.8925619834710776,-0.412,51.838235294117645,20.5128205128199,56.255782164739514,2,1,1,0,,False
BABY,2026-08-16T13:53:17.162Z,2026-08-16T13:53:17.162786Z,2026-08-16T15:53:17.162786Z,7608.3992,7,0.009835,10.167768174885198,4.58715596330276,-1.308,53.30882352941177,10.167768174885198,70.62468371580444,1,1,0,0,,False
BANANA,2026-08-16T13:53:26.206Z,2026-08-16T13:53:26.206867Z,2026-08-16T15:53:26.206867Z,7599.355119,7,3.7089999999999996,32.353734160151014,11.711711711711704,-8.642,55.88235294117647,32.353734160151014,42.29657912275603,0,0,0,0,,False
BIO,2026-08-16T13:53:43.739Z,2026-08-16T13:53:43.739544Z,2026-08-16T15:53:43.739544Z,7581.822442,7,0.02477,8.074283407347268,4.92730210016156,-0.121,46.69117647058823,8.074283407347268,64.88624218920192,0,0,0,0,,False
CFX,2026-08-16T13:53:50.897Z,2026-08-16T13:53:50.897569Z,2026-08-16T15:53:50.897569Z,7574.664417,7,0.041985,2.381803024888918,1.8103858980466812,-1.525,42.64705882352941,2.381803024888918,58.779687902591114,1,1,0,0,,False
CGPT,2026-08-16T13:53:58.697Z,2026-08-16T13:53:58.698037Z,2026-08-16T15:53:58.698037Z,7566.863949,7,0.020275,14.796547472255869,7.15695952615992,-2.83,41.911764705882355,14.796547472255869,60.39627167011153,0,0,0,0,,False
DASH,2026-08-16T13:54:18.732Z,2026-08-16T13:54:18.732413Z,2026-08-16T15:54:18.732413Z,7546.829573,7,30.32,19.7889182058055,2.420168067226887,-1.196,45.220588235294116,19.7889182058055,64.58948336450142,0,0,0,0,,False
FIL,2026-08-16T13:54:37.560Z,2026-08-16T13:54:37.560343Z,2026-08-16T15:54:37.560343Z,7528.001643,7,0.68255,7.325470661489194,3.3763945977686465,-1.915,48.89705882352941,7.325470661489194,65.22014806446795,2,1,1,0,,False
HOLO,2026-08-16T13:54:53.158Z,2026-08-16T13:54:53.158537Z,2026-08-16T15:54:53.158537Z,7512.403449,7,0.05875,51.063829787234326,13.750000000000009,-8.795,44.85294117647059,51.063829787234326,56.67086828085857,5,1,3,1,,False
INIT,2026-08-16T13:54:59.212Z,2026-08-16T13:54:59.212269Z,2026-08-16T15:54:59.212269Z,7506.349717,7,0.051750000000000004,19.323671497583753,6.297709923664117,2.144,43.75,19.323671497583753,49.726782559412264,0,0,0,0,,False
LDO,2026-08-16T13:55:07.134Z,2026-08-16T13:55:07.135243Z,2026-08-16T15:55:07.135243Z,7498.426743,7,0.30745,9.757684176287754,2.3279015630196227,0.167,53.6764705882353,9.757684176287754,69.33712339026184,5,2,2,1,,False
MANTA,2026-08-16T13:55:27.346Z,2026-08-16T13:55:27.347158Z,2026-08-16T15:55:27.347158Z,7478.214828,7,0.057635,12.145397761776806,3.056616880861406,0.279,41.544117647058826,12.145397761776806,52.42367786325364,0,0,0,0,,False
NOT,2026-08-16T13:56:02.682Z,2026-08-16T13:56:02.683394Z,2026-08-16T15:56:02.683394Z,7442.878592,7,0.0003865,25.873221216040623,10.077519379844954,2.111,54.411764705882355,25.873221216040623,62.42528241884736,0,0,0,0,,False
PEOPLE,2026-08-16T13:56:10.468Z,2026-08-16T13:56:10.468852Z,2026-08-16T15:56:10.468852Z,7435.093134,7,0.007385,13.540961408259435,6.550802139037433,-0.267,45.955882352941174,13.540961408259435,63.498667418743224,0,0,0,0,,False
SKY,2026-08-16T13:56:31.682Z,2026-08-16T13:56:31.682825Z,2026-08-16T15:56:31.682825Z,7413.879161,7,0.05209,7.679017085812704,3.785850860420655,1.85,45.588235294117645,7.679017085812704,72.66693491132281,1,1,0,0,,False
SYN,2026-08-16T13:56:43.153Z,2026-08-16T13:56:43.153844Z,2026-08-16T15:56:43.153844Z,7402.408142,7,0.104475,16.271835367313088,4.883409785932725,-1.654,55.51470588235294,16.271835367313088,67.17525368957864,1,0,1,0,,False
TOWNS,2026-08-16T13:56:52.795Z,2026-08-16T13:56:52.795542Z,2026-08-16T15:56:52.795542Z,7392.766444,7,0.002325,43.010752688172154,10.041841004184107,9.633,44.48529411764706,43.010752688172154,77.71031332868705,3,1,2,0,,False
TWT,2026-08-16T13:57:06.071Z,2026-08-16T13:57:06.071840Z,2026-08-16T15:57:06.071840Z,7379.490146,7,0.39925,32.56105197244754,3.163756011136424,0.152,50.0,32.56105197244754,35.68507440831838,2,2,0,0,,False
WIF,2026-08-16T13:57:16.964Z,2026-08-16T13:57:16.965163Z,2026-08-16T15:57:16.965163Z,7368.596823,7,0.13805,7.243752263671785,1.7492711370262288,0.073,52.94117647058823,7.243752263671785,74.17396224666527,1,1,0,0,,False
ACH,2026-08-16T14:02:55.752Z,2026-08-16T14:02:55.752570Z,2026-08-16T16:02:55.752570Z,7630.658741,7,0.0042450000000000005,23.557126030625348,3.9906103286384984,3.148,38.23529411764706,23.557126030625348,67.45779736741169,0,0,0,0,,False
API3,2026-08-16T14:03:19.891Z,2026-08-16T14:03:19.891718Z,2026-08-16T16:03:19.891718Z,7606.519593,7,0.18930000000000002,10.565240359218475,3.544973544973551,-2.678,36.39705882352941,10.565240359218475,52.742021680758214,0,0,0,0,,False
C,2026-08-16T14:03:31.213Z,2026-08-16T14:03:31.213495Z,2026-08-16T16:03:31.213495Z,7595.197816,7,0.06825,14.65201465201507,5.3491827637444365,0.598,33.455882352941174,14.65201465201507,66.2041725490261,0,0,0,0,,False
CVX,2026-08-16T14:03:45.830Z,2026-08-16T14:03:45.830711Z,2026-08-16T16:03:45.830711Z,7580.5806,7,1.64,48.78048780487809,5.383663366336632,1.444,36.029411764705884,48.78048780487809,64.34945475615118,1,0,0,1,,False
EUL,2026-08-16T14:03:51.374Z,2026-08-16T14:03:51.374377Z,2026-08-16T16:03:51.374377Z,7575.036934,7,1.1389999999999998,17.55926251097456,4.973357015985775,-4.576,33.088235294117645,17.55926251097456,54.65247513054763,0,0,0,0,,False
FORM,2026-08-16T14:04:04.199Z,2026-08-16T14:04:04.199984Z,2026-08-16T16:04:04.199984Z,7562.211327,7,0.20655,14.52432824981819,7.3708920187793385,3.098,29.779411764705884,14.52432824981819,77.97749807062857,0,0,0,0,,False
GMT,2026-08-16T14:04:12.456Z,2026-08-16T14:04:12.457113Z,2026-08-16T16:04:12.457113Z,7553.954198,7,0.00626,31.948881789137467,7.717041800643079,-1.738,34.9264705882353,31.948881789137467,46.32951941723743,0,0,0,0,,False
HAEDAL,2026-08-16T14:04:23.544Z,2026-08-16T14:04:23.545052Z,2026-08-16T16:04:23.545052Z,7542.866259,7,0.01686,23.724792408065465,4.606413994169091,2.879,35.661764705882355,23.724792408065465,57.406675553726316,0,0,0,0,,False
IMX,2026-08-16T14:04:31.339Z,2026-08-16T14:04:31.340235Z,2026-08-16T16:04:31.340235Z,7535.071076,7,0.10844999999999999,9.220839096358034,2.2160664819944595,-1.005,29.41176470588235,9.220839096358034,38.65505201595717,4,2,1,1,,False
IO,2026-08-16T14:04:39.035Z,2026-08-16T14:04:39.036150Z,2026-08-16T16:04:39.036150Z,7527.375161,7,0.1138,17.574692442882753,3.0061892130857646,0.177,30.147058823529413,17.574692442882753,66.34791408973855,0,0,0,0,,False
KERNEL,2026-08-16T14:04:44.446Z,2026-08-16T14:04:44.446745Z,2026-08-16T16:04:44.446745Z,7521.964566,7,0.033699999999999994,59.347181008901735,2.0895522388059677,0.299,29.044117647058822,59.347181008901735,66.35561841904983,0,0,0,0,,False
MINA,2026-08-16T14:04:57.537Z,2026-08-16T14:04:57.537315Z,2026-08-16T16:04:57.537315Z,7508.873996,7,0.039400000000000004,50.76142131979664,1.5228426395938994,0.0,31.61764705882353,50.76142131979664,40.72277451429131,1,1,0,0,,False
ORCA,2026-08-16T14:05:12.081Z,2026-08-16T14:05:12.081829Z,2026-08-16T16:05:12.081829Z,7494.329482,7,1.0415,9.601536245800402,2.5986525505293683,-1.33,40.80882352941177,9.601536245800402,61.467291990747064,0,0,0,0,,False
PARTI,2026-08-16T14:05:19.790Z,2026-08-16T14:05:19.791039Z,2026-08-16T16:05:19.791039Z,7486.620272,7,0.02325,43.01075268817328,5.508474576271183,5.357,31.25,43.01075268817328,70.31460102920906,0,0,0,0,,False
PROVE,2026-08-16T14:05:32.778Z,2026-08-16T14:05:32.778587Z,2026-08-16T16:05:32.778587Z,7473.632724,7,0.15239999999999998,13.12335958005287,5.750165234633188,1.001,28.676470588235293,13.12335958005287,60.85680986310832,0,0,0,0,,False
ROSE,2026-08-16T14:05:51.375Z,2026-08-16T14:05:51.376162Z,2026-08-16T16:05:51.376162Z,7455.035149,7,0.005375,18.604651162791555,4.259259259259246,-0.552,39.338235294117645,18.604651162791555,64.41248019317901,14,8,5,1,,False
TREE,2026-08-16T14:06:31.862Z,2026-08-16T14:06:31.863035Z,2026-08-16T16:06:31.863035Z,7414.548276,7,0.03405,29.36857562408104,3.5190615835777326,0.0,39.705882352941174,29.36857562408104,60.794099436435296,1,1,0,0,,False
YB,2026-08-16T14:06:43.570Z,2026-08-16T14:06:43.571225Z,2026-08-16T16:06:43.571225Z,7402.840086,7,0.08135,12.292562999385723,11.707317073170728,2.117,31.985294117647058,12.292562999385723,61.67870596206399,2,2,0,0,,False
YGG,2026-08-16T14:06:49.499Z,2026-08-16T14:06:49.500281Z,2026-08-16T16:06:49.500281Z,7396.91103,7,0.019905,45.2147701582516,4.3021510755377665,1.215,26.83823529411765,45.2147701582516,59.265566217408505,0,0,0,0,,False
1000SATS,2026-08-16T14:12:47.081Z,2026-08-16T14:12:47.081815Z,2026-08-16T16:12:47.081815Z,7639.197938,7,1.0435000000000001e-05,28.74940105414443,5.571565802113348,0.386,14.338235294117647,28.74940105414443,33.736955767162,7,3,4,0,,False
AIXBT,2026-08-16T14:13:04.041Z,2026-08-16T14:13:04.043711Z,2026-08-16T16:13:04.043711Z,7622.236042,7,0.017825,28.050490883591266,3.6036036036036125,-0.056,12.5,28.050490883591266,42.588726899418866,0,0,0,0,,False
ALT,2026-08-16T14:13:12.906Z,2026-08-16T14:13:12.906583Z,2026-08-16T16:13:12.906583Z,7613.37317,7,0.006045,16.542597187757803,2.6490066225165485,0.667,18.014705882352942,16.542597187757803,50.53164373063534,0,0,0,0,,False
ARKM,2026-08-16T14:13:21.751Z,2026-08-16T14:13:21.751859Z,2026-08-16T16:13:21.751859Z,7604.527894,7,0.09104999999999999,10.982976386601083,3.417861080485122,-1.946,19.485294117647058,10.982976386601083,61.4920305001153,1,1,0,0,,False
AT,2026-08-16T14:13:30.506Z,2026-08-16T14:13:30.506577Z,2026-08-16T16:13:30.506577Z,7595.773176,7,0.1565,25.559105431310638,8.075709779179814,3.73,20.58823529411765,25.559105431310638,54.43727253680987,17,10,3,4,,False
BROCCOLI714,2026-08-16T14:13:38.447Z,2026-08-16T14:13:38.448073Z,2026-08-16T16:13:38.448073Z,7587.83168,7,0.015844999999999998,18.933417481854708,5.972045743329097,1.745,22.426470588235293,18.933417481854708,56.67535159759026,0,0,0,0,,
CATI,2026-08-16T14:13:45.866Z,2026-08-16T14:13:45.866684Z,2026-08-16T16:13:45.866684Z,7580.413069,7,0.047975000000000004,10.422094841063352,5.9962129181569495,-4.997,22.794117647058822,10.422094841063352,45.64315109045335,0,0,0,0,,False
DYM,2026-08-16T14:13:57.422Z,2026-08-16T14:13:57.422614Z,2026-08-16T16:13:57.422614Z,7568.857139,7,0.01491,53.6552649228707,3.6339165545087404,1.99,16.544117647058822,53.6552649228707,49.38049488145135,11,5,6,0,,False
EIGEN,2026-08-16T14:14:08.541Z,2026-08-16T14:14:08.541599Z,2026-08-16T16:14:08.541599Z,7557.738154,7,0.17175,17.467248908296632,1.9953051643192408,0.059,19.852941176470587,17.467248908296632,77.11128379095469,5,2,3,0,,False
ENS,2026-08-16T14:14:27.493Z,2026-08-16T14:14:27.493312Z,2026-08-16T16:14:27.493312Z,7538.786441,7,4.035,24.783147459726855,1.9900497512437831,-1.471,15.073529411764707,24.783147459726855,42.66978617962246,0,0,0,0,,False
EURI,2026-08-16T14:14:36.087Z,2026-08-16T14:14:36.087541Z,2026-08-16T16:14:36.087541Z,7530.192212,7,1.15545,14.712882426760435,0.29406677045492546,0.104,15.441176470588236,14.712882426760435,40.568001937737606,2,1,0,1,,False
FF,2026-08-16T14:14:42.245Z,2026-08-16T14:14:42.246146Z,2026-08-16T16:14:42.246146Z,7524.033607,7,0.06559999999999999,6.097560975609509,1.7657712043465204,1.299,17.279411764705884,6.097560975609509,77.74210521122238,0,0,0,0,,False
KMNO,2026-08-16T14:15:31.622Z,2026-08-16T14:15:31.622597Z,2026-08-16T16:15:31.622597Z,7474.657156,7,0.017935,5.575689991636239,2.3968784838350046,-2.021,13.235294117647058,5.575689991636239,58.05595286224095,2,1,1,0,,False
LAYER,2026-08-16T14:15:48.510Z,2026-08-16T14:15:48.510957Z,2026-08-16T16:15:48.510957Z,7457.768796,7,0.060950000000000004,16.406890894174886,2.6359143327841914,0.0,18.75,16.406890894174886,59.46859896766901,1,1,0,0,,False
MET,2026-08-16T14:16:17.442Z,2026-08-16T14:16:17.443050Z,2026-08-16T16:16:17.443050Z,7428.836703,7,0.16315000000000002,18.38798651547623,2.5798525798525858,-0.306,12.132352941176471,18.38798651547623,60.974398213764346,2,0,1,1,,False
MITO,2026-08-16T14:16:27.352Z,2026-08-16T14:16:27.353091Z,2026-08-16T16:16:27.353091Z,7418.926662,7,0.025134999999999998,19.892580067633965,4.07673860911271,-0.16,23.897058823529413,19.892580067633965,56.77737376856068,1,0,0,1,,False
QNT,2026-08-16T14:16:57.346Z,2026-08-16T14:16:57.346433Z,2026-08-16T16:16:57.346433Z,7388.93332,7,57.39,10.454783063251835,2.175805047867711,-1.39,19.11764705882353,10.454783063251835,60.4231626448788,4,3,1,0,,False
SIGN,2026-08-16T14:17:16.214Z,2026-08-16T14:17:16.214428Z,2026-08-16T16:17:16.214428Z,7370.065325,7,0.006805,14.695077149155708,6.489675516224193,3.828,12.867647058823529,14.695077149155708,66.48131089576462,2,1,1,0,,False
SNX,2026-08-16T14:17:28.233Z,2026-08-16T14:17:28.233855Z,2026-08-16T16:17:28.233855Z,7358.045898,7,0.1995,50.12531328320806,1.5151515151515165,0.0,26.470588235294116,50.12531328320806,45.23562181141334,0,0,0,0,,False
SSV,2026-08-16T14:17:41.644Z,2026-08-16T14:17:41.644360Z,2026-08-16T16:17:41.644360Z,7344.635393,7,2.1385,60.79027355623053,4.3925233644859745,0.281,13.970588235294118,60.79027355623053,56.56611155251499,0,0,0,0,,False
1INCH,2026-08-16T14:23:46.575Z,2026-08-16T14:23:46.575822Z,2026-08-16T16:23:46.575822Z,7578.94367,7,0.0826,24.2130750605317,0.7281553398058292,-0.121,0.7352941176470589,24.2130750605317,41.15142439876955,0,0,0,0,,
ANIME,2026-08-16T14:23:53.670Z,2026-08-16T14:23:53.671020Z,2026-08-16T16:23:53.671020Z,7571.848472,7,0.0024749999999999998,40.404040404040515,4.918032786885259,-0.813,5.514705882352941,40.404040404040515,43.71960268046982,0,0,0,0,,False
BARD,2026-08-16T14:24:05.992Z,2026-08-16T14:24:05.993244Z,2026-08-16T16:24:05.993244Z,7559.526248,7,0.1054,37.95066413662216,4.633204633204632,0.0,10.294117647058824,37.95066413662216,57.03184775164291,1,1,0,0,1.0,False
BEAMX,2026-08-16T14:24:13.187Z,2026-08-16T14:24:13.187300Z,2026-08-16T16:24:13.187300Z,7552.332192,7,0.0013385,22.4131490474409,3.23065364387679,-1.916,11.764705882352942,22.4131490474409,43.79367287035706,0,0,0,0,,False
CKB,2026-08-16T14:24:48.691Z,2026-08-16T14:24:48.691330Z,2026-08-16T16:24:48.691330Z,7516.828162,7,0.000834,23.980815347722405,2.881152460984386,-0.715,9.558823529411764,23.980815347722405,58.692338765251066,1,1,0,0,1.0,False
DOGS,2026-08-16T14:25:02.702Z,2026-08-16T14:25:02.703132Z,2026-08-16T16:25:02.703132Z,7502.81636,7,3.4535e-05,8.686839438250477,3.2877509455920793,0.087,5.882352941176471,8.686839438250477,52.675071416649466,0,0,0,0,,False
ETC,2026-08-16T14:25:08.408Z,2026-08-16T14:25:08.408686Z,2026-08-16T16:25:08.408686Z,7497.110806,7,6.195,16.14205004035478,1.7799352750808972,-1.435,9.191176470588236,16.14205004035478,57.448701734451,0,0,0,0,,False
ETH,2026-08-16T14:25:15.593Z,2026-08-16T14:25:15.593515Z,2026-08-16T16:25:15.593515Z,7489.925977,7,1887.355,0.052984202759898937,0.5117609155248292,0.063,99.63235294117646,0.052984202759898937,62.387491974361055,49,28,9,12,0.3469,False
F,2026-08-16T14:25:22.692Z,2026-08-16T14:25:22.692233Z,2026-08-16T16:25:22.692233Z,7482.827259,7,0.0027949999999999997,35.77817531305913,6.115107913669066,-1.068,7.352941176470588,35.77817531305913,59.60446136408477,0,0,0,0,,False
FLUX,2026-08-16T14:25:30.826Z,2026-08-16T14:25:30.826424Z,2026-08-16T16:25:30.826424Z,7474.693068,7,0.04025,24.84472049689512,2.7363184079602085,-0.495,9.926470588235293,24.84472049689512,46.503767052845674,0,0,0,0,,False
HEMI,2026-08-16T14:25:37.589Z,2026-08-16T14:25:37.589837Z,2026-08-16T16:25:37.589837Z,7467.929655,7,0.005875,17.021276595743988,54.12844036697246,18.478,97.42647058823529,17.021276595743988,66.70377793807407,24,14,8,2,0.625,False
HYPER,2026-08-16T14:25:51.669Z,2026-08-16T14:25:51.669523Z,2026-08-16T16:25:51.669523Z,7453.849969,7,0.06325,15.810276679840156,2.707006369426763,-2.028,8.088235294117647,15.810276679840156,54.480389940160876,0,0,0,0,,False
MANTRA,2026-08-16T14:26:09.442Z,2026-08-16T14:26:09.442388Z,2026-08-16T16:26:09.442388Z,7436.077104,7,0.004955,20.181634712410883,3.252032520325194,-2.574,10.661764705882353,20.181634712410883,56.556187602635816,2,1,1,0,1.0,False
ADA,2026-08-16T14:33:18.843Z,2026-08-16T14:33:18.843830Z,2026-08-16T16:33:18.843830Z,7607.589932,7,0.17695,5.651313930488216,2.0431328036322474,-1.122,93.38235294117646,5.651313930488216,62.33413596285701,29,10,11,8,0.1034,False
ALLO,2026-08-16T14:33:25.451Z,2026-08-16T14:33:25.451854Z,2026-08-16T16:33:25.451854Z,7600.981908,7,0.2651,7.544322897019162,9.189974573192877,5.722,88.6029411764706,7.544322897019162,77.35856114259973,1,0,1,0,-1.0,False
APT,2026-08-16T14:33:31.597Z,2026-08-16T14:33:31.598182Z,2026-08-16T16:33:31.598182Z,7594.83558,7,0.5335000000000001,18.744142455482674,3.9325842696629247,-0.743,91.54411764705883,18.744142455482674,64.68621989671148,11,8,2,1,0.8182,False
BCH,2026-08-16T14:33:41.930Z,2026-08-16T14:33:41.931015Z,2026-08-16T16:33:41.931015Z,7584.502747,7,204.64999999999998,4.886391399950859,2.058823529411773,-0.147,94.48529411764706,4.886391399950859,55.235977032204005,6,1,3,2,-0.6667,False
COW,2026-08-16T14:33:56.426Z,2026-08-16T14:33:56.426276Z,2026-08-16T16:33:56.426276Z,7570.007486,7,0.12435,40.20908725371938,51.0008006405124,-31.071,93.75,40.20908725371938,59.05659925943541,11,6,2,3,0.6364,False
ENSO,2026-08-16T14:34:07.357Z,2026-08-16T14:34:07.357632Z,2026-08-16T16:34:07.357632Z,7559.07613,7,0.8145,12.277470841006762,13.985148514851483,0.623,86.76470588235294,12.277470841006762,48.25861277214069,0,0,0,0,,False
FDUSD,2026-08-16T14:34:16.062Z,2026-08-16T14:34:16.062641Z,2026-08-16T16:34:16.062641Z,7550.371121,7,0.99695,1.0030593309593157,0.030090270812433994,0.01,87.13235294117646,1.0030593309593157,70.84402475216994,0,0,0,0,,False
KAITO,2026-08-16T14:34:35.380Z,2026-08-16T14:34:35.380813Z,2026-08-16T16:34:35.380813Z,7531.052949,7,0.34595,14.452955629426231,14.102564102564097,-7.835,85.66176470588235,14.452955629426231,44.708632649874545,8,3,4,1,0.5,False
PEPE,2026-08-16T14:34:51.672Z,2026-08-16T14:34:51.672278Z,2026-08-16T16:34:51.672278Z,7514.761484,7,2.615e-06,38.2409177820264,3.0769230769230798,-1.515,88.97058823529412,38.2409177820264,60.822989162857226,48,41,7,0,0.9167,False
WAL,2026-08-16T14:35:30.347Z,2026-08-16T14:35:30.347522Z,2026-08-16T16:35:30.347522Z,7476.08624,7,0.0223,89.68609865470798,28.63436123348017,-18.345,94.11764705882354,89.68609865470798,41.921650905414936,7,5,2,0,0.1429,False
WLD,2026-08-16T14:35:36.090Z,2026-08-16T14:35:36.091302Z,2026-08-16T16:35:36.091302Z,7470.34246,7,0.36475,8.224811514736738,3.934712911687558,0.498,92.6470588235294,8.224811514736738,62.299384813031196,1,0,1,0,-1.0,False
WLFI,2026-08-16T14:35:41.930Z,2026-08-16T14:35:41.930768Z,2026-08-16T16:35:41.930768Z,7464.502994,7,0.05955,16.79261125105002,8.223684210526311,7.231,86.02941176470588,16.79261125105002,67.522875239247,5,3,2,0,0.8,False
XLM,2026-08-16T14:35:48.214Z,2026-08-16T14:35:48.214922Z,2026-08-16T16:35:48.214922Z,7458.21884,7,0.15905,6.287331027977931,1.9757807520713777,-0.57,88.23529411764706,6.287331027977931,64.68392116991163,10,5,5,0,0.8,False
XRP,2026-08-16T14:35:58.150Z,2026-08-16T14:35:58.150408Z,2026-08-16T16:35:58.150408Z,7448.283354,7,1.00155,0.9984523987817782,0.9511413696435788,-0.23,97.05882352941177,0.9984523987817782,54.125641453900926,47,28,12,7,0.4043,False
2Z,2026-08-16T14:41:35.789Z,2026-08-16T14:41:35.789992Z,2026-08-16T16:41:35.789992Z,7709.846358,7,0.04913,12.212497455730611,10.60480530240265,-1.51,84.55882352941177,12.212497455730611,59.457198135258224,0,0,0,0,,True
ARB,2026-08-16T14:41:57.416Z,2026-08-16T14:41:57.416466Z,2026-08-16T16:41:57.416466Z,7688.219884,7,0.07475000000000001,13.377926421405062,2.976995940460073,-0.135,81.61764705882354,13.377926421405062,66.94840602063232,11,5,2,4,0.1818,False
ATOM,2026-08-16T14:42:03.757Z,2026-08-16T14:42:03.757855Z,2026-08-16T16:42:03.757855Z,7681.878495,7,1.4785,6.7636117686852355,2.746148693904884,1.634,84.19117647058823,6.7636117686852355,67.36273207475173,19,16,1,2,0.8947,False
BANK,2026-08-16T14:42:10.821Z,2026-08-16T14:42:10.821640Z,2026-08-16T16:42:10.821640Z,7674.81471,7,0.03635,27.510316368639028,7.3369565217391335,0.0,72.42647058823529,27.510316368639028,63.695958095545464,5,2,2,1,0.0,False
BOME,2026-08-16T14:42:16.207Z,2026-08-16T14:42:16.207326Z,2026-08-16T16:42:16.207326Z,7669.429024,7,0.0008328,14.409221902017642,18.972192889827525,7.722,78.67647058823529,14.409221902017642,68.06264365807813,0,0,0,0,,False
COTI,2026-08-16T14:42:21.614Z,2026-08-16T14:42:21.614667Z,2026-08-16T16:42:21.614667Z,7664.021683,7,0.010515,9.510223490251633,25.02378686964794,-1.315,72.05882352941177,9.510223490251633,47.75370376270697,2,1,0,1,0.0,False
CRV,2026-08-16T14:42:27.483Z,2026-08-16T14:42:27.484129Z,2026-08-16T16:42:27.484129Z,7658.152221,7,0.25105,3.983270264887034,5.390185036202722,3.282,85.29411764705883,3.983270264887034,69.19689287832395,18,18,0,0,1.0,False
DOT,2026-08-16T14:42:37.270Z,2026-08-16T14:42:37.270287Z,2026-08-16T16:42:37.270287Z,7648.366063,7,0.7645,13.080444735121006,3.1496062992126013,-1.677,77.20588235294117,13.080444735121006,62.268656013026146,10,6,1,3,0.2,False
DYDX,2026-08-16T14:42:42.528Z,2026-08-16T14:42:42.529010Z,2026-08-16T16:42:42.529010Z,7643.10734,7,0.1081,9.250693802035418,4.670201879244578,-3.188,71.69117647058823,9.250693802035418,58.75695607661839,0,0,0,0,,False
GRAM,2026-08-16T14:43:00.382Z,2026-08-16T14:43:00.382441Z,2026-08-16T16:43:00.382441Z,7625.253909,7,1.3465,7.426661715558039,2.2304832713754665,0.825,81.25,7.426661715558039,60.16911074860149,4,4,0,0,0.5,False
HBAR,2026-08-16T14:43:05.949Z,2026-08-16T14:43:05.949971Z,2026-08-16T16:43:05.949971Z,7619.686379,7,0.06518499999999999,1.5340952673155057,1.5689893862482804,-1.08,76.83823529411765,1.5340952673155057,54.42926954895622,4,2,2,0,1.0,False
INJ,2026-08-16T14:43:11.220Z,2026-08-16T14:43:11.220995Z,2026-08-16T16:43:11.220995Z,7614.415355,7,4.0975,7.321537522880082,4.420694680592653,-1.318,80.51470588235294,7.321537522880082,65.52819603252888,10,7,2,1,-0.2,False
NIL,2026-08-16T14:43:22.472Z,2026-08-16T14:43:22.472780Z,2026-08-16T16:43:22.472780Z,7603.16357,7,0.045605,32.89113035851274,17.89342732738959,2.031,80.88235294117646,32.89113035851274,45.20951575851118,3,2,1,0,1.0,False
ONDO,2026-08-16T14:43:35.684Z,2026-08-16T14:43:35.684595Z,2026-08-16T16:43:35.684595Z,7589.951755,7,0.3312,6.038647342994504,2.3341523341523325,-0.641,77.57352941176471,6.038647342994504,64.7868312745992,16,13,3,0,1.0,False
ONT,2026-08-16T14:43:40.959Z,2026-08-16T14:43:40.959512Z,2026-08-16T16:43:40.959512Z,7584.676838,7,0.039515,37.96026825256165,8.958280010238044,6.313,70.95588235294117,37.96026825256165,54.82689224444268,3,2,1,0,1.0,False
OP,2026-08-16T14:43:48.081Z,2026-08-16T14:43:48.082093Z,2026-08-16T16:43:48.082093Z,7577.554257,7,0.08515,11.7439812096304,2.1226415094339575,-1.395,73.16176470588235,11.7439812096304,55.40079964254222,47,32,0,15,0.9149,False
PENGU,2026-08-16T14:43:59.081Z,2026-08-16T14:43:59.082092Z,2026-08-16T16:43:59.082092Z,7566.554258,7,0.0060515,4.957448566471781,1.6644474034620549,0.1,82.3529411764706,4.957448566471781,65.84933525099304,3,2,1,0,0.6667,False
RARE,2026-08-16T14:44:12.234Z,2026-08-16T14:44:12.234489Z,2026-08-16T16:44:12.234489Z,7553.401861,7,0.011814999999999999,8.463817181550002,10.21276595744682,-1.92,83.82352941176471,8.463817181550002,68.8589489448016,3,2,1,0,1.0,False
RED,2026-08-16T14:44:25.683Z,2026-08-16T14:44:25.683556Z,2026-08-16T16:44:25.683556Z,7539.952794,7,0.08725,11.46131805157626,35.07972665148065,0.688,79.77941176470588,11.46131805157626,65.41325068725908,1,0,0,1,-1.0,False
RENDER,2026-08-16T14:44:31.136Z,2026-08-16T14:44:31.137116Z,2026-08-16T16:44:31.137116Z,7534.499234,7,1.2654999999999998,7.902015013829412,1.6666666666666594,-0.158,74.26470588235294,7.902015013829412,69.95902388666593,0,0,0,0,,False
RUNE,2026-08-16T14:44:45.776Z,2026-08-16T14:44:45.777121Z,2026-08-16T16:44:45.777121Z,7519.859229,7,0.4205,23.78121284185496,2.1582733812949657,-0.477,77.94117647058823,23.78121284185496,67.80445366311008,3,2,0,1,-0.3333,False
SHIB,2026-08-16T14:44:51.245Z,2026-08-16T14:44:51.245340Z,2026-08-16T16:44:51.245340Z,7514.39101,7,4.485e-06,22.29654403567426,3.1319910514541465,-1.758,73.52941176470588,22.29654403567426,61.55622802161466,24,13,11,0,0.8333,False
TRUMP,2026-08-16T14:45:01.343Z,2026-08-16T14:45:01.343911Z,2026-08-16T16:45:01.343911Z,7504.292439,7,1.4215,7.034822370734365,2.3571428571428514,-0.709,76.1029411764706,7.034822370734365,57.58569114085158,36,34,0,2,0.6667,False
ZRO,2026-08-16T14:45:12.612Z,2026-08-16T14:45:12.612431Z,2026-08-16T16:45:12.612431Z,7493.023919,7,0.7685,13.012361743656486,4.1666666666666705,-1.916,82.72058823529412,13.012361743656486,63.270491869701,17,14,1,2,0.7647,False
GIGGLE,2026-08-16T14:50:37.854Z,2026-08-16T14:50:37.854669Z,2026-08-16T16:50:37.854669Z,7768.500742,7,31.83,12.566760917374397,20.688631641436626,10.278,83.45588235294117,12.566760917374397,64.94383161592542,3,3,0,0,1.0,False
GPS,2026-08-16T14:50:45.656Z,2026-08-16T14:50:45.657093Z,2026-08-16T16:50:45.657093Z,7760.698318,7,0.010360000000000001,19.305019305020192,18.375634517766507,-4.647,73.8970588235294,19.305019305020192,51.980281651017286,6,0,3,3,-0.5,False
BMT,2026-08-16T14:51:33.227Z,2026-08-16T14:51:33.228211Z,2026-08-16T16:51:33.228211Z,7713.1272,7,0.015005000000000001,6.664445184939238,9.437621202327081,-0.833,68.38235294117646,6.664445184939238,57.100969998051816,2,1,0,1,0.0,False
BONK,2026-08-16T14:51:40.721Z,2026-08-16T14:51:40.721439Z,2026-08-16T16:51:40.721439Z,7705.633972,7,2.355e-06,42.462845010615304,2.553191489361714,0.427,62.13235294117647,42.462845010615304,66.10578644245975,3,1,2,0,0.6667,False
HEI,2026-08-16T14:52:05.267Z,2026-08-16T14:52:05.267766Z,2026-08-16T16:52:05.267766Z,7681.087645,7,0.1333,15.003750937732782,15.390334572490701,0.074,59.55882352941177,15.003750937732782,70.70983528477987,0,0,0,0,,False
JTO,2026-08-16T14:52:10.905Z,2026-08-16T14:52:10.906021Z,2026-08-16T16:52:10.906021Z,7675.44939,7,0.595,6.7226890756295115,3.680567280094535,2.085,63.60294117647059,6.7226890756295115,74.24166561876837,7,5,1,1,0.7143,False
JUP,2026-08-16T14:52:20.656Z,2026-08-16T14:52:20.656610Z,2026-08-16T16:52:20.656610Z,7665.698801,7,0.16905,5.915409642117065,2.142857142857138,-0.709,58.088235294117645,5.915409642117065,57.617574754547206,1,0,1,0,1.0,False
KITE,2026-08-16T14:52:26.932Z,2026-08-16T14:52:26.932960Z,2026-08-16T16:52:26.932960Z,7659.422451,7,0.09455,10.576414595452444,4.574468085106396,-2.692,60.294117647058826,10.576414595452444,61.109163947088184,0,0,0,0,,False
MMT,2026-08-16T14:52:39.383Z,2026-08-16T14:52:39.383224Z,2026-08-16T16:52:39.383224Z,7646.972187,7,0.17935,16.7270699749091,6.5689467969598265,4.6,57.720588235294116,16.7270699749091,72.64803651065746,0,0,0,0,,False
PAXG,2026-08-16T14:53:09.598Z,2026-08-16T14:53:09.598686Z,2026-08-16T16:53:09.598686Z,7616.756725,7,4376.275,0.02285048357177916,0.1793151715730594,-0.07,65.44117647058823,0.02285048357177916,57.98295133441971,1,1,0,0,1.0,False
POL,2026-08-16T14:53:20.828Z,2026-08-16T14:53:20.829121Z,2026-08-16T16:53:20.829121Z,7605.52629,7,0.07528,5.31349628055423,1.2076974120769663,0.12,63.970588235294116,5.31349628055423,72.81833205581327,9,4,3,2,0.3333,False
SAGA,2026-08-16T14:53:31.532Z,2026-08-16T14:53:31.533059Z,2026-08-16T16:53:31.533059Z,7594.822352,7,0.013085,7.642338555597702,3.5741444866920142,1.232,56.61764705882353,7.642338555597702,67.17321397259336,0,0,0,0,,False
SAPIEN,2026-08-16T14:53:37.383Z,2026-08-16T14:53:37.383698Z,2026-08-16T16:53:37.383698Z,7588.971713,7,0.07805000000000001,12.812299807815869,3.084832904884318,0.387,65.80882352941177,12.812299807815869,52.56663063963287,4,2,0,2,1.0,False
SEI,2026-08-16T14:53:45.530Z,2026-08-16T14:53:45.530957Z,2026-08-16T16:53:45.530957Z,7580.824454,7,0.03994,5.0075112669001465,2.130859864627735,-0.623,66.17647058823529,5.0075112669001465,53.490844398773746,4,4,0,0,1.0,False
THE,2026-08-16T14:53:57.073Z,2026-08-16T14:53:57.074220Z,2026-08-16T16:53:57.074220Z,7569.281191,7,0.06185,16.168148746967812,8.064516129032254,1.473,64.33823529411765,16.168148746967812,48.09816214031158,21,12,6,3,0.4286,False
TST,2026-08-16T14:54:02.578Z,2026-08-16T14:54:02.578947Z,2026-08-16T16:54:02.578947Z,7563.776464,7,0.014245,21.06002106002142,8.704592186429062,3.77,64.70588235294117,21.06002106002142,63.311055262867065,0,0,0,0,,False
XTZ,2026-08-16T14:54:27.715Z,2026-08-16T14:54:27.715723Z,2026-08-16T16:54:27.715723Z,7538.639688,7,0.1981,10.095911155980716,3.3992897006595553,-1.548,61.029411764705884,10.095911155980716,60.87716593612214,11,10,1,0,0.8182,False
ZBT,2026-08-16T14:54:35.487Z,2026-08-16T14:54:35.487916Z,2026-08-16T16:54:35.487916Z,7530.867495,7,0.08455,11.827321111766882,5.503512880562056,-0.928,63.23529411764706,11.827321111766882,70.65265643989643,0,0,0,0,,False
ZEN,2026-08-16T14:54:42.802Z,2026-08-16T14:54:42.802333Z,2026-08-16T16:54:42.802333Z,7523.553078,7,4.0065,7.4878322725573785,1.2465719272001952,0.175,62.5,7.4878322725573785,66.48585634460689,0,0,0,0,,False
APE,2026-08-16T15:00:25.893Z,2026-08-16T15:00:25.894085Z,2026-08-16T17:00:25.894085Z,7780.149724,7,0.12375,8.080808080807191,1.5422077922077913,-0.485,43.38235294117647,8.080808080807191,64.42888722878362,22,22,0,0,1.0,False
BANANAS31,2026-08-16T15:00:43.106Z,2026-08-16T15:00:43.107203Z,2026-08-16T17:00:43.107203Z,7762.936606,7,0.008761499999999998,5.706785367802086,4.170008019246187,1.891,55.88235294117647,5.706785367802086,55.72606566964367,0,0,0,0,,True
BB,2026-08-16T15:00:50.887Z,2026-08-16T15:00:50.887891Z,2026-08-16T17:00:50.887891Z,7755.155918,7,0.01145,17.46724890829623,6.288209606986901,-3.943,50.0,17.46724890829623,54.120306892526095,0,0,0,0,,False
BERA,2026-08-16T15:00:56.502Z,2026-08-16T15:00:56.503125Z,2026-08-16T17:00:56.503125Z,7749.540684,7,0.14655,6.823609689526902,6.122448979591843,-2.842,55.14705882352941,6.823609689526902,55.1206111977279,5,2,2,1,1.0,False
CETUS,2026-08-16T15:01:05.965Z,2026-08-16T15:01:05.965886Z,2026-08-16T17:01:05.965886Z,7740.077923,7,0.021405,14.01541695865557,7.400722021660646,7.001,51.838235294117645,14.01541695865557,65.6703417531628,2,1,1,0,1.0,False
CHZ,2026-08-16T15:01:12.933Z,2026-08-16T15:01:12.934139Z,2026-08-16T17:01:12.934139Z,7733.10967,7,0.012535000000000001,7.977662544875409,1.6853932584269673,-1.111,55.51470588235294,7.977662544875409,46.5138738025917,4,2,1,1,0.75,False
COOKIE,2026-08-16T15:01:20.811Z,2026-08-16T15:01:20.812193Z,2026-08-16T17:01:20.812193Z,7725.231616,7,0.01125,88.88888888888835,6.956521739130437,0.0,48.89705882352941,88.88888888888835,56.799345133299155,0,0,0,0,,False
ERA,2026-08-16T15:01:41.223Z,2026-08-16T15:01:41.223577Z,2026-08-16T17:01:41.223577Z,7704.820232,7,0.060649999999999996,16.488046166528598,5.227655986509273,-1.821,53.30882352941177,16.488046166528598,53.2343673287116,0,0,0,0,,False
FLOKI,2026-08-16T15:01:52.698Z,2026-08-16T15:01:52.699213Z,2026-08-16T17:01:52.699213Z,7693.344596,7,2.0385000000000002e-05,4.905567819474226,1.7258382642997945,-1.073,52.205882352941174,4.905567819474226,55.831471033113495,3,1,0,2,1.0,False
HUMA,2026-08-16T15:02:05.352Z,2026-08-16T15:02:05.352819Z,2026-08-16T17:02:05.352819Z,7680.69099,7,0.02052,19.493177387913434,8.670238675109596,-5.653,52.5735294117647,19.493177387913434,48.91573809057508,1,1,0,0,1.0,False
LINEA,2026-08-16T15:02:18.021Z,2026-08-16T15:02:18.021227Z,2026-08-16T17:02:18.021227Z,7668.022582,7,0.0021585,4.632846884409076,5.2753354928273914,0.793,48.161764705882355,4.632846884409076,38.21170268676655,0,0,0,0,,False
LISTA,2026-08-16T15:02:25.269Z,2026-08-16T15:02:25.269863Z,2026-08-16T17:02:25.269863Z,7660.773946,7,0.05765,17.346053772767192,4.844290657439453,-0.858,50.73529411764706,17.346053772767192,66.60811784685924,0,0,0,0,,False
MIRA,2026-08-16T15:02:32.253Z,2026-08-16T15:02:32.254273Z,2026-08-16T17:02:32.254273Z,7653.789536,7,0.038849999999999996,25.740025740024695,3.84615384615385,-1.515,45.220588235294116,25.740025740024695,47.30927628401794,1,0,1,0,1.0,False
MORPHO,2026-08-16T15:02:40.037Z,2026-08-16T15:02:40.037990Z,2026-08-16T17:02:40.037990Z,7646.005819,7,2.0015,4.996252810391655,2.805611222444881,2.359,44.11764705882353,4.996252810391655,75.91960565286956,2,1,1,0,0.5,False
MUBARAK,2026-08-16T15:02:47.254Z,2026-08-16T15:02:47.255012Z,2026-08-16T17:02:47.255012Z,7638.788797,7,0.016495000000000003,18.187329493785253,12.273524254821748,5.813,47.4264705882353,18.187329493785253,65.94515942223953,0,0,0,0,,False
NEIRO,2026-08-16T15:02:52.211Z,2026-08-16T15:02:52.211657Z,2026-08-16T17:02:52.211657Z,7633.832152,7,6.5035e-05,16.913969401091297,5.434284842008854,1.174,51.470588235294116,16.913969401091297,47.61994159061336,46,43,0,3,0.7826,False
NEO,2026-08-16T15:02:57.617Z,2026-08-16T15:02:57.617371Z,2026-08-16T17:02:57.617371Z,7628.426438,7,1.6804999999999999,5.950609937519262,2.0298507462686586,-0.829,49.26470588235294,5.950609937519262,66.69999691610127,1,1,0,0,1.0,False
NOM,2026-08-16T15:03:05.304Z,2026-08-16T15:03:05.305038Z,2026-08-16T17:03:05.305038Z,7620.738771,7,0.001635,61.16207951070353,6.060606060606051,0.0,43.01470588235294,61.16207951070353,55.48958553927649,3,2,0,1,0.3333,False
RESOLV,2026-08-16T15:03:16.342Z,2026-08-16T15:03:16.342701Z,2026-08-16T17:03:16.342701Z,7609.701108,7,0.017235,5.80214679431366,5.360230547550433,-0.516,47.794117647058826,5.80214679431366,59.288278312750705,2,2,0,0,1.0,False
SAND,2026-08-16T15:03:21.518Z,2026-08-16T15:03:21.521298Z,2026-08-16T17:03:21.521298Z,7604.522511,7,0.039855,7.527286413248588,3.059418457648535,-0.578,48.529411764705884,7.527286413248588,68.88621500729884,5,0,3,2,0.6,False
SOPH,2026-08-16T15:03:35.463Z,2026-08-16T15:03:35.463357Z,2026-08-16T17:03:35.463357Z,7590.580452,7,0.0036750000000000003,27.210884353741562,5.420054200542008,-0.27,41.544117647058826,27.210884353741562,61.905359894679464,1,1,0,0,1.0,False
TIA,2026-08-16T15:03:46.641Z,2026-08-16T15:03:46.641774Z,2026-08-16T17:03:46.641774Z,7579.402035,7,0.3095,6.462035541194765,2.389525368248764,0.46,54.044117647058826,6.462035541194765,58.71302883997791,33,16,17,0,1.0,False
TLM,2026-08-16T15:03:53.667Z,2026-08-16T15:03:53.667369Z,2026-08-16T17:03:53.667369Z,7572.37644,7,0.001581,12.650221378874438,5.555555555555568,-1.98,42.279411764705884,12.650221378874438,51.00514978205305,4,4,0,0,1.0,False
TRB,2026-08-16T15:04:04.479Z,2026-08-16T15:04:04.480099Z,2026-08-16T17:04:04.480099Z,7561.56371,7,13.065000000000001,7.65403750478361,1.9832189168573728,-0.682,42.64705882352941,7.65403750478361,60.17322006626383,0,0,0,0,,False
USDE,2026-08-16T15:04:08.994Z,2026-08-16T15:04:08.995044Z,2026-08-16T17:04:08.995044Z,7557.048765,7,0.99995,1.000050002500015,0.0100010001000089,-0.01,51.10294117647059,1.000050002500015,56.85130501788238,2,1,1,0,0.0,False
AXS,2026-08-16T15:10:21.874Z,2026-08-16T15:10:21.874786Z,2026-08-16T17:10:21.874786Z,7783.975783,7,0.8785000000000001,11.383039271485496,2.9545454545454573,0.802,32.720588235294116,11.383039271485496,69.96808873302868,0,0,0,0,,False
EGLD,2026-08-16T15:10:50.814Z,2026-08-16T15:10:50.814998Z,2026-08-16T17:10:50.814998Z,7755.035571,7,2.665,37.523452157597696,2.661596958174899,-0.379,40.0735294117647,37.523452157597696,64.64352580980236,3,2,1,0,1.0,False
ENJ,2026-08-16T15:11:03.095Z,2026-08-16T15:11:03.095410Z,2026-08-16T17:11:03.095410Z,7742.755159,7,0.023960000000000002,25.0417362270455,2.762662201758047,-1.728,27.205882352941178,25.0417362270455,55.07937653790505,3,1,2,0,0.3333,False
PNUT,2026-08-16T15:12:29.681Z,2026-08-16T15:12:29.681455Z,2026-08-16T17:12:29.681455Z,7656.169114,7,0.0408,49.01960784313695,5.352798053527982,0.983,33.8235294117647,49.01960784313695,33.8303874514271,0,0,0,0,,False
RAY,2026-08-16T15:12:40.789Z,2026-08-16T15:12:40.789275Z,2026-08-16T17:12:40.789275Z,7645.061294,7,0.62325,1.6044925792216445,0.9172835532668231,-0.161,38.60294117647059,1.6044925792216445,69.16299721519401,9,4,5,0,1.0,False
RSR,2026-08-16T15:12:51.495Z,2026-08-16T15:12:51.495964Z,2026-08-16T17:12:51.495964Z,7634.354605,7,0.0011515,8.68432479374844,0.6956521739130415,-0.174,39.338235294117645,8.68432479374844,39.62363746812762,0,0,0,0,,False
SOLV,2026-08-16T15:12:57.163Z,2026-08-16T15:12:57.163855Z,2026-08-16T17:12:57.163855Z,7628.686714,7,0.0023150000000000002,43.19654427645799,3.9130434782608794,0.0,34.19117647058823,43.19654427645799,60.18730191473962,0,0,0,0,,False
STX,2026-08-16T15:13:05.273Z,2026-08-16T15:13:05.274142Z,2026-08-16T17:13:05.274142Z,7620.576427,7,0.12265000000000001,8.153281695882827,2.7004909983633483,-0.65,37.86764705882353,8.153281695882827,44.281861820819394,5,3,2,0,0.0,False
THETA,2026-08-16T15:13:12.141Z,2026-08-16T15:13:12.141926Z,2026-08-16T17:13:12.141926Z,7613.708643,7,0.1382,14.471780028943975,2.523431867339584,0.0,34.55882352941177,14.471780028943975,39.950906439064454,7,1,0,6,1.0,False
USUAL,2026-08-16T15:13:25.548Z,2026-08-16T15:13:25.548371Z,2026-08-16T17:13:25.548371Z,7600.302198,7,0.008925,11.204481792716628,5.351170568561868,1.014,26.83823529411765,11.204481792716628,65.74362399279985,0,0,0,0,,True
WCT,2026-08-16T15:13:36.590Z,2026-08-16T15:13:36.591132Z,2026-08-16T17:13:36.591132Z,7589.259437,7,0.03432,11.655011655013201,9.88914819136522,0.381,36.029411764705884,11.655011655013201,62.535055723841964,0,0,0,0,,False
1MBABYDOGE,2026-08-16T15:19:27.054Z,2026-08-16T15:19:27.054785Z,2026-08-16T17:19:27.054785Z,7238.795784,7,0.0003265,12.251148545176408,2.6728110599078323,-0.367,18.014705882352942,12.251148545176408,61.77334344654771,0,0,0,0,,
GRT,2026-08-16T15:20:40.852Z,2026-08-16T15:20:40.853022Z,2026-08-16T17:20:40.853022Z,7765.341499,7,0.013475,7.421150278294119,1.9287833827893162,-1.173,19.852941176470587,7.421150278294119,57.625215175011725,1,1,0,0,1.0,False
GUN,2026-08-16T15:20:47.684Z,2026-08-16T15:20:47.684629Z,2026-08-16T17:20:47.684629Z,7758.509892,7,0.0029950000000000003,33.38898163606019,5.6105610561056105,1.678,26.470588235294116,33.38898163606019,67.10196975694541,0,0,0,0,,False
HMSTR,2026-08-16T15:20:55.471Z,2026-08-16T15:20:55.472437Z,2026-08-16T17:20:55.472437Z,7750.722084,7,0.0001742,11.481056257175938,2.6965002868617356,-0.627,21.691176470588236,11.481056257175938,63.82497689269357,0,0,0,0,,False
IOTA,2026-08-16T15:21:02.066Z,2026-08-16T15:21:02.066751Z,2026-08-16T17:21:02.066751Z,7744.12777,7,0.03195,31.298904538342057,3.4482758620689773,-2.744,20.220588235294116,31.298904538342057,53.99316440373204,2,0,0,2,-1.0,False
LA,2026-08-16T15:21:13.856Z,2026-08-16T15:21:13.856319Z,2026-08-16T17:21:13.856319Z,7732.338202,7,0.0479,41.75365344467616,5.4166666666666625,-3.03,14.705882352941176,41.75365344467616,53.92711174265774,0,0,0,0,,False
MEME,2026-08-16T15:21:39.908Z,2026-08-16T15:21:39.908168Z,2026-08-16T17:21:39.908168Z,7706.286353,7,0.0004755,21.030494216614603,4.8117154811715395,-1.646,25.0,21.030494216614603,57.598891055630595,61,41,14,6,0.9344,False
OPEN,2026-08-16T15:21:57.046Z,2026-08-16T15:21:57.047037Z,2026-08-16T17:21:57.047037Z,7689.147484,7,0.1723,11.607661056297488,7.536231884057962,-6.148,23.16176470588235,11.607661056297488,56.527497452482606,7,3,4,0,1.0,False
OSMO,2026-08-16T15:22:01.950Z,2026-08-16T15:22:01.950287Z,2026-08-16T17:22:01.950287Z,7684.244234,7,0.030350000000000002,32.948929159802105,3.6423841059602653,0.667,23.897058823529413,32.948929159802105,56.103088532273176,1,0,0,1,-1.0,False
PHA,2026-08-16T15:22:08.387Z,2026-08-16T15:22:08.388126Z,2026-08-16T17:22:08.388126Z,7677.806395,7,0.021949999999999997,45.558086560364195,5.022831050228311,-0.905,16.91176470588235,45.558086560364195,55.28985088180573,0,0,0,0,,False
PYTH,2026-08-16T15:22:15.676Z,2026-08-16T15:22:15.676447Z,2026-08-16T17:22:15.676447Z,7670.518074,7,0.03955,15.170670037926055,2.5732484076433044,-1.777,25.36764705882353,15.170670037926055,59.84653702049546,1,0,1,0,1.0,False
SAHARA,2026-08-16T15:22:26.342Z,2026-08-16T15:22:26.342340Z,2026-08-16T17:22:26.342340Z,7659.852181,7,0.007665,13.046314416176898,2.600780234070228,-1.913,12.5,13.046314416176898,31.209222251057707,0,0,0,0,,False
SHELL,2026-08-16T15:22:38.132Z,2026-08-16T15:22:38.132480Z,2026-08-16T17:22:38.132480Z,7648.062041,7,0.020900000000000002,95.69377990430729,5.238095238095239,3.96,16.176470588235293,95.69377990430729,68.61385155658571,1,1,0,0,1.0,False
SPK,2026-08-16T15:22:50.901Z,2026-08-16T15:22:50.901744Z,2026-08-16T17:22:50.901744Z,7635.292777,7,0.0143445,11.851232179580784,2.079698513504092,-0.174,16.544117647058822,11.851232179580784,50.66552900514475,5,1,4,0,1.0,False
TURBO,2026-08-16T15:23:04.067Z,2026-08-16T15:23:04.067952Z,2026-08-16T17:23:04.067952Z,7622.126569,7,0.0007975,12.539184952978362,3.7783375314861423,0.0,15.441176470588236,12.539184952978362,63.40147671794831,7,3,3,1,0.2857,False
VET,2026-08-16T15:23:10.425Z,2026-08-16T15:23:10.425365Z,2026-08-16T17:23:10.425365Z,7615.769156,7,0.0044235,6.78195998643698,2.6363226678684075,-2.29,15.073529411764707,6.78195998643698,35.64021025580485,3,1,1,1,0.3333,False
ZKC,2026-08-16T15:23:17.372Z,2026-08-16T15:23:17.373137Z,2026-08-16T17:23:17.373137Z,7608.821384,7,0.03775,26.490066225166323,2.1164021164021216,-0.787,25.735294117647058,26.490066225166323,44.35387579130218,0,0,0,0,,False
AUCTION,2026-08-16T15:29:11.182Z,2026-08-16T15:29:11.182711Z,2026-08-16T17:29:11.182711Z,7255.01181,7,2.8440000000000003,49.22644163150418,1.87146892655367,-1.221,1.838235294117647,49.22644163150418,41.63164930008894,0,0,0,0,,False
BFUSD,2026-08-16T15:29:22.032Z,2026-08-16T15:29:22.032748Z,2026-08-16T17:29:22.032748Z,7244.161773,7,0.99905,11.010459936939991,0.12018027040560629,0.0,2.2058823529411766,11.010459936939991,39.805504493586405,0,0,0,0,,False
BLUR,2026-08-16T15:29:28.050Z,2026-08-16T15:29:28.050431Z,2026-08-16T17:29:28.050431Z,7238.14409,7,0.01318,45.523520485583674,1.6691957511380857,-0.152,3.676470588235294,45.523520485583674,65.95150038239538,0,0,0,0,,False
BNB,2026-08-16T15:29:33.149Z,2026-08-16T15:29:33.149445Z,2026-08-16T17:29:33.149445Z,7233.045076,7,606.605,0.164851921761128,1.258358862865235,-0.279,97.79411764705883,0.164851921761128,60.20527469896323,40,18,19,3,0.725,False
BTC,2026-08-16T15:29:45.805Z,2026-08-16T15:29:45.806111Z,2026-08-16T17:29:45.806111Z,7220.38841,7,63131.015,0.001584007479487113,0.3188350623393928,0.099,100.0,0.001584007479487113,76.90022435678056,37,16,11,10,0.0541,False
COMP,2026-08-16T15:29:58.116Z,2026-08-16T15:29:58.117073Z,2026-08-16T17:29:58.117073Z,7208.077448,7,16.23,36.96857670979807,0.6765067650676472,0.432,2.9411764705882355,36.96857670979807,46.27287360515304,7,5,1,1,0.7143,False
HIVE,2026-08-16T15:30:35.057Z,2026-08-16T15:30:35.057473Z,2026-08-16T17:30:35.057473Z,7770.621034,7,0.0393,50.89058524172997,1.7811704834605577,-1.008,2.573529411764706,50.89058524172997,56.2874150682879,0,0,0,0,,False
ILV,2026-08-16T15:30:47.733Z,2026-08-16T15:30:47.734057Z,2026-08-16T17:30:47.734057Z,7757.94445,7,3.08,64.93506493506499,5.769230769230759,4.698,9.191176470588236,64.93506493506499,67.3393408960013,0,0,0,0,,False
KAIA,2026-08-16T15:30:53.010Z,2026-08-16T15:30:53.010682Z,2026-08-16T17:30:53.010682Z,7752.667825,7,0.02435,41.067761806982695,4.098360655737708,-3.175,10.294117647058824,41.067761806982695,52.63158161692247,2,1,0,1,-1.0,False
LINK,2026-08-16T15:30:58.709Z,2026-08-16T15:30:58.710091Z,2026-08-16T17:30:58.710091Z,7746.968416,7,9.4175,1.06185293336814,3.5966602440590716,-1.404,98.16176470588235,1.06185293336814,63.7830415787685,34,16,14,4,0.4412,False
NEWT,2026-08-16T15:31:11.683Z,2026-08-16T15:31:11.683424Z,2026-08-16T17:31:11.683424Z,7733.995083,7,0.0382,52.35602094240806,1.8817204301075248,-1.064,5.882352941176471,52.35602094240806,55.309477197738765,0,0,0,0,,False
NMR,2026-08-16T15:31:18.675Z,2026-08-16T15:31:18.675694Z,2026-08-16T17:31:18.675694Z,7727.002813,7,8.129999999999999,24.600246002461688,0.9888751545117438,-0.614,1.4705882352941178,24.600246002461688,52.505381309032764,0,0,0,0,,False
REZ,2026-08-16T15:31:26.164Z,2026-08-16T15:31:26.164811Z,2026-08-16T17:31:26.164811Z,7719.513696,7,0.002726,22.010271460014412,2.7849028948332606,-0.547,8.823529411764707,22.010271460014412,62.53970282835934,1,1,0,0,1.0,False
SOL,2026-08-16T15:31:37.254Z,2026-08-16T15:31:37.254605Z,2026-08-16T17:31:37.254605Z,7708.423902,7,75.345,1.3272280841450534,0.7569721115537947,-0.172,98.8970588235294,1.3272280841450534,68.42145268096954,23,14,7,2,0.8696,False
STEEM,2026-08-16T15:31:45.251Z,2026-08-16T15:31:45.251670Z,2026-08-16T17:31:45.251670Z,7700.426837,7,0.035275,19.844082211197904,0.7120478496154947,-0.114,0.7352941176470589,19.844082211197904,39.84255194513615,0,0,0,0,,False
STO,2026-08-16T15:31:51.883Z,2026-08-16T15:31:51.883709Z,2026-08-16T17:31:51.883709Z,7693.794798,7,0.038650000000000004,25.873221216040342,1.542416452442168,1.039,4.779411764705882,25.873221216040342,63.997409945216305,0,0,0,0,,False
SXT,2026-08-16T15:31:59.042Z,2026-08-16T15:31:59.042555Z,2026-08-16T17:31:59.042555Z,7686.635952,7,0.00704,56.81818181818197,1.285714285714283,0.287,0.36764705882352944,56.81818181818197,53.415006504829456,0,0,0,0,,False
TNSR,2026-08-16T15:32:05.870Z,2026-08-16T15:32:05.871118Z,2026-08-16T17:32:05.871118Z,7679.807389,7,0.032299999999999995,61.919504643962476,2.7607361963190127,-0.912,6.25,61.919504643962476,46.388527873767565,1,1,0,0,1.0,False
TURTLE,2026-08-16T15:32:12.448Z,2026-08-16T15:32:12.448291Z,2026-08-16T17:32:12.448291Z,7673.230216,7,0.0432,46.29629629629601,3.472222222222225,1.171,9.926470588235293,46.29629629629601,46.57332880867136,2,1,0,1,0.0,False
UMA,2026-08-16T15:32:24.286Z,2026-08-16T15:32:24.286655Z,2026-08-16T17:32:24.286655Z,7661.391852,7,0.3225,31.007751937984523,1.5479876160990726,-1.223,5.514705882352941,31.007751937984523,39.52499494892076,0,0,0,0,,True
USD1,2026-08-16T15:32:29.248Z,2026-08-16T15:32:29.248658Z,2026-08-16T17:32:29.248658Z,7656.429849,7,0.99925,1.0007505629220814,0.030021014710293902,0.02,99.26470588235294,1.0007505629220814,79.42549325589667,2,2,0,0,1.0,False
VANA,2026-08-16T15:32:36.243Z,2026-08-16T15:32:36.243870Z,2026-08-16T17:32:36.243870Z,7649.434637,7,0.869,46.02991944764101,4.827586206896556,0.346,3.3088235294117645,46.02991944764101,45.24013939401043,0,0,0,0,,False
VELODROME,2026-08-16T15:32:42.826Z,2026-08-16T15:32:42.827205Z,2026-08-16T17:32:42.827205Z,7642.851302,7,0.016829999999999998,35.65062388591862,1.3706793802145474,-0.178,4.411764705882353,35.65062388591862,44.19687895851853,0,0,0,0,,True
XVG,2026-08-16T15:32:50.654Z,2026-08-16T15:32:50.655019Z,2026-08-16T17:32:50.655019Z,7635.023488,7,0.002051,19.502681618723052,1.9379844961240362,-0.434,5.147058823529412,19.502681618723052,44.63187968851227,0,0,0,0,,False
AVAX,2026-08-16T15:38:45.324Z,2026-08-16T15:38:45.324948Z,2026-08-16T17:38:45.324948Z,7280.353559,7,6.372999999999999,3.138239447669512,5.493990947401285,-2.213,94.8529411764706,3.138239447669512,70.65646053758807,19,11,4,4,0.5263,False
DOGE,2026-08-16T15:39:12.068Z,2026-08-16T15:39:12.069159Z,2026-08-16T17:39:12.069159Z,7253.609348,7,0.06998499999999999,1.4288776166315817,0.8432185222238203,-0.014,86.76470588235294,1.4288776166315817,73.80089465701768,41,22,14,5,0.4146,False
EUR,2026-08-16T15:39:16.679Z,2026-08-16T15:39:16.679927Z,2026-08-16T17:39:16.679927Z,7248.99858,7,1.1563500000000002,0.8647900722098756,0.043237634036679955,-0.017,96.69117647058823,0.8647900722098756,67.75181810480656,1,0,1,0,1.0,False
FET,2026-08-16T15:39:25.990Z,2026-08-16T15:39:25.991108Z,2026-08-16T17:39:25.991108Z,7239.687399,7,0.12484999999999999,8.009611533840838,7.66747376916868,-5.492,91.91176470588235,8.009611533840838,47.76512697696146,47,14,29,4,0.8511,False
HOME,2026-08-16T15:39:31.281Z,2026-08-16T15:39:31.282022Z,2026-08-16T17:39:31.282022Z,7234.396485,7,0.007375,13.559322033898928,21.031746031746025,-16.372,87.13235294117646,13.559322033898928,48.70734271220223,1,1,0,0,1.0,False
ICP,2026-08-16T15:39:37.431Z,2026-08-16T15:39:37.432162Z,2026-08-16T17:39:37.432162Z,7228.246345,7,2.2775,4.3907793633365095,3.262786596119923,0.666,92.27941176470588,4.3907793633365095,69.0625951655508,19,11,5,3,0.2632,False
LTC,2026-08-16T15:39:49.439Z,2026-08-16T15:39:49.440098Z,2026-08-16T17:39:49.440098Z,7216.238409,7,44.504999999999995,2.2469385462303135,0.8348375451263641,0.567,90.07352941176471,2.2469385462303135,75.12900108759418,18,10,7,1,0.7222,False
NEAR,2026-08-16T15:39:55.814Z,2026-08-16T15:39:55.814376Z,2026-08-16T17:39:55.814376Z,7209.864131,7,1.6145,6.193868070609414,2.5941939468807793,-0.797,95.22058823529412,6.193868070609414,51.702761694779404,10,7,1,2,0.4,False
PLUME,2026-08-16T15:40:06.909Z,2026-08-16T15:40:06.910220Z,2026-08-16T17:40:06.910220Z,7798.415963,7,0.013335,7.499062617172548,6.606606606606598,0.528,96.32352941176471,7.499062617172548,65.63272672293445,5,4,1,0,1.0,False
PUMP,2026-08-16T15:40:12.021Z,2026-08-16T15:40:12.022167Z,2026-08-16T17:40:12.022167Z,7793.304016,7,0.0027425,3.646308113036035,6.595431098010314,-2.898,95.58823529411765,3.646308113036035,51.97158247630352,23,22,1,0,0.913,False
SUI,2026-08-16T15:40:18.878Z,2026-08-16T15:40:18.878279Z,2026-08-16T17:40:18.878279Z,7786.447904,7,0.67665,1.4778689130272518,1.6359616801768606,-0.572,93.38235294117646,1.4778689130272518,68.76336878618943,10,6,4,0,0.6,False
SYRUP,2026-08-16T15:40:23.959Z,2026-08-16T15:40:23.959460Z,2026-08-16T17:40:23.959460Z,7781.366723,7,0.16325,6.1255742725873805,7.186732186732179,3.365,92.6470588235294,6.1255742725873805,61.29153833417338,4,4,0,0,1.0,False
TRX,2026-08-16T15:40:29.859Z,2026-08-16T15:40:29.860004Z,2026-08-16T17:40:29.860004Z,7775.466179,7,0.33194999999999997,3.0125018828150174,0.48280024140011785,0.181,95.95588235294117,3.0125018828150174,57.96153066693175,41,31,9,1,0.9512,False
TUT,2026-08-16T15:40:35.409Z,2026-08-16T15:40:35.409476Z,2026-08-16T17:40:35.409476Z,7769.916707,7,0.032505,21.53514843870193,28.53717026378897,-3.917,90.80882352941177,21.53514843870193,49.41723422961659,5,3,1,1,-0.2,False
XPL,2026-08-16T15:40:59.230Z,2026-08-16T15:40:59.231157Z,2026-08-16T17:40:59.231157Z,7746.095026,7,0.076415,6.543217954589347,4.826780848579215,-0.052,89.33823529411765,6.543217954589347,64.47622706350289,3,1,2,0,-0.6667,False
ZEC,2026-08-16T15:41:09.149Z,2026-08-16T15:41:09.149303Z,2026-08-16T17:41:09.149303Z,7736.17688,7,490.37,2.8549870505941706,1.9436602554989122,0.755,94.11764705882354,2.8549870505941706,63.989782614502495,23,10,9,4,0.7826,False
AAVE,2026-08-16T15:46:53.015Z,2026-08-16T15:46:53.016097Z,2026-08-16T17:46:53.016097Z,7392.310086,7,86.75999999999999,2.3052097740889836,1.9068531145267604,-0.069,79.77941176470588,2.3052097740889836,60.96632039178521,30,19,9,2,0.8333,False
ALGO,2026-08-16T15:47:07.182Z,2026-08-16T15:47:07.182323Z,2026-08-16T17:47:07.182323Z,7378.14386,7,0.07915,12.634238787113437,2.1601016518424307,-1.378,72.42647058823529,12.634238787113437,62.929008334950524,7,4,2,1,0.7143,False
DOLO,2026-08-16T15:47:33.407Z,2026-08-16T15:47:33.407943Z,2026-08-16T17:47:33.407943Z,7351.91824,7,0.02484,48.30917874396078,25.931800158604286,23.627,75.0,48.30917874396078,73.78430882074873,3,1,1,1,0.3333,False
ENA,2026-08-16T15:47:43.694Z,2026-08-16T15:47:43.694408Z,2026-08-16T17:47:43.694408Z,7341.631775,7,0.08374999999999999,11.94029850746303,3.353293413173666,-1.88,84.92647058823529,11.94029850746303,61.43102986871062,7,3,0,4,0.8571,False
EPIC,2026-08-16T15:47:55.685Z,2026-08-16T15:47:55.685795Z,2026-08-16T17:47:55.685795Z,7329.640388,7,0.37255,34.8946450140912,10.250696378830083,4.909,74.63235294117646,34.8946450140912,54.59110134305226,3,3,0,0,1.0,False
NXPC,2026-08-16T15:48:38.931Z,2026-08-16T15:48:38.931566Z,2026-08-16T17:48:38.931566Z,7286.394617,7,0.19315,15.53196997152445,11.73708920187793,-0.208,83.82352941176471,15.53196997152445,67.53428828155808,0,0,0,0,,False
PIXEL,2026-08-16T15:49:06.771Z,2026-08-16T15:49:06.771502Z,2026-08-16T17:49:06.771502Z,7258.554681,7,0.004805,20.811654526535815,35.450819672131146,2.092,73.16176470588235,20.811654526535815,63.90956826759472,12,6,6,0,0.9167,False
SOMI,2026-08-16T15:49:47.102Z,2026-08-16T15:49:47.102722Z,2026-08-16T17:49:47.102722Z,7218.223461,7,0.09185,10.887316276536634,8.360477741585232,-3.155,83.08823529411765,10.887316276536634,63.94248115401214,0,0,0,0,,False
TAO,2026-08-16T15:49:52.871Z,2026-08-16T15:49:52.871937Z,2026-08-16T17:49:52.871937Z,7212.454246,7,196.64999999999998,5.08517670989038,1.677681748856132,-0.657,85.29411764705883,5.08517670989038,70.91888818204629,55,38,13,4,0.8909,False
UNI,2026-08-16T15:50:03.010Z,2026-08-16T15:50:03.011179Z,2026-08-16T17:50:03.011179Z,7202.315004,7,3.298,6.064281382655487,2.6147765278200015,1.169,80.51470588235294,6.064281382655487,62.174110494381466,44,15,12,17,0.6136,False
0G,2026-08-16T15:55:48.661Z,2026-08-16T15:55:48.661340Z,2026-08-16T17:55:48.661340Z,7459.512667,7,0.1585,63.09148264984233,5.660377358490571,-4.79,67.27941176470588,63.09148264984233,52.990077853486575,0,0,0,0,,False
AR,2026-08-16T15:55:56.096Z,2026-08-16T15:55:56.096974Z,2026-08-16T17:55:56.096974Z,7452.077033,7,1.8005,5.554012774228769,3.4235229155162923,0.667,59.9264705882353,5.554012774228769,68.41017992141562,3,3,0,0,0.6667,False
ASTER,2026-08-16T15:56:05.759Z,2026-08-16T15:56:05.760057Z,2026-08-16T17:56:05.760057Z,7442.41395,7,0.6014999999999999,16.625103906899437,0.6655574043261238,0.167,56.98529411764706,16.625103906899437,72.55117215128081,10,5,5,0,0.8,False
AVNT,2026-08-16T15:56:11.614Z,2026-08-16T15:56:11.614611Z,2026-08-16T17:56:11.614611Z,7436.559396,7,0.10114999999999999,9.88630746416242,6.030150753768836,1.427,66.91176470588235,9.88630746416242,58.88771880369023,4,1,1,2,0.0,False
CAKE,2026-08-16T15:56:32.548Z,2026-08-16T15:56:32.548950Z,2026-08-16T17:56:32.548950Z,7415.625057,7,1.4555,6.870491240122912,2.88263555250515,1.959,69.11764705882354,6.870491240122912,76.12303811820424,6,3,2,1,0.6667,False
EDEN,2026-08-16T15:56:45.565Z,2026-08-16T15:56:45.566040Z,2026-08-16T17:56:45.566040Z,7402.607967,7,0.04466,17.913121361396495,12.404255319148925,-0.149,69.8529411764706,17.913121361396495,72.5221282176529,2,0,1,1,0.0,False
GALA,2026-08-16T15:56:59.433Z,2026-08-16T15:56:59.433804Z,2026-08-16T17:56:59.433804Z,7388.740203,7,0.0016535,6.047777441790944,3.6702767749699072,0.484,69.48529411764706,6.047777441790944,68.23689602841952,1,0,0,1,-1.0,False
ORDI,2026-08-16T15:58:08.216Z,2026-08-16T15:58:08.216400Z,2026-08-16T17:58:08.216400Z,7319.957607,7,3.4045,14.686444411807589,3.0462800234329257,0.059,57.35294117647059,14.686444411807589,64.2091855312019,11,2,6,3,0.6364,False
PENDLE,2026-08-16T15:58:21.567Z,2026-08-16T15:58:21.567509Z,2026-08-16T17:58:21.567509Z,7306.606498,7,1.2865,7.773027594247104,2.872670807453427,-1.754,61.76470588235294,7.773027594247104,57.64359306891303,0,0,0,0,,False
STRK,2026-08-16T15:58:55.601Z,2026-08-16T15:58:55.601292Z,2026-08-16T17:58:55.601292Z,7272.572715,7,0.023445,4.265301770100061,2.7932960893854655,1.439,65.07352941176471,4.265301770100061,67.08633253698541,0,0,0,0,,False
VANRY,2026-08-16T15:59:13.476Z,2026-08-16T15:59:13.476618Z,2026-08-16T17:59:13.476618Z,7254.697389,7,0.0011475,130.71895424836634,56.82008368200836,-19.96,68.01470588235294,130.71895424836634,45.91996113604558,7,2,3,2,-0.1429,False
VIRTUAL,2026-08-16T15:59:21.040Z,2026-08-16T15:59:21.040539Z,2026-08-16T17:59:21.040539Z,7247.133468,7,0.55735,5.382614156274638,2.9941186954197176,0.52,60.661764705882355,5.382614156274638,48.845615955619294,1,1,0,0,1.0,False
ZK,2026-08-16T15:59:52.940Z,2026-08-16T15:59:52.940354Z,2026-08-16T17:59:52.940354Z,7215.233653,7,0.007555,13.236267372600386,5.459387483355522,0.133,61.39705882352941,13.236267372600386,67.1336272625578,4,3,0,1,1.0,False
1000CHEEMS,2026-08-16T16:05:27.462Z,2026-08-16T16:05:27.463108Z,2026-08-16T18:05:27.463108Z,7479.713986,7,0.0004835,20.68252326783918,2.868852459016397,0.412,52.94117647058823,20.68252326783918,63.653901184610454,3,3,0,0,-0.3333,False
BABY,2026-08-16T16:05:39.393Z,2026-08-16T16:05:39.393481Z,2026-08-16T18:05:39.393481Z,7467.783613,7,0.009815,10.188487009680413,4.268292682926831,-0.906,54.779411764705884,10.188487009680413,70.05543734765176,0,0,0,0,,False
BANANA,2026-08-16T16:05:47.457Z,2026-08-16T16:05:47.457688Z,2026-08-16T18:05:47.457688Z,7459.719406,7,3.7445,29.37641874749665,8.290986894891684,-6.408,50.36764705882353,29.37641874749665,39.28009644736777,0,0,0,0,,False
BIO,2026-08-16T16:06:09.317Z,2026-08-16T16:06:09.318143Z,2026-08-16T18:06:09.318143Z,7437.858951,7,0.024495000000000003,4.08246580934868,4.933279417711291,-0.723,45.955882352941174,4.08246580934868,63.45334224160114,0,0,0,0,,False
DASH,2026-08-16T16:06:37.575Z,2026-08-16T16:06:37.575801Z,2026-08-16T18:06:37.575801Z,7409.601293,7,30.155,16.580998176090436,2.3968042609853493,0.033,43.75,16.580998176090436,71.06467891503067,2,1,0,1,0.0,False
FIL,2026-08-16T16:06:49.561Z,2026-08-16T16:06:49.561575Z,2026-08-16T18:06:49.561575Z,7397.615519,7,0.68055,7.346998751009403,3.0525388905195245,-1.404,46.69117647058823,7.346998751009403,67.92347339297727,3,2,0,1,1.0,False
HOLO,2026-08-16T16:06:59.600Z,2026-08-16T16:06:59.600571Z,2026-08-16T18:06:59.600571Z,7387.576523,7,0.06,33.33333333333313,13.403880070546743,-7.655,47.05882352941177,33.33333333333313,56.75194250427382,3,1,0,2,0.6667,False
INIT,2026-08-16T16:07:11.566Z,2026-08-16T16:07:11.566980Z,2026-08-16T18:07:11.566980Z,7375.610114,7,0.05165,19.361084220716915,6.346153846153841,1.167,46.3235294117647,19.361084220716915,63.29014372949631,2,0,0,2,1.0,False
PEOPLE,2026-08-16T16:08:02.734Z,2026-08-16T16:08:02.734408Z,2026-08-16T18:08:02.734408Z,7324.442686,7,0.0073349999999999995,13.633265167008126,6.621621621621621,-1.857,44.85294117647059,13.633265167008126,59.80425082538931,0,0,0,0,,False
SKY,2026-08-16T16:08:20.266Z,2026-08-16T16:08:20.266183Z,2026-08-16T18:08:20.266183Z,7306.910911,7,0.052860000000000004,7.5671585319722485,4.018457988848302,1.088,45.588235294117645,7.5671585319722485,68.79581943837184,1,0,1,0,1.0,False
SYN,2026-08-16T16:08:31.673Z,2026-08-16T16:08:31.673306Z,2026-08-16T18:08:31.673306Z,7295.503788,7,0.10414499999999999,14.40299582313096,4.486996284652764,-1.52,54.411764705882355,14.40299582313096,62.4887138448911,1,1,0,0,-1.0,False
TOWNS,2026-08-16T16:08:47.901Z,2026-08-16T16:08:47.901586Z,2026-08-16T18:08:47.901586Z,7279.275508,7,0.002345,42.64392324093828,11.71548117154811,10.648,49.63235294117647,42.64392324093828,76.4950472828165,3,3,0,0,1.0,False
WIF,2026-08-16T16:09:05.611Z,2026-08-16T16:09:05.611480Z,2026-08-16T18:09:05.611480Z,7261.565614,7,0.13745000000000002,7.275372862860439,1.8129079042784644,0.437,53.6764705882353,7.275372862860439,76.32657615277445,4,3,1,0,1.0,False
1000CAT,2026-08-16T16:14:46.565Z,2026-08-16T16:14:46.565786Z,2026-08-16T18:14:46.565786Z,7520.035129,7,0.00169,118.34319526627121,4.117647058823528,0.0,29.779411764705884,118.34319526627121,58.55461109642218,4,2,2,0,1.0,False
ACH,2026-08-16T16:14:55.575Z,2026-08-16T16:14:55.575576Z,2026-08-16T18:14:55.575576Z,7511.025339,7,0.004205,23.781212841856025,3.7470725995316254,2.644,38.23529411764706,23.781212841856025,71.47468230048963,0,0,0,0,,False
ACT,2026-08-16T16:15:02.982Z,2026-08-16T16:15:02.983032Z,2026-08-16T18:15:02.983032Z,7503.617883,7,0.010015,29.955067398902163,6.849315068493143,1.894,28.308823529411764,29.955067398902163,63.655941721191404,0,0,0,0,,False
C,2026-08-16T16:15:22.022Z,2026-08-16T16:15:22.022898Z,2026-08-16T18:15:22.022898Z,7484.578017,7,0.06684999999999999,14.958863126402825,4.796511627906972,2.534,27.941176470588236,14.958863126402825,51.03834935048055,0,0,0,0,,False
CFX,2026-08-16T16:15:37.073Z,2026-08-16T16:15:37.073582Z,2026-08-16T18:15:37.073582Z,7469.527333,7,0.042025,2.3795359904809334,2.003816793893131,-1.481,40.44117647058823,2.3795359904809334,46.67586538764559,2,0,2,0,1.0,False
CGPT,2026-08-16T16:15:42.765Z,2026-08-16T16:15:42.766105Z,2026-08-16T18:15:42.766105Z,7463.83481,7,0.02052,19.493177387913434,7.125307125307125,-3.737,41.1764705882353,19.493177387913434,59.45234090799855,0,0,0,0,,False
EUL,2026-08-16T16:16:07.366Z,2026-08-16T16:16:07.367091Z,2026-08-16T18:16:07.367091Z,7439.233824,7,1.125,17.77777777777582,3.9893617021276535,-3.259,32.35294117647059,17.77777777777582,43.874780518321415,1,1,0,0,-1.0,False
FORM,2026-08-16T16:16:22.619Z,2026-08-16T16:16:22.619549Z,2026-08-16T18:16:22.619549Z,7423.981366,7,0.2036,9.82318271119871,7.504780114722749,1.999,31.61764705882353,9.82318271119871,73.35389332720274,0,0,0,0,,False
GMT,2026-08-16T16:16:37.774Z,2026-08-16T16:16:37.774928Z,2026-08-16T18:16:37.774928Z,7408.825987,7,0.00625,32.000000000000085,7.6923076923076845,-1.422,34.9264705882353,32.000000000000085,62.57021322537397,0,0,0,0,,False
HAEDAL,2026-08-16T16:16:45.611Z,2026-08-16T16:16:45.612342Z,2026-08-16T18:16:45.612342Z,7400.988573,7,0.01696,23.5849056603764,4.669030732860515,-1.571,35.661764705882355,23.5849056603764,47.56576949542649,0,0,0,0,,False
IMX,2026-08-16T16:16:52.501Z,2026-08-16T16:16:52.501380Z,2026-08-16T18:16:52.501380Z,7394.099535,7,0.10830000000000001,18.467220683286413,2.2222222222222214,-1.46,30.514705882352942,18.467220683286413,59.83295458726611,6,3,1,2,0.3333,False
IO,2026-08-16T16:17:00.554Z,2026-08-16T16:17:00.554946Z,2026-08-16T18:17:00.554946Z,7386.045969,7,0.11224999999999999,8.908685968819855,3.0168589174800355,-0.089,30.147058823529413,8.908685968819855,63.407121183991336,1,0,1,0,1.0,False
KERNEL,2026-08-16T16:17:13.644Z,2026-08-16T16:17:13.645243Z,2026-08-16T18:17:13.645243Z,7372.955672,7,0.03345,29.89536621823703,2.0771513353115707,0.898,31.25,29.89536621823703,66.8194324827148,0,0,0,0,,True
MANTA,2026-08-16T16:17:21.762Z,2026-08-16T16:17:21.762760Z,2026-08-16T18:17:21.762760Z,7364.838155,7,0.05729,6.982021295164666,3.057147820045158,-0.104,37.13235294117647,6.982021295164666,64.6669585848961,0,0,0,0,,False
MINA,2026-08-16T16:17:29.805Z,2026-08-16T16:17:29.805847Z,2026-08-16T18:17:29.805847Z,7356.795068,7,0.039400000000000004,50.76142131979664,1.269035532994925,-0.505,28.676470588235293,50.76142131979664,37.50620422973495,0,0,0,0,,False
ORCA,2026-08-16T16:17:35.601Z,2026-08-16T16:17:35.601418Z,2026-08-16T18:17:35.601418Z,7350.999497,7,1.0345,9.666505558239631,2.0231213872832496,-0.765,38.970588235294116,9.666505558239631,63.255797902264504,0,0,0,0,,False
PARTI,2026-08-16T16:17:43.495Z,2026-08-16T16:17:43.496016Z,2026-08-16T18:17:43.496016Z,7343.104899,7,0.02305,43.38394793926221,5.982905982905976,3.54,33.088235294117645,43.38394793926221,69.31272753229578,2,0,2,0,1.0,False
PROVE,2026-08-16T16:17:58.072Z,2026-08-16T16:17:58.073165Z,2026-08-16T18:17:58.073165Z,7328.52775,7,0.1521,13.149243918475063,5.669083717864203,0.664,29.044117647058822,13.149243918475063,62.06969643777813,4,1,0,3,0.5,False
ROSE,2026-08-16T16:18:09.916Z,2026-08-16T16:18:09.916851Z,2026-08-16T18:18:09.916851Z,7316.684064,7,0.0053349999999999995,18.744142455483527,2.6070763500931005,-0.556,35.294117647058826,18.744142455483527,68.83067878897926,1,0,1,0,1.0,False
TREE,2026-08-16T16:18:35.618Z,2026-08-16T16:18:35.618257Z,2026-08-16T18:18:35.618257Z,7290.982658,7,0.03445,29.027576197388345,3.5190615835777326,-1.445,36.39705882352941,29.027576197388345,59.60013328373372,2,1,1,0,1.0,False
W,2026-08-16T16:18:47.462Z,2026-08-16T16:18:47.463109Z,2026-08-16T18:18:47.463109Z,7279.137806,7,0.008555,11.689070718877373,4.166666666666657,2.613,30.88235294117647,11.689070718877373,71.99090900663585,1,1,0,0,1.0,False
YB,2026-08-16T16:18:57.848Z,2026-08-16T16:18:57.848466Z,2026-08-16T18:18:57.848466Z,7268.752449,7,0.0814,24.57002457002527,11.837237977805176,-1.578,31.985294117647058,24.57002457002527,62.8583309734275,2,2,0,0,1.0,False
1000SATS,2026-08-16T16:24:38.255Z,2026-08-16T16:24:38.255992Z,2026-08-16T18:24:38.255992Z,7527.538339,7,1.0425e-05,47.96163069544319,5.36912751677852,0.968,19.11764705882353,47.96163069544319,57.90114719993648,9,2,7,0,0.7778,False
AIXBT,2026-08-16T16:24:51.324Z,2026-08-16T16:24:51.324188Z,2026-08-16T18:24:51.324188Z,7514.470143,7,0.017745,28.176951253875135,3.581421376608851,0.0,13.235294117647058,28.176951253875135,45.479092942482694,0,0,0,0,,False
ALT,2026-08-16T16:24:58.834Z,2026-08-16T16:24:58.835022Z,2026-08-16T18:24:58.835022Z,7506.959309,7,0.006025,16.597510373443306,2.657807308970092,-0.496,15.808823529411764,16.597510373443306,63.309790176147914,0,0,0,0,,False
API3,2026-08-16T16:25:06.530Z,2026-08-16T16:25:06.530168Z,2026-08-16T18:25:06.530168Z,7499.264163,7,0.1955,40.92071611253172,3.009503695881737,-2.119,26.102941176470587,40.92071611253172,46.16567668818155,0,0,0,0,,True
ARKM,2026-08-16T16:25:13.554Z,2026-08-16T16:25:13.554494Z,2026-08-16T18:25:13.554494Z,7492.239837,7,0.0906,22.0750551876386,3.080308030803077,-1.41,21.323529411764707,22.0750551876386,61.22506459733733,2,1,1,0,1.0,False
BROCCOLI714,2026-08-16T16:25:26.578Z,2026-08-16T16:25:26.579011Z,2026-08-16T18:25:26.579011Z,7479.21532,7,0.015899999999999997,25.157232704403675,8.172177167810348,2.037,23.529411764705884,25.157232704403675,68.76481345459693,0,0,0,0,,
CATI,2026-08-16T16:25:31.712Z,2026-08-16T16:25:31.712406Z,2026-08-16T18:25:31.712406Z,7474.081925,7,0.047215,19.061738854179126,3.9714225677663433,-1.49,18.38235294117647,19.061738854179126,54.60642168290493,0,0,0,0,,False
DYM,2026-08-16T16:25:39.447Z,2026-08-16T16:25:39.447460Z,2026-08-16T18:25:39.447460Z,7466.346871,7,0.014895,20.14098690835769,2.7590847913862646,1.572,12.867647058823529,20.14098690835769,46.334370233904295,0,0,0,0,,False
ENS,2026-08-16T16:25:47.037Z,2026-08-16T16:25:47.038629Z,2026-08-16T18:25:47.038629Z,7458.755702,7,4.025,24.844720496896084,1.7369727047146473,-0.983,14.338235294117647,24.844720496896084,59.098938291288796,0,0,0,0,,False
EURI,2026-08-16T16:25:59.152Z,2026-08-16T16:25:59.152779Z,2026-08-16T18:25:59.152779Z,7446.641552,7,1.1553,10.386912490261127,0.3205405873689521,-0.061,20.58823529411765,10.386912490261127,44.5013751812576,0,0,0,0,,False
FF,2026-08-16T16:26:06.864Z,2026-08-16T16:26:06.864587Z,2026-08-16T18:26:06.864587Z,7438.929744,7,0.06511,9.215174320381584,2.0364741641337507,0.658,22.426470588235293,9.215174320381584,67.48617191481657,0,0,0,0,,False
KMNO,2026-08-16T16:26:36.878Z,2026-08-16T16:26:36.878375Z,2026-08-16T18:26:36.878375Z,7408.915956,7,0.017895,5.5881531153951345,2.3982152816508635,-1.968,18.75,5.5881531153951345,56.71365619695566,6,5,1,0,1.0,False
LAYER,2026-08-16T16:26:49.841Z,2026-08-16T16:26:49.841426Z,2026-08-16T18:26:49.841426Z,7395.952905,7,0.06085,16.433853738702194,2.6272577996716,-0.327,17.647058823529413,16.433853738702194,49.94915799626827,5,5,0,0,0.6,False
MET,2026-08-16T16:27:15.953Z,2026-08-16T16:27:15.953995Z,2026-08-16T18:27:15.953995Z,7369.840336,7,0.1623,24.645717806531824,2.2099447513812107,-1.392,12.132352941176471,24.645717806531824,38.385594664970284,0,0,0,0,,False
MITO,2026-08-16T16:27:23.723Z,2026-08-16T16:27:23.723739Z,2026-08-16T18:27:23.723739Z,7362.070592,7,0.02494,16.038492381715464,4.062126642771805,-1.22,24.264705882352942,16.038492381715464,56.79893370124272,0,0,0,0,,False
QNT,2026-08-16T16:27:51.388Z,2026-08-16T16:27:51.388785Z,2026-08-16T18:27:51.388785Z,7334.405546,7,57.0,14.035087719297948,2.0887728459530077,-1.187,19.485294117647058,14.035087719297948,47.77226648218936,3,0,3,0,0.0,False
SNX,2026-08-16T16:28:17.834Z,2026-08-16T16:28:17.834566Z,2026-08-16T18:28:17.834566Z,7307.959765,7,0.1985,50.37783375314866,1.5151515151515165,-0.503,24.63235294117647,50.37783375314866,58.22127258797563,0,0,0,0,,False
SSV,2026-08-16T16:28:31.162Z,2026-08-16T16:28:31.162435Z,2026-08-16T18:28:31.162435Z,7294.631896,7,2.135,46.83840749414628,4.398689751988763,-1.927,13.970588235294118,46.83840749414628,43.17785024416697,0,0,0,0,,False
1INCH,2026-08-16T16:34:23.876Z,2026-08-16T16:34:23.876802Z,2026-08-16T18:34:23.876802Z,7542.547054,7,0.08235,36.429872495447306,0.7281553398058292,-0.121,1.1029411764705883,36.429872495447306,43.35281889378233,0,0,0,0,,False
ANIME,2026-08-16T16:34:31.787Z,2026-08-16T16:34:31.788069Z,2026-08-16T18:34:31.788069Z,7534.635787,7,0.002465,40.56795131845852,2.8688524590164013,-0.813,4.044117647058823,40.56795131845852,58.34995417768856,0,0,0,0,,False
AT,2026-08-16T16:34:40.718Z,2026-08-16T16:34:40.718334Z,2026-08-16T18:34:40.718334Z,7525.705522,7,0.15705000000000002,19.102196752626213,8.210391276459273,1.564,10.661764705882353,19.102196752626213,63.43121155107661,7,5,1,1,0.4286,False
BARD,2026-08-16T16:34:51.721Z,2026-08-16T16:34:51.721997Z,2026-08-16T18:34:51.721997Z,7514.701859,7,0.10905,45.850527281063776,4.628736740597877,0.097,11.029411764705882,45.850527281063776,43.52489162292774,1,1,0,0,1.0,False
CKB,2026-08-16T16:35:28.660Z,2026-08-16T16:35:28.660456Z,2026-08-16T18:35:28.660456Z,7477.7634,7,0.00083,48.19277108433722,2.881152460984386,-0.715,6.617647058823529,48.19277108433722,44.28094668198131,0,0,0,0,,False
DOGS,2026-08-16T16:35:41.738Z,2026-08-16T16:35:41.738296Z,2026-08-16T18:35:41.738296Z,7464.68556,7,3.4405e-05,8.719662839702956,3.275362318840573,-0.087,7.352941176470588,8.719662839702956,60.04762366619085,0,0,0,0,,False
ETH,2026-08-16T16:35:47.925Z,2026-08-16T16:35:47.925674Z,2026-08-16T18:35:47.925674Z,7458.498182,7,1883.3449999999998,0.05309701621312561,0.5108468575741898,-0.006,99.63235294117646,0.05309701621312561,75.585033046971,49,32,8,9,0.6327,False
F,2026-08-16T16:35:55.426Z,2026-08-16T16:35:55.427336Z,2026-08-16T18:35:55.427336Z,7450.99652,7,0.0028250000000000003,35.398230088495666,6.04982206405694,0.717,6.985294117647059,35.398230088495666,65.57251262180641,0,0,0,0,,True
FLUX,2026-08-16T16:36:02.460Z,2026-08-16T16:36:02.460979Z,2026-08-16T18:36:02.460979Z,7443.962877,7,0.04035,24.78314745972638,2.729528535980158,-0.983,8.088235294117647,24.78314745972638,47.886144212565824,1,1,0,0,1.0,False
HEMI,2026-08-16T16:36:08.681Z,2026-08-16T16:36:08.681723Z,2026-08-16T18:36:08.681723Z,7437.742133,7,0.005855,17.079419299743112,51.1705685618729,-7.143,97.42647058823529,17.079419299743112,44.46317314351544,20,14,2,4,0.2,False
HYPER,2026-08-16T16:36:21.321Z,2026-08-16T16:36:21.322058Z,2026-08-16T18:36:21.322058Z,7425.101798,7,0.06284999999999999,15.910898965792025,2.6898734177215298,-1.558,9.558823529411764,15.910898965792025,58.87055089298015,0,0,0,0,,False
MANTRA,2026-08-16T16:36:43.146Z,2026-08-16T16:36:43.147013Z,2026-08-16T18:36:43.147013Z,7403.276843,7,0.004935,20.26342451874284,2.834008097165982,-1.789,11.764705882352942,20.26342451874284,47.500430899368844,0,0,0,0,,False
SIGN,2026-08-16T16:37:06.002Z,2026-08-16T16:37:06.002715Z,2026-08-16T18:37:06.002715Z,7380.421141,7,0.006750000000000001,29.6296296296297,6.508875739644974,3.84,11.397058823529411,29.6296296296297,71.71539252355514,2,0,0,2,1.0,False
ADA,2026-08-16T16:43:53.475Z,2026-08-16T16:43:53.475229Z,2026-08-16T18:43:53.475229Z,7572.649839,7,0.17545,5.699629524080307,1.9875070982396381,-1.289,93.75,5.699629524080307,50.493427928711164,26,15,10,1,0.3077,False
ALLO,2026-08-16T16:44:01.898Z,2026-08-16T16:44:01.898566Z,2026-08-16T18:44:01.898566Z,7564.226502,7,0.26865,11.166945840311445,9.36802973977695,3.501,87.86764705882354,11.166945840311445,61.23744262761963,0,0,0,0,,False
APT,2026-08-16T16:44:11.655Z,2026-08-16T16:44:11.655980Z,2026-08-16T18:44:11.655980Z,7554.469088,7,0.5305,18.850141376060336,3.7593984962406046,-2.026,91.17647058823529,18.850141376060336,66.43643427282545,3,3,0,0,1.0,False
BCH,2026-08-16T16:44:23.471Z,2026-08-16T16:44:23.471688Z,2026-08-16T18:44:23.471688Z,7542.65338,7,203.55,4.912797838368671,2.056807051909901,-0.487,94.48529411764706,4.912797838368671,66.45573010546734,1,1,0,0,1.0,False
COW,2026-08-16T16:44:39.302Z,2026-08-16T16:44:39.303149Z,2026-08-16T18:44:39.303149Z,7526.821919,7,0.1229,81.36696501220511,30.234438156831047,-17.091,88.6029411764706,81.36696501220511,48.34013097858106,11,4,3,4,0.2727,False
FDUSD,2026-08-16T16:44:56.884Z,2026-08-16T16:44:56.884440Z,2026-08-16T18:44:56.884440Z,7509.240628,7,0.997,2.0060180541622663,0.030093289196505862,0.0,86.3970588235294,2.0060180541622663,65.2388524496996,0,0,0,0,,False
KAITO,2026-08-16T16:45:17.463Z,2026-08-16T16:45:17.463515Z,2026-08-16T18:45:17.463515Z,7488.661553,7,0.35185,19.894841551798603,14.387261870912704,-8.196,86.02941176470588,19.894841551798603,49.98736738827442,17,13,3,1,0.5294,False
PEPE,2026-08-16T16:45:36.246Z,2026-08-16T16:45:36.246451Z,2026-08-16T18:45:36.246451Z,7469.878617,7,2.595e-06,38.53564547206129,3.065134099616861,-1.136,88.23529411764706,38.53564547206129,65.69079033650246,24,22,0,2,0.8333,False
WAL,2026-08-16T16:46:13.293Z,2026-08-16T16:46:13.293658Z,2026-08-16T18:46:13.293658Z,7432.83141,7,0.02185,45.76659038901574,23.21428571428571,-16.105,90.44117647058823,45.76659038901574,46.91821302436319,3,2,0,1,0.3333,False
WLD,2026-08-16T16:46:19.725Z,2026-08-16T16:46:19.725817Z,2026-08-16T18:46:19.725817Z,7426.399251,7,0.36145,2.7666343892651537,3.4820143884892087,1.43,93.01470588235294,2.7666343892651537,67.76330795289157,3,1,2,0,0.3333,False
WLFI,2026-08-16T16:46:26.360Z,2026-08-16T16:46:26.360711Z,2026-08-16T18:46:26.360711Z,7419.764357,7,0.05945,16.820857863750366,11.41479099678458,10.873,88.97058823529412,16.820857863750366,77.28624048148006,6,3,3,0,0.6667,False
XLM,2026-08-16T16:46:32.062Z,2026-08-16T16:46:32.063171Z,2026-08-16T18:46:32.063171Z,7414.061897,7,0.15725,6.359300476946835,1.9720101781170432,-0.443,87.5,6.359300476946835,64.9099508916813,9,5,3,1,0.7778,False
XRP,2026-08-16T16:46:42.762Z,2026-08-16T16:46:42.762699Z,2026-08-16T18:46:42.762699Z,7403.362369,7,0.99835,1.001652726999439,0.9500950095009566,-0.1,97.05882352941177,1.001652726999439,59.417849060659776,29,18,8,3,0.7241,False
2Z,2026-08-16T16:52:38.623Z,2026-08-16T16:52:38.623820Z,2026-08-16T18:52:38.623820Z,7647.225545,7,0.048695,6.160796796386127,10.358160358160353,-6.755,80.88235294117646,6.160796796386127,47.51465260728497,0,0,0,0,,True
ARB,2026-08-16T16:53:00.452Z,2026-08-16T16:53:00.452503Z,2026-08-16T18:53:00.452503Z,7625.396862,7,0.07425000000000001,13.468013468013853,3.748326639892901,0.81,82.3529411764706,13.468013468013853,70.91814173808196,13,8,3,2,0.3846,False
ATOM,2026-08-16T16:53:06.417Z,2026-08-16T16:53:06.417865Z,2026-08-16T18:53:06.417865Z,7619.4315,7,1.4675,6.814310051106575,2.5710419485791483,0.339,84.19117647058823,6.814310051106575,67.89109694772344,4,1,1,2,0.0,False
BOME,2026-08-16T16:53:13.434Z,2026-08-16T16:53:13.434547Z,2026-08-16T18:53:13.434547Z,7612.414818,7,0.00083025,8.4311954230662,19.336618194928487,-7.235,77.57352941176471,8.4311954230662,59.83853116640671,8,6,1,1,1.0,False
DOT,2026-08-16T16:53:23.525Z,2026-08-16T16:53:23.525474Z,2026-08-16T18:53:23.525474Z,7602.323891,7,0.7615000000000001,13.131976362442558,2.356020942408379,-1.036,75.0,13.131976362442558,61.83002904828428,7,4,2,1,-0.1429,False
DYDX,2026-08-16T16:53:29.716Z,2026-08-16T16:53:29.717079Z,2026-08-16T18:53:29.717079Z,7596.132286,7,0.10731,5.591277606933603,4.646427249166972,-2.763,73.52941176470588,5.591277606933603,42.16418232479064,0,0,0,0,,False
ENSO,2026-08-16T16:53:35.521Z,2026-08-16T16:53:35.522161Z,2026-08-16T18:53:35.522161Z,7590.327204,7,0.8134999999999999,12.292562999385384,14.074074074074073,-1.937,81.98529411764706,12.292562999385384,49.03814845642448,0,0,0,0,,False
ETHFI,2026-08-16T16:53:45.717Z,2026-08-16T16:53:45.717478Z,2026-08-16T18:53:45.717478Z,7580.131887,7,0.51005,13.72414469169538,10.267857142857155,8.372,71.32352941176471,13.72414469169538,64.64718964249553,4,2,1,1,-0.5,False
GRAM,2026-08-16T16:53:55.580Z,2026-08-16T16:53:55.580409Z,2026-08-16T18:53:55.580409Z,7570.268956,7,1.3415,7.454342154305717,2.0059435364041702,-0.074,81.61764705882354,7.454342154305717,66.96151349642888,0,0,0,0,,False
HBAR,2026-08-16T16:54:03.198Z,2026-08-16T16:54:03.198583Z,2026-08-16T18:54:03.198583Z,7562.650782,7,0.065075,1.5366884364189204,1.4737488486337158,-0.382,76.1029411764706,1.5366884364189204,61.50014706313224,5,3,1,1,1.0,False
INJ,2026-08-16T16:54:09.488Z,2026-08-16T16:54:09.489120Z,2026-08-16T18:54:09.489120Z,7556.360245,7,4.1035,2.436944072134358,4.1005613863802814,-2.29,76.47058823529412,2.436944072134358,53.11091441143637,17,8,5,4,0.6471,False
NIL,2026-08-16T16:54:24.116Z,2026-08-16T16:54:24.116270Z,2026-08-16T18:54:24.116270Z,7541.733095,7,0.04531,26.484219819024947,18.958699472759225,-5.717,80.1470588235294,26.484219819024947,39.481956919983865,0,0,0,0,,False
ONDO,2026-08-16T16:54:37.179Z,2026-08-16T16:54:37.180109Z,2026-08-16T18:54:37.180109Z,7528.669256,7,0.33,6.060606060605393,3.5368802902055587,1.41,82.72058823529412,6.060606060605393,75.34423290854997,11,6,4,1,0.7273,False
ONT,2026-08-16T16:54:42.638Z,2026-08-16T16:54:42.638578Z,2026-08-16T18:54:42.638578Z,7523.210787,7,0.039175,28.07913209955303,9.134615384615373,8.304,75.36764705882354,28.07913209955303,63.245202255279544,3,2,0,1,1.0,False
OP,2026-08-16T16:54:48.982Z,2026-08-16T16:54:48.982283Z,2026-08-16T18:54:48.982283Z,7516.867082,7,0.08405,11.89767995240797,1.6451233842538173,-0.931,70.95588235294117,11.89767995240797,67.51062008846974,5,3,1,1,-0.6,False
PENGU,2026-08-16T16:55:02.189Z,2026-08-16T16:55:02.189407Z,2026-08-16T18:55:02.189407Z,7503.659958,7,0.005994,3.3366700033371126,2.0026481297583656,0.099,84.55882352941177,3.3366700033371126,71.64104998589303,2,2,0,0,1.0,False
RARE,2026-08-16T16:55:15.506Z,2026-08-16T16:55:15.506374Z,2026-08-16T18:55:15.506374Z,7490.342991,7,0.012035,8.309098462816445,11.515664690939884,2.696,77.20588235294117,8.309098462816445,66.17579026537537,3,3,0,0,0.3333,False
RED,2026-08-16T16:55:30.745Z,2026-08-16T16:55:30.745508Z,2026-08-16T18:55:30.745508Z,7475.103857,7,0.0869,23.014959723819544,35.3211009174312,-2.787,79.04411764705883,23.014959723819544,62.629438779948295,0,0,0,0,,False
RENDER,2026-08-16T16:55:36.857Z,2026-08-16T16:55:36.858172Z,2026-08-16T18:55:36.858172Z,7468.991193,7,1.2654999999999998,7.902015013829412,1.5810276679841913,-0.158,72.79411764705883,7.902015013829412,74.23903961098414,1,0,1,0,1.0,False
RUNE,2026-08-16T16:55:52.674Z,2026-08-16T16:55:52.674292Z,2026-08-16T18:55:52.674292Z,7453.175073,7,0.4185,23.894862604540045,2.1377672209026146,0.0,78.67647058823529,23.894862604540045,60.71278406471789,2,0,0,2,-1.0,False
SHIB,2026-08-16T16:55:59.742Z,2026-08-16T16:55:59.743049Z,2026-08-16T18:55:59.743049Z,7446.106316,7,4.4650000000000004e-06,22.396416573349942,3.1250000000000075,-1.754,72.05882352941177,22.396416573349942,62.642616920712236,19,8,11,0,0.8947,False
TRUMP,2026-08-16T16:56:17.632Z,2026-08-16T16:56:17.632473Z,2026-08-16T18:56:17.632473Z,7428.216892,7,1.4144999999999999,7.069635913751234,3.591549295774643,0.212,79.77941176470588,7.069635913751234,50.21654001326694,7,6,1,0,0.7143,False
ZRO,2026-08-16T16:56:27.407Z,2026-08-16T16:56:27.407735Z,2026-08-16T18:56:27.407735Z,7418.44163,7,0.7655000000000001,13.063357282821697,4.15045395590143,-2.774,79.41176470588235,13.063357282821697,61.38148213674645,4,3,1,0,1.0,False
BANK,2026-08-16T17:02:25.756Z,2026-08-16T17:02:25.757115Z,2026-08-16T19:02:25.757115Z,7659.778865,7,0.036250000000000004,27.5862068965506,7.438016528925623,-3.2,69.8529411764706,27.5862068965506,55.35375448031239,4,1,2,1,0.5,False
BMT,2026-08-16T17:02:30.920Z,2026-08-16T17:02:30.920679Z,2026-08-16T19:02:30.920679Z,7654.615301,7,0.014935,6.695681285570534,9.612817089452605,-5.31,65.80882352941177,6.695681285570534,60.31245195495961,0,0,0,0,,False
BONK,2026-08-16T17:02:38.481Z,2026-08-16T17:02:38.481445Z,2026-08-16T19:02:38.481445Z,7647.054535,7,2.345e-06,42.64392324093776,2.5423728813559436,1.288,63.60294117647059,42.64392324093776,68.12828918315192,4,2,1,1,-0.5,False
COTI,2026-08-16T17:02:56.565Z,2026-08-16T17:02:56.565550Z,2026-08-16T19:02:56.565550Z,7628.97043,7,0.0106,18.867924528301117,25.02378686964794,-0.755,70.58823529411765,18.867924528301117,51.17704036400703,1,1,0,0,1.0,False
HEI,2026-08-16T17:03:18.470Z,2026-08-16T17:03:18.470794Z,2026-08-16T19:03:18.470794Z,7607.065186,7,0.13175,7.590132827323642,15.528882220555134,-0.818,59.19117647058823,7.590132827323642,71.82526776924793,0,0,0,0,,False
JTO,2026-08-16T17:03:24.014Z,2026-08-16T17:03:24.014286Z,2026-08-16T19:03:24.014286Z,7601.521694,7,0.59555,5.03736042313772,3.8667559424171425,3.071,64.33823529411765,5.03736042313772,70.08059971715674,0,0,0,0,,False
KITE,2026-08-16T17:03:31.733Z,2026-08-16T17:03:31.733660Z,2026-08-16T19:03:31.733660Z,7593.80232,7,0.09415000000000001,10.621348911312039,4.449152542372891,-2.98,58.8235294117647,10.621348911312039,63.436874357851174,0,0,0,0,,False
LDO,2026-08-16T17:03:38.072Z,2026-08-16T17:03:38.072316Z,2026-08-16T19:03:38.072316Z,7587.463664,7,0.30505000000000004,9.834453368301014,4.768083036003889,3.11,67.6470588235294,9.834453368301014,65.0708314181934,2,1,0,1,0.0,False
MMT,2026-08-16T17:03:46.342Z,2026-08-16T17:03:46.342373Z,2026-08-16T19:03:46.342373Z,7579.193607,7,0.17845,16.81143177360731,7.015590200445435,-0.222,60.661764705882355,16.81143177360731,51.423633146080896,0,0,0,0,,False
PAXG,2026-08-16T17:04:11.668Z,2026-08-16T17:04:11.668833Z,2026-08-16T19:04:11.668833Z,7553.867147,7,4372.6849999999995,0.02286924395264874,0.19148683356641052,0.092,66.91176470588235,0.02286924395264874,61.11457942044228,0,0,0,0,,False
POL,2026-08-16T17:04:22.907Z,2026-08-16T17:04:22.907894Z,2026-08-16T19:04:22.907894Z,7542.628086,7,0.075,2.666666666665633,1.2099454859726022,0.093,62.13235294117647,2.666666666665633,42.273600001713426,13,6,5,2,0.3846,False
SAGA,2026-08-16T17:04:36.177Z,2026-08-16T17:04:36.178091Z,2026-08-16T19:04:36.178091Z,7529.357889,7,0.013045000000000001,7.665772326562918,3.5877862595419843,0.46,59.9264705882353,7.665772326562918,62.59680521231282,0,0,0,0,,False
SAPIEN,2026-08-16T17:04:43.776Z,2026-08-16T17:04:43.776403Z,2026-08-16T19:04:43.776403Z,7521.759577,7,0.07769999999999999,25.740025740024695,3.0808729139922972,-1.142,58.455882352941174,25.740025740024695,66.90833739963715,0,0,0,0,,False
SEI,2026-08-16T17:04:51.584Z,2026-08-16T17:04:51.584833Z,2026-08-16T19:04:51.584833Z,7513.951147,7,0.039720000000000005,5.0352467270894214,1.951951951951959,-0.473,65.07352941176471,5.0352467270894214,49.438716501746555,1,0,1,0,-1.0,False
THE,2026-08-16T17:05:01.753Z,2026-08-16T17:05:01.754272Z,2026-08-16T19:05:01.754272Z,7503.781708,7,0.06195,16.14205004035559,8.077544426494342,0.487,63.970588235294116,16.14205004035559,66.26101309869081,27,16,6,5,0.5556,False
TST,2026-08-16T17:05:13.118Z,2026-08-16T17:05:13.118701Z,2026-08-16T19:05:13.118701Z,7492.417279,7,0.01422,14.064697609000834,8.795013850415515,1.619,61.39705882352941,14.064697609000834,53.868821267416806,0,0,0,0,,False
TWT,2026-08-16T17:05:20.774Z,2026-08-16T17:05:20.774820Z,2026-08-16T19:05:20.774820Z,7484.76116,7,0.39475,22.799240025332793,4.11304567247036,0.533,64.70588235294117,22.799240025332793,68.25439097772848,8,7,1,0,-0.5,False
XTZ,2026-08-16T17:05:42.238Z,2026-08-16T17:05:42.239206Z,2026-08-16T19:05:42.239206Z,7463.296774,7,0.1973,20.273694880892624,2.979797979797974,-1.932,56.25,20.273694880892624,63.24953661984172,9,4,5,0,0.6667,False
ZBT,2026-08-16T17:05:49.625Z,2026-08-16T17:05:49.625801Z,2026-08-16T19:05:49.625801Z,7455.910179,7,0.08415,11.88354129530634,5.331753554502358,-2.877,62.5,11.88354129530634,51.74194886383135,1,0,1,0,1.0,False
ZEN,2026-08-16T17:05:57.095Z,2026-08-16T17:05:57.095556Z,2026-08-16T19:05:57.095556Z,7448.440424,7,4.001,9.997500624843797,1.34764162715249,0.0,61.76470588235294,9.997500624843797,69.29051189209407,0,0,0,0,,False
APE,2026-08-16T17:11:47.661Z,2026-08-16T17:11:47.661397Z,2026-08-16T19:11:47.661397Z,7699.12029,7,0.12434999999999999,8.041817450744098,1.5384615384615377,-0.081,44.48529411764706,8.041817450744098,70.52150095917084,14,8,5,1,1.0,False
BB,2026-08-16T17:12:11.523Z,2026-08-16T17:12:11.523566Z,2026-08-16T19:12:11.523566Z,7675.258121,7,0.01145,17.46724890829623,5.134899912967801,-2.046,54.044117647058826,17.46724890829623,65.92056534181599,3,3,0,0,1.0,False
BERA,2026-08-16T17:12:19.747Z,2026-08-16T17:12:19.747996Z,2026-08-16T19:12:19.747996Z,7667.033691,7,0.14655,6.823609689526902,6.143344709897617,-0.34,52.5735294117647,6.823609689526902,65.29211012606432,0,0,0,0,,False
CETUS,2026-08-16T17:12:25.670Z,2026-08-16T17:12:25.670693Z,2026-08-16T19:12:25.670693Z,7661.110994,7,0.021515,23.239600278875873,8.294717330861909,3.85,51.470588235294116,23.239600278875873,70.6564310796993,1,1,0,0,1.0,False
COOKIE,2026-08-16T17:12:43.436Z,2026-08-16T17:12:43.436419Z,2026-08-16T19:12:43.436419Z,7643.345268,7,0.01125,88.88888888888835,7.079646017699119,0.0,48.161764705882355,88.88888888888835,60.118566471538905,0,0,0,0,,False
CVX,2026-08-16T17:12:50.847Z,2026-08-16T17:12:50.848008Z,2026-08-16T19:12:50.848008Z,7635.933679,7,1.6444999999999999,18.242626938278455,6.513872135102526,4.672,42.279411764705884,18.242626938278455,52.94344742872382,3,0,3,0,1.0,False
ERA,2026-08-16T17:13:00.224Z,2026-08-16T17:13:00.225010Z,2026-08-16T19:13:00.225010Z,7626.556677,7,0.060149999999999995,16.62510390689874,5.536912751677848,-3.716,45.220588235294116,16.62510390689874,59.18219897528164,1,0,0,1,1.0,False
FLOKI,2026-08-16T17:13:10.846Z,2026-08-16T17:13:10.847192Z,2026-08-16T19:13:10.847192Z,7615.934495,7,2.0285e-05,4.929751047572886,1.7190569744597168,-0.489,51.10294117647059,4.929751047572886,62.2001198566901,1,1,0,0,1.0,False
HUMA,2026-08-16T17:13:23.306Z,2026-08-16T17:13:23.306426Z,2026-08-16T19:13:23.306426Z,7603.475261,7,0.020545,14.60209296665796,5.324865657059115,-2.709,50.73529411764706,14.60209296665796,64.6161275175155,0,0,0,0,,False
JUP,2026-08-16T17:13:35.582Z,2026-08-16T17:13:35.582799Z,2026-08-16T19:13:35.582799Z,7591.198888,7,0.16825,5.94353640416147,2.24852071005917,0.297,55.88235294117647,5.94353640416147,72.77172274944033,3,1,2,0,1.0,False
LINEA,2026-08-16T17:13:42.859Z,2026-08-16T17:13:42.859457Z,2026-08-16T19:13:42.859457Z,7583.92223,7,0.002149,9.306654257793541,5.1460361613351875,0.093,50.36764705882353,9.306654257793541,58.09977738364216,6,4,0,2,0.6667,False
LISTA,2026-08-16T17:13:50.340Z,2026-08-16T17:13:50.340315Z,2026-08-16T19:13:50.340315Z,7576.441372,7,0.057749999999999996,17.316017316016612,3.9861351819757425,-0.688,50.0,17.316017316016612,68.12390679757388,0,0,0,0,,False
MIRA,2026-08-16T17:13:57.667Z,2026-08-16T17:13:57.667583Z,2026-08-16T19:13:57.667583Z,7569.114104,7,0.038849999999999996,25.740025740024695,3.856041131105402,-2.75,45.588235294117645,25.740025740024695,58.80503536499333,0,0,0,0,,False
MORPHO,2026-08-16T17:14:05.235Z,2026-08-16T17:14:05.236284Z,2026-08-16T19:14:05.236284Z,7561.545403,7,2.0065,4.983802641417064,2.947052947052933,2.404,48.529411764705884,4.983802641417064,76.67915600528119,2,0,0,2,1.0,False
MUBARAK,2026-08-16T17:14:10.481Z,2026-08-16T17:14:10.481718Z,2026-08-16T19:14:10.481718Z,7556.299969,7,0.016730000000000002,23.909145248058476,12.559808612440198,3.851,47.4264705882353,23.909145248058476,68.41913352066128,0,0,0,0,,False
NEIRO,2026-08-16T17:14:15.887Z,2026-08-16T17:14:15.888202Z,2026-08-16T19:14:15.888202Z,7550.893485,7,6.4705e-05,20.091183061587277,5.471031197172276,-0.306,49.63235294117647,20.091183061587277,61.96814184343783,1,1,0,0,1.0,False
NOM,2026-08-16T17:14:22.705Z,2026-08-16T17:14:22.705587Z,2026-08-16T19:14:22.705587Z,7544.0761,7,0.001645,60.79027355623117,5.521472392638039,0.617,41.911764705882355,60.79027355623117,42.649703810773055,0,0,0,0,,False
NOT,2026-08-16T17:14:31.071Z,2026-08-16T17:14:31.072037Z,2026-08-16T19:14:31.072037Z,7535.70965,7,0.0003895,25.67394094993505,8.527131782945734,0.519,54.779411764705884,25.67394094993505,61.28631050500008,0,0,0,0,,False
RESOLV,2026-08-16T17:14:40.969Z,2026-08-16T17:14:40.969553Z,2026-08-16T19:14:40.969553Z,7525.812134,7,0.017055,5.8633831720900575,5.4006968641115005,-0.52,46.3235294117647,5.8633831720900575,53.08013851615793,0,0,0,0,,False
SAND,2026-08-16T17:14:48.682Z,2026-08-16T17:14:48.682484Z,2026-08-16T19:14:48.682484Z,7518.099203,7,0.039705000000000004,7.555723460520163,3.165033911077612,0.252,48.89705882352941,7.555723460520163,72.36495375567306,5,2,2,1,0.6,False
SOPH,2026-08-16T17:15:01.664Z,2026-08-16T17:15:01.664485Z,2026-08-16T19:15:01.664485Z,7505.117202,7,0.003745,26.702269692923966,5.420054200542008,-2.122,43.38235294117647,26.702269692923966,64.2020253672142,0,0,0,0,,False
TLM,2026-08-16T17:15:13.889Z,2026-08-16T17:15:13.889652Z,2026-08-16T19:15:13.889652Z,7492.892035,7,0.001591,12.570710245129156,4.124365482233514,-1.746,43.75,12.570710245129156,47.27354285728495,0,0,0,0,,False
TRB,2026-08-16T17:15:25.767Z,2026-08-16T17:15:25.767547Z,2026-08-16T19:15:25.767547Z,7481.01414,7,13.045,7.6657723265631,1.987767584097871,-1.208,44.11764705882353,7.6657723265631,39.17739100186746,0,0,0,0,,False
YGG,2026-08-16T17:15:38.949Z,2026-08-16T17:15:38.949348Z,2026-08-16T19:15:38.949348Z,7467.832339,7,0.019875,25.157232704403235,4.3172690763052195,0.606,44.85294117647059,25.157232704403235,50.420223799286894,0,0,0,0,,True
AXS,2026-08-16T17:21:33.231Z,2026-08-16T17:21:33.231374Z,2026-08-16T19:21:33.231374Z,7712.781809,7,0.8785000000000001,11.383039271485496,2.9545454545454573,0.917,34.55882352941177,11.383039271485496,60.12034453873709,1,1,0,0,-1.0,False
EGLD,2026-08-16T17:21:58.482Z,2026-08-16T17:21:58.483002Z,2026-08-16T19:21:58.483002Z,7687.530181,7,2.645,37.807183364838515,2.631578947368415,0.758,39.705882352941174,37.807183364838515,68.80700376013985,2,2,0,0,0.0,False
EIGEN,2026-08-16T17:22:05.860Z,2026-08-16T17:22:05.860711Z,2026-08-16T19:22:05.860711Z,7680.152472,7,0.1704,11.73708920187827,3.1921067904817044,1.712,31.61764705882353,11.73708920187827,78.13175897495242,2,2,0,0,0.0,False
ENJ,2026-08-16T17:22:13.114Z,2026-08-16T17:22:13.115181Z,2026-08-16T19:22:13.115181Z,7672.898002,7,0.023895,12.554927809166037,5.5856606919549705,-0.909,27.941176470588236,12.554927809166037,47.11352287932772,7,4,2,1,0.7143,False
NEO,2026-08-16T17:23:31.381Z,2026-08-16T17:23:31.381428Z,2026-08-16T19:23:31.381428Z,7594.631755,7,1.67,11.976047904191628,1.6666666666666683,-0.533,40.0735294117647,11.976047904191628,45.8303407254908,2,1,1,0,1.0,False
PNUT,2026-08-16T17:23:51.062Z,2026-08-16T17:23:51.062529Z,2026-08-16T19:23:51.062529Z,7574.950654,7,0.040900000000000006,48.89975550122219,5.392156862745099,-0.244,36.029411764705884,48.89975550122219,46.5345770297063,2,1,1,0,1.0,False
RAY,2026-08-16T17:24:09.182Z,2026-08-16T17:24:09.182785Z,2026-08-16T19:24:09.182785Z,7556.830398,7,0.6216999999999999,9.650957053241838,1.1698717948718085,0.37,37.86764705882353,9.650957053241838,73.45288746757372,19,5,13,1,0.8947,False
RSR,2026-08-16T17:24:16.340Z,2026-08-16T17:24:16.340580Z,2026-08-16T19:24:16.340580Z,7549.672603,7,0.0011515,8.68432479374844,0.7812500000000095,-0.26,38.970588235294116,8.68432479374844,65.3008479061692,0,0,0,0,,False
STX,2026-08-16T17:24:23.192Z,2026-08-16T17:24:23.192487Z,2026-08-16T19:24:23.192487Z,7542.820696,7,0.12245,8.16659861167847,2.1207177814029405,-0.969,36.76470588235294,8.16659861167847,60.332869010856065,4,2,2,0,1.0,False
THETA,2026-08-16T17:24:31.086Z,2026-08-16T17:24:31.086429Z,2026-08-16T19:24:31.086429Z,7534.926754,7,0.1382,14.471780028943975,2.521613832853028,0.072,38.23529411764706,14.471780028943975,64.05935576740367,0,0,0,0,,False
USDE,2026-08-16T17:24:42.544Z,2026-08-16T17:24:42.544961Z,2026-08-16T19:24:42.544961Z,7523.468222,7,0.99995,1.000050002500015,0.0100010001000089,-0.01,32.720588235294116,1.000050002500015,61.09055833930746,0,0,0,0,,False
USUAL,2026-08-16T17:24:48.803Z,2026-08-16T17:24:48.804221Z,2026-08-16T19:24:48.804221Z,7517.208962,7,0.008875000000000001,11.267605633804312,5.357142857142852,1.472,29.044117647058822,11.267605633804312,63.45455330632068,0,0,0,0,,True
WCT,2026-08-16T17:25:01.609Z,2026-08-16T17:25:01.609611Z,2026-08-16T19:25:01.609611Z,7504.403572,7,0.034085000000000004,14.669209329617551,9.874745120885514,-0.174,33.8235294117647,14.669209329617551,49.46655567869701,0,0,0,0,,False
1MBABYDOGE,2026-08-16T17:30:57.726Z,2026-08-16T17:30:57.726642Z,2026-08-16T19:30:57.726642Z,7747.769954,7,0.0003264,12.254901960784611,2.6564885496183193,-0.031,16.91176470588235,12.254901960784611,65.75145967754412,0,0,0,0,,
ETC,2026-08-16T17:31:50.459Z,2026-08-16T17:31:50.459446Z,2026-08-16T19:31:50.459446Z,7695.03715,7,6.175,16.194331983805323,1.6155088852988633,-0.801,18.38235294117647,16.194331983805323,62.15978543939421,0,0,0,0,,False
GRT,2026-08-16T17:32:08.886Z,2026-08-16T17:32:08.886440Z,2026-08-16T19:32:08.886440Z,7676.610156,7,0.013510000000000001,14.803849000740872,1.5578635014836801,-0.809,15.441176470588236,14.803849000740872,58.50943331145834,5,3,0,2,0.6,False
GUN,2026-08-16T17:32:16.368Z,2026-08-16T17:32:16.368538Z,2026-08-16T19:32:16.368538Z,7669.128058,7,0.002985,33.50083752093811,5.666666666666667,0.671,25.0,33.50083752093811,50.32089818069538,0,0,0,0,,False
HMSTR,2026-08-16T17:32:23.795Z,2026-08-16T17:32:23.795516Z,2026-08-16T19:32:23.795516Z,7661.70108,7,0.0001741,34.46295232625012,2.7011494252873596,-1.193,21.691176470588236,34.46295232625012,48.16533469473878,0,0,0,0,,False
IOTA,2026-08-16T17:32:32.181Z,2026-08-16T17:32:32.182089Z,2026-08-16T19:32:32.182089Z,7653.314507,7,0.03195,31.298904538342057,3.4375000000000115,-2.439,23.529411764705884,31.298904538342057,45.46959509535888,0,0,0,0,,False
LA,2026-08-16T17:32:53.142Z,2026-08-16T17:32:53.142554Z,2026-08-16T19:32:53.142554Z,7632.354042,7,0.04755,21.03049421661469,5.833333333333327,-4.192,15.808823529411764,21.03049421661469,37.384462903743916,0,0,0,0,,False
MEME,2026-08-16T17:33:19.626Z,2026-08-16T17:33:19.626564Z,2026-08-16T19:33:19.626564Z,7605.870032,7,0.0004745,21.074815595364054,4.821802935010474,-3.049,25.735294117647058,21.074815595364054,57.24409336267791,43,30,11,2,0.814,False
OPEN,2026-08-16T17:33:39.584Z,2026-08-16T17:33:39.584422Z,2026-08-16T19:33:39.584422Z,7585.912174,7,0.17085,5.853087503657535,5.481823427582215,-3.669,20.220588235294116,5.853087503657535,61.229606209625544,4,1,2,1,0.5,False
OSMO,2026-08-16T17:33:46.814Z,2026-08-16T17:33:46.814721Z,2026-08-16T19:33:46.814721Z,7578.681875,7,0.03015,33.16749585406397,2.9605263157894672,0.33,19.485294117647058,33.16749585406397,42.7062033561036,0,0,0,0,,False
SAHARA,2026-08-16T17:34:08.846Z,2026-08-16T17:34:08.846209Z,2026-08-16T19:34:08.846209Z,7556.650387,7,0.007634999999999999,13.097576948265175,2.5940337224383985,-1.28,19.11764705882353,13.097576948265175,60.986833571785624,1,0,1,0,1.0,False
SHELL,2026-08-16T17:34:22.663Z,2026-08-16T17:34:22.664016Z,2026-08-16T19:34:22.664016Z,7542.83258,7,0.021150000000000002,47.28132387706827,4.368932038834958,1.98,17.647058823529413,47.28132387706827,51.61443382138182,0,0,0,0,,False
SOLV,2026-08-16T17:34:42.378Z,2026-08-16T17:34:42.378695Z,2026-08-16T19:34:42.378695Z,7523.117901,7,0.0022849999999999997,43.76367614879662,3.9130434782608794,0.437,26.470588235294116,43.76367614879662,49.33836967996349,0,0,0,0,,False
TURBO,2026-08-16T17:34:56.653Z,2026-08-16T17:34:56.653608Z,2026-08-16T19:34:56.653608Z,7508.842988,7,0.0007975,12.539184952978362,3.7546933667083815,0.0,14.705882352941176,12.539184952978362,66.7653784652762,2,0,2,0,1.0,False
VET,2026-08-16T17:35:05.990Z,2026-08-16T17:35:05.990979Z,2026-08-16T19:35:05.990979Z,7499.505617,7,0.0044005,6.817407112827022,2.4406779661016857,-1.95,16.544117647058822,6.817407112827022,37.706051128005996,1,1,0,0,0.0,False
ZKC,2026-08-16T17:35:16.558Z,2026-08-16T17:35:16.558930Z,2026-08-16T19:35:16.558930Z,7488.937666,7,0.03765,26.560424966798383,1.5873015873015959,-0.787,22.794117647058822,26.560424966798383,47.04387395498868,0,0,0,0,,False
AUCTION,2026-08-16T17:41:06.948Z,2026-08-16T17:41:06.948359Z,2026-08-16T19:41:06.948359Z,7738.967471,7,2.8449999999999998,42.179261862917436,1.0593220338982983,-0.317,1.1029411764705883,42.179261862917436,44.51680060780574,0,0,0,0,,False
BEAMX,2026-08-16T17:41:13.585Z,2026-08-16T17:41:13.586229Z,2026-08-16T19:41:13.586229Z,7732.329601,7,0.001326,30.165912518852796,2.395209580838333,-1.402,10.661764705882353,30.165912518852796,47.93904975971392,0,0,0,0,,False
BFUSD,2026-08-16T17:41:19.349Z,2026-08-16T17:41:19.350086Z,2026-08-16T19:41:19.350086Z,7726.565744,7,0.99905,11.010459936939991,0.12018027040560629,0.0,2.573529411764706,11.010459936939991,39.84998557296043,0,0,0,0,,False
BLUR,2026-08-16T17:41:26.276Z,2026-08-16T17:41:26.276481Z,2026-08-16T19:41:26.276481Z,7719.639349,7,0.013219999999999999,45.38577912254107,1.6717325227963504,-0.152,4.044117647058823,45.38577912254107,62.131845741427206,0,0,0,0,,False
BNB,2026-08-16T17:41:31.436Z,2026-08-16T17:41:31.436704Z,2026-08-16T19:41:31.436704Z,7714.479126,7,605.535,0.16514322045779195,1.2179846392194327,-0.689,98.16176470588235,0.16514322045779195,59.55870738292354,11,5,5,1,0.7273,False
BTC,2026-08-16T17:41:45.363Z,2026-08-16T17:41:45.363369Z,2026-08-16T19:41:45.363369Z,7700.552461,7,63073.055,0.0015854630784510612,0.6731143036987474,0.171,100.0,0.0015854630784510612,58.415922934896734,48,26,16,6,0.2917,False
COMP,2026-08-16T17:41:58.090Z,2026-08-16T17:41:58.091012Z,2026-08-16T19:41:58.091012Z,7687.824818,7,16.17,49.47433518862204,0.49291435613063367,0.062,2.2058823529411766,49.47433518862204,36.92905157692687,1,0,1,0,1.0,False
HIVE,2026-08-16T17:42:31.444Z,2026-08-16T17:42:31.444861Z,2026-08-16T19:42:31.444861Z,7654.470969,7,0.0392,51.020408163264996,1.7811704834605577,-1.008,2.9411764705882355,51.020408163264996,42.42345374053604,0,0,0,0,,False
ILV,2026-08-16T17:42:44.384Z,2026-08-16T17:42:44.385067Z,2026-08-16T19:42:44.385067Z,7641.530763,7,3.09,64.7249190938512,5.844155844155835,3.704,9.926470588235293,64.7249190938512,63.03381735595207,0,0,0,0,,False
LINK,2026-08-16T17:42:50.187Z,2026-08-16T17:42:50.187865Z,2026-08-16T19:42:50.187865Z,7635.727965,7,9.444500000000001,1.0588173010741124,3.5893601110992255,-2.143,97.79411764705883,1.0588173010741124,59.09282857014985,35,23,11,1,0.6,False
NEWT,2026-08-16T17:43:02.503Z,2026-08-16T17:43:02.503288Z,2026-08-16T19:43:02.503288Z,7623.412542,7,0.038400000000000004,52.08333333333301,2.894736842105273,0.796,6.25,52.08333333333301,50.37695453923235,2,2,0,0,1.0,False
NMR,2026-08-16T17:43:10.329Z,2026-08-16T17:43:10.329577Z,2026-08-16T19:43:10.329577Z,7615.586253,7,8.120000000000001,24.630541871922844,0.6165228113440285,0.0,1.838235294117647,24.630541871922844,43.860413860363614,0,0,0,0,,False
PHA,2026-08-16T17:43:17.245Z,2026-08-16T17:43:17.245616Z,2026-08-16T19:43:17.245616Z,7608.670214,7,0.02185,45.76659038901574,4.109589041095882,-2.667,11.397058823529411,45.76659038901574,43.430292931844384,1,1,0,0,1.0,False
REZ,2026-08-16T17:43:23.810Z,2026-08-16T17:43:23.810495Z,2026-08-16T19:43:23.810495Z,7602.105335,7,0.0027235000000000002,18.35872957591419,2.765647743813671,0.146,9.558823529411764,18.35872957591419,65.11408457575571,2,1,1,0,1.0,False
SOL,2026-08-16T17:43:29.837Z,2026-08-16T17:43:29.837908Z,2026-08-16T19:43:29.837908Z,7596.077922,7,75.125,1.3311148086510356,0.7555673382820883,0.04,98.8970588235294,1.3311148086510356,59.20636070828203,31,21,7,3,0.7419,False
SPK,2026-08-16T17:43:37.047Z,2026-08-16T17:43:37.047926Z,2026-08-16T19:43:37.047926Z,7588.867904,7,0.014348,18.1209924728185,2.075642543706912,0.434,10.294117647058824,18.1209924728185,66.09162095102322,2,0,2,0,1.0,False
STEEM,2026-08-16T17:43:44.094Z,2026-08-16T17:43:44.095035Z,2026-08-16T19:43:44.095035Z,7581.820795,7,0.03523,28.384899233606568,0.7120478496154947,-0.114,0.7352941176470589,28.384899233606568,40.343313934789016,0,0,0,0,,False
STO,2026-08-16T17:43:51.264Z,2026-08-16T17:43:51.264297Z,2026-08-16T19:43:51.264297Z,7574.651533,7,0.03855,25.940337224384656,1.2953367875647679,0.0,5.147058823529412,25.940337224384656,54.16591109182634,1,1,0,0,0.0,False
SXT,2026-08-16T17:43:58.878Z,2026-08-16T17:43:58.878321Z,2026-08-16T19:43:58.878321Z,7567.037509,7,0.00719,55.63282336578596,1.1363636363636394,0.715,0.36764705882352944,55.63282336578596,45.151227383048855,0,0,0,0,,False
TNSR,2026-08-16T17:44:06.524Z,2026-08-16T17:44:06.524489Z,2026-08-16T19:44:06.524489Z,7559.391341,7,0.03225,31.007751937985386,1.8518518518518405,-0.308,5.882352941176471,31.007751937985386,49.25978416696824,3,1,2,0,0.3333,False
TURTLE,2026-08-16T17:44:13.671Z,2026-08-16T17:44:13.671998Z,2026-08-16T19:44:13.671998Z,7552.243832,7,0.043399999999999994,46.08294930875549,3.4883720930232593,-1.826,8.455882352941176,46.08294930875549,55.50703568106697,0,0,0,0,,False
UMA,2026-08-16T17:44:27.101Z,2026-08-16T17:44:27.102038Z,2026-08-16T19:44:27.102038Z,7538.813792,7,0.3225,31.007751937984523,1.5479876160990726,-1.223,5.514705882352941,31.007751937984523,39.554088688184976,0,0,0,0,,True
USD1,2026-08-16T17:44:30.565Z,2026-08-16T17:44:30.565543Z,2026-08-16T19:44:30.565543Z,7535.350287,7,0.99915,1.0008507231145374,0.030024019215368996,0.01,99.26470588235294,1.0008507231145374,76.46178712950224,1,0,0,1,1.0,False
VANA,2026-08-16T17:44:37.728Z,2026-08-16T17:44:37.728528Z,2026-08-16T19:44:37.728528Z,7528.187302,7,0.869,46.02991944764101,4.849884526558896,0.348,3.3088235294117645,46.02991944764101,43.523508225234565,0,0,0,0,,False
VELODROME,2026-08-16T17:44:45.849Z,2026-08-16T17:44:45.849704Z,2026-08-16T19:44:45.849704Z,7520.066126,7,0.0169,23.668639053255525,1.3706793802145474,-0.238,3.676470588235294,23.668639053255525,58.10929814026321,0,0,0,0,,True
XVG,2026-08-16T17:44:57.209Z,2026-08-16T17:44:57.209533Z,2026-08-16T19:44:57.209533Z,7508.706297,7,0.0020505000000000002,24.384296513046717,1.8410852713178427,-1.055,4.779411764705882,24.384296513046717,59.016673998054706,1,1,0,0,1.0,False
AVAX,2026-08-16T17:50:52.725Z,2026-08-16T17:50:52.725596Z,2026-08-16T19:50:52.725596Z,7753.495222,7,6.3415,1.576913979341553,4.646781789638936,-2.03,95.95588235294117,1.576913979341553,49.3935180978155,7,4,3,0,1.0,False
CRV,2026-08-16T17:51:10.503Z,2026-08-16T17:51:10.503217Z,2026-08-16T19:51:10.503217Z,7735.717601,7,0.25145,3.9769337840520573,5.347166799680753,4.635,87.13235294117646,3.9769337840520573,68.3855498684234,10,10,0,0,1.0,False
DOGE,2026-08-16T17:51:15.947Z,2026-08-16T17:51:15.947274Z,2026-08-16T19:51:15.947274Z,7730.273544,7,0.06986500000000001,1.431331854289862,0.9298998569384804,-0.057,87.86764705882354,1.431331854289862,55.615744209734935,33,18,11,4,0.7879,False
ENA,2026-08-16T17:51:20.865Z,2026-08-16T17:51:20.865420Z,2026-08-16T19:51:20.865420Z,7725.355398,7,0.08335000000000001,11.99760047990436,3.1100478468899584,-1.878,87.5,11.99760047990436,64.91325586035586,3,2,0,1,0.3333,False
EUR,2026-08-16T17:51:25.272Z,2026-08-16T17:51:25.272830Z,2026-08-16T19:51:25.272830Z,7720.947988,7,1.1565500000000002,0.8646405257013442,0.04323389537398763,0.0,96.69117647058823,0.8646405257013442,73.72937584050159,0,0,0,0,,False
FET,2026-08-16T17:51:35.430Z,2026-08-16T17:51:35.430535Z,2026-08-16T19:51:35.430535Z,7710.790283,7,0.12455,8.028904054596778,7.010475423045929,-5.412,92.6470588235294,8.028904054596778,41.90696659945074,1,1,0,0,-1.0,False
GIGGLE,2026-08-16T17:51:41.442Z,2026-08-16T17:51:41.442801Z,2026-08-16T19:51:41.442801Z,7704.778017,7,32.135,9.335615372647002,21.677662582469363,3.884,86.02941176470588,9.335615372647002,69.34335495704539,1,1,0,0,1.0,False
HOME,2026-08-16T17:51:51.119Z,2026-08-16T17:51:51.119480Z,2026-08-16T19:51:51.119480Z,7695.101338,7,0.007235,13.821700069107935,22.340425531914885,-15.411,86.3970588235294,13.821700069107935,58.87767857619256,0,0,0,0,,False
ICP,2026-08-16T17:51:56.358Z,2026-08-16T17:51:56.358945Z,2026-08-16T19:51:56.358945Z,7689.861873,7,2.27,8.810572687223699,3.2981530343007797,-0.044,90.80882352941177,8.810572687223699,66.39278602968166,14,8,2,4,0.1429,False
LTC,2026-08-16T17:52:05.706Z,2026-08-16T17:52:05.707065Z,2026-08-16T19:52:05.707065Z,7680.513753,7,44.515,2.246433786365296,1.708249044729164,0.861,91.54411764705883,2.246433786365296,65.63401991894756,15,7,3,5,-0.1333,False
NEAR,2026-08-16T17:52:11.294Z,2026-08-16T17:52:11.294357Z,2026-08-16T19:52:11.294357Z,7674.926461,7,1.6095000000000002,6.213109661386218,2.467612584824171,-1.399,95.22058823529412,6.213109661386218,50.49745847161832,1,0,1,0,1.0,False
PLUME,2026-08-16T17:52:22.041Z,2026-08-16T17:52:22.041760Z,2026-08-16T19:52:22.041760Z,7664.179058,7,0.01319,15.163002274449722,7.3880597014925335,1.515,96.32352941176471,15.163002274449722,71.81187916892239,3,2,0,1,1.0,False
PUMP,2026-08-16T17:52:28.060Z,2026-08-16T17:52:28.061060Z,2026-08-16T19:52:28.061060Z,7658.159758,7,0.0027485,3.638348189922258,6.556776556776554,-3.805,95.58823529411765,3.638348189922258,58.08326635060185,7,6,1,0,0.1429,False
SUI,2026-08-16T17:52:33.129Z,2026-08-16T17:52:33.129546Z,2026-08-16T19:52:33.129546Z,7653.091272,7,0.67635,1.4785244326160862,1.5781710914454339,-0.616,93.38235294117646,1.4785244326160862,52.28226517989285,6,3,2,1,1.0,False
SYRUP,2026-08-16T17:52:38.620Z,2026-08-16T17:52:38.621035Z,2026-08-16T19:52:38.621035Z,7647.599783,7,0.16475,6.06980273141056,6.192519926425505,1.053,93.01470588235294,6.06980273141056,70.60040118416772,0,0,0,0,,False
TRX,2026-08-16T17:52:43.772Z,2026-08-16T17:52:43.773103Z,2026-08-16T19:52:43.773103Z,7642.447715,7,0.33145,3.017046311662226,0.4520795660036171,0.06,94.8529411764706,3.017046311662226,58.869890962190006,27,17,8,2,0.8889,False
TUT,2026-08-16T17:52:49.616Z,2026-08-16T17:52:49.616901Z,2026-08-16T19:52:49.616901Z,7636.603917,7,0.032735,21.383839926684164,26.78132678132678,-8.152,88.6029411764706,21.383839926684164,49.54722080215255,2,1,1,0,1.0,False
XPL,2026-08-16T17:53:07.443Z,2026-08-16T17:53:07.444041Z,2026-08-16T19:53:07.444041Z,7618.776777,7,0.07621,5.248655032149619,4.850065189048241,-0.364,90.07352941176471,5.248655032149619,47.861817344341944,1,1,0,0,1.0,False
ZEC,2026-08-16T17:53:12.737Z,2026-08-16T17:53:12.737458Z,2026-08-16T19:53:12.737458Z,7613.48336,7,490.855,2.648439966996271,2.2543563914050053,0.263,94.48529411764706,2.648439966996271,51.98579091360826,19,8,7,4,0.6842,False
AAVE,2026-08-16T17:59:00.708Z,2026-08-16T17:59:00.708476Z,2026-08-16T19:59:00.708476Z,7265.512342,7,86.795,1.1521401002351408,1.9587510081806692,-0.287,81.25,1.1521401002351408,56.75640426236843,3,0,0,3,-1.0,False
ALGO,2026-08-16T17:59:13.459Z,2026-08-16T17:59:13.459851Z,2026-08-16T19:59:13.459851Z,7252.760967,7,0.07875,12.6984126984113,1.7721518987341751,-1.126,71.69117647058823,12.6984126984113,61.16994747638895,4,2,1,1,0.0,False
DOLO,2026-08-16T17:59:41.958Z,2026-08-16T17:59:41.958497Z,2026-08-16T19:59:41.958497Z,7224.262321,7,0.024300000000000002,16.460905349794995,33.83921246923708,18.637,75.73529411764706,16.460905349794995,59.15138988419555,7,3,2,2,0.7143,False
EPIC,2026-08-16T18:00:03.236Z,2026-08-16T18:00:03.236626Z,2026-08-16T20:00:03.236626Z,7202.984192,7,0.35805,30.721966205836893,12.155287817938419,8.324,73.8970588235294,30.721966205836893,76.02475224671595,3,2,0,1,0.0,False
GPS,2026-08-16T18:00:15.524Z,2026-08-16T18:00:15.525144Z,2026-08-16T20:00:15.525144Z,7790.296689,7,0.009899999999999999,20.202020202021135,17.437379576107908,-0.192,74.63235294117646,20.202020202021135,60.72324148285544,0,0,0,0,,False
NXPC,2026-08-16T18:00:45.357Z,2026-08-16T18:00:45.357595Z,2026-08-16T20:00:45.357595Z,7760.464238,7,0.19355,15.499870834410874,11.658031088082897,-1.38,83.45588235294117,15.499870834410874,55.16977988134303,0,0,0,0,,False
PIXEL,2026-08-16T18:01:15.922Z,2026-08-16T18:01:15.923001Z,2026-08-16T20:01:15.923001Z,7729.898832,7,0.004895,20.429009193053304,36.19246861924685,-0.209,72.42647058823529,20.429009193053304,48.67658791785457,2,1,0,1,0.5,False
SOMI,2026-08-16T18:01:55.744Z,2026-08-16T18:01:55.744664Z,2026-08-16T20:01:55.744664Z,7690.077169,7,0.09204999999999999,10.863661053775434,5.882352941176473,-3.267,80.51470588235294,10.863661053775434,60.88171309146584,0,0,0,0,,False
TAO,2026-08-16T18:02:02.453Z,2026-08-16T18:02:02.453446Z,2026-08-16T20:02:02.453446Z,7683.368387,7,197.4,10.131712259371257,1.6227180527383311,-0.454,83.82352941176471,10.131712259371257,71.7848248942913,22,14,4,4,0.4545,False
UNI,2026-08-16T18:02:12.379Z,2026-08-16T18:02:12.380177Z,2026-08-16T20:02:12.380177Z,7673.441656,7,3.3075,3.0234315948598334,3.728402546226122,2.01,84.92647058823529,3.0234315948598334,59.72125087478304,29,20,5,4,0.5517,False
0G,2026-08-16T18:07:57.213Z,2026-08-16T18:07:57.213749Z,2026-08-16T20:07:57.213749Z,7328.608084,7,0.1575,63.492063492063544,5.031446540880507,-4.79,65.44117647058823,63.492063492063544,50.62699684749405,0,0,0,0,,True
AR,2026-08-16T18:08:06.114Z,2026-08-16T18:08:06.115346Z,2026-08-16T20:08:06.115346Z,7319.706487,7,1.7995,5.557099194221239,3.434903047091416,1.064,60.294117647058826,5.557099194221239,67.03810529993584,0,0,0,0,,False
AVNT,2026-08-16T18:08:11.368Z,2026-08-16T18:08:11.368600Z,2026-08-16T20:08:11.368600Z,7314.453233,7,0.10135,9.866798223976602,5.65656565656565,0.101,66.54411764705883,9.866798223976602,56.9168057274514,1,0,0,1,-1.0,False
BANANAS31,2026-08-16T18:08:19.429Z,2026-08-16T18:08:19.430119Z,2026-08-16T20:08:19.430119Z,7306.391714,7,0.008952499999999999,10.053057805082748,4.633027522935778,2.77,57.720588235294116,10.053057805082748,73.4195748256493,0,0,0,0,,True
CAKE,2026-08-16T18:08:41.853Z,2026-08-16T18:08:41.854004Z,2026-08-16T20:08:41.854004Z,7283.967829,7,1.4535,6.879944960439558,2.880658436213994,1.887,69.11764705882354,6.879944960439558,75.92954486539722,3,3,0,0,0.3333,False
CHZ,2026-08-16T18:08:48.646Z,2026-08-16T18:08:48.646335Z,2026-08-16T20:08:48.646335Z,7277.175498,7,0.012465,8.02246289610878,1.675977653631286,-0.08,56.98529411764706,8.02246289610878,55.38291394644027,0,0,0,0,,False
EDEN,2026-08-16T18:08:59.989Z,2026-08-16T18:08:59.989304Z,2026-08-16T20:08:59.989304Z,7265.832529,7,0.04456,17.95332136445325,12.972852692478847,-1.985,68.38235294117646,17.95332136445325,42.92023019457404,1,0,0,1,-1.0,False
GALA,2026-08-16T18:09:13.121Z,2026-08-16T18:09:13.121899Z,2026-08-16T20:09:13.121899Z,7252.699934,7,0.0016535,6.047777441790944,3.6724864539433995,0.06,69.48529411764706,6.047777441790944,70.00297589706975,0,0,0,0,,False
ORDI,2026-08-16T18:10:02.271Z,2026-08-16T18:10:02.271678Z,2026-08-16T20:10:02.271678Z,7203.550155,7,3.403,5.877167205406346,3.040935672514623,-0.146,57.35294117647059,5.877167205406346,47.68245316208351,11,6,3,2,0.1818,False
PENDLE,2026-08-16T18:10:15.414Z,2026-08-16T18:10:15.414590Z,2026-08-16T20:10:15.414590Z,7790.106353,7,1.2675,7.889546351085695,2.972560975609767,-0.304,66.17647058823529,7.889546351085695,59.29929985883913,0,0,0,0,,False
STRK,2026-08-16T18:10:47.684Z,2026-08-16T18:10:47.684428Z,2026-08-16T20:10:47.684428Z,7757.836515,7,0.023364999999999997,4.2799058420713,3.1249999999999916,1.654,63.23529411764706,4.2799058420713,60.65405070934276,0,0,0,0,,False
TIA,2026-08-16T18:11:00.030Z,2026-08-16T18:11:00.031252Z,2026-08-16T20:11:00.031252Z,7745.489691,7,0.30674999999999997,3.2599837000829504,4.26218921536971,1.674,58.088235294117645,3.2599837000829504,68.97664375710565,12,6,6,0,1.0,False
VANRY,2026-08-16T18:11:13.143Z,2026-08-16T18:11:13.144049Z,2026-08-16T20:11:13.144049Z,7732.376894,7,0.0010585,387.34057628719904,137.90393013100436,-20.816,70.22058823529412,387.34057628719904,33.83913970246981,4,1,2,1,0.5,False
VIRTUAL,2026-08-16T18:11:20.789Z,2026-08-16T18:11:20.789865Z,2026-08-16T20:11:20.789865Z,7724.731078,7,0.55665,5.389382915655564,3.000535809966072,-1.322,62.86764705882353,5.389382915655564,41.46530878734635,2,1,1,0,1.0,False
ZK,2026-08-16T18:11:50.974Z,2026-08-16T18:11:50.975187Z,2026-08-16T20:11:50.975187Z,7694.545756,7,0.007515,13.306719893545699,5.437665782493366,0.668,61.029411764705884,13.306719893545699,70.56361981101541,5,3,1,1,1.0,False
1000CHEEMS,2026-08-16T18:17:25.484Z,2026-08-16T18:17:25.485407Z,2026-08-16T20:17:25.485407Z,7360.035536,7,0.0004845,20.639834881321452,2.880658436213995,0.0,55.51470588235294,20.639834881321452,55.543732921495724,1,1,0,0,1.0,False
ASTER,2026-08-16T18:17:46.211Z,2026-08-16T18:17:46.212018Z,2026-08-16T20:17:46.212018Z,7339.308925,7,0.5994999999999999,16.68056713928275,0.6655574043261238,0.167,53.6764705882353,16.68056713928275,65.44605921677281,5,3,2,0,1.0,False
BABY,2026-08-16T18:17:51.411Z,2026-08-16T18:17:51.412126Z,2026-08-16T20:17:51.412126Z,7334.108817,7,0.009715,10.293360782295,4.290091930541371,-1.41,55.14705882352941,10.293360782295,71.53612928668917,0,0,0,0,,False
BANANA,2026-08-16T18:17:58.787Z,2026-08-16T18:17:58.787504Z,2026-08-16T20:17:58.787504Z,7326.733439,7,3.809,26.253609871357916,9.146995708154499,-4.606,47.794117647058826,26.253609871357916,57.03300579523885,0,0,0,0,,False
DASH,2026-08-16T18:18:41.722Z,2026-08-16T18:18:41.723042Z,2026-08-16T20:18:41.723042Z,7283.797901,7,30.235,16.537125847527935,2.8703398218409797,0.664,52.205882352941174,16.537125847527935,75.7762944803464,2,1,0,1,0.0,False
FIL,2026-08-16T18:18:53.620Z,2026-08-16T18:18:53.620416Z,2026-08-16T20:18:53.620416Z,7271.900527,7,0.67945,10.302450511441945,2.576181363167961,-1.178,47.05882352941177,10.302450511441945,59.602789346134564,21,8,12,1,0.8095,False
HOLO,2026-08-16T18:19:06.388Z,2026-08-16T18:19:06.388280Z,2026-08-16T20:19:06.388280Z,7259.132663,7,0.057499999999999996,34.782608695651966,12.8595600676819,-3.273,46.69117647058823,34.782608695651966,61.238008909025694,1,1,0,0,-1.0,False
INIT,2026-08-16T18:19:20.125Z,2026-08-16T18:19:20.125789Z,2026-08-16T20:19:20.125789Z,7245.395154,7,0.05165,19.361084220716915,6.382978723404249,0.0,45.955882352941174,19.361084220716915,62.636713114962596,0,0,0,0,,False
PEOPLE,2026-08-16T18:20:11.634Z,2026-08-16T18:20:11.634867Z,2026-08-16T20:20:11.634867Z,7795.975581,7,0.007435000000000001,13.449899125757174,7.094133697135057,-5.175,42.64705882352941,13.449899125757174,59.032185389153554,0,0,0,0,,False
SKY,2026-08-16T18:20:29.167Z,2026-08-16T18:20:29.167451Z,2026-08-16T20:20:29.167451Z,7778.442997,7,0.053114999999999996,9.413536665725584,5.110314916085242,2.751,54.411764705882355,9.413536665725584,65.69545440393708,2,1,1,0,1.0,False
SYN,2026-08-16T18:20:42.079Z,2026-08-16T18:20:42.079220Z,2026-08-16T20:20:42.079220Z,7765.531228,7,0.10391,19.24742565681895,4.040307101727452,-0.771,51.838235294117645,19.24742565681895,51.23763618949879,0,0,0,0,,False
TOWNS,2026-08-16T18:20:52.037Z,2026-08-16T18:20:52.038055Z,2026-08-16T20:20:52.038055Z,7755.572393,7,0.0023550000000000003,42.462845010615816,10.72961373390557,5.909,49.26470588235294,42.462845010615816,72.23867265944537,1,1,0,0,1.0,False
WIF,2026-08-16T18:21:06.057Z,2026-08-16T18:21:06.057235Z,2026-08-16T20:21:06.057235Z,7741.553213,7,0.13724999999999998,7.285974499090474,2.0319303338171237,0.437,53.30882352941177,7.285974499090474,73.71090147375595,11,4,5,2,0.2727,False
1000CAT,2026-08-16T18:26:45.946Z,2026-08-16T18:26:45.946868Z,2026-08-16T20:26:45.946868Z,7401.66358,7,0.00169,118.34319526627121,4.142011834319524,1.198,30.88235294117647,118.34319526627121,53.04095534699895,4,4,0,0,0.5,False
ACH,2026-08-16T18:26:53.096Z,2026-08-16T18:26:53.096861Z,2026-08-16T20:26:53.096861Z,7394.513587,7,0.004195,23.83790226459974,3.791469194312806,-1.171,34.9264705882353,23.83790226459974,63.82199581480715,0,0,0,0,,False
ACT,2026-08-16T18:27:00.559Z,2026-08-16T18:27:00.560044Z,2026-08-16T20:27:00.560044Z,7387.050404,7,0.01005,39.800995024875725,6.993006993006985,-3.472,28.308823529411764,39.800995024875725,43.511809489994924,0,0,0,0,,False
BIO,2026-08-16T18:27:18.147Z,2026-08-16T18:27:18.147974Z,2026-08-16T20:27:18.147974Z,7369.462474,7,0.024445,12.272448353446011,4.004854368932044,-2.254,40.80882352941177,12.272448353446011,46.10284620332821,0,0,0,0,,False
C,2026-08-16T18:27:25.863Z,2026-08-16T18:27:25.863742Z,2026-08-16T20:27:25.863742Z,7361.746706,7,0.06715,14.892032762470436,4.8600883652430005,1.042,27.573529411764707,14.892032762470436,38.50007578749347,0,0,0,0,,False
EUL,2026-08-16T18:27:58.609Z,2026-08-16T18:27:58.610031Z,2026-08-16T20:27:58.610031Z,7329.000417,7,1.124,17.793594306049837,3.7300177619893264,-3.015,38.60294117647059,17.793594306049837,58.15270973924472,1,0,0,1,-1.0,False
FORM,2026-08-16T18:28:11.720Z,2026-08-16T18:28:11.720825Z,2026-08-16T20:28:11.720825Z,7315.889623,7,0.20235,14.825796886583763,7.625060709082075,0.049,32.35294117647059,14.825796886583763,42.62502508279095,0,0,0,0,,False
GMT,2026-08-16T18:28:26.276Z,2026-08-16T18:28:26.276672Z,2026-08-16T20:28:26.276672Z,7301.333776,7,0.006275,15.936254980079031,7.667731629392964,-0.949,35.294117647058826,15.936254980079031,50.973878241176784,1,0,0,1,-1.0,False
HAEDAL,2026-08-16T18:28:31.672Z,2026-08-16T18:28:31.673191Z,2026-08-16T20:28:31.673191Z,7295.937257,7,0.017005,17.641870038223335,4.691211401425172,0.238,36.39705882352941,17.641870038223335,56.09983575365135,1,1,0,0,1.0,False
IMX,2026-08-16T18:28:38.992Z,2026-08-16T18:28:38.992412Z,2026-08-16T20:28:38.992412Z,7288.618036,7,0.10855000000000001,9.212344541686123,2.029520295202946,-1.185,28.676470588235293,9.212344541686123,62.841633740900356,20,5,0,15,1.0,False
IO,2026-08-16T18:28:46.456Z,2026-08-16T18:28:46.456648Z,2026-08-16T20:28:46.456648Z,7281.1538,7,0.11195,8.932559178204812,2.9929577464788735,1.068,30.514705882352942,8.932559178204812,69.22479372381063,0,0,0,0,,False
KERNEL,2026-08-16T18:29:01.069Z,2026-08-16T18:29:01.069825Z,2026-08-16T20:29:01.069825Z,7266.540623,7,0.03345,29.89536621823703,2.0895522388059677,0.601,33.088235294117645,29.89536621823703,64.79736170334955,0,0,0,0,,True
MANTA,2026-08-16T18:29:08.235Z,2026-08-16T18:29:08.236077Z,2026-08-16T20:29:08.236077Z,7259.374371,7,0.05722,6.99056274030031,2.521300643366371,-0.708,26.83823529411765,6.99056274030031,65.02035763982936,0,0,0,0,,False
MINA,2026-08-16T18:29:15.662Z,2026-08-16T18:29:15.662423Z,2026-08-16T20:29:15.662423Z,7251.948025,7,0.0395,50.63291139240651,1.2658227848101278,0.0,27.205882352941178,50.63291139240651,39.71091075620222,0,0,0,0,,False
ORCA,2026-08-16T18:29:28.446Z,2026-08-16T18:29:28.446502Z,2026-08-16T20:29:28.446502Z,7239.163946,7,1.0354999999999999,9.657170449059507,1.5414258188824677,-0.67,37.5,9.657170449059507,60.100606247014795,0,0,0,0,,False
PARTI,2026-08-16T18:29:35.827Z,2026-08-16T18:29:35.827834Z,2026-08-16T20:29:35.827834Z,7231.782614,7,0.02325,43.01075268817328,6.060606060606054,0.435,31.25,43.01075268817328,61.28094778489909,0,0,0,0,,False
PROVE,2026-08-16T18:29:49.381Z,2026-08-16T18:29:49.381663Z,2026-08-16T20:29:49.381663Z,7218.228785,7,0.15139999999999998,13.21003963011927,5.628272251308899,1.935,29.41176470588235,13.21003963011927,65.71915258688519,0,0,0,0,,False
PYTH,2026-08-16T18:29:56.528Z,2026-08-16T18:29:56.528839Z,2026-08-16T20:29:56.528839Z,7211.081609,7,0.039040000000000005,15.368852459015764,2.472250252270421,-0.652,31.985294117647058,15.368852459015764,41.22142923367888,1,1,0,0,1.0,False
TREE,2026-08-16T18:30:26.801Z,2026-08-16T18:30:26.801803Z,2026-08-16T20:30:26.801803Z,7779.590466,7,0.03445,29.027576197388345,2.6086956521739273,0.291,39.338235294117645,29.027576197388345,68.27346685890441,0,0,0,0,,False
W,2026-08-16T18:30:41.759Z,2026-08-16T18:30:41.759428Z,2026-08-16T20:30:41.759428Z,7764.632841,7,0.008545,11.7027501462839,4.629629629629622,2.98,34.19117647058823,11.7027501462839,73.86392385645499,0,0,0,0,,False
YB,2026-08-16T18:30:55.827Z,2026-08-16T18:30:55.827642Z,2026-08-16T20:30:55.827642Z,7750.564627,7,0.08105000000000001,12.338062924121264,11.851851851851848,-1.099,33.455882352941174,12.338062924121264,62.262197789924194,0,0,0,0,,False
1000SATS,2026-08-16T18:36:36.133Z,2026-08-16T18:36:36.133763Z,2026-08-16T20:36:36.133763Z,7410.258506,7,1.0444999999999999e-05,28.721876495930793,5.348615090735432,0.576,18.75,28.721876495930793,50.558049370358674,3,1,2,0,1.0,False
AIXBT,2026-08-16T18:36:49.666Z,2026-08-16T18:36:49.667084Z,2026-08-16T20:36:49.667084Z,7396.725185,7,0.017675,28.288543140029102,3.5794183445190253,-0.611,13.235294117647058,28.288543140029102,45.30493154406045,0,0,0,0,,False
ALT,2026-08-16T18:36:56.818Z,2026-08-16T18:36:56.818722Z,2026-08-16T20:36:56.818722Z,7389.573547,7,0.0060149999999999995,16.625103906900183,2.6490066225165485,0.166,19.852941176470587,16.625103906900183,64.5029745265257,0,0,0,0,,False
API3,2026-08-16T18:37:02.410Z,2026-08-16T18:37:02.410646Z,2026-08-16T20:37:02.410646Z,7383.981623,7,0.19669999999999999,10.167768174885905,2.675760755508916,-0.522,24.264705882352942,10.167768174885905,57.50663383531605,0,0,0,0,,True
BROCCOLI714,2026-08-16T18:37:21.294Z,2026-08-16T18:37:21.294830Z,2026-08-16T20:37:21.294830Z,7365.097439,7,0.01576,25.380710659897442,8.275426405559056,0.508,23.897058823529413,25.380710659897442,52.367399919224326,0,0,0,0,,
CATI,2026-08-16T18:37:28.648Z,2026-08-16T18:37:28.648443Z,2026-08-16T20:37:28.648443Z,7357.743826,7,0.04696,12.776831345825714,3.9630949884671898,-0.376,16.176470588235293,12.776831345825714,46.60836645237703,1,1,0,0,1.0,False
ENS,2026-08-16T18:37:35.960Z,2026-08-16T18:37:35.960394Z,2026-08-16T20:37:35.960394Z,7350.431875,7,4.005,24.9687890137323,1.7369727047146473,-0.739,20.955882352941178,24.9687890137323,46.42978059708248,0,0,0,0,,False
EURI,2026-08-16T18:37:47.848Z,2026-08-16T18:37:47.849122Z,2026-08-16T20:37:47.849122Z,7338.543147,7,1.15595,6.055625243307626,0.3205405873689521,-0.164,17.279411764705884,6.055625243307626,45.54717123854435,0,0,0,0,,False
FF,2026-08-16T18:37:55.930Z,2026-08-16T18:37:55.931123Z,2026-08-16T20:37:55.931123Z,7330.461146,7,0.06511,6.143449546920346,2.0555299892621686,-0.564,25.36764705882353,6.143449546920346,60.86641504175407,0,0,0,0,,False
KAIA,2026-08-16T18:38:29.871Z,2026-08-16T18:38:29.871492Z,2026-08-16T20:38:29.871492Z,7296.520777,7,0.023850000000000003,41.92872117400393,4.098360655737708,-3.175,12.132352941176471,41.92872117400393,54.70995849855452,0,0,0,0,,False
KMNO,2026-08-16T18:38:37.507Z,2026-08-16T18:38:37.508111Z,2026-08-16T20:38:37.508111Z,7288.884158,7,0.017925,5.578800557881764,1.9509476031215138,-1.483,22.058823529411764,5.578800557881764,60.496821577192584,3,1,1,1,1.0,False
LAYER,2026-08-16T18:38:49.459Z,2026-08-16T18:38:49.460069Z,2026-08-16T20:38:49.460069Z,7276.9322,7,0.06075,16.46090534979471,2.631578947368428,0.496,18.014705882352942,16.46090534979471,59.246800568236736,0,0,0,0,,False
MET,2026-08-16T18:39:15.786Z,2026-08-16T18:39:15.786567Z,2026-08-16T20:39:15.786567Z,7250.605702,7,0.16165000000000002,18.558614290132674,2.2099447513812107,-1.093,13.970588235294118,18.558614290132674,48.430671632010196,0,0,0,0,,False
MITO,2026-08-16T18:39:23.112Z,2026-08-16T18:39:23.113228Z,2026-08-16T20:39:23.113228Z,7243.279041,7,0.025035,11.983223487117545,4.547283702213275,-2.968,22.426470588235293,11.983223487117545,40.71634856910285,0,0,0,0,,False
QNT,2026-08-16T18:39:41.269Z,2026-08-16T18:39:41.270157Z,2026-08-16T20:39:41.270157Z,7225.122112,7,56.95,10.535557506583876,2.09460638854949,-1.309,20.58823529411765,10.535557506583876,58.7943350342765,6,5,0,1,0.0,False
ROSE,2026-08-16T18:39:48.874Z,2026-08-16T18:39:48.874472Z,2026-08-16T20:39:48.874472Z,7217.517797,7,0.005315,18.814675446849407,2.6070763500931005,-0.371,24.63235294117647,18.814675446849407,68.21921025072484,4,1,3,0,1.0,False
SIGN,2026-08-16T18:40:12.773Z,2026-08-16T18:40:12.773343Z,2026-08-16T20:40:12.773343Z,7792.911513,7,0.006725,44.60966542751006,6.48011782032401,4.301,15.073529411764707,44.60966542751006,70.85448060560941,2,2,0,0,1.0,False
SNX,2026-08-16T18:40:20.514Z,2026-08-16T18:40:20.514412Z,2026-08-16T20:40:20.514412Z,7785.170444,7,0.1985,50.37783375314866,1.5075376884422125,-0.5,26.102941176470587,50.37783375314866,50.21482996289481,0,0,0,0,,False
SSV,2026-08-16T18:40:33.944Z,2026-08-16T18:40:33.944640Z,2026-08-16T20:40:33.944640Z,7771.740216,7,2.135,46.83840749414628,4.406938584153767,-2.021,14.338235294117647,46.83840749414628,43.89490646270468,0,0,0,0,,False
1INCH,2026-08-16T18:46:25.499Z,2026-08-16T18:46:25.499496Z,2026-08-16T20:46:25.499496Z,7420.18536,7,0.08255,36.34161114476011,0.7281553398058292,-0.242,1.4705882352941178,36.34161114476011,41.121008968271184,0,0,0,0,,False
ANIME,2026-08-16T18:46:32.622Z,2026-08-16T18:46:32.622528Z,2026-08-16T20:46:32.622528Z,7413.062328,7,0.002445,40.8997955010226,2.4291497975708563,1.23,4.411764705882353,40.8997955010226,55.71377665828317,0,0,0,0,,False
CKB,2026-08-16T18:47:17.009Z,2026-08-16T18:47:17.009558Z,2026-08-16T20:47:17.009558Z,7368.675298,7,0.000828,48.30917874396122,2.04081632653061,-1.069,7.720588235294118,48.30917874396122,35.8488404951269,1,0,1,0,1.0,False
DOGS,2026-08-16T18:47:31.006Z,2026-08-16T18:47:31.006990Z,2026-08-16T20:47:31.006990Z,7354.677866,7,3.4395e-05,8.722197993893886,3.2763119744853513,0.116,7.352941176470588,8.722197993893886,49.79914645329685,3,1,2,0,1.0,False
DYM,2026-08-16T18:47:38.135Z,2026-08-16T18:47:38.135371Z,2026-08-16T20:47:38.135371Z,7347.549485,7,0.014825000000000001,20.236087689713667,2.67916945746818,1.911,11.764705882352942,20.236087689713667,65.72161117923919,0,0,0,0,,False
ETH,2026-08-16T18:47:43.441Z,2026-08-16T18:47:43.441343Z,2026-08-16T20:47:43.441343Z,7342.243513,7,1881.645,0.05314498749759335,0.8174126926909985,0.184,99.63235294117646,0.05314498749759335,63.68098635537793,41,25,12,4,0.4146,False
F,2026-08-16T18:47:51.378Z,2026-08-16T18:47:51.378669Z,2026-08-16T20:47:51.378669Z,7334.306187,7,0.0027949999999999997,35.77817531305913,6.115107913669066,1.091,6.985294117647059,35.77817531305913,47.79137868221316,0,0,0,0,,True
FLUX,2026-08-16T18:47:57.287Z,2026-08-16T18:47:57.287608Z,2026-08-16T20:47:57.287608Z,7328.397248,7,0.04015,24.906600249066717,2.7363184079602085,-0.741,9.191176470588236,24.906600249066717,57.1584516524667,0,0,0,0,,False
HYPER,2026-08-16T18:48:11.371Z,2026-08-16T18:48:11.371257Z,2026-08-16T20:48:11.371257Z,7314.313599,7,0.06295,15.885623510723251,2.0569620253164707,-1.25,6.617647058823529,15.885623510723251,58.97796938216739,0,0,0,0,,False
ADA,2026-08-16T18:55:46.087Z,2026-08-16T18:55:46.087833Z,2026-08-16T20:55:46.087833Z,7460.179751,7,0.17685,5.654509471302742,2.110667427267546,-1.128,94.48529411764706,5.654509471302742,46.14955719948357,22,11,7,4,0.6364,False
ALLO,2026-08-16T18:55:52.028Z,2026-08-16T18:55:52.028861Z,2026-08-16T20:55:52.028861Z,7454.238723,7,0.26665,3.75023438964894,8.407738095238077,3.744,89.70588235294117,3.75023438964894,68.54549693958039,1,1,0,0,1.0,False
APT,2026-08-16T18:55:58.975Z,2026-08-16T18:55:58.977617Z,2026-08-16T20:55:58.977617Z,7447.289967,7,0.5275000000000001,18.957345971563996,3.5849056603773612,-1.119,89.33823529411765,18.957345971563996,59.831420940564556,16,8,3,5,0.375,False
FDUSD,2026-08-16T18:56:33.817Z,2026-08-16T18:56:33.817952Z,2026-08-16T20:56:33.817952Z,7412.449632,7,0.997,2.0060180541622663,0.030093289196505862,-0.01,87.86764705882354,2.0060180541622663,64.7729546093751,0,0,0,0,,False
HEMI,2026-08-16T18:56:49.311Z,2026-08-16T18:56:49.312076Z,2026-08-16T20:56:49.312076Z,7396.955508,7,0.006445,15.515903801395798,57.4829931972789,-19.008,97.05882352941177,15.515903801395798,57.56845167014791,0,0,0,0,,False
KAITO,2026-08-16T18:57:06.741Z,2026-08-16T18:57:06.741958Z,2026-08-16T20:57:06.741958Z,7379.525626,7,0.34524999999999995,14.482259232440274,12.097922003985193,-8.181,85.66176470588235,14.482259232440274,44.35358248110743,6,2,0,4,-0.8333,False
PEPE,2026-08-16T18:57:20.833Z,2026-08-16T18:57:20.834169Z,2026-08-16T20:57:20.834169Z,7365.433415,7,2.575e-06,38.83495145631031,3.100775193798453,-2.273,88.97058823529412,38.83495145631031,54.44343501649043,25,24,0,1,0.64,False
WLD,2026-08-16T18:57:58.918Z,2026-08-16T18:57:58.918321Z,2026-08-16T20:57:58.918321Z,7327.349263,7,0.35925,2.783576896311454,7.964601769911503,3.108,93.75,2.783576896311454,72.33516532997608,11,8,3,0,0.4545,False
WLFI,2026-08-16T18:58:06.064Z,2026-08-16T18:58:06.064233Z,2026-08-16T20:58:06.064233Z,7320.203351,7,0.05985,16.708437761069817,11.26050420168068,4.754,93.38235294117646,16.708437761069817,70.38544518520428,4,4,0,0,0.0,False
XLM,2026-08-16T18:58:11.330Z,2026-08-16T18:58:11.330938Z,2026-08-16T20:58:11.330938Z,7314.936646,7,0.15685,6.375518010839448,1.9707565162110565,-0.632,90.80882352941177,6.375518010839448,68.89736995408701,11,4,7,0,0.6364,False
2Z,2026-08-16T19:04:01.162Z,2026-08-16T19:04:01.162324Z,2026-08-16T21:04:01.162324Z,7564.526754,7,0.048085,10.398253093480593,9.04429860541427,-6.447,75.0,10.398253093480593,55.5167202445374,0,0,0,0,,True
ARB,2026-08-16T19:04:25.803Z,2026-08-16T19:04:25.804032Z,2026-08-16T21:04:25.804032Z,7539.885046,7,0.07375000000000001,13.559322033898692,3.7685060565275865,0.541,81.98529411764706,13.559322033898692,75.10838297462055,8,6,1,1,0.75,False
ATOM,2026-08-16T19:04:31.313Z,2026-08-16T19:04:31.314042Z,2026-08-16T21:04:31.314042Z,7534.375036,7,1.4645000000000001,6.828269033800695,2.586793737236202,0.068,84.55882352941177,6.828269033800695,66.714221433216,2,0,1,1,-1.0,False
BCH,2026-08-16T19:04:37.414Z,2026-08-16T19:04:37.414857Z,2026-08-16T21:04:37.414857Z,7528.274221,7,203.25,4.920049200493123,1.0805500982318357,0.049,84.92647058823529,4.920049200493123,49.56814490623342,0,0,0,0,,False
BOME,2026-08-16T19:04:45.462Z,2026-08-16T19:04:45.463141Z,2026-08-16T21:04:45.463141Z,7520.225937,7,0.0008212499999999999,10.958904109588648,13.291671674077632,-4.794,73.8970588235294,10.958904109588648,49.09819575264098,4,2,0,2,0.5,False
COW,2026-08-16T19:04:58.520Z,2026-08-16T19:04:58.520419Z,2026-08-16T21:04:58.520419Z,7507.168659,7,0.12165000000000001,57.542129058774535,26.64500406173843,-13.249,80.1470588235294,57.542129058774535,56.184958849918246,7,4,0,3,0.4286,False
DOT,2026-08-16T19:05:10.274Z,2026-08-16T19:05:10.274342Z,2026-08-16T21:05:10.274342Z,7495.414736,7,0.7615000000000001,13.131976362442558,1.8372703412073508,-1.039,74.26470588235294,13.131976362442558,68.6825729806142,22,16,4,2,0.4091,False
ENSO,2026-08-16T19:05:17.436Z,2026-08-16T19:05:17.436424Z,2026-08-16T21:05:17.436424Z,7488.252654,7,0.8075000000000001,12.38390092879258,10.086100861008607,-7.192,75.73529411764706,12.38390092879258,44.411031996741464,1,0,1,0,1.0,False
ETHFI,2026-08-16T19:05:26.825Z,2026-08-16T19:05:26.825789Z,2026-08-16T21:05:26.825789Z,7478.863289,7,0.50315,13.912352181256542,10.407239819004536,6.25,73.52941176470588,13.912352181256542,75.87042374300921,6,5,1,0,1.0,False
GRAM,2026-08-16T19:05:37.553Z,2026-08-16T19:05:37.553358Z,2026-08-16T21:05:37.553358Z,7468.13572,7,1.3405,7.459903021259902,1.9388516032811351,-1.252,83.08823529411765,7.459903021259902,62.832327801518545,4,3,1,0,1.0,False
HBAR,2026-08-16T19:05:42.766Z,2026-08-16T19:05:42.767006Z,2026-08-16T21:05:42.767006Z,7462.922072,7,0.0649,3.0816640986120563,1.413861994774864,-0.823,76.83823529411765,3.0816640986120563,62.12196443803936,4,3,1,0,0.5,False
INJ,2026-08-16T19:05:48.855Z,2026-08-16T19:05:48.856216Z,2026-08-16T21:05:48.856216Z,7456.832862,7,4.0625,2.4615384615370974,4.097560975609761,-1.796,81.25,2.4615384615370974,54.001795824598446,15,10,5,0,0.8,False
NIL,2026-08-16T19:06:01.665Z,2026-08-16T19:06:01.666162Z,2026-08-16T21:06:01.666162Z,7444.022916,7,0.04542499999999999,19.81287837094107,19.00881057268722,-12.135,79.77941176470588,19.81287837094107,57.784704013668545,0,0,0,0,,False
ONDO,2026-08-16T19:06:13.060Z,2026-08-16T19:06:13.060362Z,2026-08-16T21:06:13.060362Z,7432.628716,7,0.3295,6.06980273141056,3.5400907715582415,1.912,83.82352941176471,6.06980273141056,78.35260641837412,29,27,2,0,0.931,False
ONT,2026-08-16T19:06:19.211Z,2026-08-16T19:06:19.211430Z,2026-08-16T21:06:19.211430Z,7426.477648,7,0.03862,10.357327809424747,8.905852417302789,7.377,77.20588235294117,10.357327809424747,58.24340233956671,3,3,0,0,1.0,False
PENGU,2026-08-16T19:06:35.608Z,2026-08-16T19:06:35.608517Z,2026-08-16T21:06:35.608517Z,7410.080561,7,0.0058955,1.696208972945692,2.0186853520186925,-0.481,85.29411764705883,1.696208972945692,55.896392486670024,5,3,2,0,0.6,False
RARE,2026-08-16T19:06:48.832Z,2026-08-16T19:06:48.833019Z,2026-08-16T21:06:48.833019Z,7396.856059,7,0.013505,66.64198445020348,11.28630705394191,3.168,77.94117647058823,66.64198445020348,64.00678229491278,0,0,0,0,,False
RED,2026-08-16T19:06:59.941Z,2026-08-16T19:06:59.942024Z,2026-08-16T21:06:59.942024Z,7385.747054,7,0.0868,23.04147465437854,35.3211009174312,-4.07,78.67647058823529,23.04147465437854,65.75598761363315,0,0,0,0,,False
RENDER,2026-08-16T19:07:06.162Z,2026-08-16T19:07:06.163237Z,2026-08-16T21:07:06.163237Z,7379.525841,7,1.2585,7.945967421532696,1.5797788309636664,0.238,73.16176470588235,7.945967421532696,74.42203134109181,1,1,0,0,1.0,False
RUNE,2026-08-16T19:07:19.756Z,2026-08-16T19:07:19.756460Z,2026-08-16T21:07:19.756460Z,7365.932618,7,0.4175,23.952095808383255,2.1479713603818635,-0.475,81.61764705882354,23.952095808383255,71.0416860772639,6,2,0,4,-0.3333,False
SHIB,2026-08-16T19:07:25.590Z,2026-08-16T19:07:25.590438Z,2026-08-16T21:07:25.590438Z,7360.09864,7,4.445e-06,22.497187851518344,2.237136465324382,-1.758,71.32352941176471,22.497187851518344,63.31450742344813,13,4,9,0,0.6154,False
TRUMP,2026-08-16T19:07:41.200Z,2026-08-16T19:07:41.201193Z,2026-08-16T21:07:41.201193Z,7344.487885,7,1.4075,7.104795737121775,3.5966149506346925,0.853,80.88235294117646,7.104795737121775,75.09934932258741,6,3,0,3,-0.5,False
WAL,2026-08-16T19:07:47.452Z,2026-08-16T19:07:47.453019Z,2026-08-16T21:07:47.453019Z,7338.236059,7,0.02185,45.76659038901574,26.146788990825687,-17.736,77.57352941176471,45.76659038901574,34.07136973627051,0,0,0,0,,False
ZRO,2026-08-16T19:07:52.824Z,2026-08-16T19:07:52.824610Z,2026-08-16T21:07:52.824610Z,7332.864468,7,0.7625,13.114754098360669,3.3898305084745792,-2.788,79.04411764705883,13.114754098360669,63.86083310768247,18,16,2,0,1.0,False
BANK,2026-08-16T19:14:00.666Z,2026-08-16T19:14:00.667110Z,2026-08-16T21:14:00.667110Z,7565.419894,7,0.03615,27.662517289074096,7.458563535911604,-5.729,68.01470588235294,27.662517289074096,38.37191216734346,3,1,1,1,0.3333,False
BMT,2026-08-16T19:14:07.888Z,2026-08-16T19:14:07.889176Z,2026-08-16T21:14:07.889176Z,7558.197828,7,0.01475,13.559322033898928,9.580838323353296,-3.095,64.33823529411765,13.559322033898928,67.7167829871966,2,0,0,2,0.0,False
BONK,2026-08-16T19:14:15.994Z,2026-08-16T19:14:15.994348Z,2026-08-16T21:14:15.994348Z,7550.092656,7,2.335e-06,42.82655246252635,2.564102564102576,-0.847,62.86764705882353,42.82655246252635,60.542919929585324,5,4,0,1,1.0,False
DYDX,2026-08-16T19:14:35.996Z,2026-08-16T19:14:35.996505Z,2026-08-16T21:14:35.996505Z,7530.090499,7,0.104025,4.8065368901714365,3.8271719899432,-3.278,62.5,4.8065368901714365,55.1825047017716,0,0,0,0,,False
HEI,2026-08-16T19:15:07.118Z,2026-08-16T19:15:07.119101Z,2026-08-16T21:15:07.119101Z,7498.967903,7,0.13269999999999998,30.14318010549991,15.62264150943396,3.274,60.294117647058826,30.14318010549991,72.71300061346074,1,1,0,0,1.0,False
JTO,2026-08-16T19:15:13.388Z,2026-08-16T19:15:13.389079Z,2026-08-16T21:15:13.389079Z,7492.697925,7,0.5871,6.813149378301261,3.8745387453874556,2.722,65.80882352941177,6.813149378301261,70.47496336764677,6,4,2,0,0.3333,False
KITE,2026-08-16T19:15:27.396Z,2026-08-16T19:15:27.396345Z,2026-08-16T21:15:27.396345Z,7478.690659,7,0.09355,10.689470871192183,3.8297872340425596,-2.893,57.35294117647059,10.689470871192183,56.187196449964105,0,0,0,0,,False
LDO,2026-08-16T19:15:32.996Z,2026-08-16T19:15:32.996869Z,2026-08-16T21:15:32.996869Z,7473.090135,7,0.3015,13.26699834162559,5.013106159895144,1.835,70.58823529411765,13.26699834162559,68.21087810510198,3,3,0,0,1.0,False
MMT,2026-08-16T19:15:41.128Z,2026-08-16T19:15:41.128378Z,2026-08-16T21:15:41.128378Z,7464.958626,7,0.1776,22.522522522523168,7.0588235294117645,0.962,59.9264705882353,22.522522522523168,67.21045440666178,0,0,0,0,,False
OP,2026-08-16T19:15:53.671Z,2026-08-16T19:15:53.671726Z,2026-08-16T21:15:53.671726Z,7452.415278,7,0.0839,23.8379022646014,1.6587677725118464,-1.171,70.22058823529412,23.8379022646014,38.961720169639456,8,3,4,1,1.0,False
PAXG,2026-08-16T19:16:06.970Z,2026-08-16T19:16:06.970689Z,2026-08-16T21:16:06.970689Z,7439.116315,7,4372.015,0.022872748607262964,0.19156956741397335,0.008,69.48529411764706,0.022872748607262964,71.48835504148454,1,0,1,0,1.0,False
POL,2026-08-16T19:16:15.300Z,2026-08-16T19:16:15.300980Z,2026-08-16T21:16:15.300980Z,7430.786024,7,0.07511000000000001,2.662761283451754,1.2134951326843502,-0.649,63.60294117647059,2.662761283451754,56.162010763298895,7,5,2,0,0.8571,False
SAGA,2026-08-16T19:16:25.902Z,2026-08-16T19:16:25.902422Z,2026-08-16T21:16:25.902422Z,7420.184582,7,0.013065,7.654037504783461,3.5987748851454815,0.077,63.23529411764706,7.654037504783461,63.78420324560039,0,0,0,0,,False
SEI,2026-08-16T19:16:32.921Z,2026-08-16T19:16:32.921716Z,2026-08-16T21:16:32.921716Z,7413.165288,7,0.03967,5.04159314343312,1.509054325955743,-0.525,65.07352941176471,5.04159314343312,68.53856650874546,1,0,1,0,1.0,False
THE,2026-08-16T19:16:52.355Z,2026-08-16T19:16:52.355861Z,2026-08-16T21:16:52.355861Z,7393.731143,7,0.061200000000000004,32.6797385620913,8.077544426494342,-0.96,62.13235294117647,32.6797385620913,60.952627687416026,25,13,6,6,0.48,False
TST,2026-08-16T19:17:06.394Z,2026-08-16T19:17:06.395235Z,2026-08-16T21:17:06.395235Z,7379.691769,7,0.014365,20.884093282283683,8.981612446958984,-0.282,64.70588235294117,20.884093282283683,54.24289609493766,0,0,0,0,,False
TWT,2026-08-16T19:17:13.619Z,2026-08-16T19:17:13.620070Z,2026-08-16T21:17:13.620070Z,7372.466934,7,0.39475,27.865737808739453,4.11304567247036,1.381,65.44117647058823,27.865737808739453,55.535810754129045,4,4,0,0,0.5,False
ZBT,2026-08-16T19:17:39.460Z,2026-08-16T19:17:39.460887Z,2026-08-16T21:17:39.460887Z,7346.626117,7,0.08299999999999999,24.096385542167695,5.357142857142845,-2.098,61.76470588235294,24.096385542167695,61.62182583478337,0,0,0,0,,False
ZEN,2026-08-16T19:17:46.769Z,2026-08-16T19:17:46.769969Z,2026-08-16T21:17:46.769969Z,7339.317035,7,3.989,10.027575833542251,1.35270541082165,-0.374,58.088235294117645,10.027575833542251,51.049557109568624,0,0,0,0,,False
APE,2026-08-16T19:23:32.111Z,2026-08-16T19:23:32.111846Z,2026-08-16T21:23:32.111846Z,7593.506257,7,0.12279999999999999,16.2866449511394,1.8488745980707366,1.221,47.794117647058826,16.2866449511394,73.50530993952069,3,3,0,0,1.0,False
BB,2026-08-16T19:23:51.749Z,2026-08-16T19:23:51.749497Z,2026-08-16T21:23:51.749497Z,7573.868606,7,0.011234999999999998,44.503782821539566,4.537521815008723,-1.207,51.10294117647059,44.503782821539566,66.1797922206185,0,0,0,0,,False
BERA,2026-08-16T19:23:59.397Z,2026-08-16T19:23:59.397494Z,2026-08-16T21:23:59.397494Z,7566.220609,7,0.14495,34.494653328734074,6.155950752393986,0.206,53.6764705882353,34.494653328734074,52.82082734624693,1,0,1,0,1.0,False
CETUS,2026-08-16T19:24:06.614Z,2026-08-16T19:24:06.615231Z,2026-08-16T21:24:06.615231Z,7559.002872,7,0.021585,23.164234422053017,8.333333333333332,1.946,52.5735294117647,23.164234422053017,55.054729639252564,0,0,0,0,,False
CFX,2026-08-16T19:24:21.099Z,2026-08-16T19:24:21.099999Z,2026-08-16T21:24:21.099999Z,7544.518104,7,0.04177,9.57625089777313,1.9995239228755068,-1.13,42.64705882352941,9.57625089777313,43.651124826311374,1,1,0,0,1.0,False
COOKIE,2026-08-16T19:24:28.520Z,2026-08-16T19:24:28.520375Z,2026-08-16T21:24:28.520375Z,7537.097728,7,0.01105,90.4977375565621,7.142857142857147,0.901,48.89705882352941,90.4977375565621,40.72294702301937,1,0,0,1,1.0,False
CVX,2026-08-16T19:24:33.612Z,2026-08-16T19:24:33.613169Z,2026-08-16T21:24:33.613169Z,7532.004934,7,1.6349999999999998,36.697247706422054,6.581352833638018,4.99,44.85294117647059,36.697247706422054,76.38690536183331,1,1,0,0,1.0,False
ERA,2026-08-16T19:24:46.167Z,2026-08-16T19:24:46.168040Z,2026-08-16T21:24:46.168040Z,7519.450063,7,0.05965,16.764459346186566,3.1561461794019916,-0.331,44.48529411764706,16.764459346186566,71.32056246562655,0,0,0,0,,False
FLOKI,2026-08-16T19:24:55.312Z,2026-08-16T19:24:55.312735Z,2026-08-16T21:24:55.312735Z,7510.305368,7,2.013e-05,9.93541977148525,1.133004926108372,-0.588,52.205882352941174,9.93541977148525,63.064420217824086,2,2,0,0,1.0,False
HUMA,2026-08-16T19:25:08.659Z,2026-08-16T19:25:08.660174Z,2026-08-16T21:25:08.660174Z,7496.957929,7,0.020380000000000002,19.627085377822294,3.804878048780485,0.049,48.161764705882355,19.627085377822294,68.89090571466785,0,0,0,0,,False
LINEA,2026-08-16T19:25:21.371Z,2026-08-16T19:25:21.371696Z,2026-08-16T21:25:21.371696Z,7484.246407,7,0.00213,18.77934272300515,5.155596841616348,0.046,51.838235294117645,18.77934272300515,60.09810189655409,0,0,0,0,,False
LISTA,2026-08-16T19:25:29.184Z,2026-08-16T19:25:29.184819Z,2026-08-16T21:25:29.184819Z,7476.433284,7,0.057749999999999996,51.94805194805223,3.979238754325266,0.522,50.73529411764706,51.94805194805223,67.00557444688451,0,0,0,0,,False
MIRA,2026-08-16T19:25:36.442Z,2026-08-16T19:25:36.442695Z,2026-08-16T21:25:36.442695Z,7469.175408,7,0.03855,25.940337224384656,2.8277634961439686,-2.261,43.75,25.940337224384656,59.31190555271995,1,0,1,0,1.0,False
MORPHO,2026-08-16T19:25:43.408Z,2026-08-16T19:25:43.408393Z,2026-08-16T21:25:43.408393Z,7462.20971,7,2.003,19.970044932601112,2.9353233830845635,2.708,51.470588235294116,19.970044932601112,79.29165515305786,0,0,0,0,,False
MUBARAK,2026-08-16T19:25:50.954Z,2026-08-16T19:25:50.954656Z,2026-08-16T21:25:50.954656Z,7454.663447,7,0.016985,29.437739181631695,12.658227848101273,3.043,49.26470588235294,29.437739181631695,71.32606625800356,0,0,0,0,,False
NEIRO,2026-08-16T19:25:57.177Z,2026-08-16T19:25:57.178017Z,2026-08-16T21:25:57.178017Z,7448.440086,7,6.3905e-05,23.472341757294434,2.3861171366594394,-1.466,42.279411764705884,23.472341757294434,60.262987964523035,43,42,0,1,0.7209,False
NOM,2026-08-16T19:26:05.453Z,2026-08-16T19:26:05.453990Z,2026-08-16T21:26:05.453990Z,7440.164113,7,0.00163,122.69938650306781,5.521472392638039,-1.212,44.11764705882353,122.69938650306781,55.057541767901874,2,2,0,0,1.0,False
NOT,2026-08-16T19:26:10.704Z,2026-08-16T19:26:10.705066Z,2026-08-16T21:26:10.705066Z,7434.913037,7,0.0003895,25.67394094993505,8.483290488431873,-2.75,54.044117647058826,25.67394094993505,62.295795753486956,0,0,0,0,,False
RESOLV,2026-08-16T19:26:30.511Z,2026-08-16T19:26:30.511934Z,2026-08-16T21:26:30.511934Z,7415.106169,7,0.016935,29.524653085325046,5.451348182883941,-0.872,45.588235294117645,29.524653085325046,60.05559219598444,2,2,0,0,1.0,False
SAND,2026-08-16T19:26:37.465Z,2026-08-16T19:26:37.465240Z,2026-08-16T21:26:37.465240Z,7408.152863,7,0.039315,12.717792191275958,3.1778058007566132,0.0,50.0,12.717792191275958,55.031032908939835,4,4,0,0,1.0,False
SAPIEN,2026-08-16T19:26:42.655Z,2026-08-16T19:26:42.655568Z,2026-08-16T21:26:42.655568Z,7402.962535,7,0.07715,12.961762799741136,3.088803088803088,-1.396,43.38235294117647,12.961762799741136,58.12034697746377,0,0,0,0,,False
SOPH,2026-08-16T19:26:50.595Z,2026-08-16T19:26:50.595492Z,2026-08-16T21:26:50.595492Z,7395.022611,7,0.0040149999999999995,24.90660024906715,4.533333333333333,0.267,43.01470588235294,24.90660024906715,69.39018910373007,0,0,0,0,,False
TLM,2026-08-16T19:27:01.595Z,2026-08-16T19:27:01.595964Z,2026-08-16T21:27:01.595964Z,7384.022139,7,0.001572,25.445292620865757,3.6098796706776564,-0.879,46.3235294117647,25.445292620865757,63.08453107137698,0,0,0,0,,False
TRB,2026-08-16T19:27:13.299Z,2026-08-16T19:27:13.299375Z,2026-08-16T21:27:13.299375Z,7372.318728,7,12.895,23.264831329972363,1.9171779141104295,-1.362,50.36764705882353,23.264831329972363,61.29700127524698,0,0,0,0,,False
XTZ,2026-08-16T19:27:25.771Z,2026-08-16T19:27:25.771455Z,2026-08-16T21:27:25.771455Z,7359.846648,7,0.19485,25.66076469078781,2.481012658227842,-0.903,55.14705882352941,25.66076469078781,45.77956140491325,2,1,1,0,0.0,False
YGG,2026-08-16T19:27:33.029Z,2026-08-16T19:27:33.029808Z,2026-08-16T21:27:33.029808Z,7352.588295,7,0.019705,45.67368688150206,4.325955734406437,-1.291,45.220588235294116,45.67368688150206,66.01239417991539,0,0,0,0,,True
ARKM,2026-08-16T19:33:33.591Z,2026-08-16T19:33:33.591447Z,2026-08-16T21:33:33.591447Z,7592.620369,7,0.08860000000000001,67.72009029345409,2.9801324503311193,-1.307,31.61764705882353,67.72009029345409,50.51392700333651,1,0,1,0,1.0,False
AXS,2026-08-16T19:33:41.147Z,2026-08-16T19:33:41.147787Z,2026-08-16T21:33:41.147787Z,7585.064029,7,0.8645,11.56737998843263,2.9680365296803677,0.114,34.55882352941177,11.56737998843263,70.0422686226699,2,2,0,0,1.0,False
BARD,2026-08-16T19:33:48.592Z,2026-08-16T19:33:48.592689Z,2026-08-16T21:33:48.592689Z,7577.619127,7,0.10575000000000001,104.01891252955117,8.606173994387278,3.485,33.8235294117647,104.01891252955117,65.68721595547193,1,0,1,0,1.0,False
CGPT,2026-08-16T19:34:08.483Z,2026-08-16T19:34:08.483851Z,2026-08-16T21:34:08.483851Z,7557.727965,7,0.01981,20.191822311964582,5.571847507331372,-3.899,39.705882352941174,20.191822311964582,46.40697321894935,0,0,0,0,,False
EGLD,2026-08-16T19:34:16.448Z,2026-08-16T19:34:16.448973Z,2026-08-16T21:34:16.448973Z,7549.762843,7,2.605,38.387715930901294,2.651515151515145,-0.377,40.80882352941177,38.387715930901294,65.37034806160685,3,2,0,1,0.3333,False
EIGEN,2026-08-16T19:34:23.487Z,2026-08-16T19:34:23.487373Z,2026-08-16T21:34:23.487373Z,7542.724443,7,0.16625,18.04511278195457,3.2258064516128893,0.888,30.514705882352942,18.04511278195457,48.00038781502633,0,0,0,0,,False
NEO,2026-08-16T19:35:43.250Z,2026-08-16T19:35:43.250639Z,2026-08-16T21:35:43.250639Z,7462.961177,7,1.6545,18.132366273798077,1.6177351707609429,-1.008,40.44117647058823,18.132366273798077,64.33644641777664,0,0,0,0,,False
RAY,2026-08-16T19:36:13.806Z,2026-08-16T19:36:13.807058Z,2026-08-16T21:36:13.807058Z,7432.404758,7,0.615,13.00813008129938,1.1749557379687887,-0.016,30.88235294117647,13.00813008129938,66.20604995985812,10,7,3,0,0.8,False
RSR,2026-08-16T19:36:27.389Z,2026-08-16T19:36:27.389267Z,2026-08-16T21:36:27.389267Z,7418.822549,7,0.001133,17.65225066195983,0.7832898172323857,-0.26,35.661764705882355,17.65225066195983,41.936706939991176,0,0,0,0,,False
STX,2026-08-16T19:36:35.959Z,2026-08-16T19:36:35.959941Z,2026-08-16T21:36:35.959941Z,7410.251875,7,0.11960000000000001,33.4448160535115,1.876019575856452,-0.244,38.970588235294116,33.4448160535115,66.74528764636001,5,1,3,1,0.2,False
THETA,2026-08-16T19:36:41.148Z,2026-08-16T19:36:41.149121Z,2026-08-16T21:36:41.149121Z,7405.062695,7,0.1361,14.695077149153414,1.664254703328507,-0.36,37.5,14.695077149153414,62.397980012588896,0,0,0,0,,False
USDE,2026-08-16T19:36:52.133Z,2026-08-16T19:36:52.133714Z,2026-08-16T21:36:52.133714Z,7394.078102,7,0.99995,1.000050002500015,0.0100010001000089,0.0,31.25,1.000050002500015,47.78721899144817,0,0,0,0,,False
USUAL,2026-08-16T19:37:00.410Z,2026-08-16T19:37:00.410860Z,2026-08-16T21:37:00.410860Z,7385.800956,7,0.00877,68.41505131128964,5.399325084364449,-0.67,30.147058823529413,68.41505131128964,49.25955509386099,0,0,0,0,,True
WCT,2026-08-16T19:37:13.897Z,2026-08-16T19:37:13.897947Z,2026-08-16T21:37:13.897947Z,7372.313869,7,0.03363,11.89414213499803,9.90648743424897,-0.291,33.088235294117645,11.89414213499803,60.260314126187346,0,0,0,0,,False
1MBABYDOGE,2026-08-16T19:43:09.966Z,2026-08-16T19:43:09.966711Z,2026-08-16T21:43:09.966711Z,7616.563115,7,0.00032304999999999996,9.286488159727822,1.9094548814290246,-1.157,17.279411764705884,9.286488159727822,34.43776340189701,0,0,0,0,,
AT,2026-08-16T19:43:23.369Z,2026-08-16T19:43:23.369280Z,2026-08-16T21:43:23.369280Z,7603.160546,7,0.15805,31.635558367605217,8.147676639083391,4.247,14.338235294117647,31.635558367605217,66.90815059645094,7,5,1,1,-0.4286,False
ENJ,2026-08-16T19:43:40.906Z,2026-08-16T19:43:40.907803Z,2026-08-16T21:43:40.907803Z,7585.622023,7,0.023485,55.354481583990484,5.6020066889632,-0.829,18.014705882352942,55.354481583990484,60.23921892731862,5,0,5,0,0.8,False
ETC,2026-08-16T19:43:55.339Z,2026-08-16T19:43:55.339750Z,2026-08-16T21:43:55.339750Z,7571.190076,7,6.0600000000000005,33.00330033003376,1.6207455429497513,-1.28,21.323529411764707,33.00330033003376,59.060623524893984,1,1,0,0,1.0,False
GRT,2026-08-16T19:44:06.390Z,2026-08-16T19:44:06.390376Z,2026-08-16T21:44:06.390376Z,7560.13945,7,0.01324,30.211480362536534,1.4168530947054376,-1.106,15.073529411764707,30.211480362536534,55.05426930820933,3,1,1,1,0.3333,False
HMSTR,2026-08-16T19:44:11.928Z,2026-08-16T19:44:11.928867Z,2026-08-16T21:44:11.928867Z,7554.600959,7,0.0001712,46.72897196261638,2.6949541284403704,-1.022,24.264705882352942,46.72897196261638,60.335187326134296,0,0,0,0,,False
IOTA,2026-08-16T19:44:25.876Z,2026-08-16T19:44:25.876968Z,2026-08-16T21:44:25.876968Z,7540.652858,7,0.031700000000000006,63.09148264984188,3.4375000000000115,-2.141,25.36764705882353,63.09148264984188,59.09032785585914,0,0,0,0,,False
MEME,2026-08-16T19:45:10.593Z,2026-08-16T19:45:10.593915Z,2026-08-16T21:45:10.593915Z,7495.935911,7,0.0004645,21.528525296017747,2.9473684210526345,-2.464,20.58823529411765,21.528525296017747,56.32233813621888,50,33,15,2,1.0,False
OPEN,2026-08-16T19:45:30.098Z,2026-08-16T19:45:30.098835Z,2026-08-16T21:45:30.098835Z,7476.430991,7,0.1701,11.757789535566019,5.198598130841116,-4.677,20.220588235294116,11.757789535566019,51.90162084853163,0,0,0,0,,False
OSMO,2026-08-16T19:45:35.561Z,2026-08-16T19:45:35.561729Z,2026-08-16T21:45:35.561729Z,7470.968097,7,0.0297,67.34006734006692,3.3222591362126277,-0.66,16.91176470588235,67.34006734006692,54.04469938110381,3,1,2,0,0.3333,False
PNUT,2026-08-16T19:45:48.698Z,2026-08-16T19:45:48.698613Z,2026-08-16T21:45:48.698613Z,7457.831213,7,0.04025,24.84472049689512,2.702702702702712,-2.398,24.63235294117647,24.84472049689512,53.67471634679534,2,0,2,0,1.0,False
SAHARA,2026-08-16T19:46:05.716Z,2026-08-16T19:46:05.716755Z,2026-08-16T21:46:05.716755Z,7440.813071,7,0.007495,40.026684456304885,3.2679738562091534,-1.923,22.794117647058822,40.026684456304885,46.14553447148337,0,0,0,0,,False
SHELL,2026-08-16T19:46:20.348Z,2026-08-16T19:46:20.349051Z,2026-08-16T21:46:20.349051Z,7426.180775,7,0.02095,47.732696897376066,4.716981132075476,3.415,19.11764705882353,47.732696897376066,70.79096320882618,1,1,0,0,1.0,False
SOLV,2026-08-16T19:46:39.502Z,2026-08-16T19:46:39.503062Z,2026-08-16T21:46:39.503062Z,7407.026764,7,0.002255,44.3458980044347,3.8961038961039063,1.762,25.0,44.3458980044347,64.99947697654368,2,2,0,0,1.0,False
VET,2026-08-16T19:46:57.566Z,2026-08-16T19:46:57.566400Z,2026-08-16T21:46:57.566400Z,7388.963426,7,0.0043765,34.2739632126134,2.8194633924511137,-2.418,13.235294117647058,34.2739632126134,56.50147736857896,5,3,1,1,1.0,False
ZKC,2026-08-16T19:47:06.152Z,2026-08-16T19:47:06.153264Z,2026-08-16T21:47:06.153264Z,7380.376562,7,0.03725,26.84563758389339,1.5915119363395316,-0.789,23.897058823529413,26.84563758389339,57.70066450278862,0,0,0,0,,False
AUCTION,2026-08-16T19:53:03.077Z,2026-08-16T19:53:03.078061Z,2026-08-16T21:53:03.078061Z,7623.101882,7,2.8095,67.62769176010012,1.0593220338982983,-0.317,1.4705882352941178,67.62769176010012,45.42682785114398,0,0,0,0,,True
BEAMX,2026-08-16T19:53:10.732Z,2026-08-16T19:53:10.732302Z,2026-08-16T21:53:10.732302Z,7615.447641,7,0.0013059999999999999,30.627871362939363,2.2624434389140333,-1.996,11.397058823529411,30.627871362939363,41.50161816837904,0,0,0,0,,False
BFUSD,2026-08-16T19:53:16.160Z,2026-08-16T19:53:16.160286Z,2026-08-16T21:53:16.160286Z,7610.019657,7,0.99915,11.00935795426102,0.12018027040560629,0.0,2.9411764705882355,11.00935795426102,39.86781736055354,0,0,0,0,,False
BLUR,2026-08-16T19:53:23.181Z,2026-08-16T19:53:23.181847Z,2026-08-16T21:53:23.181847Z,7602.998096,7,0.01295,77.22007722007676,1.6679302501895352,0.076,4.779411764705882,77.22007722007676,62.47386900621337,0,0,0,0,,False
BNB,2026-08-16T19:53:28.830Z,2026-08-16T19:53:28.830921Z,2026-08-16T21:53:28.830921Z,7597.349022,7,603.465,0.16570969318835235,1.2004960727573364,-0.804,98.16176470588235,0.16570969318835235,44.53113223117135,26,12,13,1,0.6154,False
BTC,2026-08-16T19:53:41.444Z,2026-08-16T19:53:41.444279Z,2026-08-16T21:53:41.444279Z,7584.735664,7,62872.005000000005,0.0015905330205450371,0.673815757749071,0.146,100.0,0.0015905330205450371,56.93416048751298,40,19,9,12,0.2,False
COMP,2026-08-16T19:53:55.698Z,2026-08-16T19:53:55.698278Z,2026-08-16T21:53:55.698278Z,7570.481665,7,16.03,37.42981908920693,0.6773399014778291,-0.123,3.3088235294117645,37.42981908920693,41.578836331858355,5,3,2,0,1.0,False
HIVE,2026-08-16T19:54:27.969Z,2026-08-16T19:54:27.970127Z,2026-08-16T21:54:27.970127Z,7538.209816,7,0.03875,77.41935483870832,1.7811704834605577,0.0,4.044117647058823,77.41935483870832,42.919678914480194,0,0,0,0,,False
LA,2026-08-16T19:54:40.993Z,2026-08-16T19:54:40.994186Z,2026-08-16T21:54:40.994186Z,7525.185757,7,0.047200000000000006,42.372881355931945,5.857740585774051,-4.4,6.617647058823529,42.372881355931945,37.213958004235906,1,0,0,1,-1.0,False
LINK,2026-08-16T19:54:46.827Z,2026-08-16T19:54:46.827624Z,2026-08-16T21:54:46.827624Z,7519.352319,7,9.3835,1.0657004316099774,3.2388663967611175,-1.82,97.42647058823529,1.0657004316099774,58.32320892106221,36,19,14,3,0.6667,False
MANTRA,2026-08-16T19:55:00.024Z,2026-08-16T19:55:00.025004Z,2026-08-16T21:55:00.025004Z,7506.154939,7,0.004829999999999999,41.40786749482413,2.0283975659229085,-1.004,10.661764705882353,41.40786749482413,62.497648538465135,2,0,2,0,-1.0,False
NEWT,2026-08-16T19:55:07.366Z,2026-08-16T19:55:07.366909Z,2026-08-16T21:55:07.366909Z,7498.813034,7,0.0374,53.47593582887668,5.154639175257737,3.743,11.029411764705882,53.47593582887668,69.03924305630403,0,0,0,0,,False
NMR,2026-08-16T19:55:16.316Z,2026-08-16T19:55:16.317117Z,2026-08-16T21:55:16.317117Z,7489.862826,7,8.015,37.42981908920693,0.6150061500615093,0.619,2.2058823529411766,37.42981908920693,52.22009184627208,1,1,0,0,1.0,False
SOL,2026-08-16T19:55:21.547Z,2026-08-16T19:55:21.547675Z,2026-08-16T21:55:21.547675Z,7484.632268,7,74.235,1.3470734828572648,0.9318423855165107,-0.49,98.8970588235294,1.3470734828572648,54.99521807839086,35,25,7,3,0.8571,False
STEEM,2026-08-16T19:55:29.458Z,2026-08-16T19:55:29.458846Z,2026-08-16T21:55:29.458846Z,7476.721097,7,0.034845,60.2668962548434,0.7120478496154947,-0.707,0.36764705882352944,60.2668962548434,38.35584342003789,0,0,0,0,,False
STO,2026-08-16T19:55:35.351Z,2026-08-16T19:55:35.352157Z,2026-08-16T21:55:35.352157Z,7470.827786,7,0.0379,52.77044854881234,1.3020833333333346,-0.518,5.882352941176471,52.77044854881234,52.7783154672409,0,0,0,0,,False
SXT,2026-08-16T19:55:42.344Z,2026-08-16T19:55:42.344676Z,2026-08-16T21:55:42.344676Z,7463.835267,7,0.007025,42.704626334520306,1.5471167369901526,0.566,1.1029411764705883,42.704626334520306,63.10637536037366,0,0,0,0,,False
TNSR,2026-08-16T19:55:50.716Z,2026-08-16T19:55:50.716388Z,2026-08-16T21:55:50.716388Z,7455.463555,7,0.03195,31.298904538342057,1.8633540372670694,-0.617,6.25,31.298904538342057,43.84103623078429,0,0,0,0,,False
TURBO,2026-08-16T19:55:57.663Z,2026-08-16T19:55:57.663552Z,2026-08-16T21:55:57.663552Z,7448.516391,7,0.000781,76.82458386683648,2.638190954773865,-0.125,11.764705882352942,76.82458386683648,67.07278562908441,1,0,1,0,1.0,False
TURTLE,2026-08-16T19:56:04.646Z,2026-08-16T19:56:04.646307Z,2026-08-16T21:56:04.646307Z,7441.533636,7,0.04265,23.446658851114385,3.480278422273785,-2.045,9.191176470588236,23.446658851114385,43.43377209300592,1,0,0,1,-1.0,False
UMA,2026-08-16T19:56:16.276Z,2026-08-16T19:56:16.276411Z,2026-08-16T21:56:16.276411Z,7429.903532,7,0.3185,31.39717425431714,1.2383900928792582,-0.309,0.7352941176470589,31.39717425431714,40.24679503442772,0,0,0,0,,True
USD1,2026-08-16T19:56:20.001Z,2026-08-16T19:56:20.001906Z,2026-08-16T21:56:20.001906Z,7426.178037,7,0.99925,1.0007505629220814,0.030024019215368996,0.01,99.26470588235294,1.0007505629220814,70.47164912643879,0,0,0,0,,False
VANA,2026-08-16T19:56:27.021Z,2026-08-16T19:56:27.021810Z,2026-08-16T21:56:27.021810Z,7419.158133,7,0.861,46.457607433217234,4.855491329479773,-0.46,3.676470588235294,46.457607433217234,56.04518587610067,0,0,0,0,,False
VELODROME,2026-08-16T19:56:35.954Z,2026-08-16T19:56:35.954792Z,2026-08-16T21:56:35.954792Z,7410.225151,7,0.016614999999999998,30.093289196507957,1.3657957244655643,-0.355,4.411764705882353,30.093289196507957,50.58469554472689,0,0,0,0,,True
XRP,2026-08-16T19:56:41.516Z,2026-08-16T19:56:41.516957Z,2026-08-16T21:56:41.516957Z,7404.662986,7,0.9944500000000001,1.0055809744089699,0.9516177501753045,-0.31,97.79411764705883,1.0055809744089699,63.215061145008114,46,31,10,5,0.6957,False
XVG,2026-08-16T19:56:49.275Z,2026-08-16T19:56:49.275859Z,2026-08-16T21:56:49.275859Z,7396.904084,7,0.0020109999999999998,49.72650422675299,2.098584675451443,-1.774,5.147058823529412,49.72650422675299,37.579160211685696,0,0,0,0,,False
AVAX,2026-08-16T20:02:56.425Z,2026-08-16T20:02:56.425435Z,2026-08-16T22:02:56.425435Z,7629.627785,7,6.306,3.1715826197283032,4.561957379636933,-2.388,95.95588235294117,3.1715826197283032,48.83194951297447,16,10,4,2,0.75,False
CRV,2026-08-16T20:03:11.509Z,2026-08-16T20:03:11.510225Z,2026-08-16T22:03:11.510225Z,7614.542995,7,0.24814999999999998,12.089462018939946,6.40512409927943,4.344,88.6029411764706,12.089462018939946,69.90240748507097,2,1,0,1,1.0,False
DOGE,2026-08-16T20:03:17.796Z,2026-08-16T20:03:17.797151Z,2026-08-16T22:03:17.797151Z,7608.256069,7,0.06951,2.8772838440501,0.9293680297397737,0.301,88.23529411764706,2.8772838440501,63.03397857235428,28,19,9,0,0.5714,False
ENA,2026-08-16T20:03:26.339Z,2026-08-16T20:03:26.339610Z,2026-08-16T22:03:26.339610Z,7599.71361,7,0.08224999999999999,12.158054711246551,2.398081534772184,-1.535,86.76470588235294,12.158054711246551,64.58872307101016,12,12,0,0,1.0,False
EUR,2026-08-16T20:03:30.468Z,2026-08-16T20:03:30.468537Z,2026-08-16T22:03:30.468537Z,7595.584683,7,1.1563500000000002,0.8647900722098756,0.043241373346031904,-0.009,96.69117647058823,0.8647900722098756,67.35614752571605,0,0,0,0,,False
FET,2026-08-16T20:03:40.467Z,2026-08-16T20:03:40.468187Z,2026-08-16T22:03:40.468187Z,7585.585033,7,0.12165000000000001,8.220304151253831,4.758064516129034,-3.276,91.54411764705883,8.220304151253831,48.99987695997031,14,8,6,0,1.0,False
GIGGLE,2026-08-16T20:03:47.726Z,2026-08-16T20:03:47.726400Z,2026-08-16T22:03:47.726400Z,7578.32682,7,31.880000000000003,18.82057716436597,21.401985111662526,5.705,86.3970588235294,18.82057716436597,74.30015749292035,1,1,0,0,1.0,False
HOME,2026-08-16T20:03:58.165Z,2026-08-16T20:03:58.166069Z,2026-08-16T22:03:58.166069Z,7567.887151,7,0.00754,26.525198938992112,23.907103825136623,-17.007,87.5,26.525198938992112,57.15024506485316,0,0,0,0,,False
ICP,2026-08-16T20:04:05.835Z,2026-08-16T20:04:05.836141Z,2026-08-16T22:04:05.836141Z,7560.217079,7,2.232,8.96057347670351,3.2996040475142867,0.353,90.44117647058823,8.96057347670351,78.5781438057326,24,6,6,12,-0.1667,False
LTC,2026-08-16T20:04:16.527Z,2026-08-16T20:04:16.527582Z,2026-08-16T22:04:16.527582Z,7549.525638,7,44.135000000000005,2.2657754616512995,1.7090173150438612,0.52,91.91176470588235,2.2657754616512995,66.8508795417715,15,10,4,1,0.6,False
NEAR,2026-08-16T20:04:22.510Z,2026-08-16T20:04:22.510817Z,2026-08-16T22:04:22.510817Z,7543.542403,7,1.5939999999999999,12.547051442910927,2.17932752179327,-1.714,95.58823529411765,12.547051442910927,52.27467409916383,13,11,1,1,0.3846,False
PLUME,2026-08-16T20:04:35.377Z,2026-08-16T20:04:35.377929Z,2026-08-16T22:04:35.377929Z,7530.675291,7,0.012805,7.809449433814597,7.471698113207544,1.923,96.32352941176471,7.809449433814597,61.14563468203487,0,0,0,0,,False
PUMP,2026-08-16T20:04:41.379Z,2026-08-16T20:04:41.379923Z,2026-08-16T22:04:41.379923Z,7524.673297,7,0.0026815,11.187768040275834,4.403669724770638,-1.447,94.8529411764706,11.187768040275834,54.38256418233723,28,28,0,0,0.9286,False
SUI,2026-08-16T20:04:47.791Z,2026-08-16T20:04:47.791396Z,2026-08-16T22:04:47.791396Z,7518.261824,7,0.67,2.9850746268653428,1.3171525825070327,-0.632,92.6470588235294,2.9850746268653428,49.75759290163233,5,5,0,0,0.6,False
SYRUP,2026-08-16T20:04:53.567Z,2026-08-16T20:04:53.567344Z,2026-08-16T22:04:53.567344Z,7512.485876,7,0.16244999999999998,6.1557402277634194,6.113801452784502,2.481,93.01470588235294,6.1557402277634194,61.05028557168704,2,1,1,0,0.0,False
TRX,2026-08-16T20:04:59.705Z,2026-08-16T20:04:59.706037Z,2026-08-16T22:04:59.706037Z,7506.347183,7,0.33115,3.0197795560920726,0.5123568414707593,0.09,94.11764705882354,3.0197795560920726,73.19771843578926,26,22,4,0,1.0,False
TUT,2026-08-16T20:05:06.275Z,2026-08-16T20:05:06.276130Z,2026-08-16T22:05:06.276130Z,7499.77709,7,0.0329,18.23708206686856,21.344485749690207,-7.929,86.02941176470588,18.23708206686856,62.67672740322014,4,2,1,1,0.5,False
XPL,2026-08-16T20:05:29.643Z,2026-08-16T20:05:29.643741Z,2026-08-16T22:05:29.643741Z,7476.409479,7,0.074265,4.039587962028176,4.864016736401674,-0.481,90.07352941176471,4.039587962028176,48.864399380111585,0,0,0,0,,False
ZEC,2026-08-16T20:05:35.796Z,2026-08-16T20:05:35.796814Z,2026-08-16T22:05:35.796814Z,7470.256406,7,486.995,3.490795593383075,2.2633660943680853,0.368,95.22058823529412,3.490795593383075,58.39301567417753,13,11,2,0,1.0,False
AAVE,2026-08-16T20:11:20.325Z,2026-08-16T20:11:20.326136Z,2026-08-16T22:11:20.326136Z,7726.269113,7,85.935,1.1636702158597667,1.9616893607200587,0.15,82.3529411764706,1.1636702158597667,57.334558750300815,4,2,0,2,0.0,False
ALGO,2026-08-16T20:11:35.497Z,2026-08-16T20:11:35.498334Z,2026-08-16T22:11:35.498334Z,7711.096915,7,0.07835,12.763241863433677,1.7811704834605577,-1.132,72.05882352941177,12.763241863433677,60.856830832210115,8,6,1,1,0.0,False
COTI,2026-08-16T20:12:01.330Z,2026-08-16T20:12:01.331101Z,2026-08-16T22:12:01.331101Z,7685.264148,7,0.01042,19.193857965450274,24.71804511278194,3.301,70.95588235294117,19.193857965450274,53.18824230812337,0,0,0,0,,False
DOLO,2026-08-16T20:12:12.797Z,2026-08-16T20:12:12.798245Z,2026-08-16T22:12:12.798245Z,7673.797004,7,0.023455,12.790449797485504,34.605704697986575,15.953,76.47058823529412,12.790449797485504,83.64936480722812,4,3,1,0,-0.5,False
EPIC,2026-08-16T20:12:31.752Z,2026-08-16T20:12:31.753134Z,2026-08-16T22:12:31.753134Z,7654.842115,7,0.36315,30.29051356189028,13.921622362291043,8.893,76.1029411764706,30.29051356189028,54.34672806625435,0,0,0,0,,False
GPS,2026-08-16T20:12:43.381Z,2026-08-16T20:12:43.381553Z,2026-08-16T22:12:43.381553Z,7643.213696,7,0.009995,10.005002501250218,18.08191808191809,-4.938,75.36764705882354,10.005002501250218,55.61704007742916,0,0,0,0,,False
NXPC,2026-08-16T20:13:15.513Z,2026-08-16T20:13:15.514258Z,2026-08-16T22:13:15.514258Z,7611.080991,7,0.19355,15.499870834410874,11.670124481327797,-2.528,83.45588235294117,15.499870834410874,54.24038255062059,0,0,0,0,,False
PIXEL,2026-08-16T20:13:45.759Z,2026-08-16T20:13:45.760195Z,2026-08-16T22:13:45.760195Z,7580.835054,7,0.00481,41.58004158004169,36.116910229645086,-0.828,72.42647058823529,41.58004158004169,64.80432933878285,7,3,2,2,0.4286,False
SOMI,2026-08-16T20:14:30.824Z,2026-08-16T20:14:30.825124Z,2026-08-16T22:14:30.825124Z,7535.770125,7,0.09154999999999999,10.922992900054929,5.844155844155847,-3.65,79.41176470588235,10.922992900054929,64.72394122702593,0,0,0,0,,False
TAO,2026-08-16T20:14:36.543Z,2026-08-16T20:14:36.543448Z,2026-08-16T22:14:36.543448Z,7530.051801,7,196.25,5.095541401275044,1.6251904520060887,-0.253,84.19117647058823,5.095541401275044,53.016513859056055,12,6,3,3,0.5,False
0G,2026-08-16T20:20:30.180Z,2026-08-16T20:20:30.180696Z,2026-08-16T22:20:30.180696Z,7775.690247,7,0.1565,63.89776357827482,5.696202531645574,-4.242,66.17647058823529,63.89776357827482,53.403207553597056,0,0,0,0,,True
1000CHEEMS,2026-08-16T20:20:33.788Z,2026-08-16T20:20:33.789139Z,2026-08-16T22:20:33.789139Z,7772.081804,7,0.0004795,20.855057351408224,2.8925619834710776,-0.82,58.455882352941174,20.855057351408224,53.43093491373191,2,0,2,0,0.0,False
AR,2026-08-16T20:20:41.261Z,2026-08-16T20:20:41.262244Z,2026-08-16T22:20:41.262244Z,7764.608699,7,1.7885,5.591277606932568,3.450194769059547,0.729,59.19117647058823,5.591277606932568,67.5483390839426,1,0,0,1,1.0,False
ASTER,2026-08-16T20:20:47.081Z,2026-08-16T20:20:47.081530Z,2026-08-16T22:20:47.081530Z,7758.789413,7,0.5985,16.708437761069355,0.6666666666666673,-0.166,56.61764705882353,16.708437761069355,66.67118994286523,7,0,7,0,0.7143,False
AVNT,2026-08-16T20:20:52.340Z,2026-08-16T20:20:52.341035Z,2026-08-16T22:20:52.341035Z,7753.529908,7,0.10035,9.965122072745677,5.445544554455436,1.61,66.54411764705883,9.965122072745677,66.00163494858502,1,1,0,0,-1.0,False
BANANAS31,2026-08-16T20:20:58.771Z,2026-08-16T20:20:58.771656Z,2026-08-16T22:20:58.771656Z,7747.099287,7,0.008820999999999999,18.13853304614034,5.092066378722423,4.44,60.661764705882355,18.13853304614034,71.05451509649025,0,0,0,0,,True
CAKE,2026-08-16T20:21:21.323Z,2026-08-16T20:21:21.323706Z,2026-08-16T22:21:21.323706Z,7724.547237,7,1.4495,6.8989306657460485,2.888583218707018,1.395,67.6470588235294,6.8989306657460485,73.84953341109751,2,1,1,0,1.0,False
CHZ,2026-08-16T20:21:28.874Z,2026-08-16T20:21:28.874527Z,2026-08-16T22:21:28.874527Z,7716.996416,7,0.012205,8.193363375665378,1.6840417000801935,-0.479,56.98529411764706,8.193363375665378,58.00271382774446,1,0,0,1,1.0,False
EDEN,2026-08-16T20:21:40.220Z,2026-08-16T20:21:40.220633Z,2026-08-16T22:21:40.220633Z,7705.65031,7,0.043855000000000005,20.522175350587116,13.301391740816781,-2.143,67.27941176470588,20.522175350587116,61.705026150585546,0,0,0,0,,False
GALA,2026-08-16T20:21:52.562Z,2026-08-16T20:21:52.563225Z,2026-08-16T22:21:52.563225Z,7693.307718,7,0.0016255,6.151953245156154,3.7082066869300823,-0.664,69.11764705882354,6.151953245156154,62.191034362450864,0,0,0,0,,False
JUP,2026-08-16T20:22:06.257Z,2026-08-16T20:22:06.258243Z,2026-08-16T22:22:06.258243Z,7679.6127,7,0.16635,6.01142170123168,2.2619047619047605,0.418,56.25,6.01142170123168,65.82615023047931,2,1,1,0,1.0,False
STRK,2026-08-16T20:23:15.755Z,2026-08-16T20:23:15.755597Z,2026-08-16T22:23:15.755597Z,7610.115346,7,0.023385000000000003,4.276245456489028,3.1492666091458066,0.783,61.39705882352941,4.276245456489028,66.44019623563219,1,0,1,0,1.0,False
TIA,2026-08-16T20:23:26.928Z,2026-08-16T20:23:26.928773Z,2026-08-16T22:23:26.928773Z,7598.94217,7,0.29895,3.345040976751597,4.3052837573385485,1.088,58.8235294117647,3.345040976751597,61.163800336391326,0,0,0,0,,False
VANRY,2026-08-16T20:23:45.949Z,2026-08-16T20:23:45.949781Z,2026-08-16T22:23:45.949781Z,7579.921162,7,0.0010544999999999999,1526.7899478425786,138.87423043095865,-17.787,69.8529411764706,1526.7899478425786,33.37371664631298,1,1,0,0,1.0,False
VIRTUAL,2026-08-16T20:23:52.869Z,2026-08-16T20:23:52.869380Z,2026-08-16T22:23:52.869380Z,7573.001563,7,0.5519000000000001,7.247689798877821,2.5364274150026986,-1.541,63.970588235294116,7.247689798877821,64.54139167951014,2,2,0,0,1.0,False
BABY,2026-08-16T20:29:56.149Z,2026-08-16T20:29:56.150213Z,2026-08-16T22:29:56.150213Z,7209.72073,7,0.009604999999999999,10.411244143676553,4.213771839671127,-1.618,45.955882352941174,10.411244143676553,63.47508329436312,1,0,0,1,1.0,False
BANANA,2026-08-16T20:30:03.892Z,2026-08-16T20:30:03.893058Z,2026-08-16T22:30:03.893058Z,7201.977885,7,3.7115,29.637612825003693,7.743304163351891,-4.216,47.05882352941177,29.637612825003693,57.348390435573236,0,0,0,0,,False
DASH,2026-08-16T20:30:47.342Z,2026-08-16T20:30:47.342572Z,2026-08-16T22:30:47.342572Z,7758.129911,7,29.895,10.035122930256277,3.112582781456958,0.868,55.88235294117647,10.035122930256277,64.86625262232,0,0,0,0,,False
FIL,2026-08-16T20:31:01.254Z,2026-08-16T20:31:01.254188Z,2026-08-16T22:31:01.254188Z,7744.218295,7,0.6652,6.013229104028201,2.4809160305343547,-0.714,48.529411764705884,6.013229104028201,42.152703784638,3,1,2,0,0.3333,False
HOLO,2026-08-16T20:31:12.818Z,2026-08-16T20:31:12.818780Z,2026-08-16T22:31:12.818780Z,7732.653703,7,0.0571,35.026269702276494,12.773109243697483,-0.668,47.4264705882353,35.026269702276494,62.47442219300389,2,1,1,0,0.0,False
INIT,2026-08-16T20:31:25.538Z,2026-08-16T20:31:25.539228Z,2026-08-16T22:31:25.539228Z,7719.933255,7,0.050949999999999995,19.627085377820595,6.382978723404249,-0.768,46.69117647058823,19.627085377820595,63.218776722619616,2,0,2,0,1.0,False
ORDI,2026-08-16T20:32:14.075Z,2026-08-16T20:32:14.076189Z,2026-08-16T22:32:14.076189Z,7671.396294,7,3.3355,8.99415380003032,2.9385836027034995,-2.185,53.30882352941177,8.99415380003032,60.937420593112456,2,0,1,1,0.0,False
PEOPLE,2026-08-16T20:32:20.350Z,2026-08-16T20:32:20.350859Z,2026-08-16T22:32:20.350859Z,7665.121624,7,0.007375,13.559322033898928,4.891304347826088,-4.042,41.911764705882355,13.559322033898928,62.011814462734506,0,0,0,0,,False
SYN,2026-08-16T20:32:42.963Z,2026-08-16T20:32:42.963722Z,2026-08-16T22:32:42.963722Z,7642.508761,7,0.10482,9.540164090822636,4.035659509202459,-0.468,52.94117647058823,9.540164090822636,57.72165044447949,0,0,0,0,,False
TOWNS,2026-08-16T20:32:55.459Z,2026-08-16T20:32:55.459514Z,2026-08-16T22:32:55.459514Z,7630.012969,7,0.002275,43.95604395604407,10.638297872340416,5.381,49.63235294117647,43.95604395604407,72.15358910390349,3,3,0,0,1.0,False
WIF,2026-08-16T20:33:07.919Z,2026-08-16T20:33:07.919287Z,2026-08-16T22:33:07.919287Z,7617.553196,7,0.13524999999999998,7.393715341960574,2.039329934450107,0.146,54.779411764705884,7.393715341960574,67.14834524250581,8,4,4,0,1.0,False
ZK,2026-08-16T20:33:26.849Z,2026-08-16T20:33:26.849563Z,2026-08-16T22:33:26.849563Z,7598.62292,7,0.007445,13.431833445264731,5.430463576158937,2.027,54.411764705882355,13.431833445264731,57.72684297142,2,2,0,0,1.0,False
ACH,2026-08-16T20:39:01.299Z,2026-08-16T20:39:01.299431Z,2026-08-16T22:39:01.299431Z,7264.173052,7,0.004135,24.183796856105424,3.818615751789986,-2.558,33.455882352941174,24.183796856105424,59.63309792946018,2,1,1,0,1.0,False
ACT,2026-08-16T20:39:08.798Z,2026-08-16T20:39:08.798643Z,2026-08-16T22:39:08.798643Z,7256.67384,7,0.010005,29.985007496250656,6.993006993006985,-0.596,28.308823529411764,29.985007496250656,33.151941276048625,0,0,0,0,,False
BIO,2026-08-16T20:39:39.236Z,2026-08-16T20:39:39.237012Z,2026-08-16T22:39:39.237012Z,7226.235471,7,0.024059999999999998,8.312551953450813,2.2485690923957558,-1.212,40.0735294117647,8.312551953450813,50.706607034693356,0,0,0,0,,False
C,2026-08-16T20:39:45.491Z,2026-08-16T20:39:45.491339Z,2026-08-16T22:39:45.491339Z,7219.981144,7,0.06695000000000001,14.936519790889148,4.932735426008965,-1.036,29.41176470588235,14.936519790889148,55.88639063386335,0,0,0,0,,False
EUL,2026-08-16T20:40:11.410Z,2026-08-16T20:40:11.411208Z,2026-08-16T22:40:11.411208Z,7794.212516,7,1.126,17.761989342806412,4.533333333333327,-2.682,38.23529411764706,17.761989342806412,45.70599502460858,0,0,0,0,,False
FF,2026-08-16T20:40:19.250Z,2026-08-16T20:40:19.251189Z,2026-08-16T22:40:19.251189Z,7786.372535,7,0.064995,10.77005923532589,2.226658476658487,-1.244,27.941176470588236,10.77005923532589,43.931602247018525,0,0,0,0,,False
FORM,2026-08-16T20:40:33.130Z,2026-08-16T20:40:33.130538Z,2026-08-16T22:40:33.130538Z,7772.493186,7,0.20255,14.811157738829657,8.41949778434269,-1.503,36.029411764705884,14.811157738829657,63.76604843385038,0,0,0,0,,False
GMT,2026-08-16T20:40:47.576Z,2026-08-16T20:40:47.577312Z,2026-08-16T22:40:47.577312Z,7758.046412,7,0.006144999999999999,16.273393002441757,7.6190476190476115,-0.474,37.13235294117647,16.273393002441757,64.27642895756921,1,0,0,1,1.0,False
GUN,2026-08-16T20:40:52.945Z,2026-08-16T20:40:52.946162Z,2026-08-16T22:40:52.946162Z,7752.677562,7,0.002985,33.50083752093811,5.704697986577181,1.017,26.83823529411765,33.50083752093811,59.61200112513463,3,2,0,1,1.0,False
HAEDAL,2026-08-16T20:41:00.473Z,2026-08-16T20:41:00.474028Z,2026-08-16T22:41:00.474028Z,7745.149696,7,0.016825,17.830609212482763,3.9365452408930697,-1.448,37.86764705882353,17.830609212482763,46.792547914645446,0,0,0,0,,False
IMX,2026-08-16T20:41:06.175Z,2026-08-16T20:41:06.175694Z,2026-08-16T22:41:06.175694Z,7739.44803,7,0.10735,9.315323707497809,1.9337016574585677,-0.549,28.676470588235293,9.315323707497809,65.35175240277788,3,2,0,1,-1.0,False
IO,2026-08-16T20:41:13.124Z,2026-08-16T20:41:13.124489Z,2026-08-16T22:41:13.124489Z,7732.499235,7,0.1101,18.165304268847024,3.046594982078853,-0.712,32.720588235294116,18.165304268847024,62.530144156313426,0,0,0,0,,False
KERNEL,2026-08-16T20:41:21.287Z,2026-08-16T20:41:21.287715Z,2026-08-16T22:41:21.287715Z,7724.336009,7,0.03315,30.165912518854558,2.0958083832335306,0.602,32.35294117647059,30.165912518854558,47.228779515196514,0,0,0,0,,True
MINA,2026-08-16T20:41:29.304Z,2026-08-16T20:41:29.304806Z,2026-08-16T22:41:29.304806Z,7716.318918,7,0.0388,51.54639175257701,1.2658227848101278,-0.253,27.205882352941178,51.54639175257701,40.75136475400922,0,0,0,0,,False
ORCA,2026-08-16T20:41:40.688Z,2026-08-16T20:41:40.689223Z,2026-08-16T22:41:40.689223Z,7704.934501,7,1.0185,9.818360333823172,1.4492753623188528,-1.052,36.39705882352941,9.818360333823172,58.205571088698115,0,0,0,0,,False
PARTI,2026-08-16T20:41:47.977Z,2026-08-16T20:41:47.978258Z,2026-08-16T22:41:47.978258Z,7697.645466,7,0.023149999999999997,43.19654427645762,6.008583690987117,2.643,31.985294117647058,43.19654427645762,63.350740038763625,1,0,1,0,1.0,False
PROVE,2026-08-16T20:41:53.088Z,2026-08-16T20:41:53.089116Z,2026-08-16T22:41:53.089116Z,7692.534608,7,0.1502,26.63115845539357,5.394736842105272,0.863,29.779411764705884,26.63115845539357,57.28862086022603,0,0,0,0,,False
PYTH,2026-08-16T20:41:58.837Z,2026-08-16T20:41:58.838020Z,2026-08-16T22:41:58.838020Z,7686.785704,7,0.038445,13.005592404732605,2.302968270214939,-1.71,34.9264705882353,13.005592404732605,37.99527932890633,0,0,0,0,,False
ROSE,2026-08-16T20:42:08.331Z,2026-08-16T20:42:08.332232Z,2026-08-16T22:42:08.332232Z,7677.291492,7,0.0052250000000000005,19.138755980862122,2.6266416510318855,-0.56,29.044117647058822,19.138755980862122,57.293252592096145,6,5,1,0,0.6667,False
TREE,2026-08-16T20:42:32.287Z,2026-08-16T20:42:32.288179Z,2026-08-16T22:42:32.288179Z,7653.335545,7,0.03395,29.455081001473594,2.601156069364176,0.581,39.338235294117645,29.455081001473594,56.2774740324586,0,0,0,0,,False
W,2026-08-16T20:42:49.843Z,2026-08-16T20:42:49.843512Z,2026-08-16T22:42:49.843512Z,7635.780212,7,0.008539999999999999,23.41920374707368,4.694835680751166,1.671,35.294117647058826,23.41920374707368,68.43160598329798,0,0,0,0,,False
YB,2026-08-16T20:43:02.723Z,2026-08-16T20:43:02.724512Z,2026-08-16T22:43:02.724512Z,7622.899212,7,0.081,24.691358024692065,11.851851851851848,-2.527,34.19117647058823,24.691358024692065,61.82030087684422,0,0,0,0,,False
1000CAT,2026-08-16T20:48:42.425Z,2026-08-16T20:48:42.426308Z,2026-08-16T22:48:42.426308Z,7283.197416,7,0.00167,119.76047904191648,4.166666666666664,0.0,25.735294117647058,119.76047904191648,53.77454657861673,4,3,0,1,0.5,False
1000SATS,2026-08-16T20:48:48.230Z,2026-08-16T20:48:48.231049Z,2026-08-16T22:48:48.231049Z,7277.392675,7,1.029e-05,38.87269193391605,4.8991354466858805,-2.892,14.705882352941176,38.87269193391605,58.795940817427834,8,2,3,3,0.75,False
ALT,2026-08-16T20:49:00.828Z,2026-08-16T20:49:00.828328Z,2026-08-16T22:49:00.828328Z,7264.795396,7,0.005955,16.792611251048854,2.657807308970092,-0.166,19.485294117647058,16.792611251048854,63.515563306545,1,1,0,0,1.0,False
BROCCOLI714,2026-08-16T20:49:13.579Z,2026-08-16T20:49:13.579982Z,2026-08-16T22:49:13.579982Z,7252.043742,7,0.01577,12.68230818008826,8.264984227129329,1.213,23.529411764705884,12.68230818008826,65.81400299495719,0,0,0,0,,
CATI,2026-08-16T20:49:22.424Z,2026-08-16T20:49:22.425042Z,2026-08-16T22:49:22.425042Z,7243.198682,7,0.046425,15.078082929456244,4.000000000000005,-1.192,15.808823529411764,15.078082929456244,36.17133851289063,1,0,1,0,1.0,False
ENS,2026-08-16T20:49:35.697Z,2026-08-16T20:49:35.698208Z,2026-08-16T22:49:35.698208Z,7229.925516,7,3.9050000000000002,25.60819462227972,1.4925373134328264,-0.985,19.852941176470587,25.60819462227972,57.20803429511385,0,0,0,0,,False
EURI,2026-08-16T20:49:47.729Z,2026-08-16T20:49:47.729547Z,2026-08-16T22:49:47.729547Z,7217.894177,7,1.1560000000000001,24.221453287196486,0.3204295488005382,-0.104,17.647058823529413,24.221453287196486,46.346569349052004,0,0,0,0,,False
ILV,2026-08-16T20:50:07.809Z,2026-08-16T20:50:07.810199Z,2026-08-16T22:50:07.810199Z,7799.153672,7,3.0300000000000002,66.00660066006606,5.466237942122184,4.013,12.132352941176471,66.00660066006606,65.95598411176887,0,0,0,0,,False
KAIA,2026-08-16T20:50:21.427Z,2026-08-16T20:50:21.428009Z,2026-08-16T22:50:21.428009Z,7785.535862,7,0.023649999999999997,42.28329809725133,3.2921810699588563,-2.8,15.441176470588236,42.28329809725133,52.99979652250403,0,0,0,0,,False
KMNO,2026-08-16T20:50:36.121Z,2026-08-16T20:50:36.121763Z,2026-08-16T22:50:36.121763Z,7770.842108,7,0.017715,5.644933672029123,1.6769144773616445,-1.487,21.691176470588236,5.644933672029123,47.88554118426843,2,1,1,0,0.0,False
LAYER,2026-08-16T20:50:45.743Z,2026-08-16T20:50:45.743979Z,2026-08-16T22:50:45.743979Z,7761.219892,7,0.06,33.33333333333313,2.6359143327841914,0.165,18.75,33.33333333333313,59.22742916649431,1,1,0,0,0.0,False
MANTA,2026-08-16T20:51:00.936Z,2026-08-16T20:51:00.936393Z,2026-08-16T22:51:00.936393Z,7746.027478,7,0.056595,12.368583797155335,2.407956726574768,-1.529,22.058823529411764,12.368583797155335,36.518120991166455,0,0,0,0,,False
MET,2026-08-16T20:51:15.539Z,2026-08-16T20:51:15.540547Z,2026-08-16T22:51:15.540547Z,7731.423324,7,0.16085,31.084861672365584,2.2058823529411713,0.679,12.867647058823529,31.084861672365584,50.41462019990777,1,0,0,1,0.0,False
MITO,2026-08-16T20:51:25.537Z,2026-08-16T20:51:25.537745Z,2026-08-16T22:51:25.537745Z,7721.426126,7,0.02486,16.09010458567915,4.118352658936423,-2.267,22.426470588235293,16.09010458567915,57.38856573240323,0,0,0,0,,False
PHA,2026-08-16T20:51:43.869Z,2026-08-16T20:51:43.869570Z,2026-08-16T22:51:43.869570Z,7703.094301,7,0.021650000000000003,46.18937644341773,2.283105022831052,-0.905,13.970588235294118,46.18937644341773,47.55697440666679,0,0,0,0,,False
QNT,2026-08-16T20:51:58.248Z,2026-08-16T20:51:58.248581Z,2026-08-16T22:51:58.248581Z,7688.71529,7,56.75,17.62114537444834,1.7180925666199227,-1.024,20.955882352941178,17.62114537444834,44.706489168453835,8,3,4,1,0.125,False
REZ,2026-08-16T20:52:06.540Z,2026-08-16T20:52:06.541179Z,2026-08-16T22:52:06.541179Z,7680.422692,7,0.0026715000000000003,18.71607711023855,2.8013269443420445,-1.952,12.5,18.71607711023855,44.65483537531513,0,0,0,0,,False
SIGN,2026-08-16T20:52:31.888Z,2026-08-16T20:52:31.888900Z,2026-08-16T22:52:31.888900Z,7655.074971,7,0.006665,15.003750937733823,6.5185185185185235,3.846,16.544117647058822,15.003750937733823,69.3688278841521,1,0,1,0,1.0,False
SNX,2026-08-16T20:52:38.816Z,2026-08-16T20:52:38.816321Z,2026-08-16T22:52:38.816321Z,7648.14755,7,0.1965,50.89058524173033,1.0101010101010108,-0.503,26.470588235294116,50.89058524173033,61.62748362612375,0,0,0,0,,False
SPK,2026-08-16T20:52:52.771Z,2026-08-16T20:52:52.771220Z,2026-08-16T22:52:52.771220Z,7634.192651,7,0.0143445,14.639757398306102,2.0792631872732446,0.759,13.602941176470589,14.639757398306102,63.71355578039419,4,1,1,2,0.0,False
SSV,2026-08-16T20:53:02.226Z,2026-08-16T20:53:02.226507Z,2026-08-16T22:53:02.226507Z,7624.737364,7,2.117,18.894662257912156,3.328645100796987,-2.246,16.176470588235293,18.894662257912156,45.71470986220277,0,0,0,0,,False
1INCH,2026-08-16T20:59:06.258Z,2026-08-16T20:59:06.258324Z,2026-08-16T22:59:06.258324Z,7260.705547,7,0.0821,48.721071863580704,0.7281553398058292,0.0,1.4705882352941178,48.721071863580704,39.25151685832266,0,0,0,0,,False
AIXBT,2026-08-16T20:59:13.163Z,2026-08-16T20:59:13.163551Z,2026-08-16T22:59:13.163551Z,7253.80032,7,0.017439999999999997,34.403669724771234,2.494331065759634,-2.217,5.514705882352941,34.403669724771234,52.68579302456702,0,0,0,0,,False
ANIME,2026-08-16T20:59:21.216Z,2026-08-16T20:59:21.216351Z,2026-08-16T22:59:21.216351Z,7245.74752,7,0.0024149999999999996,41.40786749482413,2.448979591836741,0.823,2.573529411764706,41.40786749482413,50.10666601797068,0,0,0,0,,False
CKB,2026-08-16T21:00:08.732Z,2026-08-16T21:00:08.732281Z,2026-08-16T23:00:08.732281Z,7797.7102,7,0.0008185,36.65241295051881,1.0895883777239712,-1.078,9.558823529411764,36.65241295051881,47.44199289249691,0,0,0,0,,False
DOGS,2026-08-16T21:00:21.933Z,2026-08-16T21:00:21.933494Z,2026-08-16T23:00:21.933494Z,7784.508987,7,3.4045000000000004e-05,8.811866647086148,2.8480092996221855,-2.133,6.617647058823529,8.811866647086148,58.03584490762754,0,0,0,0,,False
DYM,2026-08-16T21:00:29.196Z,2026-08-16T21:00:29.196236Z,2026-08-16T23:00:29.196236Z,7777.246245,7,0.014565,20.59732234809391,2.5693035835023674,-0.538,8.088235294117647,20.59732234809391,56.4076774906618,0,0,0,0,,False
ETH,2026-08-16T21:00:35.992Z,2026-08-16T21:00:35.993017Z,2026-08-16T23:00:35.993017Z,7770.449464,7,1874.9850000000001,0.05333376000336485,0.8200470117742198,-0.058,99.63235294117646,0.05333376000336485,54.29369384992173,54,42,9,3,0.7037,False
F,2026-08-16T21:00:43.388Z,2026-08-16T21:00:43.388910Z,2026-08-16T23:00:43.388910Z,7763.053571,7,0.0027949999999999997,35.77817531305913,6.093189964157706,2.198,7.352941176470588,35.77817531305913,50.347744454548796,0,0,0,0,,True
FLUX,2026-08-16T21:00:51.391Z,2026-08-16T21:00:51.391675Z,2026-08-16T23:00:51.391675Z,7755.050806,7,0.03985,25.09410288582081,2.729528535980158,-0.739,8.455882352941176,25.09410288582081,46.952509036850365,0,0,0,0,,False
HYPER,2026-08-16T21:01:06.413Z,2026-08-16T21:01:06.413571Z,2026-08-16T23:01:06.413571Z,7740.02891,7,0.06235,16.038492381715464,2.0602218700475587,-1.252,7.720588235294118,16.038492381715464,57.54735431711833,0,0,0,0,,False
ADA,2026-08-16T21:08:15.832Z,2026-08-16T21:08:15.832490Z,2026-08-16T23:08:15.832490Z,7310.609991,7,0.17545,5.699629524080307,2.656868287167897,-0.506,96.32352941176471,5.699629524080307,60.59557311251184,35,20,12,3,0.7714,False
ALLO,2026-08-16T21:08:21.474Z,2026-08-16T21:08:21.474254Z,2026-08-16T23:08:21.474254Z,7304.968227,7,0.2647,7.555723460520513,7.654784240150084,0.15,89.33823529411765,7.555723460520513,53.43291269344211,0,0,0,0,,False
APT,2026-08-16T21:08:27.661Z,2026-08-16T21:08:27.661827Z,2026-08-16T23:08:27.661827Z,7298.780654,7,0.5205,19.212295869356407,3.5984848484848517,-1.859,88.23529411764706,19.212295869356407,58.0226245736002,11,4,6,1,0.6364,False
FDUSD,2026-08-16T21:08:56.358Z,2026-08-16T21:08:56.358915Z,2026-08-16T23:08:56.358915Z,7270.083566,7,0.99695,1.0030593309593157,0.020062192797670575,0.0,87.5,1.0030593309593157,44.00657838358455,0,0,0,0,,False
HEMI,2026-08-16T21:09:10.832Z,2026-08-16T21:09:10.832782Z,2026-08-16T23:09:10.832782Z,7255.609699,7,0.006275,15.936254980079031,53.1446540880503,-6.608,97.05882352941177,15.936254980079031,67.8141145274749,20,17,2,1,0.65,False
KAITO,2026-08-16T21:09:26.863Z,2026-08-16T21:09:26.864159Z,2026-08-16T23:09:26.864159Z,7239.578322,7,0.34845000000000004,20.08896541828034,10.623556581986143,-7.528,85.66176470588235,20.08896541828034,39.232381496131076,4,2,2,0,0.25,False
PEPE,2026-08-16T21:09:46.165Z,2026-08-16T21:09:46.165607Z,2026-08-16T23:09:46.165607Z,7220.276874,7,2.575e-06,38.83495145631031,4.280155642023338,-2.652,88.97058823529412,38.83495145631031,45.216163916079786,50,46,4,0,1.0,False
UNI,2026-08-16T21:10:15.356Z,2026-08-16T21:10:15.356824Z,2026-08-16T23:10:15.356824Z,7791.76444,7,3.284,6.0901339829483065,3.7317961165048477,1.697,86.76470588235294,6.0901339829483065,66.89951524323348,15,8,7,0,0.9333,False
WLD,2026-08-16T21:10:20.613Z,2026-08-16T21:10:20.613907Z,2026-08-16T23:10:20.613907Z,7786.507357,7,0.35515,2.815711671124567,7.991120976692562,2.766,93.75,2.815711671124567,66.51081333986443,3,1,0,2,-0.3333,False
WLFI,2026-08-16T21:10:27.587Z,2026-08-16T21:10:27.587816Z,2026-08-16T23:10:27.587816Z,7779.533448,7,0.05945,16.820857863750366,11.166666666666675,6.007,93.38235294117646,16.820857863750366,52.765034853410874,7,7,0,0,0.4286,False
XLM,2026-08-16T21:10:33.086Z,2026-08-16T21:10:33.086573Z,2026-08-16T23:10:33.086573Z,7774.034691,7,0.15615,6.404098623119868,1.9732654360280024,-0.444,89.70588235294117,6.404098623119868,59.46344152715422,2,1,0,1,-1.0,False
ARB,2026-08-16T21:16:39.308Z,2026-08-16T21:16:39.309204Z,2026-08-16T23:16:39.309204Z,7407.81206,7,0.07335,13.63326516700789,3.7837837837837798,0.68,81.25,13.63326516700789,73.84222397765754,12,9,1,2,0.5,False
ATOM,2026-08-16T21:16:45.910Z,2026-08-16T21:16:45.911096Z,2026-08-16T23:16:45.911096Z,7401.210168,7,1.4555,6.870491240122912,2.870813397129174,-0.476,84.55882352941177,6.870491240122912,61.78760244563938,6,2,2,2,0.5,False
BCH,2026-08-16T21:16:51.196Z,2026-08-16T21:16:51.196293Z,2026-08-16T23:16:51.196293Z,7395.924971,7,203.55,4.912797838368671,1.0339734121122712,-0.246,83.82352941176471,4.912797838368671,60.59953915996028,4,1,2,1,0.0,False
BOME,2026-08-16T21:16:58.851Z,2026-08-16T21:16:58.851742Z,2026-08-16T23:16:58.851742Z,7388.269522,7,0.00081685,11.017934749341588,13.443539564847452,-5.404,72.05882352941177,11.017934749341588,57.93438756528703,5,5,0,0,1.0,False
COW,2026-08-16T21:17:11.552Z,2026-08-16T21:17:11.553090Z,2026-08-16T23:17:11.553090Z,7375.568174,7,0.1179,16.9635284139094,19.70198675496689,-14.629,73.8970588235294,16.9635284139094,27.40535480104025,3,3,0,0,1.0,False
DOT,2026-08-16T21:17:22.473Z,2026-08-16T21:17:22.473934Z,2026-08-16T23:17:22.473934Z,7364.64733,7,0.7565,13.218770654329159,1.5727391874180878,-0.261,74.63235294117646,13.218770654329159,71.34807486796315,6,4,1,1,0.6667,False
ENSO,2026-08-16T21:17:30.990Z,2026-08-16T21:17:30.990339Z,2026-08-16T23:17:30.990339Z,7356.130925,7,0.8065,12.399256044637331,9.51792336217552,-7.011,72.79411764705883,12.399256044637331,60.34486998109022,0,0,0,0,,False
ETHFI,2026-08-16T21:17:41.742Z,2026-08-16T21:17:41.743068Z,2026-08-16T23:17:41.743068Z,7345.378196,7,0.5024500000000001,9.951238929247804,10.429810725552063,6.22,74.26470588235294,9.951238929247804,74.60605868257669,2,2,0,0,1.0,False
GRAM,2026-08-16T21:17:52.659Z,2026-08-16T21:17:52.659497Z,2026-08-16T23:17:52.659497Z,7334.461767,7,1.3295,7.5216246709297625,1.7870439314966509,-0.812,81.61764705882354,7.5216246709297625,52.72060788861763,2,0,2,0,1.0,False
HBAR,2026-08-16T21:17:59.302Z,2026-08-16T21:17:59.302267Z,2026-08-16T23:17:59.302267Z,7327.818997,7,0.06456,3.097893432466871,1.4012935016938837,-1.217,79.04411764705883,3.097893432466871,47.68633524596866,9,4,3,2,0.3333,False
INJ,2026-08-16T21:18:05.672Z,2026-08-16T21:18:05.672560Z,2026-08-16T23:18:05.672560Z,7321.448704,7,4.067,4.917629702482861,4.129793510324488,-2.586,82.3529411764706,4.917629702482861,53.670661838963575,7,3,4,0,0.8571,False
NIL,2026-08-16T21:18:23.973Z,2026-08-16T21:18:23.973806Z,2026-08-16T23:18:23.973806Z,7303.147458,7,0.046305,19.436345966958168,13.615333773959017,-3.651,78.67647058823529,19.436345966958168,61.6888012322538,0,0,0,0,,False
ONDO,2026-08-16T21:18:35.961Z,2026-08-16T21:18:35.961272Z,2026-08-16T23:18:35.961272Z,7291.159992,7,0.32875,3.041825095056699,3.539019963702356,1.817,85.29411764705883,3.041825095056699,56.15924996880726,6,2,2,2,0.3333,False
ONT,2026-08-16T21:18:42.967Z,2026-08-16T21:18:42.967710Z,2026-08-16T23:18:42.967710Z,7284.153554,7,0.038305,18.274376713222978,8.481567414282017,4.923,78.30882352941177,18.274376713222978,51.61325833621979,5,1,3,1,0.2,False
PENDLE,2026-08-16T21:18:55.383Z,2026-08-16T21:18:55.384312Z,2026-08-16T23:18:55.384312Z,7271.736952,7,1.2595,7.939658594681316,5.225653206650836,-3.881,75.36764705882354,7.939658594681316,42.82613021724179,1,0,0,1,-1.0,False
RARE,2026-08-16T21:19:06.674Z,2026-08-16T21:19:06.674807Z,2026-08-16T23:19:06.674807Z,7260.446457,7,0.012150000000000001,16.460905349794995,16.87022900763359,12.737,80.51470588235294,16.460905349794995,62.11088466735919,0,0,0,0,,False
RED,2026-08-16T21:19:19.352Z,2026-08-16T21:19:19.352660Z,2026-08-16T23:19:19.352660Z,7247.768604,7,0.08665,11.540680900173442,36.616454229432215,-9.728,77.20588235294117,11.540680900173442,58.054071848032414,0,0,0,0,,False
RENDER,2026-08-16T21:19:25.406Z,2026-08-16T21:19:25.406996Z,2026-08-16T23:19:25.406996Z,7241.714268,7,1.2505,7.996801279487324,1.5822784810126598,-0.079,75.0,7.996801279487324,59.69127312370935,1,1,0,0,1.0,False
RUNE,2026-08-16T21:19:36.402Z,2026-08-16T21:19:36.402326Z,2026-08-16T23:19:36.402326Z,7230.718938,7,0.4155,24.067388688327338,2.1531100478468916,-0.713,80.88235294117646,24.067388688327338,70.83208319269433,1,0,0,1,-1.0,False
SHIB,2026-08-16T21:19:41.737Z,2026-08-16T21:19:41.737339Z,2026-08-16T23:19:41.737339Z,7225.383925,7,4.435e-06,22.54791431792538,2.702702702702696,-2.203,73.16176470588235,22.54791431792538,51.68414194135239,14,8,4,2,0.8571,False
TRUMP,2026-08-16T21:19:57.974Z,2026-08-16T21:19:57.974374Z,2026-08-16T23:19:57.974374Z,7209.14689,7,1.3984999999999999,7.150518412585713,3.6170212765957404,0.356,79.77941176470588,7.150518412585713,55.57740305825694,43,41,0,2,0.814,False
WAL,2026-08-16T21:20:12.564Z,2026-08-16T21:20:12.564445Z,2026-08-16T23:20:12.564445Z,7794.334246,7,0.02175,45.977011494252594,26.146788990825687,-13.147,76.47058823529412,45.977011494252594,46.614768269214686,5,5,0,0,-0.6,False
ZRO,2026-08-16T21:20:20.056Z,2026-08-16T21:20:20.056982Z,2026-08-16T23:20:20.056982Z,7786.841709,7,0.7545,13.253810470510285,2.875816993464055,-2.672,80.1470588235294,13.253810470510285,38.09646904859659,1,0,1,0,0.0,False
2Z,2026-08-16T21:26:03.335Z,2026-08-16T21:26:03.335480Z,2026-08-16T23:26:03.335480Z,7443.563211,7,0.048494999999999996,10.31034127229641,5.158483530142944,-2.721,70.58823529411765,10.31034127229641,53.427403753192735,1,0,0,1,-1.0,False
BANK,2026-08-16T21:26:36.619Z,2026-08-16T21:26:36.620099Z,2026-08-16T23:26:36.620099Z,7410.278592,7,0.03515,28.449502133713473,4.407713498622601,-3.457,69.48529411764706,28.449502133713473,65.05211308476717,1,1,0,0,-1.0,False
BMT,2026-08-16T21:26:42.061Z,2026-08-16T21:26:42.061539Z,2026-08-16T23:26:42.061539Z,7404.837152,7,0.014715,6.7957866123000965,9.729729729729732,-3.141,62.13235294117647,6.7957866123000965,50.06346258988206,2,1,0,1,-0.5,False
BONK,2026-08-16T21:26:49.840Z,2026-08-16T21:26:49.840274Z,2026-08-16T23:26:49.840274Z,7397.058417,7,2.305e-06,43.38394793926206,2.564102564102576,-0.847,62.5,43.38394793926206,63.63391626965149,4,2,2,0,1.0,False
DYDX,2026-08-16T21:27:03.506Z,2026-08-16T21:27:03.506851Z,2026-08-16T23:27:03.506851Z,7383.39184,7,0.098545,19.28053173677098,5.208627672600553,-4.412,62.86764705882353,19.28053173677098,45.262090141047054,0,0,0,0,,False
HEI,2026-08-16T21:27:25.462Z,2026-08-16T21:27:25.462407Z,2026-08-16T23:27:25.462407Z,7361.436284,7,0.13295,7.521624670930179,15.658093797276848,3.605,58.8235294117647,7.521624670930179,68.47191749469967,6,6,0,0,0.3333,False
JTO,2026-08-16T21:27:30.591Z,2026-08-16T21:27:30.592068Z,2026-08-16T23:27:30.592068Z,7356.306623,7,0.5788,6.910850034553489,3.9119390347163434,1.705,65.07352941176471,6.910850034553489,65.70581890211213,0,0,0,0,,False
KITE,2026-08-16T21:27:37.777Z,2026-08-16T21:27:37.777708Z,2026-08-16T23:27:37.777708Z,7349.120983,7,0.09355,10.689470871192183,3.739316239316243,-3.106,57.35294117647059,10.689470871192183,54.55395120955915,0,0,0,0,,False
MMT,2026-08-16T21:27:43.369Z,2026-08-16T21:27:43.369630Z,2026-08-16T23:27:43.369630Z,7343.529061,7,0.1787,11.191941801901397,7.07070707070707,0.394,57.720588235294116,11.191941801901397,68.23874034674968,0,0,0,0,,False
OP,2026-08-16T21:27:56.894Z,2026-08-16T21:27:56.894917Z,2026-08-16T23:27:56.894917Z,7330.003774,7,0.08315,12.02645820805807,2.267303102625297,-1.758,70.22058823529412,12.02645820805807,41.61114508775134,7,7,0,0,0.7143,False
POL,2026-08-16T21:28:16.451Z,2026-08-16T21:28:16.452092Z,2026-08-16T23:28:16.452092Z,7310.446599,7,0.07486,8.014961261021172,1.2115563839701693,-0.385,64.33823529411765,8.014961261021172,68.87104356092861,6,4,1,1,0.6667,False
SAGA,2026-08-16T21:28:29.459Z,2026-08-16T21:28:29.459229Z,2026-08-16T23:28:29.459229Z,7297.439462,7,0.012975,7.707129094412017,3.5877862595419843,0.153,65.80882352941177,7.707129094412017,68.83568825248447,2,2,0,0,0.0,False
SEI,2026-08-16T21:28:35.773Z,2026-08-16T21:28:35.773621Z,2026-08-16T23:28:35.773621Z,7291.12507,7,0.039389999999999994,5.077430820004871,1.504890895410091,-0.125,65.44117647058823,5.077430820004871,51.99320412030735,0,0,0,0,,False
SKY,2026-08-16T21:28:41.279Z,2026-08-16T21:28:41.279639Z,2026-08-16T23:28:41.279639Z,7285.619052,7,0.05301,7.545746085643911,5.853566723131944,3.045,61.39705882352941,7.545746085643911,75.81853901494901,1,1,0,0,1.0,False
THE,2026-08-16T21:28:52.757Z,2026-08-16T21:28:52.757361Z,2026-08-16T23:28:52.757361Z,7274.14133,7,0.06125,16.326530612245367,8.116883116883113,-2.067,61.76470588235294,16.326530612245367,63.748425513467154,12,5,6,1,0.8333,False
TST,2026-08-16T21:29:06.662Z,2026-08-16T21:29:06.663084Z,2026-08-16T23:29:06.663084Z,7260.235607,7,0.013940000000000001,14.347202295553025,8.912280701754389,0.281,63.60294117647059,14.347202295553025,70.5875633659296,0,0,0,0,,False
TWT,2026-08-16T21:29:13.595Z,2026-08-16T21:29:13.595680Z,2026-08-16T23:29:13.595680Z,7253.303011,7,0.39515,22.77616095153769,4.11304567247036,0.865,63.970588235294116,22.77616095153769,67.25339924868926,3,1,2,0,0.3333,False
ZBT,2026-08-16T21:29:36.459Z,2026-08-16T21:29:36.459670Z,2026-08-16T23:29:36.459670Z,7230.439021,7,0.08115,12.322858903264201,5.408653846153834,-2.576,59.19117647058823,12.322858903264201,46.024918741008676,0,0,0,0,,False
ZEN,2026-08-16T21:29:43.396Z,2026-08-16T21:29:43.396868Z,2026-08-16T23:29:43.396868Z,7223.501823,7,3.9805,12.561236025624652,1.8759379689844966,-0.1,68.01470588235294,12.561236025624652,53.95132517179332,0,0,0,0,,False
APE,2026-08-16T21:35:20.038Z,2026-08-16T21:35:20.038817Z,2026-08-16T23:35:20.038817Z,7486.027594,7,0.12325,8.113590263691917,2.10526315789473,0.57,49.63235294117647,8.113590263691917,66.7447284187686,2,1,1,0,1.0,False
BB,2026-08-16T21:35:38.044Z,2026-08-16T21:35:38.044275Z,2026-08-16T23:35:38.044275Z,7468.022136,7,0.011025,27.21088435374039,4.569420035149382,-1.981,54.411764705882355,27.21088435374039,62.51610607852884,0,0,0,0,,False
BERA,2026-08-16T21:35:45.619Z,2026-08-16T21:35:45.619469Z,2026-08-16T23:35:45.619469Z,7460.446942,7,0.14585,6.856359273225162,6.1601642710472335,-0.612,43.38235294117647,6.856359273225162,48.495734940184484,5,1,2,2,-0.4,False
CETUS,2026-08-16T21:35:52.700Z,2026-08-16T21:35:52.700554Z,2026-08-16T23:35:52.700554Z,7453.365857,7,0.02177,9.186954524574729,8.341099720410066,3.722,54.044117647058826,9.186954524574729,73.79368591501158,0,0,0,0,,False
CFX,2026-08-16T21:36:07.395Z,2026-08-16T21:36:07.395297Z,2026-08-16T23:36:07.395297Z,7438.671114,7,0.04199,4.763038818766178,2.0019065776930423,-1.71,42.64705882352941,4.763038818766178,52.28129656496422,2,2,0,0,1.0,False
COOKIE,2026-08-16T21:36:15.390Z,2026-08-16T21:36:15.391171Z,2026-08-16T23:36:15.391171Z,7430.67524,7,0.01105,90.4977375565621,6.249999999999993,0.901,48.529411764705884,90.4977375565621,53.71369022615759,0,0,0,0,,False
CVX,2026-08-16T21:36:22.227Z,2026-08-16T21:36:22.227895Z,2026-08-16T23:36:22.227895Z,7423.838516,7,1.618,24.72187886279359,6.6095471236230035,4.342,47.4264705882353,24.72187886279359,58.53757531497363,1,0,0,1,-1.0,False
ERA,2026-08-16T21:36:35.407Z,2026-08-16T21:36:35.408113Z,2026-08-16T23:36:35.408113Z,7410.658298,7,0.05995,16.680567139282054,3.177257525083611,-0.333,44.48529411764706,16.680567139282054,64.16656283154958,0,0,0,0,,False
FLOKI,2026-08-16T21:36:47.597Z,2026-08-16T21:36:47.597801Z,2026-08-16T23:36:47.597801Z,7398.46861,7,2.0045000000000002e-05,4.988775255673839,1.2382367508667622,-1.175,52.5735294117647,4.988775255673839,37.03286859696724,6,5,0,1,1.0,False
HUMA,2026-08-16T21:37:07.436Z,2026-08-16T21:37:07.436663Z,2026-08-16T23:37:07.436663Z,7378.629748,7,0.020455,14.66634074798278,3.791929995138548,-0.387,44.11764705882353,14.66634074798278,69.51513171584438,1,1,0,0,1.0,False
LINEA,2026-08-16T21:37:22.959Z,2026-08-16T21:37:22.960135Z,2026-08-16T23:37:22.960135Z,7363.106276,7,0.0021244999999999997,14.12096963991511,5.464736104624003,-0.742,51.838235294117645,14.12096963991511,63.16023481246815,0,0,0,0,,False
LISTA,2026-08-16T21:37:30.715Z,2026-08-16T21:37:30.716029Z,2026-08-16T23:37:30.716029Z,7355.350382,7,0.05765,17.346053772767192,3.979238754325266,0.697,51.10294117647059,17.346053772767192,56.99499730993642,2,2,0,0,1.0,False
MIRA,2026-08-16T21:37:37.711Z,2026-08-16T21:37:37.711762Z,2026-08-16T23:37:37.711762Z,7348.354649,7,0.03855,25.940337224384656,2.8350515463917625,-2.267,46.3235294117647,25.940337224384656,54.90054194792121,1,0,1,0,1.0,False
MORPHO,2026-08-16T21:37:45.614Z,2026-08-16T21:37:45.614492Z,2026-08-16T23:37:45.614492Z,7340.451919,7,1.9955,5.011275369581007,3.0333167578319213,2.97,51.470588235294116,5.011275369581007,77.62048731086186,0,0,0,0,,False
MUBARAK,2026-08-16T21:37:52.518Z,2026-08-16T21:37:52.519180Z,2026-08-16T23:37:52.519180Z,7333.547231,7,0.017055,17.59014951627017,12.382075471698121,6.734,50.73529411764706,17.59014951627017,56.97942898694134,0,0,0,0,,False
NOM,2026-08-16T21:38:02.215Z,2026-08-16T21:38:02.215334Z,2026-08-16T23:38:02.215334Z,7323.851077,7,0.001635,61.16207951070353,5.487804878048782,-0.606,41.911764705882355,61.16207951070353,58.04879839238008,1,1,0,0,1.0,False
NOT,2026-08-16T21:38:10.165Z,2026-08-16T21:38:10.165939Z,2026-08-16T23:38:10.165939Z,7315.900472,7,0.0003875,25.806451612903853,8.439897698209716,-4.401,46.69117647058823,25.806451612903853,59.25351014584739,0,0,0,0,,False
RESOLV,2026-08-16T21:38:29.961Z,2026-08-16T21:38:29.962006Z,2026-08-16T23:38:29.962006Z,7296.104405,7,0.01694,11.806375442738597,5.913660555884077,-1.572,47.05882352941177,11.806375442738597,57.66433068732601,3,3,0,0,1.0,False
SAND,2026-08-16T21:38:35.752Z,2026-08-16T21:38:35.752802Z,2026-08-16T23:38:35.752802Z,7290.313609,7,0.03902,5.1255766273703705,3.1906811851101473,-1.374,49.26470588235294,5.1255766273703705,64.19948997898682,1,1,0,0,-1.0,False
SOPH,2026-08-16T21:38:40.879Z,2026-08-16T21:38:40.879214Z,2026-08-16T23:38:40.879214Z,7285.187197,7,0.004189999999999999,47.73269689737484,7.474226804123709,4.582,45.220588235294116,47.73269689737484,65.77827187773705,0,0,0,0,,False
TLM,2026-08-16T21:38:52.365Z,2026-08-16T21:38:52.366128Z,2026-08-16T23:38:52.366128Z,7273.700283,7,0.0015600000000000002,12.82051282051313,3.6144578313253137,-0.505,48.89705882352941,12.82051282051313,40.48432595123182,1,1,0,0,1.0,False
TRB,2026-08-16T21:39:05.919Z,2026-08-16T21:39:05.919550Z,2026-08-16T23:39:05.919550Z,7260.146861,7,12.905000000000001,7.748934521503128,1.7678708685626474,-1.514,50.36764705882353,7.748934521503128,58.6383154532444,0,0,0,0,,False
XTZ,2026-08-16T21:39:17.491Z,2026-08-16T21:39:17.491400Z,2026-08-16T23:39:17.491400Z,7248.575011,7,0.19465,5.137426149499961,2.0387359836901138,-1.555,54.779411764705884,5.137426149499961,56.07009736152375,15,8,7,0,0.8667,False
YGG,2026-08-16T21:39:25.836Z,2026-08-16T21:39:25.837088Z,2026-08-16T23:39:25.837088Z,7240.229323,7,0.019565,35.77817531305935,4.345629105608892,-1.198,44.85294117647059,35.77817531305935,48.629984078487766,0,0,0,0,,True
API3,2026-08-16T21:45:20.693Z,2026-08-16T21:45:20.693550Z,2026-08-16T23:45:20.693550Z,7484.790668,7,0.19724999999999998,35.48795944233238,7.715891670924886,2.568,36.029411764705884,35.48795944233238,64.92157476495184,0,0,0,0,,True
ARKM,2026-08-16T21:45:27.967Z,2026-08-16T21:45:27.967309Z,2026-08-16T23:45:27.967309Z,7477.516909,7,0.08885000000000001,11.254924029263124,3.0033370411568345,-2.495,32.35294117647059,11.254924029263124,55.41851839721584,1,0,1,0,1.0,False
AXS,2026-08-16T21:45:36.312Z,2026-08-16T21:45:36.312500Z,2026-08-16T23:45:36.312500Z,7469.171718,7,0.8654999999999999,11.554015020219536,2.9646522234891703,0.573,33.8235294117647,11.554015020219536,63.07459595262003,7,6,0,1,0.0,False
BARD,2026-08-16T21:45:43.386Z,2026-08-16T21:45:43.386964Z,2026-08-16T23:45:43.386964Z,7462.097254,7,0.10469999999999999,38.20439350525288,8.256880733944962,4.306,37.13235294117647,38.20439350525288,66.9658813917069,0,0,0,0,,False
CGPT,2026-08-16T21:45:57.655Z,2026-08-16T21:45:57.655281Z,2026-08-16T23:45:57.655281Z,7447.828937,7,0.0197,10.152284263958977,3.4465780403741957,-2.59,38.60294117647059,10.152284263958977,30.972732084861295,7,2,4,1,0.7143,False
EGLD,2026-08-16T21:46:05.585Z,2026-08-16T21:46:05.585760Z,2026-08-16T23:46:05.585760Z,7439.898458,7,2.605,38.387715930901294,2.6717557251908333,-1.132,39.705882352941174,38.387715930901294,59.541300344324675,0,0,0,0,,False
EIGEN,2026-08-16T21:46:11.286Z,2026-08-16T21:46:11.286734Z,2026-08-16T23:46:11.286734Z,7434.197484,7,0.1671,11.968880909633631,3.2371983519717347,0.118,34.9264705882353,11.968880909633631,49.99153407228502,2,1,1,0,1.0,False
NEIRO,2026-08-16T21:47:07.907Z,2026-08-16T21:47:07.907330Z,2026-08-16T23:47:07.907330Z,7377.576888,7,6.3155e-05,14.250653154937472,3.0142120880837164,-2.095,41.1764705882353,14.250653154937472,32.034138990135155,17,16,0,1,0.7647,False
RAY,2026-08-16T21:47:40.038Z,2026-08-16T21:47:40.038714Z,2026-08-16T23:47:40.038714Z,7345.445504,7,0.6132,9.784735812133805,1.1795120374858756,-0.418,33.088235294117645,9.784735812133805,48.726597354676606,5,3,2,0,0.6,False
RSR,2026-08-16T21:47:49.533Z,2026-08-16T21:47:49.534278Z,2026-08-16T23:47:49.534278Z,7335.94994,7,0.0011185000000000001,8.940545373267016,0.7819287576020948,-0.26,39.338235294117645,8.940545373267016,62.23085382577825,0,0,0,0,,False
SAPIEN,2026-08-16T21:47:57.145Z,2026-08-16T21:47:57.146031Z,2026-08-16T23:47:57.146031Z,7328.338187,7,0.07680000000000001,26.041666666665602,2.316602316602311,-0.385,33.455882352941174,26.041666666665602,47.41679563369167,0,0,0,0,,False
STX,2026-08-16T21:48:06.776Z,2026-08-16T21:48:06.776535Z,2026-08-16T23:48:06.776535Z,7318.707683,7,0.12125,8.247422680412608,1.8883415435139657,-1.297,37.86764705882353,8.247422680412608,39.226990413132114,1,1,0,0,1.0,False
THETA,2026-08-16T21:48:12.972Z,2026-08-16T21:48:12.972336Z,2026-08-16T23:48:12.972336Z,7312.511882,7,0.13640000000000002,14.662756598240888,1.6739446870451213,-0.866,30.88235294117647,14.662756598240888,56.68954786818098,0,0,0,0,,False
USDE,2026-08-16T21:48:22.653Z,2026-08-16T21:48:22.654066Z,2026-08-16T23:48:22.654066Z,7302.830152,7,0.99995,1.000050002500015,0.0100010001000089,0.0,32.720588235294116,1.000050002500015,58.80169843272046,1,0,1,0,-1.0,False
USUAL,2026-08-16T21:48:30.946Z,2026-08-16T21:48:30.946630Z,2026-08-16T23:48:30.946630Z,7294.537588,7,0.008805,11.357183418511745,5.405405405405399,-1.443,31.61764705882353,11.357183418511745,58.26585487061904,0,0,0,0,,True
WCT,2026-08-16T21:48:42.740Z,2026-08-16T21:48:42.740855Z,2026-08-16T23:48:42.740855Z,7282.743363,7,0.03362,11.89767995241086,9.964726631393289,-0.845,34.19117647058823,11.89767995241086,42.43412469934499,0,0,0,0,,False
