symbol,snapshot_ts,meta_added_ts,meta_expires_ts,meta_duration_sec,meta_archive_schema_version,spot_mid,spot_spread_bps,spot_range_pct_24h,spot_ticker24_chg,derived_liq_global_pct,derived_spread_bps,score_final,sentiment_posts_total,sentiment_posts_pos,sentiment_posts_neu,sentiment_posts_neg,sentiment_mean_score,sentiment_is_silent
ETH,2026-06-13T21:54:22.867Z,2026-06-13T21:54:22.867396Z,2026-06-13T23:54:22.867396Z,7542.898852,7,1680.915,0.05949140795335222,1.6080719843429305,0.543,99.65277777777777,0.05949140795335222,67.38898588196552,24,12,9,3,0.7083,False
FDUSD,2026-06-13T21:54:28.138Z,2026-06-13T21:54:28.138987Z,2026-06-13T23:54:28.138987Z,7537.627261,7,0.99815,1.00185342884325,0.030060120240477654,-0.01,91.66666666666667,1.00185342884325,59.401809059403895,0,0,0,0,,
FET,2026-06-13T21:54:33.600Z,2026-06-13T21:54:33.600566Z,2026-06-13T23:54:33.600566Z,7532.165682,7,0.20785,4.811161895597257,13.711240310077516,9.554,94.09722222222223,4.811161895597257,80.56940955206055,19,7,11,1,0.8947,False
ICP,2026-06-13T21:54:44.511Z,2026-06-13T21:54:44.511676Z,2026-06-13T23:54:44.511676Z,7521.254572,7,2.5060000000000002,7.980845969673678,14.430973797418858,12.743,95.13888888888889,7.980845969673678,83.90112552044813,61,48,13,0,0.8689,False
INJ,2026-06-13T21:54:49.636Z,2026-06-13T21:54:49.637149Z,2026-06-13T23:54:49.637149Z,7516.129099,7,5.2725,5.6899004267427475,8.050847457627121,1.051,89.58333333333333,5.6899004267427475,55.24537768779688,12,9,1,2,0.5,False
PEPE,2026-06-13T21:55:10.172Z,2026-06-13T21:55:10.172909Z,2026-06-13T23:55:10.172909Z,7495.593339,7,2.8549999999999998e-06,35.02626970227786,3.5087719298245577,1.064,97.91666666666667,35.02626970227786,69.31931038761438,12,11,1,0,0.8333,False
SEI,2026-06-13T21:55:25.622Z,2026-06-13T21:55:25.622774Z,2026-06-13T23:55:25.622774Z,7480.143474,7,0.054459999999999995,3.672420124862135,8.830062939651988,4.771,89.93055555555556,3.672420124862135,75.99900086186727,16,10,6,0,1.0,False
SOL,2026-06-13T21:55:31.164Z,2026-06-13T21:55:31.164263Z,2026-06-13T23:55:31.164263Z,7474.601985,7,68.92500000000001,1.4508523757715073,3.30651060716897,2.259,98.61111111111111,1.4508523757715073,71.93798278408836,23,18,3,2,0.9565,False
SUI,2026-06-13T21:55:36.833Z,2026-06-13T21:55:36.833768Z,2026-06-13T23:55:36.833768Z,7468.93248,7,0.76795,1.302168109902845,4.076015727391861,1.652,95.83333333333333,1.302168109902845,68.52192899874608,7,3,3,1,0.5714,False
SUSHI,2026-06-13T21:55:44.054Z,2026-06-13T21:55:44.054800Z,2026-06-13T23:55:44.054800Z,7461.711448,7,0.1757,56.91519635742748,3.7895927601810016,2.85,2.0833333333333335,56.91519635742748,51.875367447147475,14,12,2,0,1.0,False
TAO,2026-06-13T21:55:49.341Z,2026-06-13T21:55:49.341658Z,2026-06-13T23:55:49.341658Z,7456.42459,7,262.85,3.804451207911961,25.991362387122113,19.69,98.95833333333333,3.804451207911961,78.27343726484735,35,16,16,3,0.5143,False
TRUMP,2026-06-13T21:55:55.562Z,2026-06-13T21:55:55.562856Z,2026-06-13T23:55:55.562856Z,7450.203392,7,2.1875,4.571428571430098,14.479638009049786,6.046,97.22222222222223,4.571428571430098,65.52453258614554,60,48,11,1,0.9167,False
USD1,2026-06-13T21:56:07.232Z,2026-06-13T21:56:07.232284Z,2026-06-13T23:56:07.232284Z,7438.533964,7,1.00055,0.9994503023336063,0.05997001499249715,0.01,99.30555555555556,0.9994503023336063,70.11706977632707,0,0,0,0,,
VELODROME,2026-06-13T21:56:14.450Z,2026-06-13T21:56:14.450828Z,2026-06-13T23:56:14.450828Z,7431.31542,7,0.0139,14.388489208633755,3.443328550932565,0.505,2.7777777777777777,14.388489208633755,58.6890506209627,0,0,0,0,,
WLD,2026-06-13T21:56:19.596Z,2026-06-13T21:56:19.596541Z,2026-06-13T23:56:19.596541Z,7426.169707,7,0.5016499999999999,5.980265125088768,16.35926222935043,7.361,96.875,5.980265125088768,76.46307344697063,10,5,2,3,0.4,False
XLM,2026-06-13T21:56:25.549Z,2026-06-13T21:56:25.549801Z,2026-06-13T23:56:25.549801Z,7420.216447,7,0.18705,5.346164127238118,4.657387580299793,-1.788,92.36111111111111,5.346164127238118,61.81454432295887,62,22,37,3,0.4516,False
XPL,2026-06-13T21:56:30.789Z,2026-06-13T21:56:30.790025Z,2026-06-13T23:56:30.790025Z,7414.976223,7,0.08704999999999999,11.487650775416757,16.87429218573046,4.994,92.70833333333333,11.487650775416757,70.92162499830965,16,6,10,0,1.0,False
XRP,2026-06-13T21:56:36.903Z,2026-06-13T21:56:36.903452Z,2026-06-13T23:56:36.903452Z,7408.862796,7,1.15055,0.8691495371777758,2.8277186245418036,1.121,96.52777777777777,0.8691495371777758,65.678535624119,24,12,8,4,0.9167,False
ZEC,2026-06-13T21:56:43.027Z,2026-06-13T21:56:43.027850Z,2026-06-13T23:56:43.027850Z,7402.738398,7,420.895,2.61347842098418,4.089744510691278,0.714,98.26388888888889,2.61347842098418,71.5256158308258,19,5,11,3,0.0,False
BIO,2026-06-13T22:02:21.048Z,2026-06-13T22:02:21.048329Z,2026-06-14T00:02:21.048329Z,7662.690059,7,0.032185,9.321112319404149,11.735639283508332,5.852,86.45833333333333,9.321112319404149,70.23343659455546,0,0,0,0,,
CRV,2026-06-13T22:02:26.751Z,2026-06-13T22:02:26.751580Z,2026-06-14T00:02:26.751580Z,7656.986808,7,0.23645,4.22922393740702,5.962521294718915,-1.469,87.5,4.22922393740702,65.43636420263674,2,1,1,0,1.0,False
EPIC,2026-06-13T22:02:31.957Z,2026-06-13T22:02:31.957430Z,2026-06-14T00:02:31.957430Z,7651.780958,7,0.5335000000000001,18.744142455482674,23.308270676691727,-1.299,88.19444444444444,18.744142455482674,62.602065243083544,1,0,0,1,-1.0,False
LINK,2026-06-13T22:02:41.582Z,2026-06-13T22:02:41.582668Z,2026-06-14T00:02:41.582668Z,7642.15572,7,7.9605,1.256202499843394,2.8252134605725834,1.31,86.80555555555556,1.256202499843394,66.06978536430692,21,12,6,3,0.4286,False
OP,2026-06-13T22:02:47.166Z,2026-06-13T22:02:47.167051Z,2026-06-14T00:02:47.167051Z,7636.571337,7,0.10665,9.376465072667873,12.639405204460969,6.852,87.84722222222223,9.376465072667873,75.31325733690936,11,3,7,1,0.4545,False
PENGU,2026-06-13T22:02:52.709Z,2026-06-13T22:02:52.709666Z,2026-06-14T00:02:52.709666Z,7631.028722,7,0.006771,2.953773445577116,4.583333333333335,0.149,88.88888888888889,2.953773445577116,61.136152852523075,5,2,2,1,-0.2,False
AAVE,2026-06-13T22:08:33.819Z,2026-06-13T22:08:33.819232Z,2026-06-14T00:08:33.819232Z,7289.919156,7,67.12,2.979737783074496,5.415162454873649,2.847,81.94444444444444,2.979737783074496,71.51862096265678,4,3,0,1,0.5,False
ALGO,2026-06-13T22:08:38.754Z,2026-06-13T22:08:38.755232Z,2026-06-14T00:08:38.755232Z,7284.983156,7,0.09004999999999999,11.1049416990564,3.378378378378381,1.602,85.41666666666667,11.1049416990564,67.57258874788823,6,2,4,0,0.6667,False
APT,2026-06-13T22:08:45.732Z,2026-06-13T22:08:45.732264Z,2026-06-14T00:08:45.732264Z,7278.006124,7,0.6705000000000001,14.914243102162578,7.3353293413173715,3.566,80.20833333333333,14.914243102162578,71.52340307257427,30,10,19,1,0.5,False
ASTER,2026-06-13T22:08:53.031Z,2026-06-13T22:08:53.031377Z,2026-06-14T00:08:53.031377Z,7270.707011,7,0.6395,15.637216575449585,2.8169014084507067,1.429,77.77777777777777,15.637216575449585,63.213168388839506,17,5,12,0,0.5882,False
ATOM,2026-06-13T22:08:58.068Z,2026-06-13T22:08:58.068498Z,2026-06-14T00:08:58.068498Z,7265.66989,7,1.9425,5.1480051480057245,3.893442622950823,-0.662,79.16666666666667,5.1480051480057245,65.00071890416056,63,23,38,2,0.3333,False
BANANAS31,2026-06-13T22:09:07.126Z,2026-06-13T22:09:07.126482Z,2026-06-14T00:09:07.126482Z,7256.611906,7,0.0077275,9.058557101261808,16.050531914893625,10.07,75.69444444444444,9.058557101261808,75.78265315254819,0,0,0,0,,
CHZ,2026-06-13T22:09:19.331Z,2026-06-13T22:09:19.331564Z,2026-06-14T00:09:19.331564Z,7244.406824,7,0.025705,11.670881151526464,4.744958481613285,-3.804,77.43055555555556,11.670881151526464,63.72225267980599,3,1,2,0,0.3333,False
DOT,2026-06-13T22:09:25.808Z,2026-06-13T22:09:25.809149Z,2026-06-14T00:09:25.809149Z,7237.929239,7,0.9784999999999999,10.219724067450189,4.498977505112479,1.981,72.91666666666667,10.219724067450189,73.25766506787626,4,3,1,0,0.5,False
DYDX,2026-06-13T22:09:30.848Z,2026-06-13T22:09:30.848728Z,2026-06-14T00:09:30.848728Z,7232.88966,7,0.12051500000000001,5.808405592664864,5.275000000000002,-1.518,80.55555555555556,5.808405592664864,59.55746909274769,0,0,0,0,,
HMSTR,2026-06-13T22:09:46.782Z,2026-06-13T22:09:46.783153Z,2026-06-14T00:09:46.783153Z,7216.955235,7,0.00017035,17.61080129145919,20.47917855105532,-15.396,82.63888888888889,17.61080129145919,47.64399250818302,1,0,0,1,-1.0,False
IO,2026-06-13T22:10:01.188Z,2026-06-13T22:10:01.188352Z,2026-06-14T00:10:01.188352Z,7202.550036,7,0.1785,11.20448179271741,13.344226579520708,7.81,80.90277777777777,11.20448179271741,63.78323133646734,3,0,1,2,0.3333,False
JTO,2026-06-13T22:10:07.669Z,2026-06-13T22:10:07.669617Z,2026-06-14T00:10:07.669617Z,7796.138638,7,0.54225,1.8441678192713507,5.286671630677583,0.939,74.30555555555556,1.8441678192713507,70.50780778020855,3,0,2,1,0.6667,False
LTC,2026-06-13T22:10:23.383Z,2026-06-13T22:10:23.383453Z,2026-06-14T00:10:23.383453Z,7780.424802,7,44.415,2.2514916131948928,2.8011842404919083,1.998,84.375,2.2514916131948928,65.28073484633924,19,9,7,3,0.1579,False
OPEN,2026-06-13T22:10:36.357Z,2026-06-13T22:10:36.357627Z,2026-06-14T00:10:36.357627Z,7767.450628,7,0.23604999999999998,12.709171785638413,16.168645108473193,13.259,72.56944444444444,12.709171785638413,66.37986877204459,2,1,1,0,0.0,False
ORCA,2026-06-13T22:10:52.648Z,2026-06-13T22:10:52.649345Z,2026-06-14T00:10:52.649345Z,7751.15891,7,1.1385,8.783487044357592,14.917606244579371,-9.284,85.76388888888889,8.783487044357592,46.197212099224956,24,24,0,0,1.0,False
PENDLE,2026-06-13T22:10:57.678Z,2026-06-13T22:10:57.679030Z,2026-06-14T00:10:57.679030Z,7746.129225,7,1.3195000000000001,7.578628268284288,7.348484848484846,4.183,78.125,7.578628268284288,68.3502452312601,13,6,6,1,0.8462,False
PUMP,2026-06-13T22:11:02.836Z,2026-06-13T22:11:02.836533Z,2026-06-14T00:11:02.836533Z,7740.971722,7,0.0015444999999999999,6.474587245062583,5.41422048271363,0.988,79.51388888888889,6.474587245062583,56.668563445262464,2,1,0,1,0.0,False
PYTH,2026-06-13T22:11:07.740Z,2026-06-13T22:11:07.740313Z,2026-06-14T00:11:07.740313Z,7736.067942,7,0.03785,26.420079260238534,8.465608465608451,0.8,81.59722222222223,26.420079260238534,65.36044215668997,3,1,2,0,0.6667,False
SOMI,2026-06-13T22:11:25.847Z,2026-06-13T22:11:25.847436Z,2026-06-14T00:11:25.847436Z,7717.960819,7,0.11365,8.798944126703827,7.384341637010665,1.812,76.04166666666667,8.798944126703827,67.6631145370527,0,0,0,0,,
TIA,2026-06-13T22:11:32.752Z,2026-06-13T22:11:32.752245Z,2026-06-14T00:11:32.752245Z,7711.05601,7,0.34565,2.893099956603182,10.966435185185198,6.143,78.81944444444444,2.893099956603182,75.35493042173457,26,7,17,2,0.3846,False
VIRTUAL,2026-06-13T22:11:39.413Z,2026-06-13T22:11:39.413406Z,2026-06-14T00:11:39.413406Z,7704.394849,7,0.64385,7.765783955891216,8.518634512997183,4.125,73.61111111111111,7.765783955891216,73.75976091686162,12,3,9,0,1.0,False
W,2026-06-13T22:11:45.415Z,2026-06-13T22:11:45.415522Z,2026-06-14T00:11:45.415522Z,7698.392733,7,0.00981,20.38735983690206,7.179487179487172,1.987,76.73611111111111,20.38735983690206,66.63054042761293,2,1,1,0,1.0,False
ARB,2026-06-13T22:12:49.742Z,2026-06-13T22:12:49.742998Z,2026-06-14T00:12:49.742998Z,7634.065257,7,0.08485000000000001,11.78550383028908,4.2105263157894806,1.665,66.31944444444444,11.78550383028908,56.311098467577374,22,6,16,0,0.7273,False
ARKM,2026-06-13T22:12:57.440Z,2026-06-13T22:12:57.440811Z,2026-06-14T00:12:57.440811Z,7626.367444,7,0.1286,15.552099533437461,9.742790335151975,5.078,60.763888888888886,15.552099533437461,49.63958714413013,51,18,29,4,0.2353,False
AT,2026-06-13T22:13:02.956Z,2026-06-13T22:13:02.957318Z,2026-06-14T00:13:02.957318Z,7620.850937,7,0.13095,22.90950744558951,33.627019089574155,-9.2,72.22222222222223,22.90950744558951,42.80818645085087,2,2,0,0,1.0,False
AVNT,2026-06-13T22:13:08.455Z,2026-06-13T22:13:08.455272Z,2026-06-14T00:13:08.455272Z,7615.352983,7,0.11124999999999999,8.988764044944078,5.929919137466303,2.298,62.15277777777778,8.988764044944078,71.99686956622389,19,8,11,0,0.8421,False
EDEN,2026-06-13T22:13:25.548Z,2026-06-13T22:13:25.548653Z,2026-06-14T00:13:25.548653Z,7598.259602,7,0.03945,25.348542458809344,8.629441624365484,-6.635,68.05555555555556,25.348542458809344,53.17758718717099,0,0,0,0,,
EIGEN,2026-06-13T22:13:30.616Z,2026-06-13T22:13:30.616451Z,2026-06-14T00:13:30.616451Z,7593.191804,7,0.1925,10.389610389610686,8.360302049622446,4.569,63.19444444444444,10.389610389610686,53.78333448529683,0,0,0,0,,
FIL,2026-06-13T22:13:48.303Z,2026-06-13T22:13:48.304101Z,2026-06-14T00:13:48.304101Z,7575.504154,7,0.7835000000000001,12.763241863433322,7.015306122448986,4.394,59.72222222222222,12.763241863433322,75.3880012712778,60,46,13,1,0.9333,False
HEMI,2026-06-13T22:14:06.975Z,2026-06-13T22:14:06.975728Z,2026-06-14T00:14:06.975728Z,7556.832527,7,0.006215,16.09010458567915,13.964686998394866,6.496,65.27777777777777,16.09010458567915,76.57298569644242,0,0,0,0,,
INIT,2026-06-13T22:14:12.960Z,2026-06-13T22:14:12.960776Z,2026-06-14T00:14:12.960776Z,7550.847479,7,0.05915,16.90617075232508,5.76271186440678,-4.992,70.83333333333333,16.90617075232508,51.132822578799654,0,0,0,0,,
MORPHO,2026-06-13T22:14:27.011Z,2026-06-13T22:14:27.012141Z,2026-06-14T00:14:27.012141Z,7536.796114,7,1.9575,5.108556832694202,4.7765793528505265,-0.051,62.5,5.108556832694202,66.8395021282158,19,7,12,0,1.0,False
NIL,2026-06-13T22:14:39.340Z,2026-06-13T22:14:39.340428Z,2026-06-14T00:14:39.340428Z,7524.467827,7,0.038720000000000004,20.661157024794335,14.630350194552527,2.827,66.66666666666667,20.661157024794335,62.24672276792547,17,15,2,0,1.0,False
ORDI,2026-06-13T22:14:44.899Z,2026-06-13T22:14:44.899462Z,2026-06-14T00:14:44.899462Z,7518.908793,7,3.3470000000000004,11.951000896325077,5.717689100655156,-4.33,70.48611111111111,11.951000896325077,60.47447118827424,5,2,2,1,0.6,False
PHA,2026-06-13T22:14:52.865Z,2026-06-13T22:14:52.865468Z,2026-06-14T00:14:52.865468Z,7510.942787,7,0.03515,28.449502133713473,16.056338028169026,6.287,61.80555555555556,28.449502133713473,59.65580158957103,4,2,1,1,0.5,False
PNUT,2026-06-13T22:15:04.853Z,2026-06-13T22:15:04.853625Z,2026-06-14T00:15:04.853625Z,7498.95463,7,0.04455,22.446689113356424,7.6576576576576585,3.981,64.93055555555556,22.446689113356424,68.39004843717501,64,15,43,6,0.0469,False
POL,2026-06-13T22:15:10.069Z,2026-06-13T22:15:10.070222Z,2026-06-14T00:15:10.070222Z,7493.738033,7,0.07577,10.558268443974757,3.1526183880754557,2.129,67.36111111111111,10.558268443974757,70.92020532598143,9,2,6,1,0.7778,False
RUNE,2026-06-13T22:15:17.482Z,2026-06-13T22:15:17.482607Z,2026-06-14T00:15:17.482607Z,7486.325648,7,0.3865,25.873221216041422,3.5989717223650417,-2.75,63.888888888888886,25.873221216041422,61.68152245788777,2,1,1,0,1.0,False
SAGA,2026-06-13T22:15:23.475Z,2026-06-13T22:15:23.475801Z,2026-06-14T00:15:23.475801Z,7480.332454,7,0.013165,7.5958982149636105,11.176470588235299,6.333,71.18055555555556,7.5958982149636105,63.22115750225212,3,1,2,0,1.0,False
STRK,2026-06-13T22:15:37.919Z,2026-06-13T22:15:37.919181Z,2026-06-14T00:15:37.919181Z,7465.889074,7,0.03475,28.776978417265013,5.747126436781615,3.264,71.875,28.776978417265013,74.64738150641246,4,1,3,0,1.0,False
SYN,2026-06-13T22:15:44.807Z,2026-06-13T22:15:44.807243Z,2026-06-14T00:15:44.807243Z,7459.001012,7,0.0392,51.020408163264996,31.10539845758355,26.299,60.06944444444444,51.020408163264996,81.86748486364553,4,0,1,3,0.5,False
SYRUP,2026-06-13T22:15:49.907Z,2026-06-13T22:15:49.907959Z,2026-06-14T00:15:49.907959Z,7453.900296,7,0.13165,7.595898214965192,2.1325209444021302,0.459,59.02777777777778,7.595898214965192,68.09437178160557,2,1,1,0,1.0,False
UNI,2026-06-13T22:15:57.622Z,2026-06-13T22:15:57.622868Z,2026-06-14T00:15:57.622868Z,7446.185387,7,2.5515,3.9192631785220065,3.947887879984212,0.556,68.40277777777777,3.9192631785220065,65.98851336276375,11,5,6,0,0.8182,False
ZBT,2026-06-13T22:16:08.482Z,2026-06-13T22:16:08.482590Z,2026-06-14T00:16:08.482590Z,7435.325665,7,0.11635000000000001,8.594757198109399,11.800172265288548,-6.371,70.13888888888889,8.594757198109399,57.860249065698426,1,0,0,1,-1.0,False
ZEN,2026-06-13T22:16:13.794Z,2026-06-13T22:16:13.794633Z,2026-06-14T00:16:13.794633Z,7430.013622,7,4.4079999999999995,9.0744101633404,4.075591985428036,2.116,61.458333333333336,9.0744101633404,74.01300429092804,0,0,0,0,,
2Z,2026-06-13T22:21:46.522Z,2026-06-13T22:21:46.522493Z,2026-06-14T00:21:46.522493Z,7696.741478,7,0.07072500000000001,12.725344644749786,9.07797381900967,2.629,56.59722222222222,12.725344644749786,65.48051914630989,0,0,0,0,,
GIGGLE,2026-06-13T22:22:49.874Z,2026-06-13T22:22:49.875034Z,2026-06-14T00:22:49.875034Z,7633.388937,7,27.509999999999998,7.2700836059613145,3.2175502742230306,0.33,46.52777777777778,7.2700836059613145,70.34611482406127,10,3,7,0,1.0,False
HYPER,2026-06-13T22:23:10.107Z,2026-06-13T22:23:10.107557Z,2026-06-14T00:23:10.107557Z,7613.156414,7,0.07345,13.614703880189106,4.240766073871398,0.137,45.833333333333336,13.614703880189106,64.99554900250065,0,0,0,0,,
IOTA,2026-06-13T22:23:18.216Z,2026-06-13T22:23:18.216420Z,2026-06-14T00:23:18.216420Z,7605.047551,7,0.04655,21.482277121375482,3.043478260869562,-1.919,49.65277777777778,21.482277121375482,57.255275945059125,0,0,0,0,,
KITE,2026-06-13T22:23:33.099Z,2026-06-13T22:23:33.100144Z,2026-06-14T00:23:33.100144Z,7590.163827,7,0.1935,10.335917312661795,5.345096004151532,1.474,57.291666666666664,10.335917312661795,49.04922652769657,0,0,0,0,,
LINEA,2026-06-13T22:23:44.205Z,2026-06-13T22:23:44.205832Z,2026-06-14T00:23:44.205832Z,7579.058139,7,0.002547,7.8523753435407615,9.785575048732941,6.079,45.486111111111114,7.8523753435407615,64.28387611846331,10,6,4,0,1.0,False
OSMO,2026-06-13T22:23:58.975Z,2026-06-13T22:23:58.975924Z,2026-06-14T00:23:58.975924Z,7564.288047,7,0.047,42.553191489362916,8.19327731092437,0.847,53.81944444444444,42.553191489362916,60.27848818731331,1,0,1,0,1.0,False
PARTI,2026-06-13T22:24:04.661Z,2026-06-13T22:24:04.662047Z,2026-06-14T00:24:04.662047Z,7558.601924,7,0.0608,32.894736842106205,8.429752066115704,0.0,56.94444444444444,32.894736842106205,66.1077813613773,14,9,5,0,1.0,False
PROVE,2026-06-13T22:24:16.012Z,2026-06-13T22:24:16.012496Z,2026-06-14T00:24:16.012496Z,7547.251475,7,0.19669999999999999,10.167768174885905,7.433808553971488,4.915,48.958333333333336,10.167768174885905,69.81062432150487,0,0,0,0,,
RAY,2026-06-13T22:24:21.513Z,2026-06-13T22:24:21.513394Z,2026-06-14T00:24:21.513394Z,7541.750577,7,0.6105,16.380016380016393,5.237315875613753,3.035,58.333333333333336,16.380016380016393,67.42135438939958,9,2,7,0,1.0,False
RESOLV,2026-06-13T22:24:27.504Z,2026-06-13T22:24:27.504787Z,2026-06-14T00:24:27.504787Z,7535.759184,7,0.017050000000000003,58.65102639296151,5.882352941176455,0.592,51.736111111111114,58.65102639296151,62.93464703415513,11,4,7,0,1.0,False
S,2026-06-13T22:24:34.612Z,2026-06-13T22:24:34.612259Z,2026-06-14T00:24:34.612259Z,7528.651712,7,0.030635000000000003,3.264240248082126,4.401695467883927,-0.228,46.18055555555556,3.264240248082126,69.44514721753595,1,1,0,0,1.0,False
TST,2026-06-13T22:24:57.835Z,2026-06-13T22:24:57.836146Z,2026-06-14T00:24:57.836146Z,7505.427825,7,0.01591,12.570710245128335,14.751075599262442,-5.845,54.861111111111114,12.570710245128335,44.94854118018042,2,1,1,0,0.0,False
TURBO,2026-06-13T22:25:03.684Z,2026-06-13T22:25:03.684270Z,2026-06-14T00:25:03.684270Z,7499.579701,7,0.0008855,11.29305477131469,13.20541760722348,3.384,53.47222222222222,11.29305477131469,67.25723115562013,0,0,0,0,,
TUT,2026-06-13T22:25:10.997Z,2026-06-13T22:25:10.997476Z,2026-06-14T00:25:10.997476Z,7492.266495,7,0.010595,28.315243039168262,6.454630495790455,0.281,54.166666666666664,28.315243039168262,70.42809306147672,0,0,0,0,,
WAL,2026-06-13T22:25:19.880Z,2026-06-13T22:25:19.880897Z,2026-06-14T00:25:19.880897Z,7483.383074,7,0.03455,28.943560057885943,7.3746312684365645,2.727,56.25,28.943560057885943,57.03934771481198,1,0,1,0,1.0,False
A,2026-06-13T22:31:01.433Z,2026-06-13T22:31:01.433621Z,2026-06-14T00:31:01.433621Z,7741.634174,7,0.07200000000000001,55.55555555555521,7.5313807531380785,0.702,31.25,55.55555555555521,58.722926302121,0,0,0,0,,
CETUS,2026-06-13T22:31:31.049Z,2026-06-13T22:31:31.049328Z,2026-06-14T00:31:31.049328Z,7712.018467,7,0.01889,10.587612493382311,8.852802514405433,6.115,38.541666666666664,10.587612493382311,73.24861509255096,0,0,0,0,,
CKB,2026-06-13T22:31:43.293Z,2026-06-13T22:31:43.294236Z,2026-06-14T00:31:43.294236Z,7699.773559,7,0.0011405,8.76808417360923,4.184829991281611,2.87,39.583333333333336,8.76808417360923,71.66449490951966,15,10,5,0,0.6,False
FLOKI,2026-06-13T22:31:54.891Z,2026-06-13T22:31:54.891654Z,2026-06-14T00:31:54.891654Z,7688.176141,7,2.515e-05,7.952286282306086,2.5875796178343906,0.279,35.416666666666664,7.952286282306086,68.16564411730127,3,2,1,0,1.0,False
GPS,2026-06-13T22:32:08.029Z,2026-06-13T22:32:08.029628Z,2026-06-14T00:32:08.029628Z,7675.038167,7,0.0073950000000000005,13.522650439486759,5.660377358490569,3.922,43.05555555555556,13.522650439486759,73.06738491289502,0,0,0,0,,
KERNEL,2026-06-13T22:32:19.039Z,2026-06-13T22:32:19.039441Z,2026-06-14T00:32:19.039441Z,7664.028354,7,0.04795,20.855057351408316,2.713987473903972,0.63,31.944444444444443,20.855057351408316,63.25925235844363,0,0,0,0,,
MITO,2026-06-13T22:32:38.538Z,2026-06-13T22:32:38.538335Z,2026-06-14T00:32:38.538335Z,7644.52946,7,0.018395,16.308779559662288,8.066298342541433,-2.373,40.27777777777778,16.308779559662288,70.44318149889223,0,0,0,0,,
MOVE,2026-06-13T22:32:46.510Z,2026-06-13T22:32:46.510237Z,2026-06-14T00:32:46.510237Z,7636.557558,7,0.01205,82.98755186721941,5.785123966942157,-0.82,39.93055555555556,82.98755186721941,58.28531766975683,10,5,5,0,1.0,False
ROSE,2026-06-13T22:33:14.357Z,2026-06-13T22:33:14.357857Z,2026-06-14T00:33:14.357857Z,7608.709938,7,0.006445,15.515903801395798,4.225352112676047,0.63,33.333333333333336,15.515903801395798,67.92367122736204,63,19,44,0,0.6825,False
SOLV,2026-06-13T22:33:37.168Z,2026-06-13T22:33:37.168330Z,2026-06-14T00:33:37.168330Z,7585.899465,7,0.0033949999999999996,29.455081001472834,3.892215568862273,1.212,33.68055555555556,29.455081001472834,51.763508172535886,0,0,0,0,,
STX,2026-06-13T22:33:43.488Z,2026-06-13T22:33:43.489009Z,2026-06-14T00:33:43.489009Z,7579.578786,7,0.1851,10.804970286332022,5.243243243243236,3.468,40.97222222222222,10.804970286332022,76.51728432075376,63,12,50,1,0.6032,False
THETA,2026-06-13T22:33:56.369Z,2026-06-13T22:33:56.370239Z,2026-06-14T00:33:56.370239Z,7566.697556,7,0.16115000000000002,6.205398696867312,5.455672659640423,3.73,37.15277777777778,6.205398696867312,76.43292412023878,26,9,17,0,1.0,False
TREE,2026-06-13T22:34:16.956Z,2026-06-13T22:34:16.956326Z,2026-06-14T00:34:16.956326Z,7546.111469,7,0.04655,21.482277121375482,6.866952789699574,1.747,40.625,21.482277121375482,68.76034840537456,0,0,0,0,,
VET,2026-06-13T22:34:28.577Z,2026-06-13T22:34:28.578065Z,2026-06-14T00:34:28.578065Z,7534.48973,7,0.0050904999999999995,13.751104999507307,4.055642633228851,2.08,37.84722222222222,13.751104999507307,68.63606654283893,19,6,13,0,1.0,False
XTZ,2026-06-13T22:34:34.398Z,2026-06-13T22:34:34.398536Z,2026-06-14T00:34:34.398536Z,7528.669259,7,0.23809999999999998,8.399832003360174,3.7799244015119617,1.405,42.708333333333336,8.399832003360174,66.67077338702967,37,10,25,2,0.8378,False
1000CHEEMS,2026-06-13T22:40:24.053Z,2026-06-13T22:40:24.053226Z,2026-06-14T00:40:24.053226Z,7779.042827,7,0.0005935000000000001,50.54759898904924,8.848080133555925,-4.313,23.958333333333332,50.54759898904924,53.70782640223423,0,0,0,0,,
1000SATS,2026-06-13T22:40:28.963Z,2026-06-13T22:40:28.963489Z,2026-06-14T00:40:28.963489Z,7774.132564,7,9.65e-06,20.725388601037825,3.1023784901757887,0.834,22.569444444444443,20.725388601037825,49.0882568464747,32,0,20,12,1.0,False
ACH,2026-06-13T22:40:34.124Z,2026-06-13T22:40:34.125157Z,2026-06-14T00:40:34.125157Z,7768.970896,7,0.005435000000000001,18.399264029439667,2.5782688766114092,0.0,21.875,18.399264029439667,61.36512895275831,0,0,0,0,,
ANIME,2026-06-13T22:40:41.698Z,2026-06-13T22:40:41.699163Z,2026-06-14T00:40:41.699163Z,7761.39689,7,0.002975,33.61344537815135,3.367003367003376,0.0,26.73611111111111,33.61344537815135,59.48289814934655,10,8,1,1,0.8,False
API3,2026-06-13T22:40:48.948Z,2026-06-13T22:40:48.948677Z,2026-06-14T00:40:48.948677Z,7754.147376,7,0.25680000000000003,7.788161993770774,3.539478802022558,1.621,18.055555555555557,7.788161993770774,52.22029113065658,0,0,0,0,,
AUCTION,2026-06-13T22:40:57.639Z,2026-06-13T22:40:57.639261Z,2026-06-14T00:40:57.639261Z,7745.456792,7,3.785,26.42007926023839,2.3809523809523774,1.07,17.36111111111111,26.42007926023839,60.69593824375816,0,0,0,0,,
BARD,2026-06-13T22:41:03.442Z,2026-06-13T22:41:03.442354Z,2026-06-14T00:41:03.442354Z,7739.653699,7,0.1599,12.507817385866526,6.750000000000002,0.313,26.041666666666668,12.507817385866526,60.49839041385635,15,12,3,0,1.0,False
BLUR,2026-06-13T22:41:10.064Z,2026-06-13T22:41:10.064529Z,2026-06-14T00:41:10.064529Z,7733.031524,7,0.01827,10.946907498633088,3.908794788273607,1.544,20.48611111111111,10.946907498633088,69.4708511774851,0,0,0,0,,
BOME,2026-06-13T22:41:15.955Z,2026-06-13T22:41:15.955321Z,2026-06-14T00:41:15.955321Z,7727.140732,7,0.0004325,23.121387283237556,3.448275862068962,0.23,29.166666666666668,23.121387283237556,60.36034338210626,0,0,0,0,,
CFX,2026-06-13T22:41:22.710Z,2026-06-13T22:41:22.711073Z,2026-06-14T00:41:22.711073Z,7720.38498,7,0.04512,4.4326241134765345,2.814716312056738,1.03,25.0,4.4326241134765345,66.52339946846676,0,0,0,0,,
COOKIE,2026-06-13T22:41:29.596Z,2026-06-13T22:41:29.596314Z,2026-06-14T00:41:29.596314Z,7713.499739,7,0.00935,106.95187165775522,4.301075268817197,1.087,26.38888888888889,106.95187165775522,42.65803647153982,0,0,0,0,,
CYBER,2026-06-13T22:41:36.493Z,2026-06-13T22:41:36.494108Z,2026-06-14T00:41:36.494108Z,7706.601945,7,0.346,57.803468208092546,3.179190751445074,2.065,24.305555555555557,57.803468208092546,63.68176765151936,1,0,1,0,1.0,False
ENS,2026-06-13T22:41:43.744Z,2026-06-13T22:41:43.744791Z,2026-06-14T00:41:43.744791Z,7699.351262,7,4.925,20.30456852791835,3.8306451612903123,1.848,28.819444444444443,20.30456852791835,70.50294738997809,1,1,0,0,1.0,False
ERA,2026-06-13T22:41:50.652Z,2026-06-13T22:41:50.652624Z,2026-06-14T00:41:50.652624Z,7692.443429,7,0.10245,9.760858955587016,5.445544554455436,2.227,24.65277777777778,9.760858955587016,67.95782271546854,5,1,4,0,0.6,False
GRT,2026-06-13T22:42:09.930Z,2026-06-13T22:42:09.930651Z,2026-06-14T00:42:09.930651Z,7673.165402,7,0.02008,9.960159362549396,3.214465092918122,0.861,20.13888888888889,9.960159362549396,67.90073364160594,25,12,9,4,0.24,False
HIVE,2026-06-13T22:42:17.431Z,2026-06-13T22:42:17.431535Z,2026-06-14T00:42:17.431535Z,7665.664518,7,0.05,39.99999999999976,2.19123505976095,-0.986,17.01388888888889,39.99999999999976,58.7094627976272,0,0,0,0,,
KAIA,2026-06-13T22:42:29.806Z,2026-06-13T22:42:29.807137Z,2026-06-14T00:42:29.807137Z,7653.288916,7,0.03695,27.063599458726912,3.5422343324250747,-0.272,23.26388888888889,27.063599458726912,66.3133936171356,0,0,0,0,,
MIRA,2026-06-13T22:42:41.073Z,2026-06-13T22:42:41.074087Z,2026-06-14T00:42:41.074087Z,7642.021966,7,0.0534,37.45318352059902,5.471698113207546,0.952,23.61111111111111,37.45318352059902,60.53895185767707,0,0,0,0,,
RSR,2026-06-13T22:43:30.297Z,2026-06-13T22:43:30.298070Z,2026-06-14T00:43:30.298070Z,7592.797983,7,0.0013955,7.165890361878414,4.139433551198255,2.227,30.555555555555557,7.165890361878414,67.62034179444305,0,0,0,0,,
THE,2026-06-13T22:43:45.272Z,2026-06-13T22:43:45.272989Z,2026-06-14T00:43:45.272989Z,7577.823064,7,0.06775,14.760147601476437,3.5450516986706053,0.296,27.083333333333332,14.760147601476437,63.82957109308279,10,6,3,1,0.4,False
TWT,2026-06-13T22:44:04.673Z,2026-06-13T22:44:04.673772Z,2026-06-14T00:44:04.673772Z,7558.422281,7,0.39625,37.8548895899054,1.439958858318332,-0.205,27.430555555555557,37.8548895899054,60.726779101149745,4,3,1,0,1.0,False
WCT,2026-06-13T22:44:15.558Z,2026-06-13T22:44:15.559042Z,2026-06-14T00:44:15.559042Z,7547.537011,7,0.047015,10.634903754121328,5.288974194924298,0.882,19.444444444444443,10.634903754121328,60.325141488802736,0,0,0,0,,
1000CAT,2026-06-13T22:49:56.956Z,2026-06-13T22:49:56.956736Z,2026-06-14T00:49:56.956736Z,7206.139317,7,0.001505,66.44518272425266,2.6315789473684137,0.0,8.680555555555555,66.44518272425266,64.4921416499954,64,19,39,6,0.3594,False
ACX,2026-06-13T22:50:18.304Z,2026-06-13T22:50:18.304286Z,2026-06-14T00:50:18.304286Z,7784.98308,7,0.042955,39.576300779886736,2.6881720430107485,1.111,12.152777777777779,39.576300779886736,53.13218643434908,63,23,33,7,0.0952,False
AEVO,2026-06-13T22:50:25.105Z,2026-06-13T22:50:25.105377Z,2026-06-14T00:50:25.105377Z,7778.181989,7,0.01984,60.483870967742966,4.550000000000005,2.093,4.166666666666667,60.483870967742966,66.45162056570854,0,0,0,0,,
BANANA,2026-06-13T22:50:32.814Z,2026-06-13T22:50:32.814806Z,2026-06-14T00:50:32.814806Z,7770.47256,7,2.966,6.743088334457936,3.301886792452826,1.435,16.666666666666668,6.743088334457936,67.15548755774508,0,0,0,0,,
BEAMX,2026-06-13T22:50:39.501Z,2026-06-13T22:50:39.502068Z,2026-06-14T00:50:39.502068Z,7763.785298,7,0.001457,13.72683596431056,3.094910591471795,0.972,12.847222222222221,13.72683596431056,50.23681915083953,0,0,0,0,,
BMT,2026-06-13T22:50:46.480Z,2026-06-13T22:50:46.480889Z,2026-06-14T00:50:46.480889Z,7756.806477,7,0.012975,7.707129094412017,3.472222222222228,-1.069,6.944444444444445,7.707129094412017,59.59569067069746,0,0,0,0,,
COMP,2026-06-13T22:50:58.787Z,2026-06-13T22:50:58.787960Z,2026-06-14T00:50:58.787960Z,7744.499406,7,17.65,22.66288951841513,3.530751708428252,0.92,9.375,22.66288951841513,63.545892926684594,64,27,32,5,0.25,False
COW,2026-06-13T22:51:13.347Z,2026-06-13T22:51:13.348011Z,2026-06-14T00:51:13.348011Z,7729.939355,7,0.14945,20.073603211778018,4.803788903924219,4.011,7.638888888888889,20.073603211778018,67.15130109676709,0,0,0,0,,
DYM,2026-06-13T22:51:25.758Z,2026-06-13T22:51:25.758374Z,2026-06-14T00:51:25.758374Z,7717.528992,7,0.01715,58.30903790087429,13.793103448275879,5.455,14.583333333333334,58.30903790087429,61.553780694478,0,0,0,0,,
EUL,2026-06-13T22:51:33.136Z,2026-06-13T22:51:33.136712Z,2026-06-14T00:51:33.136712Z,7710.150654,7,0.926,21.59827213822896,3.4707158351410006,0.655,14.930555555555555,21.59827213822896,53.46125960706917,19,13,5,1,0.6842,False
FLUX,2026-06-13T22:51:43.992Z,2026-06-13T22:51:43.992328Z,2026-06-14T00:51:43.992328Z,7699.295038,7,0.05235,19.102196752627098,4.038461538461548,1.365,7.291666666666667,19.102196752627098,61.11793671072244,0,0,0,0,,
ILV,2026-06-13T22:52:01.031Z,2026-06-13T22:52:01.031602Z,2026-06-14T00:52:01.031602Z,7682.255764,7,3.415,29.28257686676365,7.602339181286556,4.268,11.805555555555555,29.28257686676365,41.398086841372056,12,10,2,0,1.0,False
LPT,2026-06-13T22:52:13.115Z,2026-06-13T22:52:13.115740Z,2026-06-14T00:52:13.115740Z,7670.171626,7,1.7995,16.671297582661246,3.298515667949426,0.22,5.902777777777778,16.671297582661246,47.90123540846177,0,0,0,0,,
MASK,2026-06-13T22:52:26.140Z,2026-06-13T22:52:26.141002Z,2026-06-14T00:52:26.141002Z,7657.146364,7,0.3665,27.285129604365647,2.9972752043596755,1.662,3.4722222222222223,27.285129604365647,53.389007303254814,3,0,2,1,0.3333,False
ME,2026-06-13T22:52:33.321Z,2026-06-13T22:52:33.321347Z,2026-06-14T00:52:33.321347Z,7649.966019,7,0.0625,64.00000000000072,6.180665610142631,0.318,15.625,64.00000000000072,44.532878150994996,14,11,2,1,0.8571,False
MINA,2026-06-13T22:52:44.520Z,2026-06-13T22:52:44.520532Z,2026-06-14T00:52:44.520532Z,7638.766834,7,0.042800000000000005,46.728971962616534,4.418604651162805,1.655,13.541666666666666,46.728971962616534,59.235646295976956,1,1,0,0,1.0,False
SNX,2026-06-13T22:53:19.674Z,2026-06-13T22:53:19.674144Z,2026-06-14T00:53:19.674144Z,7603.613222,7,0.2405,41.580041580041616,2.9045643153526997,0.417,10.069444444444445,41.580041580041616,61.13098103483264,0,0,0,0,,
YB,2026-06-13T22:53:59.373Z,2026-06-13T22:53:59.374142Z,2026-06-14T00:53:59.374142Z,7563.913224,7,0.08929999999999999,22.396416573347352,6.222222222222216,0.671,16.319444444444443,22.396416573347352,52.587612570796466,0,0,0,0,,
1INCH,2026-06-13T22:59:33.910Z,2026-06-13T22:59:33.910228Z,2026-06-14T00:59:33.910228Z,7229.377138,7,0.0726,27.548209366391976,2.617079889807161,1.538,1.3888888888888888,27.548209366391976,50.421542513416604,0,0,0,0,,
ADA,2026-06-13T22:59:39.157Z,2026-06-13T22:59:39.157729Z,2026-06-14T00:59:39.157729Z,7224.129637,7,0.17155,5.82920431361055,4.081632653061227,0.942,93.05555555555556,5.82920431361055,60.25598991908202,31,12,16,3,0.2903,False
ALLO,2026-06-13T22:59:45.155Z,2026-06-13T22:59:45.155944Z,2026-06-14T00:59:45.155944Z,7218.131422,7,0.3736,5.3533190578152565,28.15904139433551,-13.681,92.01388888888889,5.3533190578152565,40.998044063478844,63,11,52,0,-0.254,False
BCH,2026-06-13T22:59:50.344Z,2026-06-13T22:59:50.344598Z,2026-06-14T00:59:50.344598Z,7212.942768,7,208.45,4.797313504437242,4.1525832930951205,0.877,89.23611111111111,4.797313504437242,62.75542319944935,6,2,3,1,0.5,False
BERA,2026-06-13T22:59:58.499Z,2026-06-13T22:59:58.499286Z,2026-06-14T00:59:58.499286Z,7204.78808,7,0.259,77.22007722007729,5.747126436781614,2.353,93.40277777777777,77.22007722007729,71.44753142822287,2,1,1,0,1.0,False
BFUSD,2026-06-13T23:00:05.687Z,2026-06-13T23:00:05.687585Z,2026-06-14T01:00:05.687585Z,7797.671729,7,0.9997,12.003601080323886,0.13011710539485216,0.0,1.7361111111111112,12.003601080323886,39.312671244971604,1,1,0,0,-1.0,False
BIGTIME,2026-06-13T23:00:13.140Z,2026-06-13T23:00:13.140749Z,2026-06-14T01:00:13.140749Z,7790.218565,7,0.00893,44.792833146696644,5.09049773755657,2.079,0.6944444444444444,44.792833146696644,47.42913896688742,68,22,36,10,-0.0294,False
BNB,2026-06-13T23:00:19.447Z,2026-06-13T23:00:19.447982Z,2026-06-14T01:00:19.447982Z,7783.911332,7,609.955,0.1639465206448165,1.8998783814876998,0.797,95.48611111111111,0.1639465206448165,61.02508660927262,11,5,6,0,1.0,False
BTC,2026-06-13T23:00:24.717Z,2026-06-13T23:00:24.717845Z,2026-06-14T01:00:24.717845Z,7778.641469,7,64603.145000000004,0.001547912257528216,1.4813619910397118,1.064,100.0,0.001547912257528216,66.23375653687661,41,20,14,7,0.2683,False
CVC,2026-06-13T23:00:31.395Z,2026-06-13T23:00:31.395329Z,2026-06-14T01:00:31.395329Z,7771.963985,7,0.022914999999999998,13.091861226270469,1.7000871839581582,1.236,1.0416666666666667,13.091861226270469,46.932417284191345,64,15,34,15,-0.1562,False
DOGE,2026-06-13T23:00:37.564Z,2026-06-13T23:00:37.564241Z,2026-06-14T01:00:37.564241Z,7765.795073,7,0.08774499999999999,1.1396660778387513,3.6825903545775813,0.114,93.75,1.1396660778387513,56.659608355444874,17,12,4,1,0.7647,False
ENA,2026-06-13T23:00:42.853Z,2026-06-13T23:00:42.854122Z,2026-06-14T01:00:42.854122Z,7760.505192,7,0.08474999999999999,11.799410029498864,12.203791469194316,6.566,97.56944444444444,11.799410029498864,62.71183474220428,6,3,2,1,0.6667,False
EUR,2026-06-13T23:00:49.912Z,2026-06-13T23:00:49.912415Z,2026-06-14T01:00:49.912415Z,7753.446899,7,1.1561499999999998,0.8649396704578904,0.1989619377162603,-0.061,94.79166666666667,0.8649396704578904,58.1686264783261,1,0,1,0,0.0,False
GMX,2026-06-13T23:01:03.411Z,2026-06-13T23:01:03.411198Z,2026-06-14T01:01:03.411198Z,7739.948116,7,5.645,53.14437555358769,2.841918294849026,2.55,2.4305555555555554,53.14437555358769,52.03666674247832,14,11,3,0,1.0,False
NEAR,2026-06-13T23:01:22.829Z,2026-06-13T23:01:22.830011Z,2026-06-14T01:01:22.830011Z,7720.529303,7,2.1265,4.702562896778226,9.770114942528734,3.829,96.18055555555556,4.702562896778226,65.14339567908863,12,7,1,4,0.4167,False
ONDO,2026-06-13T23:01:28.111Z,2026-06-13T23:01:28.112192Z,2026-06-14T01:01:28.112192Z,7715.247122,7,0.36335,2.7521673317734687,6.694214876033054,1.909,90.625,2.7521673317734687,55.11316356446193,7,3,2,2,0.7143,False
RENDER,2026-06-13T23:01:39.226Z,2026-06-13T23:01:39.226844Z,2026-06-14T01:01:39.226844Z,7704.13247,7,1.7654999999999998,5.664117813651158,10.005685048322906,5.9,91.31944444444444,5.664117813651158,62.72078085975263,11,9,2,0,1.0,False
RPL,2026-06-13T23:01:46.688Z,2026-06-13T23:01:46.688465Z,2026-06-14T01:01:46.688465Z,7696.670849,7,1.3849999999999998,72.20216606498202,2.142857142857129,1.449,0.3472222222222222,72.20216606498202,58.63468245088048,1,1,0,0,1.0,False
TRX,2026-06-13T23:02:20.893Z,2026-06-13T23:02:20.893969Z,2026-06-14T01:02:20.893969Z,7662.465345,7,0.31605,3.164056320202151,1.1649874055415732,0.825,90.27777777777777,3.164056320202151,62.39779254741363,62,4,58,0,0.9516,False
HBAR,2026-06-13T23:08:43.924Z,2026-06-13T23:08:43.925265Z,2026-06-14T01:08:43.925265Z,7279.434049,7,0.07858499999999999,1.2725074759809283,2.70028154594318,-0.09,87.15277777777777,1.2725074759809283,57.47686666328239,11,5,3,3,0.4545,False
TON,2026-06-13T23:09:01.380Z,2026-06-13T23:09:01.380426Z,2026-06-14T01:09:01.380426Z,7261.978888,7,1.7095,5.849663644339806,6.249999999999999,3.933,88.54166666666667,5.849663644339806,69.56125785759237,8,5,2,1,0.75,False
AVAX,2026-06-13T23:14:56.612Z,2026-06-13T23:14:56.612897Z,2026-06-14T01:14:56.612897Z,7507.64973,7,6.721500000000001,1.4877631481073181,3.460620525059669,1.668,83.68055555555556,1.4877631481073181,55.71288051607838,19,5,13,1,0.6842,False
GALA,2026-06-13T23:15:34.719Z,2026-06-13T23:15:34.719316Z,2026-06-14T01:15:34.719316Z,7469.543311,7,0.002665,37.5234521575986,2.2556390977443668,0.0,75.34722222222223,37.5234521575986,57.3750857444561,10,6,4,0,1.0,False
HOME,2026-06-13T23:15:45.293Z,2026-06-13T23:15:45.293411Z,2026-06-14T01:15:45.293411Z,7458.969216,7,0.029435000000000003,10.191948360794557,27.63018065887354,-4.37,79.86111111111111,10.191948360794557,46.28284570814531,15,5,10,0,1.0,False
JUP,2026-06-13T23:15:59.883Z,2026-06-13T23:15:59.884126Z,2026-06-14T01:15:59.884126Z,7444.378501,7,0.17365,5.7587100489484015,6.062355658198619,3.837,85.06944444444444,5.7587100489484015,78.37961905374591,62,30,30,2,0.5968,False
KMNO,2026-06-13T23:16:07.646Z,2026-06-13T23:16:07.647131Z,2026-06-14T01:16:07.647131Z,7436.615496,7,0.01749,11.435105774729934,9.188275084554697,-0.672,82.29166666666667,11.435105774729934,45.23673322927928,27,24,2,1,0.9259,False
MMT,2026-06-13T23:16:17.550Z,2026-06-13T23:16:17.550611Z,2026-06-14T01:16:17.550611Z,7426.712016,7,0.1265,15.810276679840156,16.55011655011655,10.283,82.98611111111111,15.810276679840156,72.96049861317243,7,6,0,1,0.7143,False
NOT,2026-06-13T23:16:23.974Z,2026-06-13T23:16:23.975260Z,2026-06-14T01:16:23.975260Z,7420.287367,7,0.00047349999999999996,21.119324181625558,20.570264765784106,10.09,78.47222222222223,21.119324181625558,73.0708541396138,2,1,1,0,1.0,False
SHIB,2026-06-13T23:17:10.481Z,2026-06-13T23:17:10.481319Z,2026-06-14T01:17:10.481319Z,7373.781308,7,5.025e-06,19.900497512437617,5.400000000000016,2.881,86.11111111111111,19.900497512437617,68.36205940699648,60,43,15,2,0.7667,False
WLFI,2026-06-13T23:17:37.173Z,2026-06-13T23:17:37.173985Z,2026-06-14T01:17:37.173985Z,7347.088642,7,0.05885,16.99235344095206,4.737732656514377,1.372,77.08333333333333,16.99235344095206,72.012841150843,1,1,0,0,1.0,False
ZK,2026-06-13T23:17:47.706Z,2026-06-13T23:17:47.706953Z,2026-06-14T01:17:47.706953Z,7336.555674,7,0.01177,16.992353440952353,7.55864465682015,-0.861,75.0,16.992353440952353,45.71600234936276,7,1,6,0,0.7143,False
ZRO,2026-06-13T23:17:53.286Z,2026-06-13T23:17:53.286619Z,2026-06-14T01:17:53.286619Z,7330.976008,7,0.9435,10.598834128245903,7.112526539278126,4.667,73.26388888888889,10.598834128245903,65.84533764661927,5,4,1,0,0.6,False
0G,2026-06-13T23:23:33.357Z,2026-06-13T23:23:33.357854Z,2026-06-14T01:23:33.357854Z,7589.965627,7,0.2975,33.61344537815129,7.33333333333334,3.806,69.09722222222223,33.61344537815129,73.33495060378755,0,0,0,0,,
APE,2026-06-13T23:23:44.150Z,2026-06-13T23:23:44.150313Z,2026-06-14T01:23:44.150313Z,7579.173168,7,0.12805,7.8094494338140565,3.276131045241817,-1.08,64.23611111111111,7.8094494338140565,60.004568220153004,30,14,16,0,0.8667,False
AR,2026-06-13T23:23:49.515Z,2026-06-13T23:23:49.516090Z,2026-06-14T01:23:49.516090Z,7573.807391,7,2.02,9.90099009900881,9.862610402355255,7.888,69.79166666666667,9.90099009900881,76.12565567606583,0,0,0,0,,
BABY,2026-06-13T23:24:18.105Z,2026-06-13T23:24:18.106070Z,2026-06-14T01:24:18.106070Z,7545.217411,7,0.01504,13.29787234042499,6.93681318681319,5.507,59.375,13.29787234042499,68.7950072094131,1,1,0,0,1.0,False
BONK,2026-06-13T23:24:23.486Z,2026-06-13T23:24:23.486289Z,2026-06-14T01:24:23.486289Z,7539.837192,7,4.495e-06,22.246941045606018,3.333333333333339,2.273,68.75,22.246941045606018,69.40046781277655,37,29,8,0,1.0,False
DASH,2026-06-13T23:24:28.858Z,2026-06-13T23:24:28.858289Z,2026-06-14T01:24:28.858289Z,7534.465192,7,35.769999999999996,5.591277606934059,3.6192647477914024,0.66,65.625,5.591277606934059,72.85324668073852,3,2,0,1,0.3333,False
ENJ,2026-06-13T23:24:48.916Z,2026-06-13T23:24:48.916643Z,2026-06-14T01:24:48.916643Z,7514.406838,7,0.031184999999999997,9.62000962000923,10.734824281150166,-3.276,71.52777777777777,9.62000962000923,51.1847910854232,18,7,9,2,0.3889,False
ENSO,2026-06-13T23:24:55.279Z,2026-06-13T23:24:55.279946Z,2026-06-14T01:24:55.279946Z,7508.043535,7,0.6585000000000001,15.186028853454832,12.244897959183666,-2.151,65.97222222222223,15.186028853454832,64.67202167633766,14,12,2,0,1.0,False
HEI,2026-06-13T23:25:13.830Z,2026-06-13T23:25:13.831175Z,2026-06-14T01:25:13.831175Z,7489.492306,7,0.08385000000000001,83.48240906380349,20.82840236686391,-10.297,60.416666666666664,83.48240906380349,45.70985573143319,1,1,0,0,1.0,False
KAITO,2026-06-13T23:25:27.279Z,2026-06-13T23:25:27.279604Z,2026-06-14T01:25:27.279604Z,7476.043877,7,0.47295,10.57194206575749,11.010752688172047,10.741,61.111111111111114,10.57194206575749,70.48054380989103,4,3,1,0,1.0,False
PLUME,2026-06-13T23:26:07.542Z,2026-06-13T23:26:07.542358Z,2026-06-14T01:26:07.542358Z,7435.781123,7,0.010575000000000001,9.456264775414965,7.822808671065042,2.81,62.84722222222222,9.456264775414965,68.05509994138474,16,8,8,0,1.0,False
WIF,2026-06-13T23:26:54.910Z,2026-06-13T23:26:54.910373Z,2026-06-14T01:26:54.910373Z,7388.413108,7,0.16005,6.2480474851602,4.374999999999987,1.458,67.70833333333333,6.2480474851602,50.83165483170928,5,3,2,0,0.8,False
SPK,2026-06-13T23:32:18.762Z,2026-06-13T23:32:18.762594Z,2026-06-14T01:32:18.762594Z,7664.691713,7,0.0191705,13.04087008685076,5.8643257843341035,-2.63,59.02777777777778,13.04087008685076,47.40262547570649,65,23,36,6,0.4615,False
AIXBT,2026-06-13T23:32:48.990Z,2026-06-13T23:32:48.990751Z,2026-06-14T01:32:48.990751Z,7634.463556,7,0.023895,20.92487968194243,7.119067443796835,-0.662,50.0,20.92487968194243,32.59117178142244,0,0,0,0,,
ALT,2026-06-13T23:32:56.250Z,2026-06-13T23:32:56.250693Z,2026-06-14T01:32:56.250693Z,7627.203614,7,0.006535,15.302218821728529,8.610271903323266,6.602,56.25,15.302218821728529,76.56645084247751,0,0,0,0,,
BANK,2026-06-13T23:33:01.243Z,2026-06-13T23:33:01.243352Z,2026-06-14T01:33:01.243352Z,7622.210955,7,0.039150000000000004,25.542784163472774,9.414758269720107,4.244,48.263888888888886,25.542784163472774,66.79033550039458,0,0,0,0,,
BB,2026-06-13T23:33:09.101Z,2026-06-13T23:33:09.102095Z,2026-06-14T01:33:09.102095Z,7614.352212,7,0.02185,45.76659038901574,9.954751131221721,5.742,52.77777777777778,45.76659038901574,71.6727377707033,0,0,0,0,,
C,2026-06-13T23:33:16.430Z,2026-06-13T23:33:16.431130Z,2026-06-14T01:33:16.431130Z,7607.023177,7,0.09484999999999999,10.542962572483171,5.696202531645557,-0.42,49.30555555555556,10.542962572483171,42.665658457027135,0,0,0,0,,
CAKE,2026-06-13T23:33:23.375Z,2026-06-13T23:33:23.375286Z,2026-06-14T01:33:23.375286Z,7600.079021,7,1.3485,7.41564701520126,3.4866468842729916,2.744,47.22222222222222,7.41564701520126,73.7767053611063,10,8,2,0,0.8,False
DOGS,2026-06-13T23:33:36.251Z,2026-06-13T23:33:36.251944Z,2026-06-14T01:33:36.251944Z,7587.202363,7,4.295e-05,23.28288707799824,8.083140877598145,0.932,51.041666666666664,23.28288707799824,63.218944403120865,2,2,0,0,1.0,False
EGLD,2026-06-13T23:33:44.322Z,2026-06-13T23:33:44.323099Z,2026-06-14T01:33:44.323099Z,7579.131208,7,2.915,34.305317324184514,3.754266211604091,2.807,51.388888888888886,34.305317324184514,73.51682641527634,13,9,4,0,0.8462,False
ETHFI,2026-06-13T23:33:49.701Z,2026-06-13T23:33:49.701622Z,2026-06-14T01:33:49.701622Z,7573.752685,7,0.3165,31.595576619273327,3.78548895899054,2.258,54.513888888888886,31.595576619273327,71.13739526336909,2,2,0,0,1.0,False
EURI,2026-06-13T23:33:56.110Z,2026-06-13T23:33:56.110755Z,2026-06-14T01:33:56.110755Z,7567.343552,7,1.15625,7.783783783784847,0.9949818307665552,-0.043,45.138888888888886,7.783783783784847,69.32118408863656,0,0,0,0,,
FF,2026-06-13T23:34:01.329Z,2026-06-13T23:34:01.329342Z,2026-06-14T01:34:01.329342Z,7562.124965,7,0.077485,6.452861844227205,9.050121779259083,-2.182,46.875,6.452861844227205,45.23141474112719,0,0,0,0,,
GUN,2026-06-13T23:34:15.331Z,2026-06-13T23:34:15.331761Z,2026-06-14T01:34:15.331761Z,7548.122546,7,0.005935,16.84919966301532,7.046979865771802,1.017,48.958333333333336,16.84919966301532,61.26586962096487,0,0,0,0,,
HUMA,2026-06-13T23:34:23.027Z,2026-06-13T23:34:23.027854Z,2026-06-14T01:34:23.027854Z,7540.426453,7,0.022585,13.283152534867734,3.4288194444444553,0.964,46.52777777777778,13.283152534867734,67.32220361782642,0,0,0,0,,
LDO,2026-06-13T23:34:50.670Z,2026-06-13T23:34:50.670486Z,2026-06-14T01:34:50.670486Z,7512.783821,7,0.26355,3.7943464238280775,3.8709677419354787,1.074,52.43055555555556,3.7943464238280775,76.13707377382802,1,1,0,0,1.0,False
PAXG,2026-06-13T23:35:14.463Z,2026-06-13T23:35:14.463431Z,2026-06-14T01:35:14.463431Z,7488.990876,7,4225.45,0.8046480256544168,0.6358314454867963,0.402,55.90277777777778,0.8046480256544168,75.90411684736465,12,12,0,0,1.0,False
SAHARA,2026-06-13T23:35:41.092Z,2026-06-13T23:35:41.092669Z,2026-06-14T01:35:41.092669Z,7462.361638,7,0.015355,19.537609899056015,6.901041666666679,-3.457,54.166666666666664,19.537609899056015,50.45855704314376,1,0,1,0,-1.0,False
SSV,2026-06-13T23:35:48.741Z,2026-06-13T23:35:48.741818Z,2026-06-14T01:35:48.741818Z,7454.712489,7,2.333,17.14530647235321,8.419243986254303,5.914,55.208333333333336,17.14530647235321,61.67211242817271,0,0,0,0,,
STO,2026-06-13T23:35:54.926Z,2026-06-13T23:35:54.926949Z,2026-06-14T01:35:54.926949Z,7448.527358,7,0.05075,19.704433497536144,7.436399217221131,-1.541,52.083333333333336,19.704433497536144,66.37400362496872,3,2,0,1,0.3333,False
USDE,2026-06-13T23:36:15.642Z,2026-06-13T23:36:15.643239Z,2026-06-14T01:36:15.643239Z,7427.811068,7,0.99985,1.0001500225032653,0.04000800160031566,0.01,45.833333333333336,1.0001500225032653,74.4317650895109,0,0,0,0,,
AXS,2026-06-13T23:42:14.618Z,2026-06-13T23:42:14.618754Z,2026-06-14T01:42:14.618754Z,7668.990541,7,0.9735,10.27221366204418,3.9094650205761354,3.075,37.84722222222222,10.27221366204418,74.57930968890253,2,1,1,0,1.0,False
BROCCOLI714,2026-06-13T23:42:34.568Z,2026-06-13T23:42:34.569136Z,2026-06-14T01:42:34.569136Z,7649.040159,7,0.01315,15.209125475284551,4.841149773071104,-1.122,38.19444444444444,15.209125475284551,65.01954933133489,0,0,0,0,,
CGPT,2026-06-13T23:42:45.095Z,2026-06-13T23:42:45.095566Z,2026-06-14T01:42:45.095566Z,7638.513729,7,0.020955,14.31639226914759,4.895437262357413,1.495,40.625,14.31639226914759,68.3700833389484,0,0,0,0,,
DOLO,2026-06-13T23:42:58.245Z,2026-06-13T23:42:58.245201Z,2026-06-14T01:42:58.245201Z,7625.364094,7,0.025055,11.973657952504002,10.339321357285423,-1.61,43.40277777777778,11.973657952504002,57.51237550768743,0,0,0,0,,
HAEDAL,2026-06-13T23:43:22.962Z,2026-06-13T23:43:22.962557Z,2026-06-14T01:43:22.962557Z,7600.646738,7,0.01894,10.559662090814497,13.602150537634413,-6.86,35.763888888888886,10.559662090814497,57.29893042897937,0,0,0,0,,
LAYER,2026-06-13T23:43:28.349Z,2026-06-13T23:43:28.350208Z,2026-06-14T01:43:28.350208Z,7595.259087,7,0.067,29.85074626865757,5.97907324364724,1.672,40.97222222222222,29.85074626865757,59.294728418023205,1,0,1,0,1.0,False
MANTA,2026-06-13T23:43:38.933Z,2026-06-13T23:43:38.933754Z,2026-06-14T01:43:38.933754Z,7584.675541,7,0.08307500000000001,15.648510382185387,8.53495440729483,2.06,43.75,15.648510382185387,37.79836653953817,0,0,0,0,,
MEME,2026-06-13T23:43:44.759Z,2026-06-13T23:43:44.759638Z,2026-06-14T01:43:44.759638Z,7578.849657,7,0.0005605,17.841213202498203,4.821428571428573,-1.408,39.93055555555556,17.841213202498203,58.94276752452116,28,16,10,2,0.7143,False
NEIRO,2026-06-13T23:44:04.195Z,2026-06-13T23:44:04.195589Z,2026-06-14T01:44:04.195589Z,7559.413706,7,6.981500000000001e-05,10.026498603452612,9.190340909090905,4.065,44.09722222222222,10.026498603452612,72.14908305601432,0,0,0,0,,
NXPC,2026-06-13T23:44:11.170Z,2026-06-13T23:44:11.170941Z,2026-06-14T01:44:11.170941Z,7552.438354,7,0.35335,25.470496674685492,7.4546485260770945,0.313,42.708333333333336,25.470496674685492,49.25950813747349,0,0,0,0,,
QNT,2026-06-13T23:44:17.288Z,2026-06-13T23:44:17.288924Z,2026-06-14T01:44:17.288924Z,7546.320371,7,68.695,10.189970157945615,7.807720320466132,3.67,43.05555555555556,10.189970157945615,67.91908989434516,64,21,41,2,0.0625,False
SAPIEN,2026-06-13T23:44:38.277Z,2026-06-13T23:44:38.277767Z,2026-06-14T01:44:38.277767Z,7525.331528,7,0.08274999999999999,12.084592145015453,5.4678007290401025,1.23,38.888888888888886,12.084592145015453,49.81492562253411,0,0,0,0,,
SKY,2026-06-13T23:44:45.355Z,2026-06-13T23:44:45.355645Z,2026-06-14T01:44:45.355645Z,7518.25365,7,0.056345000000000006,8.87390185464574,1.8402715740575366,-0.621,33.68055555555556,8.87390185464574,65.05789966626057,63,27,33,3,-0.0794,False
SXT,2026-06-13T23:45:03.218Z,2026-06-13T23:45:03.218555Z,2026-06-14T01:45:03.218555Z,7500.39074,7,0.008565,35.026269702277304,7.025761124121778,4.401,34.72222222222222,35.026269702277304,67.1779228749477,0,0,0,0,,
TLM,2026-06-13T23:45:15.555Z,2026-06-13T23:45:15.555750Z,2026-06-14T01:45:15.555750Z,7488.053545,7,0.0010265,29.22552362396458,17.145688800792865,0.199,41.666666666666664,29.22552362396458,57.68088243269988,0,0,0,0,,
TOWNS,2026-06-13T23:45:22.897Z,2026-06-13T23:45:22.898387Z,2026-06-14T01:45:22.898387Z,7480.710908,7,0.0022050000000000004,45.351473922902606,3.669724770642192,-1.357,30.90277777777778,45.351473922902606,58.85386557760054,0,0,0,0,,
TRB,2026-06-13T23:45:29.957Z,2026-06-13T23:45:29.957615Z,2026-06-14T01:45:29.957615Z,7473.65168,7,13.504999999999999,7.404664938911357,3.04832713754647,2.515,35.416666666666664,7.404664938911357,73.02364661614136,0,0,0,0,,
VANRY,2026-06-13T23:45:47.653Z,2026-06-13T23:45:47.654142Z,2026-06-14T01:45:47.654142Z,7455.955153,7,0.0035245,8.511845651865412,5.471644343117707,1.592,32.291666666666664,8.511845651865412,61.35675484047583,15,3,12,0,-0.1333,False
YGG,2026-06-13T23:46:05.948Z,2026-06-13T23:46:05.948813Z,2026-06-14T01:46:05.948813Z,7437.660482,7,0.02531,31.60806005531419,6.754072308303536,2.151,31.59722222222222,31.60806005531419,44.132989166601995,1,1,0,0,1.0,False
ZKC,2026-06-13T23:46:11.494Z,2026-06-13T23:46:11.495152Z,2026-06-14T01:46:11.495152Z,7432.114143,7,0.051250000000000004,19.512195121950423,6.1349693251533655,1.875,36.458333333333336,19.512195121950423,66.48622347722231,0,0,0,0,,
ETC,2026-06-13T23:52:52.775Z,2026-06-13T23:52:52.776003Z,2026-06-14T01:52:52.776003Z,7631.047842,7,7.145,13.99580125962306,1.8105849582172688,0.701,27.430555555555557,13.99580125962306,64.42348223312655,1,1,0,0,-1.0,False
FORM,2026-06-13T23:53:00.444Z,2026-06-13T23:53:00.445109Z,2026-06-14T01:53:00.445109Z,7623.378736,7,0.23005,21.734405564007844,7.533362031855366,0.694,18.75,21.734405564007844,47.225344492071905,0,0,0,0,,
HOLO,2026-06-13T23:53:19.925Z,2026-06-13T23:53:19.925297Z,2026-06-14T01:53:19.925297Z,7603.898548,7,0.065,30.76923076923165,7.309486780715401,4.553,20.833333333333332,30.76923076923165,71.49225525771033,1,0,1,0,1.0,False
IMX,2026-06-13T23:53:27.239Z,2026-06-13T23:53:27.239316Z,2026-06-14T01:53:27.239316Z,7596.584529,7,0.14529999999999998,13.76462491397149,5.161734342739164,2.541,21.875,13.76462491397149,66.96640662616983,61,11,49,1,0.6557,False
LISTA,2026-06-13T23:53:45.222Z,2026-06-13T23:53:45.222698Z,2026-06-14T01:53:45.222698Z,7578.601147,7,0.052250000000000005,19.138755980860463,3.488372093023261,0.585,17.01388888888889,19.138755980860463,63.32966840562025,0,0,0,0,,
MUBARAK,2026-06-13T23:53:58.277Z,2026-06-13T23:53:58.277721Z,2026-06-14T01:53:58.277721Z,7565.546124,7,0.01072,18.656716417909685,3.156917363045497,-0.462,19.791666666666668,18.656716417909685,63.05431871039216,0,0,0,0,,
NEO,2026-06-13T23:54:05.440Z,2026-06-13T23:54:05.440775Z,2026-06-14T01:54:05.440775Z,7558.38307,7,2.2085,4.527960153950147,3.8914027149321204,2.886,25.0,4.527960153950147,74.33565360859822,0,0,0,0,,
NOM,2026-06-13T23:54:10.648Z,2026-06-13T23:54:10.648685Z,2026-06-14T01:54:10.648685Z,7553.17516,7,0.001635,61.16207951070353,4.242424242424254,0.0,29.51388888888889,61.16207951070353,55.393383797467706,2,2,0,0,1.0,False
ONT,2026-06-13T23:54:16.550Z,2026-06-13T23:54:16.550961Z,2026-06-14T01:54:16.550961Z,7547.272884,7,0.048265,10.35947373873437,3.554354604032432,1.777,17.708333333333332,10.35947373873437,47.41523006201461,15,8,7,0,0.4667,False
PEOPLE,2026-06-13T23:54:23.534Z,2026-06-13T23:54:23.535175Z,2026-06-14T01:54:23.535175Z,7540.28867,7,0.005515,18.13236627379799,3.992740471869339,2.037,23.61111111111111,18.13236627379799,71.28482908484996,0,0,0,0,,
PIXEL,2026-06-13T23:54:30.387Z,2026-06-13T23:54:30.387441Z,2026-06-14T01:54:30.387441Z,7533.436404,7,0.00554,36.10108303249107,3.0852994555353903,0.547,29.86111111111111,36.10108303249107,66.60591793127104,61,12,39,10,0.0656,False
RARE,2026-06-13T23:54:38.118Z,2026-06-13T23:54:38.118275Z,2026-06-14T01:54:38.118275Z,7525.70557,7,0.01335,74.90636704119935,5.26315789473685,4.724,26.38888888888889,74.90636704119935,67.28199663919558,1,1,0,0,1.0,False
RED,2026-06-13T23:54:43.874Z,2026-06-13T23:54:43.875056Z,2026-06-14T01:54:43.875056Z,7519.948789,7,0.0934,21.413276231263996,6.971677559912856,-3.368,29.166666666666668,21.413276231263996,53.67529417100774,1,0,1,0,-1.0,False
SAND,2026-06-13T23:54:50.865Z,2026-06-13T23:54:50.865682Z,2026-06-14T01:54:50.865682Z,7512.958163,7,0.05239,7.635044855888218,2.1443614780777254,1.516,26.73611111111111,7.635044855888218,69.8144872208335,24,8,15,1,0.25,False
SHELL,2026-06-13T23:54:56.744Z,2026-06-13T23:54:56.744267Z,2026-06-14T01:54:56.744267Z,7507.079578,7,0.025750000000000002,38.83495145631044,3.891050583657591,0.391,28.819444444444443,38.83495145631044,55.765743847045826,1,1,0,0,1.0,False
SOPH,2026-06-13T23:55:03.260Z,2026-06-13T23:55:03.260626Z,2026-06-14T01:55:03.260626Z,7500.563219,7,0.0057599999999999995,34.722222222222314,16.524701873935253,3.71,27.083333333333332,34.722222222222314,58.785920036039975,0,0,0,0,,
TNSR,2026-06-13T23:55:18.339Z,2026-06-13T23:55:18.339769Z,2026-06-14T01:55:18.339769Z,7485.484076,7,0.0296,67.56756756756833,2.7118644067796565,1.724,28.47222222222222,67.56756756756833,65.34761976207197,12,6,4,2,0.5,False
TURTLE,2026-06-13T23:55:25.231Z,2026-06-13T23:55:25.231253Z,2026-06-14T01:55:25.231253Z,7478.592592,7,0.03655,27.359781121751812,2.732240437158453,0.274,27.77777777777778,27.359781121751812,62.54025584933825,2,1,1,0,1.0,False
USUAL,2026-06-13T23:55:33.018Z,2026-06-13T23:55:33.019108Z,2026-06-14T01:55:33.019108Z,7470.804737,7,0.010255,9.75134080936089,5.436893203883493,0.488,19.09722222222222,9.75134080936089,53.48782938749435,0,0,0,0,,
1MBABYDOGE,2026-06-14T00:01:28.386Z,2026-06-14T00:01:28.386536Z,2026-06-14T02:01:28.386536Z,7715.198002,7,0.0003382,17.740981667652708,3.3106710020691694,2.36,6.25,17.740981667652708,55.93576921527198,0,0,0,0,,
ACT,2026-06-14T00:01:35.720Z,2026-06-14T00:01:35.720765Z,2026-06-14T02:01:35.720765Z,7707.863773,7,0.010425,47.961630695443354,7.368421052631578,4.291,13.88888888888889,47.961630695443354,69.00226112774511,1,0,0,1,0.0,False
CATI,2026-06-14T00:02:10.154Z,2026-06-14T00:02:10.154318Z,2026-06-14T02:02:10.154318Z,7673.43022,7,0.060450000000000004,16.542597187757803,4.651162790697681,3.972,9.375,16.542597187757803,69.86027702142795,0,0,0,0,,
COTI,2026-06-14T00:02:23.251Z,2026-06-14T00:02:23.252248Z,2026-06-14T02:02:23.252248Z,7660.33229,7,0.0101,19.801980198018995,2.594810379241515,1.008,5.555555555555555,19.801980198018995,63.67468020356586,0,0,0,0,,
CVX,2026-06-14T00:02:35.987Z,2026-06-14T00:02:35.987695Z,2026-06-14T02:02:35.987695Z,7647.596843,7,1.3319999999999999,15.01501501501503,2.9104477611940407,-1.253,10.069444444444445,15.01501501501503,45.894931289041104,12,4,8,0,-0.0833,False
F,2026-06-14T00:02:53.731Z,2026-06-14T00:02:53.731305Z,2026-06-14T02:02:53.731305Z,7629.853233,7,0.003955,25.284450063210095,4.292929292929283,2.062,15.277777777777779,25.284450063210095,65.65272297107174,0,0,0,0,,
GMT,2026-06-14T00:03:05.134Z,2026-06-14T00:03:05.135056Z,2026-06-14T02:03:05.135056Z,7618.449482,7,0.008320000000000001,24.03846153846264,3.7304452466907287,-0.954,12.5,24.03846153846264,55.89978040512593,0,0,0,0,,
LA,2026-06-14T00:03:18.258Z,2026-06-14T00:03:18.258546Z,2026-06-14T02:03:18.258546Z,7605.325992,7,0.0749,53.40453938584748,4.223433242506819,2.945,4.166666666666667,53.40453938584748,51.48520265477581,0,0,0,0,,
MAGIC,2026-06-14T00:03:30.367Z,2026-06-14T00:03:30.367226Z,2026-06-14T02:03:30.367226Z,7593.217312,7,0.047299999999999995,42.28329809725133,4.6908315565032,3.077,5.902777777777778,42.28329809725133,50.41908280395942,66,15,49,2,0.6212,False
MET,2026-06-14T00:03:49.437Z,2026-06-14T00:03:49.437448Z,2026-06-14T02:03:49.437448Z,7574.14709,7,0.10525,28.50356294536767,2.7436140018921606,0.475,12.152777777777779,28.50356294536767,59.16992965233542,14,5,7,2,0.3571,False
NEWT,2026-06-14T00:04:01.374Z,2026-06-14T00:04:01.375222Z,2026-06-14T02:04:01.375222Z,7562.209316,7,0.05395,55.60704355885109,3.2196969696969697,0.38,11.11111111111111,55.60704355885109,64.31337770148535,0,0,0,0,,
NMR,2026-06-14T00:04:09.329Z,2026-06-14T00:04:09.330191Z,2026-06-14T02:04:09.330191Z,7554.254347,7,8.445,35.52397868561413,1.766784452296824,0.831,14.583333333333334,35.52397868561413,52.2874278400228,0,0,0,0,,
REZ,2026-06-14T00:04:15.456Z,2026-06-14T00:04:15.456626Z,2026-06-14T02:04:15.456626Z,7548.127912,7,0.0031915,3.1333228889241194,4.2673360527141595,0.95,14.23611111111111,3.1333228889241194,57.18910180192795,17,11,5,1,0.5294,False
RVN,2026-06-14T00:04:22.900Z,2026-06-14T00:04:22.900927Z,2026-06-14T02:04:22.900927Z,7540.683611,7,0.004399999999999999,45.45454545454558,2.9478458049886602,2.558,5.208333333333333,45.45454545454558,53.812608769310955,0,0,0,0,,
SIGN,2026-06-14T00:04:29.899Z,2026-06-14T00:04:29.899277Z,2026-06-14T02:04:29.899277Z,7533.685261,7,0.008615,11.607661056296683,2.7939464493597277,0.0,9.722222222222221,11.607661056296683,55.069456538979075,0,0,0,0,,
SKL,2026-06-14T00:04:36.220Z,2026-06-14T00:04:36.220638Z,2026-06-14T02:04:36.220638Z,7527.3639,7,0.0043300000000000005,46.189376443418126,3.9906103286384984,0.948,3.4722222222222223,46.189376443418126,61.20276135717474,10,6,4,0,0.4,False
STEEM,2026-06-14T00:04:49.734Z,2026-06-14T00:04:49.734379Z,2026-06-14T02:04:49.734379Z,7513.850159,7,0.044655,15.675736199753805,1.186744290192572,0.972,8.333333333333334,15.675736199753805,52.5164259976504,0,0,0,0,,
T,2026-06-14T00:04:57.627Z,2026-06-14T00:04:57.627456Z,2026-06-14T02:04:57.627456Z,7505.957082,7,0.0038250000000000003,78.43137254901981,7.7519379844961325,-0.769,7.638888888888889,78.43137254901981,47.40892831553943,0,0,0,0,,
UMA,2026-06-14T00:05:03.644Z,2026-06-14T00:05:03.645068Z,2026-06-14T02:05:03.645068Z,7499.93947,7,0.4015,24.906600249066024,2.0000000000000018,0.756,4.861111111111111,24.906600249066024,55.685719448008264,0,0,0,0,,
VANA,2026-06-14T00:05:08.877Z,2026-06-14T00:05:08.877533Z,2026-06-14T02:05:08.877533Z,7494.707005,7,1.1265,8.877052818465263,4.336283185840703,2.355,13.541666666666666,8.877052818465263,68.36579259598518,1,0,1,0,1.0,False
XAI,2026-06-14T00:05:16.217Z,2026-06-14T00:05:16.217813Z,2026-06-14T02:05:16.217813Z,7487.366725,7,0.008205,60.93845216331468,6.15763546798029,4.505,3.8194444444444446,60.93845216331468,51.678809138793945,0,0,0,0,,
XVG,2026-06-14T00:05:24.226Z,2026-06-14T00:05:24.226811Z,2026-06-14T02:05:24.226811Z,7479.357727,7,0.00253,47.430830039525134,4.8012593467138975,2.295,10.76388888888889,47.430830039525134,52.010028282752245,68,15,33,20,-0.5,False
ETH,2026-06-14T00:11:53.322Z,2026-06-14T00:11:53.322281Z,2026-06-14T02:11:53.322281Z,7690.017643,7,1685.1950000000002,0.05934031373218472,2.1446811550206237,1.132,99.65277777777777,0.05934031373218472,63.38155195712326,28,11,10,7,0.3214,False
FDUSD,2026-06-14T00:11:58.664Z,2026-06-14T00:11:58.664693Z,2026-06-14T02:11:58.664693Z,7684.675231,7,0.99815,1.00185342884325,0.04007212983369625,0.02,91.66666666666667,1.00185342884325,73.59854888711617,0,0,0,0,,
FET,2026-06-14T00:12:04.654Z,2026-06-14T00:12:04.655119Z,2026-06-14T02:12:04.655119Z,7678.684805,7,0.21055000000000001,4.74946568511122,13.599231138875536,12.244,94.09722222222223,4.74946568511122,74.28371167565983,2,1,0,1,0.5,False
ICP,2026-06-14T00:12:16.001Z,2026-06-14T00:12:16.001698Z,2026-06-14T02:12:16.001698Z,7667.338226,7,2.4425,4.094165813715005,14.251497005988034,10.304,95.48611111111111,4.094165813715005,63.76027684941347,23,12,9,2,0.5652,False
INJ,2026-06-14T00:12:21.453Z,2026-06-14T00:12:21.453498Z,2026-06-14T02:12:21.453498Z,7661.886426,7,5.279999999999999,3.787878787878371,7.986243790599927,2.467,89.58333333333333,3.787878787878371,49.86510048893654,6,4,2,0,1.0,False
PENGU,2026-06-14T00:12:40.559Z,2026-06-14T00:12:40.559961Z,2026-06-14T02:12:40.559961Z,7642.779963,7,0.006839,2.924404152653017,4.547467887199175,1.271,89.23611111111111,2.924404152653017,58.49826822061927,1,1,0,0,1.0,False
PEPE,2026-06-14T00:12:46.504Z,2026-06-14T00:12:46.505114Z,2026-06-14T02:12:46.505114Z,7636.83481,7,2.8549999999999998e-06,35.02626970227786,3.5087719298245577,2.151,97.91666666666667,35.02626970227786,69.34147725859802,9,8,0,1,0.7778,False
SEI,2026-06-14T00:13:03.230Z,2026-06-14T00:13:03.230763Z,2026-06-14T02:13:03.230763Z,7620.109161,7,0.05377,3.719546215361574,8.677229182019158,6.39,89.93055555555556,3.719546215361574,72.52677725530215,1,0,1,0,-1.0,False
SOL,2026-06-14T00:13:08.303Z,2026-06-14T00:13:08.303496Z,2026-06-14T02:13:08.303496Z,7615.036428,7,69.065,1.4479113878217484,4.3667488756709565,3.576,98.61111111111111,1.4479113878217484,66.05236592084384,27,12,10,5,0.5926,False
SUI,2026-06-14T00:13:13.936Z,2026-06-14T00:13:13.936407Z,2026-06-14T02:13:13.936407Z,7609.403517,7,0.7706500000000001,1.2976059170842795,3.8030737171138322,2.675,95.83333333333333,1.2976059170842795,63.92229713910892,13,3,8,2,0.0769,False
SUSHI,2026-06-14T00:13:20.786Z,2026-06-14T00:13:20.786325Z,2026-06-14T02:13:20.786325Z,7602.553599,7,0.17645,51.005950694248334,3.8089823763502055,2.926,2.0833333333333335,51.005950694248334,50.83739510066041,0,0,0,0,,
TAO,2026-06-14T00:13:27.035Z,2026-06-14T00:13:27.035399Z,2026-06-14T02:13:27.035399Z,7596.304525,7,273.29999999999995,7.317965605561239,24.9056603773585,25.236,98.95833333333333,7.317965605561239,77.14324428196969,36,16,18,2,0.75,False
TRUMP,2026-06-14T00:13:32.899Z,2026-06-14T00:13:32.900478Z,2026-06-14T02:13:32.900478Z,7590.439446,7,2.0915,4.781257470714271,12.932195779075,5.196,96.875,4.781257470714271,67.47072024668395,60,57,1,2,0.7667,False
USD1,2026-06-14T00:13:44.451Z,2026-06-14T00:13:44.451695Z,2026-06-14T02:13:44.451695Z,7578.888229,7,1.00055,0.9994503023336063,0.05996402158704117,0.02,99.30555555555556,0.9994503023336063,82.38752420499638,0,0,0,0,,
VELODROME,2026-06-14T00:13:51.389Z,2026-06-14T00:13:51.389440Z,2026-06-14T02:13:51.389440Z,7571.950484,7,0.013935,21.52852529601759,3.3643521832498204,0.866,2.7777777777777777,21.52852529601759,47.36138931178071,0,0,0,0,,
WLD,2026-06-14T00:13:57.872Z,2026-06-14T00:13:57.872679Z,2026-06-14T02:13:57.872679Z,7565.467245,7,0.51085,1.9575217774295581,16.27767803710352,9.79,97.22222222222223,1.9575217774295581,70.87825892511223,15,4,8,3,0.6,False
XLM,2026-06-14T00:14:03.550Z,2026-06-14T00:14:03.551003Z,2026-06-14T02:14:03.551003Z,7559.788921,7,0.18964999999999999,5.272871078303019,4.649919828968473,-0.479,92.36111111111111,5.272871078303019,46.59080166890523,63,31,30,2,0.5238,False
XPL,2026-06-14T00:14:08.705Z,2026-06-14T00:14:08.705832Z,2026-06-14T02:14:08.705832Z,7554.634092,7,0.08825,11.331444759207123,17.08715596330275,5.06,92.70833333333333,11.331444759207123,69.90627284625361,0,0,0,0,,
XRP,2026-06-14T00:14:14.122Z,2026-06-14T00:14:14.122705Z,2026-06-14T02:14:14.122705Z,7549.217219,7,1.15515,0.8656884387308055,2.7630550004344467,1.949,96.18055555555556,0.8656884387308055,64.48573200564766,34,24,8,2,0.5,False
ZEC,2026-06-14T00:14:19.433Z,2026-06-14T00:14:19.434014Z,2026-06-14T02:14:19.434014Z,7543.90591,7,424.15,1.8861251915592145,5.706901865945893,2.928,98.26388888888889,1.8861251915592145,64.70823927983544,28,13,12,3,0.25,False
BIO,2026-06-14T00:19:57.588Z,2026-06-14T00:19:57.588682Z,2026-06-14T02:19:57.588682Z,7205.751242,7,0.03218,12.430080795524665,11.258892669347349,6.594,86.45833333333333,12.430080795524665,63.98464971318413,2,2,0,0,1.0,False
CRV,2026-06-14T00:20:06.723Z,2026-06-14T00:20:06.724230Z,2026-06-14T02:20:06.724230Z,7797.603728,7,0.23375,4.2780748663108765,5.887300252312873,0.042,87.84722222222223,4.2780748663108765,62.43559582814803,2,0,2,0,1.0,False
EPIC,2026-06-14T00:20:13.804Z,2026-06-14T00:20:13.804909Z,2026-06-14T02:20:13.804909Z,7790.523049,7,0.5375000000000001,18.604651162790713,23.35216572504708,-1.301,88.19444444444444,18.604651162790713,56.25213772033069,0,0,0,0,,
LINK,2026-06-14T00:20:24.054Z,2026-06-14T00:20:24.054695Z,2026-06-14T02:20:24.054695Z,7780.273263,7,7.9655000000000005,1.2554139727579359,2.8858218318695164,1.814,86.80555555555556,1.2554139727579359,48.01090231633032,8,5,3,0,0.25,False
OP,2026-06-14T00:20:29.477Z,2026-06-14T00:20:29.477738Z,2026-06-14T02:20:29.477738Z,7774.85022,7,0.10685,9.35891436593252,12.500000000000009,8.065,87.5,9.35891436593252,73.64261656777678,63,26,30,7,0.3333,False
AAVE,2026-06-14T00:26:09.661Z,2026-06-14T00:26:09.661706Z,2026-06-14T02:26:09.661706Z,7434.666252,7,67.395,4.4513687959049095,5.157721632531025,4.336,82.29166666666667,4.4513687959049095,69.15377981027699,10,10,0,0,1.0,False
ALGO,2026-06-14T00:26:15.609Z,2026-06-14T00:26:15.610013Z,2026-06-14T02:26:15.610013Z,7428.717945,7,0.09265000000000001,10.793308148947961,4.2128603104212985,3.917,85.76388888888889,10.793308148947961,68.35854554254851,3,2,0,1,0.3333,False
APT,2026-06-14T00:26:20.716Z,2026-06-14T00:26:20.716813Z,2026-06-14T02:26:20.716813Z,7423.611145,7,0.6705000000000001,14.914243102162578,7.1641791044776175,5.016,80.20833333333333,14.914243102162578,71.32631610723931,5,4,0,1,0.2,False
ASTER,2026-06-14T00:26:26.285Z,2026-06-14T00:26:26.285661Z,2026-06-14T02:26:26.285661Z,7418.042297,7,0.6365000000000001,15.710919088766705,2.660406885759001,1.914,76.73611111111111,15.710919088766705,66.76370160386769,2,1,1,0,1.0,False
ATOM,2026-06-14T00:26:31.285Z,2026-06-14T00:26:31.285760Z,2026-06-14T02:26:31.285760Z,7413.042198,7,1.9455,5.140066820868105,4.312114989733064,-1.217,79.51388888888889,5.140066820868105,58.366956578976584,59,29,28,2,0.4915,False
BANANAS31,2026-06-14T00:26:40.984Z,2026-06-14T00:26:40.984191Z,2026-06-14T02:26:40.984191Z,7403.343767,7,0.0076644999999999994,16.961315154282723,14.309742528140784,12.618,75.34722222222223,16.961315154282723,67.49405035866434,0,0,0,0,,
CHZ,2026-06-14T00:26:52.739Z,2026-06-14T00:26:52.739353Z,2026-06-14T02:26:52.739353Z,7391.588605,7,0.02588,30.91190108191662,4.6057767369242795,-1.196,78.47222222222223,30.91190108191662,58.81412014921919,0,0,0,0,,
DOT,2026-06-14T00:26:57.720Z,2026-06-14T00:26:57.720825Z,2026-06-14T02:26:57.720825Z,7386.607133,7,0.9804999999999999,10.198878123406434,4.179408766564734,2.83,73.26388888888889,10.198878123406434,69.57520339704072,3,2,0,1,0.6667,False
DYDX,2026-06-14T00:27:03.451Z,2026-06-14T00:27:03.451924Z,2026-06-14T02:27:03.451924Z,7380.876034,7,0.12029000000000001,9.975891595310925,4.679232804232803,1.366,80.90277777777777,9.975891595310925,64.91539873851312,0,0,0,0,,
HMSTR,2026-06-14T00:27:19.523Z,2026-06-14T00:27:19.523707Z,2026-06-14T02:27:19.523707Z,7364.804251,7,0.0001664,12.01923076923106,20.693709582598466,-13.742,81.94444444444444,12.01923076923106,45.95297846711552,2,1,0,1,0.0,False
IO,2026-06-14T00:27:29.614Z,2026-06-14T00:27:29.615229Z,2026-06-14T02:27:29.615229Z,7354.712729,7,0.17925,5.5788005578794415,13.491189427312786,5.766,81.25,5.5788005578794415,61.518389675491676,1,0,0,1,-1.0,False
JTO,2026-06-14T00:27:35.571Z,2026-06-14T00:27:35.571269Z,2026-06-14T02:27:35.571269Z,7348.756689,7,0.5452,3.668378576668708,5.194805194805192,0.811,74.30555555555556,3.668378576668708,64.86930244835966,1,0,0,1,-1.0,False
LTC,2026-06-14T00:27:53.068Z,2026-06-14T00:27:53.068714Z,2026-06-14T02:27:53.068714Z,7331.259244,7,44.405,2.2519986488003627,3.252032520325198,2.977,84.72222222222223,2.2519986488003627,66.18537207590755,14,4,8,2,0.0,False
OPEN,2026-06-14T00:28:07.755Z,2026-06-14T00:28:07.755492Z,2026-06-14T02:28:07.755492Z,7316.572466,7,0.24645,12.172854534389225,16.340141725719054,13.482,72.56944444444444,12.172854534389225,53.284922410135245,13,10,3,0,0.6923,False
ORCA,2026-06-14T00:28:24.737Z,2026-06-14T00:28:24.737853Z,2026-06-14T02:28:24.737853Z,7299.590105,7,1.1429999999999998,17.497812773403343,10.23417172593236,-6.64,82.98611111111111,17.497812773403343,46.78853834510011,19,18,1,0,1.0,False
PENDLE,2026-06-14T00:28:29.673Z,2026-06-14T00:28:29.673229Z,2026-06-14T02:28:29.673229Z,7294.654729,7,1.3155000000000001,7.601672367921792,7.196969696969695,5.939,77.43055555555556,7.601672367921792,71.35698046177778,0,0,0,0,,
PUMP,2026-06-14T00:28:36.961Z,2026-06-14T00:28:36.961199Z,2026-06-14T02:28:36.961199Z,7287.366759,7,0.0015405,6.49139889646305,4.808317089018834,3.012,78.125,6.49139889646305,66.78043654774537,1,1,0,0,1.0,False
PYTH,2026-06-14T00:28:44.001Z,2026-06-14T00:28:44.002073Z,2026-06-14T02:28:44.002073Z,7280.325885,7,0.03815,26.21231979030037,8.44327176781001,2.71,81.59722222222223,26.21231979030037,65.3400668131967,4,2,1,1,0.5,False
SOMI,2026-06-14T00:28:58.253Z,2026-06-14T00:28:58.253407Z,2026-06-14T02:28:58.253407Z,7266.074551,7,0.11215,8.91662951404271,7.351638618246224,3.388,75.0,8.91662951404271,68.52108853359596,0,0,0,0,,
TIA,2026-06-14T00:29:04.427Z,2026-06-14T00:29:04.428074Z,2026-06-14T02:29:04.428074Z,7259.899884,7,0.3456,5.787037037038006,10.831161309006673,7.403,79.16666666666667,5.787037037038006,66.72751502425035,19,10,8,1,0.2632,False
VIRTUAL,2026-06-14T00:29:09.555Z,2026-06-14T00:29:09.555470Z,2026-06-14T02:29:09.555470Z,7254.772488,7,0.6441,6.21021580499854,8.34498834498834,6.734,72.91666666666667,6.21021580499854,56.92640386203879,1,1,0,0,1.0,False
W,2026-06-14T00:29:15.606Z,2026-06-14T00:29:15.606698Z,2026-06-14T02:29:15.606698Z,7248.72126,7,0.009770000000000001,20.47082906857822,7.142857142857135,3.594,76.38888888888889,20.47082906857822,69.23165364196402,0,0,0,0,,
ARB,2026-06-14T00:35:35.040Z,2026-06-14T00:35:35.041072Z,2026-06-14T02:35:35.041072Z,7468.132938,7,0.08435000000000001,11.855364552460326,4.1079812206572806,2.158,65.625,11.855364552460326,67.37735108954621,6,1,5,0,1.0,False
ARKM,2026-06-14T00:35:40.316Z,2026-06-14T00:35:40.316674Z,2026-06-14T02:35:40.316674Z,7462.857336,7,0.12865,7.773027594249261,9.689922480620142,6.788,60.416666666666664,7.773027594249261,75.25096612833917,46,20,21,5,0.3043,False
AT,2026-06-14T00:35:46.206Z,2026-06-14T00:35:46.206887Z,2026-06-14T02:35:46.206887Z,7456.967123,7,0.13219999999999998,30.25718608169317,34.33283358320839,-13.151,71.52777777777777,30.25718608169317,53.27617645147598,0,0,0,0,,
AVNT,2026-06-14T00:35:51.126Z,2026-06-14T00:35:51.126632Z,2026-06-14T02:35:51.126632Z,7452.047378,7,0.11065,9.03750564844129,5.840071877807732,3.247,61.80555555555556,9.03750564844129,56.08199507193828,10,7,3,0,0.8,False
EDEN,2026-06-14T00:36:11.216Z,2026-06-14T00:36:11.216560Z,2026-06-14T02:36:11.216560Z,7431.95745,7,0.04025,24.84472049689512,6.297229219143564,-4.567,67.70833333333333,24.84472049689512,55.24554651033854,0,0,0,0,,
EIGEN,2026-06-14T00:36:17.198Z,2026-06-14T00:36:17.198722Z,2026-06-14T02:36:17.198722Z,7425.975288,7,0.2032,9.842519685039651,9.717868338557997,9.748,64.23611111111111,9.842519685039651,81.30077530504411,1,0,1,0,1.0,False
FIL,2026-06-14T00:36:32.830Z,2026-06-14T00:36:32.830844Z,2026-06-14T02:36:32.830844Z,7410.343166,7,0.7775000000000001,12.861736334405157,6.751592356687904,5.369,59.72222222222222,12.861736334405157,70.5725176153568,2,2,0,0,0.5,False
HEMI,2026-06-14T00:36:50.661Z,2026-06-14T00:36:50.662052Z,2026-06-14T02:36:50.662052Z,7392.511958,7,0.006195,16.142050040354466,14.16938110749186,4.244,64.58333333333333,16.142050040354466,71.78076060193791,1,0,0,1,-1.0,False
INIT,2026-06-14T00:36:56.908Z,2026-06-14T00:36:56.909049Z,2026-06-14T02:36:56.909049Z,7386.264961,7,0.05905,16.934801016088546,5.76271186440678,-1.667,70.48611111111111,16.934801016088546,52.3063205591726,0,0,0,0,,
MORPHO,2026-06-14T00:37:09.316Z,2026-06-14T00:37:09.316446Z,2026-06-14T02:37:09.316446Z,7373.857564,7,1.944,10.288065843621409,4.75217169136432,0.359,61.458333333333336,10.288065843621409,61.79854587243682,0,0,0,0,,
NIL,2026-06-14T00:37:20.174Z,2026-06-14T00:37:20.174708Z,2026-06-14T02:37:20.174708Z,7362.999302,7,0.038615,23.307005049851043,13.11433005690636,3.093,66.66666666666667,23.307005049851043,48.20554218242358,1,1,0,0,1.0,False
ORDI,2026-06-14T00:37:26.270Z,2026-06-14T00:37:26.270253Z,2026-06-14T02:37:26.270253Z,7356.903757,7,3.3135,9.05387052965177,4.560357675111774,0.389,68.75,9.05387052965177,46.13603955759943,6,3,3,0,0.3333,False
PHA,2026-06-14T00:37:31.410Z,2026-06-14T00:37:31.411112Z,2026-06-14T02:37:31.411112Z,7351.762898,7,0.035250000000000004,28.368794326239975,15.730337078651688,8.869,62.15277777777778,28.368794326239975,66.14673013093162,2,0,0,2,-1.0,False
PNUT,2026-06-14T00:37:41.047Z,2026-06-14T00:37:41.047707Z,2026-06-14T02:37:41.047707Z,7342.126303,7,0.04435,22.54791431792624,7.6576576576576585,4.965,64.93055555555556,22.54791431792624,70.92498824226129,66,15,45,6,0.0909,False
POL,2026-06-14T00:37:46.891Z,2026-06-14T00:37:46.891455Z,2026-06-14T02:37:46.891455Z,7336.282555,7,0.075815,6.595000989251253,3.828947368421047,3.149,65.97222222222223,6.595000989251253,75.50180464559897,7,4,2,1,0.7143,False
RUNE,2026-06-14T00:37:52.050Z,2026-06-14T00:37:52.050536Z,2026-06-14T02:37:52.050536Z,7331.123474,7,0.3785,26.420079260237802,3.3505154639175285,-1.272,62.84722222222222,26.420079260237802,41.42169461870278,2,2,0,0,1.0,False
SAGA,2026-06-14T00:37:57.894Z,2026-06-14T00:37:57.894718Z,2026-06-14T02:37:57.894718Z,7325.279292,7,0.013155,7.601672367920632,11.309523809523812,4.105,71.18055555555556,7.601672367920632,71.77413776822881,0,0,0,0,,
STRK,2026-06-14T00:38:14.920Z,2026-06-14T00:38:14.920391Z,2026-06-14T02:38:14.920391Z,7308.253619,7,0.03475,28.776978417265013,5.747126436781615,3.571,70.83333333333333,28.776978417265013,71.62892816155372,1,1,0,0,1.0,False
SYN,2026-06-14T00:38:20.134Z,2026-06-14T00:38:20.134581Z,2026-06-14T02:38:20.134581Z,7303.039429,7,0.0412,48.54368932038974,30.56994818652849,24.516,61.111111111111114,48.54368932038974,77.20538615514315,2,2,0,0,1.0,False
UNI,2026-06-14T00:38:26.409Z,2026-06-14T00:38:26.409797Z,2026-06-14T02:38:26.409797Z,7296.764213,7,2.5595,3.907013088493416,3.9123630672926484,2.281,67.01388888888889,3.907013088493416,66.0826001691913,12,2,9,1,0.4167,False
ZBT,2026-06-14T00:38:37.787Z,2026-06-14T00:38:37.787447Z,2026-06-14T02:38:37.787447Z,7285.386563,7,0.11505,8.691873098651802,12.987012987012985,-7.526,68.05555555555556,8.691873098651802,56.37073993751174,0,0,0,0,,
ZEN,2026-06-14T00:38:45.031Z,2026-06-14T00:38:45.032169Z,2026-06-14T02:38:45.032169Z,7278.141841,7,4.470000000000001,8.94854586129854,4.280860702151756,3.712,60.763888888888886,8.94854586129854,73.61337000135379,1,1,0,0,1.0,False
2Z,2026-06-14T00:44:20.669Z,2026-06-14T00:44:20.670110Z,2026-06-14T02:44:20.670110Z,7542.892228,7,0.07024,8.542141230068976,8.911449520586565,5.41,57.291666666666664,8.542141230068976,71.90162655040717,0,0,0,0,,
GIGGLE,2026-06-14T00:45:27.670Z,2026-06-14T00:45:27.670405Z,2026-06-14T02:45:27.670405Z,7475.891933,7,27.935000000000002,10.739216037228417,3.2093362509117394,0.587,46.18055555555556,10.739216037228417,71.927640566644,0,0,0,0,,
HYPER,2026-06-14T00:45:43.503Z,2026-06-14T00:45:43.504213Z,2026-06-14T02:45:43.504213Z,7460.058125,7,0.07300000000000001,27.397260273971483,4.234972677595617,1.808,44.791666666666664,27.397260273971483,70.44803485299643,1,0,1,0,1.0,False
IOTA,2026-06-14T00:45:50.490Z,2026-06-14T00:45:50.491015Z,2026-06-14T02:45:50.491015Z,7453.071323,7,0.04635,21.574973031282827,3.0172413793103416,-0.215,48.611111111111114,21.574973031282827,62.63587759123417,0,0,0,0,,
KITE,2026-06-14T00:46:03.930Z,2026-06-14T00:46:03.930908Z,2026-06-14T02:46:03.930908Z,7439.63143,7,0.1958,10.214504596525943,4.927385892116187,0.942,56.94444444444444,10.214504596525943,56.60443731467245,1,1,0,0,1.0,False
LINEA,2026-06-14T00:46:15.088Z,2026-06-14T00:46:15.089191Z,2026-06-14T02:46:15.089191Z,7428.473147,7,0.002534,7.89265982636082,9.77326035965599,6.717,45.486111111111114,7.89265982636082,71.6459220622627,0,0,0,0,,
OSMO,2026-06-14T00:46:24.621Z,2026-06-14T00:46:24.621495Z,2026-06-14T02:46:24.621495Z,7418.940843,7,0.04685,21.34471718249646,8.245243128964061,0.212,54.861111111111114,21.34471718249646,68.06071122093032,2,1,1,0,1.0,False
PARTI,2026-06-14T00:46:29.708Z,2026-06-14T00:46:29.708413Z,2026-06-14T02:46:29.708413Z,7413.853925,7,0.06055,16.515276630884042,8.443708609271523,-1.789,56.59722222222222,16.515276630884042,65.19537562287444,0,0,0,0,,
PROVE,2026-06-14T00:46:40.886Z,2026-06-14T00:46:40.886981Z,2026-06-14T02:46:40.886981Z,7402.675357,7,0.19924999999999998,15.056461731492835,7.21911540416878,5.187,49.65277777777778,15.056461731492835,71.56425939564011,0,0,0,0,,
RAY,2026-06-14T00:46:46.881Z,2026-06-14T00:46:46.881364Z,2026-06-14T02:46:46.881364Z,7396.680974,7,0.6225,16.064257028112465,5.211726384364825,3.892,57.638888888888886,16.064257028112465,69.98891862051232,6,4,2,0,0.6667,False
RESOLV,2026-06-14T00:46:52.009Z,2026-06-14T00:46:52.009584Z,2026-06-14T02:46:52.009584Z,7391.552754,7,0.01695,58.99705014749431,5.847953216374253,1.786,50.69444444444444,58.99705014749431,68.39587752596557,0,0,0,0,,
S,2026-06-14T00:46:59.919Z,2026-06-14T00:46:59.919773Z,2026-06-14T02:46:59.919773Z,7383.642565,7,0.030574999999999998,9.811937857726504,4.38027255029202,0.95,47.916666666666664,9.811937857726504,71.83508435187338,0,0,0,0,,
SYRUP,2026-06-14T00:47:23.927Z,2026-06-14T00:47:23.927436Z,2026-06-14T02:47:23.927436Z,7359.634902,7,0.13045,7.665772326563184,2.1406727828746157,0.615,58.333333333333336,7.665772326563184,54.90557495704935,2,0,2,0,1.0,False
TST,2026-06-14T00:47:30.763Z,2026-06-14T00:47:30.763282Z,2026-06-14T02:47:30.763282Z,7352.799056,7,0.01566,25.542784163472778,15.828677839851027,-7.732,53.125,25.542784163472778,57.033369300975004,0,0,0,0,,
TURBO,2026-06-14T00:47:38.652Z,2026-06-14T00:47:38.652828Z,2026-06-14T02:47:38.652828Z,7344.90951,7,0.0009055000000000001,11.04362230811733,13.101903695408737,3.958,53.81944444444444,11.04362230811733,73.39605800214272,11,11,0,0,1.0,False
TUT,2026-06-14T00:47:44.638Z,2026-06-14T00:47:44.638814Z,2026-06-14T02:47:44.638814Z,7338.923524,7,0.01073,18.63932898415581,6.503298774740808,-0.094,53.47222222222222,18.63932898415581,71.33902809257822,0,0,0,0,,
WAL,2026-06-14T00:47:54.197Z,2026-06-14T00:47:54.198051Z,2026-06-14T02:47:54.198051Z,7329.364287,7,0.03455,28.943560057885943,8.547008547008534,4.776,57.986111111111114,28.943560057885943,66.9146910754315,1,0,1,0,1.0,False
A,2026-06-14T00:53:30.896Z,2026-06-14T00:53:30.896616Z,2026-06-14T02:53:30.896616Z,7596.549365,7,0.07114999999999999,42.1644413211537,7.458563535911604,1.972,32.986111111111114,42.1644413211537,62.43103325421765,0,0,0,0,,
BOME,2026-06-14T00:53:44.281Z,2026-06-14T00:53:44.281202Z,2026-06-14T02:53:44.281202Z,7583.164779,7,0.0004325,23.121387283237556,3.448275862068962,0.928,32.638888888888886,23.121387283237556,66.9397575623881,0,0,0,0,,
CETUS,2026-06-14T00:54:02.918Z,2026-06-14T00:54:02.919034Z,2026-06-14T02:54:02.919034Z,7564.526947,7,0.018985000000000002,5.26731630234374,8.908803373748007,6.096,38.541666666666664,5.26731630234374,58.37586876613502,0,0,0,0,,
CKB,2026-06-14T00:54:13.484Z,2026-06-14T00:54:13.484526Z,2026-06-14T02:54:13.484526Z,7553.961455,7,0.0011415000000000002,8.760402978536273,5.074365704286955,3.439,39.236111111111114,8.760402978536273,43.58335067911122,32,7,23,2,-0.25,False
FLOKI,2026-06-14T00:54:26.158Z,2026-06-14T00:54:26.158185Z,2026-06-14T02:54:26.158185Z,7541.287796,7,2.5339999999999998e-05,7.892659826361409,3.2617342879872666,1.699,35.06944444444444,7.892659826361409,72.95178243227974,2,0,2,0,1.0,False
GPS,2026-06-14T00:54:39.723Z,2026-06-14T00:54:39.723976Z,2026-06-14T02:54:39.723976Z,7527.722005,7,0.007475,13.377926421404137,5.698778833107195,3.511,42.013888888888886,13.377926421404137,71.48744947205182,0,0,0,0,,
MITO,2026-06-14T00:55:11.927Z,2026-06-14T00:55:11.927833Z,2026-06-14T02:55:11.927833Z,7495.518148,7,0.018520000000000002,21.59827213822993,7.368995633187776,-0.272,39.583333333333336,21.59827213822993,72.24723673077533,0,0,0,0,,
MOVE,2026-06-14T00:55:19.407Z,2026-06-14T00:55:19.407952Z,2026-06-14T02:55:19.407952Z,7488.038029,7,0.01205,82.98755186721941,5.785123966942157,0.833,36.80555555555556,82.98755186721941,58.84282961064923,0,0,0,0,,
ROSE,2026-06-14T00:55:42.935Z,2026-06-14T00:55:42.935889Z,2026-06-14T02:55:42.935889Z,7464.510092,7,0.006405,15.612802498047765,4.205607476635505,2.067,31.944444444444443,15.612802498047765,67.1808126744428,61,23,34,4,0.4918,False
RSR,2026-06-14T00:55:48.157Z,2026-06-14T00:55:48.157218Z,2026-06-14T02:55:48.157218Z,7459.288763,7,0.0013974999999999999,7.155635062611206,6.852248394004279,4.709,36.111111111111114,7.155635062611206,74.13585134054415,1,0,1,0,1.0,False
SOLV,2026-06-14T00:56:03.025Z,2026-06-14T00:56:03.025596Z,2026-06-14T02:56:03.025596Z,7444.420385,7,0.0033949999999999996,29.455081001472834,4.970760233918129,3.636,34.375,29.455081001472834,72.4010332609959,0,0,0,0,,
STX,2026-06-14T00:56:08.211Z,2026-06-14T00:56:08.211826Z,2026-06-14T02:56:08.211826Z,7439.234155,7,0.18625,5.369127516777932,5.121293800539073,3.922,41.31944444444444,5.369127516777932,74.7830606659079,61,28,31,2,0.1803,False
THETA,2026-06-14T00:56:20.579Z,2026-06-14T00:56:20.580096Z,2026-06-14T02:56:20.580096Z,7426.865885,7,0.1609,12.430080795525528,5.751391465677181,4.66,37.15277777777778,12.430080795525528,78.1169216723159,1,0,1,0,1.0,False
TREE,2026-06-14T00:56:44.779Z,2026-06-14T00:56:44.780108Z,2026-06-14T02:56:44.780108Z,7402.665873,7,0.04635,21.574973031282827,6.8522483940042855,2.637,40.27777777777778,21.574973031282827,66.94766167544353,0,0,0,0,,
TWT,2026-06-14T00:56:49.825Z,2026-06-14T00:56:49.825729Z,2026-06-14T02:56:49.825729Z,7397.620252,7,0.39395,22.845538773954978,2.2508851795650027,1.359,37.5,22.845538773954978,60.857046816616496,3,3,0,0,1.0,False
VET,2026-06-14T00:57:03.282Z,2026-06-14T00:57:03.282398Z,2026-06-14T02:57:03.282398Z,7384.163583,7,0.0050785,5.907256079551833,3.5386119257087114,2.628,34.02777777777778,5.907256079551833,68.64779154341771,9,1,8,0,1.0,False
XTZ,2026-06-14T00:57:10.644Z,2026-06-14T00:57:10.644552Z,2026-06-14T02:57:10.644552Z,7376.801429,7,0.23675000000000002,4.223864836325944,3.889585947302385,2.794,42.361111111111114,4.223864836325944,74.71685539678468,3,2,1,0,1.0,False
1000CHEEMS,2026-06-14T01:02:54.040Z,2026-06-14T01:02:54.040698Z,2026-06-14T03:02:54.040698Z,7629.069295,7,0.0005895,84.81764206955069,8.92255892255892,-4.348,22.916666666666668,84.81764206955069,36.993402694909584,0,0,0,0,,
1000SATS,2026-06-14T01:02:58.936Z,2026-06-14T01:02:58.936789Z,2026-06-14T03:02:58.936789Z,7624.173204,7,9.565e-06,31.36434918975401,2.8955532574974043,1.363,22.569444444444443,31.36434918975401,62.94489155073904,12,6,3,3,0.8333,False
ACH,2026-06-14T01:03:06.444Z,2026-06-14T01:03:06.444416Z,2026-06-14T03:03:06.444416Z,7616.665577,7,0.005455,18.331805682859017,2.394106813996315,-0.549,21.52777777777778,18.331805682859017,59.670490657542246,0,0,0,0,,
ANIME,2026-06-14T01:03:13.380Z,2026-06-14T01:03:13.380465Z,2026-06-14T03:03:13.380465Z,7609.729528,7,0.0029649999999999998,33.72681281618896,3.3444816053511794,1.356,25.694444444444443,33.72681281618896,50.275200193555605,1,1,0,0,1.0,False
API3,2026-06-14T01:03:19.983Z,2026-06-14T01:03:19.983353Z,2026-06-14T03:03:19.983353Z,7603.12664,7,0.2567,7.791195948577249,3.2558139534883574,2.259,18.055555555555557,7.791195948577249,68.15362250739594,0,0,0,0,,
AUCTION,2026-06-14T01:03:27.279Z,2026-06-14T01:03:27.279794Z,2026-06-14T03:03:27.279794Z,7595.830199,7,3.795,26.350461133069267,2.374670184696566,1.609,18.40277777777778,26.350461133069267,66.72658311799889,1,1,0,0,1.0,False
BARD,2026-06-14T01:03:32.757Z,2026-06-14T01:03:32.757756Z,2026-06-14T03:03:32.757756Z,7590.352237,7,0.15825,6.319115323853965,6.554307116104874,0.313,23.958333333333332,6.319115323853965,52.444365745909174,2,2,0,0,1.0,False
BLUR,2026-06-14T01:03:39.796Z,2026-06-14T01:03:39.797086Z,2026-06-14T03:03:39.797086Z,7583.312907,7,0.018165,5.505092210294298,3.893996755002696,2.608,20.48611111111111,5.505092210294298,58.59789197944404,0,0,0,0,,
CFX,2026-06-14T01:03:46.533Z,2026-06-14T01:03:46.533983Z,2026-06-14T03:03:46.533983Z,7576.57601,7,0.04505,4.439511653719451,2.7188328912466884,1.503,24.65277777777778,4.439511653719451,65.92580504085899,0,0,0,0,,
COOKIE,2026-06-14T01:03:52.827Z,2026-06-14T01:03:52.827829Z,2026-06-14T03:03:52.827829Z,7570.282164,7,0.00945,105.82010582010517,4.255319148936162,1.075,25.34722222222222,105.82010582010517,61.44073756070547,1,1,0,0,1.0,False
CYBER,2026-06-14T01:03:59.447Z,2026-06-14T01:03:59.447411Z,2026-06-14T03:03:59.447411Z,7563.662582,7,0.3455,28.943560057887147,3.170028818443791,2.36,28.125,28.943560057887147,52.16399417433086,0,0,0,0,,
ENS,2026-06-14T01:04:05.078Z,2026-06-14T01:04:05.078882Z,2026-06-14T03:04:05.078882Z,7558.031111,7,4.9350000000000005,20.263424518745037,3.8306451612903123,2.692,30.208333333333332,20.263424518745037,68.6856525378507,1,1,0,0,1.0,False
ERA,2026-06-14T01:04:10.721Z,2026-06-14T01:04:10.721402Z,2026-06-14T03:04:10.721402Z,7552.388591,7,0.10185,9.818360333824533,5.2114060963618485,3.04,24.305555555555557,9.818360333824533,57.652122131983695,0,0,0,0,,
GRT,2026-06-14T01:04:27.987Z,2026-06-14T01:04:27.987416Z,2026-06-14T03:04:27.987416Z,7535.122577,7,0.02,19.999999999999186,3.201600800400191,0.351,19.444444444444443,19.999999999999186,63.08030682819069,18,12,6,0,0.0556,False
HIVE,2026-06-14T01:04:34.949Z,2026-06-14T01:04:34.949264Z,2026-06-14T03:04:34.949264Z,7528.160729,7,0.0499,40.080160320642435,2.182539682539676,-0.395,17.36111111111111,40.080160320642435,38.23010747619744,2,2,0,0,1.0,False
KAIA,2026-06-14T01:04:51.875Z,2026-06-14T01:04:51.875834Z,2026-06-14T03:04:51.875834Z,7511.234159,7,0.03735,26.773761713521516,3.5135135135135207,0.0,23.26388888888889,26.773761713521516,71.53167273209979,0,0,0,0,,
KERNEL,2026-06-14T01:04:57.770Z,2026-06-14T01:04:57.770907Z,2026-06-14T03:04:57.770907Z,7505.339086,7,0.047850000000000004,20.89864158829591,2.713987473903972,0.63,30.555555555555557,20.89864158829591,63.06266348357598,0,0,0,0,,
MIRA,2026-06-14T01:05:08.750Z,2026-06-14T01:05:08.751261Z,2026-06-14T03:05:08.751261Z,7494.358732,7,0.05405,55.504162812209934,5.461393596986817,2.115,21.180555555555557,55.504162812209934,43.38451732293819,0,0,0,0,,
THE,2026-06-14T01:06:15.011Z,2026-06-14T01:06:15.012054Z,2026-06-14T03:06:15.012054Z,7428.097939,7,0.06775,14.760147601476437,3.529411764705881,1.04,26.041666666666668,14.760147601476437,62.436103045814725,6,2,2,2,-0.3333,False
WCT,2026-06-14T01:06:37.328Z,2026-06-14T01:06:37.328869Z,2026-06-14T03:06:37.328869Z,7405.781124,7,0.046895,23.45665849237637,5.25535070989617,1.136,20.13888888888889,23.45665849237637,60.79632645222282,0,0,0,0,,
1000CAT,2026-06-14T01:12:15.860Z,2026-06-14T01:12:15.860931Z,2026-06-14T03:12:15.860931Z,7667.336719,7,0.001505,66.44518272425266,2.6490066225165485,0.667,9.027777777777779,66.44518272425266,46.849032451100456,64,14,45,5,0.1875,False
ACX,2026-06-14T01:12:34.271Z,2026-06-14T01:12:34.272106Z,2026-06-14T03:12:34.272106Z,7648.925544,7,0.042845,58.34986579530872,2.6881720430107485,1.087,11.805555555555555,58.34986579530872,53.9572576830074,65,29,25,11,0.0923,False
AEVO,2026-06-14T01:12:41.231Z,2026-06-14T01:12:41.231282Z,2026-06-14T03:12:41.231282Z,7641.966368,7,0.019985,55.04128096072003,4.616156547917715,2.626,6.944444444444445,55.04128096072003,49.71620028900952,1,1,0,0,1.0,False
BANANA,2026-06-14T01:12:49.358Z,2026-06-14T01:12:49.358242Z,2026-06-14T03:12:49.358242Z,7633.839408,7,2.965,6.745362563238529,3.27150084317032,0.338,16.319444444444443,6.745362563238529,42.56603511684938,2,2,0,0,-1.0,False
BEAMX,2026-06-14T01:12:57.197Z,2026-06-14T01:12:57.197777Z,2026-06-14T03:12:57.197777Z,7625.999873,7,0.0014550000000000001,13.745704467354285,2.741603838245366,0.206,11.458333333333334,13.745704467354285,48.089264596132374,0,0,0,0,,
BMT,2026-06-14T01:13:02.415Z,2026-06-14T01:13:02.415243Z,2026-06-14T03:13:02.415243Z,7620.782407,7,0.013105,7.630675314765046,3.4615384615384674,-0.154,6.597222222222222,7.630675314765046,63.13094332946923,0,0,0,0,,
COMP,2026-06-14T01:13:16.373Z,2026-06-14T01:13:16.373215Z,2026-06-14T03:13:16.373215Z,7606.824435,7,17.705,16.9443659983042,3.5028248587570676,2.371,8.680555555555555,16.9443659983042,67.27920702215144,62,29,31,2,0.6129,False
COW,2026-06-14T01:13:28.933Z,2026-06-14T01:13:28.934015Z,2026-06-14T03:13:28.934015Z,7594.263635,7,0.15045,19.940179461616648,4.57296570275723,3.986,7.291666666666667,19.940179461616648,46.6009616810347,0,0,0,0,,
DYM,2026-06-14T01:13:43.104Z,2026-06-14T01:13:43.104553Z,2026-06-14T03:13:43.104553Z,7580.093097,7,0.01715,58.30903790087429,13.95348837209304,4.242,14.930555555555555,58.30903790087429,61.95430570892477,1,0,1,0,1.0,False
EUL,2026-06-14T01:13:50.531Z,2026-06-14T01:13:50.531765Z,2026-06-14T03:13:50.531765Z,7572.665885,7,0.931,21.48227712137488,3.4707158351410006,0.109,15.625,21.48227712137488,68.2807707674061,14,9,5,0,0.4286,False
FLUX,2026-06-14T01:14:03.601Z,2026-06-14T01:14:03.601975Z,2026-06-14T03:14:03.601975Z,7559.595675,7,0.052250000000000005,19.138755980860463,3.999999999999996,3.143,7.986111111111111,19.138755980860463,69.2408635407528,2,0,2,0,0.0,False
ILV,2026-06-14T01:14:17.102Z,2026-06-14T01:14:17.102432Z,2026-06-14T03:14:17.102432Z,7546.095218,7,3.3600000000000003,59.523809523809575,7.580174927113709,5.538,12.847222222222221,59.523809523809575,71.9230762365095,0,0,0,0,,
LPT,2026-06-14T01:14:30.109Z,2026-06-14T01:14:30.109640Z,2026-06-14T03:14:30.109640Z,7533.08801,7,1.8045,27.70850651149844,3.3076074972436635,0.055,4.513888888888889,27.70850651149844,59.930322381305245,0,0,0,0,,
MASK,2026-06-14T01:14:43.827Z,2026-06-14T01:14:43.827898Z,2026-06-14T03:14:43.827898Z,7519.369752,7,0.3685,27.137042062415222,2.9972752043596755,2.514,3.125,27.137042062415222,66.91010960569741,2,0,1,1,0.0,False
ME,2026-06-14T01:14:51.125Z,2026-06-14T01:14:51.125241Z,2026-06-14T03:14:51.125241Z,7512.072409,7,0.061950000000000005,48.42615012106564,6.151419558359623,1.278,15.972222222222221,48.42615012106564,49.373159842855515,10,4,5,1,0.8,False
MINA,2026-06-14T01:15:03.105Z,2026-06-14T01:15:03.105756Z,2026-06-14T03:15:03.105756Z,7500.091894,7,0.042899999999999994,46.620046620046345,4.418604651162805,2.138,13.194444444444445,46.620046620046345,46.169505655293854,0,0,0,0,,
SNX,2026-06-14T01:15:43.822Z,2026-06-14T01:15:43.822449Z,2026-06-14T03:15:43.822449Z,7459.375201,7,0.2415,41.40786749482405,2.9045643153526997,0.837,10.416666666666666,41.40786749482405,61.063610404035394,0,0,0,0,,
YB,2026-06-14T01:16:24.016Z,2026-06-14T01:16:24.017051Z,2026-06-14T03:16:24.017051Z,7419.180599,7,0.0895,22.346368715084438,6.2291434927697376,1.011,16.666666666666668,22.346368715084438,64.39665890807213,0,0,0,0,,
1INCH,2026-06-14T01:21:59.737Z,2026-06-14T01:21:59.737881Z,2026-06-14T03:21:59.737881Z,7684.430743,7,0.07255,13.783597518952842,2.47933884297522,0.415,1.0416666666666667,13.783597518952842,51.08929628656507,0,0,0,0,,
ADA,2026-06-14T01:22:06.023Z,2026-06-14T01:22:06.023609Z,2026-06-14T03:22:06.023609Z,7678.145015,7,0.17295,5.782017924254928,3.953488372093024,1.835,93.05555555555556,5.782017924254928,66.82954809580444,21,8,9,4,0.2857,False
ALLO,2026-06-14T01:22:11.861Z,2026-06-14T01:22:11.861645Z,2026-06-14T03:22:11.861645Z,7672.306979,7,0.37045,8.098258874341123,17.870722433460067,-9.444,90.97222222222223,8.098258874341123,48.91780296142343,34,5,28,1,-0.0294,False
BERA,2026-06-14T01:22:18.158Z,2026-06-14T01:22:18.158297Z,2026-06-14T03:22:18.158297Z,7666.010327,7,0.2565,38.986354775828495,5.7692307692307745,3.175,93.40277777777777,38.986354775828495,70.69926348520073,14,8,6,0,1.0,False
BFUSD,2026-06-14T01:22:22.952Z,2026-06-14T01:22:22.952692Z,2026-06-14T03:22:22.952692Z,7661.215932,7,0.9997,12.003601080323886,0.13011710539485216,0.0,1.3888888888888888,12.003601080323886,50.231788745899145,0,0,0,0,,
BIGTIME,2026-06-14T01:22:29.701Z,2026-06-14T01:22:29.701258Z,2026-06-14T03:22:29.701258Z,7654.467366,7,0.009075,55.09641873278204,3.7330316742081497,-2.212,0.6944444444444444,55.09641873278204,53.11614711147634,69,30,33,6,0.2174,False
BNB,2026-06-14T01:22:35.919Z,2026-06-14T01:22:35.920002Z,2026-06-14T03:22:35.920002Z,7648.248622,7,609.255,0.1641348860492061,2.141390918794659,0.953,95.13888888888889,0.1641348860492061,58.262226868219415,4,1,2,1,0.25,False
BTC,2026-06-14T01:22:40.935Z,2026-06-14T01:22:40.935702Z,2026-06-14T03:22:40.935702Z,7643.232922,7,64516.225000000006,0.0015499976946942056,2.115531986016781,1.601,100.0,0.0015499976946942056,71.82630601048193,43,15,14,14,0.2791,False
CVC,2026-06-14T01:22:48.807Z,2026-06-14T01:22:48.807294Z,2026-06-14T03:22:48.807294Z,7635.36133,7,0.022955,47.91984317142191,0.6527415143603169,0.306,1.7361111111111112,47.91984317142191,42.49457420306511,63,21,38,4,0.0476,False
DOGE,2026-06-14T01:22:54.814Z,2026-06-14T01:22:54.814458Z,2026-06-14T03:22:54.814458Z,7629.354166,7,0.087935,1.1372036163086372,3.5958124715521125,2.472,93.75,1.1372036163086372,62.241571350675216,43,32,6,5,0.6279,False
ENA,2026-06-14T01:23:00.166Z,2026-06-14T01:23:00.166612Z,2026-06-14T03:23:00.166612Z,7624.002012,7,0.08415,11.88354129530634,12.305854241338118,7.308,97.56944444444444,11.88354129530634,60.36663401959443,3,3,0,0,0.6667,False
EUR,2026-06-14T01:23:08.207Z,2026-06-14T01:23:08.208202Z,2026-06-14T03:23:08.208202Z,7615.960422,7,1.1561499999999998,0.8649396704578904,0.1210967909350461,-0.035,94.79166666666667,0.8649396704578904,61.96472448116321,0,0,0,0,,
GMX,2026-06-14T01:23:23.986Z,2026-06-14T01:23:23.986652Z,2026-06-14T03:23:23.986652Z,7600.181972,7,5.609999999999999,35.65062388591883,2.313167259786475,0.898,2.4305555555555554,35.65062388591883,43.63262149285408,17,10,7,0,1.0,False
NEAR,2026-06-14T01:23:43.690Z,2026-06-14T01:23:43.690541Z,2026-06-14T03:23:43.690541Z,7580.478083,7,2.138,9.354536950419924,9.202453987730063,5.95,96.52777777777777,9.354536950419924,68.7000606396653,10,6,3,1,0.7,False
ONDO,2026-06-14T01:23:48.815Z,2026-06-14T01:23:48.815252Z,2026-06-14T03:23:48.815252Z,7575.353372,7,0.36214999999999997,2.7612867596312163,6.657534246575339,3.664,90.625,2.7612867596312163,70.06855491325591,5,3,2,0,0.4,False
RENDER,2026-06-14T01:24:03.046Z,2026-06-14T01:24:03.046478Z,2026-06-14T03:24:03.046478Z,7561.122146,7,1.7715,5.6449336720299845,9.62837837837838,8.029,91.31944444444444,5.6449336720299845,71.4678236574904,11,5,6,0,1.0,False
RPL,2026-06-14T01:24:09.868Z,2026-06-14T01:24:09.868698Z,2026-06-14T03:24:09.868698Z,7554.299926,7,1.39,143.8848920863311,2.15827338129495,1.46,0.3472222222222222,143.8848920863311,42.573510460480406,0,0,0,0,,
TRX,2026-06-14T01:24:41.263Z,2026-06-14T01:24:41.263906Z,2026-06-14T03:24:41.263906Z,7522.904718,7,0.31545,3.1700744967503245,1.1668243456323042,0.539,90.27777777777777,3.1700744967503245,51.04723127140035,71,5,66,0,0.9437,False
BCH,2026-06-14T01:30:47.105Z,2026-06-14T01:30:47.105348Z,2026-06-14T03:30:47.105348Z,7756.750926,7,208.85000000000002,4.788125448886488,4.166666666666661,3.777,88.88888888888889,4.788125448886488,59.17701732297006,5,2,3,0,0.0,False
HBAR,2026-06-14T01:31:05.547Z,2026-06-14T01:31:05.547681Z,2026-06-14T03:31:05.547681Z,7738.308593,7,0.078325,1.2767315671875037,2.756860242501607,0.772,87.15277777777777,1.2767315671875037,71.70907234188766,7,4,2,1,1.0,False
TON,2026-06-14T01:31:19.476Z,2026-06-14T01:31:19.476915Z,2026-06-14T03:31:19.476915Z,7724.379359,7,1.7055,5.86338317208965,6.231799650553289,2.569,88.54166666666667,5.86338317208965,60.37181729651831,6,4,1,1,0.0,False
AVAX,2026-06-14T01:37:17.272Z,2026-06-14T01:37:17.272191Z,2026-06-14T03:37:17.272191Z,7366.584083,7,6.7105,1.4902019223609777,3.08173291648057,1.696,83.68055555555556,1.4902019223609777,66.92022671737334,8,4,1,3,0.125,False
GALA,2026-06-14T01:37:47.867Z,2026-06-14T01:37:47.867370Z,2026-06-14T03:37:47.867370Z,7335.988904,7,0.0026449999999999998,37.80718336483942,2.2556390977443668,-0.375,74.30555555555556,37.80718336483942,61.074314954933115,14,5,9,0,1.0,False
HOME,2026-06-14T01:37:56.860Z,2026-06-14T01:37:56.860372Z,2026-06-14T03:37:56.860372Z,7326.995902,7,0.029130000000000003,27.463096464126398,26.60332541567697,-3.218,79.51388888888889,27.463096464126398,51.29787964716121,1,1,0,0,0.0,False
JUP,2026-06-14T01:38:11.317Z,2026-06-14T01:38:11.317710Z,2026-06-14T03:38:11.317710Z,7312.538564,7,0.17304999999999998,5.778676683040552,5.12672811059909,2.661,84.72222222222223,5.778676683040552,72.75907202677901,60,26,30,4,0.65,False
KAITO,2026-06-14T01:38:17.377Z,2026-06-14T01:38:17.378120Z,2026-06-14T03:38:17.378120Z,7306.478154,7,0.46940000000000004,8.521516829995983,17.25090291055874,12.285,84.02777777777777,8.521516829995983,67.34257063038505,4,4,0,0,1.0,False
KMNO,2026-06-14T01:38:23.191Z,2026-06-14T01:38:23.191549Z,2026-06-14T03:38:23.191549Z,7300.664725,7,0.017605000000000003,17.040613462083936,9.282460136674278,-3.037,80.55555555555556,17.040613462083936,51.59978296911505,18,17,1,0,1.0,False
MMT,2026-06-14T01:38:33.419Z,2026-06-14T01:38:33.419481Z,2026-06-14T03:38:33.419481Z,7290.436793,7,0.12815,7.803355442841729,16.824644549763036,3.941,83.33333333333333,7.803355442841729,58.760904242760624,15,6,8,1,0.8667,False
NOT,2026-06-14T01:38:38.603Z,2026-06-14T01:38:38.604025Z,2026-06-14T03:38:38.604025Z,7285.252249,7,0.0004815,20.76843198338576,17.684210526315784,0.849,77.43055555555556,20.76843198338576,66.16292186457868,2,1,0,1,0.0,False
SHIB,2026-06-14T01:39:23.242Z,2026-06-14T01:39:23.242863Z,2026-06-14T03:39:23.242863Z,7240.613411,7,5.015e-06,19.940179461614964,4.790419161676651,2.875,85.76388888888889,19.940179461614964,68.26434385334528,7,3,3,1,0.4286,False
WLFI,2026-06-14T01:39:44.943Z,2026-06-14T01:39:44.944170Z,2026-06-14T03:39:44.944170Z,7218.912104,7,0.05875,17.021276595743988,2.891156462585023,-0.339,75.34722222222223,17.021276595743988,63.8571136589543,1,1,0,0,1.0,False
ZK,2026-06-14T01:39:56.089Z,2026-06-14T01:39:56.089587Z,2026-06-14T03:39:56.089587Z,7207.766687,7,0.011675,8.565310492505004,6.314878892733561,-2.365,76.73611111111111,8.565310492505004,56.474716876931254,2,2,0,0,1.0,False
0G,2026-06-14T01:45:46.418Z,2026-06-14T01:45:46.418765Z,2026-06-14T03:45:46.418765Z,7457.270098,7,0.2985,33.500837520938056,7.094594594594601,1.718,70.13888888888889,33.500837520938056,63.30034751400199,0,0,0,0,,
ALT,2026-06-14T01:45:58.769Z,2026-06-14T01:45:58.769602Z,2026-06-14T03:45:58.769602Z,7444.919261,7,0.006455,15.491866769945148,8.562691131498468,2.188,59.375,15.491866769945148,74.90584193052958,1,1,0,0,1.0,False
APE,2026-06-14T01:46:06.213Z,2026-06-14T01:46:06.213421Z,2026-06-14T03:46:06.213421Z,7437.475442,7,0.12795,7.815552950370377,3.271028037383185,-0.696,62.84722222222222,7.815552950370377,68.20143723790888,27,14,1,12,0.1111,False
AR,2026-06-14T01:46:13.153Z,2026-06-14T01:46:13.153905Z,2026-06-14T03:46:13.153905Z,7430.534958,7,2.0164999999999997,4.959087527894322,8.609599208312714,4.283,69.44444444444444,4.959087527894322,64.67585643204963,1,0,1,0,1.0,False
BABY,2026-06-14T01:46:35.548Z,2026-06-14T01:46:35.548761Z,2026-06-14T03:46:35.548761Z,7408.140102,7,0.015009999999999999,13.324450366423,10.019907100199077,8.887,63.19444444444444,13.324450366423,80.97281764306842,0,0,0,0,,
BONK,2026-06-14T01:46:43.073Z,2026-06-14T01:46:43.073959Z,2026-06-14T03:46:43.073959Z,7400.614904,7,4.485e-06,22.29654403567426,4.444444444444459,1.58,70.48611111111111,22.29654403567426,72.05960269059868,27,21,6,0,0.963,False
DASH,2026-06-14T01:46:48.796Z,2026-06-14T01:46:48.796712Z,2026-06-14T03:46:48.796712Z,7394.892151,7,36.3,5.509641873279098,4.7206703910614465,3.14,64.58333333333333,5.509641873279098,75.3749420988755,12,6,6,0,1.0,False
ENJ,2026-06-14T01:47:03.219Z,2026-06-14T01:47:03.220210Z,2026-06-14T03:47:03.220210Z,7380.468653,7,0.03114,25.69043031470784,11.40210795273077,-2.552,68.05555555555556,25.69043031470784,43.822614227929705,25,9,15,1,0.2,False
ENSO,2026-06-14T01:47:09.261Z,2026-06-14T01:47:09.261493Z,2026-06-14T03:47:09.261493Z,7374.42737,7,0.6545000000000001,15.278838808250585,7.208588957055221,-0.458,61.111111111111114,15.278838808250585,58.61705801876355,14,4,10,0,1.0,False
PLUME,2026-06-14T01:48:13.125Z,2026-06-14T01:48:13.125577Z,2026-06-14T03:48:13.125577Z,7310.563286,7,0.010495,9.528346831825942,7.109004739336498,1.054,61.80555555555556,9.528346831825942,67.24720564442912,0,0,0,0,,
SPK,2026-06-14T01:48:44.237Z,2026-06-14T01:48:44.237667Z,2026-06-14T03:48:44.237667Z,7279.451196,7,0.019266,12.457178449081137,6.2263269859388775,-4.286,58.68055555555556,12.457178449081137,43.989380904768474,68,26,38,4,0.3382,False
WIF,2026-06-14T01:49:00.840Z,2026-06-14T01:49:00.840495Z,2026-06-14T03:49:00.840495Z,7262.848368,7,0.15985,6.255864873318048,3.9375,0.692,67.36111111111111,6.255864873318048,56.206555688605675,16,9,7,0,0.625,False
AIXBT,2026-06-14T01:54:49.291Z,2026-06-14T01:54:49.291834Z,2026-06-14T03:54:49.291834Z,7514.377693,7,0.02386,25.14668901927956,6.596638655462178,-2.817,46.18055555555556,25.14668901927956,58.69030216240659,13,6,6,1,0.8462,False
BANK,2026-06-14T01:54:56.768Z,2026-06-14T01:54:56.768197Z,2026-06-14T03:54:56.768197Z,7506.90133,7,0.0395,50.63291139240651,6.1381074168797936,-2.978,45.486111111111114,50.63291139240651,53.108664250113556,1,0,1,0,1.0,False
BB,2026-06-14T01:55:04.998Z,2026-06-14T01:55:04.998501Z,2026-06-14T03:55:04.998501Z,7498.671026,7,0.021949999999999997,45.558086560364195,8.675799086757987,2.336,51.736111111111114,45.558086560364195,65.65753967660594,0,0,0,0,,
C,2026-06-14T01:55:10.737Z,2026-06-14T01:55:10.737428Z,2026-06-14T03:55:10.737428Z,7492.932099,7,0.09475,10.55408970976137,5.702217529039058,-1.148,50.0,10.55408970976137,53.44578332061684,0,0,0,0,,
CAKE,2026-06-14T01:55:17.022Z,2026-06-14T01:55:17.023136Z,2026-06-14T03:55:17.023136Z,7486.646391,7,1.3515000000000001,7.399186089530979,3.108808290155443,2.194,47.22222222222222,7.399186089530979,77.36539694367488,13,7,6,0,1.0,False
DOGS,2026-06-14T01:55:33.005Z,2026-06-14T01:55:33.005289Z,2026-06-14T03:55:33.005289Z,7470.664238,7,4.325e-05,23.121387283237556,8.158508158508152,0.0,50.69444444444444,23.121387283237556,63.63119191069888,0,0,0,0,,
EGLD,2026-06-14T01:55:38.479Z,2026-06-14T01:55:38.479751Z,2026-06-14T03:55:38.479751Z,7465.189776,7,2.9050000000000002,34.42340791738461,3.780068728522332,0.692,51.388888888888886,34.42340791738461,66.26057720678051,15,3,12,0,1.0,False
ETHFI,2026-06-14T01:55:45.500Z,2026-06-14T01:55:45.500178Z,2026-06-14T03:55:45.500178Z,7458.169349,7,0.3185,31.39717425431714,2.5316455696202556,0.317,54.861111111111114,31.39717425431714,63.08723836318335,1,0,1,0,1.0,False
EURI,2026-06-14T01:55:50.570Z,2026-06-14T01:55:50.571127Z,2026-06-14T03:55:50.571127Z,7453.0984,7,1.1558,1.730403183941668,0.9949818307665552,-0.061,45.138888888888886,1.730403183941668,68.95495712910387,0,0,0,0,,
FF,2026-06-14T01:55:58.006Z,2026-06-14T01:55:58.006861Z,2026-06-14T03:55:58.006861Z,7445.662666,7,0.078405,14.029717492506727,9.112028910686645,-2.406,47.916666666666664,14.029717492506727,64.12800889784796,0,0,0,0,,
GUN,2026-06-14T01:56:10.852Z,2026-06-14T01:56:10.852639Z,2026-06-14T03:56:10.852639Z,7432.816888,7,0.005915,16.90617075232391,7.046979865771802,-0.168,48.958333333333336,16.90617075232391,63.05619563529512,0,0,0,0,,
HEI,2026-06-14T01:56:18.317Z,2026-06-14T01:56:18.317346Z,2026-06-14T03:56:18.317346Z,7425.352181,7,0.08395,59.55926146515789,21.454112038140646,-13.416,57.638888888888886,59.55926146515789,40.91446285703043,2,1,0,1,0.0,False
HUMA,2026-06-14T01:56:25.330Z,2026-06-14T01:56:25.330257Z,2026-06-14T03:56:25.330257Z,7418.33927,7,0.02263,17.67565178965902,4.47496677004874,-1.827,48.263888888888886,17.67565178965902,59.87975693767412,18,11,7,0,1.0,False
LDO,2026-06-14T01:56:50.142Z,2026-06-14T01:56:50.143133Z,2026-06-14T03:56:50.143133Z,7393.526394,7,0.2646,7.558578987149583,3.8665655799848326,0.687,54.166666666666664,7.558578987149583,65.12564300294065,0,0,0,0,,
PAXG,2026-06-14T01:57:08.920Z,2026-06-14T01:57:08.920614Z,2026-06-14T03:57:08.920614Z,7374.748913,7,4223.805,0.3551300308620916,0.6356298201730748,0.406,55.55555555555556,0.3551300308620916,49.54380343809778,15,8,7,0,1.0,False
SAHARA,2026-06-14T01:57:37.277Z,2026-06-14T01:57:37.277973Z,2026-06-14T03:57:37.277973Z,7346.391554,7,0.01578,12.674271229403795,4.572175048987584,-2.047,57.291666666666664,12.674271229403795,48.89669246217715,1,0,0,1,-1.0,False
SSV,2026-06-14T01:57:43.516Z,2026-06-14T01:57:43.517342Z,2026-06-14T03:57:43.517342Z,7340.152185,7,2.3265000000000002,12.894906511926367,8.440999138673565,3.939,56.25,12.894906511926367,69.69620609954075,0,0,0,0,,
STO,2026-06-14T01:57:49.201Z,2026-06-14T01:57:49.201566Z,2026-06-14T03:57:49.201566Z,7334.467961,7,0.050949999999999995,19.627085377820595,7.509881422924897,-3.435,52.083333333333336,19.627085377820595,58.760133379336665,1,0,0,1,-1.0,False
USDE,2026-06-14T01:58:17.427Z,2026-06-14T01:58:17.428214Z,2026-06-14T03:58:17.428214Z,7306.241313,7,0.99995,1.000050002500015,0.04000800160031566,0.0,45.833333333333336,1.000050002500015,74.12533287253312,0,0,0,0,,
ZKC,2026-06-14T01:58:36.025Z,2026-06-14T01:58:36.025729Z,2026-06-14T03:58:36.025729Z,7287.643798,7,0.05155,19.3986420950539,11.439842209072976,2.424,50.34722222222222,19.3986420950539,66.54377099087436,3,3,0,0,1.0,False
AXS,2026-06-14T02:04:18.663Z,2026-06-14T02:04:18.663943Z,2026-06-14T04:04:18.663943Z,7544.894295,7,0.9704999999999999,10.303967027305521,2.8776978417266212,1.778,38.541666666666664,10.303967027305521,71.75398935923809,11,4,7,0,1.0,False
BROCCOLI714,2026-06-14T02:04:40.583Z,2026-06-14T02:04:40.583479Z,2026-06-14T04:04:40.583479Z,7522.974759,7,0.01323,15.117157974300216,4.885496183206106,-1.799,36.80555555555556,15.117157974300216,60.56893196087438,0,0,0,0,,
CGPT,2026-06-14T02:04:53.747Z,2026-06-14T02:04:53.747451Z,2026-06-14T04:04:53.747451Z,7509.810787,7,0.02095,19.0930787589491,4.904761904761902,0.816,39.93055555555556,19.0930787589491,68.68973227592912,0,0,0,0,,
DOLO,2026-06-14T02:05:04.999Z,2026-06-14T02:05:04.999770Z,2026-06-14T04:05:04.999770Z,7498.558468,7,0.024965,12.016823552973674,10.376602564102559,-2.842,40.625,12.016823552973674,61.09600564531715,0,0,0,0,,
HAEDAL,2026-06-14T02:05:29.883Z,2026-06-14T02:05:29.883606Z,2026-06-14T04:05:29.883606Z,7473.674632,7,0.01894,10.559662090814497,13.393329804129174,-6.992,35.416666666666664,10.559662090814497,44.62954445561126,0,0,0,0,,
LAYER,2026-06-14T02:05:43.397Z,2026-06-14T02:05:43.397769Z,2026-06-14T04:05:43.397769Z,7460.160469,7,0.06684999999999999,14.958863126402825,5.397301349325326,0.15,39.583333333333336,14.958863126402825,61.47444472202478,0,0,0,0,,
MANTA,2026-06-14T02:05:54.590Z,2026-06-14T02:05:54.590313Z,2026-06-14T04:05:54.590313Z,7448.967925,7,0.082865,18.10173173233541,7.052593573233848,1.726,42.361111111111114,18.10173173233541,46.27920958031605,10,7,3,0,1.0,False
MEME,2026-06-14T02:06:00.021Z,2026-06-14T02:06:00.021436Z,2026-06-14T04:06:00.021436Z,7443.536802,7,0.0005755000000000001,17.37619461338009,4.821428571428573,-2.609,40.27777777777778,17.37619461338009,56.39477578630163,31,20,7,4,0.7742,False
NEIRO,2026-06-14T02:06:19.719Z,2026-06-14T02:06:19.719658Z,2026-06-14T04:06:19.719658Z,7423.83858,7,6.924000000000001e-05,11.554015020219415,9.31471350417506,1.062,43.75,11.554015020219415,71.14296297867595,17,7,10,0,1.0,False
NXPC,2026-06-14T02:06:26.399Z,2026-06-14T02:06:26.399887Z,2026-06-14T04:06:26.399887Z,7417.158351,7,0.34995,20.00285755107811,7.4546485260770945,-0.592,43.40277777777778,20.00285755107811,60.91821966204168,0,0,0,0,,
QNT,2026-06-14T02:06:33.240Z,2026-06-14T02:06:33.240627Z,2026-06-14T04:06:33.240627Z,7410.317611,7,69.00999999999999,11.592522822779063,7.706848916678781,3.569,43.05555555555556,11.592522822779063,66.7681781433471,6,3,3,0,0.6667,False
RED,2026-06-14T02:06:39.014Z,2026-06-14T02:06:39.014841Z,2026-06-14T04:06:39.014841Z,7404.543397,7,0.0935,21.390374331551413,6.830309498399149,-2.396,34.375,21.390374331551413,43.42932085219564,1,1,0,0,1.0,False
SAPIEN,2026-06-14T02:06:56.386Z,2026-06-14T02:06:56.386866Z,2026-06-14T04:06:56.386866Z,7387.171372,7,0.08274999999999999,12.084592145015453,5.428226779252116,0.974,37.5,12.084592145015453,54.8636899341313,0,0,0,0,,
SKY,2026-06-14T02:07:04.286Z,2026-06-14T02:07:04.287253Z,2026-06-14T04:07:04.287253Z,7379.270985,7,0.056435,8.859750155045882,1.8307856381087864,-0.372,32.986111111111114,8.859750155045882,68.89880119730023,52,10,41,1,0.0769,False
SXT,2026-06-14T02:07:24.494Z,2026-06-14T02:07:24.494874Z,2026-06-14T04:07:24.494874Z,7359.063364,7,0.00852,23.474178403754912,5.535924617196701,-0.818,33.333333333333336,23.474178403754912,49.93623126117085,0,0,0,0,,
TLM,2026-06-14T02:07:37.672Z,2026-06-14T02:07:37.672551Z,2026-06-14T04:07:37.672551Z,7345.885687,7,0.0010245,29.28257686676393,16.960784313725487,-0.293,40.97222222222222,29.28257686676393,52.56048793284794,0,0,0,0,,
TRB,2026-06-14T02:07:43.157Z,2026-06-14T02:07:43.158706Z,2026-06-14T04:07:43.158706Z,7340.399532,7,13.524999999999999,7.393715341959179,3.1804733727810763,2.269,35.06944444444444,7.393715341959179,72.0129543922438,22,11,11,0,1.0,False
VANRY,2026-06-14T02:07:58.608Z,2026-06-14T02:07:58.609013Z,2026-06-14T04:07:58.609013Z,7324.949225,7,0.0035125,8.540925266905047,5.476326297775252,0.458,31.25,8.540925266905047,61.877666286612055,0,0,0,0,,
YGG,2026-06-14T02:08:15.236Z,2026-06-14T02:08:15.236410Z,2026-06-14T04:08:15.236410Z,7308.321828,7,0.02533,31.583103039873752,4.880952380952374,-0.709,32.638888888888886,31.583103039873752,62.31982168253018,1,0,0,1,-1.0,False
ETC,2026-06-14T02:14:54.888Z,2026-06-14T02:14:54.888728Z,2026-06-14T04:14:54.888728Z,7508.440395,7,7.155,13.976240391334434,1.8181818181818168,-0.556,26.73611111111111,13.976240391334434,59.83221127909808,2,1,1,0,0.0,False
F,2026-06-14T02:15:03.370Z,2026-06-14T02:15:03.371192Z,2026-06-14T04:15:03.371192Z,7499.957931,7,0.003995,25.031289111390386,5.037783375314865,1.795,18.055555555555557,25.031289111390386,70.15707261845472,0,0,0,0,,
FORM,2026-06-14T02:15:08.681Z,2026-06-14T02:15:08.681781Z,2026-06-14T04:15:08.681781Z,7494.647342,7,0.2301,34.767492394612034,7.618632999564657,-0.304,20.13888888888889,34.767492394612034,64.82204348624116,0,0,0,0,,
HOLO,2026-06-14T02:15:23.527Z,2026-06-14T02:15:23.527768Z,2026-06-14T04:15:23.527768Z,7479.801355,7,0.06555,15.255530129672442,7.21966205837174,5.511,20.833333333333332,15.255530129672442,73.96033703641936,0,0,0,0,,
IMX,2026-06-14T02:15:30.577Z,2026-06-14T02:15:30.577950Z,2026-06-14T04:15:30.577950Z,7472.751173,7,0.14475,6.908462867013247,4.876373626373623,2.319,21.875,6.908462867013247,53.95783371736768,45,19,26,0,0.5333,False
LISTA,2026-06-14T02:15:48.308Z,2026-06-14T02:15:48.309187Z,2026-06-14T04:15:48.309187Z,7455.019936,7,0.05205,19.21229586935694,3.468208092485555,-0.192,18.40277777777778,19.21229586935694,61.826732491966126,0,0,0,0,,
MUBARAK,2026-06-14T02:16:12.889Z,2026-06-14T02:16:12.889757Z,2026-06-14T04:16:12.889757Z,7430.439366,7,0.010790000000000001,18.535681186284446,3.1686859273066172,-1.015,19.791666666666668,18.535681186284446,60.680163134107026,0,0,0,0,,
NEO,2026-06-14T02:16:20.081Z,2026-06-14T02:16:20.081809Z,2026-06-14T04:16:20.081809Z,7423.247314,7,2.1995,4.546487838146551,2.8468142792589317,0.958,25.34722222222222,4.546487838146551,72.05030475624304,20,7,13,0,1.0,False
NOM,2026-06-14T02:16:26.118Z,2026-06-14T02:16:26.118961Z,2026-06-14T04:16:26.118961Z,7417.210162,7,0.001635,61.16207951070353,4.242424242424254,-2.367,28.819444444444443,61.16207951070353,57.69181630974149,0,0,0,0,,
ONT,2026-06-14T02:16:31.202Z,2026-06-14T02:16:31.202660Z,2026-06-14T04:16:31.202660Z,7412.126463,7,0.048255000000000006,10.361620557455481,3.546981953951469,0.354,17.708333333333332,10.361620557455481,60.8609084377611,15,4,11,0,0.8,False
PEOPLE,2026-06-14T02:16:39.183Z,2026-06-14T02:16:39.183682Z,2026-06-14T04:16:39.183682Z,7404.145441,7,0.005495,18.19836214740599,4.0072859744991,1.292,23.61111111111111,18.19836214740599,70.38018608783965,0,0,0,0,,
PIXEL,2026-06-14T02:16:46.909Z,2026-06-14T02:16:46.909535Z,2026-06-14T04:16:46.909535Z,7396.419588,7,0.005520000000000001,36.23188405797111,3.0797101449275366,0.546,29.51388888888889,36.23188405797111,65.83759600420038,39,13,20,6,-0.1795,False
RARE,2026-06-14T02:16:53.989Z,2026-06-14T02:16:53.989592Z,2026-06-14T04:16:53.989592Z,7389.339531,7,0.01315,76.0456273764254,5.30303030303031,3.125,27.430555555555557,76.0456273764254,64.70293798249757,0,0,0,0,,
SAND,2026-06-14T02:17:00.890Z,2026-06-14T02:17:00.890934Z,2026-06-14T04:17:00.890934Z,7382.438189,7,0.05222,7.659900421294211,2.0591039084842664,1.04,26.041666666666668,7.659900421294211,71.86208156143292,49,19,26,4,0.3469,False
SHELL,2026-06-14T02:17:07.465Z,2026-06-14T02:17:07.465472Z,2026-06-14T04:17:07.465472Z,7375.863651,7,0.02565,38.986354775828225,3.891050583657591,-0.772,28.47222222222222,38.986354775828225,55.095495902280035,0,0,0,0,,
SOPH,2026-06-14T02:17:14.755Z,2026-06-14T02:17:14.756079Z,2026-06-14T04:17:14.756079Z,7368.573044,7,0.005775000000000001,17.316017316018108,15.424610051993056,-7.974,24.305555555555557,17.316017316018108,55.63779850764364,1,1,0,0,-1.0,False
TNSR,2026-06-14T02:17:28.591Z,2026-06-14T02:17:28.591698Z,2026-06-14T04:17:28.591698Z,7354.737425,7,0.029449999999999997,33.95585738539878,2.7118644067796565,0.34,27.083333333333332,33.95585738539878,53.8401464141862,0,0,0,0,,
TOWNS,2026-06-14T02:17:35.261Z,2026-06-14T02:17:35.262115Z,2026-06-14T04:17:35.262115Z,7348.067008,7,0.0021850000000000003,45.76659038901613,3.6363636363636256,-1.345,30.555555555555557,45.76659038901613,60.55413742583964,0,0,0,0,,
TURTLE,2026-06-14T02:17:42.948Z,2026-06-14T02:17:42.949079Z,2026-06-14T04:17:42.949079Z,7340.380044,7,0.0364,54.94505494505461,2.732240437158453,-0.543,27.77777777777778,54.94505494505461,59.10160727345974,2,1,1,0,1.0,False
USUAL,2026-06-14T02:17:50.082Z,2026-06-14T02:17:50.082287Z,2026-06-14T04:17:50.082287Z,7333.246836,7,0.010255,9.75134080936089,5.463414634146338,-1.062,19.09722222222222,9.75134080936089,62.86204528759797,17,8,9,0,1.0,False
1MBABYDOGE,2026-06-14T02:23:36.386Z,2026-06-14T02:23:36.386717Z,2026-06-14T04:23:36.386717Z,7586.832476,7,0.00033604999999999996,20.83023359619155,3.3234421364985165,1.171,5.902777777777778,20.83023359619155,53.44898876575677,0,0,0,0,,
ACT,2026-06-14T02:23:43.394Z,2026-06-14T02:23:43.394755Z,2026-06-14T04:23:43.394755Z,7579.824438,7,0.010329999999999999,38.72216844143283,7.403846153846152,2.767,14.23611111111111,38.72216844143283,66.61146988877684,1,1,0,0,1.0,False
CATI,2026-06-14T02:24:23.250Z,2026-06-14T02:24:23.250437Z,2026-06-14T04:24:23.250437Z,7539.968756,7,0.060200000000000004,33.222591362126046,4.651162790697681,3.972,9.375,33.222591362126046,54.66135859562333,1,1,0,0,1.0,False
COTI,2026-06-14T02:24:35.561Z,2026-06-14T02:24:35.561587Z,2026-06-14T04:24:35.561587Z,7527.657606,7,0.01003,19.940179461616072,2.5870646766169134,0.601,4.861111111111111,19.940179461616072,52.57655840426245,1,0,1,0,1.0,False
CVX,2026-06-14T02:24:48.639Z,2026-06-14T02:24:48.639959Z,2026-06-14T04:24:48.639959Z,7514.579234,7,1.326,30.165912518853723,2.916978309648478,-1.979,9.722222222222221,30.165912518853723,43.71141337903173,17,6,11,0,0.8824,False
GMT,2026-06-14T02:25:11.680Z,2026-06-14T02:25:11.681023Z,2026-06-14T04:25:11.681023Z,7491.53817,7,0.00822,24.33090024330801,4.1062801932367154,-2.588,10.416666666666666,24.33090024330801,55.91169577487094,0,0,0,0,,
LA,2026-06-14T02:25:30.591Z,2026-06-14T02:25:30.591927Z,2026-06-14T04:25:30.591927Z,7472.627266,7,0.07565,66.0938532716458,5.952380952380958,3.279,4.513888888888889,66.0938532716458,70.66622638385394,0,0,0,0,,
MAGIC,2026-06-14T02:25:44.135Z,2026-06-14T02:25:44.136200Z,2026-06-14T04:25:44.136200Z,7459.082993,7,0.04725,63.49206349206237,4.710920770877946,1.965,5.555555555555555,63.49206349206237,49.175281247738,62,15,46,1,0.7903,False
MET,2026-06-14T02:25:57.042Z,2026-06-14T02:25:57.042994Z,2026-06-14T04:25:57.042994Z,7446.176199,7,0.10455,28.694404591104227,3.0447193149381624,-0.095,12.5,28.694404591104227,42.84804839740825,21,8,13,0,0.9048,False
NEWT,2026-06-14T02:26:08.698Z,2026-06-14T02:26:08.698878Z,2026-06-14T04:26:08.698878Z,7434.520315,7,0.05315,56.44402634054593,4.850746268656713,2.29,12.847222222222221,56.44402634054593,64.72299910176466,1,0,1,0,0.0,False
NMR,2026-06-14T02:26:16.505Z,2026-06-14T02:26:16.506180Z,2026-06-14T04:26:16.506180Z,7426.713013,7,8.475000000000001,11.79941002949827,1.7793594306049865,0.357,13.541666666666666,11.79941002949827,47.37585704329781,0,0,0,0,,
REZ,2026-06-14T02:26:23.487Z,2026-06-14T02:26:23.488040Z,2026-06-14T04:26:23.488040Z,7419.731153,7,0.003177,6.295247088447692,4.2780748663101695,-0.438,13.194444444444445,6.295247088447692,62.549191635253266,16,4,11,1,0.6875,False
RVN,2026-06-14T02:26:30.564Z,2026-06-14T02:26:30.564520Z,2026-06-14T04:26:30.564520Z,7412.654673,7,0.004375,22.857142857143906,2.040816326530608,0.456,4.166666666666667,22.857142857143906,50.64950663947508,0,0,0,0,,
SIGN,2026-06-14T02:26:37.101Z,2026-06-14T02:26:37.101240Z,2026-06-14T04:26:37.101240Z,7406.117953,7,0.008585,11.648223645893527,2.777777777777785,0.232,10.069444444444445,11.648223645893527,72.68491105927635,0,0,0,0,,
SKL,2026-06-14T02:26:44.595Z,2026-06-14T02:26:44.595680Z,2026-06-14T04:26:44.595680Z,7398.623513,7,0.004295,69.84866123399217,4.1379310344827696,2.353,7.638888888888889,69.84866123399217,68.18709866460848,0,0,0,0,,
STEEM,2026-06-14T02:26:58.410Z,2026-06-14T02:26:58.411000Z,2026-06-14T04:26:58.411000Z,7384.808193,7,0.04463,17.925162446785496,0.9878760664571237,0.496,9.027777777777779,17.925162446785496,47.48484510862937,0,0,0,0,,
UMA,2026-06-14T02:27:05.346Z,2026-06-14T02:27:05.346801Z,2026-06-14T04:27:05.346801Z,7377.872392,7,0.4015,24.906600249066024,1.9900497512437827,0.5,5.208333333333333,24.906600249066024,49.87857360147864,0,0,0,0,,
VANA,2026-06-14T02:27:14.090Z,2026-06-14T02:27:14.091080Z,2026-06-14T04:27:14.091080Z,7369.128113,7,1.1215000000000002,8.916629514044688,4.355555555555549,1.078,14.583333333333334,8.916629514044688,61.481522724599365,0,0,0,0,,
VELODROME,2026-06-14T02:27:20.995Z,2026-06-14T02:27:20.995349Z,2026-06-14T04:27:20.995349Z,7362.223844,7,0.013925,21.54398563734203,3.3643521832498204,0.072,3.4722222222222223,21.54398563734203,43.40788097585115,0,0,0,0,,
XAI,2026-06-14T02:27:29.008Z,2026-06-14T02:27:29.008705Z,2026-06-14T04:27:29.008705Z,7354.210488,7,0.00813,24.600246002459023,6.211180124223597,1.131,3.8194444444444446,24.600246002459023,62.352263480513365,0,0,0,0,,
XVG,2026-06-14T02:27:36.305Z,2026-06-14T02:27:36.306088Z,2026-06-14T04:27:36.306088Z,7346.913105,7,0.0025125,35.820895522389364,4.850894632206765,1.248,10.76388888888889,35.820895522389364,59.56564177785254,68,28,32,8,0.1176,False
ETH,2026-06-14T02:34:08.131Z,2026-06-14T02:34:08.131570Z,2026-06-14T04:34:08.131570Z,7555.446746,7,1678.355,0.059582150379335154,2.0944085817353306,1.07,99.65277777777777,0.059582150379335154,62.509655474379066,27,13,13,1,0.2222,False
FDUSD,2026-06-14T02:34:14.965Z,2026-06-14T02:34:14.965378Z,2026-06-14T04:34:14.965378Z,7548.612938,7,0.99815,1.00185342884325,0.05009518084359733,0.0,91.66666666666667,1.00185342884325,66.88532129219699,0,0,0,0,,
FET,2026-06-14T02:34:20.011Z,2026-06-14T02:34:20.012198Z,2026-06-14T04:34:20.012198Z,7543.566118,7,0.21095,4.740459824602464,13.405968735196586,12.287,94.44444444444444,4.740459824602464,82.44316332880499,4,1,3,0,0.75,False
ICP,2026-06-14T02:34:32.904Z,2026-06-14T02:34:32.905555Z,2026-06-14T04:34:32.905555Z,7530.672761,7,2.4154999999999998,4.139929621195984,12.070376432078575,3.691,95.48611111111111,4.139929621195984,71.60100041427165,10,5,3,2,0.2,False
INJ,2026-06-14T02:34:38.466Z,2026-06-14T02:34:38.467112Z,2026-06-14T04:34:38.467112Z,7525.111204,7,5.1635,1.9366708627857958,7.943747624477389,2.593,89.93055555555556,1.9366708627857958,58.102204949318356,34,14,18,2,0.8824,False
PENGU,2026-06-14T02:34:56.924Z,2026-06-14T02:34:56.924279Z,2026-06-14T04:34:56.924279Z,7506.654037,7,0.0067835,4.422495761775482,4.526748971193417,0.562,89.23611111111111,4.422495761775482,57.04187928444104,2,2,0,0,1.0,False
PEPE,2026-06-14T02:35:04.415Z,2026-06-14T02:35:04.416252Z,2026-06-14T04:35:04.416252Z,7499.162064,7,2.845e-06,35.149384885764164,3.5087719298245577,0.707,97.91666666666667,35.149384885764164,66.62028363619147,4,4,0,0,1.0,False
SEI,2026-06-14T02:35:20.961Z,2026-06-14T02:35:20.961546Z,2026-06-14T04:35:20.961546Z,7482.61677,7,0.053655,1.8637592023103389,6.161578555472824,1.762,89.58333333333333,1.8637592023103389,60.51131744319031,10,3,7,0,1.0,False
SOL,2026-06-14T02:35:26.592Z,2026-06-14T02:35:26.592649Z,2026-06-14T04:35:26.592649Z,7476.985667,7,68.82499999999999,1.4529604068296575,4.3080939947780665,2.666,98.61111111111111,1.4529604068296575,62.78902275982593,31,18,9,4,0.5484,False
SUI,2026-06-14T02:35:31.625Z,2026-06-14T02:35:31.625261Z,2026-06-14T04:35:31.625261Z,7471.953055,7,0.76385,1.309157557111854,3.805056033359396,1.696,95.83333333333333,1.309157557111854,61.06340875485043,4,1,1,2,-0.5,False
SUSHI,2026-06-14T02:35:39.311Z,2026-06-14T02:35:39.311645Z,2026-06-14T04:35:39.311645Z,7464.266671,7,0.1745,57.30659025787971,3.1656302996043086,2.491,2.4305555555555554,57.30659025787971,50.17321580580854,15,7,8,0,0.8667,False
T,2026-06-14T02:35:46.783Z,2026-06-14T02:35:46.783928Z,2026-06-14T04:35:46.783928Z,7456.794388,7,0.0038,52.63157894736856,3.4210526315789567,-3.308,2.7777777777777777,52.63157894736856,35.47363430634626,0,0,0,0,,
TAO,2026-06-14T02:35:52.906Z,2026-06-14T02:35:52.906255Z,2026-06-14T04:35:52.906255Z,7450.672061,7,274.35,3.6449790413692686,23.990946812523582,23.763,98.95833333333333,3.6449790413692686,76.49577892144106,15,3,10,2,0.8,False
TRUMP,2026-06-14T02:35:58.044Z,2026-06-14T02:35:58.044840Z,2026-06-14T04:35:58.044840Z,7445.533476,7,2.1115000000000004,4.735969689793462,14.136125654450268,-8.612,96.18055555555556,4.735969689793462,54.928820694868534,61,49,9,3,0.8033,False
USD1,2026-06-14T02:36:09.264Z,2026-06-14T02:36:09.264717Z,2026-06-14T04:36:09.264717Z,7434.313599,7,1.0004499999999998,0.999550202408806,0.05997001499249715,0.0,99.30555555555556,0.999550202408806,77.67487882788146,0,0,0,0,,
WLD,2026-06-14T02:36:14.690Z,2026-06-14T02:36:14.691102Z,2026-06-14T04:36:14.691102Z,7428.887214,7,0.49175,6.100660904931824,13.132105056840446,5.719,97.22222222222223,6.100660904931824,66.60601419242502,6,3,3,0,0.6667,False
XLM,2026-06-14T02:36:19.840Z,2026-06-14T02:36:19.840811Z,2026-06-14T04:36:19.840811Z,7423.737505,7,0.18555,5.389382915655564,4.615384615384623,0.48,92.01388888888889,5.389382915655564,57.033373482766976,67,25,36,6,0.4627,False
XPL,2026-06-14T02:36:25.632Z,2026-06-14T02:36:25.633111Z,2026-06-14T04:36:25.633111Z,7417.945205,7,0.08904999999999999,11.229646266142941,17.028571428571425,3.919,92.70833333333333,11.229646266142941,64.60991857219582,18,9,9,0,1.0,False
XRP,2026-06-14T02:36:30.613Z,2026-06-14T02:36:30.613815Z,2026-06-14T04:36:30.613815Z,7412.964501,7,1.1492499999999999,0.8701326952359277,2.686774137632184,1.513,96.52777777777777,0.8701326952359277,64.352951674538,26,6,18,2,0.5769,False
ZEC,2026-06-14T02:36:37.265Z,2026-06-14T02:36:37.265612Z,2026-06-14T04:36:37.265612Z,7406.312704,7,419.41499999999996,1.1921366665477242,5.690172809153447,1.325,98.26388888888889,1.1921366665477242,60.772922986254514,10,1,7,2,0.1,False
ALGO,2026-06-14T02:42:12.770Z,2026-06-14T02:42:12.770851Z,2026-06-14T04:42:12.770851Z,7671.715305,7,0.09165000000000001,10.911074740862286,8.000000000000004,6.322,87.5,10.911074740862286,64.7239643116644,9,4,5,0,1.0,False
BIO,2026-06-14T02:42:23.005Z,2026-06-14T02:42:23.006096Z,2026-06-14T04:42:23.006096Z,7661.48006,7,0.032085,9.350163627862024,11.350171499844082,5.32,86.45833333333333,9.350163627862024,66.67883833609287,0,0,0,0,,
EPIC,2026-06-14T02:42:28.223Z,2026-06-14T02:42:28.223237Z,2026-06-14T04:42:28.223237Z,7656.262919,7,0.5275000000000001,18.957345971563996,23.440453686200378,-1.121,88.19444444444444,18.957345971563996,54.936626115729084,0,0,0,0,,
LINK,2026-06-14T02:42:38.712Z,2026-06-14T02:42:38.712782Z,2026-06-14T04:42:38.712782Z,7645.773374,7,7.919499999999999,1.262705978913232,2.4805813079428765,0.885,87.15277777777777,1.262705978913232,57.796696846828695,11,4,4,3,0.6364,False
OP,2026-06-14T02:42:43.734Z,2026-06-14T02:42:43.735095Z,2026-06-14T04:42:43.735095Z,7640.751061,7,0.10494999999999999,9.528346831824953,11.902530459231492,6.169,87.84722222222223,9.528346831824953,68.22095629265634,57,20,32,5,0.386,False
AAVE,2026-06-14T02:48:19.600Z,2026-06-14T02:48:19.600200Z,2026-06-14T04:48:19.600200Z,7304.885956,7,66.77000000000001,2.995357196345068,4.691907943578339,4.096,82.63888888888889,2.995357196345068,65.10742189915162,23,9,13,1,0.8261,False
APT,2026-06-14T02:48:25.547Z,2026-06-14T02:48:25.547903Z,2026-06-14T04:48:25.547903Z,7298.938253,7,0.6635,15.071590052750578,5.5223880597014965,3.077,79.86111111111111,15.071590052750578,70.47377113823954,19,9,10,0,0.4737,False
ASTER,2026-06-14T02:48:32.768Z,2026-06-14T02:48:32.768912Z,2026-06-14T04:48:32.768912Z,7291.717244,7,0.6335,15.785319652722983,2.1978021978021998,0.951,76.38888888888889,15.785319652722983,69.68918214361936,15,6,8,1,0.8,False
ATOM,2026-06-14T02:48:38.362Z,2026-06-14T02:48:38.362695Z,2026-06-14T04:48:38.362695Z,7286.123461,7,1.9315,5.177323323841004,4.536082474226808,-3.865,79.16666666666667,5.177323323841004,60.145103551366525,59,29,25,5,0.3559,False
BANANAS31,2026-06-14T02:48:47.870Z,2026-06-14T02:48:47.870804Z,2026-06-14T04:48:47.870804Z,7276.615352,7,0.007807,10.247214038683483,9.868335288749847,5.676,74.65277777777777,10.247214038683483,74.93733348741853,0,0,0,0,,
CHZ,2026-06-14T02:48:58.334Z,2026-06-14T02:48:58.334780Z,2026-06-14T04:48:58.334780Z,7266.151376,7,0.02565,15.594541910330749,5.2287581699346415,-0.573,80.90277777777777,15.594541910330749,69.66460015345451,2,1,1,0,1.0,False
CRV,2026-06-14T02:49:04.557Z,2026-06-14T02:49:04.557754Z,2026-06-14T04:49:04.557754Z,7259.928402,7,0.23370000000000002,8.557980316645516,5.965061780997023,-3.495,86.11111111111111,8.557980316645516,55.764818811703016,2,0,2,0,1.0,False
DOT,2026-06-14T02:49:10.102Z,2026-06-14T02:49:10.103223Z,2026-06-14T04:49:10.103223Z,7254.382933,7,0.9695,10.314595152140287,3.3673469387755133,1.24,72.91666666666667,10.314595152140287,66.70644957255898,5,3,2,0,0.2,False
DYDX,2026-06-14T02:49:16.122Z,2026-06-14T02:49:16.123106Z,2026-06-14T04:49:16.123106Z,7248.36305,7,0.11881,10.100159919199479,4.355067033058538,-2.039,78.125,10.100159919199479,42.74460872919392,0,0,0,0,,
HMSTR,2026-06-14T02:49:27.538Z,2026-06-14T02:49:27.538407Z,2026-06-14T04:49:27.538407Z,7236.947749,7,0.0001661,12.040939193257367,22.84023668639053,-13.155,81.94444444444444,12.040939193257367,51.261911624636014,0,0,0,0,,
IO,2026-06-14T02:49:39.892Z,2026-06-14T02:49:39.893070Z,2026-06-14T04:49:39.893070Z,7224.593086,7,0.17814999999999998,16.839741790625585,13.710128707330735,0.168,81.25,16.839741790625585,68.29018234738618,0,0,0,0,,
JTO,2026-06-14T02:49:45.500Z,2026-06-14T02:49:45.500394Z,2026-06-14T04:49:45.500394Z,7218.985762,7,0.54095,9.242998428691301,5.242754292043563,-1.258,73.95833333333333,9.242998428691301,60.381009000421926,5,3,1,1,0.2,False
OPEN,2026-06-14T02:50:17.847Z,2026-06-14T02:50:17.847590Z,2026-06-14T04:50:17.847590Z,7786.368693,7,0.2437,8.206811653671645,16.283924843423804,12.972,73.61111111111111,8.206811653671645,76.56961104768901,0,0,0,0,,
ORCA,2026-06-14T02:50:33.005Z,2026-06-14T02:50:33.005242Z,2026-06-14T04:50:33.005242Z,7771.211041,7,1.1215000000000002,8.916629514044688,8.013937282229973,-4.888,81.59722222222223,8.916629514044688,56.398394897749476,26,18,8,0,1.0,False
PENDLE,2026-06-14T02:50:38.025Z,2026-06-14T02:50:38.025872Z,2026-06-14T04:50:38.025872Z,7766.190411,7,1.3225,7.56143667296703,6.113207547169808,4.66,77.77777777777777,7.56143667296703,68.67708905113086,11,6,5,0,1.0,False
PUMP,2026-06-14T02:50:43.173Z,2026-06-14T02:50:43.174052Z,2026-06-14T04:50:43.174052Z,7761.042231,7,0.0015125,6.6115702479333285,3.8935756002595676,1.182,77.08333333333333,6.6115702479333285,53.94286924363114,16,16,0,0,0.875,False
PYTH,2026-06-14T02:50:47.990Z,2026-06-14T02:50:47.990991Z,2026-06-14T04:50:47.990991Z,7756.225292,7,0.038349999999999995,26.07561929595722,8.17941952506596,-1.302,80.20833333333333,26.07561929595722,67.86107060889536,17,6,11,0,1.0,False
SOMI,2026-06-14T02:51:02.908Z,2026-06-14T02:51:02.909132Z,2026-06-14T04:51:02.909132Z,7741.307151,7,0.11224999999999999,8.908685968819855,7.3451327433628215,0.803,75.0,8.908685968819855,71.20352398307809,0,0,0,0,,
TIA,2026-06-14T02:51:07.966Z,2026-06-14T02:51:07.966561Z,2026-06-14T04:51:07.966561Z,7736.249722,7,0.33940000000000003,5.892751915145359,10.00870322019148,5.477,78.47222222222223,5.892751915145359,65.6327701642218,26,14,12,0,0.6154,False
VIRTUAL,2026-06-14T02:51:14.879Z,2026-06-14T02:51:14.879402Z,2026-06-14T04:51:14.879402Z,7729.336881,7,0.63415,7.884569896711266,6.617989746776444,4.463,73.26388888888889,7.884569896711266,73.89576251157851,11,4,7,0,1.0,False
W,2026-06-14T02:51:21.452Z,2026-06-14T02:51:21.452366Z,2026-06-14T04:51:21.452366Z,7722.763917,7,0.00964,20.746887966805932,6.974358974358975,1.141,75.69444444444444,20.746887966805932,66.34584306256035,4,1,3,0,1.0,False
ZRO,2026-06-14T02:51:42.640Z,2026-06-14T02:51:42.640483Z,2026-06-14T04:51:42.640483Z,7701.5758,7,0.9355,10.689470871191887,6.376195536663118,2.505,72.56944444444444,10.689470871191887,67.96817620019003,16,7,9,0,1.0,False
ARB,2026-06-14T02:57:49.479Z,2026-06-14T02:57:49.479469Z,2026-06-14T04:57:49.479469Z,7334.736814,7,0.08365,11.954572624029032,3.672985781990528,-0.236,67.70833333333333,11.954572624029032,46.888123263303605,7,1,4,2,0.4286,False
ARKM,2026-06-14T02:57:55.461Z,2026-06-14T02:57:55.462157Z,2026-06-14T04:57:55.462157Z,7328.754126,7,0.1271,15.735641227380468,9.75039001560061,5.168,60.763888888888886,15.735641227380468,58.196994042119265,43,14,23,6,-0.093,False
AT,2026-06-14T02:58:01.145Z,2026-06-14T02:58:01.145167Z,2026-06-14T04:58:01.145167Z,7323.071116,7,0.1369,29.21840759678681,35.176651305683556,-18.523,63.541666666666664,29.21840759678681,59.79451131208707,0,0,0,0,,
AVNT,2026-06-14T02:58:07.512Z,2026-06-14T02:58:07.512730Z,2026-06-14T04:58:07.512730Z,7316.703553,7,0.10985,9.103322712790428,5.866425992779789,0.911,61.458333333333336,9.103322712790428,58.12792127904656,17,6,11,0,1.0,False
EDEN,2026-06-14T02:58:29.062Z,2026-06-14T02:58:29.062799Z,2026-06-14T04:58:29.062799Z,7295.153484,7,0.04195,23.8379022646014,6.091370558375633,-4.369,68.40277777777777,23.8379022646014,58.22462293702658,0,0,0,0,,
EIGEN,2026-06-14T02:58:35.022Z,2026-06-14T02:58:35.022305Z,2026-06-14T04:58:35.022305Z,7289.193978,7,0.19729999999999998,10.136847440446312,11.379657603222562,12.394,68.75,10.136847440446312,72.80818218757445,7,3,4,0,0.8571,False
FIL,2026-06-14T02:58:55.761Z,2026-06-14T02:58:55.761912Z,2026-06-14T04:58:55.761912Z,7268.454371,7,0.7715000000000001,12.961762799740775,5.40540540540541,1.835,59.72222222222222,12.961762799740775,60.03722893798237,25,7,18,0,1.0,False
HEMI,2026-06-14T02:59:07.057Z,2026-06-14T02:59:07.057310Z,2026-06-14T04:59:07.057310Z,7257.158973,7,0.006144999999999999,16.273393002441757,14.123376623376627,4.584,65.97222222222223,16.273393002441757,70.598471866652,0,0,0,0,,
INIT,2026-06-14T02:59:13.407Z,2026-06-14T02:59:13.408030Z,2026-06-14T04:59:13.408030Z,7250.808253,7,0.05845,17.10863986313137,5.733558178752109,-1.983,69.79166666666667,17.10863986313137,60.16950834842471,0,0,0,0,,
MORPHO,2026-06-14T02:59:24.316Z,2026-06-14T02:59:24.316867Z,2026-06-14T04:59:24.316867Z,7239.899416,7,1.9375,5.1612903225800775,4.744897959183661,-0.86,60.06944444444444,5.1612903225800775,64.83106269639272,19,11,8,0,1.0,False
NIL,2026-06-14T02:59:37.015Z,2026-06-14T02:59:37.015300Z,2026-06-14T04:59:37.015300Z,7227.200983,7,0.039525,27.830487033522832,12.165323628801655,-1.308,65.625,27.830487033522832,45.13905536015895,0,0,0,0,,
ORDI,2026-06-14T02:59:44.287Z,2026-06-14T02:59:44.287945Z,2026-06-14T04:59:44.287945Z,7219.928338,7,3.2830000000000004,12.183978068839485,5.7203389830508495,-3.702,69.09722222222223,12.183978068839485,62.31769875612091,7,4,3,0,1.0,False
PHA,2026-06-14T02:59:49.788Z,2026-06-14T02:59:49.788492Z,2026-06-14T04:59:49.788492Z,7214.427791,7,0.035449999999999995,28.20874471085922,13.521126760563378,5.341,62.15277777777778,28.20874471085922,65.31527350422265,0,0,0,0,,
PNUT,2026-06-14T03:00:01.909Z,2026-06-14T03:00:01.909997Z,2026-06-14T05:00:01.909997Z,7202.306286,7,0.04375,22.857142857141927,7.4660633484162995,3.271,65.27777777777777,22.857142857141927,73.03627803847655,61,23,36,2,0.1148,False
POL,2026-06-14T03:00:11.339Z,2026-06-14T03:00:11.339806Z,2026-06-14T05:00:11.339806Z,7791.987258,7,0.0756,7.936507936508531,2.794621671500128,1.675,64.23611111111111,7.936507936508531,75.13301610060084,54,19,33,2,0.5185,False
RUNE,2026-06-14T03:00:17.481Z,2026-06-14T03:00:17.481458Z,2026-06-14T05:00:17.481458Z,7785.845606,7,0.3745,26.702269692923924,5.511811023622052,-2.558,64.93055555555556,26.702269692923924,55.4236394039597,17,9,8,0,1.0,False
SAGA,2026-06-14T03:00:23.445Z,2026-06-14T03:00:23.445353Z,2026-06-14T05:00:23.445353Z,7779.881711,7,0.013094999999999999,7.636502481864321,11.58536585365854,-0.681,71.875,7.636502481864321,67.6721662159572,0,0,0,0,,
STRK,2026-06-14T03:00:39.624Z,2026-06-14T03:00:39.624814Z,2026-06-14T05:00:39.624814Z,7763.70225,7,0.03485,28.694404591105556,5.763688760806921,2.059,71.52777777777777,28.694404591105556,73.26793513099881,11,4,6,1,0.8182,False
SYN,2026-06-14T03:00:45.656Z,2026-06-14T03:00:45.656703Z,2026-06-14T05:00:45.656703Z,7757.670361,7,0.0469,42.643923240937916,29.57393483709273,27.476,62.5,42.643923240937916,76.02612966502888,1,1,0,0,1.0,False
UNI,2026-06-14T03:00:54.192Z,2026-06-14T03:00:54.192658Z,2026-06-14T05:00:54.192658Z,7749.134406,7,2.5315000000000003,3.950227138060003,3.9154267815191894,1.834,66.31944444444444,3.950227138060003,75.29729535466367,3,2,1,0,-0.3333,False
ZBT,2026-06-14T03:01:05.178Z,2026-06-14T03:01:05.178324Z,2026-06-14T05:01:05.178324Z,7738.14874,7,0.11735000000000001,8.521516829995983,12.975778546712801,-6.397,63.888888888888886,8.521516829995983,57.53667494725965,0,0,0,0,,
ZEN,2026-06-14T03:01:10.785Z,2026-06-14T03:01:10.785550Z,2026-06-14T05:01:10.785550Z,7732.541514,7,4.446,8.996851102115267,4.465888689407536,3.22,60.416666666666664,8.996851102115267,75.59428315866832,0,0,0,0,,
2Z,2026-06-14T03:01:33.589Z,2026-06-14T03:01:33.590049Z,2026-06-14T05:01:33.590049Z,7709.737015,7,0.06964000000000001,8.615738081560972,8.04988662131518,4.317,56.59722222222222,8.615738081560972,61.41549494679474,0,0,0,0,,
GIGGLE,2026-06-14T03:02:33.117Z,2026-06-14T03:02:33.117818Z,2026-06-14T05:02:33.117818Z,7650.209246,7,28.275,10.610079575595964,3.3659066232356127,0.656,46.52777777777778,10.610079575595964,71.13960688486746,0,0,0,0,,
IOTA,2026-06-14T03:02:54.225Z,2026-06-14T03:02:54.228859Z,2026-06-14T05:02:54.228859Z,7629.098205,7,0.04625,21.621621621622243,2.991452991452988,0.645,47.56944444444444,21.621621621622243,67.47527556136913,0,0,0,0,,
KITE,2026-06-14T03:03:07.015Z,2026-06-14T03:03:07.015271Z,2026-06-14T05:03:07.015271Z,7616.311793,7,0.1955,10.230179028133284,4.231166150670801,0.571,55.208333333333336,10.230179028133284,48.90505547266384,0,0,0,0,,
OSMO,2026-06-14T03:03:24.082Z,2026-06-14T03:03:24.082174Z,2026-06-14T05:03:24.082174Z,7599.24489,7,0.045950000000000005,21.76278563656059,8.262711864406782,-1.048,54.513888888888886,21.76278563656059,63.758520211474625,0,0,0,0,,
PARTI,2026-06-14T03:03:29.449Z,2026-06-14T03:03:29.449315Z,2026-06-14T05:03:29.449315Z,7593.877749,7,0.060649999999999996,16.488046166528598,8.443708609271523,-1.146,55.90277777777778,16.488046166528598,51.6752922691083,15,8,7,0,1.0,False
PROVE,2026-06-14T03:03:41.159Z,2026-06-14T03:03:41.159448Z,2026-06-14T05:03:41.159448Z,7582.167616,7,0.19690000000000002,10.15744032503838,6.599496221662468,4.694,49.30555555555556,10.15744032503838,50.1864817189786,1,0,1,0,1.0,False
RAY,2026-06-14T03:03:45.356Z,2026-06-14T03:03:45.356311Z,2026-06-14T05:03:45.356311Z,7577.970753,7,0.6125,16.326530612244913,5.211726384364825,2.848,56.94444444444444,16.326530612244913,67.08435965049117,29,20,8,1,0.8276,False
RESOLV,2026-06-14T03:03:50.569Z,2026-06-14T03:03:50.569182Z,2026-06-14T05:03:50.569182Z,7572.757882,7,0.01695,58.99705014749431,5.882352941176455,0.0,51.041666666666664,58.99705014749431,65.93914329836993,13,6,7,0,1.0,False
S,2026-06-14T03:03:56.601Z,2026-06-14T03:03:56.601927Z,2026-06-14T05:03:56.601927Z,7566.725137,7,0.030375,3.2921810699587137,4.385964912280704,0.424,48.611111111111114,3.2921810699587137,70.25516316416318,0,0,0,0,,
SYRUP,2026-06-14T03:04:16.477Z,2026-06-14T03:04:16.477276Z,2026-06-14T05:04:16.477276Z,7546.849788,7,0.13355,7.48783227255627,2.1423106350420786,-1.135,57.986111111111114,7.48783227255627,63.60345306032907,0,0,0,0,,
TURBO,2026-06-14T03:04:22.176Z,2026-06-14T03:04:22.177209Z,2026-06-14T05:04:22.177209Z,7541.149855,7,0.0008994999999999999,11.117287381879093,13.175675675675677,2.659,53.47222222222222,11.117287381879093,66.06266237383093,16,10,6,0,1.0,False
TUT,2026-06-14T03:04:30.125Z,2026-06-14T03:04:30.125568Z,2026-06-14T05:04:30.125568Z,7533.201496,7,0.010695,28.050490883590943,6.430568499534013,0.657,52.77777777777778,28.050490883590943,60.4403028152955,0,0,0,0,,
TWT,2026-06-14T03:04:38.257Z,2026-06-14T03:04:38.257344Z,2026-06-14T05:04:38.257344Z,7525.06972,7,0.39295,33.08308945158476,2.26003047232098,0.639,44.791666666666664,33.08308945158476,56.077162224971154,17,7,10,0,0.7647,False
WAL,2026-06-14T03:04:48.483Z,2026-06-14T03:04:48.483854Z,2026-06-14T05:04:48.483854Z,7514.84321,7,0.03415,29.282576866765112,8.67052023121386,0.0,53.125,29.282576866765112,69.3127870610584,0,0,0,0,,
A,2026-06-14T03:10:39.995Z,2026-06-14T03:10:39.995534Z,2026-06-14T05:10:39.995534Z,7763.153274,7,0.07075000000000001,42.402826855124886,7.5313807531380785,1.414,33.68055555555556,42.402826855124886,64.514793996105,0,0,0,0,,
BOME,2026-06-14T03:10:51.364Z,2026-06-14T03:10:51.365201Z,2026-06-14T05:10:51.365201Z,7751.783607,7,0.0004285,23.33722287047898,3.4722222222222188,-0.461,32.291666666666664,23.33722287047898,49.0307599526604,1,0,0,1,-1.0,False
CETUS,2026-06-14T03:11:09.466Z,2026-06-14T03:11:09.466663Z,2026-06-14T05:11:09.466663Z,7733.682145,7,0.01899,21.063717746181347,8.866736621196207,5.246,39.236111111111114,21.063717746181347,52.106006337221565,0,0,0,0,,
CKB,2026-06-14T03:11:20.332Z,2026-06-14T03:11:20.332322Z,2026-06-14T05:11:20.332322Z,7722.816486,7,0.0011355,8.806693086747096,4.549431321084862,1.24,38.19444444444444,8.806693086747096,69.57186786548006,14,0,14,0,0.0,False
FLOKI,2026-06-14T03:11:33.065Z,2026-06-14T03:11:33.065990Z,2026-06-14T05:11:33.065990Z,7710.082818,7,2.5104999999999998e-05,3.98327026488676,3.2630322323915593,0.721,34.02777777777778,3.98327026488676,54.97221597071217,1,1,0,0,1.0,False
GPS,2026-06-14T03:11:44.758Z,2026-06-14T03:11:44.758668Z,2026-06-14T05:11:44.758668Z,7698.39014,7,0.00736,27.17391304347833,5.263157894736838,3.203,36.111111111111114,27.17391304347833,70.36970231187199,0,0,0,0,,
HYPER,2026-06-14T03:11:57.976Z,2026-06-14T03:11:57.976396Z,2026-06-14T05:11:57.976396Z,7685.172412,7,0.07225000000000001,13.840830449827385,5.040871934604898,1.803,44.09722222222222,13.840830449827385,71.61214950999525,0,0,0,0,,
LINEA,2026-06-14T03:12:08.939Z,2026-06-14T03:12:08.939770Z,2026-06-14T05:12:08.939770Z,7674.209038,7,0.0025009999999999998,7.996801279487532,7.111813512445677,1.524,42.013888888888886,7.996801279487532,69.24511941093272,0,0,0,0,,
MITO,2026-06-14T03:12:25.796Z,2026-06-14T03:12:25.796695Z,2026-06-14T05:12:25.796695Z,7657.352113,7,0.020569999999999998,38.89158969372884,8.772874058127016,2.482,38.888888888888886,38.89158969372884,72.487811741867,0,0,0,0,,
MOVE,2026-06-14T03:12:33.675Z,2026-06-14T03:12:33.675328Z,2026-06-14T05:12:33.675328Z,7649.47348,7,0.01185,84.3881856540094,5.833333333333341,0.0,35.763888888888886,84.3881856540094,55.996496752671646,0,0,0,0,,
ROSE,2026-06-14T03:12:58.675Z,2026-06-14T03:12:58.675669Z,2026-06-14T05:12:58.675669Z,7624.473139,7,0.006345,15.760441292355543,4.1860465116278975,1.415,31.944444444444443,15.760441292355543,72.6689842253447,50,12,36,2,0.52,False
RSR,2026-06-14T03:13:05.479Z,2026-06-14T03:13:05.480077Z,2026-06-14T05:13:05.480077Z,7617.668731,7,0.0013805,7.243752263673544,6.733524355300852,3.102,37.84722222222222,7.243752263673544,63.171434379263154,0,0,0,0,,
SOLV,2026-06-14T03:13:23.478Z,2026-06-14T03:13:23.478321Z,2026-06-14T05:13:23.478321Z,7599.670487,7,0.003345,29.89536621823625,5.029585798816568,0.896,36.458333333333336,29.89536621823625,67.47804438680383,0,0,0,0,,
STX,2026-06-14T03:13:30.167Z,2026-06-14T03:13:30.168063Z,2026-06-14T05:13:30.168063Z,7592.980745,7,0.18445,5.421523448088316,4.895104895104893,2.707,41.31944444444444,5.421523448088316,76.77469477031303,51,19,26,6,0.2745,False
THETA,2026-06-14T03:13:44.113Z,2026-06-14T03:13:44.114180Z,2026-06-14T05:13:44.114180Z,7579.034628,7,0.16010000000000002,12.492192379763006,5.386996904024776,3.063,37.15277777777778,12.492192379763006,75.46964993360524,0,0,0,0,,
TREE,2026-06-14T03:14:03.639Z,2026-06-14T03:14:03.639493Z,2026-06-14T05:14:03.639493Z,7559.509315,7,0.04605,21.715526601520708,4.535637149028088,-1.279,34.72222222222222,21.715526601520708,60.35222469683123,0,0,0,0,,
TST,2026-06-14T03:14:08.787Z,2026-06-14T03:14:08.788037Z,2026-06-14T05:14:08.788037Z,7554.360771,7,0.01566,12.771392081736389,10.068792995622266,-7.251,44.44444444444444,12.771392081736389,41.248502643844006,0,0,0,0,,
VET,2026-06-14T03:14:20.598Z,2026-06-14T03:14:20.598466Z,2026-06-14T05:14:20.598466Z,7542.550342,7,0.0050355,13.901300764571664,3.042198233562328,0.692,30.90277777777778,13.901300764571664,62.22881818152918,12,1,11,0,0.9167,False
XTZ,2026-06-14T03:14:27.784Z,2026-06-14T03:14:27.784447Z,2026-06-14T05:14:27.784447Z,7535.364361,7,0.2353,8.499787505312609,3.9010067114093974,0.974,41.666666666666664,8.499787505312609,66.93652931242057,3,1,2,0,1.0,False
1000CHEEMS,2026-06-14T03:20:07.598Z,2026-06-14T03:20:07.598959Z,2026-06-14T05:20:07.598959Z,7796.174384,7,0.0005855,51.238257899230824,8.998302207130727,-6.804,22.569444444444443,51.238257899230824,33.92804651328161,0,0,0,0,,
1000SATS,2026-06-14T03:20:13.238Z,2026-06-14T03:20:13.238376Z,2026-06-14T05:20:13.238376Z,7790.534967,7,9.525000000000001e-06,31.49606299212568,2.2821576763485436,-0.721,22.22222222222222,31.49606299212568,35.218394679476674,17,6,8,3,0.6471,False
ACH,2026-06-14T03:20:19.935Z,2026-06-14T03:20:19.935639Z,2026-06-14T05:20:19.935639Z,7783.837704,7,0.005405,18.501387604069553,2.3897058823529393,-1.449,19.444444444444443,18.501387604069553,61.38485307751566,0,0,0,0,,
ANIME,2026-06-14T03:20:26.695Z,2026-06-14T03:20:26.695365Z,2026-06-14T05:20:26.695365Z,7777.077978,7,0.002935,34.071550255536714,3.355704697986586,-0.667,24.65277777777778,34.071550255536714,60.34936511345155,0,0,0,0,,
AUCTION,2026-06-14T03:20:33.455Z,2026-06-14T03:20:33.456035Z,2026-06-14T05:20:33.456035Z,7770.317308,7,3.775,26.490066225165,2.105263157894739,1.333,17.36111111111111,26.490066225165,71.97662058518131,1,0,1,0,1.0,False
BARD,2026-06-14T03:20:40.023Z,2026-06-14T03:20:40.024104Z,2026-06-14T05:20:40.024104Z,7763.749239,7,0.15660000000000002,12.771392081737275,7.008760951188979,-1.053,25.0,12.771392081737275,58.26700557360335,0,0,0,0,,
BLUR,2026-06-14T03:20:48.184Z,2026-06-14T03:20:48.185061Z,2026-06-14T05:20:48.185061Z,7755.588282,7,0.01791,11.16694584031222,3.0038230475150107,0.164,21.52777777777778,11.16694584031222,60.23256712980257,0,0,0,0,,
CFX,2026-06-14T03:20:55.221Z,2026-06-14T03:20:55.221863Z,2026-06-14T05:20:55.221863Z,7748.55148,7,0.044594999999999996,11.212019284673493,2.473498233215554,0.155,23.26388888888889,11.212019284673493,66.90089173045959,0,0,0,0,,
COOKIE,2026-06-14T03:21:02.884Z,2026-06-14T03:21:02.885062Z,2026-06-14T05:21:02.885062Z,7740.888281,7,0.00935,106.95187165775522,5.263157894736828,3.261,26.38888888888889,106.95187165775522,62.23742716568798,0,0,0,0,,
CYBER,2026-06-14T03:21:10.160Z,2026-06-14T03:21:10.160749Z,2026-06-14T05:21:10.160749Z,7733.612594,7,0.342,58.47953216374274,3.179190751445074,-0.288,28.125,58.47953216374274,52.75987020986421,0,0,0,0,,
ENS,2026-06-14T03:21:15.931Z,2026-06-14T03:21:15.932076Z,2026-06-14T05:21:15.932076Z,7727.841267,7,4.885,20.47082906857684,3.441295546558703,1.437,29.166666666666668,20.47082906857684,65.33105890350994,0,0,0,0,,
ERA,2026-06-14T03:21:23.750Z,2026-06-14T03:21:23.750940Z,2026-06-14T05:21:23.750940Z,7720.022403,7,0.10095000000000001,9.905894006934409,4.794520547945207,1.996,25.694444444444443,9.905894006934409,70.6842317660186,0,0,0,0,,
GRT,2026-06-14T03:21:48.744Z,2026-06-14T03:21:48.744167Z,2026-06-14T05:21:48.744167Z,7695.029176,7,0.019745,15.193719929095357,3.187250996015927,0.803,21.180555555555557,15.193719929095357,70.81703096148414,18,2,13,3,0.0556,False
KAIA,2026-06-14T03:22:03.216Z,2026-06-14T03:22:03.216313Z,2026-06-14T05:22:03.216313Z,7680.55703,7,0.03725,26.84563758389339,3.7634408602150495,0.813,22.916666666666668,26.84563758389339,63.00352083001737,0,0,0,0,,
KERNEL,2026-06-14T03:22:08.189Z,2026-06-14T03:22:08.189257Z,2026-06-14T05:22:08.189257Z,7675.584086,7,0.04745,21.074815595364147,2.697095435684653,-0.207,30.208333333333332,21.074815595364147,62.13555696081772,0,0,0,0,,
ME,2026-06-14T03:22:27.471Z,2026-06-14T03:22:27.471240Z,2026-06-14T05:22:27.471240Z,7656.302103,7,0.061450000000000005,48.8201790073233,6.180665610142631,1.61,17.01388888888889,48.8201790073233,47.23137886839453,2,1,1,0,1.0,False
MIRA,2026-06-14T03:22:34.795Z,2026-06-14T03:22:34.795432Z,2026-06-14T05:22:34.795432Z,7648.977911,7,0.054900000000000004,36.42987249544605,4.823747680890534,-0.554,18.75,36.42987249544605,54.032246656786306,1,0,1,0,1.0,False
THE,2026-06-14T03:23:35.610Z,2026-06-14T03:23:35.610827Z,2026-06-14T05:23:35.610827Z,7588.162516,7,0.06735,14.847809948033092,3.539823008849557,-0.732,23.958333333333332,14.847809948033092,64.31028413243163,7,5,2,0,0.7143,False
WCT,2026-06-14T03:24:05.611Z,2026-06-14T03:24:05.611848Z,2026-06-14T05:24:05.611848Z,7558.161495,7,0.04666,12.858979854265858,5.288974194924298,-0.319,20.48611111111111,12.858979854265858,50.159695148336986,0,0,0,0,,
1000CAT,2026-06-14T03:29:39.088Z,2026-06-14T03:29:39.089077Z,2026-06-14T05:29:39.089077Z,7224.684266,7,0.001495,66.88963210702359,2.6666666666666594,-0.662,8.680555555555555,66.88963210702359,42.07028301420366,65,14,40,11,0.1231,False
ACX,2026-06-14T03:29:58.557Z,2026-06-14T03:29:58.557793Z,2026-06-14T05:29:58.557793Z,7205.21555,7,0.04258,61.061531235320885,2.6881720430107485,1.015,11.458333333333334,61.061531235320885,52.96635828000489,66,29,34,3,-0.0303,False
AEVO,2026-06-14T03:30:06.876Z,2026-06-14T03:30:06.876730Z,2026-06-14T05:30:06.876730Z,7796.273466,7,0.019835,35.29115200403184,3.462117410938282,1.425,6.25,35.29115200403184,45.684406826891006,0,0,0,0,,
API3,2026-06-14T03:30:14.060Z,2026-06-14T03:30:14.060990Z,2026-06-14T05:30:14.060990Z,7789.089206,7,0.25575000000000003,11.730205278593253,2.638727202173059,0.155,15.277777777777779,11.730205278593253,64.30296484785435,0,0,0,0,,
BANANA,2026-06-14T03:30:20.772Z,2026-06-14T03:30:20.772868Z,2026-06-14T05:30:20.772868Z,7782.377328,7,2.9535,10.157440325038475,3.275920297196892,-0.101,15.972222222222221,10.157440325038475,47.574758813083484,0,0,0,0,,
BEAMX,2026-06-14T03:30:26.403Z,2026-06-14T03:30:26.403554Z,2026-06-14T05:30:26.403554Z,7776.746642,7,0.0014399999999999999,13.888888888889229,2.741603838245366,0.275,11.11111111111111,13.888888888889229,33.759864545111974,0,0,0,0,,
BMT,2026-06-14T03:30:33.670Z,2026-06-14T03:30:33.670282Z,2026-06-14T05:30:33.670282Z,7769.479914,7,0.01303,15.349194167305592,3.4429992348890646,-0.835,6.944444444444445,15.349194167305592,65.70743679186234,0,0,0,0,,
COMP,2026-06-14T03:30:44.988Z,2026-06-14T03:30:44.988330Z,2026-06-14T05:30:44.988330Z,7758.161866,7,17.509999999999998,45.68817818389598,3.52072685973879,1.149,8.333333333333334,45.68817818389598,55.187850458842256,51,15,32,4,0.0392,False
COW,2026-06-14T03:30:58.614Z,2026-06-14T03:30:58.614717Z,2026-06-14T05:30:58.614717Z,7744.535479,7,0.14955,33.43363423604149,4.963600264725351,4.495,7.291666666666667,33.43363423604149,72.96318302473404,0,0,0,0,,
DYM,2026-06-14T03:31:12.711Z,2026-06-14T03:31:12.711430Z,2026-06-14T05:31:12.711430Z,7730.438766,7,0.01695,58.99705014749431,14.03508771929826,2.395,15.625,58.99705014749431,48.002516028428225,0,0,0,0,,
EUL,2026-06-14T03:31:19.346Z,2026-06-14T03:31:19.346544Z,2026-06-14T05:31:19.346544Z,7723.803652,7,0.925,21.62162162162164,3.4594594594594623,0.0,14.930555555555555,21.62162162162164,54.93165388877213,2,0,1,1,1.0,False
FLUX,2026-06-14T03:31:26.180Z,2026-06-14T03:31:26.180350Z,2026-06-14T05:31:26.180350Z,7716.969846,7,0.05185,19.286403085825047,3.8167938931297747,1.158,7.986111111111111,19.286403085825047,68.19510678206326,0,0,0,0,,
HIVE,2026-06-14T03:31:38.591Z,2026-06-14T03:31:38.591767Z,2026-06-14T05:31:38.591767Z,7704.558429,7,0.0493,40.56795131845818,2.1999999999999935,-1.186,16.319444444444443,40.56795131845818,44.57628141062417,0,0,0,0,,
ILV,2026-06-14T03:31:45.237Z,2026-06-14T03:31:45.237562Z,2026-06-14T05:31:45.237562Z,7697.912634,7,3.3449999999999998,29.895366218236862,7.602339181286556,3.951,12.152777777777779,29.895366218236862,68.75827380060517,0,0,0,0,,
LPT,2026-06-14T03:31:58.613Z,2026-06-14T03:31:58.613750Z,2026-06-14T05:31:58.613750Z,7684.536446,7,1.791,22.33389168062537,3.3926585094549466,-1.641,6.597222222222222,22.33389168062537,41.3789828534808,0,0,0,0,,
MASK,2026-06-14T03:32:11.181Z,2026-06-14T03:32:11.181563Z,2026-06-14T05:32:11.181563Z,7671.968633,7,0.3675,27.21088435374152,2.9972752043596755,0.824,3.125,27.21088435374152,55.92586328487637,2,0,2,0,0.0,False
MINA,2026-06-14T03:32:22.920Z,2026-06-14T03:32:22.921184Z,2026-06-14T05:32:22.921184Z,7660.229012,7,0.042550000000000004,23.501762632196456,3.4883720930232593,0.233,13.88888888888889,23.501762632196456,45.89503410017766,0,0,0,0,,
SNX,2026-06-14T03:33:01.519Z,2026-06-14T03:33:01.519793Z,2026-06-14T05:33:01.519793Z,7621.630403,7,0.2395,41.753653444676445,2.9045643153526997,0.0,11.805555555555555,41.753653444676445,46.64113412691973,1,1,0,0,1.0,False
YB,2026-06-14T03:33:44.491Z,2026-06-14T03:33:44.491255Z,2026-06-14T05:33:44.491255Z,7578.658941,7,0.0889,22.497187851517644,6.27802690582959,-1.109,16.666666666666668,22.497187851517644,61.13264045672066,0,0,0,0,,
1INCH,2026-06-14T03:39:22.891Z,2026-06-14T03:39:22.891618Z,2026-06-14T05:39:22.891618Z,7240.258578,7,0.0722,27.700831024931542,2.47933884297522,1.255,1.3888888888888888,27.700831024931542,65.43339366253986,0,0,0,0,,
ADA,2026-06-14T03:39:28.745Z,2026-06-14T03:39:28.745359Z,2026-06-14T05:39:28.745359Z,7234.404837,7,0.17195,5.815644082581506,3.819444444444441,1.349,92.36111111111111,5.815644082581506,58.706344183132586,19,6,13,0,0.1053,False
ALLO,2026-06-14T03:39:34.624Z,2026-06-14T03:39:34.625149Z,2026-06-14T05:39:34.625149Z,7228.525047,7,0.36934999999999996,8.12237714904623,16.11502984264786,-6.494,90.97222222222223,8.12237714904623,51.57104583062032,5,3,1,1,1.0,False
BERA,2026-06-14T03:39:39.868Z,2026-06-14T03:39:39.868883Z,2026-06-14T05:39:39.868883Z,7223.281313,7,0.2515,39.76143141153086,5.468750000000004,-0.389,93.40277777777777,39.76143141153086,64.85927728472412,10,6,4,0,1.0,False
BFUSD,2026-06-14T03:39:45.748Z,2026-06-14T03:39:45.748406Z,2026-06-14T05:39:45.748406Z,7217.40179,7,0.9997,12.003601080323886,0.13011710539485216,0.0,0.6944444444444444,12.003601080323886,39.24529817900995,0,0,0,0,,
BIGTIME,2026-06-14T03:39:53.714Z,2026-06-14T03:39:53.714188Z,2026-06-14T05:39:53.714188Z,7209.436008,7,0.009045000000000001,55.27915975677136,2.885682574916776,0.0,1.0416666666666667,55.27915975677136,47.39366637915461,65,15,42,8,0.1846,False
BNB,2026-06-14T03:39:59.048Z,2026-06-14T03:39:59.048919Z,2026-06-14T05:39:59.048919Z,7204.101277,7,609.585,0.16404603131623818,2.140160840308564,1.351,94.44444444444444,0.16404603131623818,67.70773440679565,11,3,8,0,1.0,False
BTC,2026-06-14T03:40:05.539Z,2026-06-14T03:40:05.539975Z,2026-06-14T05:40:05.539975Z,7798.070712,7,64355.555,0.0015538674159148048,1.9958683281246694,1.578,100.0,0.0015538674159148048,66.82824933130117,12,8,2,2,0.0,False
CVC,2026-06-14T03:40:13.253Z,2026-06-14T03:40:13.253261Z,2026-06-14T05:40:13.253261Z,7790.357426,7,0.02286,43.74453193350806,0.743006993006993,-0.131,1.7361111111111112,43.74453193350806,33.856695064651305,61,19,33,9,0.0656,False
DOGE,2026-06-14T03:40:18.219Z,2026-06-14T03:40:18.220109Z,2026-06-14T05:40:18.220109Z,7785.390578,7,0.087675,1.1405759908749498,3.4145231049396645,1.819,93.75,1.1405759908749498,68.97410771918605,52,47,4,1,0.9231,False
ENA,2026-06-14T03:40:23.532Z,2026-06-14T03:40:23.532657Z,2026-06-14T05:40:23.532657Z,7780.07803,7,0.08374999999999999,11.94029850746303,11.652794292508922,8.656,96.875,11.94029850746303,75.63235898529818,2,0,1,1,1.0,False
EUR,2026-06-14T03:40:30.890Z,2026-06-14T03:40:30.890463Z,2026-06-14T05:40:30.890463Z,7772.720224,7,1.15605,0.8650144889925954,0.12108631724615707,-0.043,95.13888888888889,0.8650144889925954,55.67822156770727,0,0,0,0,,
GMX,2026-06-14T03:40:45.595Z,2026-06-14T03:40:45.595273Z,2026-06-14T05:40:45.595273Z,7758.015414,7,5.585,53.71530886302482,2.317290552584668,1.447,2.4305555555555554,53.71530886302482,51.58589502332313,0,0,0,0,,
NEAR,2026-06-14T03:41:04.551Z,2026-06-14T03:41:04.551272Z,2026-06-14T05:41:04.551272Z,7739.059415,7,2.1185,4.7203209818283405,9.133489461358318,5.798,97.22222222222223,4.7203209818283405,69.03877094068696,14,9,1,4,0.2857,False
ONDO,2026-06-14T03:41:09.702Z,2026-06-14T03:41:09.702712Z,2026-06-14T05:41:09.702712Z,7733.907975,7,0.35985,2.7789356676389882,6.379453189726582,1.914,90.625,2.7789356676389882,62.427724161545044,5,2,3,0,1.0,False
RENDER,2026-06-14T03:41:22.919Z,2026-06-14T03:41:22.919347Z,2026-06-14T05:41:22.919347Z,7720.69134,7,1.7665,5.660911406735861,8.793686583990976,6.228,91.31944444444444,5.660911406735861,56.77067461725883,3,2,1,0,0.3333,False
RPL,2026-06-14T03:41:29.641Z,2026-06-14T03:41:29.641307Z,2026-06-14T05:41:29.641307Z,7713.96938,7,1.3849999999999998,72.20216606498202,2.15827338129495,1.46,0.3472222222222222,72.20216606498202,38.675980002609045,0,0,0,0,,
TON,2026-06-14T03:41:58.537Z,2026-06-14T03:41:58.537178Z,2026-06-14T05:41:58.537178Z,7685.073509,7,1.7015,5.877167205406346,6.27565982404692,1.549,89.58333333333333,5.877167205406346,60.7331083778156,5,2,1,2,-0.2,False
TRX,2026-06-14T03:42:07.432Z,2026-06-14T03:42:07.432729Z,2026-06-14T05:42:07.432729Z,7676.177958,7,0.31585,3.1660598385305994,1.1723700887199102,0.254,90.27777777777777,3.1660598385305994,63.09665234561743,63,3,60,0,1.0,False
BCH,2026-06-14T03:48:14.472Z,2026-06-14T03:48:14.472558Z,2026-06-14T05:48:14.472558Z,7309.138129,7,203.14999999999998,4.922471080482123,4.16467209191,3.211,88.88888888888889,4.922471080482123,73.34776417552825,4,0,2,2,0.0,False
HBAR,2026-06-14T03:48:29.123Z,2026-06-14T03:48:29.123447Z,2026-06-14T05:48:29.123447Z,7294.48724,7,0.07883499999999999,1.2684721253245546,2.8979956593897715,0.811,86.80555555555556,1.2684721253245546,64.44811972659265,1,0,1,0,1.0,False
AVAX,2026-06-14T03:54:40.065Z,2026-06-14T03:54:40.066108Z,2026-06-14T05:54:40.066108Z,7523.491668,7,6.6775,1.497566454511919,3.0844881537773783,1.867,82.98611111111111,1.497566454511919,70.13953435527137,36,14,20,2,0.25,False
GALA,2026-06-14T03:55:13.391Z,2026-06-14T03:55:13.391747Z,2026-06-14T05:55:13.391747Z,7490.166029,7,0.0026249999999999997,38.0952380952382,2.2641509433962326,-0.376,72.91666666666667,38.0952380952382,61.03258145613394,0,0,0,0,,
HOME,2026-06-14T03:55:24.092Z,2026-06-14T03:55:24.093058Z,2026-06-14T05:55:24.093058Z,7479.464718,7,0.029679999999999998,67.38544474393608,26.932325661284796,-3.927,79.51388888888889,67.38544474393608,45.997177901267115,2,0,0,2,-1.0,False
JUP,2026-06-14T03:55:37.062Z,2026-06-14T03:55:37.062334Z,2026-06-14T05:55:37.062334Z,7466.495442,7,0.17125,5.8394160583951376,4.956772334293962,2.724,83.68055555555556,5.8394160583951376,59.04210663479523,64,29,34,1,0.75,False
KAITO,2026-06-14T03:55:42.988Z,2026-06-14T03:55:42.988942Z,2026-06-14T05:55:42.988942Z,7460.568834,7,0.4682,12.815036309270502,16.392391536653133,10.198,84.72222222222223,12.815036309270502,62.89584460226095,4,4,0,0,1.0,False
KMNO,2026-06-14T03:55:48.142Z,2026-06-14T03:55:48.143085Z,2026-06-14T05:55:48.143085Z,7455.414691,7,0.017675,16.973125884018245,9.287749287749305,-2.283,79.86111111111111,16.973125884018245,64.59258375611422,17,17,0,0,1.0,False
LTC,2026-06-14T03:55:57.649Z,2026-06-14T03:55:57.649392Z,2026-06-14T05:55:57.649392Z,7445.908384,7,44.144999999999996,2.265262204099674,3.6302142051860193,2.425,85.41666666666667,2.265262204099674,72.81920522061856,6,2,3,1,0.3333,False
MMT,2026-06-14T03:56:03.339Z,2026-06-14T03:56:03.340002Z,2026-06-14T05:56:03.340002Z,7440.217774,7,0.12969999999999998,15.420200462606457,16.601714731098987,10.318,84.02777777777777,15.420200462606457,66.45936124108127,2,2,0,0,0.5,False
NOT,2026-06-14T03:56:14.030Z,2026-06-14T03:56:14.030494Z,2026-06-14T05:56:14.030494Z,7429.527282,7,0.0004725,21.164021164021676,17.391304347826082,2.766,78.125,21.164021164021676,53.324984481403305,1,1,0,0,1.0,False
SHIB,2026-06-14T03:56:59.152Z,2026-06-14T03:56:59.152942Z,2026-06-14T05:56:59.152942Z,7384.404834,7,5.015e-06,19.940179461614964,4.59081836327346,3.086,86.11111111111111,19.940179461614964,73.84919541615677,4,2,1,1,-0.5,False
ZK,2026-06-14T03:57:28.996Z,2026-06-14T03:57:28.996699Z,2026-06-14T05:57:28.996699Z,7354.561077,7,0.011585,8.631851532153295,6.244653550042769,-1.765,76.04166666666667,8.631851532153295,43.73976708589745,11,0,10,1,0.8182,False
0G,2026-06-14T04:03:17.902Z,2026-06-14T04:03:17.902622Z,2026-06-14T06:03:17.902622Z,7605.179449,7,0.2975,33.61344537815129,6.020066889632113,-1.645,65.27777777777777,33.61344537815129,59.77016546548843,0,0,0,0,,
ALT,2026-06-14T04:03:29.414Z,2026-06-14T04:03:29.415105Z,2026-06-14T06:03:29.415105Z,7593.666966,7,0.0064849999999999994,15.420200462606724,8.709175738724724,2.389,59.375,15.420200462606724,73.23191600323621,1,0,1,0,1.0,False
APE,2026-06-14T04:03:36.523Z,2026-06-14T04:03:36.524052Z,2026-06-14T06:03:36.524052Z,7586.558019,7,0.12785000000000002,7.8216660148624735,3.281250000000007,0.235,60.06944444444444,7.8216660148624735,67.2959360127047,22,15,3,4,0.2727,False
AR,2026-06-14T04:03:42.916Z,2026-06-14T04:03:42.916715Z,2026-06-14T06:03:42.916715Z,7580.165356,7,2.0220000000000002,9.891196834818118,8.428358948934058,5.436,69.79166666666667,9.891196834818118,63.248221480468985,0,0,0,0,,
BABY,2026-06-14T04:04:06.831Z,2026-06-14T04:04:06.831221Z,2026-06-14T06:04:06.831221Z,7556.25085,7,0.01529,13.080444735120462,11.922304085733424,9.377,65.97222222222223,13.080444735120462,65.06363082432236,2,2,0,0,1.0,False
BONK,2026-06-14T04:04:18.258Z,2026-06-14T04:04:18.258711Z,2026-06-14T06:04:18.258711Z,7544.82336,7,4.485e-06,22.29654403567426,4.464285714285729,1.587,69.09722222222223,22.29654403567426,70.44462543805575,5,4,1,0,1.0,False
DASH,2026-06-14T04:04:23.948Z,2026-06-14T04:04:23.948813Z,2026-06-14T06:04:23.948813Z,7539.133258,7,35.865,8.364700961940928,6.600660066006597,5.147,67.36111111111111,8.364700961940928,76.11641350158195,2,1,0,1,0.0,False
ENJ,2026-06-14T04:04:37.048Z,2026-06-14T04:04:37.048638Z,2026-06-14T06:04:37.048638Z,7526.033433,7,0.031799999999999995,25.157232704403675,11.513790891597187,-6.507,68.05555555555556,25.157232704403675,59.024853289672606,10,4,5,1,0.6,False
ENSO,2026-06-14T04:04:42.893Z,2026-06-14T04:04:42.893485Z,2026-06-14T06:04:42.893485Z,7520.188586,7,0.6455,15.491866769945792,7.16463414634147,3.307,60.763888888888886,15.491866769945792,73.77028631569031,0,0,0,0,,
PLUME,2026-06-14T04:05:34.408Z,2026-06-14T04:05:34.408840Z,2026-06-14T06:05:34.408840Z,7468.673231,7,0.010505,9.519276534982954,7.1428571428571495,1.449,61.458333333333336,9.519276534982954,55.92845663462428,0,0,0,0,,
WIF,2026-06-14T04:06:17.645Z,2026-06-14T04:06:17.646007Z,2026-06-14T06:06:17.646007Z,7425.436064,7,0.15994999999999998,6.251953735543404,3.9399624765478425,1.075,67.01388888888889,6.251953735543404,65.53649365425356,1,1,0,0,1.0,False
WLFI,2026-06-14T04:06:25.128Z,2026-06-14T04:06:25.128575Z,2026-06-14T06:06:25.128575Z,7417.953496,7,0.05795,17.256255392580304,2.725724020442925,-2.003,68.40277777777777,17.256255392580304,62.35040134054559,1,1,0,0,1.0,False
AXS,2026-06-14T04:12:26.242Z,2026-06-14T04:12:26.242914Z,2026-06-14T06:12:26.242914Z,7657.494718,7,0.9675,10.33591731266151,2.883625128733267,1.782,49.30555555555556,10.33591731266151,62.88479495782409,2,1,1,0,1.0,False
BB,2026-06-14T04:12:33.656Z,2026-06-14T04:12:33.656848Z,2026-06-14T06:12:33.656848Z,7650.080784,7,0.021949999999999997,45.558086560364195,8.675799086757987,2.817,51.041666666666664,45.558086560364195,65.55049296802352,0,0,0,0,,
C,2026-06-14T04:12:38.943Z,2026-06-14T04:12:38.944094Z,2026-06-14T06:12:38.944094Z,7644.793538,7,0.09334999999999999,10.71237279057342,5.678233438485792,-1.756,48.958333333333336,10.71237279057342,65.3554716249275,0,0,0,0,,
CAKE,2026-06-14T04:12:44.465Z,2026-06-14T04:12:44.465644Z,2026-06-14T06:12:44.465644Z,7639.271988,7,1.379,14.503263234227715,3.11341734618236,1.965,45.486111111111114,14.503263234227715,72.5273049620888,2,0,1,1,1.0,False
DOGS,2026-06-14T04:12:55.112Z,2026-06-14T04:12:55.112583Z,2026-06-14T06:12:55.112583Z,7628.625049,7,4.295e-05,23.28288707799824,8.120649651972151,1.412,48.611111111111114,23.28288707799824,64.28022036290447,0,0,0,0,,
EGLD,2026-06-14T04:13:03.504Z,2026-06-14T04:13:03.504980Z,2026-06-14T06:13:03.504980Z,7620.232652,7,2.9050000000000002,34.42340791738461,3.7931034482758577,1.045,50.0,34.42340791738461,67.05383680251626,0,0,0,0,,
ETHFI,2026-06-14T04:13:09.186Z,2026-06-14T04:13:09.186872Z,2026-06-14T06:13:09.186872Z,7614.55076,7,0.3155,31.695721077654543,2.5157232704402537,0.633,54.861111111111114,31.695721077654543,69.19577755806237,0,0,0,0,,
EURI,2026-06-14T04:13:14.665Z,2026-06-14T04:13:14.665319Z,2026-06-14T06:13:14.665319Z,7609.072313,7,1.1557499999999998,0.8652390222798096,0.9950679242017689,-0.069,44.791666666666664,0.8652390222798096,68.77202973014741,0,0,0,0,,
FF,2026-06-14T04:13:20.249Z,2026-06-14T04:13:20.249643Z,2026-06-14T06:13:20.249643Z,7603.487989,7,0.077215,22.01644758142713,8.509819021948417,-3.767,45.138888888888886,22.01644758142713,54.2978686105557,0,0,0,0,,
GUN,2026-06-14T04:13:33.063Z,2026-06-14T04:13:33.063657Z,2026-06-14T06:13:33.063657Z,7590.673975,7,0.005875,17.021276595743988,7.106598984771563,0.169,48.263888888888886,17.021276595743988,61.214039675531716,0,0,0,0,,
HEI,2026-06-14T04:13:40.507Z,2026-06-14T04:13:40.507382Z,2026-06-14T06:13:40.507382Z,7583.23025,7,0.08374999999999999,35.82089552238909,16.056670602125152,-10.465,56.59722222222222,35.82089552238909,55.86541271400896,0,0,0,0,,
HUMA,2026-06-14T04:13:46.716Z,2026-06-14T04:13:46.716839Z,2026-06-14T06:13:46.716839Z,7577.020793,7,0.023055,13.012361743655942,5.36432722396066,-2.95,47.22222222222222,13.012361743655942,55.09199023322975,1,0,1,0,1.0,False
LDO,2026-06-14T04:14:08.973Z,2026-06-14T04:14:08.973851Z,2026-06-14T06:14:08.973851Z,7554.763781,7,0.264,7.575757575756741,3.6025786879029233,2.328,52.43055555555556,7.575757575756741,71.04447393850869,0,0,0,0,,
MEME,2026-06-14T04:14:23.006Z,2026-06-14T04:14:23.007159Z,2026-06-14T06:14:23.007159Z,7540.730473,7,0.0005855000000000001,17.07941929974422,4.188481675392676,1.416,45.833333333333336,17.07941929974422,68.6028366314057,38,26,7,5,0.7895,False
PAXG,2026-06-14T04:14:39.633Z,2026-06-14T04:14:39.634192Z,2026-06-14T06:14:39.634192Z,7524.10344,7,4226.915,0.21292124398088325,0.6357757600431663,0.417,55.55555555555556,0.21292124398088325,75.38051390693421,1,1,0,0,1.0,False
SAHARA,2026-06-14T04:15:03.361Z,2026-06-14T04:15:03.361568Z,2026-06-14T06:15:03.361568Z,7500.376064,7,0.015435,19.43634596695854,4.9581455247907265,0.91,56.25,19.43634596695854,56.337243054594204,0,0,0,0,,
SPK,2026-06-14T04:15:17.416Z,2026-06-14T04:15:17.417145Z,2026-06-14T06:15:17.417145Z,7486.320487,7,0.0192665,8.823605740533909,4.951319831311504,-3.936,57.638888888888886,8.823605740533909,52.41132763925613,65,23,39,3,0.3538,False
SSV,2026-06-14T04:15:23.007Z,2026-06-14T04:15:23.007821Z,2026-06-14T06:15:23.007821Z,7480.729811,7,2.317,17.263703064307307,8.408408408408416,5.762,57.291666666666664,17.263703064307307,66.38027050843257,0,0,0,0,,
STO,2026-06-14T04:15:28.313Z,2026-06-14T04:15:28.313602Z,2026-06-14T06:15:28.313602Z,7475.42403,7,0.050949999999999995,19.627085377820595,7.436399217221131,-2.107,50.69444444444444,19.627085377820595,65.22632616096428,0,0,0,0,,
USDE,2026-06-14T04:15:48.700Z,2026-06-14T04:15:48.701168Z,2026-06-14T06:15:48.701168Z,7455.036464,7,0.99985,1.0001500225032653,0.05999999999999339,0.02,47.56944444444444,1.0001500225032653,73.33003751696478,0,0,0,0,,
ZKC,2026-06-14T04:16:07.131Z,2026-06-14T04:16:07.131634Z,2026-06-14T06:16:07.131634Z,7436.605998,7,0.05155,19.3986420950539,11.17533718689788,5.918,52.77777777777778,19.3986420950539,72.97583420846259,0,0,0,0,,
AIXBT,2026-06-14T04:21:48.792Z,2026-06-14T04:21:48.792640Z,2026-06-14T06:21:48.792640Z,7695.750733,7,0.02392,25.083612040132756,6.591099916036937,-3.641,42.013888888888886,25.083612040132756,44.1040120289473,0,0,0,0,,
BANK,2026-06-14T04:21:55.660Z,2026-06-14T04:21:55.661049Z,2026-06-14T06:21:55.661049Z,7688.882324,7,0.039150000000000004,25.542784163472774,6.345177664974626,-2.475,43.40277777777778,25.542784163472774,36.79043394331598,0,0,0,0,,
BROCCOLI714,2026-06-14T04:22:13.708Z,2026-06-14T04:22:13.708443Z,2026-06-14T06:22:13.708443Z,7670.83493,7,0.013389999999999999,14.936519790889411,4.82290881688018,0.836,36.80555555555556,14.936519790889411,52.42458680629831,0,0,0,0,,
CGPT,2026-06-14T04:22:24.518Z,2026-06-14T04:22:24.518647Z,2026-06-14T06:22:24.518647Z,7660.024726,7,0.021385,23.380874444703277,4.874585896829151,2.127,40.625,23.380874444703277,63.78952703499949,0,0,0,0,,
DOLO,2026-06-14T04:22:37.695Z,2026-06-14T04:22:37.696122Z,2026-06-14T06:22:37.696122Z,7646.847251,7,0.02536,55.20504731861248,10.314615690959771,-3.423,38.19444444444444,55.20504731861248,45.545796281506135,0,0,0,0,,
HAEDAL,2026-06-14T04:22:59.016Z,2026-06-14T04:22:59.016474Z,2026-06-14T06:22:59.016474Z,7625.526899,7,0.019095,26.184865147945235,10.806536636794938,-2.367,33.333333333333336,26.184865147945235,67.54882715771305,1,0,0,1,1.0,False
LAYER,2026-06-14T04:23:08.919Z,2026-06-14T04:23:08.919794Z,2026-06-14T06:23:08.919794Z,7615.623579,7,0.06625,45.28301886792373,5.389221556886216,0.15,39.583333333333336,45.28301886792373,59.71253599019137,0,0,0,0,,
MANTA,2026-06-14T04:23:22.880Z,2026-06-14T04:23:22.880417Z,2026-06-14T06:23:22.880417Z,7601.662956,7,0.08229,21.873860736419932,6.932367149758465,0.461,41.666666666666664,21.873860736419932,56.772312463351994,0,0,0,0,,
NEIRO,2026-06-14T04:23:41.110Z,2026-06-14T04:23:41.111036Z,2026-06-14T06:23:41.111036Z,7583.432337,7,7.008e-05,8.561643835617806,9.321423426019301,2.074,43.75,8.561643835617806,68.6129450546368,0,0,0,0,,
NXPC,2026-06-14T04:23:48.820Z,2026-06-14T04:23:48.820813Z,2026-06-14T06:23:48.820813Z,7575.72256,7,0.34945,25.754757476034108,7.467348097671775,-2.221,42.361111111111114,25.754757476034108,62.63655556358964,0,0,0,0,,
QNT,2026-06-14T04:23:57.344Z,2026-06-14T04:23:57.344707Z,2026-06-14T06:23:57.344707Z,7567.198666,7,69.12,14.467592592593826,7.691191409084309,3.515,43.05555555555556,14.467592592593826,69.33595173496943,5,1,4,0,0.6,False
RARE,2026-06-14T04:24:04.683Z,2026-06-14T04:24:04.683403Z,2026-06-14T06:24:04.683403Z,7559.85997,7,0.013049999999999999,76.62835249042233,8.14814814814815,6.299,35.06944444444444,76.62835249042233,68.24286401097257,1,0,1,0,1.0,False
RED,2026-06-14T04:24:10.070Z,2026-06-14T04:24:10.070500Z,2026-06-14T06:24:10.070500Z,7554.472873,7,0.09495,10.531858873091402,6.918918918918922,-2.734,35.416666666666664,10.531858873091402,60.421833846957696,0,0,0,0,,
SAPIEN,2026-06-14T04:24:29.026Z,2026-06-14T04:24:29.026356Z,2026-06-14T06:24:29.026356Z,7535.517017,7,0.08315,12.02645820805807,5.4545454545454595,1.978,37.5,12.02645820805807,43.03838260045858,0,0,0,0,,
SKY,2026-06-14T04:24:36.441Z,2026-06-14T04:24:36.441467Z,2026-06-14T06:24:36.441467Z,7528.101906,7,0.05642,10.634526763558588,1.8220413939501208,0.516,33.68055555555556,10.634526763558588,71.66852987818594,39,10,29,0,0.2051,False
TLM,2026-06-14T04:24:58.936Z,2026-06-14T04:24:58.936763Z,2026-06-14T06:24:58.936763Z,7505.60661,7,0.0010465000000000001,28.66698518872605,16.666666666666664,1.268,40.27777777777778,28.66698518872605,52.613167493748314,0,0,0,0,,
TOWNS,2026-06-14T04:25:05.600Z,2026-06-14T04:25:05.600572Z,2026-06-14T06:25:05.600572Z,7498.942801,7,0.002195,45.558086560364586,3.2110091743119353,-1.357,31.944444444444443,45.558086560364586,55.32260617032904,0,0,0,0,,
TRB,2026-06-14T04:25:11.049Z,2026-06-14T04:25:11.049497Z,2026-06-14T06:25:11.049497Z,7493.493876,7,13.495000000000001,7.410151908113958,4.132841328413288,3.277,38.541666666666664,7.410151908113958,70.42646256074569,0,0,0,0,,
VANRY,2026-06-14T04:25:30.240Z,2026-06-14T04:25:30.240420Z,2026-06-14T06:25:30.240420Z,7474.302953,7,0.0035164999999999997,8.531210009952979,5.456095481670939,1.941,32.291666666666664,8.531210009952979,67.20330590851252,0,0,0,0,,
YGG,2026-06-14T04:25:43.034Z,2026-06-14T04:25:43.034568Z,2026-06-14T06:25:43.034568Z,7461.508805,7,0.02536,23.659305993691255,4.833005893909621,-0.313,32.638888888888886,23.659305993691255,36.96430870676672,0,0,0,0,,
ETC,2026-06-14T04:32:14.384Z,2026-06-14T04:32:14.385237Z,2026-06-14T06:32:14.385237Z,7670.313586,7,7.155,13.976240391334434,1.8131101813110166,0.42,25.694444444444443,13.976240391334434,60.75429630281689,0,0,0,0,,
F,2026-06-14T04:32:22.995Z,2026-06-14T04:32:22.996066Z,2026-06-14T06:32:22.996066Z,7661.702757,7,0.003974999999999999,25.157232704403675,5.012531328320804,3.636,18.055555555555557,25.157232704403675,71.87387373308204,0,0,0,0,,
FORM,2026-06-14T04:32:29.724Z,2026-06-14T04:32:29.724816Z,2026-06-14T06:32:29.724816Z,7654.974007,7,0.2298,52.21932114882535,7.5724794461272245,0.829,21.180555555555557,52.21932114882535,57.237150554836845,0,0,0,0,,
HOLO,2026-06-14T04:32:40.457Z,2026-06-14T04:32:40.457225Z,2026-06-14T06:32:40.457225Z,7644.241598,7,0.0665,30.075187969925672,7.208588957055221,6.536,23.61111111111111,30.075187969925672,72.53091371581093,0,0,0,0,,
IMX,2026-06-14T04:32:46.955Z,2026-06-14T04:32:46.956000Z,2026-06-14T06:32:46.956000Z,7637.742823,7,0.14425,6.932409012132878,4.9033149171270685,1.828,20.833333333333332,6.932409012132878,68.77103253533762,24,5,16,3,0.2083,False
LISTA,2026-06-14T04:33:05.271Z,2026-06-14T04:33:05.271585Z,2026-06-14T06:33:05.271585Z,7619.427238,7,0.051699999999999996,38.68471953578314,3.448275862068971,1.953,17.01388888888889,38.68471953578314,71.42563028775551,0,0,0,0,,
MUBARAK,2026-06-14T04:33:23.333Z,2026-06-14T04:33:23.333402Z,2026-06-14T06:33:23.333402Z,7601.365421,7,0.010705,9.341429238674758,3.1423290203327174,1.121,20.48611111111111,9.341429238674758,67.79846873847086,0,0,0,0,,
NEO,2026-06-14T04:33:30.137Z,2026-06-14T04:33:30.137637Z,2026-06-14T06:33:30.137637Z,7594.561186,7,2.1944999999999997,4.556846662109319,2.8623353021354005,0.825,23.958333333333332,4.556846662109319,65.13388551836265,0,0,0,0,,
NMR,2026-06-14T04:33:38.294Z,2026-06-14T04:33:38.294587Z,2026-06-14T06:33:38.294587Z,7586.404236,7,8.49,47.11425206124752,1.770956316410866,1.195,19.444444444444443,47.11425206124752,65.31003750248038,0,0,0,0,,
NOM,2026-06-14T04:33:43.918Z,2026-06-14T04:33:43.918872Z,2026-06-14T06:33:43.918872Z,7580.779951,7,0.001625,61.5384615384617,2.4390243902439086,-1.205,28.819444444444443,61.5384615384617,61.73610800477807,0,0,0,0,,
ONT,2026-06-14T04:33:49.080Z,2026-06-14T04:33:49.080919Z,2026-06-14T06:33:49.080919Z,7575.617904,7,0.048174999999999996,10.378827192527543,3.5499273406684724,1.624,18.40277777777778,10.378827192527543,61.520750095168566,18,5,10,3,0.5,False
PEOPLE,2026-06-14T04:33:55.493Z,2026-06-14T04:33:55.493199Z,2026-06-14T06:33:55.493199Z,7569.205624,7,0.005475,18.264840182647657,4.014598540145997,1.67,22.569444444444443,18.264840182647657,70.50989247667079,0,0,0,0,,
PIXEL,2026-06-14T04:34:00.517Z,2026-06-14T04:34:00.518107Z,2026-06-14T06:34:00.518107Z,7564.180716,7,0.005485,18.231540565178594,3.0852994555353903,0.547,29.166666666666668,18.231540565178594,65.76043698748417,53,17,30,6,-0.1321,False
SAND,2026-06-14T04:34:08.343Z,2026-06-14T04:34:08.344106Z,2026-06-14T06:34:08.344106Z,7556.354717,7,0.05181,7.720517274657087,2.061462111089898,1.413,24.65277777777778,7.720517274657087,57.84438372700905,30,12,15,3,-0.1,False
SHELL,2026-06-14T04:34:14.226Z,2026-06-14T04:34:14.226290Z,2026-06-14T06:34:14.226290Z,7550.472533,7,0.02565,38.986354775828225,3.8759689922480653,0.389,27.083333333333332,38.986354775828225,61.17611688102702,0,0,0,0,,
SOPH,2026-06-14T04:34:19.694Z,2026-06-14T04:34:19.695103Z,2026-06-14T06:34:19.695103Z,7545.00372,7,0.005665,17.652250661958682,7.304347826086961,-2.542,21.52777777777778,17.652250661958682,56.95123337407703,0,0,0,0,,
SXT,2026-06-14T04:34:27.467Z,2026-06-14T04:34:27.467281Z,2026-06-14T06:34:27.467281Z,7537.231542,7,0.008395,35.73555687909531,5.509964830011723,0.235,30.208333333333332,35.73555687909531,57.649741969112526,0,0,0,0,,
TNSR,2026-06-14T04:34:39.947Z,2026-06-14T04:34:39.947633Z,2026-06-14T06:34:39.947633Z,7524.75119,7,0.02935,34.07155025553642,2.702702702702698,1.024,26.73611111111111,34.07155025553642,66.65185619604799,0,0,0,0,,
TURTLE,2026-06-14T04:34:47.653Z,2026-06-14T04:34:47.653265Z,2026-06-14T06:34:47.653265Z,7517.045558,7,0.036199999999999996,55.24861878453005,2.7397260273972437,0.275,27.77777777777778,55.24861878453005,47.695392967558284,14,8,6,0,0.5714,False
USUAL,2026-06-14T04:34:54.724Z,2026-06-14T04:34:54.724243Z,2026-06-14T06:34:54.724243Z,7509.97458,7,0.010235000000000001,9.770395701027187,5.4848188050930435,0.196,17.708333333333332,9.770395701027187,62.227385814689946,0,0,0,0,,
1MBABYDOGE,2026-06-14T04:40:46.731Z,2026-06-14T04:40:46.732010Z,2026-06-14T06:40:46.732010Z,7758.830762,7,0.000336,17.85714285714329,3.319502074688797,2.584,4.861111111111111,17.85714285714329,54.32819194867854,0,0,0,0,,
ACT,2026-06-14T04:40:53.789Z,2026-06-14T04:40:53.790056Z,2026-06-14T06:40:53.790056Z,7751.772716,7,0.010284999999999999,29.168692270297047,7.396733909702208,3.479,13.541666666666666,29.168692270297047,69.33670164290248,1,1,0,0,1.0,False
CATI,2026-06-14T04:41:37.454Z,2026-06-14T04:41:37.454644Z,2026-06-14T06:41:37.454644Z,7708.108128,7,0.060399999999999995,33.11258278145675,4.628099173553726,3.774,10.069444444444445,33.11258278145675,60.54794578659261,0,0,0,0,,
COTI,2026-06-14T04:41:48.500Z,2026-06-14T04:41:48.500761Z,2026-06-14T06:41:48.500761Z,7697.062011,7,0.01,19.999999999999186,2.5870646766169134,1.413,4.166666666666667,19.999999999999186,52.92677927685659,0,0,0,0,,
CVX,2026-06-14T04:42:01.111Z,2026-06-14T04:42:01.112315Z,2026-06-14T06:42:01.112315Z,7684.450457,7,1.32,30.30303030303033,1.7228464419475755,-0.299,9.027777777777779,30.30303030303033,44.49615029005112,0,0,0,0,,
GMT,2026-06-14T04:42:20.227Z,2026-06-14T04:42:20.227357Z,2026-06-14T06:42:20.227357Z,7665.335415,7,0.00817,24.479804161565706,4.116222760290557,-2.824,11.11111111111111,24.479804161565706,45.58196526444724,0,0,0,0,,
LA,2026-06-14T04:42:37.305Z,2026-06-14T04:42:37.306222Z,2026-06-14T06:42:37.306222Z,7648.25655,7,0.07769999999999999,51.48005148005117,7.662337662337666,7.994,5.555555555555555,51.48005148005117,69.12114614015117,0,0,0,0,,
MAGIC,2026-06-14T04:42:50.706Z,2026-06-14T04:42:50.706628Z,2026-06-14T06:42:50.706628Z,7634.856144,7,0.0466,42.91845493562206,4.651162790697676,3.275,9.722222222222221,42.91845493562206,64.58938292582313,70,13,55,2,0.6857,False
MET,2026-06-14T04:43:10.279Z,2026-06-14T04:43:10.279458Z,2026-06-14T06:43:10.279458Z,7615.283314,7,0.10469999999999999,38.20439350525288,3.0505243088655947,0.0,12.847222222222221,38.20439350525288,43.05969984701116,16,5,9,2,0.5,False
NEWT,2026-06-14T04:43:20.527Z,2026-06-14T04:43:20.527324Z,2026-06-14T06:43:20.527324Z,7605.035448,7,0.0527,37.95066413662216,4.914933837429108,1.927,12.5,37.95066413662216,59.43875382939383,0,0,0,0,,
REZ,2026-06-14T04:43:26.532Z,2026-06-14T04:43:26.532992Z,2026-06-14T06:43:26.532992Z,7599.02978,7,0.0031925,3.132341425215764,4.272698711907014,0.696,12.152777777777779,3.132341425215764,52.37964446101646,13,0,12,1,0.0,False
RVN,2026-06-14T04:43:33.563Z,2026-06-14T04:43:33.563298Z,2026-06-14T06:43:33.563298Z,7591.999474,7,0.0043549999999999995,22.96211251435238,1.5945330296127505,0.688,3.8194444444444446,22.96211251435238,57.872890854141275,0,0,0,0,,
SIGN,2026-06-14T04:43:39.058Z,2026-06-14T04:43:39.058893Z,2026-06-14T06:43:39.058893Z,7586.503879,7,0.008525,11.730205278591898,2.797202797202804,1.06,9.375,11.730205278591898,65.3083045961001,0,0,0,0,,
SKL,2026-06-14T04:43:47.049Z,2026-06-14T04:43:47.049353Z,2026-06-14T06:43:47.049353Z,7578.513419,7,0.00426,46.94835680751186,4.166666666666678,2.37,6.944444444444445,46.94835680751186,62.91646684697972,0,0,0,0,,
STEEM,2026-06-14T04:44:00.173Z,2026-06-14T04:44:00.174044Z,2026-06-14T06:44:00.174044Z,7565.388728,7,0.04446,17.993702204227787,0.9878760664571237,0.496,8.680555555555555,17.993702204227787,46.73838061844397,0,0,0,0,,
UMA,2026-06-14T04:44:06.290Z,2026-06-14T04:44:06.290330Z,2026-06-14T06:44:06.290330Z,7559.272442,7,0.4025,24.844720496894432,1.9900497512437827,1.259,4.513888888888889,24.844720496894432,59.93058337150621,0,0,0,0,,
VANA,2026-06-14T04:44:14.231Z,2026-06-14T04:44:14.231973Z,2026-06-14T06:44:14.231973Z,7551.330799,7,1.1145,8.972633467921847,4.355555555555549,1.995,14.583333333333334,8.972633467921847,70.43873835992413,0,0,0,0,,
VELODROME,2026-06-14T04:44:22.895Z,2026-06-14T04:44:22.895536Z,2026-06-14T06:44:22.895536Z,7542.667236,7,0.01389,14.398848092152042,3.3788641265276773,0.361,3.125,14.398848092152042,55.533144734933344,0,0,0,0,,
XAI,2026-06-14T04:44:28.162Z,2026-06-14T04:44:28.162914Z,2026-06-14T06:44:28.162914Z,7537.399858,7,0.008135,36.87768899815462,6.1050061050061,1.739,8.333333333333334,36.87768899815462,64.13318785605503,0,0,0,0,,
XVG,2026-06-14T04:44:35.785Z,2026-06-14T04:44:35.785320Z,2026-06-14T06:44:35.785320Z,7529.777452,7,0.002509,39.85651654045447,4.825949367088614,2.639,11.458333333333334,39.85651654045447,63.14358925174604,62,15,39,8,-0.4032,False
ETH,2026-06-14T04:51:07.651Z,2026-06-14T04:51:07.651708Z,2026-06-14T06:51:07.651708Z,7737.046583,7,1676.0349999999999,0.05966462514202213,2.1001404059874798,0.987,99.65277777777777,0.05966462514202213,63.85749826699302,27,12,12,3,0.5185,False
FDUSD,2026-06-14T04:51:14.379Z,2026-06-14T04:51:14.379805Z,2026-06-14T06:51:14.379805Z,7730.318486,7,0.99805,1.001953809929252,0.05009518084359733,0.01,91.66666666666667,1.001953809929252,59.06625676278751,0,0,0,0,,
FET,2026-06-14T04:51:19.370Z,2026-06-14T04:51:19.370893Z,2026-06-14T06:51:19.370893Z,7725.327398,7,0.2098,9.53288846520523,14.057357780912074,15.347,94.79166666666667,9.53288846520523,78.02717690377962,7,3,3,1,0.4286,False
ICP,2026-06-14T04:51:30.815Z,2026-06-14T04:51:30.816202Z,2026-06-14T06:51:30.816202Z,7713.882089,7,2.4135,4.14336026517644,11.876288659793826,3.456,95.48611111111111,4.14336026517644,63.20031561633873,11,8,2,1,0.4545,False
INJ,2026-06-14T04:51:36.747Z,2026-06-14T04:51:36.747940Z,2026-06-14T06:51:36.747940Z,7707.950351,7,5.1259999999999994,3.9016777214197815,8.013803680981598,1.895,89.93055555555556,3.9016777214197815,60.82620121628923,26,16,7,3,0.5385,False
PENGU,2026-06-14T04:51:56.092Z,2026-06-14T04:51:56.093118Z,2026-06-14T06:51:56.093118Z,7688.605173,7,0.006723,2.974862412613812,4.514805042509529,1.277,89.23611111111111,2.974862412613812,47.7167422203371,2,2,0,0,1.0,False
PEPE,2026-06-14T04:52:01.145Z,2026-06-14T04:52:01.145656Z,2026-06-14T06:52:01.145656Z,7683.552635,7,2.825e-06,35.39823008849524,3.5211267605633765,1.068,97.91666666666667,35.39823008849524,63.91690060840332,4,4,0,0,1.0,False
SOL,2026-06-14T04:52:17.005Z,2026-06-14T04:52:17.005911Z,2026-06-14T06:52:17.005911Z,7667.69238,7,68.185,1.4665982254148135,4.311846689895469,3.098,98.61111111111111,1.4665982254148135,60.88800384977318,30,15,14,1,0.8,False
SUI,2026-06-14T04:52:22.983Z,2026-06-14T04:52:22.983541Z,2026-06-14T06:52:22.983541Z,7661.71475,7,0.75975,1.3162224415924841,3.8060479666319083,2.239,96.18055555555556,1.3162224415924841,54.98220216018846,22,16,4,2,0.6364,False
SUSHI,2026-06-14T04:52:29.696Z,2026-06-14T04:52:29.696442Z,2026-06-14T06:52:29.696442Z,7655.001849,7,0.1744,22.93577981651442,3.1872509960159485,1.443,2.0833333333333335,22.93577981651442,50.76769111103392,0,0,0,0,,
T,2026-06-14T04:52:37.491Z,2026-06-14T04:52:37.491657Z,2026-06-14T06:52:37.491657Z,7647.206634,7,0.0038,52.63157894736856,1.8372703412073539,0.263,2.7777777777777777,52.63157894736856,42.358007771210666,0,0,0,0,,
TAO,2026-06-14T04:52:42.945Z,2026-06-14T04:52:42.945866Z,2026-06-14T06:52:42.945866Z,7641.752425,7,273.65,3.654302941712622,23.068552774755176,27.876,98.95833333333333,3.654302941712622,72.81569322525667,43,17,23,3,0.814,False
TRUMP,2026-06-14T04:52:51.557Z,2026-06-14T04:52:51.557503Z,2026-06-14T06:52:51.557503Z,7633.140788,7,2.0675,4.836759371220749,12.191650853889948,-8.148,95.83333333333333,4.836759371220749,42.29904395030821,61,17,5,39,0.9344,False
USD1,2026-06-14T04:53:03.637Z,2026-06-14T04:53:03.637964Z,2026-06-14T06:53:03.637964Z,7621.060327,7,1.0006499999999998,0.9993504222254435,0.03998400639743662,0.02,99.30555555555556,0.9993504222254435,71.16692452831852,0,0,0,0,,
WLD,2026-06-14T04:53:08.770Z,2026-06-14T04:53:08.770500Z,2026-06-14T06:53:08.770500Z,7615.927791,7,0.5151,3.8827412152975724,13.283108643933378,5.523,97.56944444444444,3.8827412152975724,60.10461540230714,2,0,2,0,-1.0,False
XLM,2026-06-14T04:53:14.817Z,2026-06-14T04:53:14.818169Z,2026-06-14T06:53:14.818169Z,7609.880122,7,0.18655,5.360493165370625,4.674905964535204,0.323,92.01388888888889,5.360493165370625,63.180063568636356,64,32,30,2,0.5,False
XPL,2026-06-14T04:53:19.938Z,2026-06-14T04:53:19.939197Z,2026-06-14T06:53:19.939197Z,7604.759094,7,0.08715,11.474469305794935,16.741573033707862,6.715,92.70833333333333,11.474469305794935,48.43752021044452,0,0,0,0,,
XRP,2026-06-14T04:53:26.160Z,2026-06-14T04:53:26.160354Z,2026-06-14T06:53:26.160354Z,7598.537937,7,1.1464500000000002,0.8722578394172356,2.6905051206387904,1.713,96.52777777777777,0.8722578394172356,59.62242531416603,26,16,9,1,0.6923,False
ZEC,2026-06-14T04:53:31.238Z,2026-06-14T04:53:31.239149Z,2026-06-14T06:53:31.239149Z,7593.459142,7,423.78999999999996,2.3596592652013,5.689231351044718,1.773,98.26388888888889,2.3596592652013,64.36859428098509,8,3,5,0,0.25,False
ALGO,2026-06-14T04:59:06.184Z,2026-06-14T04:59:06.184673Z,2026-06-14T06:59:06.184673Z,7258.513618,7,0.09075,11.01928374655679,7.952069716775599,5.76,88.19444444444444,11.01928374655679,68.55138481172281,5,3,1,1,0.8,False
BIO,2026-06-14T04:59:17.587Z,2026-06-14T04:59:17.587374Z,2026-06-14T06:59:17.587374Z,7247.110917,7,0.031855,9.417673834563567,9.492888064316624,4.626,87.15277777777777,9.417673834563567,69.36332755152682,0,0,0,0,,
EPIC,2026-06-14T04:59:23.210Z,2026-06-14T04:59:23.210526Z,2026-06-14T06:59:23.210526Z,7241.487765,7,0.5265,18.993352326685677,23.52941176470588,-2.226,87.5,18.993352326685677,62.066501598916545,0,0,0,0,,
OP,2026-06-14T04:59:33.036Z,2026-06-14T04:59:33.036221Z,2026-06-14T06:59:33.036221Z,7231.66207,7,0.1057,18.9214758751188,11.869158878504676,6.574,87.84722222222223,18.9214758751188,73.90274520803408,20,12,7,1,0.8,False
SEI,2026-06-14T04:59:44.462Z,2026-06-14T04:59:44.462478Z,2026-06-14T06:59:44.462478Z,7220.235813,7,0.053055000000000005,1.8848364904350317,5.575106501203924,2.351,88.54166666666667,1.8848364904350317,64.79396641598686,1,1,0,0,-1.0,False
AAVE,2026-06-14T05:05:19.165Z,2026-06-14T05:05:19.166153Z,2026-06-14T07:05:19.166153Z,7485.876646,7,66.03,3.028926245647468,4.169148302561066,3.133,82.29166666666667,3.028926245647468,52.39488131984932,0,0,0,0,,
APT,2026-06-14T05:05:25.053Z,2026-06-14T05:05:25.053429Z,2026-06-14T07:05:25.053429Z,7479.98937,7,0.6605000000000001,15.140045420136271,5.25525525525526,2.462,77.77777777777777,15.140045420136271,55.43002547819285,19,13,4,2,0.5789,False
ASTER,2026-06-14T05:05:30.160Z,2026-06-14T05:05:30.160685Z,2026-06-14T07:05:30.160685Z,7474.882114,7,0.6315,15.835312747426777,1.8867924528301903,0.474,76.38888888888889,15.835312747426777,55.21230655582766,0,0,0,0,,
ATOM,2026-06-14T05:05:36.175Z,2026-06-14T05:05:36.175543Z,2026-06-14T07:05:36.175543Z,7468.867256,7,1.9420000000000002,10.298661174047382,3.9426523297491016,-2.399,77.08333333333333,10.298661174047382,56.674242077335336,41,10,27,4,0.5122,False
CHZ,2026-06-14T05:05:50.994Z,2026-06-14T05:05:50.994421Z,2026-06-14T07:05:50.994421Z,7454.048378,7,0.025564999999999997,11.734793663210944,5.214723926380368,0.656,81.59722222222223,11.734793663210944,62.01556596136353,0,0,0,0,,
CRV,2026-06-14T05:05:57.157Z,2026-06-14T05:05:57.157790Z,2026-06-14T07:05:57.157790Z,7447.885009,7,0.23295,4.292766688131219,5.977796754910339,-1.014,85.06944444444444,4.292766688131219,49.86192149147771,2,1,0,1,-1.0,False
DYDX,2026-06-14T05:06:04.375Z,2026-06-14T05:06:04.375561Z,2026-06-14T07:06:04.375561Z,7440.667238,7,0.11878,11.786496043105004,4.6255322701845225,-3.052,76.73611111111111,11.786496043105004,41.729218362349236,0,0,0,0,,
EDEN,2026-06-14T05:06:09.519Z,2026-06-14T05:06:09.519429Z,2026-06-14T07:06:09.519429Z,7435.52337,7,0.0411,48.661800486617715,8.7378640776699,0.243,74.65277777777777,48.661800486617715,66.94352651770588,0,0,0,0,,
EIGEN,2026-06-14T05:06:15.694Z,2026-06-14T05:06:15.694327Z,2026-06-14T07:06:15.694327Z,7429.348472,7,0.19855,15.109544195416504,15.335305719921111,14.771,75.34722222222223,15.109544195416504,76.69806730810996,3,1,1,1,1.0,False
HMSTR,2026-06-14T05:06:26.206Z,2026-06-14T05:06:26.206717Z,2026-06-14T07:06:26.206717Z,7418.836082,7,0.00016515,6.055101422948981,22.57309941520467,-9.572,81.94444444444444,6.055101422948981,52.59147913886417,1,1,0,0,1.0,False
IO,2026-06-14T05:06:35.734Z,2026-06-14T05:06:35.734293Z,2026-06-14T07:06:35.734293Z,7409.308506,7,0.17585,17.059994313334926,13.618677042801568,3.272,81.25,17.059994313334926,72.7893100376724,0,0,0,0,,
JTO,2026-06-14T05:06:41.092Z,2026-06-14T05:06:41.093075Z,2026-06-14T07:06:41.093075Z,7403.949724,7,0.54935,1.8203331209609352,5.199560600512629,2.285,74.30555555555556,1.8203331209609352,71.38613511899611,2,2,0,0,1.0,False
LINK,2026-06-14T05:07:00.425Z,2026-06-14T05:07:00.425626Z,2026-06-14T07:07:00.425626Z,7384.617173,7,7.9105,1.2641425952840475,2.4880623272178988,0.99,85.76388888888889,1.2641425952840475,59.46005133314442,8,5,3,0,0.375,False
OPEN,2026-06-14T05:07:27.511Z,2026-06-14T05:07:27.512121Z,2026-06-14T07:07:27.512121Z,7357.530678,7,0.2511,7.964954201512464,14.637096774193559,13.761,73.61111111111111,7.964954201512464,64.90420255334227,4,3,1,0,1.0,False
ORCA,2026-06-14T05:07:38.722Z,2026-06-14T05:07:38.722379Z,2026-06-14T07:07:38.722379Z,7346.32042,7,1.1235,8.900756564308962,8.084358523725843,-4.77,80.90277777777777,8.900756564308962,63.69353643209384,18,17,1,0,1.0,False
ORDI,2026-06-14T05:07:44.143Z,2026-06-14T05:07:44.143765Z,2026-06-14T07:07:44.143765Z,7340.899034,7,3.2945,9.106085900742661,7.564798071127182,-1.338,73.95833333333333,9.106085900742661,56.60064944818042,7,3,4,0,1.0,False
PENDLE,2026-06-14T05:07:49.242Z,2026-06-14T05:07:49.242254Z,2026-06-14T07:07:49.242254Z,7335.800545,7,1.3405,7.459903021259902,6.0902255639097715,4.89,80.20833333333333,7.459903021259902,60.580139197499825,0,0,0,0,,
PUMP,2026-06-14T05:07:55.178Z,2026-06-14T05:07:55.178742Z,2026-06-14T07:07:55.178742Z,7329.864057,7,0.001507,13.271400132714323,3.5294117647058836,1.057,78.81944444444444,13.271400132714323,49.43830619442915,5,5,0,0,1.0,False
PYTH,2026-06-14T05:08:03.178Z,2026-06-14T05:08:03.179217Z,2026-06-14T07:08:03.179217Z,7321.863582,7,0.038849999999999996,25.740025740024695,8.051948051948049,2.394,80.55555555555556,25.740025740024695,65.12064286980105,3,1,1,1,0.3333,False
SOMI,2026-06-14T05:08:17.470Z,2026-06-14T05:08:17.470874Z,2026-06-14T07:08:17.470874Z,7307.571925,7,0.1118,17.88908765653003,7.319223985890642,2.717,75.0,17.88908765653003,62.37416594227259,0,0,0,0,,
TIA,2026-06-14T05:08:24.642Z,2026-06-14T05:08:24.642688Z,2026-06-14T07:08:24.642688Z,7300.400111,7,0.33855,2.953773445576399,10.06124234470692,5.313,78.47222222222223,2.953773445576399,60.25009666932246,10,4,6,0,0.6,False
W,2026-06-14T05:08:33.446Z,2026-06-14T05:08:33.446586Z,2026-06-14T07:08:33.446586Z,7291.596213,7,0.00963,20.768431983384406,6.960081883316276,2.518,77.43055555555556,20.768431983384406,69.35730835545407,1,1,0,0,1.0,False
ZRO,2026-06-14T05:08:47.385Z,2026-06-14T05:08:47.385303Z,2026-06-14T07:08:47.385303Z,7277.657496,7,0.9275,10.78167115902966,5.744680851063824,2.508,72.56944444444444,10.78167115902966,67.47994041911224,0,0,0,0,,
ARB,2026-06-14T05:14:49.001Z,2026-06-14T05:14:49.001696Z,2026-06-14T07:14:49.001696Z,7514.69251,7,0.08345,11.983223487118378,3.6773428232503034,0.238,66.31944444444444,11.983223487118378,55.921687668662685,3,1,1,1,0.3333,False
ARKM,2026-06-14T05:14:54.893Z,2026-06-14T05:14:54.893741Z,2026-06-14T07:14:54.893741Z,7508.800465,7,0.1285,15.564202334630796,9.600614439324104,7.692,61.80555555555556,15.564202334630796,78.97164769202472,40,11,27,2,0.35,False
AT,2026-06-14T05:15:03.139Z,2026-06-14T05:15:03.139928Z,2026-06-14T07:15:03.139928Z,7500.554278,7,0.13425,37.24394785847303,33.45507669831994,-12.187,63.541666666666664,37.24394785847303,57.3115036438752,1,1,0,0,1.0,False
AVNT,2026-06-14T05:15:08.356Z,2026-06-14T05:15:08.356286Z,2026-06-14T07:15:08.356286Z,7495.33792,7,0.11015,9.078529278257182,5.845323741007199,2.963,60.416666666666664,9.078529278257182,69.99523129886045,0,0,0,0,,
BANANAS31,2026-06-14T05:15:18.422Z,2026-06-14T05:15:18.422576Z,2026-06-14T07:15:18.422576Z,7485.27163,7,0.0086455,12.723382106298759,9.791395045632346,6.557,68.75,12.723382106298759,78.16793085834216,0,0,0,0,,
DOT,2026-06-14T05:15:32.905Z,2026-06-14T05:15:32.905653Z,2026-06-14T07:15:32.905653Z,7470.788553,7,0.9675,10.33591731266151,3.377686796315254,1.034,71.875,10.33591731266151,62.67845843299503,20,14,4,2,0.6,False
FIL,2026-06-14T05:15:52.826Z,2026-06-14T05:15:52.827095Z,2026-06-14T07:15:52.827095Z,7450.867111,7,0.7675000000000001,13.029315960912063,5.419354838709682,1.706,61.111111111111114,13.029315960912063,48.094057462540356,38,11,26,1,0.9211,False
HEMI,2026-06-14T05:16:04.926Z,2026-06-14T05:16:04.926536Z,2026-06-14T07:16:04.926536Z,7438.76767,7,0.006144999999999999,16.273393002441757,13.964686998394866,2.131,64.58333333333333,16.273393002441757,68.08587734376917,0,0,0,0,,
INIT,2026-06-14T05:16:12.938Z,2026-06-14T05:16:12.938888Z,2026-06-14T07:16:12.938888Z,7430.755318,7,0.05885,16.99235344095206,5.772495755517827,-1.669,70.83333333333333,16.99235344095206,61.00113143874045,0,0,0,0,,
MORPHO,2026-06-14T05:16:23.348Z,2026-06-14T05:16:23.348366Z,2026-06-14T07:16:23.348366Z,7420.34584,7,1.9565000000000001,5.111167901866147,4.783950617283938,-1.719,58.68055555555556,5.111167901866147,55.04122350915477,0,0,0,0,,
NIL,2026-06-14T05:16:30.217Z,2026-06-14T05:16:30.218074Z,2026-06-14T07:16:30.218074Z,7413.476132,7,0.039540000000000006,30.34901365705666,12.015404364569953,1.038,65.625,30.34901365705666,57.74243788036632,1,0,1,0,1.0,False
PHA,2026-06-14T05:16:38.106Z,2026-06-14T05:16:38.107002Z,2026-06-14T07:16:38.107002Z,7405.587204,7,0.03535,28.288543140029102,12.146892655367227,2.907,63.19444444444444,28.288543140029102,69.25136738090988,1,1,0,0,1.0,False
PNUT,2026-06-14T05:16:47.637Z,2026-06-14T05:16:47.637922Z,2026-06-14T07:16:47.637922Z,7396.056284,7,0.044399999999999995,45.04504504504477,7.415730337078662,4.46,67.70833333333333,45.04504504504477,66.59453869008743,68,20,44,4,0.1176,False
POL,2026-06-14T05:16:55.115Z,2026-06-14T05:16:55.115796Z,2026-06-14T07:16:55.115796Z,7388.57841,7,0.075225,9.30541708208531,2.7957272847158077,1.391,62.84722222222222,9.30541708208531,73.7681122565529,9,6,3,0,0.5556,False
RAY,2026-06-14T05:16:58.981Z,2026-06-14T05:16:58.981888Z,2026-06-14T07:16:58.981888Z,7384.712318,7,0.6085,16.43385373870174,5.987055016181235,4.569,59.02777777777778,16.43385373870174,70.56674038936613,22,18,4,0,0.9091,False
RUNE,2026-06-14T05:17:05.799Z,2026-06-14T05:17:05.800050Z,2026-06-14T07:17:05.800050Z,7377.894156,7,0.3775,26.490066225165585,6.11702127659575,-3.093,64.23611111111111,26.490066225165585,57.90543130573202,0,0,0,0,,
SAGA,2026-06-14T05:17:10.851Z,2026-06-14T05:17:10.852104Z,2026-06-14T07:17:10.852104Z,7372.842102,7,0.01325,15.094339622640895,11.51515151515152,3.125,71.52777777777777,15.094339622640895,63.58228256609414,0,0,0,0,,
STRK,2026-06-14T05:17:16.476Z,2026-06-14T05:17:16.477118Z,2026-06-14T07:17:16.477118Z,7367.217088,7,0.03465,28.86002886002969,5.747126436781615,3.264,71.18055555555556,28.86002886002969,72.47977081467366,0,0,0,0,,
SYN,2026-06-14T05:17:22.943Z,2026-06-14T05:17:22.943928Z,2026-06-14T07:17:22.943928Z,7360.750278,7,0.043399999999999994,46.08294930875549,31.753554502369663,36.129,64.93055555555556,46.08294930875549,71.5978001098165,4,3,1,0,1.0,False
UNI,2026-06-14T05:17:27.948Z,2026-06-14T05:17:27.948291Z,2026-06-14T07:17:27.948291Z,7355.745915,7,2.5285,3.954913980620486,3.9231071008238563,1.919,63.888888888888886,3.954913980620486,47.962287783730176,7,3,4,0,0.1429,False
VIRTUAL,2026-06-14T05:17:33.275Z,2026-06-14T05:17:33.275281Z,2026-06-14T07:17:33.275281Z,7350.418925,7,0.6327,9.48316737790493,6.611826788762993,4.374,70.13888888888889,9.48316737790493,46.882914294078056,1,1,0,0,-1.0,False
ZBT,2026-06-14T05:17:46.457Z,2026-06-14T05:17:46.457700Z,2026-06-14T07:17:46.457700Z,7337.236506,7,0.11775,8.492569002123387,12.306368330464721,-8.934,62.5,8.492569002123387,58.08216030511194,1,0,0,1,-1.0,False
ZEN,2026-06-14T05:17:52.864Z,2026-06-14T05:17:52.865227Z,2026-06-14T07:17:52.865227Z,7330.828979,7,4.402,9.086778736936754,5.717463848720794,4.681,59.72222222222222,9.086778736936754,61.35639106177118,0,0,0,0,,
2Z,2026-06-14T05:23:31.609Z,2026-06-14T05:23:31.609906Z,2026-06-14T07:23:31.609906Z,7591.703878,7,0.069995,10.000714336738426,7.76643990929705,3.704,55.90277777777778,10.000714336738426,53.91861128634191,0,0,0,0,,
GIGGLE,2026-06-14T05:24:30.167Z,2026-06-14T05:24:30.167837Z,2026-06-14T07:24:30.167837Z,7533.145947,7,28.335,10.587612493383144,6.949806949806939,4.936,53.81944444444444,10.587612493383144,65.05819578559696,0,0,0,0,,
IOTA,2026-06-14T05:24:52.127Z,2026-06-14T05:24:52.127717Z,2026-06-14T07:24:52.127717Z,7511.186067,7,0.04615,21.668472372696844,3.030303030303027,0.0,46.52777777777778,21.668472372696844,60.37789168073481,1,1,0,0,0.0,False
KITE,2026-06-14T05:25:07.234Z,2026-06-14T05:25:07.234733Z,2026-06-14T07:25:07.234733Z,7496.079051,7,0.19385,5.158627805003301,3.924566768603472,2.028,57.986111111111114,5.158627805003301,55.943933495324316,0,0,0,0,,
OSMO,2026-06-14T05:25:25.400Z,2026-06-14T05:25:25.401121Z,2026-06-14T07:25:25.401121Z,7477.912663,7,0.04605,21.715526601520708,8.315565031982944,-1.055,53.47222222222222,21.715526601520708,65.72399848627254,0,0,0,0,,
PARTI,2026-06-14T05:25:33.117Z,2026-06-14T05:25:33.118048Z,2026-06-14T07:25:33.118048Z,7470.195736,7,0.05965,16.764459346186566,5.409836065573778,0.66,51.388888888888886,16.764459346186566,71.24907576751859,0,0,0,0,,
PROVE,2026-06-14T05:25:43.770Z,2026-06-14T05:25:43.770558Z,2026-06-14T07:25:43.770558Z,7459.543226,7,0.199,10.050251256281694,6.995470558631101,4.524,50.34722222222222,10.050251256281694,72.49915726267781,2,2,0,0,1.0,False
RESOLV,2026-06-14T05:25:50.612Z,2026-06-14T05:25:50.613160Z,2026-06-14T07:25:50.613160Z,7452.700624,7,0.01675,59.70149253731307,5.847953216374253,2.395,49.65277777777778,59.70149253731307,67.98266639250723,0,0,0,0,,
S,2026-06-14T05:25:56.551Z,2026-06-14T05:25:56.551273Z,2026-06-14T07:25:56.551273Z,7446.762511,7,0.030315,9.8960910440372,4.426229508196723,0.23,47.916666666666664,9.8960910440372,67.60533175098642,0,0,0,0,,
SYRUP,2026-06-14T05:26:24.479Z,2026-06-14T05:26:24.479602Z,2026-06-14T07:26:24.479602Z,7418.834182,7,0.13285,7.527286413247195,1.7543859649122782,0.691,56.94444444444444,7.527286413247195,48.74495834679632,0,0,0,0,,
TST,2026-06-14T05:26:29.606Z,2026-06-14T05:26:29.606875Z,2026-06-14T07:26:29.606875Z,7413.706909,7,0.01538,13.003901170350577,14.349775784753355,-8.82,55.208333333333336,13.003901170350577,49.71853168847503,2,0,2,0,1.0,False
TURBO,2026-06-14T05:26:37.254Z,2026-06-14T05:26:37.254234Z,2026-06-14T07:26:37.254234Z,7406.05955,7,0.0009135,10.946907498631901,12.772925764192141,7.135,54.513888888888886,10.946907498631901,54.51723798108214,1,1,0,0,1.0,False
TUT,2026-06-14T05:26:44.231Z,2026-06-14T05:26:44.231486Z,2026-06-14T07:26:44.231486Z,7399.082298,7,0.010695,46.750818139317154,6.37119113573407,3.935,52.083333333333336,46.750818139317154,76.7289507600372,0,0,0,0,,
WAL,2026-06-14T05:26:51.200Z,2026-06-14T05:26:51.200642Z,2026-06-14T07:26:51.200642Z,7392.113142,7,0.03405,29.36857562408104,8.746355685131183,1.18,54.166666666666664,29.36857562408104,61.09288430786787,0,0,0,0,,
A,2026-06-14T05:27:27.720Z,2026-06-14T05:27:27.721040Z,2026-06-14T07:27:27.721040Z,7355.592744,7,0.07164999999999999,41.870202372646006,7.323943661971846,0.141,34.375,41.870202372646006,59.53927878484174,0,0,0,0,,
BOME,2026-06-14T05:27:43.069Z,2026-06-14T05:27:43.069772Z,2026-06-14T07:27:43.069772Z,7340.244012,7,0.0004305,23.228803716609157,3.456221198156679,1.166,31.25,23.228803716609157,63.40170985011021,0,0,0,0,,
CETUS,2026-06-14T05:28:01.315Z,2026-06-14T05:28:01.315411Z,2026-06-14T07:28:01.315411Z,7321.998373,7,0.018615,16.11603545527921,8.899420747761964,5.853,39.93055555555556,16.11603545527921,65.5034215505957,2,1,1,0,1.0,False
CKB,2026-06-14T05:28:13.107Z,2026-06-14T05:28:13.107950Z,2026-06-14T07:28:13.107950Z,7310.205834,7,0.0011355,8.806693086747096,4.533565823888401,1.415,36.458333333333336,8.806693086747096,60.535158883077614,0,0,0,0,,
FLOKI,2026-06-14T05:28:25.121Z,2026-06-14T05:28:25.121268Z,2026-06-14T07:28:25.121268Z,7298.192516,7,2.5155e-05,3.9753528125614035,3.2436708860759453,2.348,32.986111111111114,3.9753528125614035,58.18549357684601,2,2,0,0,1.0,False
GPS,2026-06-14T05:28:39.657Z,2026-06-14T05:28:39.658005Z,2026-06-14T07:28:39.658005Z,7283.655779,7,0.00746,26.809651474530902,5.347593582887692,5.65,34.02777777777778,26.809651474530902,74.23905617104457,0,0,0,0,,
HYPER,2026-06-14T05:28:53.021Z,2026-06-14T05:28:53.021611Z,2026-06-14T07:28:53.021611Z,7270.292173,7,0.07335,13.63326516700789,5.0477489768076325,2.949,44.44444444444444,13.63326516700789,71.9935537259124,0,0,0,0,,
LINEA,2026-06-14T05:29:06.047Z,2026-06-14T05:29:06.047683Z,2026-06-14T07:29:06.047683Z,7257.266101,7,0.002502,7.993605115906602,7.092198581560286,1.439,38.888888888888886,7.993605115906602,69.41100062157032,0,0,0,0,,
MITO,2026-06-14T05:29:18.205Z,2026-06-14T05:29:18.205809Z,2026-06-14T07:29:18.205809Z,7245.107975,7,0.024785,28.242888844057756,9.193548387096774,5.144,39.236111111111114,28.242888844057756,62.492894588731836,0,0,0,0,,
MOVE,2026-06-14T05:29:25.198Z,2026-06-14T05:29:25.198843Z,2026-06-14T07:29:25.198843Z,7238.114941,7,0.01195,83.68200836820033,5.833333333333341,0.0,35.763888888888886,83.68200836820033,55.41964825509895,0,0,0,0,,
ROSE,2026-06-14T05:29:56.343Z,2026-06-14T05:29:56.343426Z,2026-06-14T07:29:56.343426Z,7206.970358,7,0.0063549999999999995,15.73564122738074,4.205607476635505,2.067,31.59722222222222,15.73564122738074,63.283389590287264,46,7,34,5,0.5435,False
SOLV,2026-06-14T05:30:23.201Z,2026-06-14T05:30:23.201393Z,2026-06-14T07:30:23.201393Z,7779.904923,7,0.003385,29.54209748892051,5.000000000000001,2.41,36.111111111111114,29.54209748892051,69.12563850936496,0,0,0,0,,
STX,2026-06-14T05:30:28.969Z,2026-06-14T05:30:28.969450Z,2026-06-14T07:30:28.969450Z,7774.136866,7,0.18435,5.424464334147911,4.981253347616498,3.895,41.31944444444444,5.424464334147911,57.731531344362416,35,15,18,2,0.3714,False
THETA,2026-06-14T05:30:34.929Z,2026-06-14T05:30:34.930045Z,2026-06-14T07:30:34.930045Z,7768.176271,7,0.15999999999999998,12.50000000000036,5.403726708074543,3.205,37.15277777777778,12.50000000000036,60.412495672937574,0,0,0,0,,
TREE,2026-06-14T05:30:56.749Z,2026-06-14T05:30:56.749808Z,2026-06-14T07:30:56.749808Z,7746.356508,7,0.04615,21.668472372696844,4.487179487179497,2.632,34.72222222222222,21.668472372696844,74.20214284487541,0,0,0,0,,
TWT,2026-06-14T05:31:03.229Z,2026-06-14T05:31:03.229273Z,2026-06-14T07:31:03.229273Z,7739.877043,7,0.39415,32.982367119116276,2.2520242914979804,1.516,44.09722222222222,32.982367119116276,73.28672553683468,4,2,1,1,0.0,False
XTZ,2026-06-14T05:31:15.406Z,2026-06-14T05:31:15.406934Z,2026-06-14T07:31:15.406934Z,7727.699382,7,0.2348,8.5178875638844,3.932346723044399,1.72,40.97222222222222,8.5178875638844,45.61141803670016,3,2,0,1,-0.3333,False
1000CHEEMS,2026-06-14T05:36:51.190Z,2026-06-14T05:36:51.190604Z,2026-06-14T07:36:51.190604Z,7391.915712,7,0.0005909999999999999,67.68189509306242,8.998302207130727,-3.758,22.22222222222222,67.68189509306242,51.15183132060965,0,0,0,0,,
1000SATS,2026-06-14T05:36:55.347Z,2026-06-14T05:36:55.347886Z,2026-06-14T07:36:55.347886Z,7387.75843,7,9.565e-06,31.36434918975401,2.6068821689259574,-0.622,20.13888888888889,31.36434918975401,55.37998187436252,14,3,5,6,0.7143,False
ACH,2026-06-14T05:37:02.420Z,2026-06-14T05:37:02.420799Z,2026-06-14T07:37:02.420799Z,7380.685517,7,0.005405,18.501387604069553,2.014652014652012,-0.183,19.09722222222222,18.501387604069553,65.84840440728257,0,0,0,0,,
ANIME,2026-06-14T05:37:10.550Z,2026-06-14T05:37:10.550387Z,2026-06-14T07:37:10.550387Z,7372.555929,7,0.002935,34.071550255536714,3.355704697986586,0.337,23.26388888888889,34.071550255536714,61.09449332598594,0,0,0,0,,
BARD,2026-06-14T05:37:16.405Z,2026-06-14T05:37:16.405748Z,2026-06-14T07:37:16.405748Z,7366.700568,7,0.15560000000000002,12.853470437018363,7.5268817204301035,-2.768,26.38888888888889,12.853470437018363,58.9825696956379,0,0,0,0,,
BLUR,2026-06-14T05:37:24.245Z,2026-06-14T05:37:24.245388Z,2026-06-14T07:37:24.245388Z,7358.860928,7,0.0179,11.173184357541444,3.3003300330032994,-0.818,21.875,11.173184357541444,45.75633420870153,0,0,0,0,,
CFX,2026-06-14T05:37:29.303Z,2026-06-14T05:37:29.303393Z,2026-06-14T07:37:29.303393Z,7353.802923,7,0.04471,4.473272198614655,2.486678507992902,0.289,22.916666666666668,4.473272198614655,44.77712815000978,0,0,0,0,,
COOKIE,2026-06-14T05:37:36.900Z,2026-06-14T05:37:36.900656Z,2026-06-14T07:37:36.900656Z,7346.20566,7,0.00935,106.95187165775522,6.31578947368421,3.261,25.34722222222222,106.95187165775522,48.772579408290724,0,0,0,0,,
CYBER,2026-06-14T05:37:44.218Z,2026-06-14T05:37:44.218413Z,2026-06-14T07:37:44.218413Z,7338.887903,7,0.342,58.47953216374274,3.179190751445074,1.466,27.430555555555557,58.47953216374274,65.74426107009764,0,0,0,0,,
ENS,2026-06-14T05:37:53.276Z,2026-06-14T05:37:53.276859Z,2026-06-14T07:37:53.276859Z,7329.829457,7,4.885,20.47082906857684,3.448275862068964,1.232,30.555555555555557,20.47082906857684,61.683251704207834,0,0,0,0,,
ERA,2026-06-14T05:37:58.496Z,2026-06-14T05:37:58.496775Z,2026-06-14T07:37:58.496775Z,7324.609541,7,0.10114999999999999,9.88630746416242,4.775828460038988,2.806,25.0,9.88630746416242,59.14413414192899,0,0,0,0,,
GRT,2026-06-14T05:38:24.556Z,2026-06-14T05:38:24.556490Z,2026-06-14T07:38:24.556490Z,7298.549826,7,0.019865,15.101938082053247,3.203203203203194,1.113,17.36111111111111,15.101938082053247,68.16418775477585,12,2,9,1,-0.1667,False
KAIA,2026-06-14T05:38:39.176Z,2026-06-14T05:38:39.176674Z,2026-06-14T07:38:39.176674Z,7283.929642,7,0.03735,26.773761713521516,6.068601583113465,4.408,29.86111111111111,26.773761713521516,75.12485147317841,0,0,0,0,,
KERNEL,2026-06-14T05:38:46.846Z,2026-06-14T05:38:46.846760Z,2026-06-14T07:38:46.846760Z,7276.259556,7,0.04755,21.03049421661469,2.702702702702708,0.208,29.51388888888889,21.03049421661469,63.5792409457663,0,0,0,0,,
MIRA,2026-06-14T05:39:04.795Z,2026-06-14T05:39:04.795935Z,2026-06-14T07:39:04.795935Z,7258.310381,7,0.055150000000000005,18.13236627379799,5.677655677655675,2.056,19.791666666666668,18.13236627379799,68.76559758590635,0,0,0,0,,
VET,2026-06-14T05:40:24.778Z,2026-06-14T05:40:24.778713Z,2026-06-14T07:40:24.778713Z,7778.27891,7,0.0050195,9.961151509115776,3.054789121009078,1.277,28.125,9.961151509115776,59.03601189545805,2,2,0,0,1.0,False
WCT,2026-06-14T05:40:33.705Z,2026-06-14T05:40:33.706179Z,2026-06-14T07:40:33.706179Z,7769.351444,7,0.046715,10.703200256875627,5.277718663545442,1.163,18.75,10.703200256875627,65.66981690509031,0,0,0,0,,
AUCTION,2026-06-14T05:45:48.059Z,2026-06-14T05:45:48.059978Z,2026-06-14T07:45:48.059978Z,7454.997645,7,3.775,26.490066225165,2.6455026455026482,1.34,18.40277777777778,26.490066225165,51.61020787070885,0,0,0,0,,
ME,2026-06-14T05:45:55.044Z,2026-06-14T05:45:55.044756Z,2026-06-14T07:45:55.044756Z,7448.012867,7,0.0616,64.93506493506455,7.234726688102901,-1.738,17.36111111111111,64.93506493506455,54.257349542722174,0,0,0,0,,
YB,2026-06-14T05:46:00.387Z,2026-06-14T05:46:00.388015Z,2026-06-14T07:46:00.388015Z,7442.669608,7,0.0882,22.6757369614519,6.292134831460667,1.136,18.055555555555557,22.6757369614519,64.07346240455576,0,0,0,0,,
1000CAT,2026-06-14T05:46:26.158Z,2026-06-14T05:46:26.158575Z,2026-06-14T07:46:26.158575Z,7416.899048,7,0.001505,66.44518272425266,2.684563758389254,0.0,7.291666666666667,66.44518272425266,39.496203511451796,65,20,35,10,0.0,False
ACX,2026-06-14T05:46:44.255Z,2026-06-14T05:46:44.256112Z,2026-06-14T07:46:44.256112Z,7398.801511,7,0.042775,49.094097019287396,2.6894293732460204,1.882,10.069444444444445,49.094097019287396,56.95335331152767,61,20,31,10,0.1803,False
AEVO,2026-06-14T05:46:51.057Z,2026-06-14T05:46:51.057536Z,2026-06-14T07:46:51.057536Z,7392.000087,7,0.019795,35.362465269007636,2.769385699899305,-0.7,5.902777777777778,35.362465269007636,56.833997198841615,0,0,0,0,,
API3,2026-06-14T05:46:58.405Z,2026-06-14T05:46:58.406030Z,2026-06-14T07:46:58.406030Z,7384.651593,7,0.25529999999999997,15.667841754798728,2.3046874999999845,0.235,15.625,15.667841754798728,45.82222031682087,0,0,0,0,,
BANANA,2026-06-14T05:47:05.355Z,2026-06-14T05:47:05.355848Z,2026-06-14T07:47:05.355848Z,7377.701775,7,2.9405,10.202346539704518,3.2836831415030456,0.922,15.277777777777779,10.202346539704518,64.86083950527362,0,0,0,0,,
BEAMX,2026-06-14T05:47:12.974Z,2026-06-14T05:47:12.975028Z,2026-06-14T07:47:12.975028Z,7370.082595,7,0.0014325,20.9424083769631,2.9861111111111156,-0.415,11.11111111111111,20.9424083769631,46.55910214345403,0,0,0,0,,
BMT,2026-06-14T05:47:19.891Z,2026-06-14T05:47:19.891201Z,2026-06-14T07:47:19.891201Z,7363.166422,7,0.012955,7.719027402546965,2.916346891788182,1.638,4.861111111111111,7.719027402546965,65.4780474114277,0,0,0,0,,
COMP,2026-06-14T05:47:31.140Z,2026-06-14T05:47:31.141660Z,2026-06-14T07:47:31.141660Z,7351.915963,7,17.465,40.08016032064145,2.978235967926687,0.808,9.027777777777779,40.08016032064145,46.26256337859581,73,33,31,9,0.274,False
COW,2026-06-14T05:47:44.002Z,2026-06-14T05:47:44.002310Z,2026-06-14T07:47:44.002310Z,7339.055313,7,0.15115,19.84783327820011,4.233870967741936,2.762,9.375,19.84783327820011,40.488900774660436,0,0,0,0,,
EUL,2026-06-14T05:47:56.590Z,2026-06-14T05:47:56.591261Z,2026-06-14T07:47:56.591261Z,7326.466362,7,0.937,21.344717182496165,3.4707158351410006,2.217,13.88888888888889,21.344717182496165,66.50079732807184,0,0,0,0,,
FLUX,2026-06-14T05:48:03.424Z,2026-06-14T05:48:03.424189Z,2026-06-14T07:48:03.424189Z,7319.633434,7,0.05165,19.361084220716915,3.853564547206169,1.765,6.944444444444445,19.361084220716915,62.62015446398856,0,0,0,0,,
HIVE,2026-06-14T05:48:13.628Z,2026-06-14T05:48:13.628598Z,2026-06-14T07:48:13.628598Z,7309.429025,7,0.0493,40.56795131845818,3.0487804878048808,-1.796,16.319444444444443,40.56795131845818,52.67881805880201,0,0,0,0,,
ILV,2026-06-14T05:48:20.367Z,2026-06-14T05:48:20.367867Z,2026-06-14T07:48:20.367867Z,7302.689756,7,3.3449999999999998,29.895366218236862,7.4850299401197615,3.086,16.666666666666668,29.895366218236862,64.84487309924559,0,0,0,0,,
LPT,2026-06-14T05:48:33.492Z,2026-06-14T05:48:33.492310Z,2026-06-14T07:48:33.492310Z,7289.565313,7,1.7875,16.783216783216176,4.20403587443946,-1.762,4.513888888888889,16.783216783216176,56.87335212632527,0,0,0,0,,
MASK,2026-06-14T05:48:45.690Z,2026-06-14T05:48:45.690954Z,2026-06-14T07:48:45.690954Z,7277.366669,7,0.3655,27.359781121751052,2.45231607629428,1.662,3.125,27.359781121751052,63.06372838681654,0,0,0,0,,
MINA,2026-06-14T05:48:56.504Z,2026-06-14T05:48:56.505058Z,2026-06-14T07:48:56.505058Z,7266.552565,7,0.042550000000000004,23.501762632196456,3.2941176470588363,-0.235,13.541666666666666,23.501762632196456,34.55510975194744,0,0,0,0,,
SNX,2026-06-14T05:49:30.941Z,2026-06-14T05:49:30.941902Z,2026-06-14T07:49:30.941902Z,7232.115721,7,0.2395,41.753653444676445,2.9166666666666696,0.84,11.805555555555555,41.753653444676445,52.21604438244762,1,0,1,0,1.0,False
1INCH,2026-06-14T05:55:42.772Z,2026-06-14T05:55:42.772978Z,2026-06-14T07:55:42.772978Z,7461.486792,7,0.07214999999999999,41.58004158004278,2.500000000000014,0.699,1.3888888888888888,41.58004158004278,58.57132023551486,0,0,0,0,,
ADA,2026-06-14T05:55:47.958Z,2026-06-14T05:55:47.958862Z,2026-06-14T07:55:47.958862Z,7456.300908,7,0.17105,5.846243788365331,3.837209302325579,1.415,92.36111111111111,5.846243788365331,64.22344307243554,12,5,7,0,0.5,False
ALLO,2026-06-14T05:55:56.781Z,2026-06-14T05:55:56.781460Z,2026-06-14T07:55:56.781460Z,7447.47831,7,0.35755000000000003,8.39043490420983,15.94202898550725,-7.159,91.31944444444444,8.39043490420983,70.26910734207317,23,2,20,1,-0.5652,False
BCH,2026-06-14T05:56:01.801Z,2026-06-14T05:56:01.801328Z,2026-06-14T07:56:01.801328Z,7442.458442,7,203.55,4.912797838368671,4.243902439024385,1.235,89.23611111111111,4.912797838368671,44.98272872056741,0,0,0,0,,
BERA,2026-06-14T05:56:09.496Z,2026-06-14T05:56:09.496228Z,2026-06-14T07:56:09.496228Z,7434.763542,7,0.2525,39.60396039603964,6.349206349206354,0.0,93.05555555555556,39.60396039603964,58.897709760742345,2,0,2,0,1.0,False
BFUSD,2026-06-14T05:56:15.352Z,2026-06-14T05:56:15.352753Z,2026-06-14T07:56:15.352753Z,7428.907017,7,0.9997,12.003601080323886,0.13011710539485216,0.0,0.6944444444444444,12.003601080323886,39.24513878824347,0,0,0,0,,
BIGTIME,2026-06-14T05:56:23.001Z,2026-06-14T05:56:23.001747Z,2026-06-14T07:56:23.001747Z,7421.258023,7,0.008995,55.58643690939377,2.8888888888889066,-0.111,2.4305555555555554,55.58643690939377,57.58469809748363,67,21,32,14,-0.1045,False
BNB,2026-06-14T05:56:28.036Z,2026-06-14T05:56:28.037038Z,2026-06-14T07:56:28.037038Z,7416.222732,7,610.195,0.16388203770910784,2.1027424222543054,1.622,94.44444444444444,0.16388203770910784,68.45287609705592,5,2,3,0,1.0,False
BTC,2026-06-14T05:56:33.722Z,2026-06-14T05:56:33.722185Z,2026-06-14T07:56:33.722185Z,7410.537585,7,64413.695,0.0015524648903872554,1.9789638665667981,1.267,100.0,0.0015524648903872554,62.97291446525027,26,8,10,8,0.3077,False
CVC,2026-06-14T05:56:40.548Z,2026-06-14T05:56:40.548681Z,2026-06-14T07:56:40.548681Z,7403.711089,7,0.022765,30.74895673182544,0.743006993006993,-0.131,2.0833333333333335,30.74895673182544,35.023415670224786,66,18,36,12,-0.0909,False
DOGE,2026-06-14T05:56:46.895Z,2026-06-14T05:56:46.896154Z,2026-06-14T07:56:46.896154Z,7397.363616,7,0.087175,1.1471178663603236,3.424657534246563,1.801,93.40277777777777,1.1471178663603236,68.50197482860732,10,3,4,3,0.4,False
ENA,2026-06-14T05:56:53.520Z,2026-06-14T05:56:53.520533Z,2026-06-14T07:56:53.520533Z,7390.739237,7,0.08305,12.040939193255749,11.630695443645084,7.891,96.875,12.040939193255749,67.89236479210456,4,1,1,2,0.5,False
EUR,2026-06-14T05:57:00.842Z,2026-06-14T05:57:00.843013Z,2026-06-14T07:57:00.843013Z,7383.416757,7,1.1559499999999998,0.8650893204722436,0.069198166248606,-0.043,94.79166666666667,0.8650893204722436,59.013058482612735,0,0,0,0,,
GMX,2026-06-14T05:57:14.587Z,2026-06-14T05:57:14.587800Z,2026-06-14T07:57:14.587800Z,7369.67197,7,5.5649999999999995,53.9083557951487,1.7825311942959097,0.899,1.0416666666666667,53.9083557951487,39.68702256318651,0,0,0,0,,
NEAR,2026-06-14T05:57:33.128Z,2026-06-14T05:57:33.128393Z,2026-06-14T07:57:33.128393Z,7351.131377,7,2.1035000000000004,4.753981459471784,9.215500945179587,5.959,97.22222222222223,4.753981459471784,67.96839051213878,3,2,1,0,1.0,False
ONDO,2026-06-14T05:57:38.179Z,2026-06-14T05:57:38.179999Z,2026-06-14T07:57:38.179999Z,7346.079771,7,0.35914999999999997,2.784351942086719,6.414884754234923,1.608,90.625,2.784351942086719,61.88376685457623,1,1,0,0,1.0,False
RENDER,2026-06-14T05:57:47.911Z,2026-06-14T05:57:47.911472Z,2026-06-14T07:57:47.911472Z,7336.348298,7,1.7755,5.6322162771056705,8.347529812606474,5.323,91.66666666666667,5.6322162771056705,65.95096471736156,0,0,0,0,,
RPL,2026-06-14T05:57:54.669Z,2026-06-14T05:57:54.670126Z,2026-06-14T07:57:54.670126Z,7329.589644,7,1.3849999999999998,72.20216606498202,2.173913043478247,0.73,0.3472222222222222,72.20216606498202,40.77743341432971,0,0,0,0,,
TRX,2026-06-14T05:58:28.284Z,2026-06-14T05:58:28.285091Z,2026-06-14T07:58:28.285091Z,7295.974679,7,0.31685,3.156067539845005,1.139601139601137,0.127,90.27777777777777,3.156067539845005,53.04686370420822,21,13,6,2,0.7143,False
HBAR,2026-06-14T06:04:35.349Z,2026-06-14T06:04:35.349771Z,2026-06-14T08:04:35.349771Z,7527.894706,7,0.079095,1.264302421140401,2.8788839568801623,2.27,87.5,1.264302421140401,62.863300860015016,12,2,10,0,1.0,False
SHIB,2026-06-14T06:04:57.458Z,2026-06-14T06:04:57.458743Z,2026-06-14T08:04:57.458743Z,7505.785734,7,5.005e-06,19.98001998001979,4.191616766467076,2.664,86.45833333333333,19.98001998001979,61.656117905471206,25,6,12,7,0.72,False
TON,2026-06-14T06:05:03.417Z,2026-06-14T06:05:03.418098Z,2026-06-14T08:05:03.418098Z,7499.826379,7,1.7235,5.8021467943132565,6.117647058823522,2.163,88.88888888888889,5.8021467943132565,68.99452641668846,4,3,1,0,1.0,False
AVAX,2026-06-14T06:10:58.132Z,2026-06-14T06:10:58.132446Z,2026-06-14T08:10:58.132446Z,7745.462839,7,6.6635,1.5007128385975026,3.099730458221022,1.32,83.68055555555556,1.5007128385975026,53.134666446520505,12,1,11,0,0.3333,False
HOME,2026-06-14T06:11:46.479Z,2026-06-14T06:11:46.479535Z,2026-06-14T08:11:46.479535Z,7697.11575,7,0.030015,43.31167749458543,26.203208556149743,-0.763,79.86111111111111,43.31167749458543,59.74732427838964,0,0,0,0,,
JUP,2026-06-14T06:12:03.913Z,2026-06-14T06:12:03.914163Z,2026-06-14T08:12:03.914163Z,7679.681122,7,0.1713,11.67542323409257,5.011655011655026,1.359,83.33333333333333,11.67542323409257,59.5477829778504,63,32,29,2,0.7937,False
KAITO,2026-06-14T06:12:09.144Z,2026-06-14T06:12:09.144815Z,2026-06-14T08:12:09.144815Z,7674.45047,7,0.46875,10.666666666665492,16.32262183443286,11.536,86.11111111111111,10.666666666665492,62.450070856804,0,0,0,0,,
KMNO,2026-06-14T06:12:14.957Z,2026-06-14T06:12:14.958121Z,2026-06-14T08:12:14.958121Z,7668.637164,7,0.01764,11.337868480725161,9.2403628117914,-2.217,78.47222222222223,11.337868480725161,54.7558586623059,19,18,1,0,1.0,False
LTC,2026-06-14T06:12:25.098Z,2026-06-14T06:12:25.098443Z,2026-06-14T08:12:25.098443Z,7658.496842,7,44.105000000000004,2.2673166307670356,3.6474852741277743,2.365,85.41666666666667,2.2673166307670356,61.43655100679242,3,2,1,0,1.0,False
MMT,2026-06-14T06:12:30.356Z,2026-06-14T06:12:30.356772Z,2026-06-14T08:12:30.356772Z,7653.238513,7,0.12925,7.736943907155821,16.771653543307085,10.435,84.72222222222223,7.736943907155821,78.11254010505546,0,0,0,0,,
NOT,2026-06-14T06:12:45.723Z,2026-06-14T06:12:45.723291Z,2026-06-14T08:12:45.723291Z,7637.871994,7,0.0004745,21.074815595364054,18.277310924369736,0.211,78.81944444444444,21.074815595364054,64.22623561832916,0,0,0,0,,
ZK,2026-06-14T06:13:49.009Z,2026-06-14T06:13:49.009830Z,2026-06-14T08:13:49.009830Z,7574.585455,7,0.011609999999999999,17.226528854436626,6.309420916162487,-2.28,77.77777777777777,17.226528854436626,52.70511771793146,2,1,1,0,1.0,False
0G,2026-06-14T06:19:33.208Z,2026-06-14T06:19:33.209086Z,2026-06-14T08:19:33.209086Z,7230.386199,7,0.2945,33.955857385399014,6.101694915254243,0.34,59.72222222222222,33.955857385399014,57.764567766717775,0,0,0,0,,
ALT,2026-06-14T06:19:38.982Z,2026-06-14T06:19:38.983122Z,2026-06-14T08:19:38.983122Z,7224.612163,7,0.006489999999999999,30.816640986132594,8.655332302936626,4.187,59.375,30.816640986132594,65.97824798448382,1,0,1,0,1.0,False
APE,2026-06-14T06:19:47.157Z,2026-06-14T06:19:47.157446Z,2026-06-14T08:19:47.157446Z,7216.437839,7,0.12725,7.8585461689578775,3.2863849765258286,0.789,58.68055555555556,7.8585461689578775,67.70938094761297,1,1,0,0,0.0,False
AR,2026-06-14T06:19:53.653Z,2026-06-14T06:19:53.653654Z,2026-06-14T08:19:53.653654Z,7209.941631,7,2.017,9.915716410509567,7.692307692307689,3.731,69.09722222222223,9.915716410509567,73.27773598579606,1,0,1,0,1.0,False
BABY,2026-06-14T06:20:14.200Z,2026-06-14T06:20:14.200797Z,2026-06-14T08:20:14.200797Z,7790.08768,7,0.015075,6.633499170812334,11.883862255232946,8.578,68.40277777777777,6.633499170812334,70.65457407325692,0,0,0,0,,
BONK,2026-06-14T06:20:24.375Z,2026-06-14T06:20:24.375617Z,2026-06-14T08:20:24.375617Z,7779.91286,7,4.475e-06,22.346368715083585,4.484304932735441,1.826,68.05555555555556,22.346368715083585,68.03229139556318,3,3,0,0,1.0,False
DASH,2026-06-14T06:20:29.752Z,2026-06-14T06:20:29.753012Z,2026-06-14T08:20:29.753012Z,7774.535465,7,35.825,8.374040474529277,6.722689075630248,4.021,70.13888888888889,8.374040474529277,62.809774868243274,0,0,0,0,,
ENJ,2026-06-14T06:20:43.083Z,2026-06-14T06:20:43.083967Z,2026-06-14T08:20:43.083967Z,7761.20451,7,0.031219999999999998,12.812299807816094,11.539697846351665,-7.356,60.416666666666664,12.812299807816094,55.346693805764,17,2,13,2,-0.1765,False
ENSO,2026-06-14T06:20:49.043Z,2026-06-14T06:20:49.043321Z,2026-06-14T08:20:49.043321Z,7755.245156,7,0.6435,15.540015540015554,7.286821705426363,3.365,61.80555555555556,15.540015540015554,61.48390745988421,0,0,0,0,,
GALA,2026-06-14T06:21:09.646Z,2026-06-14T06:21:09.647188Z,2026-06-14T08:21:09.647188Z,7734.641289,7,0.0026249999999999997,38.0952380952382,3.816793893129781,-0.758,71.875,38.0952380952382,61.26887266763983,0,0,0,0,,
PLUME,2026-06-14T06:21:48.784Z,2026-06-14T06:21:48.784523Z,2026-06-14T08:21:48.784523Z,7695.503954,7,0.010495,9.528346831825942,6.992337164750956,1.655,62.15277777777778,9.528346831825942,68.23450222633105,0,0,0,0,,
WIF,2026-06-14T06:22:40.749Z,2026-06-14T06:22:40.749992Z,2026-06-14T08:22:40.749992Z,7643.538485,7,0.15925,6.279434850862731,3.9697542533081283,1.018,66.31944444444444,6.279434850862731,48.625889666030844,5,2,3,0,1.0,False
WLFI,2026-06-14T06:22:47.184Z,2026-06-14T06:22:47.184654Z,2026-06-14T08:22:47.184654Z,7637.103823,7,0.05895,16.9635284139094,3.7931034482758625,-1.695,64.93055555555556,16.9635284139094,57.271026842620856,2,0,2,0,1.0,False
AXS,2026-06-14T06:28:47.579Z,2026-06-14T06:28:47.579573Z,2026-06-14T08:28:47.579573Z,7276.708904,7,0.961,20.81165452653488,2.9015544041450805,1.259,51.041666666666664,20.81165452653488,69.84419752303232,1,0,1,0,1.0,False
BB,2026-06-14T06:28:54.671Z,2026-06-14T06:28:54.671281Z,2026-06-14T08:28:54.671281Z,7269.617196,7,0.02175,45.977011494252594,8.256880733944952,2.347,54.513888888888886,45.977011494252594,61.882406065399756,0,0,0,0,,
C,2026-06-14T06:29:00.218Z,2026-06-14T06:29:00.218422Z,2026-06-14T08:29:00.218422Z,7264.070055,7,0.09334999999999999,10.71237279057342,5.672268907563013,-1.551,48.611111111111114,10.71237279057342,59.29169006131937,0,0,0,0,,
CAKE,2026-06-14T06:29:06.219Z,2026-06-14T06:29:06.219934Z,2026-06-14T08:29:06.219934Z,7258.068543,7,1.3585,7.361059992638129,3.104212860310424,2.578,46.18055555555556,7.361059992638129,71.70934049970687,3,1,2,0,1.0,False
DOGS,2026-06-14T06:29:16.747Z,2026-06-14T06:29:16.747730Z,2026-06-14T08:29:16.747730Z,7247.540747,7,4.295e-05,23.28288707799824,8.196721311475402,1.185,47.56944444444444,23.28288707799824,61.81263783534663,0,0,0,0,,
EGLD,2026-06-14T06:29:22.973Z,2026-06-14T06:29:22.973378Z,2026-06-14T08:29:22.973378Z,7241.315099,7,2.915,34.305317324184514,3.4602076124567507,1.049,47.916666666666664,34.305317324184514,55.50340192712432,10,2,7,1,0.2,False
ETHFI,2026-06-14T06:29:28.950Z,2026-06-14T06:29:28.950612Z,2026-06-14T08:29:28.950612Z,7235.337865,7,0.3155,31.695721077654543,2.875399361022367,-0.318,53.125,31.695721077654543,43.35502665666114,0,0,0,0,,
FF,2026-06-14T06:29:35.081Z,2026-06-14T06:29:35.081545Z,2026-06-14T08:29:35.081545Z,7229.206932,7,0.07344500000000001,9.530941520866037,7.259953161592509,-4.462,45.138888888888886,9.530941520866037,35.10142636480551,0,0,0,0,,
GUN,2026-06-14T06:29:44.656Z,2026-06-14T06:29:44.656500Z,2026-06-14T08:29:44.656500Z,7219.631977,7,0.005815,17.196904557179007,8.919382504288158,-1.186,48.263888888888886,17.196904557179007,61.08308076666647,0,0,0,0,,
HEI,2026-06-14T06:29:51.615Z,2026-06-14T06:29:51.615222Z,2026-06-14T08:29:51.615222Z,7212.673255,7,0.08295,108.49909584086777,15.962441314553994,-5.752,56.25,108.49909584086777,56.19583973008013,1,0,0,1,-1.0,False
HUMA,2026-06-14T06:29:58.052Z,2026-06-14T06:29:58.053131Z,2026-06-14T08:29:58.053131Z,7206.235346,7,0.02346,8.525149190111957,5.258545135845748,-1.425,47.22222222222222,8.525149190111957,47.87343124068513,0,0,0,0,,
LDO,2026-06-14T06:30:19.378Z,2026-06-14T06:30:19.378651Z,2026-06-14T08:30:19.378651Z,7783.985526,7,0.26239999999999997,7.621951219513472,3.437738731856382,1.081,51.736111111111114,7.621951219513472,67.04278137819303,0,0,0,0,,
MEME,2026-06-14T06:30:32.893Z,2026-06-14T06:30:32.894085Z,2026-06-14T08:30:32.894085Z,7770.470092,7,0.0006085,16.433853738700343,5.217391304347821,3.978,46.875,16.433853738700343,68.20866843345166,49,33,14,2,0.6327,False
PAXG,2026-06-14T06:30:54.360Z,2026-06-14T06:30:54.360602Z,2026-06-14T08:30:54.360602Z,7749.003575,7,4231.755,1.630529177611911,0.635601241859753,0.347,55.208333333333336,1.630529177611911,76.96857785395589,0,0,0,0,,
SAHARA,2026-06-14T06:31:11.190Z,2026-06-14T06:31:11.190914Z,2026-06-14T08:31:11.190914Z,7732.173263,7,0.015300000000000001,13.071895424837201,5.764248704663225,1.847,55.90277777777778,13.071895424837201,61.27269739204408,0,0,0,0,,
SPK,2026-06-14T06:31:24.998Z,2026-06-14T06:31:24.998950Z,2026-06-14T08:31:24.998950Z,7718.365227,7,0.019110500000000002,8.895633290599227,5.530627152248784,-1.854,56.59722222222222,8.895633290599227,43.86588665814867,68,17,46,5,-0.0147,False
SSV,2026-06-14T06:31:30.104Z,2026-06-14T06:31:30.104969Z,2026-06-14T08:31:30.104969Z,7713.259208,7,2.327,17.18951439621832,8.31519373095341,4.79,57.291666666666664,17.18951439621832,66.83696211435863,0,0,0,0,,
STO,2026-06-14T06:31:36.136Z,2026-06-14T06:31:36.137157Z,2026-06-14T08:31:36.137157Z,7707.22702,7,0.05045,19.821605550050123,7.495069033530568,-1.553,49.65277777777778,19.821605550050123,64.07772909584094,0,0,0,0,,
USDE,2026-06-14T06:32:01.019Z,2026-06-14T06:32:01.019652Z,2026-06-14T08:32:01.019652Z,7682.344525,7,0.99975,1.0002500625155186,0.05999999999999339,0.02,52.083333333333336,1.0002500625155186,77.47132066172875,0,0,0,0,,
ZKC,2026-06-14T06:32:20.062Z,2026-06-14T06:32:20.063005Z,2026-06-14T08:32:20.063005Z,7663.301172,7,0.052250000000000005,19.138755980860463,11.262135922330096,6.186,53.47222222222222,19.138755980860463,66.42770342627576,0,0,0,0,,
AIXBT,2026-06-14T06:38:00.138Z,2026-06-14T06:38:00.138631Z,2026-06-14T08:38:00.138631Z,7323.225546,7,0.023780000000000003,33.64171572750219,8.141517476555833,-3.813,39.93055555555556,33.64171572750219,55.23217006455176,0,0,0,0,,
BANK,2026-06-14T06:38:06.621Z,2026-06-14T06:38:06.621770Z,2026-06-14T08:38:06.621770Z,7316.742407,7,0.04065,24.600246002460732,5.569620253164558,-1.985,42.013888888888886,24.600246002460732,55.83105896643409,0,0,0,0,,
BROCCOLI714,2026-06-14T06:38:27.621Z,2026-06-14T06:38:27.622051Z,2026-06-14T08:38:27.622051Z,7295.742126,7,0.013479999999999999,14.836795252226203,4.841149773071104,2.006,35.763888888888886,14.836795252226203,54.127102065849854,0,0,0,0,,
CGPT,2026-06-14T06:38:40.698Z,2026-06-14T06:38:40.698212Z,2026-06-14T08:38:40.698212Z,7282.665965,7,0.02073,19.29570670525897,5.063291139240512,4.252,40.27777777777778,19.29570670525897,76.40968253680474,0,0,0,0,,
DOLO,2026-06-14T06:38:54.344Z,2026-06-14T06:38:54.344863Z,2026-06-14T08:38:54.344863Z,7269.019314,7,0.024794999999999998,12.099213551118686,10.314615690959771,-3.534,33.68055555555556,12.099213551118686,40.91844997424031,0,0,0,0,,
EURI,2026-06-14T06:39:03.723Z,2026-06-14T06:39:03.723706Z,2026-06-14T08:39:03.723706Z,7259.640471,7,1.15565,0.8653138926144506,0.9950679242017689,0.095,43.40277777777778,0.8653138926144506,65.41191372701483,0,0,0,0,,
LAYER,2026-06-14T06:39:45.093Z,2026-06-14T06:39:45.093791Z,2026-06-14T08:39:45.093791Z,7218.270386,7,0.0664,30.120481927711708,6.0422960725075585,0.0,39.236111111111114,30.120481927711708,35.245639186244226,0,0,0,0,,
MANTA,2026-06-14T06:39:54.610Z,2026-06-14T06:39:54.611233Z,2026-06-14T08:39:54.611233Z,7208.752944,7,0.08135,27.043638598647565,6.943268416596117,-0.133,38.888888888888886,27.043638598647565,59.23683510256461,1,1,0,0,1.0,False
NEIRO,2026-06-14T06:39:59.934Z,2026-06-14T06:39:59.935196Z,2026-06-14T08:39:59.935196Z,7203.428981,7,7.012500000000001e-05,4.278074866309877,9.29464157448642,3.617,43.05555555555556,4.278074866309877,50.09270992075817,0,0,0,0,,
NOM,2026-06-14T06:40:08.191Z,2026-06-14T06:40:08.191873Z,2026-06-14T08:40:08.191873Z,7795.036884,7,0.0016150000000000001,61.919504643961666,3.086419753086415,-0.613,31.944444444444443,61.919504643961666,55.343991482930264,0,0,0,0,,
NXPC,2026-06-14T06:40:13.678Z,2026-06-14T06:40:13.678708Z,2026-06-14T08:40:13.678708Z,7789.550049,7,0.3567,22.42781048500049,7.520732056048038,-1.27,42.361111111111114,22.42781048500049,64.09515736927335,0,0,0,0,,
QNT,2026-06-14T06:40:20.676Z,2026-06-14T06:40:20.676941Z,2026-06-14T08:40:20.676941Z,7782.551816,7,69.305,10.100281364981948,7.620709714950545,3.539,44.09722222222222,10.100281364981948,69.366334280064,8,4,4,0,0.75,False
RARE,2026-06-14T06:40:28.313Z,2026-06-14T06:40:28.313546Z,2026-06-14T08:40:28.313546Z,7774.915211,7,0.013049999999999999,76.62835249042233,8.461538461538465,2.362,37.84722222222222,76.62835249042233,61.951942752840154,0,0,0,0,,
RED,2026-06-14T06:40:33.753Z,2026-06-14T06:40:33.753691Z,2026-06-14T08:40:33.753691Z,7769.475066,7,0.09545000000000001,10.476689366160594,6.815761448349312,-0.949,38.19444444444444,10.476689366160594,53.70458020253441,0,0,0,0,,
RSR,2026-06-14T06:40:44.352Z,2026-06-14T06:40:44.352581Z,2026-06-14T08:40:44.352581Z,7758.876176,7,0.0013925,7.181328545780365,6.633020908435462,3.353,38.541666666666664,7.181328545780365,67.15787147740626,0,0,0,0,,
SAPIEN,2026-06-14T06:40:55.677Z,2026-06-14T06:40:55.678003Z,2026-06-14T08:40:55.678003Z,7747.550754,7,0.08274999999999999,12.084592145015453,5.487804878048785,2.244,37.15277777777778,12.084592145015453,62.3797397530078,0,0,0,0,,
SKY,2026-06-14T06:41:03.232Z,2026-06-14T06:41:03.232665Z,2026-06-14T08:41:03.232665Z,7739.996092,7,0.056545,8.842514811212562,1.8340455840455894,-0.16,34.375,8.842514811212562,38.739623640323764,36,9,27,0,-0.0556,False
TLM,2026-06-14T06:41:24.508Z,2026-06-14T06:41:24.508300Z,2026-06-14T08:41:24.508300Z,7718.720457,7,0.0010435,28.749401054144364,16.634615384615383,3.483,40.625,28.749401054144364,52.47495839191888,0,0,0,0,,
TRB,2026-06-14T06:41:29.865Z,2026-06-14T06:41:29.865554Z,2026-06-14T08:41:29.865554Z,7713.363203,7,13.485,7.415647015201919,4.172876304023849,2.209,39.583333333333336,7.415647015201919,66.46482863152433,0,0,0,0,,
VANRY,2026-06-14T06:41:39.762Z,2026-06-14T06:41:39.762817Z,2026-06-14T08:41:39.762817Z,7703.46594,7,0.0035069999999999997,5.702879954376481,5.487282080594466,1.893,32.291666666666664,5.702879954376481,58.15104486230401,16,4,12,0,-0.25,False
DYM,2026-06-14T06:48:06.326Z,2026-06-14T06:48:06.327013Z,2026-06-14T08:48:06.327013Z,7316.901744,7,0.017050000000000003,58.65102639296151,13.450292397660817,4.268,30.555555555555557,58.65102639296151,65.46464423366783,0,0,0,0,,
ETC,2026-06-14T06:48:18.422Z,2026-06-14T06:48:18.422447Z,2026-06-14T08:48:18.422447Z,7304.80631,7,7.135,14.015416958654223,1.9662921348314686,0.141,24.65277777777778,14.015416958654223,54.885538397870675,0,0,0,0,,
F,2026-06-14T06:48:25.562Z,2026-06-14T06:48:25.562263Z,2026-06-14T08:48:25.562263Z,7297.666494,7,0.003940000000000001,50.76142131979708,5.037783375314865,3.385,19.09722222222222,50.76142131979708,70.14892889296073,0,0,0,0,,
FORM,2026-06-14T06:48:33.109Z,2026-06-14T06:48:33.109978Z,2026-06-14T08:48:33.109978Z,7290.118779,7,0.2278,43.898156277436385,7.848324514991186,-1.047,21.875,43.898156277436385,58.4690120733576,0,0,0,0,,
HAEDAL,2026-06-14T06:48:43.871Z,2026-06-14T06:48:43.871581Z,2026-06-14T08:48:43.871581Z,7279.357176,7,0.019125,15.686274509805097,8.802083333333337,3.06,25.694444444444443,15.686274509805097,54.86171810922548,0,0,0,0,,
HOLO,2026-06-14T06:48:50.781Z,2026-06-14T06:48:50.782222Z,2026-06-14T08:48:50.782222Z,7272.446535,7,0.06825,14.65201465201507,8.169440242057501,8.007,28.125,14.65201465201507,79.57876845770602,1,1,0,0,1.0,False
IMX,2026-06-14T06:48:58.932Z,2026-06-14T06:48:58.932392Z,2026-06-14T08:48:58.932392Z,7264.296365,7,0.1444,13.850415512463847,4.940848990953372,1.268,22.22222222222222,13.850415512463847,62.77128743421913,4,2,2,0,1.0,False
MUBARAK,2026-06-14T06:49:27.802Z,2026-06-14T06:49:27.802438Z,2026-06-14T08:49:27.802438Z,7235.426319,7,0.01072,18.656716417909685,3.477443609022545,-0.281,20.13888888888889,18.656716417909685,59.51674031267325,0,0,0,0,,
NEO,2026-06-14T06:49:34.181Z,2026-06-14T06:49:34.181879Z,2026-06-14T08:49:34.181879Z,7229.046878,7,2.1935000000000002,4.558924093913334,2.881976212259843,0.598,22.569444444444443,4.558924093913334,67.44060172032381,0,0,0,0,,
NMR,2026-06-14T06:49:41.323Z,2026-06-14T06:49:41.323569Z,2026-06-14T08:49:41.323569Z,7221.905188,7,8.465,11.813349084465194,1.8779342723004713,1.792,19.444444444444443,11.813349084465194,66.13473788188084,0,0,0,0,,
ONT,2026-06-14T06:49:49.173Z,2026-06-14T06:49:49.173595Z,2026-06-14T08:49:49.173595Z,7214.055162,7,0.048159999999999994,12.458471760796836,3.5669586983729724,1.46,21.52777777777778,12.458471760796836,38.022927998357275,0,0,0,0,,
PEOPLE,2026-06-14T06:49:55.223Z,2026-06-14T06:49:55.224064Z,2026-06-14T08:49:55.224064Z,7208.004693,7,0.005485,18.231540565178594,3.8391224862888507,2.434,24.305555555555557,18.231540565178594,63.20717145523118,0,0,0,0,,
PIXEL,2026-06-14T06:50:00.675Z,2026-06-14T06:50:00.675574Z,2026-06-14T08:50:00.675574Z,7202.553183,7,0.0054800000000000005,36.4963503649636,2.5362318840579623,1.471,30.208333333333332,36.4963503649636,57.8908724195284,34,15,13,6,0.3235,False
SAND,2026-06-14T06:50:09.446Z,2026-06-14T06:50:09.446811Z,2026-06-14T08:50:09.446811Z,7794.473805,7,0.05174,7.7309625048315365,2.062849431270487,0.66,25.34722222222222,7.7309625048315365,65.72390690590271,16,7,6,3,0.75,False
SHELL,2026-06-14T06:50:16.648Z,2026-06-14T06:50:16.648406Z,2026-06-14T08:50:16.648406Z,7787.27221,7,0.02555,39.138943248533415,3.9062500000000036,0.787,26.73611111111111,39.138943248533415,43.26022386516514,0,0,0,0,,
SOPH,2026-06-14T06:50:23.949Z,2026-06-14T06:50:23.949926Z,2026-06-14T08:50:23.949926Z,7779.97069,7,0.0056749999999999995,17.62114537445015,8.480565371024742,-7.667,20.48611111111111,17.62114537445015,55.63181840071516,0,0,0,0,,
SXT,2026-06-14T06:50:31.288Z,2026-06-14T06:50:31.288430Z,2026-06-14T08:50:31.288430Z,7772.632186,7,0.00841,23.781212841856025,5.62200956937799,-0.119,26.041666666666668,23.781212841856025,59.61291626075667,0,0,0,0,,
THE,2026-06-14T06:50:39.035Z,2026-06-14T06:50:39.035835Z,2026-06-14T08:50:39.035835Z,7764.884781,7,0.06745000000000001,14.825796886583076,3.550295857988165,1.349,22.916666666666668,14.825796886583076,64.07187136640965,9,4,4,1,1.0,False
TNSR,2026-06-14T06:50:46.624Z,2026-06-14T06:50:46.625170Z,2026-06-14T08:50:46.625170Z,7757.295446,7,0.029249999999999998,34.18803418803398,2.7303754266211557,1.034,26.38888888888889,34.18803418803398,47.75400045919063,0,0,0,0,,
TOWNS,2026-06-14T06:50:53.703Z,2026-06-14T06:50:53.703713Z,2026-06-14T08:50:53.703713Z,7750.216903,7,0.002175,45.97701149425299,3.2258064516129115,-0.459,27.77777777777778,45.97701149425299,57.21351200199461,0,0,0,0,,
TURTLE,2026-06-14T06:51:00.602Z,2026-06-14T06:51:00.602484Z,2026-06-14T08:51:00.602484Z,7743.318132,7,0.036250000000000004,27.5862068965506,3.3333333333333326,-0.552,29.166666666666668,27.5862068965506,42.76839875071035,6,3,3,0,0.8333,False
USUAL,2026-06-14T06:51:06.727Z,2026-06-14T06:51:06.728080Z,2026-06-14T08:51:06.728080Z,7737.192536,7,0.010235000000000001,9.770395701027187,5.088062622309194,1.288,17.708333333333332,9.770395701027187,63.81901765688641,0,0,0,0,,
YGG,2026-06-14T06:51:25.284Z,2026-06-14T06:51:25.284989Z,2026-06-14T08:51:25.284989Z,7718.635627,7,0.025225,35.67888999008912,2.6877470355731226,-1.249,29.51388888888889,35.67888999008912,37.20667140170928,0,0,0,0,,
1MBABYDOGE,2026-06-14T06:57:09.780Z,2026-06-14T06:57:09.780660Z,2026-06-14T08:57:09.780660Z,7374.139956,7,0.00033505000000000004,26.861662438442675,3.322358575276879,1.55,7.986111111111111,26.861662438442675,63.59892585283754,0,0,0,0,,
ACT,2026-06-14T06:57:17.400Z,2026-06-14T06:57:17.400718Z,2026-06-14T08:57:17.400718Z,7366.519898,7,0.010190000000000001,39.25417075564289,7.519531249999998,2.605,12.152777777777779,39.25417075564289,65.51252917986734,1,0,0,1,-1.0,False
CATI,2026-06-14T06:58:00.320Z,2026-06-14T06:58:00.321120Z,2026-06-14T08:58:00.321120Z,7323.599496,7,0.05945,16.820857863750366,4.628099173553714,4.131,12.5,16.820857863750366,69.46084971978641,1,0,1,0,-1.0,False
COTI,2026-06-14T06:58:14.923Z,2026-06-14T06:58:14.923655Z,2026-06-14T08:58:14.923655Z,7308.996961,7,0.00997,20.06018054162406,2.6026026026026003,1.216,3.8194444444444446,20.06018054162406,62.298266502367056,1,1,0,0,1.0,False
CVX,2026-06-14T06:58:28.708Z,2026-06-14T06:58:28.708815Z,2026-06-14T08:58:28.708815Z,7295.211801,7,1.3175,22.770398481972613,1.7228464419475755,0.0,6.597222222222222,22.770398481972613,58.497898765103784,0,0,0,0,,
GMT,2026-06-14T06:58:48.392Z,2026-06-14T06:58:48.392879Z,2026-06-14T08:58:48.392879Z,7275.527737,7,0.00822,24.33090024330801,4.294478527607358,-3.092,10.416666666666666,24.33090024330801,55.679906867951956,2,1,0,1,1.0,False
LA,2026-06-14T06:59:08.490Z,2026-06-14T06:59:08.490377Z,2026-06-14T08:59:08.490377Z,7255.430239,7,0.07794999999999999,12.828736369467977,7.284768211920537,5.594,5.208333333333333,12.828736369467977,66.58380536053218,1,0,1,0,1.0,False
LISTA,2026-06-14T06:59:16.189Z,2026-06-14T06:59:16.189804Z,2026-06-14T08:59:16.189804Z,7247.730812,7,0.051449999999999996,19.436345966957422,3.100775193798458,1.176,14.930555555555555,19.436345966957422,64.62183158953566,0,0,0,0,,
MAGIC,2026-06-14T06:59:28.750Z,2026-06-14T06:59:28.750600Z,2026-06-14T08:59:28.750600Z,7235.170016,7,0.0466,42.91845493562206,4.651162790697676,3.956,10.76388888888889,42.91845493562206,69.16335334405017,11,3,8,0,0.8182,False
MET,2026-06-14T06:59:43.016Z,2026-06-14T06:59:43.016313Z,2026-06-14T08:59:43.016313Z,7220.904303,7,0.1046,38.240917782026536,3.0505243088655947,-1.41,13.194444444444445,38.240917782026536,42.08902207906893,15,3,8,4,0.8,False
NEWT,2026-06-14T06:59:53.714Z,2026-06-14T06:59:53.714742Z,2026-06-14T08:59:53.714742Z,7210.205874,7,0.0524,38.16793893129748,4.761904761904766,1.351,12.847222222222221,38.16793893129748,59.62750092733485,0,0,0,0,,
REZ,2026-06-14T06:59:59.153Z,2026-06-14T06:59:59.153822Z,2026-06-14T08:59:59.153822Z,7204.766794,7,0.003284,6.0901339829484336,4.303797468354439,1.055,11.458333333333334,6.0901339829484336,63.98036513997901,0,0,0,0,,
RVN,2026-06-14T07:00:07.648Z,2026-06-14T07:00:07.648657Z,2026-06-14T09:00:07.648657Z,7795.902989,7,0.004335,23.068050749712707,1.6055045871559575,-0.683,3.4722222222222223,23.068050749712707,53.59458281752516,0,0,0,0,,
SIGN,2026-06-14T07:00:14.900Z,2026-06-14T07:00:14.900571Z,2026-06-14T09:00:14.900571Z,7788.651075,7,0.008535000000000001,11.716461628589721,2.830188679245291,0.118,7.638888888888889,11.716461628589721,47.55955272977102,0,0,0,0,,
SKL,2026-06-14T07:00:21.631Z,2026-06-14T07:00:21.631584Z,2026-06-14T09:00:21.631584Z,7781.920062,7,0.004240000000000001,47.16981132075484,3.9906103286384984,1.188,8.333333333333334,47.16981132075484,44.72690703998646,0,0,0,0,,
STEEM,2026-06-14T07:00:35.661Z,2026-06-14T07:00:35.661888Z,2026-06-14T09:00:35.661888Z,7767.889758,7,0.044335,15.788880117288963,0.9894310771306564,0.338,8.680555555555555,15.788880117288963,58.06038096252028,0,0,0,0,,
UMA,2026-06-14T07:00:43.057Z,2026-06-14T07:00:43.058221Z,2026-06-14T09:00:43.058221Z,7760.493425,7,0.4025,24.844720496894432,1.9950124688279318,0.754,5.555555555555555,24.844720496894432,61.85873068366238,0,0,0,0,,
VANA,2026-06-14T07:00:49.836Z,2026-06-14T07:00:49.836716Z,2026-06-14T09:00:49.836716Z,7753.71493,7,1.1105,9.004952723997206,4.418394950405765,0.91,14.583333333333334,9.004952723997206,48.129775569073736,0,0,0,0,,
VELODROME,2026-06-14T07:00:57.523Z,2026-06-14T07:00:57.523846Z,2026-06-14T09:00:57.523846Z,7746.0278,7,0.013765,21.79440610243408,3.3691756272401423,1.087,4.166666666666667,21.79440610243408,44.19305888244657,0,0,0,0,,
XAI,2026-06-14T07:01:07.407Z,2026-06-14T07:01:07.408145Z,2026-06-14T09:01:07.408145Z,7736.143501,7,0.008074999999999999,61.919504643962476,6.218905472636811,2.682,6.25,61.919504643962476,45.2361943016764,0,0,0,0,,
XVG,2026-06-14T07:01:14.619Z,2026-06-14T07:01:14.619169Z,2026-06-14T09:01:14.619169Z,7728.932477,7,0.0025034999999999996,43.938486119433435,4.066985645933018,0.966,9.722222222222221,43.938486119433435,44.88590662044733,53,15,27,11,0.0566,False
ALGO,2026-06-14T07:06:57.540Z,2026-06-14T07:06:57.540903Z,2026-06-14T09:06:57.540903Z,7386.010743,7,0.09175,10.899182561308214,7.809110629067242,6.099,89.93055555555556,10.899182561308214,70.64948029288576,4,3,1,0,0.5,False
ETH,2026-06-14T07:07:49.262Z,2026-06-14T07:07:49.262965Z,2026-06-14T09:07:49.262965Z,7334.288681,7,1675.525,0.05968278599239584,2.104083591128275,0.841,99.65277777777777,0.05968278599239584,55.81354546604374,48,27,14,7,0.3542,False
FDUSD,2026-06-14T07:07:57.701Z,2026-06-14T07:07:57.701533Z,2026-06-14T09:07:57.701533Z,7325.850113,7,0.9981,2.0038072337438932,0.05009016229212031,0.02,90.97222222222223,2.0038072337438932,75.09139876174184,0,0,0,0,,
FET,2026-06-14T07:08:03.058Z,2026-06-14T07:08:03.059248Z,2026-06-14T09:08:03.059248Z,7320.492398,7,0.21105000000000002,4.738213693438367,14.988066825775647,13.859,95.13888888888889,4.738213693438367,68.9678752160427,6,3,2,1,0.3333,False
ICP,2026-06-14T07:08:14.204Z,2026-06-14T07:08:14.205104Z,2026-06-14T09:08:14.205104Z,7309.346542,7,2.4835000000000003,4.026575397623877,10.397680198840114,0.333,95.48611111111111,4.026575397623877,58.084922263944826,9,3,4,2,0.1111,False
INJ,2026-06-14T07:08:19.426Z,2026-06-14T07:08:19.426536Z,2026-06-14T09:08:19.426536Z,7304.12511,7,5.135,3.894839337876884,7.551931663754615,1.478,89.58333333333333,3.894839337876884,53.98480319963071,5,4,1,0,1.0,False
PEPE,2026-06-14T07:08:39.517Z,2026-06-14T07:08:39.517891Z,2026-06-14T09:08:39.517891Z,7284.033755,7,2.815e-06,35.52397868561245,3.546099290780138,1.075,97.91666666666667,35.52397868561245,59.974609799114894,54,2,0,52,0.963,False
SOL,2026-06-14T07:08:53.021Z,2026-06-14T07:08:53.021809Z,2026-06-14T09:08:53.021809Z,7270.529837,7,68.16499999999999,1.4670285337057312,4.348462664714494,2.307,98.95833333333333,1.4670285337057312,52.52147703084084,37,26,7,4,0.1351,False
SUI,2026-06-14T07:08:58.501Z,2026-06-14T07:08:58.502062Z,2026-06-14T09:08:58.502062Z,7265.049584,7,0.75725,1.320567844172849,3.833027041218168,1.641,96.18055555555556,1.320567844172849,46.37998784849308,60,1,7,52,0.9667,False
SUSHI,2026-06-14T07:09:06.059Z,2026-06-14T07:09:06.060187Z,2026-06-14T09:09:06.060187Z,7257.491459,7,0.17475000000000002,51.502145922745875,3.207331042382601,1.512,1.7361111111111112,51.502145922745875,46.840510206010315,0,0,0,0,,
T,2026-06-14T07:09:13.699Z,2026-06-14T07:09:13.699859Z,2026-06-14T09:09:13.699859Z,7249.851787,7,0.0037949999999999998,79.05138339920971,2.110817941952512,-1.044,2.7777777777777777,79.05138339920971,38.4623437961439,0,0,0,0,,
TAO,2026-06-14T07:09:18.974Z,2026-06-14T07:09:18.974970Z,2026-06-14T09:09:18.974970Z,7244.576676,7,265.55,3.765769158351449,24.90909090909091,27.966,98.61111111111111,3.765769158351449,75.8299369085269,30,19,5,6,0.6,False
TRUMP,2026-06-14T07:09:24.964Z,2026-06-14T07:09:24.964897Z,2026-06-14T09:09:24.964897Z,7238.586749,7,2.0469999999999997,9.770395701026986,13.090024330900226,-7.432,95.83333333333333,9.770395701026986,60.472564681813104,60,43,7,10,0.8667,False
USD1,2026-06-14T07:09:36.444Z,2026-06-14T07:09:36.444332Z,2026-06-14T09:09:36.444332Z,7227.107314,7,1.0006499999999998,0.9993504222254435,0.03997601439136078,0.03,99.30555555555556,0.9993504222254435,76.34621384211191,0,0,0,0,,
WLD,2026-06-14T07:09:43.139Z,2026-06-14T07:09:43.139903Z,2026-06-14T09:09:43.139903Z,7220.411743,7,0.5045,3.9643211100116753,12.95036028823058,5.379,97.56944444444444,3.9643211100116753,67.23523355246446,8,4,2,2,0.5,False
XLM,2026-06-14T07:09:48.701Z,2026-06-14T07:09:48.701797Z,2026-06-14T09:09:48.701797Z,7214.849849,7,0.18614999999999998,5.372011818426901,3.980634749865528,0.324,92.01388888888889,5.372011818426901,52.31577688864762,64,25,35,4,0.6094,False
XPL,2026-06-14T07:09:54.891Z,2026-06-14T07:09:54.891984Z,2026-06-14T09:09:54.891984Z,7208.659662,7,0.08935,11.191941801901397,16.326530612244895,8.088,92.70833333333333,11.191941801901397,63.98128290892683,1,0,1,0,1.0,False
XRP,2026-06-14T07:10:00.106Z,2026-06-14T07:10:00.106500Z,2026-06-14T09:10:00.106500Z,7203.445146,7,1.1443500000000002,0.8738585223051425,2.7017605020045443,1.334,96.52777777777777,0.8738585223051425,54.98519774148313,23,8,11,4,0.5652,False
ZEC,2026-06-14T07:10:06.823Z,2026-06-14T07:10:06.823885Z,2026-06-14T09:10:06.823885Z,7797.350236,7,423.725,0.23600212401890153,5.656076698937868,3.422,98.26388888888889,0.23600212401890153,69.14340014691108,12,5,5,2,0.0,False
BIO,2026-06-14T07:15:43.555Z,2026-06-14T07:15:43.556041Z,2026-06-14T09:15:43.556041Z,7460.61808,7,0.031920000000000004,6.265664160400746,8.008863564419112,0.637,86.80555555555556,6.265664160400746,58.07596440302094,1,1,0,0,1.0,False
OP,2026-06-14T07:15:53.339Z,2026-06-14T07:15:53.340227Z,2026-06-14T09:15:53.340227Z,7450.833894,7,0.10575000000000001,9.456264775413981,10.61611374407583,3.839,88.19444444444444,9.456264775413981,61.98111825884594,34,16,14,4,0.5588,False
PENGU,2026-06-14T07:16:06.419Z,2026-06-14T07:16:06.419227Z,2026-06-14T09:16:06.419227Z,7437.754894,7,0.006659,6.006907944136554,4.569732937685461,1.232,88.54166666666667,6.006907944136554,44.99570322989243,2,2,0,0,1.0,False
SEI,2026-06-14T07:16:13.186Z,2026-06-14T07:16:13.186924Z,2026-06-14T09:16:13.186924Z,7430.987197,7,0.053035,5.6566418402945695,4.808414725770097,-0.579,87.84722222222223,5.6566418402945695,39.26014447921573,0,0,0,0,,
AAVE,2026-06-14T07:21:54.436Z,2026-06-14T07:21:54.436877Z,2026-06-14T09:21:54.436877Z,7689.821152,7,66.205,1.510459935048849,4.19801384291304,2.058,82.98611111111111,1.510459935048849,59.03166366326181,2,0,1,1,-0.5,False
APT,2026-06-14T07:22:05.325Z,2026-06-14T07:22:05.326133Z,2026-06-14T09:22:05.326133Z,7678.931896,7,0.6635,15.071590052750578,5.279034690799401,1.687,78.125,15.071590052750578,70.02405611538738,4,1,3,0,0.5,False
ASTER,2026-06-14T07:22:10.626Z,2026-06-14T07:22:10.627087Z,2026-06-14T09:22:10.627087Z,7673.630942,7,0.6315,15.835312747426777,1.7322834645669305,0.158,77.08333333333333,15.835312747426777,64.13965438226013,5,3,2,0,1.0,False
ATOM,2026-06-14T07:22:16.388Z,2026-06-14T07:22:16.388683Z,2026-06-14T09:22:16.388683Z,7667.869346,7,1.9435,5.145356315924311,3.667355371900824,-2.616,74.65277777777777,5.145356315924311,59.051059754190504,45,18,23,4,0.5111,False
CHZ,2026-06-14T07:22:33.496Z,2026-06-14T07:22:33.496921Z,2026-06-14T09:22:33.496921Z,7650.761108,7,0.025974999999999998,11.549566891241108,5.331242649941199,0.354,81.25,11.549566891241108,64.87027485509778,2,1,0,1,0.5,False
CRV,2026-06-14T07:22:38.851Z,2026-06-14T07:22:38.852182Z,2026-06-14T09:22:38.852182Z,7645.405847,7,0.2323,8.609556607834943,5.990586221651696,0.214,84.375,8.609556607834943,51.99121537716781,2,1,0,1,0.0,False
DYDX,2026-06-14T07:22:46.123Z,2026-06-14T07:22:46.124106Z,2026-06-14T09:22:46.124106Z,7638.133923,7,0.11999,11.667638969914261,5.523841504365348,-1.366,76.73611111111111,11.667638969914261,61.525918651223705,0,0,0,0,,
EDEN,2026-06-14T07:22:51.193Z,2026-06-14T07:22:51.193969Z,2026-06-14T09:22:51.193969Z,7633.06406,7,0.04125,24.242424242424935,8.633093525179854,2.963,75.0,24.242424242424935,66.42470193181069,0,0,0,0,,
EIGEN,2026-06-14T07:22:56.924Z,2026-06-14T07:22:56.925180Z,2026-06-14T09:22:56.925180Z,7627.332849,7,0.1945,10.28277634961469,15.635997988939174,11.304,80.90277777777777,10.28277634961469,67.6192243376257,1,1,0,0,1.0,False
EPIC,2026-06-14T07:23:03.089Z,2026-06-14T07:23:03.089384Z,2026-06-14T09:23:03.089384Z,7621.168645,7,0.5235000000000001,19.10219675262657,21.21212121212121,-7.853,75.69444444444444,19.10219675262657,55.87357569357524,0,0,0,0,,
HMSTR,2026-06-14T07:23:13.560Z,2026-06-14T07:23:13.561070Z,2026-06-14T09:23:13.561070Z,7610.696959,7,0.0001673,11.95457262402898,23.239012642986147,-17.074,82.29166666666667,11.95457262402898,47.88323398016179,2,1,1,0,1.0,False
IO,2026-06-14T07:23:23.493Z,2026-06-14T07:23:23.493620Z,2026-06-14T09:23:23.493620Z,7600.764409,7,0.17545,17.0988885722425,13.70246085011187,5.987,81.59722222222223,17.0988885722425,55.25322294229842,4,1,3,0,0.0,False
JTO,2026-06-14T07:23:28.678Z,2026-06-14T07:23:28.678250Z,2026-06-14T09:23:28.678250Z,7595.579779,7,0.54955,9.098353198070148,5.197657393850656,3.25,73.95833333333333,9.098353198070148,56.10337988781939,2,1,1,0,1.0,False
LINK,2026-06-14T07:23:48.679Z,2026-06-14T07:23:48.679503Z,2026-06-14T09:23:48.679503Z,7575.578526,7,7.8995,1.2659029052475903,2.4977923552415846,0.635,85.76388888888889,1.2659029052475903,65.05698352111371,9,4,4,1,0.2222,False
OPEN,2026-06-14T07:24:12.906Z,2026-06-14T07:24:12.906876Z,2026-06-14T09:24:12.906876Z,7551.351153,7,0.25715,11.666342601593115,13.39909576654337,9.792,74.30555555555556,11.666342601593115,70.49673111217673,0,0,0,0,,
ORCA,2026-06-14T07:24:23.632Z,2026-06-14T07:24:23.632329Z,2026-06-14T09:24:23.632329Z,7540.6257,7,1.1195,8.932559178205556,9.380530973451318,-3.501,79.16666666666667,8.932559178205556,45.5093789332847,21,17,4,0,1.0,False
ORDI,2026-06-14T07:24:30.468Z,2026-06-14T07:24:30.468727Z,2026-06-14T09:24:30.468727Z,7533.789302,7,3.324,6.016847172082502,7.622228970543573,-2.111,72.91666666666667,6.016847172082502,46.03130965507766,5,2,3,0,0.6,False
PENDLE,2026-06-14T07:24:36.564Z,2026-06-14T07:24:36.564418Z,2026-06-14T09:24:36.564418Z,7527.693611,7,1.3315000000000001,7.510326699212256,6.122448979591834,4.751,80.20833333333333,7.510326699212256,72.04343763856562,1,0,1,0,1.0,False
PUMP,2026-06-14T07:24:43.002Z,2026-06-14T07:24:43.003026Z,2026-06-14T09:24:43.003026Z,7521.255003,7,0.0015145,6.602839220865849,4.488448844884483,-0.525,82.63888888888889,6.602839220865849,50.55769172110309,2,2,0,0,1.0,False
PYTH,2026-06-14T07:24:49.695Z,2026-06-14T07:24:49.695607Z,2026-06-14T09:24:49.695607Z,7514.562422,7,0.03845,26.007802340702955,7.3979591836734695,5.094,81.94444444444444,26.007802340702955,76.24130682617391,6,6,0,0,1.0,False
SOMI,2026-06-14T07:25:03.065Z,2026-06-14T07:25:03.066124Z,2026-06-14T09:25:03.066124Z,7501.191905,7,0.1123,17.809439002671926,7.410714285714275,2.377,76.04166666666667,17.809439002671926,56.46252026685706,0,0,0,0,,
TIA,2026-06-14T07:25:10.028Z,2026-06-14T07:25:10.029139Z,2026-06-14T09:25:10.029139Z,7494.22889,7,0.3382,5.913660555883441,9.70873786407768,4.232,79.51388888888889,5.913660555883441,58.189766644764724,2,1,1,0,0.0,False
W,2026-06-14T07:25:15.926Z,2026-06-14T07:25:15.926851Z,2026-06-14T09:25:15.926851Z,7488.331178,7,0.00974,20.533880903489923,6.832298136645953,1.684,77.43055555555556,20.533880903489923,50.93891733613305,2,1,1,0,1.0,False
ARB,2026-06-14T07:31:32.911Z,2026-06-14T07:31:32.911356Z,2026-06-14T09:31:32.911356Z,7710.887512,7,0.08335000000000001,11.99760047990436,4.290822407628136,0.119,67.70833333333333,11.99760047990436,64.51437707212277,11,4,6,1,0.8182,False
ARKM,2026-06-14T07:31:39.525Z,2026-06-14T07:31:39.526243Z,2026-06-14T09:31:39.526243Z,7704.272625,7,0.12780000000000002,15.649452269171023,9.162717219589247,4.542,62.5,15.649452269171023,60.376130338099834,18,6,12,0,-0.0556,False
AT,2026-06-14T07:31:46.687Z,2026-06-14T07:31:46.687627Z,2026-06-14T09:31:46.687627Z,7697.111241,7,0.13874999999999998,21.621621621621244,34.128166915052155,-17.058,62.84722222222222,21.621621621621244,52.96975515842018,2,2,0,0,1.0,False
BANANAS31,2026-06-14T07:31:56.142Z,2026-06-14T07:31:56.143007Z,2026-06-14T09:31:56.143007Z,7687.655861,7,0.0092505,11.89124912166974,9.33842239185751,9.425,67.01388888888889,11.89124912166974,69.52241255307553,0,0,0,0,,
DOT,2026-06-14T07:32:09.557Z,2026-06-14T07:32:09.558156Z,2026-06-14T09:32:09.558156Z,7674.240712,7,0.9704999999999999,10.303967027305521,3.2989690721649514,0.727,70.83333333333333,10.303967027305521,60.67771586141763,5,2,2,1,0.2,False
FIL,2026-06-14T07:32:27.983Z,2026-06-14T07:32:27.983916Z,2026-06-14T09:32:27.983916Z,7655.814952,7,0.7765,12.878300064391514,5.461638491547469,1.585,60.763888888888886,12.878300064391514,64.77679726385875,4,3,1,0,1.0,False
HEMI,2026-06-14T07:32:38.874Z,2026-06-14T07:32:38.874284Z,2026-06-14T09:32:38.874284Z,7644.924584,7,0.0061849999999999995,16.168148746969216,14.054927302100161,5.093,63.541666666666664,16.168148746969216,75.17586157852257,0,0,0,0,,
INIT,2026-06-14T07:32:44.692Z,2026-06-14T07:32:44.692320Z,2026-06-14T09:32:44.692320Z,7639.106548,7,0.058249999999999996,17.16738197424823,7.560137457044676,-1.523,69.79166666666667,17.16738197424823,57.71316663764579,0,0,0,0,,
MORPHO,2026-06-14T07:32:57.745Z,2026-06-14T07:32:57.745343Z,2026-06-14T09:32:57.745343Z,7626.053525,7,1.951,10.251153254741167,4.740061162079498,-1.208,60.06944444444444,10.251153254741167,69.06252468725594,0,0,0,0,,
NIL,2026-06-14T07:33:03.175Z,2026-06-14T07:33:03.175484Z,2026-06-14T09:33:03.175484Z,7620.623384,7,0.038974999999999996,23.091725465041645,11.74109382839939,4.812,65.97222222222223,23.091725465041645,63.4071905815712,2,0,2,0,-1.0,False
PHA,2026-06-14T07:33:09.739Z,2026-06-14T07:33:09.739973Z,2026-06-14T09:33:09.739973Z,7614.058895,7,0.03585,27.894002789401075,12.181303116147305,2.915,64.58333333333333,27.894002789401075,70.60368353187685,1,1,0,0,1.0,False
PNUT,2026-06-14T07:33:19.097Z,2026-06-14T07:33:19.098179Z,2026-06-14T09:33:19.098179Z,7604.700689,7,0.04395,22.753128555175408,7.500000000000011,3.774,67.36111111111111,22.753128555175408,58.441838775830355,64,17,43,4,0.0781,False
POL,2026-06-14T07:33:26.677Z,2026-06-14T07:33:26.677699Z,2026-06-14T09:33:26.677699Z,7597.121169,7,0.075215,1.3295220368272447,2.809063203922084,1.153,61.111111111111114,1.3295220368272447,55.79761393263291,9,5,2,2,0.7778,False
RAY,2026-06-14T07:33:30.022Z,2026-06-14T07:33:30.022718Z,2026-06-14T09:33:30.022718Z,7593.77615,7,0.61,32.78688524590167,6.055646481178401,3.735,59.02777777777778,32.78688524590167,73.40069000866659,23,19,4,0,0.8696,False
RUNE,2026-06-14T07:33:35.532Z,2026-06-14T07:33:35.532735Z,2026-06-14T09:33:35.532735Z,7588.266133,7,0.3815,26.212319790301464,7.1808510638297935,-3.59,63.888888888888886,26.212319790301464,56.12504838262835,0,0,0,0,,
SAGA,2026-06-14T07:33:43.743Z,2026-06-14T07:33:43.743339Z,2026-06-14T09:33:43.743339Z,7580.055529,7,0.013165,7.5958982149636105,11.448066717210015,5.267,71.18055555555556,7.5958982149636105,57.00583615406033,1,1,0,0,1.0,False
STRK,2026-06-14T07:33:48.969Z,2026-06-14T07:33:48.969231Z,2026-06-14T09:33:48.969231Z,7574.829637,7,0.03445,29.027576197388345,6.034482758620683,3.881,70.48611111111111,29.027576197388345,73.0522987314203,0,0,0,0,,
SYN,2026-06-14T07:33:54.503Z,2026-06-14T07:33:54.503949Z,2026-06-14T09:33:54.503949Z,7569.294919,7,0.03805,26.28120893561179,36.16557734204793,48.065,69.44444444444444,26.28120893561179,74.49651172574202,4,4,0,0,1.0,False
SYRUP,2026-06-14T07:33:59.545Z,2026-06-14T07:33:59.545519Z,2026-06-14T09:33:59.545519Z,7564.253349,7,0.13265,7.5386355069745,5.131964809384149,4.923,65.625,7.5386355069745,71.0039912416449,2,1,1,0,0.0,False
UNI,2026-06-14T07:34:06.679Z,2026-06-14T07:34:06.680157Z,2026-06-14T09:34:06.680157Z,7557.118711,7,2.5285,3.954913980620486,3.9510075069142663,1.647,64.23611111111111,3.954913980620486,60.33515545443658,2,2,0,0,1.0,False
VIRTUAL,2026-06-14T07:34:12.754Z,2026-06-14T07:34:12.755058Z,2026-06-14T09:34:12.755058Z,7551.04381,7,0.6292,3.1786395422755556,6.099873577749679,2.461,71.52777777777777,3.1786395422755556,43.4507635132373,2,0,1,1,0.0,False
ZBT,2026-06-14T07:34:26.561Z,2026-06-14T07:34:26.561390Z,2026-06-14T09:34:26.561390Z,7537.237478,7,0.11715,8.536064874093288,11.344537815126062,1.19,63.19444444444444,8.536064874093288,61.18075202700209,0,0,0,0,,
ZEN,2026-06-14T07:34:32.874Z,2026-06-14T07:34:32.874785Z,2026-06-14T09:34:32.874785Z,7530.924083,7,4.402,9.086778736936754,5.785682125168836,4.126,61.458333333333336,9.086778736936754,52.07444600535758,0,0,0,0,,
ZRO,2026-06-14T07:34:43.272Z,2026-06-14T07:34:43.273301Z,2026-06-14T09:34:43.273301Z,7520.525567,7,0.9355,10.689470871191887,4.166666666666658,0.862,72.22222222222223,10.689470871191887,63.53598011495033,2,1,1,0,1.0,False
2Z,2026-06-14T07:35:05.825Z,2026-06-14T07:35:05.825258Z,2026-06-14T09:35:05.825258Z,7497.97361,7,0.0703,17.069701280228873,7.277936962750718,1.101,54.166666666666664,17.069701280228873,63.92532635450106,0,0,0,0,,
AVNT,2026-06-14T07:35:11.013Z,2026-06-14T07:35:11.013396Z,2026-06-14T09:35:11.013396Z,7492.785472,7,0.10635,9.402914903619086,5.277525022747953,1.665,58.333333333333336,9.402914903619086,54.5142479238756,0,0,0,0,,
GIGGLE,2026-06-14T07:35:56.375Z,2026-06-14T07:35:56.375558Z,2026-06-14T09:35:56.375558Z,7447.42331,7,28.595,17.485574401119326,6.889279437609833,5.841,53.81944444444444,17.485574401119326,67.9448857634659,0,0,0,0,,
IOTA,2026-06-14T07:36:19.131Z,2026-06-14T07:36:19.132047Z,2026-06-14T09:36:19.132047Z,7424.666821,7,0.04645,21.52852529601784,3.478260869565211,-0.217,45.833333333333336,21.52852529601784,59.45154443607384,0,0,0,0,,
KITE,2026-06-14T07:36:33.343Z,2026-06-14T07:36:33.343554Z,2026-06-14T09:36:33.343554Z,7410.455314,7,0.19219999999999998,10.405827263267728,3.962943901183743,-0.051,56.94444444444444,10.405827263267728,68.36457641474752,0,0,0,0,,
MITO,2026-06-14T07:36:54.059Z,2026-06-14T07:36:54.059678Z,2026-06-14T09:36:54.059678Z,7389.73919,7,0.023575,21.208907741250464,22.436500470366884,23.104,51.388888888888886,21.208907741250464,70.66651743540689,5,4,1,0,1.0,False
OSMO,2026-06-14T07:36:59.108Z,2026-06-14T07:36:59.108300Z,2026-06-14T09:36:59.108300Z,7384.690568,7,0.04625,21.621621621622243,9.1304347826087,-0.862,52.77777777777778,21.621621621622243,62.54687447620718,0,0,0,0,,
PARTI,2026-06-14T07:37:06.411Z,2026-06-14T07:37:06.412003Z,2026-06-14T09:37:06.412003Z,7377.386865,7,0.05985,16.708437761069817,5.436573311367388,1.336,52.43055555555556,16.708437761069817,51.8022320773233,0,0,0,0,,
PROVE,2026-06-14T07:37:20.003Z,2026-06-14T07:37:20.003484Z,2026-06-14T09:37:20.003484Z,7363.795384,7,0.20045000000000002,14.96632576702393,6.262626262626274,-0.702,48.958333333333336,14.96632576702393,53.48338319491691,0,0,0,0,,
RESOLV,2026-06-14T07:37:25.533Z,2026-06-14T07:37:25.533978Z,2026-06-14T09:37:25.533978Z,7358.26489,7,0.01695,58.99705014749431,5.9523809523809375,1.818,49.30555555555556,58.99705014749431,60.4086178734321,0,0,0,0,,
TST,2026-06-14T07:37:56.845Z,2026-06-14T07:37:56.845683Z,2026-06-14T09:37:56.845683Z,7326.953185,7,0.0149,26.845637583891524,14.349775784753355,-9.56,57.986111111111114,26.845637583891524,55.45937373009372,3,0,2,1,1.0,False
TURBO,2026-06-14T07:38:03.017Z,2026-06-14T07:38:03.017821Z,2026-06-14T09:38:03.017821Z,7320.781047,7,0.0008935,11.191941801902901,12.942477876106198,6.982,54.861111111111114,11.191941801902901,67.60876014038267,0,0,0,0,,
TUT,2026-06-14T07:38:10.078Z,2026-06-14T07:38:10.078488Z,2026-06-14T09:38:10.078488Z,7313.72038,7,0.01092,36.63003663003673,6.503298774740808,3.21,50.69444444444444,36.63003663003673,70.18838987923021,0,0,0,0,,
WAL,2026-06-14T07:38:27.294Z,2026-06-14T07:38:27.294707Z,2026-06-14T09:38:27.294707Z,7296.504161,7,0.03375,29.629629629628422,8.823529411764692,2.719,55.55555555555556,29.629629629628422,54.89050080193244,0,0,0,0,,
A,2026-06-14T07:44:15.971Z,2026-06-14T07:44:15.971885Z,2026-06-14T09:44:15.971885Z,7547.530603,7,0.0721,55.47850208044349,6.760563380281689,-2.74,34.02777777777778,55.47850208044349,53.58786690714565,0,0,0,0,,
BOME,2026-06-14T07:44:32.707Z,2026-06-14T07:44:32.707389Z,2026-06-14T09:44:32.707389Z,7530.795099,7,0.00043000000000000004,46.511627906976614,3.5128805620608863,0.0,31.59722222222222,46.511627906976614,57.76595640972339,0,0,0,0,,
CETUS,2026-06-14T07:44:50.500Z,2026-06-14T07:44:50.500227Z,2026-06-14T09:44:50.500227Z,7513.002261,7,0.01856,10.775862068965079,8.908803373748007,6.275,41.666666666666664,10.775862068965079,59.72314290280148,0,0,0,0,,
CKB,2026-06-14T07:45:00.457Z,2026-06-14T07:45:00.458150Z,2026-06-14T09:45:00.458150Z,7503.044338,7,0.0011405,8.76808417360923,3.9508340649692624,1.606,35.416666666666664,8.76808417360923,62.43598925014215,0,0,0,0,,
ENS,2026-06-14T07:45:12.977Z,2026-06-14T07:45:12.977995Z,2026-06-14T09:45:12.977995Z,7490.524493,7,4.915,20.345879959307805,3.073770491803268,0.0,32.986111111111114,20.345879959307805,46.546602806155114,0,0,0,0,,
FLOKI,2026-06-14T07:45:21.557Z,2026-06-14T07:45:21.558075Z,2026-06-14T09:45:21.558075Z,7481.944413,7,2.5064999999999998e-05,3.9896269698776026,3.2604373757455223,2.194,35.06944444444444,3.9896269698776026,67.35402026178522,2,0,1,1,0.0,False
GPS,2026-06-14T07:45:36.064Z,2026-06-14T07:45:36.064374Z,2026-06-14T09:45:36.064374Z,7467.438114,7,0.007560000000000001,26.455026455026523,5.57065217391304,1.939,36.111111111111114,26.455026455026523,63.545450673453836,0,0,0,0,,
HYPER,2026-06-14T07:45:42.796Z,2026-06-14T07:45:42.796384Z,2026-06-14T09:45:42.796384Z,7460.706104,7,0.07375000000000001,13.559322033898692,4.820936639118462,1.966,44.44444444444444,13.559322033898692,67.81384808962471,1,0,1,0,1.0,False
KAIA,2026-06-14T07:45:47.838Z,2026-06-14T07:45:47.838193Z,2026-06-14T09:45:47.838193Z,7455.664295,7,0.038599999999999995,51.81347150259036,6.149732620320864,4.469,31.25,51.81347150259036,71.88220300859012,0,0,0,0,,
KERNEL,2026-06-14T07:45:52.931Z,2026-06-14T07:45:52.932028Z,2026-06-14T09:45:52.932028Z,7450.57046,7,0.047850000000000004,20.89864158829591,2.9350104821803047,0.421,30.90277777777778,20.89864158829591,59.38662266191086,0,0,0,0,,
LINEA,2026-06-14T07:46:04.125Z,2026-06-14T07:46:04.126246Z,2026-06-14T09:46:04.126246Z,7439.376242,7,0.002502,7.993605115906602,7.191370355573314,1.131,37.5,7.993605115906602,68.09525727068872,0,0,0,0,,
ROSE,2026-06-14T07:46:42.758Z,2026-06-14T07:46:42.758221Z,2026-06-14T09:46:42.758221Z,7400.744267,7,0.0063549999999999995,15.73564122738074,4.238618524332801,1.92,33.333333333333336,15.73564122738074,66.50672661337472,49,11,35,3,0.6735,False
S,2026-06-14T07:46:55.122Z,2026-06-14T07:46:55.123137Z,2026-06-14T09:46:55.123137Z,7388.379351,7,0.030285,9.905894006934867,4.346394468225228,1.708,43.75,9.905894006934867,64.97751480639242,0,0,0,0,,
SOLV,2026-06-14T07:47:14.472Z,2026-06-14T07:47:14.472826Z,2026-06-14T09:47:14.472826Z,7369.029662,7,0.0033550000000000003,29.80625931445611,5.074626865671642,2.446,36.458333333333336,29.80625931445611,64.65448141464104,0,0,0,0,,
STX,2026-06-14T07:47:19.527Z,2026-06-14T07:47:19.528204Z,2026-06-14T09:47:19.528204Z,7363.974284,7,0.1889,10.587612493383045,4.712892741061748,3.071,41.31944444444444,10.587612493383045,71.25815264068224,49,15,31,3,0.1429,False
THETA,2026-06-14T07:47:27.084Z,2026-06-14T07:47:27.084271Z,2026-06-14T09:47:27.084271Z,7356.418217,7,0.16060000000000002,12.453300124533357,5.354919053549188,3.213,36.80555555555556,12.453300124533357,40.702974983748454,0,0,0,0,,
TREE,2026-06-14T07:47:44.945Z,2026-06-14T07:47:44.946161Z,2026-06-14T09:47:44.946161Z,7338.556327,7,0.04635,21.574973031282827,4.329004329004333,1.987,34.72222222222222,21.574973031282827,63.465233553948025,0,0,0,0,,
XTZ,2026-06-14T07:47:55.401Z,2026-06-14T07:47:55.401546Z,2026-06-14T09:47:55.401546Z,7328.100942,7,0.23225,4.305705059204166,3.944020356234098,1.376,40.97222222222222,4.305705059204166,37.10047322873217,2,1,1,0,1.0,False
1000CHEEMS,2026-06-14T07:53:35.454Z,2026-06-14T07:53:35.454642Z,2026-06-14T09:53:35.454642Z,7588.593692,7,0.0005985,50.125313283207426,9.015025041736228,-3.852,19.791666666666668,50.125313283207426,40.77127800354288,1,1,0,0,1.0,False
ACH,2026-06-14T07:53:42.639Z,2026-06-14T07:53:42.639411Z,2026-06-14T09:53:42.639411Z,7581.408923,7,0.005415,18.467220683288016,2.037037037037034,-1.639,19.444444444444443,18.467220683288016,56.40742237115778,0,0,0,0,,
ANIME,2026-06-14T07:53:49.327Z,2026-06-14T07:53:49.328152Z,2026-06-14T09:53:49.328152Z,7574.720182,7,0.0029449999999999997,33.95585738539907,3.7542662116041057,-2.007,22.569444444444443,33.95585738539907,53.294104267861535,0,0,0,0,,
AUCTION,2026-06-14T07:53:56.153Z,2026-06-14T07:53:56.153595Z,2026-06-14T09:53:56.153595Z,7567.894739,7,3.785,26.42007926023839,2.3872679045092804,0.266,17.708333333333332,26.42007926023839,62.74007563968963,0,0,0,0,,
BARD,2026-06-14T07:54:03.439Z,2026-06-14T07:54:03.439682Z,2026-06-14T09:54:03.439682Z,7560.608652,7,0.15565,6.424670735625874,7.776349614395888,-6.993,28.125,6.424670735625874,55.50231011203575,0,0,0,0,,
CFX,2026-06-14T07:54:15.948Z,2026-06-14T07:54:15.949172Z,2026-06-14T09:54:15.949172Z,7548.099162,7,0.04492,4.452359750667672,2.8219484882418904,-1.457,25.34722222222222,4.452359750667672,59.858184011167275,0,0,0,0,,
COOKIE,2026-06-14T07:54:22.697Z,2026-06-14T07:54:22.697299Z,2026-06-14T09:54:22.697299Z,7541.351035,7,0.00945,105.82010582010517,6.451612903225805,1.087,29.166666666666668,105.82010582010517,56.30856821646597,0,0,0,0,,
CYBER,2026-06-14T07:54:29.475Z,2026-06-14T07:54:29.475723Z,2026-06-14T09:54:29.475723Z,7534.572611,7,0.3435,29.112081513826645,2.3391812865496933,-0.581,29.86111111111111,29.112081513826645,56.58452106121494,0,0,0,0,,
ERA,2026-06-14T07:54:36.812Z,2026-06-14T07:54:36.813058Z,2026-06-14T09:54:36.813058Z,7527.235276,7,0.10175000000000001,9.82800982801011,3.165182987141439,-1.076,20.48611111111111,9.82800982801011,47.61223520457158,0,0,0,0,,
GRT,2026-06-14T07:55:00.780Z,2026-06-14T07:55:00.780218Z,2026-06-14T09:55:00.780218Z,7503.268116,7,0.01994,30.090270812437826,2.414486921529164,-0.55,21.180555555555557,30.090270812437826,64.7268781888152,17,3,11,3,0.2941,False
MIRA,2026-06-14T07:55:30.787Z,2026-06-14T07:55:30.787537Z,2026-06-14T09:55:30.787537Z,7473.260797,7,0.0553,36.166365280289114,5.945945945945954,4.717,20.833333333333332,36.166365280289114,71.83969833159574,0,0,0,0,,
MOVE,2026-06-14T07:55:38.369Z,2026-06-14T07:55:38.369886Z,2026-06-14T09:55:38.369886Z,7465.678448,7,0.01195,83.68200836820033,5.042016806722687,-0.833,28.819444444444443,83.68200836820033,38.4872563998757,0,0,0,0,,
VET,2026-06-14T07:57:02.884Z,2026-06-14T07:57:02.884793Z,2026-06-14T09:57:02.884793Z,7381.163541,7,0.005071,11.83198580161861,3.068951773614996,-2.808,28.47222222222222,11.83198580161861,42.75062504421706,1,1,0,0,1.0,False
1000CAT,2026-06-14T08:02:40.815Z,2026-06-14T08:02:40.815693Z,2026-06-14T10:02:40.815693Z,7642.880033,7,0.00151,132.45033112582817,2.6666666666666594,-0.662,4.513888888888889,132.45033112582817,51.45457462485956,66,21,38,7,0.2576,False
1000SATS,2026-06-14T08:02:46.520Z,2026-06-14T08:02:46.520169Z,2026-06-14T10:02:46.520169Z,7637.175557,7,9.585e-06,31.298904538340857,3.246073298429306,-2.252,13.541666666666666,31.298904538340857,54.96492164077882,60,1,59,0,0.7667,False
ACX,2026-06-14T08:03:04.741Z,2026-06-14T08:03:04.741950Z,2026-06-14T10:03:04.741950Z,7618.953776,7,0.042855000000000004,35.00175008750538,1.6125262911895213,0.47,9.027777777777779,35.00175008750538,50.19779028079699,70,27,37,6,0.1,False
AEVO,2026-06-14T08:03:12.950Z,2026-06-14T08:03:12.950497Z,2026-06-14T10:03:12.950497Z,7610.745229,7,0.019854999999999998,65.47469151347352,2.7735753908219962,-0.85,3.8194444444444446,65.47469151347352,39.744004459746634,0,0,0,0,,
API3,2026-06-14T08:03:18.300Z,2026-06-14T08:03:18.301199Z,2026-06-14T10:03:18.301199Z,7605.394527,7,0.25775000000000003,11.639185257032878,2.342834830144477,-0.813,15.972222222222221,11.639185257032878,46.09069878767702,0,0,0,0,,
BANANA,2026-06-14T08:03:25.258Z,2026-06-14T08:03:25.259225Z,2026-06-14T10:03:25.259225Z,7598.436501,7,2.951,6.777363605556691,2.7146250424160185,-1.273,12.5,6.777363605556691,58.38277247542285,0,0,0,0,,
BEAMX,2026-06-14T08:03:33.049Z,2026-06-14T08:03:33.049410Z,2026-06-14T10:03:33.049410Z,7590.646316,7,0.001436,13.927576601670138,3.6414565826330505,-3.252,10.069444444444445,13.927576601670138,48.41511386574402,0,0,0,0,,
BLUR,2026-06-14T08:03:38.174Z,2026-06-14T08:03:38.174961Z,2026-06-14T10:03:38.174961Z,7585.520765,7,0.018035000000000002,5.544774050457217,4.410943606923521,-4.071,14.930555555555555,5.544774050457217,37.99762020979728,0,0,0,0,,
BMT,2026-06-14T08:03:45.284Z,2026-06-14T08:03:45.284878Z,2026-06-14T10:03:45.284878Z,7578.410848,7,0.013005,7.689350249904905,1.9290123456790143,-0.308,5.555555555555555,7.689350249904905,50.749244756278856,1,1,0,0,1.0,False
COMP,2026-06-14T08:03:53.781Z,2026-06-14T08:03:53.781917Z,2026-06-14T10:03:53.781917Z,7569.913809,7,17.565,39.85197836606905,2.350917431192661,-0.4,7.638888888888889,39.85197836606905,51.02265711548453,69,33,31,5,0.5072,False
COW,2026-06-14T08:04:06.512Z,2026-06-14T08:04:06.512280Z,2026-06-14T10:04:06.512280Z,7557.183446,7,0.1528,26.178010471203123,5.32894736842105,3.472,12.847222222222221,26.178010471203123,58.00305055167497,0,0,0,0,,
EUL,2026-06-14T08:04:19.278Z,2026-06-14T08:04:19.278492Z,2026-06-14T10:04:19.278492Z,7544.417234,7,0.9595,31.266284523189185,2.887700534759349,2.074,14.23611111111111,31.266284523189185,70.99649986795013,0,0,0,0,,
FLUX,2026-06-14T08:04:24.746Z,2026-06-14T08:04:24.747175Z,2026-06-14T10:04:24.747175Z,7538.948551,7,0.051949999999999996,19.249278152068513,2.7131782945736407,-0.578,9.722222222222221,19.249278152068513,58.73733321039352,0,0,0,0,,
HIVE,2026-06-14T08:04:38.498Z,2026-06-14T08:04:38.499137Z,2026-06-14T10:04:38.499137Z,7525.196589,7,0.049699999999999994,40.24144869215268,3.0425963488843846,-2.761,13.194444444444445,40.24144869215268,53.76160915766479,0,0,0,0,,
ILV,2026-06-14T08:04:45.646Z,2026-06-14T08:04:45.647046Z,2026-06-14T10:04:45.647046Z,7518.04868,7,3.325,30.075187969925505,5.373134328358214,0.904,14.583333333333334,30.075187969925505,46.289696409002566,0,0,0,0,,
LPT,2026-06-14T08:04:56.687Z,2026-06-14T08:04:56.687764Z,2026-06-14T10:04:56.687764Z,7507.007962,7,1.798,22.246941045606246,4.194630872483219,-1.92,6.944444444444445,22.246941045606246,57.69578401760322,0,0,0,0,,
ME,2026-06-14T08:05:09.381Z,2026-06-14T08:05:09.382185Z,2026-06-14T10:05:09.382185Z,7494.313541,7,0.06195,80.71025020177571,7.3051948051948115,-1.754,15.277777777777779,80.71025020177571,55.01463039622886,1,1,0,0,1.0,False
MINA,2026-06-14T08:05:20.340Z,2026-06-14T08:05:20.341235Z,2026-06-14T10:05:20.341235Z,7483.354491,7,0.042550000000000004,23.501762632196456,3.3018867924528426,-2.079,15.625,23.501762632196456,37.329915765413055,0,0,0,0,,
SNX,2026-06-14T08:05:50.130Z,2026-06-14T08:05:50.130481Z,2026-06-14T10:05:50.130481Z,7453.565245,7,0.2405,41.580041580041616,2.9288702928870323,-2.049,11.11111111111111,41.580041580041616,54.180601949798486,1,1,0,0,-1.0,False
WCT,2026-06-14T08:06:27.092Z,2026-06-14T08:06:27.092336Z,2026-06-14T10:06:27.092336Z,7416.60339,7,0.046994999999999995,10.639429726566961,3.4873769790329474,0.279,12.152777777777779,10.639429726566961,57.995403886015694,0,0,0,0,,
YB,2026-06-14T08:06:45.373Z,2026-06-14T08:06:45.373685Z,2026-06-14T10:06:45.373685Z,7398.322041,7,0.0884,22.62443438913935,6.00907029478458,-1.563,16.666666666666668,22.62443438913935,43.908250874309985,0,0,0,0,,
1INCH,2026-06-14T08:12:26.024Z,2026-06-14T08:12:26.024236Z,2026-06-14T10:12:26.024236Z,7658.211301,7,0.0723,27.662517289074096,1.7955801104972506,-0.275,1.0416666666666667,27.662517289074096,39.78817257198983,0,0,0,0,,
ADA,2026-06-14T08:12:31.001Z,2026-06-14T08:12:31.001902Z,2026-06-14T10:12:31.001902Z,7653.233635,7,0.17075,5.856515373353835,2.8021015761821357,-1.04,92.36111111111111,5.856515373353835,46.3638776279166,23,7,14,2,0.1304,False
ALLO,2026-06-14T08:12:40.905Z,2026-06-14T08:12:40.905651Z,2026-06-14T10:12:40.905651Z,7643.329886,7,0.37234999999999996,8.056935678797435,15.902738960313027,-8.91,91.31944444444444,8.056935678797435,63.75107107257251,61,7,54,0,-0.2951,False
BCH,2026-06-14T08:12:46.967Z,2026-06-14T08:12:46.967810Z,2026-06-14T10:12:46.967810Z,7637.267727,7,204.35000000000002,4.893564962074593,3.636363636363625,-1.596,89.23611111111111,4.893564962074593,60.95259018248483,3,0,3,0,0.3333,False
BERA,2026-06-14T08:12:53.164Z,2026-06-14T08:12:53.164555Z,2026-06-14T10:12:53.164555Z,7631.070982,7,0.2535,39.4477317554241,6.349206349206354,-1.176,93.40277777777777,39.4477317554241,58.646913940395976,1,0,1,0,1.0,False
BFUSD,2026-06-14T08:12:58.492Z,2026-06-14T08:12:58.492701Z,2026-06-14T10:12:58.492701Z,7625.742836,7,0.9997,12.003601080323886,0.0,0.0,0.6944444444444444,12.003601080323886,52.086660812673074,0,0,0,0,,
BIGTIME,2026-06-14T08:13:05.570Z,2026-06-14T08:13:05.570549Z,2026-06-14T10:13:05.570549Z,7618.664988,7,0.00902,88.6917960088694,4.217536071032187,0.0,2.4305555555555554,88.6917960088694,44.79588787372664,64,19,38,7,0.0625,False
BNB,2026-06-14T08:13:11.269Z,2026-06-14T08:13:11.269851Z,2026-06-14T10:13:11.269851Z,7612.965686,7,612.015,0.16339468803854326,1.6078277116727406,1.117,94.09722222222223,0.16339468803854326,63.309104626727844,9,1,7,1,0.5556,False
BTC,2026-06-14T08:13:17.099Z,2026-06-14T08:13:17.100123Z,2026-06-14T10:13:17.100123Z,7607.135414,7,64535.345,0.0015495384741550954,1.6221962751430445,0.927,100.0,0.0015495384741550954,64.77162860090519,44,28,11,5,0.3409,False
CVC,2026-06-14T08:13:24.578Z,2026-06-14T08:13:24.579006Z,2026-06-14T10:13:24.579006Z,7599.656531,7,0.022879999999999998,52.447552447551836,0.743006993006993,-0.738,2.0833333333333335,52.447552447551836,34.81586977584254,63,16,40,7,-0.2063,False
DOGE,2026-06-14T08:13:30.002Z,2026-06-14T08:13:30.003147Z,2026-06-14T10:13:30.003147Z,7594.23239,7,0.087325,1.1451474377337534,2.1671826625386874,0.184,93.05555555555556,1.1451474377337534,60.54842343524833,37,29,8,0,0.8378,False
ENA,2026-06-14T08:13:35.951Z,2026-06-14T08:13:35.951692Z,2026-06-14T10:13:35.951692Z,7588.283845,7,0.08335000000000001,11.99760047990436,7.469879518072302,2.217,97.22222222222223,11.99760047990436,65.74754384472362,2,1,1,0,-1.0,False
EUR,2026-06-14T08:13:44.984Z,2026-06-14T08:13:44.984646Z,2026-06-14T10:13:44.984646Z,7579.250891,7,1.1557499999999998,0.8652390222798096,0.07786140669609161,-0.043,95.48611111111111,0.8652390222798096,58.164478627215594,0,0,0,0,,
GMX,2026-06-14T08:14:02.479Z,2026-06-14T08:14:02.480103Z,2026-06-14T10:14:02.480103Z,7561.755434,7,5.595000000000001,53.619302949062096,1.6157989228007157,-1.241,1.3888888888888888,53.619302949062096,44.59761616108451,11,4,7,0,1.0,False
MASK,2026-06-14T08:14:18.905Z,2026-06-14T08:14:18.906169Z,2026-06-14T10:14:18.906169Z,7545.329368,7,0.37,54.0540540540541,1.9125683060109306,0.274,2.7777777777777777,54.0540540540541,60.24469205622753,10,6,4,0,1.0,False
NEAR,2026-06-14T08:14:34.757Z,2026-06-14T08:14:34.758105Z,2026-06-14T10:14:34.758105Z,7529.477432,7,2.124,9.416195856872784,8.13124108416549,3.392,97.56944444444444,9.416195856872784,61.142136135285014,7,2,4,1,0.7143,False
ONDO,2026-06-14T08:14:43.389Z,2026-06-14T08:14:43.389331Z,2026-06-14T10:14:43.389331Z,7520.846206,7,0.36075,2.7720027720024665,5.397885364496376,-1.128,90.625,2.7720027720024665,43.9378056910361,3,2,1,0,1.0,False
RENDER,2026-06-14T08:14:52.918Z,2026-06-14T08:14:52.918422Z,2026-06-14T10:14:52.918422Z,7511.317115,7,1.7885,5.591277606932568,4.845070422535203,1.953,92.01388888888889,5.591277606932568,66.4910344099434,1,1,0,0,1.0,False
RPL,2026-06-14T08:15:00.135Z,2026-06-14T08:15:00.135572Z,2026-06-14T10:15:00.135572Z,7504.099965,7,1.37,145.9854014598525,1.449275362318842,-1.429,0.3472222222222222,145.9854014598525,32.05362496246999,0,0,0,0,,
TON,2026-06-14T08:15:23.616Z,2026-06-14T08:15:23.616542Z,2026-06-14T10:15:23.616542Z,7480.618995,7,1.7285,5.785363031530877,5.046403712296982,1.891,89.58333333333333,5.785363031530877,54.069430823530844,5,3,2,0,1.0,False
TRX,2026-06-14T08:15:33.108Z,2026-06-14T08:15:33.109325Z,2026-06-14T10:15:33.109325Z,7471.126212,7,0.31785,3.1461381154629224,0.9800822004426151,0.285,90.27777777777777,3.1461381154629224,54.93740340765274,41,21,17,3,0.7805,False
HBAR,2026-06-14T08:21:30.786Z,2026-06-14T08:21:30.786740Z,2026-06-14T10:21:30.786740Z,7715.050046,7,0.07923,2.524296352392544,1.619228336495893,1.307,86.45833333333333,2.524296352392544,64.1954238964607,5,2,3,0,0.2,False
KAITO,2026-06-14T08:21:40.637Z,2026-06-14T08:21:40.637417Z,2026-06-14T10:21:40.637417Z,7705.199369,7,0.45305,15.450833241364835,15.5852417302799,11.095,88.19444444444444,15.450833241364835,63.0265244884609,1,1,0,0,1.0,False
LTC,2026-06-14T08:21:46.510Z,2026-06-14T08:21:46.510535Z,2026-06-14T10:21:46.510535Z,7699.326251,7,44.230000000000004,4.521817770744545,2.816261639791056,1.218,87.84722222222223,4.521817770744545,71.83279648060517,5,2,3,0,0.6,False
SHIB,2026-06-14T08:22:07.240Z,2026-06-14T08:22:07.241200Z,2026-06-14T10:22:07.241200Z,7678.595586,7,4.985e-06,20.060180541624685,3.200000000000003,1.01,86.80555555555556,20.060180541624685,63.6198032141549,19,11,7,1,0.3158,False
AVAX,2026-06-14T08:27:54.495Z,2026-06-14T08:27:54.495877Z,2026-06-14T10:27:54.495877Z,7331.340909,7,6.6675,1.4998125234350714,2.2232236743277705,-0.15,83.68055555555556,1.4998125234350714,53.74141982238824,7,3,4,0,0.4286,False
HOME,2026-06-14T08:28:47.431Z,2026-06-14T08:28:47.432106Z,2026-06-14T10:28:47.432106Z,7278.40468,7,0.03015,53.067993366500964,25.520833333333343,3.889,80.90277777777777,53.067993366500964,59.960071218203204,2,1,1,0,1.0,False
JUP,2026-06-14T08:29:01.132Z,2026-06-14T08:29:01.133165Z,2026-06-14T10:29:01.133165Z,7264.703621,7,0.17075,5.856515373353835,3.988269794721407,-2.18,82.29166666666667,5.856515373353835,46.660726099466814,10,6,4,0,1.0,False
KMNO,2026-06-14T08:29:07.472Z,2026-06-14T08:29:07.472563Z,2026-06-14T10:29:07.472563Z,7258.364223,7,0.017715,16.93480101608737,7.963594994311729,0.342,78.125,16.93480101608737,52.6001565330539,2,1,1,0,1.0,False
MMT,2026-06-14T08:29:23.425Z,2026-06-14T08:29:23.426370Z,2026-06-14T10:29:23.426370Z,7242.410416,7,0.12780000000000002,15.649452269171023,15.249042145593869,11.729,85.76388888888889,15.649452269171023,83.15317760455903,2,2,0,0,1.0,False
NOT,2026-06-14T08:29:30.864Z,2026-06-14T08:29:30.864289Z,2026-06-14T10:29:30.864289Z,7234.972497,7,0.0004795,20.855057351408224,18.803418803418797,-5.071,78.47222222222223,20.855057351408224,61.70786325589498,1,1,0,0,1.0,False
ZK,2026-06-14T08:30:43.025Z,2026-06-14T08:30:43.026070Z,2026-06-14T10:30:43.026070Z,7760.67512,7,0.011474999999999999,8.714596949892226,6.293103448275861,0.173,74.65277777777777,8.714596949892226,56.708907323776764,1,0,0,1,1.0,False
0G,2026-06-14T08:36:31.356Z,2026-06-14T08:36:31.356804Z,2026-06-14T10:36:31.356804Z,7412.344386,7,0.2945,33.955857385399014,6.122448979591843,-0.676,60.416666666666664,33.955857385399014,57.910333004408734,0,0,0,0,,
ALT,2026-06-14T08:36:38.354Z,2026-06-14T08:36:38.354171Z,2026-06-14T10:36:38.354171Z,7405.347019,7,0.006489999999999999,30.816640986132594,7.407407407407414,1.408,60.763888888888886,30.816640986132594,67.51637493694982,0,0,0,0,,
AR,2026-06-14T08:36:50.617Z,2026-06-14T08:36:50.617810Z,2026-06-14T10:36:50.617810Z,7393.08338,7,2.0145,4.964010920825684,4.982561036372688,0.804,66.66666666666667,4.964010920825684,44.28029922238662,2,1,1,0,1.0,False
BABY,2026-06-14T08:37:14.351Z,2026-06-14T08:37:14.351834Z,2026-06-14T10:37:14.351834Z,7369.349356,7,0.01512,13.22751322751269,11.015262110152621,8.966,70.13888888888889,13.22751322751269,66.57110007467855,3,2,1,0,0.3333,False
BONK,2026-06-14T08:37:20.699Z,2026-06-14T08:37:20.699489Z,2026-06-14T10:37:20.699489Z,7363.001701,7,4.475e-06,22.346368715083585,3.587443946188345,0.225,68.05555555555556,22.346368715083585,67.74182419816195,6,5,1,0,0.5,False
ENSO,2026-06-14T08:37:39.046Z,2026-06-14T08:37:39.047123Z,2026-06-14T10:37:39.047123Z,7344.654067,7,0.6445000000000001,15.515903801396444,7.286821705426363,1.896,62.15277777777778,15.515903801396444,72.22448259730315,13,6,7,0,1.0,False
GALA,2026-06-14T08:37:53.234Z,2026-06-14T08:37:53.234606Z,2026-06-14T10:37:53.234606Z,7330.466584,7,0.0026249999999999997,38.0952380952382,3.831417624521083,-2.612,69.09722222222223,38.0952380952382,50.78206014145294,0,0,0,0,,
PLUME,2026-06-14T08:38:58.354Z,2026-06-14T08:38:58.354883Z,2026-06-14T10:38:58.354883Z,7265.346307,7,0.010555,9.474182851728653,5.656759348034518,-1.604,61.458333333333336,9.474182851728653,53.58344515589822,0,0,0,0,,
WIF,2026-06-14T08:39:57.740Z,2026-06-14T08:39:57.740961Z,2026-06-14T10:39:57.740961Z,7205.960229,7,0.15944999999999998,6.271558482283898,3.528670447384999,-1.245,64.93055555555556,6.271558482283898,51.87435104909311,0,0,0,0,,
WLFI,2026-06-14T08:40:05.359Z,2026-06-14T08:40:05.360218Z,2026-06-14T10:40:05.360218Z,7797.805837,7,0.05865,17.05029838022214,2.7118644067796565,-0.338,65.27777777777777,17.05029838022214,67.44772192112656,3,2,1,0,0.6667,False
APE,2026-06-14T08:46:00.727Z,2026-06-14T08:46:00.727572Z,2026-06-14T10:46:00.727572Z,7442.438483,7,0.12655,7.902015013827656,3.472770323599043,-1.554,57.291666666666664,7.902015013827656,62.940664352759015,43,33,8,2,0.907,False
AXS,2026-06-14T08:46:14.206Z,2026-06-14T08:46:14.206803Z,2026-06-14T10:46:14.206803Z,7428.959252,7,0.9544999999999999,10.476689366160304,2.8242677824267806,-1.342,51.041666666666664,10.476689366160304,61.889039353968094,12,6,6,0,0.8333,False
BB,2026-06-14T08:46:21.237Z,2026-06-14T08:46:21.237844Z,2026-06-14T10:46:21.237844Z,7421.928211,7,0.02185,45.76659038901574,7.373271889400924,-0.459,52.43055555555556,45.76659038901574,57.97843799124949,0,0,0,0,,
C,2026-06-14T08:46:27.488Z,2026-06-14T08:46:27.489066Z,2026-06-14T10:46:27.489066Z,7415.676989,7,0.09234999999999999,10.828370330265608,6.350914962325069,-3.027,48.263888888888886,10.828370330265608,52.708241987831535,0,0,0,0,,
CAKE,2026-06-14T08:46:33.036Z,2026-06-14T08:46:33.036942Z,2026-06-14T10:46:33.036942Z,7410.129113,7,1.3515000000000001,7.399186089530979,3.834808259587007,1.497,51.736111111111114,7.399186089530979,56.13305597855367,4,1,3,0,1.0,False
DOGS,2026-06-14T08:46:38.320Z,2026-06-14T08:46:38.320366Z,2026-06-14T10:46:38.320366Z,7404.845689,7,4.325e-05,23.121387283237556,7.476635514018684,-1.609,45.486111111111114,23.121387283237556,56.639535849148515,0,0,0,0,,
EGLD,2026-06-14T08:46:45.392Z,2026-06-14T08:46:45.392432Z,2026-06-14T10:46:45.392432Z,7397.773623,7,2.895,34.542314335059714,3.124999999999995,-1.37,47.22222222222222,34.542314335059714,60.987669323987305,2,0,2,0,1.0,False
ENJ,2026-06-14T08:46:50.546Z,2026-06-14T08:46:50.546480Z,2026-06-14T10:46:50.546480Z,7392.619575,7,0.031305,9.58313368471562,7.367418228008901,-4.518,53.81944444444444,9.58313368471562,40.20245160553105,15,8,4,3,0.0667,False
ETHFI,2026-06-14T08:46:56.263Z,2026-06-14T08:46:56.263494Z,2026-06-14T10:46:56.263494Z,7386.902561,7,0.3155,31.695721077654543,2.85714285714286,-2.174,55.208333333333336,31.695721077654543,63.07831542665526,0,0,0,0,,
EURI,2026-06-14T08:47:03.324Z,2026-06-14T08:47:03.324873Z,2026-06-14T10:47:03.324873Z,7379.841182,7,1.15525,0.8656135035705603,0.9776777989271384,-0.026,45.138888888888886,0.8656135035705603,67.91215033821277,0,0,0,0,,
FF,2026-06-14T08:47:10.452Z,2026-06-14T08:47:10.452705Z,2026-06-14T10:47:10.452705Z,7372.71335,7,0.07259499999999999,9.642537364832375,8.06993947545394,-7.213,50.0,9.642537364832375,40.11280840065598,1,1,0,0,1.0,False
GUN,2026-06-14T08:47:28.373Z,2026-06-14T08:47:28.373769Z,2026-06-14T10:47:28.373769Z,7354.792286,7,0.005775000000000001,17.316017316018108,8.934707903780064,-3.96,47.56944444444444,17.316017316018108,57.787844758423034,0,0,0,0,,
HEI,2026-06-14T08:47:36.436Z,2026-06-14T08:47:36.437143Z,2026-06-14T10:47:36.437143Z,7346.728912,7,0.0837,47.78972520907976,16.866028708133975,-6.8,53.47222222222222,47.78972520907976,52.965632892649595,0,0,0,0,,
HUMA,2026-06-14T08:47:42.967Z,2026-06-14T08:47:42.968041Z,2026-06-14T10:47:42.968041Z,7340.198014,7,0.024055,12.471419663272604,5.1150895140664945,0.644,46.18055555555556,12.471419663272604,59.08276161652801,15,10,5,0,1.0,False
LDO,2026-06-14T08:48:05.337Z,2026-06-14T08:48:05.337284Z,2026-06-14T10:48:05.337284Z,7317.828771,7,0.26215,11.443829868394698,2.4128686327077644,-0.836,49.65277777777778,11.443829868394698,58.73489828610904,0,0,0,0,,
MEME,2026-06-14T08:48:16.414Z,2026-06-14T08:48:16.414224Z,2026-06-14T10:48:16.414224Z,7306.751831,7,0.0005945,16.82085786375146,7.407407407407404,6.071,52.083333333333336,16.82085786375146,63.67131398241656,39,23,15,1,0.8462,False
PAXG,2026-06-14T08:48:32.072Z,2026-06-14T08:48:32.072458Z,2026-06-14T10:48:32.072458Z,7291.093597,7,4223.445,1.8231562148898046,0.6354628989978252,0.248,52.77777777777778,1.8231562148898046,49.472989178295634,1,1,0,0,1.0,False
SAHARA,2026-06-14T08:48:54.705Z,2026-06-14T08:48:54.705871Z,2026-06-14T10:48:54.705871Z,7268.460184,7,0.015365,19.524894240155405,5.756791720569223,-0.258,54.166666666666664,19.524894240155405,70.70507557962816,0,0,0,0,,
SPK,2026-06-14T08:49:03.127Z,2026-06-14T08:49:03.127560Z,2026-06-14T10:49:03.127560Z,7260.038495,7,0.019417499999999997,8.754989056263502,5.5479953941170415,-3.51,57.638888888888886,8.754989056263502,39.32436313722611,63,20,38,5,0.3333,False
STO,2026-06-14T08:49:10.280Z,2026-06-14T08:49:10.280393Z,2026-06-14T10:49:10.280393Z,7252.885662,7,0.05045,19.821605550050123,7.952286282306156,-3.64,48.611111111111114,19.821605550050123,56.1680705885843,8,8,0,0,1.0,False
TWT,2026-06-14T08:49:26.993Z,2026-06-14T08:49:26.993528Z,2026-06-14T10:49:26.993528Z,7236.172527,7,0.39885,47.63695624921682,3.2512065024130137,0.331,50.34722222222222,47.63695624921682,66.30907424030097,2,1,1,0,0.0,False
USDE,2026-06-14T08:49:34.066Z,2026-06-14T08:49:34.067069Z,2026-06-14T10:49:34.067069Z,7229.098986,7,0.99975,1.0002500625155186,0.06001200240047348,-0.01,54.513888888888886,1.0002500625155186,72.45784456230686,0,0,0,0,,
ZKC,2026-06-14T08:49:49.698Z,2026-06-14T08:49:49.698537Z,2026-06-14T10:49:49.698537Z,7213.467518,7,0.051750000000000004,19.323671497583753,10.496183206106865,7.157,56.94444444444444,19.323671497583753,70.10743003925491,2,2,0,0,1.0,False
AIXBT,2026-06-14T08:55:34.874Z,2026-06-14T08:55:34.874253Z,2026-06-14T10:55:34.874253Z,7468.730142,7,0.023625,21.16402116402177,8.166737558485758,-3.052,37.15277777777778,21.16402116402177,56.2331717307528,10,6,3,1,1.0,False
BANK,2026-06-14T08:55:40.577Z,2026-06-14T08:55:40.578300Z,2026-06-14T10:55:40.578300Z,7463.026095,7,0.03975,25.157232704403235,5.555555555555556,-1.737,39.583333333333336,25.157232704403235,57.43804229984597,0,0,0,0,,
BROCCOLI714,2026-06-14T08:55:59.511Z,2026-06-14T08:55:59.512071Z,2026-06-14T10:55:59.512071Z,7444.092324,7,0.013694999999999999,21.905805038335536,2.996254681647935,1.521,35.763888888888886,21.905805038335536,48.19198117665222,0,0,0,0,,
CGPT,2026-06-14T08:56:19.625Z,2026-06-14T08:56:19.625802Z,2026-06-14T10:56:19.625802Z,7423.978593,7,0.0208,9.615384615384224,4.305757135945807,-1.431,40.97222222222222,9.615384615384224,55.740966916991454,0,0,0,0,,
DYM,2026-06-14T08:56:30.799Z,2026-06-14T08:56:30.799973Z,2026-06-14T10:56:30.799973Z,7412.804422,7,0.016849999999999997,59.347181008901735,11.834319526627231,0.0,30.90277777777778,59.347181008901735,52.07096914943825,0,0,0,0,,
LAYER,2026-06-14T08:57:10.609Z,2026-06-14T08:57:10.609638Z,2026-06-14T10:57:10.609638Z,7372.994757,7,0.06634999999999999,45.214770158252996,6.069802731411234,-1.935,36.458333333333336,45.214770158252996,56.329248178914206,0,0,0,0,,
MANTA,2026-06-14T08:57:23.046Z,2026-06-14T08:57:23.047249Z,2026-06-14T10:57:23.047249Z,7360.557146,7,0.08199000000000001,24.393218685204516,7.284360772732877,-2.799,41.666666666666664,24.393218685204516,41.50626111688346,0,0,0,0,,
NEIRO,2026-06-14T08:57:28.433Z,2026-06-14T08:57:28.433547Z,2026-06-14T10:57:28.433547Z,7355.170848,7,6.9505e-05,44.60110783396713,7.23149336756526,1.359,42.708333333333336,44.60110783396713,39.29772919189416,0,0,0,0,,
NOM,2026-06-14T08:57:35.932Z,2026-06-14T08:57:35.932547Z,2026-06-14T10:57:35.932547Z,7347.671848,7,0.001605,62.30529595015592,3.1055900621117956,-3.012,32.986111111111114,62.30529595015592,48.66448101702544,8,8,0,0,1.0,False
NXPC,2026-06-14T08:57:43.640Z,2026-06-14T08:57:43.641045Z,2026-06-14T10:57:43.641045Z,7339.96335,7,0.3527,28.35270768358381,7.356643356643354,-0.418,42.013888888888886,28.35270768358381,53.600575060360796,1,1,0,0,1.0,False
QNT,2026-06-14T08:57:50.477Z,2026-06-14T08:57:50.478080Z,2026-06-14T10:57:50.478080Z,7333.126315,7,68.67,8.73743993010081,7.549630488335015,3.324,42.361111111111114,8.73743993010081,46.90820441143473,61,17,42,2,0.1148,False
RARE,2026-06-14T08:57:58.938Z,2026-06-14T08:57:58.938845Z,2026-06-14T10:57:58.938845Z,7324.66555,7,0.013049999999999999,76.62835249042233,6.9230769230769225,0.775,38.888888888888886,76.62835249042233,44.978529008766344,0,0,0,0,,
RED,2026-06-14T08:58:05.056Z,2026-06-14T08:58:05.056834Z,2026-06-14T10:58:05.056834Z,7318.547561,7,0.09395,10.643959552954003,5.64430244941427,-2.289,36.80555555555556,10.643959552954003,60.82427678911149,0,0,0,0,,
RSR,2026-06-14T08:58:18.368Z,2026-06-14T08:58:18.368278Z,2026-06-14T10:58:18.368278Z,7305.236117,7,0.0013905,7.191657677095526,5.627705627705623,1.912,39.93055555555556,7.191657677095526,45.701962983261275,0,0,0,0,,
SAPIEN,2026-06-14T08:58:30.721Z,2026-06-14T08:58:30.721895Z,2026-06-14T10:58:30.721895Z,7292.8825,7,0.08505,11.757789535566019,4.606060606060603,1.227,39.236111111111114,11.757789535566019,66.53022528245756,0,0,0,0,,
SKY,2026-06-14T08:58:38.343Z,2026-06-14T08:58:38.343308Z,2026-06-14T10:58:38.343308Z,7285.261087,7,0.05652,7.07714083510233,1.82786157941438,-0.248,33.333333333333336,7.07714083510233,69.67449411341799,39,10,27,2,0.2051,False
TLM,2026-06-14T08:59:03.813Z,2026-06-14T08:59:03.813724Z,2026-06-14T10:59:03.813724Z,7259.790671,7,0.001045,38.277511961721345,16.682738669238187,0.097,41.31944444444444,38.277511961721345,59.977017452944565,0,0,0,0,,
TRB,2026-06-14T08:59:11.025Z,2026-06-14T08:59:11.026237Z,2026-06-14T10:59:11.026237Z,7252.578158,7,13.425,22.34636871508332,2.9806259314456063,0.6,38.19444444444444,22.34636871508332,50.48573282740547,0,0,0,0,,
VANRY,2026-06-14T08:59:23.444Z,2026-06-14T08:59:23.444487Z,2026-06-14T10:59:23.444487Z,7240.159908,7,0.0034834999999999996,8.612028132625133,4.033180778032039,-0.143,31.25,8.612028132625133,64.3802978232441,13,0,11,2,-0.4615,False
CATI,2026-06-14T09:05:27.339Z,2026-06-14T09:05:27.339814Z,2026-06-14T11:05:27.339814Z,7475.879825,7,0.0595,33.613445378151056,6.125827814569528,2.547,20.13888888888889,33.613445378151056,50.750726785523206,0,0,0,0,,
DOLO,2026-06-14T09:05:53.397Z,2026-06-14T09:05:53.398002Z,2026-06-14T11:05:53.398002Z,7449.821637,7,0.024605000000000002,134.1190814875027,10.728744939271254,-4.338,26.041666666666668,134.1190814875027,58.094201801358764,0,0,0,0,,
ETC,2026-06-14T09:06:04.582Z,2026-06-14T09:06:04.582340Z,2026-06-14T11:06:04.582340Z,7438.637299,7,7.125,14.035087719297948,1.9662921348314686,-0.974,24.305555555555557,14.035087719297948,56.43551325755781,0,0,0,0,,
F,2026-06-14T09:06:13.392Z,2026-06-14T09:06:13.392819Z,2026-06-14T11:06:13.392819Z,7429.82682,7,0.003925,25.4777070063706,4.325699745547073,0.255,21.52777777777778,25.4777070063706,63.61445994171346,0,0,0,0,,
FORM,2026-06-14T09:06:20.386Z,2026-06-14T09:06:20.386574Z,2026-06-14T11:06:20.386574Z,7422.833065,7,0.2293,43.61098996947235,7.807017543859654,-2.188,23.61111111111111,43.61098996947235,36.59478882856702,0,0,0,0,,
HAEDAL,2026-06-14T09:06:33.252Z,2026-06-14T09:06:33.252618Z,2026-06-14T11:06:33.252618Z,7409.967021,7,0.018955,15.826958586126219,8.82506527415144,1.592,25.694444444444443,15.826958586126219,68.04038685227258,1,1,0,0,1.0,False
HOLO,2026-06-14T09:06:40.476Z,2026-06-14T09:06:40.476483Z,2026-06-14T11:06:40.476483Z,7402.743156,7,0.06625,15.09433962264194,8.383233532934133,8.442,29.51388888888889,15.09433962264194,59.488550932151355,0,0,0,0,,
IMX,2026-06-14T09:06:49.674Z,2026-06-14T09:06:49.675205Z,2026-06-14T11:06:49.675205Z,7393.544434,7,0.1434,13.947001394698603,4.08870408870408,-0.483,22.916666666666668,13.947001394698603,37.965373697730506,5,0,4,1,0.6,False
LISTA,2026-06-14T09:06:57.383Z,2026-06-14T09:06:57.383924Z,2026-06-14T11:06:57.383924Z,7385.835715,7,0.0516,38.759689922481726,2.7290448343079894,-1.724,17.01388888888889,38.759689922481726,38.93787641403438,0,0,0,0,,
MUBARAK,2026-06-14T09:07:21.346Z,2026-06-14T09:07:21.346309Z,2026-06-14T11:07:21.346309Z,7361.87333,7,0.01081,18.501387604069553,3.0985915492957625,-2.024,18.055555555555557,18.501387604069553,42.13185975570588,0,0,0,0,,
NEO,2026-06-14T09:07:29.359Z,2026-06-14T09:07:29.360156Z,2026-06-14T11:07:29.360156Z,7353.859483,7,2.1795,4.588208304658564,2.566452795600369,-0.683,24.65277777777778,4.588208304658564,61.13839785627573,0,0,0,0,,
NMR,2026-06-14T09:07:37.016Z,2026-06-14T09:07:37.016729Z,2026-06-14T11:07:37.016729Z,7346.20291,7,8.455,11.827321111770033,1.7730496453900542,0.475,21.875,11.827321111770033,62.26569565998254,0,0,0,0,,
ONT,2026-06-14T09:07:44.365Z,2026-06-14T09:07:44.365967Z,2026-06-14T11:07:44.365967Z,7338.853672,7,0.04814,8.309098462816445,2.2978901190724956,-1.36,18.75,8.309098462816445,44.571881906591926,17,10,7,0,0.6471,False
PEOPLE,2026-06-14T09:07:53.124Z,2026-06-14T09:07:53.124903Z,2026-06-14T11:07:53.124903Z,7330.094736,7,0.005445,18.36547291092671,2.3809523809523796,0.552,26.38888888888889,18.36547291092671,61.59804616507633,0,0,0,0,,
PIXEL,2026-06-14T09:08:01.135Z,2026-06-14T09:08:01.135612Z,2026-06-14T11:08:01.135612Z,7322.084027,7,0.005469999999999999,36.56307129798913,2.3853211009174298,-1.089,25.0,36.56307129798913,42.48249039820213,30,9,15,6,0.2333,False
REZ,2026-06-14T09:08:07.825Z,2026-06-14T09:08:07.825958Z,2026-06-14T11:08:07.825958Z,7315.393681,7,0.0034834999999999996,8.612028132625133,7.551080840983122,5.465,19.09722222222222,8.612028132625133,61.55140443869667,1,0,1,0,1.0,False
SAND,2026-06-14T09:08:16.093Z,2026-06-14T09:08:16.093292Z,2026-06-14T11:08:16.093292Z,7307.126347,7,0.051885,9.63669654042488,1.9160054190052214,-0.939,23.958333333333332,9.63669654042488,35.84657259685634,29,12,14,3,0.5862,False
SHELL,2026-06-14T09:08:23.494Z,2026-06-14T09:08:23.494422Z,2026-06-14T11:08:23.494422Z,7299.725217,7,0.025599999999999998,78.12500000000088,3.921568627450984,-1.163,27.77777777777778,78.12500000000088,42.669854832923654,15,4,11,0,1.0,False
SOPH,2026-06-14T09:08:30.628Z,2026-06-14T09:08:30.628893Z,2026-06-14T11:08:30.628893Z,7292.590746,7,0.0056749999999999995,17.62114537445015,7.079646017699119,-3.419,18.40277777777778,17.62114537445015,55.8210553608819,0,0,0,0,,
SXT,2026-06-14T09:08:38.368Z,2026-06-14T09:08:38.368913Z,2026-06-14T11:08:38.368913Z,7284.850726,7,0.008345,11.983223487117547,5.588585017835909,0.719,26.73611111111111,11.983223487117547,63.13312376327389,0,0,0,0,,
THE,2026-06-14T09:08:45.719Z,2026-06-14T09:08:45.719787Z,2026-06-14T11:08:45.719787Z,7277.499852,7,0.06745000000000001,14.825796886583076,2.818991097922847,-0.882,22.22222222222222,14.825796886583076,52.87840649009418,5,4,0,1,0.2,False
TNSR,2026-06-14T09:08:53.257Z,2026-06-14T09:08:53.257354Z,2026-06-14T11:08:53.257354Z,7269.962285,7,0.02905,34.423407917383614,2.0547945205479445,-1.684,23.26388888888889,34.423407917383614,48.77751867351359,2,0,2,0,1.0,False
TOWNS,2026-06-14T09:09:01.382Z,2026-06-14T09:09:01.382890Z,2026-06-14T11:09:01.382890Z,7261.836749,7,0.002195,45.558086560364586,3.240740740740749,-2.262,30.555555555555557,45.558086560364586,54.21893401720026,0,0,0,0,,
TURTLE,2026-06-14T09:09:10.203Z,2026-06-14T09:09:10.203464Z,2026-06-14T11:09:10.203464Z,7253.016175,7,0.03635,27.510316368639028,3.611111111111099,-1.907,27.430555555555557,27.510316368639028,53.47288957560936,33,18,15,0,0.7273,False
USUAL,2026-06-14T09:09:17.811Z,2026-06-14T09:09:17.811268Z,2026-06-14T11:09:17.811268Z,7245.408371,7,0.010195,9.808729769496152,4.33497536945814,-2.404,17.36111111111111,9.808729769496152,31.99356122220657,0,0,0,0,,
YGG,2026-06-14T09:09:30.545Z,2026-06-14T09:09:30.545745Z,2026-06-14T11:09:30.545745Z,7232.673894,7,0.025075,27.91625124626146,2.594810379241522,-2.11,27.083333333333332,27.91625124626146,27.4631247318529,0,0,0,0,,
1MBABYDOGE,2026-06-14T09:15:22.918Z,2026-06-14T09:15:22.918921Z,2026-06-14T11:15:22.918921Z,7480.599656,7,0.00033405,20.954946864242388,2.120035831591523,0.39,6.597222222222222,20.954946864242388,45.955698543993925,0,0,0,0,,
ACT,2026-06-14T09:15:29.695Z,2026-06-14T09:15:29.696092Z,2026-06-14T11:15:29.696092Z,7473.822485,7,0.01023,39.10068426197469,5.957031249999994,0.887,16.319444444444443,39.10068426197469,62.140119663298556,0,0,0,0,,
COTI,2026-06-14T09:16:21.119Z,2026-06-14T09:16:21.120103Z,2026-06-14T11:16:21.120103Z,7422.398474,7,0.009925,30.226700251887937,2.0140986908358562,-0.997,4.861111111111111,30.226700251887937,52.404148690433736,0,0,0,0,,
CVX,2026-06-14T09:16:34.843Z,2026-06-14T09:16:34.844008Z,2026-06-14T11:16:34.844008Z,7408.674569,7,1.3185,22.7531285551772,2.1148036253776454,-2.071,5.902777777777778,22.7531285551772,39.36030252167657,14,3,11,0,1.0,False
GMT,2026-06-14T09:16:52.734Z,2026-06-14T09:16:52.734842Z,2026-06-14T11:16:52.734842Z,7390.783735,7,0.00813,24.600246002459023,4.294478527607358,-4.005,11.458333333333334,24.600246002459023,53.84395234745717,0,0,0,0,,
LA,2026-06-14T09:17:17.936Z,2026-06-14T09:17:17.936533Z,2026-06-14T11:17:17.936533Z,7365.582044,7,0.07465,66.97923643670468,8.549222797927472,6.63,13.88888888888889,66.97923643670468,60.15806881854427,0,0,0,0,,
MAGIC,2026-06-14T09:17:36.303Z,2026-06-14T09:17:36.303209Z,2026-06-14T11:17:36.303209Z,7347.215368,7,0.046200000000000005,43.29004329004302,2.80172413793104,-0.642,10.76388888888889,43.29004329004302,53.79205838743661,69,20,48,1,0.6667,False
MET,2026-06-14T09:17:49.309Z,2026-06-14T09:17:49.309154Z,2026-06-14T11:17:49.309154Z,7334.209423,7,0.10350000000000001,38.64734299516885,2.4975984630163355,-2.254,11.805555555555555,38.64734299516885,39.55516305119471,25,4,21,0,1.0,False
NEWT,2026-06-14T09:18:00.132Z,2026-06-14T09:18:00.132767Z,2026-06-14T11:18:00.132767Z,7323.38581,7,0.0528,37.87878787878896,3.82409177820268,-0.381,9.375,37.87878787878896,52.48312554382065,0,0,0,0,,
RVN,2026-06-14T09:18:08.042Z,2026-06-14T09:18:08.042603Z,2026-06-14T11:18:08.042603Z,7315.475974,7,0.004314999999999999,23.17497103128728,2.309468822170907,-2.036,3.4722222222222223,23.17497103128728,53.093621636903976,0,0,0,0,,
SIGN,2026-06-14T09:18:15.250Z,2026-06-14T09:18:15.251070Z,2026-06-14T11:18:15.251070Z,7308.267507,7,0.008539999999999999,23.41920374707368,2.7090694935218025,-1.049,4.166666666666667,23.41920374707368,45.12321237277267,0,0,0,0,,
SKL,2026-06-14T09:18:23.071Z,2026-06-14T09:18:23.071590Z,2026-06-14T11:18:23.071590Z,7300.446987,7,0.004229999999999999,47.28132387706869,3.529411764705881,-0.468,7.291666666666667,47.28132387706869,39.98697526188199,16,3,13,0,1.0,False
STEEM,2026-06-14T09:18:34.232Z,2026-06-14T09:18:34.232731Z,2026-06-14T11:18:34.232731Z,7289.285846,7,0.04419,13.577732518670398,0.9472259810554887,-0.203,7.986111111111111,13.577732518670398,38.35660643408911,0,0,0,0,,
T,2026-06-14T09:18:42.852Z,2026-06-14T09:18:42.853003Z,2026-06-14T11:18:42.853003Z,7280.665574,7,0.003785,26.420079260237852,2.110817941952512,-2.067,3.125,26.420079260237852,24.128290875597664,0,0,0,0,,
UMA,2026-06-14T09:18:49.714Z,2026-06-14T09:18:49.714931Z,2026-06-14T11:18:49.714931Z,7273.803646,7,0.4015,24.906600249066024,1.492537313432837,-0.495,6.25,24.906600249066024,48.48921000581486,0,0,0,0,,
VANA,2026-06-14T09:18:57.283Z,2026-06-14T09:18:57.283422Z,2026-06-14T11:18:57.283422Z,7266.235155,7,1.1075,9.029345372461508,3.4234234234234258,-0.981,10.416666666666666,9.029345372461508,43.920945528618084,1,1,0,0,1.0,False
VELODROME,2026-06-14T09:19:04.913Z,2026-06-14T09:19:04.913904Z,2026-06-14T11:19:04.913904Z,7258.604673,7,0.013774999999999999,21.778584392014892,3.2561505065122938,-2.055,5.208333333333333,21.778584392014892,26.943991822042975,0,0,0,0,,
XAI,2026-06-14T09:19:19.129Z,2026-06-14T09:19:19.129580Z,2026-06-14T11:19:19.129580Z,7244.388997,7,0.008035,62.227753578095445,3.4653465346534738,1.253,8.680555555555555,62.227753578095445,58.247372643494565,0,0,0,0,,
XVG,2026-06-14T09:19:26.760Z,2026-06-14T09:19:26.760271Z,2026-06-14T11:19:26.760271Z,7236.758306,7,0.002504,31.948881789136426,3.029095257074536,0.24,8.333333333333334,31.948881789136426,42.52312603080889,59,15,33,11,0.0678,False
ALGO,2026-06-14T09:25:23.226Z,2026-06-14T09:25:23.227078Z,2026-06-14T11:25:23.227078Z,7479.996007,7,0.09125,10.958904109589355,6.892778993435448,3.044,89.93055555555556,10.958904109589355,55.58457084499515,2,1,0,1,0.0,False
ETH,2026-06-14T09:26:14.430Z,2026-06-14T09:26:14.431370Z,2026-06-14T11:26:14.431370Z,7428.791715,7,1674.3049999999998,0.059726274483985334,1.5640110316503328,-0.04,99.65277777777777,0.059726274483985334,44.59158751177403,32,10,12,10,0.2812,False
FDUSD,2026-06-14T09:26:20.037Z,2026-06-14T09:26:20.037540Z,2026-06-14T11:26:20.037540Z,7423.185545,7,0.99805,1.001953809929252,0.05009518084359733,0.01,90.97222222222223,1.001953809929252,64.01368988946653,0,0,0,0,,
FET,2026-06-14T09:26:26.282Z,2026-06-14T09:26:26.282931Z,2026-06-14T11:26:26.282931Z,7416.940154,7,0.21050000000000002,9.501187648456328,12.736742424242427,11.334,95.83333333333333,9.501187648456328,76.4335251449299,7,5,2,0,0.1429,False
ICP,2026-06-14T09:26:37.394Z,2026-06-14T09:26:37.394669Z,2026-06-14T11:26:37.394669Z,7405.828416,7,2.4465000000000003,4.087471898630246,9.466019417475746,2.064,95.13888888888889,4.087471898630246,63.90422636131817,13,6,6,1,0.3077,False
PEPE,2026-06-14T09:27:03.543Z,2026-06-14T09:27:03.544153Z,2026-06-14T11:27:03.544153Z,7379.678932,7,2.825e-06,35.39823008849524,2.48226950354609,-0.704,96.875,35.39823008849524,53.93155574890737,16,13,1,2,0.375,False
SOL,2026-06-14T09:27:18.580Z,2026-06-14T09:27:18.580413Z,2026-06-14T11:27:18.580413Z,7364.642672,7,68.17500000000001,1.466813348002217,3.373423291287763,1.262,98.95833333333333,1.466813348002217,54.002030747108805,25,16,8,1,0.84,False
SUI,2026-06-14T09:27:24.954Z,2026-06-14T09:27:24.954792Z,2026-06-14T11:27:24.954792Z,7358.268293,7,0.75895,1.3176098557215759,2.648919346336321,-0.577,96.18055555555556,1.3176098557215759,47.827061040334435,15,9,5,1,0.6,False
SUSHI,2026-06-14T09:27:30.270Z,2026-06-14T09:27:30.270654Z,2026-06-14T11:27:30.270654Z,7352.952431,7,0.17505,28.563267637817788,2.0022883295194522,-1.019,1.7361111111111112,28.563267637817788,55.82819932093395,12,4,8,0,0.8333,False
TAO,2026-06-14T09:27:36.303Z,2026-06-14T09:27:36.303321Z,2026-06-14T11:27:36.303321Z,7346.919764,7,270.05,3.703017959637946,18.46210995542347,15.338,98.61111111111111,3.703017959637946,67.09524753752596,31,15,12,4,0.5806,False
TRUMP,2026-06-14T09:27:50.542Z,2026-06-14T09:27:50.542554Z,2026-06-14T11:27:50.542554Z,7332.680531,7,2.0285,4.929751047571554,13.083657587548622,-6.119,94.79166666666667,4.929751047571554,47.206381298748575,60,53,7,0,0.85,False
USD1,2026-06-14T09:28:09.429Z,2026-06-14T09:28:09.429195Z,2026-06-14T11:28:09.429195Z,7313.79389,7,1.0006499999999998,0.9993504222254435,0.0499650244828565,0.04,99.30555555555556,0.9993504222254435,71.92132000295997,0,0,0,0,,
WLD,2026-06-14T09:28:17.700Z,2026-06-14T09:28:17.701056Z,2026-06-14T11:28:17.701056Z,7305.522029,7,0.5012,3.9904229848359534,10.265031645569609,3.1,97.91666666666667,3.9904229848359534,60.66406238999225,7,4,2,1,0.1429,False
XLM,2026-06-14T09:28:25.723Z,2026-06-14T09:28:25.723557Z,2026-06-14T11:28:25.723557Z,7297.499528,7,0.18415,5.430355688296985,3.965702036441596,-1.841,91.66666666666667,5.430355688296985,44.2781476616726,13,7,6,0,0.4615,False
XPL,2026-06-14T09:28:31.075Z,2026-06-14T09:28:31.075383Z,2026-06-14T11:28:31.075383Z,7292.147702,7,0.08954999999999999,11.166945840312996,12.773302646720367,1.164,92.70833333333333,11.166945840312996,66.38655267708259,15,5,10,0,1.0,False
XRP,2026-06-14T09:28:37.342Z,2026-06-14T09:28:37.342695Z,2026-06-14T11:28:37.342695Z,7285.88039,7,1.14415,0.8740112747472887,1.780260057596666,0.315,96.52777777777777,0.8740112747472887,45.28480687189061,43,19,15,9,0.4884,False
ZEC,2026-06-14T09:28:43.133Z,2026-06-14T09:28:43.133439Z,2026-06-14T11:28:43.133439Z,7280.089646,7,422.795,2.6017337007299903,5.636474334956911,2.926,98.26388888888889,2.6017337007299903,64.74214814886045,8,2,3,3,-0.25,False
INJ,2026-06-14T09:34:22.987Z,2026-06-14T09:34:22.987797Z,2026-06-14T11:34:22.987797Z,7540.739829,7,5.1485,1.9423132951351538,4.888975457732751,-3.205,88.54166666666667,1.9423132951351538,54.697232724729986,9,5,4,0,0.7778,False
OP,2026-06-14T09:34:36.782Z,2026-06-14T09:34:36.783208Z,2026-06-14T11:34:36.783208Z,7526.944418,7,0.10685,9.35891436593252,7.6487252124645995,-0.189,87.15277777777777,9.35891436593252,54.867896098361406,11,6,1,4,0.0909,False
PENGU,2026-06-14T09:34:47.736Z,2026-06-14T09:34:47.737178Z,2026-06-14T11:34:47.737178Z,7515.990448,7,0.006694500000000001,1.4937635372322544,3.6745016364177303,-0.943,88.88888888888889,1.4937635372322544,41.420184530438014,15,13,0,2,0.6,False
AAVE,2026-06-14T09:40:32.580Z,2026-06-14T09:40:32.580710Z,2026-06-14T11:40:32.580710Z,7770.79992,7,66.07,3.027092477674591,2.9193767962486867,-0.287,82.98611111111111,3.027092477674591,52.84013860677322,21,10,11,0,1.0,False
ASTER,2026-06-14T09:40:43.226Z,2026-06-14T09:40:43.226358Z,2026-06-14T11:40:43.226358Z,7760.154272,7,0.6315,15.835312747426777,1.8987341772151916,-1.095,75.34722222222223,15.835312747426777,64.20417295001717,18,7,11,0,1.0,False
BANANAS31,2026-06-14T09:40:52.821Z,2026-06-14T09:40:52.822111Z,2026-06-14T11:40:52.822111Z,7750.558519,7,0.009535499999999999,15.730690577315706,17.609489051094894,17.786,75.69444444444444,15.730690577315706,68.71734730285137,0,0,0,0,,
BIO,2026-06-14T09:40:57.674Z,2026-06-14T09:40:57.674757Z,2026-06-14T11:40:57.674757Z,7745.705873,7,0.03196,12.515644555694108,7.551919446192572,-3.375,84.02777777777777,12.515644555694108,47.85594832929595,0,0,0,0,,
CHZ,2026-06-14T09:41:08.107Z,2026-06-14T09:41:08.107776Z,2026-06-14T11:41:08.107776Z,7735.272854,7,0.025775,3.8797284190105112,5.234795996920709,-0.46,79.86111111111111,3.8797284190105112,64.905182205694,1,1,0,0,1.0,False
CRV,2026-06-14T09:41:13.865Z,2026-06-14T09:41:13.865777Z,2026-06-14T11:41:13.865777Z,7729.514853,7,0.23295,4.292766688131219,5.919931856899498,-0.255,84.375,4.292766688131219,56.53305551755528,2,1,1,0,0.0,False
DASH,2026-06-14T09:41:18.601Z,2026-06-14T09:41:18.601847Z,2026-06-14T11:41:18.601847Z,7724.778783,7,35.620000000000005,5.614823133072186,5.342657342657333,1.736,72.91666666666667,5.614823133072186,53.58091336903782,4,4,0,0,0.75,False
EDEN,2026-06-14T09:41:23.723Z,2026-06-14T09:41:23.723666Z,2026-06-14T11:41:23.723666Z,7719.656964,7,0.0421,47.50593824228,8.866995073891625,-0.246,77.43055555555556,47.50593824228,45.69014513386517,0,0,0,0,,
EIGEN,2026-06-14T09:41:28.880Z,2026-06-14T09:41:28.880795Z,2026-06-14T11:41:28.880795Z,7714.499835,7,0.19415,5.150656708731225,13.451776649746188,6.717,81.94444444444444,5.150656708731225,75.54017374752374,1,1,0,0,1.0,False
EPIC,2026-06-14T09:41:35.781Z,2026-06-14T09:41:35.781694Z,2026-06-14T11:41:35.781694Z,7707.598936,7,0.5195000000000001,19.249278152069312,21.94656488549618,-7.257,74.30555555555556,19.249278152069312,58.35369139628154,2,2,0,0,0.5,False
HMSTR,2026-06-14T09:41:40.629Z,2026-06-14T09:41:40.629479Z,2026-06-14T11:41:40.629479Z,7702.751151,7,0.00017335,5.7686760888377515,24.86187845303868,-15.112,80.20833333333333,5.7686760888377515,53.481297141099894,2,2,0,0,0.0,False
IO,2026-06-14T09:41:49.849Z,2026-06-14T09:41:49.849560Z,2026-06-14T11:41:49.849560Z,7693.53107,7,0.17785,16.86814731515292,11.452991452991458,0.228,81.25,16.86814731515292,49.355270164873,1,0,0,1,-1.0,False
JTO,2026-06-14T09:41:55.170Z,2026-06-14T09:41:55.170472Z,2026-06-14T11:41:55.170472Z,7688.210158,7,0.53815,5.5746539069026655,4.327186415921134,0.22,72.56944444444444,5.5746539069026655,71.0171789369968,14,7,7,0,0.8571,False
LINK,2026-06-14T09:42:10.643Z,2026-06-14T09:42:10.644201Z,2026-06-14T11:42:10.644201Z,7672.736429,7,7.935499999999999,1.2601600403255422,2.11231975714648,-0.653,86.11111111111111,1.2601600403255422,53.53973153119357,20,8,10,2,0.4,False
OPEN,2026-06-14T09:42:40.458Z,2026-06-14T09:42:40.458328Z,2026-06-14T11:42:40.458328Z,7642.922302,7,0.2514,7.955449482894907,12.07920792079209,11.874,77.08333333333333,7.955449482894907,70.47573857623632,4,4,0,0,1.0,False
ORCA,2026-06-14T09:42:54.588Z,2026-06-14T09:42:54.588377Z,2026-06-14T11:42:54.588377Z,7628.792253,7,1.1135000000000002,8.980691513247523,9.447415329768258,-7.042,76.73611111111111,8.980691513247523,50.41573790472258,24,18,5,1,1.0,False
ORDI,2026-06-14T09:42:59.580Z,2026-06-14T09:42:59.581061Z,2026-06-14T11:42:59.581061Z,7623.799569,7,3.315,6.033182503770075,7.327455153542113,-3.746,73.61111111111111,6.033182503770075,61.8177039956333,5,3,2,0,1.0,False
PENDLE,2026-06-14T09:43:04.816Z,2026-06-14T09:43:04.816263Z,2026-06-14T11:43:04.816263Z,7618.564367,7,1.334,14.99250374812595,5.0000000000000036,4.938,81.59722222222223,14.99250374812595,54.5347512246124,14,3,11,0,0.8571,False
PUMP,2026-06-14T09:43:09.836Z,2026-06-14T09:43:09.836710Z,2026-06-14T11:43:09.836710Z,7613.54392,7,0.0015314999999999999,6.529546196538791,4.482531311799599,-2.003,82.63888888888889,6.529546196538791,56.84759579877913,17,13,2,2,0.2941,False
PYTH,2026-06-14T09:43:15.832Z,2026-06-14T09:43:15.832609Z,2026-06-14T11:43:15.832609Z,7607.548021,7,0.039150000000000004,25.542784163472774,6.106870229007632,2.344,83.33333333333333,25.542784163472774,64.68829082734754,5,4,1,0,1.0,False
SEI,2026-06-14T09:43:29.757Z,2026-06-14T09:43:29.757308Z,2026-06-14T11:43:29.757308Z,7593.623322,7,0.05323,3.757279729475706,4.0515309932785755,-2.066,84.72222222222223,3.757279729475706,52.869723232002656,15,6,9,0,1.0,False
SOMI,2026-06-14T09:43:37.121Z,2026-06-14T09:43:37.121420Z,2026-06-14T11:43:37.121420Z,7586.25921,7,0.11069999999999999,18.066847335139283,6.272401433691749,-0.535,76.38888888888889,18.066847335139283,57.88434717199219,0,0,0,0,,
SYN,2026-06-14T09:43:43.129Z,2026-06-14T09:43:43.129854Z,2026-06-14T11:43:43.129854Z,7580.250776,7,0.039150000000000004,25.542784163472774,43.49999999999999,26.183,73.26388888888889,25.542784163472774,57.34806768415254,5,3,0,2,0.2,False
TIA,2026-06-14T09:43:48.071Z,2026-06-14T09:43:48.071861Z,2026-06-14T11:43:48.071861Z,7575.308769,7,0.33835,2.9555194325399436,7.956225968648339,0.655,79.51388888888889,2.9555194325399436,60.509349828408666,25,6,17,2,0.56,False
W,2026-06-14T09:43:55.139Z,2026-06-14T09:43:55.139914Z,2026-06-14T11:43:55.139914Z,7568.240716,7,0.009745,10.26167265264196,5.791106514994826,-0.821,78.81944444444444,10.26167265264196,50.79374575676997,1,1,0,0,-1.0,False
ZRO,2026-06-14T09:44:09.385Z,2026-06-14T09:44:09.385682Z,2026-06-14T11:44:09.385682Z,7553.994948,7,0.9315,10.735373054213643,4.418103448275853,-0.961,73.95833333333333,10.735373054213643,57.24355895664941,12,4,8,0,1.0,False
APT,2026-06-14T09:49:58.992Z,2026-06-14T09:49:58.993221Z,2026-06-14T11:49:58.993221Z,7204.387409,7,0.6635,15.071590052750578,4.066265060240967,-0.896,71.875,15.071590052750578,50.50104207916621,25,14,10,1,0.8,False
ARB,2026-06-14T09:50:09.651Z,2026-06-14T09:50:09.651789Z,2026-06-14T11:50:09.651789Z,7795.138445,7,0.08345,11.983223487118378,4.316546762589935,-2.91,64.23611111111111,11.983223487118378,52.50972967143399,9,4,3,2,0.5556,False
ARKM,2026-06-14T09:50:16.787Z,2026-06-14T09:50:16.787396Z,2026-06-14T11:50:16.787396Z,7788.002838,7,0.12815,23.410066328520855,7.4509803921568585,2.41,63.888888888888886,23.410066328520855,70.30180290691081,5,5,0,0,0.8,False
ATOM,2026-06-14T09:50:22.669Z,2026-06-14T09:50:22.669993Z,2026-06-14T11:50:22.669993Z,7782.120241,7,1.9395,5.155968032997627,3.665462054723797,-2.712,70.83333333333333,5.155968032997627,52.82286443639039,60,20,37,3,0.45,False
AVNT,2026-06-14T09:50:28.297Z,2026-06-14T09:50:28.297665Z,2026-06-14T11:50:28.297665Z,7776.492569,7,0.10825,9.237875288682586,8.301886792452832,-4.505,61.80555555555556,9.237875288682586,50.602588342837784,17,4,12,1,0.8824,False
DOT,2026-06-14T09:50:43.574Z,2026-06-14T09:50:43.574949Z,2026-06-14T11:50:43.574949Z,7761.215285,7,0.9675,10.33591731266151,3.2057911065149978,-2.224,67.70833333333333,10.33591731266151,60.837828096270314,6,0,5,1,0.0,False
DYDX,2026-06-14T09:50:48.926Z,2026-06-14T09:50:48.926429Z,2026-06-14T11:50:48.926429Z,7755.863805,7,0.119255,10.90101043981311,5.528947147298548,-3.338,72.22222222222223,10.90101043981311,53.56504323617591,0,0,0,0,,
HEMI,2026-06-14T09:51:16.190Z,2026-06-14T09:51:16.190250Z,2026-06-14T11:51:16.190250Z,7728.599984,7,0.006175,16.194331983805007,12.824675324675324,3.879,63.541666666666664,16.194331983805007,67.85389396265134,0,0,0,0,,
INIT,2026-06-14T09:51:23.731Z,2026-06-14T09:51:23.731663Z,2026-06-14T11:51:23.731663Z,7721.058571,7,0.05835,17.13796058269115,7.495741056218059,-2.492,69.44444444444444,17.13796058269115,41.58947460262601,0,0,0,0,,
MITO,2026-06-14T09:51:28.956Z,2026-06-14T09:51:28.956969Z,2026-06-14T11:51:28.956969Z,7715.833265,7,0.020630000000000003,29.083858458555994,33.85858585858587,40.465,68.40277777777777,29.083858458555994,70.70163991814721,5,4,0,1,1.0,False
MORPHO,2026-06-14T09:51:35.922Z,2026-06-14T09:51:35.923256Z,2026-06-14T11:51:35.923256Z,7708.866978,7,1.9505,5.126890540887525,4.496678589678071,-2.491,60.06944444444444,5.126890540887525,67.41428500091376,10,2,8,0,1.0,False
NIL,2026-06-14T09:51:48.695Z,2026-06-14T09:51:48.695724Z,2026-06-14T11:51:48.695724Z,7696.09451,7,0.04163,28.825366322362505,11.139049534825237,3.058,65.625,28.825366322362505,40.299906252102936,13,4,8,1,0.6923,False
PHA,2026-06-14T09:51:54.346Z,2026-06-14T09:51:54.347044Z,2026-06-14T11:51:54.347044Z,7690.44319,7,0.035750000000000004,27.972027972026826,10.98591549295775,2.011,64.58333333333333,27.972027972026826,64.84987441882315,1,1,0,0,-1.0,False
PNUT,2026-06-14T09:52:05.723Z,2026-06-14T09:52:05.724189Z,2026-06-14T11:52:05.724189Z,7679.066045,7,0.04415,22.65005662514221,5.215419501133795,1.613,65.97222222222223,22.65005662514221,47.99943716279655,62,21,35,6,0.0968,False
RAY,2026-06-14T09:52:10.666Z,2026-06-14T09:52:10.666217Z,2026-06-14T11:52:10.666217Z,7674.124017,7,0.6085,16.43385373870174,4.94233937397035,1.675,59.375,16.43385373870174,67.72057836787656,7,2,4,1,0.2857,False
RUNE,2026-06-14T09:52:16.982Z,2026-06-14T09:52:16.983344Z,2026-06-14T11:52:16.983344Z,7667.80689,7,0.3765,26.56042496679949,7.124010554089716,-4.534,62.84722222222222,26.56042496679949,62.42433379004037,17,10,7,0,1.0,False
SAGA,2026-06-14T09:52:22.597Z,2026-06-14T09:52:22.598342Z,2026-06-14T11:52:22.598342Z,7662.191892,7,0.013015,7.6834421820972665,11.432926829268302,3.633,71.52777777777777,7.6834421820972665,71.26600619461173,0,0,0,0,,
SSV,2026-06-14T09:52:35.288Z,2026-06-14T09:52:35.288391Z,2026-06-14T11:52:35.288391Z,7649.501843,7,2.306,17.34605377276671,7.207596029348287,3.901,61.111111111111114,17.34605377276671,64.77742860670868,1,1,0,0,-1.0,False
STRK,2026-06-14T09:52:40.539Z,2026-06-14T09:52:40.539873Z,2026-06-14T11:52:40.539873Z,7644.250361,7,0.03435,29.11208151382907,4.33526011560692,0.0,68.75,29.11208151382907,68.25074532461194,15,7,4,4,0.4667,False
SYRUP,2026-06-14T09:52:48.171Z,2026-06-14T09:52:48.171912Z,2026-06-14T11:52:48.171912Z,7636.618322,7,0.13305,7.515971439307703,5.215419501133779,0.685,67.01388888888889,7.515971439307703,62.90669490640723,0,0,0,0,,
TST,2026-06-14T09:52:53.551Z,2026-06-14T09:52:53.551734Z,2026-06-14T11:52:53.551734Z,7631.2385,7,0.015705,19.102196752627982,12.7190136275146,-9.353,59.02777777777778,19.102196752627982,45.67276508352879,10,4,4,2,0.7,False
UNI,2026-06-14T09:52:58.822Z,2026-06-14T09:52:58.823194Z,2026-06-14T11:52:58.823194Z,7625.96704,7,2.5244999999999997,3.961180431768231,2.886516409648098,0.317,63.19444444444444,3.961180431768231,54.055984855338465,14,9,5,0,0.7143,False
VIRTUAL,2026-06-14T09:53:04.736Z,2026-06-14T09:53:04.737126Z,2026-06-14T11:53:04.737126Z,7620.053108,7,0.62565,7.991688643811331,4.603174603174607,-1.777,69.79166666666667,7.991688643811331,57.206161301681135,10,3,6,1,0.9,False
ZBT,2026-06-14T09:53:18.698Z,2026-06-14T09:53:18.698445Z,2026-06-14T11:53:18.698445Z,7606.091789,7,0.11785000000000001,8.485362749257773,11.325503355704708,-0.418,62.5,8.485362749257773,49.65619090412884,1,0,1,0,1.0,False
ZEN,2026-06-14T09:53:26.115Z,2026-06-14T09:53:26.115627Z,2026-06-14T11:53:26.115627Z,7598.674607,7,4.3885000000000005,11.393414606357283,4.227272727272726,1.336,59.72222222222222,11.393414606357283,67.94271629703866,0,0,0,0,,
GIGGLE,2026-06-14T09:58:53.506Z,2026-06-14T09:58:53.507121Z,2026-06-14T11:58:53.507121Z,7271.283113,7,28.765,10.429341213280424,5.857445306986592,3.017,59.375,10.429341213280424,69.14771737109547,12,3,9,0,1.0,False
2Z,2026-06-14T09:59:29.914Z,2026-06-14T09:59:29.914362Z,2026-06-14T11:59:29.914362Z,7234.875872,7,0.070205,15.668399686631862,5.675368898978419,0.628,50.34722222222222,15.668399686631862,61.20110479384039,0,0,0,0,,
AT,2026-06-14T09:59:39.608Z,2026-06-14T09:59:39.609095Z,2026-06-14T11:59:39.609095Z,7225.181139,7,0.1422,28.12939521800362,17.57142857142857,2.264,51.736111111111114,28.12939521800362,69.77602088448407,2,1,0,1,0.0,False
FIL,2026-06-14T10:00:27.060Z,2026-06-14T10:00:27.060530Z,2026-06-14T12:00:27.060530Z,7776.585234,7,0.7715000000000001,12.961762799740775,4.381443298969076,-0.129,57.291666666666664,12.961762799740775,59.29740641613237,6,5,1,0,0.6667,False
HYPER,2026-06-14T10:00:43.656Z,2026-06-14T10:00:43.657051Z,2026-06-14T12:00:43.657051Z,7759.988713,7,0.07245,13.802622498273152,4.742547425474259,2.643,52.77777777777778,13.802622498273152,65.25360244122659,21,9,12,0,1.0,False
IOTA,2026-06-14T10:00:50.851Z,2026-06-14T10:00:50.852115Z,2026-06-14T12:00:50.852115Z,7752.793649,7,0.04625,21.621621621622243,3.655913978494624,-0.428,44.791666666666664,21.621621621622243,65.34038714533854,0,0,0,0,,
KAIA,2026-06-14T10:00:56.715Z,2026-06-14T10:00:56.715265Z,2026-06-14T12:00:56.715265Z,7746.930499,7,0.038349999999999995,26.07561929595722,6.88775510204082,6.812,46.52777777777778,26.07561929595722,73.8887861028573,0,0,0,0,,
KITE,2026-06-14T10:01:09.389Z,2026-06-14T10:01:09.390272Z,2026-06-14T12:01:09.390272Z,7734.255492,7,0.19045,5.250721974270884,4.325169359041168,-2.241,54.166666666666664,5.250721974270884,63.80971705885156,0,0,0,0,,
OSMO,2026-06-14T10:01:23.702Z,2026-06-14T10:01:23.702712Z,2026-06-14T12:01:23.702712Z,7719.943052,7,0.04615,21.668472372696844,9.051724137931041,0.216,48.958333333333336,21.668472372696844,47.12839259479974,12,5,6,1,0.6667,False
PARTI,2026-06-14T10:01:28.950Z,2026-06-14T10:01:28.950186Z,2026-06-14T12:01:28.950186Z,7714.695578,7,0.05995,16.680567139282054,5.472636815920405,1.858,52.083333333333336,16.680567139282054,55.20271463290035,0,0,0,0,,
POL,2026-06-14T10:01:40.144Z,2026-06-14T10:01:40.145268Z,2026-06-14T12:01:40.145268Z,7703.500496,7,0.07529,5.312790543232617,2.3530975804307284,0.441,56.59722222222222,5.312790543232617,43.51631612612791,32,10,21,1,0.75,False
PROVE,2026-06-14T10:01:46.480Z,2026-06-14T10:01:46.480885Z,2026-06-14T12:01:46.480885Z,7697.164879,7,0.2016,19.841269841270407,5.7071960297766795,4.73,45.833333333333336,19.841269841270407,63.123615216125806,0,0,0,0,,
RESOLV,2026-06-14T10:01:53.665Z,2026-06-14T10:01:53.665588Z,2026-06-14T12:01:53.665588Z,7689.980176,7,0.017050000000000003,58.65102639296151,4.093567251461984,1.786,47.22222222222222,58.65102639296151,62.224477831015534,0,0,0,0,,
TURBO,2026-06-14T10:02:18.708Z,2026-06-14T10:02:18.708537Z,2026-06-14T12:02:18.708537Z,7664.937227,7,0.0008905,11.229646266142888,11.272321428571425,4.186,54.861111111111114,11.229646266142888,70.22402697501579,18,5,12,1,1.0,False
WAL,2026-06-14T10:02:36.514Z,2026-06-14T10:02:36.514253Z,2026-06-14T12:02:36.514253Z,7647.131511,7,0.03385,29.54209748892256,7.988165680473356,1.502,57.638888888888886,29.54209748892256,65.95364355488728,10,4,6,0,1.0,False
XTZ,2026-06-14T10:02:43.480Z,2026-06-14T10:02:43.481099Z,2026-06-14T12:02:43.481099Z,7640.164665,7,0.23270000000000002,8.594757198109399,4.907447266465786,-1.734,45.138888888888886,8.594757198109399,56.41352481169633,28,16,10,2,0.7857,False
A,2026-06-14T10:08:19.992Z,2026-06-14T10:08:19.992237Z,2026-06-14T12:08:19.992237Z,7303.653527,7,0.07114999999999999,42.1644413211537,5.81717451523545,-1.902,32.638888888888886,42.1644413211537,54.15177110891695,0,0,0,0,,
BOME,2026-06-14T10:08:37.079Z,2026-06-14T10:08:37.080194Z,2026-06-14T12:08:37.080194Z,7286.56557,7,0.000428,46.72897196261669,3.7209302325581417,-2.05,31.944444444444443,46.72897196261669,60.50251336323219,15,3,12,0,1.0,False
CETUS,2026-06-14T10:09:02.962Z,2026-06-14T10:09:02.962456Z,2026-06-14T12:09:02.962456Z,7260.683308,7,0.01847,10.828370330264853,6.84636118598381,0.324,42.708333333333336,10.828370330264853,46.936500244505325,0,0,0,0,,
CKB,2026-06-14T10:09:22.923Z,2026-06-14T10:09:22.924137Z,2026-06-14T12:09:22.924137Z,7240.721627,7,0.0011324999999999998,8.830022075054446,3.248463564530283,0.352,36.458333333333336,8.830022075054446,47.56356747277477,14,8,6,0,0.9286,False
FLOKI,2026-06-14T10:09:37.197Z,2026-06-14T10:09:37.198011Z,2026-06-14T12:09:37.198011Z,7226.447753,7,2.4855e-05,4.023335345000286,2.1947326416600155,0.764,35.416666666666664,4.023335345000286,64.58133979848668,0,0,0,0,,
GPS,2026-06-14T10:09:49.731Z,2026-06-14T10:09:49.731420Z,2026-06-14T12:09:49.731420Z,7213.914344,7,0.0075250000000000004,13.289036544851108,8.19022457067371,5.139,37.15277777777778,13.289036544851108,55.16036359270837,0,0,0,0,,
LINEA,2026-06-14T10:10:16.527Z,2026-06-14T10:10:16.528288Z,2026-06-14T12:10:16.528288Z,7787.002815,7,0.0025104999999999997,11.949810794662278,6.280000000000001,-1.884,36.80555555555556,11.949810794662278,63.51320058470766,16,10,6,0,0.875,False
ROSE,2026-06-14T10:11:00.251Z,2026-06-14T10:11:00.251896Z,2026-06-14T12:11:00.251896Z,7743.279207,7,0.006314999999999999,15.835312747427492,3.622047244094491,-0.626,34.72222222222222,15.835312747427492,61.4640929704832,58,18,36,4,0.5172,False
S,2026-06-14T10:11:14.707Z,2026-06-14T10:11:14.707805Z,2026-06-14T12:11:14.707805Z,7728.823298,7,0.03016,13.26259946949548,3.4323432343234415,-1.142,43.40277777777778,13.26259946949548,61.92383408445394,0,0,0,0,,
SOLV,2026-06-14T10:11:32.761Z,2026-06-14T10:11:32.761486Z,2026-06-14T12:11:32.761486Z,7710.769617,7,0.003365,29.717682020802453,3.2835820895522345,-0.888,39.583333333333336,29.717682020802453,57.02561440302642,0,0,0,0,,
STX,2026-06-14T10:11:40.374Z,2026-06-14T10:11:40.374769Z,2026-06-14T12:11:40.374769Z,7703.156334,7,0.1876,10.660980810234847,4.57856399583767,4.061,41.666666666666664,10.660980810234847,77.75302002998595,13,5,8,0,0.4615,False
THETA,2026-06-14T10:11:50.008Z,2026-06-14T10:11:50.009089Z,2026-06-14T12:11:50.009089Z,7693.522014,7,0.15994999999999998,18.755861206626744,4.161490683229821,1.834,38.19444444444444,18.755861206626744,66.81476358780051,10,4,6,0,1.0,False
TREE,2026-06-14T10:12:14.879Z,2026-06-14T10:12:14.879435Z,2026-06-14T12:12:14.879435Z,7668.651668,7,0.04765,20.986358866735767,3.0237580993520483,0.871,34.375,20.986358866735767,61.61556964160229,0,0,0,0,,
TUT,2026-06-14T10:12:22.407Z,2026-06-14T10:12:22.407956Z,2026-06-14T12:12:22.407956Z,7661.123147,7,0.010759999999999999,18.587360594796397,3.0275229357798206,1.49,34.02777777777778,18.587360594796397,76.86213179723973,0,0,0,0,,
ACH,2026-06-14T10:18:14.612Z,2026-06-14T10:18:14.612214Z,2026-06-14T12:18:14.612214Z,7308.918889,7,0.0053950000000000005,18.535681186284446,2.037037037037034,-1.46,19.09722222222222,18.535681186284446,41.35802207225656,17,5,12,0,1.0,False
ANIME,2026-06-14T10:18:27.443Z,2026-06-14T10:18:27.443424Z,2026-06-14T12:18:27.443424Z,7296.087679,7,0.002955,33.84094754653139,3.7414965986394657,-1.672,21.52777777777778,33.84094754653139,54.779117832708216,21,6,15,0,0.9524,False
AUCTION,2026-06-14T10:18:34.446Z,2026-06-14T10:18:34.447150Z,2026-06-14T12:18:34.447150Z,7289.083953,7,3.815,26.21231979030088,2.3809523809523774,0.8,18.40277777777778,26.21231979030088,51.568191883767,0,0,0,0,,
BARD,2026-06-14T10:18:42.871Z,2026-06-14T10:18:42.871620Z,2026-06-14T12:18:42.871620Z,7280.659483,7,0.1562,12.80409731113993,8.141025641025635,-4.353,27.083333333333332,12.80409731113993,58.34263142486995,18,5,13,0,1.0,False
CFX,2026-06-14T10:18:53.645Z,2026-06-14T10:18:53.645848Z,2026-06-14T12:18:53.645848Z,7269.885255,7,0.044785000000000005,2.2328904767228,2.8056112224448992,-0.751,23.26388888888889,2.2328904767228,64.4900257702383,1,1,0,0,1.0,False
COOKIE,2026-06-14T10:19:00.660Z,2026-06-14T10:19:00.661008Z,2026-06-14T12:19:00.661008Z,7262.870095,7,0.00935,106.95187165775522,6.382978723404253,3.297,28.47222222222222,106.95187165775522,58.281201473152294,0,0,0,0,,
CYBER,2026-06-14T10:19:08.254Z,2026-06-14T10:19:08.254683Z,2026-06-14T12:19:08.254683Z,7255.27642,7,0.347,57.63688760806922,2.325581395348823,0.292,28.819444444444443,57.63688760806922,48.09783182366505,0,0,0,0,,
ENS,2026-06-14T10:19:20.643Z,2026-06-14T10:19:20.643530Z,2026-06-14T12:19:20.643530Z,7242.887573,7,4.915,20.345879959307805,2.851323828920564,-0.808,29.86111111111111,20.345879959307805,48.62361235010156,1,0,1,0,1.0,False
ERA,2026-06-14T10:19:26.615Z,2026-06-14T10:19:26.616091Z,2026-06-14T12:19:26.616091Z,7236.915012,7,0.10615,9.420631182289483,3.143418467583491,0.296,19.444444444444443,9.420631182289483,60.47835659742712,0,0,0,0,,
EUL,2026-06-14T10:19:37.255Z,2026-06-14T10:19:37.255480Z,2026-06-14T12:19:37.255480Z,7226.275623,7,0.9935,30.196275792652266,5.015673981191215,5.049,19.791666666666668,30.196275792652266,67.34886417632326,27,5,19,3,0.8519,False
GRT,2026-06-14T10:19:55.770Z,2026-06-14T10:19:55.770555Z,2026-06-14T12:19:55.770555Z,7207.760548,7,0.020075000000000003,14.94396014943899,2.408429503261404,-0.05,20.48611111111111,14.94396014943899,66.0437017482253,28,11,16,1,0.3929,False
MIRA,2026-06-14T10:20:27.181Z,2026-06-14T10:20:27.182032Z,2026-06-14T12:20:27.182032Z,7776.340646,7,0.0681,29.36857562408104,5.967450271247735,3.172,23.958333333333332,29.36857562408104,69.24653171524838,0,0,0,0,,
MOVE,2026-06-14T10:20:32.635Z,2026-06-14T10:20:32.636182Z,2026-06-14T12:20:32.636182Z,7770.886496,7,0.01185,84.3881856540094,5.042016806722687,-0.833,27.77777777777778,84.3881856540094,48.72082180271508,16,7,9,0,1.0,False
VET,2026-06-14T10:22:04.204Z,2026-06-14T10:22:04.204835Z,2026-06-14T12:22:04.204835Z,7679.317843,7,0.0050215,9.957184108333758,2.6856240126382276,-0.881,30.555555555555557,9.957184108333758,60.92456097488766,2,1,1,0,1.0,False
1000CAT,2026-06-14T10:28:05.624Z,2026-06-14T10:28:05.624631Z,2026-06-14T12:28:05.624631Z,7317.898047,7,0.001495,66.88963210702359,2.6666666666666594,-0.662,4.513888888888889,66.88963210702359,51.56958871724577,66,10,49,7,0.197,False
1000CHEEMS,2026-06-14T10:28:10.787Z,2026-06-14T10:28:10.787268Z,2026-06-14T12:28:10.787268Z,7312.73541,7,0.0005875,51.06382978723343,6.814310051107325,-5.929,9.027777777777779,51.06382978723343,36.18191381140906,0,0,0,0,,
1000SATS,2026-06-14T10:28:16.813Z,2026-06-14T10:28:16.813937Z,2026-06-14T12:28:16.813937Z,7306.708741,7,9.495e-06,31.595576619273,3.2224532224532094,-1.232,12.847222222222221,31.595576619273,58.139956970839975,20,9,8,3,0.9,False
ACX,2026-06-14T10:28:29.696Z,2026-06-14T10:28:29.696809Z,2026-06-14T12:28:29.696809Z,7293.825869,7,0.042585,58.706117177409936,1.6095171448565342,0.657,12.152777777777779,58.706117177409936,65.23649478219136,65,19,41,5,0.1231,False
AEVO,2026-06-14T10:28:36.986Z,2026-06-14T10:28:36.987084Z,2026-06-14T12:28:36.987084Z,7286.535594,7,0.01983,60.51437216338984,2.765208647561598,0.303,4.861111111111111,60.51437216338984,36.980544317801304,0,0,0,0,,
API3,2026-06-14T10:28:42.783Z,2026-06-14T10:28:42.783975Z,2026-06-14T12:28:42.783975Z,7280.738703,7,0.25980000000000003,7.698229407237624,2.4758220502901205,0.505,15.277777777777779,7.698229407237624,63.92431037134812,0,0,0,0,,
BANANA,2026-06-14T10:28:47.637Z,2026-06-14T10:28:47.637361Z,2026-06-14T12:28:47.637361Z,7275.885317,7,2.958,6.761325219743826,2.982039986445275,-1.205,13.541666666666666,6.761325219743826,62.89223020455416,0,0,0,0,,
BEAMX,2026-06-14T10:28:53.921Z,2026-06-14T10:28:53.921458Z,2026-06-14T12:28:53.921458Z,7269.60122,7,0.001434,13.947001394700479,3.6161335187760755,-2.044,11.805555555555555,13.947001394700479,58.119358160265946,0,0,0,0,,
BLUR,2026-06-14T10:29:00.631Z,2026-06-14T10:29:00.631675Z,2026-06-14T12:29:00.631675Z,7262.891003,7,0.01803,11.092623405434933,4.432132963988912,-2.38,14.930555555555555,11.092623405434933,47.88165928127769,17,5,12,0,1.0,False
BMT,2026-06-14T10:29:08.205Z,2026-06-14T10:29:08.205374Z,2026-06-14T12:29:08.205374Z,7255.317304,7,0.013045000000000001,7.665772326562918,1.9186492709132787,0.077,5.555555555555555,7.665772326562918,60.70983801314735,1,1,0,0,1.0,False
COMP,2026-06-14T10:29:14.991Z,2026-06-14T10:29:14.991337Z,2026-06-14T12:29:14.991337Z,7248.531341,7,17.495,17.14775650185832,2.341519131924615,-0.114,7.291666666666667,17.14775650185832,53.773796814865975,75,37,32,6,0.1733,False
COW,2026-06-14T10:29:25.438Z,2026-06-14T10:29:25.438833Z,2026-06-14T12:29:25.438833Z,7238.083845,7,0.1528,26.178010471203123,5.1013734466971705,4.87,13.194444444444445,26.178010471203123,74.00378671055977,0,0,0,0,,
FLUX,2026-06-14T10:29:38.219Z,2026-06-14T10:29:38.220272Z,2026-06-14T12:29:38.220272Z,7225.302406,7,0.051750000000000004,19.323671497583753,2.8846153846153872,-0.574,10.416666666666666,19.323671497583753,60.96519442849986,0,0,0,0,,
HIVE,2026-06-14T10:29:53.776Z,2026-06-14T10:29:53.776779Z,2026-06-14T12:29:53.776779Z,7209.745899,7,0.0495,40.40404040404016,2.8225806451612874,-1.195,14.23611111111111,40.40404040404016,60.55734172160974,0,0,0,0,,
ILV,2026-06-14T10:30:02.524Z,2026-06-14T10:30:02.525079Z,2026-06-14T12:30:02.525079Z,7200.997599,7,3.33,60.06006006006011,5.389221556886232,0.0,14.583333333333334,60.06006006006011,42.02762054708392,17,6,11,0,1.0,False
LPT,2026-06-14T10:30:21.007Z,2026-06-14T10:30:21.007213Z,2026-06-14T12:30:21.007213Z,7783.359557,7,1.7850000000000001,33.61344537815129,4.194630872483219,-1.379,6.597222222222222,33.61344537815129,44.72427756701137,0,0,0,0,,
MASK,2026-06-14T10:30:37.194Z,2026-06-14T10:30:37.194374Z,2026-06-14T12:30:37.194374Z,7767.172396,7,0.3705,26.990553306342804,4.851752021563346,1.923,9.722222222222221,26.990553306342804,57.16230439911125,15,5,10,0,0.6667,False
ME,2026-06-14T10:30:45.945Z,2026-06-14T10:30:45.945818Z,2026-06-14T12:30:45.945818Z,7758.420952,7,0.06255,79.93605115907172,7.3051948051948115,-3.297,7.638888888888889,79.93605115907172,37.102075635365544,18,13,5,0,0.8889,False
MINA,2026-06-14T10:30:59.733Z,2026-06-14T10:30:59.733410Z,2026-06-14T12:30:59.733410Z,7744.63336,7,0.042249999999999996,23.668639053253475,3.2863849765258344,-1.617,16.319444444444443,23.668639053253475,47.867566327097585,12,5,7,0,1.0,False
SNX,2026-06-14T10:31:37.190Z,2026-06-14T10:31:37.190860Z,2026-06-14T12:31:37.190860Z,7707.17591,7,0.2385,41.92872117400423,2.9045643153526997,-1.633,11.458333333333334,41.92872117400423,45.375858229601924,0,0,0,0,,
WCT,2026-06-14T10:32:10.827Z,2026-06-14T10:32:10.827815Z,2026-06-14T12:32:10.827815Z,7673.538955,7,0.048635,14.392926904492777,3.4732580438951617,0.903,12.5,14.392926904492777,59.714907855906844,15,9,6,0,1.0,False
YB,2026-06-14T10:32:30.614Z,2026-06-14T10:32:30.615006Z,2026-06-14T12:32:30.615006Z,7653.751764,7,0.08975,33.42618384401056,5.988700564971751,-0.785,16.666666666666668,33.42618384401056,45.27083911992436,0,0,0,0,,
1INCH,2026-06-14T10:38:04.995Z,2026-06-14T10:38:04.996116Z,2026-06-14T12:38:04.996116Z,7319.370654,7,0.07214999999999999,13.86001386001426,1.7955801104972506,-0.549,1.0416666666666667,13.86001386001426,44.31122971244995,0,0,0,0,,
ADA,2026-06-14T10:38:10.322Z,2026-06-14T10:38:10.322571Z,2026-06-14T12:38:10.322571Z,7314.044199,7,0.16865,5.929439667950725,3.3313851548801767,-0.869,92.01388888888889,5.929439667950725,41.22496336817598,38,16,15,7,0.3158,False
ALLO,2026-06-14T10:38:20.112Z,2026-06-14T10:38:20.112263Z,2026-06-14T12:38:20.112263Z,7304.254507,7,0.3953,15.178345560333657,15.407527755212566,-6.078,91.66666666666667,15.178345560333657,66.10349447881367,62,7,54,1,-0.4032,False
BERA,2026-06-14T10:38:26.556Z,2026-06-14T10:38:26.556250Z,2026-06-14T12:38:26.556250Z,7297.81052,7,0.2525,39.60396039603964,6.2992125984252025,-1.55,93.05555555555556,39.60396039603964,64.08822687847736,17,9,8,0,0.8824,False
BFUSD,2026-06-14T10:38:33.040Z,2026-06-14T10:38:33.040433Z,2026-06-14T12:38:33.040433Z,7291.326337,7,0.9997,12.003601080323886,0.11996401079675888,0.12,0.6944444444444444,12.003601080323886,54.788193896784534,0,0,0,0,,
BIGTIME,2026-06-14T10:38:39.843Z,2026-06-14T10:38:39.843227Z,2026-06-14T12:38:39.843227Z,7284.523543,7,0.009255,118.85467314964963,4.217536071032187,0.783,2.4305555555555554,118.85467314964963,45.71743224787707,69,17,43,9,0.0725,False
BNB,2026-06-14T10:38:45.677Z,2026-06-14T10:38:45.677405Z,2026-06-14T12:38:45.677405Z,7278.689365,7,611.515,0.16352828630517494,1.5528711770763524,1.399,94.09722222222223,0.16352828630517494,62.96717615993143,7,3,4,0,0.7143,False
BTC,2026-06-14T10:38:51.006Z,2026-06-14T10:38:51.006550Z,2026-06-14T12:38:51.006550Z,7273.36022,7,64329.774999999994,0.0015544901256124817,1.617183951481536,1.362,100.0,0.0015544901256124817,61.04091914918553,21,5,15,1,0.5238,False
CVC,2026-06-14T10:38:58.563Z,2026-06-14T10:38:58.563857Z,2026-06-14T12:38:58.563857Z,7265.802913,7,0.022855,30.627871362940546,1.273046532045663,-0.87,2.0833333333333335,30.627871362940546,34.539218511437234,60,13,42,5,-0.05,False
DOGE,2026-06-14T10:39:04.119Z,2026-06-14T10:39:04.119274Z,2026-06-14T12:39:04.119274Z,7260.247496,7,0.086575,1.155067860237944,2.379862700228831,0.31,93.40277777777777,1.155067860237944,55.310111759969466,24,19,3,2,0.6667,False
ENA,2026-06-14T10:39:09.423Z,2026-06-14T10:39:09.423355Z,2026-06-14T12:39:09.423355Z,7254.943415,7,0.0814,24.57002457002527,7.065868263473056,2.454,96.875,24.57002457002527,50.360489531214924,6,3,1,2,0.3333,False
EUR,2026-06-14T10:39:17.820Z,2026-06-14T10:39:17.820599Z,2026-06-14T12:39:17.820599Z,7246.546171,7,1.1557499999999998,0.8652390222798096,0.07787488102449797,-0.078,95.48611111111111,0.8652390222798096,54.354166147813814,1,0,1,0,1.0,False
GMX,2026-06-14T10:39:31.293Z,2026-06-14T10:39:31.293486Z,2026-06-14T12:39:31.293486Z,7233.073284,7,5.605,53.52363960749375,1.9819819819819877,-1.246,1.7361111111111112,53.52363960749375,33.53277290334344,13,4,9,0,1.0,False
KAITO,2026-06-14T10:39:43.089Z,2026-06-14T10:39:43.090176Z,2026-06-14T12:39:43.090176Z,7221.276594,7,0.4596,17.406440382942186,16.081614743308464,7.222,92.36111111111111,17.406440382942186,72.14473228024528,25,10,15,0,1.0,False
NEAR,2026-06-14T10:39:53.602Z,2026-06-14T10:39:53.602740Z,2026-06-14T12:39:53.602740Z,7210.76403,7,2.0905,4.783544606555053,8.030231459612656,4.389,97.56944444444444,4.783544606555053,66.22629068463885,8,3,3,2,0.375,False
ONDO,2026-06-14T10:39:58.714Z,2026-06-14T10:39:58.715186Z,2026-06-14T12:39:58.715186Z,7205.651584,7,0.35345,2.8292544914411937,5.400166158958727,-0.111,90.27777777777777,2.8292544914411937,62.52871397554999,7,3,4,0,0.7143,False
RENDER,2026-06-14T10:40:09.075Z,2026-06-14T10:40:09.075448Z,2026-06-14T12:40:09.075448Z,7795.399655,7,1.7574999999999998,5.6899004267431685,4.476776720761044,2.819,90.97222222222223,5.6899004267431685,66.48775720990626,13,5,8,0,1.0,False
RPL,2026-06-14T10:40:16.736Z,2026-06-14T10:40:16.736758Z,2026-06-14T12:40:16.736758Z,7787.738345,7,1.36,147.05882352941188,2.1897810218977956,-2.143,0.3472222222222222,147.05882352941188,38.98066467261065,1,1,0,0,1.0,False
TON,2026-06-14T10:40:46.507Z,2026-06-14T10:40:46.507640Z,2026-06-14T12:40:46.507640Z,7757.967463,7,1.7285,5.785363031530877,4.521739130434773,1.89,89.23611111111111,5.785363031530877,67.54501883191585,7,2,5,0,-0.1429,False
TRX,2026-06-14T10:40:56.128Z,2026-06-14T10:40:56.128844Z,2026-06-14T12:40:56.128844Z,7748.346259,7,0.31795,3.1451486082713944,0.9442870632672341,0.379,90.625,3.1451486082713944,70.87790656465464,22,13,7,2,0.6364,False
BCH,2026-06-14T10:46:53.804Z,2026-06-14T10:46:53.804688Z,2026-06-14T12:46:53.804688Z,7390.670415,7,203.25,4.920049200493123,3.6185819070904532,-1.255,88.88888888888889,4.920049200493123,55.72188276801531,3,2,0,1,-0.3333,False
LTC,2026-06-14T10:47:13.006Z,2026-06-14T10:47:13.007121Z,2026-06-14T12:47:13.007121Z,7371.467982,7,43.96,4.549590536850778,2.4875621890547297,1.492,88.19444444444444,4.549590536850778,61.02073128305391,11,4,5,2,0.4545,False
SHIB,2026-06-14T10:47:26.995Z,2026-06-14T10:47:26.995784Z,2026-06-14T12:47:26.995784Z,7357.479319,7,4.9149999999999995e-06,20.34587995930977,2.800000000000007,0.402,87.15277777777777,20.34587995930977,59.49232021755086,10,7,2,1,0.4,False
AVAX,2026-06-14T10:53:16.558Z,2026-06-14T10:53:16.558387Z,2026-06-14T12:53:16.558387Z,7608.870546,7,6.6055,1.5138899402005084,2.2628502922223857,0.301,82.63888888888889,1.5138899402005084,59.81007709908939,7,4,2,1,-0.1429,False
HBAR,2026-06-14T10:53:57.835Z,2026-06-14T10:53:57.835752Z,2026-06-14T12:53:57.835752Z,7567.593181,7,0.078425,1.275103602167182,2.0467466835123314,1.267,86.11111111111111,1.275103602167182,73.51101882352265,7,4,2,1,0.1429,False
HOME,2026-06-14T10:54:09.618Z,2026-06-14T10:54:09.618562Z,2026-06-14T12:54:09.618562Z,7555.810371,7,0.03012,33.200531208499136,26.12462512495836,-1.992,81.25,33.200531208499136,48.11445053654048,14,6,8,0,1.0,False
JUP,2026-06-14T10:54:28.894Z,2026-06-14T10:54:28.894920Z,2026-06-14T12:54:28.894920Z,7536.534013,7,0.16855,5.932957579352654,4.340175953079188,-1.672,80.90277777777777,5.932957579352654,61.225854653126014,14,8,6,0,1.0,False
KMNO,2026-06-14T10:54:34.676Z,2026-06-14T10:54:34.677159Z,2026-06-14T12:54:34.677159Z,7530.751774,7,0.017485,17.157563625966397,7.8873239436619835,1.255,75.0,17.157563625966397,54.64908054978717,25,22,3,0,0.88,False
MMT,2026-06-14T10:54:51.103Z,2026-06-14T10:54:51.104566Z,2026-06-14T12:54:51.104566Z,7514.324367,7,0.12805,7.8094494338140565,13.08049535603715,4.7,85.76388888888889,7.8094494338140565,72.25131534182603,13,7,6,0,1.0,False
0G,2026-06-14T11:01:53.177Z,2026-06-14T11:01:53.177593Z,2026-06-14T13:01:53.177593Z,7689.990167,7,0.2935,34.07155025553666,6.4189189189189255,-2.31,59.72222222222222,34.07155025553666,62.0109880085015,1,0,1,0,1.0,False
ALT,2026-06-14T11:01:58.661Z,2026-06-14T11:01:58.662137Z,2026-06-14T13:01:58.662137Z,7684.505623,7,0.00638,31.34796238244522,7.361963190184055,2.839,60.763888888888886,31.34796238244522,61.68524060007671,24,11,13,0,1.0,False
AR,2026-06-14T11:02:08.087Z,2026-06-14T11:02:08.088002Z,2026-06-14T13:02:08.088002Z,7675.079758,7,1.987,10.065425264217422,4.570293094883252,1.054,66.31944444444444,10.065425264217422,56.25631437213687,1,0,1,0,-1.0,False
BABY,2026-06-14T11:02:34.055Z,2026-06-14T11:02:34.055630Z,2026-06-14T13:02:34.055630Z,7649.11213,7,0.0152,13.15789473684157,11.051930758988016,7.362,70.13888888888889,13.15789473684157,72.78953016828916,1,1,0,0,1.0,False
BONK,2026-06-14T11:02:39.476Z,2026-06-14T11:02:39.476342Z,2026-06-14T13:02:39.476342Z,7643.691418,7,4.435e-06,22.54791431792538,3.5714285714285747,1.129,67.36111111111111,22.54791431792538,65.21507169775137,37,24,13,0,0.8919,False
ENSO,2026-06-14T11:02:55.929Z,2026-06-14T11:02:55.929730Z,2026-06-14T13:02:55.929730Z,7627.23803,7,0.6355,15.73564122738003,7.29813664596274,1.417,60.416666666666664,15.73564122738003,67.07920254027704,12,7,5,0,1.0,False
GALA,2026-06-14T11:03:11.014Z,2026-06-14T11:03:11.014741Z,2026-06-14T13:03:11.014741Z,7612.153019,7,0.0026049999999999997,38.38771593090222,4.214559386973192,-2.612,68.75,38.38771593090222,55.63257183342406,19,8,11,0,1.0,False
HUMA,2026-06-14T11:03:26.894Z,2026-06-14T11:03:26.894706Z,2026-06-14T13:03:26.894706Z,7596.273054,7,0.02429,8.233841086866688,8.410819949281496,2.203,58.68055555555556,8.233841086866688,66.34343510600728,12,4,8,0,1.0,False
MEME,2026-06-14T11:03:33.063Z,2026-06-14T11:03:33.064035Z,2026-06-14T13:03:33.064035Z,7590.103725,7,0.0006225,16.064257028111097,13.410596026490069,7.282,63.19444444444444,16.064257028111097,70.47520639662075,39,24,14,1,0.8462,False
NOT,2026-06-14T11:03:48.042Z,2026-06-14T11:03:48.042758Z,2026-06-14T13:03:48.042758Z,7575.125002,7,0.0004775,20.94240837696386,18.29521829521829,-5.128,71.18055555555556,20.94240837696386,57.74477258811467,0,0,0,0,,
WIF,2026-06-14T11:04:48.237Z,2026-06-14T11:04:48.237790Z,2026-06-14T13:04:48.237790Z,7514.92997,7,0.15745,6.351222610351793,3.517587939698488,-1.302,64.93055555555556,6.351222610351793,53.83327929833983,0,0,0,0,,
WLFI,2026-06-14T11:04:53.956Z,2026-06-14T11:04:53.957028Z,2026-06-14T13:04:53.957028Z,7509.210732,7,0.05935,16.84919966301649,2.7118644067796565,0.0,65.27777777777777,16.84919966301649,67.92864037855577,4,2,2,0,1.0,False
ZK,2026-06-14T11:05:06.010Z,2026-06-14T11:05:06.011008Z,2026-06-14T13:05:06.011008Z,7497.156752,7,0.011275,8.869179600886556,6.336805555555553,-2.207,72.22222222222223,8.869179600886556,47.95817994222215,20,10,10,0,0.8,False
ZKC,2026-06-14T11:05:12.101Z,2026-06-14T11:05:12.101682Z,2026-06-14T13:05:12.101682Z,7491.066078,7,0.07115,70.27406886858755,10.700389105058361,5.544,60.06944444444444,70.27406886858755,73.11958958979665,2,1,1,0,0.0,False
APE,2026-06-14T11:10:58.497Z,2026-06-14T11:10:58.498009Z,2026-06-14T13:10:58.498009Z,7745.111575,7,0.12505,7.996801279487324,3.4509803921568527,-1.468,55.90277777777778,7.996801279487324,63.7335533456732,24,20,4,0,1.0,False
AXS,2026-06-14T11:11:09.252Z,2026-06-14T11:11:09.253049Z,2026-06-14T13:11:09.253049Z,7734.356535,7,0.9504999999999999,10.520778537611793,3.020833333333336,-0.826,49.65277777777778,10.520778537611793,64.67257449932934,21,4,17,0,1.0,False
BB,2026-06-14T11:11:14.786Z,2026-06-14T11:11:14.786894Z,2026-06-14T13:11:14.786894Z,7728.82269,7,0.021449999999999997,46.620046620046345,7.305936073059365,-1.351,51.388888888888886,46.620046620046345,61.036471644343926,1,0,1,0,1.0,False
CAKE,2026-06-14T11:11:19.929Z,2026-06-14T11:11:19.929344Z,2026-06-14T13:11:19.929344Z,7723.68024,7,1.3495,7.410151908114946,3.843311160384318,0.595,50.69444444444444,7.410151908114946,71.75346738936729,22,9,13,0,1.0,False
EGLD,2026-06-14T11:11:25.410Z,2026-06-14T11:11:25.410640Z,2026-06-14T13:11:25.410640Z,7718.198944,7,2.885,34.66204506065938,3.103448275862064,-0.685,46.18055555555556,34.66204506065938,64.35444325042891,14,4,10,0,1.0,False
ENJ,2026-06-14T11:11:30.576Z,2026-06-14T11:11:30.576844Z,2026-06-14T13:11:30.576844Z,7713.03274,7,0.03072,6.510416666666401,5.843124801524299,-2.387,53.47222222222222,6.510416666666401,60.41317345088606,16,5,11,0,0.375,False
ETHFI,2026-06-14T11:11:36.446Z,2026-06-14T11:11:36.446677Z,2026-06-14T13:11:36.446677Z,7707.162907,7,0.3095,32.31017770597741,2.5157232704402537,0.0,58.333333333333336,32.31017770597741,63.46846210576742,0,0,0,0,,
EURI,2026-06-14T11:11:41.439Z,2026-06-14T11:11:41.439383Z,2026-06-14T13:11:41.439383Z,7702.170201,7,1.15515,2.5970653161924164,0.9777623950852181,-0.017,46.875,2.5970653161924164,55.45293138072912,0,0,0,0,,
FF,2026-06-14T11:11:47.539Z,2026-06-14T11:11:47.539605Z,2026-06-14T13:11:47.539605Z,7696.069979,7,0.07141,8.402184567988307,10.323383084577122,-5.928,48.611111111111114,8.402184567988307,42.781350341636696,1,1,0,0,-1.0,False
GUN,2026-06-14T11:11:57.954Z,2026-06-14T11:11:57.954477Z,2026-06-14T13:11:57.954477Z,7685.655107,7,0.00583,34.30531732418534,9.326424870466315,-3.98,47.56944444444444,34.30531732418534,59.60505638700681,1,1,0,0,1.0,False
HEI,2026-06-14T11:12:04.927Z,2026-06-14T11:12:04.927635Z,2026-06-14T13:12:04.927635Z,7678.681949,7,0.08629999999999999,46.349942062572154,16.84587813620072,-9.903,51.041666666666664,46.349942062572154,53.83153454996445,0,0,0,0,,
LDO,2026-06-14T11:12:37.770Z,2026-06-14T11:12:37.770292Z,2026-06-14T13:12:37.770292Z,7645.839292,7,0.2596,15.408320493064558,2.5142857142857125,-0.076,50.0,15.408320493064558,65.70816015408691,22,8,14,0,1.0,False
PAXG,2026-06-14T11:12:59.241Z,2026-06-14T11:12:59.241863Z,2026-06-14T13:12:59.241863Z,7624.367721,7,4221.37,0.8054257267193956,0.7407424920913368,0.398,53.81944444444444,0.8054257267193956,50.52865069456944,21,8,13,0,1.0,False
PLUME,2026-06-14T11:13:08.160Z,2026-06-14T11:13:08.160854Z,2026-06-14T13:13:08.160854Z,7615.44873,7,0.010325,9.68523002421436,5.904761904761912,-0.38,57.986111111111114,9.68523002421436,54.46475517739842,15,5,10,0,1.0,False
SAHARA,2026-06-14T11:13:38.970Z,2026-06-14T11:13:38.970366Z,2026-06-14T13:13:38.970366Z,7584.639218,7,0.014775,20.304568527917954,5.886243386243399,-1.241,55.208333333333336,20.304568527917954,53.25795358893603,2,1,1,0,0.0,False
SAPIEN,2026-06-14T11:13:45.992Z,2026-06-14T11:13:45.992767Z,2026-06-14T13:13:45.992767Z,7577.616817,7,0.0834,23.980815347722512,7.011494252873557,7.275,45.486111111111114,23.980815347722512,67.31089100357183,2,1,1,0,1.0,False
SPK,2026-06-14T11:13:59.423Z,2026-06-14T11:13:59.423634Z,2026-06-14T13:13:59.423634Z,7564.18595,7,0.0196665,12.711972135355678,5.571435996050101,-2.498,56.94444444444444,12.711972135355678,58.339322422511124,64,25,36,3,0.3594,False
STO,2026-06-14T11:14:07.398Z,2026-06-14T11:14:07.399219Z,2026-06-14T13:14:07.399219Z,7556.210365,7,0.05015,19.940179461615724,8.316831683168308,-3.81,48.263888888888886,19.940179461615724,57.359042340019364,0,0,0,0,,
TWT,2026-06-14T11:14:18.198Z,2026-06-14T11:14:18.198358Z,2026-06-14T13:14:18.198358Z,7545.411226,7,0.39785,27.64861128566017,3.2355915065723035,0.815,49.30555555555556,27.64861128566017,68.41222499113336,21,9,12,0,1.0,False
USDE,2026-06-14T11:14:23.281Z,2026-06-14T11:14:23.281495Z,2026-06-14T13:14:23.281495Z,7540.328089,7,0.99975,1.0002500625155186,0.06001800540161387,0.0,53.125,1.0002500625155186,69.8206443466137,0,0,0,0,,
AIXBT,2026-06-14T11:20:28.257Z,2026-06-14T11:20:28.257448Z,2026-06-14T13:20:28.257448Z,7775.135144,7,0.02326,17.196904557179007,8.114961961115814,-1.785,35.763888888888886,17.196904557179007,33.40580684996399,18,10,8,0,1.0,False
BANK,2026-06-14T11:20:33.803Z,2026-06-14T11:20:33.803278Z,2026-06-14T13:20:33.803278Z,7769.589314,7,0.0408,49.01960784313695,5.2500000000000115,-0.99,38.888888888888886,49.01960784313695,62.38383065854081,0,0,0,0,,
BROCCOLI714,2026-06-14T11:20:49.839Z,2026-06-14T11:20:49.839533Z,2026-06-14T13:20:49.839533Z,7753.553059,7,0.013255,7.544322897019685,4.408523144746509,2.795,37.5,7.544322897019685,54.23637738677102,0,0,0,0,,
C,2026-06-14T11:20:55.862Z,2026-06-14T11:20:55.862251Z,2026-06-14T13:20:55.862251Z,7747.530341,7,0.08954999999999999,11.166945840312996,7.189542483660125,-4.969,43.75,11.166945840312996,35.80065576666617,0,0,0,0,,
CGPT,2026-06-14T11:21:13.350Z,2026-06-14T11:21:13.351084Z,2026-06-14T13:21:13.351084Z,7730.041508,7,0.02064,19.379844961241204,4.74592521572388,-0.287,40.97222222222222,19.379844961241204,49.420719984141726,0,0,0,0,,
DOGS,2026-06-14T11:21:25.878Z,2026-06-14T11:21:25.878489Z,2026-06-14T13:21:25.878489Z,7717.514103,7,4.295e-05,23.28288707799824,7.459207459207451,-1.379,44.44444444444444,23.28288707799824,52.595643607742886,0,0,0,0,,
DYM,2026-06-14T11:21:32.856Z,2026-06-14T11:21:32.856757Z,2026-06-14T13:21:32.856757Z,7710.535835,7,0.016849999999999997,59.347181008901735,11.695906432748549,1.786,32.291666666666664,59.347181008901735,47.568220696740546,0,0,0,0,,
HOLO,2026-06-14T11:21:54.375Z,2026-06-14T11:21:54.375612Z,2026-06-14T13:21:54.375612Z,7689.01698,7,0.06555,15.255530129672442,10.329341317365264,7.051,31.25,15.255530129672442,75.97462255134224,23,10,13,0,1.0,False
KERNEL,2026-06-14T11:21:59.137Z,2026-06-14T11:21:59.137558Z,2026-06-14T13:21:59.137558Z,7684.255034,7,0.047200000000000006,42.372881355931945,2.505219206680584,-0.416,32.986111111111114,42.372881355931945,62.615996147425136,0,0,0,0,,
LAYER,2026-06-14T11:22:06.482Z,2026-06-14T11:22:06.482999Z,2026-06-14T13:22:06.482999Z,7676.909593,7,0.06684999999999999,44.87658937920847,6.0422960725075585,-2.071,39.236111111111114,44.87658937920847,58.03765643051528,0,0,0,0,,
MANTA,2026-06-14T11:22:16.546Z,2026-06-14T11:22:16.546371Z,2026-06-14T13:22:16.546371Z,7666.846221,7,0.079785,23.814000125338048,6.383239402107334,-5.62,39.93055555555556,23.814000125338048,27.20118331332213,12,4,8,0,1.0,False
NEIRO,2026-06-14T11:22:23.692Z,2026-06-14T11:22:23.693049Z,2026-06-14T13:22:23.693049Z,7659.699543,7,6.866e-05,14.564520827265138,7.1894498014747645,2.173,42.013888888888886,14.564520827265138,40.37380815553083,24,12,12,0,0.9167,False
NOM,2026-06-14T11:22:30.290Z,2026-06-14T11:22:30.291269Z,2026-06-14T13:22:30.291269Z,7653.101323,7,0.001605,62.30529595015592,3.7037037037037,-1.818,33.333333333333336,62.30529595015592,57.10254773479119,18,11,7,0,1.0,False
NXPC,2026-06-14T11:22:37.909Z,2026-06-14T11:22:37.909957Z,2026-06-14T13:22:37.909957Z,7645.482635,7,0.3505,28.53067047075609,7.364883786054325,0.762,40.27777777777778,28.53067047075609,66.7478666107261,1,0,1,0,1.0,False
QNT,2026-06-14T11:22:43.259Z,2026-06-14T11:22:43.259706Z,2026-06-14T13:22:43.259706Z,7640.132886,7,67.925,13.249907986750594,7.55510440835266,3.45,42.361111111111114,13.249907986750594,54.33940583449012,63,16,44,3,0.0635,False
RARE,2026-06-14T11:22:50.057Z,2026-06-14T11:22:50.057296Z,2026-06-14T13:22:50.057296Z,7633.335296,7,0.013049999999999999,76.62835249042233,6.9230769230769225,0.775,38.541666666666664,76.62835249042233,58.19274459456987,0,0,0,0,,
RED,2026-06-14T11:22:55.335Z,2026-06-14T11:22:55.336017Z,2026-06-14T13:22:55.336017Z,7628.056575,7,0.0945,21.16402116402177,8.589607635206784,-0.106,44.09722222222222,21.16402116402177,64.55831876839537,0,0,0,0,,
RSR,2026-06-14T11:23:07.677Z,2026-06-14T11:23:07.677778Z,2026-06-14T13:23:07.677778Z,7615.714814,7,0.0013795,7.2490032620508575,5.579399141630898,2.568,40.625,7.2490032620508575,70.12079274150128,2,2,0,0,0.0,False
SKY,2026-06-14T11:23:18.456Z,2026-06-14T11:23:18.456961Z,2026-06-14T13:23:18.456961Z,7604.935631,7,0.056745000000000004,8.811349017534836,1.8698183101076002,0.8,35.06944444444444,8.811349017534836,71.18976766007006,61,10,48,3,0.3279,False
TOWNS,2026-06-14T11:23:39.277Z,2026-06-14T11:23:39.277729Z,2026-06-14T13:23:39.277729Z,7584.114863,7,0.0022849999999999997,43.76367614879662,3.2110091743119353,-0.909,30.90277777777778,43.76367614879662,56.37771597265064,0,0,0,0,,
TRB,2026-06-14T11:23:45.003Z,2026-06-14T11:23:45.003686Z,2026-06-14T13:23:45.003686Z,7578.388906,7,13.379999999999999,14.947683109119097,2.97176820208024,0.598,36.111111111111114,14.947683109119097,63.68778982978131,20,8,12,0,1.0,False
VANRY,2026-06-14T11:24:03.171Z,2026-06-14T11:24:03.171897Z,2026-06-14T13:24:03.171897Z,7560.220695,7,0.003456,11.574074074074355,4.020530367835759,0.315,31.59722222222222,11.574074074074355,57.15611706389719,0,0,0,0,,
ACT,2026-06-14T11:29:49.901Z,2026-06-14T11:29:49.902119Z,2026-06-14T13:29:49.902119Z,7213.490473,7,0.01022,39.13894324853239,5.939629990262897,0.686,17.36111111111111,39.13894324853239,63.33354388968931,1,1,0,0,1.0,False
CATI,2026-06-14T11:30:15.274Z,2026-06-14T11:30:15.274309Z,2026-06-14T13:30:15.274309Z,7789.064801,7,0.06,33.33333333333313,6.249999999999991,1.718,20.833333333333332,33.33333333333313,49.619521699938375,0,0,0,0,,
DOLO,2026-06-14T11:30:37.289Z,2026-06-14T11:30:37.289352Z,2026-06-14T13:30:37.289352Z,7767.049758,7,0.024305,61.71569635877283,10.949494949494937,-3.771,24.65277777777778,61.71569635877283,51.07576545621045,1,1,0,0,1.0,False
ETC,2026-06-14T11:30:51.471Z,2026-06-14T11:30:51.471851Z,2026-06-14T13:30:51.471851Z,7752.867259,7,7.055,14.174344436569507,1.9635343618513403,-0.696,22.916666666666668,14.174344436569507,59.377362846293,10,3,7,0,1.0,False
F,2026-06-14T11:31:01.386Z,2026-06-14T11:31:01.386659Z,2026-06-14T13:31:01.386659Z,7742.952451,7,0.003905,25.60819462228031,4.30379746835443,1.542,21.875,25.60819462228031,67.7227249917893,0,0,0,0,,
FORM,2026-06-14T11:31:08.868Z,2026-06-14T11:31:08.868858Z,2026-06-14T13:31:08.868858Z,7735.470252,7,0.22815000000000002,56.98005698005678,8.471615720524017,-2.262,26.73611111111111,56.98005698005678,63.342677099987,0,0,0,0,,
HAEDAL,2026-06-14T11:31:20.482Z,2026-06-14T11:31:20.482994Z,2026-06-14T13:31:20.482994Z,7723.856116,7,0.019385,15.475883415012767,5.5903866248693905,1.809,20.13888888888889,15.475883415012767,55.8378009106534,0,0,0,0,,
IMX,2026-06-14T11:31:28.019Z,2026-06-14T11:31:28.019628Z,2026-06-14T13:31:28.019628Z,7716.319482,7,0.14229999999999998,14.054813773717902,4.242002781641164,0.279,22.569444444444443,14.054813773717902,33.594519633785175,59,22,36,1,0.7966,False
LA,2026-06-14T11:31:35.211Z,2026-06-14T11:31:35.211316Z,2026-06-14T13:31:35.211316Z,7709.127794,7,0.07680000000000001,52.08333333333301,8.590604026845641,2.195,17.01388888888889,52.08333333333301,66.11685372486305,1,0,0,1,-1.0,False
MUBARAK,2026-06-14T11:31:57.494Z,2026-06-14T11:31:57.494764Z,2026-06-14T13:31:57.494764Z,7686.844346,7,0.01066,18.761726078800113,4.2922374429223735,0.643,28.125,18.761726078800113,66.08192376576352,0,0,0,0,,
NEO,2026-06-14T11:32:04.732Z,2026-06-14T11:32:04.732484Z,2026-06-14T13:32:04.732484Z,7679.606626,7,2.1665,4.615739672281975,2.5535795713634313,-0.273,25.0,4.615739672281975,67.92475510172257,17,7,10,0,1.0,False
NMR,2026-06-14T11:32:12.759Z,2026-06-14T11:32:12.759600Z,2026-06-14T13:32:12.759600Z,7671.57951,7,8.305,12.040939193256818,1.7647058823529245,1.07,18.055555555555557,12.040939193256818,66.22644955341045,0,0,0,0,,
ONT,2026-06-14T11:32:19.739Z,2026-06-14T11:32:19.740032Z,2026-06-14T13:32:19.740032Z,7664.599078,7,0.04782,8.36470096194027,2.29501356144378,-2.004,17.708333333333332,8.36470096194027,43.57209307449196,34,9,23,2,0.4118,False
PEOPLE,2026-06-14T11:32:26.935Z,2026-06-14T11:32:26.935390Z,2026-06-14T13:32:26.935390Z,7657.40372,7,0.0053950000000000005,18.535681186284446,2.1897810218978164,0.735,25.694444444444443,18.535681186284446,50.48022975708628,0,0,0,0,,
PIXEL,2026-06-14T11:32:33.764Z,2026-06-14T11:32:33.764461Z,2026-06-14T13:32:33.764461Z,7650.574649,7,0.005425,18.433179723501553,2.737226277372262,-0.182,29.166666666666668,18.433179723501553,59.48878763790357,37,10,23,4,-0.0541,False
REZ,2026-06-14T11:32:38.684Z,2026-06-14T11:32:38.684396Z,2026-06-14T13:32:38.684396Z,7645.654714,7,0.0032725000000000002,9.167303284950234,8.148804251550052,6.109,26.38888888888889,9.167303284950234,59.30079388451206,12,2,10,0,0.8333,False
SAND,2026-06-14T11:32:45.833Z,2026-06-14T11:32:45.833626Z,2026-06-14T13:32:45.833626Z,7638.505484,7,0.05164,7.745933384972574,2.0287081339712887,0.519,23.61111111111111,7.745933384972574,62.65150771839365,37,19,16,2,0.5135,False
SHELL,2026-06-14T11:32:53.687Z,2026-06-14T11:32:53.687470Z,2026-06-14T13:32:53.687470Z,7630.65164,7,0.02555,39.138943248533415,3.9062500000000036,-1.158,27.430555555555557,39.138943248533415,55.04600903416353,24,9,15,0,1.0,False
SXT,2026-06-14T11:33:00.489Z,2026-06-14T11:33:00.489434Z,2026-06-14T13:33:00.489434Z,7623.849676,7,0.00826,24.2130750605317,5.588585017835909,0.119,25.34722222222222,24.2130750605317,39.25094764159683,0,0,0,0,,
THE,2026-06-14T11:33:06.007Z,2026-06-14T11:33:06.007407Z,2026-06-14T13:33:06.007407Z,7618.331703,7,0.06709999999999999,29.806259314454827,2.9542097488921537,-0.295,21.180555555555557,29.806259314454827,58.995161345202625,19,8,6,5,0.6842,False
TLM,2026-06-14T11:33:11.441Z,2026-06-14T11:33:11.441979Z,2026-06-14T13:33:11.441979Z,7612.897131,7,0.001073,37.27865796831405,5.831739961759089,1.455,30.208333333333332,37.27865796831405,67.49133625914683,0,0,0,0,,
TNSR,2026-06-14T11:33:18.949Z,2026-06-14T11:33:18.950050Z,2026-06-14T13:33:18.950050Z,7605.38906,7,0.0288,69.44444444444403,2.040816326530612,0.0,22.22222222222222,69.44444444444403,45.699318016112045,7,1,6,0,1.0,False
TURTLE,2026-06-14T11:33:24.790Z,2026-06-14T11:33:24.790746Z,2026-06-14T13:33:24.790746Z,7599.548364,7,0.03615,27.662517289074096,3.5911602209944626,-1.63,26.041666666666668,27.662517289074096,56.63919681991006,11,4,3,4,0.2727,False
USUAL,2026-06-14T11:33:31.493Z,2026-06-14T11:33:31.493927Z,2026-06-14T13:33:31.493927Z,7592.845183,7,0.010105,9.896091044037203,3.7900874635568482,-2.186,18.75,9.896091044037203,62.30748169723688,24,10,14,0,1.0,False
YGG,2026-06-14T11:33:44.652Z,2026-06-14T11:33:44.653019Z,2026-06-14T13:33:44.653019Z,7579.686091,7,0.024855,36.21001810500897,2.1352313167259878,-0.433,24.305555555555557,36.21001810500897,51.684953253980815,0,0,0,0,,
1MBABYDOGE,2026-06-14T11:39:35.642Z,2026-06-14T11:39:35.642576Z,2026-06-14T13:39:35.642576Z,7228.696534,7,0.0003327,6.0114217012324875,2.106824925816027,0.687,5.208333333333333,6.0114217012324875,50.52059182542742,0,0,0,0,,
COTI,2026-06-14T11:40:29.231Z,2026-06-14T11:40:29.231383Z,2026-06-14T13:40:29.231383Z,7773.917468,7,0.009855,30.441400304414525,2.1126760563380294,-0.699,4.166666666666667,30.441400304414525,42.14437825611061,0,0,0,0,,
CVX,2026-06-14T11:40:42.842Z,2026-06-14T11:40:42.842780Z,2026-06-14T13:40:42.842780Z,7760.306071,7,1.3025,23.032629558542137,2.1180030257186098,-1.929,5.902777777777778,23.032629558542137,40.324369418046984,13,8,5,0,1.0,False
GMT,2026-06-14T11:40:55.328Z,2026-06-14T11:40:55.329132Z,2026-06-14T13:40:55.329132Z,7747.819719,7,0.00808,24.75247524752374,4.2527339003645155,-2.14,10.76388888888889,24.75247524752374,33.36597283374882,0,0,0,0,,
LISTA,2026-06-14T11:41:14.194Z,2026-06-14T11:41:14.194941Z,2026-06-14T13:41:14.194941Z,7728.95391,7,0.051949999999999996,19.249278152068513,2.8901734104046266,-0.192,15.625,19.249278152068513,51.869954220579984,1,1,0,0,1.0,False
MAGIC,2026-06-14T11:41:27.248Z,2026-06-14T11:41:27.248394Z,2026-06-14T13:41:27.248394Z,7715.900457,7,0.0461,43.38394793926221,2.7956989247311883,-0.853,11.11111111111111,43.38394793926221,41.143811396140656,60,12,44,4,0.6667,False
MET,2026-06-14T11:41:45.123Z,2026-06-14T11:41:45.124183Z,2026-06-14T13:41:45.124183Z,7698.024668,7,0.10339999999999999,38.68471953578314,2.4832855778414564,-0.758,13.88888888888889,38.68471953578314,61.49340654690799,45,12,30,3,0.6,False
NEWT,2026-06-14T11:41:59.866Z,2026-06-14T11:41:59.866713Z,2026-06-14T13:41:59.866713Z,7683.282138,7,0.053349999999999995,56.2324273664483,3.8095238095238133,0.0,9.375,56.2324273664483,50.97866378306998,0,0,0,0,,
RVN,2026-06-14T11:42:09.242Z,2026-06-14T11:42:09.242772Z,2026-06-14T13:42:09.242772Z,7673.906079,7,0.004305,23.22880371660765,2.304147465437794,-1.81,3.8194444444444446,23.22880371660765,42.06511124405344,1,1,0,0,1.0,False
SIGN,2026-06-14T11:42:18.491Z,2026-06-14T11:42:18.491356Z,2026-06-14T13:42:18.491356Z,7664.657495,7,0.00858,23.31002331002438,2.6806526806526927,0.0,3.4722222222222223,23.31002331002438,64.65905345783682,0,0,0,0,,
SKL,2026-06-14T11:42:27.907Z,2026-06-14T11:42:27.908216Z,2026-06-14T13:42:27.908216Z,7655.240635,7,0.004189999999999999,47.73269689737484,3.791469194312806,-2.088,6.944444444444445,47.73269689737484,50.493898160905026,18,7,11,0,0.7778,False
SOPH,2026-06-14T11:42:42.889Z,2026-06-14T11:42:42.889552Z,2026-06-14T13:42:42.889552Z,7640.259299,7,0.00557,35.90664272890494,7.079646017699119,-5.36,15.972222222222221,35.90664272890494,56.4718061848993,1,0,1,0,-1.0,False
STEEM,2026-06-14T11:42:50.200Z,2026-06-14T11:42:50.201064Z,2026-06-14T13:42:50.201064Z,7632.947787,7,0.04399,18.18595135257939,0.9472259810554887,-0.427,8.333333333333334,18.18595135257939,38.10714917298242,0,0,0,0,,
UMA,2026-06-14T11:42:57.934Z,2026-06-14T11:42:57.934985Z,2026-06-14T13:42:57.934985Z,7625.213866,7,0.3985,25.09410288582185,1.4888337468982642,0.499,6.25,25.09410288582185,48.85899474166101,0,0,0,0,,
VANA,2026-06-14T11:43:04.893Z,2026-06-14T11:43:04.893911Z,2026-06-14T13:43:04.893911Z,7618.25494,7,1.1035,9.0620752152253,3.411131059245963,-0.447,10.069444444444445,9.0620752152253,59.37569876573837,0,0,0,0,,
VELODROME,2026-06-14T11:43:12.960Z,2026-06-14T11:43:12.960869Z,2026-06-14T13:43:12.960869Z,7610.187982,7,0.013649999999999999,14.652014652015326,3.3165104542177386,-0.787,3.125,14.652014652015326,58.38536744068609,0,0,0,0,,
XAI,2026-06-14T11:43:27.157Z,2026-06-14T11:43:27.157623Z,2026-06-14T13:43:27.157623Z,7595.991228,7,0.007984999999999999,62.61740763932336,3.3415841584158557,0.498,8.680555555555555,62.61740763932336,44.042573692106856,0,0,0,0,,
XVG,2026-06-14T11:43:35.004Z,2026-06-14T11:43:35.005084Z,2026-06-14T13:43:35.005084Z,7588.143767,7,0.0025009999999999998,47.9808076769304,3.001579778830968,0.04,7.986111111111111,47.9808076769304,44.745821755950296,64,21,31,12,-0.3125,False
ALGO,2026-06-14T11:49:27.211Z,2026-06-14T11:49:27.211906Z,2026-06-14T13:49:27.211906Z,7235.936945,7,0.09045,11.055831951354655,6.855277475516866,3.491,89.58333333333333,11.055831951354655,72.05474374418485,3,2,1,0,1.0,False
ETH,2026-06-14T11:50:12.980Z,2026-06-14T11:50:12.980773Z,2026-06-14T13:50:12.980773Z,7792.146121,7,1666.1750000000002,0.060017705222986203,1.6912487708947952,0.275,99.65277777777777,0.060017705222986203,66.64931705338975,32,17,9,6,0.5,False
FDUSD,2026-06-14T11:50:18.398Z,2026-06-14T11:50:18.399015Z,2026-06-14T13:50:18.399015Z,7786.727879,7,0.99805,1.001953809929252,0.05009518084359733,0.01,89.93055555555556,1.001953809929252,68.750853297554,0,0,0,0,,
FET,2026-06-14T11:50:24.299Z,2026-06-14T11:50:24.299580Z,2026-06-14T13:50:24.299580Z,7780.827314,7,0.20235,4.941932295527007,10.568341944574927,10.425,95.13888888888889,4.941932295527007,75.03147624342321,8,4,2,2,0.625,False
ICP,2026-06-14T11:50:35.584Z,2026-06-14T11:50:35.584942Z,2026-06-14T13:50:35.584942Z,7769.541952,7,2.442,8.190008190009106,9.257052046086615,2.735,94.79166666666667,8.190008190009106,76.12650302046332,10,5,4,1,0.6,False
PEPE,2026-06-14T11:50:59.259Z,2026-06-14T11:50:59.259919Z,2026-06-14T13:50:59.259919Z,7745.866975,7,2.8050000000000002e-06,35.65062388591917,2.8268551236749144,0.0,97.22222222222223,35.65062388591917,58.22175422263966,31,30,0,1,0.7742,False
SOL,2026-06-14T11:51:15.103Z,2026-06-14T11:51:15.104027Z,2026-06-14T13:51:15.104027Z,7730.022867,7,67.745,1.4761236991667452,3.2578524470416417,1.648,98.95833333333333,1.4761236991667452,63.677466443347804,29,20,5,4,0.5517,False
SUI,2026-06-14T11:51:20.428Z,2026-06-14T11:51:20.428315Z,2026-06-14T13:51:20.428315Z,7724.698579,7,0.75475,1.3249420337858757,2.864651773981594,-0.523,96.18055555555556,1.3249420337858757,61.861437582818105,10,2,6,2,0.6,False
SUSHI,2026-06-14T11:51:27.757Z,2026-06-14T11:51:27.757664Z,2026-06-14T13:51:27.757664Z,7717.36923,7,0.1749,45.740423098914974,2.001143510577475,-0.285,1.3888888888888888,45.740423098914974,53.46730936086772,12,5,7,0,1.0,False
T,2026-06-14T11:51:35.166Z,2026-06-14T11:51:35.166692Z,2026-06-14T13:51:35.166692Z,7709.960202,7,0.003745,80.10680907877192,3.439153439153448,-1.818,2.7777777777777777,80.10680907877192,47.71533739338304,0,0,0,0,,
TAO,2026-06-14T11:51:40.732Z,2026-06-14T11:51:40.732838Z,2026-06-14T13:51:40.732838Z,7704.394056,7,265.55,3.765769158351449,15.192235908921237,8.858,98.61111111111111,3.765769158351449,70.60975372171943,31,13,17,1,0.3226,False
TRUMP,2026-06-14T11:51:50.570Z,2026-06-14T11:51:50.570746Z,2026-06-14T13:51:50.570746Z,7694.556148,7,2.0285,4.929751047571554,13.096397273612448,-5.65,93.75,4.929751047571554,61.80665441286153,61,53,6,2,0.8197,False
USD1,2026-06-14T11:52:02.161Z,2026-06-14T11:52:02.162186Z,2026-06-14T13:52:02.162186Z,7682.964708,7,1.00055,0.9994503023336063,0.03997601439136078,0.02,99.30555555555556,0.9994503023336063,77.99700175389445,0,0,0,0,,
WLD,2026-06-14T11:52:08.200Z,2026-06-14T11:52:08.201075Z,2026-06-14T13:52:08.201075Z,7676.925819,7,0.5015000000000001,3.988035892324805,9.807425054595978,3.365,97.91666666666667,3.988035892324805,66.25360315665945,7,5,2,0,0.7143,False
XLM,2026-06-14T11:52:13.519Z,2026-06-14T11:52:13.520162Z,2026-06-14T13:52:13.520162Z,7671.606732,7,0.18315,5.460005460004859,4.040948275862073,-2.419,91.31944444444444,5.460005460004859,63.962226051555646,18,6,11,1,0.8889,False
XPL,2026-06-14T11:52:19.016Z,2026-06-14T11:52:19.017027Z,2026-06-14T13:52:19.017027Z,7666.109867,7,0.08835000000000001,11.31861912846665,11.209766925638178,2.386,92.70833333333333,11.31861912846665,68.01064097355398,15,6,9,0,1.0,False
XRP,2026-06-14T11:52:24.657Z,2026-06-14T11:52:24.657972Z,2026-06-14T13:52:24.657972Z,7660.468922,7,1.1348500000000001,0.8811737233994711,1.7157289670789104,0.473,96.52777777777777,0.8811737233994711,57.796453345807016,31,12,13,6,0.5806,False
ZEC,2026-06-14T11:52:29.932Z,2026-06-14T11:52:29.933028Z,2026-06-14T13:52:29.933028Z,7655.193866,7,426.69500000000005,1.171797185343427,5.892689784442356,3.226,98.26388888888889,1.171797185343427,69.96116406328963,18,6,9,3,0.4444,False
INJ,2026-06-14T11:58:23.216Z,2026-06-14T11:58:23.216373Z,2026-06-14T13:58:23.216373Z,7301.910521,7,5.1025,5.879470847623936,4.690831556503198,-1.902,86.45833333333333,5.879470847623936,59.96978562018449,56,25,30,1,0.7857,False
LINK,2026-06-14T11:58:29.026Z,2026-06-14T11:58:29.026675Z,2026-06-14T13:58:29.026675Z,7296.100219,7,7.8725000000000005,1.2702445220709226,2.1528389777162427,-0.126,86.80555555555556,1.2702445220709226,49.88822724030782,7,4,3,0,1.0,False
PENGU,2026-06-14T11:58:45.573Z,2026-06-14T11:58:45.573330Z,2026-06-14T13:58:45.573330Z,7279.553564,7,0.0066035,1.5143484515775958,4.035139964264436,-0.973,88.54166666666667,1.5143484515775958,58.75035028789652,21,9,12,0,0.9048,False
BANANAS31,2026-06-14T12:04:03.751Z,2026-06-14T12:04:03.752063Z,2026-06-14T14:04:03.752063Z,7560.554246,7,0.009406,10.631511800977666,24.413045787740355,22.199,86.45833333333333,10.631511800977666,77.05254712267569,2,2,0,0,0.5,False
AAVE,2026-06-14T12:04:32.812Z,2026-06-14T12:04:32.812370Z,2026-06-14T14:04:32.812370Z,7531.493939,7,65.875,1.518026565463515,2.923356558618611,-1.33,80.90277777777777,1.518026565463515,45.56322510757,25,10,15,0,1.0,False
ASTER,2026-06-14T12:04:43.991Z,2026-06-14T12:04:43.992152Z,2026-06-14T14:04:43.992152Z,7520.314157,7,0.6225,16.064257028112465,2.5396825396825418,-1.099,73.95833333333333,16.064257028112465,61.02435058593082,17,10,7,0,1.0,False
BIO,2026-06-14T12:04:58.520Z,2026-06-14T12:04:58.520713Z,2026-06-14T14:04:58.520713Z,7505.785596,7,0.031415,9.549578226962359,7.532956685499056,-1.24,75.69444444444444,9.549578226962359,54.49916028142847,0,0,0,0,,
CHZ,2026-06-14T12:05:05.177Z,2026-06-14T12:05:05.177648Z,2026-06-14T14:05:05.177648Z,7499.128661,7,0.02527,7.914523149979891,5.298013245033113,-0.888,80.55555555555556,7.914523149979891,51.644267418782114,16,7,9,0,0.8125,False
CRV,2026-06-14T12:05:12.129Z,2026-06-14T12:05:12.129344Z,2026-06-14T14:05:12.129344Z,7492.176965,7,0.23195,4.311273981462244,6.279569892473119,-3.125,85.06944444444444,4.311273981462244,55.6659052801734,4,4,0,0,0.0,False
DASH,2026-06-14T12:05:22.778Z,2026-06-14T12:05:22.779153Z,2026-06-14T14:05:22.779153Z,7481.527156,7,35.275,8.504606661942208,5.37573881227131,0.938,77.43055555555556,8.504606661942208,45.77228899115139,0,0,0,0,,
DYDX,2026-06-14T12:05:28.094Z,2026-06-14T12:05:28.094394Z,2026-06-14T14:05:28.094394Z,7476.211915,7,0.116895,11.12109157791105,5.5247691015953,-3.312,74.30555555555556,11.12109157791105,47.420087664302166,12,6,6,0,1.0,False
EDEN,2026-06-14T12:05:35.471Z,2026-06-14T12:05:35.471923Z,2026-06-14T14:05:35.471923Z,7468.834386,7,0.0419,47.732696897376066,8.633093525179854,2.206,75.34722222222223,47.732696897376066,73.64914452650757,2,2,0,0,1.0,False
EIGEN,2026-06-14T12:05:40.672Z,2026-06-14T12:05:40.672322Z,2026-06-14T14:05:40.672322Z,7463.633987,7,0.19675,5.0825921219816514,12.016503352243433,4.698,81.59722222222223,5.0825921219816514,59.36466033626525,2,1,1,0,0.0,False
HMSTR,2026-06-14T12:05:52.713Z,2026-06-14T12:05:52.714068Z,2026-06-14T14:05:52.714068Z,7451.592241,7,0.00016975,5.891016200294693,18.524774774774766,-6.575,79.16666666666667,5.891016200294693,60.363636565388006,3,2,1,0,1.0,False
INIT,2026-06-14T12:06:03.148Z,2026-06-14T12:06:03.148460Z,2026-06-14T14:06:03.148460Z,7441.157849,7,0.058050000000000004,17.226528854435127,9.417808219178077,-3.311,72.91666666666667,17.226528854435127,43.727408654511336,0,0,0,0,,
IO,2026-06-14T12:06:08.282Z,2026-06-14T12:06:08.282314Z,2026-06-14T14:06:08.282314Z,7436.023995,7,0.17075,17.569546120058252,10.377890580936265,-4.369,79.86111111111111,17.569546120058252,65.63293171937958,1,0,1,0,1.0,False
JTO,2026-06-14T12:06:14.139Z,2026-06-14T12:06:14.139326Z,2026-06-14T14:06:14.139326Z,7430.166983,7,0.536,7.462686567163356,4.726460736881276,-1.647,78.125,7.462686567163356,55.69633585187991,5,1,2,2,-0.2,False
MITO,2026-06-14T12:06:33.211Z,2026-06-14T12:06:33.212186Z,2026-06-14T14:06:33.212186Z,7411.094123,7,0.021255,23.523876734886585,40.33041788143828,17.466,82.63888888888889,23.523876734886585,65.29672049424845,6,4,1,1,0.6667,False
OP,2026-06-14T12:06:50.473Z,2026-06-14T12:06:50.474043Z,2026-06-14T14:06:50.474043Z,7393.832266,7,0.10635,9.402914903619086,7.584269662921357,-0.651,85.41666666666667,9.402914903619086,64.74384855641709,20,14,3,3,0.65,False
PENDLE,2026-06-14T12:07:02.800Z,2026-06-14T12:07:02.800747Z,2026-06-14T14:07:02.800747Z,7381.505562,7,1.3014999999999999,7.68344218209844,5.030030030030026,0.68,81.94444444444444,7.68344218209844,53.5592681688525,13,3,10,0,1.0,False
PUMP,2026-06-14T12:07:08.218Z,2026-06-14T12:07:08.218758Z,2026-06-14T14:07:08.218758Z,7376.087551,7,0.001534,13.037809647978042,4.459016393442617,-1.866,84.02777777777777,13.037809647978042,58.63895884471877,6,6,0,0,1.0,False
PYTH,2026-06-14T12:07:13.541Z,2026-06-14T12:07:13.541855Z,2026-06-14T14:07:13.541855Z,7370.764454,7,0.03905,25.60819462227986,6.1381074168797936,-0.255,83.68055555555556,25.60819462227986,61.09398925325889,29,16,13,0,0.931,False
SEI,2026-06-14T12:07:26.127Z,2026-06-14T12:07:26.127656Z,2026-06-14T14:07:26.127656Z,7358.178653,7,0.05273,3.7929072634172547,3.704400150432493,-2.974,82.29166666666667,3.7929072634172547,61.97786071945283,2,1,1,0,0.5,False
SOMI,2026-06-14T12:07:31.105Z,2026-06-14T12:07:31.105273Z,2026-06-14T14:07:31.105273Z,7353.201036,7,0.1111,18.00180018001727,6.261180679785324,0.179,75.0,18.00180018001727,54.4092320735964,0,0,0,0,,
SYN,2026-06-14T12:07:37.297Z,2026-06-14T12:07:37.298268Z,2026-06-14T14:07:37.298268Z,7347.008041,7,0.039,51.28205128205275,45.238095238095234,18.125,76.38888888888889,51.28205128205275,55.10275802636341,4,4,0,0,0.75,False
TIA,2026-06-14T12:07:42.768Z,2026-06-14T12:07:42.768524Z,2026-06-14T14:07:42.768524Z,7341.537785,7,0.33440000000000003,5.980861244020139,6.664691943127968,-0.148,74.65277777777777,5.980861244020139,57.76331221273695,18,9,8,1,0.7778,False
TST,2026-06-14T12:07:48.169Z,2026-06-14T12:07:48.169281Z,2026-06-14T14:07:48.169281Z,7336.137028,7,0.015050000000000001,13.289036544851108,21.469648562300332,-6.956,83.33333333333333,13.289036544851108,62.53332809667224,3,1,2,0,1.0,False
APT,2026-06-14T12:13:44.525Z,2026-06-14T12:13:44.526017Z,2026-06-14T14:13:44.526017Z,7578.762732,7,0.6545000000000001,15.278838808250585,4.072398190045252,-1.632,68.40277777777777,15.278838808250585,65.80123263262418,27,11,15,1,0.963,False
ARB,2026-06-14T12:13:53.955Z,2026-06-14T12:13:53.955190Z,2026-06-14T14:13:53.955190Z,7569.333559,7,0.08285000000000001,12.070006035003363,4.670658682634731,-3.356,64.23611111111111,12.070006035003363,63.59624672795134,10,3,4,3,0.3,False
ARKM,2026-06-14T12:14:00.574Z,2026-06-14T12:14:00.574822Z,2026-06-14T14:14:00.574822Z,7562.713927,7,0.1246,16.051364365971565,5.222135619641453,0.627,60.416666666666664,16.051364365971565,66.93037589611897,26,7,18,1,0.5769,False
ATOM,2026-06-14T12:14:07.942Z,2026-06-14T12:14:07.942997Z,2026-06-14T14:14:07.942997Z,7555.345752,7,1.9335,5.171967933798241,3.30407847186371,-2.565,68.05555555555556,5.171967933798241,63.73443608626886,65,23,38,4,0.3846,False
AVNT,2026-06-14T12:14:13.305Z,2026-06-14T12:14:13.305360Z,2026-06-14T14:14:13.305360Z,7549.983389,7,0.10685,9.35891436593252,8.095676172953084,-2.336,62.84722222222222,9.35891436593252,54.35526257549346,32,13,19,0,0.9688,False
DOT,2026-06-14T12:14:23.542Z,2026-06-14T12:14:23.542933Z,2026-06-14T14:14:23.542933Z,7539.745816,7,0.9595,10.422094841063064,3.2024793388429784,-1.826,64.58333333333333,10.422094841063064,56.82448093363108,11,6,5,0,0.6364,False
EPIC,2026-06-14T12:14:34.283Z,2026-06-14T12:14:34.283247Z,2026-06-14T14:14:34.283247Z,7529.005502,7,0.5135000000000001,19.474196689386577,23.359073359073356,-11.604,70.83333333333333,19.474196689386577,43.223113340096845,0,0,0,0,,
GIGGLE,2026-06-14T12:15:00.827Z,2026-06-14T12:15:00.827763Z,2026-06-14T14:15:00.827763Z,7502.460986,7,27.884999999999998,10.75847229693297,7.839056538328136,4.836,63.888888888888886,10.75847229693297,75.37869808777911,32,9,23,0,1.0,False
MORPHO,2026-06-14T12:15:20.927Z,2026-06-14T12:15:20.927654Z,2026-06-14T14:15:20.927654Z,7482.361095,7,1.9445000000000001,5.142710208280339,2.977412731006163,-0.307,59.72222222222222,5.142710208280339,56.22868238125557,11,6,5,0,0.9091,False
NIL,2026-06-14T12:15:27.470Z,2026-06-14T12:15:27.470648Z,2026-06-14T14:15:27.470648Z,7475.818101,7,0.04073,24.551927326294113,10.093279119827779,7.068,67.70833333333333,24.551927326294113,55.88529950552823,2,2,0,0,1.0,False
OPEN,2026-06-14T12:15:39.318Z,2026-06-14T12:15:39.319211Z,2026-06-14T14:15:39.319211Z,7463.969538,7,0.23895,12.554927809164877,9.682539682539684,3.236,69.79166666666667,12.554927809164877,49.028700408071025,10,2,7,1,0.6,False
ORCA,2026-06-14T12:15:45.946Z,2026-06-14T12:15:45.946182Z,2026-06-14T14:15:45.946182Z,7457.342567,7,1.0995,9.095043201456226,5.121293800539078,-4.052,67.01388888888889,9.095043201456226,43.35466360305944,0,0,0,0,,
ORDI,2026-06-14T12:15:53.839Z,2026-06-14T12:15:53.839501Z,2026-06-14T14:15:53.839501Z,7449.449248,7,3.3035,9.081277433025923,6.864227396431807,-3.473,71.18055555555556,9.081277433025923,54.90761450033742,12,5,5,2,0.5833,False
PHA,2026-06-14T12:16:00.339Z,2026-06-14T12:16:00.340124Z,2026-06-14T14:16:00.340124Z,7442.948625,7,0.03535,28.288543140029102,9.803921568627459,-2.725,60.06944444444444,28.288543140029102,61.58954988536479,0,0,0,0,,
PNUT,2026-06-14T12:16:07.885Z,2026-06-14T12:16:07.885543Z,2026-06-14T14:16:07.885543Z,7435.403206,7,0.04375,22.857142857141927,4.535147392290254,-0.899,66.31944444444444,22.857142857141927,65.01085203362275,65,16,45,4,0.0769,False
RUNE,2026-06-14T12:16:13.292Z,2026-06-14T12:16:13.293096Z,2026-06-14T14:16:13.293096Z,7429.995653,7,0.3745,26.702269692923924,6.3829787234042605,-4.81,65.625,26.702269692923924,54.51893121103168,12,5,7,0,0.8333,False
SAGA,2026-06-14T12:16:18.257Z,2026-06-14T12:16:18.257503Z,2026-06-14T14:16:18.257503Z,7425.031246,7,0.01284,15.576323987539656,10.736196319018406,3.165,71.875,15.576323987539656,55.30585214612407,1,0,0,1,-1.0,False
SSV,2026-06-14T12:16:24.966Z,2026-06-14T12:16:24.966646Z,2026-06-14T14:16:24.966646Z,7418.322103,7,2.308,17.331022530329307,6.298870547350131,2.493,63.19444444444444,17.331022530329307,54.804654858633526,0,0,0,0,,
STRK,2026-06-14T12:16:30.584Z,2026-06-14T12:16:30.584798Z,2026-06-14T14:16:30.584798Z,7412.703951,7,0.03375,29.629629629628422,3.790087463556839,-1.153,68.75,29.629629629628422,59.238155465049154,30,5,25,0,1.0,False
SYRUP,2026-06-14T12:16:36.150Z,2026-06-14T12:16:36.150923Z,2026-06-14T14:16:36.150923Z,7407.137826,7,0.13205,7.5728890571744785,5.176294073518371,1.601,69.44444444444444,7.5728890571744785,70.33740196873885,0,0,0,0,,
UNI,2026-06-14T12:16:41.224Z,2026-06-14T12:16:41.224500Z,2026-06-14T14:16:41.224500Z,7402.064249,7,2.5134999999999996,3.978516013526517,2.6930693069306955,-0.825,62.15277777777778,3.978516013526517,55.65602134623019,18,6,9,3,0.5556,False
VIRTUAL,2026-06-14T12:16:48.625Z,2026-06-14T12:16:48.625774Z,2026-06-14T14:16:48.625774Z,7394.662975,7,0.6116,6.540222367559776,5.016775842786385,-2.234,71.52777777777777,6.540222367559776,34.05358343414632,3,0,3,0,1.0,False
W,2026-06-14T12:16:55.502Z,2026-06-14T12:16:55.502925Z,2026-06-14T14:16:55.502925Z,7387.785824,7,0.00959,20.855057351406867,4.928131416837777,-0.103,64.93055555555556,20.855057351406867,63.27568799252634,3,0,3,0,1.0,False
ZBT,2026-06-14T12:17:19.867Z,2026-06-14T12:17:19.867543Z,2026-06-14T14:17:19.867543Z,7363.421206,7,0.11735000000000001,8.521516829995983,11.48936170212767,-6.82,60.763888888888886,8.521516829995983,62.419274772460966,0,0,0,0,,
ZRO,2026-06-14T12:17:41.300Z,2026-06-14T12:17:41.300555Z,2026-06-14T14:17:41.300555Z,7341.988194,7,0.924,21.64502164502166,4.408602150537626,-2.105,72.22222222222223,21.64502164502166,57.72337873043667,5,3,0,2,0.4,False
AT,2026-06-14T12:18:27.784Z,2026-06-14T12:18:27.785045Z,2026-06-14T14:18:27.785045Z,7295.503704,7,0.14115,21.253985122212004,17.323943661971832,9.737,50.69444444444444,21.253985122212004,64.30812076803264,2,2,0,0,1.0,False
FIL,2026-06-14T12:19:24.415Z,2026-06-14T12:19:24.415467Z,2026-06-14T14:19:24.415467Z,7238.873282,7,0.7665,13.046314416177442,4.404145077720211,-1.531,58.333333333333336,13.046314416177442,52.76434520696021,12,11,0,1,0.75,False
HEMI,2026-06-14T12:19:42.870Z,2026-06-14T12:19:42.871194Z,2026-06-14T14:19:42.871194Z,7220.417555,7,0.006055,16.515276630884326,9.38511326860841,-3.286,57.291666666666664,16.515276630884326,59.44442416238183,1,1,0,0,1.0,False
HYPER,2026-06-14T12:19:50.176Z,2026-06-14T12:19:50.176361Z,2026-06-14T14:19:50.176361Z,7213.112388,7,0.07064999999999999,14.154281670205645,4.558011049723753,-0.138,54.861111111111114,14.154281670205645,61.857423306969665,10,4,6,0,1.0,False
IOTA,2026-06-14T12:19:58.158Z,2026-06-14T12:19:58.158359Z,2026-06-14T14:19:58.158359Z,7205.13039,7,0.04635,21.574973031282827,3.67965367965368,-1.282,44.791666666666664,21.574973031282827,62.032985453582754,11,1,9,1,0.8182,False
KAIA,2026-06-14T12:20:05.158Z,2026-06-14T12:20:05.158800Z,2026-06-14T14:20:05.158800Z,7798.312601,7,0.03775,26.490066225166323,7.031250000000003,4.348,48.263888888888886,26.490066225166323,73.15513186544578,2,2,0,0,1.0,False
KITE,2026-06-14T12:20:18.150Z,2026-06-14T12:20:18.150749Z,2026-06-14T14:20:18.150749Z,7785.320652,7,0.1905,10.498687664040839,4.20168067226891,-3.595,49.65277777777778,10.498687664040839,58.640461105617014,3,1,2,0,0.3333,False
OSMO,2026-06-14T12:20:30.882Z,2026-06-14T12:20:30.883107Z,2026-06-14T14:20:30.883107Z,7772.588294,7,0.04575,21.857923497268384,9.1304347826087,-1.288,48.958333333333336,21.857923497268384,58.55836465182371,0,0,0,0,,
PARTI,2026-06-14T12:20:38.451Z,2026-06-14T12:20:38.451475Z,2026-06-14T14:20:38.451475Z,7765.019926,7,0.060649999999999996,16.488046166528598,5.527638190954781,1.015,53.125,16.488046166528598,59.976415929766944,11,2,9,0,1.0,False
POL,2026-06-14T12:20:53.089Z,2026-06-14T12:20:53.089628Z,2026-06-14T14:20:53.089628Z,7750.381773,7,0.075155,6.652917304237175,2.3394922238468663,0.441,52.083333333333336,6.652917304237175,55.932344989362704,16,7,7,2,0.75,False
RAY,2026-06-14T12:20:56.352Z,2026-06-14T12:20:56.352769Z,2026-06-14T14:20:56.352769Z,7747.118632,7,0.6005,16.652789342214835,3.612479474548443,0.329,56.59722222222222,16.652789342214835,63.456088026838685,22,20,1,1,0.7273,False
RESOLV,2026-06-14T12:21:06.130Z,2026-06-14T12:21:06.130973Z,2026-06-14T14:21:06.130973Z,7737.340428,7,0.01725,57.97101449275327,4.093567251461984,0.0,48.611111111111114,57.97101449275327,64.6779810249763,19,7,12,0,1.0,False
S,2026-06-14T12:21:11.315Z,2026-06-14T12:21:11.316094Z,2026-06-14T14:21:11.316094Z,7732.155307,7,0.030015,9.995002498751372,3.940397350993378,-2.643,45.138888888888886,9.995002498751372,65.50660597040634,0,0,0,0,,
STX,2026-06-14T12:21:35.978Z,2026-06-14T12:21:35.978190Z,2026-06-14T14:21:35.978190Z,7707.493211,7,0.18545,5.392289026691237,5.2490626673808265,0.756,45.486111111111114,5.392289026691237,61.856872832116736,57,22,32,3,0.5789,False
TURBO,2026-06-14T12:21:40.922Z,2026-06-14T12:21:40.922943Z,2026-06-14T14:21:40.922943Z,7702.548458,7,0.0008885,11.254924029263076,10.33707865168539,2.653,57.986111111111114,11.254924029263076,68.90771680238078,1,1,0,0,1.0,False
WAL,2026-06-14T12:21:54.930Z,2026-06-14T12:21:54.930746Z,2026-06-14T14:21:54.930746Z,7688.540655,7,0.03385,29.54209748892256,7.3746312684365645,-1.453,56.94444444444444,29.54209748892256,64.90207790301275,1,1,0,0,-1.0,False
ZEN,2026-06-14T12:22:03.051Z,2026-06-14T12:22:03.051998Z,2026-06-14T14:22:03.051998Z,7680.419403,7,4.3580000000000005,4.589261128957731,3.7873602555327284,0.16,52.43055555555556,4.589261128957731,44.456984120532475,0,0,0,0,,
2Z,2026-06-14T12:27:37.565Z,2026-06-14T12:27:37.565942Z,2026-06-14T14:27:37.565942Z,7345.905459,7,0.068995,10.145662729183362,4.896797153024909,-0.608,43.05555555555556,10.145662729183362,61.240543805395326,0,0,0,0,,
BOME,2026-06-14T12:27:58.577Z,2026-06-14T12:27:58.577570Z,2026-06-14T14:27:58.577570Z,7324.893831,7,0.0004235,23.612750885478732,3.7383177570093484,-2.948,31.59722222222222,23.612750885478732,57.60318711321911,11,2,9,0,1.0,False
CETUS,2026-06-14T12:28:21.259Z,2026-06-14T12:28:21.259654Z,2026-06-14T14:28:21.259654Z,7302.211747,7,0.018520000000000002,10.799136069115903,6.8760151597184445,-0.539,43.75,10.799136069115903,48.11480259256738,0,0,0,0,,
CKB,2026-06-14T12:28:40.253Z,2026-06-14T12:28:40.253583Z,2026-06-14T14:28:40.253583Z,7283.217818,7,0.0011175,8.948545861298726,3.2656663724624826,-0.788,34.72222222222222,8.948545861298726,61.09710382592656,16,3,13,0,0.75,False
EUL,2026-06-14T12:28:51.419Z,2026-06-14T12:28:51.419453Z,2026-06-14T14:28:51.419453Z,7272.051948,7,0.972,20.576131687242817,8.324873096446698,7.182,30.90277777777778,20.576131687242817,59.75839881110384,4,3,1,0,1.0,False
FLOKI,2026-06-14T12:28:57.438Z,2026-06-14T12:28:57.438713Z,2026-06-14T14:28:57.438713Z,7266.032688,7,2.4735e-05,4.04285425510475,2.010454362685961,-1.192,34.02777777777778,4.04285425510475,39.30397777333893,19,6,13,0,0.8947,False
GPS,2026-06-14T12:29:10.099Z,2026-06-14T12:29:10.100114Z,2026-06-14T14:29:10.100114Z,7253.371287,7,0.00745,26.845637583891524,7.8145695364238446,4.571,40.27777777777778,26.845637583891524,48.98594597499735,0,0,0,0,,
LINEA,2026-06-14T12:29:33.032Z,2026-06-14T12:29:33.033062Z,2026-06-14T14:29:33.033062Z,7230.438339,7,0.002467,8.107012565870553,6.082432973189268,-4.945,35.763888888888886,8.107012565870553,42.02940877070171,18,9,9,0,1.0,False
PROVE,2026-06-14T12:29:53.892Z,2026-06-14T12:29:53.892930Z,2026-06-14T14:29:53.892930Z,7209.578471,7,0.20040000000000002,9.980039920159966,4.868355688027821,1.462,42.361111111111114,9.980039920159966,57.75259904505054,0,0,0,0,,
ROSE,2026-06-14T12:30:13.772Z,2026-06-14T12:30:13.772624Z,2026-06-14T14:30:13.772624Z,7790.532363,7,0.006165,16.220600162206747,3.7974683544303756,-1.404,36.458333333333336,16.220600162206747,57.80811245861267,63,21,40,2,0.4444,False
SOLV,2026-06-14T12:30:27.553Z,2026-06-14T12:30:27.554166Z,2026-06-14T14:30:27.554166Z,7776.750821,7,0.0032849999999999997,30.441400304414085,3.29341317365269,-0.89,39.583333333333336,30.441400304414085,53.45362389484803,0,0,0,0,,
THETA,2026-06-14T12:30:38.284Z,2026-06-14T12:30:38.284581Z,2026-06-14T14:30:38.284581Z,7766.020406,7,0.15739999999999998,12.706480304955893,2.873204247345405,0.565,38.541666666666664,12.706480304955893,40.743126234822995,1,1,0,0,1.0,False
TREE,2026-06-14T12:30:52.785Z,2026-06-14T12:30:52.785820Z,2026-06-14T14:30:52.785820Z,7751.519167,7,0.04605,21.715526601520708,2.7837259100642453,1.082,36.111111111111114,21.715526601520708,68.43489665829297,0,0,0,0,,
VET,2026-06-14T12:31:03.535Z,2026-06-14T12:31:03.535938Z,2026-06-14T14:31:03.535938Z,7740.769049,7,0.0049555,2.0179598425994003,2.7140291359010145,-2.434,32.291666666666664,2.0179598425994003,51.529712428886775,22,6,16,0,1.0,False
XTZ,2026-06-14T12:31:08.793Z,2026-06-14T12:31:08.794060Z,2026-06-14T14:31:08.794060Z,7735.510927,7,0.2294,8.718395815170258,5.047454702329601,-3.457,43.40277777777778,8.718395815170258,59.6602051271418,44,29,13,2,0.8636,False
A,2026-06-14T12:37:18.039Z,2026-06-14T12:37:18.040031Z,2026-06-14T14:37:18.040031Z,7366.264956,7,0.0706,56.65722379603366,5.907172995780584,-4.564,28.47222222222222,56.65722379603366,48.8692443994487,0,0,0,0,,
ACH,2026-06-14T12:37:24.807Z,2026-06-14T12:37:24.807390Z,2026-06-14T14:37:24.807390Z,7359.497597,7,0.005235,19.102196752625773,2.0408163265306096,-2.0,18.40277777777778,19.102196752625773,52.62103112755827,18,4,14,0,0.8889,False
ANIME,2026-06-14T12:37:37.545Z,2026-06-14T12:37:37.545882Z,2026-06-14T14:37:37.545882Z,7346.759105,7,0.002895,34.54231433505904,4.081632653061235,-1.672,18.75,34.54231433505904,53.91794258954503,20,9,11,0,1.0,False
API3,2026-06-14T12:37:43.091Z,2026-06-14T12:37:43.091887Z,2026-06-14T14:37:43.091887Z,7341.2131,7,0.2542,7.867820613691325,3.736517719568562,0.581,24.305555555555557,7.867820613691325,65.67574146079636,0,0,0,0,,
AUCTION,2026-06-14T12:37:49.720Z,2026-06-14T12:37:49.720321Z,2026-06-14T14:37:49.720321Z,7334.584666,7,3.745,26.70226969292333,2.356020942408373,1.596,17.708333333333332,26.70226969292333,73.02407754939678,0,0,0,0,,
BARD,2026-06-14T12:37:56.878Z,2026-06-14T12:37:56.878217Z,2026-06-14T14:37:56.878217Z,7327.42677,7,0.15239999999999998,13.12335958005287,8.360128617363333,-5.356,26.38888888888889,13.12335958005287,32.56915636486047,15,4,11,0,1.0,False
CFX,2026-06-14T12:38:10.240Z,2026-06-14T12:38:10.240746Z,2026-06-14T14:38:10.240746Z,7314.064241,7,0.043984999999999996,6.8205069910186,2.8150134048257462,-1.388,22.22222222222222,6.8205069910186,60.22391228305775,0,0,0,0,,
COOKIE,2026-06-14T12:38:18.029Z,2026-06-14T12:38:18.029694Z,2026-06-14T14:38:18.029694Z,7306.275293,7,0.00915,109.28961748633814,5.319148936170217,1.075,27.083333333333332,109.28961748633814,54.5239999036059,0,0,0,0,,
CYBER,2026-06-14T12:38:24.741Z,2026-06-14T12:38:24.742141Z,2026-06-14T14:38:24.742141Z,7299.562846,7,0.338,59.171597633136145,2.63929618768327,-0.872,29.51388888888889,59.171597633136145,53.50354917415625,0,0,0,0,,
ENS,2026-06-14T12:38:38.645Z,2026-06-14T12:38:38.645994Z,2026-06-14T14:38:38.645994Z,7285.658993,7,4.835,20.682523267838235,2.851323828920564,-0.808,28.819444444444443,20.682523267838235,48.38937287076916,0,0,0,0,,
ERA,2026-06-14T12:38:44.738Z,2026-06-14T12:38:44.738329Z,2026-06-14T14:38:44.738329Z,7279.566658,7,0.10035,9.965122072745677,4.5497630331753545,4.043,21.52777777777778,9.965122072745677,59.09736498758047,0,0,0,0,,
GRT,2026-06-14T12:39:06.720Z,2026-06-14T12:39:06.720172Z,2026-06-14T14:39:06.720172Z,7257.584815,7,0.019505,15.380671622660229,2.408429503261404,-0.698,21.180555555555557,15.380671622660229,39.210943636484636,19,5,13,1,0.2632,False
MOVE,2026-06-14T12:39:36.451Z,2026-06-14T12:39:36.451730Z,2026-06-14T14:39:36.451730Z,7227.853257,7,0.01165,85.83690987124561,5.882352941176478,-2.459,28.125,85.83690987124561,51.546079294004585,19,8,11,0,0.8947,False
TUT,2026-06-14T12:40:58.037Z,2026-06-14T12:40:58.037853Z,2026-06-14T14:40:58.037853Z,7745.306344,7,0.010555,47.37091425864655,3.0583873957367973,0.559,27.77777777777778,47.37091425864655,69.90897788510121,15,4,11,0,1.0,False
YB,2026-06-14T12:41:08.727Z,2026-06-14T12:41:08.727634Z,2026-06-14T14:41:08.727634Z,7734.616563,7,0.08804999999999999,11.357183418512536,6.1315496098104845,0.223,22.569444444444443,11.357183418512536,40.087289012100946,0,0,0,0,,
1000CAT,2026-06-14T12:46:46.041Z,2026-06-14T12:46:46.041693Z,2026-06-14T14:46:46.041693Z,7397.302504,7,0.001475,67.7966101694917,2.6666666666666594,-1.316,4.166666666666667,67.7966101694917,55.37382963538522,68,15,50,3,0.1176,False
1000CHEEMS,2026-06-14T12:46:51.230Z,2026-06-14T12:46:51.230636Z,2026-06-14T14:46:51.230636Z,7392.113561,7,0.0005725,52.40174672489021,4.237288135593213,-3.12,6.597222222222222,52.40174672489021,39.335715225055594,1,1,0,0,-1.0,False
1000SATS,2026-06-14T12:46:55.534Z,2026-06-14T12:46:55.534972Z,2026-06-14T14:46:55.534972Z,7387.809225,7,9.365e-06,32.034169781099536,3.368421052631564,-1.86,13.88888888888889,32.034169781099536,49.895951031622126,44,6,18,20,0.8182,False
ACX,2026-06-14T12:47:07.287Z,2026-06-14T12:47:07.287183Z,2026-06-14T14:47:07.287183Z,7376.057014,7,0.042335,44.88012282981048,1.622384199388658,-0.141,13.541666666666666,44.88012282981048,42.15521808763104,64,27,31,6,0.0938,False
AEVO,2026-06-14T12:47:14.554Z,2026-06-14T12:47:14.554315Z,2026-06-14T14:47:14.554315Z,7368.789882,7,0.019479999999999997,30.80082135523667,3.35365853658537,-0.656,5.208333333333333,30.80082135523667,52.822688737874884,0,0,0,0,,
BANANA,2026-06-14T12:47:21.175Z,2026-06-14T12:47:21.175558Z,2026-06-14T14:47:21.175558Z,7362.168639,7,2.9,6.896551724137171,2.981029810298106,-1.271,12.5,6.896551724137171,62.81744515505501,0,0,0,0,,
BEAMX,2026-06-14T12:47:28.866Z,2026-06-14T12:47:28.866209Z,2026-06-14T14:47:28.866209Z,7354.477988,7,0.001411,14.174344436570154,3.5038542396636236,-2.991,11.458333333333334,14.174344436570154,26.267591628580693,0,0,0,0,,
BLUR,2026-06-14T12:47:34.332Z,2026-06-14T12:47:34.332675Z,2026-06-14T14:47:34.332675Z,7349.011522,7,0.01774,11.273957158962338,4.122562674094694,-3.287,14.583333333333334,11.273957158962338,58.93604551055785,19,5,14,0,1.0,False
BMT,2026-06-14T12:47:43.987Z,2026-06-14T12:47:43.987759Z,2026-06-14T14:47:43.987759Z,7339.356438,7,0.012805,7.809449433814597,1.9215987701767887,-0.307,6.25,7.809449433814597,60.522717117851485,0,0,0,0,,
COMP,2026-06-14T12:47:50.245Z,2026-06-14T12:47:50.245389Z,2026-06-14T14:47:50.245389Z,7333.098808,7,17.27,23.161551823971713,2.571428571428567,-0.228,8.680555555555555,23.161551823971713,56.19466903320566,61,31,27,3,0.5574,False
COW,2026-06-14T12:47:59.554Z,2026-06-14T12:47:59.555570Z,2026-06-14T14:47:59.555570Z,7323.788627,7,0.1505,66.44518272425256,4.977079240340534,4.161,12.847222222222221,66.44518272425256,73.25503387834571,1,1,0,0,1.0,False
FLUX,2026-06-14T12:48:16.291Z,2026-06-14T12:48:16.291903Z,2026-06-14T14:48:16.291903Z,7307.052294,7,0.050949999999999995,19.627085377820595,2.9069767441860495,-1.338,9.375,19.627085377820595,58.40049820386082,0,0,0,0,,
HIVE,2026-06-14T12:48:31.159Z,2026-06-14T12:48:31.160142Z,2026-06-14T14:48:31.160142Z,7292.184055,7,0.048850000000000005,20.470829068576442,3.0487804878048808,-1.796,14.23611111111111,20.470829068576442,54.89273231433424,1,1,0,0,1.0,False
ILV,2026-06-14T12:48:40.645Z,2026-06-14T12:48:40.645477Z,2026-06-14T14:48:40.645477Z,7282.69872,7,3.315,30.165912518853055,5.722891566265073,-2.639,13.194444444444445,30.165912518853055,42.53411113263307,16,6,10,0,1.0,False
LPT,2026-06-14T12:48:57.118Z,2026-06-14T12:48:57.119304Z,2026-06-14T14:48:57.119304Z,7266.224893,7,1.759,22.740193291643,4.175946547884184,-1.535,7.291666666666667,22.740193291643,45.86164923209995,0,0,0,0,,
MASK,2026-06-14T12:49:14.044Z,2026-06-14T12:49:14.045340Z,2026-06-14T14:49:14.045340Z,7249.298857,7,0.363,55.096418732782425,4.594594594594599,1.093,10.069444444444445,55.096418732782425,62.17897264182091,24,12,12,0,0.9167,False
ME,2026-06-14T12:49:23.901Z,2026-06-14T12:49:23.901442Z,2026-06-14T14:49:23.901442Z,7239.442755,7,0.06055,82.5763831544179,7.131537242472271,1.122,6.944444444444445,82.5763831544179,46.82984944118228,16,6,10,0,1.0,False
MINA,2026-06-14T12:49:39.087Z,2026-06-14T12:49:39.087322Z,2026-06-14T14:49:39.087322Z,7224.256875,7,0.041550000000000004,24.067388688326332,3.3018867924528426,-2.529,16.319444444444443,24.067388688326332,51.23050425910452,10,1,9,0,1.0,False
SNX,2026-06-14T12:50:26.129Z,2026-06-14T12:50:26.129603Z,2026-06-14T14:50:26.129603Z,7780.469813,7,0.2375,42.10526315789478,2.9288702928870323,-2.049,12.152777777777779,42.10526315789478,56.22624171110375,0,0,0,0,,
WCT,2026-06-14T12:51:02.832Z,2026-06-14T12:51:02.832345Z,2026-06-14T14:51:02.832345Z,7743.767071,7,0.046615000000000004,15.016625549714398,3.3171350095077163,1.327,11.11111111111111,15.016625549714398,67.28710975987056,19,5,14,0,1.0,False
1INCH,2026-06-14T12:56:53.578Z,2026-06-14T12:56:53.578679Z,2026-06-14T14:56:53.578679Z,7393.020737,7,0.07165,69.78367062107473,1.8030513176144374,-1.503,0.6944444444444444,69.78367062107473,51.59240809936212,0,0,0,0,,
ADA,2026-06-14T12:56:59.513Z,2026-06-14T12:56:59.513964Z,2026-06-14T14:56:59.513964Z,7387.085452,7,0.16695,5.989817310573031,3.651354534746751,-2.133,92.36111111111111,5.989817310573031,57.89387722159591,35,13,21,1,0.5143,False
ALLO,2026-06-14T12:57:10.449Z,2026-06-14T12:57:10.452268Z,2026-06-14T14:57:10.452268Z,7376.147148,7,0.3785,10.568031704093947,12.428940568475445,0.207,91.66666666666667,10.568031704093947,68.9335028756068,65,4,58,3,-0.3692,False
BERA,2026-06-14T12:57:17.079Z,2026-06-14T12:57:17.079765Z,2026-06-14T14:57:17.079765Z,7369.519651,7,0.2475,40.40404040404044,6.324110671936764,-2.317,93.05555555555556,40.40404040404044,60.300519614474155,17,6,11,0,0.7647,False
BFUSD,2026-06-14T12:57:23.254Z,2026-06-14T12:57:23.255247Z,2026-06-14T14:57:23.255247Z,7363.344169,7,0.9997,12.003601080323886,0.11996401079675888,0.12,0.3472222222222222,12.003601080323886,54.76603098568939,0,0,0,0,,
BIGTIME,2026-06-14T12:57:29.602Z,2026-06-14T12:57:29.602866Z,2026-06-14T14:57:29.602866Z,7356.99655,7,0.00904,66.37168141592842,4.226918798665185,1.125,2.7777777777777777,66.37168141592842,47.48698988718047,67,20,39,8,-0.0149,False
BNB,2026-06-14T12:57:36.301Z,2026-06-14T12:57:36.301812Z,2026-06-14T14:57:36.301812Z,7350.297604,7,605.835,0.1650614441224245,1.1209333485841295,0.914,94.09722222222223,0.1650614441224245,63.86811225349451,12,6,4,2,0.4167,False
BTC,2026-06-14T12:57:43.100Z,2026-06-14T12:57:43.101003Z,2026-06-14T14:57:43.101003Z,7343.498413,7,63962.255000000005,0.001563422052902492,1.3286826084820929,0.939,100.0,0.001563422052902492,62.5218214150465,31,15,12,4,0.2903,False
CVC,2026-06-14T12:57:57.100Z,2026-06-14T12:57:57.100321Z,2026-06-14T14:57:57.100321Z,7329.499095,7,0.022695,48.468825732539756,1.1800699300699273,-0.608,1.0416666666666667,48.468825732539756,56.24052035490618,61,18,35,8,-0.0656,False
DOGE,2026-06-14T12:58:03.257Z,2026-06-14T12:58:03.258180Z,2026-06-14T14:58:03.258180Z,7323.341236,7,0.086005,1.1627230974954945,2.389980466505801,-0.911,93.40277777777777,1.1627230974954945,46.123441629177314,31,14,13,4,0.7742,False
ENA,2026-06-14T12:58:09.429Z,2026-06-14T12:58:09.430200Z,2026-06-14T14:58:09.430200Z,7317.169216,7,0.08095,12.3533045089565,5.676328502415471,0.121,96.875,12.3533045089565,48.73697689293778,11,5,5,1,0.5455,False
EUR,2026-06-14T12:58:19.402Z,2026-06-14T12:58:19.402780Z,2026-06-14T14:58:19.402780Z,7307.196636,7,1.1557499999999998,0.8652390222798096,0.07787488102449797,-0.061,95.48611111111111,0.8652390222798096,52.77935271335606,0,0,0,0,,
GMX,2026-06-14T12:58:35.066Z,2026-06-14T12:58:35.066391Z,2026-06-14T14:58:35.066391Z,7291.533025,7,5.675000000000001,52.86343612334845,1.9677996422182524,-0.534,1.3888888888888888,52.86343612334845,38.68203837194973,19,6,13,0,1.0,False
KAITO,2026-06-14T12:58:48.412Z,2026-06-14T12:58:48.412659Z,2026-06-14T14:58:48.412659Z,7278.186757,7,0.46655,15.00375093773397,15.693509876275227,8.273,92.70833333333333,15.00375093773397,60.19245355947982,3,2,1,0,0.6667,False
NEAR,2026-06-14T12:59:04.598Z,2026-06-14T12:59:04.598804Z,2026-06-14T14:59:04.598804Z,7262.000612,7,2.073,9.647853352627978,6.821411653244914,3.379,97.56944444444444,9.647853352627978,51.02973895059833,15,3,9,3,0.4667,False
ONDO,2026-06-14T12:59:12.019Z,2026-06-14T12:59:12.019346Z,2026-06-14T14:59:12.019346Z,7254.58007,7,0.34704999999999997,2.8814291888789656,5.577354260089678,-2.912,89.93055555555556,2.8814291888789656,51.472152294089234,7,2,5,0,0.1429,False
RENDER,2026-06-14T12:59:35.521Z,2026-06-14T12:59:35.521370Z,2026-06-14T14:59:35.521370Z,7231.078046,7,1.7205,5.812263876780657,4.246885617214041,0.227,90.97222222222223,5.812263876780657,46.36029286119814,20,6,13,1,0.9,False
RPL,2026-06-14T12:59:46.122Z,2026-06-14T12:59:46.123100Z,2026-06-14T14:59:46.123100Z,7220.476316,7,1.355,73.80073800738015,2.9411764705882213,-2.857,2.0833333333333335,73.80073800738015,30.776515133224734,0,0,0,0,,
TON,2026-06-14T13:00:26.286Z,2026-06-14T13:00:26.286465Z,2026-06-14T15:00:26.286465Z,7777.328319,7,1.726,11.587485515643117,4.511278195488712,1.766,89.58333333333333,11.587485515643117,61.53950915345232,12,8,4,0,0.6667,False
TRX,2026-06-14T13:00:41.340Z,2026-06-14T13:00:41.340607Z,2026-06-14T15:00:41.340607Z,7762.274177,7,0.31775,3.147128245477404,1.0050251256281346,0.569,90.625,3.147128245477404,67.73335211925213,29,12,17,0,0.3103,False
BCH,2026-06-14T13:06:59.990Z,2026-06-14T13:06:59.991134Z,2026-06-14T15:06:59.991134Z,7383.62365,7,201.25,4.968944099380012,3.6203522504892254,-1.684,87.84722222222223,4.968944099380012,56.87963332509965,5,0,3,2,0.2,False
HBAR,2026-06-14T13:07:14.593Z,2026-06-14T13:07:14.593475Z,2026-06-14T15:07:14.593475Z,7369.021309,7,0.07766500000000001,1.28758127856771,2.377924720244164,0.089,87.15277777777777,1.28758127856771,53.93221540009695,10,4,5,1,0.8,False
LTC,2026-06-14T13:07:24.985Z,2026-06-14T13:07:24.985348Z,2026-06-14T15:07:24.985348Z,7358.629436,7,43.955,2.27505403253282,2.497162315550514,0.571,88.19444444444444,2.27505403253282,64.79330517078992,12,5,5,2,0.5833,False
AVAX,2026-06-14T13:13:34.254Z,2026-06-14T13:13:34.254344Z,2026-06-14T15:13:34.254344Z,7589.796588,7,6.5205,1.5336247220310313,2.2730693963570645,-0.464,82.98611111111111,1.5336247220310313,45.46934303677179,20,14,6,0,0.4,False
BABY,2026-06-14T13:13:39.466Z,2026-06-14T13:13:39.467098Z,2026-06-14T15:13:39.467098Z,7584.583834,7,0.01532,13.054830287205736,11.155378486055783,7.648,77.08333333333333,13.054830287205736,69.79089865576188,2,2,0,0,1.0,False
HOME,2026-06-14T13:14:27.984Z,2026-06-14T13:14:27.984795Z,2026-06-14T15:14:27.984795Z,7536.066137,7,0.029519999999999998,20.32520325203287,13.51351351351352,-5.457,72.56944444444444,20.32520325203287,56.32015319923753,16,9,6,1,0.75,False
JUP,2026-06-14T13:14:54.016Z,2026-06-14T13:14:54.016894Z,2026-06-14T15:14:54.016894Z,7510.034038,7,0.16855,5.932957579352654,4.3529411764705985,-2.299,80.20833333333333,5.932957579352654,42.67997977336276,65,27,36,2,0.4308,False
KMNO,2026-06-14T13:15:01.352Z,2026-06-14T13:15:01.352725Z,2026-06-14T15:15:01.352725Z,7502.698207,7,0.017750000000000002,11.267605633804312,7.941009642654577,-2.219,73.61111111111111,11.267605633804312,45.61552395098084,31,31,0,0,0.9677,False
MMT,2026-06-14T13:15:17.604Z,2026-06-14T13:15:17.604571Z,2026-06-14T15:15:17.604571Z,7486.446361,7,0.12495,8.003201280512434,12.568735271013354,4.259,84.375,8.003201280512434,58.58473511691161,15,7,8,0,1.0,False
SHIB,2026-06-14T13:16:00.917Z,2026-06-14T13:16:00.917742Z,2026-06-14T15:16:00.917742Z,7443.13319,7,4.885e-06,20.470829068577082,2.620967741935476,-2.362,85.76388888888889,20.470829068577082,50.6996095560361,9,4,5,0,0.5556,False
ZKC,2026-06-14T13:16:33.510Z,2026-06-14T13:16:33.511180Z,2026-06-14T15:16:33.511180Z,7410.539752,7,0.0643,31.104199066874923,32.324840764331206,28.425,77.77777777777777,31.104199066874923,60.137449811142695,5,1,4,0,1.0,False
0G,2026-06-14T13:22:14.490Z,2026-06-14T13:22:14.491470Z,2026-06-14T15:22:14.491470Z,7668.981655,7,0.2925,34.188034188034216,6.462585034013611,-2.649,59.02777777777778,34.188034188034216,54.695862319408405,0,0,0,0,,
ALT,2026-06-14T13:22:19.951Z,2026-06-14T13:22:19.951658Z,2026-06-14T15:22:19.951658Z,7663.521467,7,0.006335,15.785319652723691,7.187500000000005,0.946,61.458333333333336,15.785319652723691,64.10481645407434,16,4,12,0,1.0,False
AR,2026-06-14T13:22:30.648Z,2026-06-14T13:22:30.648554Z,2026-06-14T15:22:30.648554Z,7652.824571,7,1.976,10.121457489878551,4.604604604604598,-1.382,66.66666666666667,10.121457489878551,49.8322654208358,3,1,1,1,0.3333,False
BONK,2026-06-14T13:22:53.768Z,2026-06-14T13:22:53.768651Z,2026-06-14T15:22:53.768651Z,7629.704474,7,4.365e-06,22.909507445589703,3.1460674157303448,-0.891,67.36111111111111,22.909507445589703,59.088336825026026,60,39,21,0,0.9333,False
ENSO,2026-06-14T13:23:07.206Z,2026-06-14T13:23:07.206820Z,2026-06-14T15:23:07.206820Z,7616.266305,7,0.6275,15.936254980079697,7.332293291731676,1.908,61.111111111111114,15.936254980079697,68.09443151912431,18,6,12,0,1.0,False
ETHFI,2026-06-14T13:23:24.008Z,2026-06-14T13:23:24.008746Z,2026-06-14T15:23:24.008746Z,7599.464379,7,0.3085,32.414910858995164,2.5477707006369448,-2.181,59.375,32.414910858995164,59.459325454085494,0,0,0,0,,
GALA,2026-06-14T13:23:29.636Z,2026-06-14T13:23:29.636871Z,2026-06-14T15:23:29.636871Z,7593.836254,7,0.0025849999999999996,38.68471953578347,4.198473282442759,-2.602,69.09722222222223,38.68471953578347,57.56313823357391,13,3,10,0,0.9231,False
HUMA,2026-06-14T13:23:46.630Z,2026-06-14T13:23:46.630777Z,2026-06-14T15:23:46.630777Z,7576.842348,7,0.02416,8.278145695363902,8.484349258649106,5.519,61.80555555555556,8.278145695363902,74.8934311725432,19,9,10,0,1.0,False
MEME,2026-06-14T13:23:54.866Z,2026-06-14T13:23:54.866562Z,2026-06-14T15:23:54.866562Z,7568.606563,7,0.0006395000000000001,15.637216575449948,12.93929712460064,10.993,65.97222222222223,15.637216575449948,72.42911169334013,35,17,15,3,0.8286,False
NOT,2026-06-14T13:24:19.459Z,2026-06-14T13:24:19.460072Z,2026-06-14T15:24:19.460072Z,7544.013053,7,0.00047650000000000004,20.986358866735994,11.041666666666664,-5.325,62.5,20.986358866735994,63.74268198780868,1,0,1,0,-1.0,False
WIF,2026-06-14T13:25:29.202Z,2026-06-14T13:25:29.202392Z,2026-06-14T15:25:29.202392Z,7474.270733,7,0.15625,6.399999999999295,3.528670447384999,-2.698,63.541666666666664,6.399999999999295,64.9857163544664,4,2,0,2,-0.5,False
WLFI,2026-06-14T13:25:35.633Z,2026-06-14T13:25:35.633347Z,2026-06-14T15:25:35.633347Z,7467.839778,7,0.05785,17.286084701815533,2.725724020442925,-0.677,65.27777777777777,17.286084701815533,50.157528000646735,10,5,5,0,1.0,False
ZK,2026-06-14T13:25:47.284Z,2026-06-14T13:25:47.284587Z,2026-06-14T15:25:47.284587Z,7456.188538,7,0.011175000000000001,8.948545861298726,6.21172353455817,-4.511,70.48611111111111,8.948545861298726,50.91307725392603,34,12,21,1,0.8529,False
APE,2026-06-14T13:32:00.585Z,2026-06-14T13:32:00.585568Z,2026-06-14T15:32:00.585568Z,7684.259893,7,0.12304999999999999,8.126777732629245,3.8004750593824217,-2.771,55.90277777777778,8.126777732629245,51.10744608645256,35,27,8,0,0.8571,False
AXS,2026-06-14T13:32:17.765Z,2026-06-14T13:32:17.765705Z,2026-06-14T15:32:17.765705Z,7667.079756,7,0.9455,10.57641459545215,3.2563025210084064,-2.058,49.30555555555556,10.57641459545215,58.03957776180166,18,7,11,0,1.0,False
BB,2026-06-14T13:32:26.998Z,2026-06-14T13:32:26.998383Z,2026-06-14T15:32:26.998383Z,7657.847078,7,0.021249999999999998,47.058823529411484,7.339449541284407,-0.909,51.736111111111114,47.058823529411484,59.58137966296559,0,0,0,0,,
CAKE,2026-06-14T13:32:32.938Z,2026-06-14T13:32:32.939186Z,2026-06-14T15:32:32.939186Z,7651.906275,7,1.3485,7.41564701520126,3.843311160384318,0.371,51.388888888888886,7.41564701520126,63.62246125420399,11,6,5,0,0.8182,False
DOGS,2026-06-14T13:32:38.521Z,2026-06-14T13:32:38.521836Z,2026-06-14T15:32:38.521836Z,7646.323625,7,4.3349999999999997e-05,23.068050749710647,6.004618937644347,-2.915,53.47222222222222,23.068050749710647,55.44945381179153,0,0,0,0,,
EGLD,2026-06-14T13:32:45.201Z,2026-06-14T13:32:45.201612Z,2026-06-14T15:32:45.201612Z,7639.643849,7,2.865,34.90401396160639,3.103448275862064,-0.685,45.833333333333336,34.90401396160639,63.809521027461955,20,6,13,1,0.9,False
ENJ,2026-06-14T13:32:50.412Z,2026-06-14T13:32:50.412906Z,2026-06-14T15:32:50.412906Z,7634.432555,7,0.03027,6.607201850017396,5.9012187299551035,-3.258,51.041666666666664,6.607201850017396,53.04276677667914,3,3,0,0,1.0,False
EURI,2026-06-14T13:32:56.685Z,2026-06-14T13:32:56.685745Z,2026-06-14T15:32:56.685745Z,7628.159716,7,1.1553499999999999,9.520924395203869,0.9777623950852181,-0.017,46.18055555555556,9.520924395203869,66.57929656660885,0,0,0,0,,
FF,2026-06-14T13:33:03.350Z,2026-06-14T13:33:03.350568Z,2026-06-14T15:33:03.350568Z,7621.494893,7,0.07052,2.836074872375531,10.532120209539576,-6.701,47.916666666666664,2.836074872375531,34.39567761293082,1,0,1,0,0.0,False
GUN,2026-06-14T13:33:14.742Z,2026-06-14T13:33:14.742575Z,2026-06-14T15:33:14.742575Z,7610.102886,7,0.005725,17.46724890829623,9.294320137693626,-3.167,46.52777777777778,17.46724890829623,60.643067845797994,10,4,6,0,1.0,False
HEI,2026-06-14T13:33:22.998Z,2026-06-14T13:33:22.999011Z,2026-06-14T15:33:22.999011Z,7601.84645,7,0.0882,90.70294784580443,10.235294117647058,-7.205,46.875,90.70294784580443,58.240678414924496,6,4,1,1,1.0,False
LDO,2026-06-14T13:33:57.664Z,2026-06-14T13:33:57.664717Z,2026-06-14T15:33:57.664717Z,7567.180744,7,0.25795,3.876720294630315,2.526799387442571,-0.986,50.0,3.876720294630315,62.120530526767226,18,10,8,0,0.7778,False
PAXG,2026-06-14T13:34:16.692Z,2026-06-14T13:34:16.693051Z,2026-06-14T15:34:16.693051Z,7548.15241,7,4224.6849999999995,1.2071905952735147,0.7414279054247515,0.323,56.25,1.2071905952735147,60.19357050016273,15,5,10,0,1.0,False
PLUME,2026-06-14T13:34:22.933Z,2026-06-14T13:34:22.934121Z,2026-06-14T15:34:22.934121Z,7541.91134,7,0.010355,9.657170449058032,5.916030534351152,-0.945,57.638888888888886,9.657170449058032,50.75122989241524,19,7,12,0,1.0,False
RED,2026-06-14T13:34:34.550Z,2026-06-14T13:34:34.550883Z,2026-06-14T15:34:34.550883Z,7530.294578,7,0.0928,21.551724137930158,8.350515463917521,3.191,47.56944444444444,21.551724137930158,56.28104228185641,1,1,0,0,1.0,False
SAHARA,2026-06-14T13:34:47.645Z,2026-06-14T13:34:47.645311Z,2026-06-14T15:34:47.645311Z,7517.20015,7,0.014700000000000001,13.605442176871373,5.882352941176483,-0.657,55.55555555555556,13.605442176871373,59.775753188879854,1,1,0,0,1.0,False
SAPIEN,2026-06-14T13:34:54.422Z,2026-06-14T13:34:54.423157Z,2026-06-14T15:34:54.423157Z,7510.422304,7,0.08185,12.217470983506765,9.523809523809515,2.941,50.34722222222222,12.217470983506765,71.15143590382762,3,3,0,0,1.0,False
SPK,2026-06-14T13:35:06.609Z,2026-06-14T13:35:06.609357Z,2026-06-14T15:35:06.609357Z,7498.236104,7,0.019225,11.44343302990959,5.480434337225968,-0.757,53.81944444444444,11.44343302990959,56.94759886132062,65,15,44,6,0.3692,False
TWT,2026-06-14T13:35:24.815Z,2026-06-14T13:35:24.816291Z,2026-06-14T15:35:24.816291Z,7480.02917,7,0.39725,22.655758338578025,4.4007956240676265,2.759,54.513888888888886,22.655758338578025,44.21315097565527,25,6,19,0,0.92,False
USDE,2026-06-14T13:35:30.186Z,2026-06-14T13:35:30.186728Z,2026-06-14T15:35:30.186728Z,7474.658733,7,0.99975,1.0002500625155186,0.06001200240047348,0.0,54.166666666666664,1.0002500625155186,72.69330051387632,0,0,0,0,,
AIXBT,2026-06-14T13:41:40.424Z,2026-06-14T13:41:40.425144Z,2026-06-14T15:41:40.425144Z,7702.774586,7,0.023010000000000003,26.07561929595872,8.166737558485758,-1.26,36.80555555555556,26.07561929595872,61.04865322226293,18,10,8,0,1.0,False
BANK,2026-06-14T13:41:46.348Z,2026-06-14T13:41:46.348161Z,2026-06-14T15:41:46.348161Z,7696.851569,7,0.040499999999999994,49.38271604938242,5.2369077306733285,1.263,39.93055555555556,49.38271604938242,41.7016969466045,0,0,0,0,,
BROCCOLI714,2026-06-14T13:42:02.932Z,2026-06-14T13:42:02.932279Z,2026-06-14T15:42:02.932279Z,7680.267451,7,0.012935,7.7309625048315365,5.4154302670623125,1.967,37.84722222222222,7.7309625048315365,67.38938051376785,0,0,0,0,,
C,2026-06-14T13:42:08.426Z,2026-06-14T13:42:08.426877Z,2026-06-14T15:42:08.426877Z,7674.772853,7,0.08745,11.435105774727155,9.433962264150953,-6.146,44.44444444444444,11.435105774727155,43.08254198806505,0,0,0,0,,
CGPT,2026-06-14T13:42:23.455Z,2026-06-14T13:42:23.455892Z,2026-06-14T15:42:23.455892Z,7659.743838,7,0.0204,9.803921568628752,4.7573282075925105,-1.14,40.97222222222222,9.803921568628752,62.04355662234804,0,0,0,0,,
DYM,2026-06-14T13:42:34.759Z,2026-06-14T13:42:34.759775Z,2026-06-14T15:42:34.759775Z,7648.439955,7,0.016649999999999998,60.060060060059705,11.176470588235308,1.19,32.986111111111114,60.060060060059705,42.532961874938316,0,0,0,0,,
HOLO,2026-06-14T13:43:00.689Z,2026-06-14T13:43:00.689247Z,2026-06-14T15:43:00.689247Z,7622.510483,7,0.06509999999999999,30.721966205835926,10.2102102102102,6.902,33.333333333333336,30.721966205835926,72.14723611354631,17,3,14,0,0.8824,False
KERNEL,2026-06-14T13:43:06.632Z,2026-06-14T13:43:06.632568Z,2026-06-14T15:43:06.632568Z,7616.567162,7,0.046799999999999994,42.73504273504248,2.515723270440251,-1.037,34.375,42.73504273504248,58.216525494784314,0,0,0,0,,
LAYER,2026-06-14T13:43:13.877Z,2026-06-14T13:43:13.877635Z,2026-06-14T15:43:13.877635Z,7609.322095,7,0.06559999999999999,60.9756097560972,5.997001499250381,-0.299,41.666666666666664,60.9756097560972,49.907830631017454,0,0,0,0,,
MANTA,2026-06-14T13:43:27.289Z,2026-06-14T13:43:27.289710Z,2026-06-14T15:43:27.289710Z,7595.91002,7,0.079685,18.824119972390957,3.5644051130776786,-2.575,35.06944444444444,18.824119972390957,32.40083140782182,13,3,10,0,1.0,False
MIRA,2026-06-14T13:43:33.049Z,2026-06-14T13:43:33.049421Z,2026-06-14T15:43:33.049421Z,7590.150309,7,0.056150000000000005,53.42831700801454,11.538461538461533,11.152,35.416666666666664,53.42831700801454,74.58221256559176,6,2,4,0,0.6667,False
NEIRO,2026-06-14T13:43:39.917Z,2026-06-14T13:43:39.917480Z,2026-06-14T15:43:39.917480Z,7583.28225,7,6.797e-05,14.71237310578232,7.320242564250656,-1.731,42.013888888888886,14.71237310578232,47.103949513839794,22,5,17,0,0.8182,False
QNT,2026-06-14T13:43:51.219Z,2026-06-14T13:43:51.219805Z,2026-06-14T15:43:51.219805Z,7571.979925,7,67.06,11.92961526990729,7.521542281291086,2.654,44.09722222222222,11.92961526990729,42.92610736826915,63,12,49,2,0.0476,False
RARE,2026-06-14T13:43:58.963Z,2026-06-14T13:43:58.964249Z,2026-06-14T15:43:58.964249Z,7564.235481,7,0.01295,77.22007722007676,6.106870229007636,-0.758,39.236111111111114,77.22007722007676,57.40115088264926,0,0,0,0,,
REZ,2026-06-14T13:44:04.597Z,2026-06-14T13:44:04.597935Z,2026-06-14T15:44:04.597935Z,7558.601795,7,0.003251,6.151953245156154,11.515513126491648,4.75,38.19444444444444,6.151953245156154,66.84388439445034,19,8,11,0,0.8947,False
RSR,2026-06-14T13:44:18.411Z,2026-06-14T13:44:18.411907Z,2026-06-14T15:44:18.411907Z,7544.787823,7,0.0013700000000000001,14.598540145985753,4.7447879223580065,1.607,41.31944444444444,14.598540145985753,47.040394649509565,0,0,0,0,,
SKY,2026-06-14T13:44:24.035Z,2026-06-14T13:44:24.035911Z,2026-06-14T15:44:24.035911Z,7539.163819,7,0.057054999999999995,8.763473841030835,2.166255723846428,0.96,37.5,8.763473841030835,69.33799472026028,65,14,48,3,-0.0769,False
STO,2026-06-14T13:44:38.280Z,2026-06-14T13:44:38.281213Z,2026-06-14T15:44:38.281213Z,7524.918517,7,0.05005,19.98001998001917,8.333333333333325,-5.085,42.708333333333336,19.98001998001917,45.913691418962586,0,0,0,0,,
TOWNS,2026-06-14T13:44:49.141Z,2026-06-14T13:44:49.141230Z,2026-06-14T15:44:49.141230Z,7514.0585,7,0.002215,45.1467268623026,3.1674208144796463,0.0,31.25,45.1467268623026,67.66941094048579,1,0,1,0,1.0,False
TRB,2026-06-14T13:44:55.066Z,2026-06-14T13:44:55.066152Z,2026-06-14T15:44:55.066152Z,7508.133578,7,13.395,7.4654721911159285,2.531645569620252,0.0,37.15277777777778,7.4654721911159285,59.93781522063533,18,5,13,0,1.0,False
VANRY,2026-06-14T13:45:08.258Z,2026-06-14T13:45:08.259201Z,2026-06-14T15:45:08.259201Z,7494.940529,7,0.0034289999999999998,11.665208515602501,4.050560183855216,-0.571,31.944444444444443,11.665208515602501,50.539354851156126,17,4,13,0,-0.1765,False
ACT,2026-06-14T13:51:17.303Z,2026-06-14T13:51:17.304039Z,2026-06-14T15:51:17.304039Z,7727.24524,7,0.01021,39.17727717923615,5.957031249999994,0.196,17.36111111111111,39.17727717923615,48.41841929058324,0,0,0,0,,
CATI,2026-06-14T13:51:44.969Z,2026-06-14T13:51:44.969937Z,2026-06-14T15:51:44.969937Z,7699.579342,7,0.060149999999999995,16.62510390689874,6.050420168067226,2.058,19.791666666666668,16.62510390689874,51.248148108252586,0,0,0,0,,
DOLO,2026-06-14T13:52:09.321Z,2026-06-14T13:52:09.321744Z,2026-06-14T15:52:09.321744Z,7675.227535,7,0.024055,20.78569943878671,8.930041152263382,-5.96,19.444444444444443,20.78569943878671,49.76590252274536,0,0,0,0,,
ETC,2026-06-14T13:52:25.273Z,2026-06-14T13:52:25.273628Z,2026-06-14T15:52:25.273628Z,7659.275651,7,7.005,14.275517487508619,1.9662921348314686,-1.248,23.61111111111111,14.275517487508619,54.37821865715284,15,3,12,0,1.0,False
F,2026-06-14T13:52:31.621Z,2026-06-14T13:52:31.622141Z,2026-06-14T15:52:31.622141Z,7652.927138,7,0.003895,25.673940949935883,4.060913705583756,1.026,20.833333333333332,25.673940949935883,61.692939324327114,0,0,0,0,,
FORM,2026-06-14T13:52:39.585Z,2026-06-14T13:52:39.585592Z,2026-06-14T15:52:39.585592Z,7644.963687,7,0.22394999999999998,40.187541862022066,8.438451500652459,-5.235,26.041666666666668,40.187541862022066,61.38205061314806,2,1,1,0,1.0,False
HAEDAL,2026-06-14T13:52:50.924Z,2026-06-14T13:52:50.925097Z,2026-06-14T15:52:50.925097Z,7633.624182,7,0.019235000000000002,25.994281258122154,8.245243128964054,0.478,19.09722222222222,25.994281258122154,59.83877433140579,0,0,0,0,,
IMX,2026-06-14T13:52:58.778Z,2026-06-14T13:52:58.778445Z,2026-06-14T15:52:58.778445Z,7625.770834,7,0.1407,14.214641080313129,4.250871080139369,-0.485,21.875,14.214641080313129,56.346244541747794,14,8,5,1,1.0,False
LA,2026-06-14T13:53:06.261Z,2026-06-14T13:53:06.261320Z,2026-06-14T15:53:06.261320Z,7618.287959,7,0.0764,52.35602094240806,8.510638297872344,4.155,17.01388888888889,52.35602094240806,49.95106457636469,12,6,6,0,1.0,False
MUBARAK,2026-06-14T13:53:24.734Z,2026-06-14T13:53:24.735063Z,2026-06-14T15:53:24.735063Z,7599.814216,7,0.01059,18.885741265343892,4.448563484708059,-0.369,29.166666666666668,18.885741265343892,67.61338817649913,0,0,0,0,,
NEO,2026-06-14T13:53:30.313Z,2026-06-14T13:53:30.314195Z,2026-06-14T15:53:30.314195Z,7594.235084,7,2.1525,4.645760743321207,2.5676295277395713,-1.044,23.958333333333332,4.645760743321207,44.489378496333444,12,6,6,0,0.8333,False
NOM,2026-06-14T13:53:40.191Z,2026-06-14T13:53:40.191442Z,2026-06-14T15:53:40.191442Z,7584.357837,7,0.001585,63.09148264984243,3.7267080745341574,-2.424,30.208333333333332,63.09148264984243,54.32639838475679,15,6,9,0,0.8667,False
NXPC,2026-06-14T13:53:49.554Z,2026-06-14T13:53:49.554193Z,2026-06-14T15:53:49.554193Z,7574.995086,7,0.3528,22.6757369614519,4.187889077532535,2.912,25.0,22.6757369614519,57.03251727910298,1,1,0,0,-1.0,False
PEOPLE,2026-06-14T13:53:58.679Z,2026-06-14T13:53:58.679443Z,2026-06-14T15:53:58.679443Z,7565.869836,7,0.005405,18.501387604069553,2.2018348623853266,-0.909,25.694444444444443,18.501387604069553,58.55840560288831,0,0,0,0,,
PIXEL,2026-06-14T13:54:08.622Z,2026-06-14T13:54:08.624333Z,2026-06-14T15:54:08.624333Z,7555.924946,7,0.005430000000000001,36.83241252302035,2.747252747252747,-0.365,30.555555555555557,36.83241252302035,58.26920312766221,56,18,34,4,0.0536,False
SAND,2026-06-14T13:54:16.241Z,2026-06-14T13:54:16.241640Z,2026-06-14T15:54:16.241640Z,7548.307639,7,0.05105,7.83545543584689,2.039245863793764,-0.555,24.65277777777778,7.83545543584689,44.783865869258676,43,12,27,4,0.3953,False
SHELL,2026-06-14T13:54:23.618Z,2026-06-14T13:54:23.619054Z,2026-06-14T15:54:23.619054Z,7540.930225,7,0.025349999999999998,39.44773175542383,3.891050583657591,-0.388,26.73611111111111,39.44773175542383,57.26344755713362,0,0,0,0,,
SXT,2026-06-14T13:54:30.643Z,2026-06-14T13:54:30.644043Z,2026-06-14T15:54:30.644043Z,7533.905236,7,0.008164999999999999,36.74219228414025,5.502392344497612,-0.948,25.34722222222222,36.74219228414025,61.42868606614844,0,0,0,0,,
THE,2026-06-14T13:54:38.942Z,2026-06-14T13:54:38.942450Z,2026-06-14T15:54:38.942450Z,7525.606829,7,0.06715,14.892032762470436,2.9629629629629446,-1.026,20.13888888888889,14.892032762470436,57.62439039364287,19,8,7,4,0.4211,False
TLM,2026-06-14T13:54:45.609Z,2026-06-14T13:54:45.609425Z,2026-06-14T15:54:45.609425Z,7518.939854,7,0.0010645,28.18224518553482,7.655954631379955,4.236,27.430555555555557,28.18224518553482,62.166566832806275,0,0,0,0,,
TNSR,2026-06-14T13:54:53.248Z,2026-06-14T13:54:53.248837Z,2026-06-14T15:54:53.248837Z,7511.300442,7,0.0287,69.68641114982536,2.405498281786939,-2.02,20.48611111111111,69.68641114982536,39.250977652585384,21,8,12,1,0.8095,False
TURTLE,2026-06-14T13:54:58.651Z,2026-06-14T13:54:58.651320Z,2026-06-14T15:54:58.651320Z,7505.897959,7,0.03615,27.662517289074096,3.5714285714285596,-1.087,23.26388888888889,27.662517289074096,56.02388014378312,32,28,2,2,0.8125,False
USUAL,2026-06-14T13:55:12.318Z,2026-06-14T13:55:12.319306Z,2026-06-14T15:55:12.319306Z,7492.229973,7,0.009975,10.025062656641197,3.736479842674534,-2.679,18.055555555555557,10.025062656641197,57.257041898148834,17,7,10,0,1.0,False
YGG,2026-06-14T13:55:29.414Z,2026-06-14T13:55:29.414894Z,2026-06-14T15:55:29.414894Z,7475.134385,7,0.02463,24.360535931790913,2.1539688871160845,-1.066,22.916666666666668,24.360535931790913,32.59039882120394,10,4,6,0,1.0,False
1MBABYDOGE,2026-06-14T14:01:45.976Z,2026-06-14T14:01:45.976443Z,2026-06-14T16:01:45.976443Z,7698.75053,7,0.00033125,15.09433962264024,2.123840861501648,-1.007,7.638888888888889,15.09433962264024,57.271472220795495,0,0,0,0,,
CVX,2026-06-14T14:02:51.700Z,2026-06-14T14:02:51.700363Z,2026-06-14T16:02:51.700363Z,7633.02661,7,1.2985,23.10358105506441,2.1180030257186098,-1.856,5.902777777777778,23.10358105506441,40.2201415295272,16,8,8,0,1.0,False
GMT,2026-06-14T14:03:08.701Z,2026-06-14T14:03:08.701953Z,2026-06-14T16:03:08.701953Z,7616.02502,7,0.00804,24.87562189054625,4.8088779284833505,-3.796,15.625,24.87562189054625,55.650865722143564,0,0,0,0,,
LISTA,2026-06-14T14:03:28.196Z,2026-06-14T14:03:28.196287Z,2026-06-14T16:03:28.196287Z,7596.530686,7,0.05105,19.588638589618583,2.9126213592233037,-1.53,15.972222222222221,19.588638589618583,59.40849137651563,2,0,2,0,1.0,False
MAGIC,2026-06-14T14:03:41.332Z,2026-06-14T14:03:41.333167Z,2026-06-14T16:03:41.333167Z,7583.393806,7,0.045700000000000005,43.76367614879623,2.7956989247311883,-0.853,10.416666666666666,43.76367614879623,42.35825948706569,63,8,53,2,0.8095,False
MET,2026-06-14T14:04:00.922Z,2026-06-14T14:04:00.922921Z,2026-06-14T16:04:00.922921Z,7563.804052,7,0.10385,28.887818969667283,3.1914893617021245,-2.268,9.027777777777779,28.887818969667283,56.67371094719218,24,6,16,2,0.7917,False
NEWT,2026-06-14T14:04:13.593Z,2026-06-14T14:04:13.593177Z,2026-06-14T16:04:13.593177Z,7551.133796,7,0.05295,56.65722379603431,3.6968576709796706,2.268,10.76388888888889,56.65722379603431,56.29817128369374,2,0,2,0,0.5,False
NMR,2026-06-14T14:04:20.976Z,2026-06-14T14:04:20.976323Z,2026-06-14T16:04:20.976323Z,7543.75065,7,8.315000000000001,12.02645820805747,1.7730496453900542,0.595,16.666666666666668,12.02645820805747,65.42749929905703,0,0,0,0,,
ONT,2026-06-14T14:04:29.403Z,2026-06-14T14:04:29.403548Z,2026-06-14T16:04:29.403548Z,7535.323425,7,0.047675,6.292606187729889,1.5770906827142641,-0.803,14.930555555555555,6.292606187729889,62.98899047567869,23,9,14,0,0.8261,False
RVN,2026-06-14T14:04:37.536Z,2026-06-14T14:04:37.536437Z,2026-06-14T16:04:37.536437Z,7527.190536,7,0.00426,46.94835680751186,2.304147465437794,-1.587,3.4722222222222223,46.94835680751186,43.52691538438882,0,0,0,0,,
SIGN,2026-06-14T14:04:44.845Z,2026-06-14T14:04:44.845862Z,2026-06-14T16:04:44.845862Z,7519.881111,7,0.00852,23.474178403754912,2.690058479532176,-0.697,4.513888888888889,23.474178403754912,63.84428449468715,0,0,0,0,,
SKL,2026-06-14T14:04:53.018Z,2026-06-14T14:04:53.019171Z,2026-06-14T16:04:53.019171Z,7511.707802,7,0.004149999999999999,48.19277108433749,3.791469194312806,-2.315,5.555555555555555,48.19277108433749,50.600664854886965,21,10,11,0,0.9048,False
SOPH,2026-06-14T14:05:09.711Z,2026-06-14T14:05:09.712029Z,2026-06-14T16:05:09.712029Z,7495.014944,7,0.005520000000000001,36.23188405797111,6.349206349206351,-4.384,15.277777777777779,36.23188405797111,55.881052042385235,0,0,0,0,,
STEEM,2026-06-14T14:05:17.677Z,2026-06-14T14:05:17.677325Z,2026-06-14T16:05:17.677325Z,7487.049648,7,0.043695,20.597322348094703,0.9463722397476424,-0.337,8.333333333333334,20.597322348094703,41.86064395682437,2,2,0,0,1.0,False
T,2026-06-14T14:05:24.859Z,2026-06-14T14:05:24.860141Z,2026-06-14T16:05:24.860141Z,7479.866832,7,0.003715,80.75370121130456,3.439153439153448,-1.305,3.125,80.75370121130456,41.98956518396403,0,0,0,0,,
UMA,2026-06-14T14:05:33.087Z,2026-06-14T14:05:33.087861Z,2026-06-14T16:05:33.087861Z,7471.639112,7,0.3965,25.2206809583859,1.4962593516209488,-0.496,7.986111111111111,25.2206809583859,59.07059854001854,0,0,0,0,,
VANA,2026-06-14T14:05:40.236Z,2026-06-14T14:05:40.236225Z,2026-06-14T16:05:40.236225Z,7464.490748,7,1.0955,9.12825193975456,3.414195867026059,-0.979,9.722222222222221,9.12825193975456,59.02076049401601,0,0,0,0,,
VELODROME,2026-06-14T14:05:47.977Z,2026-06-14T14:05:47.977873Z,2026-06-14T16:05:47.977873Z,7456.7491,7,0.01358,14.727540500735776,3.338171262699567,-2.27,3.8194444444444446,14.727540500735776,52.93209380771455,0,0,0,0,,
XAI,2026-06-14T14:05:59.128Z,2026-06-14T14:05:59.128730Z,2026-06-14T16:05:59.128730Z,7445.598243,7,0.007984999999999999,62.61740763932336,2.8430160692212736,-1.1,11.805555555555555,62.61740763932336,44.111038390270274,0,0,0,0,,
XVG,2026-06-14T14:06:07.319Z,2026-06-14T14:06:07.319965Z,2026-06-14T16:06:07.319965Z,7437.407008,7,0.00248,40.32258064515965,2.561024409763916,-1.962,4.861111111111111,40.32258064515965,50.42005718277358,66,23,29,14,-0.197,False
ALGO,2026-06-14T14:12:27.204Z,2026-06-14T14:12:27.205005Z,2026-06-14T16:12:27.205005Z,7656.559785,7,0.09045,11.055831951354655,6.95364238410596,2.142,89.58333333333333,11.055831951354655,59.452786793290166,13,4,7,2,0.6923,False
COTI,2026-06-14T14:12:52.774Z,2026-06-14T14:12:52.774918Z,2026-06-14T16:12:52.774918Z,7630.989872,7,0.00979,20.429009193053304,2.9381965552178353,-1.595,2.0833333333333335,20.429009193053304,55.67579318066195,1,0,0,1,-1.0,False
ETH,2026-06-14T14:13:11.134Z,2026-06-14T14:13:11.134630Z,2026-06-14T16:13:11.134630Z,7612.63016,7,1664.645,0.060072868389301655,1.9761611673221897,-0.871,99.65277777777777,0.060072868389301655,50.881341003574214,37,17,16,4,0.6216,False
FET,2026-06-14T14:13:18.859Z,2026-06-14T14:13:18.859178Z,2026-06-14T16:13:18.859178Z,7604.905612,7,0.20079999999999998,9.960159362550087,6.881188118811893,-1.415,94.44444444444444,9.960159362550087,57.25365639287332,6,3,2,1,0.3333,False
ICP,2026-06-14T14:13:31.048Z,2026-06-14T14:13:31.048589Z,2026-06-14T16:13:31.048589Z,7592.716201,7,2.4255,4.122861265719785,9.557013945857264,-1.256,94.79166666666667,4.122861265719785,63.36230777924592,8,4,3,1,0.75,False
PEPE,2026-06-14T14:14:05.983Z,2026-06-14T14:14:05.984177Z,2026-06-14T16:14:05.984177Z,7557.780613,7,2.785e-06,35.9066427289045,3.214285714285714,-1.754,97.22222222222223,35.9066427289045,56.90670543058939,22,22,0,0,1.0,False
SOL,2026-06-14T14:14:15.601Z,2026-06-14T14:14:15.601217Z,2026-06-14T16:14:15.601217Z,7548.163573,7,67.625,1.478743068390522,3.0428360413589397,-0.733,98.95833333333333,1.478743068390522,53.001761534112354,33,15,14,4,0.697,False
SUI,2026-06-14T14:14:20.799Z,2026-06-14T14:14:20.799411Z,2026-06-14T16:14:20.799411Z,7542.965379,7,0.75025,1.332889036987524,3.108808290155452,-2.209,95.48611111111111,1.332889036987524,50.18740303478812,23,17,3,3,0.6957,False
SUSHI,2026-06-14T14:14:28.959Z,2026-06-14T14:14:28.959755Z,2026-06-14T16:14:28.959755Z,7534.805035,7,0.1745,45.845272206303456,2.346880366342313,-0.908,1.7361111111111112,45.845272206303456,54.66723460188217,19,7,12,0,1.0,False
TAO,2026-06-14T14:14:35.371Z,2026-06-14T14:14:35.372010Z,2026-06-14T16:14:35.372010Z,7528.39278,7,264.75,3.7771482530697917,12.057816660327116,1.349,98.61111111111111,3.7771482530697917,55.83433827176463,39,18,15,6,0.2564,False
TRUMP,2026-06-14T14:14:44.893Z,2026-06-14T14:14:44.893979Z,2026-06-14T16:14:44.893979Z,7518.870811,7,2.0115,4.971414367386975,13.905325443786984,-8.977,93.75,4.971414367386975,52.55446286078685,12,4,3,5,0.8333,False
USD1,2026-06-14T14:14:56.154Z,2026-06-14T14:14:56.154917Z,2026-06-14T16:14:56.154917Z,7507.609873,7,1.0004499999999998,0.999550202408806,0.039980009994998095,0.01,99.30555555555556,0.999550202408806,68.4677929814791,1,0,1,0,1.0,False
WLD,2026-06-14T14:15:02.201Z,2026-06-14T14:15:02.201613Z,2026-06-14T16:15:02.201613Z,7501.563177,7,0.4988,4.009623095429701,9.229534510433384,-1.56,97.56944444444444,4.009623095429701,56.814137608740374,10,4,4,2,0.2,False
XLM,2026-06-14T14:15:08.054Z,2026-06-14T14:15:08.055279Z,2026-06-14T16:15:08.055279Z,7495.709511,7,0.18305,5.462988254576167,5.081967213114756,-2.918,91.31944444444444,5.462988254576167,57.742202497877685,63,22,38,3,0.4444,False
XPL,2026-06-14T14:15:13.803Z,2026-06-14T14:15:13.803272Z,2026-06-14T16:15:13.803272Z,7489.961518,7,0.08825,11.331444759207123,11.569301260022907,-1.689,91.66666666666667,11.331444759207123,59.01961033248225,20,10,10,0,1.0,False
XRP,2026-06-14T14:15:18.849Z,2026-06-14T14:15:18.849502Z,2026-06-14T16:15:18.849502Z,7484.915288,7,1.1367500000000001,0.8797009016933272,2.414735172292244,-1.766,96.52777777777777,0.8797009016933272,51.28228339303267,26,11,8,7,0.4231,False
ZEC,2026-06-14T14:15:24.785Z,2026-06-14T14:15:24.786147Z,2026-06-14T16:15:24.786147Z,7478.978643,7,422.55,0.4733167672460492,5.920433145009411,2.52,98.26388888888889,0.4733167672460492,58.383940872055334,23,15,7,1,0.6522,False
BANANAS31,2026-06-14T14:21:04.094Z,2026-06-14T14:21:04.094810Z,2026-06-14T16:21:04.094810Z,7740.093671,7,0.009706,10.30290541932783,30.24249545988677,22.51,88.19444444444444,10.30290541932783,68.85647621524062,0,0,0,0,,
FDUSD,2026-06-14T14:21:16.378Z,2026-06-14T14:21:16.378428Z,2026-06-14T16:21:16.378428Z,7727.810053,7,0.99795,1.002054211132712,0.04008016032063687,-0.01,87.84722222222223,1.002054211132712,60.25107018331431,0,0,0,0,,
PENGU,2026-06-14T14:21:29.624Z,2026-06-14T14:21:29.624251Z,2026-06-14T16:21:29.624251Z,7714.56423,7,0.0065260000000000006,3.0646644192451697,5.530233971437249,-3.687,88.88888888888889,3.0646644192451697,46.98375342365183,3,1,1,1,-0.3333,False
AAVE,2026-06-14T14:27:36.118Z,2026-06-14T14:27:36.118883Z,2026-06-14T16:27:36.118883Z,7348.069598,7,65.82,3.0385900941956887,3.262518968133544,-1.715,80.55555555555556,3.0385900941956887,58.27104741772107,20,6,14,0,1.0,False
ASTER,2026-06-14T14:27:51.890Z,2026-06-14T14:27:51.890739Z,2026-06-14T16:27:51.890739Z,7332.297742,7,0.6234999999999999,16.038492381716132,3.3707865168539355,-2.808,75.69444444444444,16.038492381716132,60.79959578220597,25,6,19,0,1.0,False
BIO,2026-06-14T14:28:09.431Z,2026-06-14T14:28:09.431494Z,2026-06-14T16:28:09.431494Z,7314.756987,7,0.031184999999999997,9.62000962000923,8.020369191597691,-1.751,76.04166666666667,9.62000962000923,53.61214559319254,1,0,1,0,1.0,False
CHZ,2026-06-14T14:28:16.631Z,2026-06-14T14:28:16.632657Z,2026-06-14T16:28:16.632657Z,7307.555824,7,0.025,8.000000000001062,5.388272583201268,-1.175,79.86111111111111,8.000000000001062,61.88413416785405,0,0,0,0,,
CRV,2026-06-14T14:28:22.711Z,2026-06-14T14:28:22.712062Z,2026-06-14T16:28:22.712062Z,7301.476419,7,0.23385,4.2762454564887316,7.065919862128404,-3.13,84.375,4.2762454564887316,51.275755917274154,0,0,0,0,,
DASH,2026-06-14T14:28:29.396Z,2026-06-14T14:28:29.396934Z,2026-06-14T16:28:29.396934Z,7294.791547,7,34.975,8.577555396712262,5.410764872521237,-0.198,77.77777777777777,8.577555396712262,52.96641539366157,0,0,0,0,,
DYDX,2026-06-14T14:28:35.067Z,2026-06-14T14:28:35.067945Z,2026-06-14T16:28:35.067945Z,7289.120536,7,0.115425,9.529997834091313,6.766467065868263,-3.936,72.91666666666667,9.529997834091313,52.55068791440627,11,6,5,0,1.0,False
EDEN,2026-06-14T14:28:40.084Z,2026-06-14T14:28:40.084460Z,2026-06-14T16:28:40.084460Z,7284.104021,7,0.043800000000000006,45.66210045662073,8.612440191387558,4.762,73.26388888888889,45.66210045662073,59.55897733064204,0,0,0,0,,
EIGEN,2026-06-14T14:28:46.087Z,2026-06-14T14:28:46.087990Z,2026-06-14T16:28:46.087990Z,7278.100491,7,0.1985,10.075566750630012,11.83943089430895,5.41,81.59722222222223,10.075566750630012,67.94957138773744,0,0,0,0,,
HMSTR,2026-06-14T14:28:56.588Z,2026-06-14T14:28:56.588645Z,2026-06-14T16:28:56.588645Z,7267.599836,7,0.0001685,11.869436201780703,16.45047169811321,-9.691,79.51388888888889,11.869436201780703,50.27210442402568,10,4,6,0,1.0,False
INIT,2026-06-14T14:29:03.449Z,2026-06-14T14:29:03.449364Z,2026-06-14T16:29:03.449364Z,7260.739117,7,0.05785,17.286084701815533,9.466437177280547,-2.68,75.0,17.286084701815533,65.19277363630279,0,0,0,0,,
INJ,2026-06-14T14:29:08.379Z,2026-06-14T14:29:08.379638Z,2026-06-14T16:29:08.379638Z,7255.808843,7,5.060499999999999,1.9760893192378897,5.685618729097001,-3.658,85.41666666666667,1.9760893192378897,50.93162824343098,11,5,4,2,0.8182,False
JTO,2026-06-14T14:29:13.929Z,2026-06-14T14:29:13.929783Z,2026-06-14T16:29:13.929783Z,7250.258698,7,0.5439499999999999,5.5152127952951195,5.19529059988788,-2.621,77.43055555555556,5.5152127952951195,47.87243333081804,15,6,8,1,0.7333,False
LINK,2026-06-14T14:29:26.783Z,2026-06-14T14:29:26.783882Z,2026-06-14T16:29:26.783882Z,7237.404599,7,7.862500000000001,1.2718600953899317,2.490153728878168,-1.674,86.11111111111111,1.2718600953899317,47.38286571411057,17,12,4,1,0.7647,False
MITO,2026-06-14T14:29:37.197Z,2026-06-14T14:29:37.197373Z,2026-06-14T16:29:37.197373Z,7226.991108,7,0.020139999999999998,19.86097318768711,38.349742147210506,21.193,83.33333333333333,19.86097318768711,57.221021807130775,0,0,0,0,,
OP,2026-06-14T14:29:53.176Z,2026-06-14T14:29:53.177131Z,2026-06-14T16:29:53.177131Z,7211.01135,7,0.10655,9.385265133740297,7.619943555973668,-4.749,82.98611111111111,9.385265133740297,60.422245529035415,12,10,1,1,0.6667,False
PENDLE,2026-06-14T14:30:05.251Z,2026-06-14T14:30:05.251669Z,2026-06-14T16:30:05.251669Z,7798.663041,7,1.3085,7.6423385555971715,6.221198156682024,-2.105,81.94444444444444,7.6423385555971715,61.291018958341894,14,4,9,1,0.8571,False
PUMP,2026-06-14T14:30:11.331Z,2026-06-14T14:30:11.331602Z,2026-06-14T16:30:11.331602Z,7792.583108,7,0.0015255,6.5552277941652966,4.951140065146573,-0.776,85.06944444444444,6.5552277941652966,61.77569058498729,3,3,0,0,0.6667,False
PYTH,2026-06-14T14:30:16.781Z,2026-06-14T14:30:16.781461Z,2026-06-14T16:30:16.781461Z,7787.133249,7,0.038849999999999996,25.740025740024695,6.1381074168797936,1.295,83.68055555555556,25.740025740024695,66.05009133168451,16,7,9,0,1.0,False
SAGA,2026-06-14T14:30:21.714Z,2026-06-14T14:30:21.715167Z,2026-06-14T16:30:21.715167Z,7782.199543,7,0.012685,7.8833267638940425,10.186625194401246,0.39,72.56944444444444,7.8833267638940425,55.29771446004403,0,0,0,0,,
SEI,2026-06-14T14:30:27.839Z,2026-06-14T14:30:27.839248Z,2026-06-14T16:30:27.839248Z,7776.075462,7,0.053724999999999995,1.8613308515594347,3.981042654028445,-3.033,81.25,1.8613308515594347,33.36495069449427,17,4,13,0,1.0,False
SOMI,2026-06-14T14:30:37.037Z,2026-06-14T14:30:37.037767Z,2026-06-14T16:30:37.037767Z,7766.876943,7,0.11005000000000001,9.086778736938015,6.480648064806478,-5.043,76.38888888888889,9.086778736938015,59.10272532914282,0,0,0,0,,
SYN,2026-06-14T14:30:41.848Z,2026-06-14T14:30:41.849136Z,2026-06-14T16:30:41.849136Z,7762.065574,7,0.03945,25.348542458809344,42.71099744245524,22.188,76.73611111111111,25.348542458809344,67.92379426747262,5,4,1,0,1.0,False
TIA,2026-06-14T14:30:47.252Z,2026-06-14T14:30:47.252304Z,2026-06-14T16:30:47.252304Z,7756.662406,7,0.33525,2.9828486204321845,7.597965898893221,-2.394,74.30555555555556,2.9828486204321845,57.66894082719606,19,6,12,1,1.0,False
TST,2026-06-14T14:30:52.669Z,2026-06-14T14:30:52.669802Z,2026-06-14T16:30:52.669802Z,7751.244908,7,0.01515,13.201320132012663,22.001325381047053,-9.695,82.63888888888889,13.201320132012663,55.65346478299948,2,2,0,0,1.0,False
VIRTUAL,2026-06-14T14:30:57.498Z,2026-06-14T14:30:57.498944Z,2026-06-14T16:30:57.498944Z,7746.415766,7,0.60985,4.919242436664212,7.444371727748688,-5.24,73.61111111111111,4.919242436664212,46.6855822534977,19,8,11,0,0.8947,False
APT,2026-06-14T14:37:30.808Z,2026-06-14T14:37:30.808309Z,2026-06-14T16:37:30.808309Z,7353.106401,7,0.6515,15.349194167306232,4.885496183206111,-3.392,67.36111111111111,15.349194167306232,47.492817185302044,16,15,1,0,0.875,False
ARB,2026-06-14T14:37:45.641Z,2026-06-14T14:37:45.641211Z,2026-06-14T16:37:45.641211Z,7338.273499,7,0.08205000000000001,12.187690432663357,5.060240963855433,-4.046,64.23611111111111,12.187690432663357,54.93956001482155,17,9,7,1,0.5294,False
ATOM,2026-06-14T14:37:52.869Z,2026-06-14T14:37:52.869327Z,2026-06-14T16:37:52.869327Z,7331.045383,7,1.9745,5.064573309699225,3.052250387997939,-2.027,67.70833333333333,5.064573309699225,61.16963715280449,15,3,8,4,1.0,False
AVNT,2026-06-14T14:38:00.350Z,2026-06-14T14:38:00.350945Z,2026-06-14T16:38:00.350945Z,7323.563765,7,0.10685,9.35891436593252,8.255159474671672,-5.413,65.27777777777777,9.35891436593252,53.73442639288316,10,2,8,0,1.0,False
DOT,2026-06-14T14:38:12.821Z,2026-06-14T14:38:12.821896Z,2026-06-14T16:38:12.821896Z,7311.092814,7,0.9595,10.422094841063064,3.645833333333337,-2.736,63.541666666666664,10.422094841063064,39.45347158169435,20,18,2,0,1.0,False
EPIC,2026-06-14T14:38:24.746Z,2026-06-14T14:38:24.747089Z,2026-06-14T16:38:24.747089Z,7299.167621,7,0.5135000000000001,19.474196689386577,23.92996108949416,-13.468,70.13888888888889,19.474196689386577,58.771134848400045,11,10,0,1,0.8182,False
GIGGLE,2026-06-14T14:38:45.444Z,2026-06-14T14:38:45.444401Z,2026-06-14T16:38:45.444401Z,7278.470309,7,28.259999999999998,14.154281670206194,8.106169296987094,2.125,65.625,14.154281670206194,57.43266902283819,15,5,10,0,1.0,False
HYPER,2026-06-14T14:39:05.757Z,2026-06-14T14:39:05.757829Z,2026-06-14T16:39:05.757829Z,7258.156881,7,0.07045,14.194464158976436,6.346967559943588,-2.072,60.763888888888886,14.194464158976436,32.389022171637194,23,9,14,0,1.0,False
IO,2026-06-14T14:39:10.739Z,2026-06-14T14:39:10.739827Z,2026-06-14T16:39:10.739827Z,7253.174883,7,0.1713,11.67542323409257,12.082111436950134,-9.645,71.875,11.67542323409257,48.30960987084555,1,1,0,0,1.0,False
NIL,2026-06-14T14:39:20.595Z,2026-06-14T14:39:20.596038Z,2026-06-14T16:39:20.596038Z,7243.318672,7,0.039755,27.669475537667964,8.76719056974459,1.445,62.15277777777778,27.669475537667964,59.41086360464499,11,8,3,0,1.0,False
OPEN,2026-06-14T14:39:32.858Z,2026-06-14T14:39:32.858980Z,2026-06-14T16:39:32.858980Z,7231.05573,7,0.2417,8.274720728174513,10.145530145530147,-1.151,70.83333333333333,8.274720728174513,56.47951697058521,0,0,0,0,,
ORCA,2026-06-14T14:39:38.446Z,2026-06-14T14:39:38.446792Z,2026-06-14T16:39:38.446792Z,7225.467918,7,1.1015000000000001,9.078529278257937,6.454545454545451,-4.679,66.66666666666667,9.078529278257937,54.723190657801325,0,0,0,0,,
ORDI,2026-06-14T14:39:43.510Z,2026-06-14T14:39:43.510530Z,2026-06-14T16:39:43.510530Z,7220.40418,7,3.333,12.00120012001201,6.814770339237462,-2.288,71.52777777777777,12.00120012001201,51.372426364274595,8,5,3,0,0.25,False
PHA,2026-06-14T14:39:54.488Z,2026-06-14T14:39:54.488965Z,2026-06-14T16:39:54.488965Z,7209.425745,7,0.03535,28.288543140029102,9.803921568627459,0.563,59.72222222222222,28.288543140029102,39.645420410830965,0,0,0,0,,
PNUT,2026-06-14T14:39:59.532Z,2026-06-14T14:39:59.532226Z,2026-06-14T16:39:59.532226Z,7204.382484,7,0.04365,22.909507445590577,4.566210045662104,-1.794,66.31944444444444,22.909507445590577,59.292855045728906,64,20,43,1,0.2344,False
RUNE,2026-06-14T14:40:12.851Z,2026-06-14T14:40:12.852158Z,2026-06-14T16:40:12.852158Z,7790.624799,7,0.3705,26.990553306342804,6.149732620320861,-4.835,64.58333333333333,26.990553306342804,58.453148653198355,4,3,0,1,0.5,False
SSV,2026-06-14T14:40:23.790Z,2026-06-14T14:40:23.790380Z,2026-06-14T16:40:23.790380Z,7779.686577,7,2.2935,13.08044473512149,5.762564991334489,2.487,64.93055555555556,13.08044473512149,68.83728990367638,0,0,0,0,,
STRK,2026-06-14T14:40:28.692Z,2026-06-14T14:40:28.692977Z,2026-06-14T16:40:28.692977Z,7774.78398,7,0.03365,29.71768202080323,5.3254437869822375,-2.874,68.75,29.71768202080323,59.89075089431177,4,3,1,0,0.5,False
SYRUP,2026-06-14T14:40:34.085Z,2026-06-14T14:40:34.085360Z,2026-06-14T16:40:34.085360Z,7769.391597,7,0.13235,7.555723460520513,5.1996985681989365,1.453,69.79166666666667,7.555723460520513,64.42467340238976,2,0,1,1,1.0,False
UNI,2026-06-14T14:40:39.138Z,2026-06-14T14:40:39.138362Z,2026-06-14T16:40:39.138362Z,7764.338595,7,2.4895,4.01687085760327,3.01946762018276,-1.641,65.97222222222223,4.01687085760327,47.88270454506786,8,3,5,0,0.5,False
W,2026-06-14T14:40:46.621Z,2026-06-14T14:40:46.622131Z,2026-06-14T16:40:46.622131Z,7756.854826,7,0.009559999999999999,20.920502092051173,5.230125523012538,-2.049,63.888888888888886,20.920502092051173,51.52817731815391,3,0,2,1,1.0,False
ZBT,2026-06-14T14:40:51.552Z,2026-06-14T14:40:51.552871Z,2026-06-14T16:40:51.552871Z,7751.924086,7,0.11435000000000001,8.7450808919985,10.726351351351365,-5.657,61.458333333333336,8.7450808919985,64.67709300766279,0,0,0,0,,
ZEN,2026-06-14T14:40:57.307Z,2026-06-14T14:40:57.307648Z,2026-06-14T16:40:57.307648Z,7746.169309,7,4.3445,6.905282541144237,3.794285714285702,-0.069,59.02777777777778,6.905282541144237,41.19934647057098,0,0,0,0,,
ZRO,2026-06-14T14:41:12.588Z,2026-06-14T14:41:12.589416Z,2026-06-14T16:41:12.589416Z,7730.887541,7,0.9255,10.804970286331722,4.756756756756748,-1.805,71.18055555555556,10.804970286331722,42.04384371232768,3,0,3,0,1.0,False
ARKM,2026-06-14T14:41:38.794Z,2026-06-14T14:41:38.794320Z,2026-06-14T16:41:38.794320Z,7704.682637,7,0.12475,24.04809619238435,6.220095693779894,-5.0,50.34722222222222,24.04809619238435,46.49683731428929,42,18,23,1,0.5952,False
AT,2026-06-14T14:41:43.940Z,2026-06-14T14:41:43.940498Z,2026-06-14T16:41:43.940498Z,7699.536459,7,0.14345000000000002,20.91321017776192,17.422096317280452,11.444,50.0,20.91321017776192,70.60236414052268,0,0,0,0,,
FIL,2026-06-14T14:42:29.856Z,2026-06-14T14:42:29.857060Z,2026-06-14T16:42:29.857060Z,7653.619897,7,0.7585,13.183915622940026,4.563233376792702,-2.665,56.94444444444444,13.183915622940026,52.70163215696616,10,2,7,1,0.6,False
HEMI,2026-06-14T14:42:43.579Z,2026-06-14T14:42:43.579318Z,2026-06-14T16:42:43.579318Z,7639.897639,7,0.005995,16.680567139283504,10.214168039538714,-3.035,54.166666666666664,16.680567139283504,57.43786562179708,0,0,0,0,,
KAIA,2026-06-14T14:42:50.045Z,2026-06-14T14:42:50.045360Z,2026-06-14T16:42:50.045360Z,7633.431597,7,0.03765,26.560424966798383,7.1618037135278545,2.168,46.52777777777778,26.560424966798383,65.21706685655273,0,0,0,0,,
KITE,2026-06-14T14:43:00.579Z,2026-06-14T14:43:00.579401Z,2026-06-14T16:43:00.579401Z,7622.897556,7,0.1876,10.660980810234847,4.186289900575619,-2.05,52.083333333333336,10.660980810234847,44.07877530459122,1,0,1,0,1.0,False
MORPHO,2026-06-14T14:43:18.960Z,2026-06-14T14:43:18.960599Z,2026-06-14T16:43:18.960599Z,7604.516358,7,1.9405000000000001,5.153311002319567,2.5680534155110446,0.361,53.81944444444444,5.153311002319567,60.50874988804119,10,5,5,0,1.0,False
OSMO,2026-06-14T14:43:23.393Z,2026-06-14T14:43:23.393466Z,2026-06-14T16:43:23.393466Z,7600.083491,7,0.04655,21.482277121375482,9.150326797385626,-1.502,47.22222222222222,21.482277121375482,55.98062160272005,15,6,7,2,0.8,False
PARTI,2026-06-14T14:43:28.243Z,2026-06-14T14:43:28.243584Z,2026-06-14T16:43:28.243584Z,7595.233373,7,0.0596,33.55704697986673,4.9668874172185475,3.072,52.77777777777778,33.55704697986673,68.84829792408495,21,5,16,0,1.0,False
POL,2026-06-14T14:43:36.986Z,2026-06-14T14:43:36.986369Z,2026-06-14T16:43:36.986369Z,7586.490588,7,0.07538,7.959671000265918,2.2125066242713176,0.266,48.611111111111114,7.959671000265918,51.85436854281569,10,7,3,0,0.8,False
RAY,2026-06-14T14:43:44.716Z,2026-06-14T14:43:44.716861Z,2026-06-14T16:43:44.716861Z,7578.760096,7,0.593,33.726812816188904,3.9867109634551534,-1.473,58.333333333333336,33.726812816188904,61.94025205979217,6,2,3,1,0.3333,False
RESOLV,2026-06-14T14:43:53.577Z,2026-06-14T14:43:53.577736Z,2026-06-14T16:43:53.577736Z,7569.899221,7,0.01695,58.99705014749431,4.069767441860461,0.585,48.263888888888886,58.99705014749431,63.63527359351817,16,8,8,0,1.0,False
STX,2026-06-14T14:44:11.003Z,2026-06-14T14:44:11.003789Z,2026-06-14T16:44:11.003789Z,7552.473168,7,0.18525,5.398110661267961,5.271651425497581,-0.107,44.791666666666664,5.398110661267961,58.97759914183837,63,25,36,2,0.5397,False
TURBO,2026-06-14T14:44:16.532Z,2026-06-14T14:44:16.532541Z,2026-06-14T16:44:16.532541Z,7546.944416,7,0.0008925000000000001,11.20448179271736,8.764044943820231,-1.766,57.291666666666664,11.20448179271736,38.76042668347204,27,12,15,0,1.0,False
WAL,2026-06-14T14:44:30.871Z,2026-06-14T14:44:30.871335Z,2026-06-14T16:44:30.871335Z,7532.605622,7,0.03365,29.71768202080323,7.3964497041419985,-0.295,57.986111111111114,29.71768202080323,58.280770773431314,0,0,0,0,,
2Z,2026-06-14T14:50:08.640Z,2026-06-14T14:50:08.640970Z,2026-06-14T16:50:08.640970Z,7795.913142,7,0.068435,7.3062029663176,5.523507355062014,-3.359,38.19444444444444,7.3062029663176,38.89258104692553,0,0,0,0,,
CETUS,2026-06-14T14:50:34.019Z,2026-06-14T14:50:34.019738Z,2026-06-14T16:50:34.019738Z,7770.534374,7,0.01821,10.98297638660032,6.850053937432561,0.379,43.40277777777778,10.98297638660032,58.78061878905582,0,0,0,0,,
CKB,2026-06-14T14:50:50.235Z,2026-06-14T14:50:50.235947Z,2026-06-14T16:50:50.235947Z,7754.318165,7,0.0011115,8.996851102113503,4.375,-2.269,31.944444444444443,8.996851102113503,37.744298036120995,27,9,17,1,0.8519,False
ERA,2026-06-14T14:51:01.505Z,2026-06-14T14:51:01.505750Z,2026-06-14T16:51:01.505750Z,7743.048362,7,0.10095000000000001,9.905894006934409,7.403751233958546,0.099,34.72222222222222,9.905894006934409,43.92302474419889,3,2,1,0,0.3333,False
EUL,2026-06-14T14:51:07.364Z,2026-06-14T14:51:07.365884Z,2026-06-14T16:51:07.365884Z,7737.188228,7,0.9955,30.13561024610751,8.59213250517598,5.0,33.333333333333336,30.13561024610751,68.86238148595214,5,2,3,0,0.8,False
FLOKI,2026-06-14T14:51:16.822Z,2026-06-14T14:51:16.823204Z,2026-06-14T16:51:16.823204Z,7727.730908,7,2.4610000000000003e-05,8.126777732628934,2.545454545454542,-1.316,35.416666666666664,8.126777732628934,39.87868255351593,19,13,6,0,0.7895,False
GPS,2026-06-14T14:51:22.673Z,2026-06-14T14:51:22.673949Z,2026-06-14T16:51:22.673949Z,7721.880163,7,0.00754,26.525198938992112,7.486631016042777,3.458,40.625,26.525198938992112,66.78496840923836,0,0,0,0,,
IOTA,2026-06-14T14:51:34.794Z,2026-06-14T14:51:34.794698Z,2026-06-14T16:51:34.794698Z,7709.759414,7,0.045649999999999996,21.905805038334268,3.67965367965368,-1.493,43.05555555555556,21.905805038334268,52.99400184123003,2,2,0,0,1.0,False
PROVE,2026-06-14T14:52:07.789Z,2026-06-14T14:52:07.789958Z,2026-06-14T16:52:07.789958Z,7676.764154,7,0.2,10.000000000000286,4.897551224387808,2.248,40.97222222222222,10.000000000000286,59.728204045484375,1,0,1,0,1.0,False
ROSE,2026-06-14T14:52:23.504Z,2026-06-14T14:52:23.504857Z,2026-06-14T16:52:23.504857Z,7661.049255,7,0.006215,16.09010458567915,4.975922953451035,-3.709,35.06944444444444,16.09010458567915,54.58245080998282,11,3,8,0,0.7273,False
S,2026-06-14T14:52:34.233Z,2026-06-14T14:52:34.233752Z,2026-06-14T16:52:34.233752Z,7650.32036,7,0.030144999999999998,9.951899154088167,4.184656260378603,-2.965,44.44444444444444,9.951899154088167,56.33259211330819,0,0,0,0,,
SOLV,2026-06-14T14:52:47.922Z,2026-06-14T14:52:47.922924Z,2026-06-14T16:52:47.922924Z,7636.631188,7,0.0033150000000000002,30.16591251885377,4.204204204204203,-0.597,37.84722222222222,30.16591251885377,57.625907304769896,0,0,0,0,,
THETA,2026-06-14T14:53:03.868Z,2026-06-14T14:53:03.868634Z,2026-06-14T16:53:03.868634Z,7620.685478,7,0.15810000000000002,12.650221378874491,3.331238214959145,-0.313,36.111111111111114,12.650221378874491,62.994206258341286,20,8,11,1,0.9,False
TREE,2026-06-14T14:53:28.919Z,2026-06-14T14:53:28.919347Z,2026-06-14T16:53:28.919347Z,7595.634765,7,0.04625,21.621621621622243,4.761904761904763,0.0,35.763888888888886,21.621621621622243,42.46307439721176,0,0,0,0,,
VET,2026-06-14T14:53:44.944Z,2026-06-14T14:53:44.945097Z,2026-06-14T16:53:44.945097Z,7579.609015,7,0.004926,8.120178643929483,3.931006819093462,-2.446,34.02777777777778,8.120178643929483,46.38957812366465,15,4,11,0,1.0,False
XTZ,2026-06-14T14:53:52.202Z,2026-06-14T14:53:52.202344Z,2026-06-14T16:53:52.202344Z,7572.351768,7,0.2298,8.703220191471093,5.058365758754871,-3.303,43.75,8.703220191471093,48.723214421181495,36,14,19,3,0.8889,False
A,2026-06-14T14:59:40.789Z,2026-06-14T14:59:40.789568Z,2026-06-14T16:59:40.789568Z,7223.764544,7,0.07175000000000001,41.81184668989667,5.92383638928067,-3.01,26.73611111111111,41.81184668989667,55.754057383765115,0,0,0,0,,
ACH,2026-06-14T14:59:46.495Z,2026-06-14T14:59:46.495289Z,2026-06-14T16:59:46.495289Z,7218.058823,7,0.005265000000000001,18.99335232668653,4.716981132075476,-3.461,23.26388888888889,18.99335232668653,56.73820860336972,16,3,12,1,1.0,False
ANIME,2026-06-14T14:59:53.619Z,2026-06-14T14:59:53.619921Z,2026-06-14T16:59:53.619921Z,7210.934191,7,0.002915,34.30531732418534,4.1095890410959015,-2.341,20.13888888888889,34.30531732418534,45.20946547317834,14,6,8,0,1.0,False
API3,2026-06-14T15:00:00.904Z,2026-06-14T15:00:00.905315Z,2026-06-14T17:00:00.905315Z,7203.648797,7,0.25595,11.721039265480249,3.7757882444530892,-0.194,25.0,11.721039265480249,46.571798129710736,0,0,0,0,,
AUCTION,2026-06-14T15:00:10.258Z,2026-06-14T15:00:10.258415Z,2026-06-14T17:00:10.258415Z,7793.162062,7,3.755,26.631158455392242,2.3872679045092804,0.533,19.09722222222222,26.631158455392242,63.19915677111837,0,0,0,0,,
BARD,2026-06-14T15:00:16.069Z,2026-06-14T15:00:16.069686Z,2026-06-14T17:00:16.069686Z,7787.350791,7,0.15365,6.508298080053155,8.819714656290532,-6.09,25.34722222222222,6.508298080053155,57.49737902553255,18,7,11,0,0.7778,False
BOME,2026-06-14T15:00:23.617Z,2026-06-14T15:00:23.617916Z,2026-06-14T17:00:23.617916Z,7779.802561,7,0.000423,47.281323877068424,4.000000000000008,-3.409,29.86111111111111,47.281323877068424,43.65823646843341,16,6,10,0,1.0,False
CFX,2026-06-14T15:00:34.699Z,2026-06-14T15:00:34.699493Z,2026-06-14T17:00:34.699493Z,7768.720984,7,0.0443,9.029345372460128,3.035071942446052,-2.091,22.569444444444443,9.029345372460128,37.51198799213308,0,0,0,0,,
COOKIE,2026-06-14T15:00:39.924Z,2026-06-14T15:00:39.925261Z,2026-06-14T17:00:39.925261Z,7763.495216,7,0.00925,108.10810810810746,5.37634408602151,1.087,28.819444444444443,108.10810810810746,53.36254043074065,0,0,0,0,,
CYBER,2026-06-14T15:00:47.930Z,2026-06-14T15:00:47.930399Z,2026-06-14T17:00:47.930399Z,7755.490078,7,0.3405,29.368575624082258,2.6239067055393446,0.0,30.555555555555557,29.368575624082258,46.86242873547067,2,1,0,1,0.0,False
ENS,2026-06-14T15:01:04.324Z,2026-06-14T15:01:04.324500Z,2026-06-14T17:01:04.324500Z,7739.095977,7,4.825,20.725388601035824,2.868852459016387,-1.414,27.430555555555557,20.725388601035824,58.399782109490175,0,0,0,0,,
GRT,2026-06-14T15:01:40.333Z,2026-06-14T15:01:40.333333Z,2026-06-14T17:01:40.333333Z,7703.087144,7,0.01958,10.214504596526652,3.3889731917046055,-1.593,29.166666666666668,10.214504596526652,36.29722190209848,43,18,23,2,0.3953,False
LINEA,2026-06-14T15:02:03.951Z,2026-06-14T15:02:03.951636Z,2026-06-14T17:02:03.951636Z,7679.468841,7,0.0024755000000000003,4.039587962026657,6.335754640839387,-4.25,29.51388888888889,4.039587962026657,59.37805050347435,24,5,19,0,1.0,False
MOVE,2026-06-14T15:02:29.325Z,2026-06-14T15:02:29.325879Z,2026-06-14T17:02:29.325879Z,7654.094598,7,0.01165,85.83690987124561,5.982905982905976,-4.878,26.38888888888889,85.83690987124561,48.80760033524769,11,3,8,0,1.0,False
TUT,2026-06-14T15:03:44.848Z,2026-06-14T15:03:44.848587Z,2026-06-14T17:03:44.848587Z,7578.57189,7,0.010759999999999999,37.17472118959118,3.0726256983240265,1.035,26.041666666666668,37.17472118959118,65.7217776900987,0,0,0,0,,
YB,2026-06-14T15:03:55.559Z,2026-06-14T15:03:55.559346Z,2026-06-14T17:03:55.559346Z,7567.861131,7,0.0881,22.701475595914385,6.159014557670778,-0.667,20.48611111111111,22.701475595914385,61.701499913680415,2,2,0,0,1.0,False
1000CAT,2026-06-14T15:09:52.933Z,2026-06-14T15:09:52.934065Z,2026-06-14T17:09:52.934065Z,7210.486412,7,0.00148,135.1351351351355,2.684563758389254,-1.974,5.555555555555555,135.1351351351355,45.951864188806496,67,18,44,5,-0.0149,False
1000SATS,2026-06-14T15:09:58.184Z,2026-06-14T15:09:58.184427Z,2026-06-14T17:09:58.184427Z,7205.23605,7,9.415e-06,31.864046733934902,4.113924050632908,-2.369,14.23611111111111,31.864046733934902,54.756950781877656,61,20,39,2,0.8689,False
ACX,2026-06-14T15:10:18.715Z,2026-06-14T15:10:18.715735Z,2026-06-14T17:10:18.715735Z,7784.787728,7,0.04228,42.57332071901599,1.5558698727015579,-0.656,6.25,42.57332071901599,40.88654307592234,66,32,27,7,0.2879,False
AEVO,2026-06-14T15:10:24.404Z,2026-06-14T15:10:24.404398Z,2026-06-14T17:10:24.404398Z,7779.099065,7,0.019545,35.814786390381485,3.3451596553471914,-0.404,4.166666666666667,35.814786390381485,51.77506768471287,0,0,0,0,,
BANANA,2026-06-14T15:10:31.345Z,2026-06-14T15:10:31.345463Z,2026-06-14T17:10:31.345463Z,7772.158,7,2.924,6.839945280437003,3.239004432321862,-2.135,11.805555555555555,6.839945280437003,45.245843009910466,0,0,0,0,,
BEAMX,2026-06-14T15:10:38.842Z,2026-06-14T15:10:38.842388Z,2026-06-14T17:10:38.842388Z,7764.661075,7,0.0014069999999999998,14.214641080313068,3.932584269662926,-3.392,12.847222222222221,14.214641080313068,54.766830709660795,1,1,0,0,1.0,False
BIGTIME,2026-06-14T15:10:46.423Z,2026-06-14T15:10:46.424116Z,2026-06-14T17:10:46.424116Z,7757.079347,7,0.00901,66.59267480577057,7.565789473684226,0.662,8.680555555555555,66.59267480577057,60.74687614387031,65,16,36,13,-0.0308,False
BLUR,2026-06-14T15:10:53.276Z,2026-06-14T15:10:53.276864Z,2026-06-14T17:10:53.276864Z,7750.226599,7,0.017814999999999998,5.613247263541731,4.318564217610768,-3.622,13.88888888888889,5.613247263541731,42.128330747989665,17,5,12,0,1.0,False
BMT,2026-06-14T15:11:00.500Z,2026-06-14T15:11:00.501286Z,2026-06-14T17:11:00.501286Z,7743.002177,7,0.012830000000000001,15.588464536243896,2.0092735703245737,-0.077,6.944444444444445,15.588464536243896,56.13413896862688,0,0,0,0,,
COMP,2026-06-14T15:11:07.907Z,2026-06-14T15:11:07.907523Z,2026-06-14T17:11:07.907523Z,7735.59594,7,17.36,23.04147465437739,2.8160919540230003,-1.249,9.027777777777779,23.04147465437739,53.59120622696156,66,19,43,4,0.3182,False
COW,2026-06-14T15:11:15.345Z,2026-06-14T15:11:15.345786Z,2026-06-14T17:11:15.345786Z,7728.157677,7,0.15185,32.927230819888074,5.046480743691896,2.939,13.541666666666666,32.927230819888074,64.70724358304962,1,1,0,0,0.0,False
FLUX,2026-06-14T15:11:28.403Z,2026-06-14T15:11:28.404289Z,2026-06-14T17:11:28.404289Z,7715.099174,7,0.05075,19.704433497536144,3.5087719298245537,-1.912,9.375,19.704433497536144,49.95559980496251,0,0,0,0,,
HIVE,2026-06-14T15:11:47.356Z,2026-06-14T15:11:47.356341Z,2026-06-14T17:11:47.356341Z,7696.147122,7,0.049049999999999996,20.38735983690029,3.030303030303033,-1.198,12.5,20.38735983690029,57.341338714730455,1,1,0,0,1.0,False
ILV,2026-06-14T15:11:54.457Z,2026-06-14T15:11:54.457911Z,2026-06-14T17:11:54.457911Z,7689.045552,7,3.33,60.06006006006011,5.621301775147941,0.0,12.152777777777779,60.06006006006011,49.16255448121044,20,8,12,0,1.0,False
LPT,2026-06-14T15:12:03.251Z,2026-06-14T15:12:03.251676Z,2026-06-14T17:12:03.251676Z,7680.251787,7,1.7595,28.417163967036746,4.949381327334088,-2.735,7.291666666666667,28.417163967036746,57.38223914257937,0,0,0,0,,
MASK,2026-06-14T15:12:16.421Z,2026-06-14T15:12:16.421268Z,2026-06-14T17:12:16.421268Z,7667.082195,7,0.363,55.096418732782425,4.619565217391308,1.099,10.416666666666666,55.096418732782425,57.50936235825626,16,6,10,0,0.875,False
ME,2026-06-14T15:12:23.830Z,2026-06-14T15:12:23.830954Z,2026-06-14T17:12:23.830954Z,7659.672509,7,0.0608,65.78947368421014,7.234726688102901,-0.639,7.986111111111111,65.78947368421014,55.71346855595806,20,9,11,0,0.9,False
MINA,2026-06-14T15:12:39.015Z,2026-06-14T15:12:39.015475Z,2026-06-14T17:12:39.015475Z,7644.487988,7,0.041749999999999995,23.95209580838226,5.035971223021594,-3.917,15.972222222222221,23.95209580838226,30.676490502803137,25,12,13,0,1.0,False
RPL,2026-06-14T15:12:58.433Z,2026-06-14T15:12:58.434011Z,2026-06-14T17:12:58.434011Z,7625.069452,7,1.355,73.80073800738015,4.477611940298495,-4.286,3.125,73.80073800738015,31.275228968867737,0,0,0,0,,
SNX,2026-06-14T15:13:23.295Z,2026-06-14T15:13:23.295571Z,2026-06-14T17:13:23.295571Z,7600.207892,7,0.2375,42.10526315789478,2.941176470588238,-2.058,11.458333333333334,42.10526315789478,51.327285763346595,0,0,0,0,,
WCT,2026-06-14T15:13:57.683Z,2026-06-14T15:13:57.683390Z,2026-06-14T17:13:57.683390Z,7565.820073,7,0.046799999999999994,12.8205128205123,6.357279084551817,1.028,13.194444444444445,12.8205128205123,59.800253059333116,15,3,12,0,1.0,False
1000CHEEMS,2026-06-14T15:19:48.181Z,2026-06-14T15:19:48.181306Z,2026-06-14T17:19:48.181306Z,7215.322157,7,0.0005740000000000001,34.84320557491185,3.728813559322033,0.34,2.7777777777777777,34.84320557491185,53.522734543497954,0,0,0,0,,
1INCH,2026-06-14T15:19:55.918Z,2026-06-14T15:19:55.918941Z,2026-06-14T17:19:55.918941Z,7207.584522,7,0.07175000000000001,13.937282229965554,1.941747572815532,-0.825,1.0416666666666667,13.937282229965554,32.8535451201035,0,0,0,0,,
ALLO,2026-06-14T15:20:17.312Z,2026-06-14T15:20:17.313006Z,2026-06-14T17:20:17.313006Z,7786.025241,7,0.37275,8.048289738431187,14.300680984808798,-0.079,92.01388888888889,8.048289738431187,67.04617966718516,61,7,50,4,-0.2459,False
BERA,2026-06-14T15:20:24.400Z,2026-06-14T15:20:24.400802Z,2026-06-14T17:20:24.400802Z,7778.937445,7,0.2515,39.76143141153086,6.3745019920318775,-2.713,93.05555555555556,39.76143141153086,58.6878084232839,3,2,1,0,1.0,False
BFUSD,2026-06-14T15:20:31.375Z,2026-06-14T15:20:31.375686Z,2026-06-14T17:20:31.375686Z,7771.962561,7,0.9997,12.003601080323886,0.1201080972875567,0.0,0.3472222222222222,12.003601080323886,39.06710856250818,0,0,0,0,,
BNB,2026-06-14T15:20:38.699Z,2026-06-14T15:20:38.699320Z,2026-06-14T17:20:38.699320Z,7764.638927,7,606.025,0.1650096943193912,1.0533547057476618,0.391,94.09722222222223,0.1650096943193912,64.35235028821401,4,1,2,1,0.5,False
BTC,2026-06-14T15:20:45.719Z,2026-06-14T15:20:45.719298Z,2026-06-14T17:20:45.719298Z,7757.618949,7,63885.785,0.0015652934376618004,1.3338617966737298,0.239,100.0,0.0015652934376618004,66.26624026036517,27,12,10,5,0.2593,False
CVC,2026-06-14T15:21:02.346Z,2026-06-14T15:21:02.346334Z,2026-06-14T17:21:02.346334Z,7740.991913,7,0.022665,39.70880211780269,1.2758468983721891,-0.915,0.6944444444444444,39.70880211780269,34.80638920987765,65,16,40,9,-0.2308,False
DOGE,2026-06-14T15:21:09.798Z,2026-06-14T15:21:09.798705Z,2026-06-14T17:21:09.798705Z,7733.539542,7,0.08643500000000001,1.1569387400932634,3.0306535569693436,-1.995,92.70833333333333,1.1569387400932634,53.060599503154094,24,16,7,1,0.75,False
ENA,2026-06-14T15:21:16.948Z,2026-06-14T15:21:16.948614Z,2026-06-14T17:21:16.948614Z,7726.389633,7,0.08065,12.399256044635957,7.107843137254901,-4.338,96.875,12.399256044635957,54.75769385223424,5,4,1,0,1.0,False
EUR,2026-06-14T15:21:26.353Z,2026-06-14T15:21:26.353320Z,2026-06-14T17:21:26.353320Z,7716.984927,7,1.15585,0.8651641649001945,0.07786814327739427,-0.052,95.83333333333333,0.8651641649001945,58.65276684576584,1,0,0,1,-1.0,False
GMX,2026-06-14T15:21:37.101Z,2026-06-14T15:21:37.102011Z,2026-06-14T17:21:37.102011Z,7706.236236,7,5.645,53.14437555358769,2.645502645502652,0.89,1.3888888888888888,53.14437555358769,59.277949089021,2,1,1,0,1.0,False
KAITO,2026-06-14T15:21:46.631Z,2026-06-14T15:21:46.631156Z,2026-06-14T17:21:46.631156Z,7696.707091,7,0.4676,8.554319931565685,14.55831903945112,5.976,93.40277777777777,8.554319931565685,74.58738225140102,18,6,12,0,1.0,False
NEAR,2026-06-14T15:21:57.267Z,2026-06-14T15:21:57.267588Z,2026-06-14T17:21:57.267588Z,7686.070659,7,2.0895,4.785833931562047,6.462422211584501,0.967,97.91666666666667,4.785833931562047,49.44369691444921,33,16,13,4,0.8182,False
ONDO,2026-06-14T15:22:02.938Z,2026-06-14T15:22:02.939210Z,2026-06-14T17:22:02.939210Z,7680.399037,7,0.34885,2.8665615594091727,7.712155963302747,-6.034,89.23611111111111,2.8665615594091727,48.15332745771366,14,12,2,0,0.5714,False
RENDER,2026-06-14T15:22:17.371Z,2026-06-14T15:22:17.372038Z,2026-06-14T17:22:17.372038Z,7665.966209,7,1.7465000000000002,5.725737188663681,5.066206102475524,-3.767,90.97222222222223,5.725737188663681,41.33918971062228,17,7,10,0,1.0,False
TON,2026-06-14T15:22:58.286Z,2026-06-14T15:22:58.286538Z,2026-06-14T17:22:58.286538Z,7625.051709,7,1.7225000000000001,5.805515239478153,4.4545973729297454,2.278,89.93055555555556,5.805515239478153,62.34749974019324,10,6,3,1,0.2,False
TRX,2026-06-14T15:23:11.930Z,2026-06-14T15:23:11.930449Z,2026-06-14T17:23:11.930449Z,7611.407798,7,0.31865,3.1382394476695117,1.0085092971950773,-0.032,90.27777777777777,3.1382394476695117,67.94084373069555,25,21,4,0,0.68,False
BCH,2026-06-14T15:29:33.133Z,2026-06-14T15:29:33.133728Z,2026-06-14T17:29:33.133728Z,7230.204519,7,201.64999999999998,4.959087527894586,4.057397328055413,-3.532,87.5,4.959087527894586,51.15128376146789,27,10,17,0,0.8519,False
HBAR,2026-06-14T15:29:46.957Z,2026-06-14T15:29:46.957943Z,2026-06-14T17:29:46.957943Z,7216.380304,7,0.07741,5.167291047668049,2.3931405170207456,-0.344,86.45833333333333,5.167291047668049,60.136393130108964,57,38,19,0,0.8596,False
LTC,2026-06-14T15:29:53.080Z,2026-06-14T15:29:53.080987Z,2026-06-14T17:29:53.080987Z,7210.25726,7,44.055,2.2698899103405097,2.500568310979771,0.137,88.54166666666667,2.2698899103405097,57.92678624237682,15,4,9,2,0.7333,False
AVAX,2026-06-14T15:35:53.807Z,2026-06-14T15:35:53.807278Z,2026-06-14T17:35:53.807278Z,7449.292442,7,6.4905,1.5407133502803265,3.2096136294493505,-1.705,82.29166666666667,1.5407133502803265,55.26860446262693,10,5,2,3,0.2,False
BABY,2026-06-14T15:35:59.578Z,2026-06-14T15:35:59.578756Z,2026-06-14T17:35:59.578756Z,7443.520964,7,0.015815000000000003,18.969332911791824,10.937500000000005,8.859,78.47222222222223,18.969332911791824,69.89050138835336,5,4,1,0,1.0,False
JUP,2026-06-14T15:37:08.048Z,2026-06-14T15:37:08.049126Z,2026-06-14T17:37:08.049126Z,7375.050594,7,0.1684,11.876484560570413,5.094786729857835,-2.54,78.125,11.876484560570413,40.34388805632733,62,24,35,3,0.4032,False
KMNO,2026-06-14T15:37:16.133Z,2026-06-14T15:37:16.133503Z,2026-06-14T17:37:16.133503Z,7366.966217,7,0.01737,11.514104778353014,7.816862088218883,-2.61,73.95833333333333,11.514104778353014,52.865801434393894,31,26,5,0,0.9355,False
MMT,2026-06-14T15:37:49.320Z,2026-06-14T15:37:49.321214Z,2026-06-14T17:37:49.321214Z,7333.778506,7,0.1264,15.822784810127033,9.583660644147685,2.496,84.02777777777777,15.822784810127033,68.10125940886454,15,8,6,1,1.0,False
SHIB,2026-06-14T15:38:40.428Z,2026-06-14T15:38:40.428892Z,2026-06-14T17:38:40.428892Z,7282.670828,7,4.885e-06,20.470829068577082,2.84552845528456,-1.403,84.72222222222223,20.470829068577082,54.85936623182511,17,7,10,0,0.7647,False
WLFI,2026-06-14T15:39:14.434Z,2026-06-14T15:39:14.435354Z,2026-06-14T17:39:14.435354Z,7248.664366,7,0.058050000000000004,17.226528854435127,5.033557046979871,0.846,78.81944444444444,17.226528854435127,46.884155483598214,12,10,2,0,1.0,False
0G,2026-06-14T15:45:04.937Z,2026-06-14T15:45:04.938163Z,2026-06-14T17:45:04.938163Z,7499.8476,7,0.291,68.72852233676983,6.397306397306403,-1.329,59.375,68.72852233676983,63.534737774554465,0,0,0,0,,
ALT,2026-06-14T15:45:10.435Z,2026-06-14T15:45:10.436124Z,2026-06-14T17:45:10.436124Z,7494.349639,7,0.0063549999999999995,15.73564122738074,7.120743034055733,1.893,63.19444444444444,15.73564122738074,65.92698217909633,15,5,10,0,1.0,False
AR,2026-06-14T15:45:20.635Z,2026-06-14T15:45:20.635811Z,2026-06-14T17:45:20.635811Z,7484.149952,7,1.9825,15.13240857503098,5.0327126321087,-2.598,61.80555555555556,15.13240857503098,57.74181208122457,1,0,1,0,1.0,False
BONK,2026-06-14T15:45:42.912Z,2026-06-14T15:45:42.913250Z,2026-06-14T17:45:42.913250Z,7461.872513,7,4.335e-06,23.06805074971143,4.100227790432801,-2.227,67.01388888888889,23.06805074971143,56.45535021829668,17,7,9,1,0.8824,False
ENSO,2026-06-14T15:45:53.925Z,2026-06-14T15:45:53.925250Z,2026-06-14T17:45:53.925250Z,7450.860513,7,0.616,32.46753246753249,7.3600000000000065,0.0,62.84722222222222,32.46753246753249,55.982428295203555,11,3,8,0,1.0,False
ETHFI,2026-06-14T15:46:04.840Z,2026-06-14T15:46:04.840658Z,2026-06-14T17:46:04.840658Z,7439.945105,7,0.309,64.72491909385118,3.8834951456310716,-3.438,60.416666666666664,64.72491909385118,57.46795440539248,13,10,3,0,1.0,False
GALA,2026-06-14T15:46:13.018Z,2026-06-14T15:46:13.018537Z,2026-06-14T17:46:13.018537Z,7431.767226,7,0.002575,38.83495145631078,4.230769230769242,-3.346,69.09722222222223,38.83495145631078,58.116243718768665,16,6,10,0,1.0,False
HOME,2026-06-14T15:46:23.851Z,2026-06-14T15:46:23.852046Z,2026-06-14T17:46:23.852046Z,7420.933717,7,0.02943,6.7957866123000965,13.219178082191776,-0.409,68.40277777777777,6.7957866123000965,60.23307419896149,25,10,15,0,0.92,False
HUMA,2026-06-14T15:46:30.835Z,2026-06-14T15:46:30.836022Z,2026-06-14T17:46:30.836022Z,7413.949741,7,0.02404,8.319467554076201,9.463334698893908,7.391,62.5,8.319467554076201,76.23841266055248,2,1,1,0,1.0,False
MEME,2026-06-14T15:46:46.854Z,2026-06-14T15:46:46.854563Z,2026-06-14T17:46:46.854563Z,7397.9312,7,0.0006364999999999999,15.710919088767078,13.600000000000001,11.408,68.05555555555556,15.710919088767078,75.89922080611439,37,24,11,2,0.8108,False
NOT,2026-06-14T15:46:57.969Z,2026-06-14T15:46:57.969809Z,2026-06-14T17:46:57.969809Z,7386.815954,7,0.0004795,20.855057351408224,10.504201680672272,-1.04,58.68055555555556,20.855057351408224,48.597080153202874,1,1,0,0,1.0,False
PAXG,2026-06-14T15:47:18.256Z,2026-06-14T15:47:18.256698Z,2026-06-14T17:47:18.256698Z,7366.529065,7,4223.870000000001,1.0890486686380885,0.7424223394953027,0.116,60.06944444444444,1.0890486686380885,41.84892665195787,17,10,7,0,1.0,False
SAHARA,2026-06-14T15:47:44.061Z,2026-06-14T15:47:44.061881Z,2026-06-14T17:47:44.061881Z,7340.723882,7,0.014620000000000001,13.679890560876142,9.562841530054659,-3.874,61.111111111111114,13.679890560876142,60.082482214243484,0,0,0,0,,
ZK,2026-06-14T15:48:28.493Z,2026-06-14T15:48:28.493213Z,2026-06-14T17:48:28.493213Z,7296.29255,7,0.011145,8.972633467922469,7.562277580071175,-4.826,69.44444444444444,8.972633467922469,49.64331660972956,16,6,9,1,0.875,False
APE,2026-06-14T15:54:17.203Z,2026-06-14T15:54:17.203683Z,2026-06-14T17:54:17.203683Z,7546.809673,7,0.12285,8.140008140007243,5.136436597110756,-4.375,57.638888888888886,8.140008140007243,50.31928684415075,61,40,21,0,0.7869,False
AXS,2026-06-14T15:54:38.815Z,2026-06-14T15:54:38.815541Z,2026-06-14T17:54:38.815541Z,7525.197815,7,0.9435,10.598834128245903,3.6842105263157925,-1.961,49.30555555555556,10.598834128245903,62.24493427461575,13,3,10,0,0.8462,False
BB,2026-06-14T15:54:46.770Z,2026-06-14T15:54:46.770694Z,2026-06-14T17:54:46.770694Z,7517.242662,7,0.021150000000000002,47.28132387706827,7.943925233644861,-1.835,51.388888888888886,47.28132387706827,55.80931698643754,16,9,7,0,0.9375,False
CAKE,2026-06-14T15:54:58.555Z,2026-06-14T15:54:58.555310Z,2026-06-14T17:54:58.555310Z,7505.458046,7,1.3435000000000001,7.443245254931982,3.8461538461538334,0.222,51.736111111111114,7.443245254931982,62.800816824151596,25,14,11,0,1.0,False
DOGS,2026-06-14T15:55:04.703Z,2026-06-14T15:55:04.703217Z,2026-06-14T17:55:04.703217Z,7499.310139,7,4.3349999999999997e-05,23.068050749710647,5.990783410138254,-2.032,54.861111111111114,23.068050749710647,58.054538093727984,0,0,0,0,,
EGLD,2026-06-14T15:55:12.942Z,2026-06-14T15:55:12.943172Z,2026-06-14T17:55:12.943172Z,7491.070184,7,2.8449999999999998,35.149384885765315,3.1141868512110675,-1.027,45.833333333333336,35.149384885765315,63.24388567834686,24,6,18,0,0.9167,False
ENJ,2026-06-14T15:55:17.922Z,2026-06-14T15:55:17.923069Z,2026-06-14T17:55:17.923069Z,7486.090287,7,0.030085,9.971746717632966,7.531790022823605,-4.455,51.041666666666664,9.971746717632966,60.90281526877445,5,3,2,0,1.0,False
FF,2026-06-14T15:55:28.452Z,2026-06-14T15:55:28.453044Z,2026-06-14T17:55:28.453044Z,7475.560312,7,0.06934499999999999,10.094455259932312,12.202043132803627,-10.592,47.56944444444444,10.094455259932312,30.190251760647275,0,0,0,0,,
GUN,2026-06-14T15:55:37.775Z,2026-06-14T15:55:37.775354Z,2026-06-14T17:55:37.775354Z,7466.238002,7,0.0057350000000000005,17.436791630340817,9.230769230769226,-1.846,48.958333333333336,17.436791630340817,58.19815227374871,0,0,0,0,,
HEI,2026-06-14T15:55:43.525Z,2026-06-14T15:55:43.525274Z,2026-06-14T17:55:43.525274Z,7460.488082,7,0.08505,35.27336860670132,7.398843930635842,-0.346,45.486111111111114,35.27336860670132,45.308149778219,6,2,4,0,1.0,False
LDO,2026-06-14T15:56:13.371Z,2026-06-14T15:56:13.371230Z,2026-06-14T17:56:13.371230Z,7430.642126,7,0.25765,3.8812342324855034,3.2755298651252436,-2.48,46.875,3.8812342324855034,62.916729162519175,0,0,0,0,,
MIRA,2026-06-14T15:56:26.403Z,2026-06-14T15:56:26.404061Z,2026-06-14T17:56:26.404061Z,7417.609295,7,0.0556,35.97122302158252,27.06896551724136,7.407,56.59722222222222,35.97122302158252,56.87540511336956,0,0,0,0,,
PLUME,2026-06-14T15:56:46.800Z,2026-06-14T15:56:46.800439Z,2026-06-14T17:56:46.800439Z,7397.212917,7,0.010315,9.694619486184774,6.859903381642518,-3.631,56.25,9.694619486184774,44.164400443233916,15,5,10,0,1.0,False
QNT,2026-06-14T15:56:58.833Z,2026-06-14T15:56:58.833301Z,2026-06-14T17:56:58.833301Z,7385.180055,7,66.695,13.494264937399986,7.602598169471518,1.742,46.18055555555556,13.494264937399986,47.6971915697213,66,15,49,2,0.1515,False
RED,2026-06-14T15:57:08.474Z,2026-06-14T15:57:08.475112Z,2026-06-14T17:57:08.475112Z,7375.538244,7,0.09225,10.840108401082817,8.681672025723469,-0.85,47.916666666666664,10.840108401082817,41.63378474829615,12,10,2,0,1.0,False
SAPIEN,2026-06-14T15:57:18.950Z,2026-06-14T15:57:18.951036Z,2026-06-14T17:57:18.951036Z,7365.06232,7,0.08115,12.322858903264201,9.569377990430615,1.703,49.65277777777778,12.322858903264201,64.95992240458501,1,1,0,0,1.0,False
SPK,2026-06-14T15:57:36.290Z,2026-06-14T15:57:36.290908Z,2026-06-14T17:57:36.290908Z,7347.722448,7,0.0193865,9.80063446212656,5.4737057499488335,-0.015,54.513888888888886,9.80063446212656,58.99780577348179,65,22,39,4,0.1846,False
TWT,2026-06-14T15:57:53.348Z,2026-06-14T15:57:53.348225Z,2026-06-14T17:57:53.348225Z,7330.665131,7,0.39585,22.735884804850624,4.448353857753204,1.479,55.55555555555556,22.735884804850624,70.02277470687528,24,13,11,0,0.75,False
USDE,2026-06-14T15:57:59.000Z,2026-06-14T15:57:59.000845Z,2026-06-14T17:57:59.000845Z,7325.012511,7,0.99975,1.0002500625155186,0.06001800540161387,-0.01,52.43055555555556,1.0002500625155186,56.38227281262064,3,1,2,0,1.0,False
WIF,2026-06-14T15:58:08.722Z,2026-06-14T15:58:08.722991Z,2026-06-14T17:58:08.722991Z,7315.290365,7,0.15565,6.424670735625874,3.8754764930114316,-2.719,50.69444444444444,6.424670735625874,40.67866330573214,14,6,8,0,1.0,False
AIXBT,2026-06-14T15:58:39.204Z,2026-06-14T15:58:39.205250Z,2026-06-14T17:58:39.205250Z,7284.808106,7,0.023030000000000002,26.0529743812423,9.384416702539825,-2.925,32.986111111111114,26.0529743812423,43.654075480369144,18,6,12,0,1.0,False
BANK,2026-06-14T15:58:47.729Z,2026-06-14T15:58:47.729770Z,2026-06-14T17:58:47.729770Z,7276.283586,7,0.039650000000000005,25.220680958384843,7.142857142857142,1.754,38.541666666666664,25.220680958384843,69.14417562503127,1,1,0,0,1.0,False
BROCCOLI714,2026-06-14T15:58:54.999Z,2026-06-14T15:58:55.000188Z,2026-06-14T17:58:55.000188Z,7269.013168,7,0.01289,15.515903801395798,5.58103975535168,-0.457,37.15277777777778,15.515903801395798,43.96115911785837,0,0,0,0,,
C,2026-06-14T15:59:00.481Z,2026-06-14T15:59:00.482125Z,2026-06-14T17:59:00.482125Z,7263.531231,7,0.09255,10.804970286332022,10.698198198198192,-7.21,42.708333333333336,10.804970286332022,41.82366660700229,0,0,0,0,,
CGPT,2026-06-14T15:59:16.583Z,2026-06-14T15:59:16.583700Z,2026-06-14T17:59:16.583700Z,7247.429656,7,0.020444999999999998,14.673514306675854,4.794188861985478,-1.9,39.583333333333336,14.673514306675854,44.10055990504127,0,0,0,0,,
DYM,2026-06-14T15:59:29.645Z,2026-06-14T15:59:29.645265Z,2026-06-14T17:59:29.645265Z,7234.368091,7,0.016550000000000002,60.42296072507516,12.426035502958587,-6.111,30.90277777777778,60.42296072507516,55.182456157790234,1,1,0,0,1.0,False
EURI,2026-06-14T15:59:44.218Z,2026-06-14T15:59:44.218640Z,2026-06-14T17:59:44.218640Z,7219.794716,7,1.1550500000000001,2.597290160598822,0.9781855955678554,-0.009,44.09722222222222,2.597290160598822,65.95599211514634,0,0,0,0,,
HOLO,2026-06-14T15:59:59.230Z,2026-06-14T15:59:59.230734Z,2026-06-14T17:59:59.230734Z,7204.782622,7,0.06465,15.467904098992882,10.166919575113806,5.272,32.638888888888886,15.467904098992882,68.67474357625666,14,8,5,1,1.0,False
KERNEL,2026-06-14T16:00:14.228Z,2026-06-14T16:00:14.228529Z,2026-06-14T18:00:14.228529Z,7790.143211,7,0.04695,21.299254526092195,2.9598308668076077,-1.046,33.68055555555556,21.299254526092195,55.57194890013106,0,0,0,0,,
LAYER,2026-06-14T16:00:21.403Z,2026-06-14T16:00:21.403581Z,2026-06-14T18:00:21.403581Z,7782.968159,7,0.06515,46.04758250191784,6.033182503770744,-0.301,41.31944444444444,46.04758250191784,39.644541908966175,0,0,0,0,,
NEIRO,2026-06-14T16:00:29.444Z,2026-06-14T16:00:29.445179Z,2026-06-14T18:00:29.445179Z,7774.926561,7,6.782500000000001e-05,36.85956505713122,7.588631702314681,-2.971,40.27777777777778,36.85956505713122,47.821191033306384,23,5,18,0,0.913,False
NOM,2026-06-14T16:00:46.396Z,2026-06-14T16:00:46.396643Z,2026-06-14T18:00:46.396643Z,7757.975097,7,0.001585,63.09148264984243,4.34782608695652,-1.829,31.25,63.09148264984243,56.59826289809133,15,7,8,0,1.0,False
RARE,2026-06-14T16:01:03.415Z,2026-06-14T16:01:03.416039Z,2026-06-14T18:01:03.416039Z,7740.955701,7,0.01285,77.82101167315128,6.153846153846157,-0.763,36.458333333333336,77.82101167315128,55.182086236379334,0,0,0,0,,
REZ,2026-06-14T16:01:08.884Z,2026-06-14T16:01:08.884429Z,2026-06-14T18:01:08.884429Z,7735.487311,7,0.0031869999999999997,6.275494195167342,11.771881671241234,2.245,36.80555555555556,6.275494195167342,67.22590727198862,21,6,14,1,0.7143,False
RSR,2026-06-14T16:01:23.343Z,2026-06-14T16:01:23.343289Z,2026-06-14T18:01:23.343289Z,7721.028451,7,0.0013709999999999998,14.587892049599189,4.758471521268916,0.799,39.93055555555556,14.587892049599189,44.875102835798344,11,5,6,0,1.0,False
SKY,2026-06-14T16:01:33.145Z,2026-06-14T16:01:33.146092Z,2026-06-14T18:01:33.146092Z,7711.225648,7,0.0568,7.042253521127694,2.803738317757011,1.105,32.291666666666664,7.042253521127694,37.81178825807262,66,6,53,7,-0.2424,False
STO,2026-06-14T16:01:46.456Z,2026-06-14T16:01:46.456755Z,2026-06-14T18:01:46.456755Z,7697.914985,7,0.04975,20.10050251256199,8.548707753479121,-4.735,42.013888888888886,20.10050251256199,60.324782239026455,0,0,0,0,,
TLM,2026-06-14T16:01:59.194Z,2026-06-14T16:01:59.194848Z,2026-06-14T18:01:59.194848Z,7685.176892,7,0.0010445,28.721876495930726,16.636851520572446,12.588,38.888888888888886,28.721876495930726,68.20863305657979,1,1,0,0,1.0,False
TOWNS,2026-06-14T16:02:07.541Z,2026-06-14T16:02:07.541988Z,2026-06-14T18:02:07.541988Z,7676.829752,7,0.0022849999999999997,43.76367614879662,10.434782608695642,4.545,39.236111111111114,43.76367614879662,71.39692172618815,10,1,8,1,0.6,False
TRB,2026-06-14T16:02:13.648Z,2026-06-14T16:02:13.649120Z,2026-06-14T18:02:13.649120Z,7670.72262,7,13.425,7.44878957169444,2.531645569620252,0.149,34.375,7.44878957169444,60.62719283474316,3,3,0,0,1.0,False
VANRY,2026-06-14T16:02:25.002Z,2026-06-14T16:02:25.003130Z,2026-06-14T18:02:25.003130Z,7659.36861,7,0.0034385,2.908244874218795,4.965357967667444,-1.507,31.59722222222222,2.908244874218795,55.50925235773248,22,2,20,0,-0.3636,False
CATI,2026-06-14T16:08:50.363Z,2026-06-14T16:08:50.363713Z,2026-06-14T18:08:50.363713Z,7274.008027,7,0.06,33.33333333333313,5.833333333333327,2.916,17.708333333333332,33.33333333333313,63.682271832876324,0,0,0,0,,
DOLO,2026-06-14T16:09:10.504Z,2026-06-14T16:09:10.504177Z,2026-06-14T18:09:10.504177Z,7253.867563,7,0.024105,12.445550715618658,7.670221493027072,-5.723,18.40277777777778,12.445550715618658,55.64686614722572,0,0,0,0,,
ETC,2026-06-14T16:09:23.143Z,2026-06-14T16:09:23.143727Z,2026-06-14T18:09:23.143727Z,7241.228013,7,6.955,14.378145219266408,2.6950354609929135,-1.947,20.833333333333332,14.378145219266408,57.47998341304599,3,2,1,0,0.3333,False
F,2026-06-14T16:09:28.676Z,2026-06-14T16:09:28.676883Z,2026-06-14T18:09:28.676883Z,7235.694857,7,0.003875,25.806451612903295,3.8363171355498817,0.256,19.791666666666668,25.806451612903295,57.64576752020294,0,0,0,0,,
FORM,2026-06-14T16:09:41.141Z,2026-06-14T16:09:41.141855Z,2026-06-14T18:09:41.141855Z,7223.229885,7,0.22410000000000002,35.69834895136078,5.635648754914808,-3.58,23.61111111111111,35.69834895136078,44.977578223391426,1,1,0,0,1.0,False
IMX,2026-06-14T16:09:54.184Z,2026-06-14T16:09:54.185199Z,2026-06-14T18:09:54.185199Z,7210.186541,7,0.14075,7.104795737123748,4.478656403079069,-0.764,19.444444444444443,7.104795737123748,55.18337174137374,50,22,25,3,0.22,False
LISTA,2026-06-14T16:10:24.890Z,2026-06-14T16:10:24.891033Z,2026-06-14T18:10:24.891033Z,7778.553084,7,0.05065,19.743336623890006,2.879078694817661,-0.192,17.01388888888889,19.743336623890006,63.48926918776551,0,0,0,0,,
MANTA,2026-06-14T16:10:40.716Z,2026-06-14T16:10:40.716162Z,2026-06-14T18:10:40.716162Z,7762.727955,7,0.079055,24.033900449053917,5.144291091593466,-3.124,30.208333333333332,24.033900449053917,38.84321359985113,0,0,0,0,,
MUBARAK,2026-06-14T16:10:56.681Z,2026-06-14T16:10:56.681756Z,2026-06-14T18:10:56.681756Z,7746.762361,7,0.01056,18.939393939393167,4.465116279069763,-0.555,28.125,18.939393939393167,63.828074760299955,0,0,0,0,,
NEO,2026-06-14T16:11:01.913Z,2026-06-14T16:11:01.914067Z,2026-06-14T18:11:01.914067Z,7741.53005,7,2.1475,4.65657741560109,3.1379787724965422,-2.211,22.916666666666668,4.65657741560109,59.15712816851945,17,14,3,0,1.0,False
NXPC,2026-06-14T16:11:09.974Z,2026-06-14T16:11:09.975108Z,2026-06-14T18:11:09.975108Z,7733.469009,7,0.35319999999999996,16.987542468855874,2.9403368541250288,-0.793,24.305555555555557,16.987542468855874,55.34161765710918,0,0,0,0,,
PEOPLE,2026-06-14T16:11:17.537Z,2026-06-14T16:11:17.538154Z,2026-06-14T18:11:17.538154Z,7725.905963,7,0.005375,18.604651162791555,3.1423290203327174,-1.815,24.65277777777778,18.604651162791555,48.71958381103553,0,0,0,0,,
PIXEL,2026-06-14T16:11:24.507Z,2026-06-14T16:11:24.508086Z,2026-06-14T18:11:24.508086Z,7718.936031,7,0.0054199999999999995,36.90036900369014,2.747252747252747,-0.727,25.694444444444443,36.90036900369014,59.83231371251277,63,13,43,7,-0.0635,False
SAND,2026-06-14T16:11:29.507Z,2026-06-14T16:11:29.507268Z,2026-06-14T18:11:29.507268Z,7713.936849,7,0.050985,9.806805923311058,2.0483091787439585,-1.165,23.958333333333332,9.806805923311058,60.0608901860749,47,20,24,3,0.3191,False
SHELL,2026-06-14T16:11:35.332Z,2026-06-14T16:11:35.332395Z,2026-06-14T18:11:35.332395Z,7708.111722,7,0.02515,39.76143141153058,3.921568627450984,-1.923,27.77777777777778,39.76143141153058,40.95601837369534,0,0,0,0,,
SXT,2026-06-14T16:11:42.835Z,2026-06-14T16:11:42.836327Z,2026-06-14T18:11:42.836327Z,7700.60779,7,0.008025000000000001,37.38317757009409,6.942752740560285,-3.184,21.52777777777778,37.38317757009409,41.776204967930646,0,0,0,0,,
THE,2026-06-14T16:11:49.895Z,2026-06-14T16:11:49.895948Z,2026-06-14T18:11:49.895948Z,7693.548169,7,0.06695000000000001,14.936519790889148,3.1065088757396317,0.0,18.75,14.936519790889148,61.66927209217874,22,12,9,1,0.6818,False
TNSR,2026-06-14T16:11:57.865Z,2026-06-14T16:11:57.865754Z,2026-06-14T18:11:57.865754Z,7685.578363,7,0.0286,69.93006993006951,3.114186851211078,-2.694,17.36111111111111,69.93006993006951,52.11621618454337,10,5,2,3,0.6,False
TURTLE,2026-06-14T16:12:05.005Z,2026-06-14T16:12:05.006034Z,2026-06-14T18:12:05.006034Z,7678.438083,7,0.03605,27.739251040222708,3.5911602209944626,-1.093,22.22222222222222,27.739251040222708,58.599530899203955,24,16,8,0,0.9167,False
USUAL,2026-06-14T16:12:14.611Z,2026-06-14T16:12:14.611266Z,2026-06-14T18:12:14.611266Z,7668.832851,7,0.009899999999999999,20.202020202021135,3.747534516765287,-2.687,18.055555555555557,20.202020202021135,58.85999137100768,11,3,8,0,1.0,False
YGG,2026-06-14T16:12:26.479Z,2026-06-14T16:12:26.479718Z,2026-06-14T18:12:26.479718Z,7656.964399,7,0.024605000000000002,12.192643771590642,2.732020891924468,-1.348,21.180555555555557,12.192643771590642,52.61854085851611,0,0,0,0,,
CVX,2026-06-14T16:17:53.058Z,2026-06-14T16:17:53.058496Z,2026-06-14T18:17:53.058496Z,7330.385621,7,1.2934999999999999,38.65481252416016,3.3872209391839907,-2.551,19.09722222222222,38.65481252416016,41.53664114023619,20,9,10,1,0.9,False
HAEDAL,2026-06-14T16:17:58.904Z,2026-06-14T16:17:58.904997Z,2026-06-14T18:17:58.904997Z,7324.53912,7,0.019365,25.81977794991037,8.057851239669416,1.788,18.055555555555557,25.81977794991037,57.37084925330799,0,0,0,0,,
1MBABYDOGE,2026-06-14T16:18:59.269Z,2026-06-14T16:18:59.269211Z,2026-06-14T18:18:59.269211Z,7264.174906,7,0.00033005,21.20890774125184,3.7832929782082423,-1.667,7.291666666666667,21.20890774125184,60.13658261009009,0,0,0,0,,
ACT,2026-06-14T16:19:06.995Z,2026-06-14T16:19:06.995383Z,2026-06-14T18:19:06.995383Z,7256.448734,7,0.010180000000000002,39.292730844793816,4.67380720545277,-2.469,13.194444444444445,39.292730844793816,62.211190927999795,11,8,3,0,1.0,False
GMT,2026-06-14T16:20:14.427Z,2026-06-14T16:20:14.428059Z,2026-06-14T18:20:14.428059Z,7789.174165,7,0.00802,24.937655860350276,5.977584059775834,-4.177,15.972222222222221,24.937655860350276,59.44036911422634,1,1,0,0,1.0,False
MAGIC,2026-06-14T16:20:43.423Z,2026-06-14T16:20:43.424011Z,2026-06-14T18:20:43.424011Z,7760.178213,7,0.045899999999999996,43.57298474945508,3.9215686274509713,-2.96,10.069444444444445,43.57298474945508,52.793392983821384,67,28,32,7,0.5522,False
MET,2026-06-14T16:20:58.991Z,2026-06-14T16:20:58.991681Z,2026-06-14T18:20:58.991681Z,7744.610543,7,0.10275000000000001,29.197080291971638,3.203883495145642,-2.554,9.375,29.197080291971638,43.47623384247724,24,6,16,2,0.8333,False
NMR,2026-06-14T16:21:10.959Z,2026-06-14T16:21:10.959248Z,2026-06-14T18:21:10.959248Z,7732.642976,7,8.215,12.172854534388055,3.3734939759036062,-1.19,16.319444444444443,12.172854534388055,57.3721184616433,0,0,0,0,,
ONT,2026-06-14T16:21:19.247Z,2026-06-14T16:21:19.247896Z,2026-06-14T18:21:19.247896Z,7724.354328,7,0.047335,10.563008344776895,2.267478479949607,-1.956,13.541666666666666,10.563008344776895,57.472612766964374,27,9,18,0,0.4444,False
RVN,2026-06-14T16:21:29.470Z,2026-06-14T16:21:29.470273Z,2026-06-14T18:21:29.470273Z,7714.131951,7,0.004235,23.612750885477194,3.738317757009356,-2.948,3.4722222222222223,23.612750885477194,52.52913779178025,2,0,2,0,1.0,False
SIGN,2026-06-14T16:21:37.194Z,2026-06-14T16:21:37.194941Z,2026-06-14T18:21:37.194941Z,7706.407283,7,0.00864,23.148148148147207,2.9171528588098043,-0.58,3.8194444444444446,23.148148148147207,50.498882106051866,0,0,0,0,,
SKL,2026-06-14T16:21:44.602Z,2026-06-14T16:21:44.602470Z,2026-06-14T18:21:44.602470Z,7698.999754,7,0.0040999999999999995,48.78048780487818,5.783132530120497,-3.488,4.861111111111111,48.78048780487818,54.36595018896549,2,1,1,0,1.0,False
SOPH,2026-06-14T16:22:04.827Z,2026-06-14T16:22:04.827689Z,2026-06-14T18:22:04.827689Z,7678.774535,7,0.0055,36.36363636363646,9.584086799276674,-6.745,13.88888888888889,36.36363636363646,57.01177741509665,0,0,0,0,,
STEEM,2026-06-14T16:22:15.312Z,2026-06-14T16:22:15.312324Z,2026-06-14T18:22:15.312324Z,7668.2899,7,0.043505,16.09010458567995,1.6579604814898965,-1.499,8.333333333333334,16.09010458567995,52.06685385743939,0,0,0,0,,
UMA,2026-06-14T16:22:25.761Z,2026-06-14T16:22:25.761865Z,2026-06-14T18:22:25.761865Z,7657.840359,7,0.3935,25.412960609911078,2.2613065326633186,-1.241,5.555555555555555,25.412960609911078,61.60952744335477,0,0,0,0,,
VANA,2026-06-14T16:22:32.948Z,2026-06-14T16:22:32.948915Z,2026-06-14T18:22:32.948915Z,7650.653309,7,1.0925,9.153318077802195,4.940530649588293,-3.103,10.76388888888889,9.153318077802195,55.85615796384897,0,0,0,0,,
VELODROME,2026-06-14T16:22:38.550Z,2026-06-14T16:22:38.551127Z,2026-06-14T18:22:38.551127Z,7645.051097,7,0.01346,14.858841010400583,4.933726067746689,-3.138,3.125,14.858841010400583,50.73358014817337,0,0,0,0,,
XAI,2026-06-14T16:22:50.183Z,2026-06-14T16:22:50.183374Z,2026-06-14T18:22:50.183374Z,7633.41885,7,0.00788,76.14213197969673,3.383458646616556,-1.115,11.11111111111111,76.14213197969673,56.29180925679898,0,0,0,0,,
XVG,2026-06-14T16:22:58.249Z,2026-06-14T16:22:58.249242Z,2026-06-14T18:22:58.249242Z,7625.352982,7,0.0024665,20.271639975673207,3.8072093965168223,-3.024,5.902777777777778,20.271639975673207,35.258338853601515,17,13,4,0,0.7647,False
ADA,2026-06-14T16:29:10.130Z,2026-06-14T16:29:10.130640Z,2026-06-14T18:29:10.130640Z,7253.471584,7,0.16605,6.0222824450460095,5.0806933652121815,-3.573,93.05555555555556,6.0222824450460095,58.60078684121575,44,16,21,7,0.2273,False
ALGO,2026-06-14T16:29:16.627Z,2026-06-14T16:29:16.627593Z,2026-06-14T18:29:16.627593Z,7246.974631,7,0.08945,11.179429849078016,6.969026548672567,2.611,89.58333333333333,11.179429849078016,65.36139680597984,9,5,3,1,1.0,False
COTI,2026-06-14T16:29:44.893Z,2026-06-14T16:29:44.893786Z,2026-06-14T18:29:44.893786Z,7218.708438,7,0.009705,30.91190108191528,3.893442622950821,-1.91,2.7777777777777777,30.91190108191528,52.59358080748404,0,0,0,0,,
ETH,2026-06-14T16:30:09.636Z,2026-06-14T16:30:09.637092Z,2026-06-14T18:30:09.637092Z,7793.712189,7,1660.745,0.06021394012922456,2.5720807304180644,-0.53,99.65277777777777,0.06021394012922456,57.59867351779292,32,15,15,2,0.2812,False
FET,2026-06-14T16:30:20.350Z,2026-06-14T16:30:20.351132Z,2026-06-14T18:30:20.351132Z,7782.998149,7,0.20105,4.973887092762446,8.628428927680803,-2.433,94.09722222222223,4.973887092762446,58.468470278781716,4,1,1,2,0.0,False
ICP,2026-06-14T16:30:27.905Z,2026-06-14T16:30:27.905798Z,2026-06-14T18:30:27.905798Z,7775.443483,7,2.4154999999999998,4.139929621195984,9.616178291374332,-3.041,94.44444444444444,4.139929621195984,53.07177859245796,12,6,4,2,0.3333,False
PEPE,2026-06-14T16:31:04.169Z,2026-06-14T16:31:04.169924Z,2026-06-14T18:31:04.169924Z,7739.179357,7,2.7649999999999998e-06,36.16636528029052,3.9568345323740934,-2.456,97.91666666666667,36.16636528029052,47.76183205874256,60,10,0,50,1.0,False
SOL,2026-06-14T16:31:23.853Z,2026-06-14T16:31:23.854099Z,2026-06-14T18:31:23.854099Z,7719.495182,7,67.36500000000001,1.4844503822467328,3.874020405145631,-0.719,98.95833333333333,1.4844503822467328,58.83965749451312,20,9,9,2,0.6,False
SUI,2026-06-14T16:31:30.376Z,2026-06-14T16:31:30.376690Z,2026-06-14T18:31:30.376690Z,7712.972591,7,0.74825,1.3364517206814432,3.974393171512395,-2.509,95.13888888888889,1.3364517206814432,60.00033538433644,10,2,5,3,0.3,False
SUSHI,2026-06-14T16:31:39.556Z,2026-06-14T16:31:39.556574Z,2026-06-14T18:31:39.556574Z,7703.792707,7,0.1732,34.6420323325629,2.5287356321839165,-1.472,1.0416666666666667,34.6420323325629,54.163195032971245,12,7,5,0,1.0,False
T,2026-06-14T16:31:46.389Z,2026-06-14T16:31:46.389403Z,2026-06-14T18:31:46.389403Z,7696.959878,7,0.003705,80.97165991902855,3.7533512064343264,-3.368,2.0833333333333335,80.97165991902855,53.65139893246299,0,0,0,0,,
TAO,2026-06-14T16:31:53.930Z,2026-06-14T16:31:53.931104Z,2026-06-14T18:31:53.931104Z,7689.418177,7,262.25,3.8131553860828498,11.998485995457983,0.342,98.61111111111111,3.8131553860828498,66.25019800321395,38,15,18,5,0.6579,False
TRUMP,2026-06-14T16:32:06.742Z,2026-06-14T16:32:06.742919Z,2026-06-14T18:32:06.742919Z,7676.606362,7,1.976,10.121457489878551,15.579890492782466,-8.765,93.75,10.121457489878551,49.79585412497191,60,13,4,43,0.9833,False
USD1,2026-06-14T16:32:21.983Z,2026-06-14T16:32:21.983609Z,2026-06-14T18:32:21.983609Z,7661.365672,7,1.00055,0.9994503023336063,0.039980009994998095,0.01,99.30555555555556,0.9994503023336063,70.53823013745165,2,2,0,0,0.0,False
WLD,2026-06-14T16:32:29.530Z,2026-06-14T16:32:29.530617Z,2026-06-14T18:32:29.530617Z,7653.818664,7,0.50185,5.977881837201693,6.809105431309918,-1.977,96.875,5.977881837201693,63.368379331198184,6,2,1,3,-1.0,False
XLM,2026-06-14T16:32:35.590Z,2026-06-14T16:32:35.590849Z,2026-06-14T18:32:35.590849Z,7647.758432,7,0.18195,5.496015388842483,4.582651391162025,-3.221,91.31944444444444,5.496015388842483,59.93807029632292,64,31,28,5,0.5469,False
XPL,2026-06-14T16:32:40.609Z,2026-06-14T16:32:40.609565Z,2026-06-14T18:32:40.609565Z,7642.739716,7,0.0867,23.06805074971231,9.080590238365502,-1.564,90.27777777777777,23.06805074971231,57.992248157189344,2,0,0,2,-1.0,False
XRP,2026-06-14T16:32:46.800Z,2026-06-14T16:32:46.800411Z,2026-06-14T18:32:46.800411Z,7636.54887,7,1.13315,0.8824956978333758,2.621393384940187,-1.251,97.22222222222223,0.8824956978333758,57.724534289821804,25,12,8,5,0.72,False
ZEC,2026-06-14T16:32:53.045Z,2026-06-14T16:32:53.045632Z,2026-06-14T18:32:53.045632Z,7630.303649,7,423.415,2.5979240225314086,5.949001797710279,3.168,98.26388888888889,2.5979240225314086,68.6738341076922,37,26,9,2,0.8378,False
BANANAS31,2026-06-14T16:38:28.374Z,2026-06-14T16:38:28.374331Z,2026-06-14T18:38:28.374331Z,7294.97495,7,0.0104875,14.3027413587615,28.98832684824903,26.65,88.88888888888889,14.3027413587615,71.92043703405028,0,0,0,0,,
FDUSD,2026-06-14T16:38:42.999Z,2026-06-14T16:38:42.999446Z,2026-06-14T18:38:42.999446Z,7280.349835,7,0.99795,1.002054211132712,0.040084176771215146,-0.01,87.15277777777777,1.002054211132712,62.43501148496748,0,0,0,0,,
INJ,2026-06-14T16:38:48.541Z,2026-06-14T16:38:48.541413Z,2026-06-14T18:38:48.541413Z,7274.807868,7,4.9825,2.0070245860500666,6.085232903865221,-3.426,86.45833333333333,2.0070245860500666,43.593683013278735,11,3,6,2,0.8182,False
PENGU,2026-06-14T16:39:00.099Z,2026-06-14T16:39:00.100028Z,2026-06-14T18:39:00.100028Z,7263.249253,7,0.006498,3.0778701138802678,6.027229616031823,-4.051,87.84722222222223,3.0778701138802678,43.02916688585024,5,1,2,2,-0.2,False
ZKC,2026-06-14T16:39:07.926Z,2026-06-14T16:39:07.926436Z,2026-06-14T18:39:07.926436Z,7255.422845,7,0.059399999999999994,33.67003367003347,50.8445945945946,21.811,88.19444444444444,33.67003367003347,57.10571803149741,14,13,1,0,1.0,False
AAVE,2026-06-14T16:44:42.809Z,2026-06-14T16:44:42.810039Z,2026-06-14T18:44:42.810039Z,7521.487157,7,65.53,3.0520372348558267,3.783619510712671,-1.082,79.86111111111111,3.0520372348558267,49.99019581756815,2,2,0,0,1.0,False
ASTER,2026-06-14T16:44:54.888Z,2026-06-14T16:44:54.888165Z,2026-06-14T18:44:54.888165Z,7509.409031,7,0.6214999999999999,16.090104585679825,3.852327447833069,-1.89,75.0,16.090104585679825,63.486678094862306,9,6,2,1,0.7778,False
ATOM,2026-06-14T16:45:00.345Z,2026-06-14T16:45:00.345259Z,2026-06-14T18:45:00.345259Z,7503.951937,7,1.9865,5.033979360685184,3.1456113647894495,0.408,74.65277777777777,5.033979360685184,71.19190785472925,15,5,9,1,0.6667,False
BIO,2026-06-14T16:45:15.557Z,2026-06-14T16:45:15.558006Z,2026-06-14T18:45:15.558006Z,7488.73919,7,0.031415,9.549578226962359,7.6873798846893,-5.02,73.95833333333333,9.549578226962359,52.847820268722884,0,0,0,0,,
CHZ,2026-06-14T16:45:20.733Z,2026-06-14T16:45:20.733553Z,2026-06-14T18:45:20.733553Z,7483.563643,7,0.02495,8.01603206412793,7.494989979959921,-2.003,76.04166666666667,8.01603206412793,41.110993868394715,6,3,2,1,0.0,False
CRV,2026-06-14T16:45:26.573Z,2026-06-14T16:45:26.573837Z,2026-06-14T18:45:26.573837Z,7477.723359,7,0.22875,4.371584699454284,4.381114419396003,-0.55,84.02777777777777,4.371584699454284,57.70976035277028,1,1,0,0,-1.0,False
DASH,2026-06-14T16:45:32.970Z,2026-06-14T16:45:32.971016Z,2026-06-14T18:45:32.971016Z,7471.32618,7,34.775,8.626887131560357,6.035469107551485,-0.2,81.94444444444444,8.626887131560357,44.584122121376,0,0,0,0,,
EDEN,2026-06-14T16:45:38.054Z,2026-06-14T16:45:38.055030Z,2026-06-14T18:45:38.055030Z,7466.242166,7,0.0445,44.94382022471883,9.557109557109555,6.452,73.61111111111111,44.94382022471883,68.2923065104409,0,0,0,0,,
EIGEN,2026-06-14T16:45:43.398Z,2026-06-14T16:45:43.398773Z,2026-06-14T18:45:43.398773Z,7460.898423,7,0.197,10.152284263959682,11.809427268119622,6.304,82.29166666666667,10.152284263959682,59.223793189617616,4,3,1,0,1.0,False
HMSTR,2026-06-14T16:45:57.543Z,2026-06-14T16:45:57.543796Z,2026-06-14T18:45:57.543796Z,7446.7534,7,0.00017175,5.822416302765789,15.99526066350711,-7.304,78.47222222222223,5.822416302765789,50.06552987746064,19,6,13,0,1.0,False
JTO,2026-06-14T16:46:03.027Z,2026-06-14T16:46:03.027319Z,2026-06-14T18:46:03.027319Z,7441.269877,7,0.5406500000000001,9.248127254232053,5.468317014594487,-1.421,76.73611111111111,9.248127254232053,62.937647704581046,0,0,0,0,,
LINK,2026-06-14T16:46:19.212Z,2026-06-14T16:46:19.212977Z,2026-06-14T18:46:19.212977Z,7425.084219,7,7.8075,1.2808197246230493,3.321455841180975,-1.652,85.76388888888889,1.2808197246230493,53.948925747990224,16,8,6,2,0.375,False
MITO,2026-06-14T16:46:38.343Z,2026-06-14T16:46:38.343806Z,2026-06-14T18:46:38.343806Z,7405.95339,7,0.021034999999999998,33.277870216304805,38.8421573478476,12.653,83.68055555555556,33.277870216304805,72.1946013631449,6,5,0,1,0.3333,False
OP,2026-06-14T16:46:53.861Z,2026-06-14T16:46:53.861640Z,2026-06-14T18:46:53.861640Z,7390.435556,7,0.10585,9.44733112895503,5.273069679849348,-1.025,80.55555555555556,9.44733112895503,65.04299418847009,66,23,31,12,0.2576,False
OPEN,2026-06-14T16:46:59.002Z,2026-06-14T16:46:59.002889Z,2026-06-14T18:46:59.002889Z,7385.294307,7,0.23945,12.528711630820409,10.162432319866724,-0.908,72.91666666666667,12.528711630820409,57.36348892078285,5,3,2,0,1.0,False
PENDLE,2026-06-14T16:47:10.472Z,2026-06-14T16:47:10.472767Z,2026-06-14T18:47:10.472767Z,7373.824429,7,1.3045,7.665772326561057,6.941266209000761,-0.456,81.25,7.665772326561057,64.67149868186185,1,1,0,0,1.0,False
PUMP,2026-06-14T16:47:16.626Z,2026-06-14T16:47:16.626997Z,2026-06-14T18:47:16.626997Z,7367.670199,7,0.0015045,6.6467264872059335,5.0065876152832605,-2.254,85.41666666666667,6.6467264872059335,54.30483512319396,3,3,0,0,1.0,False
PYTH,2026-06-14T16:47:23.093Z,2026-06-14T16:47:23.094198Z,2026-06-14T18:47:23.094198Z,7361.202998,7,0.03795,26.35046113306876,6.81818181818182,1.799,84.375,26.35046113306876,67.84603451942024,3,1,0,2,-0.3333,False
SAGA,2026-06-14T16:47:28.317Z,2026-06-14T16:47:28.317718Z,2026-06-14T18:47:28.317718Z,7355.979478,7,0.012605,7.933359777865603,11.66272655634358,-2.535,74.30555555555556,7.933359777865603,65.4448717581162,0,0,0,0,,
SEI,2026-06-14T16:47:33.755Z,2026-06-14T16:47:33.756067Z,2026-06-14T18:47:33.756067Z,7350.541129,7,0.053290000000000004,3.7530493525988335,4.3624789365287375,-1.657,81.59722222222223,3.7530493525988335,60.0835084585226,2,2,0,0,-1.0,False
SOMI,2026-06-14T16:47:44.510Z,2026-06-14T16:47:44.510307Z,2026-06-14T18:47:44.510307Z,7339.786889,7,0.1099,18.198362147407256,5.47445255474453,-1.439,76.38888888888889,18.198362147407256,63.701706646756406,0,0,0,0,,
SYN,2026-06-14T16:47:49.674Z,2026-06-14T16:47:49.674263Z,2026-06-14T18:47:49.674263Z,7334.622933,7,0.038849999999999996,25.740025740024695,36.11111111111111,12.821,78.125,25.740025740024695,48.23174102898516,5,5,0,0,0.6,False
TST,2026-06-14T16:47:55.605Z,2026-06-14T16:47:55.605408Z,2026-06-14T18:47:55.605408Z,7328.691788,7,0.015,13.333333333333947,21.95767195767196,-9.407,82.63888888888889,13.333333333333947,67.90717672569909,2,1,1,0,1.0,False
VIRTUAL,2026-06-14T16:48:00.642Z,2026-06-14T16:48:00.642291Z,2026-06-14T18:48:00.642291Z,7323.654905,7,0.60865,4.928941099153322,7.706240737691414,-5.728,73.26388888888889,4.928941099153322,38.07593254985153,12,6,5,1,0.5,False
APT,2026-06-14T16:54:04.025Z,2026-06-14T16:54:04.025861Z,2026-06-14T18:54:04.025861Z,7559.48563,7,0.6485000000000001,15.420200462606026,5.061349693251538,-3.407,65.27777777777777,15.420200462606026,57.504282651642065,11,6,3,2,0.6364,False
ARB,2026-06-14T16:54:09.101Z,2026-06-14T16:54:09.102141Z,2026-06-14T18:54:09.102141Z,7554.40935,7,0.08205000000000001,12.187690432663357,5.474452554744531,-4.084,69.09722222222223,12.187690432663357,62.86534143528213,9,5,3,1,0.7778,False
AVNT,2026-06-14T16:54:16.828Z,2026-06-14T16:54:16.829015Z,2026-06-14T18:54:16.829015Z,7546.682476,7,0.10835,9.229349330872438,8.255159474671672,-4.736,66.31944444444444,9.229349330872438,58.567363977986815,0,0,0,0,,
DOT,2026-06-14T16:54:33.818Z,2026-06-14T16:54:33.819001Z,2026-06-14T18:54:33.819001Z,7529.69249,7,0.9515,10.50972149238046,3.7500000000000036,-2.439,62.15277777777778,10.50972149238046,61.306925639826034,4,3,1,0,1.0,False
DYDX,2026-06-14T16:54:40.822Z,2026-06-14T16:54:40.823156Z,2026-06-14T18:54:40.823156Z,7522.688335,7,0.115385,14.733284222386226,7.981462409886716,-4.982,72.22222222222223,14.733284222386226,45.71777336067228,0,0,0,0,,
EPIC,2026-06-14T16:54:53.251Z,2026-06-14T16:54:53.251417Z,2026-06-14T18:54:53.251417Z,7510.260074,7,0.5115000000000001,19.550342130987307,8.15533980582525,-6.872,63.19444444444444,19.550342130987307,59.00141877991996,0,0,0,0,,
GIGGLE,2026-06-14T16:55:07.162Z,2026-06-14T16:55:07.163068Z,2026-06-14T18:55:07.163068Z,7496.348423,7,28.245,10.62134891131214,8.002832861189809,3.179,67.01388888888889,10.62134891131214,64.43809488988862,12,8,4,0,1.0,False
HYPER,2026-06-14T16:55:20.982Z,2026-06-14T16:55:20.983107Z,2026-06-14T18:55:20.983107Z,7482.528384,7,0.06995000000000001,14.29592566118697,7.681365576102421,-3.83,62.84722222222222,14.29592566118697,57.60696413654909,1,0,0,1,-1.0,False
INIT,2026-06-14T16:55:26.624Z,2026-06-14T16:55:26.624829Z,2026-06-14T18:55:26.624829Z,7476.886662,7,0.05815,17.1969045571802,5.872193436960265,-2.689,71.52777777777777,17.1969045571802,44.275654416348196,0,0,0,0,,
IO,2026-06-14T16:55:32.881Z,2026-06-14T16:55:32.881874Z,2026-06-14T18:55:32.881874Z,7470.629617,7,0.1714,23.337222870479085,10.61320754716982,-7.322,70.48611111111111,23.337222870479085,60.79828015590639,1,1,0,0,1.0,False
ORCA,2026-06-14T16:55:45.331Z,2026-06-14T16:55:45.331535Z,2026-06-14T18:55:45.331535Z,7458.179956,7,1.0975000000000001,9.11161731207391,7.4817518248175245,-4.279,64.58333333333333,9.11161731207391,57.42672916703968,1,0,1,0,1.0,False
ORDI,2026-06-14T16:55:52.851Z,2026-06-14T16:55:52.851890Z,2026-06-14T18:55:52.851890Z,7450.659601,7,3.3310000000000004,12.008405884118892,6.114457831325297,-3.292,70.13888888888889,12.008405884118892,63.20897381284863,11,4,6,1,0.8182,False
PNUT,2026-06-14T16:56:02.976Z,2026-06-14T16:56:02.977040Z,2026-06-14T18:56:02.977040Z,7440.534451,7,0.04335,23.06805074971231,5.26315789473685,-2.889,65.97222222222223,23.06805074971231,64.66310612219729,63,21,37,5,0.1905,False
RUNE,2026-06-14T16:56:13.691Z,2026-06-14T16:56:13.691587Z,2026-06-14T18:56:13.691587Z,7429.819904,7,0.3705,26.990553306342804,7.008086253369279,-5.115,64.93055555555556,26.990553306342804,57.26378879829679,8,0,5,3,0.75,False
SSV,2026-06-14T16:56:24.822Z,2026-06-14T16:56:24.822561Z,2026-06-14T18:56:24.822561Z,7418.68893,7,2.285,8.75273522976028,5.367965367965373,-0.388,63.888888888888886,8.75273522976028,53.13184144687975,0,0,0,0,,
STRK,2026-06-14T16:56:29.990Z,2026-06-14T16:56:29.991117Z,2026-06-14T18:56:29.991117Z,7413.520374,7,0.03375,29.629629629628422,6.231454005934712,-2.601,68.40277777777777,29.629629629628422,60.296635249199,0,0,0,0,,
SYRUP,2026-06-14T16:56:36.711Z,2026-06-14T16:56:36.711320Z,2026-06-14T18:56:36.711320Z,7406.800171,7,0.13305,7.515971439307703,5.2075471698113125,1.767,71.18055555555556,7.515971439307703,58.885164057346245,0,0,0,0,,
TIA,2026-06-14T16:56:43.012Z,2026-06-14T16:56:43.012806Z,2026-06-14T18:56:43.012806Z,7400.498685,7,0.33599999999999997,5.952380952381949,6.923306475678902,-3.817,69.44444444444444,5.952380952381949,60.69904856089688,22,11,8,3,0.4545,False
UNI,2026-06-14T16:56:54.277Z,2026-06-14T16:56:54.278130Z,2026-06-14T18:56:54.278130Z,7389.233361,7,2.4844999999999997,4.024954719258965,3.645833333333341,-2.079,67.36111111111111,4.024954719258965,54.05975679449776,18,8,9,1,0.6667,False
W,2026-06-14T16:57:01.269Z,2026-06-14T16:57:01.269849Z,2026-06-14T18:57:01.269849Z,7382.241642,7,0.009649999999999999,20.725388601037228,5.931321540062428,-2.733,62.5,20.725388601037228,38.19404530324078,21,5,16,0,0.3333,False
ZBT,2026-06-14T16:57:09.704Z,2026-06-14T16:57:09.704727Z,2026-06-14T18:57:09.704727Z,7373.806764,7,0.1123,17.809439002671926,6.179286335944307,-4.09,59.72222222222222,17.809439002671926,62.80154807980554,0,0,0,0,,
ZEN,2026-06-14T16:57:15.733Z,2026-06-14T16:57:15.734251Z,2026-06-14T18:57:15.734251Z,7367.77724,7,4.337,9.222965183307466,4.941392783268211,-0.366,61.458333333333336,9.222965183307466,52.40171497337226,0,0,0,0,,
ZRO,2026-06-14T16:57:31.829Z,2026-06-14T16:57:31.830212Z,2026-06-14T18:57:31.830212Z,7351.681279,7,0.9195,10.875475802066351,5.495689655172407,-1.799,68.75,10.875475802066351,63.793168827583706,11,8,2,1,1.0,False
ARKM,2026-06-14T17:03:09.105Z,2026-06-14T17:03:09.105587Z,2026-06-14T19:03:09.105587Z,7614.73336,7,0.12605,7.933359777865053,7.839999999999991,-2.875,47.916666666666664,7.933359777865053,63.49780465224975,35,10,23,2,0.2286,False
AT,2026-06-14T17:03:14.651Z,2026-06-14T17:03:14.652207Z,2026-06-14T19:03:14.652207Z,7609.18674,7,0.14445000000000002,20.768431983384886,14.593467685892975,9.43,51.388888888888886,20.768431983384886,60.61651094151867,3,3,0,0,1.0,False
FIL,2026-06-14T17:04:03.005Z,2026-06-14T17:04:03.005570Z,2026-06-14T19:04:03.005570Z,7560.833377,7,0.7565,13.218770654329159,5.124835742444157,-3.057,57.986111111111114,13.218770654329159,64.11933771642927,4,3,0,1,1.0,False
HEMI,2026-06-14T17:04:11.820Z,2026-06-14T17:04:11.820240Z,2026-06-14T19:04:11.820240Z,7552.018707,7,0.005965,16.764459346185404,9.484193011647259,-6.532,47.56944444444444,16.764459346185404,58.143384480644855,0,0,0,0,,
IOTA,2026-06-14T17:04:18.718Z,2026-06-14T17:04:18.718464Z,2026-06-14T19:04:18.718464Z,7545.120483,7,0.04575,21.857923497268384,3.0634573304157517,-2.766,44.791666666666664,21.857923497268384,59.257083375206975,0,0,0,0,,
KAIA,2026-06-14T17:04:27.927Z,2026-06-14T17:04:27.927224Z,2026-06-14T19:04:27.927224Z,7535.911723,7,0.03735,26.773761713521516,7.200000000000004,1.902,46.52777777777778,26.773761713521516,62.91849147688704,0,0,0,0,,
KITE,2026-06-14T17:04:44.094Z,2026-06-14T17:04:44.094454Z,2026-06-14T19:04:44.094454Z,7519.744493,7,0.1864,10.729613733905886,5.307855626326968,-2.937,48.611111111111114,10.729613733905886,61.721770996489504,0,0,0,0,,
MORPHO,2026-06-14T17:05:04.279Z,2026-06-14T17:05:04.279195Z,2026-06-14T19:05:04.279195Z,7499.559752,7,1.9485000000000001,5.13215293815813,3.5343035343035374,-0.978,55.208333333333336,5.13215293815813,44.055449054813835,0,0,0,0,,
NIL,2026-06-14T17:05:13.098Z,2026-06-14T17:05:13.098545Z,2026-06-14T19:05:13.098545Z,7490.740402,7,0.0372,21.50537634408701,8.954100827689984,-3.205,58.333333333333336,21.50537634408701,61.59641300350108,9,7,1,1,1.0,False
OSMO,2026-06-14T17:05:20.627Z,2026-06-14T17:05:20.627757Z,2026-06-14T19:05:20.627757Z,7483.21119,7,0.04625,21.621621621622243,8.58369098712447,-2.714,49.30555555555556,21.621621621622243,55.875068364388724,1,1,0,0,1.0,False
PARTI,2026-06-14T17:05:26.691Z,2026-06-14T17:05:26.691917Z,2026-06-14T19:05:26.691917Z,7477.14703,7,0.0584,34.246575342466734,5.008347245409019,2.044,55.55555555555556,34.246575342466734,54.59543609421485,0,0,0,0,,
PHA,2026-06-14T17:05:33.929Z,2026-06-14T17:05:33.929883Z,2026-06-14T19:05:33.929883Z,7469.909064,7,0.03605,27.739251040222708,10.198300283286137,-4.852,57.291666666666664,27.739251040222708,56.37551255709279,0,0,0,0,,
POL,2026-06-14T17:05:46.757Z,2026-06-14T17:05:46.757484Z,2026-06-14T19:05:46.757484Z,7457.081463,7,0.07495,10.673782521680684,2.553247784098427,0.279,47.22222222222222,10.673782521680684,60.11863335126531,11,4,5,2,0.9091,False
RAY,2026-06-14T17:05:58.879Z,2026-06-14T17:05:58.879243Z,2026-06-14T19:05:58.879243Z,7444.959704,7,0.5914999999999999,16.906170752324616,6.228956228956235,-2.142,57.638888888888886,16.906170752324616,59.73184318722445,37,34,3,0,0.9459,False
RESOLV,2026-06-14T17:06:11.435Z,2026-06-14T17:06:11.435959Z,2026-06-14T19:06:11.435959Z,7432.402988,7,0.01765,56.65722379603366,4.1666666666666625,-1.176,51.736111111111114,56.65722379603366,57.36047916156294,0,0,0,0,,
TURBO,2026-06-14T17:06:44.902Z,2026-06-14T17:06:44.902409Z,2026-06-14T19:06:44.902409Z,7398.936538,7,0.0008825,11.331444759207074,6.01336302895323,1.012,46.875,11.331444759207074,57.7351317306565,0,0,0,0,,
WAL,2026-06-14T17:06:52.973Z,2026-06-14T17:06:52.974171Z,2026-06-14T19:06:52.974171Z,7390.864776,7,0.03315,30.165912518854558,7.76119402985074,-2.047,56.94444444444444,30.165912518854558,43.60260342864908,1,0,1,0,1.0,False
2Z,2026-06-14T17:12:32.731Z,2026-06-14T17:12:32.731684Z,2026-06-14T19:12:32.731684Z,7651.373479,7,0.068485,16.061911367452577,6.782127783437654,-3.578,37.5,16.061911367452577,46.154356260874984,0,0,0,0,,
CETUS,2026-06-14T17:12:58.506Z,2026-06-14T17:12:58.506727Z,2026-06-14T19:12:58.506727Z,7625.598436,7,0.018314999999999998,16.380016380015714,7.721796276013134,-4.697,42.361111111111114,16.380016380015714,58.772900378747615,1,1,0,0,1.0,False
CKB,2026-06-14T17:13:15.577Z,2026-06-14T17:13:15.577729Z,2026-06-14T19:13:15.577729Z,7608.527434,7,0.0011125,8.988764044945013,4.93716337522441,-2.537,31.944444444444443,8.988764044945013,55.42317026594879,15,3,12,0,0.6,False
ERA,2026-06-14T17:13:20.526Z,2026-06-14T17:13:20.526476Z,2026-06-14T19:13:20.526476Z,7603.578687,7,0.10045000000000001,9.95520159283254,7.798617966436332,-0.686,32.291666666666664,9.95520159283254,65.46572657857014,0,0,0,0,,
EUL,2026-06-14T17:13:26.815Z,2026-06-14T17:13:26.815354Z,2026-06-14T19:13:26.815354Z,7597.289809,7,1.0105,29.68827313211394,8.33333333333333,8.379,32.638888888888886,29.68827313211394,72.24938357255655,14,8,5,1,1.0,False
FLOKI,2026-06-14T17:13:33.057Z,2026-06-14T17:13:33.057279Z,2026-06-14T19:13:33.057279Z,7591.047884,7,2.4535e-05,4.075810067250136,3.3548908649959603,-1.159,36.111111111111114,4.075810067250136,64.04117744831935,14,7,6,1,1.0,False
GPS,2026-06-14T17:13:40.124Z,2026-06-14T17:13:40.124952Z,2026-06-14T19:13:40.124952Z,7583.980211,7,0.007595,13.166556945358252,6.7105263157894735,2.981,41.31944444444444,13.166556945358252,56.05997804496956,0,0,0,0,,
GRT,2026-06-14T17:13:46.200Z,2026-06-14T17:13:46.200872Z,2026-06-14T19:13:46.200872Z,7577.904291,7,0.0195,20.512820512819676,3.5659704533876853,-1.456,30.90277777777778,20.512820512819676,62.75493348806007,30,13,14,3,0.4,False
NEWT,2026-06-14T17:14:28.289Z,2026-06-14T17:14:28.289860Z,2026-06-14T19:14:28.289860Z,7535.815303,7,0.05315,56.44402634054593,16.318785578747622,-0.378,42.013888888888886,56.44402634054593,61.77795460490982,0,0,0,0,,
PROVE,2026-06-14T17:14:38.996Z,2026-06-14T17:14:38.996872Z,2026-06-14T19:14:38.996872Z,7525.108291,7,0.1976,10.121457489877429,4.728370221327977,2.158,39.93055555555556,10.121457489877429,67.45390504517277,2,2,0,0,1.0,False
ROSE,2026-06-14T17:14:56.811Z,2026-06-14T17:14:56.811618Z,2026-06-14T19:14:56.811618Z,7507.293545,7,0.006225,16.06425702811319,5.119999999999999,-3.251,34.72222222222222,16.06425702811319,58.28268610047333,61,27,33,1,0.4262,False
S,2026-06-14T17:15:08.083Z,2026-06-14T17:15:08.083201Z,2026-06-14T19:15:08.083201Z,7496.021962,7,0.030035,9.988346928582912,4.23089537553296,-1.071,44.44444444444444,9.988346928582912,53.71552125418425,0,0,0,0,,
SOLV,2026-06-14T17:15:23.812Z,2026-06-14T17:15:23.812272Z,2026-06-14T19:15:23.812272Z,7480.292891,7,0.0033049999999999998,30.257186081694485,4.531722054380664,-1.194,35.763888888888886,30.257186081694485,55.4059896162324,0,0,0,0,,
STX,2026-06-14T17:15:38.362Z,2026-06-14T17:15:38.363006Z,2026-06-14T19:15:38.363006Z,7465.742157,7,0.18564999999999998,5.386479935363143,5.274488697524222,0.324,43.75,5.386479935363143,62.78386481454145,61,24,34,3,0.5082,False
THETA,2026-06-14T17:15:45.333Z,2026-06-14T17:15:45.334043Z,2026-06-14T19:15:45.334043Z,7458.77112,7,0.15875,6.299212598424503,4.190476190476187,-1.991,36.458333333333336,6.299212598424503,50.54821304075125,0,0,0,0,,
TREE,2026-06-14T17:16:00.302Z,2026-06-14T17:16:00.303138Z,2026-06-14T19:16:00.303138Z,7443.802025,7,0.04575,21.857923497268384,5.615550755939521,0.0,36.80555555555556,21.857923497268384,62.5733699396508,0,0,0,0,,
VET,2026-06-14T17:16:06.408Z,2026-06-14T17:16:06.408230Z,2026-06-14T19:16:06.408230Z,7437.696933,7,0.004895,8.17160367722274,4.5656565656565755,-2.75,35.416666666666664,8.17160367722274,44.44239477956038,14,5,9,0,0.8571,False
XTZ,2026-06-14T17:16:14.016Z,2026-06-14T17:16:14.016764Z,2026-06-14T19:16:14.016764Z,7430.088399,7,0.22985,4.350663476179638,5.47112462006079,-2.868,43.40277777777778,4.350663476179638,57.89266922051692,6,5,1,0,0.3333,False
A,2026-06-14T17:21:55.236Z,2026-06-14T17:21:55.236845Z,2026-06-14T19:21:55.236845Z,7688.075657,7,0.07145,41.9874037788656,6.406685236768811,-1.778,28.125,41.9874037788656,39.62133746333628,0,0,0,0,,
ACH,2026-06-14T17:22:00.298Z,2026-06-14T17:22:00.298403Z,2026-06-14T19:22:00.298403Z,7683.014099,7,0.005255,19.02949571836269,4.761904761904749,-3.315,24.305555555555557,19.02949571836269,59.85885653402957,10,5,5,0,1.0,False
ANIME,2026-06-14T17:22:07.568Z,2026-06-14T17:22:07.568649Z,2026-06-14T19:22:07.568649Z,7675.743853,7,0.0029249999999999996,34.18803418803429,4.109589041095886,-2.667,20.48611111111111,34.18803418803429,56.71462936267238,11,2,9,0,1.0,False
API3,2026-06-14T17:22:12.809Z,2026-06-14T17:22:12.809652Z,2026-06-14T19:22:12.809652Z,7670.50285,7,0.2554,7.8308535630375085,3.79350801720766,-0.815,25.694444444444443,7.8308535630375085,35.95987277809427,0,0,0,0,,
AUCTION,2026-06-14T17:22:19.787Z,2026-06-14T17:22:19.787688Z,2026-06-14T19:22:19.787688Z,7663.524814,7,3.745,26.70226969292333,2.4064171122994615,-0.532,20.13888888888889,26.70226969292333,34.075781026943794,1,1,0,0,1.0,True
BARD,2026-06-14T17:22:27.269Z,2026-06-14T17:22:27.269364Z,2026-06-14T19:22:27.269364Z,7656.043138,7,0.15635,6.395906619764423,7.987012987012991,-6.497,23.61111111111111,6.395906619764423,43.285478448931734,0,0,0,0,,
BOME,2026-06-14T17:22:34.252Z,2026-06-14T17:22:34.252729Z,2026-06-14T19:22:34.252729Z,7649.059773,7,0.0004265,23.446658851114286,4.23529411764706,-2.746,29.166666666666668,23.446658851114286,57.45706967449805,17,10,7,0,1.0,False
CFX,2026-06-14T17:22:47.197Z,2026-06-14T17:22:47.198033Z,2026-06-14T19:22:47.198033Z,7636.114469,7,0.044205,2.262187535345803,3.243243243243252,-1.965,18.40277777777778,2.262187535345803,60.667940282142176,0,0,0,0,,
COOKIE,2026-06-14T17:22:53.980Z,2026-06-14T17:22:53.980856Z,2026-06-14T19:22:53.980856Z,7629.331646,7,0.00925,108.10810810810746,5.434782608695657,-1.075,30.555555555555557,108.10810810810746,33.86300404169009,0,0,0,0,,
COW,2026-06-14T17:23:00.248Z,2026-06-14T17:23:00.248611Z,2026-06-14T19:23:00.248611Z,7623.063891,7,0.15215,32.86230693394679,4.463690872751506,2.109,17.36111111111111,32.86230693394679,60.881564171120445,0,0,0,0,,
CYBER,2026-06-14T17:23:16.824Z,2026-06-14T17:23:16.824164Z,2026-06-14T19:23:16.824164Z,7606.488338,7,0.34,58.82352941176476,3.550295857988152,-2.312,29.86111111111111,58.82352941176476,39.95298955904798,0,0,0,0,,
ENS,2026-06-14T17:23:33.919Z,2026-06-14T17:23:33.920341Z,2026-06-14T19:23:33.920341Z,7589.392161,7,4.855,20.597322348096135,3.7113402061855614,-1.623,30.208333333333332,20.597322348096135,58.79905133494115,0,0,0,0,,
LA,2026-06-14T17:24:12.822Z,2026-06-14T17:24:12.823104Z,2026-06-14T19:24:12.823104Z,7550.489398,7,0.0769,52.01560468140411,11.811023622047236,4.959,25.34722222222222,52.01560468140411,67.30169103184612,0,0,0,0,,
LINEA,2026-06-14T17:24:19.724Z,2026-06-14T17:24:19.725447Z,2026-06-14T19:24:19.725447Z,7543.587055,7,0.0024935,4.010427110487799,6.335754640839387,-4.435,26.73611111111111,4.010427110487799,40.771388224448955,14,4,10,0,1.0,False
MOVE,2026-06-14T17:24:38.483Z,2026-06-14T17:24:38.483950Z,2026-06-14T19:24:38.483950Z,7524.828552,7,0.01165,85.83690987124561,6.034482758620698,-4.918,26.041666666666668,85.83690987124561,46.92657098965608,0,0,0,0,,
TUT,2026-06-14T17:25:42.835Z,2026-06-14T17:25:42.835727Z,2026-06-14T19:25:42.835727Z,7460.476775,7,0.010790000000000001,37.071362372567286,3.3519553072625627,0.0,21.52777777777778,37.071362372567286,63.84268697442411,0,0,0,0,,
YB,2026-06-14T17:26:00.690Z,2026-06-14T17:26:00.690750Z,2026-06-14T19:26:00.690750Z,7442.621752,7,0.09245,32.449972958356796,6.857142857142863,-2.886,21.180555555555557,32.449972958356796,40.084892049042686,1,1,0,0,1.0,False
1000CAT,2026-06-14T17:31:38.390Z,2026-06-14T17:31:38.390821Z,2026-06-14T19:31:38.390821Z,7704.95093,7,0.001475,67.7966101694917,3.355704697986586,-1.974,6.25,67.7966101694917,54.763522434065756,65,22,35,8,-0.0154,False
1000SATS,2026-06-14T17:31:43.517Z,2026-06-14T17:31:43.517997Z,2026-06-14T19:31:43.517997Z,7699.823754,7,9.424999999999999e-06,31.83023872679015,4.862579281183923,-3.272,14.583333333333334,31.83023872679015,56.592143298566754,60,12,46,2,0.9667,False
ACX,2026-06-14T17:32:02.906Z,2026-06-14T17:32:02.906421Z,2026-06-14T19:32:02.906421Z,7680.43533,7,0.042135,26.106562240417464,1.5577059240028344,-0.306,6.597222222222222,26.106562240417464,39.91579541472428,45,19,19,7,0.2,False
AEVO,2026-06-14T17:32:09.595Z,2026-06-14T17:32:09.596225Z,2026-06-14T19:32:09.596225Z,7673.745526,7,0.019610000000000002,50.99439061703181,4.147465437788028,-1.662,4.166666666666667,50.99439061703181,54.495338857798615,0,0,0,0,,
BANANA,2026-06-14T17:32:17.524Z,2026-06-14T17:32:17.524694Z,2026-06-14T19:32:17.524694Z,7665.817057,7,2.9459999999999997,6.788866259335452,3.1196434693177837,-2.18,9.027777777777779,6.788866259335452,56.762560704233444,0,0,0,0,,
BEAMX,2026-06-14T17:32:24.563Z,2026-06-14T17:32:24.563170Z,2026-06-14T19:32:24.563170Z,7658.778581,7,0.0013900000000000002,14.388489208633441,4.616477272727269,-3.496,14.23611111111111,14.388489208633441,28.121711882918376,0,0,0,0,,
BIGTIME,2026-06-14T17:32:32.797Z,2026-06-14T17:32:32.797882Z,2026-06-14T19:32:32.797882Z,7650.543869,7,0.008820000000000001,45.351473922902606,7.6411960132890515,1.12,7.986111111111111,45.351473922902606,45.63859488596292,65,23,35,7,-0.1077,False
BLUR,2026-06-14T17:32:39.582Z,2026-06-14T17:32:39.582751Z,2026-06-14T19:32:39.582751Z,7643.759,7,0.017785000000000002,5.62271577171751,4.3771043771043745,-3.152,14.930555555555555,5.62271577171751,58.09630008968668,10,3,7,0,1.0,False
BMT,2026-06-14T17:32:47.216Z,2026-06-14T17:32:47.216295Z,2026-06-14T19:32:47.216295Z,7636.125456,7,0.012805,7.809449433814597,3.442879499217523,-1.007,7.638888888888889,7.809449433814597,58.10916562009075,0,0,0,0,,
COMP,2026-06-14T17:32:54.735Z,2026-06-14T17:32:54.736002Z,2026-06-14T19:32:54.736002Z,7628.605749,7,17.345,17.29605073508281,2.7665706051873222,-0.8,8.680555555555555,17.29605073508281,41.09023269166115,64,25,35,4,0.375,False
FLUX,2026-06-14T17:33:07.455Z,2026-06-14T17:33:07.455764Z,2026-06-14T19:33:07.455764Z,7615.885987,7,0.05085,19.665683382498106,5.118110236220469,-3.053,10.416666666666666,19.665683382498106,58.293251394677064,1,1,0,0,1.0,False
GMX,2026-06-14T17:33:20.160Z,2026-06-14T17:33:20.160982Z,2026-06-14T19:33:20.160982Z,7603.180769,7,5.6899999999999995,35.149384885765315,3.8664323374340905,1.246,5.208333333333333,35.149384885765315,64.6116663846612,1,1,0,0,1.0,False
HIVE,2026-06-14T17:33:27.986Z,2026-06-14T17:33:27.986383Z,2026-06-14T19:33:27.986383Z,7595.355368,7,0.049100000000000005,40.7331975560079,3.6659877800407257,-2.191,11.805555555555555,40.7331975560079,54.451864438611565,14,4,8,2,0.8571,False
ILV,2026-06-14T17:33:34.714Z,2026-06-14T17:33:34.714422Z,2026-06-14T19:33:34.714422Z,7588.627329,7,3.335,29.985007496251235,5.740181268882187,-2.647,12.847222222222221,29.985007496251235,55.45646013440689,10,4,6,0,1.0,False
LPT,2026-06-14T17:33:47.632Z,2026-06-14T17:33:47.633027Z,2026-06-14T19:33:47.633027Z,7575.708724,7,1.7555,17.089148390771243,4.347826086956532,-3.645,6.944444444444445,17.089148390771243,32.50993924595298,1,1,0,0,1.0,False
MASK,2026-06-14T17:34:00.094Z,2026-06-14T17:34:00.094836Z,2026-06-14T19:34:00.094836Z,7563.246915,7,0.364,54.94505494505499,6.077348066298348,-0.549,11.458333333333334,54.94505494505499,55.28760743647702,60,1,59,0,1.0,False
ME,2026-06-14T17:34:07.840Z,2026-06-14T17:34:07.840250Z,2026-06-14T19:34:07.840250Z,7555.501501,7,0.061,65.57377049180288,4.94233937397034,-2.724,4.513888888888889,65.57377049180288,39.30313385270263,16,9,7,0,0.75,False
MINA,2026-06-14T17:34:18.477Z,2026-06-14T17:34:18.477868Z,2026-06-14T19:34:18.477868Z,7544.863883,7,0.041800000000000004,47.846889952152814,5.515587529976011,-3.917,16.666666666666668,47.846889952152814,33.802949160152224,1,1,0,0,1.0,False
SNX,2026-06-14T17:34:56.239Z,2026-06-14T17:34:56.239811Z,2026-06-14T19:34:56.239811Z,7507.10194,7,0.2375,42.10526315789478,2.521008403361347,-0.833,12.5,42.10526315789478,42.02318046723853,0,0,0,0,,
WCT,2026-06-14T17:35:43.158Z,2026-06-14T17:35:43.158469Z,2026-06-14T19:35:43.158469Z,7460.183282,7,0.047115,14.857264140931894,6.27926777352065,-0.043,12.152777777777779,14.857264140931894,37.81379386588124,2,1,0,1,0.0,False
1000CHEEMS,2026-06-14T17:41:29.203Z,2026-06-14T17:41:29.203648Z,2026-06-14T19:41:29.203648Z,7714.033569,7,0.0005765,52.03816131829947,5.438596491228069,-4.841,1.7361111111111112,52.03816131829947,33.37192784814947,0,0,0,0,,
1INCH,2026-06-14T17:41:36.397Z,2026-06-14T17:41:36.397727Z,2026-06-14T19:41:36.397727Z,7706.83949,7,0.0717,55.78800557880215,2.092050209205023,-1.646,1.3888888888888888,55.78800557880215,43.61612964035299,0,0,0,0,,
ALLO,2026-06-14T17:41:50.214Z,2026-06-14T17:41:50.214392Z,2026-06-14T19:41:50.214392Z,7693.022825,7,0.37065000000000003,8.093889113719747,14.836956521739125,-1.867,92.01388888888889,8.093889113719747,59.04327440957006,66,7,54,5,-0.1667,False
BERA,2026-06-14T17:41:57.131Z,2026-06-14T17:41:57.132247Z,2026-06-14T19:41:57.132247Z,7686.10497,7,0.2515,39.76143141153086,7.600000000000007,-3.846,92.36111111111111,39.76143141153086,61.667668419401515,14,3,11,0,0.8571,False
BFUSD,2026-06-14T17:42:03.685Z,2026-06-14T17:42:03.685471Z,2026-06-14T19:42:03.685471Z,7679.551746,7,0.9997,12.003601080323886,0.1201080972875567,0.0,0.3472222222222222,12.003601080323886,39.06619157092585,0,0,0,0,,
BNB,2026-06-14T17:42:08.806Z,2026-06-14T17:42:08.806904Z,2026-06-14T19:42:08.806904Z,7674.430313,7,602.895,0.1658663614724107,1.2904816702285096,0.023,94.79166666666667,0.1658663614724107,49.430932365725994,10,5,2,3,0.5,False
BTC,2026-06-14T17:42:15.044Z,2026-06-14T17:42:15.045147Z,2026-06-14T19:42:15.045147Z,7668.19207,7,63755.825,0.0015684841349064605,1.4040710572280644,0.109,100.0,0.0015684841349064605,54.795742866455015,33,13,13,7,0.303,False
CVC,2026-06-14T17:42:28.227Z,2026-06-14T17:42:28.227497Z,2026-06-14T19:42:28.227497Z,7655.00972,7,0.022670000000000003,44.11116012351097,1.4991181657848327,-1.047,0.6944444444444444,44.11116012351097,33.80940476737507,65,14,47,4,0.2,False
DOGE,2026-06-14T17:42:34.359Z,2026-06-14T17:42:34.359400Z,2026-06-14T19:42:34.359400Z,7648.877817,7,0.08641499999999999,1.1572065035001011,3.3314054366686032,-1.717,92.70833333333333,1.1572065035001011,55.86233250161521,32,25,5,2,0.8125,False
ENA,2026-06-14T17:42:39.390Z,2026-06-14T17:42:39.390449Z,2026-06-14T19:42:39.390449Z,7643.846768,7,0.07995,12.507817385866526,7.019704433497534,-4.695,95.83333333333333,12.507817385866526,50.65479382459678,7,7,0,0,1.0,False
EUR,2026-06-14T17:42:46.814Z,2026-06-14T17:42:46.815064Z,2026-06-14T19:42:46.815064Z,7636.422153,7,1.1557499999999998,0.8652390222798096,0.07785467128028745,-0.043,96.18055555555556,0.8652390222798096,63.09834287878542,0,0,0,0,,
KAITO,2026-06-14T17:43:03.863Z,2026-06-14T17:43:03.863405Z,2026-06-14T19:43:03.863405Z,7619.373812,7,0.46545000000000003,10.74229240519928,14.340021119324186,7.175,93.40277777777777,10.74229240519928,77.7545312351582,10,3,7,0,0.8,False
NEAR,2026-06-14T17:43:14.473Z,2026-06-14T17:43:14.474020Z,2026-06-14T19:43:14.474020Z,7608.763197,7,2.1005000000000003,4.7607712449411554,5.363984674329506,-2.201,97.56944444444444,4.7607712449411554,55.610810180268125,12,9,3,0,0.75,False
ONDO,2026-06-14T17:43:19.509Z,2026-06-14T17:43:19.510059Z,2026-06-14T19:43:19.510059Z,7603.727158,7,0.34535,2.895613146083364,7.648401826484032,-4.705,89.23611111111111,2.895613146083364,37.37688474718636,8,6,1,1,1.0,False
RENDER,2026-06-14T17:43:35.977Z,2026-06-14T17:43:35.977834Z,2026-06-14T19:43:35.977834Z,7587.259383,7,1.7429999999999999,11.474469305794619,5.008635578583763,-1.809,91.66666666666667,11.474469305794619,57.07606371210638,11,5,6,0,0.8182,False
RPL,2026-06-14T17:43:42.898Z,2026-06-14T17:43:42.899085Z,2026-06-14T19:43:42.899085Z,7580.338132,7,1.355,73.80073800738015,3.7037037037036904,-2.878,2.4305555555555554,73.80073800738015,47.35865711454641,0,0,0,0,,
TON,2026-06-14T17:44:11.280Z,2026-06-14T17:44:11.280257Z,2026-06-14T19:44:11.280257Z,7551.95696,7,1.6975,5.891016200293902,4.5060658578856065,-1.142,89.93055555555556,5.891016200293902,50.97934445152472,11,6,5,0,0.2727,False
TRX,2026-06-14T17:44:20.752Z,2026-06-14T17:44:20.752804Z,2026-06-14T19:44:20.752804Z,7542.484413,7,0.31835,3.1411967959789218,1.0050251256281346,0.41,90.625,3.1411967959789218,70.49492432774406,44,34,8,2,0.8182,False
BCH,2026-06-14T17:50:30.967Z,2026-06-14T17:50:30.967301Z,2026-06-14T19:50:30.967301Z,7772.827143,7,199.05,5.02386335091657,4.992585269401875,-2.459,86.80555555555556,5.02386335091657,41.76424805510129,14,5,9,0,0.7143,False
LTC,2026-06-14T17:50:48.955Z,2026-06-14T17:50:48.955817Z,2026-06-14T19:50:48.955817Z,7754.838627,7,44.195,2.2626994003858165,2.492635395422618,0.616,88.54166666666667,2.2626994003858165,50.20089975339759,16,8,8,0,0.75,False
AVAX,2026-06-14T17:56:49.096Z,2026-06-14T17:56:49.096937Z,2026-06-14T19:56:49.096937Z,7394.697507,7,6.4325,1.5546055188487304,4.2579261755245765,-2.77,80.90277777777777,1.5546055188487304,42.85370792486942,7,4,2,1,0.4286,False
BABY,2026-06-14T17:56:54.811Z,2026-06-14T17:56:54.811680Z,2026-06-14T19:56:54.811680Z,7388.982764,7,0.01668,11.990407673860423,9.548387096774198,8.696,80.20833333333333,11.990407673860423,76.91798110164353,7,7,0,0,1.0,False
HBAR,2026-06-14T17:57:38.768Z,2026-06-14T17:57:38.768456Z,2026-06-14T19:57:38.768456Z,7345.025988,7,0.077445,1.2912389437678355,3.1612903225806552,-0.984,86.11111111111111,1.2912389437678355,41.68832243990189,15,7,6,2,0.7333,False
JUP,2026-06-14T17:57:57.354Z,2026-06-14T17:57:57.354883Z,2026-06-14T19:57:57.354883Z,7326.439561,7,0.17025,5.87371512481743,5.697329376854614,-2.601,77.43055555555556,5.87371512481743,50.49111516250467,64,25,38,1,0.4375,False
KMNO,2026-06-14T17:58:04.824Z,2026-06-14T17:58:04.825098Z,2026-06-14T19:58:04.825098Z,7318.969346,7,0.017224999999999997,5.805515239477268,7.321225879682176,-4.499,72.56944444444444,5.805515239477268,42.262544031952956,34,29,3,2,0.8824,False
MEME,2026-06-14T17:58:24.389Z,2026-06-14T17:58:24.389874Z,2026-06-14T19:58:24.389874Z,7299.40457,7,0.0006135,16.299918500406125,18.639053254437876,20.071,75.69444444444444,16.299918500406125,74.57044507861058,42,27,13,2,0.7619,False
MMT,2026-06-14T17:58:36.884Z,2026-06-14T17:58:36.884251Z,2026-06-14T19:58:36.884251Z,7286.910193,7,0.12675,7.889546351083944,10.27667984189723,-2.842,82.98611111111111,7.889546351083944,52.885638140003756,15,12,3,0,1.0,False
SHIB,2026-06-14T17:59:36.210Z,2026-06-14T17:59:36.211127Z,2026-06-14T19:59:36.211127Z,7227.583317,7,4.885e-06,20.470829068577082,3.265306122448983,-1.408,84.72222222222223,20.470829068577082,54.81872266500866,62,19,37,6,0.4355,False
WLFI,2026-06-14T18:00:08.770Z,2026-06-14T18:00:08.771107Z,2026-06-14T20:00:08.771107Z,7795.331649,7,0.058550000000000005,17.079419299743112,5.335628227194502,-1.022,79.16666666666667,17.079419299743112,58.014049683848164,9,6,2,1,0.5556,False
0G,2026-06-14T18:05:57.981Z,2026-06-14T18:05:57.981699Z,2026-06-14T20:05:57.981699Z,7446.121057,7,0.2915,34.30531732418528,6.849315068493158,-2.667,59.375,34.30531732418528,57.24069153827051,0,0,0,0,,
ALT,2026-06-14T18:06:06.291Z,2026-06-14T18:06:06.291412Z,2026-06-14T20:06:06.291412Z,7437.811344,7,0.0064150000000000006,15.588464536243896,7.332293291731669,0.945,63.541666666666664,15.588464536243896,63.82689058760281,7,6,1,0,0.8571,False
APE,2026-06-14T18:06:13.561Z,2026-06-14T18:06:13.561928Z,2026-06-14T20:06:13.561928Z,7430.540828,7,0.12445,8.035355564483957,6.082725060827256,-4.861,59.02777777777778,8.035355564483957,61.641186575055464,50,37,13,0,0.7,False
BONK,2026-06-14T18:06:33.169Z,2026-06-14T18:06:33.169807Z,2026-06-14T20:06:33.169807Z,7410.932949,7,4.345e-06,23.01495972382026,5.045871559633038,-2.679,68.05555555555556,23.01495972382026,54.558596298750466,15,12,3,0,0.8667,False
ENSO,2026-06-14T18:06:58.828Z,2026-06-14T18:06:58.828701Z,2026-06-14T20:06:58.828701Z,7385.274055,7,0.6154999999999999,16.246953696181983,8.108108108108116,-0.317,64.23611111111111,16.246953696181983,66.15491093522672,15,8,7,0,1.0,False
ETHFI,2026-06-14T18:07:10.964Z,2026-06-14T18:07:10.964491Z,2026-06-14T20:07:10.964491Z,7373.138265,7,0.3115,32.10272873194224,5.16129032258065,-2.208,61.111111111111114,32.10272873194224,62.907627470080904,1,1,0,0,-1.0,False
GALA,2026-06-14T18:07:18.853Z,2026-06-14T18:07:18.853489Z,2026-06-14T20:07:18.853489Z,7365.249267,7,0.002595,38.53564547206176,5.426356589147285,-3.731,67.70833333333333,38.53564547206176,58.86690337411206,16,7,9,0,1.0,False
HOME,2026-06-14T18:07:28.208Z,2026-06-14T18:07:28.208455Z,2026-06-14T20:07:28.208455Z,7355.894301,7,0.027315,10.982976386600322,13.106960950764002,0.238,66.66666666666667,10.982976386600322,51.44182055816374,12,4,7,1,0.8333,False
HUMA,2026-06-14T18:07:33.702Z,2026-06-14T18:07:33.702231Z,2026-06-14T20:07:33.702231Z,7350.400525,7,0.02442,8.190008190007857,9.57711442786071,5.052,65.625,8.190008190007857,70.05335017313745,16,8,8,0,1.0,False
MIRA,2026-06-14T18:07:53.068Z,2026-06-14T18:07:53.068642Z,2026-06-14T20:07:53.068642Z,7331.034114,7,0.05555,54.0054005400543,27.98573975044562,4.664,60.416666666666664,54.0054005400543,63.08334560527022,0,0,0,0,,
PAXG,2026-06-14T18:08:08.542Z,2026-06-14T18:08:08.542591Z,2026-06-14T20:08:08.542591Z,7315.560165,7,4220.655000000001,2.866853604476168,0.7415963850430904,0.179,60.763888888888886,2.866853604476168,51.745861712665594,14,7,7,0,1.0,False
SAHARA,2026-06-14T18:08:30.226Z,2026-06-14T18:08:30.226388Z,2026-06-14T20:08:30.226388Z,7293.876368,7,0.01435,13.93728222996459,9.536784741144427,-4.365,61.80555555555556,13.93728222996459,47.322566506291565,0,0,0,0,,
TWT,2026-06-14T18:08:57.077Z,2026-06-14T18:08:57.078105Z,2026-06-14T20:08:57.078105Z,7267.024651,7,0.397,25.18891687657433,4.450590897661552,1.974,58.68055555555556,25.18891687657433,69.58343205187917,3,0,3,0,-0.3333,False
ZK,2026-06-14T18:09:24.504Z,2026-06-14T18:09:24.504387Z,2026-06-14T20:09:24.504387Z,7239.598369,7,0.011210000000000001,17.841213202498587,8.66071428571429,-3.863,69.79166666666667,17.841213202498587,33.411727485867445,18,7,11,0,1.0,False
AR,2026-06-14T18:15:10.658Z,2026-06-14T18:15:10.659093Z,2026-06-14T20:15:10.659093Z,7493.717242,7,2.0069999999999997,9.965122072746507,5.745967741935478,-2.314,56.59722222222222,9.965122072746507,44.81999412393741,11,5,6,0,0.8182,False
AXS,2026-06-14T18:15:30.492Z,2026-06-14T18:15:30.492343Z,2026-06-14T20:15:30.492343Z,7473.883992,7,0.9455,10.57641459545215,4.324894514767936,-1.762,50.34722222222222,10.57641459545215,64.0894959876891,1,0,1,0,1.0,False
BB,2026-06-14T18:15:37.870Z,2026-06-14T18:15:37.870276Z,2026-06-14T20:15:37.870276Z,7466.506059,7,0.021249999999999998,47.058823529411484,9.433962264150935,-5.357,48.263888888888886,47.058823529411484,54.57837434402983,11,4,7,0,0.8182,False
CAKE,2026-06-14T18:15:43.945Z,2026-06-14T18:15:43.946012Z,2026-06-14T20:15:43.946012Z,7460.430323,7,1.3445,7.437709185570025,3.8461538461538334,0.971,54.861111111111114,7.437709185570025,70.19280787004578,11,5,6,0,1.0,False
DOGS,2026-06-14T18:15:50.787Z,2026-06-14T18:15:50.788037Z,2026-06-14T20:15:50.788037Z,7453.588298,7,4.305e-05,23.228803716607583,5.882352941176476,0.683,54.513888888888886,23.228803716607583,64.84223601399889,0,0,0,0,,
EGLD,2026-06-14T18:15:59.085Z,2026-06-14T18:15:59.086210Z,2026-06-14T20:15:59.086210Z,7445.290125,7,2.855,35.02626970227596,4.195804195804199,-2.721,45.486111111111114,35.02626970227596,50.67120102447041,23,10,13,0,0.8261,False
ENJ,2026-06-14T18:16:07.293Z,2026-06-14T18:16:07.293361Z,2026-06-14T20:16:07.293361Z,7437.082974,7,0.029755,10.082339102672575,8.880818752063393,-5.136,52.77777777777778,10.082339102672575,39.74181917288335,33,9,19,5,0.0606,False
EURI,2026-06-14T18:16:16.347Z,2026-06-14T18:16:16.347900Z,2026-06-14T20:16:16.347900Z,7428.028435,7,1.1558,1.730403183941668,1.0131624523726896,-0.043,45.138888888888886,1.730403183941668,58.762899372235395,0,0,0,0,,
FF,2026-06-14T18:16:23.007Z,2026-06-14T18:16:23.008030Z,2026-06-14T20:16:23.008030Z,7421.368305,7,0.07024,11.389521640090651,13.191186922530202,-10.644,51.041666666666664,11.389521640090651,40.61295218598197,0,0,0,0,,
LDO,2026-06-14T18:17:03.780Z,2026-06-14T18:17:03.780180Z,2026-06-14T20:17:03.780180Z,7380.596155,7,0.25775,3.879728419010242,3.6622976098689315,-2.076,45.833333333333336,3.879728419010242,47.63681210958555,10,8,2,0,1.0,False
NOT,2026-06-14T18:17:30.336Z,2026-06-14T18:17:30.336528Z,2026-06-14T20:17:30.336528Z,7354.039807,7,0.0004715,21.20890774125069,10.060362173038232,3.542,53.81944444444444,21.20890774125069,67.6452456635514,3,2,1,0,0.3333,False
PLUME,2026-06-14T18:17:55.544Z,2026-06-14T18:17:55.544916Z,2026-06-14T20:17:55.544916Z,7328.831419,7,0.010375,9.638554216867076,5.961538461538469,-2.894,55.90277777777778,9.638554216867076,65.56066921695056,3,0,3,0,0.3333,False
QNT,2026-06-14T18:18:06.762Z,2026-06-14T18:18:06.762720Z,2026-06-14T20:18:06.762720Z,7317.613615,7,66.96000000000001,8.960573476700725,7.583221376324822,0.525,46.18055555555556,8.960573476700725,48.11963425256996,64,14,44,6,0.2812,False
RED,2026-06-14T18:18:16.117Z,2026-06-14T18:18:16.117682Z,2026-06-14T20:18:16.117682Z,7308.258653,7,0.09384999999999999,10.655301012253904,8.709677419354835,-0.322,48.958333333333336,10.655301012253904,53.71467151454915,0,0,0,0,,
SAPIEN,2026-06-14T18:18:26.915Z,2026-06-14T18:18:26.916055Z,2026-06-14T20:18:26.916055Z,7297.46028,7,0.08185,12.217470983506765,9.76800976800976,-2.5,50.0,12.217470983506765,58.94720644609106,0,0,0,0,,
SPK,2026-06-14T18:18:37.870Z,2026-06-14T18:18:37.870976Z,2026-06-14T20:18:37.870976Z,7286.505359,7,0.01938,14.44788441692479,4.00477872428839,-2.269,52.43055555555556,14.44788441692479,60.23259094305545,66,33,30,3,0.2879,False
TLM,2026-06-14T18:18:45.569Z,2026-06-14T18:18:45.569377Z,2026-06-14T20:18:45.569377Z,7278.806958,7,0.001043,38.350910834131156,20.391061452513966,7.94,53.47222222222222,38.350910834131156,60.33574480103818,10,1,9,0,0.8,False
USDE,2026-06-14T18:18:54.934Z,2026-06-14T18:18:54.935106Z,2026-06-14T20:18:54.935106Z,7269.441229,7,0.99975,1.0002500625155186,0.06001800540161387,0.01,52.083333333333336,1.0002500625155186,69.78895128654663,1,0,1,0,1.0,False
WIF,2026-06-14T18:19:04.333Z,2026-06-14T18:19:04.333610Z,2026-06-14T20:19:04.333610Z,7260.042725,7,0.15645,6.3918184723546805,4.786215698787479,-2.852,53.125,6.3918184723546805,54.805842823779955,27,10,17,0,0.7778,False
C,2026-06-14T18:24:19.048Z,2026-06-14T18:24:19.048405Z,2026-06-14T20:24:19.048405Z,7545.034469,7,0.09245,10.816657652785597,10.813704496788008,-1.059,54.166666666666664,10.816657652785597,55.70266033353701,0,0,0,0,,
TOWNS,2026-06-14T18:24:25.392Z,2026-06-14T18:24:25.392856Z,2026-06-14T20:24:25.392856Z,7538.690018,7,0.0022849999999999997,43.76367614879662,10.434782608695642,5.023,46.18055555555556,43.76367614879662,73.14198889477981,0,0,0,0,,
AIXBT,2026-06-14T18:24:55.235Z,2026-06-14T18:24:55.235613Z,2026-06-14T20:24:55.235613Z,7508.847261,7,0.023129999999999998,25.94033722438436,9.083007388092142,-4.125,34.02777777777778,25.94033722438436,57.13539948382556,14,8,6,0,1.0,False
BANK,2026-06-14T18:25:00.526Z,2026-06-14T18:25:00.526703Z,2026-06-14T20:25:00.526703Z,7503.556171,7,0.038900000000000004,51.41388174807167,7.249999999999999,1.01,39.93055555555556,51.41388174807167,66.4328430804485,0,0,0,0,,
BROCCOLI714,2026-06-14T18:25:07.206Z,2026-06-14T18:25:07.206358Z,2026-06-14T20:25:07.206358Z,7496.876516,7,0.01299,15.396458814472044,7.027027027027036,-1.22,40.625,15.396458814472044,46.89006630323426,0,0,0,0,,
CGPT,2026-06-14T18:25:23.412Z,2026-06-14T18:25:23.412645Z,2026-06-14T20:25:23.412645Z,7480.670229,7,0.02061,9.704027171275685,6.699266503667481,-2.712,36.111111111111114,9.704027171275685,62.9963425917201,1,1,0,0,1.0,False
GUN,2026-06-14T18:25:59.793Z,2026-06-14T18:25:59.794035Z,2026-06-14T20:25:59.794035Z,7444.288839,7,0.005835,17.137960582689963,7.692307692307697,-6.076,43.40277777777778,17.137960582689963,50.99687935655084,1,0,0,1,-1.0,False
HEI,2026-06-14T18:26:05.895Z,2026-06-14T18:26:05.895337Z,2026-06-14T20:26:05.895337Z,7438.187537,7,0.08595,81.44269924374707,8.761682242990647,1.542,42.361111111111114,81.44269924374707,61.430003048619135,0,0,0,0,,
HOLO,2026-06-14T18:26:12.975Z,2026-06-14T18:26:12.975372Z,2026-06-14T20:26:12.975372Z,7431.107502,7,0.06684999999999999,14.958863126402825,8.992248062015502,1.735,31.944444444444443,14.958863126402825,63.569506213769394,20,8,12,0,0.9,False
LAYER,2026-06-14T18:26:19.982Z,2026-06-14T18:26:19.982427Z,2026-06-14T20:26:19.982427Z,7424.100447,7,0.0659,30.349013657057014,5.084745762711861,-2.699,37.84722222222222,30.349013657057014,55.629431635109306,0,0,0,0,,
MANTA,2026-06-14T18:26:27.368Z,2026-06-14T18:26:27.368637Z,2026-06-14T20:26:27.368637Z,7416.714237,7,0.08034,14.936519790888115,17.416582406471186,-4.259,32.986111111111114,14.936519790888115,52.984621419743256,13,8,5,0,0.9231,False
MUBARAK,2026-06-14T18:26:34.149Z,2026-06-14T18:26:34.149705Z,2026-06-14T20:26:34.149705Z,7409.933169,7,0.01065,18.779342723003932,5.392620624408698,-2.22,32.638888888888886,18.779342723003932,61.6580809669421,11,4,7,0,1.0,False
NEIRO,2026-06-14T18:26:41.155Z,2026-06-14T18:26:41.155368Z,2026-06-14T20:26:41.155368Z,7402.927506,7,6.829500000000001e-05,10.249652243942368,5.362962962962957,-3.997,35.763888888888886,10.249652243942368,32.59473060840444,13,6,7,0,1.0,False
NOM,2026-06-14T18:26:50.484Z,2026-06-14T18:26:50.484849Z,2026-06-14T20:26:50.484849Z,7393.598025,7,0.001595,62.69592476489044,5.063291139240506,-4.242,31.59722222222222,62.69592476489044,48.456052022429496,2,1,1,0,0.0,False
RARE,2026-06-14T18:27:03.333Z,2026-06-14T18:27:03.333274Z,2026-06-14T20:27:03.333274Z,7380.7496,7,0.01295,77.22007722007676,7.812499999999993,-3.03,37.15277777777778,77.22007722007676,41.003777898414256,0,0,0,0,,
REZ,2026-06-14T18:27:09.598Z,2026-06-14T18:27:09.598734Z,2026-06-14T20:27:09.598734Z,7374.48414,7,0.003215,6.2208398133756315,12.126924285265474,-1.547,41.31944444444444,6.2208398133756315,39.47085827861725,22,4,18,0,0.8182,False
RSR,2026-06-14T18:27:23.192Z,2026-06-14T18:27:23.193095Z,2026-06-14T20:27:23.193095Z,7360.889779,7,0.0013795,7.2490032620508575,5.263157894736843,-1.085,41.666666666666664,7.2490032620508575,60.92446555623852,0,0,0,0,,
SKY,2026-06-14T18:27:34.252Z,2026-06-14T18:27:34.252727Z,2026-06-14T20:27:34.252727Z,7349.830147,7,0.05683,7.038535984514934,2.8052223006351467,0.711,33.68055555555556,7.038535984514934,55.75128191281142,64,11,44,9,-0.3125,False
STO,2026-06-14T18:27:45.841Z,2026-06-14T18:27:45.841863Z,2026-06-14T20:27:45.841863Z,7338.241011,7,0.05015,19.940179461615724,6.841046277665996,-5.871,39.583333333333336,19.940179461615724,49.634102701856875,0,0,0,0,,
TRB,2026-06-14T18:28:04.579Z,2026-06-14T18:28:04.580196Z,2026-06-14T20:28:04.580196Z,7319.502678,7,13.465,7.426661715558698,3.4996276991809303,0.0,38.541666666666664,7.426661715558698,62.16369820706958,11,5,6,0,1.0,False
CATI,2026-06-14T18:34:48.104Z,2026-06-14T18:34:48.104238Z,2026-06-14T20:34:48.104238Z,7516.405905,7,0.0596,33.55704697986673,4.477611940298509,0.668,18.75,33.55704697986673,63.016641591827025,0,0,0,0,,
CVX,2026-06-14T18:35:09.929Z,2026-06-14T18:35:09.929728Z,2026-06-14T20:35:09.929728Z,7494.580415,7,1.302,46.0829493087558,3.289977046671762,-2.535,19.09722222222222,46.0829493087558,45.09605233252962,18,12,6,0,0.7778,False
DYM,2026-06-14T18:35:21.052Z,2026-06-14T18:35:21.052409Z,2026-06-14T20:35:21.052409Z,7483.457734,7,0.01675,59.70149253731307,11.445783132530114,-5.143,28.47222222222222,59.70149253731307,38.583801728165454,0,0,0,0,,
ETC,2026-06-14T18:35:33.019Z,2026-06-14T18:35:33.020142Z,2026-06-14T20:35:33.020142Z,7471.490001,7,6.985,14.316392269147869,4.028776978417257,-3.606,25.694444444444443,14.316392269147869,55.7115108354407,1,1,0,0,1.0,False
F,2026-06-14T18:35:39.777Z,2026-06-14T18:35:39.777612Z,2026-06-14T20:35:39.777612Z,7464.732531,7,0.003915,25.542784163472778,4.63917525773196,-1.772,19.444444444444443,25.542784163472778,58.650060077795864,0,0,0,0,,
FORM,2026-06-14T18:35:52.976Z,2026-06-14T18:35:52.976692Z,2026-06-14T20:35:52.976692Z,7451.533451,7,0.22675,39.691289966924444,6.060606060606061,-4.103,21.875,39.691289966924444,54.60853785779602,1,1,0,0,1.0,False
HAEDAL,2026-06-14T18:36:00.021Z,2026-06-14T18:36:00.021591Z,2026-06-14T20:36:00.021591Z,7444.488552,7,0.019565,15.333503705596105,8.066184074457079,1.95,18.055555555555557,15.333503705596105,49.35202560967712,1,1,0,0,1.0,False
KERNEL,2026-06-14T18:36:08.525Z,2026-06-14T18:36:08.525723Z,2026-06-14T20:36:08.525723Z,7435.98442,7,0.04765,20.986358866735767,3.8297872340425596,-2.49,25.34722222222222,20.986358866735767,57.64722789194196,0,0,0,0,,
LISTA,2026-06-14T18:36:28.480Z,2026-06-14T18:36:28.481090Z,2026-06-14T20:36:28.481090Z,7416.029053,7,0.051449999999999996,19.436345966957422,3.7549407114624485,-2.317,20.833333333333332,19.436345966957422,53.10275407122487,0,0,0,0,,
NEO,2026-06-14T18:36:44.536Z,2026-06-14T18:36:44.536990Z,2026-06-14T20:36:44.536990Z,7399.973153,7,2.1755,4.596644449553362,3.822843822843816,-3.073,22.916666666666668,4.596644449553362,54.17538279138278,13,1,12,0,1.0,False
NMR,2026-06-14T18:36:52.812Z,2026-06-14T18:36:52.812867Z,2026-06-14T20:36:52.812867Z,7391.697276,7,8.235,12.143290831815165,4.146341463414633,-3.643,17.01388888888889,12.143290831815165,54.62325348971697,0,0,0,0,,
NXPC,2026-06-14T18:36:59.679Z,2026-06-14T18:36:59.679329Z,2026-06-14T20:36:59.679329Z,7384.830814,7,0.35445000000000004,19.748906756946774,3.0869442084395255,0.085,29.166666666666668,19.748906756946774,64.4869285440868,0,0,0,0,,
PEOPLE,2026-06-14T18:37:05.821Z,2026-06-14T18:37:05.822044Z,2026-06-14T20:37:05.822044Z,7378.688099,7,0.005445,18.36547291092671,3.690036900369013,-2.166,22.569444444444443,18.36547291092671,58.089362438338085,0,0,0,0,,
PIXEL,2026-06-14T18:37:13.035Z,2026-06-14T18:37:13.036191Z,2026-06-14T20:37:13.036191Z,7371.473952,7,0.005464999999999999,18.298261665142658,2.394106813996315,-1.093,28.819444444444443,18.298261665142658,43.041163153871686,63,26,33,4,-0.1587,False
SAND,2026-06-14T18:37:19.862Z,2026-06-14T18:37:19.862500Z,2026-06-14T20:37:19.862500Z,7364.647643,7,0.05154,3.8804811796661203,3.737037761690475,-1.389,29.86111111111111,3.8804811796661203,62.59343826464764,62,29,32,1,0.4194,False
SHELL,2026-06-14T18:37:25.667Z,2026-06-14T18:37:25.667923Z,2026-06-14T20:37:25.667923Z,7358.84222,7,0.02565,38.986354775828225,3.1746031746031687,-3.077,29.51388888888889,38.986354775828225,52.806171747447536,0,0,0,0,,
THE,2026-06-14T18:37:32.866Z,2026-06-14T18:37:32.866842Z,2026-06-14T20:37:32.866842Z,7351.643301,7,0.06745000000000001,14.825796886583076,2.6905829596412496,-1.473,23.958333333333332,14.825796886583076,56.2811590704486,20,10,6,4,0.6,False
TURTLE,2026-06-14T18:37:38.063Z,2026-06-14T18:37:38.063278Z,2026-06-14T20:37:38.063278Z,7346.446865,7,0.036500000000000005,54.79452054794487,2.7777777777777803,-1.907,23.61111111111111,54.79452054794487,46.03363177540703,38,34,4,0,0.8421,False
USUAL,2026-06-14T18:37:48.473Z,2026-06-14T18:37:48.473639Z,2026-06-14T20:37:48.473639Z,7336.036504,7,0.009975,10.025062656641197,6.149193548387092,-4.981,21.180555555555557,10.025062656641197,54.16345054255713,11,5,6,0,0.8182,False
VANRY,2026-06-14T18:37:55.921Z,2026-06-14T18:37:55.923136Z,2026-06-14T20:37:55.923136Z,7328.587007,7,0.0034939999999999997,5.724098454492936,4.088785046728971,-2.783,24.305555555555557,5.724098454492936,57.573629395475926,26,3,20,3,-0.1923,False
YGG,2026-06-14T18:38:07.620Z,2026-06-14T18:38:07.621005Z,2026-06-14T20:38:07.621005Z,7316.889138,7,0.025050000000000003,31.936127744511058,4.115729421352896,-3.195,20.48611111111111,31.936127744511058,41.88979763242427,0,0,0,0,,
1MBABYDOGE,2026-06-14T18:43:47.751Z,2026-06-14T18:43:47.751923Z,2026-06-14T20:43:47.751923Z,7575.500228,7,0.0003322,30.102347983143417,3.7959307622229073,-2.023,6.597222222222222,30.102347983143417,30.15125492702842,0,0,0,0,,
ACT,2026-06-14T18:43:54.565Z,2026-06-14T18:43:54.565859Z,2026-06-14T20:43:54.565859Z,7568.686292,7,0.01022,19.569471624265347,3.9728682170542533,-1.338,11.458333333333334,19.569471624265347,50.47115061435612,0,0,0,0,,
DOLO,2026-06-14T18:44:43.341Z,2026-06-14T18:44:43.342177Z,2026-06-14T20:44:43.342177Z,7519.909974,7,0.02426,16.488046166528594,8.3125519534497,-3.606,13.194444444444445,16.488046166528594,57.156310792969315,0,0,0,0,,
GMT,2026-06-14T18:44:53.769Z,2026-06-14T18:44:53.769645Z,2026-06-14T20:44:53.769645Z,7509.482506,7,0.008105,12.338062924120411,5.603985056039859,-4.062,15.277777777777779,12.338062924120411,55.01332324510896,1,0,1,0,1.0,False
IMX,2026-06-14T18:45:18.391Z,2026-06-14T18:45:18.391262Z,2026-06-14T20:45:18.391262Z,7484.860889,7,0.14225,7.0298769771540774,4.7517730496453785,-3.358,15.625,7.0298769771540774,54.661881884655905,50,18,27,5,0.42,False
MAGIC,2026-06-14T18:45:31.438Z,2026-06-14T18:45:31.439178Z,2026-06-14T20:45:31.439178Z,7471.812973,7,0.046299999999999994,43.19654427645762,4.772234273318873,-1.496,10.416666666666666,43.19654427645762,57.52796442867082,71,23,42,6,0.507,False
MET,2026-06-14T18:45:51.206Z,2026-06-14T18:45:51.207126Z,2026-06-14T20:45:51.207126Z,7452.045025,7,0.10464999999999999,28.666985188725143,3.203883495145642,-2.647,10.76388888888889,28.666985188725143,55.25503511204761,20,8,10,2,0.9,False
ONT,2026-06-14T18:46:03.705Z,2026-06-14T18:46:03.705281Z,2026-06-14T20:46:03.705281Z,7439.54687,7,0.04776,8.375209380235619,2.1945558134627543,-1.904,14.23611111111111,8.375209380235619,54.82837848728847,25,14,10,1,0.92,False
RVN,2026-06-14T18:46:10.629Z,2026-06-14T18:46:10.629378Z,2026-06-14T20:46:10.629378Z,7432.622773,7,0.004275,23.39181286549612,4.716981132075484,-3.196,4.166666666666667,23.39181286549612,40.65739557448688,2,1,0,1,1.0,False
SIGN,2026-06-14T18:46:18.764Z,2026-06-14T18:46:18.764681Z,2026-06-14T20:46:18.764681Z,7424.48747,7,0.00887,22.547914317926633,2.890173410404627,-0.346,5.208333333333333,22.547914317926633,68.37747088236385,1,1,0,0,1.0,False
SKL,2026-06-14T18:46:26.397Z,2026-06-14T18:46:26.397541Z,2026-06-14T20:46:26.397541Z,7416.85461,7,0.004189999999999999,47.73269689737484,6.31067961165048,-3.286,5.902777777777778,47.73269689737484,51.53056249525758,12,4,8,0,0.8333,False
SOPH,2026-06-14T18:46:38.865Z,2026-06-14T18:46:38.866067Z,2026-06-14T20:46:38.866067Z,7404.386084,7,0.005549999999999999,36.03603603603614,9.56678700361011,-6.891,14.930555555555555,36.03603603603614,40.72478323152604,0,0,0,0,,
STEEM,2026-06-14T18:46:46.302Z,2026-06-14T18:46:46.302295Z,2026-06-14T20:46:46.302295Z,7396.949856,7,0.043925000000000006,11.38303927148581,2.2120866590649912,-1.902,8.333333333333334,11.38303927148581,39.52536619931854,0,0,0,0,,
SXT,2026-06-14T18:46:53.456Z,2026-06-14T18:46:53.457018Z,2026-06-14T20:46:53.457018Z,7389.795133,7,0.008039999999999999,49.751243781094665,6.4516129032258025,-4.502,16.319444444444443,49.751243781094665,52.72619192562179,2,2,0,0,1.0,False
TNSR,2026-06-14T18:47:00.438Z,2026-06-14T18:47:00.438489Z,2026-06-14T20:47:00.438489Z,7382.813662,7,0.02885,34.66204506065837,4.210526315789473,-3.39,9.375,34.66204506065837,38.15559939816371,16,6,9,1,0.375,False
UMA,2026-06-14T18:47:08.082Z,2026-06-14T18:47:08.082286Z,2026-06-14T20:47:08.082286Z,7375.169865,7,0.3985,25.09410288582185,2.791878172588835,-1.99,6.944444444444445,25.09410288582185,54.382974099177844,0,0,0,0,,
VANA,2026-06-14T18:47:15.348Z,2026-06-14T18:47:15.348795Z,2026-06-14T20:47:15.348795Z,7367.903356,7,1.1045,9.053870529650428,4.6617915904935945,-3.1,10.069444444444445,9.053870529650428,56.72593689995007,0,0,0,0,,
VELODROME,2026-06-14T18:47:22.941Z,2026-06-14T18:47:22.941721Z,2026-06-14T20:47:22.941721Z,7360.31043,7,0.013595,22.06693637366717,5.2670623145400635,-3.989,3.125,22.06693637366717,50.46438836066787,0,0,0,0,,
XAI,2026-06-14T18:47:35.249Z,2026-06-14T18:47:35.250131Z,2026-06-14T20:47:35.250131Z,7348.00202,7,0.008029999999999999,74.71980074719714,4.166666666666672,-2.101,11.805555555555555,74.71980074719714,38.34142574290176,0,0,0,0,,
XVG,2026-06-14T18:47:42.988Z,2026-06-14T18:47:42.988758Z,2026-06-14T20:47:42.988758Z,7340.263393,7,0.002496,48.076923076922505,3.1249999999999925,-2.877,5.555555555555555,48.076923076922505,45.420076519683846,64,19,33,12,-0.2969,False
ADA,2026-06-14T18:53:24.691Z,2026-06-14T18:53:24.691595Z,2026-06-14T20:53:24.691595Z,7599.21877,7,0.16695,5.989817310573031,4.930847865303659,-3.817,93.05555555555556,5.989817310573031,62.26355572921026,26,8,13,5,0.0769,False
ALGO,2026-06-14T18:53:29.662Z,2026-06-14T18:53:29.662249Z,2026-06-14T20:53:29.662249Z,7594.248116,7,0.09045,11.055831951354655,6.815642458100553,1.589,89.58333333333333,11.055831951354655,55.33736321270435,6,5,1,0,1.0,False
BANANAS31,2026-06-14T18:53:39.381Z,2026-06-14T18:53:39.381727Z,2026-06-14T20:53:39.381727Z,7584.528638,7,0.009985,8.012018027039886,33.03656902163507,34.509,90.27777777777777,8.012018027039886,78.48574390758537,0,0,0,0,,
COTI,2026-06-14T18:54:03.330Z,2026-06-14T18:54:03.330425Z,2026-06-14T20:54:03.330425Z,7560.57994,7,0.00986,20.28397565923014,3.881511746680287,-2.49,2.0833333333333335,20.28397565923014,42.73251684304628,0,0,0,0,,
ETH,2026-06-14T18:54:21.759Z,2026-06-14T18:54:21.760095Z,2026-06-14T20:54:21.760095Z,7542.15027,7,1669.995,0.05988041880359466,2.5806684907729913,-1.083,99.65277777777777,0.05988041880359466,61.162485898671335,26,16,4,6,0.2308,False
FET,2026-06-14T18:54:29.451Z,2026-06-14T18:54:29.451462Z,2026-06-14T20:54:29.451462Z,7534.458903,7,0.20395,4.903162539837656,8.615537848605582,-2.854,94.44444444444444,4.903162539837656,49.11925871351512,9,2,7,0,1.0,False
ICP,2026-06-14T18:54:34.992Z,2026-06-14T18:54:34.992414Z,2026-06-14T20:54:34.992414Z,7528.917951,7,2.4305000000000003,4.1143797572511405,9.652029826014918,-4.434,94.09722222222223,4.1143797572511405,54.57450256992466,27,15,12,0,0.7407,False
PEPE,2026-06-14T18:54:58.575Z,2026-06-14T18:54:58.576098Z,2026-06-14T20:54:58.576098Z,7505.334267,7,2.795e-06,35.77817531305869,4.347826086956527,-3.158,97.91666666666667,35.77817531305869,56.51085108208785,20,16,1,3,0.9,False
SOL,2026-06-14T18:55:15.057Z,2026-06-14T18:55:15.057870Z,2026-06-14T20:55:15.057870Z,7488.852495,7,67.805,1.4748174913362015,3.8964901844140254,-1.408,98.95833333333333,1.4748174913362015,49.4650018971358,30,17,9,4,0.4667,False
SUI,2026-06-14T18:55:20.114Z,2026-06-14T18:55:20.114887Z,2026-06-14T20:55:20.114887Z,7483.795478,7,0.7515499999999999,1.3305834608489124,3.9860888175494833,-2.72,94.79166666666667,1.3305834608489124,52.13299943796567,10,7,3,0,0.4,False
SUSHI,2026-06-14T18:55:27.653Z,2026-06-14T18:55:27.653351Z,2026-06-14T20:55:27.653351Z,7476.257014,7,0.1741,57.43825387708219,2.5287356321839165,-1.472,1.0416666666666667,57.43825387708219,40.2868752942457,11,7,4,0,1.0,False
T,2026-06-14T18:55:34.597Z,2026-06-14T18:55:34.597657Z,2026-06-14T20:55:34.597657Z,7469.312708,7,0.0037549999999999997,79.89347536617863,3.7433155080214005,-2.857,2.4305555555555554,79.89347536617863,39.26365842291272,0,0,0,0,,
TAO,2026-06-14T18:55:39.706Z,2026-06-14T18:55:39.706351Z,2026-06-14T20:55:39.706351Z,7464.204014,7,264.85,3.7757221068516476,12.164236377590171,0.657,98.61111111111111,3.7757221068516476,61.5830833823406,38,16,21,1,0.7632,False
TRUMP,2026-06-14T18:55:49.212Z,2026-06-14T18:55:49.212471Z,2026-06-14T20:55:49.212471Z,7454.697894,7,1.9845000000000002,5.03905265810084,16.218955904713624,-12.116,93.40277777777777,5.03905265810084,57.40967755189215,62,49,12,1,0.9355,False
USD1,2026-06-14T18:56:03.777Z,2026-06-14T18:56:03.777438Z,2026-06-14T20:56:03.777438Z,7440.132927,7,1.0006499999999998,0.9993504222254435,0.03997601439136078,0.02,99.30555555555556,0.9993504222254435,72.97221101346162,1,1,0,0,1.0,False
WLD,2026-06-14T18:56:09.339Z,2026-06-14T18:56:09.339365Z,2026-06-14T20:56:09.339365Z,7434.571,7,0.50065,1.9974033756114848,6.786069651741309,-0.159,96.875,1.9974033756114848,56.78799883770764,16,5,10,1,0.75,False
XLM,2026-06-14T18:56:15.369Z,2026-06-14T18:56:15.369432Z,2026-06-14T20:56:15.369432Z,7428.540933,7,0.18245,5.48095368594075,4.623004953219588,-2.938,91.31944444444444,5.48095368594075,48.33885816367944,67,33,32,2,0.4776,False
XPL,2026-06-14T18:56:22.917Z,2026-06-14T18:56:22.917996Z,2026-06-14T20:56:22.917996Z,7420.992369,7,0.09015000000000001,11.092623405435702,9.227220299884669,-2.912,90.97222222222223,11.092623405435702,63.6118108288994,8,3,5,0,1.0,False
XRP,2026-06-14T18:56:28.569Z,2026-06-14T18:56:28.569701Z,2026-06-14T20:56:28.569701Z,7415.340664,7,1.1380499999999998,0.8786960151134748,2.6343705799151387,-1.248,97.22222222222223,0.8786960151134748,53.72157300009488,44,28,7,9,0.5909,False
ZEC,2026-06-14T18:56:34.756Z,2026-06-14T18:56:34.756546Z,2026-06-14T20:56:34.756546Z,7409.153819,7,426.48,2.3447758394289506,5.464363878580257,2.138,98.26388888888889,2.3447758394289506,65.11035462789351,25,15,7,3,0.76,False
FDUSD,2026-06-14T19:02:17.939Z,2026-06-14T19:02:17.940045Z,2026-06-14T21:02:17.940045Z,7665.453986,7,0.99795,1.002054211132712,0.05010522096401893,-0.02,88.54166666666667,1.002054211132712,66.09309259714865,0,0,0,0,,
INJ,2026-06-14T19:02:23.132Z,2026-06-14T19:02:23.132939Z,2026-06-14T21:02:23.132939Z,7660.261092,7,5.0009999999999994,3.9992001599675664,7.446808510638306,-4.266,86.80555555555556,3.9992001599675664,55.859954070581374,13,4,9,0,1.0,False
PENGU,2026-06-14T19:02:37.138Z,2026-06-14T19:02:37.138269Z,2026-06-14T21:02:37.138269Z,7646.255762,7,0.0066029999999999995,3.0289262456450072,5.901386748844371,-4.839,86.45833333333333,3.0289262456450072,53.691539095964586,8,2,6,0,1.0,False
ZKC,2026-06-14T19:02:43.122Z,2026-06-14T19:02:43.122968Z,2026-06-14T21:02:43.122968Z,7640.271063,7,0.059800000000000006,33.4448160535115,50.58823529411766,21.926,88.88888888888889,33.4448160535115,51.78684286132548,4,2,1,1,-0.5,False
AAVE,2026-06-14T19:08:16.393Z,2026-06-14T19:08:16.394001Z,2026-06-14T21:08:16.394001Z,7307.00003,7,65.88,3.0358227079532516,3.892123812442547,-1.879,79.86111111111111,3.0358227079532516,54.3333503493819,16,10,6,0,1.0,False
ASTER,2026-06-14T19:08:27.359Z,2026-06-14T19:08:27.359726Z,2026-06-14T21:08:27.359726Z,7296.034305,7,0.6214999999999999,16.090104585679825,3.858520900321547,-2.66,72.56944444444444,16.090104585679825,59.810961545257925,6,3,3,0,0.6667,False
ATOM,2026-06-14T19:08:32.928Z,2026-06-14T19:08:32.928556Z,2026-06-14T21:08:32.928556Z,7290.465475,7,1.9875,5.031446540879949,3.1616522182559947,-0.153,75.34722222222223,5.031446540879949,59.18808621526079,66,24,38,4,0.3485,False
BIO,2026-06-14T19:08:47.326Z,2026-06-14T19:08:47.327080Z,2026-06-14T21:08:47.327080Z,7276.066951,7,0.03161,6.327111673520781,6.825396825396822,-4.051,73.61111111111111,6.327111673520781,52.48710779640366,0,0,0,0,,
CHZ,2026-06-14T19:08:53.128Z,2026-06-14T19:08:53.129191Z,2026-06-14T21:08:53.129191Z,7270.26484,7,0.025,8.000000000001062,7.4889867841409705,-2.613,73.26388888888889,8.000000000001062,57.25660066726439,2,0,1,1,-1.0,False
CRV,2026-06-14T19:08:58.688Z,2026-06-14T19:08:58.688803Z,2026-06-14T21:08:58.688803Z,7264.705228,7,0.22855,4.375410194705272,6.0884800700832225,-3.467,84.02777777777777,4.375410194705272,54.5626386733796,2,1,0,1,0.0,False
DASH,2026-06-14T19:09:04.255Z,2026-06-14T19:09:04.255936Z,2026-06-14T21:09:04.255936Z,7259.138095,7,35.36,5.656108597283943,6.210283073367992,-1.255,81.59722222222223,5.656108597283943,66.83821474290025,2,2,0,0,1.0,False
EDEN,2026-06-14T19:09:09.622Z,2026-06-14T19:09:09.622883Z,2026-06-14T21:09:09.622883Z,7253.771148,7,0.04675,21.390374331551413,15.283842794759824,13.648,76.04166666666667,21.390374331551413,66.340622554335,2,0,2,0,0.0,False
EIGEN,2026-06-14T19:09:15.694Z,2026-06-14T19:09:15.695169Z,2026-06-14T21:09:15.695169Z,7247.698862,7,0.19915,15.064022093898807,11.550308008213563,3.838,83.68055555555556,15.064022093898807,59.82493838517317,8,5,1,2,0.75,False
HMSTR,2026-06-14T19:09:30.563Z,2026-06-14T19:09:30.563926Z,2026-06-14T21:09:30.563926Z,7232.830105,7,0.0001662,12.033694344163951,12.623045744064845,-5.266,78.125,12.033694344163951,55.88080973497707,3,2,1,0,1.0,False
JTO,2026-06-14T19:09:40.796Z,2026-06-14T19:09:40.796552Z,2026-06-14T21:09:40.796552Z,7222.597479,7,0.54425,1.8373909049148183,5.530642750373684,-0.483,76.73611111111111,1.8373909049148183,50.86115813906314,2,1,1,0,1.0,False
LINK,2026-06-14T19:09:50.636Z,2026-06-14T19:09:50.636393Z,2026-06-14T21:09:50.636393Z,7212.757638,7,7.8525,1.273479783507731,3.4633145202668096,-2.587,85.76388888888889,1.273479783507731,52.697369940519835,23,9,11,3,0.3913,False
MITO,2026-06-14T19:10:08.584Z,2026-06-14T19:10:08.585069Z,2026-06-14T21:10:08.585069Z,7795.076894,7,0.0208,19.230769230770118,37.758537758537756,12.805,84.375,19.230769230770118,70.52361394696209,4,2,2,0,1.0,False
OP,2026-06-14T19:10:24.969Z,2026-06-14T19:10:24.970045Z,2026-06-14T21:10:24.970045Z,7778.691918,7,0.1078,18.552875695732084,4.644549763033177,-3.3,78.47222222222223,18.552875695732084,54.546133555572354,68,33,29,6,0.25,False
OPEN,2026-06-14T19:10:30.287Z,2026-06-14T19:10:30.287930Z,2026-06-14T21:10:30.287930Z,7773.374033,7,0.25175000000000003,19.860973187686213,10.204935173567547,-1.117,73.95833333333333,19.860973187686213,55.0717427806227,5,3,2,0,0.6,False
PENDLE,2026-06-14T19:10:41.394Z,2026-06-14T19:10:41.394367Z,2026-06-14T21:10:41.394367Z,7762.267596,7,1.3505,7.404664938910698,7.0107858243451435,-1.964,81.25,7.404664938910698,50.33885923276534,3,3,0,0,1.0,False
PUMP,2026-06-14T19:10:47.566Z,2026-06-14T19:10:47.566397Z,2026-06-14T21:10:47.566397Z,7756.095566,7,0.00157,12.738853503183641,5.136757838559042,-2.662,85.41666666666667,12.738853503183641,55.056292003108965,3,3,0,0,0.3333,False
PYTH,2026-06-14T19:10:52.668Z,2026-06-14T19:10:52.668971Z,2026-06-14T21:10:52.668971Z,7750.992992,7,0.039150000000000004,25.542784163472774,7.124010554089712,-1.813,84.72222222222223,25.542784163472774,63.977334821822595,0,0,0,0,,
SAGA,2026-06-14T19:11:02.926Z,2026-06-14T19:11:02.926471Z,2026-06-14T21:11:02.926471Z,7740.735492,7,0.01277,15.661707126076104,12.191235059760956,-4.052,74.30555555555556,15.661707126076104,64.05947203120941,1,1,0,0,0.0,False
SEI,2026-06-14T19:11:07.894Z,2026-06-14T19:11:07.894918Z,2026-06-14T21:11:07.894918Z,7735.767045,7,0.054419999999999996,7.350238882764666,4.1721480924638215,-1.754,81.94444444444444,7.350238882764666,50.06225883636915,11,3,7,1,0.8182,False
SOMI,2026-06-14T19:11:18.428Z,2026-06-14T19:11:18.429190Z,2026-06-14T21:11:18.429190Z,7725.232773,7,0.11135,8.980691513246777,6.180811808118079,-3.301,76.38888888888889,8.980691513246777,56.51801281664058,0,0,0,0,,
SYN,2026-06-14T19:11:23.594Z,2026-06-14T19:11:23.594593Z,2026-06-14T21:11:23.594593Z,7720.06737,7,0.03745,26.702269692922812,31.619537275064264,2.368,77.43055555555556,26.702269692922812,59.10548186263836,2,1,0,1,0.0,False
TST,2026-06-14T19:11:28.707Z,2026-06-14T19:11:28.707424Z,2026-06-14T21:11:28.707424Z,7714.954539,7,0.01514,13.210039630119498,22.074468085106382,-9.343,82.98611111111111,13.210039630119498,71.53163622929877,3,2,1,0,1.0,False
VIRTUAL,2026-06-14T19:11:34.096Z,2026-06-14T19:11:34.096292Z,2026-06-14T21:11:34.096292Z,7709.565671,7,0.62425,14.417300760913287,7.720224348399861,-5.606,72.91666666666667,14.417300760913287,61.73892632168895,2,0,2,0,0.0,False
APT,2026-06-14T19:17:25.645Z,2026-06-14T19:17:25.646043Z,2026-06-14T21:17:25.646043Z,7358.01592,7,0.6675,14.981273408239714,5.100463678516233,-4.006,65.27777777777777,14.981273408239714,58.88992768757103,8,5,3,0,1.0,False
ARB,2026-06-14T19:17:30.696Z,2026-06-14T19:17:30.696887Z,2026-06-14T21:17:30.696887Z,7352.965076,7,0.0838,23.866348448688033,5.507955936352515,-4.779,71.18055555555556,23.866348448688033,61.624808387289484,7,3,4,0,1.0,False
AVNT,2026-06-14T19:17:36.457Z,2026-06-14T19:17:36.457586Z,2026-06-14T21:17:36.457586Z,7347.204377,7,0.1095,18.264840182648925,7.605633802816898,-5.919,67.01388888888889,18.264840182648925,55.40964647476094,1,0,1,0,-1.0,False
DOT,2026-06-14T19:17:56.652Z,2026-06-14T19:17:56.652721Z,2026-06-14T21:17:56.652721Z,7327.009242,7,0.9695,10.314595152140287,4.0000000000000036,-3.259,62.15277777777778,10.314595152140287,46.479117816583035,5,4,0,1,1.0,False
DYDX,2026-06-14T19:18:03.068Z,2026-06-14T19:18:03.068559Z,2026-06-14T21:18:03.068559Z,7320.593404,7,0.118825,15.98990111508485,7.337617228204237,-5.444,64.58333333333333,15.98990111508485,57.21397035953753,0,0,0,0,,
EPIC,2026-06-14T19:18:14.463Z,2026-06-14T19:18:14.464102Z,2026-06-14T21:18:14.464102Z,7309.197861,7,0.508,39.37007874015752,7.392996108949424,-5.341,62.5,39.37007874015752,56.24146148048821,3,3,0,0,1.0,False
GIGGLE,2026-06-14T19:18:30.337Z,2026-06-14T19:18:30.337671Z,2026-06-14T21:18:30.337671Z,7293.324292,7,28.725,24.369016536118462,8.005667729365928,3.218,69.09722222222223,24.369016536118462,71.0929800020896,12,6,6,0,1.0,False
HYPER,2026-06-14T19:18:39.822Z,2026-06-14T19:18:39.822582Z,2026-06-14T21:18:39.822582Z,7283.839381,7,0.07150000000000001,27.972027972026826,7.72532188841202,-4.508,63.19444444444444,27.972027972026826,61.81166612942946,14,10,4,0,1.0,False
INIT,2026-06-14T19:18:45.978Z,2026-06-14T19:18:45.978223Z,2026-06-14T21:18:45.978223Z,7277.68374,7,0.05915,16.90617075232508,5.944055944055933,-4.188,71.875,16.90617075232508,58.46321186869157,0,0,0,0,,
IO,2026-06-14T19:18:53.795Z,2026-06-14T19:18:53.795554Z,2026-06-14T21:18:53.795554Z,7269.866409,7,0.17765,16.88713763017295,10.588235294117656,-7.407,70.48611111111111,16.88713763017295,60.61594021321977,2,1,1,0,0.0,False
NIL,2026-06-14T19:19:07.513Z,2026-06-14T19:19:07.513230Z,2026-06-14T21:19:07.513230Z,7256.148733,7,0.038495,23.379659696064373,12.647690655209448,-5.482,59.02777777777778,23.379659696064373,54.80737948777093,0,0,0,0,,
ORCA,2026-06-14T19:19:13.805Z,2026-06-14T19:19:13.805761Z,2026-06-14T21:19:13.805761Z,7249.856202,7,1.1235,8.900756564308962,7.454545454545461,-4.181,65.97222222222223,8.900756564308962,60.23913386510427,1,1,0,0,1.0,False
ORDI,2026-06-14T19:19:20.835Z,2026-06-14T19:19:20.835388Z,2026-06-14T21:19:20.835388Z,7242.826575,7,3.359,17.862459065198653,5.715140634350683,-1.124,69.44444444444444,17.862459065198653,68.95008948904737,10,2,7,1,0.8,False
PNUT,2026-06-14T19:19:26.479Z,2026-06-14T19:19:26.480139Z,2026-06-14T21:19:26.480139Z,7237.181824,7,0.04425,22.598870056496256,5.5813953488372245,-3.371,66.66666666666667,22.598870056496256,41.877257215715275,63,17,41,5,0.3333,False
RUNE,2026-06-14T19:19:32.887Z,2026-06-14T19:19:32.887424Z,2026-06-14T21:19:32.887424Z,7230.774539,7,0.3815,26.212319790301464,7.356948228882841,-5.656,67.70833333333333,26.212319790301464,56.7460979673534,17,6,10,1,0.8824,False
SSV,2026-06-14T19:19:47.752Z,2026-06-14T19:19:47.752558Z,2026-06-14T21:19:47.752558Z,7215.909405,7,2.348,25.55366269165155,5.4338299737072795,-1.255,63.541666666666664,25.55366269165155,63.03152093020473,0,0,0,0,,
STRK,2026-06-14T19:19:54.803Z,2026-06-14T19:19:54.803551Z,2026-06-14T21:19:54.803551Z,7208.858412,7,0.03495,28.6123032904157,6.249999999999994,-4.274,66.31944444444444,28.6123032904157,59.39972834789654,19,6,13,0,1.0,False
SYRUP,2026-06-14T19:19:59.863Z,2026-06-14T19:19:59.863695Z,2026-06-14T21:19:59.863695Z,7203.798268,7,0.13805,7.243752263671785,5.219364599092276,1.614,71.52777777777777,7.243752263671785,69.60399539399464,0,0,0,0,,
TIA,2026-06-14T19:20:05.725Z,2026-06-14T19:20:05.726189Z,2026-06-14T21:20:05.726189Z,7798.54291,7,0.34655,8.656759486366251,6.30441308916242,-4.501,68.05555555555556,8.656759486366251,58.96170275110201,26,10,16,0,0.4615,False
UNI,2026-06-14T19:20:17.326Z,2026-06-14T19:20:17.326494Z,2026-06-14T21:20:17.326494Z,7786.942605,7,2.5454999999999997,3.928501276762483,3.66787585650948,-2.668,69.79166666666667,3.928501276762483,46.84376541923926,7,3,4,0,0.4286,False
W,2026-06-14T19:20:22.911Z,2026-06-14T19:20:22.911601Z,2026-06-14T21:20:22.911601Z,7781.357498,7,0.00993,20.14098690835769,5.987394957983186,-2.857,59.72222222222222,20.14098690835769,55.341442655763494,2,0,2,0,0.0,False
WAL,2026-06-14T19:20:29.605Z,2026-06-14T19:20:29.605205Z,2026-06-14T21:20:29.605205Z,7774.663894,7,0.03395,29.455081001473594,10.091743119266047,-6.304,59.375,29.455081001473594,40.025905003027454,0,0,0,0,,
ZEN,2026-06-14T19:20:45.235Z,2026-06-14T19:20:45.235946Z,2026-06-14T21:20:45.235946Z,7759.033153,7,4.4625,11.204481792716848,4.980310400741252,-1.685,60.763888888888886,11.204481792716848,42.83247248360169,1,0,1,0,1.0,False
ZRO,2026-06-14T19:21:00.346Z,2026-06-14T19:21:00.347062Z,2026-06-14T21:21:00.347062Z,7743.922037,7,0.9415,10.621348911311747,5.54951033732317,-3.971,67.36111111111111,10.621348911311747,62.38687333849322,2,1,1,0,0.0,False
ARKM,2026-06-14T19:21:32.687Z,2026-06-14T19:21:32.687468Z,2026-06-14T21:21:32.687468Z,7711.581631,7,0.1296,30.864197530865084,7.802547770700629,-2.181,48.263888888888886,30.864197530865084,51.16188362948513,41,14,26,1,0.4634,False
AT,2026-06-14T19:21:39.388Z,2026-06-14T19:21:39.388860Z,2026-06-14T21:21:39.388860Z,7704.880239,7,0.1408,42.613636363635614,14.156835530881331,-1.638,45.833333333333336,42.613636363635614,72.627370819632,0,0,0,0,,
FIL,2026-06-14T19:22:24.877Z,2026-06-14T19:22:24.877825Z,2026-06-14T21:22:24.877825Z,7659.391274,7,0.7795000000000001,12.828736369467617,5.172413793103453,-4.315,58.333333333333336,12.828736369467617,57.57863570867379,14,6,8,0,1.0,False
HEMI,2026-06-14T19:22:32.737Z,2026-06-14T19:22:32.737414Z,2026-06-14T21:22:32.737414Z,7651.531685,7,0.00605,33.05785123966951,8.36120401337792,-5.529,45.138888888888886,33.05785123966951,57.867923543807,0,0,0,0,,
KAIA,2026-06-14T19:22:39.849Z,2026-06-14T19:22:39.849886Z,2026-06-14T21:22:39.849886Z,7644.419213,7,0.0382,52.35602094240806,7.238605898123327,1.359,47.56944444444444,52.35602094240806,64.69409032757821,0,0,0,0,,
KITE,2026-06-14T19:22:52.685Z,2026-06-14T19:22:52.685582Z,2026-06-14T21:22:52.685582Z,7631.583517,7,0.1911,10.465724751439337,6.6200215285252995,-4.276,49.65277777777778,10.465724751439337,51.31496803454655,1,1,0,0,1.0,False
MORPHO,2026-06-14T19:23:08.431Z,2026-06-14T19:23:08.431401Z,2026-06-14T21:23:08.431401Z,7615.837698,7,1.9540000000000002,10.235414534288648,3.5251425609123928,-1.026,57.986111111111114,10.235414534288648,60.30225650394988,10,6,4,0,1.0,False
OSMO,2026-06-14T19:23:19.049Z,2026-06-14T19:23:19.049165Z,2026-06-14T21:23:19.049165Z,7605.219934,7,0.046799999999999994,42.73504273504248,8.714596949891074,-4.574,51.041666666666664,42.73504273504248,63.28392801329552,13,3,9,1,0.3846,False
PARTI,2026-06-14T19:23:24.807Z,2026-06-14T19:23:24.807778Z,2026-06-14T21:23:24.807778Z,7599.461321,7,0.0571,35.026269702276494,4.545454545454547,-1.165,56.25,35.026269702276494,62.39290629962086,12,3,9,0,1.0,False
PHA,2026-06-14T19:23:38.188Z,2026-06-14T19:23:38.189016Z,2026-06-14T21:23:38.189016Z,7586.080083,7,0.03615,27.662517289074096,5.849582172701963,-1.102,53.125,27.662517289074096,67.47409449770997,2,2,0,0,0.5,False
POL,2026-06-14T19:23:49.269Z,2026-06-14T19:23:49.269926Z,2026-06-14T21:23:49.269926Z,7574.999173,7,0.07594000000000001,7.900974453514697,2.5826308042285575,-1.02,48.958333333333336,7.900974453514697,47.10639963766748,34,11,21,2,0.7059,False
RAY,2026-06-14T19:23:58.603Z,2026-06-14T19:23:58.603725Z,2026-06-14T21:23:58.603725Z,7565.665374,7,0.607,32.94892915980234,6.271186440677972,-3.595,57.291666666666664,32.94892915980234,47.9191247701007,6,3,2,1,0.6667,False
RESOLV,2026-06-14T19:24:09.221Z,2026-06-14T19:24:09.221613Z,2026-06-14T21:24:09.221613Z,7555.047486,7,0.0178,112.35955056179708,4.04624277456647,1.765,55.90277777777778,112.35955056179708,59.863459414431226,13,5,8,0,0.8462,False
TURBO,2026-06-14T19:24:37.948Z,2026-06-14T19:24:37.949055Z,2026-06-14T21:24:37.949055Z,7526.320044,7,0.0009055000000000001,33.13086692435199,6.157354618015965,-3.308,46.52777777777778,33.13086692435199,33.257034405120194,3,3,0,0,1.0,False
ZBT,2026-06-14T19:24:51.066Z,2026-06-14T19:24:51.066943Z,2026-06-14T21:24:51.066943Z,7513.202156,7,0.1122,17.825311942958276,7.70593445527015,-4.645,47.916666666666664,17.825311942958276,58.825494601242106,0,0,0,0,,
2Z,2026-06-14T19:25:22.840Z,2026-06-14T19:25:22.840265Z,2026-06-14T21:25:22.840265Z,7481.428834,7,0.07089999999999999,14.104372355430588,7.410687924416905,-4.645,38.19444444444444,14.104372355430588,46.47128189607614,0,0,0,0,,
CETUS,2026-06-14T19:25:44.481Z,2026-06-14T19:25:44.481662Z,2026-06-14T21:25:44.481662Z,7459.787437,7,0.018584999999999997,16.14205004035447,7.275711159737424,-5.53,35.416666666666664,16.14205004035447,42.512434459789496,0,0,0,0,,
CKB,2026-06-14T19:26:00.420Z,2026-06-14T19:26:00.420390Z,2026-06-14T21:26:00.420390Z,7443.848709,7,0.001147,17.43679163033855,5.420054200542,-3.823,32.291666666666664,17.43679163033855,59.679499148417605,22,3,17,2,0.0,False
ERA,2026-06-14T19:26:08.400Z,2026-06-14T19:26:08.400526Z,2026-06-14T21:26:08.400526Z,7435.868573,7,0.10245,9.760858955587016,7.9920079920079985,-1.476,33.333333333333336,9.760858955587016,54.232090858348435,1,0,0,1,-1.0,False
EUL,2026-06-14T19:26:15.382Z,2026-06-14T19:26:15.382302Z,2026-06-14T21:26:15.382302Z,7428.886797,7,1.044,38.31417624521076,9.94974874371858,8.388,36.80555555555556,38.31417624521076,68.82942620725626,17,6,11,0,0.9412,False
FLOKI,2026-06-14T19:26:26.371Z,2026-06-14T19:26:26.374882Z,2026-06-14T21:26:26.374882Z,7417.894217,7,2.5064999999999998e-05,11.96888090963551,3.882304863097668,-2.315,38.888888888888886,11.96888090963551,57.3798405525447,9,2,7,0,1.0,False
GPS,2026-06-14T19:26:32.805Z,2026-06-14T19:26:32.805908Z,2026-06-14T21:26:32.805908Z,7411.463191,7,0.00762,26.246719160105055,6.737120211360634,2.297,40.27777777777778,26.246719160105055,42.64481023347157,0,0,0,0,,
GRT,2026-06-14T19:26:39.533Z,2026-06-14T19:26:39.534061Z,2026-06-14T21:26:39.534061Z,7404.735038,7,0.019955,85.19168128288649,3.587903639159419,-1.465,31.25,85.19168128288649,35.19594348175394,39,12,27,0,0.0256,False
IOTA,2026-06-14T19:26:58.997Z,2026-06-14T19:26:58.997986Z,2026-06-14T21:26:58.997986Z,7385.271113,7,0.047200000000000006,42.372881355931945,3.51648351648351,-2.361,43.75,42.372881355931945,59.37224214549936,0,0,0,0,,
NEWT,2026-06-14T19:27:27.626Z,2026-06-14T19:27:27.626885Z,2026-06-14T21:27:27.626885Z,7356.642214,7,0.053849999999999995,55.71030640668555,16.443594646271503,-0.381,42.708333333333336,55.71030640668555,52.69975418247162,0,0,0,0,,
PROVE,2026-06-14T19:27:40.200Z,2026-06-14T19:27:40.200698Z,2026-06-14T21:27:40.200698Z,7344.068401,7,0.1994,30.09027081243678,4.424333836098544,1.635,40.97222222222222,30.09027081243678,52.116557924254884,0,0,0,0,,
ROSE,2026-06-14T19:27:56.689Z,2026-06-14T19:27:56.690043Z,2026-06-14T21:27:56.690043Z,7327.579056,7,0.006370000000000001,31.397174254317193,5.2117263843648205,-4.51,34.72222222222222,31.397174254317193,50.00377081283854,63,29,31,3,0.5714,False
S,2026-06-14T19:28:08.828Z,2026-06-14T19:28:08.829150Z,2026-06-14T21:28:08.829150Z,7315.439949,7,0.03098,12.911555842478494,3.9346448816272104,-3.07,43.05555555555556,12.911555842478494,58.758300087730184,1,0,1,0,-1.0,False
SOLV,2026-06-14T19:28:22.902Z,2026-06-14T19:28:22.903423Z,2026-06-14T21:28:22.903423Z,7301.365676,7,0.00338,59.171597633134965,4.559270516717324,-1.497,35.06944444444444,59.171597633134965,56.29530365712267,0,0,0,0,,
STX,2026-06-14T19:28:33.779Z,2026-06-14T19:28:33.779882Z,2026-06-14T21:28:33.779882Z,7290.489217,7,0.19545,15.349194167305946,5.305901461829996,-0.054,44.09722222222222,15.349194167305946,51.54370158245897,66,22,42,2,0.3333,False
THETA,2026-06-14T19:28:38.912Z,2026-06-14T19:28:38.912816Z,2026-06-14T21:28:38.912816Z,7285.356283,7,0.1622,24.660912453759785,4.187817258883245,-1.929,30.90277777777778,24.660912453759785,51.39309142023156,1,0,1,0,1.0,False
TREE,2026-06-14T19:28:52.884Z,2026-06-14T19:28:52.884390Z,2026-06-14T21:28:52.884390Z,7271.384709,7,0.04675,21.390374331551413,5.934065934065937,-3.397,36.458333333333336,21.390374331551413,38.09675647560833,0,0,0,0,,
VET,2026-06-14T19:28:58.596Z,2026-06-14T19:28:58.596615Z,2026-06-14T21:28:58.596615Z,7265.672484,7,0.0050285,17.89798150541976,5.635245901639346,-4.407,37.5,17.89798150541976,36.460382008597186,10,4,6,0,0.8,False
XTZ,2026-06-14T19:29:04.626Z,2026-06-14T19:29:04.626355Z,2026-06-14T21:29:04.626355Z,7259.642744,7,0.23495,21.28112364332839,5.572485851110146,-3.73,44.44444444444444,21.28112364332839,56.34404748021534,23,13,9,1,0.6957,False
A,2026-06-14T19:34:46.310Z,2026-06-14T19:34:46.310695Z,2026-06-14T21:34:46.310695Z,7516.720289,7,0.07335,40.89979550102178,6.442577030812334,-2.326,24.65277777777778,40.89979550102178,43.853809654355075,0,0,0,0,,
ACH,2026-06-14T19:34:53.503Z,2026-06-14T19:34:53.503466Z,2026-06-14T21:34:53.503466Z,7509.527518,7,0.00541,36.96857670979677,4.780114722753334,-3.683,23.26388888888889,36.96857670979677,54.82093826665916,23,4,19,0,0.6522,False
ANIME,2026-06-14T19:35:00.489Z,2026-06-14T19:35:00.489770Z,2026-06-14T21:35:00.489770Z,7502.541214,7,0.0030350000000000004,32.94892915980239,4.152249134948092,-3.344,19.791666666666668,32.94892915980239,52.50029190401637,10,5,5,0,1.0,False
API3,2026-06-14T19:35:08.655Z,2026-06-14T19:35:08.655194Z,2026-06-14T21:35:08.655194Z,7494.37579,7,0.26405,26.51013065707381,4.003139717425426,-0.933,27.430555555555557,26.51013065707381,45.802892491935445,0,0,0,0,,
AUCTION,2026-06-14T19:35:15.739Z,2026-06-14T19:35:15.739472Z,2026-06-14T21:35:15.739472Z,7487.291512,7,3.8099999999999996,52.493438320210025,2.9569892473118244,-1.064,21.52777777777778,52.493438320210025,37.17339352957155,0,0,0,0,,
BARD,2026-06-14T19:35:20.752Z,2026-06-14T19:35:20.752660Z,2026-06-14T21:35:20.752660Z,7482.278324,7,0.1632,12.254901960784665,6.589147286821698,-4.797,22.22222222222222,12.254901960784665,60.54280848321183,0,0,0,0,,
BOME,2026-06-14T19:35:28.321Z,2026-06-14T19:35:28.321551Z,2026-06-14T21:35:28.321551Z,7474.709433,7,0.00044050000000000003,22.701475595913053,4.245283018867926,-2.304,27.083333333333332,22.701475595913053,54.16057901254387,1,1,0,0,1.0,False
CFX,2026-06-14T19:35:40.601Z,2026-06-14T19:35:40.602058Z,2026-06-14T21:35:40.602058Z,7462.428926,7,0.04541,13.212948689716912,3.337874659400543,-2.803,17.36111111111111,13.212948689716912,56.825311305265295,1,0,1,0,-1.0,False
COOKIE,2026-06-14T19:35:48.019Z,2026-06-14T19:35:48.019200Z,2026-06-14T21:35:48.019200Z,7455.011784,7,0.00955,104.71204188481612,5.434782608695657,-2.128,28.125,104.71204188481612,46.168267084462336,0,0,0,0,,
COW,2026-06-14T19:35:54.870Z,2026-06-14T19:35:54.870368Z,2026-06-14T21:35:54.870368Z,7448.160616,7,0.1567,89.34269304403396,3.9920159680638765,1.691,17.708333333333332,89.34269304403396,65.08872167683838,0,0,0,0,,
CYBER,2026-06-14T19:36:08.445Z,2026-06-14T19:36:08.445755Z,2026-06-14T21:36:08.445755Z,7434.585229,7,0.3495,28.612303290414904,3.550295857988152,-2.312,25.0,28.612303290414904,51.13003186538483,2,0,1,1,-1.0,False
ENS,2026-06-14T19:36:19.112Z,2026-06-14T19:36:19.112735Z,2026-06-14T21:36:19.112735Z,7423.918249,7,5.015,19.940179461614733,4.149377593360999,-2.429,30.208333333333332,19.940179461614733,57.646040866972875,0,0,0,0,,
LA,2026-06-14T19:37:02.931Z,2026-06-14T19:37:02.931838Z,2026-06-14T21:37:02.931838Z,7380.099146,7,0.07715,64.80881399870388,11.688311688311682,6.354,27.77777777777778,64.80881399870388,55.191792742491145,2,2,0,0,0.5,False
LINEA,2026-06-14T19:37:09.683Z,2026-06-14T19:37:09.684089Z,2026-06-14T21:37:09.684089Z,7373.346895,7,0.0025735000000000003,11.657276083155097,6.065507480792558,-4.48,26.73611111111111,11.657276083155097,62.45111880561537,1,1,0,0,1.0,False
MOVE,2026-06-14T19:37:25.973Z,2026-06-14T19:37:25.974234Z,2026-06-14T21:37:25.974234Z,7357.05675,7,0.01205,82.98755186721941,6.086956521739139,-5.738,26.38888888888889,82.98755186721941,47.59449100039747,2,1,1,0,1.0,False
TUT,2026-06-14T19:38:20.720Z,2026-06-14T19:38:20.720588Z,2026-06-14T21:38:20.720588Z,7302.310396,7,0.010945,45.68296025582588,3.348837209302318,0.28,20.13888888888889,45.68296025582588,68.0241643642891,0,0,0,0,,
YB,2026-06-14T19:38:36.229Z,2026-06-14T19:38:36.230021Z,2026-06-14T21:38:36.230021Z,7286.800963,7,0.0952,21.008403361343678,6.124721603563479,-1.101,18.40277777777778,21.008403361343678,63.06140036297091,0,0,0,0,,
1000CAT,2026-06-14T19:44:15.857Z,2026-06-14T19:44:15.857802Z,2026-06-14T21:44:15.857802Z,7547.426476,7,0.001535,65.14657980456043,3.3783783783783874,-1.987,4.861111111111111,65.14657980456043,53.42329450608583,66,18,42,6,0.1061,False
1000SATS,2026-06-14T19:44:19.138Z,2026-06-14T19:44:19.138818Z,2026-06-14T21:44:19.138818Z,7544.14546,7,9.764999999999999e-06,10.240655401945627,4.898828541001054,-3.494,13.88888888888889,10.240655401945627,55.79535766914819,60,13,47,0,0.9,False
ACX,2026-06-14T19:44:38.813Z,2026-06-14T19:44:38.813296Z,2026-06-14T21:44:38.813296Z,7524.470982,7,0.042785000000000004,49.082622414396376,1.5577059240028344,-1.028,3.4722222222222223,49.082622414396376,39.71675732325286,65,35,23,7,0.4923,False
AEVO,2026-06-14T19:44:46.138Z,2026-06-14T19:44:46.139081Z,2026-06-14T21:44:46.139081Z,7517.145197,7,0.02028,29.585798816568555,5.334023821853959,-3.595,4.513888888888889,29.585798816568555,54.51610772077421,0,0,0,0,,
BANANA,2026-06-14T19:44:53.230Z,2026-06-14T19:44:53.231003Z,2026-06-14T21:44:53.231003Z,7510.053275,7,3.0525,42.58804258804372,2.74819649604947,-2.118,3.8194444444444446,42.58804258804372,48.43941903151435,1,1,0,0,1.0,False
BEAMX,2026-06-14T19:44:59.865Z,2026-06-14T19:44:59.865724Z,2026-06-14T21:44:59.865724Z,7503.418554,7,0.00146,13.698630136986635,5.611510791366903,-4.533,15.972222222222221,13.698630136986635,51.46428458449238,0,0,0,0,,
BIGTIME,2026-06-14T19:45:07.748Z,2026-06-14T19:45:07.748545Z,2026-06-14T21:45:07.748545Z,7495.535733,7,0.009165,76.37752318603451,7.726763717805166,0.45,7.638888888888889,76.37752318603451,42.99964732078869,66,18,37,11,0.0303,False
BLUR,2026-06-14T19:45:14.669Z,2026-06-14T19:45:14.670103Z,2026-06-14T21:45:14.670103Z,7488.614175,7,0.01858,21.528525296016344,4.635387224420564,-4.378,14.583333333333334,21.528525296016344,42.82786856006227,0,0,0,0,,
BMT,2026-06-14T19:45:21.547Z,2026-06-14T19:45:21.547379Z,2026-06-14T21:45:21.547379Z,7481.736899,7,0.013245,7.550018875046881,3.86740331491712,-2.388,7.986111111111111,7.550018875046881,57.43672942444543,2,2,0,0,-0.5,False
COMP,2026-06-14T19:45:29.606Z,2026-06-14T19:45:29.607141Z,2026-06-14T21:45:29.607141Z,7473.677137,7,17.915,27.909572983533753,2.9548088064889804,-1.988,8.680555555555555,27.909572983533753,39.02463618763269,10,7,3,0,0.3,False
FLUX,2026-06-14T19:45:42.781Z,2026-06-14T19:45:42.781486Z,2026-06-14T21:45:42.781486Z,7460.502792,7,0.05315,18.814675446847776,5.566600397614308,-3.824,12.847222222222221,18.814675446847776,57.386119342107925,0,0,0,0,,
GMX,2026-06-14T19:45:53.659Z,2026-06-14T19:45:53.659959Z,2026-06-14T21:45:53.659959Z,7449.624319,7,5.8100000000000005,34.42340791738461,3.9355992844364898,-1.062,9.027777777777779,34.42340791738461,43.848823271144745,0,0,0,0,,
HIVE,2026-06-14T19:46:00.401Z,2026-06-14T19:46:00.401698Z,2026-06-14T21:46:00.401698Z,7442.88258,7,0.05035,19.860973187686763,3.6659877800407257,-2.191,12.152777777777779,19.860973187686763,42.554045079057786,0,0,0,0,,
ILV,2026-06-14T19:46:08.366Z,2026-06-14T19:46:08.367085Z,2026-06-14T21:46:08.367085Z,7434.917193,7,3.475,28.77697841726557,4.8338368580060465,-3.779,9.722222222222221,28.77697841726557,40.93661042534399,2,0,1,1,0.0,False
LPT,2026-06-14T19:46:19.376Z,2026-06-14T19:46:19.376201Z,2026-06-14T21:46:19.376201Z,7423.908077,7,1.818,44.004400440044044,4.664391353811141,-3.46,7.291666666666667,44.004400440044044,44.41579606419845,1,0,1,0,-1.0,False
MASK,2026-06-14T19:46:32.843Z,2026-06-14T19:46:32.843853Z,2026-06-14T21:46:32.843853Z,7410.440425,7,0.377,53.05039787798413,6.060606060606066,-0.548,11.11111111111111,53.05039787798413,46.34989737964278,19,6,13,0,1.0,False
ME,2026-06-14T19:46:39.562Z,2026-06-14T19:46:39.562252Z,2026-06-14T21:46:39.562252Z,7403.722026,7,0.06325,47.43083003952486,4.885993485342012,-3.002,6.25,47.43083003952486,43.24577595872312,10,4,6,0,1.0,False
MINA,2026-06-14T19:46:49.165Z,2026-06-14T19:46:49.165646Z,2026-06-14T21:46:49.165646Z,7394.118632,7,0.0435,45.977011494252594,5.542168674698787,-4.157,16.666666666666668,45.977011494252594,48.93941265079788,13,6,7,0,1.0,False
SNX,2026-06-14T19:47:18.433Z,2026-06-14T19:47:18.433865Z,2026-06-14T21:47:18.433865Z,7364.850413,7,0.2455,40.733197556008186,2.966101694915257,-2.075,12.5,40.733197556008186,52.110978175020016,0,0,0,0,,
WCT,2026-06-14T19:48:03.070Z,2026-06-14T19:48:03.071120Z,2026-06-14T21:48:03.071120Z,7320.213158,7,0.048665,10.274324463165415,6.888361045130653,-1.573,13.541666666666666,10.274324463165415,51.89641158624602,0,0,0,0,,
1000CHEEMS,2026-06-14T19:53:48.110Z,2026-06-14T19:53:48.110559Z,2026-06-14T21:53:48.110559Z,7577.301684,7,0.0005965,50.293378038557655,5.438596491228069,-4.841,1.7361111111111112,50.293378038557655,33.25759649790592,0,0,0,0,,
1INCH,2026-06-14T19:53:54.933Z,2026-06-14T19:53:54.933393Z,2026-06-14T21:53:54.933393Z,7570.47885,7,0.0741,53.98110661268711,2.0979020979021,-1.92,1.3888888888888888,53.98110661268711,40.62276277436516,0,0,0,0,,
ALLO,2026-06-14T19:54:09.397Z,2026-06-14T19:54:09.397950Z,2026-06-14T21:54:09.397950Z,7556.014293,7,0.36934999999999996,13.537295248409382,12.069433143477076,-0.324,90.625,13.537295248409382,62.72883546069039,65,12,51,2,-0.2,False
BERA,2026-06-14T19:54:19.004Z,2026-06-14T19:54:19.005074Z,2026-06-14T21:54:19.005074Z,7546.407169,7,0.2695,37.10575139146571,7.569721115537856,-3.462,92.01388888888889,37.10575139146571,67.39333556854217,14,8,6,0,1.0,False
BFUSD,2026-06-14T19:54:24.056Z,2026-06-14T19:54:24.056819Z,2026-06-14T21:54:24.056819Z,7541.355424,7,0.9997,12.003601080323886,0.1201080972875567,0.0,0.3472222222222222,12.003601080323886,39.0660852326791,0,0,0,0,,
BNB,2026-06-14T19:54:29.968Z,2026-06-14T19:54:29.968524Z,2026-06-14T21:54:29.968524Z,7535.443719,7,614.9449999999999,1.7887778581826612,1.5747118823685242,-0.624,95.13888888888889,1.7887778581826612,40.472907406965035,14,10,3,1,0.5714,False
BTC,2026-06-14T19:54:35.453Z,2026-06-14T19:54:35.453816Z,2026-06-14T21:54:35.453816Z,7529.958427,7,65355.175,0.0015301007153660391,1.710485636985893,-0.639,100.0,0.0015301007153660391,50.289743335192334,46,16,20,10,0.1304,False
CVC,2026-06-14T19:54:48.261Z,2026-06-14T19:54:48.261226Z,2026-06-14T21:54:48.261226Z,7517.151017,7,0.0234,68.37606837606855,1.6335540838852045,-1.221,0.6944444444444444,68.37606837606855,50.63720587536234,69,15,47,7,-0.058,False
DOGE,2026-06-14T19:54:53.743Z,2026-06-14T19:54:53.743908Z,2026-06-14T21:54:53.743908Z,7511.668335,7,0.08863,2.2565722667259673,3.338743334106199,-1.642,92.70833333333333,2.2565722667259673,57.76980096914267,32,20,9,3,0.8125,False
ENA,2026-06-14T19:54:58.893Z,2026-06-14T19:54:58.893436Z,2026-06-14T21:54:58.893436Z,7506.518807,7,0.0839,23.8379022646014,8.701134930643132,-7.251,95.83333333333333,23.8379022646014,51.510887507524636,21,6,14,1,0.7143,False
EUR,2026-06-14T19:55:07.635Z,2026-06-14T19:55:07.636221Z,2026-06-14T21:55:07.636221Z,7497.776022,7,1.1599499999999998,0.8621061252639253,0.06921612735768592,-0.052,96.18055555555556,0.8621061252639253,57.53341407832762,0,0,0,0,,
KAITO,2026-06-14T19:55:23.017Z,2026-06-14T19:55:23.017536Z,2026-06-14T21:55:23.017536Z,7482.394707,7,0.4698,12.771392081737867,14.59901096538379,5.036,93.75,12.771392081737867,76.2763489875401,1,1,0,0,0.0,False
NEAR,2026-06-14T19:55:33.990Z,2026-06-14T19:55:33.990252Z,2026-06-14T21:55:33.990252Z,7471.421991,7,2.19,9.132420091323196,5.346062052505971,-1.226,96.52777777777777,9.132420091323196,53.05129560292627,6,5,1,0,1.0,False
RENDER,2026-06-14T19:55:53.033Z,2026-06-14T19:55:53.033962Z,2026-06-14T21:55:53.033962Z,7452.378281,7,1.803,11.092623405435395,5.005753739930953,-1.863,89.93055555555556,11.092623405435395,57.52951021239058,1,0,1,0,-1.0,False
RPL,2026-06-14T19:56:00.224Z,2026-06-14T19:56:00.225115Z,2026-06-14T21:56:00.225115Z,7445.187128,7,1.415,70.67137809187285,3.7037037037036904,-2.878,2.7777777777777777,70.67137809187285,51.335558291279604,0,0,0,0,,
TON,2026-06-14T19:56:33.031Z,2026-06-14T19:56:33.031357Z,2026-06-14T21:56:33.031357Z,7412.380886,7,1.7525,5.706134094150585,5.091770278271158,-3.154,89.23611111111111,5.706134094150585,57.15324286194735,8,6,1,1,0.75,False
TRX,2026-06-14T19:56:42.916Z,2026-06-14T19:56:42.916550Z,2026-06-14T21:56:42.916550Z,7402.495693,7,0.31915,3.1333228889233586,1.066834013178525,0.41,91.66666666666667,3.1333228889233586,69.34457851481497,23,18,4,1,0.8696,False
BCH,2026-06-14T20:02:43.653Z,2026-06-14T20:02:43.653499Z,2026-06-14T22:02:43.653499Z,7639.846768,7,206.8,9.671179883946666,6.562342251388189,-4.346,87.15277777777777,9.671179883946666,45.12094190057943,4,3,1,0,0.5,False
LTC,2026-06-14T20:03:03.977Z,2026-06-14T20:03:03.977901Z,2026-06-14T22:03:03.977901Z,7619.522366,7,44.8,4.4642857142864125,2.320819112627977,0.664,87.84722222222223,4.4642857142864125,54.33310995410043,34,21,11,2,0.5,False
ONDO,2026-06-14T20:03:09.359Z,2026-06-14T20:03:09.359438Z,2026-06-14T22:03:09.359438Z,7614.140829,7,0.36145,8.299903167795462,7.583212735166427,-5.781,88.19444444444444,8.299903167795462,41.966482708911364,51,16,34,1,0.9216,False
AVAX,2026-06-14T20:09:13.182Z,2026-06-14T20:09:13.182231Z,2026-06-14T22:09:13.182231Z,7250.318036,7,6.7005,4.477277815088596,6.139665677237929,-4.505,82.63888888888889,4.477277815088596,36.49975484271591,15,9,4,2,0.3333,False
BABY,2026-06-14T20:09:19.055Z,2026-06-14T20:09:19.055986Z,2026-06-14T22:09:19.055986Z,7244.444281,7,0.017375,17.266187050359004,11.42498430634024,11.321,82.29166666666667,17.266187050359004,72.2190526651943,18,11,7,0,1.0,False
HBAR,2026-06-14T20:09:58.057Z,2026-06-14T20:09:58.057596Z,2026-06-14T22:09:58.057596Z,7205.442671,7,0.079645,6.277857994853208,3.640145605824247,-1.435,86.11111111111111,6.277857994853208,51.941922036416734,13,8,3,2,0.3846,False
HOME,2026-06-14T20:10:09.926Z,2026-06-14T20:10:09.926910Z,2026-06-14T22:10:09.926910Z,7793.591814,7,0.02762,14.482259232440928,24.10179640718562,-8.65,74.65277777777777,14.482259232440928,47.6600840262432,9,5,1,3,0.3333,False
JUP,2026-06-14T20:10:21.220Z,2026-06-14T20:10:21.220226Z,2026-06-14T22:10:21.220226Z,7782.298498,7,0.17485,5.719187875321074,5.697329376854614,-2.601,75.69444444444444,5.719187875321074,51.66485718427907,64,25,36,3,0.2812,False
MEME,2026-06-14T20:10:38.173Z,2026-06-14T20:10:38.174085Z,2026-06-14T22:10:38.174085Z,7765.344639,7,0.0006215000000000001,16.090104585680198,20.095693779904312,11.566,79.51388888888889,16.090104585680198,58.87575357486616,27,18,8,1,0.8148,False
MMT,2026-06-14T20:10:47.425Z,2026-06-14T20:10:47.425635Z,2026-06-14T22:10:47.425635Z,7756.093089,7,0.12845,7.785130400935518,9.667194928684628,-4.103,79.16666666666667,7.785130400935518,65.07249417143508,0,0,0,0,,
SHIB,2026-06-14T20:11:42.993Z,2026-06-14T20:11:42.994072Z,2026-06-14T22:11:42.994072Z,7700.524652,7,5.005e-06,19.98001998001979,3.483606557377051,-2.204,85.06944444444444,19.98001998001979,54.15720122152112,13,6,6,1,0.5385,False
WLFI,2026-06-14T20:12:09.918Z,2026-06-14T20:12:09.918686Z,2026-06-14T22:12:09.918686Z,7673.600038,7,0.05955,16.79261125105002,5.335628227194502,-1.022,80.55555555555556,16.79261125105002,58.0604759527809,11,5,5,1,0.2727,False
ALT,2026-06-14T20:17:53.072Z,2026-06-14T20:17:53.072278Z,2026-06-14T22:17:53.072278Z,7330.446446,7,0.00659,30.349013657056226,7.355242566510172,-1.084,64.23611111111111,30.349013657056226,60.72792142099355,1,1,0,0,1.0,False
APE,2026-06-14T20:18:00.128Z,2026-06-14T20:18:00.128940Z,2026-06-14T22:18:00.128940Z,7323.389784,7,0.1291,15.491866769946224,6.295993458708082,-5.047,60.416666666666664,15.491866769946224,46.857934013835475,5,5,0,0,1.0,False
BONK,2026-06-14T20:18:23.496Z,2026-06-14T20:18:23.497255Z,2026-06-14T22:18:23.497255Z,7300.021469,7,4.525e-06,22.099447513811945,5.773672055427255,-3.563,68.40277777777777,22.099447513811945,58.95468266551272,23,11,12,0,1.0,False
ENSO,2026-06-14T20:18:50.092Z,2026-06-14T20:18:50.092586Z,2026-06-14T22:18:50.092586Z,7273.426138,7,0.6385000000000001,15.661707126076756,8.943089430894318,-4.651,62.84722222222222,15.661707126076756,59.88713005915232,0,0,0,0,,
ETHFI,2026-06-14T20:18:59.952Z,2026-06-14T20:18:59.953164Z,2026-06-14T22:18:59.953164Z,7263.56556,7,0.3275,30.534351145038194,5.177993527508095,-2.524,61.458333333333336,30.534351145038194,62.43262337089331,1,1,0,0,1.0,False
GALA,2026-06-14T20:19:06.416Z,2026-06-14T20:19:06.416714Z,2026-06-14T22:19:06.416714Z,7257.10201,7,0.0027150000000000004,36.83241252302035,5.426356589147285,-3.731,65.625,36.83241252302035,56.84535956722248,2,1,1,0,0.0,False
HUMA,2026-06-14T20:19:19.491Z,2026-06-14T20:19:19.491726Z,2026-06-14T22:19:19.491726Z,7244.026998,7,0.02467,8.107012565869146,9.569179784589904,4.729,64.93055555555556,8.107012565869146,63.801548288935045,2,2,0,0,0.0,False
KMNO,2026-06-14T20:19:44.224Z,2026-06-14T20:19:44.225121Z,2026-06-14T22:19:44.225121Z,7219.293603,7,0.01778,11.248593925758822,6.072874493927119,-4.948,70.13888888888889,11.248593925758822,47.99790539955134,19,18,1,0,1.0,False
MIRA,2026-06-14T20:19:53.134Z,2026-06-14T20:19:53.134797Z,2026-06-14T22:19:53.134797Z,7210.383927,7,0.05645,53.14437555358631,28.339350180505402,4.135,61.111111111111114,53.14437555358631,65.29716993389083,4,2,2,0,0.5,False
SAHARA,2026-06-14T20:20:28.543Z,2026-06-14T20:20:28.543493Z,2026-06-14T22:20:28.543493Z,7774.93985,7,0.01474,13.568521031207046,12.116991643454053,-5.898,63.888888888888886,13.568521031207046,57.06769608137831,0,0,0,0,,
TWT,2026-06-14T20:20:53.429Z,2026-06-14T20:20:53.429800Z,2026-06-14T22:20:53.429800Z,7750.053543,7,0.40305,27.29189926808063,4.462934947049923,1.692,60.06944444444444,27.29189926808063,66.23687733126725,2,1,1,0,0.5,False
ZK,2026-06-14T20:21:27.004Z,2026-06-14T20:21:27.004790Z,2026-06-14T22:21:27.004790Z,7716.478553,7,0.011725,8.528784648188767,8.723021582733818,-4.055,70.83333333333333,8.528784648188767,53.21072211187718,6,5,1,0,1.0,False
0G,2026-06-14T20:27:33.386Z,2026-06-14T20:27:33.386592Z,2026-06-14T22:27:33.386592Z,7350.096751,7,0.3005,33.27787021630619,7.534246575342472,-2.667,56.94444444444444,33.27787021630619,60.59821980724557,1,1,0,0,1.0,False
AR,2026-06-14T20:27:38.722Z,2026-06-14T20:27:38.722561Z,2026-06-14T22:27:38.722561Z,7344.760782,7,2.074,9.643201542913326,5.574912891986068,-1.568,54.166666666666664,9.643201542913326,60.07716702214017,1,1,0,0,1.0,False
AXS,2026-06-14T20:27:50.731Z,2026-06-14T20:27:50.731576Z,2026-06-14T22:27:50.731576Z,7332.751767,7,0.9744999999999999,10.26167265264239,4.329461457233372,-2.371,51.736111111111114,10.26167265264239,57.423875915537586,5,3,2,0,0.6,False
BB,2026-06-14T20:27:58.766Z,2026-06-14T20:27:58.766323Z,2026-06-14T22:27:58.766323Z,7324.71702,7,0.022150000000000003,45.1467268623022,9.433962264150935,-3.196,46.52777777777778,45.1467268623022,55.67164280675041,2,2,0,0,1.0,False
DOGS,2026-06-14T20:28:10.924Z,2026-06-14T20:28:10.924365Z,2026-06-14T22:28:10.924365Z,7312.558978,7,4.47e-05,44.74272930648726,6.046511627906981,-1.376,52.77777777777778,44.74272930648726,59.397514825310836,0,0,0,0,,
EGLD,2026-06-14T20:28:17.364Z,2026-06-14T20:28:17.364238Z,2026-06-14T22:28:17.364238Z,7306.119105,7,2.9450000000000003,33.95585738539976,3.832752613240429,-1.712,46.18055555555556,33.95585738539976,61.917722223022835,2,0,2,0,0.0,False
ENJ,2026-06-14T20:28:24.628Z,2026-06-14T20:28:24.628677Z,2026-06-14T22:28:24.628677Z,7298.854666,7,0.030745,9.75768417628843,10.485502360080922,-5.811,49.65277777777778,9.75768417628843,58.496404709911005,15,6,7,2,0.2,False
FF,2026-06-14T20:28:35.425Z,2026-06-14T20:28:35.425350Z,2026-06-14T22:28:35.425350Z,7288.057993,7,0.07172,8.365867261571474,14.524183193037516,-10.13,58.333333333333336,8.365867261571474,47.80723387651872,1,0,1,0,-1.0,False
LDO,2026-06-14T20:29:02.113Z,2026-06-14T20:29:02.113666Z,2026-06-14T22:29:02.113666Z,7261.369677,7,0.26855,3.723701359150586,3.6864571206829684,-1.941,45.486111111111114,3.723701359150586,49.938540093005905,3,3,0,0,0.3333,False
NOT,2026-06-14T20:29:18.370Z,2026-06-14T20:29:18.370639Z,2026-06-14T22:29:18.370639Z,7245.112704,7,0.0004845,20.639834881321452,9.725158562367872,-4.057,52.43055555555556,20.639834881321452,59.82575905810525,1,1,0,0,1.0,False
PAXG,2026-06-14T20:29:33.306Z,2026-06-14T20:29:33.307205Z,2026-06-14T22:29:33.307205Z,7230.176138,7,4282.8150000000005,1.5176933862437336,0.3874408536960953,0.088,54.861111111111114,1.5176933862437336,60.844530631925366,0,0,0,0,,
PLUME,2026-06-14T20:29:46.977Z,2026-06-14T20:29:46.977636Z,2026-06-14T22:29:46.977636Z,7216.505707,7,0.010794999999999999,9.263547938861814,5.876685934489414,-2.26,55.208333333333336,9.263547938861814,65.92635620488855,3,3,0,0,1.0,False
QNT,2026-06-14T20:29:58.377Z,2026-06-14T20:29:58.378070Z,2026-06-14T22:29:58.378070Z,7205.105273,7,68.14500000000001,1.467459094578489,7.570553979393749,-0.387,47.22222222222222,1.467459094578489,56.06775241332538,66,14,49,3,0.1061,False
RED,2026-06-14T20:30:09.576Z,2026-06-14T20:30:09.576442Z,2026-06-14T22:30:09.576442Z,7793.689319,7,0.09645000000000001,10.368066355624974,8.350951374207177,3.614,48.611111111111114,10.368066355624974,72.15439365060863,0,0,0,0,,
SAPIEN,2026-06-14T20:30:15.390Z,2026-06-14T20:30:15.391146Z,2026-06-14T22:30:15.391146Z,7787.874615,7,0.08405,11.89767995240797,10.391198044009773,-1.088,50.69444444444444,11.89767995240797,58.148087031469856,1,0,1,0,1.0,False
SPK,2026-06-14T20:30:28.036Z,2026-06-14T20:30:28.037022Z,2026-06-14T22:30:28.037022Z,7775.228739,7,0.0201435,9.432323081888278,3.9814097598760694,-0.55,53.81944444444444,9.432323081888278,53.79444226432709,63,26,34,3,0.1111,False
TLM,2026-06-14T20:30:34.976Z,2026-06-14T20:30:34.976332Z,2026-06-14T22:30:34.976332Z,7768.289429,7,0.0010695,28.050490883590133,20.230105465004776,4.092,57.291666666666664,28.050490883590133,54.60815419711566,0,0,0,0,,
TOWNS,2026-06-14T20:30:43.027Z,2026-06-14T20:30:43.027605Z,2026-06-14T22:30:43.027605Z,7760.238156,7,0.002365,42.2832980972517,10.526315789473674,5.069,48.263888888888886,42.2832980972517,60.933840207628975,1,0,0,1,1.0,False
USDE,2026-06-14T20:30:53.036Z,2026-06-14T20:30:53.037084Z,2026-06-14T22:30:53.037084Z,7750.228677,7,0.99985,1.0001500225032653,0.040012003601075916,0.0,51.388888888888886,1.0001500225032653,51.05774181841728,2,2,0,0,1.0,False
WIF,2026-06-14T20:30:58.136Z,2026-06-14T20:30:58.136438Z,2026-06-14T22:30:58.136438Z,7745.129323,7,0.16285,6.1406202026397905,4.786215698787479,-2.124,50.0,6.1406202026397905,67.45698527227853,5,4,1,0,0.4,False
AIXBT,2026-06-14T20:36:46.325Z,2026-06-14T20:36:46.325758Z,2026-06-14T22:36:46.325758Z,7396.940003,7,0.02398,25.020850708924527,9.020284851100568,-4.256,34.375,25.020850708924527,46.84525074065933,2,1,1,0,1.0,False
BANK,2026-06-14T20:36:57.198Z,2026-06-14T20:36:57.198496Z,2026-06-14T22:36:57.198496Z,7386.067265,7,0.04025,24.84472049689512,7.474226804123711,-2.267,38.888888888888886,24.84472049689512,41.882360895139186,4,2,1,1,1.0,False
BROCCOLI714,2026-06-14T20:37:04.999Z,2026-06-14T20:37:05.000156Z,2026-06-14T22:37:05.000156Z,7378.265605,7,0.013430000000000001,14.89203276247276,7.021604938271614,-2.336,39.583333333333336,14.89203276247276,59.29471711385289,0,0,0,0,,
CGPT,2026-06-14T20:37:20.004Z,2026-06-14T20:37:20.004547Z,2026-06-14T22:37:20.004547Z,7363.261214,7,0.021145,14.187751241429297,6.666666666666665,-3.612,34.72222222222222,14.187751241429297,41.151151455937494,1,1,0,0,1.0,False
EURI,2026-06-14T20:37:37.076Z,2026-06-14T20:37:37.077141Z,2026-06-14T22:37:37.077141Z,7346.18862,7,1.16005,2.5860954269209686,0.6747988580326851,0.026,38.19444444444444,2.5860954269209686,50.731507795463656,0,0,0,0,,
GUN,2026-06-14T20:37:55.969Z,2026-06-14T20:37:55.969720Z,2026-06-14T22:37:55.969720Z,7327.296041,7,0.006030000000000001,33.1674958540631,7.388316151202747,-2.838,43.75,33.1674958540631,65.79785114162249,1,1,0,0,1.0,False
HEI,2026-06-14T20:38:03.624Z,2026-06-14T20:38:03.624761Z,2026-06-14T22:38:03.624761Z,7319.641,7,0.0875,45.71428571428544,8.720930232558132,1.775,43.05555555555556,45.71428571428544,65.96557209292043,3,2,1,0,1.0,False
HOLO,2026-06-14T20:38:10.820Z,2026-06-14T20:38:10.820533Z,2026-06-14T22:38:10.820533Z,7312.445228,7,0.07295,13.708019191225358,8.630952380952381,6.161,33.333333333333336,13.708019191225358,73.269153431132,0,0,0,0,,
LAYER,2026-06-14T20:38:23.558Z,2026-06-14T20:38:23.558434Z,2026-06-14T22:38:23.558434Z,7299.707327,7,0.0674,29.67359050445189,5.022831050228307,-0.755,41.666666666666664,29.67359050445189,60.865740996274745,1,0,0,1,0.0,False
MANTA,2026-06-14T20:38:30.919Z,2026-06-14T20:38:30.919996Z,2026-06-14T22:38:30.919996Z,7292.345765,7,0.081855,23.21177692260653,17.019422310756973,-3.751,32.638888888888886,23.21177692260653,55.51399199023885,2,2,0,0,1.0,False
MUBARAK,2026-06-14T20:38:37.497Z,2026-06-14T20:38:37.497427Z,2026-06-14T22:38:37.497427Z,7285.768334,7,0.01102,18.148820326678027,5.367231638418073,-1.667,32.291666666666664,18.148820326678027,59.87453892263577,0,0,0,0,,
NEIRO,2026-06-14T20:38:43.502Z,2026-06-14T20:38:43.502566Z,2026-06-14T22:38:43.502566Z,7279.763195,7,7.054e-05,14.176353841792237,5.309474919331176,-2.265,42.361111111111114,14.176353841792237,63.42186000374964,1,1,0,0,1.0,False
NOM,2026-06-14T20:38:56.501Z,2026-06-14T20:38:56.501864Z,2026-06-14T22:38:56.501864Z,7266.763897,7,0.001675,59.70149253731359,5.031446540880503,-3.049,31.25,59.70149253731359,53.442652500635226,1,1,0,0,1.0,False
RARE,2026-06-14T20:39:11.047Z,2026-06-14T20:39:11.048279Z,2026-06-14T22:39:11.048279Z,7252.217482,7,0.01325,75.4716981132071,7.692307692307685,-1.515,36.458333333333336,75.4716981132071,56.01061623184202,1,0,1,0,1.0,False
REZ,2026-06-14T20:39:18.887Z,2026-06-14T20:39:18.887956Z,2026-06-14T22:39:18.887956Z,7244.377805,7,0.0033315000000000003,3.001650907998496,12.021177203363441,0.25,40.97222222222222,3.001650907998496,58.250809713227156,0,0,0,0,,
RSR,2026-06-14T20:39:29.719Z,2026-06-14T20:39:29.719983Z,2026-06-14T22:39:29.719983Z,7233.545778,7,0.0014145,7.06963591375138,5.228758169934642,-0.073,39.93055555555556,7.06963591375138,65.5161636230826,0,0,0,0,,
SKY,2026-06-14T20:39:43.310Z,2026-06-14T20:39:43.310990Z,2026-06-14T22:39:43.310990Z,7219.954771,7,0.057550000000000004,6.950477845352791,2.8027498677948195,1.849,34.02777777777778,6.950477845352791,59.717139770909114,62,11,46,5,-0.5484,False
STO,2026-06-14T20:39:54.837Z,2026-06-14T20:39:54.837434Z,2026-06-14T22:39:54.837434Z,7208.428327,7,0.051250000000000004,19.512195121950423,5.988023952095814,-4.753,36.80555555555556,19.512195121950423,58.29247835378953,2,1,0,1,0.5,False
TRB,2026-06-14T20:40:06.405Z,2026-06-14T20:40:06.406003Z,2026-06-14T22:40:06.406003Z,7796.910226,7,13.805,7.2437522636724285,3.4996276991809303,0.0,37.5,7.2437522636724285,68.03281287775754,0,0,0,0,,
CATI,2026-06-14T20:46:31.901Z,2026-06-14T20:46:31.902005Z,2026-06-14T22:46:31.902005Z,7411.414224,7,0.059800000000000006,33.4448160535115,4.5226130653266345,-0.5,18.40277777777778,33.4448160535115,62.4442692965266,0,0,0,0,,
CVX,2026-06-14T20:46:53.093Z,2026-06-14T20:46:53.093791Z,2026-06-14T22:46:53.093791Z,7390.222438,7,1.3485,37.07823507600959,3.8759689922480653,-3.08,18.75,37.07823507600959,54.994544736015506,15,9,4,2,0.6,False
DYM,2026-06-14T20:47:06.056Z,2026-06-14T20:47:06.056401Z,2026-06-14T22:47:06.056401Z,7377.259828,7,0.01725,57.97101449275327,12.048192771084327,-4.598,27.430555555555557,57.97101449275327,52.68974763795936,0,0,0,0,,
ETC,2026-06-14T20:47:17.385Z,2026-06-14T20:47:17.386079Z,2026-06-14T22:47:17.386079Z,7365.93015,7,7.165,13.956734124214636,4.022988505747118,-3.064,25.694444444444443,13.956734124214636,59.162787040257946,3,3,0,0,0.0,False
F,2026-06-14T20:47:23.041Z,2026-06-14T20:47:23.041469Z,2026-06-14T22:47:23.041469Z,7360.27476,7,0.0040149999999999995,24.90660024906715,4.615384615384617,-2.5,19.791666666666668,24.90660024906715,57.738675661022256,0,0,0,0,,
FORM,2026-06-14T20:47:37.815Z,2026-06-14T20:47:37.815651Z,2026-06-14T22:47:37.815651Z,7345.500578,7,0.23185,30.191934440369998,4.944812362030912,-3.205,20.13888888888889,30.191934440369998,56.88232784844016,1,0,0,1,-1.0,False
HAEDAL,2026-06-14T20:47:43.973Z,2026-06-14T20:47:43.974194Z,2026-06-14T22:47:43.974194Z,7339.342035,7,0.019764999999999998,15.178345560333307,8.016443987667003,3.511,17.708333333333332,15.178345560333307,72.16757056594918,0,0,0,0,,
KERNEL,2026-06-14T20:47:50.861Z,2026-06-14T20:47:50.861901Z,2026-06-14T22:47:50.861901Z,7332.454328,7,0.049049999999999996,20.38735983690029,3.805496828752649,-1.458,22.569444444444443,20.38735983690029,60.049111787317166,0,0,0,0,,
LISTA,2026-06-14T20:48:08.533Z,2026-06-14T20:48:08.534101Z,2026-06-14T22:48:08.534101Z,7314.782128,7,0.05305,18.85014137606086,3.710937499999998,-0.967,21.180555555555557,18.85014137606086,57.17775116049197,0,0,0,0,,
NEO,2026-06-14T20:48:30.085Z,2026-06-14T20:48:30.086228Z,2026-06-14T22:48:30.086228Z,7293.230001,7,2.2435,4.457321149990345,3.7892791127541523,-2.081,23.26388888888889,4.457321149990345,38.41339169645137,1,1,0,0,1.0,False
NMR,2026-06-14T20:48:35.967Z,2026-06-14T20:48:35.967398Z,2026-06-14T22:48:35.967398Z,7287.348831,7,8.445,11.841326228537344,4.131227217496961,-2.372,17.01388888888889,11.841326228537344,56.42099006463589,0,0,0,0,,
NXPC,2026-06-14T20:48:43.290Z,2026-06-14T20:48:43.290925Z,2026-06-14T22:48:43.290925Z,7280.025304,7,0.35814999999999997,25.129135836938612,3.0712876866722922,0.881,28.125,25.129135836938612,53.56912134416041,0,0,0,0,,
PEOPLE,2026-06-14T20:48:50.328Z,2026-06-14T20:48:50.328924Z,2026-06-14T22:48:50.328924Z,7272.987305,7,0.005595,17.873100983019825,3.696857670979677,-1.815,21.875,17.873100983019825,61.85664098144655,1,1,0,0,1.0,False
SAND,2026-06-14T20:48:58.880Z,2026-06-14T20:48:58.880992Z,2026-06-14T22:48:58.880992Z,7264.435237,7,0.05312,7.530120481927405,3.731197499511627,-1.652,29.51388888888889,7.530120481927405,61.2732901654705,8,4,4,0,0.625,False
SHELL,2026-06-14T20:49:07.314Z,2026-06-14T20:49:07.314558Z,2026-06-14T22:49:07.314558Z,7256.001671,7,0.026250000000000002,38.09523809523786,3.5294117647058747,-1.544,29.86111111111111,38.09523809523786,54.09568413016535,0,0,0,0,,
THE,2026-06-14T20:49:13.223Z,2026-06-14T20:49:13.224035Z,2026-06-14T22:49:13.224035Z,7250.092194,7,0.06964999999999999,14.357501794688137,2.6865671641790985,-1.325,23.958333333333332,14.357501794688137,58.04288186736443,13,6,6,1,0.3846,False
TURTLE,2026-06-14T20:49:25.744Z,2026-06-14T20:49:25.745107Z,2026-06-14T22:49:25.745107Z,7237.571122,7,0.0372,53.763440860214736,2.7472527472527495,-0.817,26.73611111111111,53.763440860214736,63.738837853159,50,40,9,1,0.86,False
USUAL,2026-06-14T20:49:38.905Z,2026-06-14T20:49:38.906104Z,2026-06-14T22:49:38.906104Z,7224.410125,7,0.010295,9.713453132588239,6.256306760847618,-4.344,21.52777777777778,9.713453132588239,47.09132903443158,0,0,0,0,,
VANRY,2026-06-14T20:49:46.999Z,2026-06-14T20:49:46.999377Z,2026-06-14T22:49:46.999377Z,7216.316852,7,0.003634,5.5035773252621505,4.026459591601954,-0.968,24.305555555555557,5.5035773252621505,64.74519464212352,15,4,11,0,-0.0667,False
YGG,2026-06-14T20:49:58.891Z,2026-06-14T20:49:58.891504Z,2026-06-14T22:49:58.891504Z,7204.424725,7,0.025835,11.612154054577994,4.020908725371938,-1.932,20.48611111111111,11.612154054577994,63.8732096091439,1,0,1,0,1.0,False
1MBABYDOGE,2026-06-14T20:55:40.316Z,2026-06-14T20:55:40.316887Z,2026-06-14T22:55:40.316887Z,7463.49765,7,0.000341,17.59530791788899,3.778718258766636,-1.811,7.986111111111111,17.59530791788899,43.56662708051196,0,0,0,0,,
ACT,2026-06-14T20:55:48.045Z,2026-06-14T20:55:48.045746Z,2026-06-14T22:55:48.045746Z,7455.768791,7,0.010555,28.42254855518596,4.027504911591345,-2.863,10.76388888888889,28.42254855518596,44.93313879275162,2,2,0,0,1.0,False
DOLO,2026-06-14T20:56:46.395Z,2026-06-14T20:56:46.395330Z,2026-06-14T22:56:46.395330Z,7397.419207,7,0.024925,20.060180541625453,8.291873963515748,-3.636,14.930555555555555,20.060180541625453,49.79932041381591,1,1,0,0,1.0,False
GMT,2026-06-14T20:56:59.867Z,2026-06-14T20:56:59.867766Z,2026-06-14T22:56:59.867766Z,7383.946771,7,0.008335,11.99760047990353,5.583126550868496,-3.125,16.319444444444443,11.99760047990353,57.455810921643426,0,0,0,0,,
IMX,2026-06-14T20:57:25.724Z,2026-06-14T20:57:25.724856Z,2026-06-14T22:57:25.724856Z,7358.089681,7,0.14605,6.846970215680708,4.80565371024735,-2.883,12.847222222222221,6.846970215680708,55.09551575491415,7,3,2,2,0.4286,False
MAGIC,2026-06-14T20:57:38.798Z,2026-06-14T20:57:38.798547Z,2026-06-14T22:57:38.798547Z,7345.01599,7,0.047299999999999995,42.28329809725133,4.761904761904763,-1.493,12.152777777777779,42.28329809725133,56.25181585490309,68,29,35,4,0.4118,False
MET,2026-06-14T20:57:58.681Z,2026-06-14T20:57:58.682043Z,2026-06-14T22:57:58.682043Z,7325.132494,7,0.10844999999999999,27.6625172890741,3.3653846153846185,-1.141,11.11111111111111,27.6625172890741,48.91630944559292,1,1,0,0,1.0,False
ONT,2026-06-14T20:58:05.045Z,2026-06-14T20:58:05.045526Z,2026-06-14T22:58:05.045526Z,7318.769011,7,0.04861,8.228759514502853,2.188552188552187,-1.411,13.194444444444445,8.228759514502853,59.546082099539426,22,13,7,2,0.4545,False
RVN,2026-06-14T20:58:19.127Z,2026-06-14T20:58:19.127798Z,2026-06-14T22:58:19.127798Z,7304.686739,7,0.004399999999999999,45.45454545454558,4.470588235294119,-3.189,3.4722222222222223,45.45454545454558,43.047870716200144,2,1,1,0,0.0,False
SIGN,2026-06-14T20:58:26.565Z,2026-06-14T20:58:26.565888Z,2026-06-14T22:58:26.565888Z,7297.248649,7,0.008910000000000001,22.44668911335681,4.199772985244047,2.323,7.638888888888889,22.44668911335681,68.3469527727702,0,0,0,0,,
SKL,2026-06-14T20:58:34.079Z,2026-06-14T20:58:34.079692Z,2026-06-14T22:58:34.079692Z,7289.734845,7,0.004385,68.41505131128964,7.09046454767727,-3.991,4.861111111111111,68.41505131128964,37.149927984931175,0,0,0,0,,
SOPH,2026-06-14T20:58:45.289Z,2026-06-14T20:58:45.289774Z,2026-06-14T22:58:45.289774Z,7278.524763,7,0.005645,17.714791851195027,9.584086799276674,-5.792,13.541666666666666,17.714791851195027,42.6254420446533,0,0,0,0,,
STEEM,2026-06-14T20:58:53.542Z,2026-06-14T20:58:53.543005Z,2026-06-14T22:58:53.543005Z,7270.271532,7,0.04468,17.905102954342812,2.6989935956084183,-2.105,8.333333333333334,17.905102954342812,41.0621701036525,0,0,0,0,,
SXT,2026-06-14T20:58:59.019Z,2026-06-14T20:58:59.019945Z,2026-06-14T22:58:59.019945Z,7264.794592,7,0.00833,72.02881152460898,7.338308457711445,-5.3,15.972222222222221,72.02881152460898,53.1465642587787,0,0,0,0,,
TNSR,2026-06-14T20:59:07.082Z,2026-06-14T20:59:07.083008Z,2026-06-14T22:59:07.083008Z,7256.731529,7,0.02975,33.613445378151056,4.181184668989546,-3.041,9.375,33.613445378151056,53.98922864656242,10,4,5,1,0.4,False
UMA,2026-06-14T20:59:14.574Z,2026-06-14T20:59:14.574582Z,2026-06-14T22:59:14.574582Z,7249.239955,7,0.4095,24.420024420024443,2.77777777777778,-1.247,6.597222222222222,24.420024420024443,56.65242235751478,0,0,0,0,,
VANA,2026-06-14T20:59:23.367Z,2026-06-14T20:59:23.367364Z,2026-06-14T22:59:23.367364Z,7240.447173,7,1.1375,8.791208791207824,4.6363636363636305,-2.655,10.416666666666666,8.791208791207824,59.04975493027538,0,0,0,0,,
XAI,2026-06-14T20:59:37.095Z,2026-06-14T20:59:37.095464Z,2026-06-14T22:59:37.095464Z,7226.719073,7,0.008230000000000001,24.301336573512657,4.130162703379229,-0.868,11.805555555555555,24.301336573512657,54.26813312724167,0,0,0,0,,
XVG,2026-06-14T20:59:45.044Z,2026-06-14T20:59:45.044830Z,2026-06-14T22:59:45.044830Z,7218.769707,7,0.002576,38.819875776397616,3.1726907630521946,-1.19,5.208333333333333,38.819875776397616,43.034531082633904,66,19,32,15,-0.1061,False
ADA,2026-06-14T21:05:30.037Z,2026-06-14T21:05:30.037722Z,2026-06-14T23:05:30.037722Z,7473.278813,7,0.17520000000000002,11.415525114155576,4.921968787514997,-2.97,93.75,11.415525114155576,55.81850577553468,34,14,18,2,0.3824,False
ALGO,2026-06-14T21:05:37.936Z,2026-06-14T21:05:37.936330Z,2026-06-14T23:05:37.936330Z,7465.380205,7,0.09215000000000001,10.851871947911325,6.340378197997771,1.927,90.27777777777777,10.851871947911325,61.00940263716772,4,2,2,0,0.5,False
BANANAS31,2026-06-14T21:05:47.185Z,2026-06-14T21:05:47.186027Z,2026-06-14T23:05:47.186027Z,7456.130508,7,0.010135,19.733596447951836,34.423940149625935,33.631,91.66666666666667,19.733596447951836,78.0648300616968,0,0,0,0,,
COTI,2026-06-14T21:06:13.069Z,2026-06-14T21:06:13.069859Z,2026-06-14T23:06:13.069859Z,7430.246676,7,0.010124999999999999,29.62962962963014,3.873598369011215,-1.9,1.7361111111111112,29.62962962963014,39.777272067760535,0,0,0,0,,
ETH,2026-06-14T21:06:31.311Z,2026-06-14T21:06:31.312020Z,2026-06-14T23:06:31.312020Z,7412.004515,7,1721.745,0.058080610078675446,2.569719083254814,-0.588,99.65277777777777,0.058080610078675446,63.51902448923261,40,21,12,7,0.35,False
FET,2026-06-14T21:06:39.626Z,2026-06-14T21:06:39.626486Z,2026-06-14T23:06:39.626486Z,7403.690049,7,0.2111,9.47418285172931,8.534780463739523,-1.602,94.44444444444444,9.47418285172931,59.39454696494675,0,0,0,0,,
ICP,2026-06-14T21:06:45.765Z,2026-06-14T21:06:45.765866Z,2026-06-14T23:06:45.765866Z,7397.550669,7,2.491,8.028904054595664,9.233954451345749,-6.141,92.70833333333333,8.028904054595664,66.65266895269477,21,9,12,0,0.5238,False
PEPE,2026-06-14T21:07:11.248Z,2026-06-14T21:07:11.248453Z,2026-06-14T23:07:11.248453Z,7372.068082,7,2.885e-06,34.66204506065825,4.316546762589932,-2.113,97.91666666666667,34.66204506065825,59.64597738875394,18,18,0,0,1.0,False
SOL,2026-06-14T21:07:21.312Z,2026-06-14T21:07:21.312237Z,2026-06-14T23:07:21.312237Z,7362.004298,7,70.38499999999999,1.4207572636222372,3.871730456627738,-0.733,98.95833333333333,1.4207572636222372,54.31157472846939,40,19,16,5,0.675,False
SUI,2026-06-14T21:07:28.023Z,2026-06-14T21:07:28.023720Z,2026-06-14T23:07:28.023720Z,7355.292815,7,0.78335,1.2765685836470158,3.970157207567271,-1.78,94.79166666666667,1.2765685836470158,53.20192889590014,8,5,2,1,0.75,False
SUSHI,2026-06-14T21:07:35.922Z,2026-06-14T21:07:35.923068Z,2026-06-14T23:07:35.923068Z,7347.393467,7,0.1792,66.96428571428454,2.5287356321839165,-1.472,1.0416666666666667,66.96428571428454,43.782256965878425,15,9,6,0,1.0,False
T,2026-06-14T21:07:43.241Z,2026-06-14T21:07:43.242150Z,2026-06-14T23:07:43.242150Z,7340.074385,7,0.003855,77.82101167315196,3.7433155080214005,-2.857,2.0833333333333335,77.82101167315196,36.88469367941449,0,0,0,0,,
TAO,2026-06-14T21:07:48.662Z,2026-06-14T21:07:48.662388Z,2026-06-14T23:07:48.662388Z,7334.654147,7,274.45,3.643650938240945,10.755923279428355,4.315,98.61111111111111,3.643650938240945,63.36461017042983,30,8,20,2,0.6333,False
TRUMP,2026-06-14T21:07:55.298Z,2026-06-14T21:07:55.298750Z,2026-06-14T23:07:55.298750Z,7328.017785,7,2.081,9.610764055741374,15.470171890798778,-11.42,93.40277777777777,9.610764055741374,47.67067222709581,60,10,5,45,1.0,False
USD1,2026-06-14T21:08:07.252Z,2026-06-14T21:08:07.252329Z,2026-06-14T23:08:07.252329Z,7316.064206,7,1.0006499999999998,0.9993504222254435,0.029979014689713902,0.02,99.30555555555556,0.9993504222254435,73.34734163615677,4,2,2,0,0.5,False
VELODROME,2026-06-14T21:08:14.514Z,2026-06-14T21:08:14.514829Z,2026-06-14T23:08:14.514829Z,7308.801706,7,0.014110000000000001,14.17434443657046,5.251479289940832,-3.29,2.7777777777777777,14.17434443657046,53.180226224379346,0,0,0,0,,
WLD,2026-06-14T21:08:19.754Z,2026-06-14T21:08:19.754188Z,2026-06-14T23:08:19.754188Z,7303.562347,7,0.51945,5.775339301183308,6.802313983642545,0.987,96.18055555555556,5.775339301183308,57.58317056871535,11,10,1,0,1.0,False
XLM,2026-06-14T21:08:25.994Z,2026-06-14T21:08:25.994739Z,2026-06-14T23:08:25.994739Z,7297.321796,7,0.18775,5.326231691077975,4.607789358200763,-2.304,90.97222222222223,5.326231691077975,58.669171656456776,63,23,35,5,0.254,False
XPL,2026-06-14T21:08:33.370Z,2026-06-14T21:08:33.370753Z,2026-06-14T23:08:33.370753Z,7289.945782,7,0.08915000000000001,11.217049915872447,8.793686583990983,-0.894,90.625,11.217049915872447,65.35345275596693,15,11,4,0,0.6,False
XRP,2026-06-14T21:08:39.440Z,2026-06-14T21:08:39.441156Z,2026-06-14T23:08:39.441156Z,7283.875379,7,1.17205,0.8532059212489995,2.62578200722531,-0.995,97.56944444444444,0.8532059212489995,56.45634455182403,40,15,18,7,0.675,False
ZEC,2026-06-14T21:08:45.405Z,2026-06-14T21:08:45.406111Z,2026-06-14T23:08:45.406111Z,7277.910424,7,468.735,2.3467417624033544,5.373476501274936,4.167,98.26388888888889,2.3467417624033544,67.88677458941743,21,10,8,3,0.381,False
FDUSD,2026-06-14T21:14:31.081Z,2026-06-14T21:14:31.082126Z,2026-06-14T23:14:31.082126Z,7532.153593,7,0.998,2.0040080160318436,0.05010522096401893,-0.02,87.5,2.0040080160318436,67.08259663231237,0,0,0,0,,
INJ,2026-06-14T21:14:37.516Z,2026-06-14T21:14:37.516252Z,2026-06-14T23:14:37.516252Z,7525.719467,7,5.1905,1.9265966669866983,7.437850842020858,-3.576,86.80555555555556,1.9265966669866983,60.46743347741056,9,6,2,1,0.5556,False
PENGU,2026-06-14T21:14:50.650Z,2026-06-14T21:14:50.650349Z,2026-06-14T23:14:50.650349Z,7512.58537,7,0.006905,2.8964518464871807,5.833079500456894,-2.117,86.45833333333333,2.8964518464871807,47.054754328984686,1,0,1,0,1.0,False
AAVE,2026-06-14T21:20:39.226Z,2026-06-14T21:20:39.226871Z,2026-06-14T23:20:39.226871Z,7764.623768,7,67.935,4.415985868845387,3.870771106370018,-1.16,79.51388888888889,4.415985868845387,58.15895787140064,3,3,0,0,1.0,False
ARB,2026-06-14T21:20:49.757Z,2026-06-14T21:20:49.757412Z,2026-06-14T23:20:49.757412Z,7754.093227,7,0.08555,11.689070718876563,5.4545454545454595,-3.283,76.38888888888889,11.689070718876563,55.291581023232126,7,3,3,1,0.7143,False
ATOM,2026-06-14T21:20:55.713Z,2026-06-14T21:20:55.714158Z,2026-06-14T23:20:55.714158Z,7748.136481,7,2.0045,4.988775255674182,4.284274193548397,1.38,79.86111111111111,4.988775255674182,69.551348275265,61,23,35,3,0.2623,False
BIO,2026-06-14T21:21:08.715Z,2026-06-14T21:21:08.715320Z,2026-06-14T23:21:08.715320Z,7735.135319,7,0.032735,9.16450282572239,6.418811566571342,-3.11,72.91666666666667,9.16450282572239,53.495508406485264,0,0,0,0,,
CRV,2026-06-14T21:21:14.334Z,2026-06-14T21:21:14.335121Z,2026-06-14T23:21:14.335121Z,7729.515518,7,0.2353,8.499787505312609,6.072520751419833,-2.305,82.98611111111111,8.499787505312609,48.82838540623866,4,3,1,0,0.5,False
DASH,2026-06-14T21:21:19.488Z,2026-06-14T21:21:19.488867Z,2026-06-14T23:21:19.488867Z,7724.361772,7,37.795,7.937557878026494,6.135844748858443,-0.228,80.20833333333333,7.937557878026494,62.721136826968554,7,2,4,1,0.7143,False
EDEN,2026-06-14T21:21:25.593Z,2026-06-14T21:21:25.593655Z,2026-06-14T23:21:25.593655Z,7718.256984,7,0.048299999999999996,41.40786749482377,16.48106904231625,12.25,77.77777777777777,41.40786749482377,68.5845044734815,0,0,0,0,,
EIGEN,2026-06-14T21:21:31.183Z,2026-06-14T21:21:31.183561Z,2026-06-14T23:21:31.183561Z,7712.667078,7,0.2046,9.775171065493925,11.479591836734704,6.176,84.02777777777777,9.775171065493925,68.36661346198045,3,2,1,0,1.0,False
HMSTR,2026-06-14T21:21:46.637Z,2026-06-14T21:21:46.637606Z,2026-06-14T23:21:46.637606Z,7697.213033,7,0.00016875,17.77777777777821,12.22020568663037,-5.272,75.69444444444444,17.77777777777821,54.41104904183125,0,0,0,0,,
INIT,2026-06-14T21:21:56.527Z,2026-06-14T21:21:56.528099Z,2026-06-14T23:21:56.528099Z,7687.32254,7,0.05975,16.736401673639484,5.831903945111481,-1.686,75.0,16.736401673639484,58.795053834237635,1,1,0,0,1.0,False
JTO,2026-06-14T21:22:03.194Z,2026-06-14T21:22:03.194898Z,2026-06-14T23:22:03.194898Z,7680.655741,7,0.5608,7.132667617690211,5.86093920640699,1.816,76.04166666666667,7.132667617690211,70.09779463871497,7,7,0,0,0.8571,False
LINK,2026-06-14T21:22:13.248Z,2026-06-14T21:22:13.248561Z,2026-06-14T23:22:13.248561Z,7670.602078,7,8.1475,1.2273703590051497,3.4438775510204143,-1.705,85.76388888888889,1.2273703590051497,63.13684809696023,14,6,8,0,0.1429,False
MITO,2026-06-14T21:22:23.791Z,2026-06-14T21:22:23.791607Z,2026-06-14T23:22:23.791607Z,7660.059032,7,0.02129,18.788163457021312,38.431372549019606,12.335,84.375,18.788163457021312,78.9188893398343,6,5,1,0,0.8333,False
OP,2026-06-14T21:22:39.772Z,2026-06-14T21:22:39.772837Z,2026-06-14T23:22:39.772837Z,7644.077802,7,0.10855000000000001,9.212344541686123,3.8642789820923715,-1.759,78.125,9.212344541686123,64.92685508458511,65,26,35,4,0.0154,False
OPEN,2026-06-14T21:22:46.034Z,2026-06-14T21:22:46.034444Z,2026-06-14T23:22:46.034444Z,7637.816195,7,0.24930000000000002,8.022462896109335,10.103519668737063,0.0,73.95833333333333,8.022462896109335,65.62848889552167,23,14,8,1,0.8696,False
PENDLE,2026-06-14T21:22:57.283Z,2026-06-14T21:22:57.283807Z,2026-06-14T23:22:57.283807Z,7626.566832,7,1.3855,7.217610970767882,6.904400606980271,0.076,81.59722222222223,7.217610970767882,69.97892908682309,12,8,4,0,1.0,False
PUMP,2026-06-14T21:23:03.371Z,2026-06-14T21:23:03.371970Z,2026-06-14T23:23:03.371970Z,7620.478669,7,0.0015745,6.351222610351958,5.108055009823179,-0.196,85.06944444444444,6.351222610351958,67.96500152051003,5,4,1,0,0.4,False
PYTH,2026-06-14T21:23:08.538Z,2026-06-14T21:23:08.538542Z,2026-06-14T23:23:08.538542Z,7615.312097,7,0.03945,25.348542458809344,7.124010554089712,-0.263,83.68055555555556,25.348542458809344,55.07905863473501,3,1,2,0,1.0,False
SEI,2026-06-14T21:23:19.514Z,2026-06-14T21:23:19.514805Z,2026-06-14T23:23:19.514805Z,7604.335834,7,0.05509,3.630422944274119,4.181578451685816,-2.012,81.94444444444444,3.630422944274119,62.509096356707865,1,1,0,0,1.0,False
SOMI,2026-06-14T21:23:31.014Z,2026-06-14T21:23:31.015226Z,2026-06-14T23:23:31.015226Z,7592.835413,7,0.11355000000000001,8.806693086746177,6.113138686131384,-2.23,76.73611111111111,8.806693086746177,53.97040548869545,0,0,0,0,,
SYN,2026-06-14T21:23:38.753Z,2026-06-14T21:23:38.754076Z,2026-06-14T23:23:38.754076Z,7585.096563,7,0.03745,26.702269692922812,32.880434782608695,-0.271,73.61111111111111,26.702269692922812,65.00186396465415,1,1,0,0,1.0,False
SYRUP,2026-06-14T21:23:44.607Z,2026-06-14T21:23:44.607804Z,2026-06-14T23:23:44.607804Z,7579.242835,7,0.14425,6.932409012132878,4.761904761904765,3.96,74.30555555555556,6.932409012132878,78.79682342893543,3,1,2,0,1.0,False
TST,2026-06-14T21:23:49.971Z,2026-06-14T21:23:49.971986Z,2026-06-14T23:23:49.971986Z,7573.878653,7,0.01519,13.166556945358252,20.48681541582151,-10.364,82.29166666666667,13.166556945358252,66.56854743032922,2,0,2,0,1.0,False
VIRTUAL,2026-06-14T21:23:56.053Z,2026-06-14T21:23:56.053445Z,2026-06-14T23:23:56.053445Z,7567.797194,7,0.6421,6.229559258681762,7.643312101910821,-4.388,73.26388888888889,6.229559258681762,48.659340508568675,2,2,0,0,0.0,False
APT,2026-06-14T21:29:45.907Z,2026-06-14T21:29:45.907817Z,2026-06-14T23:29:45.907817Z,7217.942822,7,0.6795,14.716703458425325,5.076923076923081,-2.84,64.58333333333333,14.716703458425325,58.50507602065205,6,6,0,0,1.0,False
ASTER,2026-06-14T21:29:51.287Z,2026-06-14T21:29:51.287354Z,2026-06-14T23:29:51.287354Z,7212.563285,7,0.6335,15.785319652722983,3.858520900321547,-2.66,71.875,15.785319652722983,56.5151139927825,20,12,7,1,0.7,False
AVNT,2026-06-14T21:29:57.842Z,2026-06-14T21:29:57.842470Z,2026-06-14T23:29:57.842470Z,7206.008169,7,0.1126,17.76198934280567,6.9380203515263705,-3.136,70.48611111111111,17.76198934280567,66.19940902346171,10,6,4,0,0.9,False
CHZ,2026-06-14T21:30:14.729Z,2026-06-14T21:30:14.729413Z,2026-06-14T23:30:14.729413Z,7788.867365,7,0.025654999999999997,11.693626973299077,7.450199203187251,-1.761,71.52777777777777,11.693626973299077,47.21724385370276,9,6,0,3,0.4444,False
DOT,2026-06-14T21:30:19.723Z,2026-06-14T21:30:19.723650Z,2026-06-14T23:30:19.723650Z,7783.873128,7,0.9904999999999999,10.095911155981836,3.9874081846799614,-2.456,60.416666666666664,10.095911155981836,55.571916742529204,4,0,3,1,-0.5,False
DYDX,2026-06-14T21:30:25.399Z,2026-06-14T21:30:25.399263Z,2026-06-14T23:30:25.399263Z,7778.197515,7,0.122765,8.960208528489307,7.240788346186804,-3.578,65.97222222222223,8.960208528489307,62.95954821646264,0,0,0,0,,
EPIC,2026-06-14T21:30:38.045Z,2026-06-14T21:30:38.045486Z,2026-06-14T23:30:38.045486Z,7765.551292,7,0.5035000000000001,19.860973187686213,7.436399217221141,-5.019,61.80555555555556,19.860973187686213,36.08758123635236,0,0,0,0,,
GIGGLE,2026-06-14T21:30:50.491Z,2026-06-14T21:30:50.492101Z,2026-06-14T23:30:50.492101Z,7753.104677,7,28.759999999999998,13.908205841447394,7.872340425531911,3.221,69.79166666666667,13.908205841447394,56.357882711905475,0,0,0,0,,
HYPER,2026-06-14T21:30:59.723Z,2026-06-14T21:30:59.723277Z,2026-06-14T23:30:59.723277Z,7743.873501,7,0.07289999999999999,27.434842249655947,7.6704545454545485,-3.825,62.84722222222222,27.434842249655947,51.068317433142454,3,2,1,0,0.3333,False
IO,2026-06-14T21:31:05.459Z,2026-06-14T21:31:05.459810Z,2026-06-14T23:31:05.459810Z,7738.136968,7,0.1795,11.142061281337366,10.446894950667449,-5.641,68.75,11.142061281337366,54.05674562921961,0,0,0,0,,
NIL,2026-06-14T21:31:30.471Z,2026-06-14T21:31:30.471737Z,2026-06-14T23:31:30.471737Z,7713.125041,7,0.040264999999999995,22.35191853967461,13.101604278074868,-2.882,61.111111111111114,22.35191853967461,50.47814417872471,2,0,1,1,1.0,False
ORCA,2026-06-14T21:31:36.116Z,2026-06-14T21:31:36.116942Z,2026-06-14T23:31:36.116942Z,7707.479836,7,1.1435,8.745080891997288,7.4410163339382995,-4.754,63.888888888888886,8.745080891997288,63.19893069522362,1,0,1,0,1.0,False
ORDI,2026-06-14T21:31:41.001Z,2026-06-14T21:31:41.001717Z,2026-06-14T23:31:41.001717Z,7702.595061,7,3.378,17.76198934280575,5.794902912621355,-2.138,68.40277777777777,17.76198934280575,54.95931467880193,11,5,5,1,0.4545,False
PNUT,2026-06-14T21:31:48.289Z,2026-06-14T21:31:48.290123Z,2026-06-14T23:31:48.290123Z,7695.306655,7,0.045149999999999996,22.1483942414166,5.773672055427257,-2.036,67.01388888888889,22.1483942414166,59.906866173235116,62,12,40,10,0.0806,False
RESOLV,2026-06-14T21:31:54.785Z,2026-06-14T21:31:54.785828Z,2026-06-14T23:31:54.785828Z,7688.81095,7,0.01795,55.7103064066849,8.333333333333341,5.263,64.93055555555556,55.7103064066849,71.8140831613748,1,1,0,0,1.0,False
RUNE,2026-06-14T21:31:59.588Z,2026-06-14T21:31:59.588529Z,2026-06-14T23:31:59.588529Z,7684.008249,7,0.3915,25.542784163473844,7.008086253369279,-4.872,68.05555555555556,25.542784163473844,60.41351527411239,0,0,0,0,,
SAGA,2026-06-14T21:32:07.977Z,2026-06-14T21:32:07.977842Z,2026-06-14T23:32:07.977842Z,7675.618936,7,0.013005,7.689350249904905,11.437648927720401,-9.555,69.09722222222223,7.689350249904905,58.385273539075925,0,0,0,0,,
SSV,2026-06-14T21:32:17.250Z,2026-06-14T21:32:17.250306Z,2026-06-14T23:32:17.250306Z,7666.346472,7,2.3635,12.693039983076428,5.361003026372681,0.74,63.541666666666664,12.693039983076428,59.38833771529227,0,0,0,0,,
STRK,2026-06-14T21:32:22.992Z,2026-06-14T21:32:22.992943Z,2026-06-14T23:32:22.992943Z,7660.603835,7,0.03565,28.050490883591266,6.176470588235286,-2.017,65.27777777777777,28.050490883591266,61.860799109650806,0,0,0,0,,
TIA,2026-06-14T21:32:27.990Z,2026-06-14T21:32:27.991021Z,2026-06-14T23:32:27.991021Z,7655.605757,7,0.3484,5.740528128587198,6.218537163162576,-2.229,67.70833333333333,5.740528128587198,52.83412218436004,19,5,14,0,0.2105,False
UNI,2026-06-14T21:32:36.623Z,2026-06-14T21:32:36.624052Z,2026-06-14T23:32:36.624052Z,7646.972726,7,2.5765000000000002,3.881234232485503,4.066022544283413,-2.205,71.18055555555556,3.881234232485503,59.20119967014635,13,7,5,1,0.0769,False
W,2026-06-14T21:32:43.332Z,2026-06-14T21:32:43.332362Z,2026-06-14T23:32:43.332362Z,7640.264416,7,0.01,19.999999999999186,5.919003115264791,-1.634,59.375,19.999999999999186,62.275445092110665,12,3,8,1,0.0,False
WAL,2026-06-14T21:32:50.011Z,2026-06-14T21:32:50.011663Z,2026-06-14T23:32:50.011663Z,7633.585115,7,0.03435,29.11208151382907,9.909909909909901,-2.915,59.02777777777778,29.11208151382907,64.9550528371179,0,0,0,0,,
ZEN,2026-06-14T21:33:00.350Z,2026-06-14T21:33:00.350185Z,2026-06-14T23:33:00.350185Z,7623.246593,7,4.545999999999999,8.79894412670578,4.940257352941173,-0.685,61.458333333333336,8.79894412670578,54.0522138941677,0,0,0,0,,
ZRO,2026-06-14T21:33:11.198Z,2026-06-14T21:33:11.198725Z,2026-06-14T23:33:11.198725Z,7612.398053,7,0.9555,10.465724751439046,4.01301518438177,-1.601,66.31944444444444,10.465724751439046,52.48961199250649,2,1,1,0,0.0,False
ARKM,2026-06-14T21:33:49.052Z,2026-06-14T21:33:49.052344Z,2026-06-14T23:33:49.052344Z,7574.544434,7,0.13040000000000002,15.337423312883875,7.747035573122521,-2.014,47.56944444444444,15.337423312883875,58.6215794313125,31,13,15,3,0.1613,False
C,2026-06-14T21:34:04.920Z,2026-06-14T21:34:04.920402Z,2026-06-14T23:34:04.920402Z,7558.676376,7,0.09334999999999999,10.71237279057342,10.907127429805612,-1.489,55.90277777777778,10.71237279057342,61.48552475487425,0,0,0,0,,
CAKE,2026-06-14T21:34:10.070Z,2026-06-14T21:34:10.070206Z,2026-06-14T23:34:10.070206Z,7553.526572,7,1.3845,7.222824124233383,3.7091988130563665,0.898,57.638888888888886,7.222824124233383,63.67313306777481,12,8,4,0,1.0,False
FIL,2026-06-14T21:34:36.423Z,2026-06-14T21:34:36.423754Z,2026-06-14T23:34:36.423754Z,7527.173024,7,0.7895000000000001,12.666244458518058,5.145118733509239,-3.439,53.47222222222222,12.666244458518058,58.96972879331037,3,2,1,0,0.3333,False
HEMI,2026-06-14T21:34:41.348Z,2026-06-14T21:34:41.348863Z,2026-06-14T23:34:41.348863Z,7522.247915,7,0.006125,16.326530612245648,8.3752093802345,-4.327,45.138888888888886,16.326530612245648,58.301602328768055,0,0,0,0,,
KAIA,2026-06-14T21:34:46.843Z,2026-06-14T21:34:46.843243Z,2026-06-14T23:34:46.843243Z,7516.753535,7,0.038599999999999995,51.81347150259036,6.896551724137927,2.725,48.958333333333336,51.81347150259036,61.27858227452059,2,0,2,0,1.0,False
KITE,2026-06-14T21:34:52.894Z,2026-06-14T21:34:52.894690Z,2026-06-14T23:34:52.894690Z,7510.702088,7,0.1926,10.384215991692924,6.570512820512824,-2.955,51.041666666666664,10.384215991692924,60.22164807503401,0,0,0,0,,
MORPHO,2026-06-14T21:35:07.348Z,2026-06-14T21:35:07.349098Z,2026-06-14T23:35:07.349098Z,7496.24768,7,1.952,10.245901639344272,3.4961439588688976,-0.664,57.986111111111114,10.245901639344272,58.38345211266079,12,7,5,0,1.0,False
OSMO,2026-06-14T21:35:15.102Z,2026-06-14T21:35:15.103009Z,2026-06-14T23:35:15.103009Z,7488.493769,7,0.04675,21.390374331551413,8.695652173913052,-3.967,49.30555555555556,21.390374331551413,53.93065894645233,0,0,0,0,,
PARTI,2026-06-14T21:35:21.660Z,2026-06-14T21:35:21.660929Z,2026-06-14T23:35:21.660929Z,7481.935849,7,0.058050000000000004,17.226528854435127,8.802816901408459,-5.491,56.59722222222222,17.226528854435127,56.583685267588265,2,1,0,1,1.0,False
PHA,2026-06-14T21:35:31.254Z,2026-06-14T21:35:31.255178Z,2026-06-14T23:35:31.255178Z,7472.3416,7,0.036250000000000004,27.5862068965506,5.915492957746492,-0.56,54.513888888888886,27.5862068965506,63.28035680066302,0,0,0,0,,
POL,2026-06-14T21:35:43.236Z,2026-06-14T21:35:43.236530Z,2026-06-14T23:35:43.236530Z,7460.360248,7,0.07677500000000001,9.117551286226064,2.570591369206182,-0.767,47.916666666666664,9.117551286226064,61.549819304455106,21,9,11,1,0.7143,False
RAY,2026-06-14T21:35:52.909Z,2026-06-14T21:35:52.909870Z,2026-06-14T23:35:52.909870Z,7450.686908,7,0.6194999999999999,16.14205004035514,6.239460370994947,-2.627,55.55555555555556,16.14205004035514,61.24277039761374,6,1,4,1,0.5,False
TURBO,2026-06-14T21:36:27.313Z,2026-06-14T21:36:27.313935Z,2026-06-14T23:36:27.313935Z,7416.282843,7,0.0009165,10.911074740861057,6.108597285067875,0.113,45.833333333333336,10.911074740861057,57.13814853331193,20,20,0,0,1.0,False
XTZ,2026-06-14T21:36:43.071Z,2026-06-14T21:36:43.072029Z,2026-06-14T23:36:43.072029Z,7400.524749,7,0.23804999999999998,12.60239445494622,5.675909878682842,-3.025,44.791666666666664,12.60239445494622,43.39610259966315,27,10,13,4,0.8519,False
ZBT,2026-06-14T21:36:48.271Z,2026-06-14T21:36:48.271706Z,2026-06-14T23:36:48.271706Z,7395.325072,7,0.11355000000000001,8.806693086746177,8.520179372197317,-5.428,46.875,8.806693086746177,53.34889418559007,0,0,0,0,,
2Z,2026-06-14T21:42:23.215Z,2026-06-14T21:42:23.216053Z,2026-06-14T23:42:23.216053Z,7662.115019,7,0.07143,11.199776004481398,7.361783252676362,-3.194,37.15277777777778,11.199776004481398,51.27922005388279,0,0,0,0,,
AT,2026-06-14T21:42:35.740Z,2026-06-14T21:42:35.740413Z,2026-06-14T23:42:35.740413Z,7649.590659,7,0.1417,28.2286520818639,14.216027874564464,-1.578,44.44444444444444,28.2286520818639,66.98505848006279,0,0,0,0,,
CETUS,2026-06-14T21:42:53.055Z,2026-06-14T21:42:53.055423Z,2026-06-14T23:42:53.055423Z,7632.275649,7,0.01919,10.42209484106263,6.583242655059844,-4.071,33.68055555555556,10.42209484106263,56.95239557088342,0,0,0,0,,
CKB,2026-06-14T21:43:08.569Z,2026-06-14T21:43:08.569400Z,2026-06-14T23:43:08.569400Z,7616.761672,7,0.0011610000000000001,17.226528854436246,5.385996409335722,-2.877,31.944444444444443,17.226528854436246,57.95137830467726,13,6,7,0,0.3846,False
ERA,2026-06-14T21:43:14.148Z,2026-06-14T21:43:14.148910Z,2026-06-14T23:43:14.148910Z,7611.182162,7,0.10345,9.666505558239631,8.159203980099502,-1.18,32.986111111111114,9.666505558239631,62.52468790747201,1,1,0,0,1.0,False
EUL,2026-06-14T21:43:19.028Z,2026-06-14T21:43:19.028906Z,2026-06-14T23:43:19.028906Z,7606.302166,7,1.024,19.531250000000018,9.523809523809511,9.091,40.625,19.531250000000018,65.7028069686973,13,9,3,1,0.6923,False
FLOKI,2026-06-14T21:43:27.067Z,2026-06-14T21:43:27.067891Z,2026-06-14T23:43:27.067891Z,7598.263181,7,2.5425e-05,3.9331366764988043,3.882304863097668,-2.159,36.111111111111114,3.9331366764988043,39.158048771984326,14,5,9,0,0.9286,False
GPS,2026-06-14T21:43:34.157Z,2026-06-14T21:43:34.157751Z,2026-06-14T23:43:34.157751Z,7591.173321,7,0.00794,25.18891687657547,6.728232189973616,2.156,40.27777777777778,25.18891687657547,66.89520388686684,0,0,0,0,,
GRT,2026-06-14T21:43:40.790Z,2026-06-14T21:43:40.790805Z,2026-06-14T23:43:40.790805Z,7584.540267,7,0.02012,19.880715705766324,3.587903639159419,-1.911,30.90277777777778,19.880715705766324,58.6953596657928,25,11,12,2,0.2,False
IOTA,2026-06-14T21:43:57.843Z,2026-06-14T21:43:57.843414Z,2026-06-14T23:43:57.843414Z,7567.487658,7,0.04765,20.986358866735767,3.463203463203458,-0.216,42.013888888888886,20.986358866735767,66.3049004342515,1,1,0,0,1.0,False
NEWT,2026-06-14T21:44:22.923Z,2026-06-14T21:44:22.923956Z,2026-06-14T23:44:22.923956Z,7542.407116,7,0.05455,54.99541704857958,16.41221374045801,-0.945,43.40277777777778,54.99541704857958,59.350305090844515,2,2,0,0,1.0,False
PIXEL,2026-06-14T21:44:33.693Z,2026-06-14T21:44:33.693868Z,2026-06-14T23:44:33.693868Z,7531.637204,7,0.005615,17.80943900267069,2.3853211009174298,-1.268,31.59722222222222,17.80943900267069,45.929478550679704,67,25,33,9,0.1642,False
PROVE,2026-06-14T21:44:40.025Z,2026-06-14T21:44:40.025859Z,2026-06-14T23:44:40.025859Z,7525.305213,7,0.20279999999999998,9.861932938856299,4.0183112919633865,0.0,39.236111111111114,9.861932938856299,57.780114784021464,0,0,0,0,,
ROSE,2026-06-14T21:44:55.755Z,2026-06-14T21:44:55.755643Z,2026-06-14T23:44:55.755643Z,7509.575429,7,0.006515,15.349194167305592,5.144694533762058,-2.66,35.06944444444444,15.349194167305592,54.663893257497186,57,22,32,3,0.6316,False
S,2026-06-14T21:45:07.717Z,2026-06-14T21:45:07.717911Z,2026-06-14T23:45:07.717911Z,7497.613161,7,0.03222,12.414649286157161,3.909874088800532,-1.726,42.708333333333336,12.414649286157161,63.11674947013366,0,0,0,0,,
SOLV,2026-06-14T21:45:20.162Z,2026-06-14T21:45:20.162685Z,2026-06-14T23:45:20.162685Z,7485.168387,7,0.003425,29.197080291970877,4.848484848484848,-0.901,35.416666666666664,29.197080291970877,55.63537347695317,0,0,0,0,,
STX,2026-06-14T21:45:31.371Z,2026-06-14T21:45:31.371694Z,2026-06-14T23:45:31.371694Z,7473.959378,7,0.1953,10.240655401944597,5.198938992042442,2.002,44.09722222222222,10.240655401944597,57.305286852739705,63,33,27,3,0.6032,False
TREE,2026-06-14T21:45:40.818Z,2026-06-14T21:45:40.819164Z,2026-06-14T23:45:40.819164Z,7464.511908,7,0.04735,21.119324181625327,5.89519650655022,-1.927,35.763888888888886,21.119324181625327,62.595453842274864,0,0,0,0,,
VET,2026-06-14T21:45:46.499Z,2026-06-14T21:45:46.499365Z,2026-06-14T23:45:46.499365Z,7458.831707,7,0.005089,11.790135586559106,5.579224994927978,-3.334,37.84722222222222,11.790135586559106,47.30301863736193,4,2,1,1,0.0,False
